status,failed_checks,base_strategy_id,base_asset_key,target_asset_key,target_symbol,phase,direction,invert_signal,rr,execution_timeframe,one_minute_refined_trades,source_best_pf,source_best_trades,source_best_total_r,pf,trades,win_rate_pct,total_r,avg_r,max_drawdown_r,min_half_pf,min_quarter_pf,rolling20_pf_p25,bootstrap_pf_p05,block_bootstrap_pf_p05,annual_windows,annual_pass_rate,worst_annual_pf,min_planned_rr,exit_reasons,variant_id
robust,,competition_aud_usd_ny_open_gap_fade_signalmonth_direction_fade_entryminute_570_exitbarminute_660_ming_5c432e4e,aud_usd,gold_futures,GC,competition_session_edge,direct,False,3,1m,50,2.923868,50,9.440500,2.923868,50,62.000000,9.440500,0.188810,1.190585,2.764355,2.022847,2.543047,1.610545,1.795441,4,1.000000,2.022847,2.948158,sl:1;time_exit:49,competition_session_edge|family=us_first30_last30_reversal_signalmonth_month_10|direction=opposite|entry=930|exit=945|min_signal_atr=0.75|signal_end=585|signal_start=570|signal_month=10|exec_tf=1m|managed_exit=bracket|rr=3|risk_reward=3
robust,,competition_aud_usd_ny_open_gap_fade_signalmonth_direction_fade_entryminute_570_exitbarminute_660_ming_5c432e4e,aud_usd,gold_futures,GC,competition_session_edge,direct,False,4,1m,50,2.923868,50,9.440500,2.923868,50,62.000000,9.440500,0.188810,1.190585,2.764355,2.022847,2.543047,1.622546,1.812594,4,1.000000,2.022847,3.930877,sl:1;time_exit:49,competition_session_edge|family=us_first30_last30_reversal_signalmonth_month_10|direction=opposite|entry=930|exit=945|min_signal_atr=0.75|signal_end=585|signal_start=570|signal_month=10|exec_tf=1m|managed_exit=bracket|rr=4|risk_reward=4
robust,,competition_aud_usd_ny_open_gap_fade_signalmonth_direction_fade_entryminute_570_exitbarminute_660_ming_5c432e4e,aud_usd,gold_futures,GC,competition_session_edge,direct,False,5,1m,50,2.923868,50,9.440500,2.923868,50,62.000000,9.440500,0.188810,1.190585,2.764355,2.022847,2.543047,1.679120,1.882759,4,1.000000,2.022847,4.913596,sl:1;time_exit:49,competition_session_edge|family=us_first30_last30_reversal_signalmonth_month_10|direction=opposite|entry=930|exit=945|min_signal_atr=0.75|signal_end=585|signal_start=570|signal_month=10|exec_tf=1m|managed_exit=bracket|rr=5|risk_reward=5
robust,,competition_aud_usd_london_first30_ny_open_momentum_weekday_side_0_short_xasset_rr_5_3aca24b7,aud_usd,canadian_dollar_futures,6C,competition_session_edge,direct,False,3,1m,98,2.332327,98,72.220340,2.508625,98,47.959184,75.813067,0.773603,5.247449,2.427378,1.407716,1.711798,1.754357,1.846593,5,0.800000,0.618103,2.582955,sl:44;sl_gap:6;time_exit:9;tp:36;tp_gap:3,competition_session_edge|family=london_first30_ny_open_momentum_weekday_side_0_short|direction=same|entry=480|exit=570|min_signal_atr=0|signal_end=195|signal_start=180|signal_weekday_side=0_short|exec_tf=1m|managed_exit=bracket|rr=3|risk_reward=3
robust,,competition_aud_usd_london_first30_ny_open_momentum_weekday_side_0_short_xasset_rr_5_3aca24b7,aud_usd,australian_dollar_futures,6A,competition_session_edge,direct,False,5,1m,95,2.371486,95,58.822147,2.371486,95,50.526316,58.822147,0.619180,5.099443,2.133784,1.640349,2.293310,1.607742,1.628346,5,0.800000,0.650464,4.401573,sl:38;sl_gap:3;time_exit:48;tp:6,competition_session_edge|family=london_first30_ny_open_momentum_weekday_side_0_short|direction=same|entry=480|exit=570|min_signal_atr=0|signal_end=195|signal_start=180|signal_weekday_side=0_short|exec_tf=1m|managed_exit=bracket|rr=5|risk_reward=5
robust,,competition_aud_usd_london_first30_ny_open_momentum_weekday_side_0_short_xasset_rr_5_3aca24b7,aud_usd,australian_dollar_futures,6A,competition_session_edge,direct,False,3,1m,95,2.371486,95,58.822147,2.346592,95,53.684211,55.347314,0.582603,5.099443,2.148788,1.740233,2.193432,1.572155,1.702072,5,0.800000,0.650464,2.640944,sl:37;sl_gap:3;time_exit:36;tp:19,competition_session_edge|family=london_first30_ny_open_momentum_weekday_side_0_short|direction=same|entry=480|exit=570|min_signal_atr=0|signal_end=195|signal_start=180|signal_weekday_side=0_short|exec_tf=1m|managed_exit=bracket|rr=3|risk_reward=3
robust,,competition_aud_usd_london_first30_ny_open_momentum_weekday_side_0_short_xasset_rr_5_3aca24b7,aud_usd,canadian_dollar_futures,6C,competition_session_edge,direct,False,5,1m,98,2.332327,98,72.220340,2.332327,98,43.877551,72.220340,0.736942,5.247449,2.273522,1.360159,1.900325,1.609057,1.810557,5,0.800000,0.077263,4.304925,sl:48;sl_gap:6;time_exit:33;tp:11,competition_session_edge|family=london_first30_ny_open_momentum_weekday_side_0_short|direction=same|entry=480|exit=570|min_signal_atr=0|signal_end=195|signal_start=180|signal_weekday_side=0_short|exec_tf=1m|managed_exit=bracket|rr=5|risk_reward=5
robust,,competition_aud_usd_london_first30_ny_open_momentum_weekday_side_0_short_xasset_rr_5_3aca24b7,aud_usd,australian_dollar_futures,6A,competition_session_edge,direct,False,4,1m,95,2.371486,95,58.822147,2.282528,95,50.526316,55.006809,0.579019,5.099443,2.062201,1.553102,2.236041,1.495810,1.597139,5,0.800000,0.650464,3.521259,sl:38;sl_gap:3;time_exit:43;tp:11,competition_session_edge|family=london_first30_ny_open_momentum_weekday_side_0_short|direction=same|entry=480|exit=570|min_signal_atr=0|signal_end=195|signal_start=180|signal_weekday_side=0_short|exec_tf=1m|managed_exit=bracket|rr=4|risk_reward=4
robust,,competition_aud_usd_london_first30_ny_open_momentum_weekday_side_0_short_xasset_rr_5_3aca24b7,aud_usd,canadian_dollar_futures,6C,competition_session_edge,direct,False,4,1m,98,2.332327,98,72.220340,2.274709,98,43.877551,69.097045,0.705072,5.247449,2.131333,1.166523,1.700472,1.533466,1.743102,5,0.800000,0.077263,3.443940,sl:48;sl_gap:6;time_exit:23;tp:20;tp_gap:1,competition_session_edge|family=london_first30_ny_open_momentum_weekday_side_0_short|direction=same|entry=480|exit=570|min_signal_atr=0|signal_end=195|signal_start=180|signal_weekday_side=0_short|exec_tf=1m|managed_exit=bracket|rr=4|risk_reward=4
robust,,competition_aud_nzd_daily_tsmom_next_overnight_weekday_side_4_long_0aa8225f,aud_nzd,gold_futures,GC,competition_session_edge,direct,False,5,1m,90,2.096973,90,21.519755,2.203984,90,53.333333,41.632252,0.462581,6.039543,2.023792,1.779918,1.844062,1.417398,1.385645,5,1.000000,1.117135,4.876358,sl:25;sl_gap:7;time_exit:53;tp:2;tp_gap:3,competition_session_edge|family=daily_tsmom_next_overnight_weekday_side_4_long|direction=contrarian|entry=945|exit=945|lookback=5|signal_weekday_side=4_long|exec_tf=1m|managed_exit=bracket|rr=5|risk_reward=5
robust,,competition_aud_nzd_daily_tsmom_next_overnight_weekday_side_4_long_0aa8225f,aud_nzd,gold_futures,GC,competition_session_edge,direct,False,4,1m,90,2.096973,90,21.519755,2.080316,90,53.333333,37.355970,0.415066,6.438461,1.890475,1.652065,1.742106,1.305445,1.345795,5,1.000000,1.037323,3.901086,sl:25;sl_gap:7;time_exit:50;tp:4;tp_gap:4,competition_session_edge|family=daily_tsmom_next_overnight_weekday_side_4_long|direction=contrarian|entry=945|exit=945|lookback=5|signal_weekday_side=4_long|exec_tf=1m|managed_exit=bracket|rr=4|risk_reward=4
robust,,competition_aud_nzd_daily_tsmom_next_overnight_weekday_side_4_long_0aa8225f,aud_nzd,us_treasury_2y_note_futures,ZT,competition_session_edge,opposite,True,5,1m,127,2.005614,127,34.255710,2.043816,127,43.307087,64.689930,0.509370,8.696131,1.857974,1.707614,1.419809,1.459789,1.440598,5,1.000000,1.536742,4.132552,sl:42;sl_gap:18;time_exit:59;tp:7;tp_gap:1,competition_session_edge|family=daily_tsmom_next_overnight_weekday_side_4_long|direction=contrarian|entry=945|exit=945|lookback=5|signal_weekday_side=4_long|exec_tf=1m|managed_exit=bracket|rr=5|risk_reward=5
qualified_watch,execution_tf_1m_all_trades,competition_aud_usd_us_first30_last30_momentum_month_9_xasset_rr_5_629d8cc5,aud_usd,natural_gas_futures,NG,competition_session_edge,direct,False,4,,54,3.048176,56,8.538637,3.619594,56,60.714286,10.920819,0.195015,1.169195,2.179564,1.955240,2.165676,1.788973,2.424117,4,1.000000,1.522226,3.874977,sl:1;time_exit:54;tp:1,competition_session_edge|family=us_first30_last30_momentum_month_9|direction=same|entry=930|exit=945|min_signal_atr=0.5|signal_end=585|signal_start=570|signal_month=9|exec_tf=1m|managed_exit=bracket|rr=4|risk_reward=4
qualified_watch,execution_tf_1m_all_trades,competition_aud_usd_us_first30_last30_momentum_month_9_xasset_rr_5_629d8cc5,aud_usd,natural_gas_futures,NG,competition_session_edge,direct,False,3,,54,3.048176,56,8.538637,3.381503,56,60.714286,9.928243,0.177290,1.169195,2.179564,1.955240,2.165676,1.719974,2.299261,4,1.000000,1.522226,2.906232,sl:1;time_exit:54;tp:1,competition_session_edge|family=us_first30_last30_momentum_month_9|direction=same|entry=930|exit=945|min_signal_atr=0.5|signal_end=585|signal_start=570|signal_month=9|exec_tf=1m|managed_exit=bracket|rr=3|risk_reward=3
qualified_watch,execution_tf_1m_all_trades,competition_aud_usd_us_first30_last30_momentum_month_9_xasset_rr_5_629d8cc5,aud_usd,natural_gas_futures,NG,competition_session_edge,direct,False,5,,54,3.048176,56,8.538637,3.048176,56,60.714286,8.538637,0.152476,1.169195,2.179564,1.955240,2.165676,1.635626,2.226061,4,1.000000,1.522226,4.843721,sl:1;time_exit:55,competition_session_edge|family=us_first30_last30_momentum_month_9|direction=same|entry=930|exit=945|min_signal_atr=0.5|signal_end=585|signal_start=570|signal_month=9|exec_tf=1m|managed_exit=bracket|rr=5|risk_reward=5
qualified_watch,quarter_pf_gt_1,competition_aud_usd_ny_open_gap_fade_signalmonth_direction_fade_entryminute_570_exitbarminute_660_ming_5c432e4e,aud_usd,british_pound_futures,6B,competition_session_edge,direct,False,4,1m,39,2.782680,39,8.878714,2.782680,39,58.974359,8.878714,0.227659,0.973474,2.665830,0.945222,1.433781,1.186667,1.208104,4,1.000000,1.714552,3.694639,sl:1;time_exit:37;tp:1,competition_session_edge|family=us_first30_last30_reversal_signalmonth_month_10|direction=opposite|entry=930|exit=945|min_signal_atr=0.75|signal_end=585|signal_start=570|signal_month=10|exec_tf=1m|managed_exit=bracket|rr=4|risk_reward=4
qualified_watch,quarter_pf_gt_1,competition_aud_usd_ny_open_gap_fade_signalmonth_direction_fade_entryminute_570_exitbarminute_660_ming_5c432e4e,aud_usd,british_pound_futures,6B,competition_session_edge,direct,False,5,1m,39,2.782680,39,8.878714,2.782680,39,58.974359,8.878714,0.227659,0.973474,2.665830,0.945222,1.433781,1.183871,1.242375,4,1.000000,1.714552,4.618299,sl:1;time_exit:38,competition_session_edge|family=us_first30_last30_reversal_signalmonth_month_10|direction=opposite|entry=930|exit=945|min_signal_atr=0.75|signal_end=585|signal_start=570|signal_month=10|exec_tf=1m|managed_exit=bracket|rr=5|risk_reward=5
qualified_watch,execution_tf_1m_all_trades,competition_aud_usd_ny_open_gap_fade_signalmonth_direction_fade_entryminute_570_exitbarminute_660_ming_5c432e4e,aud_usd,us_treasury_2y_note_futures,ZT,competition_session_edge,opposite,True,3,,44,2.346937,45,9.062682,2.741556,45,55.555556,11.717824,0.260396,1.931834,1.578979,1.242599,1.946129,1.496876,1.504775,4,1.000000,1.433010,2.504493,sl:1;time_exit:43;tp:1,competition_session_edge|family=us_first30_last30_reversal_signalmonth_month_10|direction=opposite|entry=930|exit=945|min_signal_atr=0.75|signal_end=585|signal_start=570|signal_month=10|exec_tf=1m|managed_exit=bracket|rr=3|risk_reward=3
qualified_watch,quarter_pf_gt_1,competition_aud_usd_ny_open_gap_fade_signalmonth_direction_fade_entryminute_570_exitbarminute_660_ming_5c432e4e,aud_usd,british_pound_futures,6B,competition_session_edge,direct,False,3,1m,39,2.782680,39,8.878714,2.573634,39,58.974359,7.837549,0.200963,0.973474,2.305345,0.945222,1.433781,1.229782,1.260996,4,1.000000,1.714552,2.770980,sl:1;time_exit:37;tp:1,competition_session_edge|family=us_first30_last30_reversal_signalmonth_month_10|direction=opposite|entry=930|exit=945|min_signal_atr=0.75|signal_end=585|signal_start=570|signal_month=10|exec_tf=1m|managed_exit=bracket|rr=3|risk_reward=3
qualified_watch,quarter_pf_gt_1,competition_aud_usd_ny_open_gap_fade_signalmonth_direction_fade_entryminute_570_exitbarminute_660_ming_5c432e4e,aud_usd,us_treasury_5y_note_futures,ZF,competition_session_edge,opposite,True,3,1m,48,2.449551,48,8.948158,2.449551,48,60.416667,8.948158,0.186420,2.328698,1.117337,0.848645,1.030114,1.331246,1.119123,4,0.750000,0.512683,2.605185,sl:2;time_exit:46,competition_session_edge|family=us_first30_last30_reversal_signalmonth_month_10|direction=opposite|entry=930|exit=945|min_signal_atr=0.75|signal_end=585|signal_start=570|signal_month=10|exec_tf=1m|managed_exit=bracket|rr=3|risk_reward=3
qualified_watch,quarter_pf_gt_1,competition_aud_usd_ny_open_gap_fade_signalmonth_direction_fade_entryminute_570_exitbarminute_660_ming_5c432e4e,aud_usd,us_treasury_5y_note_futures,ZF,competition_session_edge,opposite,True,4,1m,48,2.449551,48,8.948158,2.449551,48,60.416667,8.948158,0.186420,2.328698,1.117337,0.848645,1.030114,1.313682,1.035847,4,0.750000,0.512683,3.473579,sl:2;time_exit:46,competition_session_edge|family=us_first30_last30_reversal_signalmonth_month_10|direction=opposite|entry=930|exit=945|min_signal_atr=0.75|signal_end=585|signal_start=570|signal_month=10|exec_tf=1m|managed_exit=bracket|rr=4|risk_reward=4
qualified_watch,quarter_pf_gt_1,competition_aud_usd_ny_open_gap_fade_signalmonth_direction_fade_entryminute_570_exitbarminute_660_ming_5c432e4e,aud_usd,us_treasury_5y_note_futures,ZF,competition_session_edge,opposite,True,5,1m,48,2.449551,48,8.948158,2.449551,48,60.416667,8.948158,0.186420,2.328698,1.117337,0.848645,1.030114,1.331347,1.085735,4,0.750000,0.512683,4.341974,sl:2;time_exit:46,competition_session_edge|family=us_first30_last30_reversal_signalmonth_month_10|direction=opposite|entry=930|exit=945|min_signal_atr=0.75|signal_end=585|signal_start=570|signal_month=10|exec_tf=1m|managed_exit=bracket|rr=5|risk_reward=5
qualified_watch,"execution_tf_1m_all_trades,quarter_pf_gt_1,rolling20_pf_p25_gt_1",competition_aud_usd_ny_open_gap_fade_signalmonth_direction_fade_entryminute_570_exitbarminute_660_ming_5c432e4e,aud_usd,new_zealand_dollar_futures,6N,competition_session_edge,direct,False,4,,43,2.365319,47,8.532723,2.365319,47,59.574468,8.532723,0.181547,2.677983,1.181126,0.940017,0.960615,1.117995,0.937246,4,0.750000,0.476616,3.773138,sl:1;time_exit:46,competition_session_edge|family=us_first30_last30_reversal_signalmonth_month_10|direction=opposite|entry=930|exit=945|min_signal_atr=0.75|signal_end=585|signal_start=570|signal_month=10|exec_tf=1m|managed_exit=bracket|rr=4|risk_reward=4
qualified_watch,"execution_tf_1m_all_trades,quarter_pf_gt_1,rolling20_pf_p25_gt_1",competition_aud_usd_ny_open_gap_fade_signalmonth_direction_fade_entryminute_570_exitbarminute_660_ming_5c432e4e,aud_usd,new_zealand_dollar_futures,6N,competition_session_edge,direct,False,5,,43,2.365319,47,8.532723,2.365319,47,59.574468,8.532723,0.181547,2.677983,1.181126,0.940017,0.960615,1.310603,0.963696,4,0.750000,0.476616,4.716423,sl:1;time_exit:46,competition_session_edge|family=us_first30_last30_reversal_signalmonth_month_10|direction=opposite|entry=930|exit=945|min_signal_atr=0.75|signal_end=585|signal_start=570|signal_month=10|exec_tf=1m|managed_exit=bracket|rr=5|risk_reward=5
qualified_watch,execution_tf_1m_all_trades,competition_aud_usd_ny_open_gap_fade_signalmonth_direction_fade_entryminute_570_exitbarminute_660_ming_5c432e4e,aud_usd,us_treasury_2y_note_futures,ZT,competition_session_edge,opposite,True,4,,44,2.346937,45,9.062682,2.346937,45,53.333333,9.062682,0.201393,1.931834,1.578979,1.242599,1.946129,1.207490,1.369224,4,1.000000,1.433010,3.339324,sl:1;time_exit:44,competition_session_edge|family=us_first30_last30_reversal_signalmonth_month_10|direction=opposite|entry=930|exit=945|min_signal_atr=0.75|signal_end=585|signal_start=570|signal_month=10|exec_tf=1m|managed_exit=bracket|rr=4|risk_reward=4
qualified_watch,execution_tf_1m_all_trades,competition_aud_usd_ny_open_gap_fade_signalmonth_direction_fade_entryminute_570_exitbarminute_660_ming_5c432e4e,aud_usd,us_treasury_2y_note_futures,ZT,competition_session_edge,opposite,True,5,,44,2.346937,45,9.062682,2.346937,45,53.333333,9.062682,0.201393,1.931834,1.578979,1.242599,1.946129,1.199698,1.332836,4,1.000000,1.433010,4.174154,sl:1;time_exit:44,competition_session_edge|family=us_first30_last30_reversal_signalmonth_month_10|direction=opposite|entry=930|exit=945|min_signal_atr=0.75|signal_end=585|signal_start=570|signal_month=10|exec_tf=1m|managed_exit=bracket|rr=5|risk_reward=5
qualified_watch,execution_tf_1m_all_trades,competition_eur_cad_london_first30_last30_momentum_month_8_c5f12647,eur_cad,micro_bitcoin_futures,MBT,competition_session_edge,direct,False,5,,53,2.032219,58,18.906985,2.320580,58,44.827586,20.769847,0.358101,3.676902,2.288804,1.158723,1.571776,1.326925,1.249033,4,1.000000,1.291103,4.843862,sl:25;sl_gap:1;time_exit:30;tp:2,competition_session_edge|family=london_first30_last30_momentum_month_8|direction=same|entry=930|exit=945|min_signal_atr=0|signal_end=195|signal_start=180|signal_month=8|exec_tf=1m|managed_exit=bracket|rr=5|risk_reward=5
qualified_watch,execution_tf_1m_all_trades,competition_aud_usd_us_first30_last30_momentum_month_9_xasset_rr_5_629d8cc5,aud_usd,australian_dollar_futures,6A,competition_session_edge,direct,False,5,,52,2.310101,53,10.590692,2.310101,53,58.490566,10.590692,0.199824,1.430029,2.037862,1.285758,1.998978,1.059949,1.277044,4,1.000000,1.493472,4.415501,sl:4;time_exit:48;tp:1,competition_session_edge|family=us_first30_last30_momentum_month_9|direction=same|entry=930|exit=945|min_signal_atr=0.5|signal_end=585|signal_start=570|signal_month=9|exec_tf=1m|managed_exit=bracket|rr=5|risk_reward=5
qualified_watch,execution_tf_1m_all_trades,competition_aud_nzd_london_first30_last30_reversal_weekday_side_0_long_2e0ed4d2,aud_nzd,micro_ether_futures,MET,competition_session_edge,opposite,True,3,,31,2.410703,37,10.024539,2.304813,37,59.459459,14.670129,0.396490,2.984651,1.908036,1.677951,1.699375,1.208407,1.350141,4,1.000000,1.183896,2.849215,sl:6;sl_gap:3;time_exit:24;tp:4,competition_session_edge|family=london_first30_last30_reversal_weekday_side_0_long|direction=opposite|entry=930|exit=945|min_signal_atr=0.35|signal_end=195|signal_start=180|signal_weekday_side=0_long|exec_tf=1m|managed_exit=bracket|rr=3|risk_reward=3
qualified_watch,"execution_tf_1m_all_trades,quarter_pf_gt_1,rolling20_pf_p25_gt_1",competition_aud_usd_ny_open_gap_fade_signalmonth_direction_fade_entryminute_570_exitbarminute_660_ming_5c432e4e,aud_usd,new_zealand_dollar_futures,6N,competition_session_edge,direct,False,3,,43,2.365319,47,8.532723,2.286069,47,59.574468,8.037438,0.171009,2.677983,1.181126,0.940017,0.960615,1.168409,0.915524,4,0.750000,0.476616,2.829854,sl:1;time_exit:45;tp:1,competition_session_edge|family=us_first30_last30_reversal_signalmonth_month_10|direction=opposite|entry=930|exit=945|min_signal_atr=0.75|signal_end=585|signal_start=570|signal_month=10|exec_tf=1m|managed_exit=bracket|rr=3|risk_reward=3
qualified_watch,quarter_pf_gt_1,competition_aud_usd_ny_open_gap_fade_signalmonth_direction_fade_entryminute_570_exitbarminute_660_ming_5c432e4e,aud_usd,us_treasury_30y_bond_futures,ZB,competition_session_edge,opposite,True,3,1m,46,2.211035,46,9.754539,2.211035,46,58.695652,9.754539,0.212055,2.313752,1.609676,0.982990,1.405275,1.225128,1.296422,4,1.000000,1.164017,2.626466,sl:4;time_exit:42,competition_session_edge|family=us_first30_last30_reversal_signalmonth_month_10|direction=opposite|entry=930|exit=945|min_signal_atr=0.75|signal_end=585|signal_start=570|signal_month=10|exec_tf=1m|managed_exit=bracket|rr=3|risk_reward=3
qualified_watch,quarter_pf_gt_1,competition_aud_usd_ny_open_gap_fade_signalmonth_direction_fade_entryminute_570_exitbarminute_660_ming_5c432e4e,aud_usd,us_treasury_30y_bond_futures,ZB,competition_session_edge,opposite,True,4,1m,46,2.211035,46,9.754539,2.211035,46,58.695652,9.754539,0.212055,2.313752,1.609676,0.982990,1.405275,1.246927,1.286292,4,1.000000,1.164017,3.501955,sl:4;time_exit:42,competition_session_edge|family=us_first30_last30_reversal_signalmonth_month_10|direction=opposite|entry=930|exit=945|min_signal_atr=0.75|signal_end=585|signal_start=570|signal_month=10|exec_tf=1m|managed_exit=bracket|rr=4|risk_reward=4
qualified_watch,quarter_pf_gt_1,competition_aud_usd_ny_open_gap_fade_signalmonth_direction_fade_entryminute_570_exitbarminute_660_ming_5c432e4e,aud_usd,us_treasury_30y_bond_futures,ZB,competition_session_edge,opposite,True,5,1m,46,2.211035,46,9.754539,2.211035,46,58.695652,9.754539,0.212055,2.313752,1.609676,0.982990,1.405275,1.219419,1.328296,4,1.000000,1.164017,4.377443,sl:4;time_exit:42,competition_session_edge|family=us_first30_last30_reversal_signalmonth_month_10|direction=opposite|entry=930|exit=945|min_signal_atr=0.75|signal_end=585|signal_start=570|signal_month=10|exec_tf=1m|managed_exit=bracket|rr=5|risk_reward=5
qualified_watch,execution_tf_1m_all_trades,competition_eur_cad_london_first30_last30_momentum_month_8_c5f12647,eur_cad,micro_bitcoin_futures,MBT,competition_session_edge,direct,False,4,,53,2.032219,58,18.906985,2.186102,58,44.827586,18.654804,0.321635,3.676902,2.173392,1.158723,1.452746,1.183360,1.235617,4,1.000000,1.291103,3.875090,sl:25;sl_gap:1;time_exit:28;tp:4,competition_session_edge|family=london_first30_last30_momentum_month_8|direction=same|entry=930|exit=945|min_signal_atr=0|signal_end=195|signal_start=180|signal_month=8|exec_tf=1m|managed_exit=bracket|rr=4|risk_reward=4
qualified_watch,execution_tf_1m_all_trades,competition_aud_usd_us_first30_last30_momentum_month_9_xasset_rr_5_629d8cc5,aud_usd,australian_dollar_futures,6A,competition_session_edge,direct,False,4,,52,2.310101,53,10.590692,2.176619,53,58.490566,9.511638,0.179465,1.430029,1.822231,1.285758,1.778258,1.016902,1.250108,4,1.000000,1.493472,3.532401,sl:4;time_exit:48;tp:1,competition_session_edge|family=us_first30_last30_momentum_month_9|direction=same|entry=930|exit=945|min_signal_atr=0.5|signal_end=585|signal_start=570|signal_month=9|exec_tf=1m|managed_exit=bracket|rr=4|risk_reward=4
qualified_watch,"half_pf_gt_1,quarter_pf_gt_1,annual_walk_forward_pass_rate_ge_60pct",competition_aud_usd_ny_open_gap_fade_signalmonth_direction_fade_entryminute_570_exitbarminute_660_ming_5c432e4e,aud_usd,us_treasury_10y_note_futures,ZN,competition_session_edge,opposite,True,3,1m,49,2.165646,49,8.207730,2.165646,49,61.224490,8.207730,0.167505,3.356935,0.831074,0.712029,1.003297,1.205019,1.031631,4,0.500000,0.734627,2.622982,sl:4;time_exit:45,competition_session_edge|family=us_first30_last30_reversal_signalmonth_month_10|direction=opposite|entry=930|exit=945|min_signal_atr=0.75|signal_end=585|signal_start=570|signal_month=10|exec_tf=1m|managed_exit=bracket|rr=3|risk_reward=3
qualified_watch,"half_pf_gt_1,quarter_pf_gt_1,annual_walk_forward_pass_rate_ge_60pct",competition_aud_usd_ny_open_gap_fade_signalmonth_direction_fade_entryminute_570_exitbarminute_660_ming_5c432e4e,aud_usd,us_treasury_10y_note_futures,ZN,competition_session_edge,opposite,True,4,1m,49,2.165646,49,8.207730,2.165646,49,61.224490,8.207730,0.167505,3.356935,0.831074,0.712029,1.003297,1.251174,0.940935,4,0.500000,0.734627,3.497309,sl:4;time_exit:45,competition_session_edge|family=us_first30_last30_reversal_signalmonth_month_10|direction=opposite|entry=930|exit=945|min_signal_atr=0.75|signal_end=585|signal_start=570|signal_month=10|exec_tf=1m|managed_exit=bracket|rr=4|risk_reward=4
qualified_watch,"half_pf_gt_1,quarter_pf_gt_1,annual_walk_forward_pass_rate_ge_60pct",competition_aud_usd_ny_open_gap_fade_signalmonth_direction_fade_entryminute_570_exitbarminute_660_ming_5c432e4e,aud_usd,us_treasury_10y_note_futures,ZN,competition_session_edge,opposite,True,5,1m,49,2.165646,49,8.207730,2.165646,49,61.224490,8.207730,0.167505,3.356935,0.831074,0.712029,1.003297,1.218657,0.953042,4,0.500000,0.734627,4.371637,sl:4;time_exit:45,competition_session_edge|family=us_first30_last30_reversal_signalmonth_month_10|direction=opposite|entry=930|exit=945|min_signal_atr=0.75|signal_end=585|signal_start=570|signal_month=10|exec_tf=1m|managed_exit=bracket|rr=5|risk_reward=5
qualified_watch,"execution_tf_1m_all_trades,half_pf_gt_1,quarter_pf_gt_1,rolling20_pf_p25_gt_1,block_bootstrap_p05_gt_0_9,annual_walk_forward_pass_rate_ge_60pct",competition_eur_cad_london_first30_last30_momentum_month_8_c5f12647,eur_cad,micro_ether_futures,MET,competition_session_edge,direct,False,4,,36,2.089483,39,11.450808,2.137141,39,48.717949,12.241737,0.313891,6.000046,0.418986,0.102237,0.707039,1.051666,0.783572,2,0.500000,0.203071,3.897139,sl:12;sl_gap:5;time_exit:20;tp:2,competition_session_edge|family=london_first30_last30_momentum_month_8|direction=same|entry=930|exit=945|min_signal_atr=0|signal_end=195|signal_start=180|signal_month=8|exec_tf=1m|managed_exit=bracket|rr=4|risk_reward=4
qualified_watch,execution_tf_1m_all_trades,competition_eur_cad_london_first30_last30_momentum_month_8_c5f12647,eur_cad,micro_bitcoin_futures,MBT,competition_session_edge,direct,False,3,,53,2.032219,58,18.906985,2.122262,58,46.551724,17.650731,0.304323,3.676902,1.858518,1.082291,1.257853,1.179134,1.240085,4,1.000000,1.291103,2.906317,sl:24;sl_gap:1;time_exit:28;tp:5,competition_session_edge|family=london_first30_last30_momentum_month_8|direction=same|entry=930|exit=945|min_signal_atr=0|signal_end=195|signal_start=180|signal_month=8|exec_tf=1m|managed_exit=bracket|rr=3|risk_reward=3
qualified_watch,"execution_tf_1m_all_trades,simple_bootstrap_p05_gt_1",competition_aud_usd_us_first30_last30_momentum_month_9_xasset_rr_5_629d8cc5,aud_usd,australian_dollar_futures,6A,competition_session_edge,direct,False,3,,52,2.310101,53,10.590692,2.075763,53,58.490566,8.696333,0.164082,1.430029,1.606601,1.285758,1.717804,0.979330,1.160649,4,1.000000,1.493472,2.649301,sl:4;time_exit:47;tp:2,competition_session_edge|family=us_first30_last30_momentum_month_9|direction=same|entry=930|exit=945|min_signal_atr=0.5|signal_end=585|signal_start=570|signal_month=9|exec_tf=1m|managed_exit=bracket|rr=3|risk_reward=3
qualified_watch,"execution_tf_1m_all_trades,half_pf_gt_1,quarter_pf_gt_1,rolling20_pf_p25_gt_1,simple_bootstrap_p05_gt_1,block_bootstrap_p05_gt_0_9,annual_walk_forward_pass_rate_ge_60pct",competition_eur_cad_london_first30_last30_momentum_month_8_c5f12647,eur_cad,micro_ether_futures,MET,competition_session_edge,direct,False,3,,36,2.089483,39,11.450808,2.016285,39,48.717949,10.940676,0.280530,6.000046,0.418986,0.102237,0.808136,0.963139,0.656300,2,0.500000,0.203071,2.922854,sl:12;sl_gap:5;time_exit:19;tp:3,competition_session_edge|family=london_first30_last30_momentum_month_8|direction=same|entry=930|exit=945|min_signal_atr=0|signal_end=195|signal_start=180|signal_month=8|exec_tf=1m|managed_exit=bracket|rr=3|risk_reward=3
qualified_watch,"quarter_pf_gt_1,rolling20_pf_p25_gt_1,simple_bootstrap_p05_gt_1,block_bootstrap_p05_gt_0_9",competition_aud_usd_us_first30_last30_momentum_month_9_xasset_rr_5_629d8cc5,aud_usd,euro_futures,6E,competition_session_edge,direct,False,5,1m,45,2.016249,45,6.547302,2.016249,45,57.777778,6.547302,0.145496,2.957816,1.322374,0.294185,0.967288,0.856096,0.731263,4,0.750000,0.501218,4.667870,sl:2;time_exit:42;tp:1,competition_session_edge|family=us_first30_last30_momentum_month_9|direction=same|entry=930|exit=945|min_signal_atr=0.5|signal_end=585|signal_start=570|signal_month=9|exec_tf=1m|managed_exit=bracket|rr=5|risk_reward=5
qualified_watch,"execution_tf_1m_all_trades,half_pf_gt_1,quarter_pf_gt_1,rolling20_pf_p25_gt_1,block_bootstrap_p05_gt_0_9,annual_walk_forward_pass_rate_ge_60pct",competition_eur_cad_london_first30_last30_momentum_month_8_c5f12647,eur_cad,micro_ether_futures,MET,competition_session_edge,direct,False,5,,36,2.089483,39,11.450808,2.003612,39,48.717949,10.804243,0.277032,6.000046,0.418986,0.102237,0.707039,1.018338,0.640661,2,0.500000,0.203071,4.871423,sl:12;sl_gap:5;time_exit:22,competition_session_edge|family=london_first30_last30_momentum_month_8|direction=same|entry=930|exit=945|min_signal_atr=0|signal_end=195|signal_start=180|signal_month=8|exec_tf=1m|managed_exit=bracket|rr=5|risk_reward=5
reject,overall_pf_gt_min,competition_aud_nzd_daily_tsmom_next_overnight_weekday_side_4_long_0aa8225f,aud_nzd,gold_futures,GC,competition_session_edge,direct,False,3,1m,90,2.096973,90,21.519755,1.991016,90,54.444444,33.273891,0.369710,5.429445,1.796041,1.598920,1.674006,1.334293,1.390631,5,1.000000,1.749885,2.925815,sl:24;sl_gap:7;time_exit:47;tp:5;tp_gap:7,competition_session_edge|family=daily_tsmom_next_overnight_weekday_side_4_long|direction=contrarian|entry=945|exit=945|lookback=5|signal_weekday_side=4_long|exec_tf=1m|managed_exit=bracket|rr=3|risk_reward=3
reject,overall_pf_gt_min,competition_aud_nzd_daily_tsmom_next_overnight_weekday_side_4_long_0aa8225f,aud_nzd,us_treasury_2y_note_futures,ZT,competition_session_edge,opposite,True,4,1m,127,2.005614,127,34.255710,1.989291,127,43.307087,61.310782,0.482762,8.696131,1.858004,1.766145,1.378437,1.440903,1.474508,5,1.000000,1.448882,3.306042,sl:42;sl_gap:18;time_exit:51;tp:14;tp_gap:2,competition_session_edge|family=daily_tsmom_next_overnight_weekday_side_4_long|direction=contrarian|entry=945|exit=945|lookback=5|signal_weekday_side=4_long|exec_tf=1m|managed_exit=bracket|rr=4|risk_reward=4
reject,"overall_pf_gt_min,quarter_pf_gt_1",competition_aud_usd_us_first30_last30_momentum_month_9_xasset_rr_5_629d8cc5,aud_usd,crude_oil_futures,CL,competition_session_edge,opposite,True,3,1m,57,1.987502,57,7.527594,1.987502,57,54.385965,7.527594,0.132063,1.813635,1.764421,0.907890,1.285316,1.120843,1.099312,4,1.000000,1.208896,2.915465,time_exit:57,competition_session_edge|family=us_first30_last30_momentum_month_9|direction=same|entry=930|exit=945|min_signal_atr=0.5|signal_end=585|signal_start=570|signal_month=9|exec_tf=1m|managed_exit=bracket|rr=3|risk_reward=3
reject,"overall_pf_gt_min,quarter_pf_gt_1",competition_aud_usd_us_first30_last30_momentum_month_9_xasset_rr_5_629d8cc5,aud_usd,crude_oil_futures,CL,competition_session_edge,opposite,True,4,1m,57,1.987502,57,7.527594,1.987502,57,54.385965,7.527594,0.132063,1.813635,1.764421,0.907890,1.285316,1.121856,1.098717,4,1.000000,1.208896,3.887287,time_exit:57,competition_session_edge|family=us_first30_last30_momentum_month_9|direction=same|entry=930|exit=945|min_signal_atr=0.5|signal_end=585|signal_start=570|signal_month=9|exec_tf=1m|managed_exit=bracket|rr=4|risk_reward=4
reject,"overall_pf_gt_min,quarter_pf_gt_1",competition_aud_usd_us_first30_last30_momentum_month_9_xasset_rr_5_629d8cc5,aud_usd,crude_oil_futures,CL,competition_session_edge,opposite,True,5,1m,57,1.987502,57,7.527594,1.987502,57,54.385965,7.527594,0.132063,1.813635,1.764421,0.907890,1.285316,1.063842,1.089911,4,1.000000,1.208896,4.859108,time_exit:57,competition_session_edge|family=us_first30_last30_momentum_month_9|direction=same|entry=930|exit=945|min_signal_atr=0.5|signal_end=585|signal_start=570|signal_month=9|exec_tf=1m|managed_exit=bracket|rr=5|risk_reward=5
reject,"overall_pf_gt_min,quarter_pf_gt_1,simple_bootstrap_p05_gt_1",competition_aud_usd_ny_open_gap_fade_signalmonth_direction_fade_entryminute_570_exitbarminute_660_ming_5c432e4e,aud_usd,euro_futures,6E,competition_session_edge,direct,False,4,1m,42,1.961938,42,6.025688,1.961938,42,64.285714,6.025688,0.143469,0.978966,1.455236,0.996526,1.521704,0.861139,1.076754,4,1.000000,1.100522,3.737535,sl:4;time_exit:38,competition_session_edge|family=us_first30_last30_reversal_signalmonth_month_10|direction=opposite|entry=930|exit=945|min_signal_atr=0.75|signal_end=585|signal_start=570|signal_month=10|exec_tf=1m|managed_exit=bracket|rr=4|risk_reward=4
reject,"overall_pf_gt_min,quarter_pf_gt_1,simple_bootstrap_p05_gt_1",competition_aud_usd_ny_open_gap_fade_signalmonth_direction_fade_entryminute_570_exitbarminute_660_ming_5c432e4e,aud_usd,euro_futures,6E,competition_session_edge,direct,False,5,1m,42,1.961938,42,6.025688,1.961938,42,64.285714,6.025688,0.143469,0.978966,1.455236,0.996526,1.521704,0.873856,1.099578,4,1.000000,1.100522,4.671919,sl:4;time_exit:38,competition_session_edge|family=us_first30_last30_reversal_signalmonth_month_10|direction=opposite|entry=930|exit=945|min_signal_atr=0.75|signal_end=585|signal_start=570|signal_month=10|exec_tf=1m|managed_exit=bracket|rr=5|risk_reward=5
reject,"execution_tf_1m_all_trades,overall_pf_gt_min,quarter_pf_gt_1,simple_bootstrap_p05_gt_1,block_bootstrap_p05_gt_0_9",competition_aud_usd_us_first30_last30_momentum_month_9_xasset_rr_5_629d8cc5,aud_usd,copper_futures,HG,competition_session_edge,direct,False,5,,55,1.959803,57,7.329376,1.959803,57,47.368421,7.329376,0.128586,3.494728,1.722054,0.480941,1.263554,0.849486,0.792617,4,0.750000,0.478458,4.867656,sl:1;time_exit:55;tp:1,competition_session_edge|family=us_first30_last30_momentum_month_9|direction=same|entry=930|exit=945|min_signal_atr=0.5|signal_end=585|signal_start=570|signal_month=9|exec_tf=1m|managed_exit=bracket|rr=5|risk_reward=5
reject,"overall_pf_gt_min,quarter_pf_gt_1,simple_bootstrap_p05_gt_1",competition_aud_usd_ny_open_gap_fade_signalmonth_direction_fade_entryminute_570_exitbarminute_660_ming_5c432e4e,aud_usd,euro_futures,6E,competition_session_edge,direct,False,3,1m,42,1.961938,42,6.025688,1.949754,42,64.285714,5.949362,0.141651,0.978966,1.455236,0.996526,1.521704,0.878171,1.100170,4,1.000000,1.100522,2.803152,sl:4;time_exit:37;tp:1,competition_session_edge|family=us_first30_last30_reversal_signalmonth_month_10|direction=opposite|entry=930|exit=945|min_signal_atr=0.75|signal_end=585|signal_start=570|signal_month=10|exec_tf=1m|managed_exit=bracket|rr=3|risk_reward=3
reject,"execution_tf_1m_all_trades,overall_pf_gt_min,half_pf_gt_1,quarter_pf_gt_1,rolling20_pf_p25_gt_1,simple_bootstrap_p05_gt_1,block_bootstrap_p05_gt_0_9",competition_aud_usd_ny_open_gap_fade_signalmonth_direction_fade_entryminute_570_exitbarminute_660_ming_5c432e4e,aud_usd,australian_dollar_futures,6A,competition_session_edge,direct,False,3,,41,1.923781,42,4.764546,1.923781,42,57.142857,4.764546,0.113442,2.870683,0.988930,0.346967,0.762832,0.951451,0.817749,4,0.750000,0.160518,2.623620,sl:1;time_exit:41,competition_session_edge|family=us_first30_last30_reversal_signalmonth_month_10|direction=opposite|entry=930|exit=945|min_signal_atr=0.75|signal_end=585|signal_start=570|signal_month=10|exec_tf=1m|managed_exit=bracket|rr=3|risk_reward=3
reject,"execution_tf_1m_all_trades,overall_pf_gt_min,half_pf_gt_1,quarter_pf_gt_1,rolling20_pf_p25_gt_1,simple_bootstrap_p05_gt_1,block_bootstrap_p05_gt_0_9",competition_aud_usd_ny_open_gap_fade_signalmonth_direction_fade_entryminute_570_exitbarminute_660_ming_5c432e4e,aud_usd,australian_dollar_futures,6A,competition_session_edge,direct,False,4,,41,1.923781,42,4.764546,1.923781,42,57.142857,4.764546,0.113442,2.870683,0.988930,0.346967,0.762832,0.952179,0.808424,4,0.750000,0.160518,3.498160,sl:1;time_exit:41,competition_session_edge|family=us_first30_last30_reversal_signalmonth_month_10|direction=opposite|entry=930|exit=945|min_signal_atr=0.75|signal_end=585|signal_start=570|signal_month=10|exec_tf=1m|managed_exit=bracket|rr=4|risk_reward=4
reject,"execution_tf_1m_all_trades,overall_pf_gt_min,half_pf_gt_1,quarter_pf_gt_1,rolling20_pf_p25_gt_1,simple_bootstrap_p05_gt_1,block_bootstrap_p05_gt_0_9",competition_aud_usd_ny_open_gap_fade_signalmonth_direction_fade_entryminute_570_exitbarminute_660_ming_5c432e4e,aud_usd,australian_dollar_futures,6A,competition_session_edge,direct,False,5,,41,1.923781,42,4.764546,1.923781,42,57.142857,4.764546,0.113442,2.870683,0.988930,0.346967,0.762832,0.971965,0.808197,4,0.750000,0.160518,4.372700,sl:1;time_exit:41,competition_session_edge|family=us_first30_last30_reversal_signalmonth_month_10|direction=opposite|entry=930|exit=945|min_signal_atr=0.75|signal_end=585|signal_start=570|signal_month=10|exec_tf=1m|managed_exit=bracket|rr=5|risk_reward=5
reject,"execution_tf_1m_all_trades,overall_pf_gt_min,quarter_pf_gt_1",competition_aud_usd_us_first30_last30_reversal_signalmonth_direction_opposite_entryminute_930_exitbarm_c8c5223e,aud_usd,new_zealand_dollar_futures,6N,competition_session_edge,direct,False,3,,60,2.296276,65,9.514015,1.917528,65,55.384615,8.580964,0.132015,2.882243,1.757171,0.858912,1.048213,1.053169,1.036878,4,0.750000,0.787549,2.836795,sl:2;sl_gap:1;time_exit:62,competition_session_edge|family=us_first30_last30_reversal_signalmonth|direction=opposite|entry=930|exit=945|min_signal_atr=0.2|signal_end=585|signal_month=12|signal_start=570|exec_tf=1m|managed_exit=bracket|rr=3|risk_reward=3
reject,"execution_tf_1m_all_trades,overall_pf_gt_min,quarter_pf_gt_1",competition_aud_usd_us_first30_last30_reversal_signalmonth_direction_opposite_entryminute_930_exitbarm_c8c5223e,aud_usd,new_zealand_dollar_futures,6N,competition_session_edge,direct,False,4,,60,2.296276,65,9.514015,1.917528,65,55.384615,8.580964,0.132015,2.882243,1.757171,0.858912,1.048213,1.131618,1.071073,4,0.750000,0.787549,3.782393,sl:2;sl_gap:1;time_exit:62,competition_session_edge|family=us_first30_last30_reversal_signalmonth|direction=opposite|entry=930|exit=945|min_signal_atr=0.2|signal_end=585|signal_month=12|signal_start=570|exec_tf=1m|managed_exit=bracket|rr=4|risk_reward=4
reject,"execution_tf_1m_all_trades,overall_pf_gt_min,quarter_pf_gt_1",competition_aud_usd_us_first30_last30_reversal_signalmonth_direction_opposite_entryminute_930_exitbarm_c8c5223e,aud_usd,new_zealand_dollar_futures,6N,competition_session_edge,direct,False,5,,60,2.296276,65,9.514015,1.917528,65,55.384615,8.580964,0.132015,2.882243,1.757171,0.858912,1.048213,1.109223,1.045041,4,0.750000,0.787549,4.727991,sl:2;sl_gap:1;time_exit:62,competition_session_edge|family=us_first30_last30_reversal_signalmonth|direction=opposite|entry=930|exit=945|min_signal_atr=0.2|signal_end=585|signal_month=12|signal_start=570|exec_tf=1m|managed_exit=bracket|rr=5|risk_reward=5
reject,"execution_tf_1m_all_trades,overall_pf_gt_min,quarter_pf_gt_1,simple_bootstrap_p05_gt_1",competition_aud_usd_us_first30_last30_momentum_month_9_xasset_rr_5_629d8cc5,aud_usd,new_zealand_dollar_futures,6N,competition_session_edge,direct,False,5,,54,1.895838,55,8.156437,1.895838,55,60.000000,8.156437,0.148299,1.943362,1.746252,0.806491,1.383429,0.898189,1.045417,4,0.750000,0.946965,4.692554,sl:4;sl_gap:1;time_exit:49;tp:1,competition_session_edge|family=us_first30_last30_momentum_month_9|direction=same|entry=930|exit=945|min_signal_atr=0.5|signal_end=585|signal_start=570|signal_month=9|exec_tf=1m|managed_exit=bracket|rr=5|risk_reward=5
reject,"execution_tf_1m_all_trades,overall_pf_gt_min",competition_aud_nzd_london_first30_last30_reversal_weekday_side_0_long_2e0ed4d2,aud_nzd,copper_futures,HG,competition_session_edge,direct,False,3,,76,2.383439,80,10.789932,1.888299,80,55.000000,8.962734,0.112034,2.056923,1.438345,1.380950,1.284705,1.204592,1.068948,5,1.000000,1.073484,2.895264,sl:3;time_exit:77,competition_session_edge|family=london_first30_last30_reversal_weekday_side_0_long|direction=opposite|entry=930|exit=945|min_signal_atr=0.35|signal_end=195|signal_start=180|signal_weekday_side=0_long|exec_tf=1m|managed_exit=bracket|rr=3|risk_reward=3
reject,"execution_tf_1m_all_trades,overall_pf_gt_min",competition_aud_nzd_london_first30_last30_reversal_weekday_side_0_long_2e0ed4d2,aud_nzd,copper_futures,HG,competition_session_edge,direct,False,4,,76,2.383439,80,10.789932,1.888299,80,55.000000,8.962734,0.112034,2.056923,1.438345,1.380950,1.284705,1.167090,1.093387,5,1.000000,1.073484,3.860351,sl:3;time_exit:77,competition_session_edge|family=london_first30_last30_reversal_weekday_side_0_long|direction=opposite|entry=930|exit=945|min_signal_atr=0.35|signal_end=195|signal_start=180|signal_weekday_side=0_long|exec_tf=1m|managed_exit=bracket|rr=4|risk_reward=4
reject,"execution_tf_1m_all_trades,overall_pf_gt_min",competition_aud_nzd_london_first30_last30_reversal_weekday_side_0_long_2e0ed4d2,aud_nzd,copper_futures,HG,competition_session_edge,direct,False,5,,76,2.383439,80,10.789932,1.888299,80,55.000000,8.962734,0.112034,2.056923,1.438345,1.380950,1.284705,1.236969,1.075747,5,1.000000,1.073484,4.825439,sl:3;time_exit:77,competition_session_edge|family=london_first30_last30_reversal_weekday_side_0_long|direction=opposite|entry=930|exit=945|min_signal_atr=0.35|signal_end=195|signal_start=180|signal_weekday_side=0_long|exec_tf=1m|managed_exit=bracket|rr=5|risk_reward=5
reject,"execution_tf_1m_all_trades,overall_pf_gt_min,quarter_pf_gt_1,simple_bootstrap_p05_gt_1",competition_aud_nzd_london_first30_last30_reversal_weekday_side_0_long_2e0ed4d2,aud_nzd,micro_ether_futures,MET,competition_session_edge,opposite,True,4,,31,2.410703,37,10.024539,1.875486,37,56.756757,10.099419,0.272957,2.984651,1.079319,0.986721,1.168138,0.958963,0.995898,4,0.750000,0.923614,3.798953,sl:6;sl_gap:3;time_exit:27;tp:1,competition_session_edge|family=london_first30_last30_reversal_weekday_side_0_long|direction=opposite|entry=930|exit=945|min_signal_atr=0.35|signal_end=195|signal_start=180|signal_weekday_side=0_long|exec_tf=1m|managed_exit=bracket|rr=4|risk_reward=4
reject,"overall_pf_gt_min,quarter_pf_gt_1,rolling20_pf_p25_gt_1,simple_bootstrap_p05_gt_1,block_bootstrap_p05_gt_0_9",competition_aud_usd_us_first30_last30_momentum_month_9_xasset_rr_5_629d8cc5,aud_usd,euro_futures,6E,competition_session_edge,direct,False,4,1m,45,2.016249,45,6.547302,1.871343,45,57.777778,5.613728,0.124750,2.957816,1.322374,0.294185,0.967288,0.828824,0.755309,4,0.750000,0.501218,3.734296,sl:2;time_exit:42;tp:1,competition_session_edge|family=us_first30_last30_momentum_month_9|direction=same|entry=930|exit=945|min_signal_atr=0.5|signal_end=585|signal_start=570|signal_month=9|exec_tf=1m|managed_exit=bracket|rr=4|risk_reward=4
reject,"execution_tf_1m_all_trades,overall_pf_gt_min,quarter_pf_gt_1,simple_bootstrap_p05_gt_1,block_bootstrap_p05_gt_0_9",competition_aud_usd_us_first30_last30_momentum_month_9_xasset_rr_5_629d8cc5,aud_usd,copper_futures,HG,competition_session_edge,direct,False,4,,55,1.959803,57,7.329376,1.830521,57,47.368421,6.342140,0.111266,3.494728,1.722054,0.480941,1.114804,0.878556,0.847325,4,0.750000,0.478458,3.894125,sl:1;time_exit:55;tp:1,competition_session_edge|family=us_first30_last30_momentum_month_9|direction=same|entry=930|exit=945|min_signal_atr=0.5|signal_end=585|signal_start=570|signal_month=9|exec_tf=1m|managed_exit=bracket|rr=4|risk_reward=4
reject,"execution_tf_1m_all_trades,overall_pf_gt_min",competition_aud_nzd_daily_tsmom_next_overnight_weekday_side_4_long_0aa8225f,aud_nzd,silver_futures,SI,competition_session_edge,direct,False,5,,99,1.941494,101,21.906075,1.815210,101,52.475248,32.302876,0.319830,7.358544,1.280896,1.070236,1.485548,1.233933,1.268301,5,0.800000,0.346547,4.793037,sl:28;sl_gap:8;time_exit:61;tp:2;tp_gap:2,competition_session_edge|family=daily_tsmom_next_overnight_weekday_side_4_long|direction=contrarian|entry=945|exit=945|lookback=5|signal_weekday_side=4_long|exec_tf=1m|managed_exit=bracket|rr=5|risk_reward=5
reject,"execution_tf_1m_all_trades,overall_pf_gt_min,quarter_pf_gt_1,simple_bootstrap_p05_gt_1",competition_aud_usd_us_first30_last30_momentum_month_9_xasset_rr_5_629d8cc5,aud_usd,new_zealand_dollar_futures,6N,competition_session_edge,direct,False,4,,54,1.895838,55,8.156437,1.789036,55,60.000000,7.184028,0.130619,1.943362,1.746252,0.806491,1.383429,0.870023,1.012007,4,0.750000,0.946965,3.754043,sl:4;sl_gap:1;time_exit:49;tp:1,competition_session_edge|family=us_first30_last30_momentum_month_9|direction=same|entry=930|exit=945|min_signal_atr=0.5|signal_end=585|signal_start=570|signal_month=9|exec_tf=1m|managed_exit=bracket|rr=4|risk_reward=4
reject,overall_pf_gt_min,competition_aud_nzd_daily_tsmom_next_overnight_weekday_side_4_long_0aa8225f,aud_nzd,us_treasury_2y_note_futures,ZT,competition_session_edge,opposite,True,3,1m,127,2.005614,127,34.255710,1.780267,127,43.307087,48.356609,0.380761,8.696131,1.598625,1.427696,1.317440,1.281584,1.314212,5,1.000000,1.297704,2.479531,sl:42;sl_gap:18;time_exit:43;tp:20;tp_gap:4,competition_session_edge|family=daily_tsmom_next_overnight_weekday_side_4_long|direction=contrarian|entry=945|exit=945|lookback=5|signal_weekday_side=4_long|exec_tf=1m|managed_exit=bracket|rr=3|risk_reward=3
reject,"execution_tf_1m_all_trades,overall_pf_gt_min,quarter_pf_gt_1,simple_bootstrap_p05_gt_1",competition_aud_nzd_london_first30_last30_reversal_weekday_side_0_long_2e0ed4d2,aud_nzd,micro_ether_futures,MET,competition_session_edge,opposite,True,5,,31,2.410703,37,10.024539,1.764969,37,56.756757,8.824515,0.238500,2.984651,1.079319,0.986721,1.168138,0.906808,0.999035,4,0.750000,0.923614,4.748692,sl:6;sl_gap:3;time_exit:28,competition_session_edge|family=london_first30_last30_reversal_weekday_side_0_long|direction=opposite|entry=930|exit=945|min_signal_atr=0.35|signal_end=195|signal_start=180|signal_weekday_side=0_long|exec_tf=1m|managed_exit=bracket|rr=5|risk_reward=5
reject,"overall_pf_gt_min,quarter_pf_gt_1,rolling20_pf_p25_gt_1,simple_bootstrap_p05_gt_1,block_bootstrap_p05_gt_0_9",competition_aud_usd_us_first30_last30_momentum_month_9_xasset_rr_5_629d8cc5,aud_usd,euro_futures,6E,competition_session_edge,direct,False,3,1m,45,2.016249,45,6.547302,1.726437,45,57.777778,4.680154,0.104003,2.957816,1.322374,0.294185,0.967288,0.813069,0.714528,4,0.750000,0.501218,2.800722,sl:2;time_exit:42;tp:1,competition_session_edge|family=us_first30_last30_momentum_month_9|direction=same|entry=930|exit=945|min_signal_atr=0.5|signal_end=585|signal_start=570|signal_month=9|exec_tf=1m|managed_exit=bracket|rr=3|risk_reward=3
reject,"execution_tf_1m_all_trades,overall_pf_gt_min",competition_aud_nzd_daily_tsmom_next_overnight_weekday_side_4_long_0aa8225f,aud_nzd,silver_futures,SI,competition_session_edge,direct,False,4,,99,1.941494,101,21.906075,1.714045,101,52.475248,28.294224,0.280141,7.358544,1.239626,1.005149,1.485548,1.133133,1.236931,5,0.800000,0.346547,3.834430,sl:28;sl_gap:8;time_exit:61;tp:2;tp_gap:2,competition_session_edge|family=daily_tsmom_next_overnight_weekday_side_4_long|direction=contrarian|entry=945|exit=945|lookback=5|signal_weekday_side=4_long|exec_tf=1m|managed_exit=bracket|rr=4|risk_reward=4
reject,"execution_tf_1m_all_trades,overall_pf_gt_min",competition_aud_nzd_daily_tsmom_next_overnight_weekday_side_4_long_0aa8225f,aud_nzd,silver_futures,SI,competition_session_edge,direct,False,3,,99,1.941494,101,21.906075,1.703479,101,52.475248,27.875518,0.275995,6.438001,1.294848,1.092239,1.453510,1.205090,1.196395,5,0.800000,0.500171,2.875822,sl:28;sl_gap:8;time_exit:56;tp:6;tp_gap:3,competition_session_edge|family=daily_tsmom_next_overnight_weekday_side_4_long|direction=contrarian|entry=945|exit=945|lookback=5|signal_weekday_side=4_long|exec_tf=1m|managed_exit=bracket|rr=3|risk_reward=3
reject,"execution_tf_1m_all_trades,overall_pf_gt_min,quarter_pf_gt_1,rolling20_pf_p25_gt_1,simple_bootstrap_p05_gt_1,block_bootstrap_p05_gt_0_9,annual_walk_forward_pass_rate_ge_60pct",competition_aud_usd_us_first30_last30_momentum_month_9_xasset_rr_5_629d8cc5,aud_usd,copper_futures,HG,competition_session_edge,direct,False,3,,55,1.959803,57,7.329376,1.701240,57,47.368421,5.354903,0.093946,3.494728,1.686706,0.480941,0.908270,0.857931,0.768511,4,0.500000,0.478458,2.920594,sl:1;time_exit:55;tp:1,competition_session_edge|family=us_first30_last30_momentum_month_9|direction=same|entry=930|exit=945|min_signal_atr=0.5|signal_end=585|signal_start=570|signal_month=9|exec_tf=1m|managed_exit=bracket|rr=3|risk_reward=3
reject,"execution_tf_1m_all_trades,overall_pf_gt_min,quarter_pf_gt_1,simple_bootstrap_p05_gt_1",competition_aud_usd_us_first30_last30_momentum_month_9_xasset_rr_5_629d8cc5,aud_usd,new_zealand_dollar_futures,6N,competition_session_edge,direct,False,3,,54,1.895838,55,8.156437,1.682234,55,60.000000,6.211618,0.112939,1.943362,1.613976,0.806491,1.383429,0.841478,0.984984,4,0.750000,0.946965,2.815533,sl:4;sl_gap:1;time_exit:49;tp:1,competition_session_edge|family=us_first30_last30_momentum_month_9|direction=same|entry=930|exit=945|min_signal_atr=0.5|signal_end=585|signal_start=570|signal_month=9|exec_tf=1m|managed_exit=bracket|rr=3|risk_reward=3
reject,"execution_tf_1m_all_trades,overall_pf_gt_min,half_pf_gt_1,quarter_pf_gt_1,rolling20_pf_p25_gt_1,simple_bootstrap_p05_gt_1,block_bootstrap_p05_gt_0_9,annual_walk_forward_pass_rate_ge_60pct",competition_aud_usd_us_first30_last30_momentum_month_9_xasset_rr_5_629d8cc5,aud_usd,australian_dollar_futures,6A,competition_session_edge,opposite,True,4,,52,2.310101,53,10.590692,1.025735,53,37.735849,0.332931,0.006282,3.641410,0.763107,0.553397,0.879934,0.408637,0.488751,4,0.500000,0.647530,3.532401,sl:4;time_exit:48;tp:1,competition_session_edge|family=us_first30_last30_momentum_month_9|direction=same|entry=930|exit=945|min_signal_atr=0.5|signal_end=585|signal_start=570|signal_month=9|exec_tf=1m|managed_exit=bracket|rr=4|risk_reward=4
reject,"execution_tf_1m_all_trades,overall_pf_gt_min,total_r_gt_0,half_pf_gt_1,quarter_pf_gt_1,rolling20_pf_p25_gt_1,simple_bootstrap_p05_gt_1,block_bootstrap_p05_gt_0_9,annual_walk_forward_pass_rate_ge_60pct",competition_aud_usd_us_first30_last30_momentum_month_9_xasset_rr_5_629d8cc5,aud_usd,australian_dollar_futures,6A,competition_session_edge,opposite,True,5,,52,2.310101,53,10.590692,0.980227,53,37.735849,-0.255802,-0.004826,3.641410,0.763107,0.553397,0.879934,0.421377,0.514137,4,0.500000,0.647530,4.415501,sl:4;time_exit:49,competition_session_edge|family=us_first30_last30_momentum_month_9|direction=same|entry=930|exit=945|min_signal_atr=0.5|signal_end=585|signal_start=570|signal_month=9|exec_tf=1m|managed_exit=bracket|rr=5|risk_reward=5
reject,"execution_tf_1m_all_trades,overall_pf_gt_min,total_r_gt_0,half_pf_gt_1,quarter_pf_gt_1,rolling20_pf_p25_gt_1,simple_bootstrap_p05_gt_1,block_bootstrap_p05_gt_0_9,annual_walk_forward_pass_rate_ge_60pct",competition_aud_usd_us_first30_last30_momentum_month_9_xasset_rr_5_629d8cc5,aud_usd,new_zealand_dollar_futures,6N,competition_session_edge,opposite,True,3,,54,1.895838,55,8.156437,0.966317,55,36.363636,-0.411891,-0.007489,4.222749,0.779536,0.493602,0.615532,0.440409,0.482064,4,0.500000,0.550962,2.815533,sl:2;sl_gap:1;time_exit:51;tp:1,competition_session_edge|family=us_first30_last30_momentum_month_9|direction=same|entry=930|exit=945|min_signal_atr=0.5|signal_end=585|signal_start=570|signal_month=9|exec_tf=1m|managed_exit=bracket|rr=3|risk_reward=3
reject,"execution_tf_1m_all_trades,overall_pf_gt_min,total_r_gt_0,half_pf_gt_1,quarter_pf_gt_1,rolling20_pf_p25_gt_1,simple_bootstrap_p05_gt_1,block_bootstrap_p05_gt_0_9,annual_walk_forward_pass_rate_ge_60pct",competition_aud_usd_us_first30_last30_momentum_month_9_xasset_rr_5_629d8cc5,aud_usd,australian_dollar_futures,6A,competition_session_edge,opposite,True,3,,52,2.310101,53,10.590692,0.949223,53,37.735849,-0.656897,-0.012394,3.641410,0.747801,0.553397,0.861502,0.401701,0.506783,4,0.500000,0.647530,2.649301,sl:4;time_exit:47;tp:2,competition_session_edge|family=us_first30_last30_momentum_month_9|direction=same|entry=930|exit=945|min_signal_atr=0.5|signal_end=585|signal_start=570|signal_month=9|exec_tf=1m|managed_exit=bracket|rr=3|risk_reward=3
reject,"execution_tf_1m_all_trades,overall_pf_gt_min,total_r_gt_0,half_pf_gt_1,quarter_pf_gt_1,rolling20_pf_p25_gt_1,simple_bootstrap_p05_gt_1,block_bootstrap_p05_gt_0_9,annual_walk_forward_pass_rate_ge_60pct",competition_aud_usd_us_first30_last30_momentum_month_9_xasset_rr_5_629d8cc5,aud_usd,new_zealand_dollar_futures,6N,competition_session_edge,opposite,True,4,,54,1.895838,55,8.156437,0.916190,55,36.363636,-1.024879,-0.018634,4.222749,0.779536,0.493602,0.615532,0.443855,0.472596,4,0.500000,0.550962,3.754043,sl:2;sl_gap:1;time_exit:52,competition_session_edge|family=us_first30_last30_momentum_month_9|direction=same|entry=930|exit=945|min_signal_atr=0.5|signal_end=585|signal_start=570|signal_month=9|exec_tf=1m|managed_exit=bracket|rr=4|risk_reward=4
reject,"execution_tf_1m_all_trades,overall_pf_gt_min,total_r_gt_0,half_pf_gt_1,quarter_pf_gt_1,rolling20_pf_p25_gt_1,simple_bootstrap_p05_gt_1,block_bootstrap_p05_gt_0_9,annual_walk_forward_pass_rate_ge_60pct",competition_aud_usd_us_first30_last30_momentum_month_9_xasset_rr_5_629d8cc5,aud_usd,new_zealand_dollar_futures,6N,competition_session_edge,opposite,True,5,,54,1.895838,55,8.156437,0.916190,55,36.363636,-1.024879,-0.018634,4.222749,0.779536,0.493602,0.615532,0.424425,0.447833,4,0.500000,0.550962,4.692554,sl:2;sl_gap:1;time_exit:52,competition_session_edge|family=us_first30_last30_momentum_month_9|direction=same|entry=930|exit=945|min_signal_atr=0.5|signal_end=585|signal_start=570|signal_month=9|exec_tf=1m|managed_exit=bracket|rr=5|risk_reward=5
reject,"overall_pf_gt_min,total_r_gt_0,half_pf_gt_1,quarter_pf_gt_1,simple_bootstrap_p05_gt_1,block_bootstrap_p05_gt_0_9,annual_walk_forward_pass_rate_ge_60pct",competition_aud_usd_us_first30_last30_momentum_month_9_xasset_rr_5_629d8cc5,aud_usd,euro_futures,6E,competition_session_edge,opposite,True,4,1m,45,2.016249,45,6.547302,0.899747,45,42.222222,-0.940043,-0.020890,3.435619,0.572147,0.317474,1.196536,0.359509,0.294838,4,0.250000,0.309191,3.734296,sl:4;time_exit:41,competition_session_edge|family=us_first30_last30_momentum_month_9|direction=same|entry=930|exit=945|min_signal_atr=0.5|signal_end=585|signal_start=570|signal_month=9|exec_tf=1m|managed_exit=bracket|rr=4|risk_reward=4
reject,"overall_pf_gt_min,total_r_gt_0,half_pf_gt_1,quarter_pf_gt_1,simple_bootstrap_p05_gt_1,block_bootstrap_p05_gt_0_9,annual_walk_forward_pass_rate_ge_60pct",competition_aud_usd_us_first30_last30_momentum_month_9_xasset_rr_5_629d8cc5,aud_usd,euro_futures,6E,competition_session_edge,opposite,True,5,1m,45,2.016249,45,6.547302,0.899747,45,42.222222,-0.940043,-0.020890,3.435619,0.572147,0.317474,1.196536,0.361540,0.310208,4,0.250000,0.309191,4.667870,sl:4;time_exit:41,competition_session_edge|family=us_first30_last30_momentum_month_9|direction=same|entry=930|exit=945|min_signal_atr=0.5|signal_end=585|signal_start=570|signal_month=9|exec_tf=1m|managed_exit=bracket|rr=5|risk_reward=5
reject,"overall_pf_gt_min,total_r_gt_0,half_pf_gt_1,quarter_pf_gt_1,simple_bootstrap_p05_gt_1,block_bootstrap_p05_gt_0_9,annual_walk_forward_pass_rate_ge_60pct",competition_aud_usd_us_first30_last30_momentum_month_9_xasset_rr_5_629d8cc5,aud_usd,euro_futures,6E,competition_session_edge,opposite,True,3,1m,45,2.016249,45,6.547302,0.866533,45,42.222222,-1.251471,-0.027810,3.435619,0.572147,0.317474,1.130921,0.355636,0.300023,4,0.250000,0.309191,2.800722,sl:4;time_exit:40;tp:1,competition_session_edge|family=us_first30_last30_momentum_month_9|direction=same|entry=930|exit=945|min_signal_atr=0.5|signal_end=585|signal_start=570|signal_month=9|exec_tf=1m|managed_exit=bracket|rr=3|risk_reward=3
reject,"execution_tf_1m_all_trades,overall_pf_gt_min,total_r_gt_0,half_pf_gt_1,quarter_pf_gt_1,rolling20_pf_p25_gt_1,simple_bootstrap_p05_gt_1,block_bootstrap_p05_gt_0_9,annual_walk_forward_pass_rate_ge_60pct",competition_aud_usd_us_first30_last30_momentum_month_9_xasset_rr_5_629d8cc5,aud_usd,copper_futures,HG,competition_session_edge,opposite,True,3,,55,1.959803,57,7.329376,0.846183,57,49.122807,-1.641098,-0.028791,3.879352,0.783947,0.162590,0.756081,0.418900,0.420433,4,0.500000,0.221581,2.920594,sl:3;sl_gap:1;time_exit:53,competition_session_edge|family=us_first30_last30_momentum_month_9|direction=same|entry=930|exit=945|min_signal_atr=0.5|signal_end=585|signal_start=570|signal_month=9|exec_tf=1m|managed_exit=bracket|rr=3|risk_reward=3
reject,"execution_tf_1m_all_trades,overall_pf_gt_min,total_r_gt_0,half_pf_gt_1,quarter_pf_gt_1,rolling20_pf_p25_gt_1,simple_bootstrap_p05_gt_1,block_bootstrap_p05_gt_0_9,annual_walk_forward_pass_rate_ge_60pct",competition_aud_usd_us_first30_last30_momentum_month_9_xasset_rr_5_629d8cc5,aud_usd,copper_futures,HG,competition_session_edge,opposite,True,4,,55,1.959803,57,7.329376,0.846183,57,49.122807,-1.641098,-0.028791,3.879352,0.783947,0.162590,0.756081,0.428356,0.397002,4,0.500000,0.221581,3.894125,sl:3;sl_gap:1;time_exit:53,competition_session_edge|family=us_first30_last30_momentum_month_9|direction=same|entry=930|exit=945|min_signal_atr=0.5|signal_end=585|signal_start=570|signal_month=9|exec_tf=1m|managed_exit=bracket|rr=4|risk_reward=4
reject,"execution_tf_1m_all_trades,overall_pf_gt_min,total_r_gt_0,half_pf_gt_1,quarter_pf_gt_1,rolling20_pf_p25_gt_1,simple_bootstrap_p05_gt_1,block_bootstrap_p05_gt_0_9,annual_walk_forward_pass_rate_ge_60pct",competition_aud_usd_us_first30_last30_momentum_month_9_xasset_rr_5_629d8cc5,aud_usd,copper_futures,HG,competition_session_edge,opposite,True,5,,55,1.959803,57,7.329376,0.846183,57,49.122807,-1.641098,-0.028791,3.879352,0.783947,0.162590,0.756081,0.433982,0.408235,4,0.500000,0.221581,4.867656,sl:3;sl_gap:1;time_exit:53,competition_session_edge|family=us_first30_last30_momentum_month_9|direction=same|entry=930|exit=945|min_signal_atr=0.5|signal_end=585|signal_start=570|signal_month=9|exec_tf=1m|managed_exit=bracket|rr=5|risk_reward=5
reject,"overall_pf_gt_min,total_r_gt_0,half_pf_gt_1,quarter_pf_gt_1,rolling20_pf_p25_gt_1,simple_bootstrap_p05_gt_1,block_bootstrap_p05_gt_0_9,annual_walk_forward_pass_rate_ge_60pct",competition_aud_nzd_daily_tsmom_next_overnight_weekday_side_4_long_0aa8225f,aud_nzd,us_treasury_2y_note_futures,ZT,competition_session_edge,direct,False,5,1m,127,2.005614,127,34.255710,0.781833,127,24.409449,-19.703398,-0.155145,33.611456,0.699053,0.536961,0.529012,0.460599,0.488317,5,0.200000,0.530446,4.132552,sl:68;sl_gap:21;time_exit:30;tp:2;tp_gap:6,competition_session_edge|family=daily_tsmom_next_overnight_weekday_side_4_long|direction=contrarian|entry=945|exit=945|lookback=5|signal_weekday_side=4_long|exec_tf=1m|managed_exit=bracket|rr=5|risk_reward=5
reject,"overall_pf_gt_min,total_r_gt_0,half_pf_gt_1,quarter_pf_gt_1,rolling20_pf_p25_gt_1,simple_bootstrap_p05_gt_1,block_bootstrap_p05_gt_0_9,annual_walk_forward_pass_rate_ge_60pct",competition_aud_nzd_daily_tsmom_next_overnight_weekday_side_4_long_0aa8225f,aud_nzd,us_treasury_2y_note_futures,ZT,competition_session_edge,direct,False,4,1m,127,2.005614,127,34.255710,0.727922,127,24.409449,-24.572290,-0.193483,38.544221,0.632079,0.461260,0.464691,0.453654,0.468858,5,0.200000,0.454637,3.306042,sl:68;sl_gap:21;time_exit:28;tp:3;tp_gap:7,competition_session_edge|family=daily_tsmom_next_overnight_weekday_side_4_long|direction=contrarian|entry=945|exit=945|lookback=5|signal_weekday_side=4_long|exec_tf=1m|managed_exit=bracket|rr=4|risk_reward=4
reject,"overall_pf_gt_min,total_r_gt_0,half_pf_gt_1,quarter_pf_gt_1,rolling20_pf_p25_gt_1,simple_bootstrap_p05_gt_1,block_bootstrap_p05_gt_0_9,annual_walk_forward_pass_rate_ge_60pct",competition_aud_usd_london_first30_ny_open_momentum_weekday_side_0_short_xasset_rr_5_3aca24b7,aud_usd,australian_dollar_futures,6A,competition_session_edge,opposite,True,5,1m,95,2.371486,95,58.822147,0.704109,95,23.157895,-21.067503,-0.221763,33.306400,0.590309,0.409045,0.351765,0.417871,0.404369,5,0.200000,0.282179,4.401573,sl:65;sl_gap:6;time_exit:22;tp:2,competition_session_edge|family=london_first30_ny_open_momentum_weekday_side_0_short|direction=same|entry=480|exit=570|min_signal_atr=0|signal_end=195|signal_start=180|signal_weekday_side=0_short|exec_tf=1m|managed_exit=bracket|rr=5|risk_reward=5
reject,"overall_pf_gt_min,total_r_gt_0,half_pf_gt_1,quarter_pf_gt_1,rolling20_pf_p25_gt_1,simple_bootstrap_p05_gt_1,block_bootstrap_p05_gt_0_9,annual_walk_forward_pass_rate_ge_60pct",competition_aud_nzd_daily_tsmom_next_overnight_weekday_side_4_long_0aa8225f,aud_nzd,us_treasury_2y_note_futures,ZT,competition_session_edge,direct,False,3,1m,127,2.005614,127,34.255710,0.668518,127,25.196850,-29.622124,-0.233245,38.422902,0.592579,0.385560,0.444894,0.442035,0.454881,5,0.200000,0.436132,2.479531,sl:67;sl_gap:21;time_exit:26;tp:4;tp_gap:9,competition_session_edge|family=daily_tsmom_next_overnight_weekday_side_4_long|direction=contrarian|entry=945|exit=945|lookback=5|signal_weekday_side=4_long|exec_tf=1m|managed_exit=bracket|rr=3|risk_reward=3
reject,"overall_pf_gt_min,total_r_gt_0,half_pf_gt_1,quarter_pf_gt_1,rolling20_pf_p25_gt_1,simple_bootstrap_p05_gt_1,block_bootstrap_p05_gt_0_9,annual_walk_forward_pass_rate_ge_60pct",competition_aud_usd_london_first30_ny_open_momentum_weekday_side_0_short_xasset_rr_5_3aca24b7,aud_usd,australian_dollar_futures,6A,competition_session_edge,opposite,True,4,1m,95,2.371486,95,58.822147,0.668370,95,23.157895,-23.612129,-0.248549,34.212449,0.564303,0.409045,0.351765,0.410584,0.389581,5,0.200000,0.282179,3.521259,sl:65;sl_gap:6;time_exit:21;tp:3,competition_session_edge|family=london_first30_ny_open_momentum_weekday_side_0_short|direction=same|entry=480|exit=570|min_signal_atr=0|signal_end=195|signal_start=180|signal_weekday_side=0_short|exec_tf=1m|managed_exit=bracket|rr=4|risk_reward=4
reject,"overall_pf_gt_min,total_r_gt_0,half_pf_gt_1,quarter_pf_gt_1,rolling20_pf_p25_gt_1,simple_bootstrap_p05_gt_1,block_bootstrap_p05_gt_0_9,annual_walk_forward_pass_rate_ge_60pct",competition_aud_usd_london_first30_ny_open_momentum_weekday_side_0_short_xasset_rr_5_3aca24b7,aud_usd,australian_dollar_futures,6A,competition_session_edge,opposite,True,3,1m,95,2.371486,95,58.822147,0.667356,95,23.157895,-23.684336,-0.249309,32.313681,0.551739,0.427687,0.428133,0.419747,0.419587,5,0.200000,0.408944,2.640944,sl:65;sl_gap:6;time_exit:15;tp:9,competition_session_edge|family=london_first30_ny_open_momentum_weekday_side_0_short|direction=same|entry=480|exit=570|min_signal_atr=0|signal_end=195|signal_start=180|signal_weekday_side=0_short|exec_tf=1m|managed_exit=bracket|rr=3|risk_reward=3
reject,"overall_pf_gt_min,total_r_gt_0,half_pf_gt_1,quarter_pf_gt_1,rolling20_pf_p25_gt_1,simple_bootstrap_p05_gt_1,block_bootstrap_p05_gt_0_9,annual_walk_forward_pass_rate_ge_60pct",competition_aud_usd_ny_open_gap_fade_signalmonth_direction_fade_entryminute_570_exitbarminute_660_ming_5c432e4e,aud_usd,euro_futures,6E,competition_session_edge,opposite,True,3,1m,42,1.961938,42,6.025688,0.628752,42,35.714286,-3.495430,-0.083225,5.000303,0.625104,0.186439,0.473862,0.267637,0.323222,4,0.000000,0.445983,2.803152,sl:2;time_exit:40,competition_session_edge|family=us_first30_last30_reversal_signalmonth_month_10|direction=opposite|entry=930|exit=945|min_signal_atr=0.75|signal_end=585|signal_start=570|signal_month=10|exec_tf=1m|managed_exit=bracket|rr=3|risk_reward=3
reject,"overall_pf_gt_min,total_r_gt_0,half_pf_gt_1,quarter_pf_gt_1,rolling20_pf_p25_gt_1,simple_bootstrap_p05_gt_1,block_bootstrap_p05_gt_0_9,annual_walk_forward_pass_rate_ge_60pct",competition_aud_usd_ny_open_gap_fade_signalmonth_direction_fade_entryminute_570_exitbarminute_660_ming_5c432e4e,aud_usd,euro_futures,6E,competition_session_edge,opposite,True,4,1m,42,1.961938,42,6.025688,0.628752,42,35.714286,-3.495430,-0.083225,5.000303,0.625104,0.186439,0.473862,0.272229,0.336720,4,0.000000,0.445983,3.737535,sl:2;time_exit:40,competition_session_edge|family=us_first30_last30_reversal_signalmonth_month_10|direction=opposite|entry=930|exit=945|min_signal_atr=0.75|signal_end=585|signal_start=570|signal_month=10|exec_tf=1m|managed_exit=bracket|rr=4|risk_reward=4
reject,"overall_pf_gt_min,total_r_gt_0,half_pf_gt_1,quarter_pf_gt_1,rolling20_pf_p25_gt_1,simple_bootstrap_p05_gt_1,block_bootstrap_p05_gt_0_9,annual_walk_forward_pass_rate_ge_60pct",competition_aud_usd_ny_open_gap_fade_signalmonth_direction_fade_entryminute_570_exitbarminute_660_ming_5c432e4e,aud_usd,euro_futures,6E,competition_session_edge,opposite,True,5,1m,42,1.961938,42,6.025688,0.628752,42,35.714286,-3.495430,-0.083225,5.000303,0.625104,0.186439,0.473862,0.290159,0.338067,4,0.000000,0.445983,4.671919,sl:2;time_exit:40,competition_session_edge|family=us_first30_last30_reversal_signalmonth_month_10|direction=opposite|entry=930|exit=945|min_signal_atr=0.75|signal_end=585|signal_start=570|signal_month=10|exec_tf=1m|managed_exit=bracket|rr=5|risk_reward=5
reject,"overall_pf_gt_min,total_r_gt_0,half_pf_gt_1,quarter_pf_gt_1,rolling20_pf_p25_gt_1,simple_bootstrap_p05_gt_1,block_bootstrap_p05_gt_0_9,annual_walk_forward_pass_rate_ge_60pct",competition_aud_nzd_daily_tsmom_next_overnight_weekday_side_4_long_0aa8225f,aud_nzd,gold_futures,GC,competition_session_edge,opposite,True,4,1m,90,2.096973,90,21.519755,0.613383,90,26.666667,-21.111314,-0.234570,31.981446,0.271800,0.102006,0.389918,0.355995,0.334664,5,0.400000,0.101373,3.901086,sl:43;sl_gap:6;time_exit:37;tp:3;tp_gap:1,competition_session_edge|family=daily_tsmom_next_overnight_weekday_side_4_long|direction=contrarian|entry=945|exit=945|lookback=5|signal_weekday_side=4_long|exec_tf=1m|managed_exit=bracket|rr=4|risk_reward=4
reject,"execution_tf_1m_all_trades,overall_pf_gt_min,total_r_gt_0,half_pf_gt_1,quarter_pf_gt_1,rolling20_pf_p25_gt_1,simple_bootstrap_p05_gt_1,block_bootstrap_p05_gt_0_9,annual_walk_forward_pass_rate_ge_60pct",competition_aud_nzd_london_first30_last30_reversal_weekday_side_0_long_2e0ed4d2,aud_nzd,micro_ether_futures,MET,competition_session_edge,direct,False,5,,31,2.410703,37,10.024539,0.613063,37,24.324324,-8.798810,-0.237806,13.968352,0.553829,0.105451,0.432038,0.171045,0.127052,4,0.250000,0.298761,4.748692,sl:16;sl_gap:4;time_exit:16;tp:1,competition_session_edge|family=london_first30_last30_reversal_weekday_side_0_long|direction=opposite|entry=930|exit=945|min_signal_atr=0.35|signal_end=195|signal_start=180|signal_weekday_side=0_long|exec_tf=1m|managed_exit=bracket|rr=5|risk_reward=5
reject,"overall_pf_gt_min,total_r_gt_0,half_pf_gt_1,quarter_pf_gt_1,rolling20_pf_p25_gt_1,simple_bootstrap_p05_gt_1,block_bootstrap_p05_gt_0_9,annual_walk_forward_pass_rate_ge_60pct",competition_aud_nzd_daily_tsmom_next_overnight_weekday_side_4_long_0aa8225f,aud_nzd,gold_futures,GC,competition_session_edge,opposite,True,5,1m,90,2.096973,90,21.519755,0.579868,90,26.666667,-22.941449,-0.254905,30.980564,0.271800,0.102006,0.389918,0.307461,0.318244,5,0.400000,0.101373,4.876358,sl:43;sl_gap:6;time_exit:39;tp:1;tp_gap:1,competition_session_edge|family=daily_tsmom_next_overnight_weekday_side_4_long|direction=contrarian|entry=945|exit=945|lookback=5|signal_weekday_side=4_long|exec_tf=1m|managed_exit=bracket|rr=5|risk_reward=5
reject,"overall_pf_gt_min,total_r_gt_0,half_pf_gt_1,quarter_pf_gt_1,rolling20_pf_p25_gt_1,simple_bootstrap_p05_gt_1,block_bootstrap_p05_gt_0_9,annual_walk_forward_pass_rate_ge_60pct",competition_aud_nzd_daily_tsmom_next_overnight_weekday_side_4_long_0aa8225f,aud_nzd,gold_futures,GC,competition_session_edge,opposite,True,3,1m,90,2.096973,90,21.519755,0.569166,90,26.666667,-23.525843,-0.261398,31.406089,0.329480,0.102006,0.379322,0.343266,0.331119,5,0.200000,0.101373,2.925815,sl:43;sl_gap:6;time_exit:36;tp:4;tp_gap:1,competition_session_edge|family=daily_tsmom_next_overnight_weekday_side_4_long|direction=contrarian|entry=945|exit=945|lookback=5|signal_weekday_side=4_long|exec_tf=1m|managed_exit=bracket|rr=3|risk_reward=3
reject,"overall_pf_gt_min,total_r_gt_0,half_pf_gt_1,quarter_pf_gt_1,rolling20_pf_p25_gt_1,simple_bootstrap_p05_gt_1,block_bootstrap_p05_gt_0_9,annual_walk_forward_pass_rate_ge_60pct",competition_aud_usd_us_first30_last30_momentum_month_9_xasset_rr_5_629d8cc5,aud_usd,crude_oil_futures,CL,competition_session_edge,direct,False,3,1m,57,1.987502,57,7.527594,0.566675,57,42.105263,-5.829055,-0.102264,6.018291,0.536104,0.034963,0.601793,0.327674,0.370519,4,0.250000,0.046436,2.915465,sl:4;sl_gap:1;time_exit:52,competition_session_edge|family=us_first30_last30_momentum_month_9|direction=same|entry=930|exit=945|min_signal_atr=0.5|signal_end=585|signal_start=570|signal_month=9|exec_tf=1m|managed_exit=bracket|rr=3|risk_reward=3
reject,"overall_pf_gt_min,total_r_gt_0,half_pf_gt_1,quarter_pf_gt_1,rolling20_pf_p25_gt_1,simple_bootstrap_p05_gt_1,block_bootstrap_p05_gt_0_9,annual_walk_forward_pass_rate_ge_60pct",competition_aud_usd_us_first30_last30_momentum_month_9_xasset_rr_5_629d8cc5,aud_usd,crude_oil_futures,CL,competition_session_edge,direct,False,4,1m,57,1.987502,57,7.527594,0.566675,57,42.105263,-5.829055,-0.102264,6.018291,0.536104,0.034963,0.601793,0.317091,0.365569,4,0.250000,0.046436,3.887287,sl:4;sl_gap:1;time_exit:52,competition_session_edge|family=us_first30_last30_momentum_month_9|direction=same|entry=930|exit=945|min_signal_atr=0.5|signal_end=585|signal_start=570|signal_month=9|exec_tf=1m|managed_exit=bracket|rr=4|risk_reward=4
reject,"overall_pf_gt_min,total_r_gt_0,half_pf_gt_1,quarter_pf_gt_1,rolling20_pf_p25_gt_1,simple_bootstrap_p05_gt_1,block_bootstrap_p05_gt_0_9,annual_walk_forward_pass_rate_ge_60pct",competition_aud_usd_us_first30_last30_momentum_month_9_xasset_rr_5_629d8cc5,aud_usd,crude_oil_futures,CL,competition_session_edge,direct,False,5,1m,57,1.987502,57,7.527594,0.566675,57,42.105263,-5.829055,-0.102264,6.018291,0.536104,0.034963,0.601793,0.318400,0.370040,4,0.250000,0.046436,4.859108,sl:4;sl_gap:1;time_exit:52,competition_session_edge|family=us_first30_last30_momentum_month_9|direction=same|entry=930|exit=945|min_signal_atr=0.5|signal_end=585|signal_start=570|signal_month=9|exec_tf=1m|managed_exit=bracket|rr=5|risk_reward=5
reject,"execution_tf_1m_all_trades,overall_pf_gt_min,total_r_gt_0,half_pf_gt_1,quarter_pf_gt_1,rolling20_pf_p25_gt_1,simple_bootstrap_p05_gt_1,block_bootstrap_p05_gt_0_9,annual_walk_forward_pass_rate_ge_60pct",competition_aud_nzd_london_first30_last30_reversal_weekday_side_0_long_2e0ed4d2,aud_nzd,micro_ether_futures,MET,competition_session_edge,direct,False,4,,31,2.410703,37,10.024539,0.560183,37,24.324324,-10.001287,-0.270305,14.180746,0.536617,0.105451,0.418166,0.169749,0.137301,4,0.250000,0.298761,3.798953,sl:16;sl_gap:4;time_exit:15;tp:1;tp_gap:1,competition_session_edge|family=london_first30_last30_reversal_weekday_side_0_long|direction=opposite|entry=930|exit=945|min_signal_atr=0.35|signal_end=195|signal_start=180|signal_weekday_side=0_long|exec_tf=1m|managed_exit=bracket|rr=4|risk_reward=4
reject,"execution_tf_1m_all_trades,overall_pf_gt_min,total_r_gt_0,half_pf_gt_1,quarter_pf_gt_1,rolling20_pf_p25_gt_1,simple_bootstrap_p05_gt_1,block_bootstrap_p05_gt_0_9,annual_walk_forward_pass_rate_ge_60pct",competition_aud_usd_ny_open_gap_fade_signalmonth_direction_fade_entryminute_570_exitbarminute_660_ming_5c432e4e,aud_usd,australian_dollar_futures,6A,competition_session_edge,opposite,True,3,,41,1.923781,42,4.764546,0.523548,42,38.095238,-4.740923,-0.112879,5.538373,0.227601,0.138889,0.497722,0.250962,0.285962,4,0.250000,0.138889,2.623620,sl:3;sl_gap:1;time_exit:38,competition_session_edge|family=us_first30_last30_reversal_signalmonth_month_10|direction=opposite|entry=930|exit=945|min_signal_atr=0.75|signal_end=585|signal_start=570|signal_month=10|exec_tf=1m|managed_exit=bracket|rr=3|risk_reward=3
reject,"execution_tf_1m_all_trades,overall_pf_gt_min,total_r_gt_0,half_pf_gt_1,quarter_pf_gt_1,rolling20_pf_p25_gt_1,simple_bootstrap_p05_gt_1,block_bootstrap_p05_gt_0_9,annual_walk_forward_pass_rate_ge_60pct",competition_aud_usd_ny_open_gap_fade_signalmonth_direction_fade_entryminute_570_exitbarminute_660_ming_5c432e4e,aud_usd,australian_dollar_futures,6A,competition_session_edge,opposite,True,4,,41,1.923781,42,4.764546,0.523548,42,38.095238,-4.740923,-0.112879,5.538373,0.227601,0.138889,0.497722,0.259697,0.297435,4,0.250000,0.138889,3.498160,sl:3;sl_gap:1;time_exit:38,competition_session_edge|family=us_first30_last30_reversal_signalmonth_month_10|direction=opposite|entry=930|exit=945|min_signal_atr=0.75|signal_end=585|signal_start=570|signal_month=10|exec_tf=1m|managed_exit=bracket|rr=4|risk_reward=4
reject,"execution_tf_1m_all_trades,overall_pf_gt_min,total_r_gt_0,half_pf_gt_1,quarter_pf_gt_1,rolling20_pf_p25_gt_1,simple_bootstrap_p05_gt_1,block_bootstrap_p05_gt_0_9,annual_walk_forward_pass_rate_ge_60pct",competition_aud_usd_ny_open_gap_fade_signalmonth_direction_fade_entryminute_570_exitbarminute_660_ming_5c432e4e,aud_usd,australian_dollar_futures,6A,competition_session_edge,opposite,True,5,,41,1.923781,42,4.764546,0.523548,42,38.095238,-4.740923,-0.112879,5.538373,0.227601,0.138889,0.497722,0.252109,0.286467,4,0.250000,0.138889,4.372700,sl:3;sl_gap:1;time_exit:38,competition_session_edge|family=us_first30_last30_reversal_signalmonth_month_10|direction=opposite|entry=930|exit=945|min_signal_atr=0.75|signal_end=585|signal_start=570|signal_month=10|exec_tf=1m|managed_exit=bracket|rr=5|risk_reward=5
reject,"execution_tf_1m_all_trades,overall_pf_gt_min,total_r_gt_0,half_pf_gt_1,quarter_pf_gt_1,rolling20_pf_p25_gt_1,simple_bootstrap_p05_gt_1,block_bootstrap_p05_gt_0_9,annual_walk_forward_pass_rate_ge_60pct",competition_aud_nzd_daily_tsmom_next_overnight_weekday_side_4_long_0aa8225f,aud_nzd,silver_futures,SI,competition_session_edge,opposite,True,5,,99,1.941494,101,21.906075,0.515441,101,28.712871,-29.174124,-0.288853,30.382779,0.435831,0.259207,0.225099,0.270929,0.280234,5,0.000000,0.200781,4.793037,end:1;sl:41;sl_gap:12;time_exit:44;tp:3,competition_session_edge|family=daily_tsmom_next_overnight_weekday_side_4_long|direction=contrarian|entry=945|exit=945|lookback=5|signal_weekday_side=4_long|exec_tf=1m|managed_exit=bracket|rr=5|risk_reward=5
reject,"execution_tf_1m_all_trades,overall_pf_gt_min,total_r_gt_0,half_pf_gt_1,quarter_pf_gt_1,rolling20_pf_p25_gt_1,simple_bootstrap_p05_gt_1,block_bootstrap_p05_gt_0_9,annual_walk_forward_pass_rate_ge_60pct",competition_aud_usd_ny_open_gap_fade_signalmonth_direction_fade_entryminute_570_exitbarminute_660_ming_5c432e4e,aud_usd,new_zealand_dollar_futures,6N,competition_session_edge,opposite,True,3,,43,2.365319,47,8.532723,0.479464,47,34.042553,-6.673010,-0.141979,8.358690,0.269792,0.000000,0.365253,0.231297,0.230820,4,0.250000,0.091201,2.829854,sl:4;sl_gap:1;time_exit:42,competition_session_edge|family=us_first30_last30_reversal_signalmonth_month_10|direction=opposite|entry=930|exit=945|min_signal_atr=0.75|signal_end=585|signal_start=570|signal_month=10|exec_tf=1m|managed_exit=bracket|rr=3|risk_reward=3
reject,"execution_tf_1m_all_trades,overall_pf_gt_min,total_r_gt_0,half_pf_gt_1,quarter_pf_gt_1,rolling20_pf_p25_gt_1,simple_bootstrap_p05_gt_1,block_bootstrap_p05_gt_0_9,annual_walk_forward_pass_rate_ge_60pct",competition_aud_usd_ny_open_gap_fade_signalmonth_direction_fade_entryminute_570_exitbarminute_660_ming_5c432e4e,aud_usd,new_zealand_dollar_futures,6N,competition_session_edge,opposite,True,4,,43,2.365319,47,8.532723,0.479464,47,34.042553,-6.673010,-0.141979,8.358690,0.269792,0.000000,0.365253,0.210708,0.244924,4,0.250000,0.091201,3.773138,sl:4;sl_gap:1;time_exit:42,competition_session_edge|family=us_first30_last30_reversal_signalmonth_month_10|direction=opposite|entry=930|exit=945|min_signal_atr=0.75|signal_end=585|signal_start=570|signal_month=10|exec_tf=1m|managed_exit=bracket|rr=4|risk_reward=4
reject,"execution_tf_1m_all_trades,overall_pf_gt_min,total_r_gt_0,half_pf_gt_1,quarter_pf_gt_1,rolling20_pf_p25_gt_1,simple_bootstrap_p05_gt_1,block_bootstrap_p05_gt_0_9,annual_walk_forward_pass_rate_ge_60pct",competition_aud_usd_ny_open_gap_fade_signalmonth_direction_fade_entryminute_570_exitbarminute_660_ming_5c432e4e,aud_usd,new_zealand_dollar_futures,6N,competition_session_edge,opposite,True,5,,43,2.365319,47,8.532723,0.479464,47,34.042553,-6.673010,-0.141979,8.358690,0.269792,0.000000,0.365253,0.244729,0.234368,4,0.250000,0.091201,4.716423,sl:4;sl_gap:1;time_exit:42,competition_session_edge|family=us_first30_last30_reversal_signalmonth_month_10|direction=opposite|entry=930|exit=945|min_signal_atr=0.75|signal_end=585|signal_start=570|signal_month=10|exec_tf=1m|managed_exit=bracket|rr=5|risk_reward=5
reject,"execution_tf_1m_all_trades,overall_pf_gt_min,total_r_gt_0,half_pf_gt_1,quarter_pf_gt_1,rolling20_pf_p25_gt_1,simple_bootstrap_p05_gt_1,block_bootstrap_p05_gt_0_9,annual_walk_forward_pass_rate_ge_60pct",competition_aud_nzd_london_first30_last30_reversal_weekday_side_0_long_2e0ed4d2,aud_nzd,micro_ether_futures,MET,competition_session_edge,direct,False,3,,31,2.410703,37,10.024539,0.472610,37,24.324324,-11.992655,-0.324126,15.182030,0.455475,0.105451,0.358986,0.155428,0.119712,4,0.000000,0.298761,2.849215,sl:16;sl_gap:4;time_exit:15;tp_gap:2,competition_session_edge|family=london_first30_last30_reversal_weekday_side_0_long|direction=opposite|entry=930|exit=945|min_signal_atr=0.35|signal_end=195|signal_start=180|signal_weekday_side=0_long|exec_tf=1m|managed_exit=bracket|rr=3|risk_reward=3
reject,"overall_pf_gt_min,total_r_gt_0,half_pf_gt_1,quarter_pf_gt_1,rolling20_pf_p25_gt_1,simple_bootstrap_p05_gt_1,block_bootstrap_p05_gt_0_9,annual_walk_forward_pass_rate_ge_60pct",competition_aud_usd_london_first30_ny_open_momentum_weekday_side_0_short_xasset_rr_5_3aca24b7,aud_usd,canadian_dollar_futures,6C,competition_session_edge,opposite,True,4,1m,98,2.332327,98,72.220340,0.471331,98,13.265306,-45.019712,-0.459385,45.530234,0.331574,0.212861,0.326259,0.246746,0.270079,5,0.000000,0.103595,3.443940,sl:74;sl_gap:11;time_exit:4;tp:9,competition_session_edge|family=london_first30_ny_open_momentum_weekday_side_0_short|direction=same|entry=480|exit=570|min_signal_atr=0|signal_end=195|signal_start=180|signal_weekday_side=0_short|exec_tf=1m|managed_exit=bracket|rr=4|risk_reward=4
reject,"execution_tf_1m_all_trades,overall_pf_gt_min,total_r_gt_0,half_pf_gt_1,quarter_pf_gt_1,rolling20_pf_p25_gt_1,simple_bootstrap_p05_gt_1,block_bootstrap_p05_gt_0_9,annual_walk_forward_pass_rate_ge_60pct",competition_aud_nzd_daily_tsmom_next_overnight_weekday_side_4_long_0aa8225f,aud_nzd,silver_futures,SI,competition_session_edge,opposite,True,4,,99,1.941494,101,21.906075,0.465604,101,28.712871,-32.174714,-0.318562,33.383368,0.435831,0.259207,0.225099,0.247715,0.255259,5,0.000000,0.200781,3.834430,end:1;sl:41;sl_gap:12;time_exit:44;tp:3,competition_session_edge|family=daily_tsmom_next_overnight_weekday_side_4_long|direction=contrarian|entry=945|exit=945|lookback=5|signal_weekday_side=4_long|exec_tf=1m|managed_exit=bracket|rr=4|risk_reward=4
reject,"execution_tf_1m_all_trades,overall_pf_gt_min,total_r_gt_0,half_pf_gt_1,quarter_pf_gt_1,rolling20_pf_p25_gt_1,simple_bootstrap_p05_gt_1,block_bootstrap_p05_gt_0_9,annual_walk_forward_pass_rate_ge_60pct",competition_aud_usd_ny_open_gap_fade_signalmonth_direction_fade_entryminute_570_exitbarminute_660_ming_5c432e4e,aud_usd,us_treasury_2y_note_futures,ZT,competition_session_edge,direct,False,3,,44,2.346937,45,9.062682,0.443759,45,31.111111,-8.815591,-0.195902,9.137321,0.320432,0.239176,0.370750,0.223865,0.294141,4,0.000000,0.232330,2.504493,sl:11;sl_gap:1;time_exit:33,competition_session_edge|family=us_first30_last30_reversal_signalmonth_month_10|direction=opposite|entry=930|exit=945|min_signal_atr=0.75|signal_end=585|signal_start=570|signal_month=10|exec_tf=1m|managed_exit=bracket|rr=3|risk_reward=3
reject,"execution_tf_1m_all_trades,overall_pf_gt_min,total_r_gt_0,half_pf_gt_1,quarter_pf_gt_1,rolling20_pf_p25_gt_1,simple_bootstrap_p05_gt_1,block_bootstrap_p05_gt_0_9,annual_walk_forward_pass_rate_ge_60pct",competition_aud_usd_ny_open_gap_fade_signalmonth_direction_fade_entryminute_570_exitbarminute_660_ming_5c432e4e,aud_usd,us_treasury_2y_note_futures,ZT,competition_session_edge,direct,False,4,,44,2.346937,45,9.062682,0.443759,45,31.111111,-8.815591,-0.195902,9.137321,0.320432,0.239176,0.370750,0.220600,0.293483,4,0.000000,0.232330,3.339324,sl:11;sl_gap:1;time_exit:33,competition_session_edge|family=us_first30_last30_reversal_signalmonth_month_10|direction=opposite|entry=930|exit=945|min_signal_atr=0.75|signal_end=585|signal_start=570|signal_month=10|exec_tf=1m|managed_exit=bracket|rr=4|risk_reward=4
reject,"execution_tf_1m_all_trades,overall_pf_gt_min,total_r_gt_0,half_pf_gt_1,quarter_pf_gt_1,rolling20_pf_p25_gt_1,simple_bootstrap_p05_gt_1,block_bootstrap_p05_gt_0_9,annual_walk_forward_pass_rate_ge_60pct",competition_aud_usd_ny_open_gap_fade_signalmonth_direction_fade_entryminute_570_exitbarminute_660_ming_5c432e4e,aud_usd,us_treasury_2y_note_futures,ZT,competition_session_edge,direct,False,5,,44,2.346937,45,9.062682,0.443759,45,31.111111,-8.815591,-0.195902,9.137321,0.320432,0.239176,0.370750,0.225046,0.289352,4,0.000000,0.232330,4.174154,sl:11;sl_gap:1;time_exit:33,competition_session_edge|family=us_first30_last30_reversal_signalmonth_month_10|direction=opposite|entry=930|exit=945|min_signal_atr=0.75|signal_end=585|signal_start=570|signal_month=10|exec_tf=1m|managed_exit=bracket|rr=5|risk_reward=5
reject,"overall_pf_gt_min,total_r_gt_0,half_pf_gt_1,quarter_pf_gt_1,rolling20_pf_p25_gt_1,simple_bootstrap_p05_gt_1,block_bootstrap_p05_gt_0_9,annual_walk_forward_pass_rate_ge_60pct",competition_aud_usd_london_first30_ny_open_momentum_weekday_side_0_short_xasset_rr_5_3aca24b7,aud_usd,canadian_dollar_futures,6C,competition_session_edge,opposite,True,5,1m,98,2.332327,98,72.220340,0.437869,98,12.244898,-48.389170,-0.493767,48.899692,0.342198,0.260244,0.274467,0.196316,0.228310,5,0.000000,0.103595,4.304925,sl:75;sl_gap:11;time_exit:8;tp:4,competition_session_edge|family=london_first30_ny_open_momentum_weekday_side_0_short|direction=same|entry=480|exit=570|min_signal_atr=0|signal_end=195|signal_start=180|signal_weekday_side=0_short|exec_tf=1m|managed_exit=bracket|rr=5|risk_reward=5
reject,"overall_pf_gt_min,total_r_gt_0,half_pf_gt_1,quarter_pf_gt_1,rolling20_pf_p25_gt_1,simple_bootstrap_p05_gt_1,block_bootstrap_p05_gt_0_9,annual_walk_forward_pass_rate_ge_60pct",competition_aud_usd_ny_open_gap_fade_signalmonth_direction_fade_entryminute_570_exitbarminute_660_ming_5c432e4e,aud_usd,british_pound_futures,6B,competition_session_edge,opposite,True,3,1m,39,2.782680,39,8.878714,0.434938,39,35.897436,-6.125689,-0.157069,6.435428,0.304535,0.042375,0.441369,0.209838,0.266246,4,0.000000,0.053074,2.770980,sl:3;time_exit:36,competition_session_edge|family=us_first30_last30_reversal_signalmonth_month_10|direction=opposite|entry=930|exit=945|min_signal_atr=0.75|signal_end=585|signal_start=570|signal_month=10|exec_tf=1m|managed_exit=bracket|rr=3|risk_reward=3
reject,"overall_pf_gt_min,total_r_gt_0,half_pf_gt_1,quarter_pf_gt_1,rolling20_pf_p25_gt_1,simple_bootstrap_p05_gt_1,block_bootstrap_p05_gt_0_9,annual_walk_forward_pass_rate_ge_60pct",competition_aud_usd_ny_open_gap_fade_signalmonth_direction_fade_entryminute_570_exitbarminute_660_ming_5c432e4e,aud_usd,british_pound_futures,6B,competition_session_edge,opposite,True,4,1m,39,2.782680,39,8.878714,0.434938,39,35.897436,-6.125689,-0.157069,6.435428,0.304535,0.042375,0.441369,0.224596,0.275554,4,0.000000,0.053074,3.694639,sl:3;time_exit:36,competition_session_edge|family=us_first30_last30_reversal_signalmonth_month_10|direction=opposite|entry=930|exit=945|min_signal_atr=0.75|signal_end=585|signal_start=570|signal_month=10|exec_tf=1m|managed_exit=bracket|rr=4|risk_reward=4
reject,"overall_pf_gt_min,total_r_gt_0,half_pf_gt_1,quarter_pf_gt_1,rolling20_pf_p25_gt_1,simple_bootstrap_p05_gt_1,block_bootstrap_p05_gt_0_9,annual_walk_forward_pass_rate_ge_60pct",competition_aud_usd_ny_open_gap_fade_signalmonth_direction_fade_entryminute_570_exitbarminute_660_ming_5c432e4e,aud_usd,british_pound_futures,6B,competition_session_edge,opposite,True,5,1m,39,2.782680,39,8.878714,0.434938,39,35.897436,-6.125689,-0.157069,6.435428,0.304535,0.042375,0.441369,0.199585,0.264340,4,0.000000,0.053074,4.618299,sl:3;time_exit:36,competition_session_edge|family=us_first30_last30_reversal_signalmonth_month_10|direction=opposite|entry=930|exit=945|min_signal_atr=0.75|signal_end=585|signal_start=570|signal_month=10|exec_tf=1m|managed_exit=bracket|rr=5|risk_reward=5
reject,"overall_pf_gt_min,total_r_gt_0,half_pf_gt_1,quarter_pf_gt_1,rolling20_pf_p25_gt_1,simple_bootstrap_p05_gt_1,block_bootstrap_p05_gt_0_9,annual_walk_forward_pass_rate_ge_60pct",competition_aud_usd_london_first30_ny_open_momentum_weekday_side_0_short_xasset_rr_5_3aca24b7,aud_usd,canadian_dollar_futures,6C,competition_session_edge,opposite,True,3,1m,98,2.332327,98,72.220340,0.425946,98,14.285714,-48.297622,-0.492833,48.808144,0.300830,0.165478,0.338874,0.220591,0.242032,5,0.000000,0.103595,2.582955,sl:73;sl_gap:11;time_exit:3;tp:10;tp_gap:1,competition_session_edge|family=london_first30_ny_open_momentum_weekday_side_0_short|direction=same|entry=480|exit=570|min_signal_atr=0|signal_end=195|signal_start=180|signal_weekday_side=0_short|exec_tf=1m|managed_exit=bracket|rr=3|risk_reward=3
reject,"execution_tf_1m_all_trades,overall_pf_gt_min,total_r_gt_0,half_pf_gt_1,quarter_pf_gt_1,rolling20_pf_p25_gt_1,simple_bootstrap_p05_gt_1,block_bootstrap_p05_gt_0_9,annual_walk_forward_pass_rate_ge_60pct",competition_aud_usd_us_first30_last30_reversal_signalmonth_direction_opposite_entryminute_930_exitbarm_c8c5223e,aud_usd,new_zealand_dollar_futures,6N,competition_session_edge,opposite,True,3,,60,2.296276,65,9.514015,0.422018,65,33.846154,-10.306676,-0.158564,10.306676,0.268887,0.078967,0.322283,0.214434,0.260015,4,0.250000,0.046396,2.836795,sl:8;sl_gap:2;time_exit:55,competition_session_edge|family=us_first30_last30_reversal_signalmonth|direction=opposite|entry=930|exit=945|min_signal_atr=0.2|signal_end=585|signal_month=12|signal_start=570|exec_tf=1m|managed_exit=bracket|rr=3|risk_reward=3
reject,"execution_tf_1m_all_trades,overall_pf_gt_min,total_r_gt_0,half_pf_gt_1,quarter_pf_gt_1,rolling20_pf_p25_gt_1,simple_bootstrap_p05_gt_1,block_bootstrap_p05_gt_0_9,annual_walk_forward_pass_rate_ge_60pct",competition_aud_usd_us_first30_last30_reversal_signalmonth_direction_opposite_entryminute_930_exitbarm_c8c5223e,aud_usd,new_zealand_dollar_futures,6N,competition_session_edge,opposite,True,4,,60,2.296276,65,9.514015,0.422018,65,33.846154,-10.306676,-0.158564,10.306676,0.268887,0.078967,0.322283,0.221795,0.256505,4,0.250000,0.046396,3.782393,sl:8;sl_gap:2;time_exit:55,competition_session_edge|family=us_first30_last30_reversal_signalmonth|direction=opposite|entry=930|exit=945|min_signal_atr=0.2|signal_end=585|signal_month=12|signal_start=570|exec_tf=1m|managed_exit=bracket|rr=4|risk_reward=4
reject,"execution_tf_1m_all_trades,overall_pf_gt_min,total_r_gt_0,half_pf_gt_1,quarter_pf_gt_1,rolling20_pf_p25_gt_1,simple_bootstrap_p05_gt_1,block_bootstrap_p05_gt_0_9,annual_walk_forward_pass_rate_ge_60pct",competition_aud_usd_us_first30_last30_reversal_signalmonth_direction_opposite_entryminute_930_exitbarm_c8c5223e,aud_usd,new_zealand_dollar_futures,6N,competition_session_edge,opposite,True,5,,60,2.296276,65,9.514015,0.422018,65,33.846154,-10.306676,-0.158564,10.306676,0.268887,0.078967,0.322283,0.235639,0.250733,4,0.250000,0.046396,4.727991,sl:8;sl_gap:2;time_exit:55,competition_session_edge|family=us_first30_last30_reversal_signalmonth|direction=opposite|entry=930|exit=945|min_signal_atr=0.2|signal_end=585|signal_month=12|signal_start=570|exec_tf=1m|managed_exit=bracket|rr=5|risk_reward=5
reject,"execution_tf_1m_all_trades,overall_pf_gt_min,total_r_gt_0,half_pf_gt_1,quarter_pf_gt_1,rolling20_pf_p25_gt_1,simple_bootstrap_p05_gt_1,block_bootstrap_p05_gt_0_9,annual_walk_forward_pass_rate_ge_60pct",competition_aud_nzd_daily_tsmom_next_overnight_weekday_side_4_long_0aa8225f,aud_nzd,silver_futures,SI,competition_session_edge,opposite,True,3,,99,1.941494,101,21.906075,0.415767,101,28.712871,-35.175304,-0.348270,36.383958,0.399308,0.259207,0.215625,0.250208,0.241998,5,0.000000,0.200781,2.875822,end:1;sl:41;sl_gap:12;time_exit:44;tp:3,competition_session_edge|family=daily_tsmom_next_overnight_weekday_side_4_long|direction=contrarian|entry=945|exit=945|lookback=5|signal_weekday_side=4_long|exec_tf=1m|managed_exit=bracket|rr=3|risk_reward=3
reject,"execution_tf_1m_all_trades,overall_pf_gt_min,total_r_gt_0,half_pf_gt_1,quarter_pf_gt_1,rolling20_pf_p25_gt_1,simple_bootstrap_p05_gt_1,block_bootstrap_p05_gt_0_9,annual_walk_forward_pass_rate_ge_60pct",competition_aud_nzd_london_first30_last30_reversal_weekday_side_0_long_2e0ed4d2,aud_nzd,copper_futures,HG,competition_session_edge,opposite,True,3,,76,2.383439,80,10.789932,0.409872,80,40.000000,-11.229409,-0.140368,11.229409,0.333952,0.157430,0.387667,0.256911,0.308988,5,0.000000,0.248163,2.895264,sl:7;sl_gap:1;time_exit:72,competition_session_edge|family=london_first30_last30_reversal_weekday_side_0_long|direction=opposite|entry=930|exit=945|min_signal_atr=0.35|signal_end=195|signal_start=180|signal_weekday_side=0_long|exec_tf=1m|managed_exit=bracket|rr=3|risk_reward=3
reject,"execution_tf_1m_all_trades,overall_pf_gt_min,total_r_gt_0,half_pf_gt_1,quarter_pf_gt_1,rolling20_pf_p25_gt_1,simple_bootstrap_p05_gt_1,block_bootstrap_p05_gt_0_9,annual_walk_forward_pass_rate_ge_60pct",competition_aud_nzd_london_first30_last30_reversal_weekday_side_0_long_2e0ed4d2,aud_nzd,copper_futures,HG,competition_session_edge,opposite,True,4,,76,2.383439,80,10.789932,0.409872,80,40.000000,-11.229409,-0.140368,11.229409,0.333952,0.157430,0.387667,0.253356,0.291360,5,0.000000,0.248163,3.860351,sl:7;sl_gap:1;time_exit:72,competition_session_edge|family=london_first30_last30_reversal_weekday_side_0_long|direction=opposite|entry=930|exit=945|min_signal_atr=0.35|signal_end=195|signal_start=180|signal_weekday_side=0_long|exec_tf=1m|managed_exit=bracket|rr=4|risk_reward=4
reject,"execution_tf_1m_all_trades,overall_pf_gt_min,total_r_gt_0,half_pf_gt_1,quarter_pf_gt_1,rolling20_pf_p25_gt_1,simple_bootstrap_p05_gt_1,block_bootstrap_p05_gt_0_9,annual_walk_forward_pass_rate_ge_60pct",competition_aud_nzd_london_first30_last30_reversal_weekday_side_0_long_2e0ed4d2,aud_nzd,copper_futures,HG,competition_session_edge,opposite,True,5,,76,2.383439,80,10.789932,0.409872,80,40.000000,-11.229409,-0.140368,11.229409,0.333952,0.157430,0.387667,0.246796,0.300483,5,0.000000,0.248163,4.825439,sl:7;sl_gap:1;time_exit:72,competition_session_edge|family=london_first30_last30_reversal_weekday_side_0_long|direction=opposite|entry=930|exit=945|min_signal_atr=0.35|signal_end=195|signal_start=180|signal_weekday_side=0_long|exec_tf=1m|managed_exit=bracket|rr=5|risk_reward=5
reject,"execution_tf_1m_all_trades,overall_pf_gt_min,total_r_gt_0,half_pf_gt_1,quarter_pf_gt_1,rolling20_pf_p25_gt_1,simple_bootstrap_p05_gt_1,block_bootstrap_p05_gt_0_9,annual_walk_forward_pass_rate_ge_60pct",competition_eur_cad_london_first30_last30_momentum_month_8_c5f12647,eur_cad,micro_ether_futures,MET,competition_session_edge,opposite,True,3,,36,2.089483,39,11.450808,0.406560,39,30.769231,-11.069649,-0.283837,12.240388,0.354534,0.288942,0.339877,0.203256,0.192863,2,0.000000,0.330432,2.922854,sl:21;sl_gap:4;time_exit:14,competition_session_edge|family=london_first30_last30_momentum_month_8|direction=same|entry=930|exit=945|min_signal_atr=0|signal_end=195|signal_start=180|signal_month=8|exec_tf=1m|managed_exit=bracket|rr=3|risk_reward=3
reject,"execution_tf_1m_all_trades,overall_pf_gt_min,total_r_gt_0,half_pf_gt_1,quarter_pf_gt_1,rolling20_pf_p25_gt_1,simple_bootstrap_p05_gt_1,block_bootstrap_p05_gt_0_9,annual_walk_forward_pass_rate_ge_60pct",competition_eur_cad_london_first30_last30_momentum_month_8_c5f12647,eur_cad,micro_ether_futures,MET,competition_session_edge,opposite,True,4,,36,2.089483,39,11.450808,0.406560,39,30.769231,-11.069649,-0.283837,12.240388,0.354534,0.288942,0.339877,0.198598,0.196370,2,0.000000,0.330432,3.897139,sl:21;sl_gap:4;time_exit:14,competition_session_edge|family=london_first30_last30_momentum_month_8|direction=same|entry=930|exit=945|min_signal_atr=0|signal_end=195|signal_start=180|signal_month=8|exec_tf=1m|managed_exit=bracket|rr=4|risk_reward=4
reject,"execution_tf_1m_all_trades,overall_pf_gt_min,total_r_gt_0,half_pf_gt_1,quarter_pf_gt_1,rolling20_pf_p25_gt_1,simple_bootstrap_p05_gt_1,block_bootstrap_p05_gt_0_9,annual_walk_forward_pass_rate_ge_60pct",competition_eur_cad_london_first30_last30_momentum_month_8_c5f12647,eur_cad,micro_ether_futures,MET,competition_session_edge,opposite,True,5,,36,2.089483,39,11.450808,0.406560,39,30.769231,-11.069649,-0.283837,12.240388,0.354534,0.288942,0.339877,0.193901,0.199091,2,0.000000,0.330432,4.871423,sl:21;sl_gap:4;time_exit:14,competition_session_edge|family=london_first30_last30_momentum_month_8|direction=same|entry=930|exit=945|min_signal_atr=0|signal_end=195|signal_start=180|signal_month=8|exec_tf=1m|managed_exit=bracket|rr=5|risk_reward=5
reject,"execution_tf_1m_all_trades,overall_pf_gt_min,total_r_gt_0,half_pf_gt_1,quarter_pf_gt_1,rolling20_pf_p25_gt_1,simple_bootstrap_p05_gt_1,block_bootstrap_p05_gt_0_9,annual_walk_forward_pass_rate_ge_60pct",competition_eur_cad_london_first30_last30_momentum_month_8_c5f12647,eur_cad,micro_bitcoin_futures,MBT,competition_session_edge,opposite,True,3,,53,2.032219,58,18.906985,0.361513,58,27.586207,-18.003223,-0.310400,18.003223,0.245547,0.096558,0.299684,0.164598,0.216320,4,0.000000,0.206724,2.906317,sl:35;sl_gap:2;time_exit:20;tp:1,competition_session_edge|family=london_first30_last30_momentum_month_8|direction=same|entry=930|exit=945|min_signal_atr=0|signal_end=195|signal_start=180|signal_month=8|exec_tf=1m|managed_exit=bracket|rr=3|risk_reward=3
reject,"overall_pf_gt_min,total_r_gt_0,half_pf_gt_1,quarter_pf_gt_1,rolling20_pf_p25_gt_1,simple_bootstrap_p05_gt_1,block_bootstrap_p05_gt_0_9,annual_walk_forward_pass_rate_ge_60pct",competition_aud_usd_ny_open_gap_fade_signalmonth_direction_fade_entryminute_570_exitbarminute_660_ming_5c432e4e,aud_usd,us_treasury_5y_note_futures,ZF,competition_session_edge,direct,False,3,1m,48,2.449551,48,8.948158,0.331844,48,25.000000,-11.507474,-0.239739,11.507474,0.178894,0.073444,0.245320,0.154729,0.185478,4,0.000000,0.064845,2.605185,sl:8;sl_gap:1;time_exit:39,competition_session_edge|family=us_first30_last30_reversal_signalmonth_month_10|direction=opposite|entry=930|exit=945|min_signal_atr=0.75|signal_end=585|signal_start=570|signal_month=10|exec_tf=1m|managed_exit=bracket|rr=3|risk_reward=3
reject,"overall_pf_gt_min,total_r_gt_0,half_pf_gt_1,quarter_pf_gt_1,rolling20_pf_p25_gt_1,simple_bootstrap_p05_gt_1,block_bootstrap_p05_gt_0_9,annual_walk_forward_pass_rate_ge_60pct",competition_aud_usd_ny_open_gap_fade_signalmonth_direction_fade_entryminute_570_exitbarminute_660_ming_5c432e4e,aud_usd,us_treasury_5y_note_futures,ZF,competition_session_edge,direct,False,4,1m,48,2.449551,48,8.948158,0.331844,48,25.000000,-11.507474,-0.239739,11.507474,0.178894,0.073444,0.245320,0.155227,0.184631,4,0.000000,0.064845,3.473579,sl:8;sl_gap:1;time_exit:39,competition_session_edge|family=us_first30_last30_reversal_signalmonth_month_10|direction=opposite|entry=930|exit=945|min_signal_atr=0.75|signal_end=585|signal_start=570|signal_month=10|exec_tf=1m|managed_exit=bracket|rr=4|risk_reward=4
reject,"overall_pf_gt_min,total_r_gt_0,half_pf_gt_1,quarter_pf_gt_1,rolling20_pf_p25_gt_1,simple_bootstrap_p05_gt_1,block_bootstrap_p05_gt_0_9,annual_walk_forward_pass_rate_ge_60pct",competition_aud_usd_ny_open_gap_fade_signalmonth_direction_fade_entryminute_570_exitbarminute_660_ming_5c432e4e,aud_usd,us_treasury_5y_note_futures,ZF,competition_session_edge,direct,False,5,1m,48,2.449551,48,8.948158,0.331844,48,25.000000,-11.507474,-0.239739,11.507474,0.178894,0.073444,0.245320,0.149420,0.188223,4,0.000000,0.064845,4.341974,sl:8;sl_gap:1;time_exit:39,competition_session_edge|family=us_first30_last30_reversal_signalmonth_month_10|direction=opposite|entry=930|exit=945|min_signal_atr=0.75|signal_end=585|signal_start=570|signal_month=10|exec_tf=1m|managed_exit=bracket|rr=5|risk_reward=5
reject,"overall_pf_gt_min,total_r_gt_0,half_pf_gt_1,quarter_pf_gt_1,rolling20_pf_p25_gt_1,simple_bootstrap_p05_gt_1,block_bootstrap_p05_gt_0_9,annual_walk_forward_pass_rate_ge_60pct",competition_aud_usd_ny_open_gap_fade_signalmonth_direction_fade_entryminute_570_exitbarminute_660_ming_5c432e4e,aud_usd,us_treasury_10y_note_futures,ZN,competition_session_edge,direct,False,3,1m,49,2.165646,49,8.207730,0.330320,49,26.530612,-12.521792,-0.255547,12.521792,0.141757,0.134051,0.204970,0.158585,0.146195,4,0.000000,0.115317,2.622982,sl:9;sl_gap:1;time_exit:39,competition_session_edge|family=us_first30_last30_reversal_signalmonth_month_10|direction=opposite|entry=930|exit=945|min_signal_atr=0.75|signal_end=585|signal_start=570|signal_month=10|exec_tf=1m|managed_exit=bracket|rr=3|risk_reward=3
reject,"overall_pf_gt_min,total_r_gt_0,half_pf_gt_1,quarter_pf_gt_1,rolling20_pf_p25_gt_1,simple_bootstrap_p05_gt_1,block_bootstrap_p05_gt_0_9,annual_walk_forward_pass_rate_ge_60pct",competition_aud_usd_ny_open_gap_fade_signalmonth_direction_fade_entryminute_570_exitbarminute_660_ming_5c432e4e,aud_usd,us_treasury_10y_note_futures,ZN,competition_session_edge,direct,False,4,1m,49,2.165646,49,8.207730,0.330320,49,26.530612,-12.521792,-0.255547,12.521792,0.141757,0.134051,0.204970,0.152008,0.153231,4,0.000000,0.115317,3.497309,sl:9;sl_gap:1;time_exit:39,competition_session_edge|family=us_first30_last30_reversal_signalmonth_month_10|direction=opposite|entry=930|exit=945|min_signal_atr=0.75|signal_end=585|signal_start=570|signal_month=10|exec_tf=1m|managed_exit=bracket|rr=4|risk_reward=4
reject,"overall_pf_gt_min,total_r_gt_0,half_pf_gt_1,quarter_pf_gt_1,rolling20_pf_p25_gt_1,simple_bootstrap_p05_gt_1,block_bootstrap_p05_gt_0_9,annual_walk_forward_pass_rate_ge_60pct",competition_aud_usd_ny_open_gap_fade_signalmonth_direction_fade_entryminute_570_exitbarminute_660_ming_5c432e4e,aud_usd,us_treasury_10y_note_futures,ZN,competition_session_edge,direct,False,5,1m,49,2.165646,49,8.207730,0.330320,49,26.530612,-12.521792,-0.255547,12.521792,0.141757,0.134051,0.204970,0.146607,0.142833,4,0.000000,0.115317,4.371637,sl:9;sl_gap:1;time_exit:39,competition_session_edge|family=us_first30_last30_reversal_signalmonth_month_10|direction=opposite|entry=930|exit=945|min_signal_atr=0.75|signal_end=585|signal_start=570|signal_month=10|exec_tf=1m|managed_exit=bracket|rr=5|risk_reward=5
reject,"execution_tf_1m_all_trades,overall_pf_gt_min,total_r_gt_0,half_pf_gt_1,quarter_pf_gt_1,rolling20_pf_p25_gt_1,simple_bootstrap_p05_gt_1,block_bootstrap_p05_gt_0_9,annual_walk_forward_pass_rate_ge_60pct",competition_eur_cad_london_first30_last30_momentum_month_8_c5f12647,eur_cad,micro_bitcoin_futures,MBT,competition_session_edge,opposite,True,4,,53,2.032219,58,18.906985,0.330098,58,27.586207,-18.889023,-0.325673,18.889023,0.245547,0.096558,0.299684,0.161908,0.205807,4,0.000000,0.206724,3.875090,sl:35;sl_gap:2;time_exit:21,competition_session_edge|family=london_first30_last30_momentum_month_8|direction=same|entry=930|exit=945|min_signal_atr=0|signal_end=195|signal_start=180|signal_month=8|exec_tf=1m|managed_exit=bracket|rr=4|risk_reward=4
reject,"execution_tf_1m_all_trades,overall_pf_gt_min,total_r_gt_0,half_pf_gt_1,quarter_pf_gt_1,rolling20_pf_p25_gt_1,simple_bootstrap_p05_gt_1,block_bootstrap_p05_gt_0_9,annual_walk_forward_pass_rate_ge_60pct",competition_eur_cad_london_first30_last30_momentum_month_8_c5f12647,eur_cad,micro_bitcoin_futures,MBT,competition_session_edge,opposite,True,5,,53,2.032219,58,18.906985,0.330098,58,27.586207,-18.889023,-0.325673,18.889023,0.245547,0.096558,0.299684,0.157826,0.213725,4,0.000000,0.206724,4.843862,sl:35;sl_gap:2;time_exit:21,competition_session_edge|family=london_first30_last30_momentum_month_8|direction=same|entry=930|exit=945|min_signal_atr=0|signal_end=195|signal_start=180|signal_month=8|exec_tf=1m|managed_exit=bracket|rr=5|risk_reward=5
reject,"overall_pf_gt_min,total_r_gt_0,half_pf_gt_1,quarter_pf_gt_1,rolling20_pf_p25_gt_1,simple_bootstrap_p05_gt_1,block_bootstrap_p05_gt_0_9,annual_walk_forward_pass_rate_ge_60pct",competition_aud_usd_ny_open_gap_fade_signalmonth_direction_fade_entryminute_570_exitbarminute_660_ming_5c432e4e,aud_usd,gold_futures,GC,competition_session_edge,opposite,True,3,1m,50,2.923868,50,9.440500,0.327008,50,36.000000,-10.458505,-0.209170,10.806131,0.303958,0.206487,0.266596,0.165502,0.150905,4,0.000000,0.206487,2.948158,sl:8;time_exit:42,competition_session_edge|family=us_first30_last30_reversal_signalmonth_month_10|direction=opposite|entry=930|exit=945|min_signal_atr=0.75|signal_end=585|signal_start=570|signal_month=10|exec_tf=1m|managed_exit=bracket|rr=3|risk_reward=3
reject,"overall_pf_gt_min,total_r_gt_0,half_pf_gt_1,quarter_pf_gt_1,rolling20_pf_p25_gt_1,simple_bootstrap_p05_gt_1,block_bootstrap_p05_gt_0_9,annual_walk_forward_pass_rate_ge_60pct",competition_aud_usd_ny_open_gap_fade_signalmonth_direction_fade_entryminute_570_exitbarminute_660_ming_5c432e4e,aud_usd,gold_futures,GC,competition_session_edge,opposite,True,4,1m,50,2.923868,50,9.440500,0.327008,50,36.000000,-10.458505,-0.209170,10.806131,0.303958,0.206487,0.266596,0.166718,0.155311,4,0.000000,0.206487,3.930877,sl:8;time_exit:42,competition_session_edge|family=us_first30_last30_reversal_signalmonth_month_10|direction=opposite|entry=930|exit=945|min_signal_atr=0.75|signal_end=585|signal_start=570|signal_month=10|exec_tf=1m|managed_exit=bracket|rr=4|risk_reward=4
reject,"overall_pf_gt_min,total_r_gt_0,half_pf_gt_1,quarter_pf_gt_1,rolling20_pf_p25_gt_1,simple_bootstrap_p05_gt_1,block_bootstrap_p05_gt_0_9,annual_walk_forward_pass_rate_ge_60pct",competition_aud_usd_ny_open_gap_fade_signalmonth_direction_fade_entryminute_570_exitbarminute_660_ming_5c432e4e,aud_usd,gold_futures,GC,competition_session_edge,opposite,True,5,1m,50,2.923868,50,9.440500,0.327008,50,36.000000,-10.458505,-0.209170,10.806131,0.303958,0.206487,0.266596,0.162772,0.152712,4,0.000000,0.206487,4.913596,sl:8;time_exit:42,competition_session_edge|family=us_first30_last30_reversal_signalmonth_month_10|direction=opposite|entry=930|exit=945|min_signal_atr=0.75|signal_end=585|signal_start=570|signal_month=10|exec_tf=1m|managed_exit=bracket|rr=5|risk_reward=5
reject,"overall_pf_gt_min,total_r_gt_0,half_pf_gt_1,quarter_pf_gt_1,rolling20_pf_p25_gt_1,simple_bootstrap_p05_gt_1,block_bootstrap_p05_gt_0_9,annual_walk_forward_pass_rate_ge_60pct",competition_aud_usd_ny_open_gap_fade_signalmonth_direction_fade_entryminute_570_exitbarminute_660_ming_5c432e4e,aud_usd,us_treasury_30y_bond_futures,ZB,competition_session_edge,direct,False,3,1m,46,2.211035,46,9.754539,0.312778,46,28.260870,-13.747535,-0.298859,14.363547,0.225245,0.172312,0.179074,0.151994,0.141231,4,0.000000,0.183164,2.626466,sl:14;sl_gap:1;time_exit:31,competition_session_edge|family=us_first30_last30_reversal_signalmonth_month_10|direction=opposite|entry=930|exit=945|min_signal_atr=0.75|signal_end=585|signal_start=570|signal_month=10|exec_tf=1m|managed_exit=bracket|rr=3|risk_reward=3
reject,"overall_pf_gt_min,total_r_gt_0,half_pf_gt_1,quarter_pf_gt_1,rolling20_pf_p25_gt_1,simple_bootstrap_p05_gt_1,block_bootstrap_p05_gt_0_9,annual_walk_forward_pass_rate_ge_60pct",competition_aud_usd_ny_open_gap_fade_signalmonth_direction_fade_entryminute_570_exitbarminute_660_ming_5c432e4e,aud_usd,us_treasury_30y_bond_futures,ZB,competition_session_edge,direct,False,4,1m,46,2.211035,46,9.754539,0.312778,46,28.260870,-13.747535,-0.298859,14.363547,0.225245,0.172312,0.179074,0.153885,0.145989,4,0.000000,0.183164,3.501955,sl:14;sl_gap:1;time_exit:31,competition_session_edge|family=us_first30_last30_reversal_signalmonth_month_10|direction=opposite|entry=930|exit=945|min_signal_atr=0.75|signal_end=585|signal_start=570|signal_month=10|exec_tf=1m|managed_exit=bracket|rr=4|risk_reward=4
reject,"overall_pf_gt_min,total_r_gt_0,half_pf_gt_1,quarter_pf_gt_1,rolling20_pf_p25_gt_1,simple_bootstrap_p05_gt_1,block_bootstrap_p05_gt_0_9,annual_walk_forward_pass_rate_ge_60pct",competition_aud_usd_ny_open_gap_fade_signalmonth_direction_fade_entryminute_570_exitbarminute_660_ming_5c432e4e,aud_usd,us_treasury_30y_bond_futures,ZB,competition_session_edge,direct,False,5,1m,46,2.211035,46,9.754539,0.312778,46,28.260870,-13.747535,-0.298859,14.363547,0.225245,0.172312,0.179074,0.165612,0.151980,4,0.000000,0.183164,4.377443,sl:14;sl_gap:1;time_exit:31,competition_session_edge|family=us_first30_last30_reversal_signalmonth_month_10|direction=opposite|entry=930|exit=945|min_signal_atr=0.75|signal_end=585|signal_start=570|signal_month=10|exec_tf=1m|managed_exit=bracket|rr=5|risk_reward=5
reject,"execution_tf_1m_all_trades,overall_pf_gt_min,total_r_gt_0,half_pf_gt_1,quarter_pf_gt_1,rolling20_pf_p25_gt_1,simple_bootstrap_p05_gt_1,block_bootstrap_p05_gt_0_9,annual_walk_forward_pass_rate_ge_60pct",competition_aud_usd_us_first30_last30_momentum_month_9_xasset_rr_5_629d8cc5,aud_usd,natural_gas_futures,NG,competition_session_edge,opposite,True,3,,54,3.048176,56,8.538637,0.291114,56,32.142857,-9.556922,-0.170659,10.681507,0.216514,0.159024,0.160854,0.144546,0.133158,4,0.000000,0.143842,2.906232,sl:4;time_exit:52,competition_session_edge|family=us_first30_last30_momentum_month_9|direction=same|entry=930|exit=945|min_signal_atr=0.5|signal_end=585|signal_start=570|signal_month=9|exec_tf=1m|managed_exit=bracket|rr=3|risk_reward=3
reject,"execution_tf_1m_all_trades,overall_pf_gt_min,total_r_gt_0,half_pf_gt_1,quarter_pf_gt_1,rolling20_pf_p25_gt_1,simple_bootstrap_p05_gt_1,block_bootstrap_p05_gt_0_9,annual_walk_forward_pass_rate_ge_60pct",competition_aud_usd_us_first30_last30_momentum_month_9_xasset_rr_5_629d8cc5,aud_usd,natural_gas_futures,NG,competition_session_edge,opposite,True,4,,54,3.048176,56,8.538637,0.291114,56,32.142857,-9.556922,-0.170659,10.681507,0.216514,0.159024,0.160854,0.152540,0.140170,4,0.000000,0.143842,3.874977,sl:4;time_exit:52,competition_session_edge|family=us_first30_last30_momentum_month_9|direction=same|entry=930|exit=945|min_signal_atr=0.5|signal_end=585|signal_start=570|signal_month=9|exec_tf=1m|managed_exit=bracket|rr=4|risk_reward=4
reject,"execution_tf_1m_all_trades,overall_pf_gt_min,total_r_gt_0,half_pf_gt_1,quarter_pf_gt_1,rolling20_pf_p25_gt_1,simple_bootstrap_p05_gt_1,block_bootstrap_p05_gt_0_9,annual_walk_forward_pass_rate_ge_60pct",competition_aud_usd_us_first30_last30_momentum_month_9_xasset_rr_5_629d8cc5,aud_usd,natural_gas_futures,NG,competition_session_edge,opposite,True,5,,54,3.048176,56,8.538637,0.291114,56,32.142857,-9.556922,-0.170659,10.681507,0.216514,0.159024,0.160854,0.141851,0.133671,4,0.000000,0.143842,4.843721,sl:4;time_exit:52,competition_session_edge|family=us_first30_last30_momentum_month_9|direction=same|entry=930|exit=945|min_signal_atr=0.5|signal_end=585|signal_start=570|signal_month=9|exec_tf=1m|managed_exit=bracket|rr=5|risk_reward=5
