status,failed_checks,base_strategy_id,base_asset_key,target_asset_key,target_symbol,phase,direction,invert_signal,rr,execution_timeframe,one_minute_refined_trades,source_best_pf,source_best_trades,source_best_total_r,pf,trades,win_rate_pct,total_r,avg_r,max_drawdown_r,min_half_pf,min_quarter_pf,rolling20_pf_p25,bootstrap_pf_p05,block_bootstrap_pf_p05,annual_windows,annual_pass_rate,worst_annual_pf,min_planned_rr,exit_reasons,variant_id
robust,,competition_aud_usd_ny_open_gap_fade_signalmonth_direction_fade_entryminute_570_exitbarminute_660_ming_5c432e4e,aud_usd,gold_futures,GC,competition_session_edge,best,False,3,1m,50,2.923868,50,9.440500,2.923868,50,62.000000,9.440500,0.188810,1.190585,2.764355,2.022847,2.543047,1.610545,1.795441,4,1.000000,2.022847,2.948158,sl:1;time_exit:49,competition_session_edge|family=us_first30_last30_reversal_signalmonth_month_10|direction=opposite|entry=930|exit=945|min_signal_atr=0.75|signal_end=585|signal_start=570|signal_month=10|exec_tf=1m|managed_exit=bracket|rr=3|risk_reward=3
robust,,competition_aud_usd_ny_open_gap_fade_signalmonth_direction_fade_entryminute_570_exitbarminute_660_ming_5c432e4e,aud_usd,gold_futures,GC,competition_session_edge,best,False,4,1m,50,2.923868,50,9.440500,2.923868,50,62.000000,9.440500,0.188810,1.190585,2.764355,2.022847,2.543047,1.622546,1.812594,4,1.000000,2.022847,3.930877,sl:1;time_exit:49,competition_session_edge|family=us_first30_last30_reversal_signalmonth_month_10|direction=opposite|entry=930|exit=945|min_signal_atr=0.75|signal_end=585|signal_start=570|signal_month=10|exec_tf=1m|managed_exit=bracket|rr=4|risk_reward=4
robust,,competition_aud_usd_ny_open_gap_fade_signalmonth_direction_fade_entryminute_570_exitbarminute_660_ming_5c432e4e,aud_usd,gold_futures,GC,competition_session_edge,best,False,5,1m,50,2.923868,50,9.440500,2.923868,50,62.000000,9.440500,0.188810,1.190585,2.764355,2.022847,2.543047,1.679120,1.882759,4,1.000000,2.022847,4.913596,sl:1;time_exit:49,competition_session_edge|family=us_first30_last30_reversal_signalmonth_month_10|direction=opposite|entry=930|exit=945|min_signal_atr=0.75|signal_end=585|signal_start=570|signal_month=10|exec_tf=1m|managed_exit=bracket|rr=5|risk_reward=5
robust,,competition_aud_usd_london_first30_ny_open_momentum_weekday_side_0_short_xasset_rr_5_3aca24b7,aud_usd,canadian_dollar_futures,6C,competition_session_edge,best,False,3,1m,98,2.332327,98,72.220340,2.508625,98,47.959184,75.813067,0.773603,5.247449,2.427378,1.407716,1.711798,1.754357,1.846593,5,0.800000,0.618103,2.582955,sl:44;sl_gap:6;time_exit:9;tp:36;tp_gap:3,competition_session_edge|family=london_first30_ny_open_momentum_weekday_side_0_short|direction=same|entry=480|exit=570|min_signal_atr=0|signal_end=195|signal_start=180|signal_weekday_side=0_short|exec_tf=1m|managed_exit=bracket|rr=3|risk_reward=3
robust,,competition_aud_usd_london_first30_ny_open_momentum_weekday_side_0_short_xasset_rr_5_3aca24b7,aud_usd,australian_dollar_futures,6A,competition_session_edge,best,False,5,1m,95,2.371486,95,58.822147,2.371486,95,50.526316,58.822147,0.619180,5.099443,2.133784,1.640349,2.293310,1.607742,1.628346,5,0.800000,0.650464,4.401573,sl:38;sl_gap:3;time_exit:48;tp:6,competition_session_edge|family=london_first30_ny_open_momentum_weekday_side_0_short|direction=same|entry=480|exit=570|min_signal_atr=0|signal_end=195|signal_start=180|signal_weekday_side=0_short|exec_tf=1m|managed_exit=bracket|rr=5|risk_reward=5
robust,,competition_aud_usd_london_first30_ny_open_momentum_weekday_side_0_short_xasset_rr_5_3aca24b7,aud_usd,australian_dollar_futures,6A,competition_session_edge,best,False,3,1m,95,2.371486,95,58.822147,2.346592,95,53.684211,55.347314,0.582603,5.099443,2.148788,1.740233,2.193432,1.572155,1.702072,5,0.800000,0.650464,2.640944,sl:37;sl_gap:3;time_exit:36;tp:19,competition_session_edge|family=london_first30_ny_open_momentum_weekday_side_0_short|direction=same|entry=480|exit=570|min_signal_atr=0|signal_end=195|signal_start=180|signal_weekday_side=0_short|exec_tf=1m|managed_exit=bracket|rr=3|risk_reward=3
robust,,competition_aud_usd_london_first30_ny_open_momentum_weekday_side_0_short_xasset_rr_5_3aca24b7,aud_usd,canadian_dollar_futures,6C,competition_session_edge,best,False,5,1m,98,2.332327,98,72.220340,2.332327,98,43.877551,72.220340,0.736942,5.247449,2.273522,1.360159,1.900325,1.609057,1.810557,5,0.800000,0.077263,4.304925,sl:48;sl_gap:6;time_exit:33;tp:11,competition_session_edge|family=london_first30_ny_open_momentum_weekday_side_0_short|direction=same|entry=480|exit=570|min_signal_atr=0|signal_end=195|signal_start=180|signal_weekday_side=0_short|exec_tf=1m|managed_exit=bracket|rr=5|risk_reward=5
robust,,competition_aud_usd_london_first30_ny_open_momentum_weekday_side_0_short_xasset_rr_5_3aca24b7,aud_usd,australian_dollar_futures,6A,competition_session_edge,best,False,4,1m,95,2.371486,95,58.822147,2.282528,95,50.526316,55.006809,0.579019,5.099443,2.062201,1.553102,2.236041,1.495810,1.597139,5,0.800000,0.650464,3.521259,sl:38;sl_gap:3;time_exit:43;tp:11,competition_session_edge|family=london_first30_ny_open_momentum_weekday_side_0_short|direction=same|entry=480|exit=570|min_signal_atr=0|signal_end=195|signal_start=180|signal_weekday_side=0_short|exec_tf=1m|managed_exit=bracket|rr=4|risk_reward=4
robust,,competition_aud_usd_london_first30_ny_open_momentum_weekday_side_0_short_xasset_rr_5_3aca24b7,aud_usd,canadian_dollar_futures,6C,competition_session_edge,best,False,4,1m,98,2.332327,98,72.220340,2.274709,98,43.877551,69.097045,0.705072,5.247449,2.131333,1.166523,1.700472,1.533466,1.743102,5,0.800000,0.077263,3.443940,sl:48;sl_gap:6;time_exit:23;tp:20;tp_gap:1,competition_session_edge|family=london_first30_ny_open_momentum_weekday_side_0_short|direction=same|entry=480|exit=570|min_signal_atr=0|signal_end=195|signal_start=180|signal_weekday_side=0_short|exec_tf=1m|managed_exit=bracket|rr=4|risk_reward=4
robust,,competition_aud_nzd_daily_tsmom_next_overnight_weekday_side_4_long_0aa8225f,aud_nzd,gold_futures,GC,competition_session_edge,best,False,5,1m,90,2.096973,90,21.519755,2.203984,90,53.333333,41.632252,0.462581,6.039543,2.023792,1.779918,1.844062,1.417398,1.385645,5,1.000000,1.117135,4.876358,sl:25;sl_gap:7;time_exit:53;tp:2;tp_gap:3,competition_session_edge|family=daily_tsmom_next_overnight_weekday_side_4_long|direction=contrarian|entry=945|exit=945|lookback=5|signal_weekday_side=4_long|exec_tf=1m|managed_exit=bracket|rr=5|risk_reward=5
robust,,competition_aud_nzd_daily_tsmom_next_overnight_weekday_side_4_long_0aa8225f,aud_nzd,us_treasury_5y_note_futures,ZF,competition_session_edge,best,True,5,1m,125,1.801945,125,28.026416,2.104107,125,45.600000,66.320744,0.530566,11.433400,2.015692,1.866254,1.561837,1.505876,1.381936,5,1.000000,1.777414,4.285793,sl:45;sl_gap:12;time_exit:59;tp:7;tp_gap:2,competition_session_edge|family=daily_tsmom_next_overnight_weekday_side_4_long|direction=contrarian|entry=945|exit=945|lookback=5|signal_weekday_side=4_long|exec_tf=1m|managed_exit=bracket|rr=5|risk_reward=5
robust,,competition_aud_nzd_daily_tsmom_next_overnight_weekday_side_4_long_0aa8225f,aud_nzd,gold_futures,GC,competition_session_edge,best,False,4,1m,90,2.096973,90,21.519755,2.080316,90,53.333333,37.355970,0.415066,6.438461,1.890475,1.652065,1.742106,1.305445,1.345795,5,1.000000,1.037323,3.901086,sl:25;sl_gap:7;time_exit:50;tp:4;tp_gap:4,competition_session_edge|family=daily_tsmom_next_overnight_weekday_side_4_long|direction=contrarian|entry=945|exit=945|lookback=5|signal_weekday_side=4_long|exec_tf=1m|managed_exit=bracket|rr=4|risk_reward=4
robust,,competition_aud_nzd_daily_tsmom_next_overnight_weekday_side_4_long_0aa8225f,aud_nzd,us_treasury_2y_note_futures,ZT,competition_session_edge,best,True,5,1m,127,2.005614,127,34.255710,2.043816,127,43.307087,64.689930,0.509370,8.696131,1.857974,1.707614,1.419809,1.459789,1.440598,5,1.000000,1.536742,4.132552,sl:42;sl_gap:18;time_exit:59;tp:7;tp_gap:1,competition_session_edge|family=daily_tsmom_next_overnight_weekday_side_4_long|direction=contrarian|entry=945|exit=945|lookback=5|signal_weekday_side=4_long|exec_tf=1m|managed_exit=bracket|rr=5|risk_reward=5
robust,,competition_aud_nzd_daily_tsmom_next_overnight_weekday_side_4_long_0aa8225f,aud_nzd,us_treasury_5y_note_futures,ZF,competition_session_edge,best,True,4,1m,125,1.801945,125,28.026416,2.024634,125,45.600000,61.547029,0.492376,11.433400,1.907235,1.767297,1.403576,1.445530,1.335290,5,1.000000,1.503598,3.428634,sl:45;sl_gap:12;time_exit:53;tp:12;tp_gap:3,competition_session_edge|family=daily_tsmom_next_overnight_weekday_side_4_long|direction=contrarian|entry=945|exit=945|lookback=5|signal_weekday_side=4_long|exec_tf=1m|managed_exit=bracket|rr=4|risk_reward=4
qualified_watch,execution_tf_1m_all_trades,competition_aud_usd_us_first30_last30_momentum_month_9_xasset_rr_5_629d8cc5,aud_usd,natural_gas_futures,NG,competition_session_edge,best,False,4,,54,3.048176,56,8.538637,3.619594,56,60.714286,10.920819,0.195015,1.169195,2.179564,1.955240,2.165676,1.788973,2.424117,4,1.000000,1.522226,3.874977,sl:1;time_exit:54;tp:1,competition_session_edge|family=us_first30_last30_momentum_month_9|direction=same|entry=930|exit=945|min_signal_atr=0.5|signal_end=585|signal_start=570|signal_month=9|exec_tf=1m|managed_exit=bracket|rr=4|risk_reward=4
qualified_watch,execution_tf_1m_all_trades,competition_aud_usd_us_first30_last30_momentum_month_9_xasset_rr_5_629d8cc5,aud_usd,natural_gas_futures,NG,competition_session_edge,best,False,3,,54,3.048176,56,8.538637,3.381503,56,60.714286,9.928243,0.177290,1.169195,2.179564,1.955240,2.165676,1.719974,2.299261,4,1.000000,1.522226,2.906232,sl:1;time_exit:54;tp:1,competition_session_edge|family=us_first30_last30_momentum_month_9|direction=same|entry=930|exit=945|min_signal_atr=0.5|signal_end=585|signal_start=570|signal_month=9|exec_tf=1m|managed_exit=bracket|rr=3|risk_reward=3
qualified_watch,execution_tf_1m_all_trades,competition_aud_usd_us_first30_last30_momentum_month_9_xasset_rr_5_629d8cc5,aud_usd,natural_gas_futures,NG,competition_session_edge,best,False,5,,54,3.048176,56,8.538637,3.048176,56,60.714286,8.538637,0.152476,1.169195,2.179564,1.955240,2.165676,1.635626,2.226061,4,1.000000,1.522226,4.843721,sl:1;time_exit:55,competition_session_edge|family=us_first30_last30_momentum_month_9|direction=same|entry=930|exit=945|min_signal_atr=0.5|signal_end=585|signal_start=570|signal_month=9|exec_tf=1m|managed_exit=bracket|rr=5|risk_reward=5
qualified_watch,quarter_pf_gt_1,competition_aud_usd_ny_open_gap_fade_signalmonth_direction_fade_entryminute_570_exitbarminute_660_ming_5c432e4e,aud_usd,british_pound_futures,6B,competition_session_edge,best,False,4,1m,39,2.782680,39,8.878714,2.782680,39,58.974359,8.878714,0.227659,0.973474,2.665830,0.945222,1.433781,1.186667,1.208104,4,1.000000,1.714552,3.694639,sl:1;time_exit:37;tp:1,competition_session_edge|family=us_first30_last30_reversal_signalmonth_month_10|direction=opposite|entry=930|exit=945|min_signal_atr=0.75|signal_end=585|signal_start=570|signal_month=10|exec_tf=1m|managed_exit=bracket|rr=4|risk_reward=4
qualified_watch,quarter_pf_gt_1,competition_aud_usd_ny_open_gap_fade_signalmonth_direction_fade_entryminute_570_exitbarminute_660_ming_5c432e4e,aud_usd,british_pound_futures,6B,competition_session_edge,best,False,5,1m,39,2.782680,39,8.878714,2.782680,39,58.974359,8.878714,0.227659,0.973474,2.665830,0.945222,1.433781,1.183871,1.242375,4,1.000000,1.714552,4.618299,sl:1;time_exit:38,competition_session_edge|family=us_first30_last30_reversal_signalmonth_month_10|direction=opposite|entry=930|exit=945|min_signal_atr=0.75|signal_end=585|signal_start=570|signal_month=10|exec_tf=1m|managed_exit=bracket|rr=5|risk_reward=5
qualified_watch,execution_tf_1m_all_trades,competition_aud_usd_ny_open_gap_fade_signalmonth_direction_fade_entryminute_570_exitbarminute_660_ming_5c432e4e,aud_usd,us_treasury_2y_note_futures,ZT,competition_session_edge,best,True,3,,44,2.346937,45,9.062682,2.741556,45,55.555556,11.717824,0.260396,1.931834,1.578979,1.242599,1.946129,1.496876,1.504775,4,1.000000,1.433010,2.504493,sl:1;time_exit:43;tp:1,competition_session_edge|family=us_first30_last30_reversal_signalmonth_month_10|direction=opposite|entry=930|exit=945|min_signal_atr=0.75|signal_end=585|signal_start=570|signal_month=10|exec_tf=1m|managed_exit=bracket|rr=3|risk_reward=3
qualified_watch,quarter_pf_gt_1,competition_aud_usd_ny_open_gap_fade_signalmonth_direction_fade_entryminute_570_exitbarminute_660_ming_5c432e4e,aud_usd,british_pound_futures,6B,competition_session_edge,best,False,3,1m,39,2.782680,39,8.878714,2.573634,39,58.974359,7.837549,0.200963,0.973474,2.305345,0.945222,1.433781,1.229782,1.260996,4,1.000000,1.714552,2.770980,sl:1;time_exit:37;tp:1,competition_session_edge|family=us_first30_last30_reversal_signalmonth_month_10|direction=opposite|entry=930|exit=945|min_signal_atr=0.75|signal_end=585|signal_start=570|signal_month=10|exec_tf=1m|managed_exit=bracket|rr=3|risk_reward=3
qualified_watch,quarter_pf_gt_1,competition_aud_usd_ny_open_gap_fade_signalmonth_direction_fade_entryminute_570_exitbarminute_660_ming_5c432e4e,aud_usd,us_treasury_5y_note_futures,ZF,competition_session_edge,best,True,3,1m,48,2.449551,48,8.948158,2.449551,48,60.416667,8.948158,0.186420,2.328698,1.117337,0.848645,1.030114,1.331246,1.119123,4,0.750000,0.512683,2.605185,sl:2;time_exit:46,competition_session_edge|family=us_first30_last30_reversal_signalmonth_month_10|direction=opposite|entry=930|exit=945|min_signal_atr=0.75|signal_end=585|signal_start=570|signal_month=10|exec_tf=1m|managed_exit=bracket|rr=3|risk_reward=3
qualified_watch,quarter_pf_gt_1,competition_aud_usd_ny_open_gap_fade_signalmonth_direction_fade_entryminute_570_exitbarminute_660_ming_5c432e4e,aud_usd,us_treasury_5y_note_futures,ZF,competition_session_edge,best,True,4,1m,48,2.449551,48,8.948158,2.449551,48,60.416667,8.948158,0.186420,2.328698,1.117337,0.848645,1.030114,1.313682,1.035847,4,0.750000,0.512683,3.473579,sl:2;time_exit:46,competition_session_edge|family=us_first30_last30_reversal_signalmonth_month_10|direction=opposite|entry=930|exit=945|min_signal_atr=0.75|signal_end=585|signal_start=570|signal_month=10|exec_tf=1m|managed_exit=bracket|rr=4|risk_reward=4
qualified_watch,quarter_pf_gt_1,competition_aud_usd_ny_open_gap_fade_signalmonth_direction_fade_entryminute_570_exitbarminute_660_ming_5c432e4e,aud_usd,us_treasury_5y_note_futures,ZF,competition_session_edge,best,True,5,1m,48,2.449551,48,8.948158,2.449551,48,60.416667,8.948158,0.186420,2.328698,1.117337,0.848645,1.030114,1.331347,1.085735,4,0.750000,0.512683,4.341974,sl:2;time_exit:46,competition_session_edge|family=us_first30_last30_reversal_signalmonth_month_10|direction=opposite|entry=930|exit=945|min_signal_atr=0.75|signal_end=585|signal_start=570|signal_month=10|exec_tf=1m|managed_exit=bracket|rr=5|risk_reward=5
qualified_watch,execution_tf_1m_all_trades,competition_eur_chf_ny_open_gap_fade_month_9_5044d21c,eur_chf,micro_ether_futures,MET,competition_session_edge,best,True,4,,40,1.754756,49,10.979029,2.419009,49,48.979592,33.968412,0.693233,5.590879,2.120079,1.186926,1.942290,1.427582,1.332362,3,1.000000,1.723396,3.774984,sl:17;sl_gap:6;time_exit:15;tp:8;tp_gap:3,competition_session_edge|family=ny_open_gap_fade_month_9|direction=fade|entry=570|exit=660|min_gap_atr=0.25|signal_month=9|exec_tf=1m|managed_exit=bracket|rr=4|risk_reward=4
qualified_watch,"execution_tf_1m_all_trades,quarter_pf_gt_1,rolling20_pf_p25_gt_1",competition_aud_usd_ny_open_gap_fade_signalmonth_direction_fade_entryminute_570_exitbarminute_660_ming_5c432e4e,aud_usd,new_zealand_dollar_futures,6N,competition_session_edge,best,False,4,,43,2.365319,47,8.532723,2.365319,47,59.574468,8.532723,0.181547,2.677983,1.181126,0.940017,0.960615,1.117995,0.937246,4,0.750000,0.476616,3.773138,sl:1;time_exit:46,competition_session_edge|family=us_first30_last30_reversal_signalmonth_month_10|direction=opposite|entry=930|exit=945|min_signal_atr=0.75|signal_end=585|signal_start=570|signal_month=10|exec_tf=1m|managed_exit=bracket|rr=4|risk_reward=4
qualified_watch,"execution_tf_1m_all_trades,quarter_pf_gt_1,rolling20_pf_p25_gt_1",competition_aud_usd_ny_open_gap_fade_signalmonth_direction_fade_entryminute_570_exitbarminute_660_ming_5c432e4e,aud_usd,new_zealand_dollar_futures,6N,competition_session_edge,best,False,5,,43,2.365319,47,8.532723,2.365319,47,59.574468,8.532723,0.181547,2.677983,1.181126,0.940017,0.960615,1.310603,0.963696,4,0.750000,0.476616,4.716423,sl:1;time_exit:46,competition_session_edge|family=us_first30_last30_reversal_signalmonth_month_10|direction=opposite|entry=930|exit=945|min_signal_atr=0.75|signal_end=585|signal_start=570|signal_month=10|exec_tf=1m|managed_exit=bracket|rr=5|risk_reward=5
qualified_watch,execution_tf_1m_all_trades,competition_aud_usd_ny_open_gap_fade_signalmonth_direction_fade_entryminute_570_exitbarminute_660_ming_5c432e4e,aud_usd,us_treasury_2y_note_futures,ZT,competition_session_edge,best,True,4,,44,2.346937,45,9.062682,2.346937,45,53.333333,9.062682,0.201393,1.931834,1.578979,1.242599,1.946129,1.207490,1.369224,4,1.000000,1.433010,3.339324,sl:1;time_exit:44,competition_session_edge|family=us_first30_last30_reversal_signalmonth_month_10|direction=opposite|entry=930|exit=945|min_signal_atr=0.75|signal_end=585|signal_start=570|signal_month=10|exec_tf=1m|managed_exit=bracket|rr=4|risk_reward=4
qualified_watch,execution_tf_1m_all_trades,competition_aud_usd_ny_open_gap_fade_signalmonth_direction_fade_entryminute_570_exitbarminute_660_ming_5c432e4e,aud_usd,us_treasury_2y_note_futures,ZT,competition_session_edge,best,True,5,,44,2.346937,45,9.062682,2.346937,45,53.333333,9.062682,0.201393,1.931834,1.578979,1.242599,1.946129,1.199698,1.332836,4,1.000000,1.433010,4.174154,sl:1;time_exit:44,competition_session_edge|family=us_first30_last30_reversal_signalmonth_month_10|direction=opposite|entry=930|exit=945|min_signal_atr=0.75|signal_end=585|signal_start=570|signal_month=10|exec_tf=1m|managed_exit=bracket|rr=5|risk_reward=5
qualified_watch,execution_tf_1m_all_trades,competition_eur_cad_london_first30_last30_momentum_month_8_c5f12647,eur_cad,micro_bitcoin_futures,MBT,competition_session_edge,best,False,5,,53,2.032219,58,18.906985,2.320580,58,44.827586,20.769847,0.358101,3.676902,2.288804,1.158723,1.571776,1.326925,1.249033,4,1.000000,1.291103,4.843862,sl:25;sl_gap:1;time_exit:30;tp:2,competition_session_edge|family=london_first30_last30_momentum_month_8|direction=same|entry=930|exit=945|min_signal_atr=0|signal_end=195|signal_start=180|signal_month=8|exec_tf=1m|managed_exit=bracket|rr=5|risk_reward=5
qualified_watch,execution_tf_1m_all_trades,competition_aud_usd_us_first30_last30_momentum_month_9_xasset_rr_5_629d8cc5,aud_usd,australian_dollar_futures,6A,competition_session_edge,best,False,5,,52,2.310101,53,10.590692,2.310101,53,58.490566,10.590692,0.199824,1.430029,2.037862,1.285758,1.998978,1.059949,1.277044,4,1.000000,1.493472,4.415501,sl:4;time_exit:48;tp:1,competition_session_edge|family=us_first30_last30_momentum_month_9|direction=same|entry=930|exit=945|min_signal_atr=0.5|signal_end=585|signal_start=570|signal_month=9|exec_tf=1m|managed_exit=bracket|rr=5|risk_reward=5
qualified_watch,execution_tf_1m_all_trades,competition_aud_nzd_london_first30_last30_reversal_weekday_side_0_long_2e0ed4d2,aud_nzd,micro_ether_futures,MET,competition_session_edge,best,True,3,,31,2.410703,37,10.024539,2.304813,37,59.459459,14.670129,0.396490,2.984651,1.908036,1.677951,1.699375,1.208407,1.350141,4,1.000000,1.183896,2.849215,sl:6;sl_gap:3;time_exit:24;tp:4,competition_session_edge|family=london_first30_last30_reversal_weekday_side_0_long|direction=opposite|entry=930|exit=945|min_signal_atr=0.35|signal_end=195|signal_start=180|signal_weekday_side=0_long|exec_tf=1m|managed_exit=bracket|rr=3|risk_reward=3
qualified_watch,"execution_tf_1m_all_trades,quarter_pf_gt_1,rolling20_pf_p25_gt_1",competition_aud_usd_ny_open_gap_fade_signalmonth_direction_fade_entryminute_570_exitbarminute_660_ming_5c432e4e,aud_usd,new_zealand_dollar_futures,6N,competition_session_edge,best,False,3,,43,2.365319,47,8.532723,2.286069,47,59.574468,8.037438,0.171009,2.677983,1.181126,0.940017,0.960615,1.168409,0.915524,4,0.750000,0.476616,2.829854,sl:1;time_exit:45;tp:1,competition_session_edge|family=us_first30_last30_reversal_signalmonth_month_10|direction=opposite|entry=930|exit=945|min_signal_atr=0.75|signal_end=585|signal_start=570|signal_month=10|exec_tf=1m|managed_exit=bracket|rr=3|risk_reward=3
qualified_watch,execution_tf_1m_all_trades,competition_eur_chf_ny_open_gap_fade_month_9_5044d21c,eur_chf,micro_ether_futures,MET,competition_session_edge,best,True,3,,40,1.754756,49,10.979029,2.227049,49,48.979592,29.373262,0.599454,5.590879,2.107344,1.491227,1.926686,1.343557,1.383519,3,1.000000,1.670008,2.831238,sl:17;sl_gap:6;time_exit:10;tp:14;tp_gap:2,competition_session_edge|family=ny_open_gap_fade_month_9|direction=fade|entry=570|exit=660|min_gap_atr=0.25|signal_month=9|exec_tf=1m|managed_exit=bracket|rr=3|risk_reward=3
qualified_watch,quarter_pf_gt_1,competition_aud_usd_ny_open_gap_fade_signalmonth_direction_fade_entryminute_570_exitbarminute_660_ming_5c432e4e,aud_usd,us_treasury_30y_bond_futures,ZB,competition_session_edge,best,True,3,1m,46,2.211035,46,9.754539,2.211035,46,58.695652,9.754539,0.212055,2.313752,1.609676,0.982990,1.405275,1.225128,1.296422,4,1.000000,1.164017,2.626466,sl:4;time_exit:42,competition_session_edge|family=us_first30_last30_reversal_signalmonth_month_10|direction=opposite|entry=930|exit=945|min_signal_atr=0.75|signal_end=585|signal_start=570|signal_month=10|exec_tf=1m|managed_exit=bracket|rr=3|risk_reward=3
qualified_watch,quarter_pf_gt_1,competition_aud_usd_ny_open_gap_fade_signalmonth_direction_fade_entryminute_570_exitbarminute_660_ming_5c432e4e,aud_usd,us_treasury_30y_bond_futures,ZB,competition_session_edge,best,True,4,1m,46,2.211035,46,9.754539,2.211035,46,58.695652,9.754539,0.212055,2.313752,1.609676,0.982990,1.405275,1.246927,1.286292,4,1.000000,1.164017,3.501955,sl:4;time_exit:42,competition_session_edge|family=us_first30_last30_reversal_signalmonth_month_10|direction=opposite|entry=930|exit=945|min_signal_atr=0.75|signal_end=585|signal_start=570|signal_month=10|exec_tf=1m|managed_exit=bracket|rr=4|risk_reward=4
qualified_watch,quarter_pf_gt_1,competition_aud_usd_ny_open_gap_fade_signalmonth_direction_fade_entryminute_570_exitbarminute_660_ming_5c432e4e,aud_usd,us_treasury_30y_bond_futures,ZB,competition_session_edge,best,True,5,1m,46,2.211035,46,9.754539,2.211035,46,58.695652,9.754539,0.212055,2.313752,1.609676,0.982990,1.405275,1.219419,1.328296,4,1.000000,1.164017,4.377443,sl:4;time_exit:42,competition_session_edge|family=us_first30_last30_reversal_signalmonth_month_10|direction=opposite|entry=930|exit=945|min_signal_atr=0.75|signal_end=585|signal_start=570|signal_month=10|exec_tf=1m|managed_exit=bracket|rr=5|risk_reward=5
qualified_watch,execution_tf_1m_all_trades,competition_eur_cad_london_first30_last30_momentum_month_8_c5f12647,eur_cad,micro_bitcoin_futures,MBT,competition_session_edge,best,False,4,,53,2.032219,58,18.906985,2.186102,58,44.827586,18.654804,0.321635,3.676902,2.173392,1.158723,1.452746,1.183360,1.235617,4,1.000000,1.291103,3.875090,sl:25;sl_gap:1;time_exit:28;tp:4,competition_session_edge|family=london_first30_last30_momentum_month_8|direction=same|entry=930|exit=945|min_signal_atr=0|signal_end=195|signal_start=180|signal_month=8|exec_tf=1m|managed_exit=bracket|rr=4|risk_reward=4
qualified_watch,execution_tf_1m_all_trades,competition_aud_usd_us_first30_last30_momentum_month_9_xasset_rr_5_629d8cc5,aud_usd,australian_dollar_futures,6A,competition_session_edge,best,False,4,,52,2.310101,53,10.590692,2.176619,53,58.490566,9.511638,0.179465,1.430029,1.822231,1.285758,1.778258,1.016902,1.250108,4,1.000000,1.493472,3.532401,sl:4;time_exit:48;tp:1,competition_session_edge|family=us_first30_last30_momentum_month_9|direction=same|entry=930|exit=945|min_signal_atr=0.5|signal_end=585|signal_start=570|signal_month=9|exec_tf=1m|managed_exit=bracket|rr=4|risk_reward=4
qualified_watch,"half_pf_gt_1,quarter_pf_gt_1,annual_walk_forward_pass_rate_ge_60pct",competition_aud_usd_ny_open_gap_fade_signalmonth_direction_fade_entryminute_570_exitbarminute_660_ming_5c432e4e,aud_usd,us_treasury_10y_note_futures,ZN,competition_session_edge,best,True,3,1m,49,2.165646,49,8.207730,2.165646,49,61.224490,8.207730,0.167505,3.356935,0.831074,0.712029,1.003297,1.205019,1.031631,4,0.500000,0.734627,2.622982,sl:4;time_exit:45,competition_session_edge|family=us_first30_last30_reversal_signalmonth_month_10|direction=opposite|entry=930|exit=945|min_signal_atr=0.75|signal_end=585|signal_start=570|signal_month=10|exec_tf=1m|managed_exit=bracket|rr=3|risk_reward=3
qualified_watch,"half_pf_gt_1,quarter_pf_gt_1,annual_walk_forward_pass_rate_ge_60pct",competition_aud_usd_ny_open_gap_fade_signalmonth_direction_fade_entryminute_570_exitbarminute_660_ming_5c432e4e,aud_usd,us_treasury_10y_note_futures,ZN,competition_session_edge,best,True,4,1m,49,2.165646,49,8.207730,2.165646,49,61.224490,8.207730,0.167505,3.356935,0.831074,0.712029,1.003297,1.251174,0.940935,4,0.500000,0.734627,3.497309,sl:4;time_exit:45,competition_session_edge|family=us_first30_last30_reversal_signalmonth_month_10|direction=opposite|entry=930|exit=945|min_signal_atr=0.75|signal_end=585|signal_start=570|signal_month=10|exec_tf=1m|managed_exit=bracket|rr=4|risk_reward=4
qualified_watch,"half_pf_gt_1,quarter_pf_gt_1,annual_walk_forward_pass_rate_ge_60pct",competition_aud_usd_ny_open_gap_fade_signalmonth_direction_fade_entryminute_570_exitbarminute_660_ming_5c432e4e,aud_usd,us_treasury_10y_note_futures,ZN,competition_session_edge,best,True,5,1m,49,2.165646,49,8.207730,2.165646,49,61.224490,8.207730,0.167505,3.356935,0.831074,0.712029,1.003297,1.218657,0.953042,4,0.500000,0.734627,4.371637,sl:4;time_exit:45,competition_session_edge|family=us_first30_last30_reversal_signalmonth_month_10|direction=opposite|entry=930|exit=945|min_signal_atr=0.75|signal_end=585|signal_start=570|signal_month=10|exec_tf=1m|managed_exit=bracket|rr=5|risk_reward=5
qualified_watch,"execution_tf_1m_all_trades,half_pf_gt_1,quarter_pf_gt_1,rolling20_pf_p25_gt_1,block_bootstrap_p05_gt_0_9,annual_walk_forward_pass_rate_ge_60pct",competition_eur_cad_london_first30_last30_momentum_month_8_c5f12647,eur_cad,micro_ether_futures,MET,competition_session_edge,best,False,4,,36,2.089483,39,11.450808,2.137141,39,48.717949,12.241737,0.313891,6.000046,0.418986,0.102237,0.707039,1.051666,0.783572,2,0.500000,0.203071,3.897139,sl:12;sl_gap:5;time_exit:20;tp:2,competition_session_edge|family=london_first30_last30_momentum_month_8|direction=same|entry=930|exit=945|min_signal_atr=0|signal_end=195|signal_start=180|signal_month=8|exec_tf=1m|managed_exit=bracket|rr=4|risk_reward=4
qualified_watch,execution_tf_1m_all_trades,competition_eur_cad_london_first30_last30_momentum_month_8_c5f12647,eur_cad,micro_bitcoin_futures,MBT,competition_session_edge,best,False,3,,53,2.032219,58,18.906985,2.122262,58,46.551724,17.650731,0.304323,3.676902,1.858518,1.082291,1.257853,1.179134,1.240085,4,1.000000,1.291103,2.906317,sl:24;sl_gap:1;time_exit:28;tp:5,competition_session_edge|family=london_first30_last30_momentum_month_8|direction=same|entry=930|exit=945|min_signal_atr=0|signal_end=195|signal_start=180|signal_month=8|exec_tf=1m|managed_exit=bracket|rr=3|risk_reward=3
qualified_watch,execution_tf_1m_all_trades,competition_eur_chf_ny_open_gap_fade_month_9_5044d21c,eur_chf,micro_ether_futures,MET,competition_session_edge,best,True,5,,40,1.754756,49,10.979029,2.083390,49,48.979592,25.934333,0.529272,5.590879,2.075002,1.325702,1.769790,1.216983,1.152376,3,1.000000,1.835237,4.718729,sl:17;sl_gap:6;time_exit:22;tp:3;tp_gap:1,competition_session_edge|family=ny_open_gap_fade_month_9|direction=fade|entry=570|exit=660|min_gap_atr=0.25|signal_month=9|exec_tf=1m|managed_exit=bracket|rr=5|risk_reward=5
qualified_watch,"execution_tf_1m_all_trades,simple_bootstrap_p05_gt_1",competition_aud_usd_us_first30_last30_momentum_month_9_xasset_rr_5_629d8cc5,aud_usd,australian_dollar_futures,6A,competition_session_edge,best,False,3,,52,2.310101,53,10.590692,2.075763,53,58.490566,8.696333,0.164082,1.430029,1.606601,1.285758,1.717804,0.979330,1.160649,4,1.000000,1.493472,2.649301,sl:4;time_exit:47;tp:2,competition_session_edge|family=us_first30_last30_momentum_month_9|direction=same|entry=930|exit=945|min_signal_atr=0.5|signal_end=585|signal_start=570|signal_month=9|exec_tf=1m|managed_exit=bracket|rr=3|risk_reward=3
qualified_watch,execution_tf_1m_all_trades,competition_aud_nzd_london_first30_last30_reversal_weekday_side_0_long_2e0ed4d2,aud_nzd,australian_dollar_futures,6A,competition_session_edge,best,False,4,,69,1.861039,72,9.066612,2.049367,72,58.333333,11.928302,0.165671,1.581024,1.925944,1.391867,1.416851,1.180485,1.369459,4,0.750000,0.990115,3.559153,sl:5;time_exit:67,competition_session_edge|family=london_first30_last30_reversal_weekday_side_0_long|direction=opposite|entry=930|exit=945|min_signal_atr=0.35|signal_end=195|signal_start=180|signal_weekday_side=0_long|exec_tf=1m|managed_exit=bracket|rr=4|risk_reward=4
qualified_watch,execution_tf_1m_all_trades,competition_aud_nzd_london_first30_last30_reversal_weekday_side_0_long_2e0ed4d2,aud_nzd,australian_dollar_futures,6A,competition_session_edge,best,False,5,,69,1.861039,72,9.066612,2.049367,72,58.333333,11.928302,0.165671,1.581024,1.925944,1.391867,1.416851,1.231533,1.354971,4,0.750000,0.990115,4.448941,sl:5;time_exit:67,competition_session_edge|family=london_first30_last30_reversal_weekday_side_0_long|direction=opposite|entry=930|exit=945|min_signal_atr=0.35|signal_end=195|signal_start=180|signal_weekday_side=0_long|exec_tf=1m|managed_exit=bracket|rr=5|risk_reward=5
qualified_watch,"execution_tf_1m_all_trades,half_pf_gt_1,quarter_pf_gt_1,rolling20_pf_p25_gt_1,simple_bootstrap_p05_gt_1,block_bootstrap_p05_gt_0_9,annual_walk_forward_pass_rate_ge_60pct",competition_eur_cad_london_first30_last30_momentum_month_8_c5f12647,eur_cad,micro_ether_futures,MET,competition_session_edge,best,False,3,,36,2.089483,39,11.450808,2.016285,39,48.717949,10.940676,0.280530,6.000046,0.418986,0.102237,0.808136,0.963139,0.656300,2,0.500000,0.203071,2.922854,sl:12;sl_gap:5;time_exit:19;tp:3,competition_session_edge|family=london_first30_last30_momentum_month_8|direction=same|entry=930|exit=945|min_signal_atr=0|signal_end=195|signal_start=180|signal_month=8|exec_tf=1m|managed_exit=bracket|rr=3|risk_reward=3
qualified_watch,"quarter_pf_gt_1,rolling20_pf_p25_gt_1,simple_bootstrap_p05_gt_1,block_bootstrap_p05_gt_0_9",competition_aud_usd_us_first30_last30_momentum_month_9_xasset_rr_5_629d8cc5,aud_usd,euro_futures,6E,competition_session_edge,best,False,5,1m,45,2.016249,45,6.547302,2.016249,45,57.777778,6.547302,0.145496,2.957816,1.322374,0.294185,0.967288,0.856096,0.731263,4,0.750000,0.501218,4.667870,sl:2;time_exit:42;tp:1,competition_session_edge|family=us_first30_last30_momentum_month_9|direction=same|entry=930|exit=945|min_signal_atr=0.5|signal_end=585|signal_start=570|signal_month=9|exec_tf=1m|managed_exit=bracket|rr=5|risk_reward=5
qualified_watch,execution_tf_1m_all_trades,competition_aud_nzd_london_first30_last30_reversal_weekday_side_0_long_2e0ed4d2,aud_nzd,australian_dollar_futures,6A,competition_session_edge,best,False,3,,69,1.861039,72,9.066612,2.009513,72,58.333333,11.475277,0.159379,1.581024,1.925944,1.391867,1.386745,1.144586,1.339396,4,0.750000,0.990115,2.669365,sl:5;time_exit:66;tp:1,competition_session_edge|family=london_first30_last30_reversal_weekday_side_0_long|direction=opposite|entry=930|exit=945|min_signal_atr=0.35|signal_end=195|signal_start=180|signal_weekday_side=0_long|exec_tf=1m|managed_exit=bracket|rr=3|risk_reward=3
qualified_watch,"execution_tf_1m_all_trades,half_pf_gt_1,quarter_pf_gt_1,rolling20_pf_p25_gt_1,block_bootstrap_p05_gt_0_9,annual_walk_forward_pass_rate_ge_60pct",competition_eur_cad_london_first30_last30_momentum_month_8_c5f12647,eur_cad,micro_ether_futures,MET,competition_session_edge,best,False,5,,36,2.089483,39,11.450808,2.003612,39,48.717949,10.804243,0.277032,6.000046,0.418986,0.102237,0.707039,1.018338,0.640661,2,0.500000,0.203071,4.871423,sl:12;sl_gap:5;time_exit:22,competition_session_edge|family=london_first30_last30_momentum_month_8|direction=same|entry=930|exit=945|min_signal_atr=0|signal_end=195|signal_start=180|signal_month=8|exec_tf=1m|managed_exit=bracket|rr=5|risk_reward=5
reject,overall_pf_gt_min,competition_aud_nzd_daily_tsmom_next_overnight_weekday_side_4_long_0aa8225f,aud_nzd,gold_futures,GC,competition_session_edge,best,False,3,1m,90,2.096973,90,21.519755,1.991016,90,54.444444,33.273891,0.369710,5.429445,1.796041,1.598920,1.674006,1.334293,1.390631,5,1.000000,1.749885,2.925815,sl:24;sl_gap:7;time_exit:47;tp:5;tp_gap:7,competition_session_edge|family=daily_tsmom_next_overnight_weekday_side_4_long|direction=contrarian|entry=945|exit=945|lookback=5|signal_weekday_side=4_long|exec_tf=1m|managed_exit=bracket|rr=3|risk_reward=3
reject,overall_pf_gt_min,competition_aud_nzd_daily_tsmom_next_overnight_weekday_side_4_long_0aa8225f,aud_nzd,us_treasury_2y_note_futures,ZT,competition_session_edge,best,True,4,1m,127,2.005614,127,34.255710,1.989291,127,43.307087,61.310782,0.482762,8.696131,1.858004,1.766145,1.378437,1.440903,1.474508,5,1.000000,1.448882,3.306042,sl:42;sl_gap:18;time_exit:51;tp:14;tp_gap:2,competition_session_edge|family=daily_tsmom_next_overnight_weekday_side_4_long|direction=contrarian|entry=945|exit=945|lookback=5|signal_weekday_side=4_long|exec_tf=1m|managed_exit=bracket|rr=4|risk_reward=4
reject,"overall_pf_gt_min,quarter_pf_gt_1",competition_aud_usd_us_first30_last30_momentum_month_9_xasset_rr_5_629d8cc5,aud_usd,crude_oil_futures,CL,competition_session_edge,best,True,3,1m,57,1.987502,57,7.527594,1.987502,57,54.385965,7.527594,0.132063,1.813635,1.764421,0.907890,1.285316,1.120843,1.099312,4,1.000000,1.208896,2.915465,time_exit:57,competition_session_edge|family=us_first30_last30_momentum_month_9|direction=same|entry=930|exit=945|min_signal_atr=0.5|signal_end=585|signal_start=570|signal_month=9|exec_tf=1m|managed_exit=bracket|rr=3|risk_reward=3
reject,"overall_pf_gt_min,quarter_pf_gt_1",competition_aud_usd_us_first30_last30_momentum_month_9_xasset_rr_5_629d8cc5,aud_usd,crude_oil_futures,CL,competition_session_edge,best,True,4,1m,57,1.987502,57,7.527594,1.987502,57,54.385965,7.527594,0.132063,1.813635,1.764421,0.907890,1.285316,1.121856,1.098717,4,1.000000,1.208896,3.887287,time_exit:57,competition_session_edge|family=us_first30_last30_momentum_month_9|direction=same|entry=930|exit=945|min_signal_atr=0.5|signal_end=585|signal_start=570|signal_month=9|exec_tf=1m|managed_exit=bracket|rr=4|risk_reward=4
reject,"overall_pf_gt_min,quarter_pf_gt_1",competition_aud_usd_us_first30_last30_momentum_month_9_xasset_rr_5_629d8cc5,aud_usd,crude_oil_futures,CL,competition_session_edge,best,True,5,1m,57,1.987502,57,7.527594,1.987502,57,54.385965,7.527594,0.132063,1.813635,1.764421,0.907890,1.285316,1.063842,1.089911,4,1.000000,1.208896,4.859108,time_exit:57,competition_session_edge|family=us_first30_last30_momentum_month_9|direction=same|entry=930|exit=945|min_signal_atr=0.5|signal_end=585|signal_start=570|signal_month=9|exec_tf=1m|managed_exit=bracket|rr=5|risk_reward=5
reject,"overall_pf_gt_min,quarter_pf_gt_1,simple_bootstrap_p05_gt_1",competition_aud_usd_ny_open_gap_fade_signalmonth_direction_fade_entryminute_570_exitbarminute_660_ming_5c432e4e,aud_usd,euro_futures,6E,competition_session_edge,best,False,4,1m,42,1.961938,42,6.025688,1.961938,42,64.285714,6.025688,0.143469,0.978966,1.455236,0.996526,1.521704,0.861139,1.076754,4,1.000000,1.100522,3.737535,sl:4;time_exit:38,competition_session_edge|family=us_first30_last30_reversal_signalmonth_month_10|direction=opposite|entry=930|exit=945|min_signal_atr=0.75|signal_end=585|signal_start=570|signal_month=10|exec_tf=1m|managed_exit=bracket|rr=4|risk_reward=4
reject,"overall_pf_gt_min,quarter_pf_gt_1,simple_bootstrap_p05_gt_1",competition_aud_usd_ny_open_gap_fade_signalmonth_direction_fade_entryminute_570_exitbarminute_660_ming_5c432e4e,aud_usd,euro_futures,6E,competition_session_edge,best,False,5,1m,42,1.961938,42,6.025688,1.961938,42,64.285714,6.025688,0.143469,0.978966,1.455236,0.996526,1.521704,0.873856,1.099578,4,1.000000,1.100522,4.671919,sl:4;time_exit:38,competition_session_edge|family=us_first30_last30_reversal_signalmonth_month_10|direction=opposite|entry=930|exit=945|min_signal_atr=0.75|signal_end=585|signal_start=570|signal_month=10|exec_tf=1m|managed_exit=bracket|rr=5|risk_reward=5
reject,"execution_tf_1m_all_trades,overall_pf_gt_min,quarter_pf_gt_1,simple_bootstrap_p05_gt_1,block_bootstrap_p05_gt_0_9",competition_aud_usd_us_first30_last30_momentum_month_9_xasset_rr_5_629d8cc5,aud_usd,copper_futures,HG,competition_session_edge,best,False,5,,55,1.959803,57,7.329376,1.959803,57,47.368421,7.329376,0.128586,3.494728,1.722054,0.480941,1.263554,0.849486,0.792617,4,0.750000,0.478458,4.867656,sl:1;time_exit:55;tp:1,competition_session_edge|family=us_first30_last30_momentum_month_9|direction=same|entry=930|exit=945|min_signal_atr=0.5|signal_end=585|signal_start=570|signal_month=9|exec_tf=1m|managed_exit=bracket|rr=5|risk_reward=5
reject,"overall_pf_gt_min,quarter_pf_gt_1,simple_bootstrap_p05_gt_1",competition_aud_usd_ny_open_gap_fade_signalmonth_direction_fade_entryminute_570_exitbarminute_660_ming_5c432e4e,aud_usd,euro_futures,6E,competition_session_edge,best,False,3,1m,42,1.961938,42,6.025688,1.949754,42,64.285714,5.949362,0.141651,0.978966,1.455236,0.996526,1.521704,0.878171,1.100170,4,1.000000,1.100522,2.803152,sl:4;time_exit:37;tp:1,competition_session_edge|family=us_first30_last30_reversal_signalmonth_month_10|direction=opposite|entry=930|exit=945|min_signal_atr=0.75|signal_end=585|signal_start=570|signal_month=10|exec_tf=1m|managed_exit=bracket|rr=3|risk_reward=3
reject,overall_pf_gt_min,competition_aud_nzd_london_first30_last30_reversal_weekday_side_0_long_2e0ed4d2,aud_nzd,silver_futures,SI,competition_session_edge,best,False,3,1m,59,1.859106,59,6.863691,1.941912,59,54.237288,7.630652,0.129333,2.127358,1.581866,1.220302,1.906698,1.124962,1.138100,5,0.800000,0.692500,2.830757,sl:2;time_exit:57,competition_session_edge|family=london_first30_last30_reversal_weekday_side_0_long|direction=opposite|entry=930|exit=945|min_signal_atr=0.35|signal_end=195|signal_start=180|signal_weekday_side=0_long|exec_tf=1m|managed_exit=bracket|rr=3|risk_reward=3
reject,overall_pf_gt_min,competition_aud_nzd_london_first30_last30_reversal_weekday_side_0_long_2e0ed4d2,aud_nzd,silver_futures,SI,competition_session_edge,best,False,4,1m,59,1.859106,59,6.863691,1.941912,59,54.237288,7.630652,0.129333,2.127358,1.581866,1.220302,1.906698,1.103778,1.144317,5,0.800000,0.692500,3.774342,sl:2;time_exit:57,competition_session_edge|family=london_first30_last30_reversal_weekday_side_0_long|direction=opposite|entry=930|exit=945|min_signal_atr=0.35|signal_end=195|signal_start=180|signal_weekday_side=0_long|exec_tf=1m|managed_exit=bracket|rr=4|risk_reward=4
reject,overall_pf_gt_min,competition_aud_nzd_london_first30_last30_reversal_weekday_side_0_long_2e0ed4d2,aud_nzd,silver_futures,SI,competition_session_edge,best,False,5,1m,59,1.859106,59,6.863691,1.941912,59,54.237288,7.630652,0.129333,2.127358,1.581866,1.220302,1.906698,1.134404,1.097070,5,0.800000,0.692500,4.717928,sl:2;time_exit:57,competition_session_edge|family=london_first30_last30_reversal_weekday_side_0_long|direction=opposite|entry=930|exit=945|min_signal_atr=0.35|signal_end=195|signal_start=180|signal_weekday_side=0_long|exec_tf=1m|managed_exit=bracket|rr=5|risk_reward=5
reject,"execution_tf_1m_all_trades,overall_pf_gt_min,half_pf_gt_1,quarter_pf_gt_1,rolling20_pf_p25_gt_1,simple_bootstrap_p05_gt_1,block_bootstrap_p05_gt_0_9",competition_aud_usd_ny_open_gap_fade_signalmonth_direction_fade_entryminute_570_exitbarminute_660_ming_5c432e4e,aud_usd,australian_dollar_futures,6A,competition_session_edge,best,False,3,,41,1.923781,42,4.764546,1.923781,42,57.142857,4.764546,0.113442,2.870683,0.988930,0.346967,0.762832,0.951451,0.817749,4,0.750000,0.160518,2.623620,sl:1;time_exit:41,competition_session_edge|family=us_first30_last30_reversal_signalmonth_month_10|direction=opposite|entry=930|exit=945|min_signal_atr=0.75|signal_end=585|signal_start=570|signal_month=10|exec_tf=1m|managed_exit=bracket|rr=3|risk_reward=3
reject,"execution_tf_1m_all_trades,overall_pf_gt_min,half_pf_gt_1,quarter_pf_gt_1,rolling20_pf_p25_gt_1,simple_bootstrap_p05_gt_1,block_bootstrap_p05_gt_0_9",competition_aud_usd_ny_open_gap_fade_signalmonth_direction_fade_entryminute_570_exitbarminute_660_ming_5c432e4e,aud_usd,australian_dollar_futures,6A,competition_session_edge,best,False,4,,41,1.923781,42,4.764546,1.923781,42,57.142857,4.764546,0.113442,2.870683,0.988930,0.346967,0.762832,0.952179,0.808424,4,0.750000,0.160518,3.498160,sl:1;time_exit:41,competition_session_edge|family=us_first30_last30_reversal_signalmonth_month_10|direction=opposite|entry=930|exit=945|min_signal_atr=0.75|signal_end=585|signal_start=570|signal_month=10|exec_tf=1m|managed_exit=bracket|rr=4|risk_reward=4
reject,"execution_tf_1m_all_trades,overall_pf_gt_min,half_pf_gt_1,quarter_pf_gt_1,rolling20_pf_p25_gt_1,simple_bootstrap_p05_gt_1,block_bootstrap_p05_gt_0_9",competition_aud_usd_ny_open_gap_fade_signalmonth_direction_fade_entryminute_570_exitbarminute_660_ming_5c432e4e,aud_usd,australian_dollar_futures,6A,competition_session_edge,best,False,5,,41,1.923781,42,4.764546,1.923781,42,57.142857,4.764546,0.113442,2.870683,0.988930,0.346967,0.762832,0.971965,0.808197,4,0.750000,0.160518,4.372700,sl:1;time_exit:41,competition_session_edge|family=us_first30_last30_reversal_signalmonth_month_10|direction=opposite|entry=930|exit=945|min_signal_atr=0.75|signal_end=585|signal_start=570|signal_month=10|exec_tf=1m|managed_exit=bracket|rr=5|risk_reward=5
reject,"execution_tf_1m_all_trades,overall_pf_gt_min,quarter_pf_gt_1",competition_aud_usd_us_first30_last30_reversal_signalmonth_direction_opposite_entryminute_930_exitbarm_c8c5223e,aud_usd,new_zealand_dollar_futures,6N,competition_session_edge,best,False,3,,60,2.296276,65,9.514015,1.917528,65,55.384615,8.580964,0.132015,2.882243,1.757171,0.858912,1.048213,1.053169,1.036878,4,0.750000,0.787549,2.836795,sl:2;sl_gap:1;time_exit:62,competition_session_edge|family=us_first30_last30_reversal_signalmonth|direction=opposite|entry=930|exit=945|min_signal_atr=0.2|signal_end=585|signal_month=12|signal_start=570|exec_tf=1m|managed_exit=bracket|rr=3|risk_reward=3
reject,"execution_tf_1m_all_trades,overall_pf_gt_min,quarter_pf_gt_1",competition_aud_usd_us_first30_last30_reversal_signalmonth_direction_opposite_entryminute_930_exitbarm_c8c5223e,aud_usd,new_zealand_dollar_futures,6N,competition_session_edge,best,False,4,,60,2.296276,65,9.514015,1.917528,65,55.384615,8.580964,0.132015,2.882243,1.757171,0.858912,1.048213,1.131618,1.071073,4,0.750000,0.787549,3.782393,sl:2;sl_gap:1;time_exit:62,competition_session_edge|family=us_first30_last30_reversal_signalmonth|direction=opposite|entry=930|exit=945|min_signal_atr=0.2|signal_end=585|signal_month=12|signal_start=570|exec_tf=1m|managed_exit=bracket|rr=4|risk_reward=4
reject,"execution_tf_1m_all_trades,overall_pf_gt_min,quarter_pf_gt_1",competition_aud_usd_us_first30_last30_reversal_signalmonth_direction_opposite_entryminute_930_exitbarm_c8c5223e,aud_usd,new_zealand_dollar_futures,6N,competition_session_edge,best,False,5,,60,2.296276,65,9.514015,1.917528,65,55.384615,8.580964,0.132015,2.882243,1.757171,0.858912,1.048213,1.109223,1.045041,4,0.750000,0.787549,4.727991,sl:2;sl_gap:1;time_exit:62,competition_session_edge|family=us_first30_last30_reversal_signalmonth|direction=opposite|entry=930|exit=945|min_signal_atr=0.2|signal_end=585|signal_month=12|signal_start=570|exec_tf=1m|managed_exit=bracket|rr=5|risk_reward=5
reject,"execution_tf_1m_all_trades,overall_pf_gt_min",competition_aud_usd_us_first30_last30_reversal_signalmonth_direction_opposite_entryminute_930_exitbarm_c8c5223e,aud_usd,australian_dollar_futures,6A,competition_session_edge,best,False,3,,68,1.886935,71,8.595147,1.904560,71,56.338028,9.920796,0.139730,3.231478,1.806792,1.041091,1.255110,1.086001,1.198531,4,1.000000,1.085421,2.635079,sl:4;time_exit:67,competition_session_edge|family=us_first30_last30_reversal_signalmonth|direction=opposite|entry=930|exit=945|min_signal_atr=0.2|signal_end=585|signal_month=12|signal_start=570|exec_tf=1m|managed_exit=bracket|rr=3|risk_reward=3
reject,"execution_tf_1m_all_trades,overall_pf_gt_min",competition_aud_usd_us_first30_last30_reversal_signalmonth_direction_opposite_entryminute_930_exitbarm_c8c5223e,aud_usd,australian_dollar_futures,6A,competition_session_edge,best,False,4,,68,1.886935,71,8.595147,1.904560,71,56.338028,9.920796,0.139730,3.231478,1.806792,1.041091,1.255110,1.085977,1.258267,4,1.000000,1.085421,3.513438,sl:4;time_exit:67,competition_session_edge|family=us_first30_last30_reversal_signalmonth|direction=opposite|entry=930|exit=945|min_signal_atr=0.2|signal_end=585|signal_month=12|signal_start=570|exec_tf=1m|managed_exit=bracket|rr=4|risk_reward=4
reject,"execution_tf_1m_all_trades,overall_pf_gt_min",competition_aud_usd_us_first30_last30_reversal_signalmonth_direction_opposite_entryminute_930_exitbarm_c8c5223e,aud_usd,australian_dollar_futures,6A,competition_session_edge,best,False,5,,68,1.886935,71,8.595147,1.904560,71,56.338028,9.920796,0.139730,3.231478,1.806792,1.041091,1.255110,1.038534,1.231000,4,1.000000,1.085421,4.391798,sl:4;time_exit:67,competition_session_edge|family=us_first30_last30_reversal_signalmonth|direction=opposite|entry=930|exit=945|min_signal_atr=0.2|signal_end=585|signal_month=12|signal_start=570|exec_tf=1m|managed_exit=bracket|rr=5|risk_reward=5
reject,"execution_tf_1m_all_trades,overall_pf_gt_min,quarter_pf_gt_1,simple_bootstrap_p05_gt_1",competition_aud_usd_us_first30_last30_momentum_month_9_xasset_rr_5_629d8cc5,aud_usd,new_zealand_dollar_futures,6N,competition_session_edge,best,False,5,,54,1.895838,55,8.156437,1.895838,55,60.000000,8.156437,0.148299,1.943362,1.746252,0.806491,1.383429,0.898189,1.045417,4,0.750000,0.946965,4.692554,sl:4;sl_gap:1;time_exit:49;tp:1,competition_session_edge|family=us_first30_last30_momentum_month_9|direction=same|entry=930|exit=945|min_signal_atr=0.5|signal_end=585|signal_start=570|signal_month=9|exec_tf=1m|managed_exit=bracket|rr=5|risk_reward=5
reject,"execution_tf_1m_all_trades,overall_pf_gt_min",competition_aud_nzd_london_first30_last30_reversal_weekday_side_0_long_2e0ed4d2,aud_nzd,copper_futures,HG,competition_session_edge,best,False,3,,76,2.383439,80,10.789932,1.888299,80,55.000000,8.962734,0.112034,2.056923,1.438345,1.380950,1.284705,1.204592,1.068948,5,1.000000,1.073484,2.895264,sl:3;time_exit:77,competition_session_edge|family=london_first30_last30_reversal_weekday_side_0_long|direction=opposite|entry=930|exit=945|min_signal_atr=0.35|signal_end=195|signal_start=180|signal_weekday_side=0_long|exec_tf=1m|managed_exit=bracket|rr=3|risk_reward=3
reject,"execution_tf_1m_all_trades,overall_pf_gt_min",competition_aud_nzd_london_first30_last30_reversal_weekday_side_0_long_2e0ed4d2,aud_nzd,copper_futures,HG,competition_session_edge,best,False,4,,76,2.383439,80,10.789932,1.888299,80,55.000000,8.962734,0.112034,2.056923,1.438345,1.380950,1.284705,1.167090,1.093387,5,1.000000,1.073484,3.860351,sl:3;time_exit:77,competition_session_edge|family=london_first30_last30_reversal_weekday_side_0_long|direction=opposite|entry=930|exit=945|min_signal_atr=0.35|signal_end=195|signal_start=180|signal_weekday_side=0_long|exec_tf=1m|managed_exit=bracket|rr=4|risk_reward=4
reject,"execution_tf_1m_all_trades,overall_pf_gt_min",competition_aud_nzd_london_first30_last30_reversal_weekday_side_0_long_2e0ed4d2,aud_nzd,copper_futures,HG,competition_session_edge,best,False,5,,76,2.383439,80,10.789932,1.888299,80,55.000000,8.962734,0.112034,2.056923,1.438345,1.380950,1.284705,1.236969,1.075747,5,1.000000,1.073484,4.825439,sl:3;time_exit:77,competition_session_edge|family=london_first30_last30_reversal_weekday_side_0_long|direction=opposite|entry=930|exit=945|min_signal_atr=0.35|signal_end=195|signal_start=180|signal_weekday_side=0_long|exec_tf=1m|managed_exit=bracket|rr=5|risk_reward=5
reject,overall_pf_gt_min,competition_aud_nzd_daily_tsmom_next_overnight_weekday_side_4_long_0aa8225f,aud_nzd,us_treasury_10y_note_futures,ZN,competition_session_edge,best,True,5,1m,123,1.711053,123,24.120817,1.888279,123,43.902439,51.232901,0.416528,11.485624,1.799310,1.667170,1.438349,1.323448,1.179550,5,0.800000,0.796292,4.027359,sl:41;sl_gap:14;time_exit:61;tp:5;tp_gap:2,competition_session_edge|family=daily_tsmom_next_overnight_weekday_side_4_long|direction=contrarian|entry=945|exit=945|lookback=5|signal_weekday_side=4_long|exec_tf=1m|managed_exit=bracket|rr=5|risk_reward=5
reject,"execution_tf_1m_all_trades,overall_pf_gt_min,quarter_pf_gt_1,simple_bootstrap_p05_gt_1",competition_aud_nzd_london_first30_last30_reversal_weekday_side_0_long_2e0ed4d2,aud_nzd,micro_ether_futures,MET,competition_session_edge,best,True,4,,31,2.410703,37,10.024539,1.875486,37,56.756757,10.099419,0.272957,2.984651,1.079319,0.986721,1.168138,0.958963,0.995898,4,0.750000,0.923614,3.798953,sl:6;sl_gap:3;time_exit:27;tp:1,competition_session_edge|family=london_first30_last30_reversal_weekday_side_0_long|direction=opposite|entry=930|exit=945|min_signal_atr=0.35|signal_end=195|signal_start=180|signal_weekday_side=0_long|exec_tf=1m|managed_exit=bracket|rr=4|risk_reward=4
reject,"overall_pf_gt_min,quarter_pf_gt_1,rolling20_pf_p25_gt_1,simple_bootstrap_p05_gt_1,block_bootstrap_p05_gt_0_9",competition_aud_usd_us_first30_last30_momentum_month_9_xasset_rr_5_629d8cc5,aud_usd,euro_futures,6E,competition_session_edge,best,False,4,1m,45,2.016249,45,6.547302,1.871343,45,57.777778,5.613728,0.124750,2.957816,1.322374,0.294185,0.967288,0.828824,0.755309,4,0.750000,0.501218,3.734296,sl:2;time_exit:42;tp:1,competition_session_edge|family=us_first30_last30_momentum_month_9|direction=same|entry=930|exit=945|min_signal_atr=0.5|signal_end=585|signal_start=570|signal_month=9|exec_tf=1m|managed_exit=bracket|rr=4|risk_reward=4
reject,overall_pf_gt_min,competition_aud_nzd_daily_tsmom_next_overnight_weekday_side_4_long_0aa8225f,aud_nzd,us_treasury_10y_note_futures,ZN,competition_session_edge,best,True,4,1m,123,1.711053,123,24.120817,1.869806,123,43.902439,50.167411,0.407865,11.485624,1.805075,1.569454,1.416248,1.333294,1.225206,5,0.800000,0.796292,3.221887,sl:41;sl_gap:14;time_exit:56;tp:10;tp_gap:2,competition_session_edge|family=daily_tsmom_next_overnight_weekday_side_4_long|direction=contrarian|entry=945|exit=945|lookback=5|signal_weekday_side=4_long|exec_tf=1m|managed_exit=bracket|rr=4|risk_reward=4
reject,overall_pf_gt_min,competition_aud_nzd_daily_tsmom_next_overnight_weekday_side_4_long_0aa8225f,aud_nzd,us_treasury_5y_note_futures,ZF,competition_session_edge,best,True,3,1m,125,1.801945,125,28.026416,1.855766,125,46.400000,51.403570,0.411229,11.433400,1.682913,1.603527,1.235019,1.330142,1.249627,5,1.000000,1.447227,2.571476,sl:45;sl_gap:12;time_exit:44;tp:19;tp_gap:5,competition_session_edge|family=daily_tsmom_next_overnight_weekday_side_4_long|direction=contrarian|entry=945|exit=945|lookback=5|signal_weekday_side=4_long|exec_tf=1m|managed_exit=bracket|rr=3|risk_reward=3
reject,"overall_pf_gt_min,quarter_pf_gt_1,rolling20_pf_p25_gt_1",competition_aud_usd_london_first30_ny_open_momentum_signalweekdayside_xasset_rr_4_0208edb7,aud_usd,us_treasury_30y_bond_futures,ZB,competition_session_edge,best,True,5,1m,82,1.538497,82,30.946038,1.853584,82,29.268293,49.053271,0.598211,13.533473,1.512177,0.660060,0.910048,1.164197,1.155789,5,0.800000,0.370242,4.067340,sl:50;sl_gap:8;time_exit:5;tp:18;tp_gap:1,competition_session_edge|family=london_first30_ny_open_momentum_signalweekdayside|direction=same|entry=480|exit=570|min_signal_atr=0.35|signal_end=195|signal_start=180|signal_weekday_side=4_long|exec_tf=1m|managed_exit=bracket|rr=5|risk_reward=5
reject,"execution_tf_1m_all_trades,overall_pf_gt_min,quarter_pf_gt_1,simple_bootstrap_p05_gt_1,block_bootstrap_p05_gt_0_9",competition_aud_usd_us_first30_last30_momentum_month_9_xasset_rr_5_629d8cc5,aud_usd,copper_futures,HG,competition_session_edge,best,False,4,,55,1.959803,57,7.329376,1.830521,57,47.368421,6.342140,0.111266,3.494728,1.722054,0.480941,1.114804,0.878556,0.847325,4,0.750000,0.478458,3.894125,sl:1;time_exit:55;tp:1,competition_session_edge|family=us_first30_last30_momentum_month_9|direction=same|entry=930|exit=945|min_signal_atr=0.5|signal_end=585|signal_start=570|signal_month=9|exec_tf=1m|managed_exit=bracket|rr=4|risk_reward=4
reject,"execution_tf_1m_all_trades,overall_pf_gt_min",competition_aud_nzd_daily_tsmom_next_overnight_weekday_side_4_long_0aa8225f,aud_nzd,silver_futures,SI,competition_session_edge,best,False,5,,99,1.941494,101,21.906075,1.815210,101,52.475248,32.302876,0.319830,7.358544,1.280896,1.070236,1.485548,1.233933,1.268301,5,0.800000,0.346547,4.793037,sl:28;sl_gap:8;time_exit:61;tp:2;tp_gap:2,competition_session_edge|family=daily_tsmom_next_overnight_weekday_side_4_long|direction=contrarian|entry=945|exit=945|lookback=5|signal_weekday_side=4_long|exec_tf=1m|managed_exit=bracket|rr=5|risk_reward=5
reject,"overall_pf_gt_min,quarter_pf_gt_1",competition_aud_nzd_daily_tsmom_next_overnight_weekday_side_4_long_0aa8225f,aud_nzd,copper_futures,HG,competition_session_edge,best,False,5,1m,107,1.802886,107,25.255292,1.813389,107,51.401869,39.399421,0.368219,7.087927,1.493327,0.745705,1.381020,1.220170,1.351657,5,0.800000,0.745705,4.802725,sl:38;sl_gap:7;time_exit:60;tp:2,competition_session_edge|family=daily_tsmom_next_overnight_weekday_side_4_long|direction=contrarian|entry=945|exit=945|lookback=5|signal_weekday_side=4_long|exec_tf=1m|managed_exit=bracket|rr=5|risk_reward=5
reject,"overall_pf_gt_min,quarter_pf_gt_1",competition_aud_usd_london_first30_ny_open_momentum_weekday_side_0_short_xasset_rr_5_3aca24b7,aud_usd,russell_2000_futures,RTY,competition_session_edge,best,False,4,1m,92,1.530828,92,36.099193,1.798960,92,32.608696,49.567726,0.538780,11.001761,1.380961,0.842927,1.329970,1.164743,1.178943,5,0.600000,0.812717,3.858310,sl:59;sl_gap:3;time_exit:3;tp:27,competition_session_edge|family=london_first30_ny_open_momentum_weekday_side_0_short|direction=same|entry=480|exit=570|min_signal_atr=0|signal_end=195|signal_start=180|signal_weekday_side=0_short|exec_tf=1m|managed_exit=bracket|rr=4|risk_reward=4
reject,"execution_tf_1m_all_trades,overall_pf_gt_min,quarter_pf_gt_1,simple_bootstrap_p05_gt_1",competition_aud_usd_us_first30_last30_momentum_month_9_xasset_rr_5_629d8cc5,aud_usd,new_zealand_dollar_futures,6N,competition_session_edge,best,False,4,,54,1.895838,55,8.156437,1.789036,55,60.000000,7.184028,0.130619,1.943362,1.746252,0.806491,1.383429,0.870023,1.012007,4,0.750000,0.946965,3.754043,sl:4;sl_gap:1;time_exit:49;tp:1,competition_session_edge|family=us_first30_last30_momentum_month_9|direction=same|entry=930|exit=945|min_signal_atr=0.5|signal_end=585|signal_start=570|signal_month=9|exec_tf=1m|managed_exit=bracket|rr=4|risk_reward=4
reject,"execution_tf_1m_all_trades,overall_pf_gt_min,quarter_pf_gt_1,simple_bootstrap_p05_gt_1",competition_aud_usd_us_first30_last30_momentum_month_9_xasset_rr_5_629d8cc5,aud_usd,micro_ether_futures,MET,competition_session_edge,best,False,3,,35,1.571069,47,7.700546,1.788810,47,57.446809,10.636671,0.226312,3.627372,1.022536,0.861016,1.352543,0.979710,0.977245,3,1.000000,1.228019,2.862642,sl:8;sl_gap:2;time_exit:35;tp:2,competition_session_edge|family=us_first30_last30_momentum_month_9|direction=same|entry=930|exit=945|min_signal_atr=0.5|signal_end=585|signal_start=570|signal_month=9|exec_tf=1m|managed_exit=bracket|rr=3|risk_reward=3
reject,overall_pf_gt_min,competition_aud_nzd_daily_tsmom_next_overnight_weekday_side_4_long_0aa8225f,aud_nzd,us_treasury_2y_note_futures,ZT,competition_session_edge,best,True,3,1m,127,2.005614,127,34.255710,1.780267,127,43.307087,48.356609,0.380761,8.696131,1.598625,1.427696,1.317440,1.281584,1.314212,5,1.000000,1.297704,2.479531,sl:42;sl_gap:18;time_exit:43;tp:20;tp_gap:4,competition_session_edge|family=daily_tsmom_next_overnight_weekday_side_4_long|direction=contrarian|entry=945|exit=945|lookback=5|signal_weekday_side=4_long|exec_tf=1m|managed_exit=bracket|rr=3|risk_reward=3
reject,"overall_pf_gt_min,quarter_pf_gt_1",competition_aud_usd_london_first30_ny_open_momentum_signalweekdayside_xasset_rr_4_0208edb7,aud_usd,natural_gas_futures,NG,competition_session_edge,best,True,5,1m,94,1.579730,94,38.064201,1.779946,94,28.723404,51.979259,0.552971,12.758313,1.570706,0.925279,1.450375,1.130209,1.201455,5,1.000000,1.041272,4.576623,sl:67;time_exit:5;tp:22,competition_session_edge|family=london_first30_ny_open_momentum_signalweekdayside|direction=same|entry=480|exit=570|min_signal_atr=0.35|signal_end=195|signal_start=180|signal_weekday_side=4_long|exec_tf=1m|managed_exit=bracket|rr=5|risk_reward=5
reject,"overall_pf_gt_min,quarter_pf_gt_1",competition_aud_usd_daily_tsmom_next_overnight_month_12_45e372f3,aud_usd,crude_oil_futures,CL,competition_session_edge,best,True,5,1m,82,1.584261,82,16.420825,1.776690,82,35.365854,39.213541,0.478214,11.613834,1.169321,0.741529,1.201283,1.132547,1.154102,4,0.750000,0.691565,4.815766,sl:47;sl_gap:3;time_exit:21;tp:11,competition_session_edge|family=daily_tsmom_next_overnight_month_12|direction=momentum|entry=945|exit=570|lookback=20|signal_month=12|exec_tf=1m|managed_exit=bracket|rr=5|risk_reward=5
reject,"overall_pf_gt_min,quarter_pf_gt_1",competition_aud_nzd_daily_tsmom_next_overnight_weekday_side_4_long_0aa8225f,aud_nzd,copper_futures,HG,competition_session_edge,best,False,4,1m,107,1.802886,107,25.255292,1.770980,107,51.401869,37.345190,0.349020,7.087927,1.493327,0.745705,1.381020,1.229101,1.303135,5,0.800000,0.745705,3.842180,sl:38;sl_gap:7;time_exit:58;tp:4,competition_session_edge|family=daily_tsmom_next_overnight_weekday_side_4_long|direction=contrarian|entry=945|exit=945|lookback=5|signal_weekday_side=4_long|exec_tf=1m|managed_exit=bracket|rr=4|risk_reward=4
reject,"overall_pf_gt_min,quarter_pf_gt_1,rolling20_pf_p25_gt_1",competition_aud_usd_ny_open_gap_fade_signalmonth_direction_fade_entryminute_570_exitbarminute_660_ming_5c432e4e,aud_usd,dow_jones_futures,YM,competition_session_edge,best,False,4,1m,61,1.770157,61,14.793541,1.770157,61,57.377049,14.793541,0.242517,3.435494,1.091672,0.791031,0.985937,1.122676,1.113943,4,0.750000,0.924188,3.943870,sl:16;time_exit:45,competition_session_edge|family=us_first30_last30_reversal_signalmonth_month_10|direction=opposite|entry=930|exit=945|min_signal_atr=0.75|signal_end=585|signal_start=570|signal_month=10|exec_tf=1m|managed_exit=bracket|rr=4|risk_reward=4
reject,"overall_pf_gt_min,quarter_pf_gt_1,rolling20_pf_p25_gt_1",competition_aud_usd_ny_open_gap_fade_signalmonth_direction_fade_entryminute_570_exitbarminute_660_ming_5c432e4e,aud_usd,dow_jones_futures,YM,competition_session_edge,best,False,5,1m,61,1.770157,61,14.793541,1.770157,61,57.377049,14.793541,0.242517,3.435494,1.091672,0.791031,0.985937,1.087732,1.106029,4,0.750000,0.924188,4.929837,sl:16;time_exit:45,competition_session_edge|family=us_first30_last30_reversal_signalmonth_month_10|direction=opposite|entry=930|exit=945|min_signal_atr=0.75|signal_end=585|signal_start=570|signal_month=10|exec_tf=1m|managed_exit=bracket|rr=5|risk_reward=5
reject,"execution_tf_1m_all_trades,overall_pf_gt_min,quarter_pf_gt_1,simple_bootstrap_p05_gt_1,block_bootstrap_p05_gt_0_9",competition_aud_usd_ny_open_gap_fade_signalmonth_direction_fade_entryminute_570_exitbarminute_660_ming_5c432e4e,aud_usd,natural_gas_futures,NG,competition_session_edge,best,True,3,,45,1.766374,46,4.303454,1.766374,46,52.173913,4.303454,0.093553,1.979431,1.391506,0.212643,1.626557,0.924625,0.849628,4,0.750000,0.552248,2.891233,sl:1;time_exit:45,competition_session_edge|family=us_first30_last30_reversal_signalmonth_month_10|direction=opposite|entry=930|exit=945|min_signal_atr=0.75|signal_end=585|signal_start=570|signal_month=10|exec_tf=1m|managed_exit=bracket|rr=3|risk_reward=3
reject,"execution_tf_1m_all_trades,overall_pf_gt_min,quarter_pf_gt_1,simple_bootstrap_p05_gt_1,block_bootstrap_p05_gt_0_9",competition_aud_usd_ny_open_gap_fade_signalmonth_direction_fade_entryminute_570_exitbarminute_660_ming_5c432e4e,aud_usd,natural_gas_futures,NG,competition_session_edge,best,True,4,,45,1.766374,46,4.303454,1.766374,46,52.173913,4.303454,0.093553,1.979431,1.391506,0.212643,1.626557,0.916328,0.876316,4,0.750000,0.552248,3.854978,sl:1;time_exit:45,competition_session_edge|family=us_first30_last30_reversal_signalmonth_month_10|direction=opposite|entry=930|exit=945|min_signal_atr=0.75|signal_end=585|signal_start=570|signal_month=10|exec_tf=1m|managed_exit=bracket|rr=4|risk_reward=4
reject,"execution_tf_1m_all_trades,overall_pf_gt_min,quarter_pf_gt_1,simple_bootstrap_p05_gt_1,block_bootstrap_p05_gt_0_9",competition_aud_usd_ny_open_gap_fade_signalmonth_direction_fade_entryminute_570_exitbarminute_660_ming_5c432e4e,aud_usd,natural_gas_futures,NG,competition_session_edge,best,True,5,,45,1.766374,46,4.303454,1.766374,46,52.173913,4.303454,0.093553,1.979431,1.391506,0.212643,1.626557,0.875050,0.842178,4,0.750000,0.552248,4.818722,sl:1;time_exit:45,competition_session_edge|family=us_first30_last30_reversal_signalmonth_month_10|direction=opposite|entry=930|exit=945|min_signal_atr=0.75|signal_end=585|signal_start=570|signal_month=10|exec_tf=1m|managed_exit=bracket|rr=5|risk_reward=5
reject,"execution_tf_1m_all_trades,overall_pf_gt_min,quarter_pf_gt_1,simple_bootstrap_p05_gt_1",competition_aud_nzd_london_first30_last30_reversal_weekday_side_0_long_2e0ed4d2,aud_nzd,micro_ether_futures,MET,competition_session_edge,best,True,5,,31,2.410703,37,10.024539,1.764969,37,56.756757,8.824515,0.238500,2.984651,1.079319,0.986721,1.168138,0.906808,0.999035,4,0.750000,0.923614,4.748692,sl:6;sl_gap:3;time_exit:28,competition_session_edge|family=london_first30_last30_reversal_weekday_side_0_long|direction=opposite|entry=930|exit=945|min_signal_atr=0.35|signal_end=195|signal_start=180|signal_weekday_side=0_long|exec_tf=1m|managed_exit=bracket|rr=5|risk_reward=5
reject,"overall_pf_gt_min,quarter_pf_gt_1,rolling20_pf_p25_gt_1",competition_aud_usd_ny_open_gap_fade_signalmonth_direction_fade_entryminute_570_exitbarminute_660_ming_5c432e4e,aud_usd,dow_jones_futures,YM,competition_session_edge,best,False,3,1m,61,1.770157,61,14.793541,1.753587,61,57.377049,14.475258,0.237299,3.435494,1.091672,0.791031,0.985937,1.070978,1.146978,4,0.750000,0.924188,2.957902,sl:16;time_exit:44;tp:1,competition_session_edge|family=us_first30_last30_reversal_signalmonth_month_10|direction=opposite|entry=930|exit=945|min_signal_atr=0.75|signal_end=585|signal_start=570|signal_month=10|exec_tf=1m|managed_exit=bracket|rr=3|risk_reward=3
reject,"overall_pf_gt_min,quarter_pf_gt_1",competition_aud_nzd_daily_tsmom_next_overnight_weekday_side_4_long_0aa8225f,aud_nzd,copper_futures,HG,competition_session_edge,best,False,3,1m,107,1.802886,107,25.255292,1.734994,107,51.401869,35.602114,0.332730,6.874048,1.539136,0.758239,1.462416,1.223202,1.273820,5,0.800000,0.758239,2.881635,sl:38;sl_gap:7;time_exit:54;tp:6;tp_gap:2,competition_session_edge|family=daily_tsmom_next_overnight_weekday_side_4_long|direction=contrarian|entry=945|exit=945|lookback=5|signal_weekday_side=4_long|exec_tf=1m|managed_exit=bracket|rr=3|risk_reward=3
reject,"overall_pf_gt_min,quarter_pf_gt_1,rolling20_pf_p25_gt_1,simple_bootstrap_p05_gt_1,block_bootstrap_p05_gt_0_9",competition_aud_usd_us_first30_last30_momentum_month_9_xasset_rr_5_629d8cc5,aud_usd,euro_futures,6E,competition_session_edge,best,False,3,1m,45,2.016249,45,6.547302,1.726437,45,57.777778,4.680154,0.104003,2.957816,1.322374,0.294185,0.967288,0.813069,0.714528,4,0.750000,0.501218,2.800722,sl:2;time_exit:42;tp:1,competition_session_edge|family=us_first30_last30_momentum_month_9|direction=same|entry=930|exit=945|min_signal_atr=0.5|signal_end=585|signal_start=570|signal_month=9|exec_tf=1m|managed_exit=bracket|rr=3|risk_reward=3
reject,"overall_pf_gt_min,quarter_pf_gt_1,simple_bootstrap_p05_gt_1,block_bootstrap_p05_gt_0_9,annual_walk_forward_pass_rate_ge_60pct",competition_aud_usd_us_first30_last30_momentum_month_9_xasset_rr_5_629d8cc5,aud_usd,gold_futures,GC,competition_session_edge,best,False,5,1m,51,1.717661,51,7.156955,1.717661,51,54.901961,7.156955,0.140332,3.300080,1.541055,0.769694,1.464370,0.728749,0.786300,4,0.500000,0.660906,4.886599,sl:4;time_exit:46;tp:1,competition_session_edge|family=us_first30_last30_momentum_month_9|direction=same|entry=930|exit=945|min_signal_atr=0.5|signal_end=585|signal_start=570|signal_month=9|exec_tf=1m|managed_exit=bracket|rr=5|risk_reward=5
reject,"execution_tf_1m_all_trades,overall_pf_gt_min",competition_aud_nzd_daily_tsmom_next_overnight_weekday_side_4_long_0aa8225f,aud_nzd,silver_futures,SI,competition_session_edge,best,False,4,,99,1.941494,101,21.906075,1.714045,101,52.475248,28.294224,0.280141,7.358544,1.239626,1.005149,1.485548,1.133133,1.236931,5,0.800000,0.346547,3.834430,sl:28;sl_gap:8;time_exit:61;tp:2;tp_gap:2,competition_session_edge|family=daily_tsmom_next_overnight_weekday_side_4_long|direction=contrarian|entry=945|exit=945|lookback=5|signal_weekday_side=4_long|exec_tf=1m|managed_exit=bracket|rr=4|risk_reward=4
reject,overall_pf_gt_min,competition_aud_nzd_daily_tsmom_next_overnight_weekday_side_4_long_0aa8225f,aud_nzd,us_treasury_10y_note_futures,ZN,competition_session_edge,best,True,3,1m,123,1.711053,123,24.120817,1.705119,123,43.902439,40.668845,0.330641,11.485624,1.539637,1.336179,1.246936,1.215776,1.159592,5,0.800000,0.720886,2.416415,sl:41;sl_gap:14;time_exit:47;tp:17;tp_gap:4,competition_session_edge|family=daily_tsmom_next_overnight_weekday_side_4_long|direction=contrarian|entry=945|exit=945|lookback=5|signal_weekday_side=4_long|exec_tf=1m|managed_exit=bracket|rr=3|risk_reward=3
reject,"execution_tf_1m_all_trades,overall_pf_gt_min",competition_aud_nzd_daily_tsmom_next_overnight_weekday_side_4_long_0aa8225f,aud_nzd,silver_futures,SI,competition_session_edge,best,False,3,,99,1.941494,101,21.906075,1.703479,101,52.475248,27.875518,0.275995,6.438001,1.294848,1.092239,1.453510,1.205090,1.196395,5,0.800000,0.500171,2.875822,sl:28;sl_gap:8;time_exit:56;tp:6;tp_gap:3,competition_session_edge|family=daily_tsmom_next_overnight_weekday_side_4_long|direction=contrarian|entry=945|exit=945|lookback=5|signal_weekday_side=4_long|exec_tf=1m|managed_exit=bracket|rr=3|risk_reward=3
reject,"execution_tf_1m_all_trades,overall_pf_gt_min,quarter_pf_gt_1,rolling20_pf_p25_gt_1,simple_bootstrap_p05_gt_1,block_bootstrap_p05_gt_0_9,annual_walk_forward_pass_rate_ge_60pct",competition_aud_usd_us_first30_last30_momentum_month_9_xasset_rr_5_629d8cc5,aud_usd,copper_futures,HG,competition_session_edge,best,False,3,,55,1.959803,57,7.329376,1.701240,57,47.368421,5.354903,0.093946,3.494728,1.686706,0.480941,0.908270,0.857931,0.768511,4,0.500000,0.478458,2.920594,sl:1;time_exit:55;tp:1,competition_session_edge|family=us_first30_last30_momentum_month_9|direction=same|entry=930|exit=945|min_signal_atr=0.5|signal_end=585|signal_start=570|signal_month=9|exec_tf=1m|managed_exit=bracket|rr=3|risk_reward=3
reject,"overall_pf_gt_min,quarter_pf_gt_1",competition_aud_usd_daily_tsmom_next_overnight_month_12_45e372f3,aud_usd,crude_oil_futures,CL,competition_session_edge,best,True,3,1m,82,1.584261,82,16.420825,1.699757,82,40.243902,32.498495,0.396323,11.613834,1.162648,0.638518,1.162826,1.124336,1.098184,4,0.750000,0.595495,2.889460,sl:43;sl_gap:3;time_exit:13;tp:23,competition_session_edge|family=daily_tsmom_next_overnight_month_12|direction=momentum|entry=945|exit=570|lookback=20|signal_month=12|exec_tf=1m|managed_exit=bracket|rr=3|risk_reward=3
reject,"execution_tf_1m_all_trades,overall_pf_gt_min,quarter_pf_gt_1,simple_bootstrap_p05_gt_1",competition_aud_usd_us_first30_last30_momentum_month_9_xasset_rr_5_629d8cc5,aud_usd,new_zealand_dollar_futures,6N,competition_session_edge,best,False,3,,54,1.895838,55,8.156437,1.682234,55,60.000000,6.211618,0.112939,1.943362,1.613976,0.806491,1.383429,0.841478,0.984984,4,0.750000,0.946965,2.815533,sl:4;sl_gap:1;time_exit:49;tp:1,competition_session_edge|family=us_first30_last30_momentum_month_9|direction=same|entry=930|exit=945|min_signal_atr=0.5|signal_end=585|signal_start=570|signal_month=9|exec_tf=1m|managed_exit=bracket|rr=3|risk_reward=3
reject,overall_pf_gt_min,competition_eur_chf_ny_open_gap_fade_month_9_5044d21c,eur_chf,natural_gas_futures,NG,competition_session_edge,best,False,3,1m,63,1.747433,63,14.105697,1.671653,63,42.857143,23.539268,0.373639,5.969712,1.138676,1.066307,1.181519,1.041082,1.167153,4,0.750000,0.794891,2.886573,sl:35;time_exit:14;tp:14,competition_session_edge|family=ny_open_gap_fade_month_9|direction=fade|entry=570|exit=660|min_gap_atr=0.25|signal_month=9|exec_tf=1m|managed_exit=bracket|rr=3|risk_reward=3
reject,"overall_pf_gt_min,quarter_pf_gt_1",competition_aud_usd_us_first30_last30_reversal_signalmonth_direction_opposite_entryminute_930_exitbarm_c8c5223e,aud_usd,crude_oil_futures,CL,competition_session_edge,best,True,3,1m,70,1.662340,70,5.083453,1.641872,70,54.285714,5.036777,0.071954,1.804707,1.361525,0.588643,1.189058,1.016151,1.099924,4,0.750000,0.605837,2.922191,sl:2;time_exit:68,competition_session_edge|family=us_first30_last30_reversal_signalmonth|direction=opposite|entry=930|exit=945|min_signal_atr=0.2|signal_end=585|signal_month=12|signal_start=570|exec_tf=1m|managed_exit=bracket|rr=3|risk_reward=3
reject,"overall_pf_gt_min,quarter_pf_gt_1,simple_bootstrap_p05_gt_1",competition_aud_usd_us_first30_last30_reversal_signalmonth_direction_opposite_entryminute_930_exitbarm_c8c5223e,aud_usd,crude_oil_futures,CL,competition_session_edge,best,True,4,1m,70,1.662340,70,5.083453,1.641872,70,54.285714,5.036777,0.071954,1.804707,1.361525,0.588643,1.189058,0.966910,1.023978,4,0.750000,0.605837,3.896255,sl:2;time_exit:68,competition_session_edge|family=us_first30_last30_reversal_signalmonth|direction=opposite|entry=930|exit=945|min_signal_atr=0.2|signal_end=585|signal_month=12|signal_start=570|exec_tf=1m|managed_exit=bracket|rr=4|risk_reward=4
reject,"overall_pf_gt_min,quarter_pf_gt_1,simple_bootstrap_p05_gt_1",competition_aud_usd_us_first30_last30_reversal_signalmonth_direction_opposite_entryminute_930_exitbarm_c8c5223e,aud_usd,crude_oil_futures,CL,competition_session_edge,best,True,5,1m,70,1.662340,70,5.083453,1.641872,70,54.285714,5.036777,0.071954,1.804707,1.361525,0.588643,1.189058,0.994255,0.989412,4,0.750000,0.605837,4.870318,sl:2;time_exit:68,competition_session_edge|family=us_first30_last30_reversal_signalmonth|direction=opposite|entry=930|exit=945|min_signal_atr=0.2|signal_end=585|signal_month=12|signal_start=570|exec_tf=1m|managed_exit=bracket|rr=5|risk_reward=5
reject,"overall_pf_gt_min,quarter_pf_gt_1,simple_bootstrap_p05_gt_1",competition_aud_usd_us_first30_last30_reversal_signalmonth_direction_opposite_entryminute_930_exitbarm_c8c5223e,aud_usd,silver_futures,SI,competition_session_edge,best,False,3,1m,70,1.548467,70,6.045356,1.620425,70,51.428571,7.095745,0.101368,1.613052,1.401854,0.795257,1.692778,0.960119,1.180847,4,0.750000,0.797608,2.899151,sl:3;time_exit:67,competition_session_edge|family=us_first30_last30_reversal_signalmonth|direction=opposite|entry=930|exit=945|min_signal_atr=0.2|signal_end=585|signal_month=12|signal_start=570|exec_tf=1m|managed_exit=bracket|rr=3|risk_reward=3
reject,"overall_pf_gt_min,quarter_pf_gt_1,simple_bootstrap_p05_gt_1",competition_aud_usd_us_first30_last30_reversal_signalmonth_direction_opposite_entryminute_930_exitbarm_c8c5223e,aud_usd,silver_futures,SI,competition_session_edge,best,False,4,1m,70,1.548467,70,6.045356,1.620425,70,51.428571,7.095745,0.101368,1.613052,1.401854,0.795257,1.692778,0.927556,1.169640,4,0.750000,0.797608,3.865535,sl:3;time_exit:67,competition_session_edge|family=us_first30_last30_reversal_signalmonth|direction=opposite|entry=930|exit=945|min_signal_atr=0.2|signal_end=585|signal_month=12|signal_start=570|exec_tf=1m|managed_exit=bracket|rr=4|risk_reward=4
reject,"overall_pf_gt_min,quarter_pf_gt_1,simple_bootstrap_p05_gt_1",competition_aud_usd_us_first30_last30_reversal_signalmonth_direction_opposite_entryminute_930_exitbarm_c8c5223e,aud_usd,silver_futures,SI,competition_session_edge,best,False,5,1m,70,1.548467,70,6.045356,1.620425,70,51.428571,7.095745,0.101368,1.613052,1.401854,0.795257,1.692778,0.958931,1.196949,4,0.750000,0.797608,4.831919,sl:3;time_exit:67,competition_session_edge|family=us_first30_last30_reversal_signalmonth|direction=opposite|entry=930|exit=945|min_signal_atr=0.2|signal_end=585|signal_month=12|signal_start=570|exec_tf=1m|managed_exit=bracket|rr=5|risk_reward=5
reject,"overall_pf_gt_min,quarter_pf_gt_1,simple_bootstrap_p05_gt_1,block_bootstrap_p05_gt_0_9,annual_walk_forward_pass_rate_ge_60pct",competition_aud_usd_us_first30_last30_momentum_month_9_xasset_rr_5_629d8cc5,aud_usd,gold_futures,GC,competition_session_edge,best,False,4,1m,51,1.717661,51,7.156955,1.616077,51,54.901961,6.143895,0.120469,3.300080,1.378512,0.769694,1.269081,0.759793,0.791293,4,0.500000,0.660906,3.909279,sl:4;time_exit:46;tp:1,competition_session_edge|family=us_first30_last30_momentum_month_9|direction=same|entry=930|exit=945|min_signal_atr=0.5|signal_end=585|signal_start=570|signal_month=9|exec_tf=1m|managed_exit=bracket|rr=4|risk_reward=4
reject,"overall_pf_gt_min,quarter_pf_gt_1",competition_aud_usd_daily_tsmom_next_overnight_month_12_45e372f3,aud_usd,crude_oil_futures,CL,competition_session_edge,best,True,4,1m,82,1.584261,82,16.420825,1.595212,82,35.365854,30.051069,0.366476,11.613834,1.059979,0.671268,1.068895,1.019349,1.004894,4,0.750000,0.626038,3.852613,sl:47;sl_gap:3;time_exit:17;tp:15,competition_session_edge|family=daily_tsmom_next_overnight_month_12|direction=momentum|entry=945|exit=570|lookback=20|signal_month=12|exec_tf=1m|managed_exit=bracket|rr=4|risk_reward=4
reject,overall_pf_gt_min,competition_aud_usd_london_first30_ny_open_momentum_signalweekdayside_xasset_rr_4_0208edb7,aud_usd,natural_gas_futures,NG,competition_session_edge,best,True,4,1m,94,1.579730,94,38.064201,1.579730,94,29.787234,38.064201,0.404938,8.002929,1.546173,1.206498,1.528826,1.014798,1.113837,5,0.800000,0.833018,3.661299,sl:66;time_exit:3;tp:25,competition_session_edge|family=london_first30_ny_open_momentum_signalweekdayside|direction=same|entry=480|exit=570|min_signal_atr=0.35|signal_end=195|signal_start=180|signal_weekday_side=4_long|exec_tf=1m|managed_exit=bracket|rr=4|risk_reward=4
reject,"execution_tf_1m_all_trades,overall_pf_gt_min,quarter_pf_gt_1,simple_bootstrap_p05_gt_1,block_bootstrap_p05_gt_0_9",competition_aud_usd_us_first30_last30_momentum_month_9_xasset_rr_5_629d8cc5,aud_usd,micro_ether_futures,MET,competition_session_edge,best,False,4,,35,1.571069,47,7.700546,1.571069,47,57.446809,7.700546,0.163841,3.627372,1.022536,0.861016,1.095663,0.891182,0.891480,3,1.000000,1.071469,3.816856,sl:8;sl_gap:2;time_exit:37,competition_session_edge|family=us_first30_last30_momentum_month_9|direction=same|entry=930|exit=945|min_signal_atr=0.5|signal_end=585|signal_start=570|signal_month=9|exec_tf=1m|managed_exit=bracket|rr=4|risk_reward=4
reject,"execution_tf_1m_all_trades,overall_pf_gt_min,quarter_pf_gt_1,simple_bootstrap_p05_gt_1",competition_aud_usd_us_first30_last30_momentum_month_9_xasset_rr_5_629d8cc5,aud_usd,micro_ether_futures,MET,competition_session_edge,best,False,5,,35,1.571069,47,7.700546,1.571069,47,57.446809,7.700546,0.163841,3.627372,1.022536,0.861016,1.095663,0.884949,0.907899,3,1.000000,1.071469,4.771070,sl:8;sl_gap:2;time_exit:37,competition_session_edge|family=us_first30_last30_momentum_month_9|direction=same|entry=930|exit=945|min_signal_atr=0.5|signal_end=585|signal_start=570|signal_month=9|exec_tf=1m|managed_exit=bracket|rr=5|risk_reward=5
reject,"overall_pf_gt_min,half_pf_gt_1,quarter_pf_gt_1,rolling20_pf_p25_gt_1,simple_bootstrap_p05_gt_1",competition_aud_usd_us_first30_last30_momentum_month_9_xasset_rr_5_629d8cc5,aud_usd,russell_2000_futures,RTY,competition_session_edge,best,False,5,1m,76,1.569253,76,14.368533,1.569253,76,57.894737,14.368533,0.189060,6.477085,0.931922,0.806093,0.993826,0.970726,0.992055,4,0.750000,0.732736,4.930321,sl:21;time_exit:55,competition_session_edge|family=us_first30_last30_momentum_month_9|direction=same|entry=930|exit=945|min_signal_atr=0.5|signal_end=585|signal_start=570|signal_month=9|exec_tf=1m|managed_exit=bracket|rr=5|risk_reward=5
reject,"overall_pf_gt_min,simple_bootstrap_p05_gt_1",competition_eur_cad_us_first30_midday_momentum_month_10_8e114485,eur_cad,british_pound_futures,6B,competition_session_edge,best,False,3,1m,57,1.642753,57,9.752976,1.564164,57,52.631579,12.650758,0.221943,6.549678,1.249724,1.245021,1.208733,0.932940,0.983832,4,0.750000,0.930743,2.770980,sl:19;sl_gap:1;time_exit:36;tp:1,competition_session_edge|family=us_first30_midday_momentum_month_10|direction=same|entry=720|exit=780|min_signal_atr=0.5|signal_end=585|signal_start=570|signal_month=10|exec_tf=1m|managed_exit=bracket|rr=3|risk_reward=3
reject,overall_pf_gt_min,competition_aud_nzd_london_first30_last30_reversal_weekday_side_0_long_2e0ed4d2,aud_nzd,crude_oil_futures,CL,competition_session_edge,best,False,3,1m,78,1.624452,78,9.518382,1.563611,78,57.692308,10.641155,0.136425,3.914894,1.195726,1.053730,1.247814,1.005856,1.036000,4,1.000000,1.141748,2.836225,sl:11;sl_gap:2;time_exit:65,competition_session_edge|family=london_first30_last30_reversal_weekday_side_0_long|direction=opposite|entry=930|exit=945|min_signal_atr=0.35|signal_end=195|signal_start=180|signal_weekday_side=0_long|exec_tf=1m|managed_exit=bracket|rr=3|risk_reward=3
reject,"overall_pf_gt_min,simple_bootstrap_p05_gt_1",competition_aud_nzd_london_first30_last30_reversal_weekday_side_0_long_2e0ed4d2,aud_nzd,crude_oil_futures,CL,competition_session_edge,best,False,4,1m,78,1.624452,78,9.518382,1.563611,78,57.692308,10.641155,0.136425,3.914894,1.195726,1.053730,1.247814,0.952578,1.024113,4,1.000000,1.141748,3.781633,sl:11;sl_gap:2;time_exit:65,competition_session_edge|family=london_first30_last30_reversal_weekday_side_0_long|direction=opposite|entry=930|exit=945|min_signal_atr=0.35|signal_end=195|signal_start=180|signal_weekday_side=0_long|exec_tf=1m|managed_exit=bracket|rr=4|risk_reward=4
reject,"overall_pf_gt_min,simple_bootstrap_p05_gt_1",competition_aud_nzd_london_first30_last30_reversal_weekday_side_0_long_2e0ed4d2,aud_nzd,crude_oil_futures,CL,competition_session_edge,best,False,5,1m,78,1.624452,78,9.518382,1.563611,78,57.692308,10.641155,0.136425,3.914894,1.195726,1.053730,1.247814,0.987428,0.960942,4,1.000000,1.141748,4.727041,sl:11;sl_gap:2;time_exit:65,competition_session_edge|family=london_first30_last30_reversal_weekday_side_0_long|direction=opposite|entry=930|exit=945|min_signal_atr=0.35|signal_end=195|signal_start=180|signal_weekday_side=0_long|exec_tf=1m|managed_exit=bracket|rr=5|risk_reward=5
reject,"overall_pf_gt_min,simple_bootstrap_p05_gt_1",competition_eur_cad_us_first30_midday_momentum_month_10_8e114485,eur_cad,british_pound_futures,6B,competition_session_edge,best,False,4,1m,57,1.642753,57,9.752976,1.560218,57,52.631579,12.562260,0.220391,6.549678,1.249724,1.245021,1.208733,0.914059,1.012805,4,0.750000,0.930743,3.694639,sl:19;sl_gap:1;time_exit:37,competition_session_edge|family=us_first30_midday_momentum_month_10|direction=same|entry=720|exit=780|min_signal_atr=0.5|signal_end=585|signal_start=570|signal_month=10|exec_tf=1m|managed_exit=bracket|rr=4|risk_reward=4
reject,"overall_pf_gt_min,simple_bootstrap_p05_gt_1",competition_eur_cad_us_first30_midday_momentum_month_10_8e114485,eur_cad,british_pound_futures,6B,competition_session_edge,best,False,5,1m,57,1.642753,57,9.752976,1.560218,57,52.631579,12.562260,0.220391,6.549678,1.249724,1.245021,1.208733,0.904610,0.982987,4,0.750000,0.930743,4.618299,sl:19;sl_gap:1;time_exit:37,competition_session_edge|family=us_first30_midday_momentum_month_10|direction=same|entry=720|exit=780|min_signal_atr=0.5|signal_end=585|signal_start=570|signal_month=10|exec_tf=1m|managed_exit=bracket|rr=5|risk_reward=5
reject,"overall_pf_gt_min,half_pf_gt_1,quarter_pf_gt_1,rolling20_pf_p25_gt_1,simple_bootstrap_p05_gt_1",competition_aud_usd_us_first30_last30_momentum_month_9_xasset_rr_5_629d8cc5,aud_usd,russell_2000_futures,RTY,competition_session_edge,best,False,4,1m,76,1.569253,76,14.368533,1.540495,76,57.894737,13.642669,0.179509,6.477085,0.885833,0.733222,0.978724,0.965809,0.983923,4,0.750000,0.666496,3.944257,sl:21;time_exit:54;tp:1,competition_session_edge|family=us_first30_last30_momentum_month_9|direction=same|entry=930|exit=945|min_signal_atr=0.5|signal_end=585|signal_start=570|signal_month=9|exec_tf=1m|managed_exit=bracket|rr=4|risk_reward=4
reject,"overall_pf_gt_min,quarter_pf_gt_1,rolling20_pf_p25_gt_1,simple_bootstrap_p05_gt_1",competition_aud_usd_london_first30_ny_open_momentum_signalweekdayside_xasset_rr_4_0208edb7,aud_usd,us_treasury_30y_bond_futures,ZB,competition_session_edge,best,True,4,1m,82,1.538497,82,30.946038,1.538497,82,29.268293,30.946038,0.377391,15.255621,1.279750,0.541711,0.728038,0.979433,1.005440,5,0.600000,0.311724,3.253872,sl:50;sl_gap:8;time_exit:4;tp:20,competition_session_edge|family=london_first30_ny_open_momentum_signalweekdayside|direction=same|entry=480|exit=570|min_signal_atr=0.35|signal_end=195|signal_start=180|signal_weekday_side=4_long|exec_tf=1m|managed_exit=bracket|rr=4|risk_reward=4
reject,"overall_pf_gt_min,quarter_pf_gt_1,simple_bootstrap_p05_gt_1",competition_aud_usd_london_first30_ny_open_momentum_weekday_side_0_short_xasset_rr_5_3aca24b7,aud_usd,russell_2000_futures,RTY,competition_session_edge,best,False,5,1m,92,1.530828,92,36.099193,1.530828,92,26.086957,36.099193,0.392383,13.997900,1.408254,0.481525,1.059669,0.997797,0.975783,5,0.600000,0.718030,4.822887,sl:65;sl_gap:3;time_exit:6;tp:18,competition_session_edge|family=london_first30_ny_open_momentum_weekday_side_0_short|direction=same|entry=480|exit=570|min_signal_atr=0|signal_end=195|signal_start=180|signal_weekday_side=0_short|exec_tf=1m|managed_exit=bracket|rr=5|risk_reward=5
reject,"overall_pf_gt_min,simple_bootstrap_p05_gt_1",competition_eur_chf_ny_open_gap_fade_month_9_5044d21c,eur_chf,natural_gas_futures,NG,competition_session_edge,best,False,4,1m,63,1.747433,63,14.105697,1.515099,63,41.269841,18.555388,0.294530,4.979678,1.212987,1.063226,1.236033,0.899464,1.116857,4,0.750000,0.973742,3.848765,sl:36;time_exit:19;tp:8,competition_session_edge|family=ny_open_gap_fade_month_9|direction=fade|entry=570|exit=660|min_gap_atr=0.25|signal_month=9|exec_tf=1m|managed_exit=bracket|rr=4|risk_reward=4
reject,"overall_pf_gt_min,quarter_pf_gt_1,simple_bootstrap_p05_gt_1,block_bootstrap_p05_gt_0_9,annual_walk_forward_pass_rate_ge_60pct",competition_aud_usd_us_first30_last30_momentum_month_9_xasset_rr_5_629d8cc5,aud_usd,gold_futures,GC,competition_session_edge,best,False,3,1m,51,1.717661,51,7.156955,1.514493,51,54.901961,5.130834,0.100605,3.300080,1.215969,0.769694,1.074072,0.750134,0.747899,4,0.500000,0.660906,2.931959,sl:4;time_exit:45;tp:2,competition_session_edge|family=us_first30_last30_momentum_month_9|direction=same|entry=930|exit=945|min_signal_atr=0.5|signal_end=585|signal_start=570|signal_month=9|exec_tf=1m|managed_exit=bracket|rr=3|risk_reward=3
reject,"overall_pf_gt_min,quarter_pf_gt_1,annual_walk_forward_pass_rate_ge_60pct",competition_aud_usd_london_first30_ny_open_momentum_weekday_side_0_short_xasset_rr_5_3aca24b7,aud_usd,russell_2000_futures,RTY,competition_session_edge,best,False,3,1m,92,1.530828,92,36.099193,1.510404,92,34.782609,30.642656,0.333072,9.005145,1.173585,0.632195,1.004827,1.041187,1.058985,5,0.400000,0.609538,2.893732,sl:57;sl_gap:3;time_exit:3;tp:29,competition_session_edge|family=london_first30_ny_open_momentum_weekday_side_0_short|direction=same|entry=480|exit=570|min_signal_atr=0|signal_end=195|signal_start=180|signal_weekday_side=0_short|exec_tf=1m|managed_exit=bracket|rr=3|risk_reward=3
reject,"overall_pf_gt_min,simple_bootstrap_p05_gt_1",competition_eur_chf_ny_open_gap_fade_month_9_5044d21c,eur_chf,natural_gas_futures,NG,competition_session_edge,best,False,5,1m,63,1.747433,63,14.105697,1.505086,63,41.269841,18.194693,0.288805,4.979678,1.173443,1.016767,1.297386,0.894991,1.109136,4,1.000000,1.023871,4.810956,sl:36;time_exit:23;tp:4,competition_session_edge|family=ny_open_gap_fade_month_9|direction=fade|entry=570|exit=660|min_gap_atr=0.25|signal_month=9|exec_tf=1m|managed_exit=bracket|rr=5|risk_reward=5
reject,"overall_pf_gt_min,half_pf_gt_1,quarter_pf_gt_1,rolling20_pf_p25_gt_1,simple_bootstrap_p05_gt_1",competition_aud_usd_us_first30_last30_momentum_month_9_xasset_rr_5_629d8cc5,aud_usd,russell_2000_futures,RTY,competition_session_edge,best,False,3,1m,76,1.569253,76,14.368533,1.496286,76,57.894737,12.526771,0.164826,6.477085,0.821904,0.632143,0.978724,0.901259,0.921951,4,0.750000,0.574616,2.958193,sl:21;time_exit:53;tp:2,competition_session_edge|family=us_first30_last30_momentum_month_9|direction=same|entry=930|exit=945|min_signal_atr=0.5|signal_end=585|signal_start=570|signal_month=9|exec_tf=1m|managed_exit=bracket|rr=3|risk_reward=3
reject,"overall_pf_gt_min,quarter_pf_gt_1,rolling20_pf_p25_gt_1,simple_bootstrap_p05_gt_1,block_bootstrap_p05_gt_0_9",competition_eur_cad_us_first30_midday_momentum_month_10_8e114485,eur_cad,swiss_franc_futures,6S,competition_session_edge,best,False,4,1m,60,1.715061,60,10.541262,1.457664,60,53.333333,9.696139,0.161602,5.366885,1.200135,0.603341,0.883077,0.864099,0.851116,4,0.750000,0.559878,3.879599,sl:15;sl_gap:3;time_exit:42,competition_session_edge|family=us_first30_midday_momentum_month_10|direction=same|entry=720|exit=780|min_signal_atr=0.5|signal_end=585|signal_start=570|signal_month=10|exec_tf=1m|managed_exit=bracket|rr=4|risk_reward=4
reject,"overall_pf_gt_min,quarter_pf_gt_1,rolling20_pf_p25_gt_1,simple_bootstrap_p05_gt_1,block_bootstrap_p05_gt_0_9",competition_eur_cad_us_first30_midday_momentum_month_10_8e114485,eur_cad,swiss_franc_futures,6S,competition_session_edge,best,False,5,1m,60,1.715061,60,10.541262,1.457664,60,53.333333,9.696139,0.161602,5.366885,1.200135,0.603341,0.883077,0.866553,0.860594,4,0.750000,0.559878,4.849499,sl:15;sl_gap:3;time_exit:42,competition_session_edge|family=us_first30_midday_momentum_month_10|direction=same|entry=720|exit=780|min_signal_atr=0.5|signal_end=585|signal_start=570|signal_month=10|exec_tf=1m|managed_exit=bracket|rr=5|risk_reward=5
reject,"overall_pf_gt_min,quarter_pf_gt_1,rolling20_pf_p25_gt_1,simple_bootstrap_p05_gt_1",competition_aud_nzd_london_first30_last30_reversal_weekday_side_0_long_2e0ed4d2,aud_nzd,dow_jones_futures,YM,competition_session_edge,best,False,3,1m,72,1.515373,72,12.796385,1.424072,72,40.277778,17.584213,0.244225,5.589029,1.146146,0.909457,0.917325,0.924006,0.947368,5,1.000000,1.105767,2.914644,sl:40;sl_gap:1;time_exit:17;tp:14,competition_session_edge|family=london_first30_last30_reversal_weekday_side_0_long|direction=opposite|entry=930|exit=945|min_signal_atr=0.35|signal_end=195|signal_start=180|signal_weekday_side=0_long|exec_tf=1m|managed_exit=bracket|rr=3|risk_reward=3
reject,"overall_pf_gt_min,quarter_pf_gt_1,rolling20_pf_p25_gt_1,simple_bootstrap_p05_gt_1,block_bootstrap_p05_gt_0_9",competition_eur_cad_us_first30_midday_momentum_month_10_8e114485,eur_cad,swiss_franc_futures,6S,competition_session_edge,best,False,3,1m,60,1.715061,60,10.541262,1.421090,60,53.333333,8.921275,0.148688,5.366885,1.138423,0.603341,0.851979,0.815614,0.829384,4,0.750000,0.559878,2.909699,sl:15;sl_gap:3;time_exit:41;tp:1,competition_session_edge|family=us_first30_midday_momentum_month_10|direction=same|entry=720|exit=780|min_signal_atr=0.5|signal_end=585|signal_start=570|signal_month=10|exec_tf=1m|managed_exit=bracket|rr=3|risk_reward=3
reject,"overall_pf_gt_min,quarter_pf_gt_1,rolling20_pf_p25_gt_1,simple_bootstrap_p05_gt_1,block_bootstrap_p05_gt_0_9",competition_aud_nzd_london_first30_last30_reversal_weekday_side_0_long_2e0ed4d2,aud_nzd,dow_jones_futures,YM,competition_session_edge,best,False,4,1m,72,1.515373,72,12.796385,1.408010,72,40.277778,16.918196,0.234975,6.872378,1.154816,0.771159,0.858537,0.848142,0.884049,5,0.800000,0.927691,3.886191,sl:40;sl_gap:1;time_exit:24;tp:7,competition_session_edge|family=london_first30_last30_reversal_weekday_side_0_long|direction=opposite|entry=930|exit=945|min_signal_atr=0.35|signal_end=195|signal_start=180|signal_weekday_side=0_long|exec_tf=1m|managed_exit=bracket|rr=4|risk_reward=4
reject,"overall_pf_gt_min,rolling20_pf_p25_gt_1,simple_bootstrap_p05_gt_1",competition_aud_nzd_daily_tsmom_next_overnight_weekday_side_4_long_0aa8225f,aud_nzd,japanese_yen_futures,6J,competition_session_edge,best,True,5,1m,130,1.873189,130,28.999496,1.399360,130,40.000000,27.317383,0.210134,9.171536,1.305038,1.070637,0.949882,0.935653,1.018918,5,1.000000,1.013055,4.572099,sl:43;sl_gap:22;time_exit:59;tp:3;tp_gap:3,competition_session_edge|family=daily_tsmom_next_overnight_weekday_side_4_long|direction=contrarian|entry=945|exit=945|lookback=5|signal_weekday_side=4_long|exec_tf=1m|managed_exit=bracket|rr=5|risk_reward=5
reject,"overall_pf_gt_min,quarter_pf_gt_1,rolling20_pf_p25_gt_1,simple_bootstrap_p05_gt_1",competition_aud_nzd_daily_tsmom_next_overnight_weekday_side_4_long_0aa8225f,aud_nzd,japanese_yen_futures,6J,competition_session_edge,best,True,4,1m,130,1.873189,130,28.999496,1.386930,130,40.000000,26.467110,0.203593,9.171536,1.268907,0.975864,0.871091,0.975728,0.997696,5,0.800000,0.951671,3.657679,sl:43;sl_gap:22;time_exit:57;tp:3;tp_gap:5,competition_session_edge|family=daily_tsmom_next_overnight_weekday_side_4_long|direction=contrarian|entry=945|exit=945|lookback=5|signal_weekday_side=4_long|exec_tf=1m|managed_exit=bracket|rr=4|risk_reward=4
reject,"overall_pf_gt_min,half_pf_gt_1,quarter_pf_gt_1,simple_bootstrap_p05_gt_1,block_bootstrap_p05_gt_0_9",competition_eur_chf_ny_open_gap_fade_month_9_5044d21c,eur_chf,russell_2000_futures,RTY,competition_session_edge,best,True,4,1m,61,1.614490,61,12.603141,1.386380,61,34.426230,15.166101,0.248625,6.819168,0.970841,0.784988,1.069468,0.787677,0.854423,4,0.750000,0.785259,3.938177,sl:39;time_exit:14;tp:8,competition_session_edge|family=ny_open_gap_fade_month_9|direction=fade|entry=570|exit=660|min_gap_atr=0.25|signal_month=9|exec_tf=1m|managed_exit=bracket|rr=4|risk_reward=4
reject,"overall_pf_gt_min,quarter_pf_gt_1,rolling20_pf_p25_gt_1,simple_bootstrap_p05_gt_1",competition_aud_usd_london_first30_ny_open_momentum_signalweekdayside_xasset_rr_4_0208edb7,aud_usd,us_treasury_30y_bond_futures,ZB,competition_session_edge,best,True,3,1m,82,1.538497,82,30.946038,1.384278,82,31.707317,21.254590,0.259202,13.776790,1.297836,0.519009,0.765824,0.907375,0.924638,5,0.600000,0.361918,2.440404,sl:49;sl_gap:7;time_exit:1;tp:25,competition_session_edge|family=london_first30_ny_open_momentum_signalweekdayside|direction=same|entry=480|exit=570|min_signal_atr=0.35|signal_end=195|signal_start=180|signal_weekday_side=4_long|exec_tf=1m|managed_exit=bracket|rr=3|risk_reward=3
reject,"overall_pf_gt_min,quarter_pf_gt_1,simple_bootstrap_p05_gt_1,block_bootstrap_p05_gt_0_9",competition_eur_chf_ny_open_gap_fade_month_9_5044d21c,eur_chf,russell_2000_futures,RTY,competition_session_edge,best,True,5,1m,61,1.614490,61,12.603141,1.380145,61,34.426230,14.921338,0.244612,6.539789,1.000761,0.838035,1.104905,0.802206,0.847483,4,0.750000,0.838325,4.922721,sl:39;time_exit:21;tp:1,competition_session_edge|family=ny_open_gap_fade_month_9|direction=fade|entry=570|exit=660|min_gap_atr=0.25|signal_month=9|exec_tf=1m|managed_exit=bracket|rr=5|risk_reward=5
reject,"overall_pf_gt_min,quarter_pf_gt_1,rolling20_pf_p25_gt_1,simple_bootstrap_p05_gt_1,block_bootstrap_p05_gt_0_9",competition_eur_chf_ny_open_gap_fade_month_9_5044d21c,eur_chf,us_treasury_2y_note_futures,ZT,competition_session_edge,best,True,3,1m,57,1.557578,57,10.240515,1.375782,57,36.842105,12.962676,0.227415,8.598653,1.080139,0.655200,0.877699,0.831731,0.756796,4,0.750000,0.655200,2.532992,sl:32;sl_gap:3;time_exit:11;tp:10;tp_gap:1,competition_session_edge|family=ny_open_gap_fade_month_9|direction=fade|entry=570|exit=660|min_gap_atr=0.25|signal_month=9|exec_tf=1m|managed_exit=bracket|rr=3|risk_reward=3
reject,"overall_pf_gt_min,quarter_pf_gt_1,rolling20_pf_p25_gt_1,simple_bootstrap_p05_gt_1,block_bootstrap_p05_gt_0_9",competition_aud_nzd_london_first30_last30_reversal_weekday_side_0_long_2e0ed4d2,aud_nzd,dow_jones_futures,YM,competition_session_edge,best,False,5,1m,72,1.515373,72,12.796385,1.346180,72,40.277778,14.354387,0.199366,6.872378,1.159286,0.771159,0.870154,0.804849,0.852393,5,0.800000,0.927691,4.857739,sl:40;sl_gap:1;time_exit:28;tp:3,competition_session_edge|family=london_first30_last30_reversal_weekday_side_0_long|direction=opposite|entry=930|exit=945|min_signal_atr=0.35|signal_end=195|signal_start=180|signal_weekday_side=0_long|exec_tf=1m|managed_exit=bracket|rr=5|risk_reward=5
reject,"overall_pf_gt_min,quarter_pf_gt_1,rolling20_pf_p25_gt_1,simple_bootstrap_p05_gt_1,block_bootstrap_p05_gt_0_9",competition_eur_chf_ny_open_gap_fade_month_9_5044d21c,eur_chf,copper_futures,HG,competition_session_edge,best,True,4,1m,62,1.570920,62,12.204204,1.344556,62,32.258065,14.036955,0.226402,6.819962,1.207394,0.535646,0.997573,0.799483,0.806831,4,0.750000,0.535646,3.827804,sl:40;time_exit:14;tp:8,competition_session_edge|family=ny_open_gap_fade_month_9|direction=fade|entry=570|exit=660|min_gap_atr=0.25|signal_month=9|exec_tf=1m|managed_exit=bracket|rr=4|risk_reward=4
reject,"overall_pf_gt_min,quarter_pf_gt_1,rolling20_pf_p25_gt_1,simple_bootstrap_p05_gt_1",competition_aud_nzd_daily_tsmom_next_overnight_weekday_side_4_long_0aa8225f,aud_nzd,japanese_yen_futures,6J,competition_session_edge,best,True,3,1m,130,1.873189,130,28.999496,1.322467,130,40.000000,22.057630,0.169674,8.978198,1.200354,0.981988,0.878922,0.938835,0.943237,5,0.800000,0.963566,2.743259,sl:43;sl_gap:22;time_exit:50;tp:10;tp_gap:5,competition_session_edge|family=daily_tsmom_next_overnight_weekday_side_4_long|direction=contrarian|entry=945|exit=945|lookback=5|signal_weekday_side=4_long|exec_tf=1m|managed_exit=bracket|rr=3|risk_reward=3
reject,"overall_pf_gt_min,quarter_pf_gt_1,simple_bootstrap_p05_gt_1,block_bootstrap_p05_gt_0_9",competition_aud_usd_london_first30_ny_open_momentum_signalweekdayside_xasset_rr_4_0208edb7,aud_usd,natural_gas_futures,NG,competition_session_edge,best,True,3,1m,94,1.579730,94,38.064201,1.261906,94,30.851064,16.934700,0.180156,9.007042,1.211723,0.907870,1.306779,0.828440,0.874476,5,0.600000,0.624763,2.745974,sl:65;time_exit:3;tp:26,competition_session_edge|family=london_first30_ny_open_momentum_signalweekdayside|direction=same|entry=480|exit=570|min_signal_atr=0.35|signal_end=195|signal_start=180|signal_weekday_side=4_long|exec_tf=1m|managed_exit=bracket|rr=3|risk_reward=3
reject,"overall_pf_gt_min,quarter_pf_gt_1,rolling20_pf_p25_gt_1,simple_bootstrap_p05_gt_1,block_bootstrap_p05_gt_0_9",competition_eur_chf_ny_open_gap_fade_month_9_5044d21c,eur_chf,copper_futures,HG,competition_session_edge,best,True,5,1m,62,1.570920,62,12.204204,1.258726,62,30.645161,10.787895,0.173998,7.009578,1.042755,0.535646,0.977351,0.727344,0.750452,4,0.750000,0.535646,4.784755,sl:41;time_exit:17;tp:4,competition_session_edge|family=ny_open_gap_fade_month_9|direction=fade|entry=570|exit=660|min_gap_atr=0.25|signal_month=9|exec_tf=1m|managed_exit=bracket|rr=5|risk_reward=5
reject,"overall_pf_gt_min,half_pf_gt_1,quarter_pf_gt_1,rolling20_pf_p25_gt_1,simple_bootstrap_p05_gt_1,block_bootstrap_p05_gt_0_9",competition_eur_chf_ny_open_gap_fade_month_9_5044d21c,eur_chf,us_treasury_2y_note_futures,ZT,competition_session_edge,best,True,5,1m,57,1.557578,57,10.240515,1.248105,57,36.842105,8.558452,0.150148,9.037816,0.824210,0.640950,0.791775,0.705832,0.723606,4,0.750000,0.640950,4.221653,sl:32;sl_gap:3;time_exit:20;tp:2,competition_session_edge|family=ny_open_gap_fade_month_9|direction=fade|entry=570|exit=660|min_gap_atr=0.25|signal_month=9|exec_tf=1m|managed_exit=bracket|rr=5|risk_reward=5
reject,"overall_pf_gt_min,quarter_pf_gt_1,rolling20_pf_p25_gt_1,simple_bootstrap_p05_gt_1,block_bootstrap_p05_gt_0_9",competition_eur_chf_ny_open_gap_fade_month_9_5044d21c,eur_chf,russell_2000_futures,RTY,competition_session_edge,best,True,3,1m,61,1.614490,61,12.603141,1.228510,61,34.426230,8.969429,0.147040,7.143151,1.008339,0.757967,0.940528,0.746661,0.768549,4,0.750000,0.758229,2.953633,sl:39;time_exit:11;tp:11,competition_session_edge|family=ny_open_gap_fade_month_9|direction=fade|entry=570|exit=660|min_gap_atr=0.25|signal_month=9|exec_tf=1m|managed_exit=bracket|rr=3|risk_reward=3
reject,"overall_pf_gt_min,half_pf_gt_1,quarter_pf_gt_1,rolling20_pf_p25_gt_1,simple_bootstrap_p05_gt_1,block_bootstrap_p05_gt_0_9",competition_eur_chf_ny_open_gap_fade_month_9_5044d21c,eur_chf,us_treasury_2y_note_futures,ZT,competition_session_edge,best,True,4,1m,57,1.557578,57,10.240515,1.214570,57,36.842105,7.401640,0.129853,9.342453,0.776655,0.559325,0.785957,0.703771,0.714566,4,0.750000,0.559325,3.377322,sl:32;sl_gap:3;time_exit:18;tp:4,competition_session_edge|family=ny_open_gap_fade_month_9|direction=fade|entry=570|exit=660|min_gap_atr=0.25|signal_month=9|exec_tf=1m|managed_exit=bracket|rr=4|risk_reward=4
reject,"overall_pf_gt_min,quarter_pf_gt_1,rolling20_pf_p25_gt_1,simple_bootstrap_p05_gt_1,block_bootstrap_p05_gt_0_9",competition_eur_chf_ny_open_gap_fade_month_9_5044d21c,eur_chf,copper_futures,HG,competition_session_edge,best,True,3,1m,62,1.570920,62,12.204204,1.205562,62,32.258065,8.374449,0.135072,7.492577,1.013838,0.511178,0.901173,0.722970,0.784027,4,0.750000,0.511178,2.870853,sl:40;time_exit:8;tp:14,competition_session_edge|family=ny_open_gap_fade_month_9|direction=fade|entry=570|exit=660|min_gap_atr=0.25|signal_month=9|exec_tf=1m|managed_exit=bracket|rr=3|risk_reward=3
reject,"execution_tf_1m_all_trades,overall_pf_gt_min,quarter_pf_gt_1,rolling20_pf_p25_gt_1,simple_bootstrap_p05_gt_1,block_bootstrap_p05_gt_0_9,annual_walk_forward_pass_rate_ge_60pct",competition_aud_usd_daily_tsmom_next_overnight_month_6_c0c3d057,aud_usd,new_zealand_dollar_futures,6N,competition_session_edge,best,False,3,,79,1.570393,80,15.958672,1.177303,80,31.250000,9.709235,0.121365,18.073217,1.125589,0.527498,0.584495,0.773832,0.682643,4,0.500000,0.559942,2.749294,sl:38;sl_gap:17;time_exit:5;tp:16;tp_gap:4,competition_session_edge|family=daily_tsmom_next_overnight_month_6|direction=contrarian|entry=945|exit=945|lookback=20|signal_month=6|exec_tf=1m|managed_exit=bracket|rr=3|risk_reward=3
reject,"overall_pf_gt_min,half_pf_gt_1,quarter_pf_gt_1,simple_bootstrap_p05_gt_1,block_bootstrap_p05_gt_0_9",competition_eur_chf_daily_tsmom_next_rth_signalmonth_direction_momentum_entryminute_570_exitminute_945_391afa4a,eur_chf,dow_jones_futures,YM,competition_session_edge,best,True,5,1m,75,1.504398,75,13.575362,1.134451,75,22.666667,7.794847,0.103931,10.972404,0.991692,0.873287,1.001933,0.635604,0.640736,5,0.600000,0.282137,4.951546,sl:58;time_exit:7;tp:10,competition_session_edge|family=daily_tsmom_next_rth_signalmonth|direction=momentum|entry=570|exit=945|lookback=5|signal_month=2|exec_tf=1m|managed_exit=bracket|rr=5|risk_reward=5
reject,"overall_pf_gt_min,quarter_pf_gt_1,simple_bootstrap_p05_gt_1,block_bootstrap_p05_gt_0_9,annual_walk_forward_pass_rate_ge_60pct",competition_aud_usd_daily_tsmom_next_overnight_month_6_c0c3d057,aud_usd,sp_500_futures,ES,competition_session_edge,best,True,5,1m,81,1.750096,81,18.602917,1.124028,81,24.691358,7.197071,0.088853,13.443068,1.074518,0.322674,1.089877,0.662206,0.759823,4,0.500000,0.322674,4.902846,sl:53;sl_gap:4;time_exit:13;tp:9;tp_gap:2,competition_session_edge|family=daily_tsmom_next_overnight_month_6|direction=contrarian|entry=945|exit=945|lookback=20|signal_month=6|exec_tf=1m|managed_exit=bracket|rr=5|risk_reward=5
reject,"overall_pf_gt_min,half_pf_gt_1,quarter_pf_gt_1,rolling20_pf_p25_gt_1,simple_bootstrap_p05_gt_1,block_bootstrap_p05_gt_0_9,annual_walk_forward_pass_rate_ge_60pct",competition_eur_chf_daily_tsmom_next_rth_signalmonth_direction_momentum_entryminute_570_exitminute_945_391afa4a,eur_chf,dow_jones_futures,YM,competition_session_edge,best,True,3,1m,75,1.504398,75,13.575362,1.069969,75,28.000000,3.776409,0.050352,10.589261,0.967339,0.767056,0.930826,0.614026,0.699246,5,0.400000,0.580940,2.970928,sl:54;time_exit:4;tp:17,competition_session_edge|family=daily_tsmom_next_rth_signalmonth|direction=momentum|entry=570|exit=945|lookback=5|signal_month=2|exec_tf=1m|managed_exit=bracket|rr=3|risk_reward=3
reject,"overall_pf_gt_min,half_pf_gt_1,quarter_pf_gt_1,rolling20_pf_p25_gt_1,simple_bootstrap_p05_gt_1,block_bootstrap_p05_gt_0_9,annual_walk_forward_pass_rate_ge_60pct",competition_aud_usd_us_first30_last30_reversal_signalmonth_direction_opposite_entryminute_930_exitbarm_c8c5223e,aud_usd,sp_500_futures,ES,competition_session_edge,best,False,4,1m,76,1.720628,76,14.235508,1.046636,76,39.473684,1.795557,0.023626,10.194630,0.822406,0.673803,0.763252,0.622544,0.647182,4,0.500000,0.673803,3.872813,sl:37;time_exit:37;tp:2,competition_session_edge|family=us_first30_last30_reversal_signalmonth|direction=opposite|entry=930|exit=945|min_signal_atr=0.2|signal_end=585|signal_month=12|signal_start=570|exec_tf=1m|managed_exit=bracket|rr=4|risk_reward=4
reject,"overall_pf_gt_min,half_pf_gt_1,quarter_pf_gt_1,rolling20_pf_p25_gt_1,simple_bootstrap_p05_gt_1,block_bootstrap_p05_gt_0_9",competition_eur_chf_daily_tsmom_next_rth_signalmonth_direction_momentum_entryminute_570_exitminute_945_391afa4a,eur_chf,dow_jones_futures,YM,competition_session_edge,best,True,4,1m,75,1.504398,75,13.575362,1.042792,75,24.000000,2.437936,0.032506,10.972404,0.991644,0.909072,0.910325,0.651096,0.603470,5,0.600000,0.282137,3.961237,sl:57;time_exit:6;tp:12,competition_session_edge|family=daily_tsmom_next_rth_signalmonth|direction=momentum|entry=570|exit=945|lookback=5|signal_month=2|exec_tf=1m|managed_exit=bracket|rr=4|risk_reward=4
reject,"overall_pf_gt_min,half_pf_gt_1,quarter_pf_gt_1,rolling20_pf_p25_gt_1,simple_bootstrap_p05_gt_1,block_bootstrap_p05_gt_0_9,annual_walk_forward_pass_rate_ge_60pct",competition_aud_usd_us_first30_last30_reversal_signalmonth_direction_opposite_entryminute_930_exitbarm_c8c5223e,aud_usd,sp_500_futures,ES,competition_session_edge,best,False,5,1m,76,1.720628,76,14.235508,1.026950,76,39.473684,1.037613,0.013653,9.413061,0.739202,0.538975,0.709302,0.623882,0.644837,4,0.500000,0.538975,4.841016,sl:37;time_exit:38;tp:1,competition_session_edge|family=us_first30_last30_reversal_signalmonth|direction=opposite|entry=930|exit=945|min_signal_atr=0.2|signal_end=585|signal_month=12|signal_start=570|exec_tf=1m|managed_exit=bracket|rr=5|risk_reward=5
reject,"overall_pf_gt_min,half_pf_gt_1,quarter_pf_gt_1,simple_bootstrap_p05_gt_1,block_bootstrap_p05_gt_0_9,annual_walk_forward_pass_rate_ge_60pct",competition_aud_usd_daily_tsmom_next_overnight_month_6_c0c3d057,aud_usd,sp_500_futures,ES,competition_session_edge,best,True,4,1m,81,1.750096,81,18.602917,1.021025,81,25.925926,1.198966,0.014802,8.972839,0.968041,0.525339,1.077490,0.616222,0.744111,4,0.500000,0.525339,3.922276,sl:52;sl_gap:4;time_exit:13;tp:10;tp_gap:2,competition_session_edge|family=daily_tsmom_next_overnight_month_6|direction=contrarian|entry=945|exit=945|lookback=20|signal_month=6|exec_tf=1m|managed_exit=bracket|rr=4|risk_reward=4
reject,"overall_pf_gt_min,total_r_gt_0,half_pf_gt_1,quarter_pf_gt_1,rolling20_pf_p25_gt_1,simple_bootstrap_p05_gt_1,block_bootstrap_p05_gt_0_9,annual_walk_forward_pass_rate_ge_60pct",competition_aud_usd_us_first30_last30_reversal_signalmonth_direction_opposite_entryminute_930_exitbarm_c8c5223e,aud_usd,sp_500_futures,ES,competition_session_edge,best,False,3,1m,76,1.720628,76,14.235508,0.986230,76,39.473684,-0.530168,-0.006976,11.188564,0.774404,0.596017,0.629475,0.604707,0.601579,4,0.500000,0.596017,2.904610,sl:37;time_exit:36;tp:3,competition_session_edge|family=us_first30_last30_reversal_signalmonth|direction=opposite|entry=930|exit=945|min_signal_atr=0.2|signal_end=585|signal_month=12|signal_start=570|exec_tf=1m|managed_exit=bracket|rr=3|risk_reward=3
reject,"overall_pf_gt_min,total_r_gt_0,half_pf_gt_1,quarter_pf_gt_1,rolling20_pf_p25_gt_1,simple_bootstrap_p05_gt_1,block_bootstrap_p05_gt_0_9,annual_walk_forward_pass_rate_ge_60pct",competition_aud_usd_daily_tsmom_next_overnight_month_6_c0c3d057,aud_usd,japanese_yen_futures,6J,competition_session_edge,best,True,3,1m,84,1.556208,84,16.806255,0.953261,84,27.380952,-2.789251,-0.033205,18.982493,0.815897,0.364780,0.577593,0.590605,0.601348,4,0.500000,0.209328,2.535091,sl:52;sl_gap:7;time_exit:8;tp:16;tp_gap:1,competition_session_edge|family=daily_tsmom_next_overnight_month_6|direction=contrarian|entry=945|exit=945|lookback=20|signal_month=6|exec_tf=1m|managed_exit=bracket|rr=3|risk_reward=3
reject,"overall_pf_gt_min,total_r_gt_0,half_pf_gt_1,quarter_pf_gt_1,rolling20_pf_p25_gt_1,simple_bootstrap_p05_gt_1,block_bootstrap_p05_gt_0_9",competition_aud_nzd_london_first30_last30_reversal_weekday_side_0_long_2e0ed4d2,aud_nzd,us_treasury_5y_note_futures,ZF,competition_session_edge,best,False,3,1m,90,1.573850,90,12.164757,0.912588,90,43.333333,-3.176699,-0.035297,7.888515,0.854343,0.557812,0.646071,0.578775,0.643118,5,0.600000,0.000000,2.454552,sl:30;sl_gap:1;time_exit:59,competition_session_edge|family=london_first30_last30_reversal_weekday_side_0_long|direction=opposite|entry=930|exit=945|min_signal_atr=0.35|signal_end=195|signal_start=180|signal_weekday_side=0_long|exec_tf=1m|managed_exit=bracket|rr=3|risk_reward=3
reject,"overall_pf_gt_min,total_r_gt_0,half_pf_gt_1,quarter_pf_gt_1,rolling20_pf_p25_gt_1,simple_bootstrap_p05_gt_1,block_bootstrap_p05_gt_0_9",competition_aud_nzd_london_first30_last30_reversal_weekday_side_0_long_2e0ed4d2,aud_nzd,us_treasury_5y_note_futures,ZF,competition_session_edge,best,False,4,1m,90,1.573850,90,12.164757,0.912588,90,43.333333,-3.176699,-0.035297,7.888515,0.854343,0.557812,0.646071,0.582330,0.634532,5,0.600000,0.000000,3.272736,sl:30;sl_gap:1;time_exit:59,competition_session_edge|family=london_first30_last30_reversal_weekday_side_0_long|direction=opposite|entry=930|exit=945|min_signal_atr=0.35|signal_end=195|signal_start=180|signal_weekday_side=0_long|exec_tf=1m|managed_exit=bracket|rr=4|risk_reward=4
reject,"overall_pf_gt_min,total_r_gt_0,half_pf_gt_1,quarter_pf_gt_1,rolling20_pf_p25_gt_1,simple_bootstrap_p05_gt_1,block_bootstrap_p05_gt_0_9",competition_aud_nzd_london_first30_last30_reversal_weekday_side_0_long_2e0ed4d2,aud_nzd,us_treasury_5y_note_futures,ZF,competition_session_edge,best,False,5,1m,90,1.573850,90,12.164757,0.912588,90,43.333333,-3.176699,-0.035297,7.888515,0.854343,0.557812,0.646071,0.601315,0.621769,5,0.600000,0.000000,4.090920,sl:30;sl_gap:1;time_exit:59,competition_session_edge|family=london_first30_last30_reversal_weekday_side_0_long|direction=opposite|entry=930|exit=945|min_signal_atr=0.35|signal_end=195|signal_start=180|signal_weekday_side=0_long|exec_tf=1m|managed_exit=bracket|rr=5|risk_reward=5
reject,"overall_pf_gt_min,total_r_gt_0,half_pf_gt_1,quarter_pf_gt_1,rolling20_pf_p25_gt_1,simple_bootstrap_p05_gt_1,block_bootstrap_p05_gt_0_9,annual_walk_forward_pass_rate_ge_60pct",competition_aud_usd_daily_tsmom_next_overnight_month_6_c0c3d057,aud_usd,japanese_yen_futures,6J,competition_session_edge,best,True,4,1m,84,1.556208,84,16.806255,0.905835,84,22.619048,-5.996729,-0.071390,23.013460,0.635807,0.237178,0.362156,0.531870,0.513869,4,0.500000,0.263392,3.380121,sl:56;sl_gap:7;time_exit:8;tp:13,competition_session_edge|family=daily_tsmom_next_overnight_month_6|direction=contrarian|entry=945|exit=945|lookback=20|signal_month=6|exec_tf=1m|managed_exit=bracket|rr=4|risk_reward=4
reject,"overall_pf_gt_min,total_r_gt_0,half_pf_gt_1,quarter_pf_gt_1,rolling20_pf_p25_gt_1,simple_bootstrap_p05_gt_1,block_bootstrap_p05_gt_0_9,annual_walk_forward_pass_rate_ge_60pct",competition_aud_usd_daily_tsmom_next_overnight_month_6_c0c3d057,aud_usd,japanese_yen_futures,6J,competition_session_edge,best,True,5,1m,84,1.556208,84,16.806255,0.902340,84,21.428571,-6.317619,-0.075210,22.039439,0.678185,0.288369,0.423029,0.495061,0.504586,4,0.500000,0.317456,4.225151,sl:57;sl_gap:7;time_exit:10;tp:10,competition_session_edge|family=daily_tsmom_next_overnight_month_6|direction=contrarian|entry=945|exit=945|lookback=20|signal_month=6|exec_tf=1m|managed_exit=bracket|rr=5|risk_reward=5
reject,"execution_tf_1m_all_trades,overall_pf_gt_min,total_r_gt_0,half_pf_gt_1,quarter_pf_gt_1,rolling20_pf_p25_gt_1,simple_bootstrap_p05_gt_1,block_bootstrap_p05_gt_0_9,annual_walk_forward_pass_rate_ge_60pct",competition_aud_usd_daily_tsmom_next_overnight_month_6_c0c3d057,aud_usd,new_zealand_dollar_futures,6N,competition_session_edge,best,False,4,,79,1.570393,80,15.958672,0.846937,80,21.250000,-9.582570,-0.119782,30.312514,0.734366,0.451344,0.401925,0.493230,0.452921,4,0.500000,0.427614,3.665725,sl:46;sl_gap:17;time_exit:5;tp:8;tp_gap:4,competition_session_edge|family=daily_tsmom_next_overnight_month_6|direction=contrarian|entry=945|exit=945|lookback=20|signal_month=6|exec_tf=1m|managed_exit=bracket|rr=4|risk_reward=4
reject,"overall_pf_gt_min,total_r_gt_0,half_pf_gt_1,quarter_pf_gt_1,rolling20_pf_p25_gt_1,simple_bootstrap_p05_gt_1,block_bootstrap_p05_gt_0_9,annual_walk_forward_pass_rate_ge_60pct",competition_aud_usd_daily_tsmom_next_overnight_month_6_c0c3d057,aud_usd,sp_500_futures,ES,competition_session_edge,best,True,3,1m,81,1.750096,81,18.602917,0.815263,81,25.925926,-10.534895,-0.130060,10.869271,0.763818,0.403311,0.856757,0.461529,0.580601,4,0.250000,0.403311,2.941707,sl:52;sl_gap:4;time_exit:12;tp:11;tp_gap:2,competition_session_edge|family=daily_tsmom_next_overnight_month_6|direction=contrarian|entry=945|exit=945|lookback=20|signal_month=6|exec_tf=1m|managed_exit=bracket|rr=3|risk_reward=3
reject,"execution_tf_1m_all_trades,overall_pf_gt_min,total_r_gt_0,half_pf_gt_1,quarter_pf_gt_1,rolling20_pf_p25_gt_1,simple_bootstrap_p05_gt_1,block_bootstrap_p05_gt_0_9,annual_walk_forward_pass_rate_ge_60pct",competition_aud_usd_daily_tsmom_next_overnight_month_6_c0c3d057,aud_usd,new_zealand_dollar_futures,6N,competition_session_edge,best,False,5,,79,1.570393,80,15.958672,0.742817,80,17.500000,-16.882935,-0.211037,32.521342,0.504529,0.265162,0.308402,0.368675,0.385747,4,0.250000,0.251101,4.582156,sl:49;sl_gap:17;time_exit:6;tp:6;tp_gap:2,competition_session_edge|family=daily_tsmom_next_overnight_month_6|direction=contrarian|entry=945|exit=945|lookback=20|signal_month=6|exec_tf=1m|managed_exit=bracket|rr=5|risk_reward=5
