market,symbol,phase,side,signal_index,entry_index,exit_index,signal_time,entry_time,exit_time,entry_price,exit_price,gross_units,net_units,r_multiple,tp_units,sl_units,cost_units,exit_reason,bars_held,strategy,variant_id,period,source
futures,GC,,short,2948,2949,2954,2023-12-13 06:00:00+00:00,2023-12-13 06:15:00+00:00,2023-12-13 07:30:00+00:00,1991.8,1994.7044322082768,-29.04432208276596,-32.04432208276596,-1.0,58.08864416553192,29.04432208276596,3.0,sl,5,squeeze_breakout,strategy=squeeze_breakout|lookback=55|threshold=0.25|adx_min=None|adx_max=None|session=all|tp_atr=3.0|sl_atr=1.5|max_bars=96,train,new_gc_squeeze
futures,GC,,long,3143,3144,3162,2023-12-15 08:45:00+00:00,2023-12-15 09:00:00+00:00,2023-12-15 13:30:00+00:00,2054.7,2050.973785924702,-37.26214075297621,-40.26214075297621,-1.0,74.52428150595242,37.26214075297621,3.0,sl,18,squeeze_breakout,strategy=squeeze_breakout|lookback=55|threshold=0.25|adx_min=None|adx_max=None|session=all|tp_atr=3.0|sl_atr=1.5|max_bars=96,train,new_gc_squeeze
futures,SI,momentum,long,3154,3155,3344,2023-12-15 13:30:00+00:00,2023-12-15 13:45:00+00:00,2023-12-19 15:00:00+00:00,24.145,24.44,59.00000000000034,56.00000000000034,0.1113320079522869,500.0,500.0,3.0,signal,189,momentum,legacy_SI_momentum,train,balanced
futures,ZN,mean_reversion,short,3342,3343,3576,2023-12-19 14:15:00+00:00,2023-12-19 14:30:00+00:00,2023-12-22 03:45:00+00:00,112.40625,112.59375,-12.0,-15.0,-0.2830188679245283,15.0,50.0,3.0,signal,233,mean_reversion,legacy_ZN_mean_reversion,train,balanced
futures,CL,momentum,long,3468,3469,3577,2023-12-20 20:45:00+00:00,2023-12-20 21:00:00+00:00,2023-12-22 02:00:00+00:00,73.76,74.41,64.99999999999915,61.99999999999915,0.2046204620462018,500.0,300.0,3.0,signal,108,momentum,legacy_CL_momentum,train,balanced
futures,ZN,mean_reversion,short,3622,3623,3632,2023-12-22 15:15:00+00:00,2023-12-22 15:30:00+00:00,2023-12-22 17:45:00+00:00,112.703125,112.53125,11.0,8.0,0.1509433962264151,15.0,50.0,3.0,signal,9,mean_reversion,legacy_ZN_mean_reversion,train,balanced
futures,SI,momentum,long,3623,3624,4811,2023-12-22 15:45:00+00:00,2023-12-22 16:00:00+00:00,2024-01-12 13:45:00+00:00,24.67,23.485,-237.00000000000043,-240.00000000000043,-0.4771371769383707,500.0,500.0,3.0,signal,1187,momentum,legacy_SI_momentum,train,balanced
futures,CL,momentum,short,3710,3711,3879,2023-12-26 12:15:00+00:00,2023-12-26 12:30:00+00:00,2023-12-28 08:30:00+00:00,73.99,73.58,40.99999999999966,37.99999999999966,0.1254125412541243,500.0,300.0,3.0,signal,168,momentum,legacy_CL_momentum,train,balanced
futures,ZN,mean_reversion,long,3750,3751,3762,2023-12-27 01:15:00+00:00,2023-12-27 01:30:00+00:00,2023-12-27 04:15:00+00:00,112.703125,112.71875,1.0,-2.0,-0.0377358490566037,15.0,50.0,3.0,signal,11,mean_reversion,legacy_ZN_mean_reversion,train,balanced
futures,ZN,mean_reversion,short,3904,3905,3920,2023-12-28 16:45:00+00:00,2023-12-28 17:00:00+00:00,2023-12-28 20:45:00+00:00,113.015625,112.96875,3.0,0.0,0.0,15.0,50.0,3.0,signal,15,mean_reversion,legacy_ZN_mean_reversion,train,balanced
futures,YM,mean_reversion,long,4001,4002,4021,2023-12-29 18:00:00+00:00,2023-12-29 18:15:00+00:00,2024-01-02 00:00:00+00:00,37954.0,38025.0,71.0,68.0,0.1351888667992047,500.0,500.0,3.0,signal,19,mean_reversion,legacy_YM_mean_reversion,train,balanced
futures,GC,,long,4237,4238,4260,2024-01-04 06:15:00+00:00,2024-01-04 06:30:00+00:00,2024-01-04 12:00:00+00:00,2054.2,2050.667858166717,-35.321418332822915,-38.32141833282292,-1.0,70.64283666564583,35.321418332822915,3.0,sl,22,squeeze_breakout,strategy=squeeze_breakout|lookback=55|threshold=0.25|adx_min=None|adx_max=None|session=all|tp_atr=3.0|sl_atr=1.5|max_bars=96,train,new_gc_squeeze
futures,ZN,mean_reversion,short,4240,4241,4248,2024-01-04 08:45:00+00:00,2024-01-04 09:00:00+00:00,2024-01-04 10:45:00+00:00,112.40625,112.234375,11.0,8.0,0.1509433962264151,15.0,50.0,3.0,signal,7,mean_reversion,legacy_ZN_mean_reversion,train,balanced
futures,CL,momentum,long,4644,4645,4737,2024-01-10 15:45:00+00:00,2024-01-10 16:00:00+00:00,2024-01-11 16:00:00+00:00,72.21,73.68,147.0000000000013,144.0000000000013,0.4752475247524795,500.0,300.0,3.0,signal,92,momentum,legacy_CL_momentum,train,balanced
futures,GC,,long,4787,4788,4807,2024-01-12 05:45:00+00:00,2024-01-12 06:00:00+00:00,2024-01-12 10:45:00+00:00,2040.0,2047.1366142503216,71.36614250321519,68.36614250321519,1.767340086792463,71.36614250321519,35.68307125160759,3.0,tp,19,squeeze_breakout,strategy=squeeze_breakout|lookback=55|threshold=0.25|adx_min=None|adx_max=None|session=all|tp_atr=3.0|sl_atr=1.5|max_bars=96,train,new_gc_squeeze
futures,ES,mean_reversion,short,4839,4840,4928,2024-01-12 20:15:00+00:00,2024-01-12 20:30:00+00:00,2024-01-16 00:30:00+00:00,4812.0,4804.5,30.0,27.0,0.0536779324055666,500.0,500.0,3.0,signal,88,mean_reversion,legacy_ES_mean_reversion,train,balanced
futures,CL,momentum,short,5005,5006,5011,2024-01-16 16:30:00+00:00,2024-01-16 16:45:00+00:00,2024-01-16 18:00:00+00:00,72.75,72.12,62.999999999999545,59.999999999999545,0.1980198019801965,500.0,300.0,3.0,signal,5,momentum,legacy_CL_momentum,train,balanced
futures,GC,,long,5170,5171,5175,2024-01-18 12:00:00+00:00,2024-01-18 12:15:00+00:00,2024-01-18 13:15:00+00:00,2017.0,2013.733786931695,-32.6621306830488,-35.6621306830488,-1.0,65.3242613660976,32.6621306830488,3.0,sl,4,squeeze_breakout,strategy=squeeze_breakout|lookback=55|threshold=0.25|adx_min=None|adx_max=None|session=all|tp_atr=3.0|sl_atr=1.5|max_bars=96,train,new_gc_squeeze
futures,CL,momentum,long,5171,5172,5180,2024-01-18 12:00:00+00:00,2024-01-18 12:15:00+00:00,2024-01-18 14:15:00+00:00,72.57,73.25,68.00000000000068,65.00000000000068,0.2145214521452167,500.0,300.0,3.0,signal,8,momentum,legacy_CL_momentum,train,balanced
futures,SI,momentum,short,5176,5177,5267,2024-01-18 15:30:00+00:00,2024-01-18 15:45:00+00:00,2024-01-19 15:15:00+00:00,22.78,22.67,21.999999999999886,18.999999999999886,0.037773359840954,500.0,500.0,3.0,signal,90,momentum,legacy_SI_momentum,train,balanced
futures,CL,momentum,short,5347,5348,5639,2024-01-22 10:00:00+00:00,2024-01-22 10:15:00+00:00,2024-01-25 14:00:00+00:00,73.38,76.38,-300.0,-303.0,-1.0,500.0,300.0,3.0,sl,291,momentum,legacy_CL_momentum,train,balanced
futures,YM,mean_reversion,long,5623,5624,5655,2024-01-25 13:30:00+00:00,2024-01-25 13:45:00+00:00,2024-01-25 21:30:00+00:00,38047.0,38174.0,127.0,124.0,0.246520874751491,500.0,500.0,3.0,signal,31,mean_reversion,legacy_YM_mean_reversion,train,balanced
futures,SI,momentum,long,5723,5724,5755,2024-01-26 14:15:00+00:00,2024-01-26 14:30:00+00:00,2024-01-28 23:15:00+00:00,22.855,23.06,40.99999999999966,37.99999999999966,0.0755467196819078,500.0,500.0,3.0,signal,31,momentum,legacy_SI_momentum,train,balanced
futures,SI,momentum,long,5760,5761,5822,2024-01-29 00:30:00+00:00,2024-01-29 00:45:00+00:00,2024-01-29 16:00:00+00:00,22.93,23.065,27.00000000000032,24.00000000000032,0.0477137176938376,500.0,500.0,3.0,signal,61,momentum,legacy_SI_momentum,train,balanced
futures,ES,mean_reversion,short,5793,5794,5953,2024-01-29 09:45:00+00:00,2024-01-29 10:00:00+00:00,2024-01-31 03:45:00+00:00,4913.5,4930.5,-68.0,-71.0,-0.1411530815109344,500.0,500.0,3.0,signal,159,mean_reversion,legacy_ES_mean_reversion,train,balanced
futures,CL,momentum,short,5897,5898,5909,2024-01-30 09:30:00+00:00,2024-01-30 09:45:00+00:00,2024-01-30 12:30:00+00:00,77.12,76.41,71.0000000000008,68.0000000000008,0.224422442244227,500.0,300.0,3.0,signal,11,momentum,legacy_CL_momentum,train,balanced
futures,CL,momentum,short,5916,5917,6012,2024-01-30 14:15:00+00:00,2024-01-30 14:30:00+00:00,2024-01-31 15:15:00+00:00,77.01,76.41,60.00000000000085,57.00000000000085,0.1881188118811909,500.0,300.0,3.0,signal,95,momentum,legacy_CL_momentum,train,balanced
futures,SI,momentum,long,5911,5912,6001,2024-01-30 15:15:00+00:00,2024-01-30 15:30:00+00:00,2024-01-31 14:45:00+00:00,23.11,23.375,53.000000000000114,50.000000000000114,0.0994035785288272,500.0,500.0,3.0,signal,89,momentum,legacy_SI_momentum,train,balanced
futures,SI,momentum,long,6008,6009,6021,2024-01-31 16:30:00+00:00,2024-01-31 16:45:00+00:00,2024-01-31 19:45:00+00:00,23.19,23.355,32.99999999999983,29.99999999999983,0.0596421471172958,500.0,500.0,3.0,signal,12,momentum,legacy_SI_momentum,train,balanced
futures,YM,mean_reversion,short,6265,6266,6277,2024-02-05 13:00:00+00:00,2024-02-05 13:15:00+00:00,2024-02-05 16:00:00+00:00,38671.0,38338.0,333.0,330.0,0.6560636182902585,500.0,500.0,3.0,signal,11,mean_reversion,legacy_YM_mean_reversion,train,balanced
futures,SI,momentum,short,6372,6373,6416,2024-02-06 15:30:00+00:00,2024-02-06 15:45:00+00:00,2024-02-07 03:30:00+00:00,22.555,22.39,32.99999999999983,29.99999999999983,0.0596421471172958,500.0,500.0,3.0,signal,43,momentum,legacy_SI_momentum,train,balanced
futures,CL,momentum,long,6392,6393,6546,2024-02-06 18:15:00+00:00,2024-02-06 18:30:00+00:00,2024-02-08 10:45:00+00:00,73.11,74.38,126.9999999999996,123.9999999999996,0.4092409240924079,500.0,300.0,3.0,signal,153,momentum,legacy_CL_momentum,train,balanced
futures,SI,momentum,short,6460,6461,6472,2024-02-07 14:30:00+00:00,2024-02-07 14:45:00+00:00,2024-02-07 17:30:00+00:00,22.445,22.355,17.99999999999997,14.999999999999972,0.029821073558648,500.0,500.0,3.0,signal,11,momentum,legacy_SI_momentum,train,balanced
futures,SI,momentum,short,6533,6534,6549,2024-02-08 09:45:00+00:00,2024-02-08 10:00:00+00:00,2024-02-08 13:45:00+00:00,22.445,22.245,39.99999999999986,36.99999999999986,0.0735586481113317,500.0,500.0,3.0,signal,15,momentum,legacy_SI_momentum,train,balanced
futures,GC,,short,6621,6622,6641,2024-02-09 08:00:00+00:00,2024-02-09 08:15:00+00:00,2024-02-09 13:00:00+00:00,2045.9,2041.1781520257048,47.218479742948325,44.218479742948325,1.6617716235611733,47.218479742948325,23.609239871474163,3.0,tp,19,squeeze_breakout,strategy=squeeze_breakout|lookback=55|threshold=0.25|adx_min=None|adx_max=None|session=all|tp_atr=3.0|sl_atr=1.5|max_bars=96,train,new_gc_squeeze
futures,CL,momentum,long,6933,6934,7030,2024-02-14 15:30:00+00:00,2024-02-14 15:45:00+00:00,2024-02-15 16:45:00+00:00,77.36,78.35,98.99999999999947,95.99999999999947,0.3168316831683151,500.0,300.0,3.0,signal,96,momentum,legacy_CL_momentum,train,balanced
futures,SI,momentum,short,6926,6927,7376,2024-02-14 16:00:00+00:00,2024-02-14 16:15:00+00:00,2024-02-21 16:00:00+00:00,22.39,22.87,-96.00000000000009,-99.00000000000009,-0.1968190854870777,500.0,500.0,3.0,signal,449,momentum,legacy_SI_momentum,train,balanced
futures,ES,mean_reversion,long,6935,6936,6944,2024-02-14 19:15:00+00:00,2024-02-14 19:30:00+00:00,2024-02-14 21:30:00+00:00,4995.75,5021.25,102.0,99.0,0.1968190854870775,500.0,500.0,3.0,signal,8,mean_reversion,legacy_ES_mean_reversion,train,balanced
futures,GC,,long,7249,7250,7259,2024-02-20 06:30:00+00:00,2024-02-20 06:45:00+00:00,2024-02-20 09:00:00+00:00,2031.2,2035.493269915077,42.93269915077021,39.93269915077021,1.6321478211422826,42.93269915077021,21.466349575385102,3.0,tp,9,squeeze_breakout,strategy=squeeze_breakout|lookback=55|threshold=0.25|adx_min=None|adx_max=None|session=all|tp_atr=3.0|sl_atr=1.5|max_bars=96,train,new_gc_squeeze
futures,CL,momentum,long,7264,7265,7474,2024-02-20 08:45:00+00:00,2024-02-20 09:00:00+00:00,2024-02-22 15:15:00+00:00,78.1,78.24,14.000000000000057,11.000000000000057,0.0363036303630364,500.0,300.0,3.0,signal,209,momentum,legacy_CL_momentum,train,balanced
futures,ZN,mean_reversion,short,7362,7363,7371,2024-02-21 15:15:00+00:00,2024-02-21 15:30:00+00:00,2024-02-21 17:30:00+00:00,109.921875,109.71875,13.0,10.0,0.1886792452830188,15.0,50.0,3.0,signal,8,mean_reversion,legacy_ZN_mean_reversion,train,balanced
futures,SI,momentum,short,7433,7434,7463,2024-02-22 07:15:00+00:00,2024-02-22 07:30:00+00:00,2024-02-22 14:45:00+00:00,23.08,22.865,42.99999999999997,39.99999999999997,0.0795228628230615,500.0,500.0,3.0,signal,29,momentum,legacy_SI_momentum,train,balanced
futures,SI,momentum,short,7560,7561,7626,2024-02-23 16:00:00+00:00,2024-02-23 16:15:00+00:00,2024-02-26 09:30:00+00:00,22.86,22.695,32.99999999999983,29.99999999999983,0.0596421471172958,500.0,500.0,3.0,signal,65,momentum,legacy_SI_momentum,train,balanced
futures,CL,momentum,short,7656,7657,8021,2024-02-26 14:45:00+00:00,2024-02-26 15:00:00+00:00,2024-03-01 14:00:00+00:00,76.93,79.93,-300.0,-303.0,-1.0,500.0,300.0,3.0,sl,364,momentum,legacy_CL_momentum,train,balanced
futures,ZN,mean_reversion,short,7636,7637,7645,2024-02-26 14:45:00+00:00,2024-02-26 15:00:00+00:00,2024-02-26 17:00:00+00:00,109.84375,109.609375,15.0,12.0,0.2264150943396226,15.0,50.0,3.0,tp,8,mean_reversion,legacy_ZN_mean_reversion,train,balanced
futures,GC,,long,7712,7713,7717,2024-02-27 07:15:00+00:00,2024-02-27 07:30:00+00:00,2024-02-27 08:30:00+00:00,2044.3,2048.594455477005,42.94455477005148,39.94455477005148,1.6322369243204566,42.94455477005148,21.47227738502574,3.0,tp,4,squeeze_breakout,strategy=squeeze_breakout|lookback=55|threshold=0.25|adx_min=None|adx_max=None|session=all|tp_atr=3.0|sl_atr=1.5|max_bars=96,train,new_gc_squeeze
futures,SI,momentum,short,7714,7715,7741,2024-02-27 08:30:00+00:00,2024-02-27 08:45:00+00:00,2024-02-27 15:15:00+00:00,22.685,22.545,27.999999999999403,24.999999999999403,0.0497017892644123,500.0,500.0,3.0,signal,26,momentum,legacy_SI_momentum,train,balanced
futures,SI,momentum,short,7852,7853,8650,2024-02-28 21:45:00+00:00,2024-02-28 23:00:00+00:00,2024-03-12 14:00:00+00:00,22.44,24.35,-382.0,-385.0,-0.7654075546719682,500.0,500.0,3.0,signal,797,momentum,legacy_SI_momentum,train,balanced
futures,YM,mean_reversion,long,8095,8096,8109,2024-03-04 14:30:00+00:00,2024-03-04 14:45:00+00:00,2024-03-04 18:00:00+00:00,39034.0,39082.0,48.0,45.0,0.0894632206759443,500.0,500.0,3.0,signal,13,mean_reversion,legacy_YM_mean_reversion,train,balanced
futures,CL,momentum,long,8117,8118,8298,2024-03-04 15:00:00+00:00,2024-03-04 15:15:00+00:00,2024-03-06 14:15:00+00:00,79.5,79.54,4.000000000000625,1.0000000000006253,0.0033003300330053,500.0,300.0,3.0,signal,180,momentum,legacy_CL_momentum,train,balanced
futures,CL,momentum,short,8399,8400,8567,2024-03-07 16:30:00+00:00,2024-03-07 16:45:00+00:00,2024-03-11 11:30:00+00:00,78.88,77.73,114.99999999999916,111.99999999999916,0.3696369636963668,500.0,300.0,3.0,signal,167,momentum,legacy_CL_momentum,train,balanced
futures,GC,,long,8741,8742,8753,2024-03-13 10:30:00+00:00,2024-03-13 10:45:00+00:00,2024-03-13 13:30:00+00:00,2168.3,2175.665044571449,73.65044571448416,70.65044571448416,1.774012564041098,73.65044571448416,36.82522285724208,3.0,tp,11,squeeze_breakout,strategy=squeeze_breakout|lookback=55|threshold=0.25|adx_min=None|adx_max=None|session=all|tp_atr=3.0|sl_atr=1.5|max_bars=96,train,new_gc_squeeze
futures,SI,momentum,long,8840,8841,8894,2024-03-14 15:30:00+00:00,2024-03-14 15:45:00+00:00,2024-03-15 06:00:00+00:00,24.98,25.39,82.00000000000003,79.00000000000003,0.1570576540755467,500.0,500.0,3.0,signal,53,momentum,legacy_SI_momentum,train,balanced
futures,CL,momentum,long,8981,8982,9016,2024-03-18 00:00:00+00:00,2024-03-18 00:15:00+00:00,2024-03-18 08:45:00+00:00,80.6,81.5,90.00000000000057,87.00000000000057,0.287128712871289,500.0,300.0,3.0,signal,34,momentum,legacy_CL_momentum,train,balanced
futures,YM,mean_reversion,short,9031,9032,9048,2024-03-18 17:30:00+00:00,2024-03-18 17:45:00+00:00,2024-03-18 22:45:00+00:00,39234.0,39230.0,4.0,1.0,0.0019880715705765,500.0,500.0,3.0,signal,16,mean_reversion,legacy_YM_mean_reversion,train,balanced
futures,YM,mean_reversion,long,9104,9105,9114,2024-03-19 12:45:00+00:00,2024-03-19 13:00:00+00:00,2024-03-19 15:15:00+00:00,39190.0,39389.0,199.0,196.0,0.3896620278330019,500.0,500.0,3.0,signal,9,mean_reversion,legacy_YM_mean_reversion,train,balanced
futures,ZN,mean_reversion,long,9103,9104,9128,2024-03-19 12:45:00+00:00,2024-03-19 13:00:00+00:00,2024-03-19 19:00:00+00:00,110.078125,110.125,3.0,0.0,0.0,15.0,50.0,3.0,signal,24,mean_reversion,legacy_ZN_mean_reversion,train,balanced
futures,SI,momentum,short,9115,9116,9300,2024-03-19 15:15:00+00:00,2024-03-19 15:30:00+00:00,2024-03-21 15:30:00+00:00,25.145,24.835,61.999999999999744,58.999999999999744,0.1172962226640153,500.0,500.0,3.0,signal,184,momentum,legacy_SI_momentum,train,balanced
futures,GC,,short,9370,9371,9392,2024-03-22 06:45:00+00:00,2024-03-22 07:00:00+00:00,2024-03-22 12:15:00+00:00,2171.4,2175.8672667590085,-44.672667590082725,-47.672667590082725,-1.0,89.34533518016545,44.672667590082725,3.0,sl,21,squeeze_breakout,strategy=squeeze_breakout|lookback=55|threshold=0.25|adx_min=None|adx_max=None|session=all|tp_atr=3.0|sl_atr=1.5|max_bars=96,train,new_gc_squeeze
futures,SI,momentum,short,9384,9385,9391,2024-03-22 13:30:00+00:00,2024-03-22 13:45:00+00:00,2024-03-22 15:15:00+00:00,25.05,24.885,32.99999999999983,29.99999999999983,0.0596421471172958,500.0,500.0,3.0,signal,6,momentum,legacy_SI_momentum,train,balanced
futures,SI,momentum,short,9428,9429,9569,2024-03-25 01:30:00+00:00,2024-03-25 01:45:00+00:00,2024-03-26 13:45:00+00:00,25.04,24.735,60.99999999999994,57.99999999999994,0.1153081510934392,500.0,500.0,3.0,signal,140,momentum,legacy_SI_momentum,train,balanced
futures,CL,momentum,long,9574,9575,9580,2024-03-26 10:15:00+00:00,2024-03-26 10:30:00+00:00,2024-03-26 11:45:00+00:00,81.65,82.24,58.99999999999892,55.99999999999892,0.1848184818481812,500.0,300.0,3.0,signal,5,momentum,legacy_CL_momentum,train,balanced
futures,SI,momentum,short,9664,9665,9731,2024-03-27 14:30:00+00:00,2024-03-27 14:45:00+00:00,2024-03-28 08:15:00+00:00,24.72,24.555,32.99999999999983,29.99999999999983,0.0596421471172958,500.0,500.0,3.0,signal,66,momentum,legacy_SI_momentum,train,balanced
futures,SI,momentum,short,9739,9740,9746,2024-03-28 10:15:00+00:00,2024-03-28 10:30:00+00:00,2024-03-28 12:00:00+00:00,24.705,24.665,7.999999999999829,4.9999999999998295,0.0099403578528823,500.0,500.0,3.0,signal,6,momentum,legacy_SI_momentum,train,balanced
futures,ZN,mean_reversion,short,9765,9766,9839,2024-03-28 17:15:00+00:00,2024-03-28 17:30:00+00:00,2024-04-01 12:45:00+00:00,110.734375,110.5,15.0,12.0,0.2264150943396226,15.0,50.0,3.0,tp,73,mean_reversion,legacy_ZN_mean_reversion,train,balanced
futures,SI,momentum,long,9846,9847,9854,2024-04-01 14:00:00+00:00,2024-04-01 14:15:00+00:00,2024-04-01 16:00:00+00:00,25.025,25.14,23.0000000000004,20.0000000000004,0.0397614314115316,500.0,500.0,3.0,signal,7,momentum,legacy_SI_momentum,train,balanced
futures,GC,,long,9907,9908,9927,2024-04-02 04:30:00+00:00,2024-04-02 04:45:00+00:00,2024-04-02 09:30:00+00:00,2276.7,2286.502365826301,98.0236582630139,95.0236582630139,1.8269624400779223,98.0236582630139,49.01182913150695,3.0,tp,19,squeeze_breakout,strategy=squeeze_breakout|lookback=55|threshold=0.25|adx_min=None|adx_max=None|session=all|tp_atr=3.0|sl_atr=1.5|max_bars=96,train,new_gc_squeeze
futures,ES,mean_reversion,long,10055,10056,10068,2024-04-03 20:15:00+00:00,2024-04-03 20:30:00+00:00,2024-04-04 00:30:00+00:00,5270.5,5276.75,25.0,22.0,0.0437375745526839,500.0,500.0,3.0,signal,12,mean_reversion,legacy_ES_mean_reversion,train,balanced
futures,GC,,short,10120,10121,10129,2024-04-04 11:45:00+00:00,2024-04-04 12:00:00+00:00,2024-04-04 14:00:00+00:00,2308.6,2313.25724692139,-46.572469213901215,-49.572469213901215,-1.0,93.14493842780244,46.572469213901215,3.0,sl,8,squeeze_breakout,strategy=squeeze_breakout|lookback=55|threshold=0.25|adx_min=None|adx_max=None|session=all|tp_atr=3.0|sl_atr=1.5|max_bars=96,train,new_gc_squeeze
futures,YM,mean_reversion,short,10121,10122,10139,2024-04-04 14:00:00+00:00,2024-04-04 14:15:00+00:00,2024-04-04 18:30:00+00:00,39619.0,39229.0,390.0,387.0,0.7693836978131213,500.0,500.0,3.0,signal,17,mean_reversion,legacy_YM_mean_reversion,train,balanced
futures,SI,momentum,long,10159,10160,10214,2024-04-05 00:15:00+00:00,2024-04-05 00:30:00+00:00,2024-04-05 14:00:00+00:00,26.735,27.09,71.00000000000009,68.00000000000009,0.1351888667992049,500.0,500.0,3.0,signal,54,momentum,legacy_SI_momentum,train,balanced
futures,ES,mean_reversion,short,10252,10253,10403,2024-04-08 00:30:00+00:00,2024-04-08 00:45:00+00:00,2024-04-09 15:15:00+00:00,5249.75,5221.75,112.0,109.0,0.2166998011928429,500.0,500.0,3.0,signal,150,mean_reversion,legacy_ES_mean_reversion,train,balanced
futures,CL,momentum,short,10301,10302,10421,2024-04-08 08:00:00+00:00,2024-04-08 08:15:00+00:00,2024-04-09 15:00:00+00:00,86.05,85.67,37.999999999999545,34.999999999999545,0.115511551155114,500.0,300.0,3.0,signal,119,momentum,legacy_CL_momentum,train,balanced
futures,SI,momentum,long,10306,10307,10312,2024-04-08 14:00:00+00:00,2024-04-08 14:15:00+00:00,2024-04-08 15:30:00+00:00,27.43,27.895,92.99999999999996,89.99999999999997,0.1789264413518886,500.0,500.0,3.0,signal,5,momentum,legacy_SI_momentum,train,balanced
futures,SI,momentum,long,10497,10498,10625,2024-04-10 15:45:00+00:00,2024-04-10 16:00:00+00:00,2024-04-12 01:45:00+00:00,28.095,28.835,148.0000000000004,145.0000000000004,0.2882703777335992,500.0,500.0,3.0,signal,127,momentum,legacy_SI_momentum,train,balanced
futures,CL,momentum,long,10585,10586,10687,2024-04-11 10:00:00+00:00,2024-04-11 10:15:00+00:00,2024-04-12 12:30:00+00:00,85.86,86.48,62.000000000000455,59.000000000000455,0.1947194719471962,500.0,300.0,3.0,signal,101,momentum,legacy_CL_momentum,train,balanced
futures,GC,,long,10679,10680,10681,2024-04-12 13:30:00+00:00,2024-04-12 13:45:00+00:00,2024-04-12 14:00:00+00:00,2420.1,2432.3898760547804,122.89876054780564,119.89876054780564,1.860355523020532,122.89876054780564,61.44938027390282,3.0,tp,1,squeeze_breakout,strategy=squeeze_breakout|lookback=55|threshold=0.25|adx_min=None|adx_max=None|session=all|tp_atr=3.0|sl_atr=1.5|max_bars=96,train,new_gc_squeeze
futures,SI,momentum,long,10766,10767,10772,2024-04-15 14:00:00+00:00,2024-04-15 14:15:00+00:00,2024-04-15 15:30:00+00:00,28.33,28.7,74.0000000000002,71.0000000000002,0.1411530815109347,500.0,500.0,3.0,signal,5,momentum,legacy_SI_momentum,train,balanced
futures,SI,momentum,long,10828,10829,10949,2024-04-16 06:30:00+00:00,2024-04-16 06:45:00+00:00,2024-04-17 13:45:00+00:00,28.45,28.81,71.99999999999989,68.99999999999989,0.1371769383697811,500.0,500.0,3.0,signal,120,momentum,legacy_SI_momentum,train,balanced
futures,SI,momentum,long,10957,10958,11505,2024-04-17 15:45:00+00:00,2024-04-17 16:00:00+00:00,2024-04-25 14:45:00+00:00,28.545,27.535,-202.0000000000003,-205.0000000000003,-0.4075546719681914,500.0,500.0,3.0,signal,547,momentum,legacy_SI_momentum,train,balanced
futures,GC,,long,11034,11035,11047,2024-04-18 10:15:00+00:00,2024-04-18 10:30:00+00:00,2024-04-18 13:30:00+00:00,2396.7,2390.975529168658,-57.24470831341929,-60.24470831341929,-1.0,114.48941662683858,57.24470831341929,3.0,sl,12,squeeze_breakout,strategy=squeeze_breakout|lookback=55|threshold=0.25|adx_min=None|adx_max=None|session=all|tp_atr=3.0|sl_atr=1.5|max_bars=96,train,new_gc_squeeze
futures,YM,mean_reversion,short,11049,11050,11058,2024-04-18 16:00:00+00:00,2024-04-18 16:15:00+00:00,2024-04-18 18:15:00+00:00,38160.0,37937.0,223.0,220.0,0.4373757455268389,500.0,500.0,3.0,signal,8,mean_reversion,legacy_YM_mean_reversion,train,balanced
futures,ES,mean_reversion,long,11234,11235,11244,2024-04-22 16:00:00+00:00,2024-04-22 16:15:00+00:00,2024-04-22 18:30:00+00:00,5030.5,5073.5,172.0,169.0,0.3359840954274354,500.0,500.0,3.0,signal,9,mean_reversion,legacy_ES_mean_reversion,train,balanced
futures,CL,momentum,long,11319,11320,11540,2024-04-23 09:30:00+00:00,2024-04-23 09:45:00+00:00,2024-04-25 18:45:00+00:00,82.04,83.61,156.99999999999932,153.99999999999932,0.508250825082506,500.0,300.0,3.0,signal,220,momentum,legacy_CL_momentum,train,balanced
futures,CL,momentum,short,11682,11683,11708,2024-04-29 08:15:00+00:00,2024-04-29 08:30:00+00:00,2024-04-29 14:45:00+00:00,83.45,82.6,85.00000000000085,82.00000000000085,0.2706270627062734,500.0,300.0,3.0,signal,25,momentum,legacy_CL_momentum,train,balanced
futures,SI,momentum,short,11663,11664,11679,2024-04-29 08:30:00+00:00,2024-04-29 08:45:00+00:00,2024-04-29 12:45:00+00:00,27.4,27.215,36.999999999999744,33.999999999999744,0.0675944333996018,500.0,500.0,3.0,signal,15,momentum,legacy_SI_momentum,train,balanced
futures,GC,,short,11804,11805,11867,2024-04-30 18:45:00+00:00,2024-04-30 19:00:00+00:00,2024-05-01 11:30:00+00:00,2301.0,2306.4175060223,-54.17506022300027,-57.17506022300027,-1.0,108.35012044600056,54.17506022300027,3.0,sl,62,squeeze_breakout,strategy=squeeze_breakout|lookback=55|threshold=0.25|adx_min=None|adx_max=None|session=all|tp_atr=3.0|sl_atr=1.5|max_bars=96,train,new_gc_squeeze
futures,SI,momentum,short,11817,11818,11841,2024-05-01 14:00:00+00:00,2024-05-01 14:15:00+00:00,2024-05-01 20:00:00+00:00,26.87,26.815,10.999999999999943,7.999999999999943,0.0159045725646122,500.0,500.0,3.0,signal,23,momentum,legacy_SI_momentum,train,balanced
futures,SI,momentum,short,11909,11910,12001,2024-05-02 14:00:00+00:00,2024-05-02 14:15:00+00:00,2024-05-03 14:00:00+00:00,26.655,26.57,17.00000000000017,14.00000000000017,0.0278330019880719,500.0,500.0,3.0,signal,91,momentum,legacy_SI_momentum,train,balanced
futures,GC,,short,12049,12050,12055,2024-05-03 11:00:00+00:00,2024-05-03 11:15:00+00:00,2024-05-03 12:30:00+00:00,2305.6,2310.3842709914584,-47.84270991458349,-50.84270991458349,-1.0,95.685419829167,47.84270991458349,3.0,sl,5,squeeze_breakout,strategy=squeeze_breakout|lookback=55|threshold=0.25|adx_min=None|adx_max=None|session=all|tp_atr=3.0|sl_atr=1.5|max_bars=96,train,new_gc_squeeze
futures,GC,,long,12126,12127,12148,2024-05-06 07:15:00+00:00,2024-05-06 07:30:00+00:00,2024-05-06 12:45:00+00:00,2325.3,2336.3532754458915,110.53275445891528,107.53275445891528,1.8455369901485847,110.53275445891528,55.266377229457646,3.0,tp,21,squeeze_breakout,strategy=squeeze_breakout|lookback=55|threshold=0.25|adx_min=None|adx_max=None|session=all|tp_atr=3.0|sl_atr=1.5|max_bars=96,train,new_gc_squeeze
futures,SI,momentum,long,12252,12253,12280,2024-05-08 07:45:00+00:00,2024-05-08 08:00:00+00:00,2024-05-08 14:45:00+00:00,27.33,27.675,69.00000000000048,66.00000000000048,0.1312127236580526,500.0,500.0,3.0,signal,27,momentum,legacy_SI_momentum,train,balanced
futures,CL,momentum,long,12447,12448,12462,2024-05-09 15:30:00+00:00,2024-05-09 15:45:00+00:00,2024-05-09 19:15:00+00:00,79.04,79.48,43.99999999999977,40.99999999999977,0.1353135313531345,500.0,300.0,3.0,signal,14,momentum,legacy_CL_momentum,train,balanced
futures,CL,momentum,long,12536,12537,12643,2024-05-10 14:45:00+00:00,2024-05-10 15:00:00+00:00,2024-05-13 18:30:00+00:00,79.34,79.12,-21.999999999999886,-24.999999999999886,-0.0825082508250821,500.0,300.0,3.0,signal,106,momentum,legacy_CL_momentum,train,balanced
futures,SI,momentum,long,12502,12503,12645,2024-05-13 01:15:00+00:00,2024-05-13 01:30:00+00:00,2024-05-14 14:00:00+00:00,28.21,28.905,139.00000000000006,136.00000000000006,0.2703777335984096,500.0,500.0,3.0,signal,142,momentum,legacy_SI_momentum,train,balanced
futures,GC,,short,12562,12563,12584,2024-05-13 01:15:00+00:00,2024-05-13 01:30:00+00:00,2024-05-13 06:45:00+00:00,2362.7,2353.2886843502747,94.11315649725228,91.11315649725228,1.8202034514764895,94.11315649725228,47.05657824862614,3.0,tp,21,squeeze_breakout,strategy=squeeze_breakout|lookback=55|threshold=0.25|adx_min=None|adx_max=None|session=all|tp_atr=3.0|sl_atr=1.5|max_bars=96,train,new_gc_squeeze
futures,CL,momentum,long,12707,12708,12892,2024-05-14 11:30:00+00:00,2024-05-14 11:45:00+00:00,2024-05-16 11:45:00+00:00,78.93,78.69,-24.00000000000091,-27.00000000000091,-0.0891089108910921,500.0,300.0,3.0,signal,184,momentum,legacy_CL_momentum,train,balanced
futures,GC,,long,12755,12756,12760,2024-05-15 03:30:00+00:00,2024-05-15 03:45:00+00:00,2024-05-15 04:45:00+00:00,2366.0,2362.061244510186,-39.38755489813832,-42.38755489813832,-1.0,78.77510979627664,39.38755489813832,3.0,sl,4,squeeze_breakout,strategy=squeeze_breakout|lookback=55|threshold=0.25|adx_min=None|adx_max=None|session=all|tp_atr=3.0|sl_atr=1.5|max_bars=96,train,new_gc_squeeze
futures,GC,,long,12769,12770,12775,2024-05-15 07:00:00+00:00,2024-05-15 07:15:00+00:00,2024-05-15 08:30:00+00:00,2367.6,2375.222019786515,76.22019786514822,73.22019786514822,1.781075691042214,76.22019786514822,38.11009893257411,3.0,tp,5,squeeze_breakout,strategy=squeeze_breakout|lookback=55|threshold=0.25|adx_min=None|adx_max=None|session=all|tp_atr=3.0|sl_atr=1.5|max_bars=96,train,new_gc_squeeze
futures,ES,mean_reversion,short,12972,12973,13268,2024-05-17 13:30:00+00:00,2024-05-17 13:45:00+00:00,2024-05-22 18:30:00+00:00,5318.0,5308.75,37.0,34.0,0.0675944333996023,500.0,500.0,3.0,signal,295,mean_reversion,legacy_ES_mean_reversion,train,balanced
futures,CL,momentum,long,13065,13066,13085,2024-05-20 09:00:00+00:00,2024-05-20 09:15:00+00:00,2024-05-20 14:00:00+00:00,79.39,79.56,17.00000000000017,14.00000000000017,0.0462046204620467,500.0,300.0,3.0,signal,19,momentum,legacy_CL_momentum,train,balanced
futures,CL,momentum,short,13104,13105,13133,2024-05-20 18:45:00+00:00,2024-05-20 19:00:00+00:00,2024-05-21 03:00:00+00:00,79.28,78.76,51.9999999999996,48.9999999999996,0.1617161716171604,500.0,300.0,3.0,signal,28,momentum,legacy_CL_momentum,train,balanced
futures,SI,momentum,long,13057,13058,13106,2024-05-21 02:00:00+00:00,2024-05-21 02:15:00+00:00,2024-05-21 14:15:00+00:00,31.52,32.47,189.99999999999983,186.99999999999983,0.3717693836978128,500.0,500.0,3.0,signal,48,momentum,legacy_SI_momentum,train,balanced
futures,SI,momentum,long,13155,13156,13471,2024-05-22 03:30:00+00:00,2024-05-22 03:45:00+00:00,2024-05-27 13:30:00+00:00,31.965,31.47,-99.0000000000002,-102.0000000000002,-0.2027833001988075,500.0,500.0,3.0,signal,315,momentum,legacy_SI_momentum,train,balanced
futures,GC,,short,13234,13235,13235,2024-05-22 08:15:00+00:00,2024-05-22 08:30:00+00:00,2024-05-22 08:30:00+00:00,2414.2,2419.489643076782,-52.896430767824015,-55.896430767824015,-1.0,105.79286153564804,52.896430767824015,3.0,sl,0,squeeze_breakout,strategy=squeeze_breakout|lookback=55|threshold=0.25|adx_min=None|adx_max=None|session=all|tp_atr=3.0|sl_atr=1.5|max_bars=96,train,new_gc_squeeze
futures,GC,,short,13297,13298,13316,2024-05-23 01:00:00+00:00,2024-05-23 01:15:00+00:00,2024-05-23 05:45:00+00:00,2377.0,2366.023574961924,109.76425038076012,106.76425038076012,1.844511583318717,109.76425038076012,54.88212519038006,3.0,tp,18,squeeze_breakout,strategy=squeeze_breakout|lookback=55|threshold=0.25|adx_min=None|adx_max=None|session=all|tp_atr=3.0|sl_atr=1.5|max_bars=96,train,new_gc_squeeze
futures,ZN,mean_reversion,long,13321,13322,13577,2024-05-23 09:15:00+00:00,2024-05-23 09:30:00+00:00,2024-05-28 08:15:00+00:00,109.09375,108.875,-14.0,-17.0,-0.320754716981132,15.0,50.0,3.0,signal,255,mean_reversion,legacy_ZN_mean_reversion,train,balanced
futures,CL,momentum,long,13361,13362,13605,2024-05-23 14:00:00+00:00,2024-05-23 14:15:00+00:00,2024-05-28 08:30:00+00:00,77.99,79.0,101.00000000000053,98.00000000000053,0.3234323432343251,500.0,300.0,3.0,signal,243,momentum,legacy_CL_momentum,train,balanced
futures,GC,,long,13426,13427,13431,2024-05-24 10:15:00+00:00,2024-05-24 10:30:00+00:00,2024-05-24 11:30:00+00:00,2345.2,2339.8907692632256,-53.09230736774284,-56.09230736774284,-1.0,106.18461473548568,53.09230736774284,3.0,sl,4,squeeze_breakout,strategy=squeeze_breakout|lookback=55|threshold=0.25|adx_min=None|adx_max=None|session=all|tp_atr=3.0|sl_atr=1.5|max_bars=96,train,new_gc_squeeze
futures,GC,,long,13438,13439,13440,2024-05-24 13:15:00+00:00,2024-05-24 13:30:00+00:00,2024-05-24 13:45:00+00:00,2346.1,2340.760749865655,-53.39250134344968,-56.39250134344968,-1.0,106.78500268689936,53.39250134344968,3.0,sl,1,squeeze_breakout,strategy=squeeze_breakout|lookback=55|threshold=0.25|adx_min=None|adx_max=None|session=all|tp_atr=3.0|sl_atr=1.5|max_bars=96,train,new_gc_squeeze
futures,ES,mean_reversion,short,13468,13469,13620,2024-05-26 23:30:00+00:00,2024-05-26 23:45:00+00:00,2024-05-28 18:30:00+00:00,5315.75,5308.75,28.0,25.0,0.0497017892644135,500.0,500.0,3.0,signal,151,mean_reversion,legacy_ES_mean_reversion,train,balanced
futures,ES,mean_reversion,long,13625,13626,13908,2024-05-28 19:45:00+00:00,2024-05-28 20:00:00+00:00,2024-06-02 22:30:00+00:00,5325.5,5298.5,-108.0,-111.0,-0.220675944333996,500.0,500.0,3.0,signal,282,mean_reversion,legacy_ES_mean_reversion,train,balanced
futures,GC,,short,13744,13745,13747,2024-05-30 00:30:00+00:00,2024-05-30 00:45:00+00:00,2024-05-30 01:15:00+00:00,2335.0,2339.063204892188,-40.632048921879054,-43.632048921879054,-1.0,81.26409784375811,40.632048921879054,3.0,sl,2,squeeze_breakout,strategy=squeeze_breakout|lookback=55|threshold=0.25|adx_min=None|adx_max=None|session=all|tp_atr=3.0|sl_atr=1.5|max_bars=96,train,new_gc_squeeze
futures,CL,momentum,short,13790,13791,13806,2024-05-30 08:45:00+00:00,2024-05-30 09:00:00+00:00,2024-05-30 12:45:00+00:00,79.21,78.78,42.99999999999926,39.99999999999926,0.1320132013201296,500.0,300.0,3.0,signal,15,momentum,legacy_CL_momentum,train,balanced
futures,SI,momentum,short,13736,13737,13832,2024-05-30 13:15:00+00:00,2024-05-30 13:30:00+00:00,2024-05-31 14:15:00+00:00,31.73,31.345,77.00000000000031,74.00000000000031,0.1471172962226646,500.0,500.0,3.0,signal,95,momentum,legacy_SI_momentum,train,balanced
futures,CL,momentum,short,13898,13899,13904,2024-05-31 12:45:00+00:00,2024-05-31 13:00:00+00:00,2024-05-31 14:15:00+00:00,78.5,77.58,92.00000000000016,89.00000000000017,0.2937293729372943,500.0,300.0,3.0,signal,5,momentum,legacy_CL_momentum,train,balanced
futures,YM,mean_reversion,long,14051,14052,14064,2024-06-04 11:30:00+00:00,2024-06-04 11:45:00+00:00,2024-06-04 14:45:00+00:00,38545.0,38742.0,197.0,194.0,0.3856858846918489,500.0,500.0,3.0,signal,12,mean_reversion,legacy_YM_mean_reversion,train,balanced
futures,ES,mean_reversion,long,14073,14074,14080,2024-06-04 16:45:00+00:00,2024-06-04 17:00:00+00:00,2024-06-04 18:30:00+00:00,5285.0,5310.0,100.0,97.0,0.1928429423459244,500.0,500.0,3.0,signal,6,mean_reversion,legacy_ES_mean_reversion,train,balanced
futures,SI,momentum,short,14112,14113,14287,2024-06-05 15:15:00+00:00,2024-06-05 15:30:00+00:00,2024-06-07 13:00:00+00:00,29.95,29.945,0.999999999999801,-2.000000000000199,-0.0039761431411534,500.0,500.0,3.0,signal,174,momentum,legacy_SI_momentum,train,balanced
futures,CL,momentum,short,14188,14189,14460,2024-06-05 16:15:00+00:00,2024-06-05 16:30:00+00:00,2024-06-10 15:15:00+00:00,73.91,76.91,-300.0,-303.0,-1.0,500.0,300.0,3.0,sl,271,momentum,legacy_CL_momentum,train,balanced
futures,ES,mean_reversion,long,14433,14434,14441,2024-06-10 14:45:00+00:00,2024-06-10 15:00:00+00:00,2024-06-10 16:45:00+00:00,5352.75,5366.25,54.0,51.0,0.1013916500994035,500.0,500.0,3.0,signal,7,mean_reversion,legacy_ES_mean_reversion,train,balanced
futures,SI,momentum,short,14469,14470,14610,2024-06-11 12:30:00+00:00,2024-06-11 12:45:00+00:00,2024-06-13 01:45:00+00:00,29.585,29.08,101.00000000000053,98.00000000000053,0.194831013916502,500.0,500.0,3.0,signal,140,momentum,legacy_SI_momentum,train,balanced
futures,ES,mean_reversion,long,14525,14526,14540,2024-06-11 14:45:00+00:00,2024-06-11 15:00:00+00:00,2024-06-11 18:30:00+00:00,5361.25,5376.75,62.0,59.0,0.1172962226640159,500.0,500.0,3.0,signal,14,mean_reversion,legacy_ES_mean_reversion,train,balanced
futures,SI,momentum,short,14654,14655,14667,2024-06-13 12:45:00+00:00,2024-06-13 13:00:00+00:00,2024-06-13 16:00:00+00:00,29.465,28.815,129.99999999999972,126.99999999999972,0.2524850894632201,500.0,500.0,3.0,signal,12,momentum,legacy_SI_momentum,train,balanced
futures,CL,momentum,long,14737,14738,14743,2024-06-13 15:30:00+00:00,2024-06-13 15:45:00+00:00,2024-06-13 17:00:00+00:00,78.1,78.56,46.0000000000008,43.0000000000008,0.1419141914191445,500.0,300.0,3.0,signal,5,momentum,legacy_CL_momentum,train,balanced
futures,CL,momentum,long,14753,14754,14806,2024-06-13 19:30:00+00:00,2024-06-13 19:45:00+00:00,2024-06-14 09:45:00+00:00,78.18,78.44,25.99999999999909,22.99999999999909,0.0759075907590729,500.0,300.0,3.0,signal,52,momentum,legacy_CL_momentum,train,balanced
futures,SI,momentum,long,14795,14796,15003,2024-06-17 02:00:00+00:00,2024-06-17 02:15:00+00:00,2024-06-19 08:00:00+00:00,29.335,29.645,61.999999999999744,58.999999999999744,0.1172962226640153,500.0,500.0,3.0,signal,207,momentum,legacy_SI_momentum,train,balanced
futures,YM,mean_reversion,long,14891,14892,14901,2024-06-17 14:30:00+00:00,2024-06-17 14:45:00+00:00,2024-06-17 17:00:00+00:00,38565.0,38712.0,147.0,144.0,0.2862823061630218,500.0,500.0,3.0,signal,9,mean_reversion,legacy_YM_mean_reversion,train,balanced
futures,SI,momentum,long,15171,15172,15596,2024-06-21 06:30:00+00:00,2024-06-21 06:45:00+00:00,2024-06-28 00:45:00+00:00,30.395,29.23,-232.99999999999983,-235.99999999999983,-0.4691848906560633,500.0,500.0,3.0,signal,424,momentum,legacy_SI_momentum,train,balanced
futures,ES,mean_reversion,long,15238,15239,15338,2024-06-21 13:00:00+00:00,2024-06-21 13:15:00+00:00,2024-06-24 15:00:00+00:00,5541.5,5548.5,28.0,25.0,0.0497017892644135,500.0,500.0,3.0,signal,99,mean_reversion,legacy_ES_mean_reversion,train,balanced
futures,ZN,mean_reversion,short,15237,15238,15248,2024-06-21 13:45:00+00:00,2024-06-21 14:00:00+00:00,2024-06-21 16:30:00+00:00,110.546875,110.453125,6.0,3.0,0.0566037735849056,15.0,50.0,3.0,signal,10,mean_reversion,legacy_ZN_mean_reversion,train,balanced
futures,ZN,mean_reversion,long,15327,15328,15357,2024-06-24 13:15:00+00:00,2024-06-24 13:30:00+00:00,2024-06-24 20:45:00+00:00,110.515625,110.640625,8.0,5.0,0.0943396226415094,15.0,50.0,3.0,signal,29,mean_reversion,legacy_ZN_mean_reversion,train,balanced
futures,ES,mean_reversion,short,15345,15346,15351,2024-06-24 16:45:00+00:00,2024-06-24 17:00:00+00:00,2024-06-24 18:15:00+00:00,5539.75,5524.5,61.0,58.0,0.1153081510934393,500.0,500.0,3.0,signal,5,mean_reversion,legacy_ES_mean_reversion,train,balanced
futures,CL,momentum,long,15438,15439,15453,2024-06-25 09:15:00+00:00,2024-06-25 09:30:00+00:00,2024-06-25 13:00:00+00:00,81.31,81.39,7.999999999999829,4.9999999999998295,0.0165016501650159,500.0,300.0,3.0,signal,14,momentum,legacy_CL_momentum,train,balanced
futures,ZN,mean_reversion,short,15417,15418,15431,2024-06-25 12:45:00+00:00,2024-06-25 13:00:00+00:00,2024-06-25 16:15:00+00:00,110.53125,110.46875,4.0,1.0,0.0188679245283018,15.0,50.0,3.0,signal,13,mean_reversion,legacy_ZN_mean_reversion,train,balanced
futures,ES,mean_reversion,long,15430,15431,15454,2024-06-25 15:00:00+00:00,2024-06-25 15:15:00+00:00,2024-06-25 22:00:00+00:00,5528.75,5535.0,25.0,22.0,0.0437375745526839,500.0,500.0,3.0,signal,23,mean_reversion,legacy_ES_mean_reversion,train,balanced
futures,CL,momentum,long,15464,15465,15531,2024-06-25 15:45:00+00:00,2024-06-25 16:00:00+00:00,2024-06-26 09:30:00+00:00,81.15,81.4,25.0,22.0,0.0726072607260726,500.0,300.0,3.0,signal,66,momentum,legacy_CL_momentum,train,balanced
futures,ZN,mean_reversion,long,15436,15437,15445,2024-06-25 17:30:00+00:00,2024-06-25 17:45:00+00:00,2024-06-25 19:45:00+00:00,110.5625,110.625,4.0,1.0,0.0188679245283018,15.0,50.0,3.0,signal,8,mean_reversion,legacy_ZN_mean_reversion,train,balanced
futures,GC,,short,15481,15482,15484,2024-06-26 01:30:00+00:00,2024-06-26 01:45:00+00:00,2024-06-26 02:15:00+00:00,2326.0,2329.9519724769534,-39.51972476953486,-42.51972476953486,-1.0,79.03944953906972,39.51972476953486,3.0,sl,2,squeeze_breakout,strategy=squeeze_breakout|lookback=55|threshold=0.25|adx_min=None|adx_max=None|session=all|tp_atr=3.0|sl_atr=1.5|max_bars=96,train,new_gc_squeeze
futures,CL,momentum,long,15540,15541,15551,2024-06-26 11:45:00+00:00,2024-06-26 12:00:00+00:00,2024-06-26 14:30:00+00:00,81.25,81.14,-10.999999999999943,-13.999999999999943,-0.046204620462046,500.0,300.0,3.0,signal,10,momentum,legacy_CL_momentum,train,balanced
futures,ZN,mean_reversion,short,15700,15701,15702,2024-06-28 14:30:00+00:00,2024-06-28 14:45:00+00:00,2024-06-28 15:00:00+00:00,110.25,110.015625,15.0,12.0,0.2264150943396226,15.0,50.0,3.0,tp,1,mean_reversion,legacy_ZN_mean_reversion,train,balanced
futures,GC,,short,15751,15752,15755,2024-07-01 00:00:00+00:00,2024-07-01 00:15:00+00:00,2024-07-01 01:00:00+00:00,2332.8,2336.6003237513446,-38.0032375134439,-41.0032375134439,-1.0,76.0064750268878,38.0032375134439,3.0,sl,3,squeeze_breakout,strategy=squeeze_breakout|lookback=55|threshold=0.25|adx_min=None|adx_max=None|session=all|tp_atr=3.0|sl_atr=1.5|max_bars=96,train,new_gc_squeeze
futures,SI,momentum,long,15841,15842,15897,2024-07-02 16:00:00+00:00,2024-07-02 16:15:00+00:00,2024-07-03 07:00:00+00:00,29.665,30.225,112.00000000000044,109.00000000000044,0.2166998011928438,500.0,500.0,3.0,signal,55,momentum,legacy_SI_momentum,train,balanced
futures,CL,momentum,long,15933,15934,16027,2024-07-02 18:00:00+00:00,2024-07-02 18:15:00+00:00,2024-07-03 18:30:00+00:00,82.99,83.88,89.00000000000006,86.00000000000006,0.283828382838284,500.0,300.0,3.0,signal,93,momentum,legacy_CL_momentum,train,balanced
futures,SI,momentum,long,16197,16198,16462,2024-07-08 15:30:00+00:00,2024-07-08 15:45:00+00:00,2024-07-11 12:45:00+00:00,31.16,31.95,157.99999999999983,154.99999999999983,0.3081510934393635,500.0,500.0,3.0,signal,264,momentum,legacy_SI_momentum,train,balanced
futures,ZN,mean_reversion,long,16336,16337,16344,2024-07-09 16:30:00+00:00,2024-07-09 16:45:00+00:00,2024-07-09 18:30:00+00:00,110.34375,110.4375,6.0,3.0,0.0566037735849056,15.0,50.0,3.0,signal,7,mean_reversion,legacy_ZN_mean_reversion,train,balanced
futures,GC,,long,16412,16413,16434,2024-07-10 06:45:00+00:00,2024-07-10 07:00:00+00:00,2024-07-10 12:15:00+00:00,2378.4,2385.75146119125,73.5146119125007,70.5146119125007,1.7736265125734687,73.5146119125007,36.75730595625035,3.0,tp,21,squeeze_breakout,strategy=squeeze_breakout|lookback=55|threshold=0.25|adx_min=None|adx_max=None|session=all|tp_atr=3.0|sl_atr=1.5|max_bars=96,train,new_gc_squeeze
futures,CL,momentum,short,16461,16462,16472,2024-07-10 14:30:00+00:00,2024-07-10 14:45:00+00:00,2024-07-10 17:15:00+00:00,81.88,81.84,3.999999999999204,0.9999999999992042,0.0033003300330006,500.0,300.0,3.0,signal,10,momentum,legacy_CL_momentum,train,balanced
futures,GC,,long,16509,16510,16510,2024-07-11 08:00:00+00:00,2024-07-11 08:15:00+00:00,2024-07-11 08:15:00+00:00,2388.6,2385.300454417684,-32.99545582316697,-35.99545582316697,-1.0,65.99091164633394,32.99545582316697,3.0,sl,0,squeeze_breakout,strategy=squeeze_breakout|lookback=55|threshold=0.25|adx_min=None|adx_max=None|session=all|tp_atr=3.0|sl_atr=1.5|max_bars=96,train,new_gc_squeeze
futures,CL,momentum,long,16532,16533,16554,2024-07-11 09:15:00+00:00,2024-07-11 09:30:00+00:00,2024-07-11 14:45:00+00:00,82.15,82.49,33.99999999999892,30.99999999999892,0.1023102310230987,500.0,300.0,3.0,signal,21,momentum,legacy_CL_momentum,train,balanced
futures,GC,,short,16595,16596,16619,2024-07-12 06:30:00+00:00,2024-07-12 06:45:00+00:00,2024-07-12 12:30:00+00:00,2410.2,2401.81722413692,83.82775863080363,80.82775863080363,1.7996165074764825,83.82775863080363,41.913879315401815,3.0,tp,23,squeeze_breakout,strategy=squeeze_breakout|lookback=55|threshold=0.25|adx_min=None|adx_max=None|session=all|tp_atr=3.0|sl_atr=1.5|max_bars=96,train,new_gc_squeeze
futures,CL,momentum,long,16650,16651,16920,2024-07-12 15:45:00+00:00,2024-07-12 16:00:00+00:00,2024-07-17 14:15:00+00:00,82.69,82.21,-48.0000000000004,-51.0000000000004,-0.1683168316831696,500.0,300.0,3.0,signal,269,momentum,legacy_CL_momentum,train,balanced
futures,SI,momentum,short,16602,16603,16622,2024-07-15 01:45:00+00:00,2024-07-15 02:00:00+00:00,2024-07-15 06:45:00+00:00,31.105,30.95,31.000000000000227,28.000000000000227,0.0556660039761435,500.0,500.0,3.0,signal,19,momentum,legacy_SI_momentum,train,balanced
futures,SI,momentum,short,16652,16653,16666,2024-07-15 14:15:00+00:00,2024-07-15 14:30:00+00:00,2024-07-15 17:45:00+00:00,31.115,30.905,41.99999999999946,38.99999999999946,0.077534791252484,500.0,500.0,3.0,signal,13,momentum,legacy_SI_momentum,train,balanced
futures,SI,momentum,short,16744,16745,16836,2024-07-16 14:15:00+00:00,2024-07-16 14:30:00+00:00,2024-07-17 14:15:00+00:00,31.135,30.76,75.0,72.0,0.1431411530815109,500.0,500.0,3.0,signal,91,momentum,legacy_SI_momentum,train,balanced
futures,GC,,long,16847,16848,16853,2024-07-17 00:30:00+00:00,2024-07-17 00:45:00+00:00,2024-07-17 02:00:00+00:00,2477.2,2486.225581508712,90.25581508712168,87.25581508712168,1.8129983109726089,90.25581508712168,45.12790754356084,3.0,tp,5,squeeze_breakout,strategy=squeeze_breakout|lookback=55|threshold=0.25|adx_min=None|adx_max=None|session=all|tp_atr=3.0|sl_atr=1.5|max_bars=96,train,new_gc_squeeze
futures,GC,,long,16963,16964,16974,2024-07-18 06:30:00+00:00,2024-07-18 06:45:00+00:00,2024-07-18 09:15:00+00:00,2473.8,2468.767076819729,-50.329231802705245,-53.329231802705245,-1.0,100.65846360541047,50.329231802705245,3.0,sl,10,squeeze_breakout,strategy=squeeze_breakout|lookback=55|threshold=0.25|adx_min=None|adx_max=None|session=all|tp_atr=3.0|sl_atr=1.5|max_bars=96,train,new_gc_squeeze
futures,GC,,short,17168,17169,17178,2024-07-22 11:45:00+00:00,2024-07-22 12:00:00+00:00,2024-07-22 14:15:00+00:00,2399.6,2389.893895565192,97.06104434808134,94.06104434808134,1.8253462293744445,97.06104434808134,48.53052217404067,3.0,tp,9,squeeze_breakout,strategy=squeeze_breakout|lookback=55|threshold=0.25|adx_min=None|adx_max=None|session=all|tp_atr=3.0|sl_atr=1.5|max_bars=96,train,new_gc_squeeze
futures,ZN,mean_reversion,short,17425,17426,17454,2024-07-25 12:45:00+00:00,2024-07-25 13:00:00+00:00,2024-07-25 20:00:00+00:00,110.921875,110.828125,6.0,3.0,0.0566037735849056,15.0,50.0,3.0,signal,28,mean_reversion,legacy_ZN_mean_reversion,train,balanced
futures,CL,momentum,short,17652,17653,17658,2024-07-29 13:15:00+00:00,2024-07-29 13:30:00+00:00,2024-07-29 14:45:00+00:00,77.38,76.34,103.9999999999992,100.9999999999992,0.3333333333333307,500.0,300.0,3.0,signal,5,momentum,legacy_CL_momentum,train,balanced
futures,SI,momentum,short,17660,17661,17946,2024-07-30 13:15:00+00:00,2024-07-30 13:30:00+00:00,2024-08-02 15:45:00+00:00,28.145,28.27,-25.0,-28.0,-0.0556660039761431,500.0,500.0,3.0,signal,285,momentum,legacy_SI_momentum,train,balanced
futures,SI,momentum,short,17947,17948,17977,2024-08-02 16:00:00+00:00,2024-08-02 16:15:00+00:00,2024-08-05 00:30:00+00:00,28.58,28.34,47.99999999999969,44.99999999999969,0.0894632206759437,500.0,500.0,3.0,signal,29,momentum,legacy_SI_momentum,train,balanced
futures,SI,momentum,short,17981,17982,18000,2024-08-05 01:30:00+00:00,2024-08-05 01:45:00+00:00,2024-08-05 06:15:00+00:00,28.67,28.345,65.00000000000057,62.00000000000057,0.1232604373757466,500.0,500.0,3.0,signal,18,momentum,legacy_SI_momentum,train,balanced
futures,GC,,long,18549,18550,18550,2024-08-12 13:15:00+00:00,2024-08-12 13:30:00+00:00,2024-08-12 13:30:00+00:00,2485.5,2494.171377195397,86.71377195396826,83.71377195396826,1.8058540859610708,86.71377195396826,43.35688597698413,3.0,tp,0,squeeze_breakout,strategy=squeeze_breakout|lookback=55|threshold=0.25|adx_min=None|adx_max=None|session=all|tp_atr=3.0|sl_atr=1.5|max_bars=96,train,new_gc_squeeze
futures,YM,mean_reversion,long,18605,18606,18612,2024-08-13 11:45:00+00:00,2024-08-13 12:00:00+00:00,2024-08-13 13:30:00+00:00,39479.0,39609.0,130.0,127.0,0.2524850894632207,500.0,500.0,3.0,signal,6,mean_reversion,legacy_YM_mean_reversion,train,balanced
futures,SI,momentum,long,18629,18630,18739,2024-08-14 02:30:00+00:00,2024-08-14 02:45:00+00:00,2024-08-15 07:00:00+00:00,27.735,28.03,59.00000000000034,56.00000000000034,0.1113320079522869,500.0,500.0,3.0,signal,109,momentum,legacy_SI_momentum,train,balanced
futures,CL,momentum,short,18753,18754,18760,2024-08-14 12:30:00+00:00,2024-08-14 12:45:00+00:00,2024-08-14 14:15:00+00:00,78.6,78.15,44.99999999999886,41.99999999999886,0.1386138613861348,500.0,300.0,3.0,signal,6,momentum,legacy_CL_momentum,train,balanced
futures,CL,momentum,short,18843,18844,18923,2024-08-15 12:00:00+00:00,2024-08-15 12:15:00+00:00,2024-08-16 09:00:00+00:00,77.88,77.33,54.99999999999972,51.99999999999972,0.1716171617161706,500.0,300.0,3.0,signal,79,momentum,legacy_CL_momentum,train,balanced
futures,SI,momentum,long,19133,19134,19153,2024-08-21 13:30:00+00:00,2024-08-21 13:45:00+00:00,2024-08-21 18:30:00+00:00,29.32,29.755,86.99999999999974,83.99999999999974,0.1669980119284289,500.0,500.0,3.0,signal,19,momentum,legacy_SI_momentum,train,balanced
futures,SI,momentum,long,19181,19182,19320,2024-08-22 02:30:00+00:00,2024-08-22 02:45:00+00:00,2024-08-23 14:15:00+00:00,29.415,29.83,82.99999999999983,79.99999999999983,0.1590457256461229,500.0,500.0,3.0,signal,138,momentum,legacy_SI_momentum,train,balanced
futures,CL,momentum,short,19313,19314,19471,2024-08-22 14:30:00+00:00,2024-08-22 14:45:00+00:00,2024-08-26 08:00:00+00:00,72.72,75.72,-300.0,-303.0,-1.0,500.0,300.0,3.0,sl,157,momentum,legacy_CL_momentum,train,balanced
futures,GC,,long,19358,19359,19380,2024-08-23 08:30:00+00:00,2024-08-23 08:45:00+00:00,2024-08-23 14:00:00+00:00,2533.4,2542.5050036449275,91.0500364492747,88.0500364492747,1.8145286631663649,91.0500364492747,45.52501822463735,3.0,tp,21,squeeze_breakout,strategy=squeeze_breakout|lookback=55|threshold=0.25|adx_min=None|adx_max=None|session=all|tp_atr=3.0|sl_atr=1.5|max_bars=96,train,new_gc_squeeze
futures,SI,momentum,long,19413,19414,19471,2024-08-26 14:30:00+00:00,2024-08-26 14:45:00+00:00,2024-08-27 06:00:00+00:00,29.815,30.05,46.999999999999886,43.999999999999886,0.0874751491053675,500.0,500.0,3.0,signal,57,momentum,legacy_SI_momentum,train,balanced
futures,ZN,mean_reversion,short,19461,19462,19482,2024-08-26 15:45:00+00:00,2024-08-26 16:00:00+00:00,2024-08-26 22:00:00+00:00,113.671875,113.59375,5.0,2.0,0.0377358490566037,15.0,50.0,3.0,signal,20,mean_reversion,legacy_ZN_mean_reversion,train,balanced
futures,SI,momentum,long,19501,19502,19713,2024-08-27 13:30:00+00:00,2024-08-27 13:45:00+00:00,2024-08-30 01:00:00+00:00,29.825,29.84,3.0000000000001137,1.1368683772161605e-13,2.2601757002309348e-16,500.0,500.0,3.0,signal,211,momentum,legacy_SI_momentum,train,balanced
futures,ZN,mean_reversion,short,19632,19633,19657,2024-08-28 12:30:00+00:00,2024-08-28 12:45:00+00:00,2024-08-28 18:45:00+00:00,113.5625,113.5,4.0,1.0,0.0188679245283018,15.0,50.0,3.0,signal,24,mean_reversion,legacy_ZN_mean_reversion,train,balanced
futures,GC,,long,19693,19694,19731,2024-08-29 00:15:00+00:00,2024-08-29 00:30:00+00:00,2024-08-29 09:45:00+00:00,2547.2,2555.8830903507637,86.83090350763668,83.83090350763668,1.806099054087961,86.83090350763668,43.41545175381834,3.0,tp,37,squeeze_breakout,strategy=squeeze_breakout|lookback=55|threshold=0.25|adx_min=None|adx_max=None|session=all|tp_atr=3.0|sl_atr=1.5|max_bars=96,train,new_gc_squeeze
futures,GC,,long,19731,19732,19740,2024-08-29 09:45:00+00:00,2024-08-29 10:00:00+00:00,2024-08-29 12:00:00+00:00,2556.2,2551.9585774215298,-42.41422578469874,-45.41422578469874,-1.0,84.82845156939749,42.41422578469874,3.0,sl,8,squeeze_breakout,strategy=squeeze_breakout|lookback=55|threshold=0.25|adx_min=None|adx_max=None|session=all|tp_atr=3.0|sl_atr=1.5|max_bars=96,train,new_gc_squeeze
futures,SI,momentum,long,19761,19762,20100,2024-08-30 13:00:00+00:00,2024-08-30 13:15:00+00:00,2024-09-05 08:15:00+00:00,29.69,28.85,-167.99999999999997,-170.99999999999997,-0.3399602385685884,500.0,500.0,3.0,signal,338,momentum,legacy_SI_momentum,train,balanced
futures,ES,mean_reversion,long,19829,19830,19834,2024-08-30 18:30:00+00:00,2024-08-30 18:45:00+00:00,2024-08-30 19:45:00+00:00,5625.75,5639.25,54.0,51.0,0.1013916500994035,500.0,500.0,3.0,signal,4,mean_reversion,legacy_ES_mean_reversion,train,balanced
futures,CL,momentum,short,19962,19963,19978,2024-09-02 15:45:00+00:00,2024-09-02 16:00:00+00:00,2024-09-02 23:15:00+00:00,74.32,73.57,75.0,72.0,0.2376237623762376,500.0,300.0,3.0,signal,15,momentum,legacy_CL_momentum,train,balanced
futures,CL,momentum,short,20224,20225,20229,2024-09-05 14:45:00+00:00,2024-09-05 15:00:00+00:00,2024-09-05 16:00:00+00:00,70.56,69.42,114.00000000000006,111.00000000000006,0.3663366336633665,500.0,300.0,3.0,signal,4,momentum,legacy_CL_momentum,train,balanced
futures,SI,momentum,long,20214,20215,20405,2024-09-06 13:45:00+00:00,2024-09-06 14:00:00+00:00,2024-09-10 15:30:00+00:00,29.055,28.675,-75.9999999999998,-78.9999999999998,-0.1570576540755463,500.0,500.0,3.0,signal,190,momentum,legacy_SI_momentum,train,balanced
futures,GC,,long,20509,20510,20514,2024-09-10 23:45:00+00:00,2024-09-11 00:00:00+00:00,2024-09-11 01:00:00+00:00,2547.5,2543.717188850611,-37.82811149389316,-40.82811149389316,-1.0,75.65622298778632,37.82811149389316,3.0,sl,4,squeeze_breakout,strategy=squeeze_breakout|lookback=55|threshold=0.25|adx_min=None|adx_max=None|session=all|tp_atr=3.0|sl_atr=1.5|max_bars=96,train,new_gc_squeeze
futures,GC,,long,20516,20517,20536,2024-09-11 01:30:00+00:00,2024-09-11 01:45:00+00:00,2024-09-11 06:30:00+00:00,2549.2,2556.732921912804,75.32921912803721,72.32921912803721,1.778677329095433,75.32921912803721,37.664609564018605,3.0,tp,19,squeeze_breakout,strategy=squeeze_breakout|lookback=55|threshold=0.25|adx_min=None|adx_max=None|session=all|tp_atr=3.0|sl_atr=1.5|max_bars=96,train,new_gc_squeeze
futures,SI,momentum,long,20485,20486,20497,2024-09-11 12:30:00+00:00,2024-09-11 12:45:00+00:00,2024-09-11 15:30:00+00:00,28.8,28.795,-0.999999999999801,-3.999999999999801,-0.0079522862823057,500.0,500.0,3.0,signal,11,momentum,legacy_SI_momentum,train,balanced
futures,CL,momentum,short,20596,20597,20774,2024-09-11 15:45:00+00:00,2024-09-11 16:00:00+00:00,2024-09-13 14:15:00+00:00,67.3,70.3,-300.0,-303.0,-1.0,500.0,300.0,3.0,sl,177,momentum,legacy_CL_momentum,train,balanced
futures,GC,,long,20696,20697,20715,2024-09-13 00:30:00+00:00,2024-09-13 00:45:00+00:00,2024-09-13 05:15:00+00:00,2589.2,2598.323377329077,91.23377329077192,88.23377329077191,1.8148791372502635,91.23377329077192,45.616886645385954,3.0,tp,18,squeeze_breakout,strategy=squeeze_breakout|lookback=55|threshold=0.25|adx_min=None|adx_max=None|session=all|tp_atr=3.0|sl_atr=1.5|max_bars=96,train,new_gc_squeeze
futures,CL,momentum,long,20941,20942,20949,2024-09-17 10:00:00+00:00,2024-09-17 10:15:00+00:00,2024-09-17 12:00:00+00:00,69.83,70.31,48.0000000000004,45.0000000000004,0.1485148514851498,500.0,300.0,3.0,signal,7,momentum,legacy_CL_momentum,train,balanced
futures,SI,momentum,long,20864,20865,21015,2024-09-17 15:15:00+00:00,2024-09-17 15:30:00+00:00,2024-09-19 07:00:00+00:00,31.07,31.325,50.9999999999998,47.9999999999998,0.0954274353876735,500.0,500.0,3.0,signal,150,momentum,legacy_SI_momentum,train,balanced
futures,CL,momentum,long,21026,21027,21043,2024-09-18 08:15:00+00:00,2024-09-18 08:30:00+00:00,2024-09-18 12:30:00+00:00,70.35,70.72,37.000000000000455,34.000000000000455,0.1122112211221137,500.0,300.0,3.0,signal,16,momentum,legacy_CL_momentum,train,balanced
futures,CL,momentum,long,21058,21059,21137,2024-09-18 16:15:00+00:00,2024-09-18 16:30:00+00:00,2024-09-19 13:00:00+00:00,70.42,71.08,65.99999999999966,62.99999999999966,0.2079207920792068,500.0,300.0,3.0,signal,78,momentum,legacy_CL_momentum,train,balanced
futures,SI,momentum,long,21041,21042,21146,2024-09-19 13:30:00+00:00,2024-09-19 13:45:00+00:00,2024-09-20 16:45:00+00:00,31.08,31.61,106.00000000000024,103.00000000000024,0.2047713717693841,500.0,500.0,3.0,signal,104,momentum,legacy_SI_momentum,train,balanced
futures,CL,momentum,long,21141,21142,21147,2024-09-19 14:00:00+00:00,2024-09-19 14:15:00+00:00,2024-09-19 15:30:00+00:00,70.52,71.2,68.00000000000068,65.00000000000068,0.2145214521452167,500.0,300.0,3.0,signal,5,momentum,legacy_CL_momentum,train,balanced
futures,CL,momentum,long,21297,21298,21325,2024-09-23 07:00:00+00:00,2024-09-23 07:15:00+00:00,2024-09-23 14:00:00+00:00,71.1,71.67,57.00000000000074,54.00000000000074,0.1782178217821806,500.0,300.0,3.0,signal,27,momentum,legacy_CL_momentum,train,balanced
futures,CL,momentum,long,21329,21330,21397,2024-09-23 15:00:00+00:00,2024-09-23 15:15:00+00:00,2024-09-24 09:00:00+00:00,70.92,71.9,98.0000000000004,95.0000000000004,0.3135313531353148,500.0,300.0,3.0,signal,67,momentum,legacy_CL_momentum,train,balanced
futures,SI,momentum,short,21269,21270,21675,2024-09-24 01:30:00+00:00,2024-09-24 01:45:00+00:00,2024-09-30 11:00:00+00:00,31.235,31.39,-31.000000000000227,-34.00000000000023,-0.0675944333996028,500.0,500.0,3.0,signal,405,momentum,legacy_SI_momentum,train,balanced
futures,GC,,long,21553,21554,21563,2024-09-26 07:45:00+00:00,2024-09-26 08:00:00+00:00,2024-09-26 10:15:00+00:00,2687.7,2696.3434055577904,86.43405557790805,83.43405557790805,1.8052665774809729,86.43405557790805,43.21702778895403,3.0,tp,9,squeeze_breakout,strategy=squeeze_breakout|lookback=55|threshold=0.25|adx_min=None|adx_max=None|session=all|tp_atr=3.0|sl_atr=1.5|max_bars=96,train,new_gc_squeeze
futures,YM,mean_reversion,short,21534,21535,21638,2024-09-26 12:00:00+00:00,2024-09-26 12:15:00+00:00,2024-09-27 15:00:00+00:00,42432.0,42932.0,-500.0,-503.0,-1.0,500.0,500.0,3.0,sl,103,mean_reversion,legacy_YM_mean_reversion,train,balanced
futures,ES,mean_reversion,long,21701,21702,21756,2024-09-30 07:30:00+00:00,2024-09-30 07:45:00+00:00,2024-09-30 22:15:00+00:00,5794.5,5804.0,38.0,35.0,0.0695825049701789,500.0,500.0,3.0,signal,54,mean_reversion,legacy_ES_mean_reversion,train,balanced
futures,CL,momentum,long,21760,21761,21880,2024-09-30 07:45:00+00:00,2024-09-30 08:00:00+00:00,2024-10-01 14:45:00+00:00,68.57,70.21,164.00000000000006,161.00000000000006,0.5313531353135316,500.0,300.0,3.0,signal,119,momentum,legacy_CL_momentum,train,balanced
futures,YM,mean_reversion,long,21729,21730,21769,2024-09-30 14:45:00+00:00,2024-09-30 15:00:00+00:00,2024-10-01 01:45:00+00:00,42573.0,42641.0,68.0,65.0,0.1292246520874751,500.0,500.0,3.0,signal,39,mean_reversion,legacy_YM_mean_reversion,train,balanced
futures,GC,,long,21818,21819,21842,2024-10-01 05:00:00+00:00,2024-10-01 05:15:00+00:00,2024-10-01 11:00:00+00:00,2663.8,2673.0055878483704,92.05587848370234,89.05587848370234,1.816431199451324,92.05587848370234,46.02793924185117,3.0,tp,23,squeeze_breakout,strategy=squeeze_breakout|lookback=55|threshold=0.25|adx_min=None|adx_max=None|session=all|tp_atr=3.0|sl_atr=1.5|max_bars=96,train,new_gc_squeeze
futures,SI,momentum,short,21843,21844,22142,2024-10-02 07:00:00+00:00,2024-10-02 07:15:00+00:00,2024-10-07 12:45:00+00:00,31.63,31.74,-21.999999999999886,-24.999999999999886,-0.0497017892644132,500.0,500.0,3.0,signal,298,momentum,legacy_SI_momentum,train,balanced
futures,YM,mean_reversion,short,22094,22095,22198,2024-10-04 14:00:00+00:00,2024-10-04 14:15:00+00:00,2024-10-07 17:00:00+00:00,42433.0,42417.0,16.0,13.0,0.025844930417495,500.0,500.0,3.0,signal,103,mean_reversion,legacy_YM_mean_reversion,train,balanced
futures,SI,momentum,short,22147,22148,22196,2024-10-07 14:00:00+00:00,2024-10-07 14:15:00+00:00,2024-10-08 03:15:00+00:00,32.105,31.605,99.99999999999928,96.99999999999928,0.192842942345923,500.0,500.0,3.0,signal,48,momentum,legacy_SI_momentum,train,balanced
futures,CL,momentum,long,22583,22584,22732,2024-10-11 06:30:00+00:00,2024-10-11 06:45:00+00:00,2024-10-14 20:45:00+00:00,74.89,71.89,-300.0,-303.0,-1.0,500.0,300.0,3.0,sl,148,momentum,legacy_CL_momentum,train,balanced
futures,SI,momentum,long,22543,22544,22565,2024-10-13 22:00:00+00:00,2024-10-13 22:15:00+00:00,2024-10-14 03:30:00+00:00,31.33,31.445,23.0000000000004,20.0000000000004,0.0397614314115316,500.0,500.0,3.0,signal,21,momentum,legacy_SI_momentum,train,balanced
futures,GC,,long,22834,22835,22846,2024-10-16 06:00:00+00:00,2024-10-16 06:15:00+00:00,2024-10-16 09:00:00+00:00,2689.6,2698.128968241646,85.28968241645948,82.28968241645948,1.8028254724571744,85.28968241645948,42.64484120822974,3.0,tp,11,squeeze_breakout,strategy=squeeze_breakout|lookback=55|threshold=0.25|adx_min=None|adx_max=None|session=all|tp_atr=3.0|sl_atr=1.5|max_bars=96,train,new_gc_squeeze
futures,SI,momentum,long,22839,22840,22872,2024-10-17 03:00:00+00:00,2024-10-17 03:15:00+00:00,2024-10-17 11:15:00+00:00,31.805,32.04,46.999999999999886,43.999999999999886,0.0874751491053675,500.0,500.0,3.0,signal,32,momentum,legacy_SI_momentum,train,balanced
futures,GC,,long,22943,22944,22949,2024-10-17 10:15:00+00:00,2024-10-17 10:30:00+00:00,2024-10-17 11:45:00+00:00,2702.4,2698.14826928818,-42.51730711820595,-45.51730711820595,-1.0,85.0346142364119,42.51730711820595,3.0,sl,5,squeeze_breakout,strategy=squeeze_breakout|lookback=55|threshold=0.25|adx_min=None|adx_max=None|session=all|tp_atr=3.0|sl_atr=1.5|max_bars=96,train,new_gc_squeeze
futures,CL,momentum,short,22983,22984,23059,2024-10-17 14:30:00+00:00,2024-10-17 14:45:00+00:00,2024-10-18 10:30:00+00:00,70.82,70.23,58.99999999999892,55.99999999999892,0.1848184818481812,500.0,300.0,3.0,signal,75,momentum,legacy_CL_momentum,train,balanced
futures,SI,momentum,long,22891,22892,22970,2024-10-17 16:00:00+00:00,2024-10-17 16:15:00+00:00,2024-10-18 12:45:00+00:00,31.77,32.485,142.99999999999997,139.99999999999997,0.2783300198807156,500.0,500.0,3.0,signal,78,momentum,legacy_SI_momentum,train,balanced
futures,GC,,long,22998,22999,23001,2024-10-18 01:00:00+00:00,2024-10-18 01:15:00+00:00,2024-10-18 01:45:00+00:00,2712.8,2721.358868737085,85.58868737085064,82.58868737085064,1.803469178162621,85.58868737085064,42.79434368542532,3.0,tp,2,squeeze_breakout,strategy=squeeze_breakout|lookback=55|threshold=0.25|adx_min=None|adx_max=None|session=all|tp_atr=3.0|sl_atr=1.5|max_bars=96,train,new_gc_squeeze
futures,GC,,long,23069,23070,23095,2024-10-18 18:45:00+00:00,2024-10-18 19:00:00+00:00,2024-10-21 02:15:00+00:00,2735.7,2745.016109184243,93.16109184243054,90.16109184243054,1.8184771903419288,93.16109184243054,46.58054592121527,3.0,tp,25,squeeze_breakout,strategy=squeeze_breakout|lookback=55|threshold=0.25|adx_min=None|adx_max=None|session=all|tp_atr=3.0|sl_atr=1.5|max_bars=96,train,new_gc_squeeze
futures,CL,momentum,short,23173,23174,23448,2024-10-21 16:00:00+00:00,2024-10-21 16:15:00+00:00,2024-10-24 15:45:00+00:00,69.97,70.21,-23.99999999999949,-26.99999999999949,-0.0891089108910874,500.0,300.0,3.0,signal,274,momentum,legacy_CL_momentum,train,balanced
futures,GC,,long,23220,23221,23223,2024-10-22 10:30:00+00:00,2024-10-22 10:45:00+00:00,2024-10-22 11:15:00+00:00,2752.7,2748.4307419328497,-42.69258067149892,-45.69258067149892,-1.0,85.38516134299783,42.69258067149892,3.0,sl,2,squeeze_breakout,strategy=squeeze_breakout|lookback=55|threshold=0.25|adx_min=None|adx_max=None|session=all|tp_atr=3.0|sl_atr=1.5|max_bars=96,train,new_gc_squeeze
futures,SI,momentum,long,23247,23248,23571,2024-10-23 13:00:00+00:00,2024-10-23 13:15:00+00:00,2024-10-29 02:00:00+00:00,34.29,34.1,-37.999999999999545,-40.999999999999545,-0.0815109343936372,500.0,500.0,3.0,signal,323,momentum,legacy_SI_momentum,train,balanced
futures,GC,,long,23412,23413,23417,2024-10-24 12:30:00+00:00,2024-10-24 12:45:00+00:00,2024-10-24 13:45:00+00:00,2754.0,2749.6611865006803,-43.38813499319804,-46.38813499319804,-1.0,86.77626998639607,43.38813499319804,3.0,sl,4,squeeze_breakout,strategy=squeeze_breakout|lookback=55|threshold=0.25|adx_min=None|adx_max=None|session=all|tp_atr=3.0|sl_atr=1.5|max_bars=96,train,new_gc_squeeze
futures,ZN,mean_reversion,short,23386,23387,23391,2024-10-24 12:30:00+00:00,2024-10-24 12:45:00+00:00,2024-10-24 13:45:00+00:00,111.25,111.15625,6.0,3.0,0.0566037735849056,15.0,50.0,3.0,signal,4,mean_reversion,legacy_ZN_mean_reversion,train,balanced
futures,ZN,mean_reversion,long,23394,23395,23401,2024-10-24 14:30:00+00:00,2024-10-24 14:45:00+00:00,2024-10-24 16:15:00+00:00,111.296875,111.328125,2.0,-1.0,-0.0188679245283018,15.0,50.0,3.0,signal,6,mean_reversion,legacy_ZN_mean_reversion,train,balanced
futures,ZN,mean_reversion,short,23412,23413,23418,2024-10-24 19:00:00+00:00,2024-10-24 19:15:00+00:00,2024-10-24 20:30:00+00:00,111.265625,111.21875,3.0,0.0,0.0,15.0,50.0,3.0,signal,5,mean_reversion,legacy_ZN_mean_reversion,train,balanced
futures,ZN,mean_reversion,short,23464,23465,23494,2024-10-25 09:00:00+00:00,2024-10-25 09:15:00+00:00,2024-10-25 16:30:00+00:00,111.25,111.203125,3.0,0.0,0.0,15.0,50.0,3.0,signal,29,mean_reversion,legacy_ZN_mean_reversion,train,balanced
futures,GC,,long,23642,23643,23646,2024-10-29 01:00:00+00:00,2024-10-29 01:15:00+00:00,2024-10-29 02:00:00+00:00,2760.7,2769.354446529373,86.54446529373692,83.54446529373692,1.8054989032259483,86.54446529373692,43.27223264686846,3.0,tp,3,squeeze_breakout,strategy=squeeze_breakout|lookback=55|threshold=0.25|adx_min=None|adx_max=None|session=all|tp_atr=3.0|sl_atr=1.5|max_bars=96,train,new_gc_squeeze
futures,SI,momentum,long,23576,23577,23601,2024-10-29 03:15:00+00:00,2024-10-29 03:30:00+00:00,2024-10-29 09:30:00+00:00,33.99,34.355,72.99999999999898,69.99999999999898,0.1391650099403558,500.0,500.0,3.0,signal,24,momentum,legacy_SI_momentum,train,balanced
futures,GC,,long,23730,23731,23756,2024-10-30 00:00:00+00:00,2024-10-30 00:15:00+00:00,2024-10-30 06:30:00+00:00,2790.7,2799.655677524701,89.55677524701,86.55677524701,1.811630311367553,89.55677524701,44.778387623505,3.0,tp,25,squeeze_breakout,strategy=squeeze_breakout|lookback=55|threshold=0.25|adx_min=None|adx_max=None|session=all|tp_atr=3.0|sl_atr=1.5|max_bars=96,train,new_gc_squeeze
futures,ZN,mean_reversion,short,23763,23764,23777,2024-10-30 14:45:00+00:00,2024-10-30 15:00:00+00:00,2024-10-30 18:15:00+00:00,110.84375,110.765625,5.0,2.0,0.0377358490566037,15.0,50.0,3.0,signal,13,mean_reversion,legacy_ZN_mean_reversion,train,balanced
futures,ES,mean_reversion,short,23762,23763,23770,2024-10-30 16:45:00+00:00,2024-10-30 17:00:00+00:00,2024-10-30 18:45:00+00:00,5873.0,5864.75,33.0,30.0,0.0596421471172962,500.0,500.0,3.0,signal,7,mean_reversion,legacy_ES_mean_reversion,train,balanced
futures,CL,momentum,long,23878,23879,23884,2024-10-31 08:15:00+00:00,2024-10-31 08:30:00+00:00,2024-10-31 09:45:00+00:00,68.35,69.06,71.0000000000008,68.0000000000008,0.224422442244227,500.0,300.0,3.0,signal,5,momentum,legacy_CL_momentum,train,balanced
futures,SI,momentum,short,23893,23894,23897,2024-11-01 13:30:00+00:00,2024-11-01 13:45:00+00:00,2024-11-01 14:30:00+00:00,33.19,32.92,53.9999999999992,50.9999999999992,0.101391650099402,500.0,500.0,3.0,signal,3,momentum,legacy_SI_momentum,train,balanced
futures,ZN,mean_reversion,long,24105,24106,24159,2024-11-05 09:15:00+00:00,2024-11-05 09:30:00+00:00,2024-11-05 23:45:00+00:00,110.40625,110.640625,15.0,12.0,0.2264150943396226,15.0,50.0,3.0,tp,53,mean_reversion,legacy_ZN_mean_reversion,train,balanced
futures,SI,momentum,short,24075,24076,24115,2024-11-05 14:00:00+00:00,2024-11-05 14:15:00+00:00,2024-11-06 01:00:00+00:00,32.935,32.565,74.00000000000091,71.00000000000091,0.1411530815109362,500.0,500.0,3.0,signal,39,momentum,legacy_SI_momentum,train,balanced
futures,CL,momentum,short,24248,24249,24262,2024-11-06 09:45:00+00:00,2024-11-06 10:00:00+00:00,2024-11-06 13:15:00+00:00,71.21,69.94,126.9999999999996,123.9999999999996,0.4092409240924079,500.0,300.0,3.0,signal,13,momentum,legacy_CL_momentum,train,balanced
futures,GC,,long,24328,24329,24332,2024-11-07 12:30:00+00:00,2024-11-07 12:45:00+00:00,2024-11-07 13:30:00+00:00,2677.4,2690.974598370802,135.74598370802062,132.74598370802062,1.873012274992724,135.74598370802062,67.87299185401031,3.0,tp,3,squeeze_breakout,strategy=squeeze_breakout|lookback=55|threshold=0.25|adx_min=None|adx_max=None|session=all|tp_atr=3.0|sl_atr=1.5|max_bars=96,train,new_gc_squeeze
futures,CL,momentum,short,24353,24354,24454,2024-11-07 13:00:00+00:00,2024-11-07 13:15:00+00:00,2024-11-08 15:15:00+00:00,71.44,70.33,110.99999999999994,107.99999999999994,0.3564356435643562,500.0,300.0,3.0,signal,100,momentum,legacy_CL_momentum,train,balanced
futures,SI,momentum,short,24351,24352,24356,2024-11-08 14:00:00+00:00,2024-11-08 14:15:00+00:00,2024-11-08 15:15:00+00:00,31.95,31.5,89.99999999999986,86.99999999999986,0.1729622266401587,500.0,500.0,3.0,signal,4,momentum,legacy_SI_momentum,train,balanced
futures,GC,,short,24499,24500,24502,2024-11-11 09:15:00+00:00,2024-11-11 09:30:00+00:00,2024-11-11 10:00:00+00:00,2672.1,2677.706620333355,-56.06620333355331,-59.06620333355331,-1.0,112.13240666710662,56.06620333355331,3.0,sl,2,squeeze_breakout,strategy=squeeze_breakout|lookback=55|threshold=0.25|adx_min=None|adx_max=None|session=all|tp_atr=3.0|sl_atr=1.5|max_bars=96,train,new_gc_squeeze
futures,SI,momentum,short,24534,24535,24640,2024-11-12 13:45:00+00:00,2024-11-12 14:00:00+00:00,2024-11-13 17:15:00+00:00,30.855,30.57,57.00000000000003,54.00000000000003,0.1073558648111332,500.0,500.0,3.0,signal,105,momentum,legacy_SI_momentum,train,balanced
futures,CL,momentum,short,24634,24635,24640,2024-11-12 14:15:00+00:00,2024-11-12 14:30:00+00:00,2024-11-12 15:45:00+00:00,69.07,68.17,89.99999999999915,86.99999999999915,0.2871287128712843,500.0,300.0,3.0,signal,5,momentum,legacy_CL_momentum,train,balanced
futures,ES,mean_reversion,long,24594,24595,24681,2024-11-12 18:45:00+00:00,2024-11-12 19:00:00+00:00,2024-11-13 17:30:00+00:00,6017.75,6027.5,39.0,36.0,0.0715705765407554,500.0,500.0,3.0,signal,86,mean_reversion,legacy_ES_mean_reversion,train,balanced
futures,CL,momentum,short,24705,24706,24718,2024-11-13 09:00:00+00:00,2024-11-13 09:15:00+00:00,2024-11-13 12:15:00+00:00,68.63,68.26,36.99999999999904,33.999999999999034,0.112211221122109,500.0,300.0,3.0,signal,12,momentum,legacy_CL_momentum,train,balanced
futures,ES,mean_reversion,short,24689,24690,24725,2024-11-13 19:30:00+00:00,2024-11-13 19:45:00+00:00,2024-11-14 05:30:00+00:00,6013.75,6008.75,20.0,17.0,0.0337972166998011,500.0,500.0,3.0,signal,35,mean_reversion,legacy_ES_mean_reversion,train,balanced
futures,CL,momentum,short,24795,24796,24909,2024-11-14 08:30:00+00:00,2024-11-14 08:45:00+00:00,2024-11-15 14:00:00+00:00,68.46,68.0,45.999999999999375,42.999999999999375,0.1419141914191398,500.0,300.0,3.0,signal,113,momentum,legacy_CL_momentum,train,balanced
futures,ZN,mean_reversion,short,24787,24788,24792,2024-11-14 18:45:00+00:00,2024-11-14 19:00:00+00:00,2024-11-14 20:00:00+00:00,109.515625,109.28125,15.0,12.0,0.2264150943396226,15.0,50.0,3.0,tp,4,mean_reversion,legacy_ZN_mean_reversion,train,balanced
futures,GC,,long,24882,24883,24884,2024-11-15 13:00:00+00:00,2024-11-15 13:15:00+00:00,2024-11-15 13:30:00+00:00,2578.5,2572.786522792478,-57.13477207521855,-60.13477207521855,-1.0,114.2695441504371,57.13477207521855,3.0,sl,1,squeeze_breakout,strategy=squeeze_breakout|lookback=55|threshold=0.25|adx_min=None|adx_max=None|session=all|tp_atr=3.0|sl_atr=1.5|max_bars=96,train,new_gc_squeeze
futures,SI,momentum,long,24817,24818,24902,2024-11-15 15:30:00+00:00,2024-11-15 15:45:00+00:00,2024-11-18 13:45:00+00:00,30.49,31.06,114.00000000000006,111.00000000000006,0.2206759443339961,500.0,500.0,3.0,signal,84,momentum,legacy_SI_momentum,train,balanced
futures,ZN,mean_reversion,long,24952,24953,24970,2024-11-18 14:00:00+00:00,2024-11-18 14:15:00+00:00,2024-11-18 18:30:00+00:00,109.453125,109.640625,12.0,9.0,0.1698113207547169,15.0,50.0,3.0,signal,17,mean_reversion,legacy_ZN_mean_reversion,train,balanced
futures,GC,,long,25018,25019,25020,2024-11-19 01:00:00+00:00,2024-11-19 01:15:00+00:00,2024-11-19 01:30:00+00:00,2622.0,2616.854009966339,-51.45990033660871,-54.45990033660871,-1.0,102.91980067321742,51.45990033660871,3.0,sl,1,squeeze_breakout,strategy=squeeze_breakout|lookback=55|threshold=0.25|adx_min=None|adx_max=None|session=all|tp_atr=3.0|sl_atr=1.5|max_bars=96,train,new_gc_squeeze
futures,SI,momentum,short,25083,25084,25183,2024-11-20 13:00:00+00:00,2024-11-20 13:15:00+00:00,2024-11-21 15:00:00+00:00,31.195,30.835,71.99999999999989,68.99999999999989,0.1371769383697811,500.0,500.0,3.0,signal,99,momentum,legacy_SI_momentum,train,balanced
futures,ZN,mean_reversion,long,25140,25141,25159,2024-11-20 15:00:00+00:00,2024-11-20 15:15:00+00:00,2024-11-20 19:45:00+00:00,109.6875,109.75,4.0,1.0,0.0188679245283018,15.0,50.0,3.0,signal,18,mean_reversion,legacy_ZN_mean_reversion,train,balanced
futures,ES,mean_reversion,long,25205,25206,25213,2024-11-21 10:30:00+00:00,2024-11-21 10:45:00+00:00,2024-11-21 12:30:00+00:00,5924.75,5955.0,121.0,118.0,0.2345924453280318,500.0,500.0,3.0,signal,7,mean_reversion,legacy_ES_mean_reversion,train,balanced
futures,YM,mean_reversion,long,25204,25205,25207,2024-11-21 10:30:00+00:00,2024-11-21 10:45:00+00:00,2024-11-21 11:15:00+00:00,43494.0,43538.0,44.0,41.0,0.0815109343936381,500.0,500.0,3.0,signal,2,mean_reversion,legacy_YM_mean_reversion,train,balanced
futures,ZN,mean_reversion,short,25218,25219,25246,2024-11-21 11:30:00+00:00,2024-11-21 11:45:00+00:00,2024-11-21 18:30:00+00:00,109.6875,109.546875,9.0,6.0,0.1132075471698113,15.0,50.0,3.0,signal,27,mean_reversion,legacy_ZN_mean_reversion,train,balanced
futures,ES,mean_reversion,short,25221,25222,25613,2024-11-21 14:30:00+00:00,2024-11-21 14:45:00+00:00,2024-11-27 20:30:00+00:00,5931.5,6013.75,-329.0,-332.0,-0.6600397614314115,500.0,500.0,3.0,signal,391,mean_reversion,legacy_ES_mean_reversion,train,balanced
futures,GC,,long,25294,25295,25302,2024-11-22 01:00:00+00:00,2024-11-22 01:15:00+00:00,2024-11-22 03:00:00+00:00,2679.8,2689.472050810388,96.72050810387816,93.72050810387816,1.824767221928097,96.72050810387816,48.36025405193908,3.0,tp,7,squeeze_breakout,strategy=squeeze_breakout|lookback=55|threshold=0.25|adx_min=None|adx_max=None|session=all|tp_atr=3.0|sl_atr=1.5|max_bars=96,train,new_gc_squeeze
futures,SI,momentum,short,25242,25243,25365,2024-11-22 06:45:00+00:00,2024-11-22 07:00:00+00:00,2024-11-25 14:30:00+00:00,31.15,30.485,132.99999999999983,129.99999999999983,0.2584493041749499,500.0,500.0,3.0,signal,122,momentum,legacy_SI_momentum,train,balanced
futures,CL,momentum,long,25356,25357,25368,2024-11-22 11:30:00+00:00,2024-11-22 11:45:00+00:00,2024-11-22 14:30:00+00:00,69.77,70.1,32.99999999999983,29.99999999999983,0.0990099009900984,500.0,300.0,3.0,signal,11,momentum,legacy_CL_momentum,train,balanced
futures,GC,,long,25376,25377,25378,2024-11-22 21:30:00+00:00,2024-11-22 21:45:00+00:00,2024-11-24 23:00:00+00:00,2713.9,2708.361531085185,-55.38468914815168,-58.38468914815168,-1.0,110.76937829630336,55.38468914815168,3.0,sl,1,squeeze_breakout,strategy=squeeze_breakout|lookback=55|threshold=0.25|adx_min=None|adx_max=None|session=all|tp_atr=3.0|sl_atr=1.5|max_bars=96,train,new_gc_squeeze
futures,GC,,long,25621,25622,25622,2024-11-27 13:45:00+00:00,2024-11-27 14:00:00+00:00,2024-11-27 14:00:00+00:00,2656.1,2650.243565948936,-58.56434051063928,-61.56434051063928,-1.0,117.12868102127857,58.56434051063928,3.0,sl,0,squeeze_breakout,strategy=squeeze_breakout|lookback=55|threshold=0.25|adx_min=None|adx_max=None|session=all|tp_atr=3.0|sl_atr=1.5|max_bars=96,train,new_gc_squeeze
futures,CL,momentum,short,25717,25718,25793,2024-11-28 09:45:00+00:00,2024-11-28 10:00:00+00:00,2024-11-29 08:15:00+00:00,68.94,68.75,18.999999999999773,15.999999999999773,0.052805280528052,500.0,300.0,3.0,signal,75,momentum,legacy_CL_momentum,train,balanced
futures,CL,momentum,long,25826,25827,25987,2024-11-29 16:30:00+00:00,2024-11-29 16:45:00+00:00,2024-12-03 13:00:00+00:00,69.05,69.25,20.000000000000284,17.000000000000284,0.056105610561057,500.0,300.0,3.0,signal,160,momentum,legacy_CL_momentum,train,balanced
futures,SI,momentum,long,25714,25715,25751,2024-12-02 02:45:00+00:00,2024-12-02 03:00:00+00:00,2024-12-02 12:00:00+00:00,30.635,30.92,57.00000000000003,54.00000000000003,0.1073558648111332,500.0,500.0,3.0,signal,36,momentum,legacy_SI_momentum,train,balanced
futures,ZN,mean_reversion,short,25939,25940,25962,2024-12-03 15:30:00+00:00,2024-12-03 15:45:00+00:00,2024-12-03 21:15:00+00:00,111.046875,110.90625,9.0,6.0,0.1132075471698113,15.0,50.0,3.0,signal,22,mean_reversion,legacy_ZN_mean_reversion,train,balanced
futures,SI,momentum,long,25938,25939,25944,2024-12-04 12:45:00+00:00,2024-12-04 13:00:00+00:00,2024-12-04 14:15:00+00:00,31.14,31.485,68.99999999999977,65.99999999999977,0.1312127236580512,500.0,500.0,3.0,signal,5,momentum,legacy_SI_momentum,train,balanced
futures,SI,momentum,long,26039,26040,26084,2024-12-05 15:00:00+00:00,2024-12-05 15:15:00+00:00,2024-12-06 03:15:00+00:00,31.64,31.715,14.999999999999858,11.999999999999858,0.0238568588469182,500.0,500.0,3.0,signal,44,momentum,legacy_SI_momentum,train,balanced
futures,ES,mean_reversion,long,26193,26194,26199,2024-12-06 12:15:00+00:00,2024-12-06 12:30:00+00:00,2024-12-06 13:45:00+00:00,6086.25,6095.0,35.0,32.0,0.0636182902584493,500.0,500.0,3.0,signal,5,mean_reversion,legacy_ES_mean_reversion,train,balanced
futures,SI,momentum,short,26169,26170,26499,2024-12-09 01:30:00+00:00,2024-12-09 01:45:00+00:00,2024-12-12 15:00:00+00:00,31.74,32.04,-60.00000000000014,-63.00000000000014,-0.1252485089463223,500.0,500.0,3.0,signal,329,momentum,legacy_SI_momentum,train,balanced
futures,CL,momentum,short,26335,26336,26440,2024-12-09 08:00:00+00:00,2024-12-09 08:15:00+00:00,2024-12-10 11:15:00+00:00,68.06,67.87,18.999999999999773,15.999999999999773,0.052805280528052,500.0,300.0,3.0,signal,104,momentum,legacy_CL_momentum,train,balanced
futures,GC,,long,26312,26313,26316,2024-12-09 13:30:00+00:00,2024-12-09 13:45:00+00:00,2024-12-09 14:30:00+00:00,2684.4,2695.52822418713,111.2822418713011,108.2822418713011,1.8465240797515436,111.2822418713011,55.64112093565055,3.0,tp,3,squeeze_breakout,strategy=squeeze_breakout|lookback=55|threshold=0.25|adx_min=None|adx_max=None|session=all|tp_atr=3.0|sl_atr=1.5|max_bars=96,train,new_gc_squeeze
futures,GC,,long,26437,26438,26445,2024-12-10 21:45:00+00:00,2024-12-10 23:00:00+00:00,2024-12-11 00:45:00+00:00,2721.2,2731.1319200461567,99.31920046156638,96.31920046156638,1.8290909927048995,99.31920046156638,49.65960023078319,3.0,tp,7,squeeze_breakout,strategy=squeeze_breakout|lookback=55|threshold=0.25|adx_min=None|adx_max=None|session=all|tp_atr=3.0|sl_atr=1.5|max_bars=96,train,new_gc_squeeze
futures,ES,mean_reversion,short,26660,26661,26668,2024-12-13 14:00:00+00:00,2024-12-13 14:15:00+00:00,2024-12-13 16:00:00+00:00,6076.25,6048.0,113.0,110.0,0.2186878727634194,500.0,500.0,3.0,signal,7,mean_reversion,legacy_ES_mean_reversion,train,balanced
futures,CL,momentum,long,26799,26800,26821,2024-12-16 09:00:00+00:00,2024-12-16 09:15:00+00:00,2024-12-16 14:30:00+00:00,70.57,71.05,48.0000000000004,45.0000000000004,0.1485148514851498,500.0,300.0,3.0,signal,21,momentum,legacy_CL_momentum,train,balanced
futures,CL,momentum,long,26828,26829,26834,2024-12-16 16:15:00+00:00,2024-12-16 16:30:00+00:00,2024-12-16 17:45:00+00:00,70.51,70.95,43.99999999999977,40.99999999999977,0.1353135313531345,500.0,300.0,3.0,signal,5,momentum,legacy_CL_momentum,train,balanced
futures,GC,,long,26904,26905,26915,2024-12-18 00:30:00+00:00,2024-12-18 00:45:00+00:00,2024-12-18 03:15:00+00:00,2665.7,2661.1285235198848,-45.714764801151546,-48.714764801151546,-1.0,91.42952960230308,45.714764801151546,3.0,sl,10,squeeze_breakout,strategy=squeeze_breakout|lookback=55|threshold=0.25|adx_min=None|adx_max=None|session=all|tp_atr=3.0|sl_atr=1.5|max_bars=96,train,new_gc_squeeze
futures,CL,momentum,long,27017,27018,27373,2024-12-18 17:30:00+00:00,2024-12-18 17:45:00+00:00,2024-12-24 14:30:00+00:00,70.13,70.12,-0.9999999999990904,-3.9999999999990905,-0.0132013201320102,500.0,300.0,3.0,signal,355,momentum,legacy_CL_momentum,train,balanced
futures,GC,,long,27112,27113,27141,2024-12-20 06:30:00+00:00,2024-12-20 06:45:00+00:00,2024-12-20 13:45:00+00:00,2618.5,2629.247060065911,107.47060065910672,104.47060065910672,1.8413686021273796,107.47060065910672,53.73530032955336,3.0,tp,28,squeeze_breakout,strategy=squeeze_breakout|lookback=55|threshold=0.25|adx_min=None|adx_max=None|session=all|tp_atr=3.0|sl_atr=1.5|max_bars=96,train,new_gc_squeeze
futures,GC,,long,27141,27142,27144,2024-12-20 13:45:00+00:00,2024-12-20 14:00:00+00:00,2024-12-20 14:30:00+00:00,2625.1,2635.521904050404,104.21904050404083,101.21904050404083,1.8366888341825105,104.21904050404083,52.10952025202042,3.0,tp,2,squeeze_breakout,strategy=squeeze_breakout|lookback=55|threshold=0.25|adx_min=None|adx_max=None|session=all|tp_atr=3.0|sl_atr=1.5|max_bars=96,train,new_gc_squeeze
futures,ZN,mean_reversion,short,27146,27147,27157,2024-12-20 18:15:00+00:00,2024-12-20 18:30:00+00:00,2024-12-20 21:00:00+00:00,109.03125,108.953125,5.0,2.0,0.0377358490566037,15.0,50.0,3.0,signal,10,mean_reversion,legacy_ZN_mean_reversion,train,balanced
futures,YM,mean_reversion,long,27222,27223,27235,2024-12-23 16:45:00+00:00,2024-12-23 17:00:00+00:00,2024-12-23 20:00:00+00:00,43190.0,43210.0,20.0,17.0,0.0337972166998011,500.0,500.0,3.0,signal,12,mean_reversion,legacy_YM_mean_reversion,train,balanced
futures,SI,momentum,long,27322,27323,27681,2024-12-26 17:00:00+00:00,2024-12-26 17:15:00+00:00,2025-01-02 14:45:00+00:00,30.265,29.89,-75.0,-78.0,-0.1550695825049702,500.0,500.0,3.0,signal,358,momentum,legacy_SI_momentum,train,balanced
futures,ZN,mean_reversion,long,27477,27478,27488,2024-12-27 12:45:00+00:00,2024-12-27 13:00:00+00:00,2024-12-27 15:30:00+00:00,108.546875,108.671875,8.0,5.0,0.0943396226415094,15.0,50.0,3.0,signal,10,mean_reversion,legacy_ZN_mean_reversion,train,balanced
futures,CL,momentum,long,27613,27614,27627,2024-12-30 08:45:00+00:00,2024-12-30 09:00:00+00:00,2024-12-30 12:15:00+00:00,70.23,70.95,71.99999999999989,68.99999999999989,0.2277227722772273,500.0,300.0,3.0,signal,13,momentum,legacy_CL_momentum,train,balanced
futures,CL,momentum,long,27721,27722,27727,2024-12-31 12:45:00+00:00,2024-12-31 13:00:00+00:00,2024-12-31 14:15:00+00:00,70.98,71.49,50.99999999999909,47.99999999999909,0.1584158415841554,500.0,300.0,3.0,signal,5,momentum,legacy_CL_momentum,train,balanced
futures,GC,,long,27721,27722,27753,2025-01-02 01:00:00+00:00,2025-01-02 01:15:00+00:00,2025-01-02 09:00:00+00:00,2643.0,2651.1846671654166,81.84667165416614,78.84667165416614,1.795097530036628,81.84667165416614,40.92333582708307,3.0,tp,31,squeeze_breakout,strategy=squeeze_breakout|lookback=55|threshold=0.25|adx_min=None|adx_max=None|session=all|tp_atr=3.0|sl_atr=1.5|max_bars=96,train,new_gc_squeeze
futures,GC,,short,27891,27892,27905,2025-01-03 20:30:00+00:00,2025-01-03 20:45:00+00:00,2025-01-06 01:00:00+00:00,2651.9,2656.2889873832123,-43.88987383212091,-46.88987383212091,-1.0,87.77974766424182,43.88987383212091,3.0,sl,13,squeeze_breakout,strategy=squeeze_breakout|lookback=55|threshold=0.25|adx_min=None|adx_max=None|session=all|tp_atr=3.0|sl_atr=1.5|max_bars=96,train,new_gc_squeeze
futures,GC,,long,28014,28015,28043,2025-01-07 05:15:00+00:00,2025-01-07 05:30:00+00:00,2025-01-07 12:30:00+00:00,2653.8,2663.167124135113,93.67124135113258,90.67124135113258,1.819406282534521,93.67124135113258,46.83562067556629,3.0,tp,28,squeeze_breakout,strategy=squeeze_breakout|lookback=55|threshold=0.25|adx_min=None|adx_max=None|session=all|tp_atr=3.0|sl_atr=1.5|max_bars=96,train,new_gc_squeeze
futures,SI,momentum,long,28060,28061,28137,2025-01-08 17:30:00+00:00,2025-01-08 17:45:00+00:00,2025-01-09 13:45:00+00:00,30.54,31.235,139.00000000000006,136.00000000000006,0.2703777335984096,500.0,500.0,3.0,signal,76,momentum,legacy_SI_momentum,train,balanced
futures,GC,,long,28291,28292,28303,2025-01-10 05:30:00+00:00,2025-01-10 05:45:00+00:00,2025-01-10 08:30:00+00:00,2700.1,2708.295999381196,81.95999381195863,78.95999381195863,1.7953615135708114,81.95999381195863,40.97999690597931,3.0,tp,11,squeeze_breakout,strategy=squeeze_breakout|lookback=55|threshold=0.25|adx_min=None|adx_max=None|session=all|tp_atr=3.0|sl_atr=1.5|max_bars=96,train,new_gc_squeeze
futures,GC,,short,28391,28392,28395,2025-01-13 07:30:00+00:00,2025-01-13 07:45:00+00:00,2025-01-13 08:30:00+00:00,2709.6,2714.850235363672,-52.5023536367191,-55.5023536367191,-1.0,105.0047072734382,52.5023536367191,3.0,sl,3,squeeze_breakout,strategy=squeeze_breakout|lookback=55|threshold=0.25|adx_min=None|adx_max=None|session=all|tp_atr=3.0|sl_atr=1.5|max_bars=96,train,new_gc_squeeze
futures,CL,momentum,long,28558,28559,28659,2025-01-14 15:00:00+00:00,2025-01-14 15:15:00+00:00,2025-01-15 17:15:00+00:00,77.65,78.23,57.99999999999983,54.99999999999983,0.1815181518151809,500.0,300.0,3.0,signal,100,momentum,legacy_CL_momentum,train,balanced
futures,SI,momentum,short,28419,28420,28688,2025-01-14 15:15:00+00:00,2025-01-14 15:30:00+00:00,2025-01-17 13:30:00+00:00,30.475,31.065,-117.99999999999996,-120.99999999999996,-0.2405566600397613,500.0,500.0,3.0,signal,268,momentum,legacy_SI_momentum,train,balanced
futures,CL,momentum,long,28728,28729,28738,2025-01-16 11:30:00+00:00,2025-01-16 11:45:00+00:00,2025-01-16 14:00:00+00:00,77.92,78.58,65.99999999999966,62.99999999999966,0.2079207920792068,500.0,300.0,3.0,signal,9,momentum,legacy_CL_momentum,train,balanced
futures,GC,,short,28751,28752,28766,2025-01-17 05:30:00+00:00,2025-01-17 05:45:00+00:00,2025-01-17 09:15:00+00:00,2741.7,2733.050705510368,86.49294489631666,83.49294489631666,1.805390562272855,86.49294489631666,43.24647244815833,3.0,tp,14,squeeze_breakout,strategy=squeeze_breakout|lookback=55|threshold=0.25|adx_min=None|adx_max=None|session=all|tp_atr=3.0|sl_atr=1.5|max_bars=96,train,new_gc_squeeze
futures,SI,momentum,short,28816,28817,29030,2025-01-21 02:00:00+00:00,2025-01-21 02:15:00+00:00,2025-01-23 09:30:00+00:00,31.33,30.93,79.99999999999972,76.99999999999972,0.153081510934393,500.0,500.0,3.0,signal,213,momentum,legacy_SI_momentum,train,balanced
futures,ZN,mean_reversion,short,28955,28956,28977,2025-01-21 23:00:00+00:00,2025-01-21 23:15:00+00:00,2025-01-22 04:30:00+00:00,108.671875,108.640625,2.0,-1.0,-0.0188679245283018,15.0,50.0,3.0,signal,21,mean_reversion,legacy_ZN_mean_reversion,train,balanced
futures,GC,,long,28998,28999,29032,2025-01-22 00:45:00+00:00,2025-01-22 01:00:00+00:00,2025-01-22 09:15:00+00:00,2762.9,2773.1273888577625,102.2738885776239,99.2738885776239,1.8337549317156423,102.2738885776239,51.13694428881195,3.0,tp,33,squeeze_breakout,strategy=squeeze_breakout|lookback=55|threshold=0.25|adx_min=None|adx_max=None|session=all|tp_atr=3.0|sl_atr=1.5|max_bars=96,train,new_gc_squeeze
futures,CL,momentum,short,29076,29077,29090,2025-01-22 09:00:00+00:00,2025-01-22 09:15:00+00:00,2025-01-22 12:30:00+00:00,76.19,75.84,34.99999999999943,31.99999999999943,0.1056105610561037,500.0,300.0,3.0,signal,13,momentum,legacy_CL_momentum,train,balanced
futures,CL,momentum,short,29109,29110,29115,2025-01-22 17:15:00+00:00,2025-01-22 17:30:00+00:00,2025-01-22 18:45:00+00:00,76.05,75.46,59.00000000000034,56.00000000000034,0.1848184818481859,500.0,300.0,3.0,signal,5,momentum,legacy_CL_momentum,train,balanced
futures,CL,momentum,short,29177,29178,29197,2025-01-23 11:15:00+00:00,2025-01-23 11:30:00+00:00,2025-01-23 16:15:00+00:00,75.71,75.04,66.99999999999875,63.99999999999875,0.2112211221122071,500.0,300.0,3.0,signal,19,momentum,legacy_CL_momentum,train,balanced
futures,GC,,long,29181,29182,29187,2025-01-24 00:30:00+00:00,2025-01-24 00:45:00+00:00,2025-01-24 02:00:00+00:00,2767.7,2777.1454609828693,94.45460982869396,91.45460982869396,1.8208145944651464,94.45460982869396,47.22730491434697,3.0,tp,5,squeeze_breakout,strategy=squeeze_breakout|lookback=55|threshold=0.25|adx_min=None|adx_max=None|session=all|tp_atr=3.0|sl_atr=1.5|max_bars=96,train,new_gc_squeeze
futures,SI,momentum,short,29091,29092,29185,2025-01-24 01:45:00+00:00,2025-01-24 02:00:00+00:00,2025-01-27 02:15:00+00:00,31.09,30.67,83.99999999999963,80.99999999999963,0.161033797216699,500.0,500.0,3.0,signal,93,momentum,legacy_SI_momentum,train,balanced
futures,ZN,mean_reversion,long,29204,29205,29229,2025-01-24 15:15:00+00:00,2025-01-24 15:30:00+00:00,2025-01-24 21:30:00+00:00,108.46875,108.515625,3.0,0.0,0.0,15.0,50.0,3.0,signal,24,mean_reversion,legacy_ZN_mean_reversion,train,balanced
futures,ES,mean_reversion,long,29356,29357,29373,2025-01-28 13:15:00+00:00,2025-01-28 13:30:00+00:00,2025-01-28 17:30:00+00:00,6064.0,6088.5,98.0,95.0,0.1888667992047713,500.0,500.0,3.0,signal,16,mean_reversion,legacy_ES_mean_reversion,train,balanced
futures,GC,,long,29417,29418,29424,2025-01-28 13:30:00+00:00,2025-01-28 13:45:00+00:00,2025-01-28 15:15:00+00:00,2752.0,2761.6243764194683,96.24376419468396,93.24376419468396,1.823950143641759,96.24376419468396,48.12188209734197,3.0,tp,6,squeeze_breakout,strategy=squeeze_breakout|lookback=55|threshold=0.25|adx_min=None|adx_max=None|session=all|tp_atr=3.0|sl_atr=1.5|max_bars=96,train,new_gc_squeeze
futures,SI,momentum,short,29329,29330,29646,2025-01-28 15:15:00+00:00,2025-01-28 15:30:00+00:00,2025-02-03 02:30:00+00:00,30.845,31.75,-181.00000000000023,-184.00000000000023,-0.3658051689860839,500.0,500.0,3.0,signal,316,momentum,legacy_SI_momentum,train,balanced
futures,ZN,mean_reversion,short,29390,29391,29500,2025-01-28 15:45:00+00:00,2025-01-28 16:00:00+00:00,2025-01-29 20:15:00+00:00,108.828125,108.953125,-8.0,-11.0,-0.2075471698113207,15.0,50.0,3.0,signal,109,mean_reversion,legacy_ZN_mean_reversion,train,balanced
futures,CL,momentum,short,29483,29484,29536,2025-01-28 18:45:00+00:00,2025-01-28 19:00:00+00:00,2025-01-29 09:00:00+00:00,73.86,73.5,35.99999999999994,32.99999999999994,0.1089108910891087,500.0,300.0,3.0,signal,52,momentum,legacy_CL_momentum,train,balanced
futures,CL,momentum,short,29552,29553,29558,2025-01-29 13:00:00+00:00,2025-01-29 13:15:00+00:00,2025-01-29 14:30:00+00:00,73.63,73.11,51.9999999999996,48.9999999999996,0.1617161716171604,500.0,300.0,3.0,signal,5,momentum,legacy_CL_momentum,train,balanced
futures,ZN,mean_reversion,long,29500,29501,29505,2025-01-29 20:15:00+00:00,2025-01-29 20:30:00+00:00,2025-01-29 21:30:00+00:00,108.984375,109.125,9.0,6.0,0.1132075471698113,15.0,50.0,3.0,signal,4,mean_reversion,legacy_ZN_mean_reversion,train,balanced
futures,ES,mean_reversion,long,29476,29477,29498,2025-01-29 20:15:00+00:00,2025-01-29 20:30:00+00:00,2025-01-30 02:45:00+00:00,6084.25,6091.0,27.0,24.0,0.0477137176938369,500.0,500.0,3.0,signal,21,mean_reversion,legacy_ES_mean_reversion,train,balanced
futures,CL,momentum,short,29758,29759,29764,2025-01-31 18:30:00+00:00,2025-01-31 18:45:00+00:00,2025-01-31 20:00:00+00:00,72.94,72.36,57.99999999999983,54.99999999999983,0.1815181518151809,500.0,300.0,3.0,signal,5,momentum,legacy_CL_momentum,train,balanced
futures,ZN,mean_reversion,long,29743,29744,29755,2025-02-03 12:00:00+00:00,2025-02-03 12:15:00+00:00,2025-02-03 15:00:00+00:00,109.0625,109.296875,15.0,12.0,0.2264150943396226,15.0,50.0,3.0,tp,11,mean_reversion,legacy_ZN_mean_reversion,train,balanced
futures,CL,momentum,long,29833,29834,30126,2025-02-03 14:15:00+00:00,2025-02-03 14:30:00+00:00,2025-02-06 18:30:00+00:00,73.45,70.45,-300.0,-303.0,-1.0,500.0,300.0,3.0,sl,292,momentum,legacy_CL_momentum,train,balanced
futures,GC,,long,29920,29921,29945,2025-02-05 02:00:00+00:00,2025-02-05 02:15:00+00:00,2025-02-05 08:15:00+00:00,2880.7,2892.7517241631103,120.5172416311052,117.5172416311052,1.857726901346112,120.5172416311052,60.25862081555261,3.0,tp,24,squeeze_breakout,strategy=squeeze_breakout|lookback=55|threshold=0.25|adx_min=None|adx_max=None|session=all|tp_atr=3.0|sl_atr=1.5|max_bars=96,train,new_gc_squeeze
futures,SI,momentum,short,29976,29977,30199,2025-02-06 16:00:00+00:00,2025-02-06 16:15:00+00:00,2025-02-11 02:45:00+00:00,32.62,32.215,80.9999999999988,77.9999999999988,0.1550695825049678,500.0,500.0,3.0,signal,222,momentum,legacy_SI_momentum,train,balanced
futures,ES,mean_reversion,long,30259,30260,30295,2025-02-11 09:00:00+00:00,2025-02-11 09:15:00+00:00,2025-02-11 18:00:00+00:00,6074.5,6077.0,10.0,7.0,0.0139165009940357,500.0,500.0,3.0,signal,35,mean_reversion,legacy_ES_mean_reversion,train,balanced
futures,CL,momentum,long,30453,30454,30654,2025-02-12 08:15:00+00:00,2025-02-12 08:30:00+00:00,2025-02-14 12:30:00+00:00,72.69,71.77,-92.00000000000016,-95.00000000000016,-0.3135313531353141,500.0,300.0,3.0,signal,200,momentum,legacy_CL_momentum,train,balanced
futures,SI,momentum,short,30335,30336,30948,2025-02-12 13:45:00+00:00,2025-02-12 14:00:00+00:00,2025-02-21 08:30:00+00:00,32.42,33.135,-142.99999999999926,-145.99999999999926,-0.2902584493041735,500.0,500.0,3.0,signal,612,momentum,legacy_SI_momentum,train,balanced
futures,ES,mean_reversion,long,30402,30403,30415,2025-02-12 21:45:00+00:00,2025-02-12 23:00:00+00:00,2025-02-13 02:00:00+00:00,6079.75,6083.5,15.0,12.0,0.0238568588469184,500.0,500.0,3.0,signal,12,mean_reversion,legacy_ES_mean_reversion,train,balanced
futures,GC,,long,30560,30561,30565,2025-02-14 01:00:00+00:00,2025-02-14 01:15:00+00:00,2025-02-14 02:15:00+00:00,2961.0,2955.1262238435093,-58.73776156490629,-61.73776156490629,-1.0,117.4755231298126,58.73776156490629,3.0,sl,4,squeeze_breakout,strategy=squeeze_breakout|lookback=55|threshold=0.25|adx_min=None|adx_max=None|session=all|tp_atr=3.0|sl_atr=1.5|max_bars=96,train,new_gc_squeeze
futures,CL,momentum,long,30659,30660,30816,2025-02-14 13:45:00+00:00,2025-02-14 14:00:00+00:00,2025-02-18 09:30:00+00:00,71.46,71.75,29.000000000000625,26.000000000000625,0.0858085808580878,500.0,300.0,3.0,signal,156,momentum,legacy_CL_momentum,train,balanced
futures,YM,mean_reversion,short,30702,30703,30725,2025-02-18 09:00:00+00:00,2025-02-18 09:15:00+00:00,2025-02-18 14:45:00+00:00,44693.0,44539.0,154.0,151.0,0.3001988071570576,500.0,500.0,3.0,signal,22,mean_reversion,legacy_YM_mean_reversion,train,balanced
futures,ES,mean_reversion,short,30831,30832,30911,2025-02-19 18:00:00+00:00,2025-02-19 18:15:00+00:00,2025-02-20 15:00:00+00:00,6143.25,6116.75,106.0,103.0,0.2047713717693837,500.0,500.0,3.0,signal,79,mean_reversion,legacy_ES_mean_reversion,train,balanced
futures,CL,momentum,long,30997,30998,31002,2025-02-20 08:45:00+00:00,2025-02-20 09:00:00+00:00,2025-02-20 10:00:00+00:00,71.95,72.18,23.0000000000004,20.0000000000004,0.0660066006600673,500.0,300.0,3.0,signal,4,momentum,legacy_CL_momentum,train,balanced
futures,GC,,short,31038,31039,31046,2025-02-21 08:00:00+00:00,2025-02-21 08:15:00+00:00,2025-02-21 10:00:00+00:00,2938.0,2943.93684761766,-59.368476176598165,-62.368476176598165,-1.0,118.73695235319632,59.368476176598165,3.0,sl,7,squeeze_breakout,strategy=squeeze_breakout|lookback=55|threshold=0.25|adx_min=None|adx_max=None|session=all|tp_atr=3.0|sl_atr=1.5|max_bars=96,train,new_gc_squeeze
futures,GC,,long,31133,31134,31140,2025-02-24 08:45:00+00:00,2025-02-24 09:00:00+00:00,2025-02-24 10:30:00+00:00,2961.1,2954.9988796965026,-61.01120303497165,-64.01120303497166,-1.0,122.0224060699433,61.01120303497165,3.0,sl,6,squeeze_breakout,strategy=squeeze_breakout|lookback=55|threshold=0.25|adx_min=None|adx_max=None|session=all|tp_atr=3.0|sl_atr=1.5|max_bars=96,train,new_gc_squeeze
futures,SI,momentum,short,31253,31254,31339,2025-02-26 15:45:00+00:00,2025-02-26 16:00:00+00:00,2025-02-27 14:45:00+00:00,32.205,31.92,56.99999999999932,53.99999999999932,0.1073558648111318,500.0,500.0,3.0,signal,85,momentum,legacy_SI_momentum,train,balanced
futures,GC,,long,31366,31367,31381,2025-02-26 21:00:00+00:00,2025-02-26 21:15:00+00:00,2025-02-27 01:45:00+00:00,2932.6,2926.2675932464376,-63.32406753562367,-66.32406753562367,-1.0,126.64813507124734,63.32406753562367,3.0,sl,14,squeeze_breakout,strategy=squeeze_breakout|lookback=55|threshold=0.25|adx_min=None|adx_max=None|session=all|tp_atr=3.0|sl_atr=1.5|max_bars=96,train,new_gc_squeeze
futures,CL,momentum,short,31461,31462,31679,2025-02-27 09:45:00+00:00,2025-02-27 10:00:00+00:00,2025-03-03 18:15:00+00:00,69.31,68.31,100.0,97.0,0.3201320132013201,500.0,300.0,3.0,signal,217,momentum,legacy_CL_momentum,train,balanced
futures,GC,,long,31616,31617,31624,2025-03-03 14:30:00+00:00,2025-03-03 14:45:00+00:00,2025-03-03 16:30:00+00:00,2889.3,2902.4313502304717,131.31350230470875,128.31350230470875,1.868913109797049,131.31350230470875,65.65675115235437,3.0,tp,7,squeeze_breakout,strategy=squeeze_breakout|lookback=55|threshold=0.25|adx_min=None|adx_max=None|session=all|tp_atr=3.0|sl_atr=1.5|max_bars=96,train,new_gc_squeeze
futures,GC,,long,31679,31680,31683,2025-03-04 07:15:00+00:00,2025-03-04 07:30:00+00:00,2025-03-04 08:15:00+00:00,2908.8,2921.384115003096,125.84115003096193,122.84115003096193,1.8634720647098968,125.84115003096193,62.92057501548096,3.0,tp,3,squeeze_breakout,strategy=squeeze_breakout|lookback=55|threshold=0.25|adx_min=None|adx_max=None|session=all|tp_atr=3.0|sl_atr=1.5|max_bars=96,train,new_gc_squeeze
futures,SI,momentum,long,31613,31614,31704,2025-03-04 15:15:00+00:00,2025-03-04 15:30:00+00:00,2025-03-05 15:00:00+00:00,32.12,32.885,153.0000000000001,150.0000000000001,0.2982107355864813,500.0,500.0,3.0,signal,90,momentum,legacy_SI_momentum,train,balanced
futures,CL,momentum,short,32005,32006,32416,2025-03-07 07:45:00+00:00,2025-03-07 08:00:00+00:00,2025-03-13 17:30:00+00:00,66.87,66.54,32.99999999999983,29.99999999999983,0.0990099009900984,500.0,300.0,3.0,signal,410,momentum,legacy_CL_momentum,train,balanced
futures,ZN,mean_reversion,long,31974,31975,32021,2025-03-09 22:00:00+00:00,2025-03-09 22:15:00+00:00,2025-03-10 09:45:00+00:00,110.90625,110.96875,4.0,1.0,0.0188679245283018,15.0,50.0,3.0,signal,46,mean_reversion,legacy_ZN_mean_reversion,train,balanced
futures,ES,mean_reversion,long,32219,32220,32389,2025-03-12 19:00:00+00:00,2025-03-12 19:15:00+00:00,2025-03-14 15:30:00+00:00,5615.75,5621.25,22.0,19.0,0.0377733598409542,500.0,500.0,3.0,signal,169,mean_reversion,legacy_ES_mean_reversion,train,balanced
futures,GC,,long,32405,32406,32409,2025-03-14 03:45:00+00:00,2025-03-14 04:00:00+00:00,2025-03-14 04:45:00+00:00,3004.2,2998.616510462958,-55.834895370419005,-58.834895370419005,-1.0,111.669790740838,55.834895370419005,3.0,sl,3,squeeze_breakout,strategy=squeeze_breakout|lookback=55|threshold=0.25|adx_min=None|adx_max=None|session=all|tp_atr=3.0|sl_atr=1.5|max_bars=96,train,new_gc_squeeze
futures,CL,momentum,long,32589,32590,32655,2025-03-17 14:45:00+00:00,2025-03-17 15:00:00+00:00,2025-03-18 08:15:00+00:00,67.42,68.21,78.9999999999992,75.9999999999992,0.2508250825082482,500.0,300.0,3.0,signal,65,momentum,legacy_CL_momentum,train,balanced
futures,GC,,long,32562,32563,32585,2025-03-17 20:00:00+00:00,2025-03-17 20:15:00+00:00,2025-03-18 02:45:00+00:00,3010.0,3020.421907309743,104.21907309742798,101.21907309742798,1.836688882476004,104.21907309742798,52.10953654871399,3.0,tp,22,squeeze_breakout,strategy=squeeze_breakout|lookback=55|threshold=0.25|adx_min=None|adx_max=None|session=all|tp_atr=3.0|sl_atr=1.5|max_bars=96,train,new_gc_squeeze
futures,ZN,mean_reversion,long,32589,32590,32606,2025-03-18 13:45:00+00:00,2025-03-18 14:00:00+00:00,2025-03-18 18:00:00+00:00,110.65625,110.84375,12.0,9.0,0.1698113207547169,15.0,50.0,3.0,signal,16,mean_reversion,legacy_ZN_mean_reversion,train,balanced
futures,SI,momentum,long,32532,32533,32614,2025-03-18 14:00:00+00:00,2025-03-18 14:15:00+00:00,2025-03-19 11:30:00+00:00,34.545,34.62,14.999999999999147,11.999999999999147,0.0238568588469167,500.0,500.0,3.0,signal,81,momentum,legacy_SI_momentum,train,balanced
futures,SI,momentum,short,32642,32643,32702,2025-03-19 18:30:00+00:00,2025-03-19 18:45:00+00:00,2025-03-20 10:30:00+00:00,34.48,33.805,134.99999999999943,131.99999999999943,0.2624254473161022,500.0,500.0,3.0,signal,59,momentum,legacy_SI_momentum,train,balanced
futures,CL,momentum,long,32845,32846,32854,2025-03-20 09:45:00+00:00,2025-03-20 10:00:00+00:00,2025-03-20 12:00:00+00:00,67.06,67.23,17.00000000000017,14.00000000000017,0.0462046204620467,500.0,300.0,3.0,signal,8,momentum,legacy_CL_momentum,train,balanced
futures,CL,momentum,long,32952,32953,32958,2025-03-21 13:30:00+00:00,2025-03-21 13:45:00+00:00,2025-03-21 15:00:00+00:00,67.73,68.32,58.99999999999892,55.99999999999892,0.1848184818481812,500.0,300.0,3.0,signal,5,momentum,legacy_CL_momentum,train,balanced
futures,SI,momentum,short,32971,32972,33358,2025-03-25 08:45:00+00:00,2025-03-25 09:00:00+00:00,2025-03-31 13:30:00+00:00,33.765,34.49,-145.00000000000028,-148.00000000000028,-0.2942345924453286,500.0,500.0,3.0,signal,386,momentum,legacy_SI_momentum,train,balanced
futures,ZN,mean_reversion,long,33173,33174,33281,2025-03-26 22:45:00+00:00,2025-03-26 23:00:00+00:00,2025-03-28 02:45:00+00:00,110.640625,110.578125,-4.0,-7.0,-0.1320754716981132,15.0,50.0,3.0,signal,107,mean_reversion,legacy_ZN_mean_reversion,train,balanced
futures,GC,,long,33311,33312,33317,2025-03-28 00:15:00+00:00,2025-03-28 00:30:00+00:00,2025-03-28 01:45:00+00:00,3073.7,3083.645513209616,99.45513209616136,96.45513209616136,1.8293112943655851,99.45513209616136,49.72756604808068,3.0,tp,5,squeeze_breakout,strategy=squeeze_breakout|lookback=55|threshold=0.25|adx_min=None|adx_max=None|session=all|tp_atr=3.0|sl_atr=1.5|max_bars=96,train,new_gc_squeeze
futures,CL,momentum,long,33412,33413,33506,2025-03-28 13:30:00+00:00,2025-03-28 13:45:00+00:00,2025-03-31 14:00:00+00:00,69.72,70.43,71.0000000000008,68.0000000000008,0.224422442244227,500.0,300.0,3.0,signal,93,momentum,legacy_CL_momentum,train,balanced
futures,GC,,long,33498,33499,33517,2025-04-01 01:00:00+00:00,2025-04-01 01:15:00+00:00,2025-04-01 05:45:00+00:00,3165.6,3159.0953093952603,-65.04690604739622,-68.04690604739622,-1.0,130.09381209479244,65.04690604739622,3.0,sl,18,squeeze_breakout,strategy=squeeze_breakout|lookback=55|threshold=0.25|adx_min=None|adx_max=None|session=all|tp_atr=3.0|sl_atr=1.5|max_bars=96,train,new_gc_squeeze
futures,YM,mean_reversion,short,33463,33464,33485,2025-04-01 08:15:00+00:00,2025-04-01 08:30:00+00:00,2025-04-01 13:45:00+00:00,42153.0,41973.0,180.0,177.0,0.3518886679920477,500.0,500.0,3.0,signal,21,mean_reversion,legacy_YM_mean_reversion,train,balanced
futures,ES,mean_reversion,long,33483,33484,33494,2025-04-01 13:00:00+00:00,2025-04-01 13:15:00+00:00,2025-04-01 15:45:00+00:00,5642.25,5676.0,135.0,132.0,0.2624254473161034,500.0,500.0,3.0,signal,10,mean_reversion,legacy_ES_mean_reversion,train,balanced
futures,SI,momentum,short,33521,33522,33539,2025-04-02 08:15:00+00:00,2025-04-02 08:30:00+00:00,2025-04-02 12:45:00+00:00,34.655,34.52,26.9999999999996,23.9999999999996,0.0477137176938361,500.0,500.0,3.0,signal,17,momentum,legacy_SI_momentum,train,balanced
futures,ES,mean_reversion,long,33577,33578,33585,2025-04-02 13:30:00+00:00,2025-04-02 13:45:00+00:00,2025-04-02 15:30:00+00:00,5651.75,5698.0,185.0,182.0,0.3618290258449304,500.0,500.0,3.0,signal,7,mean_reversion,legacy_ES_mean_reversion,train,balanced
futures,GC,,short,33718,33719,33721,2025-04-03 10:00:00+00:00,2025-04-03 10:15:00+00:00,2025-04-03 10:45:00+00:00,3138.0,3118.020259071636,199.79740928364453,196.79740928364453,1.912535342098544,199.79740928364453,99.89870464182226,3.0,tp,2,squeeze_breakout,strategy=squeeze_breakout|lookback=55|threshold=0.25|adx_min=None|adx_max=None|session=all|tp_atr=3.0|sl_atr=1.5|max_bars=96,train,new_gc_squeeze
futures,CL,momentum,short,33966,33967,33972,2025-04-07 14:00:00+00:00,2025-04-07 14:15:00+00:00,2025-04-07 15:30:00+00:00,63.18,60.48,270.0000000000003,267.0000000000003,0.8811881188118821,500.0,300.0,3.0,signal,5,momentum,legacy_CL_momentum,train,balanced
futures,GC,,long,33979,33980,33991,2025-04-08 06:15:00+00:00,2025-04-08 06:30:00+00:00,2025-04-08 09:15:00+00:00,3026.0,3011.224680188783,-147.75319811216931,-150.75319811216931,-1.0,295.50639622433863,147.75319811216931,3.0,sl,11,squeeze_breakout,strategy=squeeze_breakout|lookback=55|threshold=0.25|adx_min=None|adx_max=None|session=all|tp_atr=3.0|sl_atr=1.5|max_bars=96,train,new_gc_squeeze
futures,GC,,long,34001,34002,34003,2025-04-08 11:45:00+00:00,2025-04-08 12:00:00+00:00,2025-04-08 12:15:00+00:00,3034.2,3020.606399149756,-135.93600850244525,-138.93600850244525,-1.0,271.8720170048905,135.93600850244525,3.0,sl,1,squeeze_breakout,strategy=squeeze_breakout|lookback=55|threshold=0.25|adx_min=None|adx_max=None|session=all|tp_atr=3.0|sl_atr=1.5|max_bars=96,train,new_gc_squeeze
futures,GC,,short,34044,34045,34047,2025-04-08 23:30:00+00:00,2025-04-08 23:45:00+00:00,2025-04-09 00:15:00+00:00,2987.3,3000.0481571430228,-127.481571430225,-130.48157143022502,-1.0,254.96314286045,127.481571430225,3.0,sl,2,squeeze_breakout,strategy=squeeze_breakout|lookback=55|threshold=0.25|adx_min=None|adx_max=None|session=all|tp_atr=3.0|sl_atr=1.5|max_bars=96,train,new_gc_squeeze
futures,SI,momentum,long,34105,34106,34193,2025-04-10 16:15:00+00:00,2025-04-10 16:30:00+00:00,2025-04-11 15:15:00+00:00,30.655,32.08,284.99999999999943,281.99999999999943,0.5606361829025833,500.0,500.0,3.0,signal,87,momentum,legacy_SI_momentum,train,balanced
futures,CL,momentum,long,34314,34315,34349,2025-04-11 09:00:00+00:00,2025-04-11 09:15:00+00:00,2025-04-11 17:45:00+00:00,59.93,61.54,160.99999999999994,157.99999999999994,0.5214521452145212,500.0,300.0,3.0,signal,34,momentum,legacy_CL_momentum,train,balanced
futures,CL,momentum,long,34433,34434,34444,2025-04-14 15:45:00+00:00,2025-04-14 16:00:00+00:00,2025-04-14 18:30:00+00:00,61.03,61.58,54.99999999999972,51.99999999999972,0.1716171617161706,500.0,300.0,3.0,signal,10,momentum,legacy_CL_momentum,train,balanced
futures,CL,momentum,long,34523,34524,34612,2025-04-15 15:15:00+00:00,2025-04-15 15:30:00+00:00,2025-04-16 14:30:00+00:00,61.17,62.67,150.0,147.0,0.4851485148514851,500.0,300.0,3.0,signal,88,momentum,legacy_CL_momentum,train,balanced
futures,SI,momentum,long,34505,34506,34516,2025-04-17 01:15:00+00:00,2025-04-17 01:30:00+00:00,2025-04-17 04:00:00+00:00,32.395,32.62,44.99999999999886,41.99999999999886,0.0834990059642124,500.0,500.0,3.0,signal,10,momentum,legacy_SI_momentum,train,balanced
futures,GC,,long,34714,34715,34741,2025-04-21 06:00:00+00:00,2025-04-21 06:15:00+00:00,2025-04-21 12:45:00+00:00,3399.4,3419.728962989855,203.28962989855097,200.28962989855097,1.913994783168544,203.28962989855097,101.64481494927549,3.0,tp,26,squeeze_breakout,strategy=squeeze_breakout|lookback=55|threshold=0.25|adx_min=None|adx_max=None|session=all|tp_atr=3.0|sl_atr=1.5|max_bars=96,train,new_gc_squeeze
futures,SI,momentum,long,34647,34648,34744,2025-04-21 13:45:00+00:00,2025-04-21 14:00:00+00:00,2025-04-22 15:00:00+00:00,32.775,32.96,37.000000000000455,34.000000000000455,0.0675944333996032,500.0,500.0,3.0,signal,96,momentum,legacy_SI_momentum,train,balanced
futures,YM,mean_reversion,short,34787,34788,34802,2025-04-22 17:15:00+00:00,2025-04-22 17:30:00+00:00,2025-04-22 22:00:00+00:00,38994.0,39494.0,-500.0,-503.0,-1.0,500.0,500.0,3.0,sl,14,mean_reversion,legacy_YM_mean_reversion,train,balanced
futures,SI,momentum,long,34761,34762,34835,2025-04-22 19:15:00+00:00,2025-04-22 19:30:00+00:00,2025-04-23 14:45:00+00:00,32.57,33.435,173.0000000000004,170.0000000000004,0.3379721669980127,500.0,500.0,3.0,signal,73,momentum,legacy_SI_momentum,train,balanced
futures,CL,momentum,short,35042,35043,35149,2025-04-24 07:00:00+00:00,2025-04-24 07:15:00+00:00,2025-04-25 10:45:00+00:00,62.96,62.2,75.9999999999998,72.9999999999998,0.2409240924092402,500.0,300.0,3.0,signal,106,momentum,legacy_CL_momentum,train,balanced
futures,SI,momentum,long,34922,34923,35189,2025-04-24 13:30:00+00:00,2025-04-24 13:45:00+00:00,2025-04-29 12:45:00+00:00,33.17,33.455,56.99999999999932,53.99999999999932,0.1073558648111318,500.0,500.0,3.0,signal,266,momentum,legacy_SI_momentum,train,balanced
futures,GC,,long,35049,35050,35073,2025-04-24 20:45:00+00:00,2025-04-24 22:00:00+00:00,2025-04-25 03:45:00+00:00,3362.0,3348.690286931182,-133.09713068817777,-136.09713068817777,-1.0,266.19426137635554,133.09713068817777,3.0,sl,23,squeeze_breakout,strategy=squeeze_breakout|lookback=55|threshold=0.25|adx_min=None|adx_max=None|session=all|tp_atr=3.0|sl_atr=1.5|max_bars=96,train,new_gc_squeeze
futures,SI,momentum,long,35212,35213,35221,2025-04-29 18:30:00+00:00,2025-04-29 18:45:00+00:00,2025-04-30 00:30:00+00:00,33.01,33.275,53.000000000000114,50.000000000000114,0.0994035785288272,500.0,500.0,3.0,signal,8,momentum,legacy_SI_momentum,train,balanced
futures,SI,momentum,short,35361,35362,35460,2025-05-01 12:30:00+00:00,2025-05-01 12:45:00+00:00,2025-05-02 14:15:00+00:00,32.605,32.4,40.99999999999966,37.99999999999966,0.0755467196819078,500.0,500.0,3.0,signal,98,momentum,legacy_SI_momentum,train,balanced
futures,GC,,long,35527,35528,35565,2025-05-02 02:15:00+00:00,2025-05-02 02:30:00+00:00,2025-05-02 11:45:00+00:00,3254.7,3276.7613577194124,220.6135771941262,217.6135771941262,1.920569631251262,220.6135771941262,110.3067885970631,3.0,tp,37,squeeze_breakout,strategy=squeeze_breakout|lookback=55|threshold=0.25|adx_min=None|adx_max=None|session=all|tp_atr=3.0|sl_atr=1.5|max_bars=96,train,new_gc_squeeze
futures,SI,momentum,long,35551,35552,35592,2025-05-05 14:00:00+00:00,2025-05-05 14:15:00+00:00,2025-05-06 01:15:00+00:00,32.49,33.22,145.99999999999935,142.99999999999935,0.2842942345924441,500.0,500.0,3.0,signal,40,momentum,legacy_SI_momentum,train,balanced
futures,CL,momentum,short,35754,35755,35915,2025-05-06 01:00:00+00:00,2025-05-06 01:15:00+00:00,2025-05-07 18:15:00+00:00,57.74,57.91,-16.99999999999946,-19.99999999999946,-0.0660066006600642,500.0,300.0,3.0,signal,160,momentum,legacy_CL_momentum,train,balanced
futures,GC,,long,35752,35753,35760,2025-05-06 12:30:00+00:00,2025-05-06 12:45:00+00:00,2025-05-06 14:30:00+00:00,3397.9,3387.383136747103,-105.16863252896924,-108.16863252896924,-1.0,210.33726505793845,105.16863252896924,3.0,sl,7,squeeze_breakout,strategy=squeeze_breakout|lookback=55|threshold=0.25|adx_min=None|adx_max=None|session=all|tp_atr=3.0|sl_atr=1.5|max_bars=96,train,new_gc_squeeze
futures,ES,mean_reversion,long,35714,35715,35735,2025-05-06 18:45:00+00:00,2025-05-06 19:00:00+00:00,2025-05-07 01:00:00+00:00,5648.25,5675.25,108.0,105.0,0.2087475149105367,500.0,500.0,3.0,signal,20,mean_reversion,legacy_ES_mean_reversion,train,balanced
futures,ES,mean_reversion,short,35740,35741,35784,2025-05-07 02:15:00+00:00,2025-05-07 02:30:00+00:00,2025-05-07 13:15:00+00:00,5656.75,5634.5,89.0,86.0,0.1709741550695825,500.0,500.0,3.0,signal,43,mean_reversion,legacy_ES_mean_reversion,train,balanced
futures,ES,mean_reversion,long,35788,35789,35830,2025-05-07 14:15:00+00:00,2025-05-07 14:30:00+00:00,2025-05-08 01:45:00+00:00,5654.75,5675.5,83.0,80.0,0.1590457256461232,500.0,500.0,3.0,signal,41,mean_reversion,legacy_ES_mean_reversion,train,balanced
futures,SI,momentum,short,35777,35778,35795,2025-05-08 01:30:00+00:00,2025-05-08 01:45:00+00:00,2025-05-08 06:00:00+00:00,32.875,32.74,26.9999999999996,23.9999999999996,0.0477137176938361,500.0,500.0,3.0,signal,17,momentum,legacy_SI_momentum,train,balanced
futures,SI,momentum,short,35825,35826,35872,2025-05-08 13:30:00+00:00,2025-05-08 13:45:00+00:00,2025-05-09 02:15:00+00:00,32.82,32.395,84.99999999999943,81.99999999999943,0.1630218687872752,500.0,500.0,3.0,signal,46,momentum,legacy_SI_momentum,train,balanced
futures,GC,,long,36023,36024,36034,2025-05-09 11:15:00+00:00,2025-05-09 11:30:00+00:00,2025-05-09 14:00:00+00:00,3338.8,3326.9136198008478,-118.86380199153028,-121.86380199153028,-1.0,237.72760398306056,118.86380199153028,3.0,sl,10,squeeze_breakout,strategy=squeeze_breakout|lookback=55|threshold=0.25|adx_min=None|adx_max=None|session=all|tp_atr=3.0|sl_atr=1.5|max_bars=96,train,new_gc_squeeze
futures,YM,mean_reversion,long,35985,35986,35998,2025-05-09 17:45:00+00:00,2025-05-09 18:00:00+00:00,2025-05-11 22:00:00+00:00,41389.0,41889.0,500.0,497.0,0.9880715705765408,500.0,500.0,3.0,tp,12,mean_reversion,legacy_YM_mean_reversion,train,balanced
futures,SI,momentum,long,36095,36096,36108,2025-05-13 12:00:00+00:00,2025-05-13 12:15:00+00:00,2025-05-13 15:15:00+00:00,32.875,33.13,51.00000000000051,48.00000000000051,0.0954274353876749,500.0,500.0,3.0,signal,12,momentum,legacy_SI_momentum,train,balanced
futures,SI,momentum,long,36149,36150,36564,2025-05-14 02:30:00+00:00,2025-05-14 02:45:00+00:00,2025-05-20 14:15:00+00:00,32.8,32.96,32.00000000000074,29.00000000000074,0.0576540755467211,500.0,500.0,3.0,signal,414,momentum,legacy_SI_momentum,train,balanced
futures,YM,mean_reversion,long,36264,36265,36350,2025-05-14 18:30:00+00:00,2025-05-14 18:45:00+00:00,2025-05-15 17:00:00+00:00,42174.0,42326.0,152.0,149.0,0.2962226640159046,500.0,500.0,3.0,signal,85,mean_reversion,legacy_YM_mean_reversion,train,balanced
futures,ZN,mean_reversion,long,36641,36642,36654,2025-05-20 14:45:00+00:00,2025-05-20 15:00:00+00:00,2025-05-20 18:00:00+00:00,110.140625,110.203125,4.0,1.0,0.0188679245283018,15.0,50.0,3.0,signal,12,mean_reversion,legacy_ZN_mean_reversion,train,balanced
futures,CL,momentum,long,36816,36817,37265,2025-05-21 13:30:00+00:00,2025-05-21 13:45:00+00:00,2025-05-28 13:15:00+00:00,62.44,61.82,-61.999999999999744,-64.99999999999974,-0.2145214521452136,500.0,300.0,3.0,signal,448,momentum,legacy_CL_momentum,train,balanced
futures,GC,,long,36810,36811,36819,2025-05-22 01:00:00+00:00,2025-05-22 01:15:00+00:00,2025-05-22 03:15:00+00:00,3328.5,3346.673666089597,181.73666089597305,178.73666089597305,1.9041210176313192,181.73666089597305,90.86833044798652,3.0,tp,8,squeeze_breakout,strategy=squeeze_breakout|lookback=55|threshold=0.25|adx_min=None|adx_max=None|session=all|tp_atr=3.0|sl_atr=1.5|max_bars=96,train,new_gc_squeeze
futures,SI,momentum,long,36727,36728,36844,2025-05-22 09:00:00+00:00,2025-05-22 09:15:00+00:00,2025-05-23 15:15:00+00:00,33.435,33.425,-2.000000000001023,-5.000000000001023,-0.0099403578528847,500.0,500.0,3.0,signal,116,momentum,legacy_SI_momentum,train,balanced
futures,GC,,long,36944,36945,36946,2025-05-23 11:30:00+00:00,2025-05-23 11:45:00+00:00,2025-05-23 12:00:00+00:00,3334.6,3352.647644418416,180.47644418415908,177.47644418415908,1.9034730628913985,180.47644418415908,90.23822209207954,3.0,tp,1,squeeze_breakout,strategy=squeeze_breakout|lookback=55|threshold=0.25|adx_min=None|adx_max=None|session=all|tp_atr=3.0|sl_atr=1.5|max_bars=96,train,new_gc_squeeze
futures,GC,,long,37162,37163,37170,2025-05-27 23:30:00+00:00,2025-05-27 23:45:00+00:00,2025-05-28 01:30:00+00:00,3308.8,3301.158166144453,-76.41833855547291,-79.41833855547291,-1.0,152.83667711094583,76.41833855547291,3.0,sl,7,squeeze_breakout,strategy=squeeze_breakout|lookback=55|threshold=0.25|adx_min=None|adx_max=None|session=all|tp_atr=3.0|sl_atr=1.5|max_bars=96,train,new_gc_squeeze
futures,SI,momentum,long,37093,37094,37355,2025-05-28 11:00:00+00:00,2025-05-28 11:15:00+00:00,2025-06-02 07:30:00+00:00,33.36,33.575,43.00000000000068,40.00000000000068,0.0795228628230629,500.0,500.0,3.0,signal,261,momentum,legacy_SI_momentum,train,balanced
futures,ZN,mean_reversion,short,37171,37172,37185,2025-05-28 13:15:00+00:00,2025-05-28 13:30:00+00:00,2025-05-28 16:45:00+00:00,110.25,110.109375,9.0,6.0,0.1132075471698113,15.0,50.0,3.0,signal,13,mean_reversion,legacy_ZN_mean_reversion,train,balanced
futures,CL,momentum,long,37288,37289,37302,2025-05-28 19:00:00+00:00,2025-05-28 19:15:00+00:00,2025-05-28 23:30:00+00:00,61.53,62.39,85.99999999999994,82.99999999999994,0.2739273927392737,500.0,300.0,3.0,signal,13,momentum,legacy_CL_momentum,train,balanced
futures,YM,mean_reversion,long,37331,37332,37450,2025-05-30 13:15:00+00:00,2025-05-30 13:30:00+00:00,2025-06-02 20:00:00+00:00,42221.0,42374.0,153.0,150.0,0.2982107355864811,500.0,500.0,3.0,signal,118,mean_reversion,legacy_YM_mean_reversion,train,balanced
futures,GC,,long,37511,37512,37528,2025-06-02 19:45:00+00:00,2025-06-02 20:00:00+00:00,2025-06-03 01:00:00+00:00,3406.3,3397.959944079968,-83.40055920032204,-86.40055920032204,-1.0,166.80111840064407,83.40055920032204,3.0,sl,16,squeeze_breakout,strategy=squeeze_breakout|lookback=55|threshold=0.25|adx_min=None|adx_max=None|session=all|tp_atr=3.0|sl_atr=1.5|max_bars=96,train,new_gc_squeeze
futures,ZN,mean_reversion,short,37536,37537,37548,2025-06-03 12:45:00+00:00,2025-06-03 13:00:00+00:00,2025-06-03 15:45:00+00:00,110.640625,110.40625,15.0,12.0,0.2264150943396226,15.0,50.0,3.0,tp,11,mean_reversion,legacy_ZN_mean_reversion,train,balanced
futures,SI,momentum,long,37554,37555,37636,2025-06-04 11:15:00+00:00,2025-06-04 11:30:00+00:00,2025-06-05 08:45:00+00:00,34.445,34.98,106.99999999999932,103.99999999999932,0.2067594433399588,500.0,500.0,3.0,signal,81,momentum,legacy_SI_momentum,train,balanced
futures,CL,momentum,long,37722,37723,37728,2025-06-04 12:30:00+00:00,2025-06-04 12:45:00+00:00,2025-06-04 14:00:00+00:00,62.94,63.69,75.0,72.0,0.2376237623762376,500.0,300.0,3.0,signal,5,momentum,legacy_CL_momentum,train,balanced
futures,GC,,long,38028,38029,38032,2025-06-10 11:00:00+00:00,2025-06-10 11:15:00+00:00,2025-06-10 12:00:00+00:00,3359.9,3352.6082133212367,-72.9178667876337,-75.9178667876337,-1.0,145.8357335752674,72.9178667876337,3.0,sl,3,squeeze_breakout,strategy=squeeze_breakout|lookback=55|threshold=0.25|adx_min=None|adx_max=None|session=all|tp_atr=3.0|sl_atr=1.5|max_bars=96,train,new_gc_squeeze
futures,SI,momentum,long,37936,37937,38162,2025-06-10 14:45:00+00:00,2025-06-10 15:00:00+00:00,2025-06-13 02:15:00+00:00,36.525,36.72,39.00000000000006,36.00000000000006,0.0715705765407555,500.0,500.0,3.0,signal,225,momentum,legacy_SI_momentum,train,balanced
futures,ZN,mean_reversion,long,38038,38039,38087,2025-06-11 00:15:00+00:00,2025-06-11 00:30:00+00:00,2025-06-11 12:30:00+00:00,110.265625,110.5,15.0,12.0,0.2264150943396226,15.0,50.0,3.0,tp,48,mean_reversion,legacy_ZN_mean_reversion,train,balanced
futures,GC,,long,38107,38108,38112,2025-06-11 07:45:00+00:00,2025-06-11 08:00:00+00:00,2025-06-11 09:00:00+00:00,3366.4,3359.204732643922,-71.95267356078226,-74.95267356078226,-1.0,143.90534712156452,71.95267356078226,3.0,sl,4,squeeze_breakout,strategy=squeeze_breakout|lookback=55|threshold=0.25|adx_min=None|adx_max=None|session=all|tp_atr=3.0|sl_atr=1.5|max_bars=96,train,new_gc_squeeze
futures,SI,momentum,long,38166,38167,38378,2025-06-13 03:15:00+00:00,2025-06-13 03:30:00+00:00,2025-06-17 10:15:00+00:00,36.395,36.845,89.99999999999915,86.99999999999915,0.1729622266401573,500.0,500.0,3.0,signal,211,momentum,legacy_SI_momentum,test,balanced
futures,ZN,mean_reversion,long,38368,38369,38452,2025-06-16 13:45:00+00:00,2025-06-16 14:00:00+00:00,2025-06-17 11:45:00+00:00,110.71875,110.78125,4.0,1.0,0.0188679245283018,15.0,50.0,3.0,signal,83,mean_reversion,legacy_ZN_mean_reversion,test,balanced
futures,ES,mean_reversion,long,38430,38431,38441,2025-06-17 11:45:00+00:00,2025-06-17 12:00:00+00:00,2025-06-17 14:30:00+00:00,6012.75,6021.0,33.0,30.0,0.0596421471172962,500.0,500.0,3.0,signal,10,mean_reversion,legacy_ES_mean_reversion,test,balanced
futures,ZN,mean_reversion,short,38456,38457,38465,2025-06-17 12:45:00+00:00,2025-06-17 13:00:00+00:00,2025-06-17 15:00:00+00:00,110.640625,110.578125,4.0,1.0,0.0188679245283018,15.0,50.0,3.0,signal,8,mean_reversion,legacy_ZN_mean_reversion,test,balanced
futures,ES,mean_reversion,short,38450,38451,38455,2025-06-17 16:45:00+00:00,2025-06-17 17:00:00+00:00,2025-06-17 18:00:00+00:00,6007.25,5989.5,71.0,68.0,0.1351888667992047,500.0,500.0,3.0,signal,4,mean_reversion,legacy_ES_mean_reversion,test,balanced
futures,CL,momentum,long,38648,38649,38743,2025-06-18 14:00:00+00:00,2025-06-18 14:15:00+00:00,2025-06-19 14:45:00+00:00,72.46,75.24,278.0000000000001,275.0000000000001,0.907590759075908,500.0,300.0,3.0,signal,94,momentum,legacy_CL_momentum,test,balanced
futures,SI,momentum,long,38486,38487,39007,2025-06-18 14:15:00+00:00,2025-06-18 14:30:00+00:00,2025-06-26 09:00:00+00:00,36.855,36.73,-25.0,-28.0,-0.0556660039761431,500.0,500.0,3.0,signal,520,momentum,legacy_SI_momentum,test,balanced
futures,CL,momentum,long,38755,38756,38850,2025-06-19 17:45:00+00:00,2025-06-19 18:00:00+00:00,2025-06-22 22:00:00+00:00,73.26,78.26,500.0,497.0,1.6402640264026402,500.0,300.0,3.0,tp,94,momentum,legacy_CL_momentum,test,balanced
futures,ZN,mean_reversion,short,38695,38696,38707,2025-06-20 07:30:00+00:00,2025-06-20 07:45:00+00:00,2025-06-20 10:30:00+00:00,110.875,110.703125,11.0,8.0,0.1509433962264151,15.0,50.0,3.0,signal,11,mean_reversion,legacy_ZN_mean_reversion,test,balanced
futures,ES,mean_reversion,short,38779,38780,38855,2025-06-23 11:00:00+00:00,2025-06-23 11:15:00+00:00,2025-06-24 07:00:00+00:00,6015.5,6140.5,-500.0,-503.0,-1.0,500.0,500.0,3.0,sl,75,mean_reversion,legacy_ES_mean_reversion,test,balanced
futures,CL,momentum,short,38923,38924,38925,2025-06-23 16:15:00+00:00,2025-06-23 16:30:00+00:00,2025-06-23 16:45:00+00:00,74.16,71.94,221.9999999999999,218.9999999999999,0.7227722772277224,500.0,300.0,3.0,signal,1,momentum,legacy_CL_momentum,test,balanced
futures,GC,,short,38942,38943,38948,2025-06-24 12:00:00+00:00,2025-06-24 12:15:00+00:00,2025-06-24 13:30:00+00:00,3327.3,3310.434624981442,168.65375018558268,165.65375018558268,1.8969389435905404,168.65375018558268,84.32687509279134,3.0,tp,5,squeeze_breakout,strategy=squeeze_breakout|lookback=55|threshold=0.25|adx_min=None|adx_max=None|session=all|tp_atr=3.0|sl_atr=1.5|max_bars=96,test,new_gc_squeeze
futures,GC,,long,38990,38991,39022,2025-06-25 01:00:00+00:00,2025-06-25 01:15:00+00:00,2025-06-25 09:00:00+00:00,3344.8,3337.0583035876207,-77.4169641237957,-80.4169641237957,-1.0,154.8339282475914,77.4169641237957,3.0,sl,31,squeeze_breakout,strategy=squeeze_breakout|lookback=55|threshold=0.25|adx_min=None|adx_max=None|session=all|tp_atr=3.0|sl_atr=1.5|max_bars=96,test,new_gc_squeeze
futures,GC,,short,39036,39037,39049,2025-06-25 12:30:00+00:00,2025-06-25 12:45:00+00:00,2025-06-25 15:45:00+00:00,3333.5,3340.570070509123,-70.70070509123276,-73.70070509123276,-1.0,141.40141018246553,70.70070509123276,3.0,sl,12,squeeze_breakout,strategy=squeeze_breakout|lookback=55|threshold=0.25|adx_min=None|adx_max=None|session=all|tp_atr=3.0|sl_atr=1.5|max_bars=96,test,new_gc_squeeze
futures,GC,,long,39074,39075,39083,2025-06-25 23:00:00+00:00,2025-06-25 23:15:00+00:00,2025-06-26 01:15:00+00:00,3350.7,3344.19020469637,-65.09795303629618,-68.09795303629618,-1.0,130.19590607259235,65.09795303629618,3.0,sl,8,squeeze_breakout,strategy=squeeze_breakout|lookback=55|threshold=0.25|adx_min=None|adx_max=None|session=all|tp_atr=3.0|sl_atr=1.5|max_bars=96,test,new_gc_squeeze
futures,SI,momentum,long,39023,39024,39261,2025-06-26 13:00:00+00:00,2025-06-26 13:15:00+00:00,2025-07-01 04:15:00+00:00,36.29,36.335,9.000000000000341,6.000000000000341,0.0119284294234599,500.0,500.0,3.0,signal,237,momentum,legacy_SI_momentum,test,balanced
futures,GC,,short,39218,39219,39222,2025-06-27 12:00:00+00:00,2025-06-27 12:15:00+00:00,2025-06-27 13:00:00+00:00,3287.2,3272.696970227675,145.030297723246,142.030297723246,1.8808186153947477,145.030297723246,72.515148861623,3.0,tp,3,squeeze_breakout,strategy=squeeze_breakout|lookback=55|threshold=0.25|adx_min=None|adx_max=None|session=all|tp_atr=3.0|sl_atr=1.5|max_bars=96,test,new_gc_squeeze
futures,ZN,mean_reversion,short,39197,39198,39230,2025-06-27 18:00:00+00:00,2025-06-27 18:15:00+00:00,2025-06-30 03:15:00+00:00,111.84375,111.78125,4.0,1.0,0.0188679245283018,15.0,50.0,3.0,signal,32,mean_reversion,legacy_ZN_mean_reversion,test,balanced
futures,GC,,long,39357,39358,39375,2025-07-01 00:45:00+00:00,2025-07-01 01:00:00+00:00,2025-07-01 05:15:00+00:00,3326.6,3340.721307330622,141.2130733062223,138.2130733062223,1.8777282506523203,141.2130733062223,70.60653665311115,3.0,tp,17,squeeze_breakout,strategy=squeeze_breakout|lookback=55|threshold=0.25|adx_min=None|adx_max=None|session=all|tp_atr=3.0|sl_atr=1.5|max_bars=96,test,new_gc_squeeze
futures,CL,momentum,short,39435,39436,39441,2025-07-01 06:15:00+00:00,2025-07-01 06:30:00+00:00,2025-07-01 07:45:00+00:00,65.17,64.77,40.00000000000057,37.00000000000057,0.1221122112211239,500.0,300.0,3.0,signal,5,momentum,legacy_CL_momentum,test,balanced
futures,CL,momentum,long,39466,39467,39474,2025-07-01 14:00:00+00:00,2025-07-01 14:15:00+00:00,2025-07-01 16:00:00+00:00,65.28,65.73,45.00000000000029,42.00000000000029,0.1386138613861395,500.0,300.0,3.0,signal,7,momentum,legacy_CL_momentum,test,balanced
futures,SI,momentum,long,39306,39307,39452,2025-07-01 15:30:00+00:00,2025-07-01 15:45:00+00:00,2025-07-03 06:00:00+00:00,36.37,37.03,132.00000000000074,129.00000000000074,0.2564612326043752,500.0,500.0,3.0,signal,145,momentum,legacy_SI_momentum,test,balanced
futures,SI,momentum,long,39478,39479,39484,2025-07-03 12:30:00+00:00,2025-07-03 12:45:00+00:00,2025-07-03 14:00:00+00:00,36.63,37.015,76.9999999999996,73.9999999999996,0.1471172962226632,500.0,500.0,3.0,signal,5,momentum,legacy_SI_momentum,test,balanced
futures,GC,,short,39703,39704,39710,2025-07-06 23:15:00+00:00,2025-07-06 23:30:00+00:00,2025-07-07 01:00:00+00:00,3340.1,3329.339938466677,107.6006153332316,104.6006153332316,1.841550154044505,107.6006153332316,53.8003076666158,3.0,tp,6,squeeze_breakout,strategy=squeeze_breakout|lookback=55|threshold=0.25|adx_min=None|adx_max=None|session=all|tp_atr=3.0|sl_atr=1.5|max_bars=96,test,new_gc_squeeze
futures,SI,momentum,long,39600,39601,39620,2025-07-07 01:00:00+00:00,2025-07-07 01:15:00+00:00,2025-07-07 06:00:00+00:00,36.935,36.81,-25.0,-28.0,-0.0556660039761431,500.0,500.0,3.0,signal,19,momentum,legacy_SI_momentum,test,balanced
futures,SI,momentum,short,39652,39653,39745,2025-07-07 14:00:00+00:00,2025-07-07 14:15:00+00:00,2025-07-08 14:15:00+00:00,36.8,36.64,31.99999999999932,28.99999999999932,0.0576540755467183,500.0,500.0,3.0,signal,92,momentum,legacy_SI_momentum,test,balanced
futures,SI,momentum,short,39757,39758,40060,2025-07-08 17:15:00+00:00,2025-07-08 17:30:00+00:00,2025-07-14 01:00:00+00:00,36.785,39.285,-500.0,-503.0,-1.0,500.0,500.0,3.0,sl,302,momentum,legacy_SI_momentum,test,balanced
futures,ZN,mean_reversion,long,39897,39898,39911,2025-07-09 13:00:00+00:00,2025-07-09 13:15:00+00:00,2025-07-09 16:30:00+00:00,110.90625,111.078125,11.0,8.0,0.1509433962264151,15.0,50.0,3.0,signal,13,mean_reversion,legacy_ZN_mean_reversion,test,balanced
futures,GC,,long,39966,39967,40010,2025-07-09 19:00:00+00:00,2025-07-09 19:15:00+00:00,2025-07-10 07:00:00+00:00,3324.8,3337.746673889409,129.46673889408905,126.46673889408903,1.8671260550970168,129.46673889408905,64.73336944704452,3.0,tp,43,squeeze_breakout,strategy=squeeze_breakout|lookback=55|threshold=0.25|adx_min=None|adx_max=None|session=all|tp_atr=3.0|sl_atr=1.5|max_bars=96,test,new_gc_squeeze
futures,ES,mean_reversion,short,40071,40072,40077,2025-07-11 19:45:00+00:00,2025-07-11 20:00:00+00:00,2025-07-13 22:15:00+00:00,6299.25,6268.75,122.0,119.0,0.2365805168986083,500.0,500.0,3.0,signal,5,mean_reversion,legacy_ES_mean_reversion,test,balanced
futures,YM,mean_reversion,short,40187,40188,40235,2025-07-15 03:00:00+00:00,2025-07-15 03:15:00+00:00,2025-07-15 15:00:00+00:00,44637.0,44367.0,270.0,267.0,0.5308151093439364,500.0,500.0,3.0,signal,47,mean_reversion,legacy_YM_mean_reversion,test,balanced
futures,SI,momentum,short,40301,40302,40384,2025-07-16 15:15:00+00:00,2025-07-16 15:30:00+00:00,2025-07-17 13:00:00+00:00,38.25,37.795,90.99999999999966,87.99999999999966,0.1749502982107349,500.0,500.0,3.0,signal,82,momentum,legacy_SI_momentum,test,balanced
futures,GC,,short,40466,40467,40492,2025-07-17 06:00:00+00:00,2025-07-17 06:15:00+00:00,2025-07-17 12:30:00+00:00,3339.2,3326.4642642144977,127.35735785502264,124.35735785502264,1.8650243204460573,127.35735785502264,63.678678927511314,3.0,tp,25,squeeze_breakout,strategy=squeeze_breakout|lookback=55|threshold=0.25|adx_min=None|adx_max=None|session=all|tp_atr=3.0|sl_atr=1.5|max_bars=96,test,new_gc_squeeze
futures,SI,momentum,short,40391,40392,40844,2025-07-17 14:45:00+00:00,2025-07-17 15:00:00+00:00,2025-07-24 13:00:00+00:00,38.19,39.0,-162.00000000000043,-165.00000000000043,-0.3280318091451301,500.0,500.0,3.0,signal,452,momentum,legacy_SI_momentum,test,balanced
futures,GC,,long,40528,40529,40538,2025-07-17 22:30:00+00:00,2025-07-17 22:45:00+00:00,2025-07-18 01:00:00+00:00,3348.4,3342.383415437431,-60.16584562569085,-63.16584562569085,-1.0,120.3316912513817,60.16584562569085,3.0,sl,9,squeeze_breakout,strategy=squeeze_breakout|lookback=55|threshold=0.25|adx_min=None|adx_max=None|session=all|tp_atr=3.0|sl_atr=1.5|max_bars=96,test,new_gc_squeeze
futures,GC,,short,40741,40742,40766,2025-07-22 05:45:00+00:00,2025-07-22 06:00:00+00:00,2025-07-22 12:00:00+00:00,3399.4,3404.2861209031635,-48.8612090316322,-51.8612090316322,-1.0,97.7224180632644,48.8612090316322,3.0,sl,24,squeeze_breakout,strategy=squeeze_breakout|lookback=55|threshold=0.25|adx_min=None|adx_max=None|session=all|tp_atr=3.0|sl_atr=1.5|max_bars=96,test,new_gc_squeeze
futures,ZN,mean_reversion,short,40818,40819,40831,2025-07-23 13:15:00+00:00,2025-07-23 13:30:00+00:00,2025-07-23 16:30:00+00:00,111.15625,111.015625,9.0,6.0,0.1132075471698113,15.0,50.0,3.0,signal,12,mean_reversion,legacy_ZN_mean_reversion,test,balanced
futures,SI,momentum,short,40848,40849,40920,2025-07-24 14:00:00+00:00,2025-07-24 14:15:00+00:00,2025-07-25 09:00:00+00:00,39.29,39.075,42.99999999999926,39.99999999999926,0.0795228628230601,500.0,500.0,3.0,signal,71,momentum,legacy_SI_momentum,test,balanced
futures,GC,,short,41024,41025,41036,2025-07-25 07:30:00+00:00,2025-07-25 07:45:00+00:00,2025-07-25 10:30:00+00:00,3355.5,3344.0538823564666,114.46117643533395,111.46117643533395,1.8505742635706135,114.46117643533395,57.23058821766698,3.0,tp,11,squeeze_breakout,strategy=squeeze_breakout|lookback=55|threshold=0.25|adx_min=None|adx_max=None|session=all|tp_atr=3.0|sl_atr=1.5|max_bars=96,test,new_gc_squeeze
futures,CL,momentum,long,41104,41105,41190,2025-07-25 13:30:00+00:00,2025-07-25 13:45:00+00:00,2025-07-28 12:00:00+00:00,65.85,66.23,38.000000000000966,35.000000000000966,0.1155115511551187,500.0,300.0,3.0,signal,85,momentum,legacy_CL_momentum,test,balanced
futures,ZN,mean_reversion,short,41084,41085,41095,2025-07-28 10:45:00+00:00,2025-07-28 11:00:00+00:00,2025-07-28 13:30:00+00:00,110.9375,110.84375,6.0,3.0,0.0566037735849056,15.0,50.0,3.0,signal,10,mean_reversion,legacy_ZN_mean_reversion,test,balanced
futures,ZN,mean_reversion,long,41175,41176,41184,2025-07-29 10:30:00+00:00,2025-07-29 10:45:00+00:00,2025-07-29 12:45:00+00:00,110.890625,111.015625,8.0,5.0,0.0943396226415094,15.0,50.0,3.0,signal,8,mean_reversion,legacy_ZN_mean_reversion,test,balanced
futures,CL,momentum,short,41558,41559,41566,2025-08-01 12:00:00+00:00,2025-08-01 12:15:00+00:00,2025-08-01 14:00:00+00:00,69.07,68.45,61.99999999999904,58.99999999999904,0.1947194719471915,500.0,300.0,3.0,signal,7,momentum,legacy_CL_momentum,test,balanced
futures,SI,momentum,short,41394,41395,41403,2025-08-01 12:30:00+00:00,2025-08-01 12:45:00+00:00,2025-08-01 14:45:00+00:00,36.94,36.92,3.999999999999204,0.9999999999992042,0.0019880715705749,500.0,500.0,3.0,signal,8,momentum,legacy_SI_momentum,test,balanced
futures,CL,momentum,short,41820,41821,41844,2025-08-06 08:30:00+00:00,2025-08-06 08:45:00+00:00,2025-08-06 14:30:00+00:00,66.14,65.72,42.00000000000017,39.00000000000017,0.1287128712871292,500.0,300.0,3.0,signal,23,momentum,legacy_CL_momentum,test,balanced
futures,ES,mean_reversion,short,41682,41683,41697,2025-08-06 08:30:00+00:00,2025-08-06 08:45:00+00:00,2025-08-06 12:15:00+00:00,6345.0,6331.75,53.0,50.0,0.099403578528827,500.0,500.0,3.0,signal,14,mean_reversion,legacy_ES_mean_reversion,test,balanced
futures,ES,mean_reversion,long,41706,41707,41710,2025-08-06 14:30:00+00:00,2025-08-06 14:45:00+00:00,2025-08-06 15:30:00+00:00,6345.75,6364.25,74.0,71.0,0.1411530815109344,500.0,500.0,3.0,signal,3,mean_reversion,legacy_ES_mean_reversion,test,balanced
futures,GC,,short,42004,42005,42027,2025-08-11 00:45:00+00:00,2025-08-11 01:00:00+00:00,2025-08-11 06:30:00+00:00,3443.9,3424.390928362685,195.0907163731522,192.0907163731522,1.9104881601465955,195.0907163731522,97.5453581865761,3.0,tp,22,squeeze_breakout,strategy=squeeze_breakout|lookback=55|threshold=0.25|adx_min=None|adx_max=None|session=all|tp_atr=3.0|sl_atr=1.5|max_bars=96,test,new_gc_squeeze
futures,GC,,short,42027,42028,42046,2025-08-11 06:30:00+00:00,2025-08-11 06:45:00+00:00,2025-08-11 11:15:00+00:00,3425.5,3406.710882985615,187.89117014385016,184.89117014385016,1.9071644160657464,187.89117014385016,93.94558507192508,3.0,tp,18,squeeze_breakout,strategy=squeeze_breakout|lookback=55|threshold=0.25|adx_min=None|adx_max=None|session=all|tp_atr=3.0|sl_atr=1.5|max_bars=96,test,new_gc_squeeze
futures,GC,,short,42046,42047,42056,2025-08-11 11:15:00+00:00,2025-08-11 11:30:00+00:00,2025-08-11 13:45:00+00:00,3407.4,3416.626087223819,-92.26087223818956,-95.26087223818956,-1.0,184.52174447637915,92.26087223818956,3.0,sl,9,squeeze_breakout,strategy=squeeze_breakout|lookback=55|threshold=0.25|adx_min=None|adx_max=None|session=all|tp_atr=3.0|sl_atr=1.5|max_bars=96,test,new_gc_squeeze
futures,YM,mean_reversion,long,41987,41988,42073,2025-08-11 16:00:00+00:00,2025-08-11 16:15:00+00:00,2025-08-12 14:30:00+00:00,44264.0,44504.0,240.0,237.0,0.4711729622266402,500.0,500.0,3.0,signal,85,mean_reversion,legacy_YM_mean_reversion,test,balanced
futures,GC,,short,42084,42085,42094,2025-08-11 20:45:00+00:00,2025-08-11 22:00:00+00:00,2025-08-12 00:15:00+00:00,3393.6,3402.2246549513056,-86.24654951305591,-89.24654951305591,-1.0,172.49309902611182,86.24654951305591,3.0,sl,9,squeeze_breakout,strategy=squeeze_breakout|lookback=55|threshold=0.25|adx_min=None|adx_max=None|session=all|tp_atr=3.0|sl_atr=1.5|max_bars=96,test,new_gc_squeeze
futures,ES,mean_reversion,long,42065,42066,42067,2025-08-12 12:15:00+00:00,2025-08-12 12:30:00+00:00,2025-08-12 12:45:00+00:00,6403.0,6434.0,124.0,121.0,0.2405566600397614,500.0,500.0,3.0,signal,1,mean_reversion,legacy_ES_mean_reversion,test,balanced
futures,SI,momentum,short,42049,42050,42228,2025-08-12 15:15:00+00:00,2025-08-12 15:30:00+00:00,2025-08-14 14:00:00+00:00,38.065,38.045,3.999999999999204,0.9999999999992042,0.0019880715705749,500.0,500.0,3.0,signal,178,momentum,legacy_SI_momentum,test,balanced
futures,SI,momentum,short,42324,42325,42453,2025-08-15 15:00:00+00:00,2025-08-15 15:15:00+00:00,2025-08-19 01:15:00+00:00,38.005,37.915,18.000000000000682,15.000000000000682,0.0298210735586494,500.0,500.0,3.0,signal,128,momentum,legacy_SI_momentum,test,balanced
futures,GC,,short,42453,42454,42462,2025-08-17 22:00:00+00:00,2025-08-17 22:15:00+00:00,2025-08-18 00:15:00+00:00,3378.0,3383.44766237526,-54.47662375259718,-57.47662375259718,-1.0,108.95324750519435,54.47662375259718,3.0,sl,8,squeeze_breakout,strategy=squeeze_breakout|lookback=55|threshold=0.25|adx_min=None|adx_max=None|session=all|tp_atr=3.0|sl_atr=1.5|max_bars=96,test,new_gc_squeeze
futures,YM,mean_reversion,long,42417,42418,42529,2025-08-18 08:30:00+00:00,2025-08-18 08:45:00+00:00,2025-08-19 13:30:00+00:00,45014.0,45060.0,46.0,43.0,0.0854870775347912,500.0,500.0,3.0,signal,111,mean_reversion,legacy_YM_mean_reversion,test,balanced
futures,SI,momentum,short,42478,42479,42501,2025-08-19 07:30:00+00:00,2025-08-19 07:45:00+00:00,2025-08-19 13:15:00+00:00,38.055,37.92,26.9999999999996,23.9999999999996,0.0477137176938361,500.0,500.0,3.0,signal,22,momentum,legacy_SI_momentum,test,balanced
futures,GC,,short,42641,42642,42663,2025-08-19 23:00:00+00:00,2025-08-19 23:15:00+00:00,2025-08-20 04:30:00+00:00,3357.7,3362.5348022413264,-48.34802241326395,-51.34802241326395,-1.0,96.6960448265279,48.34802241326395,3.0,sl,21,squeeze_breakout,strategy=squeeze_breakout|lookback=55|threshold=0.25|adx_min=None|adx_max=None|session=all|tp_atr=3.0|sl_atr=1.5|max_bars=96,test,new_gc_squeeze
futures,CL,momentum,long,42745,42746,42770,2025-08-20 09:45:00+00:00,2025-08-20 10:00:00+00:00,2025-08-20 16:00:00+00:00,62.24,62.86,61.999999999999744,58.999999999999744,0.1947194719471938,500.0,300.0,3.0,signal,24,momentum,legacy_CL_momentum,test,balanced
futures,GC,,short,42877,42878,42878,2025-08-22 12:00:00+00:00,2025-08-22 12:15:00+00:00,2025-08-22 12:15:00+00:00,3366.8,3371.157969788764,-43.57969788763318,-46.57969788763318,-1.0,87.15939577526636,43.57969788763318,3.0,sl,0,squeeze_breakout,strategy=squeeze_breakout|lookback=55|threshold=0.25|adx_min=None|adx_max=None|session=all|tp_atr=3.0|sl_atr=1.5|max_bars=96,test,new_gc_squeeze
futures,ZN,mean_reversion,short,42978,42979,42993,2025-08-26 01:15:00+00:00,2025-08-26 01:30:00+00:00,2025-08-26 05:00:00+00:00,111.921875,111.8125,7.0,4.0,0.0754716981132075,15.0,50.0,3.0,signal,14,mean_reversion,legacy_ZN_mean_reversion,test,balanced
futures,ES,mean_reversion,long,42959,42960,42996,2025-08-26 05:45:00+00:00,2025-08-26 06:00:00+00:00,2025-08-26 15:00:00+00:00,6453.0,6455.75,11.0,8.0,0.0159045725646123,500.0,500.0,3.0,signal,36,mean_reversion,legacy_ES_mean_reversion,test,balanced
futures,SI,momentum,long,42936,42937,43140,2025-08-26 07:00:00+00:00,2025-08-26 07:15:00+00:00,2025-08-28 12:30:00+00:00,38.62,39.295,135.00000000000085,132.00000000000085,0.262425447316105,500.0,500.0,3.0,signal,203,momentum,legacy_SI_momentum,test,balanced
futures,CL,momentum,long,43109,43110,43289,2025-08-26 08:45:00+00:00,2025-08-26 09:00:00+00:00,2025-08-28 07:45:00+00:00,64.03,63.98,-5.000000000000426,-8.000000000000426,-0.0264026402640278,500.0,300.0,3.0,signal,179,momentum,legacy_CL_momentum,test,balanced
futures,CL,momentum,long,43293,43294,43320,2025-08-28 08:45:00+00:00,2025-08-28 09:00:00+00:00,2025-08-28 15:30:00+00:00,63.67,63.81,14.000000000000057,11.000000000000057,0.0363036303630364,500.0,300.0,3.0,signal,26,momentum,legacy_CL_momentum,test,balanced
futures,YM,mean_reversion,short,43204,43205,43249,2025-08-28 22:15:00+00:00,2025-08-28 22:30:00+00:00,2025-08-29 09:30:00+00:00,45647.0,45550.0,97.0,94.0,0.1868787276341948,500.0,500.0,3.0,signal,44,mean_reversion,legacy_YM_mean_reversion,test,balanced
futures,GC,,short,43329,43330,43336,2025-08-29 10:00:00+00:00,2025-08-29 10:15:00+00:00,2025-08-29 11:45:00+00:00,3465.6,3469.7788251734205,-41.7882517342052,-44.7882517342052,-1.0,83.57650346841041,41.7882517342052,3.0,sl,6,squeeze_breakout,strategy=squeeze_breakout|lookback=55|threshold=0.25|adx_min=None|adx_max=None|session=all|tp_atr=3.0|sl_atr=1.5|max_bars=96,test,new_gc_squeeze
futures,CL,momentum,long,43408,43409,43479,2025-08-29 14:30:00+00:00,2025-08-29 14:45:00+00:00,2025-09-01 09:15:00+00:00,64.0,64.75,75.0,72.0,0.2376237623762376,500.0,300.0,3.0,signal,70,momentum,legacy_CL_momentum,test,balanced
futures,YM,mean_reversion,short,43311,43312,43354,2025-09-01 02:00:00+00:00,2025-09-01 02:15:00+00:00,2025-09-01 12:45:00+00:00,45653.0,45550.0,103.0,100.0,0.1988071570576541,500.0,500.0,3.0,signal,42,mean_reversion,legacy_YM_mean_reversion,test,balanced
futures,SI,momentum,long,43388,43389,43398,2025-09-02 12:30:00+00:00,2025-09-02 12:45:00+00:00,2025-09-02 15:00:00+00:00,41.18,41.59,82.00000000000074,79.00000000000074,0.1570576540755482,500.0,500.0,3.0,signal,9,momentum,legacy_SI_momentum,test,balanced
futures,GC,,long,43556,43557,43560,2025-09-03 00:15:00+00:00,2025-09-03 00:30:00+00:00,2025-09-03 01:15:00+00:00,3604.8,3597.318428048413,-74.81571951587125,-77.81571951587125,-1.0,149.6314390317425,74.81571951587125,3.0,sl,3,squeeze_breakout,strategy=squeeze_breakout|lookback=55|threshold=0.25|adx_min=None|adx_max=None|session=all|tp_atr=3.0|sl_atr=1.5|max_bars=96,test,new_gc_squeeze
futures,ES,mean_reversion,short,43523,43524,43529,2025-09-03 12:45:00+00:00,2025-09-03 13:00:00+00:00,2025-09-03 14:15:00+00:00,6445.75,6438.25,30.0,27.0,0.0536779324055666,500.0,500.0,3.0,signal,5,mean_reversion,legacy_ES_mean_reversion,test,balanced
futures,ES,mean_reversion,short,43535,43536,43543,2025-09-03 15:45:00+00:00,2025-09-03 16:00:00+00:00,2025-09-03 17:45:00+00:00,6445.5,6434.25,45.0,42.0,0.0834990059642147,500.0,500.0,3.0,signal,7,mean_reversion,legacy_ES_mean_reversion,test,balanced
futures,SI,momentum,long,43507,43508,43667,2025-09-03 19:15:00+00:00,2025-09-03 19:30:00+00:00,2025-09-05 13:15:00+00:00,41.71,41.89,35.99999999999994,32.99999999999994,0.0656063618290257,500.0,500.0,3.0,signal,159,momentum,legacy_SI_momentum,test,balanced
futures,ES,mean_reversion,long,43550,43551,43557,2025-09-03 19:30:00+00:00,2025-09-03 19:45:00+00:00,2025-09-03 22:15:00+00:00,6444.25,6458.25,56.0,53.0,0.1053677932405566,500.0,500.0,3.0,signal,6,mean_reversion,legacy_ES_mean_reversion,test,balanced
futures,SI,momentum,long,43671,43672,44039,2025-09-05 14:15:00+00:00,2025-09-05 14:30:00+00:00,2025-09-11 14:15:00+00:00,41.44,41.88,88.00000000000097,85.00000000000097,0.1689860834990078,500.0,500.0,3.0,signal,367,momentum,legacy_SI_momentum,test,balanced
futures,CL,momentum,short,43916,43917,43947,2025-09-08 06:00:00+00:00,2025-09-08 06:15:00+00:00,2025-09-08 13:45:00+00:00,62.96,62.44,52.00000000000031,49.00000000000031,0.1617161716171627,500.0,300.0,3.0,signal,30,momentum,legacy_CL_momentum,test,balanced
futures,YM,mean_reversion,long,43806,43807,43831,2025-09-08 14:45:00+00:00,2025-09-08 15:00:00+00:00,2025-09-08 22:00:00+00:00,45510.0,45580.0,70.0,67.0,0.1332007952286282,500.0,500.0,3.0,signal,24,mean_reversion,legacy_YM_mean_reversion,test,balanced
futures,CL,momentum,long,44023,44024,44037,2025-09-09 09:45:00+00:00,2025-09-09 10:00:00+00:00,2025-09-09 13:15:00+00:00,62.7,63.26,55.99999999999952,52.99999999999952,0.1749174917491733,500.0,300.0,3.0,signal,13,momentum,legacy_CL_momentum,test,balanced
futures,ZN,mean_reversion,short,43934,43935,43959,2025-09-09 14:30:00+00:00,2025-09-09 14:45:00+00:00,2025-09-09 20:45:00+00:00,113.359375,113.265625,6.0,3.0,0.0566037735849056,15.0,50.0,3.0,signal,24,mean_reversion,legacy_ZN_mean_reversion,test,balanced
futures,CL,momentum,long,44048,44049,44072,2025-09-09 16:00:00+00:00,2025-09-09 16:15:00+00:00,2025-09-09 23:00:00+00:00,62.8,63.05,25.0,22.0,0.0726072607260726,500.0,300.0,3.0,signal,23,momentum,legacy_CL_momentum,test,balanced
futures,GC,,long,44053,44054,44065,2025-09-10 09:30:00+00:00,2025-09-10 09:45:00+00:00,2025-09-10 12:30:00+00:00,3689.7,3681.868456835103,-78.31543164897195,-81.31543164897195,-1.0,156.6308632979439,78.31543164897195,3.0,sl,11,squeeze_breakout,strategy=squeeze_breakout|lookback=55|threshold=0.25|adx_min=None|adx_max=None|session=all|tp_atr=3.0|sl_atr=1.5|max_bars=96,test,new_gc_squeeze
futures,GC,,short,44093,44094,44107,2025-09-10 19:30:00+00:00,2025-09-10 19:45:00+00:00,2025-09-11 00:00:00+00:00,3677.2,3684.834367753288,-76.34367753288306,-79.34367753288306,-1.0,152.68735506576613,76.34367753288306,3.0,sl,13,squeeze_breakout,strategy=squeeze_breakout|lookback=55|threshold=0.25|adx_min=None|adx_max=None|session=all|tp_atr=3.0|sl_atr=1.5|max_bars=96,test,new_gc_squeeze
futures,GC,,long,44386,44387,44387,2025-09-16 00:45:00+00:00,2025-09-16 01:00:00+00:00,2025-09-16 01:00:00+00:00,3725.4,3719.448337804842,-59.51662195157963,-62.51662195157963,-1.0,119.03324390315926,59.51662195157963,3.0,sl,0,squeeze_breakout,strategy=squeeze_breakout|lookback=55|threshold=0.25|adx_min=None|adx_max=None|session=all|tp_atr=3.0|sl_atr=1.5|max_bars=96,test,new_gc_squeeze
futures,SI,momentum,long,44316,44317,44326,2025-09-16 14:30:00+00:00,2025-09-16 14:45:00+00:00,2025-09-16 17:00:00+00:00,43.0,42.925,-15.000000000000568,-18.00000000000057,-0.0357852882703788,500.0,500.0,3.0,signal,9,momentum,legacy_SI_momentum,test,balanced
futures,CL,momentum,long,44610,44611,44677,2025-09-17 18:30:00+00:00,2025-09-17 18:45:00+00:00,2025-09-18 12:15:00+00:00,63.96,64.41,44.99999999999957,41.99999999999957,0.1386138613861372,500.0,300.0,3.0,signal,66,momentum,legacy_CL_momentum,test,balanced
futures,CL,momentum,long,44681,44682,44685,2025-09-18 13:15:00+00:00,2025-09-18 13:30:00+00:00,2025-09-18 14:15:00+00:00,64.06,64.48,42.00000000000017,39.00000000000017,0.1287128712871292,500.0,300.0,3.0,signal,3,momentum,legacy_CL_momentum,test,balanced
futures,GC,,long,44847,44848,44848,2025-09-23 01:00:00+00:00,2025-09-23 01:15:00+00:00,2025-09-23 01:15:00+00:00,3789.9,3783.4011700830174,-64.9882991698162,-67.9882991698162,-1.0,129.9765983396324,64.9882991698162,3.0,sl,0,squeeze_breakout,strategy=squeeze_breakout|lookback=55|threshold=0.25|adx_min=None|adx_max=None|session=all|tp_atr=3.0|sl_atr=1.5|max_bars=96,test,new_gc_squeeze
futures,ES,mean_reversion,long,44886,44887,45110,2025-09-24 08:30:00+00:00,2025-09-24 08:45:00+00:00,2025-09-26 18:30:00+00:00,6723.5,6696.5,-108.0,-111.0,-0.220675944333996,500.0,500.0,3.0,signal,223,mean_reversion,legacy_ES_mean_reversion,test,balanced
futures,CL,momentum,long,45142,45143,45149,2025-09-25 13:30:00+00:00,2025-09-25 13:45:00+00:00,2025-09-25 15:15:00+00:00,64.14,64.57,42.99999999999926,39.99999999999926,0.1320132013201296,500.0,300.0,3.0,signal,6,momentum,legacy_CL_momentum,test,balanced
futures,CL,momentum,long,45301,45302,45492,2025-09-29 07:15:00+00:00,2025-09-29 07:30:00+00:00,2025-10-01 09:00:00+00:00,64.95,61.95,-300.0,-303.0,-1.0,500.0,300.0,3.0,sl,190,momentum,legacy_CL_momentum,test,balanced
futures,GC,,long,45294,45295,45311,2025-09-29 20:45:00+00:00,2025-09-29 22:00:00+00:00,2025-09-30 02:00:00+00:00,3863.1,3880.55037778775,174.50377787750432,171.50377787750432,1.9002790954756887,174.50377787750432,87.25188893875216,3.0,tp,16,squeeze_breakout,strategy=squeeze_breakout|lookback=55|threshold=0.25|adx_min=None|adx_max=None|session=all|tp_atr=3.0|sl_atr=1.5|max_bars=96,test,new_gc_squeeze
futures,ES,mean_reversion,long,45273,45274,45276,2025-09-30 13:15:00+00:00,2025-09-30 13:30:00+00:00,2025-09-30 14:00:00+00:00,6706.75,6707.75,4.0,1.0,0.0019880715705765,500.0,500.0,3.0,signal,2,mean_reversion,legacy_ES_mean_reversion,test,balanced
futures,GC,,long,45400,45401,45409,2025-10-01 01:15:00+00:00,2025-10-01 01:30:00+00:00,2025-10-01 03:30:00+00:00,3893.1,3883.85351695132,-92.46483048679806,-95.46483048679806,-1.0,184.92966097359613,92.46483048679806,3.0,sl,8,squeeze_breakout,strategy=squeeze_breakout|lookback=55|threshold=0.25|adx_min=None|adx_max=None|session=all|tp_atr=3.0|sl_atr=1.5|max_bars=96,test,new_gc_squeeze
futures,ZN,mean_reversion,long,45380,45381,45396,2025-10-01 08:00:00+00:00,2025-10-01 08:15:00+00:00,2025-10-01 12:00:00+00:00,112.46875,112.625,10.0,7.0,0.1320754716981132,15.0,50.0,3.0,signal,15,mean_reversion,legacy_ZN_mean_reversion,test,balanced
futures,GC,,long,45521,45522,45539,2025-10-02 08:30:00+00:00,2025-10-02 08:45:00+00:00,2025-10-02 13:00:00+00:00,3900.5,3917.757577703047,172.5757770304665,169.5757770304665,1.8992024545583857,172.5757770304665,86.28788851523325,3.0,tp,17,squeeze_breakout,strategy=squeeze_breakout|lookback=55|threshold=0.25|adx_min=None|adx_max=None|session=all|tp_atr=3.0|sl_atr=1.5|max_bars=96,test,new_gc_squeeze
futures,GC,,long,45629,45630,45633,2025-10-03 12:30:00+00:00,2025-10-03 12:45:00+00:00,2025-10-03 13:30:00+00:00,3895.2,3912.019676908089,168.1967690808937,165.1967690808937,1.8966685771787128,168.1967690808937,84.09838454044684,3.0,tp,3,squeeze_breakout,strategy=squeeze_breakout|lookback=55|threshold=0.25|adx_min=None|adx_max=None|session=all|tp_atr=3.0|sl_atr=1.5|max_bars=96,test,new_gc_squeeze
futures,ZN,mean_reversion,short,45584,45585,45597,2025-10-03 13:00:00+00:00,2025-10-03 13:15:00+00:00,2025-10-03 16:15:00+00:00,112.828125,112.71875,7.0,4.0,0.0754716981132075,15.0,50.0,3.0,signal,12,mean_reversion,legacy_ZN_mean_reversion,test,balanced
futures,SI,momentum,long,45510,45511,45516,2025-10-03 14:00:00+00:00,2025-10-03 14:15:00+00:00,2025-10-03 15:30:00+00:00,47.34,48.26,183.9999999999989,180.9999999999989,0.3598409542743517,500.0,500.0,3.0,signal,5,momentum,legacy_SI_momentum,test,balanced
futures,GC,,long,45664,45665,45667,2025-10-05 22:15:00+00:00,2025-10-05 22:30:00+00:00,2025-10-05 23:00:00+00:00,3918.5,3935.882379577573,173.8237957757347,170.8237957757347,1.8999020128434587,173.8237957757347,86.91189788786735,3.0,tp,2,squeeze_breakout,strategy=squeeze_breakout|lookback=55|threshold=0.25|adx_min=None|adx_max=None|session=all|tp_atr=3.0|sl_atr=1.5|max_bars=96,test,new_gc_squeeze
futures,CL,momentum,long,45792,45793,45797,2025-10-06 15:00:00+00:00,2025-10-06 15:15:00+00:00,2025-10-06 16:15:00+00:00,61.44,61.87,42.99999999999997,39.99999999999997,0.1320132013201319,500.0,300.0,3.0,signal,4,momentum,legacy_CL_momentum,test,balanced
futures,SI,momentum,long,45666,45667,45874,2025-10-07 07:00:00+00:00,2025-10-07 07:15:00+00:00,2025-10-09 13:00:00+00:00,47.99,49.52,306.0000000000002,303.0000000000002,0.6023856858846923,500.0,500.0,3.0,signal,207,momentum,legacy_SI_momentum,test,balanced
futures,CL,momentum,long,45854,45855,45900,2025-10-07 07:30:00+00:00,2025-10-07 07:45:00+00:00,2025-10-07 19:00:00+00:00,61.6,61.98,37.999999999999545,34.999999999999545,0.115511551155114,500.0,300.0,3.0,signal,45,momentum,legacy_CL_momentum,test,balanced
futures,YM,mean_reversion,short,45735,45736,45739,2025-10-07 14:00:00+00:00,2025-10-07 14:15:00+00:00,2025-10-07 15:00:00+00:00,46934.0,46885.0,49.0,46.0,0.0914512922465208,500.0,500.0,3.0,signal,3,mean_reversion,legacy_YM_mean_reversion,test,balanced
futures,GC,,long,45854,45855,45867,2025-10-07 23:45:00+00:00,2025-10-08 00:00:00+00:00,2025-10-08 03:00:00+00:00,4016.3,4035.6328550105,193.3285501049953,190.3285501049953,1.9096968297290149,193.3285501049953,96.66427505249764,3.0,tp,12,squeeze_breakout,strategy=squeeze_breakout|lookback=55|threshold=0.25|adx_min=None|adx_max=None|session=all|tp_atr=3.0|sl_atr=1.5|max_bars=96,test,new_gc_squeeze
futures,ES,mean_reversion,long,45825,45826,45831,2025-10-08 13:15:00+00:00,2025-10-08 13:30:00+00:00,2025-10-08 14:45:00+00:00,6773.25,6788.25,60.0,57.0,0.1133200795228628,500.0,500.0,3.0,signal,5,mean_reversion,legacy_ES_mean_reversion,test,balanced
futures,CL,momentum,long,46048,46049,46061,2025-10-09 10:00:00+00:00,2025-10-09 10:15:00+00:00,2025-10-09 13:15:00+00:00,62.13,62.81,67.99999999999997,64.99999999999997,0.2145214521452144,500.0,300.0,3.0,signal,12,momentum,legacy_CL_momentum,test,balanced
futures,GC,,long,45998,45999,46001,2025-10-09 12:45:00+00:00,2025-10-09 13:00:00+00:00,2025-10-09 13:30:00+00:00,4072.8,4062.235165218292,-105.64834781708257,-108.64834781708257,-1.0,211.29669563416516,105.64834781708257,3.0,sl,2,squeeze_breakout,strategy=squeeze_breakout|lookback=55|threshold=0.25|adx_min=None|adx_max=None|session=all|tp_atr=3.0|sl_atr=1.5|max_bars=96,test,new_gc_squeeze
futures,SI,momentum,long,45878,45879,46009,2025-10-09 14:00:00+00:00,2025-10-09 14:15:00+00:00,2025-10-13 00:45:00+00:00,48.725,49.29,112.99999999999956,109.99999999999956,0.2186878727634185,500.0,500.0,3.0,signal,130,momentum,legacy_SI_momentum,test,balanced
futures,CL,momentum,long,46065,46066,46161,2025-10-09 14:15:00+00:00,2025-10-09 14:30:00+00:00,2025-10-10 15:15:00+00:00,62.31,59.31,-300.0,-303.0,-1.0,500.0,300.0,3.0,sl,95,momentum,legacy_CL_momentum,test,balanced
futures,ES,mean_reversion,long,46000,46001,46012,2025-10-10 11:00:00+00:00,2025-10-10 11:15:00+00:00,2025-10-10 14:00:00+00:00,6784.75,6796.75,48.0,45.0,0.0894632206759443,500.0,500.0,3.0,signal,11,mean_reversion,legacy_ES_mean_reversion,test,balanced
futures,GC,,long,46099,46100,46102,2025-10-10 15:00:00+00:00,2025-10-10 15:15:00+00:00,2025-10-10 15:45:00+00:00,4025.2,4011.519191008973,-136.80808991027413,-139.80808991027413,-1.0,273.61617982054827,136.80808991027413,3.0,sl,2,squeeze_breakout,strategy=squeeze_breakout|lookback=55|threshold=0.25|adx_min=None|adx_max=None|session=all|tp_atr=3.0|sl_atr=1.5|max_bars=96,test,new_gc_squeeze
futures,GC,,long,46151,46152,46184,2025-10-13 05:00:00+00:00,2025-10-13 05:15:00+00:00,2025-10-13 13:15:00+00:00,4080.5,4110.717509902801,302.17509902801083,299.17509902801083,1.941591646902127,302.17509902801083,151.08754951400542,3.0,tp,32,squeeze_breakout,strategy=squeeze_breakout|lookback=55|threshold=0.25|adx_min=None|adx_max=None|session=all|tp_atr=3.0|sl_atr=1.5|max_bars=96,test,new_gc_squeeze
futures,GC,,long,46184,46185,46221,2025-10-13 13:15:00+00:00,2025-10-13 13:30:00+00:00,2025-10-13 23:30:00+00:00,4110.6,4138.341917896354,277.4191789635406,274.4191789635406,1.936489830837046,277.4191789635406,138.7095894817703,3.0,tp,36,squeeze_breakout,strategy=squeeze_breakout|lookback=55|threshold=0.25|adx_min=None|adx_max=None|session=all|tp_atr=3.0|sl_atr=1.5|max_bars=96,test,new_gc_squeeze
futures,SI,momentum,long,46148,46149,46262,2025-10-14 12:30:00+00:00,2025-10-14 12:45:00+00:00,2025-10-15 18:00:00+00:00,49.585,52.085,500.0,497.0,0.9880715705765408,500.0,500.0,3.0,tp,113,momentum,legacy_SI_momentum,test,balanced
futures,GC,,long,46307,46308,46330,2025-10-14 22:00:00+00:00,2025-10-14 22:15:00+00:00,2025-10-15 03:45:00+00:00,4177.6,4207.31192705922,297.1192705921943,294.1192705921943,1.9406174343028932,297.1192705921943,148.55963529609716,3.0,tp,22,squeeze_breakout,strategy=squeeze_breakout|lookback=55|threshold=0.25|adx_min=None|adx_max=None|session=all|tp_atr=3.0|sl_atr=1.5|max_bars=96,test,new_gc_squeeze
futures,CL,momentum,short,46425,46426,46437,2025-10-15 12:15:00+00:00,2025-10-15 12:30:00+00:00,2025-10-15 15:15:00+00:00,59.17,58.41,76.00000000000051,73.00000000000051,0.2409240924092426,500.0,300.0,3.0,signal,11,momentum,legacy_CL_momentum,test,balanced
futures,GC,,long,46408,46409,46429,2025-10-16 00:15:00+00:00,2025-10-16 00:30:00+00:00,2025-10-16 05:30:00+00:00,4237.7,4223.591996516247,-141.08003483752847,-144.08003483752847,-1.0,282.16006967505695,141.08003483752847,3.0,sl,20,squeeze_breakout,strategy=squeeze_breakout|lookback=55|threshold=0.25|adx_min=None|adx_max=None|session=all|tp_atr=3.0|sl_atr=1.5|max_bars=96,test,new_gc_squeeze
futures,SI,momentum,long,46304,46305,46339,2025-10-16 05:30:00+00:00,2025-10-16 05:45:00+00:00,2025-10-16 14:15:00+00:00,51.52,52.935,282.99999999999983,279.99999999999983,0.5566600397614311,500.0,500.0,3.0,signal,34,momentum,legacy_SI_momentum,test,balanced
futures,SI,momentum,long,46380,46381,46441,2025-10-17 01:30:00+00:00,2025-10-17 01:45:00+00:00,2025-10-17 16:45:00+00:00,52.58,50.08,-500.0,-503.0,-1.0,500.0,500.0,3.0,sl,60,momentum,legacy_SI_momentum,test,balanced
futures,GC,,long,46638,46639,46641,2025-10-20 11:45:00+00:00,2025-10-20 12:00:00+00:00,2025-10-20 12:30:00+00:00,4294.6,4335.324620788349,407.24620788348943,404.24620788348943,1.9564424315175448,407.24620788348943,203.62310394174472,3.0,tp,2,squeeze_breakout,strategy=squeeze_breakout|lookback=55|threshold=0.25|adx_min=None|adx_max=None|session=all|tp_atr=3.0|sl_atr=1.5|max_bars=96,test,new_gc_squeeze
futures,GC,,long,46667,46668,46672,2025-10-20 19:00:00+00:00,2025-10-20 19:15:00+00:00,2025-10-20 20:15:00+00:00,4383.4,4363.740132028557,-196.59867971442927,-199.59867971442927,-1.0,393.1973594288585,196.59867971442927,3.0,sl,4,squeeze_breakout,strategy=squeeze_breakout|lookback=55|threshold=0.25|adx_min=None|adx_max=None|session=all|tp_atr=3.0|sl_atr=1.5|max_bars=96,test,new_gc_squeeze
futures,CL,momentum,short,46804,46805,46924,2025-10-21 15:00:00+00:00,2025-10-21 15:15:00+00:00,2025-10-22 23:00:00+00:00,57.01,60.01,-300.0,-303.0,-1.0,500.0,300.0,3.0,sl,119,momentum,legacy_CL_momentum,test,balanced
futures,ZN,mean_reversion,short,46779,46780,46852,2025-10-22 12:45:00+00:00,2025-10-22 13:00:00+00:00,2025-10-23 08:00:00+00:00,113.6875,113.578125,7.0,4.0,0.0754716981132075,15.0,50.0,3.0,signal,72,mean_reversion,legacy_ZN_mean_reversion,test,balanced
futures,GC,,long,46891,46892,46897,2025-10-23 06:00:00+00:00,2025-10-23 06:15:00+00:00,2025-10-23 07:30:00+00:00,4143.8,4119.395340710647,-244.04659289352657,-247.04659289352657,-1.0,488.09318578705313,244.04659289352657,3.0,sl,5,squeeze_breakout,strategy=squeeze_breakout|lookback=55|threshold=0.25|adx_min=None|adx_max=None|session=all|tp_atr=3.0|sl_atr=1.5|max_bars=96,test,new_gc_squeeze
futures,SI,momentum,short,46886,46887,46962,2025-10-24 13:00:00+00:00,2025-10-24 13:15:00+00:00,2025-10-27 09:00:00+00:00,48.355,47.575,155.9999999999988,152.9999999999988,0.3041749502982083,500.0,500.0,3.0,signal,75,momentum,legacy_SI_momentum,test,balanced
futures,SI,momentum,short,47073,47074,47497,2025-10-28 13:45:00+00:00,2025-10-28 14:00:00+00:00,2025-11-04 05:45:00+00:00,47.045,47.42,-75.0,-78.0,-0.1550695825049702,500.0,500.0,3.0,signal,423,momentum,legacy_SI_momentum,test,balanced
futures,CL,momentum,short,47447,47448,47693,2025-10-30 14:45:00+00:00,2025-10-30 15:00:00+00:00,2025-11-04 08:15:00+00:00,60.42,60.41,1.0000000000005116,-1.9999999999994884,-0.0066006600660049,500.0,300.0,3.0,signal,245,momentum,legacy_CL_momentum,test,balanced
futures,GC,,long,47403,47404,47429,2025-10-30 19:00:00+00:00,2025-10-30 19:15:00+00:00,2025-10-31 02:30:00+00:00,4037.0,4018.509051641725,-184.90948358275716,-187.90948358275716,-1.0,369.8189671655143,184.90948358275716,3.0,sl,25,squeeze_breakout,strategy=squeeze_breakout|lookback=55|threshold=0.25|adx_min=None|adx_max=None|session=all|tp_atr=3.0|sl_atr=1.5|max_bars=96,test,new_gc_squeeze
futures,GC,,long,47538,47539,47544,2025-11-03 07:45:00+00:00,2025-11-03 08:00:00+00:00,2025-11-03 09:15:00+00:00,4036.2,4020.522071408607,-156.77928591392433,-159.77928591392433,-1.0,313.55857182784865,156.77928591392433,3.0,sl,5,squeeze_breakout,strategy=squeeze_breakout|lookback=55|threshold=0.25|adx_min=None|adx_max=None|session=all|tp_atr=3.0|sl_atr=1.5|max_bars=96,test,new_gc_squeeze
futures,GC,,short,47595,47596,47656,2025-11-03 23:00:00+00:00,2025-11-03 23:15:00+00:00,2025-11-04 14:15:00+00:00,3998.7,3969.8487046389223,288.51295361076967,285.51295361076967,1.9388821449810016,288.51295361076967,144.25647680538484,3.0,tp,60,squeeze_breakout,strategy=squeeze_breakout|lookback=55|threshold=0.25|adx_min=None|adx_max=None|session=all|tp_atr=3.0|sl_atr=1.5|max_bars=96,test,new_gc_squeeze
futures,CL,momentum,long,47798,47799,48159,2025-11-05 11:30:00+00:00,2025-11-05 11:45:00+00:00,2025-11-11 09:45:00+00:00,60.63,60.43,-20.000000000000284,-23.000000000000284,-0.0759075907590768,500.0,300.0,3.0,signal,360,momentum,legacy_CL_momentum,test,balanced
futures,SI,momentum,short,47621,47622,47914,2025-11-05 13:45:00+00:00,2025-11-05 14:00:00+00:00,2025-11-10 18:00:00+00:00,47.77,50.27,-500.0,-503.0,-1.0,500.0,500.0,3.0,sl,292,momentum,legacy_SI_momentum,test,balanced
futures,GC,,long,47811,47812,47843,2025-11-06 07:00:00+00:00,2025-11-06 07:15:00+00:00,2025-11-06 15:00:00+00:00,4007.4,3996.606611761808,-107.93388238192668,-110.93388238192668,-1.0,215.86776476385333,107.93388238192668,3.0,sl,31,squeeze_breakout,strategy=squeeze_breakout|lookback=55|threshold=0.25|adx_min=None|adx_max=None|session=all|tp_atr=3.0|sl_atr=1.5|max_bars=96,test,new_gc_squeeze
futures,ES,mean_reversion,long,47736,47737,47750,2025-11-06 09:00:00+00:00,2025-11-06 09:15:00+00:00,2025-11-06 12:30:00+00:00,6821.0,6833.75,51.0,48.0,0.0954274353876739,500.0,500.0,3.0,signal,13,mean_reversion,legacy_ES_mean_reversion,test,balanced
futures,ES,mean_reversion,short,47756,47757,47760,2025-11-06 14:00:00+00:00,2025-11-06 14:15:00+00:00,2025-11-06 15:00:00+00:00,6822.75,6788.5,137.0,134.0,0.2664015904572565,500.0,500.0,3.0,signal,3,mean_reversion,legacy_ES_mean_reversion,test,balanced
futures,GC,,long,47902,47903,47921,2025-11-07 06:45:00+00:00,2025-11-07 07:00:00+00:00,2025-11-07 11:30:00+00:00,4014.7,4004.696934949551,-100.03065050449028,-103.03065050449028,-1.0,200.0613010089805,100.03065050449028,3.0,sl,18,squeeze_breakout,strategy=squeeze_breakout|lookback=55|threshold=0.25|adx_min=None|adx_max=None|session=all|tp_atr=3.0|sl_atr=1.5|max_bars=96,test,new_gc_squeeze
futures,ZN,mean_reversion,short,47884,47885,47927,2025-11-07 14:00:00+00:00,2025-11-07 14:15:00+00:00,2025-11-10 01:45:00+00:00,112.75,112.65625,6.0,3.0,0.0566037735849056,15.0,50.0,3.0,signal,42,mean_reversion,legacy_ZN_mean_reversion,test,balanced
futures,GC,,long,48015,48016,48025,2025-11-10 12:00:00+00:00,2025-11-10 12:15:00+00:00,2025-11-10 14:30:00+00:00,4098.0,4087.6336240061146,-103.66375993885394,-106.66375993885394,-1.0,207.32751987770789,103.66375993885394,3.0,sl,9,squeeze_breakout,strategy=squeeze_breakout|lookback=55|threshold=0.25|adx_min=None|adx_max=None|session=all|tp_atr=3.0|sl_atr=1.5|max_bars=96,test,new_gc_squeeze
futures,GC,,long,48060,48061,48072,2025-11-11 00:15:00+00:00,2025-11-11 00:30:00+00:00,2025-11-11 03:15:00+00:00,4131.4,4151.347169888499,199.47169888498772,196.47169888498772,1.912396694543926,199.47169888498772,99.73584944249389,3.0,tp,11,squeeze_breakout,strategy=squeeze_breakout|lookback=55|threshold=0.25|adx_min=None|adx_max=None|session=all|tp_atr=3.0|sl_atr=1.5|max_bars=96,test,new_gc_squeeze
futures,CL,momentum,long,48251,48252,48406,2025-11-12 09:45:00+00:00,2025-11-12 10:00:00+00:00,2025-11-14 02:30:00+00:00,60.42,60.09,-32.99999999999983,-35.99999999999983,-0.1188118811881182,500.0,300.0,3.0,signal,154,momentum,legacy_CL_momentum,test,balanced
futures,ZN,mean_reversion,short,48158,48159,48251,2025-11-12 13:30:00+00:00,2025-11-12 13:45:00+00:00,2025-11-13 13:45:00+00:00,112.859375,112.71875,9.0,6.0,0.1132075471698113,15.0,50.0,3.0,signal,92,mean_reversion,legacy_ZN_mean_reversion,test,balanced
futures,GC,,long,48274,48275,48294,2025-11-13 07:45:00+00:00,2025-11-13 08:00:00+00:00,2025-11-13 12:45:00+00:00,4224.7,4248.095974255596,233.95974255596536,230.95974255596536,1.9249874174381485,233.95974255596536,116.97987127798268,3.0,tp,19,squeeze_breakout,strategy=squeeze_breakout|lookback=55|threshold=0.25|adx_min=None|adx_max=None|session=all|tp_atr=3.0|sl_atr=1.5|max_bars=96,test,new_gc_squeeze
futures,GC,,long,48294,48295,48295,2025-11-13 12:45:00+00:00,2025-11-13 13:00:00+00:00,2025-11-13 13:00:00+00:00,4247.2,4235.354674543594,-118.453254564057,-121.453254564057,-1.0,236.906509128114,118.453254564057,3.0,sl,0,squeeze_breakout,strategy=squeeze_breakout|lookback=55|threshold=0.25|adx_min=None|adx_max=None|session=all|tp_atr=3.0|sl_atr=1.5|max_bars=96,test,new_gc_squeeze
futures,SI,momentum,long,48192,48193,48221,2025-11-13 18:30:00+00:00,2025-11-13 18:45:00+00:00,2025-11-14 02:45:00+00:00,52.265,53.155,178.0000000000001,175.0000000000001,0.3479125248508948,500.0,500.0,3.0,signal,28,momentum,legacy_SI_momentum,test,balanced
futures,GC,,short,48379,48380,48383,2025-11-14 11:00:00+00:00,2025-11-14 11:15:00+00:00,2025-11-14 12:00:00+00:00,4155.5,4127.649978952904,278.5002104709533,275.5002104709533,1.9367311540114387,278.5002104709533,139.25010523547664,3.0,tp,3,squeeze_breakout,strategy=squeeze_breakout|lookback=55|threshold=0.25|adx_min=None|adx_max=None|session=all|tp_atr=3.0|sl_atr=1.5|max_bars=96,test,new_gc_squeeze
futures,CL,momentum,long,48485,48486,48529,2025-11-16 23:15:00+00:00,2025-11-16 23:30:00+00:00,2025-11-17 10:15:00+00:00,59.47,60.08,60.99999999999994,57.99999999999994,0.1914191419141912,500.0,300.0,3.0,signal,43,momentum,legacy_CL_momentum,test,balanced
futures,CL,momentum,long,48637,48638,48645,2025-11-18 14:15:00+00:00,2025-11-18 14:30:00+00:00,2025-11-18 16:15:00+00:00,59.74,59.97,22.999999999999687,19.999999999999687,0.0660066006600649,500.0,300.0,3.0,signal,7,momentum,legacy_CL_momentum,test,balanced
futures,CL,momentum,long,48705,48706,48711,2025-11-19 08:15:00+00:00,2025-11-19 08:30:00+00:00,2025-11-19 09:45:00+00:00,60.06,60.46,39.99999999999986,36.99999999999986,0.1221122112211216,500.0,300.0,3.0,signal,5,momentum,legacy_CL_momentum,test,balanced
futures,GC,,long,48670,48671,48673,2025-11-19 14:45:00+00:00,2025-11-19 15:00:00+00:00,2025-11-19 15:30:00+00:00,4129.1,4115.349342622893,-137.5065737710743,-140.5065737710743,-1.0,275.0131475421486,137.5065737710743,3.0,sl,2,squeeze_breakout,strategy=squeeze_breakout|lookback=55|threshold=0.25|adx_min=None|adx_max=None|session=all|tp_atr=3.0|sl_atr=1.5|max_bars=96,test,new_gc_squeeze
futures,ZN,mean_reversion,short,48625,48626,48650,2025-11-19 15:15:00+00:00,2025-11-19 15:30:00+00:00,2025-11-19 21:30:00+00:00,112.75,112.65625,6.0,3.0,0.0566037735849056,15.0,50.0,3.0,signal,24,mean_reversion,legacy_ZN_mean_reversion,test,balanced
futures,SI,momentum,long,48551,48552,48710,2025-11-19 16:15:00+00:00,2025-11-19 16:30:00+00:00,2025-11-21 10:00:00+00:00,50.895,48.395,-500.0,-503.0,-1.0,500.0,500.0,3.0,sl,158,momentum,legacy_SI_momentum,test,balanced
futures,ES,mean_reversion,long,48610,48611,48620,2025-11-19 20:30:00+00:00,2025-11-19 20:45:00+00:00,2025-11-20 00:00:00+00:00,6671.75,6731.75,240.0,237.0,0.4711729622266402,500.0,500.0,3.0,signal,9,mean_reversion,legacy_ES_mean_reversion,test,balanced
futures,CL,momentum,short,48798,48799,48830,2025-11-20 08:30:00+00:00,2025-11-20 08:45:00+00:00,2025-11-20 16:30:00+00:00,59.7,59.14,56.00000000000023,53.00000000000023,0.1749174917491756,500.0,300.0,3.0,signal,31,momentum,legacy_CL_momentum,test,balanced
futures,SI,momentum,short,48737,48738,49017,2025-11-21 16:45:00+00:00,2025-11-21 17:00:00+00:00,2025-11-26 17:45:00+00:00,50.335,52.835,-500.0,-503.0,-1.0,500.0,500.0,3.0,sl,279,momentum,legacy_SI_momentum,test,balanced
futures,GC,,long,48937,48938,48961,2025-11-24 12:30:00+00:00,2025-11-24 12:45:00+00:00,2025-11-24 18:30:00+00:00,4076.5,4103.655236971327,271.5523697132696,268.5523697132696,1.9351473741024252,271.5523697132696,135.7761848566348,3.0,tp,23,squeeze_breakout,strategy=squeeze_breakout|lookback=55|threshold=0.25|adx_min=None|adx_max=None|session=all|tp_atr=3.0|sl_atr=1.5|max_bars=96,test,new_gc_squeeze
futures,CL,momentum,short,49013,49014,49093,2025-11-24 16:15:00+00:00,2025-11-24 16:30:00+00:00,2025-11-25 13:15:00+00:00,58.37,57.97,39.99999999999986,36.99999999999986,0.1221122112211216,500.0,300.0,3.0,signal,79,momentum,legacy_CL_momentum,test,balanced
futures,GC,,long,48989,48990,49008,2025-11-25 02:30:00+00:00,2025-11-25 02:45:00+00:00,2025-11-25 07:15:00+00:00,4148.4,4135.575310499141,-128.2468950085851,-131.2468950085851,-1.0,256.4937900171702,128.2468950085851,3.0,sl,18,squeeze_breakout,strategy=squeeze_breakout|lookback=55|threshold=0.25|adx_min=None|adx_max=None|session=all|tp_atr=3.0|sl_atr=1.5|max_bars=96,test,new_gc_squeeze
futures,ES,mean_reversion,short,49229,49230,49717,2025-12-01 09:45:00+00:00,2025-12-01 10:00:00+00:00,2025-12-08 16:45:00+00:00,6816.5,6857.75,-165.0,-168.0,-0.3339960238568588,500.0,500.0,3.0,signal,487,mean_reversion,legacy_ES_mean_reversion,test,balanced
futures,CL,momentum,long,49414,49415,49686,2025-12-01 16:45:00+00:00,2025-12-01 17:00:00+00:00,2025-12-04 15:45:00+00:00,59.17,59.43,25.9999999999998,22.9999999999998,0.0759075907590752,500.0,300.0,3.0,signal,271,momentum,legacy_CL_momentum,test,balanced
futures,ZN,mean_reversion,short,49472,49473,49515,2025-12-03 15:15:00+00:00,2025-12-03 15:30:00+00:00,2025-12-04 03:00:00+00:00,113.015625,112.9375,5.0,2.0,0.0377358490566037,15.0,50.0,3.0,signal,42,mean_reversion,legacy_ZN_mean_reversion,test,balanced
futures,SI,momentum,long,49626,49627,49748,2025-12-08 01:45:00+00:00,2025-12-08 02:00:00+00:00,2025-12-09 09:15:00+00:00,58.295,59.24,189.00000000000009,186.00000000000009,0.3697813121272367,500.0,500.0,3.0,signal,121,momentum,legacy_SI_momentum,test,balanced
futures,ES,mean_reversion,long,49901,49902,49915,2025-12-10 16:45:00+00:00,2025-12-10 17:00:00+00:00,2025-12-10 20:15:00+00:00,6853.5,6903.0,198.0,195.0,0.3876739562624254,500.0,500.0,3.0,signal,13,mean_reversion,legacy_ES_mean_reversion,test,balanced
futures,SI,momentum,long,50048,50049,50074,2025-12-12 15:15:00+00:00,2025-12-12 15:30:00+00:00,2025-12-12 21:45:00+00:00,63.14,62.085,-211.0,-214.0,-0.4254473161033796,500.0,500.0,3.0,end,25,momentum,legacy_SI_momentum,test,balanced
