market,symbol,phase,side,signal_index,entry_index,exit_index,signal_time,entry_time,exit_time,entry_price,exit_price,gross_units,net_units,r_multiple,tp_units,sl_units,cost_units,exit_reason,bars_held
futures,SI,momentum,long,272239,272240,272307,2022-01-10 12:30:00+00:00,2022-01-10 12:45:00+00:00,2022-01-11 06:30:00+00:00,22.36,22.68,64.00000000000006,61.00000000000006,0.1212723658051691,150,500,3.0,signal,67
futures,ES,mean_reversion,long,271252,271253,271259,2022-01-11 16:00:00+00:00,2022-01-11 16:15:00+00:00,2022-01-11 17:45:00+00:00,4661.75,4682.0,81.0,78.0,0.1550695825049702,200,500,3.0,signal,6
futures,YM,mean_reversion,long,271401,271402,271420,2022-01-11 16:15:00+00:00,2022-01-11 16:30:00+00:00,2022-01-11 21:00:00+00:00,35905.0,36131.0,226.0,223.0,0.4433399602385686,300,500,3.0,signal,18
futures,CL,momentum,short,274126,274127,274168,2022-01-20 10:15:00+00:00,2022-01-20 10:30:00+00:00,2022-01-20 20:45:00+00:00,85.75,84.68,106.99999999999932,103.99999999999932,0.2067594433399588,500,500,3.0,signal,41
futures,CL,momentum,short,274232,274233,274238,2022-01-21 13:45:00+00:00,2022-01-21 14:00:00+00:00,2022-01-21 15:15:00+00:00,85.12,84.08,104.00000000000064,101.00000000000064,0.2007952286282318,500,500,3.0,signal,5
futures,SI,momentum,short,273132,273133,273141,2022-01-24 08:15:00+00:00,2022-01-24 08:30:00+00:00,2022-01-24 10:30:00+00:00,24.315,24.125,38.000000000000256,35.000000000000256,0.0695825049701794,150,500,3.0,signal,8
futures,CL,momentum,short,274423,274424,274965,2022-01-25 15:30:00+00:00,2022-01-25 15:45:00+00:00,2022-02-02 13:00:00+00:00,84.42,89.42,-500.0,-503.0,-1.0,500,500,3.0,sl,541
futures,SI,momentum,short,273267,273268,273340,2022-01-25 19:00:00+00:00,2022-01-25 19:15:00+00:00,2022-01-26 14:15:00+00:00,23.995,23.805,38.000000000000256,35.000000000000256,0.0695825049701794,150,500,3.0,signal,72
futures,ES,mean_reversion,long,272184,272185,272222,2022-01-26 00:00:00+00:00,2022-01-26 00:15:00+00:00,2022-01-26 09:30:00+00:00,4355.5,4405.5,200.0,197.0,0.3916500994035785,200,500,3.0,tp,37
futures,SI,momentum,short,273360,273361,273362,2022-01-26 19:15:00+00:00,2022-01-26 19:30:00+00:00,2022-01-26 19:45:00+00:00,23.935,23.66,54.99999999999972,51.99999999999972,0.1033797216699795,150,500,3.0,signal,1
futures,ES,mean_reversion,short,272345,272346,272349,2022-01-27 17:15:00+00:00,2022-01-27 17:30:00+00:00,2022-01-27 18:15:00+00:00,4357.0,4307.0,200.0,197.0,0.3916500994035785,200,500,3.0,tp,3
futures,ES,mean_reversion,long,272423,272424,272434,2022-01-28 13:45:00+00:00,2022-01-28 14:00:00+00:00,2022-01-28 16:30:00+00:00,4313.75,4363.75,200.0,197.0,0.3916500994035785,200,500,3.0,tp,10
futures,SI,momentum,short,273672,273673,273875,2022-02-01 05:15:00+00:00,2022-02-01 05:30:00+00:00,2022-02-03 10:00:00+00:00,22.555,22.425,25.9999999999998,22.9999999999998,0.04572564612326,150,500,3.0,signal,202
futures,CL,momentum,short,275062,275063,275155,2022-02-03 14:15:00+00:00,2022-02-03 14:30:00+00:00,2022-02-04 14:30:00+00:00,87.69,92.69,-500.0,-503.0,-1.0,500,500,3.0,sl,92
futures,YM,mean_reversion,long,272972,272973,273149,2022-02-03 23:00:00+00:00,2022-02-03 23:15:00+00:00,2022-02-07 20:15:00+00:00,35163.0,35203.0,40.0,37.0,0.073558648111332,300,500,3.0,signal,176
futures,SI,momentum,long,274142,274143,274166,2022-02-08 07:45:00+00:00,2022-02-08 08:00:00+00:00,2022-02-08 13:45:00+00:00,22.795,22.98,36.999999999999744,33.999999999999744,0.0675944333996018,150,500,3.0,signal,23
futures,CL,momentum,long,275773,275774,275896,2022-02-15 08:00:00+00:00,2022-02-15 08:15:00+00:00,2022-02-16 15:45:00+00:00,93.42,94.25,82.99999999999983,79.99999999999983,0.1590457256461229,500,500,3.0,signal,122
futures,SI,momentum,long,274603,274604,274789,2022-02-15 08:00:00+00:00,2022-02-15 08:15:00+00:00,2022-02-17 08:30:00+00:00,23.7,23.725,5.000000000000426,2.0000000000004263,0.0039761431411539,150,500,3.0,signal,185
futures,CL,momentum,short,275940,275941,275966,2022-02-17 03:45:00+00:00,2022-02-17 04:00:00+00:00,2022-02-17 10:15:00+00:00,92.5,91.46,104.00000000000064,101.00000000000064,0.2007952286282318,500,500,3.0,signal,25
futures,SI,momentum,long,274943,274944,275015,2022-02-21 01:00:00+00:00,2022-02-21 01:15:00+00:00,2022-02-21 19:00:00+00:00,23.84,24.015,35.00000000000014,32.00000000000014,0.0636182902584495,150,500,3.0,signal,71
futures,ES,mean_reversion,long,273995,273996,274048,2022-02-22 19:45:00+00:00,2022-02-22 20:00:00+00:00,2022-02-23 10:00:00+00:00,4312.75,4335.0,89.0,86.0,0.1709741550695825,200,500,3.0,signal,52
futures,SI,momentum,long,275137,275138,275167,2022-02-23 06:00:00+00:00,2022-02-23 06:15:00+00:00,2022-02-23 13:30:00+00:00,24.065,24.295,46.000000000000085,43.000000000000085,0.0854870775347914,150,500,3.0,signal,29
futures,ES,mean_reversion,long,274077,274078,274112,2022-02-23 17:15:00+00:00,2022-02-23 17:30:00+00:00,2022-02-24 03:00:00+00:00,4304.0,4179.0,-500.0,-503.0,-1.0,200,500,3.0,sl,34
futures,SI,momentum,long,275450,275451,275540,2022-02-28 15:30:00+00:00,2022-02-28 15:45:00+00:00,2022-03-01 15:00:00+00:00,24.455,25.025,114.00000000000006,111.00000000000006,0.2206759443339961,150,500,3.0,signal,89
futures,CL,momentum,long,276934,276935,276988,2022-03-04 01:45:00+00:00,2022-03-04 02:00:00+00:00,2022-03-04 15:15:00+00:00,109.36,113.73,437.00000000000045,434.00000000000045,0.8628230616302196,500,500,3.0,signal,53
futures,ES,mean_reversion,long,274659,274660,274824,2022-03-04 01:45:00+00:00,2022-03-04 02:00:00+00:00,2022-03-07 20:00:00+00:00,4336.75,4211.75,-500.0,-503.0,-1.0,200,500,3.0,sl,164
futures,SI,momentum,long,275763,275764,275815,2022-03-04 01:45:00+00:00,2022-03-04 02:00:00+00:00,2022-03-04 14:45:00+00:00,25.225,25.675,89.99999999999986,86.99999999999986,0.1729622266401587,150,500,3.0,signal,51
futures,YM,mean_reversion,long,274807,274808,274898,2022-03-04 01:45:00+00:00,2022-03-04 02:00:00+00:00,2022-03-07 01:30:00+00:00,33611.0,33111.0,-500.0,-503.0,-1.0,300,500,3.0,sl,90
futures,CL,momentum,long,276995,276996,277001,2022-03-04 17:00:00+00:00,2022-03-04 17:15:00+00:00,2022-03-04 18:30:00+00:00,110.33,113.22,289.00000000000006,286.00000000000006,0.5685884691848908,500,500,3.0,signal,5
futures,CL,momentum,long,277115,277116,277124,2022-03-08 01:00:00+00:00,2022-03-08 01:15:00+00:00,2022-03-08 03:15:00+00:00,117.61,121.25,364.00000000000006,361.00000000000006,0.7176938369781313,500,500,3.0,signal,8
futures,SI,momentum,long,276069,276070,276647,2022-03-09 09:15:00+00:00,2022-03-09 09:30:00+00:00,2022-03-17 14:45:00+00:00,26.56,25.69,-173.9999999999995,-176.9999999999995,-0.3518886679920467,150,500,3.0,signal,577
futures,CL,momentum,long,277241,277242,277259,2022-03-09 09:30:00+00:00,2022-03-09 09:45:00+00:00,2022-03-09 14:00:00+00:00,121.91,116.91,-500.0,-503.0,-1.0,500,500,3.0,sl,17
futures,CL,momentum,short,277718,277719,277725,2022-03-16 12:45:00+00:00,2022-03-16 13:00:00+00:00,2022-03-16 14:30:00+00:00,98.62,95.68,293.9999999999998,290.9999999999998,0.5785288270377729,500,500,3.0,signal,6
futures,SI,momentum,long,276841,276842,276876,2022-03-21 17:15:00+00:00,2022-03-21 17:30:00+00:00,2022-03-22 03:00:00+00:00,25.295,25.485,37.999999999999545,34.999999999999545,0.069582504970178,150,500,3.0,signal,34
futures,SI,momentum,long,276896,276897,277012,2022-03-22 08:00:00+00:00,2022-03-22 08:15:00+00:00,2022-03-23 14:00:00+00:00,25.32,25.265,-10.999999999999943,-13.999999999999943,-0.0278330019880714,150,500,3.0,signal,115
futures,CL,momentum,long,278274,278275,278449,2022-03-24 13:45:00+00:00,2022-03-24 14:00:00+00:00,2022-03-28 11:30:00+00:00,112.92,107.92,-500.0,-503.0,-1.0,500,500,3.0,sl,174
futures,SI,momentum,short,277537,277538,277631,2022-03-31 07:15:00+00:00,2022-03-31 07:30:00+00:00,2022-04-01 07:45:00+00:00,24.945,24.865,16.00000000000037,13.00000000000037,0.0258449304174957,150,500,3.0,signal,93
futures,SI,momentum,short,277714,277715,277746,2022-04-04 05:30:00+00:00,2022-04-04 05:45:00+00:00,2022-04-04 13:30:00+00:00,24.875,24.675,39.99999999999986,36.99999999999986,0.0735586481113317,150,500,3.0,signal,31
futures,CL,momentum,short,278911,278912,279034,2022-04-04 12:00:00+00:00,2022-04-04 12:15:00+00:00,2022-04-05 19:45:00+00:00,100.92,100.4,51.9999999999996,48.9999999999996,0.0974155069582497,500,500,3.0,signal,122
futures,SI,momentum,short,277807,277808,277848,2022-04-05 05:45:00+00:00,2022-04-05 06:00:00+00:00,2022-04-05 16:00:00+00:00,24.73,24.48,50.0,47.0,0.0934393638170974,150,500,3.0,signal,40
futures,YM,mean_reversion,short,276888,276889,276896,2022-04-05 15:00:00+00:00,2022-04-05 15:15:00+00:00,2022-04-05 17:00:00+00:00,34800.0,34739.0,61.0,58.0,0.1153081510934393,300,500,3.0,signal,7
futures,SI,momentum,long,278464,278465,278520,2022-04-14 09:00:00+00:00,2022-04-14 09:15:00+00:00,2022-04-18 00:00:00+00:00,25.77,26.09,64.00000000000006,61.00000000000006,0.1212723658051691,150,500,3.0,signal,55
futures,ES,mean_reversion,long,277395,277396,277522,2022-04-14 17:45:00+00:00,2022-04-14 18:00:00+00:00,2022-04-19 03:30:00+00:00,4421.5,4405.5,-64.0,-67.0,-0.1332007952286282,200,500,3.0,signal,126
futures,SI,momentum,long,278650,278651,279029,2022-04-19 09:30:00+00:00,2022-04-19 09:45:00+00:00,2022-04-25 12:15:00+00:00,26.0,23.5,-500.0,-503.0,-1.0,150,500,3.0,sl,378
futures,ES,mean_reversion,long,278144,278145,278186,2022-04-27 22:00:00+00:00,2022-04-27 22:15:00+00:00,2022-04-28 08:30:00+00:00,4211.25,4249.5,153.0,150.0,0.2982107355864811,200,500,3.0,signal,41
futures,CL,momentum,short,280452,280453,280539,2022-04-28 06:45:00+00:00,2022-04-28 07:00:00+00:00,2022-04-29 05:30:00+00:00,101.42,106.42,-500.0,-503.0,-1.0,500,500,3.0,sl,86
futures,SI,momentum,long,279386,279387,279711,2022-04-29 12:00:00+00:00,2022-04-29 12:15:00+00:00,2022-05-05 01:15:00+00:00,23.36,23.24,-24.0000000000002,-27.0000000000002,-0.0536779324055669,150,500,3.0,signal,324
futures,SI,momentum,long,279762,279763,280404,2022-05-05 14:00:00+00:00,2022-05-05 14:15:00+00:00,2022-05-16 13:30:00+00:00,22.815,21.28,-307.0,-310.0,-0.6163021868787276,150,500,3.0,signal,641
futures,CL,momentum,long,280981,280982,280987,2022-05-06 01:00:00+00:00,2022-05-06 01:15:00+00:00,2022-05-06 02:30:00+00:00,107.34,108.65,131.00000000000023,128.00000000000023,0.2544731610337977,500,500,3.0,signal,5
futures,CL,momentum,long,281065,281066,281130,2022-05-08 23:00:00+00:00,2022-05-08 23:15:00+00:00,2022-05-09 15:15:00+00:00,109.09,104.09,-500.0,-503.0,-1.0,500,500,3.0,sl,64
futures,ES,mean_reversion,long,279035,279036,279101,2022-05-11 13:45:00+00:00,2022-05-11 14:00:00+00:00,2022-05-12 07:15:00+00:00,4027.0,3902.0,-500.0,-503.0,-1.0,200,500,3.0,sl,65
futures,SI,momentum,long,280578,280579,280673,2022-05-18 11:00:00+00:00,2022-05-18 11:15:00+00:00,2022-05-19 11:45:00+00:00,21.585,21.79,40.99999999999966,37.99999999999966,0.0755467196819078,150,500,3.0,signal,94
futures,SI,momentum,long,280769,280770,280844,2022-05-20 12:45:00+00:00,2022-05-20 13:00:00+00:00,2022-05-23 08:30:00+00:00,21.795,22.085,57.99999999999983,54.99999999999983,0.1093439363817094,150,500,3.0,signal,74
futures,SI,momentum,long,280862,280863,280957,2022-05-23 13:00:00+00:00,2022-05-23 13:15:00+00:00,2022-05-24 13:45:00+00:00,21.91,22.02,21.999999999999886,18.999999999999886,0.037773359840954,150,500,3.0,signal,94
futures,CL,momentum,long,282035,282036,282312,2022-05-23 13:15:00+00:00,2022-05-23 13:30:00+00:00,2022-05-26 13:30:00+00:00,110.18,112.13,194.9999999999989,191.9999999999989,0.3817097415506935,500,500,3.0,signal,276
futures,SI,momentum,short,281047,281048,281122,2022-05-25 13:15:00+00:00,2022-05-25 13:30:00+00:00,2022-05-26 09:00:00+00:00,21.87,21.78,17.99999999999997,14.999999999999972,0.029821073558648,150,500,3.0,signal,74
futures,ES,mean_reversion,short,279981,279982,280138,2022-05-25 20:15:00+00:00,2022-05-25 20:30:00+00:00,2022-05-27 13:30:00+00:00,3963.0,4088.0,-500.0,-503.0,-1.0,200,500,3.0,sl,156
futures,SI,momentum,long,281301,281302,281562,2022-05-30 07:45:00+00:00,2022-05-30 08:00:00+00:00,2022-06-02 06:30:00+00:00,22.145,21.96,-36.999999999999744,-39.999999999999744,-0.0795228628230611,150,500,3.0,signal,260
futures,YM,mean_reversion,long,280459,280460,280467,2022-05-31 14:45:00+00:00,2022-05-31 15:00:00+00:00,2022-05-31 16:45:00+00:00,32985.0,33116.0,131.0,128.0,0.2544731610337972,300,500,3.0,signal,7
futures,ES,mean_reversion,short,280328,280329,280403,2022-05-31 19:00:00+00:00,2022-05-31 19:15:00+00:00,2022-06-01 14:45:00+00:00,4137.75,4103.5,137.0,134.0,0.2664015904572565,200,500,3.0,signal,74
futures,CL,momentum,short,282643,282644,282691,2022-06-01 06:45:00+00:00,2022-06-01 07:00:00+00:00,2022-06-01 18:45:00+00:00,116.09,115.36,73.0000000000004,70.0000000000004,0.1391650099403586,500,500,3.0,signal,47
futures,CL,momentum,short,282756,282757,282861,2022-06-02 12:00:00+00:00,2022-06-02 12:15:00+00:00,2022-06-03 15:15:00+00:00,114.4,119.4,-500.0,-503.0,-1.0,500,500,3.0,sl,104
futures,YM,mean_reversion,long,280644,280645,280660,2022-06-02 15:00:00+00:00,2022-06-02 15:15:00+00:00,2022-06-02 19:00:00+00:00,32813.0,33027.0,214.0,211.0,0.4194831013916501,300,500,3.0,signal,15
futures,CL,momentum,long,282941,282942,282947,2022-06-06 12:15:00+00:00,2022-06-06 12:30:00+00:00,2022-06-06 13:45:00+00:00,118.34,119.46,111.99999999999903,108.99999999999903,0.216699801192841,500,500,3.0,signal,5
futures,SI,momentum,short,281867,281868,281940,2022-06-07 13:45:00+00:00,2022-06-07 14:00:00+00:00,2022-06-08 09:00:00+00:00,22.125,21.995,25.9999999999998,22.9999999999998,0.04572564612326,150,500,3.0,signal,72
futures,SI,momentum,short,281957,281958,282023,2022-06-08 13:15:00+00:00,2022-06-08 13:30:00+00:00,2022-06-09 06:45:00+00:00,22.085,22.005,16.00000000000037,13.00000000000037,0.0258449304174957,150,500,3.0,signal,65
futures,CL,momentum,long,283312,283313,283497,2022-06-10 13:00:00+00:00,2022-06-10 13:15:00+00:00,2022-06-14 13:15:00+00:00,121.42,122.71,128.9999999999992,125.9999999999992,0.2504970178926425,500,500,3.0,signal,184
futures,SI,momentum,long,282496,282497,282508,2022-06-16 10:00:00+00:00,2022-06-16 10:15:00+00:00,2022-06-16 13:00:00+00:00,21.46,21.59,25.9999999999998,22.9999999999998,0.04572564612326,150,500,3.0,signal,11
futures,CL,momentum,long,283764,283765,283778,2022-06-17 11:00:00+00:00,2022-06-17 11:15:00+00:00,2022-06-17 14:30:00+00:00,117.34,112.34,-500.0,-503.0,-1.0,500,500,3.0,sl,13
futures,SI,momentum,long,282603,282604,282772,2022-06-17 13:45:00+00:00,2022-06-17 14:00:00+00:00,2022-06-21 12:30:00+00:00,21.67,21.74,13.999999999999346,10.999999999999346,0.0218687872763406,150,500,3.0,signal,168
futures,CL,momentum,short,283927,283928,283958,2022-06-21 08:15:00+00:00,2022-06-21 08:30:00+00:00,2022-06-21 16:00:00+00:00,110.5,109.32,118.00000000000068,115.00000000000068,0.2286282306163035,500,500,3.0,signal,30
futures,CL,momentum,short,284205,284206,284329,2022-06-24 08:45:00+00:00,2022-06-24 09:00:00+00:00,2022-06-27 16:45:00+00:00,105.22,110.22,-500.0,-503.0,-1.0,500,500,3.0,sl,123
futures,CL,momentum,short,284853,284854,284857,2022-07-05 12:15:00+00:00,2022-07-05 12:30:00+00:00,2022-07-05 13:15:00+00:00,108.86,105.32,354.0000000000006,351.0000000000006,0.697813121272367,500,500,3.0,signal,3
futures,SI,momentum,short,283979,283980,284041,2022-07-11 08:45:00+00:00,2022-07-11 09:00:00+00:00,2022-07-12 01:15:00+00:00,19.26,18.81,90.00000000000057,87.00000000000057,0.1729622266401601,150,500,3.0,signal,61
futures,SI,momentum,short,284043,284044,284264,2022-07-12 01:45:00+00:00,2022-07-12 02:00:00+00:00,2022-07-14 11:00:00+00:00,19.105,18.675,85.99999999999994,82.99999999999994,0.1650099403578527,150,500,3.0,signal,220
futures,SI,momentum,long,284477,284478,284640,2022-07-18 18:15:00+00:00,2022-07-18 18:30:00+00:00,2022-07-20 13:00:00+00:00,18.7,18.735,7.000000000000028,4.000000000000028,0.0079522862823062,150,500,3.0,signal,162
futures,CL,momentum,short,285867,285868,285932,2022-07-20 14:45:00+00:00,2022-07-20 15:00:00+00:00,2022-07-21 08:00:00+00:00,99.97,97.61,235.99999999999997,232.99999999999997,0.4632206759443338,500,500,3.0,signal,64
futures,SI,momentum,long,284825,284826,284829,2022-07-22 13:15:00+00:00,2022-07-22 13:30:00+00:00,2022-07-22 14:15:00+00:00,18.655,18.835,35.99999999999994,32.99999999999994,0.0656063618290257,150,500,3.0,signal,3
futures,SI,momentum,short,284900,284901,284918,2022-07-25 09:00:00+00:00,2022-07-25 09:15:00+00:00,2022-07-25 13:30:00+00:00,18.6,18.39,42.00000000000017,39.00000000000017,0.0775347912524854,150,500,3.0,signal,17
futures,SI,momentum,long,285055,285056,285081,2022-07-27 01:45:00+00:00,2022-07-27 02:00:00+00:00,2022-07-27 08:15:00+00:00,18.495,18.67,35.00000000000014,32.00000000000014,0.0636182902584495,150,500,3.0,signal,25
futures,ZN,mean_reversion,short,284994,284995,285348,2022-07-27 19:45:00+00:00,2022-07-27 20:00:00+00:00,2022-08-02 16:15:00+00:00,120.015625,120.640625,-40.0,-43.0,-0.2810457516339869,75,150,3.0,signal,353
futures,CL,momentum,short,286481,286482,286579,2022-07-29 07:15:00+00:00,2022-07-29 07:30:00+00:00,2022-08-01 08:45:00+00:00,97.56,96.54,101.9999999999996,98.9999999999996,0.1968190854870767,500,500,3.0,signal,97
futures,YM,mean_reversion,long,284569,284570,284663,2022-08-02 15:15:00+00:00,2022-08-02 15:30:00+00:00,2022-08-03 15:45:00+00:00,32597.0,32693.0,96.0,93.0,0.1848906560636183,300,500,3.0,signal,93
futures,ES,mean_reversion,short,284430,284431,284453,2022-08-02 17:30:00+00:00,2022-08-02 17:45:00+00:00,2022-08-03 00:15:00+00:00,4109.5,4092.5,68.0,65.0,0.1292246520874751,200,500,3.0,signal,22
futures,SI,momentum,short,285553,285554,285565,2022-08-03 11:15:00+00:00,2022-08-03 11:30:00+00:00,2022-08-03 14:15:00+00:00,19.995,19.935,12.000000000000457,9.000000000000455,0.0178926441351897,150,500,3.0,signal,11
futures,SI,momentum,short,285740,285741,285743,2022-08-05 12:00:00+00:00,2022-08-05 12:15:00+00:00,2022-08-05 12:45:00+00:00,20.11,19.72,78.00000000000011,75.00000000000011,0.1491053677932408,150,500,3.0,signal,2
futures,CL,momentum,short,286968,286969,287037,2022-08-05 14:00:00+00:00,2022-08-05 14:15:00+00:00,2022-08-08 08:15:00+00:00,89.73,88.77,96.0000000000008,93.0000000000008,0.1848906560636198,500,500,3.0,signal,68
futures,YM,mean_reversion,long,284840,284841,284880,2022-08-05 14:00:00+00:00,2022-08-05 14:15:00+00:00,2022-08-08 01:00:00+00:00,32662.0,32701.0,39.0,36.0,0.0715705765407554,300,500,3.0,signal,39
futures,ES,mean_reversion,long,284703,284704,284755,2022-08-05 16:45:00+00:00,2022-08-05 17:00:00+00:00,2022-08-08 06:45:00+00:00,4136.25,4151.0,59.0,56.0,0.1113320079522862,200,500,3.0,signal,51
futures,CL,momentum,short,287059,287060,287244,2022-08-08 13:45:00+00:00,2022-08-08 14:00:00+00:00,2022-08-10 14:00:00+00:00,89.12,88.8,32.00000000000074,29.00000000000074,0.0576540755467211,500,500,3.0,signal,184
futures,SI,momentum,short,286099,286100,286121,2022-08-11 09:45:00+00:00,2022-08-11 10:00:00+00:00,2022-08-11 15:15:00+00:00,20.505,20.33,35.00000000000014,32.00000000000014,0.0636182902584495,150,500,3.0,signal,21
futures,SI,momentum,short,286201,286202,286286,2022-08-12 12:15:00+00:00,2022-08-12 12:30:00+00:00,2022-08-15 10:30:00+00:00,20.365,20.23,26.9999999999996,23.9999999999996,0.0477137176938361,150,500,3.0,signal,84
futures,CL,momentum,short,287705,287706,287711,2022-08-17 14:15:00+00:00,2022-08-17 14:30:00+00:00,2022-08-17 15:45:00+00:00,88.11,86.36,175.0,172.0,0.341948310139165,500,500,3.0,signal,5
futures,ES,mean_reversion,long,285439,285440,285541,2022-08-17 16:45:00+00:00,2022-08-17 17:00:00+00:00,2022-08-18 19:15:00+00:00,4275.0,4290.25,61.0,58.0,0.1153081510934393,200,500,3.0,signal,101
futures,CL,momentum,short,287961,287962,287979,2022-08-22 09:15:00+00:00,2022-08-22 09:30:00+00:00,2022-08-22 13:45:00+00:00,89.6,86.94,265.99999999999966,262.99999999999966,0.5228628230616296,500,500,3.0,signal,17
futures,SI,momentum,long,287029,287030,287121,2022-08-25 12:15:00+00:00,2022-08-25 12:30:00+00:00,2022-08-26 12:15:00+00:00,19.07,19.2,25.9999999999998,22.9999999999998,0.04572564612326,150,500,3.0,signal,91
futures,CL,momentum,long,288257,288258,288435,2022-08-25 14:15:00+00:00,2022-08-25 14:30:00+00:00,2022-08-29 12:45:00+00:00,94.23,94.37,14.000000000000057,11.000000000000057,0.021868787276342,500,500,3.0,signal,177
futures,SI,momentum,long,287129,287130,287580,2022-08-26 14:15:00+00:00,2022-08-26 14:30:00+00:00,2022-09-02 14:30:00+00:00,19.095,18.01,-216.99999999999943,-219.99999999999943,-0.4373757455268379,150,500,3.0,signal,450
futures,CL,momentum,short,288803,288804,288823,2022-09-02 12:45:00+00:00,2022-09-02 13:00:00+00:00,2022-09-02 17:45:00+00:00,89.29,86.97,232.00000000000077,229.00000000000077,0.4552683896620293,500,500,3.0,signal,19
futures,CL,momentum,long,289436,289437,289458,2022-09-13 12:30:00+00:00,2022-09-13 12:45:00+00:00,2022-09-13 18:00:00+00:00,87.16,87.22,6.000000000000227,3.000000000000228,0.00596421471173,500,500,3.0,signal,21
futures,CL,momentum,long,289610,289611,289798,2022-09-15 10:00:00+00:00,2022-09-15 10:15:00+00:00,2022-09-19 11:00:00+00:00,87.84,82.84,-500.0,-503.0,-1.0,500,500,3.0,sl,187
futures,ES,mean_reversion,long,287627,287628,287721,2022-09-20 15:45:00+00:00,2022-09-20 16:00:00+00:00,2022-09-21 16:15:00+00:00,3889.0,3895.25,25.0,22.0,0.0437375745526839,200,500,3.0,signal,93
futures,CL,momentum,short,290062,290063,290090,2022-09-22 08:00:00+00:00,2022-09-22 08:15:00+00:00,2022-09-22 15:00:00+00:00,84.06,83.39,67.00000000000017,64.00000000000017,0.1272365805168989,500,500,3.0,signal,27
futures,SI,momentum,long,288922,288923,289235,2022-09-23 07:30:00+00:00,2022-09-23 07:45:00+00:00,2022-09-28 16:45:00+00:00,19.55,18.815,-146.9999999999999,-149.9999999999999,-0.2982107355864808,150,500,3.0,signal,312
futures,CL,momentum,short,290431,290432,290650,2022-09-28 08:15:00+00:00,2022-09-28 08:30:00+00:00,2022-09-30 17:00:00+00:00,77.98,79.97,-198.9999999999995,-201.9999999999995,-0.4015904572564602,500,500,3.0,signal,218
futures,SI,momentum,long,289283,289284,289323,2022-09-29 05:45:00+00:00,2022-09-29 06:00:00+00:00,2022-09-29 15:45:00+00:00,18.615,18.73,23.0000000000004,20.0000000000004,0.0397614314115316,150,500,3.0,signal,39
futures,YM,mean_reversion,long,288436,288437,288527,2022-09-29 20:00:00+00:00,2022-09-29 20:15:00+00:00,2022-09-30 19:45:00+00:00,29314.0,28814.0,-500.0,-503.0,-1.0,300,500,3.0,sl,90
futures,ES,mean_reversion,long,288359,288360,288457,2022-09-30 14:45:00+00:00,2022-09-30 15:00:00+00:00,2022-10-03 16:15:00+00:00,3666.75,3671.5,19.0,16.0,0.0318091451292246,200,500,3.0,signal,97
futures,SI,momentum,long,289853,289854,290336,2022-10-07 10:15:00+00:00,2022-10-07 10:30:00+00:00,2022-10-14 16:00:00+00:00,20.65,18.15,-500.0,-503.0,-1.0,150,500,3.0,sl,482
futures,CL,momentum,short,291344,291345,291370,2022-10-12 06:30:00+00:00,2022-10-12 06:45:00+00:00,2022-10-12 13:00:00+00:00,89.69,88.53,115.99999999999966,112.99999999999966,0.2246520874751484,500,500,3.0,signal,25
futures,CL,momentum,long,291535,291536,291741,2022-10-14 08:15:00+00:00,2022-10-14 08:30:00+00:00,2022-10-18 13:45:00+00:00,88.56,83.56,-500.0,-503.0,-1.0,500,500,3.0,sl,205
futures,SI,momentum,long,290690,290691,290697,2022-10-20 12:30:00+00:00,2022-10-20 12:45:00+00:00,2022-10-20 14:15:00+00:00,18.515,18.775,51.9999999999996,48.9999999999996,0.0974155069582497,150,500,3.0,signal,6
futures,ES,mean_reversion,short,289652,289653,289658,2022-10-20 16:00:00+00:00,2022-10-20 16:15:00+00:00,2022-10-20 17:30:00+00:00,3707.75,3691.75,64.0,61.0,0.1212723658051689,200,500,3.0,signal,5
futures,YM,mean_reversion,short,289800,289801,289815,2022-10-20 16:00:00+00:00,2022-10-20 16:15:00+00:00,2022-10-20 19:45:00+00:00,30567.0,30362.0,205.0,202.0,0.4015904572564612,300,500,3.0,signal,14
futures,SI,momentum,short,290783,290784,290958,2022-10-21 12:45:00+00:00,2022-10-21 13:00:00+00:00,2022-10-25 10:30:00+00:00,18.485,18.77,-57.00000000000003,-60.00000000000003,-0.1192842942345925,150,500,3.0,signal,174
futures,CL,momentum,long,292065,292066,292272,2022-10-24 02:45:00+00:00,2022-10-24 03:00:00+00:00,2022-10-26 08:30:00+00:00,84.76,85.14,37.999999999999545,34.999999999999545,0.069582504970178,500,500,3.0,signal,206
futures,SI,momentum,short,290968,290969,291226,2022-10-25 13:00:00+00:00,2022-10-25 13:15:00+00:00,2022-10-28 08:30:00+00:00,19.015,19.14,-25.0,-28.0,-0.0556660039761431,150,500,3.0,signal,257
futures,CL,momentum,short,292614,292615,292934,2022-11-01 02:00:00+00:00,2022-11-01 02:15:00+00:00,2022-11-04 13:00:00+00:00,87.14,92.14,-500.0,-503.0,-1.0,500,500,3.0,sl,319
futures,YM,mean_reversion,short,290810,290811,290815,2022-11-04 15:30:00+00:00,2022-11-04 15:45:00+00:00,2022-11-04 16:45:00+00:00,32202.0,32023.0,179.0,176.0,0.3499005964214712,300,500,3.0,signal,4
futures,ES,mean_reversion,long,290674,290675,290711,2022-11-04 18:30:00+00:00,2022-11-04 18:45:00+00:00,2022-11-07 05:45:00+00:00,3753.0,3776.5,94.0,91.0,0.1809145129224652,200,500,3.0,signal,36
futures,SI,momentum,long,292000,292001,292071,2022-11-09 19:00:00+00:00,2022-11-09 19:15:00+00:00,2022-11-10 13:45:00+00:00,21.185,21.89,141.00000000000037,138.00000000000037,0.2743538767395633,150,500,3.0,signal,70
futures,SI,momentum,long,292151,292152,292164,2022-11-11 10:45:00+00:00,2022-11-11 11:00:00+00:00,2022-11-11 14:00:00+00:00,21.525,21.71,37.000000000000455,34.000000000000455,0.0675944333996032,150,500,3.0,signal,12
futures,CL,momentum,long,293452,293453,293463,2022-11-14 05:30:00+00:00,2022-11-14 05:45:00+00:00,2022-11-14 08:15:00+00:00,88.29,89.51,121.99999999999989,118.99999999999989,0.2365805168986081,500,500,3.0,signal,10
futures,SI,momentum,long,292237,292238,292258,2022-11-14 09:15:00+00:00,2022-11-14 09:30:00+00:00,2022-11-14 14:30:00+00:00,21.625,21.75,25.0,22.0,0.0437375745526839,150,500,3.0,signal,20
futures,ES,mean_reversion,short,291574,291575,291590,2022-11-18 14:30:00+00:00,2022-11-18 14:45:00+00:00,2022-11-18 18:30:00+00:00,3973.75,3959.5,57.0,54.0,0.1073558648111332,200,500,3.0,signal,15
futures,CL,momentum,long,294058,294059,294286,2022-11-22 19:15:00+00:00,2022-11-22 19:30:00+00:00,2022-11-25 09:45:00+00:00,80.99,79.54,-144.99999999999886,-147.99999999999886,-0.2942345924453258,500,500,3.0,signal,227
futures,CL,momentum,long,294750,294751,294756,2022-12-02 14:00:00+00:00,2022-12-02 14:15:00+00:00,2022-12-02 15:30:00+00:00,80.72,81.69,96.99999999999989,93.99999999999989,0.1868787276341946,500,500,3.0,signal,5
futures,YM,mean_reversion,long,292613,292614,292633,2022-12-02 15:00:00+00:00,2022-12-02 15:15:00+00:00,2022-12-02 20:00:00+00:00,34232.0,34448.0,216.0,213.0,0.4234592445328032,300,500,3.0,signal,19
futures,SI,momentum,long,293609,293610,293797,2022-12-05 14:00:00+00:00,2022-12-05 14:15:00+00:00,2022-12-07 15:00:00+00:00,23.025,22.845,-35.99999999999994,-38.99999999999994,-0.0775347912524849,150,500,3.0,signal,187
futures,SI,momentum,long,294074,294075,294114,2022-12-12 15:15:00+00:00,2022-12-12 15:30:00+00:00,2022-12-13 02:15:00+00:00,23.395,23.685,57.99999999999983,54.99999999999983,0.1093439363817094,150,500,3.0,signal,39
futures,SI,momentum,long,294273,294274,294279,2022-12-14 19:00:00+00:00,2022-12-14 19:15:00+00:00,2022-12-14 20:30:00+00:00,23.82,24.065,49.0000000000002,46.0000000000002,0.0914512922465212,150,500,3.0,signal,5
futures,ZN,mean_reversion,long,294309,294310,294325,2022-12-16 15:30:00+00:00,2022-12-16 15:45:00+00:00,2022-12-16 19:30:00+00:00,114.609375,114.9375,21.0,18.0,0.1176470588235294,75,150,3.0,signal,15
futures,CL,momentum,short,295743,295744,295770,2022-12-19 09:15:00+00:00,2022-12-19 09:30:00+00:00,2022-12-19 16:00:00+00:00,75.38,74.52,85.99999999999994,82.99999999999994,0.1650099403578527,500,500,3.0,signal,26
futures,SI,momentum,short,294571,294572,294582,2022-12-20 01:30:00+00:00,2022-12-20 01:45:00+00:00,2022-12-20 04:15:00+00:00,23.285,23.14,28.999999999999915,25.999999999999915,0.0516898608349898,150,500,3.0,signal,10
futures,CL,momentum,long,295829,295830,295837,2022-12-20 07:45:00+00:00,2022-12-20 08:00:00+00:00,2022-12-20 09:45:00+00:00,75.25,76.11,85.99999999999994,82.99999999999994,0.1650099403578527,500,500,3.0,signal,7
futures,SI,momentum,long,294775,294776,294907,2022-12-22 06:30:00+00:00,2022-12-22 06:45:00+00:00,2022-12-23 16:30:00+00:00,24.045,24.01,-7.000000000000028,-10.000000000000028,-0.0198807157057654,150,500,3.0,signal,131
futures,YM,mean_reversion,long,293997,293998,294013,2022-12-23 16:00:00+00:00,2022-12-23 16:15:00+00:00,2022-12-23 20:00:00+00:00,33235.0,33370.0,135.0,132.0,0.2624254473161034,300,500,3.0,signal,15
futures,CL,momentum,short,296307,296308,296318,2022-12-28 12:15:00+00:00,2022-12-28 12:30:00+00:00,2022-12-28 15:00:00+00:00,79.44,77.98,145.99999999999935,142.99999999999935,0.2842942345924441,500,500,3.0,signal,10
futures,CL,momentum,short,296430,296431,296600,2022-12-29 20:00:00+00:00,2022-12-29 20:15:00+00:00,2023-01-03 16:30:00+00:00,78.48,77.84,64.00000000000006,61.00000000000006,0.1212723658051691,500,500,3.0,signal,169
futures,SI,momentum,long,295240,295241,295265,2022-12-30 07:45:00+00:00,2022-12-30 08:00:00+00:00,2022-12-30 14:00:00+00:00,24.05,24.325,54.99999999999972,51.99999999999972,0.1033797216699795,150,500,3.0,signal,24
futures,ES,mean_reversion,long,294234,294235,294241,2022-12-30 20:15:00+00:00,2022-12-30 20:30:00+00:00,2023-01-02 23:00:00+00:00,3840.5,3890.5,200.0,197.0,0.3916500994035785,200,500,3.0,tp,6
futures,SI,momentum,long,295362,295363,295426,2023-01-03 15:15:00+00:00,2023-01-03 15:30:00+00:00,2023-01-04 08:15:00+00:00,24.305,24.465,32.00000000000003,29.00000000000003,0.0576540755467197,150,500,3.0,signal,63
futures,SI,momentum,long,295442,295443,295669,2023-01-04 12:15:00+00:00,2023-01-04 12:30:00+00:00,2023-01-09 00:00:00+00:00,24.32,24.17,-29.99999999999972,-32.99999999999972,-0.0656063618290252,150,500,3.0,signal,226
futures,ZN,mean_reversion,long,295419,295420,295504,2023-01-05 17:00:00+00:00,2023-01-05 17:15:00+00:00,2023-01-06 15:15:00+00:00,113.015625,113.71875,45.0,42.0,0.2745098039215686,75,150,3.0,signal,84
futures,CL,momentum,short,296851,296852,296857,2023-01-06 10:15:00+00:00,2023-01-06 10:30:00+00:00,2023-01-06 11:45:00+00:00,74.4,73.62,78.00000000000011,75.00000000000011,0.1491053677932408,500,500,3.0,signal,5
futures,SI,momentum,long,295737,295738,295878,2023-01-09 17:00:00+00:00,2023-01-09 17:15:00+00:00,2023-01-11 06:15:00+00:00,23.915,24.03,23.0000000000004,20.0000000000004,0.0397614314115316,150,500,3.0,signal,140
futures,SI,momentum,long,296004,296005,296072,2023-01-12 14:45:00+00:00,2023-01-12 15:00:00+00:00,2023-01-13 08:45:00+00:00,23.8,24.06,51.9999999999996,48.9999999999996,0.0974155069582497,150,500,3.0,signal,67
futures,SI,momentum,long,296076,296077,296096,2023-01-13 09:45:00+00:00,2023-01-13 10:00:00+00:00,2023-01-13 14:45:00+00:00,23.885,24.05,32.99999999999983,29.99999999999983,0.0596421471172958,150,500,3.0,signal,19
futures,SI,momentum,long,296221,296222,296513,2023-01-17 02:30:00+00:00,2023-01-17 02:45:00+00:00,2023-01-20 06:30:00+00:00,24.295,24.14,-31.000000000000227,-34.00000000000023,-0.0675944333996028,150,500,3.0,signal,291
futures,ES,mean_reversion,short,295214,295215,295248,2023-01-17 16:15:00+00:00,2023-01-17 16:30:00+00:00,2023-01-18 01:45:00+00:00,4009.5,4000.5,36.0,33.0,0.0656063618290258,200,500,3.0,signal,33
futures,CL,momentum,short,297684,297685,297968,2023-01-19 14:00:00+00:00,2023-01-19 14:15:00+00:00,2023-01-24 16:15:00+00:00,79.75,80.39,-64.00000000000006,-67.00000000000006,-0.1332007952286283,500,500,3.0,signal,283
futures,SI,momentum,long,296546,296547,296909,2023-01-20 14:45:00+00:00,2023-01-20 15:00:00+00:00,2023-01-26 13:30:00+00:00,23.88,24.03,30.000000000000423,27.000000000000423,0.0536779324055674,150,500,3.0,signal,362
futures,CL,momentum,short,298059,298060,298067,2023-01-25 16:00:00+00:00,2023-01-25 16:15:00+00:00,2023-01-25 18:00:00+00:00,80.53,79.91,62.000000000000455,59.000000000000455,0.1172962226640168,500,500,3.0,signal,7
futures,YM,mean_reversion,long,295916,295917,295929,2023-01-25 16:45:00+00:00,2023-01-25 17:00:00+00:00,2023-01-25 20:00:00+00:00,33614.0,33798.0,184.0,181.0,0.3598409542743538,300,500,3.0,signal,12
futures,CL,momentum,short,298126,298127,298250,2023-01-26 09:45:00+00:00,2023-01-26 10:00:00+00:00,2023-01-27 17:45:00+00:00,80.62,79.18,143.99999999999977,140.99999999999977,0.2803180914512918,500,500,3.0,signal,123
futures,YM,mean_reversion,short,296191,296192,296204,2023-01-30 16:30:00+00:00,2023-01-30 16:45:00+00:00,2023-01-30 19:45:00+00:00,33947.0,33854.0,93.0,90.0,0.1789264413518886,300,500,3.0,signal,12
futures,ZN,mean_reversion,short,297051,297052,297053,2023-01-31 15:00:00+00:00,2023-01-31 15:15:00+00:00,2023-01-31 15:30:00+00:00,114.46875,114.390625,5.0,2.0,0.0130718954248366,75,150,3.0,signal,1
futures,CL,momentum,long,298493,298494,298504,2023-02-01 09:30:00+00:00,2023-02-01 09:45:00+00:00,2023-02-01 12:15:00+00:00,78.9,79.59,68.99999999999977,65.99999999999977,0.1312127236580512,500,500,3.0,signal,10
futures,SI,momentum,short,297899,297900,297933,2023-02-10 08:00:00+00:00,2023-02-10 08:15:00+00:00,2023-02-10 16:30:00+00:00,22.235,22.005,46.000000000000085,43.000000000000085,0.0854870775347914,150,500,3.0,signal,33
futures,CL,momentum,long,299244,299245,299255,2023-02-13 13:15:00+00:00,2023-02-13 13:30:00+00:00,2023-02-13 16:00:00+00:00,78.92,79.48,56.00000000000023,53.00000000000023,0.1053677932405571,500,500,3.0,signal,10
futures,CL,momentum,short,299344,299345,299441,2023-02-14 15:15:00+00:00,2023-02-14 15:30:00+00:00,2023-02-15 16:30:00+00:00,79.2,77.57,163.00000000000097,160.00000000000097,0.3180914512922484,500,500,3.0,signal,96
futures,SI,momentum,short,298242,298243,298319,2023-02-16 01:45:00+00:00,2023-02-16 02:00:00+00:00,2023-02-16 21:00:00+00:00,21.74,21.57,33.99999999999963,30.99999999999963,0.061630218687872,150,500,3.0,signal,76
futures,CL,momentum,long,299504,299505,299513,2023-02-16 09:15:00+00:00,2023-02-16 09:30:00+00:00,2023-02-16 11:30:00+00:00,78.75,78.73,-1.999999999999602,-4.999999999999602,-0.0099403578528819,500,500,3.0,signal,8
futures,SI,momentum,long,298418,298419,298473,2023-02-19 23:45:00+00:00,2023-02-20 00:00:00+00:00,2023-02-20 13:30:00+00:00,21.6,21.86,51.9999999999996,48.9999999999996,0.0974155069582497,150,500,3.0,signal,54
futures,CL,momentum,short,299720,299721,299741,2023-02-20 17:15:00+00:00,2023-02-20 17:30:00+00:00,2023-02-21 02:00:00+00:00,77.25,76.85,40.00000000000057,37.00000000000057,0.0735586481113331,500,500,3.0,signal,20
futures,CL,momentum,short,299765,299766,299771,2023-02-21 08:00:00+00:00,2023-02-21 08:15:00+00:00,2023-02-21 09:30:00+00:00,77.3,76.32,98.0000000000004,95.0000000000004,0.1888667992047721,500,500,3.0,signal,5
futures,SI,momentum,long,298651,298652,299026,2023-02-22 14:30:00+00:00,2023-02-22 14:45:00+00:00,2023-02-28 17:45:00+00:00,21.76,21.11,-130.00000000000043,-133.00000000000043,-0.2644135188866807,150,500,3.0,signal,374
futures,ES,mean_reversion,short,297865,297866,297885,2023-02-27 16:00:00+00:00,2023-02-27 16:15:00+00:00,2023-02-27 21:00:00+00:00,3998.5,3988.25,41.0,38.0,0.0755467196819085,200,500,3.0,signal,19
futures,CL,momentum,long,300322,300323,300344,2023-03-01 09:15:00+00:00,2023-03-01 09:30:00+00:00,2023-03-01 14:45:00+00:00,76.82,76.94,12.000000000000457,9.000000000000455,0.0178926441351897,500,500,3.0,signal,21
futures,CL,momentum,long,300353,300354,300360,2023-03-01 17:00:00+00:00,2023-03-01 17:15:00+00:00,2023-03-01 18:45:00+00:00,76.85,77.34,49.00000000000091,46.00000000000091,0.0914512922465226,500,500,3.0,signal,6
futures,SI,momentum,short,299199,299200,299468,2023-03-02 15:00:00+00:00,2023-03-02 15:15:00+00:00,2023-03-07 13:15:00+00:00,20.975,20.875,20.000000000000284,17.000000000000284,0.0337972166998017,150,500,3.0,signal,268
futures,CL,momentum,short,300529,300530,300721,2023-03-03 15:00:00+00:00,2023-03-03 15:15:00+00:00,2023-03-07 17:00:00+00:00,77.58,77.87,-29.000000000000625,-32.000000000000625,-0.0636182902584505,500,500,3.0,signal,191
futures,ZN,mean_reversion,short,299431,299432,299444,2023-03-08 16:30:00+00:00,2023-03-08 16:45:00+00:00,2023-03-08 19:45:00+00:00,111.078125,110.9375,9.0,6.0,0.0392156862745098,75,150,3.0,signal,12
futures,CL,momentum,short,300892,300893,300901,2023-03-09 13:45:00+00:00,2023-03-09 14:00:00+00:00,2023-03-09 16:00:00+00:00,77.33,77.0,32.99999999999983,29.99999999999983,0.0596421471172958,500,500,3.0,signal,8
futures,SI,momentum,short,299657,299658,299665,2023-03-09 14:30:00+00:00,2023-03-09 14:45:00+00:00,2023-03-09 16:30:00+00:00,20.28,20.16,24.0000000000002,21.0000000000002,0.0417495029821077,150,500,3.0,signal,7
futures,CL,momentum,short,300983,300984,301066,2023-03-10 13:30:00+00:00,2023-03-10 13:45:00+00:00,2023-03-13 10:15:00+00:00,76.06,75.21,85.00000000000085,82.00000000000085,0.163021868787278,500,500,3.0,signal,82
futures,SI,momentum,long,300069,300070,300096,2023-03-16 01:30:00+00:00,2023-03-16 01:45:00+00:00,2023-03-16 08:15:00+00:00,21.805,21.99,36.999999999999744,33.999999999999744,0.0675944333996018,150,500,3.0,signal,26
futures,ES,mean_reversion,long,299223,299224,299247,2023-03-20 09:30:00+00:00,2023-03-20 09:45:00+00:00,2023-03-20 15:30:00+00:00,3939.75,3988.0,193.0,190.0,0.3777335984095427,200,500,3.0,signal,23
futures,ES,mean_reversion,short,299529,299530,299535,2023-03-23 17:00:00+00:00,2023-03-23 17:15:00+00:00,2023-03-23 18:30:00+00:00,4005.75,3955.75,200.0,197.0,0.3916500994035785,200,500,3.0,tp,5
futures,ES,mean_reversion,long,299543,299544,299638,2023-03-23 20:30:00+00:00,2023-03-23 20:45:00+00:00,2023-03-26 22:15:00+00:00,3989.5,4015.75,105.0,102.0,0.2027833001988071,200,500,3.0,signal,94
futures,CL,momentum,short,301863,301864,301889,2023-03-24 02:30:00+00:00,2023-03-24 02:45:00+00:00,2023-03-24 09:00:00+00:00,69.81,68.99,82.00000000000074,79.00000000000074,0.1570576540755482,500,500,3.0,signal,25
futures,SI,momentum,short,300754,300755,300762,2023-03-27 11:45:00+00:00,2023-03-27 12:00:00+00:00,2023-03-27 13:45:00+00:00,23.195,23.03,32.99999999999983,29.99999999999983,0.0596421471172958,150,500,3.0,signal,7
futures,SI,momentum,short,300840,300841,301769,2023-03-28 10:15:00+00:00,2023-03-28 10:30:00+00:00,2023-04-12 12:30:00+00:00,23.135,25.635,-500.0,-503.0,-1.0,150,500,3.0,sl,928
futures,CL,momentum,long,302735,302736,302767,2023-04-06 13:30:00+00:00,2023-04-06 13:45:00+00:00,2023-04-09 22:30:00+00:00,80.07,81.17,110.00000000000084,107.00000000000084,0.2127236580516915,500,500,3.0,signal,31
futures,YM,mean_reversion,long,300592,300593,300595,2023-04-06 15:45:00+00:00,2023-04-06 16:00:00+00:00,2023-04-06 16:30:00+00:00,33608.0,33651.0,43.0,40.0,0.0795228628230616,300,500,3.0,signal,2
futures,CL,momentum,short,302917,302918,303269,2023-04-11 13:00:00+00:00,2023-04-11 13:15:00+00:00,2023-04-17 09:00:00+00:00,80.44,81.87,-143.00000000000068,-146.00000000000068,-0.2902584493041763,500,500,3.0,signal,351
futures,CL,momentum,short,303273,303274,303292,2023-04-17 10:00:00+00:00,2023-04-17 10:15:00+00:00,2023-04-17 14:45:00+00:00,82.36,81.4,95.99999999999936,92.99999999999936,0.184890656063617,500,500,3.0,signal,18
futures,SI,momentum,short,302143,302144,302187,2023-04-18 14:00:00+00:00,2023-04-18 14:15:00+00:00,2023-04-19 02:00:00+00:00,25.345,25.205,28.000000000000117,25.000000000000117,0.0497017892644137,150,500,3.0,signal,43
futures,ES,mean_reversion,long,301351,301352,301533,2023-04-20 20:15:00+00:00,2023-04-20 20:30:00+00:00,2023-04-24 19:45:00+00:00,4155.0,4156.25,5.0,2.0,0.003976143141153,200,500,3.0,signal,181
futures,SI,momentum,long,302557,302558,302857,2023-04-25 02:30:00+00:00,2023-04-25 02:45:00+00:00,2023-04-30 22:15:00+00:00,25.21,25.355,28.999999999999915,25.999999999999915,0.0516898608349898,150,500,3.0,signal,299
futures,CL,momentum,short,303912,303913,303917,2023-04-26 08:45:00+00:00,2023-04-26 09:00:00+00:00,2023-04-26 10:00:00+00:00,77.75,77.29,45.999999999999375,42.999999999999375,0.08548707753479,500,500,3.0,signal,4
futures,CL,momentum,short,304207,304208,304223,2023-05-01 13:30:00+00:00,2023-05-01 13:45:00+00:00,2023-05-01 17:30:00+00:00,75.78,74.61,117.00000000000016,114.00000000000016,0.226640159045726,500,500,3.0,signal,15
futures,SI,momentum,short,303012,303013,303443,2023-05-02 14:00:00+00:00,2023-05-02 14:15:00+00:00,2023-05-09 06:45:00+00:00,25.2,25.73,-106.00000000000024,-109.00000000000024,-0.2166998011928434,150,500,3.0,signal,430
futures,CL,momentum,long,304736,304737,304772,2023-05-09 07:45:00+00:00,2023-05-09 08:00:00+00:00,2023-05-09 16:45:00+00:00,72.2,72.5,29.99999999999972,26.99999999999972,0.053677932405566,500,500,3.0,signal,35
futures,CL,momentum,long,304830,304831,304848,2023-05-10 08:15:00+00:00,2023-05-10 08:30:00+00:00,2023-05-10 12:45:00+00:00,72.64,73.6,95.99999999999936,92.99999999999936,0.184890656063617,500,500,3.0,signal,17
futures,CL,momentum,long,304916,304917,305198,2023-05-11 06:45:00+00:00,2023-05-11 07:00:00+00:00,2023-05-16 08:15:00+00:00,72.79,71.58,-121.0000000000008,-124.0000000000008,-0.2465208747514926,500,500,3.0,signal,281
futures,ES,mean_reversion,long,302713,302714,302747,2023-05-11 15:45:00+00:00,2023-05-11 16:00:00+00:00,2023-05-12 01:15:00+00:00,4140.75,4152.0,45.0,42.0,0.0834990059642147,200,500,3.0,signal,33
futures,ES,mean_reversion,long,302894,302895,302909,2023-05-15 15:00:00+00:00,2023-05-15 15:15:00+00:00,2023-05-15 18:45:00+00:00,4139.75,4147.0,29.0,26.0,0.05168986083499,200,500,3.0,signal,14
futures,ES,mean_reversion,long,302987,302988,303083,2023-05-16 15:15:00+00:00,2023-05-16 15:30:00+00:00,2023-05-17 16:15:00+00:00,4139.25,4145.25,24.0,21.0,0.0417495029821073,200,500,3.0,signal,95
futures,CL,momentum,short,305268,305269,305280,2023-05-17 02:45:00+00:00,2023-05-17 03:00:00+00:00,2023-05-17 05:45:00+00:00,71.01,70.43,57.99999999999983,54.99999999999983,0.1093439363817094,500,500,3.0,signal,11
futures,SI,momentum,short,304020,304021,304092,2023-05-17 13:00:00+00:00,2023-05-17 13:15:00+00:00,2023-05-18 08:00:00+00:00,24.015,23.66,71.00000000000009,68.00000000000009,0.1351888667992049,150,500,3.0,signal,71
futures,CL,momentum,long,305400,305401,305452,2023-05-18 12:45:00+00:00,2023-05-18 13:00:00+00:00,2023-05-19 02:45:00+00:00,72.06,72.3,23.99999999999949,20.99999999999949,0.0417495029821063,500,500,3.0,signal,51
futures,SI,momentum,short,304163,304164,304344,2023-05-19 02:45:00+00:00,2023-05-19 03:00:00+00:00,2023-05-23 02:00:00+00:00,23.81,23.675,26.9999999999996,23.9999999999996,0.0477137176938361,150,500,3.0,signal,180
futures,CL,momentum,long,305655,305656,305668,2023-05-23 07:30:00+00:00,2023-05-23 07:45:00+00:00,2023-05-23 10:45:00+00:00,71.93,72.49,55.999999999998806,52.999999999998806,0.1053677932405542,500,500,3.0,signal,12
futures,CL,momentum,long,305783,305784,305791,2023-05-24 16:30:00+00:00,2023-05-24 16:45:00+00:00,2023-05-24 18:30:00+00:00,73.36,74.36,100.0,97.0,0.1928429423459244,500,500,3.0,signal,7
futures,CL,momentum,long,305843,305844,305987,2023-05-25 08:30:00+00:00,2023-05-25 08:45:00+00:00,2023-05-28 22:30:00+00:00,73.5,73.31,-18.999999999999773,-21.999999999999773,-0.0437375745526834,500,500,3.0,signal,143
futures,SI,momentum,long,304674,304675,304676,2023-05-26 15:30:00+00:00,2023-05-26 15:45:00+00:00,2023-05-26 16:00:00+00:00,23.235,23.325,17.99999999999997,14.999999999999972,0.029821073558648,150,500,3.0,signal,1
futures,CL,momentum,long,306087,306088,306209,2023-05-30 03:00:00+00:00,2023-05-30 03:15:00+00:00,2023-05-31 10:30:00+00:00,72.76,67.76,-500.0,-503.0,-1.0,500,500,3.0,sl,121
futures,SI,momentum,long,304839,304840,304903,2023-05-30 13:15:00+00:00,2023-05-30 13:30:00+00:00,2023-05-31 06:15:00+00:00,23.25,23.44,38.000000000000256,35.000000000000256,0.0695825049701794,150,500,3.0,signal,63
futures,SI,momentum,long,304909,304910,304939,2023-05-31 07:45:00+00:00,2023-05-31 08:00:00+00:00,2023-05-31 15:15:00+00:00,23.305,23.645,67.99999999999997,64.99999999999997,0.1292246520874751,150,500,3.0,signal,29
futures,SI,momentum,long,304999,305000,305010,2023-06-01 07:15:00+00:00,2023-06-01 07:30:00+00:00,2023-06-01 10:00:00+00:00,23.47,23.525,10.999999999999943,7.999999999999943,0.0159045725646122,150,500,3.0,signal,10
futures,CL,momentum,short,306591,306592,306783,2023-06-06 14:00:00+00:00,2023-06-06 14:15:00+00:00,2023-06-08 16:00:00+00:00,71.35,69.35,200.0,197.0,0.3916500994035785,500,500,3.0,signal,191
futures,SI,momentum,short,305373,305374,305672,2023-06-07 08:45:00+00:00,2023-06-07 09:00:00+00:00,2023-06-12 14:30:00+00:00,23.615,23.985,-74.0000000000002,-77.0000000000002,-0.153081510934394,150,500,3.0,signal,298
futures,ES,mean_reversion,short,304544,304545,304842,2023-06-08 17:30:00+00:00,2023-06-08 17:45:00+00:00,2023-06-14 00:00:00+00:00,4286.5,4411.5,-500.0,-503.0,-1.0,200,500,3.0,sl,297
futures,ZN,mean_reversion,long,305849,305850,305918,2023-06-14 20:30:00+00:00,2023-06-14 20:45:00+00:00,2023-06-15 14:45:00+00:00,112.96875,113.515625,35.0,32.0,0.2091503267973856,75,150,3.0,signal,68
futures,SI,momentum,long,306112,306113,306533,2023-06-19 09:30:00+00:00,2023-06-19 09:45:00+00:00,2023-06-26 02:15:00+00:00,24.09,22.765,-264.99999999999983,-267.99999999999983,-0.5328031809145126,150,500,3.0,signal,420
futures,CL,momentum,long,307493,307494,307593,2023-06-20 12:00:00+00:00,2023-06-20 12:15:00+00:00,2023-06-21 14:00:00+00:00,71.33,71.95,62.000000000000455,59.000000000000455,0.1172962226640168,500,500,3.0,signal,99
futures,CL,momentum,long,307665,307666,308124,2023-06-22 09:00:00+00:00,2023-06-22 09:15:00+00:00,2023-06-29 08:45:00+00:00,71.81,69.9,-190.9999999999997,-193.9999999999997,-0.3856858846918482,500,500,3.0,signal,458
futures,SI,momentum,long,306734,306735,307019,2023-06-28 06:30:00+00:00,2023-06-28 06:45:00+00:00,2023-07-03 12:45:00+00:00,22.825,23.105,56.00000000000023,53.00000000000023,0.1053677932405571,150,500,3.0,signal,284
futures,CL,momentum,long,308139,308140,308145,2023-06-29 12:30:00+00:00,2023-06-29 12:45:00+00:00,2023-06-29 14:00:00+00:00,69.19,70.04,85.00000000000085,82.00000000000085,0.163021868787278,500,500,3.0,signal,5
futures,ES,mean_reversion,short,306241,306242,306272,2023-07-05 16:30:00+00:00,2023-07-05 16:45:00+00:00,2023-07-06 01:15:00+00:00,4481.0,4478.0,12.0,9.0,0.0178926441351888,200,500,3.0,signal,30
futures,CL,momentum,long,308666,308667,308672,2023-07-07 08:45:00+00:00,2023-07-07 09:00:00+00:00,2023-07-07 10:15:00+00:00,71.74,72.2,46.0000000000008,43.0000000000008,0.0854870775347928,500,500,3.0,signal,5
futures,SI,momentum,short,307376,307377,308221,2023-07-07 12:30:00+00:00,2023-07-07 12:45:00+00:00,2023-07-20 16:45:00+00:00,23.045,24.915,-373.9999999999995,-376.9999999999995,-0.7495029821073549,150,500,3.0,signal,844
futures,ES,mean_reversion,short,306433,306434,306439,2023-07-07 18:30:00+00:00,2023-07-07 18:45:00+00:00,2023-07-07 20:00:00+00:00,4461.25,4434.75,106.0,103.0,0.2047713717693837,200,500,3.0,signal,5
futures,CL,momentum,long,308852,308853,308871,2023-07-11 09:15:00+00:00,2023-07-11 09:30:00+00:00,2023-07-11 14:00:00+00:00,73.12,73.88,75.99999999999909,72.99999999999909,0.1451292246520856,500,500,3.0,signal,18
futures,CL,momentum,long,309147,309148,309155,2023-07-14 14:00:00+00:00,2023-07-14 14:15:00+00:00,2023-07-14 16:00:00+00:00,76.1,75.88,-21.999999999999886,-24.999999999999886,-0.0497017892644132,500,500,3.0,signal,7
futures,CL,momentum,short,309219,309220,309225,2023-07-17 09:00:00+00:00,2023-07-17 09:15:00+00:00,2023-07-17 10:30:00+00:00,75.45,74.16,129.00000000000065,126.00000000000064,0.2504970178926454,500,500,3.0,signal,5
futures,CL,momentum,long,309517,309518,309526,2023-07-20 14:30:00+00:00,2023-07-20 14:45:00+00:00,2023-07-20 16:45:00+00:00,75.44,75.75,31.000000000000227,28.000000000000227,0.0556660039761435,500,500,3.0,signal,8
futures,ES,mean_reversion,long,307341,307342,307426,2023-07-21 15:30:00+00:00,2023-07-21 15:45:00+00:00,2023-07-24 13:45:00+00:00,4575.0,4584.25,37.0,34.0,0.0675944333996023,200,500,3.0,signal,84
futures,SI,momentum,short,308465,308466,308672,2023-07-25 08:45:00+00:00,2023-07-25 09:00:00+00:00,2023-07-27 14:30:00+00:00,24.8,24.27,106.00000000000024,103.00000000000024,0.2047713717693841,150,500,3.0,signal,206
futures,CL,momentum,long,309866,309867,309883,2023-07-26 09:45:00+00:00,2023-07-26 10:00:00+00:00,2023-07-26 14:00:00+00:00,78.8,79.24,43.99999999999977,40.99999999999977,0.0815109343936377,500,500,3.0,signal,16
futures,CL,momentum,long,310064,310065,310071,2023-07-28 13:15:00+00:00,2023-07-28 13:30:00+00:00,2023-07-28 15:00:00+00:00,79.62,79.83,20.99999999999937,17.999999999999375,0.0357852882703764,500,500,3.0,signal,6
futures,YM,mean_reversion,short,308131,308132,308193,2023-08-01 15:00:00+00:00,2023-08-01 15:15:00+00:00,2023-08-02 07:30:00+00:00,35668.0,35601.0,67.0,64.0,0.1272365805168986,300,500,3.0,signal,61
futures,SI,momentum,short,309025,309026,309033,2023-08-02 10:45:00+00:00,2023-08-02 11:00:00+00:00,2023-08-02 12:45:00+00:00,24.545,24.415,26.00000000000051,23.00000000000051,0.0457256461232614,150,500,3.0,signal,7
futures,SI,momentum,short,309218,309219,309226,2023-08-04 13:00:00+00:00,2023-08-04 13:15:00+00:00,2023-08-04 15:00:00+00:00,23.765,23.68,17.00000000000017,14.00000000000017,0.0278330019880719,150,500,3.0,signal,7
futures,YM,mean_reversion,short,308418,308419,308422,2023-08-04 17:45:00+00:00,2023-08-04 18:00:00+00:00,2023-08-04 18:45:00+00:00,35467.0,35167.0,300.0,297.0,0.5904572564612326,300,500,3.0,tp,3
futures,CL,momentum,long,310597,310598,310785,2023-08-07 08:30:00+00:00,2023-08-07 08:45:00+00:00,2023-08-09 09:30:00+00:00,82.12,83.68,156.00000000000023,153.00000000000023,0.3041749502982112,500,500,3.0,signal,187
futures,YM,mean_reversion,long,308691,308692,308755,2023-08-09 17:00:00+00:00,2023-08-09 17:15:00+00:00,2023-08-10 10:00:00+00:00,35313.0,35381.0,68.0,65.0,0.1292246520874751,300,500,3.0,signal,63
futures,SI,momentum,short,309562,309563,309594,2023-08-10 07:00:00+00:00,2023-08-10 07:15:00+00:00,2023-08-10 15:00:00+00:00,22.885,22.76,25.0,22.0,0.0437375745526839,150,500,3.0,signal,31
futures,CL,momentum,long,310899,310900,311456,2023-08-10 15:00:00+00:00,2023-08-10 15:15:00+00:00,2023-08-18 16:15:00+00:00,83.38,81.22,-215.9999999999997,-218.9999999999997,-0.4353876739562617,500,500,3.0,signal,556
futures,ES,mean_reversion,short,308627,308628,308634,2023-08-10 15:00:00+00:00,2023-08-10 15:15:00+00:00,2023-08-10 16:45:00+00:00,4515.0,4502.5,50.0,47.0,0.0934393638170974,200,500,3.0,signal,6
futures,ES,mean_reversion,long,308642,308643,308819,2023-08-10 18:45:00+00:00,2023-08-10 19:00:00+00:00,2023-08-14 17:00:00+00:00,4501.25,4497.75,-14.0,-17.0,-0.0337972166998011,200,500,3.0,signal,176
futures,SI,momentum,short,309683,309684,309689,2023-08-11 14:15:00+00:00,2023-08-11 14:30:00+00:00,2023-08-11 15:45:00+00:00,22.86,22.715,28.999999999999915,25.999999999999915,0.0516898608349898,150,500,3.0,signal,5
futures,SI,momentum,short,309749,309750,309767,2023-08-14 07:45:00+00:00,2023-08-14 08:00:00+00:00,2023-08-14 12:15:00+00:00,22.805,22.685,24.0000000000002,21.0000000000002,0.0417495029821077,150,500,3.0,signal,17
futures,CL,momentum,long,311475,311476,311490,2023-08-20 22:00:00+00:00,2023-08-20 22:15:00+00:00,2023-08-21 01:45:00+00:00,80.61,81.16,54.99999999999972,51.99999999999972,0.1033797216699795,500,500,3.0,signal,14
futures,SI,momentum,long,310184,310185,310190,2023-08-21 01:30:00+00:00,2023-08-21 01:45:00+00:00,2023-08-21 03:00:00+00:00,22.74,22.895,31.000000000000227,28.000000000000227,0.0556660039761435,150,500,3.0,signal,5
futures,CL,momentum,long,311538,311539,311546,2023-08-21 13:45:00+00:00,2023-08-21 14:00:00+00:00,2023-08-21 15:45:00+00:00,80.89,81.15,26.00000000000051,23.00000000000051,0.0457256461232614,500,500,3.0,signal,7
futures,ES,mean_reversion,long,309278,309279,309288,2023-08-21 16:45:00+00:00,2023-08-21 17:00:00+00:00,2023-08-21 19:15:00+00:00,4392.5,4413.75,85.0,82.0,0.1630218687872763,200,500,3.0,signal,9
futures,CL,momentum,long,311987,311988,311998,2023-08-28 11:00:00+00:00,2023-08-28 11:15:00+00:00,2023-08-28 13:45:00+00:00,79.69,80.74,104.99999999999972,101.99999999999972,0.2027833001988065,500,500,3.0,signal,10
futures,ZN,mean_reversion,short,310667,310668,311047,2023-08-28 14:00:00+00:00,2023-08-28 14:15:00+00:00,2023-09-01 17:00:00+00:00,109.515625,110.59375,-69.0,-72.0,-0.4705882352941176,75,150,3.0,signal,379
futures,ES,mean_reversion,short,309733,309734,310208,2023-08-28 15:30:00+00:00,2023-08-28 15:45:00+00:00,2023-09-05 00:15:00+00:00,4427.0,4516.5,-358.0,-361.0,-0.7176938369781312,200,500,3.0,signal,474
futures,SI,momentum,long,310774,310775,310785,2023-08-29 11:00:00+00:00,2023-08-29 11:15:00+00:00,2023-08-29 13:45:00+00:00,24.26,24.32,11.999999999999744,8.999999999999744,0.0178926441351883,150,500,3.0,signal,10
futures,CL,momentum,long,312089,312090,312096,2023-08-29 13:30:00+00:00,2023-08-29 13:45:00+00:00,2023-08-29 15:15:00+00:00,79.96,80.39,43.00000000000068,40.00000000000068,0.0795228628230629,500,500,3.0,signal,6
futures,SI,momentum,long,310996,310997,311538,2023-09-01 13:45:00+00:00,2023-09-01 14:00:00+00:00,2023-09-11 13:45:00+00:00,24.77,23.455,-263.0000000000002,-266.0000000000002,-0.5288270377733603,150,500,3.0,signal,541
futures,CL,momentum,long,312610,312611,312619,2023-09-06 08:15:00+00:00,2023-09-06 08:30:00+00:00,2023-09-06 10:30:00+00:00,85.97,86.4,43.00000000000068,40.00000000000068,0.0795228628230629,500,500,3.0,signal,8
futures,CL,momentum,long,312735,312736,312821,2023-09-07 16:30:00+00:00,2023-09-07 16:45:00+00:00,2023-09-08 15:00:00+00:00,86.78,87.65,87.00000000000045,84.00000000000045,0.1669980119284303,500,500,3.0,signal,85
futures,SI,momentum,long,311598,311599,311877,2023-09-12 05:45:00+00:00,2023-09-12 06:00:00+00:00,2023-09-15 06:30:00+00:00,23.355,23.345,-2.0000000000003126,-5.000000000000313,-0.0099403578528833,150,500,3.0,signal,278
futures,CL,momentum,long,313273,313274,313279,2023-09-15 13:00:00+00:00,2023-09-15 13:15:00+00:00,2023-09-15 14:30:00+00:00,89.78,90.33,54.99999999999972,51.99999999999972,0.1033797216699795,500,500,3.0,signal,5
futures,CL,momentum,long,313313,313314,313364,2023-09-18 00:00:00+00:00,2023-09-18 00:15:00+00:00,2023-09-18 12:45:00+00:00,90.17,90.99,81.99999999999932,78.99999999999932,0.1570576540755453,500,500,3.0,signal,50
futures,CL,momentum,long,313380,313381,313388,2023-09-18 16:45:00+00:00,2023-09-18 17:00:00+00:00,2023-09-18 18:45:00+00:00,90.34,90.53,18.999999999999773,15.999999999999773,0.0318091451292242,500,500,3.0,signal,7
futures,SI,momentum,long,312091,312092,312182,2023-09-19 14:00:00+00:00,2023-09-19 14:15:00+00:00,2023-09-20 13:45:00+00:00,23.41,23.69,56.00000000000023,53.00000000000023,0.1053677932405571,150,500,3.0,signal,90
futures,SI,momentum,short,312261,312262,312268,2023-09-21 10:30:00+00:00,2023-09-21 10:45:00+00:00,2023-09-21 12:15:00+00:00,23.52,23.335,36.999999999999744,33.999999999999744,0.0675944333996018,150,500,3.0,signal,6
futures,CL,momentum,long,313652,313653,313720,2023-09-21 15:45:00+00:00,2023-09-21 16:00:00+00:00,2023-09-22 09:45:00+00:00,89.89,90.55,65.99999999999966,62.99999999999966,0.1252485089463214,500,500,3.0,signal,67
futures,CL,momentum,short,313837,313838,313892,2023-09-25 16:00:00+00:00,2023-09-25 16:15:00+00:00,2023-09-26 06:45:00+00:00,89.93,88.76,117.00000000000016,114.00000000000016,0.226640159045726,500,500,3.0,signal,54
futures,SI,momentum,short,312735,312736,312741,2023-09-28 14:00:00+00:00,2023-09-28 14:15:00+00:00,2023-09-28 15:30:00+00:00,22.94,22.705,47.0000000000006,44.0000000000006,0.0874751491053689,150,500,3.0,signal,5
futures,ES,mean_reversion,short,311841,311842,311942,2023-09-28 17:30:00+00:00,2023-09-28 17:45:00+00:00,2023-09-29 19:45:00+00:00,4331.0,4322.5,34.0,31.0,0.0616302186878727,200,500,3.0,signal,100
futures,CL,momentum,short,314181,314182,314197,2023-09-29 10:00:00+00:00,2023-09-29 10:15:00+00:00,2023-09-29 14:00:00+00:00,92.42,91.43,98.99999999999947,95.99999999999947,0.1908548707753469,500,500,3.0,signal,15
futures,CL,momentum,short,314275,314276,314285,2023-10-02 10:30:00+00:00,2023-10-02 10:45:00+00:00,2023-10-02 13:00:00+00:00,91.69,90.76,92.99999999999926,89.99999999999926,0.1789264413518872,500,500,3.0,signal,9
futures,ES,mean_reversion,long,312380,312381,312386,2023-10-06 14:15:00+00:00,2023-10-06 14:30:00+00:00,2023-10-06 15:45:00+00:00,4275.75,4325.75,200.0,197.0,0.3916500994035785,200,500,3.0,tp,5
futures,CL,momentum,short,315089,315090,315374,2023-10-13 07:00:00+00:00,2023-10-13 07:15:00+00:00,2023-10-18 09:15:00+00:00,84.32,89.32,-500.0,-503.0,-1.0,500,500,3.0,sl,284
futures,ZN,mean_reversion,short,313779,313780,313811,2023-10-13 14:00:00+00:00,2023-10-13 14:15:00+00:00,2023-10-15 23:00:00+00:00,107.703125,107.546875,10.0,7.0,0.0457516339869281,75,150,3.0,signal,31
futures,SI,momentum,long,313883,313884,313915,2023-10-17 02:00:00+00:00,2023-10-17 02:15:00+00:00,2023-10-17 10:00:00+00:00,22.57,22.88,61.999999999999744,58.999999999999744,0.1172962226640153,150,500,3.0,signal,31
futures,ES,mean_reversion,short,313037,313038,313101,2023-10-17 17:30:00+00:00,2023-10-17 17:45:00+00:00,2023-10-18 10:30:00+00:00,4399.75,4382.0,71.0,68.0,0.1351888667992047,200,500,3.0,signal,63
futures,SI,momentum,long,314096,314097,314183,2023-10-19 09:15:00+00:00,2023-10-19 09:30:00+00:00,2023-10-20 08:00:00+00:00,23.01,23.235,44.99999999999957,41.99999999999957,0.0834990059642138,150,500,3.0,signal,86
futures,CL,momentum,long,315586,315587,315763,2023-10-20 16:45:00+00:00,2023-10-20 17:00:00+00:00,2023-10-24 15:00:00+00:00,88.51,83.51,-500.0,-503.0,-1.0,500,500,3.0,sl,176
futures,SI,momentum,short,314339,314340,314369,2023-10-24 01:00:00+00:00,2023-10-24 01:15:00+00:00,2023-10-24 08:30:00+00:00,23.26,23.165,19.000000000000483,16.000000000000483,0.0318091451292256,150,500,3.0,signal,29
futures,ES,mean_reversion,long,313500,313501,313509,2023-10-24 18:15:00+00:00,2023-10-24 18:30:00+00:00,2023-10-24 20:30:00+00:00,4264.5,4271.0,26.0,23.0,0.0457256461232604,200,500,3.0,signal,8
futures,SI,momentum,short,314482,314483,314488,2023-10-25 13:45:00+00:00,2023-10-25 14:00:00+00:00,2023-10-25 15:15:00+00:00,23.11,22.935,35.00000000000014,32.00000000000014,0.0636182902584495,150,500,3.0,signal,5
futures,CL,momentum,long,315922,315923,316016,2023-10-26 08:45:00+00:00,2023-10-26 09:00:00+00:00,2023-10-27 09:15:00+00:00,84.87,85.19,31.99999999999932,28.99999999999932,0.0576540755467183,500,500,3.0,signal,93
futures,SI,momentum,long,314561,314562,314743,2023-10-26 10:30:00+00:00,2023-10-26 10:45:00+00:00,2023-10-30 10:00:00+00:00,23.125,23.34,42.99999999999997,39.99999999999997,0.0795228628230615,150,500,3.0,signal,181
futures,CL,momentum,long,316026,316027,316051,2023-10-27 11:45:00+00:00,2023-10-27 12:00:00+00:00,2023-10-27 18:00:00+00:00,84.36,85.74,137.99999999999957,134.99999999999957,0.2683896620278321,500,500,3.0,signal,24
futures,CL,momentum,long,316064,316065,316485,2023-10-29 22:15:00+00:00,2023-10-29 22:30:00+00:00,2023-11-03 11:30:00+00:00,84.22,82.87,-134.99999999999943,-137.99999999999943,-0.2743538767395615,500,500,3.0,signal,420
futures,SI,momentum,short,314944,314945,314950,2023-11-01 14:15:00+00:00,2023-11-01 14:30:00+00:00,2023-11-01 15:45:00+00:00,23.07,22.865,41.00000000000037,38.00000000000037,0.0755467196819092,150,500,3.0,signal,5
futures,CL,momentum,short,316563,316564,316604,2023-11-06 09:00:00+00:00,2023-11-06 09:15:00+00:00,2023-11-06 19:15:00+00:00,81.92,81.05,87.00000000000045,84.00000000000045,0.1669980119284303,500,500,3.0,signal,40
futures,SI,momentum,long,315757,315758,315766,2023-11-14 11:30:00+00:00,2023-11-14 11:45:00+00:00,2023-11-14 13:45:00+00:00,22.405,22.765,71.99999999999989,68.99999999999989,0.1371769383697811,150,500,3.0,signal,8
futures,ES,mean_reversion,short,315052,315053,315604,2023-11-16 16:00:00+00:00,2023-11-16 16:15:00+00:00,2023-11-27 00:45:00+00:00,4511.5,4558.75,-189.0,-192.0,-0.3817097415506958,200,500,3.0,signal,551
futures,SI,momentum,short,316170,316171,316467,2023-11-20 23:45:00+00:00,2023-11-21 00:00:00+00:00,2023-11-24 07:30:00+00:00,23.64,23.615,5.000000000000426,2.0000000000004263,0.0039761431411539,150,500,3.0,signal,296
futures,CL,momentum,long,317669,317670,317865,2023-11-22 09:30:00+00:00,2023-11-22 09:45:00+00:00,2023-11-24 15:00:00+00:00,77.32,76.72,-59.99999999999943,-62.99999999999943,-0.1252485089463209,500,500,3.0,signal,195
futures,CL,momentum,short,318011,318012,318030,2023-11-28 08:45:00+00:00,2023-11-28 09:00:00+00:00,2023-11-28 13:30:00+00:00,75.57,75.05,51.9999999999996,48.9999999999996,0.0974155069582497,500,500,3.0,signal,18
futures,ES,mean_reversion,long,315732,315733,315763,2023-11-28 09:45:00+00:00,2023-11-28 10:00:00+00:00,2023-11-28 17:30:00+00:00,4559.25,4568.5,37.0,34.0,0.0675944333996023,200,500,3.0,signal,30
futures,ES,mean_reversion,short,315764,315765,315769,2023-11-28 17:45:00+00:00,2023-11-28 18:00:00+00:00,2023-11-28 19:00:00+00:00,4563.25,4558.0,21.0,18.0,0.0357852882703777,200,500,3.0,signal,4
futures,CL,momentum,long,318127,318128,318134,2023-11-29 14:45:00+00:00,2023-11-29 15:00:00+00:00,2023-11-29 16:30:00+00:00,76.47,76.96,48.99999999999949,45.99999999999949,0.0914512922465198,500,500,3.0,signal,6
futures,ES,mean_reversion,long,315955,315956,315971,2023-11-30 19:30:00+00:00,2023-11-30 19:45:00+00:00,2023-12-01 00:30:00+00:00,4560.25,4573.25,52.0,49.0,0.0974155069582504,200,500,3.0,signal,15
futures,CL,momentum,long,318752,318753,318774,2023-12-08 10:00:00+00:00,2023-12-08 10:15:00+00:00,2023-12-08 15:30:00+00:00,70.46,71.48,102.00000000000102,99.00000000000102,0.1968190854870795,500,500,3.0,signal,21
futures,CL,momentum,long,318782,318783,318788,2023-12-08 17:30:00+00:00,2023-12-08 17:45:00+00:00,2023-12-08 19:00:00+00:00,70.57,71.18,61.00000000000136,58.00000000000136,0.115308151093442,500,500,3.0,signal,5
futures,CL,momentum,long,318842,318843,318855,2023-12-11 09:30:00+00:00,2023-12-11 09:45:00+00:00,2023-12-11 12:45:00+00:00,70.98,71.09,10.999999999999943,7.999999999999943,0.0159045725646122,500,500,3.0,signal,12
futures,SI,momentum,short,317571,317572,317577,2023-12-12 13:00:00+00:00,2023-12-12 13:15:00+00:00,2023-12-12 14:30:00+00:00,23.365,23.18,36.999999999999744,33.999999999999744,0.0675944333996018,150,500,3.0,signal,5
futures,SI,momentum,long,317849,317850,317936,2023-12-15 13:30:00+00:00,2023-12-15 13:45:00+00:00,2023-12-18 12:15:00+00:00,24.145,24.255,21.999999999999886,18.999999999999886,0.037773359840954,150,500,3.0,signal,86
futures,CL,momentum,long,319389,319390,319413,2023-12-19 08:15:00+00:00,2023-12-19 08:30:00+00:00,2023-12-19 14:15:00+00:00,72.17,73.23,106.00000000000024,103.00000000000024,0.2047713717693841,500,500,3.0,signal,23
futures,CL,momentum,long,319583,319584,319640,2023-12-21 10:45:00+00:00,2023-12-21 11:00:00+00:00,2023-12-22 02:00:00+00:00,73.95,74.41,45.999999999999375,42.999999999999375,0.08548707753479,500,500,3.0,signal,56
futures,CL,momentum,short,319773,319774,319942,2023-12-26 12:15:00+00:00,2023-12-26 12:30:00+00:00,2023-12-28 08:30:00+00:00,73.99,73.58,40.99999999999966,37.99999999999966,0.0755467196819078,500,500,3.0,signal,168
futures,SI,momentum,short,318498,318499,318590,2023-12-27 14:45:00+00:00,2023-12-27 15:00:00+00:00,2023-12-28 14:45:00+00:00,24.475,24.405,14.000000000000057,11.000000000000057,0.021868787276342,150,500,3.0,signal,91
futures,ES,mean_reversion,short,317611,317612,317782,2023-12-27 19:30:00+00:00,2023-12-27 19:45:00+00:00,2023-12-29 16:15:00+00:00,4820.75,4811.75,36.0,33.0,0.0656063618290258,200,500,3.0,signal,170
futures,YM,mean_reversion,long,317938,317939,317956,2023-12-29 18:30:00+00:00,2023-12-29 18:45:00+00:00,2024-01-02 00:00:00+00:00,37959.0,38025.0,66.0,63.0,0.125248508946322,300,500,3.0,signal,17
futures,SI,momentum,short,318728,318729,318768,2024-01-02 03:15:00+00:00,2024-01-02 03:30:00+00:00,2024-01-02 13:15:00+00:00,24.17,24.05,24.0000000000002,21.0000000000002,0.0417495029821077,150,500,3.0,signal,39
futures,ES,mean_reversion,long,318162,318163,318242,2024-01-05 19:15:00+00:00,2024-01-05 19:30:00+00:00,2024-01-08 16:15:00+00:00,4737.5,4757.75,81.0,78.0,0.1550695825049702,200,500,3.0,signal,79
futures,CL,momentum,long,320609,320610,320618,2024-01-09 14:15:00+00:00,2024-01-09 14:30:00+00:00,2024-01-09 16:30:00+00:00,72.07,72.55,48.0000000000004,45.0000000000004,0.0894632206759451,500,500,3.0,signal,8
futures,SI,momentum,long,319394,319395,319496,2024-01-11 08:45:00+00:00,2024-01-11 09:00:00+00:00,2024-01-12 11:15:00+00:00,23.145,23.19,9.000000000000341,6.000000000000341,0.0119284294234599,150,500,3.0,signal,101
futures,ES,mean_reversion,short,318607,318608,318715,2024-01-12 15:30:00+00:00,2024-01-12 15:45:00+00:00,2024-01-16 00:30:00+00:00,4813.75,4804.5,37.0,34.0,0.0675944333996023,200,500,3.0,signal,107
futures,SI,momentum,short,319682,319683,319685,2024-01-16 14:15:00+00:00,2024-01-16 14:30:00+00:00,2024-01-16 15:00:00+00:00,23.26,23.145,23.0000000000004,20.0000000000004,0.0397614314115316,150,500,3.0,signal,2
futures,CL,momentum,short,321068,321069,321074,2024-01-16 16:30:00+00:00,2024-01-16 16:45:00+00:00,2024-01-16 18:00:00+00:00,72.75,72.12,62.999999999999545,59.999999999999545,0.1192842942345915,500,500,3.0,signal,5
futures,CL,momentum,long,321234,321235,321243,2024-01-18 12:00:00+00:00,2024-01-18 12:15:00+00:00,2024-01-18 14:15:00+00:00,72.57,73.25,68.00000000000068,65.00000000000068,0.1292246520874765,500,500,3.0,signal,8
futures,SI,momentum,long,319954,319955,320203,2024-01-19 13:15:00+00:00,2024-01-19 13:30:00+00:00,2024-01-24 06:30:00+00:00,22.85,22.595,-51.00000000000051,-54.00000000000051,-0.1073558648111342,150,500,3.0,signal,248
futures,CL,momentum,short,321410,321411,321826,2024-01-22 10:00:00+00:00,2024-01-22 10:15:00+00:00,2024-01-28 23:00:00+00:00,73.38,78.38,-500.0,-503.0,-1.0,500,500,3.0,sl,415
futures,ES,mean_reversion,short,319427,319428,319740,2024-01-25 17:30:00+00:00,2024-01-25 17:45:00+00:00,2024-01-31 03:45:00+00:00,4908.25,4930.5,-89.0,-92.0,-0.1829025844930417,200,500,3.0,signal,312
futures,SI,momentum,long,320418,320419,320450,2024-01-26 14:15:00+00:00,2024-01-26 14:30:00+00:00,2024-01-28 23:15:00+00:00,22.855,23.06,40.99999999999966,37.99999999999966,0.0755467196819078,150,500,3.0,signal,31
futures,SI,momentum,long,320454,320455,320483,2024-01-29 00:15:00+00:00,2024-01-29 00:30:00+00:00,2024-01-29 07:30:00+00:00,22.93,23.115,36.999999999999744,33.999999999999744,0.0675944333996018,150,500,3.0,signal,28
futures,CL,momentum,short,321960,321961,321972,2024-01-30 09:30:00+00:00,2024-01-30 09:45:00+00:00,2024-01-30 12:30:00+00:00,77.12,76.41,71.0000000000008,68.0000000000008,0.1351888667992063,500,500,3.0,signal,11
futures,SI,momentum,long,320606,320607,320670,2024-01-30 15:15:00+00:00,2024-01-30 15:30:00+00:00,2024-01-31 08:15:00+00:00,23.11,23.24,25.9999999999998,22.9999999999998,0.04572564612326,150,500,3.0,signal,63
futures,CL,momentum,short,322070,322071,322075,2024-01-31 14:00:00+00:00,2024-01-31 14:15:00+00:00,2024-01-31 15:15:00+00:00,77.42,76.41,101.00000000000053,98.00000000000053,0.194831013916502,500,500,3.0,signal,4
futures,SI,momentum,long,320703,320704,320716,2024-01-31 16:30:00+00:00,2024-01-31 16:45:00+00:00,2024-01-31 19:45:00+00:00,23.19,23.355,32.99999999999983,29.99999999999983,0.0596421471172958,150,500,3.0,signal,12
futures,SI,momentum,long,320874,320875,321257,2024-02-02 13:15:00+00:00,2024-02-02 13:30:00+00:00,2024-02-08 17:00:00+00:00,23.205,22.58,-125.0,-128.0,-0.2544731610337972,150,500,3.0,signal,382
futures,YM,mean_reversion,short,320200,320201,320209,2024-02-05 13:00:00+00:00,2024-02-05 13:15:00+00:00,2024-02-05 15:15:00+00:00,38671.0,38371.0,300.0,297.0,0.5904572564612326,300,500,3.0,tp,8
futures,ES,mean_reversion,short,320084,320085,320592,2024-02-05 20:45:00+00:00,2024-02-05 21:00:00+00:00,2024-02-13 09:45:00+00:00,4961.0,5024.25,-253.0,-256.0,-0.5089463220675944,200,500,3.0,signal,507
futures,CL,momentum,long,322455,322456,322609,2024-02-06 18:15:00+00:00,2024-02-06 18:30:00+00:00,2024-02-08 10:45:00+00:00,73.11,74.38,126.9999999999996,123.9999999999996,0.2465208747514902,500,500,3.0,signal,153
futures,CL,momentum,long,322996,322997,323093,2024-02-14 15:30:00+00:00,2024-02-14 15:45:00+00:00,2024-02-15 16:45:00+00:00,77.36,78.35,98.99999999999947,95.99999999999947,0.1908548707753469,500,500,3.0,signal,96
futures,CL,momentum,long,323327,323328,323537,2024-02-20 08:45:00+00:00,2024-02-20 09:00:00+00:00,2024-02-22 15:15:00+00:00,78.1,78.24,14.000000000000057,11.000000000000057,0.021868787276342,500,500,3.0,signal,209
futures,SI,momentum,long,321977,321978,322017,2024-02-20 15:30:00+00:00,2024-02-20 15:45:00+00:00,2024-02-21 02:30:00+00:00,23.07,23.115,8.99999999999963,5.999999999999631,0.0119284294234585,150,500,3.0,signal,39
futures,SI,momentum,long,322041,322042,322135,2024-02-21 08:30:00+00:00,2024-02-21 08:45:00+00:00,2024-02-22 09:00:00+00:00,23.09,23.195,21.000000000000085,18.000000000000085,0.0357852882703779,150,500,3.0,signal,93
futures,SI,momentum,long,322283,322284,322559,2024-02-26 00:00:00+00:00,2024-02-26 00:15:00+00:00,2024-02-29 02:30:00+00:00,22.88,22.72,-32.00000000000003,-35.00000000000003,-0.0695825049701789,150,500,3.0,signal,275
futures,CL,momentum,short,323719,323720,324261,2024-02-26 14:45:00+00:00,2024-02-26 15:00:00+00:00,2024-03-05 12:15:00+00:00,76.93,78.16,-122.99999999999898,-125.99999999999898,-0.2504970178926421,500,500,3.0,signal,541
futures,SI,momentum,long,322592,322593,322604,2024-02-29 10:45:00+00:00,2024-02-29 11:00:00+00:00,2024-02-29 13:45:00+00:00,22.55,22.815,53.000000000000114,50.000000000000114,0.0994035785288272,150,500,3.0,signal,11
futures,YM,mean_reversion,long,322032,322033,322044,2024-03-04 15:00:00+00:00,2024-03-04 15:15:00+00:00,2024-03-04 18:00:00+00:00,39016.0,39082.0,66.0,63.0,0.125248508946322,300,500,3.0,signal,11
futures,ES,mean_reversion,short,322084,322085,322108,2024-03-06 18:45:00+00:00,2024-03-06 19:00:00+00:00,2024-03-07 01:45:00+00:00,5115.0,5100.25,59.0,56.0,0.1113320079522862,200,500,3.0,signal,23
futures,CL,momentum,short,324462,324463,324630,2024-03-07 16:30:00+00:00,2024-03-07 16:45:00+00:00,2024-03-11 11:30:00+00:00,78.88,77.73,114.99999999999916,111.99999999999916,0.2226640159045708,500,500,3.0,signal,167
futures,CL,momentum,short,324733,324734,324748,2024-03-12 14:15:00+00:00,2024-03-12 14:30:00+00:00,2024-03-12 18:00:00+00:00,78.3,77.75,54.99999999999972,51.99999999999972,0.1033797216699795,500,500,3.0,signal,14
futures,YM,mean_reversion,short,322594,322595,322620,2024-03-12 16:30:00+00:00,2024-03-12 16:45:00+00:00,2024-03-13 00:00:00+00:00,38874.0,39374.0,-500.0,-503.0,-1.0,300,500,3.0,sl,25
futures,ES,mean_reversion,long,322646,322647,322648,2024-03-14 20:15:00+00:00,2024-03-14 20:30:00+00:00,2024-03-14 20:45:00+00:00,5218.0,5220.0,8.0,5.0,0.0099403578528827,200,500,3.0,signal,1
futures,YM,mean_reversion,long,322793,322794,322853,2024-03-14 20:15:00+00:00,2024-03-14 20:30:00+00:00,2024-03-15 12:15:00+00:00,39342.0,39397.0,55.0,52.0,0.1033797216699801,300,500,3.0,signal,59
futures,CL,momentum,long,325044,325045,325079,2024-03-18 00:00:00+00:00,2024-03-18 00:15:00+00:00,2024-03-18 08:45:00+00:00,80.6,81.5,90.00000000000057,87.00000000000057,0.1729622266401601,500,500,3.0,signal,34
futures,SI,momentum,long,323661,323662,323916,2024-03-18 01:00:00+00:00,2024-03-18 01:15:00+00:00,2024-03-20 18:45:00+00:00,25.185,25.56,75.0,72.0,0.1431411530815109,150,500,3.0,signal,254
futures,ES,mean_reversion,long,322894,322895,322908,2024-03-19 13:15:00+00:00,2024-03-19 13:30:00+00:00,2024-03-19 16:45:00+00:00,5205.75,5234.0,113.0,110.0,0.2186878727634194,200,500,3.0,signal,13
futures,SI,momentum,short,324123,324124,324132,2024-03-25 01:30:00+00:00,2024-03-25 01:45:00+00:00,2024-03-25 03:45:00+00:00,25.04,24.875,32.99999999999983,29.99999999999983,0.0596421471172958,150,500,3.0,signal,8
futures,SI,momentum,short,324245,324246,324263,2024-03-26 09:00:00+00:00,2024-03-26 09:15:00+00:00,2024-03-26 13:30:00+00:00,24.835,24.86,-4.999999999999716,-7.999999999999716,-0.0159045725646117,150,500,3.0,signal,17
futures,CL,momentum,long,325637,325638,325643,2024-03-26 10:15:00+00:00,2024-03-26 10:30:00+00:00,2024-03-26 11:45:00+00:00,81.65,82.24,58.99999999999892,55.99999999999892,0.1113320079522841,500,500,3.0,signal,5
futures,SI,momentum,short,324343,324344,324352,2024-03-27 10:30:00+00:00,2024-03-27 10:45:00+00:00,2024-03-27 12:45:00+00:00,24.675,24.595,16.00000000000037,13.00000000000037,0.0258449304174957,150,500,3.0,signal,8
futures,SI,momentum,short,324434,324435,324441,2024-03-28 10:15:00+00:00,2024-03-28 10:30:00+00:00,2024-03-28 12:00:00+00:00,24.705,24.665,7.999999999999829,4.9999999999998295,0.0099403578528823,150,500,3.0,signal,6
futures,SI,momentum,long,324533,324534,324538,2024-04-01 12:00:00+00:00,2024-04-01 12:15:00+00:00,2024-04-01 13:15:00+00:00,25.01,25.35,67.99999999999997,64.99999999999997,0.1292246520874751,150,500,3.0,signal,4
futures,ES,mean_reversion,long,323842,323843,323855,2024-04-03 20:15:00+00:00,2024-04-03 20:30:00+00:00,2024-04-04 00:30:00+00:00,5270.5,5276.75,25.0,22.0,0.0437375745526839,200,500,3.0,signal,12
futures,YM,mean_reversion,short,324057,324058,324073,2024-04-04 14:15:00+00:00,2024-04-04 14:30:00+00:00,2024-04-04 18:15:00+00:00,39621.0,39321.0,300.0,297.0,0.5904572564612326,300,500,3.0,tp,15
futures,ZN,mean_reversion,long,324939,324940,325118,2024-04-05 14:00:00+00:00,2024-04-05 14:15:00+00:00,2024-04-09 12:45:00+00:00,109.84375,109.53125,-20.0,-23.0,-0.1503267973856209,75,150,3.0,signal,178
futures,CL,momentum,long,326648,326649,326750,2024-04-11 10:00:00+00:00,2024-04-11 10:15:00+00:00,2024-04-12 12:30:00+00:00,85.86,86.48,62.000000000000455,59.000000000000455,0.1172962226640168,500,500,3.0,signal,101
futures,SI,momentum,long,325652,325653,326200,2024-04-17 15:45:00+00:00,2024-04-17 16:00:00+00:00,2024-04-25 14:45:00+00:00,28.545,27.535,-202.0000000000003,-205.0000000000003,-0.4075546719681914,150,500,3.0,signal,547
futures,ES,mean_reversion,long,325022,325023,325031,2024-04-22 16:15:00+00:00,2024-04-22 16:30:00+00:00,2024-04-22 18:30:00+00:00,5029.75,5073.5,175.0,172.0,0.341948310139165,200,500,3.0,signal,8
futures,ES,mean_reversion,short,325035,325036,325234,2024-04-22 19:30:00+00:00,2024-04-22 19:45:00+00:00,2024-04-25 00:15:00+00:00,5049.75,5076.0,-105.0,-108.0,-0.2147117296222664,200,500,3.0,signal,198
futures,CL,momentum,long,327382,327383,327603,2024-04-23 09:30:00+00:00,2024-04-23 09:45:00+00:00,2024-04-25 18:45:00+00:00,82.04,83.61,156.99999999999932,153.99999999999932,0.3061630218687859,500,500,3.0,signal,220
futures,SI,momentum,short,326355,326356,326374,2024-04-29 07:45:00+00:00,2024-04-29 08:00:00+00:00,2024-04-29 12:45:00+00:00,27.325,27.215,21.999999999999886,18.999999999999886,0.037773359840954,150,500,3.0,signal,18
futures,CL,momentum,short,327745,327746,327771,2024-04-29 08:15:00+00:00,2024-04-29 08:30:00+00:00,2024-04-29 14:45:00+00:00,83.45,82.6,85.00000000000085,82.00000000000085,0.163021868787278,500,500,3.0,signal,25
futures,SI,momentum,short,326388,326389,326397,2024-04-29 16:15:00+00:00,2024-04-29 16:30:00+00:00,2024-04-29 19:15:00+00:00,27.37,27.18,38.000000000000256,35.000000000000256,0.0695825049701794,150,500,3.0,signal,8
futures,SI,momentum,short,326512,326513,326536,2024-05-01 14:00:00+00:00,2024-05-01 14:15:00+00:00,2024-05-01 20:00:00+00:00,26.87,26.815,10.999999999999943,7.999999999999943,0.0159045725646122,150,500,3.0,signal,23
futures,ES,mean_reversion,long,325756,325757,325773,2024-05-02 15:45:00+00:00,2024-05-02 16:00:00+00:00,2024-05-02 20:00:00+00:00,5069.25,5091.5,89.0,86.0,0.1709741550695825,200,500,3.0,signal,16
futures,CL,momentum,long,328599,328600,328706,2024-05-10 14:45:00+00:00,2024-05-10 15:00:00+00:00,2024-05-13 18:30:00+00:00,79.34,79.12,-21.999999999999886,-24.999999999999886,-0.0497017892644132,500,500,3.0,signal,106
futures,SI,momentum,long,327253,327254,327259,2024-05-13 15:15:00+00:00,2024-05-13 15:30:00+00:00,2024-05-13 16:45:00+00:00,28.31,28.495,37.000000000000455,34.000000000000455,0.0675944333996032,150,500,3.0,signal,5
futures,CL,momentum,long,328770,328771,328955,2024-05-14 11:30:00+00:00,2024-05-14 11:45:00+00:00,2024-05-16 11:45:00+00:00,78.93,78.69,-24.00000000000091,-27.00000000000091,-0.0536779324055684,500,500,3.0,signal,184
futures,ES,mean_reversion,short,326491,326492,327055,2024-05-14 15:30:00+00:00,2024-05-14 15:45:00+00:00,2024-05-22 18:30:00+00:00,5247.75,5308.75,-244.0,-247.0,-0.4910536779324055,200,500,3.0,signal,563
futures,CL,momentum,long,329128,329129,329148,2024-05-20 09:00:00+00:00,2024-05-20 09:15:00+00:00,2024-05-20 14:00:00+00:00,79.39,79.56,17.00000000000017,14.00000000000017,0.0278330019880719,500,500,3.0,signal,19
futures,SI,momentum,long,327850,327851,328165,2024-05-22 03:30:00+00:00,2024-05-22 03:45:00+00:00,2024-05-27 13:15:00+00:00,31.965,31.26,-140.99999999999966,-143.99999999999966,-0.2862823061630212,150,500,3.0,signal,314
futures,ES,mean_reversion,long,327060,327061,327079,2024-05-22 19:45:00+00:00,2024-05-22 20:00:00+00:00,2024-05-23 01:30:00+00:00,5329.25,5342.25,52.0,49.0,0.0974155069582504,200,500,3.0,signal,18
futures,CL,momentum,short,329402,329403,329429,2024-05-23 08:30:00+00:00,2024-05-23 08:45:00+00:00,2024-05-23 15:15:00+00:00,77.73,77.27,46.0000000000008,43.0000000000008,0.0854870775347928,500,500,3.0,signal,26
futures,SI,momentum,long,328337,328338,328343,2024-05-29 12:45:00+00:00,2024-05-29 13:00:00+00:00,2024-05-29 14:15:00+00:00,31.89,32.245,70.99999999999937,67.99999999999937,0.1351888667992035,150,500,3.0,signal,5
futures,SI,momentum,long,328384,328385,328843,2024-05-30 01:30:00+00:00,2024-05-30 01:45:00+00:00,2024-06-06 01:15:00+00:00,31.95,30.445,-300.9999999999998,-303.9999999999998,-0.6043737574552679,150,500,3.0,signal,458
futures,CL,momentum,short,329853,329854,329869,2024-05-30 08:45:00+00:00,2024-05-30 09:00:00+00:00,2024-05-30 12:45:00+00:00,79.21,78.78,42.99999999999926,39.99999999999926,0.0795228628230601,500,500,3.0,signal,15
futures,CL,momentum,short,329961,329962,329967,2024-05-31 12:45:00+00:00,2024-05-31 13:00:00+00:00,2024-05-31 14:15:00+00:00,78.5,77.58,92.00000000000016,89.00000000000017,0.1769383697813124,500,500,3.0,signal,5
futures,YM,mean_reversion,short,328002,328003,328274,2024-06-04 15:30:00+00:00,2024-06-04 15:45:00+00:00,2024-06-07 14:30:00+00:00,38597.0,39097.0,-500.0,-503.0,-1.0,300,500,3.0,sl,271
futures,CL,momentum,short,330251,330252,330683,2024-06-05 16:15:00+00:00,2024-06-05 16:30:00+00:00,2024-06-12 09:15:00+00:00,73.91,78.91,-500.0,-503.0,-1.0,500,500,3.0,sl,431
futures,CL,momentum,long,330775,330776,330790,2024-06-13 09:15:00+00:00,2024-06-13 09:30:00+00:00,2024-06-13 13:00:00+00:00,77.95,78.24,28.999999999999204,25.999999999999204,0.0516898608349884,500,500,3.0,signal,14
futures,SI,momentum,short,329349,329350,329355,2024-06-13 12:45:00+00:00,2024-06-13 13:00:00+00:00,2024-06-13 14:15:00+00:00,29.465,29.17,58.99999999999963,55.99999999999963,0.1113320079522855,150,500,3.0,signal,5
futures,CL,momentum,short,330836,330837,331541,2024-06-14 01:30:00+00:00,2024-06-14 01:45:00+00:00,2024-06-25 19:15:00+00:00,78.25,80.71,-245.99999999999935,-248.99999999999935,-0.4950298210735574,500,500,3.0,signal,704
futures,SI,momentum,long,329490,329491,329698,2024-06-17 02:00:00+00:00,2024-06-17 02:15:00+00:00,2024-06-19 08:00:00+00:00,29.335,29.645,61.999999999999744,58.999999999999744,0.1172962226640153,150,500,3.0,signal,207
futures,CL,momentum,long,331587,331588,331594,2024-06-26 07:45:00+00:00,2024-06-26 08:00:00+00:00,2024-06-26 09:30:00+00:00,81.09,81.4,31.000000000000227,28.000000000000227,0.0556660039761435,500,500,3.0,signal,6
futures,ES,mean_reversion,short,329402,329403,329512,2024-06-27 15:15:00+00:00,2024-06-27 15:30:00+00:00,2024-06-28 19:45:00+00:00,5537.5,5531.0,26.0,23.0,0.0457256461232604,200,500,3.0,signal,109
futures,ZN,mean_reversion,short,330427,330428,330433,2024-06-28 14:30:00+00:00,2024-06-28 14:45:00+00:00,2024-06-28 16:00:00+00:00,110.25,109.984375,17.0,14.0,0.0915032679738562,75,150,3.0,signal,5
futures,SI,momentum,long,330398,330399,330523,2024-07-01 04:30:00+00:00,2024-07-01 04:45:00+00:00,2024-07-02 12:45:00+00:00,29.29,29.805,103.00000000000011,100.00000000000011,0.1988071570576543,150,500,3.0,signal,124
futures,SI,momentum,long,331074,331075,331156,2024-07-10 15:00:00+00:00,2024-07-10 15:15:00+00:00,2024-07-11 12:30:00+00:00,31.17,31.92,150.0,147.0,0.2922465208747515,150,500,3.0,tp,81
futures,CL,momentum,long,332595,332596,332617,2024-07-11 09:15:00+00:00,2024-07-11 09:30:00+00:00,2024-07-11 14:45:00+00:00,82.15,82.49,33.99999999999892,30.99999999999892,0.0616302186878706,500,500,3.0,signal,21
futures,CL,momentum,short,332777,332778,332798,2024-07-15 08:45:00+00:00,2024-07-15 09:00:00+00:00,2024-07-15 14:00:00+00:00,82.4,81.84,56.00000000000023,53.00000000000023,0.1053677932405571,500,500,3.0,signal,20
futures,SI,momentum,short,331345,331346,331359,2024-07-15 13:45:00+00:00,2024-07-15 14:00:00+00:00,2024-07-15 17:15:00+00:00,31.05,30.965,17.00000000000017,14.00000000000017,0.0278330019880719,150,500,3.0,signal,13
futures,SI,momentum,long,331487,331488,331946,2024-07-17 03:15:00+00:00,2024-07-17 03:30:00+00:00,2024-07-24 03:00:00+00:00,31.29,29.485,-361.0,-364.0,-0.7236580516898607,150,500,3.0,signal,458
futures,ES,mean_reversion,short,331032,331033,331055,2024-07-23 16:30:00+00:00,2024-07-23 16:45:00+00:00,2024-07-23 23:15:00+00:00,5610.0,5577.75,129.0,126.0,0.2504970178926441,200,500,3.0,signal,22
futures,ZN,mean_reversion,short,332065,332066,332087,2024-07-24 14:00:00+00:00,2024-07-24 14:15:00+00:00,2024-07-24 19:30:00+00:00,110.9375,110.734375,13.0,10.0,0.065359477124183,75,150,3.0,signal,21
futures,SI,momentum,long,331998,331999,332370,2024-07-24 16:00:00+00:00,2024-07-24 16:15:00+00:00,2024-07-30 17:00:00+00:00,29.39,28.32,-214.00000000000009,-217.00000000000009,-0.4314115308151094,150,500,3.0,signal,371
futures,YM,mean_reversion,short,331370,331371,331377,2024-07-25 18:15:00+00:00,2024-07-25 18:30:00+00:00,2024-07-25 20:00:00+00:00,40437.0,40190.0,247.0,244.0,0.4850894632206759,300,500,3.0,signal,6
futures,ES,mean_reversion,short,331316,331317,331425,2024-07-26 18:30:00+00:00,2024-07-26 18:45:00+00:00,2024-07-29 23:45:00+00:00,5499.25,5489.0,41.0,38.0,0.0755467196819085,200,500,3.0,signal,108
futures,CL,momentum,short,333715,333716,333721,2024-07-29 13:15:00+00:00,2024-07-29 13:30:00+00:00,2024-07-29 14:45:00+00:00,77.38,76.34,103.9999999999992,100.9999999999992,0.200795228628229,500,500,3.0,signal,5
futures,YM,mean_reversion,short,331633,331634,331739,2024-07-30 15:00:00+00:00,2024-07-30 15:15:00+00:00,2024-07-31 18:30:00+00:00,40829.0,41329.0,-500.0,-503.0,-1.0,300,500,3.0,sl,105
futures,SI,momentum,long,332634,332635,333004,2024-08-02 14:00:00+00:00,2024-08-02 14:15:00+00:00,2024-08-08 14:30:00+00:00,28.905,27.635,-253.99999999999991,-256.9999999999999,-0.5109343936381707,150,500,3.0,signal,369
futures,YM,mean_reversion,long,332541,332542,332547,2024-08-13 12:00:00+00:00,2024-08-13 12:15:00+00:00,2024-08-13 13:30:00+00:00,39539.0,39609.0,70.0,67.0,0.1332007952286282,300,500,3.0,signal,5
futures,SI,momentum,long,333324,333325,333432,2024-08-14 02:30:00+00:00,2024-08-14 02:45:00+00:00,2024-08-15 06:30:00+00:00,27.735,27.985,50.0,47.0,0.0934393638170974,150,500,3.0,signal,107
futures,CL,momentum,short,334816,334817,334823,2024-08-14 12:30:00+00:00,2024-08-14 12:45:00+00:00,2024-08-14 14:15:00+00:00,78.6,78.15,44.99999999999886,41.99999999999886,0.0834990059642124,500,500,3.0,signal,6
futures,CL,momentum,short,334906,334907,334986,2024-08-15 12:00:00+00:00,2024-08-15 12:15:00+00:00,2024-08-16 09:00:00+00:00,77.88,77.33,54.99999999999972,51.99999999999972,0.1033797216699795,500,500,3.0,signal,79
futures,SI,momentum,long,333921,333922,334015,2024-08-22 13:45:00+00:00,2024-08-22 14:00:00+00:00,2024-08-23 14:15:00+00:00,29.475,29.83,70.99999999999937,67.99999999999937,0.1351888667992035,150,500,3.0,signal,93
futures,CL,momentum,short,335376,335377,335719,2024-08-22 14:30:00+00:00,2024-08-22 14:45:00+00:00,2024-08-28 08:15:00+00:00,72.72,75.13,-240.9999999999997,-243.9999999999997,-0.4850894632206752,500,500,3.0,signal,342
futures,SI,momentum,long,334173,334174,334179,2024-08-27 07:45:00+00:00,2024-08-27 08:00:00+00:00,2024-08-27 09:15:00+00:00,29.8,29.97,33.99999999999963,30.99999999999963,0.061630218687872,150,500,3.0,signal,5
futures,SI,momentum,short,334380,334381,334387,2024-08-29 14:30:00+00:00,2024-08-29 14:45:00+00:00,2024-08-29 16:15:00+00:00,29.505,29.49,3.0000000000001137,1.1368683772161605e-13,2.2601757002309348e-16,150,500,3.0,signal,6
futures,SI,momentum,long,334456,334457,334794,2024-08-30 13:00:00+00:00,2024-08-30 13:15:00+00:00,2024-09-05 08:00:00+00:00,29.69,28.735,-191.0000000000004,-194.0000000000004,-0.3856858846918496,150,500,3.0,signal,337
futures,CL,momentum,short,336025,336026,336041,2024-09-02 15:45:00+00:00,2024-09-02 16:00:00+00:00,2024-09-02 23:15:00+00:00,74.32,73.57,75.0,72.0,0.1431411530815109,500,500,3.0,signal,15
futures,CL,momentum,short,336287,336288,336292,2024-09-05 14:45:00+00:00,2024-09-05 15:00:00+00:00,2024-09-05 16:00:00+00:00,70.56,69.42,114.00000000000006,111.00000000000006,0.2206759443339961,500,500,3.0,signal,4
futures,SI,momentum,short,335011,335012,335369,2024-09-09 16:15:00+00:00,2024-09-09 16:30:00+00:00,2024-09-13 13:45:00+00:00,28.625,31.125,-500.0,-503.0,-1.0,150,500,3.0,sl,357
futures,CL,momentum,short,336659,336660,337149,2024-09-11 15:45:00+00:00,2024-09-11 16:00:00+00:00,2024-09-19 00:15:00+00:00,67.3,69.55,-225.0,-228.0,-0.4532803180914513,500,500,3.0,signal,489
futures,SI,momentum,long,335593,335594,335710,2024-09-18 00:45:00+00:00,2024-09-18 01:00:00+00:00,2024-09-19 07:00:00+00:00,30.93,31.325,78.99999999999991,75.99999999999991,0.1510934393638169,150,500,3.0,signal,116
futures,CL,momentum,long,337190,337191,337200,2024-09-19 10:30:00+00:00,2024-09-19 10:45:00+00:00,2024-09-19 13:00:00+00:00,70.37,71.08,70.99999999999937,67.99999999999937,0.1351888667992035,500,500,3.0,signal,9
futures,CL,momentum,long,337360,337361,337388,2024-09-23 07:00:00+00:00,2024-09-23 07:15:00+00:00,2024-09-23 14:00:00+00:00,71.1,71.67,57.00000000000074,54.00000000000074,0.1073558648111346,500,500,3.0,signal,27
futures,SI,momentum,short,335919,335920,336334,2024-09-23 13:15:00+00:00,2024-09-23 13:30:00+00:00,2024-09-30 02:00:00+00:00,31.255,31.69,-87.00000000000045,-90.00000000000045,-0.1789264413518895,150,500,3.0,signal,414
futures,CL,momentum,long,337392,337393,337460,2024-09-23 15:00:00+00:00,2024-09-23 15:15:00+00:00,2024-09-24 09:00:00+00:00,70.92,71.9,98.0000000000004,95.0000000000004,0.1888667992047721,500,500,3.0,signal,67
futures,CL,momentum,long,337823,337824,337943,2024-09-30 07:45:00+00:00,2024-09-30 08:00:00+00:00,2024-10-01 14:45:00+00:00,68.57,70.21,164.00000000000006,161.00000000000006,0.3200795228628231,500,500,3.0,signal,119
futures,YM,mean_reversion,long,335664,335665,335704,2024-09-30 14:45:00+00:00,2024-09-30 15:00:00+00:00,2024-10-01 01:45:00+00:00,42573.0,42641.0,68.0,65.0,0.1292246520874751,300,500,3.0,signal,39
futures,SI,momentum,short,336538,336539,336837,2024-10-02 07:00:00+00:00,2024-10-02 07:15:00+00:00,2024-10-07 12:45:00+00:00,31.63,31.74,-21.999999999999886,-24.999999999999886,-0.0497017892644132,150,500,3.0,signal,298
futures,YM,mean_reversion,short,336029,336030,336133,2024-10-04 14:00:00+00:00,2024-10-04 14:15:00+00:00,2024-10-07 17:00:00+00:00,42433.0,42417.0,16.0,13.0,0.025844930417495,300,500,3.0,signal,103
futures,CL,momentum,long,338646,338647,338843,2024-10-11 06:30:00+00:00,2024-10-11 06:45:00+00:00,2024-10-15 09:45:00+00:00,74.89,69.89,-500.0,-503.0,-1.0,500,500,3.0,sl,196
futures,SI,momentum,long,337238,337239,337260,2024-10-13 22:00:00+00:00,2024-10-13 22:15:00+00:00,2024-10-14 03:30:00+00:00,31.33,31.445,23.0000000000004,20.0000000000004,0.0397614314115316,150,500,3.0,signal,21
futures,SI,momentum,long,337305,337306,337396,2024-10-14 14:45:00+00:00,2024-10-14 15:00:00+00:00,2024-10-15 14:30:00+00:00,31.38,31.745,73.0000000000004,70.0000000000004,0.1391650099403586,150,500,3.0,signal,90
futures,ES,mean_reversion,long,336622,336623,336638,2024-10-16 15:00:00+00:00,2024-10-16 15:15:00+00:00,2024-10-16 19:00:00+00:00,5868.0,5888.5,82.0,79.0,0.1570576540755467,200,500,3.0,signal,15
futures,SI,momentum,long,337532,337533,337565,2024-10-17 02:30:00+00:00,2024-10-17 02:45:00+00:00,2024-10-17 10:45:00+00:00,31.77,31.95,35.99999999999994,32.99999999999994,0.0656063618290257,150,500,3.0,signal,32
futures,SI,momentum,long,337572,337573,337623,2024-10-17 12:30:00+00:00,2024-10-17 12:45:00+00:00,2024-10-18 02:15:00+00:00,31.84,32.12,55.99999999999952,52.99999999999952,0.1053677932405557,150,500,3.0,signal,50
futures,CL,momentum,short,339046,339047,339122,2024-10-17 14:30:00+00:00,2024-10-17 14:45:00+00:00,2024-10-18 10:30:00+00:00,70.82,70.23,58.99999999999892,55.99999999999892,0.1113320079522841,500,500,3.0,signal,75
futures,SI,momentum,short,338191,338192,338408,2024-10-28 06:15:00+00:00,2024-10-28 06:30:00+00:00,2024-10-30 14:30:00+00:00,33.8,33.94,-28.000000000000117,-31.000000000000117,-0.0616302186878729,150,500,3.0,signal,216
futures,CL,momentum,long,339941,339942,339947,2024-10-31 08:15:00+00:00,2024-10-31 08:30:00+00:00,2024-10-31 09:45:00+00:00,68.35,69.06,71.0000000000008,68.0000000000008,0.1351888667992063,500,500,3.0,signal,5
futures,CL,momentum,short,340416,340417,340517,2024-11-07 13:00:00+00:00,2024-11-07 13:15:00+00:00,2024-11-08 15:15:00+00:00,71.44,70.33,110.99999999999994,107.99999999999994,0.2147117296222662,500,500,3.0,signal,100
futures,SI,momentum,short,339044,339045,339051,2024-11-08 13:30:00+00:00,2024-11-08 13:45:00+00:00,2024-11-08 15:15:00+00:00,31.8,31.5,60.00000000000014,57.00000000000014,0.1133200795228631,150,500,3.0,signal,6
futures,ES,mean_reversion,long,338381,338382,338468,2024-11-12 18:45:00+00:00,2024-11-12 19:00:00+00:00,2024-11-13 17:30:00+00:00,6017.75,6027.5,39.0,36.0,0.0715705765407554,200,500,3.0,signal,86
futures,CL,momentum,short,340768,340769,340781,2024-11-13 09:00:00+00:00,2024-11-13 09:15:00+00:00,2024-11-13 12:15:00+00:00,68.63,68.26,36.99999999999904,33.999999999999034,0.0675944333996004,500,500,3.0,signal,12
futures,CL,momentum,short,340858,340859,340972,2024-11-14 08:30:00+00:00,2024-11-14 08:45:00+00:00,2024-11-15 14:00:00+00:00,68.46,68.0,45.999999999999375,42.999999999999375,0.08548707753479,500,500,3.0,signal,113
futures,SI,momentum,long,339512,339513,339596,2024-11-15 15:30:00+00:00,2024-11-15 15:45:00+00:00,2024-11-18 13:30:00+00:00,30.49,31.005,103.00000000000011,100.00000000000011,0.1988071570576543,150,500,3.0,signal,83
futures,ZN,mean_reversion,long,339594,339595,339607,2024-11-15 15:45:00+00:00,2024-11-15 16:00:00+00:00,2024-11-15 19:00:00+00:00,109.34375,109.71875,24.0,21.0,0.1372549019607843,75,150,3.0,signal,12
futures,SI,momentum,short,339776,339777,339800,2024-11-20 12:30:00+00:00,2024-11-20 12:45:00+00:00,2024-11-20 18:30:00+00:00,31.08,31.025,10.999999999999943,7.999999999999943,0.0159045725646122,150,500,3.0,signal,23
futures,ES,mean_reversion,long,338939,338940,339000,2024-11-20 20:15:00+00:00,2024-11-20 20:30:00+00:00,2024-11-21 12:30:00+00:00,5919.0,5955.0,144.0,141.0,0.2803180914512923,200,500,3.0,signal,60
futures,SI,momentum,long,339855,339856,339943,2024-11-21 09:15:00+00:00,2024-11-21 09:30:00+00:00,2024-11-22 08:15:00+00:00,31.075,31.405,66.00000000000037,63.00000000000037,0.1252485089463228,150,500,3.0,signal,87
futures,YM,mean_reversion,short,339156,339157,339168,2024-11-21 14:45:00+00:00,2024-11-21 15:00:00+00:00,2024-11-21 17:45:00+00:00,43579.0,44079.0,-500.0,-503.0,-1.0,300,500,3.0,sl,11
futures,SI,momentum,long,340006,340007,340322,2024-11-25 01:00:00+00:00,2024-11-25 01:15:00+00:00,2024-11-29 01:45:00+00:00,31.215,30.875,-67.99999999999997,-70.99999999999997,-0.1411530815109343,150,500,3.0,signal,315
futures,CL,momentum,short,341780,341781,341856,2024-11-28 09:45:00+00:00,2024-11-28 10:00:00+00:00,2024-11-29 08:15:00+00:00,68.94,68.75,18.999999999999773,15.999999999999773,0.0318091451292242,500,500,3.0,signal,75
futures,CL,momentum,long,341889,341890,342050,2024-11-29 16:30:00+00:00,2024-11-29 16:45:00+00:00,2024-12-03 13:00:00+00:00,69.05,69.25,20.000000000000284,17.000000000000284,0.0337972166998017,500,500,3.0,signal,160
futures,ZN,mean_reversion,short,340553,340554,340689,2024-12-02 10:15:00+00:00,2024-12-02 10:30:00+00:00,2024-12-03 21:15:00+00:00,111.03125,110.90625,8.0,5.0,0.0326797385620915,75,150,3.0,signal,135
futures,YM,mean_reversion,long,339872,339873,339912,2024-12-03 17:30:00+00:00,2024-12-03 17:45:00+00:00,2024-12-04 04:30:00+00:00,44849.0,44938.0,89.0,86.0,0.1709741550695825,300,500,3.0,signal,39
futures,YM,mean_reversion,short,339957,339958,340064,2024-12-04 15:45:00+00:00,2024-12-04 16:00:00+00:00,2024-12-05 19:30:00+00:00,44975.0,44922.0,53.0,50.0,0.099403578528827,300,500,3.0,signal,106
futures,SI,momentum,long,340734,340735,340779,2024-12-05 15:00:00+00:00,2024-12-05 15:15:00+00:00,2024-12-06 03:15:00+00:00,31.64,31.715,14.999999999999858,11.999999999999858,0.0238568588469182,150,500,3.0,signal,44
futures,ES,mean_reversion,short,340008,340009,340088,2024-12-06 19:15:00+00:00,2024-12-06 19:30:00+00:00,2024-12-09 16:15:00+00:00,6091.5,6070.25,85.0,82.0,0.1630218687872763,200,500,3.0,signal,79
futures,CL,momentum,short,342398,342399,342503,2024-12-09 08:00:00+00:00,2024-12-09 08:15:00+00:00,2024-12-10 11:15:00+00:00,68.06,67.87,18.999999999999773,15.999999999999773,0.0318091451292242,500,500,3.0,signal,104
futures,SI,momentum,long,341073,341074,341077,2024-12-11 07:45:00+00:00,2024-12-11 08:00:00+00:00,2024-12-11 08:45:00+00:00,32.455,32.69,46.999999999999886,43.999999999999886,0.0874751491053675,150,500,3.0,signal,3
futures,ES,mean_reversion,long,340391,340392,340436,2024-12-13 00:00:00+00:00,2024-12-13 00:15:00+00:00,2024-12-13 11:15:00+00:00,6068.5,6080.5,48.0,45.0,0.0894632206759443,200,500,3.0,signal,44
futures,CL,momentum,long,342862,342863,342884,2024-12-16 09:00:00+00:00,2024-12-16 09:15:00+00:00,2024-12-16 14:30:00+00:00,70.57,71.05,48.0000000000004,45.0000000000004,0.0894632206759451,500,500,3.0,signal,21
futures,CL,momentum,long,342891,342892,342897,2024-12-16 16:15:00+00:00,2024-12-16 16:30:00+00:00,2024-12-16 17:45:00+00:00,70.51,70.95,43.99999999999977,40.99999999999977,0.0815109343936377,500,500,3.0,signal,5
futures,CL,momentum,short,343041,343042,343091,2024-12-18 07:45:00+00:00,2024-12-18 08:00:00+00:00,2024-12-18 20:15:00+00:00,70.04,69.6,44.0000000000012,41.0000000000012,0.0815109343936405,500,500,3.0,signal,49
futures,CL,momentum,short,343138,343139,343166,2024-12-19 09:00:00+00:00,2024-12-19 09:15:00+00:00,2024-12-19 16:00:00+00:00,69.97,69.67,29.99999999999972,26.99999999999972,0.053677932405566,500,500,3.0,signal,27
futures,CL,momentum,long,343327,343328,343436,2024-12-23 10:15:00+00:00,2024-12-23 10:30:00+00:00,2024-12-24 14:30:00+00:00,69.41,70.12,71.0000000000008,68.0000000000008,0.1351888667992063,500,500,3.0,signal,108
futures,YM,mean_reversion,long,341157,341158,341170,2024-12-23 16:45:00+00:00,2024-12-23 17:00:00+00:00,2024-12-23 20:00:00+00:00,43190.0,43210.0,20.0,17.0,0.0337972166998011,300,500,3.0,signal,12
futures,SI,momentum,long,342017,342018,342024,2024-12-26 17:00:00+00:00,2024-12-26 17:15:00+00:00,2024-12-26 18:45:00+00:00,30.265,30.325,11.999999999999744,8.999999999999744,0.0178926441351883,150,500,3.0,signal,6
futures,SI,momentum,long,342075,342076,342376,2024-12-27 08:30:00+00:00,2024-12-27 08:45:00+00:00,2025-01-02 14:45:00+00:00,30.255,29.89,-72.99999999999969,-75.99999999999969,-0.1510934393638164,150,500,3.0,signal,300
futures,CL,momentum,long,343676,343677,343690,2024-12-30 08:45:00+00:00,2024-12-30 09:00:00+00:00,2024-12-30 12:15:00+00:00,70.23,70.95,71.99999999999989,68.99999999999989,0.1371769383697811,500,500,3.0,signal,13
futures,CL,momentum,long,343784,343785,343790,2024-12-31 12:45:00+00:00,2024-12-31 13:00:00+00:00,2024-12-31 14:15:00+00:00,70.98,71.49,50.99999999999909,47.99999999999909,0.0954274353876721,500,500,3.0,signal,5
futures,ES,mean_reversion,long,342259,342260,342285,2025-01-14 18:15:00+00:00,2025-01-14 18:30:00+00:00,2025-01-15 01:45:00+00:00,5879.75,5886.75,28.0,25.0,0.0497017892644135,200,500,3.0,signal,25
futures,CL,momentum,long,344791,344792,344801,2025-01-16 11:30:00+00:00,2025-01-16 11:45:00+00:00,2025-01-16 14:00:00+00:00,77.92,78.58,65.99999999999966,62.99999999999966,0.1252485089463214,500,500,3.0,signal,9
futures,SI,momentum,short,343377,343378,343382,2025-01-17 12:00:00+00:00,2025-01-17 12:15:00+00:00,2025-01-17 13:15:00+00:00,31.425,31.215,42.00000000000017,39.00000000000017,0.0775347912524854,150,500,3.0,signal,4
futures,CL,momentum,short,344979,344980,344984,2025-01-20 12:30:00+00:00,2025-01-20 12:45:00+00:00,2025-01-20 13:45:00+00:00,77.5,76.52,98.0000000000004,95.0000000000004,0.1888667992047721,500,500,3.0,signal,4
futures,SI,momentum,short,343481,343482,343507,2025-01-20 15:00:00+00:00,2025-01-20 15:15:00+00:00,2025-01-21 01:00:00+00:00,31.145,31.025,24.0000000000002,21.0000000000002,0.0417495029821077,150,500,3.0,signal,25
futures,CL,momentum,short,345019,345020,345050,2025-01-21 02:00:00+00:00,2025-01-21 02:15:00+00:00,2025-01-21 09:45:00+00:00,77.07,76.01,105.9999999999988,102.9999999999988,0.2047713717693813,500,500,3.0,signal,30
futures,CL,momentum,short,345139,345140,345153,2025-01-22 09:00:00+00:00,2025-01-22 09:15:00+00:00,2025-01-22 12:30:00+00:00,76.19,75.84,34.99999999999943,31.99999999999943,0.0636182902584481,500,500,3.0,signal,13
futures,CL,momentum,short,345172,345173,345178,2025-01-22 17:15:00+00:00,2025-01-22 17:30:00+00:00,2025-01-22 18:45:00+00:00,76.05,75.46,59.00000000000034,56.00000000000034,0.1113320079522869,500,500,3.0,signal,5
futures,SI,momentum,short,343786,343787,343880,2025-01-24 01:45:00+00:00,2025-01-24 02:00:00+00:00,2025-01-27 02:15:00+00:00,31.09,30.67,83.99999999999963,80.99999999999963,0.161033797216699,150,500,3.0,signal,93
futures,CL,momentum,short,345615,345616,345621,2025-01-29 13:00:00+00:00,2025-01-29 13:15:00+00:00,2025-01-29 14:30:00+00:00,73.63,73.11,51.9999999999996,48.9999999999996,0.0974155069582497,500,500,3.0,signal,5
futures,ES,mean_reversion,long,343263,343264,343285,2025-01-29 20:15:00+00:00,2025-01-29 20:30:00+00:00,2025-01-30 02:45:00+00:00,6084.25,6091.0,27.0,24.0,0.0477137176938369,200,500,3.0,signal,21
futures,ZN,mean_reversion,long,344227,344228,344232,2025-01-29 20:15:00+00:00,2025-01-29 20:30:00+00:00,2025-01-29 21:30:00+00:00,108.984375,109.125,9.0,6.0,0.0392156862745098,75,150,3.0,signal,4
futures,ZN,mean_reversion,long,344414,344415,344444,2025-01-31 21:00:00+00:00,2025-01-31 21:15:00+00:00,2025-02-03 05:30:00+00:00,109.03125,109.171875,9.0,6.0,0.0392156862745098,75,150,3.0,signal,29
futures,CL,momentum,long,345896,345897,346365,2025-02-03 14:15:00+00:00,2025-02-03 14:30:00+00:00,2025-02-10 16:30:00+00:00,73.45,72.2,-125.0,-128.0,-0.2544731610337972,500,500,3.0,signal,468
futures,SI,momentum,short,344671,344672,344894,2025-02-06 16:00:00+00:00,2025-02-06 16:15:00+00:00,2025-02-11 02:45:00+00:00,32.62,32.215,80.9999999999988,77.9999999999988,0.1550695825049678,150,500,3.0,signal,222
futures,ES,mean_reversion,long,343898,343899,343980,2025-02-07 18:00:00+00:00,2025-02-07 18:15:00+00:00,2025-02-10 15:30:00+00:00,6075.75,6088.5,51.0,48.0,0.0954274353876739,200,500,3.0,signal,81
futures,ES,mean_reversion,long,344070,344071,344082,2025-02-11 15:00:00+00:00,2025-02-11 15:15:00+00:00,2025-02-11 18:00:00+00:00,6072.5,6077.0,18.0,15.0,0.0298210735586481,200,500,3.0,signal,11
futures,SI,momentum,short,344985,344986,345643,2025-02-12 02:30:00+00:00,2025-02-12 02:45:00+00:00,2025-02-21 08:30:00+00:00,32.365,33.135,-153.9999999999992,-156.9999999999992,-0.3121272365805153,150,500,3.0,signal,657
futures,CL,momentum,long,346516,346517,346717,2025-02-12 08:15:00+00:00,2025-02-12 08:30:00+00:00,2025-02-14 12:30:00+00:00,72.69,71.77,-92.00000000000016,-95.00000000000016,-0.1888667992047717,500,500,3.0,signal,200
futures,CL,momentum,long,346722,346723,346879,2025-02-14 13:45:00+00:00,2025-02-14 14:00:00+00:00,2025-02-18 09:30:00+00:00,71.46,71.75,29.000000000000625,26.000000000000625,0.0516898608349913,500,500,3.0,signal,156
futures,YM,mean_reversion,long,344664,344665,344711,2025-02-18 15:45:00+00:00,2025-02-18 16:00:00+00:00,2025-02-19 04:30:00+00:00,44644.0,44686.0,42.0,39.0,0.0775347912524851,300,500,3.0,signal,46
futures,CL,momentum,long,347060,347061,347065,2025-02-20 08:45:00+00:00,2025-02-20 09:00:00+00:00,2025-02-20 10:00:00+00:00,71.95,72.18,23.0000000000004,20.0000000000004,0.0397614314115316,500,500,3.0,signal,4
futures,CL,momentum,short,347309,347310,347352,2025-02-25 02:00:00+00:00,2025-02-25 02:15:00+00:00,2025-02-25 12:45:00+00:00,71.11,70.26,84.99999999999943,81.99999999999943,0.1630218687872752,500,500,3.0,signal,42
futures,CL,momentum,short,347524,347525,347742,2025-02-27 09:45:00+00:00,2025-02-27 10:00:00+00:00,2025-03-03 18:15:00+00:00,69.31,68.31,100.0,97.0,0.1928429423459244,500,500,3.0,signal,217
futures,ES,mean_reversion,long,345162,345163,345263,2025-02-27 16:00:00+00:00,2025-02-27 16:15:00+00:00,2025-02-28 18:15:00+00:00,5979.75,5854.75,-500.0,-503.0,-1.0,200,500,3.0,sl,100
futures,SI,momentum,long,346306,346307,346316,2025-03-04 14:45:00+00:00,2025-03-04 15:00:00+00:00,2025-03-04 17:15:00+00:00,32.195,32.345,29.99999999999972,26.99999999999972,0.053677932405566,150,500,3.0,signal,9
futures,CL,momentum,short,348068,348069,348479,2025-03-07 07:45:00+00:00,2025-03-07 08:00:00+00:00,2025-03-13 17:30:00+00:00,66.87,66.54,32.99999999999983,29.99999999999983,0.0596421471172958,500,500,3.0,signal,410
futures,ZN,mean_reversion,short,346673,346674,346691,2025-03-07 15:00:00+00:00,2025-03-07 15:15:00+00:00,2025-03-07 19:30:00+00:00,111.046875,110.515625,34.0,31.0,0.2026143790849673,75,150,3.0,signal,17
futures,YM,mean_reversion,long,345867,345868,345873,2025-03-07 17:30:00+00:00,2025-03-07 17:45:00+00:00,2025-03-07 19:00:00+00:00,42577.0,42877.0,300.0,297.0,0.5904572564612326,300,500,3.0,tp,5
futures,CL,momentum,long,348652,348653,348718,2025-03-17 14:45:00+00:00,2025-03-17 15:00:00+00:00,2025-03-18 08:15:00+00:00,67.42,68.21,78.9999999999992,75.9999999999992,0.1510934393638155,500,500,3.0,signal,65
futures,SI,momentum,long,347291,347292,347308,2025-03-19 07:00:00+00:00,2025-03-19 07:15:00+00:00,2025-03-19 11:15:00+00:00,34.595,34.595,0.0,-3.0,-0.0059642147117296,150,500,3.0,signal,16
futures,SI,momentum,short,347337,347338,347387,2025-03-19 18:30:00+00:00,2025-03-19 18:45:00+00:00,2025-03-20 08:00:00+00:00,34.48,34.23,50.0,47.0,0.0934393638170974,150,500,3.0,signal,49
futures,CL,momentum,long,348908,348909,348917,2025-03-20 09:45:00+00:00,2025-03-20 10:00:00+00:00,2025-03-20 12:00:00+00:00,67.06,67.23,17.00000000000017,14.00000000000017,0.0278330019880719,500,500,3.0,signal,8
futures,YM,mean_reversion,long,347148,347149,347237,2025-03-27 14:45:00+00:00,2025-03-27 15:00:00+00:00,2025-03-28 14:00:00+00:00,42784.0,42284.0,-500.0,-503.0,-1.0,300,500,3.0,sl,88
futures,ES,mean_reversion,long,347018,347019,347099,2025-03-27 19:00:00+00:00,2025-03-27 19:15:00+00:00,2025-03-28 16:15:00+00:00,5761.75,5636.75,-500.0,-503.0,-1.0,200,500,3.0,sl,80
futures,CL,momentum,short,349505,349506,349515,2025-03-30 22:00:00+00:00,2025-03-30 22:15:00+00:00,2025-03-31 00:30:00+00:00,69.68,69.1,58.00000000000125,55.00000000000125,0.1093439363817122,500,500,3.0,signal,9
futures,SI,momentum,long,348035,348036,348265,2025-03-31 09:00:00+00:00,2025-03-31 09:15:00+00:00,2025-04-02 20:30:00+00:00,34.965,34.995,5.999999999998806,2.9999999999988063,0.0059642147117272,150,500,3.0,signal,229
futures,ES,mean_reversion,short,347287,347288,347359,2025-04-01 17:15:00+00:00,2025-04-01 17:30:00+00:00,2025-04-02 12:15:00+00:00,5658.5,5628.0,122.0,119.0,0.2365805168986083,200,500,3.0,signal,71
futures,YM,mean_reversion,short,347530,347531,347537,2025-04-02 18:15:00+00:00,2025-04-02 18:30:00+00:00,2025-04-02 20:00:00+00:00,42226.0,42726.0,-500.0,-503.0,-1.0,300,500,3.0,sl,6
futures,CL,momentum,long,350279,350280,350412,2025-04-10 07:30:00+00:00,2025-04-10 07:45:00+00:00,2025-04-11 17:45:00+00:00,60.73,61.54,81.00000000000023,78.00000000000023,0.1550695825049706,500,500,3.0,signal,132
futures,SI,momentum,long,348800,348801,348857,2025-04-10 16:15:00+00:00,2025-04-10 16:30:00+00:00,2025-04-11 07:30:00+00:00,30.655,31.405,150.0,147.0,0.2922465208747515,150,500,3.0,tp,56
futures,CL,momentum,long,350586,350587,350675,2025-04-15 15:15:00+00:00,2025-04-15 15:30:00+00:00,2025-04-16 14:30:00+00:00,61.17,62.67,150.0,147.0,0.2922465208747515,500,500,3.0,signal,88
futures,ZN,mean_reversion,long,349431,349432,349577,2025-04-21 13:30:00+00:00,2025-04-21 13:45:00+00:00,2025-04-23 04:00:00+00:00,110.96875,110.9375,-2.0,-5.0,-0.0326797385620915,75,150,3.0,signal,145
futures,ES,mean_reversion,short,348575,348576,348590,2025-04-22 17:15:00+00:00,2025-04-22 17:30:00+00:00,2025-04-22 22:00:00+00:00,5271.0,5396.0,-500.0,-503.0,-1.0,200,500,3.0,sl,14
futures,YM,mean_reversion,short,348722,348723,348737,2025-04-22 17:15:00+00:00,2025-04-22 17:30:00+00:00,2025-04-22 22:00:00+00:00,38994.0,39494.0,-500.0,-503.0,-1.0,300,500,3.0,sl,14
futures,SI,momentum,long,349456,349457,349529,2025-04-22 19:15:00+00:00,2025-04-22 19:30:00+00:00,2025-04-23 14:30:00+00:00,32.57,33.085,103.00000000000011,100.00000000000011,0.1988071570576543,150,500,3.0,signal,72
futures,CL,momentum,short,351105,351106,351212,2025-04-24 07:00:00+00:00,2025-04-24 07:15:00+00:00,2025-04-25 10:45:00+00:00,62.96,62.2,75.9999999999998,72.9999999999998,0.145129224652087,500,500,3.0,signal,106
futures,SI,momentum,long,349617,349618,349884,2025-04-24 13:30:00+00:00,2025-04-24 13:45:00+00:00,2025-04-29 12:45:00+00:00,33.17,33.455,56.99999999999932,53.99999999999932,0.1073558648111318,150,500,3.0,signal,266
futures,SI,momentum,long,350246,350247,350286,2025-05-05 14:00:00+00:00,2025-05-05 14:15:00+00:00,2025-05-06 01:00:00+00:00,32.49,33.24,150.0,147.0,0.2922465208747515,150,500,3.0,tp,39
futures,CL,momentum,short,351817,351818,351978,2025-05-06 01:00:00+00:00,2025-05-06 01:15:00+00:00,2025-05-07 18:15:00+00:00,57.74,57.91,-16.99999999999946,-19.99999999999946,-0.0397614314115297,500,500,3.0,signal,160
futures,SI,momentum,short,350472,350473,350490,2025-05-08 01:30:00+00:00,2025-05-08 01:45:00+00:00,2025-05-08 06:00:00+00:00,32.875,32.74,26.9999999999996,23.9999999999996,0.0477137176938361,150,500,3.0,signal,17
futures,SI,momentum,short,350520,350521,350567,2025-05-08 13:30:00+00:00,2025-05-08 13:45:00+00:00,2025-05-09 02:15:00+00:00,32.82,32.395,84.99999999999943,81.99999999999943,0.1630218687872752,150,500,3.0,signal,46
futures,SI,momentum,long,350790,350791,350801,2025-05-13 12:00:00+00:00,2025-05-13 12:15:00+00:00,2025-05-13 14:45:00+00:00,32.875,33.085,42.00000000000017,39.00000000000017,0.0775347912524854,150,500,3.0,signal,10
futures,SI,momentum,long,351161,351162,351259,2025-05-19 12:45:00+00:00,2025-05-19 13:00:00+00:00,2025-05-20 14:15:00+00:00,32.545,32.96,82.99999999999983,79.99999999999983,0.1590457256461229,150,500,3.0,signal,97
futures,ZN,mean_reversion,long,351368,351369,351381,2025-05-20 14:45:00+00:00,2025-05-20 15:00:00+00:00,2025-05-20 18:00:00+00:00,110.140625,110.203125,4.0,1.0,0.0065359477124183,75,150,3.0,signal,12
futures,CL,momentum,long,352867,352868,353328,2025-05-21 10:30:00+00:00,2025-05-21 10:45:00+00:00,2025-05-28 13:15:00+00:00,62.57,61.82,-75.0,-78.0,-0.1550695825049702,500,500,3.0,signal,460
futures,SI,momentum,long,351788,351789,351901,2025-05-28 11:00:00+00:00,2025-05-28 11:15:00+00:00,2025-05-29 16:15:00+00:00,33.36,33.475,23.0000000000004,20.0000000000004,0.0397614314115316,150,500,3.0,signal,112
futures,CL,momentum,long,353351,353352,353365,2025-05-28 19:00:00+00:00,2025-05-28 19:15:00+00:00,2025-05-28 23:30:00+00:00,61.53,62.39,85.99999999999994,82.99999999999994,0.1650099403578527,500,500,3.0,signal,13
futures,ES,mean_reversion,long,351119,351120,351230,2025-05-30 13:15:00+00:00,2025-05-30 13:30:00+00:00,2025-06-02 18:00:00+00:00,5910.5,5920.25,39.0,36.0,0.0715705765407554,200,500,3.0,signal,110
futures,SI,momentum,short,352016,352017,352333,2025-06-01 23:00:00+00:00,2025-06-01 23:15:00+00:00,2025-06-05 09:15:00+00:00,33.26,35.76,-500.0,-503.0,-1.0,150,500,3.0,sl,316
futures,CL,momentum,long,353785,353786,353791,2025-06-04 12:30:00+00:00,2025-06-04 12:45:00+00:00,2025-06-04 14:00:00+00:00,62.94,63.69,75.0,72.0,0.1431411530815109,500,500,3.0,signal,5
futures,ES,mean_reversion,short,351500,351501,351511,2025-06-05 16:30:00+00:00,2025-06-05 16:45:00+00:00,2025-06-05 19:15:00+00:00,5987.5,5937.5,200.0,197.0,0.3916500994035785,200,500,3.0,tp,10
futures,SI,momentum,long,352631,352632,352857,2025-06-10 14:45:00+00:00,2025-06-10 15:00:00+00:00,2025-06-13 02:15:00+00:00,36.525,36.72,39.00000000000006,36.00000000000006,0.0715705765407555,150,500,3.0,signal,225
futures,CL,momentum,short,354594,354595,354913,2025-06-17 07:45:00+00:00,2025-06-17 08:00:00+00:00,2025-06-22 22:00:00+00:00,71.16,76.16,-500.0,-503.0,-1.0,500,500,3.0,sl,318
futures,SI,momentum,short,353446,353447,353475,2025-06-23 14:00:00+00:00,2025-06-23 14:15:00+00:00,2025-06-23 22:15:00+00:00,36.23,35.95,55.999999999998806,52.999999999998806,0.1053677932405542,150,500,3.0,signal,28
futures,CL,momentum,short,354986,354987,354988,2025-06-23 16:15:00+00:00,2025-06-23 16:30:00+00:00,2025-06-23 16:45:00+00:00,74.16,71.94,221.9999999999999,218.9999999999999,0.4353876739562622,500,500,3.0,signal,1
futures,CL,momentum,short,355253,355254,355270,2025-06-26 14:00:00+00:00,2025-06-26 14:15:00+00:00,2025-06-26 18:15:00+00:00,65.7,65.03,67.00000000000017,64.00000000000017,0.1272365805168989,500,500,3.0,signal,16
futures,SI,momentum,long,353771,353772,353898,2025-06-27 03:45:00+00:00,2025-06-27 04:00:00+00:00,2025-06-30 12:45:00+00:00,36.325,36.26,-13.000000000000966,-16.000000000000966,-0.0318091451292265,150,500,3.0,signal,126
futures,SI,momentum,long,353946,353947,353954,2025-07-01 01:45:00+00:00,2025-07-01 02:00:00+00:00,2025-07-01 03:45:00+00:00,36.15,36.24,18.000000000000682,15.000000000000682,0.0298210735586494,150,500,3.0,signal,7
futures,CL,momentum,short,355498,355499,355504,2025-07-01 06:15:00+00:00,2025-07-01 06:30:00+00:00,2025-07-01 07:45:00+00:00,65.17,64.77,40.00000000000057,37.00000000000057,0.0735586481113331,500,500,3.0,signal,5
futures,CL,momentum,long,355529,355530,355537,2025-07-01 14:00:00+00:00,2025-07-01 14:15:00+00:00,2025-07-01 16:00:00+00:00,65.28,65.73,45.00000000000029,42.00000000000029,0.0834990059642152,500,500,3.0,signal,7
futures,SI,momentum,short,354065,354066,354334,2025-07-02 08:30:00+00:00,2025-07-02 08:45:00+00:00,2025-07-07 10:45:00+00:00,36.335,36.36,-4.999999999999716,-7.999999999999716,-0.0159045725646117,150,500,3.0,signal,268
futures,CL,momentum,long,355784,355785,355879,2025-07-04 08:45:00+00:00,2025-07-04 09:00:00+00:00,2025-07-07 13:30:00+00:00,66.54,67.41,86.99999999999903,83.99999999999903,0.1669980119284275,500,500,3.0,signal,94
futures,YM,mean_reversion,short,354122,354123,354170,2025-07-15 03:00:00+00:00,2025-07-15 03:15:00+00:00,2025-07-15 15:00:00+00:00,44637.0,44367.0,270.0,267.0,0.5308151093439364,300,500,3.0,signal,47
futures,SI,momentum,short,354996,354997,355054,2025-07-16 15:15:00+00:00,2025-07-16 15:30:00+00:00,2025-07-17 06:45:00+00:00,38.25,38.065,37.000000000000455,34.000000000000455,0.0675944333996032,150,500,3.0,signal,57
futures,CL,momentum,short,356913,356914,356956,2025-07-22 19:00:00+00:00,2025-07-22 19:15:00+00:00,2025-07-23 06:45:00+00:00,65.56,65.23,32.99999999999983,29.99999999999983,0.0596421471172958,500,500,3.0,signal,42
futures,SI,momentum,long,355459,355460,355931,2025-07-23 16:00:00+00:00,2025-07-23 16:15:00+00:00,2025-07-30 19:00:00+00:00,39.475,36.975,-500.0,-503.0,-1.0,150,500,3.0,sl,471
futures,CL,momentum,long,357087,357088,357095,2025-07-24 16:30:00+00:00,2025-07-24 16:45:00+00:00,2025-07-24 18:30:00+00:00,65.77,66.06,29.000000000000625,26.000000000000625,0.0516898608349913,500,500,3.0,signal,7
futures,CL,momentum,long,357167,357168,357253,2025-07-25 13:30:00+00:00,2025-07-25 13:45:00+00:00,2025-07-28 12:00:00+00:00,65.85,66.23,38.000000000000966,35.000000000000966,0.0695825049701808,500,500,3.0,signal,85
futures,CL,momentum,short,357621,357622,357629,2025-08-01 12:00:00+00:00,2025-08-01 12:15:00+00:00,2025-08-01 14:00:00+00:00,69.07,68.45,61.99999999999904,58.99999999999904,0.1172962226640139,500,500,3.0,signal,7
futures,SI,momentum,short,356142,356143,356621,2025-08-04 02:45:00+00:00,2025-08-04 03:00:00+00:00,2025-08-11 07:30:00+00:00,37.04,38.05,-201.9999999999996,-204.9999999999996,-0.40755467196819,150,500,3.0,signal,478
futures,CL,momentum,short,357883,357884,357907,2025-08-06 08:30:00+00:00,2025-08-06 08:45:00+00:00,2025-08-06 14:30:00+00:00,66.14,65.72,42.00000000000017,39.00000000000017,0.0775347912524854,500,500,3.0,signal,23
futures,ES,mean_reversion,long,355606,355607,355614,2025-08-07 19:45:00+00:00,2025-08-07 20:00:00+00:00,2025-08-07 22:45:00+00:00,6367.5,6378.75,45.0,42.0,0.0834990059642147,200,500,3.0,signal,7
futures,YM,mean_reversion,long,355922,355923,356008,2025-08-11 16:00:00+00:00,2025-08-11 16:15:00+00:00,2025-08-12 14:30:00+00:00,44264.0,44504.0,240.0,237.0,0.4711729622266402,300,500,3.0,signal,85
futures,ES,mean_reversion,short,355858,355859,356154,2025-08-12 13:45:00+00:00,2025-08-12 14:00:00+00:00,2025-08-15 18:45:00+00:00,6414.25,6479.25,-260.0,-263.0,-0.5228628230616302,200,500,3.0,signal,295
futures,ES,mean_reversion,long,356165,356166,356596,2025-08-17 22:30:00+00:00,2025-08-17 22:45:00+00:00,2025-08-22 14:15:00+00:00,6479.0,6477.75,-5.0,-8.0,-0.0159045725646123,200,500,3.0,signal,430
futures,SI,momentum,short,357052,357053,357148,2025-08-18 00:15:00+00:00,2025-08-18 00:30:00+00:00,2025-08-19 01:15:00+00:00,38.1,37.915,37.000000000000455,34.000000000000455,0.0675944333996032,150,500,3.0,signal,95
futures,SI,momentum,short,357173,357174,357196,2025-08-19 07:30:00+00:00,2025-08-19 07:45:00+00:00,2025-08-19 13:15:00+00:00,38.055,37.92,26.9999999999996,23.9999999999996,0.0477137176938361,150,500,3.0,signal,22
futures,YM,mean_reversion,short,356471,356472,356485,2025-08-19 15:15:00+00:00,2025-08-19 15:30:00+00:00,2025-08-19 18:45:00+00:00,45080.0,44912.0,168.0,165.0,0.3280318091451292,300,500,3.0,signal,13
futures,CL,momentum,long,358808,358809,358833,2025-08-20 09:45:00+00:00,2025-08-20 10:00:00+00:00,2025-08-20 16:00:00+00:00,62.24,62.86,61.999999999999744,58.999999999999744,0.1172962226640153,500,500,3.0,signal,24
futures,SI,momentum,long,357445,357446,357475,2025-08-22 06:30:00+00:00,2025-08-22 06:45:00+00:00,2025-08-22 14:00:00+00:00,37.88,37.935,10.999999999999943,7.999999999999943,0.0159045725646122,150,500,3.0,signal,29
futures,SI,momentum,long,357631,357632,357798,2025-08-26 07:00:00+00:00,2025-08-26 07:15:00+00:00,2025-08-28 03:15:00+00:00,38.62,38.92,60.00000000000085,57.00000000000085,0.1133200795228645,150,500,3.0,signal,166
futures,CL,momentum,long,359172,359173,359352,2025-08-26 08:45:00+00:00,2025-08-26 09:00:00+00:00,2025-08-28 07:45:00+00:00,64.03,63.98,-5.000000000000426,-8.000000000000426,-0.0159045725646131,500,500,3.0,signal,179
futures,CL,momentum,long,359356,359357,359383,2025-08-28 08:45:00+00:00,2025-08-28 09:00:00+00:00,2025-08-28 15:30:00+00:00,63.67,63.81,14.000000000000057,11.000000000000057,0.021868787276342,500,500,3.0,signal,26
futures,CL,momentum,long,359471,359472,359542,2025-08-29 14:30:00+00:00,2025-08-29 14:45:00+00:00,2025-09-01 09:15:00+00:00,64.0,64.75,75.0,72.0,0.1431411530815109,500,500,3.0,signal,70
futures,ES,mean_reversion,long,357120,357121,357308,2025-09-01 07:15:00+00:00,2025-09-01 07:30:00+00:00,2025-09-03 12:15:00+00:00,6475.75,6455.75,-80.0,-83.0,-0.1650099403578528,200,500,3.0,signal,187
futures,ES,mean_reversion,short,357323,357324,357330,2025-09-03 16:00:00+00:00,2025-09-03 16:15:00+00:00,2025-09-03 17:45:00+00:00,6444.75,6434.25,42.0,39.0,0.0775347912524851,200,500,3.0,signal,6
futures,SI,momentum,long,358366,358367,358460,2025-09-05 14:15:00+00:00,2025-09-05 14:30:00+00:00,2025-09-08 14:45:00+00:00,41.44,42.19,150.0,147.0,0.2922465208747515,150,500,3.0,tp,93
futures,YM,mean_reversion,long,357741,357742,357766,2025-09-08 14:45:00+00:00,2025-09-08 15:00:00+00:00,2025-09-08 22:00:00+00:00,45510.0,45580.0,70.0,67.0,0.1332007952286282,300,500,3.0,signal,24
futures,CL,momentum,long,360086,360087,360100,2025-09-09 09:45:00+00:00,2025-09-09 10:00:00+00:00,2025-09-09 13:15:00+00:00,62.7,63.26,55.99999999999952,52.99999999999952,0.1053677932405557,500,500,3.0,signal,13
futures,CL,momentum,long,360111,360112,360135,2025-09-09 16:00:00+00:00,2025-09-09 16:15:00+00:00,2025-09-09 23:00:00+00:00,62.8,63.05,25.0,22.0,0.0437375745526839,500,500,3.0,signal,23
futures,CL,momentum,long,360265,360266,360374,2025-09-11 08:30:00+00:00,2025-09-11 08:45:00+00:00,2025-09-12 12:45:00+00:00,63.22,63.55,32.99999999999983,29.99999999999983,0.0596421471172958,500,500,3.0,signal,108
futures,CL,momentum,long,361282,361283,361289,2025-09-26 09:45:00+00:00,2025-09-26 10:00:00+00:00,2025-09-26 11:30:00+00:00,64.73,65.03,29.99999999999972,26.99999999999972,0.053677932405566,500,500,3.0,signal,6
futures,CL,momentum,long,361364,361365,361860,2025-09-29 07:15:00+00:00,2025-09-29 07:30:00+00:00,2025-10-06 16:15:00+00:00,64.95,61.87,-308.0000000000005,-311.0000000000005,-0.6182902584493052,500,500,3.0,signal,495
futures,ZN,mean_reversion,short,360044,360045,360072,2025-09-30 15:15:00+00:00,2025-09-30 15:30:00+00:00,2025-09-30 23:15:00+00:00,112.609375,112.453125,10.0,7.0,0.0457516339869281,75,150,3.0,signal,27
futures,SI,momentum,long,360113,360114,360200,2025-10-02 14:00:00+00:00,2025-10-02 14:15:00+00:00,2025-10-03 12:45:00+00:00,47.27,47.72,89.99999999999915,86.99999999999915,0.1729622266401573,150,500,3.0,signal,86
futures,SI,momentum,long,360361,360362,360464,2025-10-07 07:00:00+00:00,2025-10-07 07:15:00+00:00,2025-10-08 09:45:00+00:00,47.99,48.74,150.0,147.0,0.2922465208747515,150,500,3.0,tp,102
futures,CL,momentum,long,361917,361918,361963,2025-10-07 07:30:00+00:00,2025-10-07 07:45:00+00:00,2025-10-07 19:00:00+00:00,61.6,61.98,37.999999999999545,34.999999999999545,0.069582504970178,500,500,3.0,signal,45
futures,SI,momentum,long,360507,360508,360567,2025-10-08 20:30:00+00:00,2025-10-08 20:45:00+00:00,2025-10-09 12:30:00+00:00,48.375,48.93,110.99999999999994,107.99999999999994,0.2147117296222662,150,500,3.0,signal,59
futures,CL,momentum,long,362111,362112,362124,2025-10-09 10:00:00+00:00,2025-10-09 10:15:00+00:00,2025-10-09 13:15:00+00:00,62.13,62.81,67.99999999999997,64.99999999999997,0.1292246520874751,500,500,3.0,signal,12
futures,SI,momentum,long,360572,360573,360703,2025-10-09 13:45:00+00:00,2025-10-09 14:00:00+00:00,2025-10-13 00:30:00+00:00,48.47,49.22,150.0,147.0,0.2922465208747515,150,500,3.0,tp,130
futures,ES,mean_reversion,long,359730,359731,359756,2025-10-09 19:45:00+00:00,2025-10-09 20:00:00+00:00,2025-10-10 03:15:00+00:00,6781.25,6789.0,31.0,28.0,0.0556660039761431,200,500,3.0,signal,25
futures,CL,momentum,short,362488,362489,362500,2025-10-15 12:15:00+00:00,2025-10-15 12:30:00+00:00,2025-10-15 15:15:00+00:00,59.17,58.41,76.00000000000051,73.00000000000051,0.1451292246520885,500,500,3.0,signal,11
futures,SI,momentum,long,360999,361000,361020,2025-10-16 05:30:00+00:00,2025-10-16 05:45:00+00:00,2025-10-16 10:45:00+00:00,51.52,52.27,150.0,147.0,0.2922465208747515,150,500,3.0,tp,20
futures,SI,momentum,short,361461,361462,361538,2025-10-23 06:00:00+00:00,2025-10-23 06:15:00+00:00,2025-10-24 02:15:00+00:00,48.605,48.125,95.99999999999936,92.99999999999936,0.184890656063617,150,500,3.0,signal,76
futures,SI,momentum,short,361581,361582,361656,2025-10-24 13:00:00+00:00,2025-10-24 13:15:00+00:00,2025-10-27 08:45:00+00:00,48.355,47.605,150.0,147.0,0.2922465208747515,150,500,3.0,tp,74
futures,CL,momentum,short,363510,363511,363756,2025-10-30 14:45:00+00:00,2025-10-30 15:00:00+00:00,2025-11-04 08:15:00+00:00,60.42,60.41,1.0000000000005116,-1.9999999999994884,-0.003976143141152,500,500,3.0,signal,245
futures,ES,mean_reversion,long,361113,361114,361399,2025-10-30 20:30:00+00:00,2025-10-30 20:45:00+00:00,2025-11-05 01:00:00+00:00,6894.0,6769.0,-500.0,-503.0,-1.0,200,500,3.0,sl,285
futures,SI,momentum,long,362053,362054,362387,2025-10-31 16:00:00+00:00,2025-10-31 16:15:00+00:00,2025-11-06 08:30:00+00:00,48.13,48.59,92.00000000000016,89.00000000000017,0.1769383697813124,150,500,3.0,signal,333
futures,CL,momentum,long,363861,363862,364222,2025-11-05 11:30:00+00:00,2025-11-05 11:45:00+00:00,2025-11-11 09:45:00+00:00,60.63,60.43,-20.000000000000284,-23.000000000000284,-0.045725646123261,500,500,3.0,signal,360
futures,SI,momentum,long,362410,362411,362428,2025-11-06 14:15:00+00:00,2025-11-06 14:30:00+00:00,2025-11-06 18:45:00+00:00,47.97,48.0,6.000000000000227,3.000000000000228,0.00596421471173,150,500,3.0,signal,17
futures,SI,momentum,long,362507,362508,362512,2025-11-07 15:30:00+00:00,2025-11-07 15:45:00+00:00,2025-11-07 16:45:00+00:00,48.015,48.55,106.99999999999932,103.99999999999932,0.2067594433399588,150,500,3.0,signal,4
futures,CL,momentum,long,364314,364315,364469,2025-11-12 09:45:00+00:00,2025-11-12 10:00:00+00:00,2025-11-14 02:30:00+00:00,60.42,60.09,-32.99999999999983,-35.99999999999983,-0.0715705765407551,500,500,3.0,signal,154
futures,ZN,mean_reversion,short,363073,363074,363081,2025-11-14 14:30:00+00:00,2025-11-14 14:45:00+00:00,2025-11-14 16:30:00+00:00,112.875,112.671875,13.0,10.0,0.065359477124183,75,150,3.0,signal,7
futures,CL,momentum,long,364548,364549,364592,2025-11-16 23:15:00+00:00,2025-11-16 23:30:00+00:00,2025-11-17 10:15:00+00:00,59.47,60.08,60.99999999999994,57.99999999999994,0.1153081510934392,500,500,3.0,signal,43
futures,ES,mean_reversion,long,362190,362191,362240,2025-11-17 14:45:00+00:00,2025-11-17 15:00:00+00:00,2025-11-18 04:15:00+00:00,6765.25,6640.25,-500.0,-503.0,-1.0,200,500,3.0,sl,49
futures,CL,momentum,long,364700,364701,364708,2025-11-18 14:15:00+00:00,2025-11-18 14:30:00+00:00,2025-11-18 16:15:00+00:00,59.74,59.97,22.999999999999687,19.999999999999687,0.0397614314115301,500,500,3.0,signal,7
futures,SI,momentum,long,363196,363197,363205,2025-11-19 03:45:00+00:00,2025-11-19 04:00:00+00:00,2025-11-19 06:00:00+00:00,50.58,51.26,135.99999999999994,132.99999999999994,0.2644135188866798,150,500,3.0,signal,8
futures,CL,momentum,long,364768,364769,364774,2025-11-19 08:15:00+00:00,2025-11-19 08:30:00+00:00,2025-11-19 09:45:00+00:00,60.06,60.46,39.99999999999986,36.99999999999986,0.0735586481113317,500,500,3.0,signal,5
futures,SI,momentum,long,363246,363247,363405,2025-11-19 16:15:00+00:00,2025-11-19 16:30:00+00:00,2025-11-21 10:00:00+00:00,50.895,48.395,-500.0,-503.0,-1.0,150,500,3.0,sl,158
futures,CL,momentum,short,364861,364862,364893,2025-11-20 08:30:00+00:00,2025-11-20 08:45:00+00:00,2025-11-20 16:30:00+00:00,59.7,59.14,56.00000000000023,53.00000000000023,0.1053677932405571,500,500,3.0,signal,31
futures,CL,momentum,short,365076,365077,365156,2025-11-24 16:15:00+00:00,2025-11-24 16:30:00+00:00,2025-11-25 13:15:00+00:00,58.37,57.97,39.99999999999986,36.99999999999986,0.0735586481113317,500,500,3.0,signal,79
futures,CL,momentum,long,365454,365455,365469,2025-12-01 11:00:00+00:00,2025-12-01 11:15:00+00:00,2025-12-01 14:45:00+00:00,59.13,59.49,35.99999999999994,32.99999999999994,0.0656063618290257,500,500,3.0,signal,14
futures,YM,mean_reversion,short,363188,363189,363212,2025-12-01 16:00:00+00:00,2025-12-01 16:15:00+00:00,2025-12-01 23:00:00+00:00,47499.0,47358.0,141.0,138.0,0.2743538767395626,300,500,3.0,signal,23
futures,ES,mean_reversion,short,363054,363055,363504,2025-12-01 19:15:00+00:00,2025-12-01 19:30:00+00:00,2025-12-08 16:45:00+00:00,6831.75,6857.75,-104.0,-107.0,-0.2127236580516898,200,500,3.0,signal,449
futures,CL,momentum,short,365565,365566,365570,2025-12-02 15:45:00+00:00,2025-12-02 16:00:00+00:00,2025-12-02 17:00:00+00:00,59.23,58.83,39.99999999999986,36.99999999999986,0.0735586481113317,500,500,3.0,signal,4
futures,YM,mean_reversion,short,363290,363291,363378,2025-12-02 18:30:00+00:00,2025-12-02 18:45:00+00:00,2025-12-03 17:30:00+00:00,47405.0,47905.0,-500.0,-503.0,-1.0,300,500,3.0,sl,87
futures,CL,momentum,long,365650,365651,365749,2025-12-03 14:00:00+00:00,2025-12-03 14:15:00+00:00,2025-12-04 15:45:00+00:00,59.04,59.43,39.00000000000006,36.00000000000006,0.0715705765407555,500,500,3.0,signal,98
futures,SI,momentum,short,364233,364234,364469,2025-12-05 02:45:00+00:00,2025-12-05 03:00:00+00:00,2025-12-09 15:45:00+00:00,58.125,60.625,-500.0,-503.0,-1.0,150,500,3.0,sl,235
futures,CL,momentum,long,365906,365907,366600,2025-12-08 09:00:00+00:00,2025-12-08 09:15:00+00:00,2025-12-17 21:30:00+00:00,59.88,56.87,-301.0000000000005,-304.0000000000005,-0.6043737574552694,500,500,3.0,signal,693
futures,ES,mean_reversion,long,363590,363591,363702,2025-12-09 15:15:00+00:00,2025-12-09 15:30:00+00:00,2025-12-10 20:15:00+00:00,6861.0,6903.0,168.0,165.0,0.3280318091451292,200,500,3.0,signal,111
futures,SI,momentum,long,364743,364744,364809,2025-12-12 15:15:00+00:00,2025-12-12 15:30:00+00:00,2025-12-15 08:45:00+00:00,63.14,63.89,150.0,147.0,0.2922465208747515,150,500,3.0,tp,65
futures,SI,momentum,long,364877,364878,364941,2025-12-16 02:45:00+00:00,2025-12-16 03:00:00+00:00,2025-12-16 18:45:00+00:00,63.14,63.89,150.0,147.0,0.2922465208747515,150,500,3.0,tp,63
futures,ES,mean_reversion,short,364241,364242,364518,2025-12-18 17:00:00+00:00,2025-12-18 17:15:00+00:00,2025-12-23 17:15:00+00:00,6827.75,6952.75,-500.0,-503.0,-1.0,200,500,3.0,sl,276
futures,CL,momentum,short,366741,366742,367117,2025-12-19 10:45:00+00:00,2025-12-19 11:00:00+00:00,2025-12-26 16:00:00+00:00,56.01,57.43,-142.00000000000017,-145.00000000000017,-0.2882703777335987,500,500,3.0,signal,375
futures,CL,momentum,short,367181,367182,367352,2025-12-29 09:00:00+00:00,2025-12-29 09:15:00+00:00,2025-12-31 05:45:00+00:00,57.67,57.87,-19.999999999999574,-22.999999999999574,-0.0457256461232595,500,500,3.0,signal,170
futures,CL,momentum,long,367391,367392,367578,2025-12-31 15:30:00+00:00,2025-12-31 15:45:00+00:00,2026-01-05 16:15:00+00:00,58.03,58.37,33.99999999999963,30.99999999999963,0.061630218687872,500,500,3.0,signal,186
futures,SI,momentum,short,365863,365864,365866,2026-01-01 23:30:00+00:00,2026-01-01 23:45:00+00:00,2026-01-02 00:15:00+00:00,72.325,71.575,150.0,147.0,0.2922465208747515,150,500,3.0,tp,2
futures,SI,momentum,short,366206,366207,366253,2026-01-07 16:15:00+00:00,2026-01-07 16:30:00+00:00,2026-01-08 05:00:00+00:00,77.785,77.035,150.0,147.0,0.2922465208747515,150,500,3.0,tp,46
futures,SI,momentum,short,366334,366335,366338,2026-01-09 02:15:00+00:00,2026-01-09 02:30:00+00:00,2026-01-09 03:15:00+00:00,76.895,76.145,150.0,147.0,0.2922465208747515,150,500,3.0,tp,3
futures,SI,momentum,long,366746,366747,366751,2026-01-15 13:15:00+00:00,2026-01-15 13:30:00+00:00,2026-01-15 14:30:00+00:00,89.06,89.81,150.0,147.0,0.2922465208747515,150,500,3.0,tp,4
futures,SI,momentum,long,366795,366796,366804,2026-01-16 02:30:00+00:00,2026-01-16 02:45:00+00:00,2026-01-16 04:45:00+00:00,89.945,90.695,150.0,147.0,0.2922465208747515,150,500,3.0,tp,8
futures,CL,momentum,short,368378,368379,368420,2026-01-16 09:15:00+00:00,2026-01-16 09:30:00+00:00,2026-01-16 19:45:00+00:00,59.73,59.28,44.99999999999957,41.99999999999957,0.0834990059642138,500,500,3.0,signal,41
futures,SI,momentum,long,367020,367021,367022,2026-01-20 15:15:00+00:00,2026-01-20 15:30:00+00:00,2026-01-20 15:45:00+00:00,93.24,93.99,150.0,147.0,0.2922465208747515,150,500,3.0,tp,1
futures,SI,momentum,long,367060,367061,367070,2026-01-21 02:15:00+00:00,2026-01-21 02:30:00+00:00,2026-01-21 04:45:00+00:00,93.66,94.41,150.0,147.0,0.2922465208747515,150,500,3.0,tp,9
futures,CL,momentum,long,368738,368739,368847,2026-01-22 09:45:00+00:00,2026-01-22 10:00:00+00:00,2026-01-23 14:00:00+00:00,60.06,61.01,94.99999999999956,91.99999999999956,0.1829025844930409,500,500,3.0,signal,108
futures,ES,mean_reversion,long,366443,366444,366474,2026-01-26 00:15:00+00:00,2026-01-26 00:30:00+00:00,2026-01-26 08:00:00+00:00,6923.75,6941.0,69.0,66.0,0.1312127236580517,200,500,3.0,signal,30
futures,SI,momentum,long,367476,367477,367477,2026-01-27 14:15:00+00:00,2026-01-27 14:30:00+00:00,2026-01-27 14:30:00+00:00,108.055,108.805,150.0,147.0,0.2922465208747515,150,500,3.0,tp,1
futures,SI,momentum,long,367585,367586,367587,2026-01-28 18:30:00+00:00,2026-01-28 18:45:00+00:00,2026-01-28 19:00:00+00:00,110.945,111.695,150.0,147.0,0.2922465208747515,150,500,3.0,tp,1
futures,YM,mean_reversion,short,366916,366917,366923,2026-01-29 12:45:00+00:00,2026-01-29 13:00:00+00:00,2026-01-29 14:30:00+00:00,49198.0,49153.0,45.0,42.0,0.0834990059642147,300,500,3.0,signal,6
futures,CL,momentum,long,369320,369321,369329,2026-01-30 17:15:00+00:00,2026-01-30 17:30:00+00:00,2026-01-30 19:30:00+00:00,64.63,65.19,56.00000000000023,53.00000000000023,0.1053677932405571,500,500,3.0,signal,8
futures,ES,mean_reversion,long,366886,366887,366967,2026-01-30 19:00:00+00:00,2026-01-30 19:15:00+00:00,2026-02-02 16:15:00+00:00,6967.75,6998.75,124.0,121.0,0.2405566600397614,200,500,3.0,signal,80
futures,SI,momentum,long,368033,368034,368038,2026-02-04 15:30:00+00:00,2026-02-04 15:45:00+00:00,2026-02-04 16:45:00+00:00,87.54,85.04,-500.0,-503.0,-1.0,150,500,3.0,sl,4
futures,CL,momentum,long,369669,369670,369862,2026-02-05 12:30:00+00:00,2026-02-05 12:45:00+00:00,2026-02-09 14:45:00+00:00,63.62,64.1,47.99999999999969,44.99999999999969,0.0894632206759437,500,500,3.0,signal,192
futures,SI,momentum,long,368289,368290,368291,2026-02-09 10:30:00+00:00,2026-02-09 10:45:00+00:00,2026-02-09 11:00:00+00:00,78.525,79.275,150.0,147.0,0.2922465208747515,150,500,3.0,tp,1
futures,SI,momentum,long,368401,368402,368402,2026-02-10 15:30:00+00:00,2026-02-10 15:45:00+00:00,2026-02-10 15:45:00+00:00,80.32,81.07,150.0,147.0,0.2922465208747515,150,500,3.0,tp,1
futures,CL,momentum,long,369959,369960,370035,2026-02-10 16:00:00+00:00,2026-02-10 16:15:00+00:00,2026-02-11 12:00:00+00:00,63.98,65.39,141.00000000000037,138.00000000000037,0.2743538767395633,500,500,3.0,signal,75
futures,SI,momentum,long,368523,368524,368529,2026-02-12 00:00:00+00:00,2026-02-12 00:15:00+00:00,2026-02-12 01:30:00+00:00,82.095,82.845,150.0,147.0,0.2922465208747515,150,500,3.0,tp,5
futures,SI,momentum,short,368897,368898,368939,2026-02-18 04:00:00+00:00,2026-02-18 04:15:00+00:00,2026-02-18 14:30:00+00:00,75.0,77.5,-500.0,-503.0,-1.0,150,500,3.0,sl,41
futures,ES,mean_reversion,long,368233,368234,368238,2026-02-20 14:45:00+00:00,2026-02-20 15:00:00+00:00,2026-02-20 16:00:00+00:00,6880.0,6919.0,156.0,153.0,0.3041749502982107,200,500,3.0,signal,4
futures,ES,mean_reversion,short,368242,368243,368283,2026-02-20 17:00:00+00:00,2026-02-20 17:15:00+00:00,2026-02-23 04:15:00+00:00,6891.5,6873.0,74.0,71.0,0.1411530815109344,200,500,3.0,signal,40
futures,CL,momentum,long,370838,370839,370858,2026-02-24 08:15:00+00:00,2026-02-24 08:30:00+00:00,2026-02-24 13:15:00+00:00,66.34,66.86,51.9999999999996,48.9999999999996,0.0974155069582497,500,500,3.0,signal,19
futures,SI,momentum,long,369304,369305,369307,2026-02-24 13:45:00+00:00,2026-02-24 14:00:00+00:00,2026-02-24 14:30:00+00:00,86.0,86.75,150.0,147.0,0.2922465208747515,150,500,3.0,tp,2
futures,CL,momentum,short,370886,370887,370937,2026-02-24 20:15:00+00:00,2026-02-24 20:30:00+00:00,2026-02-25 10:00:00+00:00,66.33,65.63,70.00000000000028,67.00000000000028,0.1332007952286288,500,500,3.0,signal,50
futures,ES,mean_reversion,long,368618,368619,368753,2026-02-26 19:00:00+00:00,2026-02-26 19:15:00+00:00,2026-03-02 06:45:00+00:00,6913.0,6788.0,-500.0,-503.0,-1.0,200,500,3.0,sl,134
futures,CL,momentum,short,371743,371744,371760,2026-03-10 03:30:00+00:00,2026-03-10 03:45:00+00:00,2026-03-10 07:45:00+00:00,91.09,86.09,500.0,497.0,0.9880715705765408,500,500,3.0,tp,16
futures,SI,momentum,short,370369,370370,370398,2026-03-12 06:30:00+00:00,2026-03-12 06:45:00+00:00,2026-03-12 13:45:00+00:00,86.65,85.9,150.0,147.0,0.2922465208747515,150,500,3.0,tp,28
futures,CL,momentum,long,372353,372354,372359,2026-03-18 18:00:00+00:00,2026-03-18 18:15:00+00:00,2026-03-18 19:30:00+00:00,95.83,97.87,204.00000000000065,201.00000000000065,0.3996023856858859,500,500,3.0,signal,5
futures,CL,momentum,long,372385,372386,372411,2026-03-19 03:00:00+00:00,2026-03-19 03:15:00+00:00,2026-03-19 09:30:00+00:00,96.06,98.28,221.9999999999999,218.9999999999999,0.4353876739562622,500,500,3.0,signal,25
futures,CL,momentum,long,372415,372416,372420,2026-03-19 10:30:00+00:00,2026-03-19 10:45:00+00:00,2026-03-19 11:45:00+00:00,95.96,97.54,158.00000000000125,155.00000000000125,0.3081510934393663,500,500,3.0,signal,4
futures,SI,momentum,short,370901,370902,370902,2026-03-20 01:30:00+00:00,2026-03-20 01:45:00+00:00,2026-03-20 01:45:00+00:00,74.48,73.73,150.0,147.0,0.2922465208747515,150,500,3.0,tp,1
futures,CL,momentum,short,372501,372502,372549,2026-03-20 09:00:00+00:00,2026-03-20 09:15:00+00:00,2026-03-22 22:00:00+00:00,95.72,100.72,-500.0,-503.0,-1.0,500,500,3.0,sl,47
futures,ES,mean_reversion,short,370173,370174,370216,2026-03-23 15:45:00+00:00,2026-03-23 16:00:00+00:00,2026-03-24 03:30:00+00:00,6637.25,6601.0,145.0,142.0,0.2823061630218688,200,500,3.0,signal,42
futures,SI,momentum,short,371104,371105,371131,2026-03-24 06:15:00+00:00,2026-03-24 06:30:00+00:00,2026-03-24 13:00:00+00:00,69.085,68.335,150.0,147.0,0.2922465208747515,150,500,3.0,tp,26
futures,SI,momentum,long,371502,371503,371507,2026-03-30 13:45:00+00:00,2026-03-30 14:00:00+00:00,2026-03-30 15:00:00+00:00,70.385,71.135,150.0,147.0,0.2922465208747515,150,500,3.0,tp,4
futures,ES,mean_reversion,short,371133,371134,371147,2026-04-07 10:30:00+00:00,2026-04-07 10:45:00+00:00,2026-04-07 14:00:00+00:00,6639.0,6589.0,200.0,197.0,0.3916500994035785,200,500,3.0,tp,13
futures,ES,mean_reversion,long,371156,371157,371171,2026-04-07 16:15:00+00:00,2026-04-07 16:30:00+00:00,2026-04-07 20:00:00+00:00,6621.75,6655.5,135.0,132.0,0.2624254473161034,200,500,3.0,signal,14
futures,SI,momentum,short,372101,372102,372162,2026-04-09 02:30:00+00:00,2026-04-09 02:45:00+00:00,2026-04-09 17:45:00+00:00,74.32,76.82,-500.0,-503.0,-1.0,150,500,3.0,sl,60
futures,CL,momentum,short,373704,373705,373725,2026-04-09 10:45:00+00:00,2026-04-09 11:00:00+00:00,2026-04-09 16:00:00+00:00,99.62,99.13,49.00000000000091,46.00000000000091,0.0914512922465226,500,500,3.0,signal,20
futures,CL,momentum,long,373900,373901,373933,2026-04-13 13:45:00+00:00,2026-04-13 14:00:00+00:00,2026-04-13 23:00:00+00:00,101.73,96.73,-500.0,-503.0,-1.0,500,500,3.0,sl,32
futures,SI,momentum,short,372340,372341,372395,2026-04-13 16:15:00+00:00,2026-04-13 16:30:00+00:00,2026-04-14 07:00:00+00:00,75.19,77.69,-500.0,-503.0,-1.0,150,500,3.0,sl,54
futures,CL,momentum,short,374179,374180,374252,2026-04-16 14:30:00+00:00,2026-04-16 14:45:00+00:00,2026-04-17 09:45:00+00:00,93.34,90.85,249.0000000000009,246.0000000000009,0.4890656063618308,500,500,3.0,signal,72
