phase,side,entry_index,exit_index,entry_time,exit_time,bars_held,pnl_points,win,win_probability,predicted_win
momentum,long,29312,29315,2024-03-28 14:15:00+00:00,2024-03-28 15:00:00+00:00,3,7.3849999999997635,1,0.5929674640702074,1
mean_reversion,short,29312,29321,2024-03-28 14:15:00+00:00,2024-03-28 16:30:00+00:00,9,-13.25,0,0.5169941189596059,1
mean_reversion,short,29386,29477,2024-04-01 09:45:00+00:00,2024-04-02 09:30:00+00:00,91,-13.25,0,0.5299434714322336,1
momentum,long,29386,29400,2024-04-01 09:45:00+00:00,2024-04-01 13:15:00+00:00,14,2.2399999999997817,1,0.6180000110146563,1
momentum,long,29404,29411,2024-04-01 14:15:00+00:00,2024-04-01 16:00:00+00:00,7,6.804999999999836,1,0.4923704579869155,0
mean_reversion,short,29501,29511,2024-04-02 15:30:00+00:00,2024-04-02 18:00:00+00:00,10,-13.25,0,0.48814231084451937,0
momentum,long,29501,29512,2024-04-02 15:30:00+00:00,2024-04-02 18:15:00+00:00,11,14.289999999999964,1,0.5746339355694807,1
momentum,long,29560,29590,2024-04-03 07:15:00+00:00,2024-04-03 14:45:00+00:00,30,10.054999999999836,1,0.4569005278698334,0
mean_reversion,short,29560,29592,2024-04-03 07:15:00+00:00,2024-04-03 15:15:00+00:00,32,-13.25,0,0.5413140518829256,1
momentum,long,29672,29681,2024-04-04 12:15:00+00:00,2024-04-04 14:30:00+00:00,9,11.085000000000036,1,0.5731416807033523,1
mean_reversion,short,29672,29681,2024-04-04 12:15:00+00:00,2024-04-04 14:30:00+00:00,9,-13.25,0,0.5756753307225182,1
momentum,long,29702,29720,2024-04-04 19:45:00+00:00,2024-04-05 01:15:00+00:00,18,-13.25,0,0.4804738217381393,0
mean_reversion,short,29702,29725,2024-04-04 19:45:00+00:00,2024-04-05 02:30:00+00:00,23,11.409999999999854,1,0.48088861199289273,0
momentum,short,29746,29770,2024-04-05 07:45:00+00:00,2024-04-05 13:45:00+00:00,24,-13.25,0,0.5572870526781046,1
mean_reversion,long,29746,29751,2024-04-05 07:45:00+00:00,2024-04-05 09:00:00+00:00,5,-2.2100000000000364,0,0.6118460716333726,1
mean_reversion,short,29801,29814,2024-04-07 22:30:00+00:00,2024-04-08 01:45:00+00:00,13,-13.25,0,0.5034545310103404,1
momentum,long,29801,29814,2024-04-07 22:30:00+00:00,2024-04-08 01:45:00+00:00,13,15.679999999999836,1,0.5333243339094723,1
mean_reversion,short,29832,29927,2024-04-08 06:15:00+00:00,2024-04-09 07:00:00+00:00,95,-13.25,0,0.4471030728754748,0
momentum,long,29832,29856,2024-04-08 06:15:00+00:00,2024-04-08 12:15:00+00:00,24,-13.25,0,0.5989276668608239,1
momentum,long,29857,29869,2024-04-08 12:30:00+00:00,2024-04-08 15:30:00+00:00,12,3.3150000000000546,1,0.5152142562897211,1
mean_reversion,short,29942,30043,2024-04-09 10:45:00+00:00,2024-04-10 13:00:00+00:00,101,30.0,1,0.532760681317408,1
momentum,long,29942,29956,2024-04-09 10:45:00+00:00,2024-04-09 14:15:00+00:00,14,4.519999999999982,1,0.6312801278867588,1
momentum,long,29960,30041,2024-04-09 15:15:00+00:00,2024-04-10 12:30:00+00:00,81,-13.25,0,0.5515808812705121,1
momentum,long,30042,30043,2024-04-10 12:45:00+00:00,2024-04-10 13:00:00+00:00,1,-13.25,0,0.5079803968299835,1
mean_reversion,long,30127,30148,2024-04-11 11:00:00+00:00,2024-04-11 16:15:00+00:00,21,5.300000000000182,1,0.5793979700093871,1
momentum,short,30127,30151,2024-04-11 11:00:00+00:00,2024-04-11 17:00:00+00:00,24,-13.25,0,0.6214737143506924,1
mean_reversion,short,30237,30242,2024-04-12 15:30:00+00:00,2024-04-12 16:45:00+00:00,5,30.0,1,0.18558585009144113,0
momentum,long,30237,30240,2024-04-12 15:30:00+00:00,2024-04-12 16:15:00+00:00,3,-13.25,0,0.2964042435399943,0
mean_reversion,long,30260,30323,2024-04-14 22:15:00+00:00,2024-04-15 14:00:00+00:00,63,-13.25,0,0.25837772228113115,0
momentum,short,30260,30272,2024-04-14 22:15:00+00:00,2024-04-15 01:15:00+00:00,12,-0.31500000000005457,0,0.5430368533545168,1
momentum,short,30329,30336,2024-04-15 15:30:00+00:00,2024-04-15 17:15:00+00:00,7,-13.25,0,0.5512074299275955,1
mean_reversion,long,30329,30343,2024-04-15 15:30:00+00:00,2024-04-15 19:00:00+00:00,14,30.0,1,0.4335138029259447,0
mean_reversion,short,30386,30419,2024-04-16 06:45:00+00:00,2024-04-16 15:00:00+00:00,33,-13.25,0,0.5103976980040457,1
momentum,long,30386,30420,2024-04-16 06:45:00+00:00,2024-04-16 15:15:00+00:00,34,6.804999999999836,1,0.5591162988861134,1
mean_reversion,short,30442,30529,2024-04-16 20:45:00+00:00,2024-04-17 19:30:00+00:00,87,10.349999999999909,1,0.49511776627975823,0
momentum,long,30442,30485,2024-04-16 20:45:00+00:00,2024-04-17 08:30:00+00:00,43,6.949999999999818,1,0.5036835790100261,1
momentum,long,30515,30517,2024-04-17 16:00:00+00:00,2024-04-17 16:30:00+00:00,2,-13.25,0,0.5446786581938502,1
mean_reversion,short,30602,30640,2024-04-18 14:45:00+00:00,2024-04-19 01:15:00+00:00,38,-13.25,0,0.42930959872123986,0
momentum,long,30602,30607,2024-04-18 14:45:00+00:00,2024-04-18 16:00:00+00:00,5,4.985000000000127,1,0.5528027319230308,1
mean_reversion,short,30647,30737,2024-04-19 03:00:00+00:00,2024-04-22 02:30:00+00:00,90,15.394999999999982,1,0.3324383270877249,0
momentum,long,30647,30664,2024-04-19 03:00:00+00:00,2024-04-19 07:15:00+00:00,17,-3.755000000000109,0,0.3065293337327434,0
momentum,long,30669,30693,2024-04-19 08:30:00+00:00,2024-04-19 14:30:00+00:00,24,7.135000000000218,1,0.5168321103966258,1
momentum,long,30716,30735,2024-04-19 20:15:00+00:00,2024-04-22 02:00:00+00:00,19,-13.25,0,0.5434050199034525,1
mean_reversion,long,30851,30856,2024-04-23 08:00:00+00:00,2024-04-23 09:15:00+00:00,5,-13.25,0,0.36806548291048946,0
momentum,short,30851,30856,2024-04-23 08:00:00+00:00,2024-04-23 09:15:00+00:00,5,11.610000000000127,1,0.5014757661633228,1
mean_reversion,long,30870,31050,2024-04-23 12:45:00+00:00,2024-04-25 11:45:00+00:00,180,16.684999999999945,1,0.42914420609297627,0
momentum,short,30870,30874,2024-04-23 12:45:00+00:00,2024-04-23 13:45:00+00:00,4,-13.25,0,0.47161575514415016,0
momentum,short,30887,30944,2024-04-23 17:00:00+00:00,2024-04-24 08:15:00+00:00,57,9.164999999999964,1,0.5036883998547381,1
momentum,short,30972,31016,2024-04-24 15:15:00+00:00,2024-04-25 03:15:00+00:00,44,21.090000000000146,1,0.5603525568895517,1
momentum,long,31056,31062,2024-04-25 13:15:00+00:00,2024-04-25 14:45:00+00:00,6,17.159999999999854,1,0.46634014752136843,0
mean_reversion,short,31056,31058,2024-04-25 13:15:00+00:00,2024-04-25 13:45:00+00:00,2,-2.3449999999998,0,0.5306547182744865,1
momentum,long,31151,31191,2024-04-26 14:00:00+00:00,2024-04-29 01:00:00+00:00,40,-13.25,0,0.5116347284976089,1
mean_reversion,short,31151,31197,2024-04-26 14:00:00+00:00,2024-04-29 02:30:00+00:00,46,14.269999999999982,1,0.5011544719302297,1
momentum,long,31192,31247,2024-04-29 01:15:00+00:00,2024-04-29 15:00:00+00:00,55,5.820000000000164,1,0.6520504963076039,1
mean_reversion,long,31219,31222,2024-04-29 08:00:00+00:00,2024-04-29 08:45:00+00:00,3,1.3699999999998909,1,0.7154483829639411,1
mean_reversion,short,31237,31251,2024-04-29 12:30:00+00:00,2024-04-29 16:00:00+00:00,14,-13.25,0,0.6655290812095386,1
mean_reversion,long,31411,31445,2024-05-01 10:00:00+00:00,2024-05-01 18:30:00+00:00,34,30.0,1,0.5116313930272308,1
momentum,short,31411,31427,2024-05-01 10:00:00+00:00,2024-05-01 14:00:00+00:00,16,-13.25,0,0.5706361937132983,1
momentum,long,31451,31456,2024-05-01 20:00:00+00:00,2024-05-01 22:15:00+00:00,5,6.920000000000073,1,0.6162915100140309,1
mean_reversion,short,31451,31503,2024-05-01 20:00:00+00:00,2024-05-02 10:00:00+00:00,52,17.11499999999978,1,0.3916484937633822,0
momentum,short,31522,31583,2024-05-02 14:45:00+00:00,2024-05-03 07:00:00+00:00,61,5.264999999999873,1,0.6296550941123372,1
mean_reversion,long,31522,31609,2024-05-02 14:45:00+00:00,2024-05-03 13:30:00+00:00,87,-13.25,0,0.5815495878182737,1
momentum,short,31608,31610,2024-05-03 13:15:00+00:00,2024-05-03 13:45:00+00:00,2,10.895000000000437,1,0.5570995009926515,1
mean_reversion,long,31652,31658,2024-05-06 01:15:00+00:00,2024-05-06 02:45:00+00:00,6,3.3299999999999272,1,0.6859178796076343,1
momentum,short,31652,31677,2024-05-06 01:15:00+00:00,2024-05-06 07:30:00+00:00,25,-13.25,0,0.6471653162057748,1
mean_reversion,short,31707,31815,2024-05-06 15:00:00+00:00,2024-05-07 19:00:00+00:00,108,8.475000000000364,1,0.5361414400839185,1
momentum,long,31707,31792,2024-05-06 15:00:00+00:00,2024-05-07 13:15:00+00:00,85,-4.894999999999982,0,0.6375245747010287,1
mean_reversion,long,31843,31851,2024-05-08 03:00:00+00:00,2024-05-08 05:00:00+00:00,8,3.1200000000003456,1,0.6858503497940659,1
momentum,short,31843,31863,2024-05-08 03:00:00+00:00,2024-05-08 08:00:00+00:00,20,9.264999999999873,1,0.7596263337352066,1
momentum,short,31870,31885,2024-05-08 09:45:00+00:00,2024-05-08 13:30:00+00:00,15,-0.875,0,0.7398318831726083,1
mean_reversion,long,31870,31895,2024-05-08 09:45:00+00:00,2024-05-08 16:00:00+00:00,25,8.945000000000164,1,0.6511139943095028,1
momentum,short,31890,31953,2024-05-08 14:45:00+00:00,2024-05-09 07:30:00+00:00,63,6.635000000000218,1,0.7102955522394119,1
mean_reversion,long,31969,31973,2024-05-09 11:30:00+00:00,2024-05-09 12:30:00+00:00,4,14.024999999999636,1,0.6640815179125119,1
momentum,short,31969,31973,2024-05-09 11:30:00+00:00,2024-05-09 12:30:00+00:00,4,-13.25,0,0.6867254926319798,1
momentum,long,32067,32127,2024-05-10 13:00:00+00:00,2024-05-13 05:00:00+00:00,60,-13.25,0,0.5116628613126797,1
mean_reversion,short,32067,32148,2024-05-10 13:00:00+00:00,2024-05-13 10:15:00+00:00,81,26.684999999999945,1,0.409196002514562,0
momentum,long,32141,32252,2024-05-13 08:30:00+00:00,2024-05-14 13:15:00+00:00,111,5.065000000000055,1,0.6617968489412855,1
mean_reversion,long,32207,32251,2024-05-14 02:00:00+00:00,2024-05-14 13:00:00+00:00,44,6.1349999999997635,1,0.729797065852675,1
momentum,long,32263,32270,2024-05-14 16:00:00+00:00,2024-05-14 17:45:00+00:00,7,6.734999999999673,1,0.7125537692558633,1
mean_reversion,short,32263,32319,2024-05-14 16:00:00+00:00,2024-05-15 07:00:00+00:00,56,-13.25,0,0.6509727795519371,1
mean_reversion,short,32337,32341,2024-05-15 11:30:00+00:00,2024-05-15 12:30:00+00:00,4,-13.25,0,0.635930723225129,1
momentum,long,32337,32342,2024-05-15 11:30:00+00:00,2024-05-15 12:45:00+00:00,5,8.409999999999854,1,0.6719170275771315,1
mean_reversion,short,32395,32527,2024-05-16 03:00:00+00:00,2024-05-17 13:00:00+00:00,132,-13.25,0,0.5305413393394451,1
momentum,long,32395,32436,2024-05-16 03:00:00+00:00,2024-05-16 13:15:00+00:00,41,-13.25,0,0.589824278033536,1
momentum,long,32438,32446,2024-05-16 13:45:00+00:00,2024-05-16 15:45:00+00:00,8,6.4099999999998545,1,0.5910720773521011,1
mean_reversion,short,32595,32617,2024-05-20 07:00:00+00:00,2024-05-20 12:30:00+00:00,22,30.0,1,0.44052059501595575,0
momentum,long,32595,32613,2024-05-20 07:00:00+00:00,2024-05-20 11:30:00+00:00,18,-13.25,0,0.6297010672516813,1
mean_reversion,short,32648,32772,2024-05-20 20:15:00+00:00,2024-05-22 05:15:00+00:00,124,12.680000000000291,1,0.5934305308043538,1
momentum,long,32648,32670,2024-05-20 20:15:00+00:00,2024-05-21 02:45:00+00:00,22,-13.25,0,0.6403558271078035,1
momentum,long,32724,32797,2024-05-21 16:15:00+00:00,2024-05-22 11:30:00+00:00,73,-13.25,0,0.6007847659261547,1
momentum,short,33039,33084,2024-05-27 03:00:00+00:00,2024-05-27 14:15:00+00:00,45,-13.25,0,0.628938627341674,1
mean_reversion,long,33039,33087,2024-05-27 03:00:00+00:00,2024-05-27 15:00:00+00:00,48,9.789999999999964,1,0.598060948398529,1
momentum,long,33135,33162,2024-05-28 06:30:00+00:00,2024-05-28 13:15:00+00:00,27,17.345000000000255,1,0.685699430030297,1
mean_reversion,short,33135,33137,2024-05-28 06:30:00+00:00,2024-05-28 07:00:00+00:00,2,0.8299999999999272,1,0.6906246640742596,1
mean_reversion,long,33159,33162,2024-05-28 12:30:00+00:00,2024-05-28 13:15:00+00:00,3,5.724999999999909,1,0.7096683648342252,1
mean_reversion,short,33168,33238,2024-05-28 14:45:00+00:00,2024-05-29 09:15:00+00:00,70,12.259999999999764,1,0.61651795354829,1
momentum,long,33168,33171,2024-05-28 14:45:00+00:00,2024-05-28 15:30:00+00:00,3,4.985000000000127,1,0.7003560115314066,1
momentum,long,33235,33300,2024-05-29 08:30:00+00:00,2024-05-30 01:45:00+00:00,65,-13.25,0,0.6319084344545438,1
mean_reversion,long,33258,33303,2024-05-29 14:15:00+00:00,2024-05-30 02:30:00+00:00,45,-13.25,0,0.6347284297183665,1
momentum,short,33321,33342,2024-05-30 07:00:00+00:00,2024-05-30 12:15:00+00:00,21,-0.29500000000007276,0,0.5851465307973281,1
mean_reversion,long,33321,33382,2024-05-30 07:00:00+00:00,2024-05-30 23:15:00+00:00,61,7.260000000000218,1,0.6028874022898834,1
momentum,long,33398,33436,2024-05-31 03:15:00+00:00,2024-05-31 12:45:00+00:00,38,15.150000000000091,1,0.6248196986304095,1
mean_reversion,short,33398,33419,2024-05-31 03:15:00+00:00,2024-05-31 08:30:00+00:00,21,-3.0399999999999636,0,0.613921574265854,1
momentum,long,33442,33446,2024-05-31 14:15:00+00:00,2024-05-31 15:15:00+00:00,4,-13.25,0,0.5735180309607163,1
mean_reversion,short,33442,33446,2024-05-31 14:15:00+00:00,2024-05-31 15:15:00+00:00,4,10.774999999999636,1,0.3956805350750699,0
momentum,short,33467,33491,2024-05-31 20:30:00+00:00,2024-06-03 03:30:00+00:00,24,6.180000000000291,1,0.6188216428419435,1
mean_reversion,long,33467,33499,2024-05-31 20:30:00+00:00,2024-06-03 05:30:00+00:00,32,-13.25,0,0.544600355107951,1
mean_reversion,long,33505,33541,2024-06-03 07:00:00+00:00,2024-06-03 16:00:00+00:00,36,17.1550000000002,1,0.6256628326252057,1
momentum,short,33505,33533,2024-06-03 07:00:00+00:00,2024-06-03 14:00:00+00:00,28,-13.25,0,0.6613761256893169,1
mean_reversion,short,33576,33610,2024-06-04 01:45:00+00:00,2024-06-04 10:15:00+00:00,34,13.264999999999873,1,0.6143100311022971,1
momentum,long,33576,33603,2024-06-04 01:45:00+00:00,2024-06-04 08:30:00+00:00,27,-13.25,0,0.6974685022041436,1
momentum,short,33620,33624,2024-06-04 12:45:00+00:00,2024-06-04 13:45:00+00:00,4,10.769999999999982,1,0.7139797956892464,1
mean_reversion,long,33620,33625,2024-06-04 12:45:00+00:00,2024-06-04 14:00:00+00:00,5,-13.25,0,0.6657336348446692,1
momentum,short,33671,33687,2024-06-05 02:30:00+00:00,2024-06-05 06:30:00+00:00,16,-1.849999999999909,0,0.6839015138091717,1
mean_reversion,long,33671,33713,2024-06-05 02:30:00+00:00,2024-06-05 13:00:00+00:00,42,9.980000000000018,1,0.6414211381590541,1
momentum,short,33696,33718,2024-06-05 08:45:00+00:00,2024-06-05 14:15:00+00:00,22,-13.25,0,0.7018633648316238,1
momentum,long,33770,33804,2024-06-06 04:15:00+00:00,2024-06-06 12:45:00+00:00,34,-13.25,0,0.6699981384307032,1
mean_reversion,short,33770,33862,2024-06-06 04:15:00+00:00,2024-06-07 04:15:00+00:00,92,-13.25,0,0.5168051135224234,1
momentum,long,33853,33859,2024-06-07 02:00:00+00:00,2024-06-07 03:30:00+00:00,6,7.650000000000091,1,0.6179215259314743,1
momentum,long,33869,33877,2024-06-07 06:00:00+00:00,2024-06-07 08:00:00+00:00,8,-13.25,0,0.6139546359440349,1
mean_reversion,short,33869,33879,2024-06-07 06:00:00+00:00,2024-06-07 08:30:00+00:00,10,30.0,1,0.48926323148561945,0
mean_reversion,long,33969,34114,2024-06-10 08:00:00+00:00,2024-06-11 22:15:00+00:00,145,18.154999999999745,1,0.4659745171668185,0
momentum,short,33969,34002,2024-06-10 08:00:00+00:00,2024-06-10 16:15:00+00:00,33,-13.25,0,0.534667629407259,1
momentum,short,34003,34037,2024-06-10 16:30:00+00:00,2024-06-11 02:00:00+00:00,34,11.290000000000418,1,0.5821921082922088,1
momentum,short,34079,34171,2024-06-11 12:30:00+00:00,2024-06-12 12:30:00+00:00,92,-13.25,0,0.5732852267332555,1
momentum,long,34178,34184,2024-06-12 14:15:00+00:00,2024-06-12 15:45:00+00:00,6,9.795000000000073,1,0.6201004311110129,1
mean_reversion,short,34178,34189,2024-06-12 14:15:00+00:00,2024-06-12 17:00:00+00:00,11,-13.25,0,0.49905930678511856,0
mean_reversion,short,34194,34229,2024-06-12 18:15:00+00:00,2024-06-13 04:00:00+00:00,35,17.039999999999964,1,0.453423002757793,0
momentum,long,34194,34198,2024-06-12 18:15:00+00:00,2024-06-12 19:15:00+00:00,4,-13.25,0,0.6528288792501432,1
momentum,long,34219,34276,2024-06-13 01:30:00+00:00,2024-06-13 15:45:00+00:00,57,-13.25,0,0.570317786875158,1
mean_reversion,long,34264,34268,2024-06-13 12:45:00+00:00,2024-06-13 13:45:00+00:00,4,-13.25,0,0.6069099459855231,1
mean_reversion,long,34338,34343,2024-06-14 08:15:00+00:00,2024-06-14 09:30:00+00:00,5,1.2200000000002547,1,0.6213097635179725,1
momentum,short,34338,34348,2024-06-14 08:15:00+00:00,2024-06-14 10:45:00+00:00,10,-13.25,0,0.5982191288668197,1
mean_reversion,short,34421,34461,2024-06-17 06:00:00+00:00,2024-06-17 16:00:00+00:00,40,4.144999999999982,1,0.7125896158616777,1
momentum,long,34421,34450,2024-06-17 06:00:00+00:00,2024-06-17 13:15:00+00:00,29,5.0949999999998,1,0.67268173478687,1
momentum,long,34460,34492,2024-06-17 15:45:00+00:00,2024-06-18 00:45:00+00:00,32,11.489999999999782,1,0.6763882440689648,1
mean_reversion,long,34537,34551,2024-06-18 12:00:00+00:00,2024-06-18 15:30:00+00:00,14,15.605000000000018,1,0.6724244669018083,1
momentum,short,34537,34544,2024-06-18 12:00:00+00:00,2024-06-18 13:45:00+00:00,7,-13.25,0,0.7544565422997345,1
mean_reversion,short,34619,34683,2024-06-19 09:30:00+00:00,2024-06-20 05:00:00+00:00,64,-13.25,0,0.6584811886425121,1
momentum,long,34619,34646,2024-06-19 09:30:00+00:00,2024-06-19 16:15:00+00:00,27,2.8400000000001455,1,0.6391655180836606,1
mean_reversion,short,34696,34718,2024-06-20 08:15:00+00:00,2024-06-20 13:45:00+00:00,22,-13.25,0,0.60046316002923,1
momentum,long,34696,34705,2024-06-20 08:15:00+00:00,2024-06-20 10:30:00+00:00,9,5.214999999999691,1,0.6432379977740553,1
mean_reversion,short,34727,34788,2024-06-20 16:00:00+00:00,2024-06-21 08:15:00+00:00,61,-13.25,0,0.45388279850365165,0
momentum,long,34727,34788,2024-06-20 16:00:00+00:00,2024-06-21 08:15:00+00:00,61,13.194999999999709,1,0.6191785876209652,1
mean_reversion,short,34809,34819,2024-06-21 13:30:00+00:00,2024-06-21 16:00:00+00:00,10,25.144999999999982,1,0.5951860119334932,1
momentum,long,34809,34810,2024-06-21 13:30:00+00:00,2024-06-21 13:45:00+00:00,1,-13.25,0,0.4087768317498745,0
mean_reversion,long,34854,35055,2024-06-24 01:45:00+00:00,2024-06-26 06:00:00+00:00,201,-13.25,0,0.5366196780206992,1
momentum,short,34854,34887,2024-06-24 01:45:00+00:00,2024-06-24 10:00:00+00:00,33,-2.369999999999891,0,0.6547038874075422,1
momentum,short,34902,34911,2024-06-24 13:45:00+00:00,2024-06-24 16:00:00+00:00,9,-1.5099999999997635,0,0.6781070495955882,1
momentum,short,34975,34985,2024-06-25 09:00:00+00:00,2024-06-25 11:30:00+00:00,10,1.699999999999818,1,0.749600734925662,1
momentum,short,34999,35008,2024-06-25 15:00:00+00:00,2024-06-25 17:15:00+00:00,9,4.554999999999836,1,0.7494506943962896,1
momentum,short,35044,35056,2024-06-26 03:15:00+00:00,2024-06-26 06:15:00+00:00,12,8.090000000000146,1,0.7128506270993751,1
mean_reversion,long,35080,35084,2024-06-26 12:15:00+00:00,2024-06-26 13:15:00+00:00,4,-13.25,0,0.6135105441077428,1
momentum,short,35080,35084,2024-06-26 12:15:00+00:00,2024-06-26 13:15:00+00:00,4,18.804999999999836,1,0.6837301938415108,1
mean_reversion,long,35158,35175,2024-06-27 08:45:00+00:00,2024-06-27 13:00:00+00:00,17,16.329999999999927,1,0.6226346471683845,1
momentum,short,35158,35173,2024-06-27 08:45:00+00:00,2024-06-27 12:30:00+00:00,15,-13.25,0,0.5585364995387919,1
mean_reversion,short,35219,35256,2024-06-28 01:00:00+00:00,2024-06-28 10:15:00+00:00,37,-13.25,0,0.6125993244612107,1
momentum,long,35219,35239,2024-06-28 01:00:00+00:00,2024-06-28 06:00:00+00:00,20,6.684999999999945,1,0.5594060314459833,1
momentum,long,35271,35313,2024-06-28 14:00:00+00:00,2024-07-01 01:30:00+00:00,42,-6.045000000000073,0,0.6035411041752601,1
mean_reversion,short,35271,35446,2024-06-28 14:00:00+00:00,2024-07-02 11:45:00+00:00,175,11.724999999999909,1,0.5090505145319275,1
momentum,long,35326,35335,2024-07-01 04:45:00+00:00,2024-07-01 07:00:00+00:00,9,2.480000000000018,1,0.743753082272646,1
momentum,long,35358,35454,2024-07-01 12:45:00+00:00,2024-07-02 13:45:00+00:00,96,7.065000000000055,1,0.6392799083461073,1
mean_reversion,long,35451,35454,2024-07-02 13:00:00+00:00,2024-07-02 13:45:00+00:00,3,6.869999999999891,1,0.7213342514920164,1
mean_reversion,short,35559,35715,2024-07-03 17:00:00+00:00,2024-07-05 12:30:00+00:00,156,-13.25,0,0.5778971831497922,1
momentum,long,35559,35716,2024-07-03 17:00:00+00:00,2024-07-05 12:45:00+00:00,157,16.009999999999764,1,0.6553465335471285,1
momentum,long,35753,35791,2024-07-07 23:00:00+00:00,2024-07-08 08:30:00+00:00,38,-13.25,0,0.671450123923864,1
mean_reversion,short,35753,35820,2024-07-07 23:00:00+00:00,2024-07-08 15:45:00+00:00,67,30.0,1,0.5958675282787111,1
momentum,long,35819,35910,2024-07-08 15:30:00+00:00,2024-07-09 15:15:00+00:00,91,-13.25,0,0.5322379409864675,1
mean_reversion,long,35904,35908,2024-07-09 13:45:00+00:00,2024-07-09 14:45:00+00:00,4,-13.25,0,0.7275904771258126,1
mean_reversion,short,36001,36083,2024-07-10 15:00:00+00:00,2024-07-11 12:30:00+00:00,82,-13.25,0,0.5714174091377239,1
momentum,long,36001,36006,2024-07-10 15:00:00+00:00,2024-07-10 16:15:00+00:00,5,1.5899999999996908,1,0.6831690374373811,1
mean_reversion,short,36101,36276,2024-07-11 17:00:00+00:00,2024-07-15 14:45:00+00:00,175,-13.25,0,0.384212882063278,0
momentum,long,36101,36160,2024-07-11 17:00:00+00:00,2024-07-12 08:45:00+00:00,59,-4.974999999999909,0,0.5909378561527098,1
momentum,long,36166,36181,2024-07-12 10:15:00+00:00,2024-07-12 14:00:00+00:00,15,8.084999999999582,1,0.5738329826992321,1
momentum,long,36242,36251,2024-07-15 06:15:00+00:00,2024-07-15 08:30:00+00:00,9,5.210000000000036,1,0.6731392127420436,1
momentum,long,36270,36274,2024-07-15 13:15:00+00:00,2024-07-15 14:15:00+00:00,4,7.2800000000002,1,0.7427876196892297,1
mean_reversion,short,36286,36340,2024-07-15 17:15:00+00:00,2024-07-16 07:45:00+00:00,54,-13.25,0,0.5466152948744224,1
momentum,long,36286,36317,2024-07-15 17:15:00+00:00,2024-07-16 02:00:00+00:00,31,1.8449999999998,1,0.6350030264154575,1
momentum,long,36360,36365,2024-07-16 12:45:00+00:00,2024-07-16 14:00:00+00:00,5,10.304999999999836,1,0.5734787548831677,1
mean_reversion,short,36360,36363,2024-07-16 12:45:00+00:00,2024-07-16 13:30:00+00:00,3,-13.25,0,0.5756697909750569,1
mean_reversion,short,36414,36434,2024-07-17 03:15:00+00:00,2024-07-17 08:15:00+00:00,20,-13.25,0,0.5190572763304002,1
momentum,long,36414,36432,2024-07-17 03:15:00+00:00,2024-07-17 07:45:00+00:00,18,8.984999999999673,1,0.4592261962242255,0
momentum,long,36446,36451,2024-07-17 11:15:00+00:00,2024-07-17 12:30:00+00:00,5,5.065000000000055,1,0.6378824307636801,1
mean_reversion,short,36446,36456,2024-07-17 11:15:00+00:00,2024-07-17 13:45:00+00:00,10,-13.25,0,0.5986637178536682,1
mean_reversion,short,36461,36521,2024-07-17 15:00:00+00:00,2024-07-18 07:00:00+00:00,60,-13.25,0,0.5559838576225827,1
momentum,long,36461,36508,2024-07-17 15:00:00+00:00,2024-07-18 03:45:00+00:00,47,8.190000000000055,1,0.4717678015726884,0
mean_reversion,short,36529,36569,2024-07-18 09:00:00+00:00,2024-07-18 19:00:00+00:00,40,23.470000000000255,1,0.5710615736154522,1
momentum,long,36529,36553,2024-07-18 09:00:00+00:00,2024-07-18 15:00:00+00:00,24,0.009999999999763531,1,0.607970938124627,1
momentum,long,36558,36569,2024-07-18 16:15:00+00:00,2024-07-18 19:00:00+00:00,11,-13.25,0,0.6412543062173781,1
momentum,short,36671,36725,2024-07-21 22:30:00+00:00,2024-07-22 12:00:00+00:00,54,16.15000000000009,1,0.5600282423337863,1
mean_reversion,long,36671,36725,2024-07-21 22:30:00+00:00,2024-07-22 12:00:00+00:00,54,-13.25,0,0.5148943638507462,1
mean_reversion,long,36745,36855,2024-07-22 17:00:00+00:00,2024-07-23 22:30:00+00:00,110,15.490000000000236,1,0.5373144302519899,1
momentum,short,36745,36794,2024-07-22 17:00:00+00:00,2024-07-23 06:15:00+00:00,49,4.889999999999873,1,0.6378420880573378,1
momentum,short,36800,36814,2024-07-23 07:45:00+00:00,2024-07-23 11:15:00+00:00,14,-13.25,0,0.6586815840364506,1
momentum,long,36926,36933,2024-07-24 16:15:00+00:00,2024-07-24 18:00:00+00:00,7,-13.25,0,0.6618312533797426,1
mean_reversion,short,36926,36943,2024-07-24 16:15:00+00:00,2024-07-24 20:30:00+00:00,17,23.340000000000146,1,0.5957399902301138,1
momentum,short,37053,37101,2024-07-26 02:00:00+00:00,2024-07-26 14:00:00+00:00,48,-13.25,0,0.5180595445824766,1
mean_reversion,long,37053,37111,2024-07-26 02:00:00+00:00,2024-07-26 16:30:00+00:00,58,17.00500000000011,1,0.4520540370171748,0
momentum,long,37146,37196,2024-07-29 02:15:00+00:00,2024-07-29 14:45:00+00:00,50,-13.25,0,0.6777166057029036,1
mean_reversion,short,37146,37202,2024-07-29 02:15:00+00:00,2024-07-29 16:15:00+00:00,56,16.6550000000002,1,0.6358649258597505,1
mean_reversion,short,37292,37296,2024-07-30 15:45:00+00:00,2024-07-30 16:45:00+00:00,4,-13.25,0,0.6745555764837603,1
momentum,long,37292,37297,2024-07-30 15:45:00+00:00,2024-07-30 17:00:00+00:00,5,16.914999999999964,1,0.6932163540561224,1
momentum,long,37352,37378,2024-07-31 07:45:00+00:00,2024-07-31 14:15:00+00:00,26,5.8400000000001455,1,0.5981859360732529,1
mean_reversion,short,37352,37395,2024-07-31 07:45:00+00:00,2024-07-31 18:30:00+00:00,43,-13.25,0,0.4927812782719059,0
momentum,long,37383,37397,2024-07-31 15:30:00+00:00,2024-07-31 19:00:00+00:00,14,9.305000000000291,1,0.6680913751099004,1
momentum,long,37424,37462,2024-08-01 02:45:00+00:00,2024-08-01 12:15:00+00:00,38,2.8150000000000546,1,0.49019398635168177,0
mean_reversion,short,37424,37463,2024-08-01 02:45:00+00:00,2024-08-01 12:30:00+00:00,39,-13.25,0,0.3967438917794595,0
mean_reversion,short,37474,37524,2024-08-01 15:15:00+00:00,2024-08-02 04:45:00+00:00,50,-13.25,0,0.43186712039428804,0
momentum,long,37474,37492,2024-08-01 15:15:00+00:00,2024-08-01 19:45:00+00:00,18,-3.730000000000018,0,0.5439881854458423,1
momentum,long,37510,37515,2024-08-02 01:15:00+00:00,2024-08-02 02:30:00+00:00,5,7.835000000000036,1,0.5336840523617342,1
mean_reversion,short,37564,37577,2024-08-02 14:45:00+00:00,2024-08-02 18:00:00+00:00,13,0.2899999999999636,1,0.41442545690101146,0
momentum,long,37564,37565,2024-08-02 14:45:00+00:00,2024-08-02 15:00:00+00:00,1,-13.25,0,0.3939378795251073,0
mean_reversion,long,37588,37598,2024-08-02 20:45:00+00:00,2024-08-05 00:15:00+00:00,10,-13.25,0,0.5517490759042265,1
momentum,short,37588,37599,2024-08-02 20:45:00+00:00,2024-08-05 00:30:00+00:00,11,12.784999999999854,1,0.5132866838700255,1
mean_reversion,long,37604,37614,2024-08-05 01:45:00+00:00,2024-08-05 04:15:00+00:00,10,14.740000000000236,1,0.5473019110911028,1
momentum,short,37604,37613,2024-08-05 01:45:00+00:00,2024-08-05 04:00:00+00:00,9,-13.25,0,0.5297039181270952,1
momentum,long,37619,37622,2024-08-05 05:30:00+00:00,2024-08-05 06:15:00+00:00,3,-13.25,0,0.47935440730250806,0
mean_reversion,short,37619,37623,2024-08-05 05:30:00+00:00,2024-08-05 06:30:00+00:00,4,10.305000000000291,1,0.46346041473762944,0
momentum,short,37652,37657,2024-08-05 13:45:00+00:00,2024-08-05 15:00:00+00:00,5,-13.25,0,0.4628453050819636,0
mean_reversion,long,37652,37786,2024-08-05 13:45:00+00:00,2024-08-07 01:15:00+00:00,134,-13.25,0,0.3533406961752215,0
momentum,short,37694,37714,2024-08-06 01:15:00+00:00,2024-08-06 06:15:00+00:00,20,9.794999999999618,1,0.46933861707831137,0
momentum,short,37722,37740,2024-08-06 08:15:00+00:00,2024-08-06 12:45:00+00:00,18,16.110000000000127,1,0.5205756513545715,1
momentum,short,37802,37854,2024-08-07 05:15:00+00:00,2024-08-07 18:15:00+00:00,52,5.994999999999891,1,0.5032503751465424,1
mean_reversion,long,37802,37864,2024-08-07 05:15:00+00:00,2024-08-07 20:45:00+00:00,62,-13.25,0,0.5501675092631697,1
mean_reversion,long,37916,37918,2024-08-08 10:45:00+00:00,2024-08-08 11:15:00+00:00,2,5.470000000000255,1,0.5976225975571027,1
momentum,short,37916,37929,2024-08-08 10:45:00+00:00,2024-08-08 14:00:00+00:00,13,-13.25,0,0.4749986146190074,0
momentum,long,38154,38200,2024-08-13 01:15:00+00:00,2024-08-13 12:45:00+00:00,46,3.4100000000003092,1,0.5793980328414058,1
mean_reversion,short,38154,38275,2024-08-13 01:15:00+00:00,2024-08-14 08:30:00+00:00,121,-13.25,0,0.507247332565369,1
momentum,long,38251,38269,2024-08-14 02:30:00+00:00,2024-08-14 07:00:00+00:00,18,9.454999999999927,1,0.6101286545571781,1
momentum,long,38294,38382,2024-08-14 13:15:00+00:00,2024-08-15 12:15:00+00:00,88,16.639999999999873,1,0.26266270860267493,0
mean_reversion,short,38294,38305,2024-08-14 13:15:00+00:00,2024-08-14 16:00:00+00:00,11,6.745000000000346,1,0.5032805229850522,1
mean_reversion,long,38317,38376,2024-08-14 19:00:00+00:00,2024-08-15 10:45:00+00:00,59,11.550000000000182,1,0.6424059974169104,1
mean_reversion,short,38384,38385,2024-08-15 12:45:00+00:00,2024-08-15 13:00:00+00:00,1,3.4400000000000546,1,0.4535844632334385,0
momentum,long,38384,38457,2024-08-15 12:45:00+00:00,2024-08-16 08:00:00+00:00,73,18.86999999999989,1,0.28020067372531243,0
mean_reversion,short,38522,38639,2024-08-19 01:15:00+00:00,2024-08-20 07:30:00+00:00,117,-13.25,0,0.5155463190695162,1
momentum,long,38522,38575,2024-08-19 01:15:00+00:00,2024-08-19 14:30:00+00:00,53,4.450000000000273,1,0.6074420756203052,1
momentum,long,38670,38757,2024-08-20 15:15:00+00:00,2024-08-21 14:00:00+00:00,87,-13.25,0,0.6191719813500504,1
mean_reversion,short,38670,38808,2024-08-20 15:15:00+00:00,2024-08-22 03:45:00+00:00,138,7.199999999999818,1,0.5647826082854276,1
momentum,long,38802,38847,2024-08-22 02:15:00+00:00,2024-08-22 13:30:00+00:00,45,-13.25,0,0.5382591051818536,1
mean_reversion,long,38819,38846,2024-08-22 06:30:00+00:00,2024-08-22 13:15:00+00:00,27,-13.25,0,0.5400655814401406,1
momentum,short,38860,38918,2024-08-22 16:45:00+00:00,2024-08-23 08:15:00+00:00,58,-13.25,0,0.6020806624897709,1
mean_reversion,long,38860,38937,2024-08-22 16:45:00+00:00,2024-08-23 13:00:00+00:00,77,16.360000000000127,1,0.514262617214841,1
momentum,short,38920,38941,2024-08-23 08:45:00+00:00,2024-08-23 14:00:00+00:00,21,-13.25,0,0.5895067021879378,1
momentum,long,38951,38957,2024-08-23 16:30:00+00:00,2024-08-23 18:00:00+00:00,6,6.9650000000001455,1,0.487713370642362,0
mean_reversion,short,38951,38979,2024-08-23 16:30:00+00:00,2024-08-26 00:30:00+00:00,28,-13.25,0,0.47239389270694365,0
momentum,long,39033,39093,2024-08-26 14:00:00+00:00,2024-08-27 06:00:00+00:00,60,0.7449999999998909,1,0.5989977748923343,1
mean_reversion,short,39033,39088,2024-08-26 14:00:00+00:00,2024-08-27 04:45:00+00:00,55,7.639999999999873,1,0.568323939218599,1
momentum,long,39100,39106,2024-08-27 07:45:00+00:00,2024-08-27 09:15:00+00:00,6,6.880000000000109,1,0.6117517875560847,1
mean_reversion,short,39100,39108,2024-08-27 07:45:00+00:00,2024-08-27 09:45:00+00:00,8,-3.9899999999997817,0,0.6654613662794103,1
momentum,long,39169,39204,2024-08-28 02:00:00+00:00,2024-08-28 10:45:00+00:00,35,-13.25,0,0.6338873784586081,1
mean_reversion,short,39169,39187,2024-08-28 02:00:00+00:00,2024-08-28 06:30:00+00:00,18,10.529999999999745,1,0.6552112925337902,1
mean_reversion,long,39215,39267,2024-08-28 13:30:00+00:00,2024-08-29 03:30:00+00:00,52,11.699999999999818,1,0.4254825868514457,0
momentum,short,39215,39227,2024-08-28 13:30:00+00:00,2024-08-28 16:30:00+00:00,12,0.7850000000003092,1,0.5844559256334321,1
momentum,short,39232,39275,2024-08-28 17:45:00+00:00,2024-08-29 05:30:00+00:00,43,-13.25,0,0.7054446672044815,1
mean_reversion,short,39302,39406,2024-08-29 12:15:00+00:00,2024-08-30 15:15:00+00:00,104,10.730000000000018,1,0.6001120483766612,1
momentum,long,39302,39309,2024-08-29 12:15:00+00:00,2024-08-29 14:00:00+00:00,7,4.059999999999945,1,0.6275047114833713,1
momentum,long,39387,39394,2024-08-30 10:30:00+00:00,2024-08-30 12:15:00+00:00,7,5.630000000000109,1,0.6149448422762386,1
momentum,short,39420,39445,2024-08-30 18:45:00+00:00,2024-09-02 02:00:00+00:00,25,8.325000000000273,1,0.6447344038373332,1
mean_reversion,long,39420,39566,2024-08-30 18:45:00+00:00,2024-09-03 11:45:00+00:00,146,-13.25,0,0.5731423212409783,1
momentum,short,39472,39477,2024-09-02 08:45:00+00:00,2024-09-02 10:00:00+00:00,5,5.419999999999618,1,0.6283894458083219,1
momentum,short,39549,39561,2024-09-03 07:30:00+00:00,2024-09-03 10:30:00+00:00,12,5.460000000000036,1,0.6702154865090257,1
momentum,short,39582,39637,2024-09-03 15:45:00+00:00,2024-09-04 06:30:00+00:00,55,0.8850000000002183,1,0.6337426736883378,1
mean_reversion,long,39582,39646,2024-09-03 15:45:00+00:00,2024-09-04 08:45:00+00:00,64,-13.25,0,0.6075355295630875,1
momentum,short,39652,39667,2024-09-04 10:15:00+00:00,2024-09-04 14:00:00+00:00,15,-13.25,0,0.6578870059090526,1
mean_reversion,long,39652,39700,2024-09-04 10:15:00+00:00,2024-09-04 23:15:00+00:00,48,11.610000000000127,1,0.5987286569920808,1
momentum,short,39670,39735,2024-09-04 14:45:00+00:00,2024-09-05 08:00:00+00:00,65,-13.25,0,0.5792651214193921,1
momentum,long,39759,39775,2024-09-05 14:00:00+00:00,2024-09-05 18:00:00+00:00,16,2.3899999999998727,1,0.5109607809874533,1
mean_reversion,short,39759,39845,2024-09-05 14:00:00+00:00,2024-09-06 12:30:00+00:00,86,-13.25,0,0.4125653033781726,0
momentum,long,39844,39846,2024-09-06 12:15:00+00:00,2024-09-06 12:45:00+00:00,2,5.670000000000073,1,0.6382649202597277,1
momentum,short,39918,39946,2024-09-09 07:45:00+00:00,2024-09-09 14:45:00+00:00,28,-2.525000000000091,0,0.6443140323811758,1
mean_reversion,long,39918,39969,2024-09-09 07:45:00+00:00,2024-09-09 20:30:00+00:00,51,12.63000000000011,1,0.6066892714253236,1
momentum,short,39953,40041,2024-09-09 16:30:00+00:00,2024-09-10 15:30:00+00:00,88,-13.25,0,0.6917982716808226,1
mean_reversion,short,40036,40041,2024-09-10 14:15:00+00:00,2024-09-10 15:30:00+00:00,5,-13.25,0,0.6454274992336764,1
momentum,long,40122,40133,2024-09-11 12:45:00+00:00,2024-09-11 15:30:00+00:00,11,3.955000000000382,1,0.5890688646954276,1
mean_reversion,short,40122,40187,2024-09-11 12:45:00+00:00,2024-09-12 06:00:00+00:00,65,-13.25,0,0.5518950290307965,1
momentum,long,40207,40212,2024-09-12 11:00:00+00:00,2024-09-12 12:15:00+00:00,5,5.335000000000036,1,0.6501269871380146,1
mean_reversion,short,40207,40213,2024-09-12 11:00:00+00:00,2024-09-12 12:30:00+00:00,6,-13.25,0,0.5941395727786505,1
momentum,long,40228,40234,2024-09-12 16:15:00+00:00,2024-09-12 17:45:00+00:00,6,8.425000000000182,1,0.5852815468135876,1
mean_reversion,short,40228,40242,2024-09-12 16:15:00+00:00,2024-09-12 19:45:00+00:00,14,-13.25,0,0.35294719632175486,0
momentum,long,40376,40382,2024-09-16 07:15:00+00:00,2024-09-16 08:45:00+00:00,6,5.809999999999945,1,0.6334005587997095,1
mean_reversion,short,40376,40503,2024-09-16 07:15:00+00:00,2024-09-17 16:00:00+00:00,127,16.789999999999964,1,0.548493286195641,1
momentum,long,40390,40403,2024-09-16 10:45:00+00:00,2024-09-16 14:00:00+00:00,13,1.574999999999818,1,0.6703231492105811,1
momentum,long,40405,40449,2024-09-16 14:30:00+00:00,2024-09-17 02:30:00+00:00,44,5.339999999999691,1,0.6909700660264841,1
momentum,long,40453,40464,2024-09-17 03:30:00+00:00,2024-09-17 06:15:00+00:00,11,7.244999999999891,1,0.6965325631040057,1
momentum,long,40474,40486,2024-09-17 08:45:00+00:00,2024-09-17 11:45:00+00:00,12,-0.2849999999998545,0,0.7276237776352847,1
momentum,long,40501,40604,2024-09-17 15:30:00+00:00,2024-09-18 18:15:00+00:00,103,30.0,1,0.6314690728027931,1
mean_reversion,long,40512,40579,2024-09-17 18:15:00+00:00,2024-09-18 12:00:00+00:00,67,7.199999999999818,1,0.7148372637204504,1
mean_reversion,short,40589,40591,2024-09-18 14:30:00+00:00,2024-09-18 15:00:00+00:00,2,-1.8800000000001091,0,0.680569436170334,1
mean_reversion,long,40599,40603,2024-09-18 17:00:00+00:00,2024-09-18 18:00:00+00:00,4,16.38500000000022,1,0.7064570435775388,1
momentum,short,40633,40648,2024-09-19 02:30:00+00:00,2024-09-19 06:15:00+00:00,15,-13.25,0,0.5520233227825101,1
mean_reversion,long,40633,40654,2024-09-19 02:30:00+00:00,2024-09-19 07:45:00+00:00,21,19.934999999999945,1,0.5732224532576609,1
momentum,long,40675,40685,2024-09-19 13:00:00+00:00,2024-09-19 15:30:00+00:00,10,5.954999999999927,1,0.5191300748570763,1
mean_reversion,short,40675,40690,2024-09-19 13:00:00+00:00,2024-09-19 16:45:00+00:00,15,-13.25,0,0.4176734907704148,0
momentum,long,40755,40759,2024-09-20 10:00:00+00:00,2024-09-20 11:00:00+00:00,4,3.8950000000004366,1,0.6154529908252839,1
mean_reversion,short,40755,40777,2024-09-20 10:00:00+00:00,2024-09-20 15:30:00+00:00,22,-13.25,0,0.43347939921263323,0
momentum,long,40770,40775,2024-09-20 13:45:00+00:00,2024-09-20 15:00:00+00:00,5,7.309999999999945,1,0.5750219860611184,1
momentum,long,40836,40848,2024-09-23 07:15:00+00:00,2024-09-23 10:15:00+00:00,12,2.25,1,0.6034785864251748,1
mean_reversion,short,40836,40862,2024-09-23 07:15:00+00:00,2024-09-23 13:45:00+00:00,26,-13.25,0,0.5785625453200554,1
momentum,long,40923,40941,2024-09-24 06:00:00+00:00,2024-09-24 10:30:00+00:00,18,6.809999999999945,1,0.6742569078745486,1
mean_reversion,short,40923,40957,2024-09-24 06:00:00+00:00,2024-09-24 14:30:00+00:00,34,-13.25,0,0.5233205614071414,1
momentum,long,40946,40951,2024-09-24 11:45:00+00:00,2024-09-24 13:00:00+00:00,5,6.279999999999745,1,0.681893137066909,1
mean_reversion,short,40983,41124,2024-09-24 22:00:00+00:00,2024-09-26 10:15:00+00:00,141,-13.25,0,0.5317139540714689,1
momentum,long,40983,41003,2024-09-24 22:00:00+00:00,2024-09-25 03:00:00+00:00,20,6.045000000000073,1,0.7306659733221588,1
momentum,long,41008,41047,2024-09-25 04:15:00+00:00,2024-09-25 14:00:00+00:00,39,4.275000000000091,1,0.6344258774109317,1
momentum,long,41054,41062,2024-09-25 15:45:00+00:00,2024-09-25 17:45:00+00:00,8,2.9200000000000728,1,0.6771452680995671,1
mean_reversion,short,41136,41236,2024-09-26 13:15:00+00:00,2024-09-27 15:15:00+00:00,100,13.989999999999782,1,0.4027910344482147,0
momentum,long,41136,41146,2024-09-26 13:15:00+00:00,2024-09-26 15:45:00+00:00,10,3.4650000000001455,1,0.5510972949140419,1
momentum,long,41198,41234,2024-09-27 05:45:00+00:00,2024-09-27 14:45:00+00:00,36,-13.25,0,0.6432103029767813,1
mean_reversion,long,41259,41274,2024-09-29 22:00:00+00:00,2024-09-30 01:45:00+00:00,15,-13.25,0,0.6814511146318488,1
momentum,short,41259,41274,2024-09-29 22:00:00+00:00,2024-09-30 01:45:00+00:00,15,8.0,1,0.6157409015182801,1
mean_reversion,short,41420,41497,2024-10-01 15:15:00+00:00,2024-10-02 11:30:00+00:00,77,14.159999999999854,1,0.5122581581977643,1
momentum,long,41420,41428,2024-10-01 15:15:00+00:00,2024-10-01 17:15:00+00:00,8,3.3299999999999272,1,0.7135802720380496,1
momentum,long,41431,41473,2024-10-01 18:00:00+00:00,2024-10-02 05:30:00+00:00,42,-13.25,0,0.6300376898338818,1
momentum,short,41505,41512,2024-10-02 13:30:00+00:00,2024-10-02 15:15:00+00:00,7,7.684999999999945,1,0.6323907815850961,1
mean_reversion,long,41505,41507,2024-10-02 13:30:00+00:00,2024-10-02 14:00:00+00:00,2,5.2800000000002,1,0.6195459568122201,1
momentum,long,41574,41646,2024-10-03 07:45:00+00:00,2024-10-04 02:45:00+00:00,72,16.77500000000009,1,0.5665708210271866,1
mean_reversion,short,41574,41575,2024-10-03 07:45:00+00:00,2024-10-03 08:00:00+00:00,1,1.2849999999998545,1,0.6294040139450936,1
mean_reversion,long,41600,41614,2024-10-03 14:15:00+00:00,2024-10-03 17:45:00+00:00,14,7.2849999999998545,1,0.571747266736483,1
mean_reversion,short,41663,41691,2024-10-04 07:00:00+00:00,2024-10-04 14:00:00+00:00,28,11.014999999999873,1,0.5604713556031194,1
momentum,long,41663,41685,2024-10-04 07:00:00+00:00,2024-10-04 12:30:00+00:00,22,-13.25,0,0.6104984452252008,1
momentum,long,41686,41695,2024-10-04 12:45:00+00:00,2024-10-04 15:00:00+00:00,9,30.0,1,0.40767906843477664,0
mean_reversion,long,41758,41774,2024-10-07 07:45:00+00:00,2024-10-07 11:45:00+00:00,16,4.880000000000109,1,0.7007851889157093,1
momentum,short,41758,41777,2024-10-07 07:45:00+00:00,2024-10-07 12:30:00+00:00,19,8.989999999999782,1,0.6422323369891846,1
mean_reversion,long,41834,41852,2024-10-08 03:45:00+00:00,2024-10-08 08:15:00+00:00,18,-13.25,0,0.6380566930183932,1
momentum,short,41834,41847,2024-10-08 03:45:00+00:00,2024-10-08 07:00:00+00:00,13,5.989999999999782,1,0.6589080469766131,1
mean_reversion,long,41863,41876,2024-10-08 11:00:00+00:00,2024-10-08 14:15:00+00:00,13,-13.25,0,0.7209433365980699,1
momentum,short,41863,41872,2024-10-08 11:00:00+00:00,2024-10-08 13:15:00+00:00,9,7.109999999999673,1,0.6722057491952141,1
mean_reversion,long,41899,41939,2024-10-08 20:00:00+00:00,2024-10-09 07:00:00+00:00,40,-13.25,0,0.6004450059563863,1
momentum,short,41899,41938,2024-10-08 20:00:00+00:00,2024-10-09 06:45:00+00:00,39,9.845000000000255,1,0.6510773039991871,1
mean_reversion,long,41975,42067,2024-10-09 16:00:00+00:00,2024-10-10 16:00:00+00:00,92,13.025000000000091,1,0.6121376038461882,1
momentum,short,41975,41980,2024-10-09 16:00:00+00:00,2024-10-09 17:15:00+00:00,5,7.875,1,0.6197393385389491,1
momentum,short,42017,42054,2024-10-10 03:30:00+00:00,2024-10-10 12:45:00+00:00,37,-13.25,0,0.5789656123657216,1
momentum,long,42180,42199,2024-10-13 22:15:00+00:00,2024-10-14 03:00:00+00:00,19,6.210000000000036,1,0.6211919212429055,1
mean_reversion,short,42180,42212,2024-10-13 22:15:00+00:00,2024-10-14 06:15:00+00:00,32,-13.25,0,0.5410527386884862,1
mean_reversion,short,42235,42302,2024-10-14 12:00:00+00:00,2024-10-15 05:45:00+00:00,67,10.335000000000036,1,0.64633957784318,1
momentum,long,42235,42301,2024-10-14 12:00:00+00:00,2024-10-15 05:30:00+00:00,66,-13.25,0,0.6441776052198959,1
mean_reversion,long,42306,42308,2024-10-15 06:45:00+00:00,2024-10-15 07:15:00+00:00,2,3.4349999999999454,1,0.7394617459905116,1
momentum,short,42306,42336,2024-10-15 06:45:00+00:00,2024-10-15 14:15:00+00:00,30,-13.25,0,0.7125008023840406,1
mean_reversion,short,42326,42336,2024-10-15 11:45:00+00:00,2024-10-15 14:15:00+00:00,10,-13.25,0,0.6503023073678771,1
momentum,long,42415,42442,2024-10-16 11:00:00+00:00,2024-10-16 17:45:00+00:00,27,-0.34500000000025466,0,0.659151311554896,1
mean_reversion,short,42415,42518,2024-10-16 11:00:00+00:00,2024-10-17 13:45:00+00:00,103,-13.25,0,0.5555835588254806,1
momentum,long,42478,42505,2024-10-17 03:45:00+00:00,2024-10-17 10:30:00+00:00,27,10.079999999999927,1,0.6499686388946858,1
momentum,long,42511,42518,2024-10-17 12:00:00+00:00,2024-10-17 13:45:00+00:00,7,8.8449999999998,1,0.6475942469917914,1
momentum,long,42581,42592,2024-10-18 06:30:00+00:00,2024-10-18 09:15:00+00:00,11,5.394999999999982,1,0.5862027428236026,1
mean_reversion,short,42581,42613,2024-10-18 06:30:00+00:00,2024-10-18 14:30:00+00:00,32,-13.25,0,0.3988124730116186,0
momentum,long,42672,42676,2024-10-21 06:15:00+00:00,2024-10-21 07:15:00+00:00,4,0.009999999999763531,1,0.6726692380528435,1
mean_reversion,short,42672,42793,2024-10-21 06:15:00+00:00,2024-10-22 13:30:00+00:00,121,-13.25,0,0.5478013501969147,1
momentum,long,42690,42694,2024-10-21 10:45:00+00:00,2024-10-21 11:45:00+00:00,4,1.1199999999998909,1,0.7237338200237318,1
momentum,long,42706,42745,2024-10-21 14:45:00+00:00,2024-10-22 01:30:00+00:00,39,4.755000000000109,1,0.633839392911909,1
momentum,long,42778,42782,2024-10-22 09:45:00+00:00,2024-10-22 10:45:00+00:00,4,7.399999999999636,1,0.7231315161707207,1
momentum,long,42838,42846,2024-10-23 01:45:00+00:00,2024-10-23 03:45:00+00:00,8,7.489999999999782,1,0.6456687138540728,1
mean_reversion,short,42838,42853,2024-10-23 01:45:00+00:00,2024-10-23 05:30:00+00:00,15,-13.25,0,0.6325951494373129,1
mean_reversion,short,42870,42889,2024-10-23 09:45:00+00:00,2024-10-23 14:30:00+00:00,19,30.0,1,0.5993090623162868,1
momentum,long,42870,42884,2024-10-23 09:45:00+00:00,2024-10-23 13:15:00+00:00,14,-13.25,0,0.6701564125519689,1
mean_reversion,long,42897,42959,2024-10-23 16:30:00+00:00,2024-10-24 09:00:00+00:00,62,16.164999999999964,1,0.628410168853653,1
momentum,short,42897,42949,2024-10-23 16:30:00+00:00,2024-10-24 06:30:00+00:00,52,-13.25,0,0.7344663520116683,1
mean_reversion,short,42979,43027,2024-10-24 14:00:00+00:00,2024-10-25 03:00:00+00:00,48,7.839999999999691,1,0.5711763944091426,1
momentum,long,42979,42993,2024-10-24 14:00:00+00:00,2024-10-24 17:30:00+00:00,14,4.400000000000091,1,0.6116188184518708,1
momentum,long,43025,43087,2024-10-25 02:30:00+00:00,2024-10-25 18:00:00+00:00,62,15.429999999999836,1,0.6222160668870387,1
mean_reversion,long,43061,43077,2024-10-25 11:30:00+00:00,2024-10-25 15:30:00+00:00,16,9.760000000000218,1,0.6614218642291559,1
momentum,long,43100,43117,2024-10-27 22:15:00+00:00,2024-10-28 02:30:00+00:00,17,1.324999999999818,1,0.6513442357992991,1
mean_reversion,short,43100,43201,2024-10-27 22:15:00+00:00,2024-10-29 00:30:00+00:00,101,-13.25,0,0.6476417913869207,1
momentum,long,43143,43162,2024-10-28 09:00:00+00:00,2024-10-28 13:45:00+00:00,19,7.960000000000036,1,0.6894865574303198,1
mean_reversion,short,43213,43255,2024-10-29 03:30:00+00:00,2024-10-29 14:00:00+00:00,42,-13.25,0,0.5439753486934078,1
momentum,long,43213,43254,2024-10-29 03:30:00+00:00,2024-10-29 13:45:00+00:00,41,8.179999999999836,1,0.7185449639748351,1
momentum,long,43323,43344,2024-10-30 08:00:00+00:00,2024-10-30 13:15:00+00:00,21,-2.519999999999982,0,0.6694979612650173,1
mean_reversion,short,43323,43439,2024-10-30 08:00:00+00:00,2024-10-31 14:00:00+00:00,116,30.0,1,0.5590911186211747,1
momentum,long,43349,43354,2024-10-30 14:30:00+00:00,2024-10-30 15:45:00+00:00,5,5.894999999999982,1,0.6494988666836122,1
momentum,long,43401,43435,2024-10-31 04:30:00+00:00,2024-10-31 13:00:00+00:00,34,-13.25,0,0.6612684961969942,1
momentum,long,43436,43439,2024-10-31 13:15:00+00:00,2024-10-31 14:00:00+00:00,3,-13.25,0,0.5857383554555657,1
mean_reversion,long,43449,43665,2024-10-31 16:30:00+00:00,2024-11-05 02:30:00+00:00,216,-13.25,0,0.45013762452429973,0
momentum,short,43449,43497,2024-10-31 16:30:00+00:00,2024-11-01 05:30:00+00:00,48,-13.25,0,0.7178177127741572,1
momentum,short,43511,43517,2024-11-01 09:00:00+00:00,2024-11-01 10:30:00+00:00,6,8.050000000000182,1,0.5594536314445837,1
momentum,short,43523,43533,2024-11-01 12:00:00+00:00,2024-11-01 14:30:00+00:00,10,13.954999999999927,1,0.6165450567746509,1
momentum,short,43603,43609,2024-11-04 10:00:00+00:00,2024-11-04 11:30:00+00:00,6,5.2199999999998,1,0.6591154110717304,1
mean_reversion,long,43671,43743,2024-11-05 04:00:00+00:00,2024-11-05 23:00:00+00:00,72,8.2800000000002,1,0.6971535664251322,1
momentum,short,43671,43697,2024-11-05 04:00:00+00:00,2024-11-05 10:30:00+00:00,26,-3.800000000000182,0,0.7330967045948554,1
momentum,short,43712,43716,2024-11-05 14:15:00+00:00,2024-11-05 15:15:00+00:00,4,13.684999999999945,1,0.6433462110849232,1
mean_reversion,short,43749,43750,2024-11-06 00:30:00+00:00,2024-11-06 00:45:00+00:00,1,1.1549999999997453,1,0.649008128129657,1
momentum,long,43749,43754,2024-11-06 00:30:00+00:00,2024-11-06 01:45:00+00:00,5,7.855000000000018,1,0.6880233872109669,1
momentum,short,43779,43786,2024-11-06 08:00:00+00:00,2024-11-06 09:45:00+00:00,7,1.5700000000001637,1,0.6203490602432746,1
mean_reversion,long,43779,43792,2024-11-06 08:00:00+00:00,2024-11-06 11:15:00+00:00,13,-13.25,0,0.5385026746716932,1
mean_reversion,long,43810,43818,2024-11-06 15:45:00+00:00,2024-11-06 17:45:00+00:00,8,-13.25,0,0.3625161331159438,0
momentum,short,43810,43844,2024-11-06 15:45:00+00:00,2024-11-07 01:15:00+00:00,34,30.0,1,0.5426146997082094,1
momentum,short,43869,43891,2024-11-07 07:30:00+00:00,2024-11-07 13:00:00+00:00,22,-13.25,0,0.4157492868413622,0
mean_reversion,long,43869,43897,2024-11-07 07:30:00+00:00,2024-11-07 14:30:00+00:00,28,30.0,1,0.3768728923025607,0
momentum,short,43892,43898,2024-11-07 13:15:00+00:00,2024-11-07 14:45:00+00:00,6,-13.25,0,0.3748600064423895,0
mean_reversion,long,43920,43921,2024-11-07 20:15:00+00:00,2024-11-07 20:30:00+00:00,1,-3.6350000000002183,0,0.5928386025943139,1
momentum,short,43920,43960,2024-11-07 20:15:00+00:00,2024-11-08 07:15:00+00:00,40,24.050000000000182,1,0.47370176678936027,0
mean_reversion,short,43939,43960,2024-11-08 02:00:00+00:00,2024-11-08 07:15:00+00:00,21,15.215000000000146,1,0.5216828980309914,1
mean_reversion,long,43988,43998,2024-11-08 14:15:00+00:00,2024-11-08 16:45:00+00:00,10,-13.25,0,0.5668667641335473,1
momentum,short,43988,43992,2024-11-08 14:15:00+00:00,2024-11-08 15:15:00+00:00,4,6.355000000000018,1,0.5365471720886111,1
momentum,short,44102,44139,2024-11-11 19:45:00+00:00,2024-11-12 06:00:00+00:00,37,12.079999999999927,1,0.6016132237846952,1
mean_reversion,long,44102,44138,2024-11-11 19:45:00+00:00,2024-11-12 05:45:00+00:00,36,-13.25,0,0.45589766574227536,0
mean_reversion,long,44167,44273,2024-11-12 13:00:00+00:00,2024-11-13 16:30:00+00:00,106,-13.25,0,0.48166458830103365,0
momentum,short,44167,44177,2024-11-12 13:00:00+00:00,2024-11-12 15:30:00+00:00,10,4.355000000000018,1,0.5186796953549454,1
momentum,short,44213,44268,2024-11-13 01:30:00+00:00,2024-11-13 15:15:00+00:00,55,12.634999999999764,1,0.5297448585490688,1
mean_reversion,long,44347,44488,2024-11-14 12:00:00+00:00,2024-11-18 01:15:00+00:00,141,30.0,1,0.40866982469641777,0
momentum,short,44347,44359,2024-11-14 12:00:00+00:00,2024-11-14 15:00:00+00:00,12,-13.25,0,0.49580871349615935,0
momentum,short,44360,44383,2024-11-14 15:15:00+00:00,2024-11-14 21:00:00+00:00,23,2.2350000000001273,1,0.35774639469790964,0
momentum,short,44452,44461,2024-11-15 15:15:00+00:00,2024-11-15 17:30:00+00:00,9,7.694999999999709,1,0.5729520145448089,1
momentum,short,44480,44488,2024-11-17 23:15:00+00:00,2024-11-18 01:15:00+00:00,8,-13.25,0,0.6325802251634797,1
momentum,long,44632,44645,2024-11-19 14:15:00+00:00,2024-11-19 17:30:00+00:00,13,1.8049999999998363,1,0.6249239280190535,1
mean_reversion,short,44632,44671,2024-11-19 14:15:00+00:00,2024-11-20 01:00:00+00:00,39,-13.25,0,0.47054250449225465,0
momentum,long,44695,44718,2024-11-20 07:00:00+00:00,2024-11-20 12:45:00+00:00,23,2.4350000000004,1,0.6149930780251216,1
mean_reversion,short,44695,44725,2024-11-20 07:00:00+00:00,2024-11-20 14:30:00+00:00,30,-13.25,0,0.5411848614100467,1
mean_reversion,short,44810,44855,2024-11-21 12:45:00+00:00,2024-11-22 01:00:00+00:00,45,-13.25,0,0.4789276125366817,0
momentum,long,44810,44831,2024-11-21 12:45:00+00:00,2024-11-21 18:00:00+00:00,21,7.855000000000018,1,0.5835539554017808,1
momentum,long,44899,44908,2024-11-22 12:00:00+00:00,2024-11-22 14:15:00+00:00,9,-13.25,0,0.6140056604106182,1
mean_reversion,short,44899,44938,2024-11-22 12:00:00+00:00,2024-11-22 21:45:00+00:00,39,-13.25,0,0.36828359782375586,0
mean_reversion,short,44948,44956,2024-11-25 01:15:00+00:00,2024-11-25 03:15:00+00:00,8,30.0,1,0.4809397512679297,0
momentum,long,44948,44956,2024-11-25 01:15:00+00:00,2024-11-25 03:15:00+00:00,8,-13.25,0,0.6223875710259712,1
mean_reversion,long,44988,44999,2024-11-25 11:15:00+00:00,2024-11-25 14:00:00+00:00,11,-13.25,0,0.6304694332131331,1
momentum,short,44988,45000,2024-11-25 11:15:00+00:00,2024-11-25 14:15:00+00:00,12,30.0,1,0.6040359104524958,1
momentum,short,45039,45066,2024-11-26 01:00:00+00:00,2024-11-26 07:45:00+00:00,27,10.925000000000182,1,0.4513293750424706,0
mean_reversion,long,45039,45066,2024-11-26 01:00:00+00:00,2024-11-26 07:45:00+00:00,27,-13.25,0,0.4137263372723987,0
mean_reversion,long,45074,45161,2024-11-26 09:45:00+00:00,2024-11-27 08:30:00+00:00,87,22.110000000000127,1,0.5017784323030933,1
momentum,short,45074,45087,2024-11-26 09:45:00+00:00,2024-11-26 13:00:00+00:00,13,-13.25,0,0.5546220529909319,1
momentum,short,45137,45162,2024-11-27 02:30:00+00:00,2024-11-27 08:45:00+00:00,25,-13.25,0,0.5633649940263478,1
mean_reversion,short,45188,45203,2024-11-27 15:15:00+00:00,2024-11-27 19:00:00+00:00,15,3.769999999999982,1,0.5058575378992403,1
momentum,long,45188,45223,2024-11-27 15:15:00+00:00,2024-11-28 01:00:00+00:00,35,-13.25,0,0.6283228378571623,1
momentum,short,45255,45310,2024-11-28 09:00:00+00:00,2024-11-29 02:15:00+00:00,55,-13.25,0,0.5257078765036908,1
mean_reversion,long,45255,45262,2024-11-28 09:00:00+00:00,2024-11-28 10:45:00+00:00,7,2.130000000000109,1,0.6220732905548018,1
mean_reversion,short,45281,45300,2024-11-28 15:30:00+00:00,2024-11-28 23:45:00+00:00,19,-0.2300000000000182,0,0.6272906523219011,1
mean_reversion,short,45334,45389,2024-11-29 08:15:00+00:00,2024-12-02 01:15:00+00:00,55,30.0,1,0.4741692651355109,0
momentum,long,45334,45341,2024-11-29 08:15:00+00:00,2024-11-29 10:00:00+00:00,7,3.0599999999999454,1,0.6619618335149504,1
momentum,long,45377,45386,2024-11-29 19:00:00+00:00,2024-12-02 00:30:00+00:00,9,-13.25,0,0.5910435457614192,1
momentum,short,45414,45430,2024-12-02 07:30:00+00:00,2024-12-02 11:30:00+00:00,16,-13.25,0,0.6196471119237716,1
mean_reversion,long,45414,45505,2024-12-02 07:30:00+00:00,2024-12-03 07:15:00+00:00,91,13.300000000000182,1,0.5949783943847095,1
momentum,short,45431,45486,2024-12-02 11:45:00+00:00,2024-12-03 02:30:00+00:00,55,5.460000000000036,1,0.6198590001322631,1
momentum,short,45502,45620,2024-12-03 06:30:00+00:00,2024-12-04 13:00:00+00:00,118,13.25,1,0.6750383948476136,1
mean_reversion,short,45510,45532,2024-12-03 08:30:00+00:00,2024-12-03 14:00:00+00:00,22,-13.25,0,0.6466966448825816,1
mean_reversion,short,45537,45572,2024-12-03 15:15:00+00:00,2024-12-04 01:00:00+00:00,35,-0.23499999999967258,0,0.6388169783353931,1
mean_reversion,short,45599,45620,2024-12-04 07:45:00+00:00,2024-12-04 13:00:00+00:00,21,7.0,1,0.621550286127949,1
mean_reversion,short,45718,45721,2024-12-05 14:30:00+00:00,2024-12-05 15:15:00+00:00,3,13.049999999999727,1,0.5989590850361243,1
momentum,long,45718,45721,2024-12-05 14:30:00+00:00,2024-12-05 15:15:00+00:00,3,-13.25,0,0.6683327529229417,1
momentum,short,45765,45795,2024-12-06 03:15:00+00:00,2024-12-06 10:45:00+00:00,30,2.3600000000001273,1,0.40429404339413333,0
mean_reversion,long,45765,45853,2024-12-06 03:15:00+00:00,2024-12-09 02:15:00+00:00,88,11.065000000000055,1,0.5197746034725774,1
momentum,short,45814,45840,2024-12-06 15:30:00+00:00,2024-12-08 23:00:00+00:00,26,-13.25,0,0.6120719514304884,1
momentum,short,45841,45846,2024-12-08 23:15:00+00:00,2024-12-09 00:30:00+00:00,5,9.525000000000091,1,0.6384551904028603,1
mean_reversion,short,45861,45874,2024-12-09 04:15:00+00:00,2024-12-09 07:30:00+00:00,13,-13.25,0,0.5873444471511019,1
momentum,long,45861,45876,2024-12-09 04:15:00+00:00,2024-12-09 08:00:00+00:00,15,13.289999999999964,1,0.6156706003491701,1
momentum,long,45969,45979,2024-12-10 08:15:00+00:00,2024-12-10 10:45:00+00:00,10,13.289999999999964,1,0.6654604551023297,1
mean_reversion,short,45969,45978,2024-12-10 08:15:00+00:00,2024-12-10 10:30:00+00:00,9,-13.25,0,0.5741223729147117,1
momentum,long,46047,46053,2024-12-11 04:45:00+00:00,2024-12-11 06:15:00+00:00,6,11.325000000000273,1,0.5934184473297098,1
mean_reversion,short,46047,46051,2024-12-11 04:45:00+00:00,2024-12-11 05:45:00+00:00,4,-13.25,0,0.4737023802268012,0
mean_reversion,short,46127,46178,2024-12-12 01:45:00+00:00,2024-12-12 14:30:00+00:00,51,30.0,1,0.44591954611825063,0
momentum,long,46127,46150,2024-12-12 01:45:00+00:00,2024-12-12 07:30:00+00:00,23,6.570000000000164,1,0.6028230847979662,1
momentum,long,46176,46182,2024-12-12 14:00:00+00:00,2024-12-12 15:30:00+00:00,6,-13.25,0,0.5057389032195411,1
momentum,short,46217,46248,2024-12-13 01:15:00+00:00,2024-12-13 09:00:00+00:00,31,15.515000000000327,1,0.5736730665404218,1
mean_reversion,long,46217,46247,2024-12-13 01:15:00+00:00,2024-12-13 08:45:00+00:00,30,-13.25,0,0.5548788054687227,1
mean_reversion,long,46279,46295,2024-12-13 16:45:00+00:00,2024-12-13 20:45:00+00:00,16,-13.25,0,0.4721705396761859,0
momentum,short,46279,46284,2024-12-13 16:45:00+00:00,2024-12-13 18:00:00+00:00,5,6.6850000000004,1,0.567307417612064,1
mean_reversion,long,46401,46431,2024-12-17 01:15:00+00:00,2024-12-17 08:45:00+00:00,30,-13.25,0,0.6732643743629948,1
momentum,short,46401,46409,2024-12-17 01:15:00+00:00,2024-12-17 03:15:00+00:00,8,1.0599999999999454,1,0.7130768558961728,1
momentum,short,46427,46431,2024-12-17 07:45:00+00:00,2024-12-17 08:45:00+00:00,4,9.599999999999909,1,0.7033799081986456,1
momentum,short,46469,46547,2024-12-17 18:15:00+00:00,2024-12-18 14:45:00+00:00,78,8.279999999999745,1,0.6842483413984352,1
mean_reversion,long,46469,46564,2024-12-17 18:15:00+00:00,2024-12-18 19:00:00+00:00,95,-13.25,0,0.6917264363616322,1
mean_reversion,long,46585,46640,2024-12-19 01:15:00+00:00,2024-12-19 15:00:00+00:00,55,-13.25,0,0.3176694251215989,0
momentum,short,46585,46587,2024-12-19 01:15:00+00:00,2024-12-19 01:45:00+00:00,2,-13.25,0,0.46670135857861356,0
momentum,short,46609,46630,2024-12-19 07:15:00+00:00,2024-12-19 12:30:00+00:00,21,11.085000000000036,1,0.42202513884980203,0
momentum,short,46656,46685,2024-12-19 19:00:00+00:00,2024-12-20 03:15:00+00:00,29,1.9450000000001637,1,0.5823907584739396,1
mean_reversion,long,46656,46735,2024-12-19 19:00:00+00:00,2024-12-20 15:45:00+00:00,79,30.0,1,0.4964080033481844,0
momentum,short,46699,46731,2024-12-20 06:45:00+00:00,2024-12-20 14:45:00+00:00,32,-13.25,0,0.5532929339171906,1
momentum,long,46806,46940,2024-12-23 10:30:00+00:00,2024-12-26 01:15:00+00:00,134,4.855000000000018,1,0.6317307152440533,1
mean_reversion,short,46806,46827,2024-12-23 10:30:00+00:00,2024-12-23 15:45:00+00:00,21,11.184999999999945,1,0.6204563385534022,1
mean_reversion,long,46923,46936,2024-12-24 16:45:00+00:00,2024-12-26 00:15:00+00:00,13,4.239999999999782,1,0.7686457549528838,1
momentum,long,47004,47010,2024-12-26 17:15:00+00:00,2024-12-26 18:45:00+00:00,6,6.235000000000127,1,0.6813404474136132,1
mean_reversion,short,47004,47083,2024-12-26 17:15:00+00:00,2024-12-27 14:00:00+00:00,79,11.900000000000091,1,0.6199428882039899,1
momentum,long,47060,47083,2024-12-27 08:15:00+00:00,2024-12-27 14:00:00+00:00,23,-13.25,0,0.6692660122506,1
momentum,short,47114,47148,2024-12-27 21:45:00+00:00,2024-12-30 07:15:00+00:00,34,2.949999999999818,1,0.6162815738405866,1
mean_reversion,long,47114,47174,2024-12-27 21:45:00+00:00,2024-12-30 13:45:00+00:00,60,-13.25,0,0.686508529687737,1
momentum,short,47168,47175,2024-12-30 12:15:00+00:00,2024-12-30 14:00:00+00:00,7,6.3449999999998,1,0.7089458362527816,1
mean_reversion,long,47190,47275,2024-12-30 17:45:00+00:00,2024-12-31 16:00:00+00:00,85,20.045000000000073,1,0.6066888500555896,1
momentum,short,47190,47272,2024-12-30 17:45:00+00:00,2024-12-31 15:15:00+00:00,82,-13.25,0,0.6153829557282394,1
momentum,short,47274,47339,2024-12-31 15:45:00+00:00,2025-01-02 09:00:00+00:00,65,-13.25,0,0.6368499663145826,1
mean_reversion,short,47425,47477,2025-01-03 07:30:00+00:00,2025-01-03 20:30:00+00:00,52,16.730000000000018,1,0.43969899923734423,0
momentum,long,47425,47456,2025-01-03 07:30:00+00:00,2025-01-03 15:15:00+00:00,31,-13.25,0,0.6299054405396096,1
mean_reversion,long,47493,47516,2025-01-06 01:30:00+00:00,2025-01-06 07:15:00+00:00,23,-13.25,0,0.7214169185389036,1
momentum,short,47493,47504,2025-01-06 01:30:00+00:00,2025-01-06 04:15:00+00:00,11,5.5300000000002,1,0.7084447361410688,1
mean_reversion,long,47523,47544,2025-01-06 09:00:00+00:00,2025-01-06 14:15:00+00:00,21,-13.25,0,0.6639462321825762,1
momentum,short,47523,47533,2025-01-06 09:00:00+00:00,2025-01-06 11:30:00+00:00,10,-13.25,0,0.6268762314839046,1
momentum,short,47548,47630,2025-01-06 15:15:00+00:00,2025-01-07 12:45:00+00:00,82,-13.25,0,0.5041215620783888,1
mean_reversion,long,47548,47603,2025-01-06 15:15:00+00:00,2025-01-07 06:00:00+00:00,55,6.300000000000182,1,0.5844317750014487,1
mean_reversion,short,47610,47631,2025-01-07 07:45:00+00:00,2025-01-07 13:00:00+00:00,21,-13.25,0,0.6750133656599115,1
momentum,long,47640,47726,2025-01-07 15:15:00+00:00,2025-01-08 13:45:00+00:00,86,8.864999999999782,1,0.7306601641201502,1
mean_reversion,short,47640,47729,2025-01-07 15:15:00+00:00,2025-01-08 14:30:00+00:00,89,-13.25,0,0.5231709084421583,1
mean_reversion,short,47742,47807,2025-01-08 17:45:00+00:00,2025-01-09 11:00:00+00:00,65,-13.25,0,0.47726030821445553,0
momentum,long,47742,47791,2025-01-08 17:45:00+00:00,2025-01-09 07:00:00+00:00,49,9.974999999999909,1,0.6763612555530643,1
mean_reversion,short,47929,48002,2025-01-10 18:30:00+00:00,2025-01-13 13:45:00+00:00,73,18.649999999999636,1,0.4405197914360457,0
momentum,long,47929,47940,2025-01-10 18:30:00+00:00,2025-01-10 21:15:00+00:00,11,2.730000000000018,1,0.6189945834298544,1
momentum,long,47952,47957,2025-01-13 01:15:00+00:00,2025-01-13 02:30:00+00:00,5,7.960000000000036,1,0.6736688586194495,1
momentum,long,47988,47997,2025-01-13 10:15:00+00:00,2025-01-13 12:30:00+00:00,9,-13.25,0,0.6628615745595153,1
momentum,short,48100,48163,2025-01-14 15:15:00+00:00,2025-01-15 08:00:00+00:00,63,-13.25,0,0.686174088596176,1
mean_reversion,long,48100,48123,2025-01-14 15:15:00+00:00,2025-01-14 21:00:00+00:00,23,4.920000000000073,1,0.701035024157002,1
momentum,long,48192,48199,2025-01-15 15:15:00+00:00,2025-01-15 17:00:00+00:00,7,9.680000000000291,1,0.6530540168157773,1
mean_reversion,short,48192,48204,2025-01-15 15:15:00+00:00,2025-01-15 18:15:00+00:00,12,-13.25,0,0.5659761621628248,1
mean_reversion,short,48248,48260,2025-01-16 06:15:00+00:00,2025-01-16 09:15:00+00:00,12,-13.25,0,0.5259917273556067,1
momentum,long,48248,48253,2025-01-16 06:15:00+00:00,2025-01-16 07:30:00+00:00,5,6.425000000000182,1,0.6236597194268783,1
mean_reversion,short,48274,48278,2025-01-16 12:45:00+00:00,2025-01-16 13:45:00+00:00,4,-13.25,0,0.44609421207184435,0
momentum,long,48274,48278,2025-01-16 12:45:00+00:00,2025-01-16 13:45:00+00:00,4,11.615000000000236,1,0.6384068251934237,1
momentum,long,48299,48326,2025-01-16 19:00:00+00:00,2025-01-17 02:45:00+00:00,27,0.5300000000002001,1,0.641159267846398,1
mean_reversion,short,48299,48406,2025-01-16 19:00:00+00:00,2025-01-19 23:45:00+00:00,107,18.86999999999989,1,0.4659113134194701,0
momentum,long,48355,48376,2025-01-17 10:00:00+00:00,2025-01-17 15:15:00+00:00,21,8.984999999999673,1,0.6249391709370679,1
momentum,long,48391,48404,2025-01-17 19:00:00+00:00,2025-01-19 23:15:00+00:00,13,-13.25,0,0.6493365565310496,1
momentum,long,48405,48467,2025-01-19 23:30:00+00:00,2025-01-20 15:00:00+00:00,62,12.0300000000002,1,0.6975169715457099,1
mean_reversion,long,48417,48434,2025-01-20 02:30:00+00:00,2025-01-20 06:45:00+00:00,17,14.760000000000218,1,0.6994985796552814,1
mean_reversion,short,48439,48496,2025-01-20 08:00:00+00:00,2025-01-21 01:45:00+00:00,57,-13.25,0,0.62430220385581,1
mean_reversion,short,48525,48546,2025-01-21 09:00:00+00:00,2025-01-21 14:15:00+00:00,21,-13.25,0,0.5865896273354911,1
momentum,long,48525,48539,2025-01-21 09:00:00+00:00,2025-01-21 12:30:00+00:00,14,8.204999999999927,1,0.6095311374966196,1
momentum,long,48609,48618,2025-01-22 07:00:00+00:00,2025-01-22 09:15:00+00:00,9,11.75500000000011,1,0.6604792274480205,1
mean_reversion,short,48609,48623,2025-01-22 07:00:00+00:00,2025-01-22 10:30:00+00:00,14,-13.25,0,0.46453781160975954,0
momentum,long,48630,48711,2025-01-22 12:15:00+00:00,2025-01-23 09:30:00+00:00,81,-13.25,0,0.6574328882641346,1
mean_reversion,short,48630,48773,2025-01-22 12:15:00+00:00,2025-01-24 02:00:00+00:00,143,-13.25,0,0.4802792464000906,0
mean_reversion,short,48823,48879,2025-01-24 14:30:00+00:00,2025-01-27 05:30:00+00:00,56,24.6550000000002,1,0.4278222472679704,0
momentum,long,48823,48827,2025-01-24 14:30:00+00:00,2025-01-24 15:30:00+00:00,4,3.5799999999999272,1,0.6974477494060324,1
momentum,long,48866,48917,2025-01-27 02:15:00+00:00,2025-01-27 15:00:00+00:00,51,-13.25,0,0.6472966733653231,1
mean_reversion,long,48892,48903,2025-01-27 08:45:00+00:00,2025-01-27 11:30:00+00:00,11,12.690000000000055,1,0.6796926359187478,1
mean_reversion,short,48909,48911,2025-01-27 13:00:00+00:00,2025-01-27 13:30:00+00:00,2,8.805000000000291,1,0.6521487573127662,1
mean_reversion,long,48988,49017,2025-01-28 09:45:00+00:00,2025-01-28 17:00:00+00:00,29,15.235000000000127,1,0.6994769644342691,1
momentum,short,48988,49010,2025-01-28 09:45:00+00:00,2025-01-28 15:15:00+00:00,22,-13.25,0,0.6777909000084075,1
mean_reversion,short,49085,49110,2025-01-29 11:00:00+00:00,2025-01-29 17:15:00+00:00,25,6.264999999999873,1,0.6651910322870949,1
momentum,long,49085,49118,2025-01-29 11:00:00+00:00,2025-01-29 19:15:00+00:00,33,-13.25,0,0.7012992797235478,1
momentum,short,49123,49164,2025-01-29 20:30:00+00:00,2025-01-30 07:45:00+00:00,41,-13.25,0,0.6917872860013885,1
mean_reversion,long,49123,49131,2025-01-29 20:30:00+00:00,2025-01-29 23:30:00+00:00,8,4.5,1,0.7142689799083767,1
mean_reversion,short,49260,49275,2025-01-31 08:45:00+00:00,2025-01-31 12:30:00+00:00,15,-13.25,0,0.5074740206521113,1
momentum,long,49260,49273,2025-01-31 08:45:00+00:00,2025-01-31 12:00:00+00:00,13,8.9050000000002,1,0.6457497627725505,1
mean_reversion,short,49291,49325,2025-01-31 16:30:00+00:00,2025-02-03 02:00:00+00:00,34,30.0,1,0.410446137445038,0
momentum,long,49291,49296,2025-01-31 16:30:00+00:00,2025-01-31 17:45:00+00:00,5,1.2400000000002365,1,0.6261443951509943,1
momentum,long,49315,49324,2025-02-02 23:30:00+00:00,2025-02-03 01:45:00+00:00,9,-13.25,0,0.6162639710333953,1
momentum,long,49382,49415,2025-02-03 16:15:00+00:00,2025-02-04 01:30:00+00:00,33,2.005000000000109,1,0.6649074867116266,1
mean_reversion,short,49382,49462,2025-02-03 16:15:00+00:00,2025-02-04 13:15:00+00:00,80,-13.25,0,0.4793333991539523,0
momentum,long,49556,49561,2025-02-05 13:45:00+00:00,2025-02-05 15:00:00+00:00,5,12.165000000000418,1,0.6435553617638844,1
mean_reversion,short,49556,49561,2025-02-05 13:45:00+00:00,2025-02-05 15:00:00+00:00,5,-13.25,0,0.44067132321282176,0
momentum,long,49578,49625,2025-02-05 19:15:00+00:00,2025-02-06 08:00:00+00:00,47,-13.25,0,0.6287525066098156,1
mean_reversion,short,49578,49653,2025-02-05 19:15:00+00:00,2025-02-06 15:00:00+00:00,75,30.0,1,0.46886140700472795,0
momentum,long,49648,49652,2025-02-06 13:45:00+00:00,2025-02-06 14:45:00+00:00,4,-13.25,0,0.5963936551074559,1
momentum,long,49751,49804,2025-02-07 16:30:00+00:00,2025-02-10 06:45:00+00:00,53,30.0,1,0.5491676336557382,1
mean_reversion,short,49751,49781,2025-02-07 16:30:00+00:00,2025-02-10 01:00:00+00:00,30,-13.25,0,0.5287416707239406,1
momentum,long,49846,49868,2025-02-10 17:15:00+00:00,2025-02-10 23:45:00+00:00,22,18.554999999999836,1,0.669097977520941,1
mean_reversion,short,49846,49866,2025-02-10 17:15:00+00:00,2025-02-10 23:15:00+00:00,20,-13.25,0,0.5510402068212342,1
momentum,long,49880,49894,2025-02-11 02:45:00+00:00,2025-02-11 06:15:00+00:00,14,3.2350000000001273,1,0.6415500418470533,1
mean_reversion,short,49880,49920,2025-02-11 02:45:00+00:00,2025-02-11 12:45:00+00:00,40,30.0,1,0.3170928095271662,0
momentum,long,49921,49926,2025-02-11 13:00:00+00:00,2025-02-11 14:15:00+00:00,5,16.240000000000236,1,0.559803605976238,1
mean_reversion,short,49921,49924,2025-02-11 13:00:00+00:00,2025-02-11 13:45:00+00:00,3,-13.25,0,0.6244905428573643,1
mean_reversion,short,49951,49973,2025-02-11 20:30:00+00:00,2025-02-12 03:00:00+00:00,22,8.5300000000002,1,0.6232538050369306,1
momentum,long,49951,50003,2025-02-11 20:30:00+00:00,2025-02-12 10:30:00+00:00,52,-13.25,0,0.6635653511468759,1
mean_reversion,long,50019,50033,2025-02-12 14:30:00+00:00,2025-02-12 18:00:00+00:00,14,8.885000000000218,1,0.6072049584631117,1
momentum,short,50019,50029,2025-02-12 14:30:00+00:00,2025-02-12 17:00:00+00:00,10,-13.25,0,0.6046635074719239,1
mean_reversion,short,50080,50139,2025-02-13 06:45:00+00:00,2025-02-13 21:30:00+00:00,59,-13.25,0,0.4714344433257551,0
momentum,long,50080,50114,2025-02-13 06:45:00+00:00,2025-02-13 15:15:00+00:00,34,0.07999999999992724,1,0.6298852220970063,1
mean_reversion,short,50200,50212,2025-02-14 13:45:00+00:00,2025-02-14 16:45:00+00:00,12,30.0,1,0.5001902321613526,1
momentum,long,50200,50206,2025-02-14 13:45:00+00:00,2025-02-14 15:15:00+00:00,6,-13.25,0,0.5873064089726419,1
momentum,short,50242,50251,2025-02-17 01:15:00+00:00,2025-02-17 03:30:00+00:00,9,-13.25,0,0.6050355694364102,1
mean_reversion,long,50242,50339,2025-02-17 01:15:00+00:00,2025-02-18 05:00:00+00:00,97,22.789999999999964,1,0.5806210916636851,1
momentum,short,50268,50369,2025-02-17 07:45:00+00:00,2025-02-18 12:30:00+00:00,101,-13.25,0,0.6152954870089372,1
momentum,long,50423,50437,2025-02-19 03:00:00+00:00,2025-02-19 06:30:00+00:00,14,3.9149999999999636,1,0.6823560216896812,1
mean_reversion,short,50423,50448,2025-02-19 03:00:00+00:00,2025-02-19 09:15:00+00:00,25,-13.25,0,0.5478184311030733,1
mean_reversion,short,50459,50530,2025-02-19 12:00:00+00:00,2025-02-20 06:45:00+00:00,71,-13.25,0,0.5308362379186371,1
momentum,long,50459,50466,2025-02-19 12:00:00+00:00,2025-02-19 13:45:00+00:00,7,1.5950000000002547,1,0.676422007035991,1
momentum,long,50475,50489,2025-02-19 16:00:00+00:00,2025-02-19 19:30:00+00:00,14,1.8949999999999818,1,0.6619177724651517,1
momentum,long,50553,50559,2025-02-20 12:30:00+00:00,2025-02-20 14:00:00+00:00,6,-13.25,0,0.6531403841364366,1
mean_reversion,short,50553,50615,2025-02-20 12:30:00+00:00,2025-02-21 05:00:00+00:00,62,16.88000000000011,1,0.5026017935174342,1
momentum,long,50603,50617,2025-02-21 02:00:00+00:00,2025-02-21 05:30:00+00:00,14,-13.25,0,0.6605264826623216,1
mean_reversion,long,50634,50668,2025-02-21 09:45:00+00:00,2025-02-21 18:15:00+00:00,34,10.085000000000036,1,0.6144762728760724,1
momentum,short,50634,50657,2025-02-21 09:45:00+00:00,2025-02-21 15:30:00+00:00,23,3.369999999999891,1,0.5800666163448623,1
momentum,short,50662,50693,2025-02-21 16:45:00+00:00,2025-02-24 01:30:00+00:00,31,7.360000000000127,1,0.6280916244307024,1
mean_reversion,short,50691,50693,2025-02-24 01:00:00+00:00,2025-02-24 01:30:00+00:00,2,-5.2849999999998545,0,0.6975259895762975,1
mean_reversion,long,50697,50699,2025-02-24 02:30:00+00:00,2025-02-24 03:00:00+00:00,2,5.190000000000055,1,0.7074854501813833,1
momentum,short,50697,50735,2025-02-24 02:30:00+00:00,2025-02-24 12:00:00+00:00,38,-13.25,0,0.610866277246445,1
mean_reversion,short,50730,50741,2025-02-24 10:45:00+00:00,2025-02-24 13:30:00+00:00,11,-13.25,0,0.6452240854891094,1
mean_reversion,short,50745,50810,2025-02-24 14:30:00+00:00,2025-02-25 07:45:00+00:00,65,11.055000000000291,1,0.5601326767149563,1
momentum,long,50745,50755,2025-02-24 14:30:00+00:00,2025-02-24 17:00:00+00:00,10,1.2599999999997635,1,0.6864835830532433,1
momentum,long,50794,50829,2025-02-25 03:45:00+00:00,2025-02-25 12:30:00+00:00,35,-13.25,0,0.6548169561452756,1
mean_reversion,long,50815,50829,2025-02-25 09:00:00+00:00,2025-02-25 12:30:00+00:00,14,-13.25,0,0.6917651641593582,1
mean_reversion,long,50835,50840,2025-02-25 14:00:00+00:00,2025-02-25 15:15:00+00:00,5,-13.25,0,0.6881461052060356,1
momentum,short,50835,50840,2025-02-25 14:00:00+00:00,2025-02-25 15:15:00+00:00,5,29.605000000000018,1,0.6664564746473035,1
momentum,short,50851,50871,2025-02-25 18:00:00+00:00,2025-02-26 00:00:00+00:00,20,-13.25,0,0.6089607356886622,1
mean_reversion,long,50851,50927,2025-02-25 18:00:00+00:00,2025-02-26 14:00:00+00:00,76,-13.25,0,0.4502861304774059,0
momentum,short,50872,50882,2025-02-26 00:15:00+00:00,2025-02-26 02:45:00+00:00,10,2.369999999999891,1,0.5711989814155292,1
mean_reversion,long,50933,50982,2025-02-26 15:30:00+00:00,2025-02-27 04:45:00+00:00,49,-13.25,0,0.5431266836504338,1
momentum,short,50933,50975,2025-02-26 15:30:00+00:00,2025-02-27 03:00:00+00:00,42,2.6450000000004366,1,0.6112394861065191,1
momentum,short,51095,51112,2025-02-28 10:00:00+00:00,2025-02-28 14:15:00+00:00,17,15.444999999999709,1,0.5318466054549867,1
mean_reversion,long,51095,51110,2025-02-28 10:00:00+00:00,2025-02-28 13:45:00+00:00,15,-13.25,0,0.46837367944663655,0
mean_reversion,long,51119,51128,2025-02-28 16:00:00+00:00,2025-02-28 18:15:00+00:00,9,-13.25,0,0.4033686161713298,0
momentum,short,51119,51129,2025-02-28 16:00:00+00:00,2025-02-28 18:30:00+00:00,10,5.694999999999709,1,0.5092076991300696,1
mean_reversion,long,51144,51207,2025-03-02 23:15:00+00:00,2025-03-03 15:00:00+00:00,63,9.329999999999927,1,0.5164171657510714,1
momentum,short,51144,51208,2025-03-02 23:15:00+00:00,2025-03-03 15:15:00+00:00,64,-13.25,0,0.5102194802662533,1
mean_reversion,short,51245,51268,2025-03-04 01:30:00+00:00,2025-03-04 07:15:00+00:00,23,-13.25,0,0.5437657704582886,1
momentum,long,51245,51269,2025-03-04 01:30:00+00:00,2025-03-04 07:30:00+00:00,24,11.25,1,0.6862286200753752,1
mean_reversion,short,51297,51396,2025-03-04 14:30:00+00:00,2025-03-05 16:15:00+00:00,99,-13.25,0,0.48282680105021947,0
momentum,long,51297,51308,2025-03-04 14:30:00+00:00,2025-03-04 17:15:00+00:00,11,2.619999999999891,1,0.6063808978141221,1
momentum,long,51386,51391,2025-03-05 13:45:00+00:00,2025-03-05 15:00:00+00:00,5,17.00500000000011,1,0.6077072024051579,1
mean_reversion,short,51402,51464,2025-03-05 17:45:00+00:00,2025-03-06 10:15:00+00:00,62,16.359999999999673,1,0.5445274569153655,1
momentum,long,51402,51432,2025-03-05 17:45:00+00:00,2025-03-06 02:15:00+00:00,30,7.430000000000291,1,0.6292643328115254,1
momentum,long,51455,51462,2025-03-06 08:00:00+00:00,2025-03-06 09:45:00+00:00,7,-13.25,0,0.5684151888554547,1
mean_reversion,long,51469,51488,2025-03-06 11:30:00+00:00,2025-03-06 16:15:00+00:00,19,10.599999999999909,1,0.5730292708712861,1
momentum,short,51469,51483,2025-03-06 11:30:00+00:00,2025-03-06 15:00:00+00:00,14,-13.25,0,0.5487865051576911,1
mean_reversion,short,51516,51518,2025-03-07 00:15:00+00:00,2025-03-07 00:45:00+00:00,2,-2.305000000000291,0,0.5260016043159945,1
momentum,long,51516,51550,2025-03-07 00:15:00+00:00,2025-03-07 08:45:00+00:00,34,20.00500000000011,1,0.5821789737333836,1
mean_reversion,short,51580,51593,2025-03-07 16:15:00+00:00,2025-03-07 19:30:00+00:00,13,10.139999999999873,1,0.5479189389096774,1
momentum,long,51580,51588,2025-03-07 16:15:00+00:00,2025-03-07 18:15:00+00:00,8,-13.25,0,0.6188147852790755,1
mean_reversion,long,51650,51656,2025-03-10 09:45:00+00:00,2025-03-10 11:15:00+00:00,6,-13.25,0,0.6574783509025124,1
momentum,short,51650,51654,2025-03-10 09:45:00+00:00,2025-03-10 10:45:00+00:00,4,8.16000000000031,1,0.6390864862348749,1
mean_reversion,long,51663,51679,2025-03-10 13:00:00+00:00,2025-03-10 17:00:00+00:00,16,-13.25,0,0.663157668908896,1
momentum,short,51663,51679,2025-03-10 13:00:00+00:00,2025-03-10 17:00:00+00:00,16,12.49499999999989,1,0.6262345956886635,1
momentum,short,51713,51739,2025-03-11 02:30:00+00:00,2025-03-11 09:00:00+00:00,26,-13.25,0,0.6168256484013934,1
mean_reversion,long,51713,51744,2025-03-11 02:30:00+00:00,2025-03-11 10:15:00+00:00,31,15.224999999999909,1,0.6322721974916027,1
momentum,long,51825,51830,2025-03-12 07:30:00+00:00,2025-03-12 08:45:00+00:00,5,9.449999999999818,1,0.6426230483857223,1
mean_reversion,short,51825,51855,2025-03-12 07:30:00+00:00,2025-03-12 15:00:00+00:00,30,-13.25,0,0.5581043948508511,1
momentum,long,51836,51854,2025-03-12 10:15:00+00:00,2025-03-12 14:45:00+00:00,18,8.559999999999945,1,0.639826292181878,1
momentum,long,51912,51922,2025-03-13 06:15:00+00:00,2025-03-13 08:45:00+00:00,10,3.1900000000000546,1,0.638525478768473,1
mean_reversion,short,51912,51941,2025-03-13 06:15:00+00:00,2025-03-13 13:30:00+00:00,29,-13.25,0,0.4773039172770387,0
momentum,long,52000,52013,2025-03-14 05:15:00+00:00,2025-03-14 08:30:00+00:00,13,6.934999999999945,1,0.6424212181968989,1
mean_reversion,short,52000,52017,2025-03-14 05:15:00+00:00,2025-03-14 09:30:00+00:00,17,-13.25,0,0.3878428942919902,0
momentum,long,52034,52097,2025-03-14 13:45:00+00:00,2025-03-17 06:30:00+00:00,63,4.670000000000073,1,0.5634311599041517,1
mean_reversion,short,52034,52114,2025-03-14 13:45:00+00:00,2025-03-17 10:45:00+00:00,80,-13.25,0,0.3988565996657039,0
momentum,long,52120,52129,2025-03-17 12:15:00+00:00,2025-03-17 14:30:00+00:00,9,6.809999999999945,1,0.7228123264119377,1
mean_reversion,short,52120,52170,2025-03-17 12:15:00+00:00,2025-03-18 01:45:00+00:00,50,-13.25,0,0.49890776514735596,0
momentum,long,52203,52214,2025-03-18 10:00:00+00:00,2025-03-18 12:45:00+00:00,11,9.170000000000073,1,0.7534076651440271,1
mean_reversion,short,52203,52270,2025-03-18 10:00:00+00:00,2025-03-19 03:45:00+00:00,67,-13.25,0,0.41739696988210206,0
momentum,long,52220,52279,2025-03-18 14:15:00+00:00,2025-03-19 06:00:00+00:00,59,9.515000000000327,1,0.7296095962619487,1
momentum,long,52288,52297,2025-03-19 08:15:00+00:00,2025-03-19 10:30:00+00:00,9,4.119999999999891,1,0.6778634431412399,1
mean_reversion,short,52288,52329,2025-03-19 08:15:00+00:00,2025-03-19 18:30:00+00:00,41,-13.25,0,0.469450705099211,0
momentum,long,52310,52320,2025-03-19 13:45:00+00:00,2025-03-19 16:15:00+00:00,10,3.0599999999999454,1,0.7062107861011734,1
mean_reversion,short,52359,52459,2025-03-20 03:00:00+00:00,2025-03-21 05:00:00+00:00,100,21.08999999999969,1,0.4483250116502737,0
momentum,long,52359,52366,2025-03-20 03:00:00+00:00,2025-03-20 04:45:00+00:00,7,3.805000000000291,1,0.6797278020622627,1
momentum,long,52371,52387,2025-03-20 06:00:00+00:00,2025-03-20 10:00:00+00:00,16,-13.25,0,0.6548949384173475,1
momentum,long,52403,52406,2025-03-20 14:00:00+00:00,2025-03-20 14:45:00+00:00,3,4.924999999999727,1,0.6223368008402932,1
momentum,long,52447,52461,2025-03-21 02:00:00+00:00,2025-03-21 05:30:00+00:00,14,-13.25,0,0.6212095959552542,1
momentum,short,52501,52535,2025-03-21 15:30:00+00:00,2025-03-24 01:00:00+00:00,34,-9.88000000000011,0,0.5864955331527021,1
mean_reversion,long,52501,52677,2025-03-21 15:30:00+00:00,2025-03-25 13:30:00+00:00,176,14.485000000000127,1,0.5087145838767414,1
momentum,short,52561,52578,2025-03-24 07:30:00+00:00,2025-03-24 11:45:00+00:00,17,-2.0450000000000728,0,0.6532406445486633,1
momentum,short,52614,52668,2025-03-24 20:45:00+00:00,2025-03-25 11:15:00+00:00,54,-13.25,0,0.7033033174984671,1
mean_reversion,short,52685,52718,2025-03-25 15:30:00+00:00,2025-03-26 00:45:00+00:00,33,5.179999999999836,1,0.5931475687837133,1
momentum,long,52685,52723,2025-03-25 15:30:00+00:00,2025-03-26 02:00:00+00:00,38,1.900000000000091,1,0.68567966511976,1
mean_reversion,short,52729,52732,2025-03-26 03:30:00+00:00,2025-03-26 04:15:00+00:00,3,3.0799999999999272,1,0.6178068073809551,1
momentum,long,52729,52742,2025-03-26 03:30:00+00:00,2025-03-26 06:45:00+00:00,13,7.529999999999745,1,0.6907293763239687,1
mean_reversion,long,52739,52742,2025-03-26 06:00:00+00:00,2025-03-26 06:45:00+00:00,3,1.5149999999998727,1,0.696017045688703,1
momentum,long,52752,52760,2025-03-26 09:15:00+00:00,2025-03-26 11:15:00+00:00,8,8.565000000000055,1,0.6681384603808439,1
mean_reversion,short,52752,52778,2025-03-26 09:15:00+00:00,2025-03-26 15:45:00+00:00,26,3.9200000000000728,1,0.6157315462084861,1
momentum,long,52771,52819,2025-03-26 14:00:00+00:00,2025-03-27 03:00:00+00:00,48,13.360000000000127,1,0.6966285818265076,1
momentum,long,52833,52839,2025-03-27 06:30:00+00:00,2025-03-27 08:00:00+00:00,6,9.66000000000031,1,0.6415081849236842,1
mean_reversion,short,52833,52846,2025-03-27 06:30:00+00:00,2025-03-27 09:45:00+00:00,13,-13.25,0,0.5389988663932787,1
momentum,long,52860,52866,2025-03-27 13:15:00+00:00,2025-03-27 14:45:00+00:00,6,15.234999999999673,1,0.6007719330360105,1
mean_reversion,short,52860,52865,2025-03-27 13:15:00+00:00,2025-03-27 14:30:00+00:00,5,-13.25,0,0.4567621730333088,0
momentum,long,52875,52882,2025-03-27 17:00:00+00:00,2025-03-27 18:45:00+00:00,7,4.795000000000073,1,0.7186332842036585,1
mean_reversion,short,52875,52903,2025-03-27 17:00:00+00:00,2025-03-28 01:00:00+00:00,28,-13.25,0,0.49356124706382565,0
momentum,long,52932,52938,2025-03-28 08:15:00+00:00,2025-03-28 09:45:00+00:00,6,6.625,1,0.5541750963728869,1
mean_reversion,short,52932,52945,2025-03-28 08:15:00+00:00,2025-03-28 11:30:00+00:00,13,-13.25,0,0.43338726177734666,0
momentum,long,52960,52963,2025-03-28 15:15:00+00:00,2025-03-28 16:00:00+00:00,3,3.8850000000002183,1,0.6790900243022118,1
mean_reversion,short,52960,52983,2025-03-28 15:15:00+00:00,2025-03-30 22:00:00+00:00,23,-13.25,0,0.4384927822428325,0
momentum,long,52995,52999,2025-03-31 01:00:00+00:00,2025-03-31 02:00:00+00:00,4,17.639999999999873,1,0.6297287217236676,1
mean_reversion,short,52995,52997,2025-03-31 01:00:00+00:00,2025-03-31 01:30:00+00:00,2,-13.25,0,0.430606261456467,0
momentum,long,53046,53051,2025-03-31 13:45:00+00:00,2025-03-31 15:00:00+00:00,5,11.545000000000073,1,0.6794274870900494,1
mean_reversion,short,53046,53051,2025-03-31 13:45:00+00:00,2025-03-31 15:00:00+00:00,5,-13.25,0,0.373319801521248,0
momentum,long,53107,53146,2025-04-01 06:00:00+00:00,2025-04-01 15:45:00+00:00,39,-13.25,0,0.6245041646074382,1
mean_reversion,short,53107,53256,2025-04-01 06:00:00+00:00,2025-04-02 20:15:00+00:00,149,-13.25,0,0.39400558377101585,0
momentum,long,53147,53156,2025-04-01 16:00:00+00:00,2025-04-01 18:15:00+00:00,9,9.340000000000146,1,0.5437831907454559,1
momentum,long,53194,53208,2025-04-02 04:45:00+00:00,2025-04-02 08:15:00+00:00,14,12.534999999999854,1,0.5379425425224554,1
momentum,long,53218,53256,2025-04-02 10:45:00+00:00,2025-04-02 20:15:00+00:00,38,30.0,1,0.591014007942167,1
momentum,long,53270,53287,2025-04-03 00:45:00+00:00,2025-04-03 05:00:00+00:00,17,-13.25,0,0.5432440080706026,1
mean_reversion,short,53270,53293,2025-04-03 00:45:00+00:00,2025-04-03 06:30:00+00:00,23,30.0,1,0.32841839674056267,0
mean_reversion,short,53309,53310,2025-04-03 10:30:00+00:00,2025-04-03 10:45:00+00:00,1,11.779999999999745,1,0.4452702605117207,0
momentum,long,53309,53310,2025-04-03 10:30:00+00:00,2025-04-03 10:45:00+00:00,1,-13.25,0,0.44613986596661853,0
momentum,short,53323,53325,2025-04-03 14:00:00+00:00,2025-04-03 14:30:00+00:00,2,-13.25,0,0.2265455593766596,0
mean_reversion,long,53323,53336,2025-04-03 14:00:00+00:00,2025-04-03 17:15:00+00:00,13,-13.25,0,0.31908685844303974,0
mean_reversion,long,53401,53406,2025-04-04 10:30:00+00:00,2025-04-04 11:45:00+00:00,5,-13.25,0,0.4438562732900502,0
momentum,short,53401,53403,2025-04-04 10:30:00+00:00,2025-04-04 11:00:00+00:00,2,-13.25,0,0.3943608760950584,0
momentum,short,53457,53463,2025-04-07 01:30:00+00:00,2025-04-07 03:00:00+00:00,6,30.0,1,0.13700153730786313,0
mean_reversion,long,53457,53458,2025-04-07 01:30:00+00:00,2025-04-07 01:45:00+00:00,1,-13.25,0,0.1703310835097784,0
mean_reversion,long,53643,53662,2025-04-09 02:00:00+00:00,2025-04-09 06:45:00+00:00,19,30.0,1,0.3878961702547782,0
momentum,short,53643,53656,2025-04-09 02:00:00+00:00,2025-04-09 05:15:00+00:00,13,-13.25,0,0.3596767069395359,0
momentum,long,53705,53708,2025-04-09 17:30:00+00:00,2025-04-09 18:15:00+00:00,3,-13.25,0,0.42554799104588253,0
mean_reversion,short,53705,53711,2025-04-09 17:30:00+00:00,2025-04-09 19:00:00+00:00,6,-13.25,0,0.223198230810079,0
momentum,long,53842,53852,2025-04-11 05:45:00+00:00,2025-04-11 08:15:00+00:00,10,30.0,1,0.398572094095494,0
mean_reversion,short,53842,53845,2025-04-11 05:45:00+00:00,2025-04-11 06:30:00+00:00,3,-13.25,0,0.165252592694658,0
mean_reversion,short,53908,53916,2025-04-13 23:15:00+00:00,2025-04-14 01:15:00+00:00,8,-13.25,0,0.2954447262430155,0
momentum,long,53908,53918,2025-04-13 23:15:00+00:00,2025-04-14 01:45:00+00:00,10,21.085000000000036,1,0.43991990405653597,0
momentum,long,53953,53958,2025-04-14 10:30:00+00:00,2025-04-14 11:45:00+00:00,5,15.25500000000011,1,0.4493722466600752,0
mean_reversion,short,53953,53955,2025-04-14 10:30:00+00:00,2025-04-14 11:00:00+00:00,2,-13.25,0,0.3431928537475503,0
momentum,long,54195,54200,2025-04-17 02:00:00+00:00,2025-04-17 03:15:00+00:00,5,7.585000000000036,1,0.5492149446052862,1
mean_reversion,short,54195,54243,2025-04-17 02:00:00+00:00,2025-04-17 14:00:00+00:00,48,30.0,1,0.21898387387243912,0
momentum,long,54217,54243,2025-04-17 07:30:00+00:00,2025-04-17 14:00:00+00:00,26,-13.25,0,0.5036496904475926,1
momentum,long,54348,54353,2025-04-21 17:15:00+00:00,2025-04-21 18:30:00+00:00,5,11.605000000000018,1,0.6030405902956861,1
mean_reversion,short,54348,54355,2025-04-21 17:15:00+00:00,2025-04-21 19:00:00+00:00,7,-13.25,0,0.31548769054408593,0
momentum,long,54372,54377,2025-04-22 00:15:00+00:00,2025-04-22 01:30:00+00:00,5,22.825000000000273,1,0.6206211868285223,1
mean_reversion,short,54372,54376,2025-04-22 00:15:00+00:00,2025-04-22 01:15:00+00:00,4,-13.25,0,0.26055554719938745,0
momentum,long,54400,54405,2025-04-22 07:15:00+00:00,2025-04-22 08:30:00+00:00,5,-13.25,0,0.4930518060961927,0
mean_reversion,short,54400,54401,2025-04-22 07:15:00+00:00,2025-04-22 07:30:00+00:00,1,-13.25,0,0.20334071571693163,0
momentum,long,54423,54425,2025-04-22 13:00:00+00:00,2025-04-22 13:30:00+00:00,2,-13.25,0,0.4557362561539845,0
mean_reversion,short,54423,54425,2025-04-22 13:00:00+00:00,2025-04-22 13:30:00+00:00,2,30.0,1,0.2408248700838236,0
mean_reversion,long,54467,54473,2025-04-23 01:00:00+00:00,2025-04-23 02:30:00+00:00,6,-13.25,0,0.2711341260485228,0
momentum,short,54467,54469,2025-04-23 01:00:00+00:00,2025-04-23 01:30:00+00:00,2,-13.25,0,0.27921628986364533,0
momentum,short,54501,54515,2025-04-23 09:30:00+00:00,2025-04-23 13:00:00+00:00,14,25.86999999999989,1,0.30681865473353603,0
mean_reversion,long,54501,54502,2025-04-23 09:30:00+00:00,2025-04-23 09:45:00+00:00,1,-13.25,0,0.25138639379112765,0
mean_reversion,long,54550,54557,2025-04-23 22:45:00+00:00,2025-04-24 00:30:00+00:00,7,30.0,1,0.3117774457768098,0
momentum,short,54550,54556,2025-04-23 22:45:00+00:00,2025-04-24 00:15:00+00:00,6,-13.25,0,0.32823073297010386,0
mean_reversion,short,54663,54667,2025-04-25 04:00:00+00:00,2025-04-25 05:00:00+00:00,4,0.5850000000000364,1,0.2991823281379885,0
momentum,long,54663,54669,2025-04-25 04:00:00+00:00,2025-04-25 05:30:00+00:00,6,-13.25,0,0.3351792192781307,0
mean_reversion,long,54677,54693,2025-04-25 07:30:00+00:00,2025-04-25 11:30:00+00:00,16,-13.25,0,0.28137608370390665,0
momentum,short,54677,54700,2025-04-25 07:30:00+00:00,2025-04-25 13:15:00+00:00,23,30.0,1,0.32732198908075383,0
mean_reversion,long,54728,54744,2025-04-25 20:15:00+00:00,2025-04-28 01:15:00+00:00,16,-13.25,0,0.4791138110171535,0
momentum,short,54728,54731,2025-04-25 20:15:00+00:00,2025-04-27 22:00:00+00:00,3,-13.25,0,0.3960362393487506,0
mean_reversion,long,54753,54767,2025-04-28 03:30:00+00:00,2025-04-28 07:00:00+00:00,14,-13.25,0,0.3462936578580593,0
momentum,short,54753,54796,2025-04-28 03:30:00+00:00,2025-04-28 14:15:00+00:00,43,-13.25,0,0.36644161053687,0
mean_reversion,long,54797,54804,2025-04-28 14:30:00+00:00,2025-04-28 16:15:00+00:00,7,4.375,1,0.4997065518011631,0
momentum,short,54797,54812,2025-04-28 14:30:00+00:00,2025-04-28 18:15:00+00:00,15,-13.25,0,0.3080891544546205,0
momentum,long,54825,54838,2025-04-28 22:30:00+00:00,2025-04-29 01:45:00+00:00,13,-13.25,0,0.5630387846097773,1
mean_reversion,short,54825,54850,2025-04-28 22:30:00+00:00,2025-04-29 04:45:00+00:00,25,30.0,1,0.3994932741297325,0
momentum,long,54845,54880,2025-04-29 03:30:00+00:00,2025-04-29 12:15:00+00:00,35,-13.25,0,0.4641803469386395,0
momentum,short,54899,54955,2025-04-29 17:00:00+00:00,2025-04-30 08:00:00+00:00,56,30.0,1,0.5584385900188359,1
mean_reversion,long,54899,54900,2025-04-29 17:00:00+00:00,2025-04-29 17:15:00+00:00,1,-2.125,0,0.6238058779000387,1
momentum,short,54973,54976,2025-04-30 12:30:00+00:00,2025-04-30 13:15:00+00:00,3,-13.25,0,0.41674713640053995,0
mean_reversion,long,54973,55007,2025-04-30 12:30:00+00:00,2025-04-30 22:00:00+00:00,34,-13.25,0,0.41355720741589896,0
momentum,short,55068,55078,2025-05-01 13:15:00+00:00,2025-05-01 15:45:00+00:00,10,10.760000000000218,1,0.4451506103274706,0
mean_reversion,long,55068,55076,2025-05-01 13:15:00+00:00,2025-05-01 15:15:00+00:00,8,-13.25,0,0.3677563994826608,0
mean_reversion,long,55119,55153,2025-05-02 03:00:00+00:00,2025-05-02 11:30:00+00:00,34,14.914999999999964,1,0.5138988029522412,1
momentum,short,55119,55145,2025-05-02 03:00:00+00:00,2025-05-02 09:30:00+00:00,26,-13.25,0,0.43638110702298555,0
momentum,short,55205,55233,2025-05-05 01:30:00+00:00,2025-05-05 08:30:00+00:00,28,-13.25,0,0.43276949317181795,0
mean_reversion,long,55205,55212,2025-05-05 01:30:00+00:00,2025-05-05 03:15:00+00:00,7,-4.304999999999836,0,0.5023163476134761,1
mean_reversion,short,55215,55232,2025-05-05 04:00:00+00:00,2025-05-05 08:15:00+00:00,17,-13.25,0,0.4262138930777683,0
mean_reversion,short,55303,55304,2025-05-06 03:00:00+00:00,2025-05-06 03:15:00+00:00,1,-13.25,0,0.271026828391712,0
momentum,long,55303,55341,2025-05-06 03:00:00+00:00,2025-05-06 12:30:00+00:00,38,30.0,1,0.6104404587588915,1
momentum,long,55350,55355,2025-05-06 14:45:00+00:00,2025-05-06 16:00:00+00:00,5,10.509999999999764,1,0.6617914967663735,1
mean_reversion,short,55350,55353,2025-05-06 14:45:00+00:00,2025-05-06 15:30:00+00:00,3,-13.25,0,0.333540101263503,0
momentum,long,55377,55379,2025-05-06 22:30:00+00:00,2025-05-06 23:00:00+00:00,2,-13.25,0,0.5423759516972342,1
mean_reversion,short,55377,55386,2025-05-06 22:30:00+00:00,2025-05-07 00:45:00+00:00,9,30.0,1,0.24332959914514063,0
momentum,long,55461,55480,2025-05-07 19:30:00+00:00,2025-05-08 01:15:00+00:00,19,15.914999999999964,1,0.4989360173389771,0
mean_reversion,short,55461,55476,2025-05-07 19:30:00+00:00,2025-05-08 00:15:00+00:00,15,-13.25,0,0.4133618386452216,0
momentum,long,55496,55498,2025-05-08 05:15:00+00:00,2025-05-08 05:45:00+00:00,2,-13.25,0,0.3852466135856183,0
mean_reversion,short,55496,55499,2025-05-08 05:15:00+00:00,2025-05-08 06:00:00+00:00,3,30.0,1,0.311710343883059,0
momentum,short,55528,55538,2025-05-08 13:15:00+00:00,2025-05-08 15:45:00+00:00,10,30.0,1,0.4439619212365427,0
mean_reversion,long,55528,55536,2025-05-08 13:15:00+00:00,2025-05-08 15:15:00+00:00,8,-13.25,0,0.4755864669211343,0
momentum,short,55563,55573,2025-05-08 23:00:00+00:00,2025-05-09 01:30:00+00:00,10,30.0,1,0.4609686859595712,0
mean_reversion,long,55563,55572,2025-05-08 23:00:00+00:00,2025-05-09 01:15:00+00:00,9,-13.25,0,0.38300933606676146,0
momentum,short,55581,55586,2025-05-09 03:30:00+00:00,2025-05-09 04:45:00+00:00,5,-13.25,0,0.34536547222128006,0
mean_reversion,long,55581,55620,2025-05-09 03:30:00+00:00,2025-05-09 13:15:00+00:00,39,30.0,1,0.3514533087498859,0
momentum,short,55629,55651,2025-05-09 15:30:00+00:00,2025-05-11 22:00:00+00:00,22,30.0,1,0.44986341230905913,0
mean_reversion,long,55629,55644,2025-05-09 15:30:00+00:00,2025-05-09 19:15:00+00:00,15,-13.25,0,0.5545200469392639,1
mean_reversion,long,55659,55661,2025-05-12 00:00:00+00:00,2025-05-12 00:30:00+00:00,2,-13.25,0,0.32174799774083646,0
momentum,short,55659,55664,2025-05-12 00:00:00+00:00,2025-05-12 01:15:00+00:00,5,22.7199999999998,1,0.4231772079955632,0
mean_reversion,long,55712,55726,2025-05-12 13:15:00+00:00,2025-05-12 16:45:00+00:00,14,-13.25,0,0.34375830065989105,0
momentum,short,55712,55728,2025-05-12 13:15:00+00:00,2025-05-12 17:15:00+00:00,16,14.11999999999989,1,0.46627425080941604,0
mean_reversion,long,55771,55799,2025-05-13 05:00:00+00:00,2025-05-13 12:00:00+00:00,28,-13.25,0,0.44762107445922217,0
momentum,short,55771,55806,2025-05-13 05:00:00+00:00,2025-05-13 13:45:00+00:00,35,30.0,1,0.38346480050037274,0
momentum,short,55812,55854,2025-05-13 15:15:00+00:00,2025-05-14 02:45:00+00:00,42,15.099999999999909,1,0.5077895081734914,1
mean_reversion,long,55812,55852,2025-05-13 15:15:00+00:00,2025-05-14 02:15:00+00:00,40,-13.25,0,0.5517205850706315,1
momentum,short,55963,55970,2025-05-15 07:00:00+00:00,2025-05-15 08:45:00+00:00,7,-13.25,0,0.36119392724875304,0
mean_reversion,long,55963,55965,2025-05-15 07:00:00+00:00,2025-05-15 07:30:00+00:00,2,-13.25,0,0.23028618354698324,0
mean_reversion,long,55988,56001,2025-05-15 13:15:00+00:00,2025-05-15 16:30:00+00:00,13,30.0,1,0.3699659486563155,0
momentum,short,55988,55991,2025-05-15 13:15:00+00:00,2025-05-15 14:00:00+00:00,3,-13.25,0,0.35021687758921316,0
mean_reversion,short,56029,56056,2025-05-16 00:30:00+00:00,2025-05-16 07:15:00+00:00,27,30.0,1,0.34372100192121746,0
momentum,long,56029,56032,2025-05-16 00:30:00+00:00,2025-05-16 01:15:00+00:00,3,-13.25,0,0.5179290781981595,1
momentum,long,56057,56059,2025-05-16 07:30:00+00:00,2025-05-16 08:00:00+00:00,2,-13.25,0,0.4757809245463152,0
mean_reversion,short,56057,56070,2025-05-16 07:30:00+00:00,2025-05-16 10:45:00+00:00,13,30.0,1,0.3715780504864026,0
momentum,short,56112,56120,2025-05-18 22:15:00+00:00,2025-05-19 00:15:00+00:00,8,-13.25,0,0.28332248039764313,0
mean_reversion,long,56112,56116,2025-05-18 22:15:00+00:00,2025-05-18 23:15:00+00:00,4,7.599999999999909,1,0.5220501278104707,1
mean_reversion,short,56125,56152,2025-05-19 01:30:00+00:00,2025-05-19 08:15:00+00:00,27,-13.25,0,0.31710135002177076,0
momentum,long,56125,56134,2025-05-19 01:30:00+00:00,2025-05-19 03:45:00+00:00,9,-13.25,0,0.4898644780432416,0
momentum,long,56171,56173,2025-05-19 13:00:00+00:00,2025-05-19 13:30:00+00:00,2,-13.25,0,0.5903542265347853,1
mean_reversion,short,56171,56221,2025-05-19 13:00:00+00:00,2025-05-20 02:30:00+00:00,50,30.0,1,0.38437525404898726,0
momentum,long,56221,56247,2025-05-20 02:30:00+00:00,2025-05-20 09:00:00+00:00,26,23.039999999999964,1,0.5094305535201371,1
mean_reversion,long,56243,56247,2025-05-20 08:00:00+00:00,2025-05-20 09:00:00+00:00,4,13.039999999999964,1,0.5778912034596801,1
momentum,long,56336,56352,2025-05-21 08:15:00+00:00,2025-05-21 12:15:00+00:00,16,-13.25,0,0.594315682796836,1
mean_reversion,short,56336,56379,2025-05-21 08:15:00+00:00,2025-05-21 19:00:00+00:00,43,-13.25,0,0.33256049312211755,0
momentum,long,56353,56365,2025-05-21 12:30:00+00:00,2025-05-21 15:30:00+00:00,12,13.224999999999909,1,0.586489317076625,1
mean_reversion,short,56430,56451,2025-05-22 08:45:00+00:00,2025-05-22 14:00:00+00:00,21,30.0,1,0.391489424243507,0
momentum,long,56430,56437,2025-05-22 08:45:00+00:00,2025-05-22 10:30:00+00:00,7,-13.25,0,0.4915015431736316,0
momentum,long,56451,56505,2025-05-22 14:00:00+00:00,2025-05-23 04:30:00+00:00,54,23.6550000000002,1,0.4976665736901016,0
momentum,long,56543,56547,2025-05-23 14:00:00+00:00,2025-05-23 15:00:00+00:00,4,13.034999999999854,1,0.5754519959991469,1
mean_reversion,short,56543,56546,2025-05-23 14:00:00+00:00,2025-05-23 14:45:00+00:00,3,-13.25,0,0.3350422066173741,0
mean_reversion,short,56573,56684,2025-05-25 22:30:00+00:00,2025-05-27 05:45:00+00:00,111,30.0,1,0.3856712145480249,0
momentum,long,56573,56579,2025-05-25 22:30:00+00:00,2025-05-26 00:00:00+00:00,6,-13.25,0,0.6085090799060844,1
momentum,long,56608,56673,2025-05-26 07:15:00+00:00,2025-05-27 03:00:00+00:00,65,9.585000000000036,1,0.5389490494493254,1
momentum,long,56680,56684,2025-05-27 04:45:00+00:00,2025-05-27 05:45:00+00:00,4,-13.25,0,0.5587813947641509,1
momentum,short,56775,56785,2025-05-28 05:30:00+00:00,2025-05-28 08:00:00+00:00,10,-13.25,0,0.5415566222822837,1
mean_reversion,long,56775,56813,2025-05-28 05:30:00+00:00,2025-05-28 15:00:00+00:00,38,-13.25,0,0.5440731839923245,1
momentum,short,56849,56853,2025-05-29 01:00:00+00:00,2025-05-29 02:00:00+00:00,4,-13.25,0,0.4798845570128685,0
mean_reversion,long,56849,56874,2025-05-29 01:00:00+00:00,2025-05-29 07:15:00+00:00,25,30.0,1,0.23910959322746886,0
momentum,short,56875,56886,2025-05-29 07:30:00+00:00,2025-05-29 10:15:00+00:00,11,-13.25,0,0.4710809068311733,0
mean_reversion,long,56875,56894,2025-05-29 07:30:00+00:00,2025-05-29 12:15:00+00:00,19,30.0,1,0.4393125013956383,0
momentum,long,56947,56985,2025-05-30 02:30:00+00:00,2025-05-30 12:00:00+00:00,38,-13.25,0,0.5062872732055701,1
mean_reversion,short,56947,56959,2025-05-30 02:30:00+00:00,2025-05-30 05:30:00+00:00,12,0.8550000000000182,1,0.4666435643193059,0
mean_reversion,long,56961,56992,2025-05-30 06:00:00+00:00,2025-05-30 13:45:00+00:00,31,-13.25,0,0.3910536258873823,0
momentum,short,56989,56992,2025-05-30 13:00:00+00:00,2025-05-30 13:45:00+00:00,3,26.074999999999818,1,0.5357336050898202,1
momentum,short,57022,57048,2025-06-01 22:15:00+00:00,2025-06-02 04:45:00+00:00,26,-13.25,0,0.5422770284225054,1
mean_reversion,long,57022,57028,2025-06-01 22:15:00+00:00,2025-06-01 23:45:00+00:00,6,6.169999999999618,1,0.5667064858130523,1
momentum,long,57125,57147,2025-06-03 01:00:00+00:00,2025-06-03 06:30:00+00:00,22,-13.25,0,0.5326011658501761,1
mean_reversion,short,57125,57177,2025-06-03 01:00:00+00:00,2025-06-03 14:00:00+00:00,52,30.0,1,0.40628400468793163,0
momentum,long,57177,57183,2025-06-03 14:00:00+00:00,2025-06-03 15:30:00+00:00,6,11.559999999999945,1,0.5562671960685908,1
mean_reversion,short,57232,57270,2025-06-04 04:45:00+00:00,2025-06-04 14:15:00+00:00,38,-13.25,0,0.491478608447642,0
momentum,long,57232,57266,2025-06-04 04:45:00+00:00,2025-06-04 13:15:00+00:00,34,3.269999999999982,1,0.5751566404708129,1
mean_reversion,short,57277,57309,2025-06-04 16:00:00+00:00,2025-06-05 01:00:00+00:00,32,-13.25,0,0.520242183339398,1
momentum,long,57277,57343,2025-06-04 16:00:00+00:00,2025-06-05 09:30:00+00:00,66,14.300000000000182,1,0.669730486296279,1
mean_reversion,short,57314,57342,2025-06-05 02:15:00+00:00,2025-06-05 09:15:00+00:00,28,-13.25,0,0.463924242268924,0
mean_reversion,short,57357,57367,2025-06-05 13:00:00+00:00,2025-06-05 15:30:00+00:00,10,30.0,1,0.40380429073567287,0
momentum,long,57357,57361,2025-06-05 13:00:00+00:00,2025-06-05 14:00:00+00:00,4,-13.25,0,0.5636476073269833,1
momentum,short,57415,57437,2025-06-06 04:30:00+00:00,2025-06-06 10:00:00+00:00,22,14.125,1,0.5573002607128044,1
mean_reversion,long,57415,57416,2025-06-06 04:30:00+00:00,2025-06-06 04:45:00+00:00,1,1.6599999999998545,1,0.6559177583587819,1
mean_reversion,short,57422,57425,2025-06-06 06:15:00+00:00,2025-06-06 07:00:00+00:00,3,3.3899999999998727,1,0.497975606131799,0
mean_reversion,long,57502,57554,2025-06-09 03:15:00+00:00,2025-06-09 16:15:00+00:00,52,30.0,1,0.3902001094264695,0
momentum,short,57502,57514,2025-06-09 03:15:00+00:00,2025-06-09 06:15:00+00:00,12,-13.25,0,0.5499332495907426,1
mean_reversion,long,57604,57630,2025-06-10 05:45:00+00:00,2025-06-10 12:15:00+00:00,26,19.434999999999945,1,0.5524875143081693,1
momentum,short,57604,57607,2025-06-10 05:45:00+00:00,2025-06-10 06:30:00+00:00,3,-13.25,0,0.5425030220567747,1
momentum,short,57626,57665,2025-06-10 11:15:00+00:00,2025-06-10 22:00:00+00:00,39,18.595000000000255,1,0.5240001469729458,1
mean_reversion,short,57640,57649,2025-06-10 14:45:00+00:00,2025-06-10 17:00:00+00:00,9,5.985000000000127,1,0.5686930474280675,1
mean_reversion,long,57660,57681,2025-06-10 19:45:00+00:00,2025-06-11 02:00:00+00:00,21,3.7849999999998545,1,0.6366956911802083,1
momentum,short,57676,57704,2025-06-11 00:45:00+00:00,2025-06-11 07:45:00+00:00,28,-13.25,0,0.6146173598126374,1
momentum,long,57713,57723,2025-06-11 10:00:00+00:00,2025-06-11 12:30:00+00:00,10,20.029999999999745,1,0.6244620497560894,1
mean_reversion,short,57713,57723,2025-06-11 10:00:00+00:00,2025-06-11 12:30:00+00:00,10,-13.25,0,0.5444768615114464,1
mean_reversion,short,57729,57746,2025-06-11 14:00:00+00:00,2025-06-11 18:15:00+00:00,17,-13.25,0,0.5295159518217808,1
momentum,long,57729,57734,2025-06-11 14:00:00+00:00,2025-06-11 15:15:00+00:00,5,8.414999999999964,1,0.6111251056945386,1
momentum,long,57740,57746,2025-06-11 16:45:00+00:00,2025-06-11 18:15:00+00:00,6,15.38000000000011,1,0.5660036553226495,1
mean_reversion,short,57796,57798,2025-06-12 07:45:00+00:00,2025-06-12 08:15:00+00:00,2,-13.25,0,0.44578155278434434,0
momentum,long,57796,57801,2025-06-12 07:45:00+00:00,2025-06-12 09:00:00+00:00,5,15.565000000000055,1,0.5618675216060763,1
mean_reversion,short,57825,57856,2025-06-12 15:00:00+00:00,2025-06-12 23:45:00+00:00,31,-13.25,0,0.3903596691118456,0
momentum,long,57825,57857,2025-06-12 15:00:00+00:00,2025-06-13 00:00:00+00:00,32,30.0,1,0.5742914654498925,1
mean_reversion,short,57873,57909,2025-06-13 04:00:00+00:00,2025-06-13 13:00:00+00:00,36,-13.25,0,0.19658217374837048,0
momentum,long,57873,57884,2025-06-13 04:00:00+00:00,2025-06-13 06:45:00+00:00,11,-13.25,0,0.5078154241182962,1
momentum,long,57886,57909,2025-06-13 07:15:00+00:00,2025-06-13 13:00:00+00:00,23,24.539999999999964,1,0.5074980113604574,1
momentum,long,57917,57942,2025-06-13 15:00:00+00:00,2025-06-15 22:15:00+00:00,25,22.654999999999745,1,0.5735693887408163,1
mean_reversion,short,57917,57932,2025-06-13 15:00:00+00:00,2025-06-13 18:45:00+00:00,15,-13.25,0,0.3745190154772549,0
momentum,long,57965,57973,2025-06-16 04:00:00+00:00,2025-06-16 06:00:00+00:00,8,-13.25,0,0.5465093337287019,1
mean_reversion,short,57965,58004,2025-06-16 04:00:00+00:00,2025-06-16 13:45:00+00:00,39,30.0,1,0.4120394188432027,0
momentum,long,58005,58025,2025-06-16 14:00:00+00:00,2025-06-16 19:00:00+00:00,20,-13.25,0,0.591609814536933,1
mean_reversion,short,58005,58009,2025-06-16 14:00:00+00:00,2025-06-16 15:00:00+00:00,4,-4.4099999999998545,0,0.5378967962015723,1
mean_reversion,long,58010,58019,2025-06-16 15:15:00+00:00,2025-06-16 17:30:00+00:00,9,-13.25,0,0.5832965471254903,1
mean_reversion,long,58037,58053,2025-06-16 23:00:00+00:00,2025-06-17 03:00:00+00:00,16,-13.25,0,0.6101492523694022,1
momentum,short,58037,58057,2025-06-16 23:00:00+00:00,2025-06-17 04:00:00+00:00,20,5.449999999999818,1,0.6178735962941142,1
mean_reversion,long,58082,58098,2025-06-17 10:15:00+00:00,2025-06-17 14:15:00+00:00,16,-13.25,0,0.5969798051468748,1
momentum,short,58082,58090,2025-06-17 10:15:00+00:00,2025-06-17 12:15:00+00:00,8,5.699999999999818,1,0.5613508495544737,1
momentum,short,58148,58157,2025-06-18 03:45:00+00:00,2025-06-18 06:00:00+00:00,9,6.754999999999654,1,0.5380219407802151,1
mean_reversion,long,58148,58162,2025-06-18 03:45:00+00:00,2025-06-18 07:15:00+00:00,14,-13.25,0,0.5961647688970199,1
momentum,short,58187,58210,2025-06-18 13:30:00+00:00,2025-06-18 19:15:00+00:00,23,27.429999999999836,1,0.602023761783544,1
mean_reversion,long,58187,58190,2025-06-18 13:30:00+00:00,2025-06-18 14:15:00+00:00,3,-13.25,0,0.6620382641944743,1
momentum,short,58219,58250,2025-06-18 22:30:00+00:00,2025-06-19 06:15:00+00:00,31,25.98999999999978,1,0.548715174467116,1
mean_reversion,long,58219,58248,2025-06-18 22:30:00+00:00,2025-06-19 05:45:00+00:00,29,-13.25,0,0.5274858072648717,1
momentum,short,58256,58316,2025-06-19 07:45:00+00:00,2025-06-20 02:15:00+00:00,60,8.680000000000291,1,0.5205946245301756,1
mean_reversion,long,58256,58318,2025-06-19 07:45:00+00:00,2025-06-20 02:45:00+00:00,62,-13.25,0,0.4489212273799758,0
mean_reversion,long,58325,58330,2025-06-20 04:30:00+00:00,2025-06-20 05:45:00+00:00,5,-13.25,0,0.5070355720742945,1
momentum,short,58325,58331,2025-06-20 04:30:00+00:00,2025-06-20 06:00:00+00:00,6,9.120000000000346,1,0.5421528089612957,1
mean_reversion,long,58362,58393,2025-06-20 13:45:00+00:00,2025-06-22 22:30:00+00:00,31,9.420000000000073,1,0.5759377560244419,1
momentum,short,58362,58391,2025-06-20 13:45:00+00:00,2025-06-22 22:00:00+00:00,29,-13.25,0,0.46570842049000194,0
momentum,short,58392,58405,2025-06-22 22:15:00+00:00,2025-06-23 01:30:00+00:00,13,17.695000000000164,1,0.5289539683220497,1
mean_reversion,short,58400,58405,2025-06-23 00:15:00+00:00,2025-06-23 01:30:00+00:00,5,4.650000000000091,1,0.5696535610162501,1
momentum,short,58436,58444,2025-06-23 09:15:00+00:00,2025-06-23 11:15:00+00:00,8,-13.25,0,0.5979504754213967,1
mean_reversion,long,58436,58446,2025-06-23 09:15:00+00:00,2025-06-23 11:45:00+00:00,10,15.710000000000036,1,0.6369069554274054,1
mean_reversion,short,58484,58490,2025-06-23 22:15:00+00:00,2025-06-23 23:45:00+00:00,6,12.150000000000091,1,0.542303248843302,1
momentum,long,58484,58489,2025-06-23 22:15:00+00:00,2025-06-23 23:30:00+00:00,5,-13.25,0,0.5235827163334414,1
momentum,short,58523,58540,2025-06-24 08:00:00+00:00,2025-06-24 12:15:00+00:00,17,17.36499999999978,1,0.5101587070574819,1
mean_reversion,long,58523,58539,2025-06-24 08:00:00+00:00,2025-06-24 12:00:00+00:00,16,-13.25,0,0.38993119602475623,0
momentum,short,58644,58661,2025-06-25 15:15:00+00:00,2025-06-25 19:30:00+00:00,17,-13.25,0,0.649102298450658,1
mean_reversion,long,58644,58688,2025-06-25 15:15:00+00:00,2025-06-26 03:15:00+00:00,44,16.24499999999989,1,0.6263630993210746,1
momentum,long,58716,58726,2025-06-26 10:15:00+00:00,2025-06-26 12:45:00+00:00,10,-13.25,0,0.6364048320573338,1
mean_reversion,short,58716,58729,2025-06-26 10:15:00+00:00,2025-06-26 13:30:00+00:00,13,30.0,1,0.5386890873531143,1
mean_reversion,long,58738,58777,2025-06-26 15:45:00+00:00,2025-06-27 02:30:00+00:00,39,-13.25,0,0.5926598427586477,1
momentum,short,58738,58761,2025-06-26 15:45:00+00:00,2025-06-26 22:30:00+00:00,23,5.050000000000182,1,0.5899594519662629,1
mean_reversion,long,58825,58852,2025-06-27 14:30:00+00:00,2025-06-29 22:15:00+00:00,27,-13.25,0,0.34323620557233353,0
momentum,short,58825,58838,2025-06-27 14:30:00+00:00,2025-06-27 17:45:00+00:00,13,-13.25,0,0.5641509578561853,1
mean_reversion,long,58858,58885,2025-06-29 23:45:00+00:00,2025-06-30 06:30:00+00:00,27,30.0,1,0.4273328596875357,0
momentum,short,58858,58867,2025-06-29 23:45:00+00:00,2025-06-30 02:00:00+00:00,9,-13.25,0,0.5806107905485135,1
mean_reversion,long,58910,58938,2025-06-30 12:45:00+00:00,2025-06-30 19:45:00+00:00,28,26.579999999999927,1,0.5273751899742752,1
momentum,short,58910,58925,2025-06-30 12:45:00+00:00,2025-06-30 16:30:00+00:00,15,-13.25,0,0.5776070507072254,1
mean_reversion,short,59012,59118,2025-07-01 15:15:00+00:00,2025-07-02 18:45:00+00:00,106,-13.25,0,0.4771159003480891,0
momentum,long,59012,59057,2025-07-01 15:15:00+00:00,2025-07-02 03:30:00+00:00,45,-0.7400000000002365,0,0.6748876324127872,1
momentum,long,59070,59084,2025-07-02 06:45:00+00:00,2025-07-02 10:15:00+00:00,14,9.764999999999873,1,0.6473943919106443,1
momentum,long,59099,59128,2025-07-02 14:00:00+00:00,2025-07-02 22:15:00+00:00,29,30.0,1,0.6621946261854411,1
mean_reversion,short,59133,59185,2025-07-02 23:30:00+00:00,2025-07-03 12:30:00+00:00,52,30.0,1,0.5092859020529273,1
momentum,long,59133,59159,2025-07-02 23:30:00+00:00,2025-07-03 06:00:00+00:00,26,7.920000000000073,1,0.7048591444893455,1
momentum,long,59168,59179,2025-07-03 08:15:00+00:00,2025-07-03 11:00:00+00:00,11,-7.085000000000036,0,0.6705493870858327,1
mean_reversion,long,59243,59255,2025-07-04 04:00:00+00:00,2025-07-04 07:00:00+00:00,12,-1.2199999999998,0,0.6758326378663437,1
momentum,short,59243,59301,2025-07-04 04:00:00+00:00,2025-07-06 23:30:00+00:00,58,12.349999999999909,1,0.5704650279711452,1
mean_reversion,short,59266,59277,2025-07-04 09:45:00+00:00,2025-07-04 12:30:00+00:00,11,1.5199999999999818,1,0.5824179005169928,1
momentum,short,59327,59335,2025-07-07 06:00:00+00:00,2025-07-07 08:00:00+00:00,8,7.400000000000091,1,0.5901009429390784,1
mean_reversion,long,59327,59334,2025-07-07 06:00:00+00:00,2025-07-07 07:45:00+00:00,7,-13.25,0,0.5173224973250334,1
momentum,short,59340,59346,2025-07-07 09:15:00+00:00,2025-07-07 10:45:00+00:00,6,5.529999999999745,1,0.6691862635069998,1
mean_reversion,long,59340,59379,2025-07-07 09:15:00+00:00,2025-07-07 19:00:00+00:00,39,30.0,1,0.5733542135123153,1
momentum,short,59355,59362,2025-07-07 13:00:00+00:00,2025-07-07 14:45:00+00:00,7,-13.25,0,0.6717078830266439,1
momentum,short,59372,59388,2025-07-07 17:15:00+00:00,2025-07-07 22:15:00+00:00,16,-13.25,0,0.5661568284288957,1
momentum,long,59393,59430,2025-07-07 23:30:00+00:00,2025-07-08 08:45:00+00:00,37,-13.25,0,0.7090810854937328,1
mean_reversion,short,59393,59440,2025-07-07 23:30:00+00:00,2025-07-08 11:15:00+00:00,47,11.840000000000146,1,0.5595105617661654,1
momentum,short,59465,59498,2025-07-08 17:30:00+00:00,2025-07-09 02:45:00+00:00,33,17.679999999999836,1,0.6299922636879034,1
mean_reversion,long,59465,59498,2025-07-08 17:30:00+00:00,2025-07-09 02:45:00+00:00,33,-13.25,0,0.5353703054429868,1
mean_reversion,long,59539,59570,2025-07-09 13:00:00+00:00,2025-07-09 20:45:00+00:00,31,15.559999999999945,1,0.640872841640645,1
momentum,short,59539,59545,2025-07-09 13:00:00+00:00,2025-07-09 14:30:00+00:00,6,-13.25,0,0.6359875060327143,1
momentum,long,59629,59674,2025-07-10 12:30:00+00:00,2025-07-11 00:45:00+00:00,45,7.670000000000073,1,0.6603513880540622,1
mean_reversion,short,59629,59674,2025-07-10 12:30:00+00:00,2025-07-11 00:45:00+00:00,45,-13.25,0,0.5482272056136016,1
momentum,long,59709,59712,2025-07-11 09:30:00+00:00,2025-07-11 10:15:00+00:00,3,10.0,1,0.642515143663872,1
mean_reversion,short,59709,59717,2025-07-11 09:30:00+00:00,2025-07-11 11:30:00+00:00,8,-13.25,0,0.4913640795365215,0
momentum,long,59737,59746,2025-07-11 16:30:00+00:00,2025-07-11 18:45:00+00:00,9,2.3799999999996544,1,0.6842729300045518,1
mean_reversion,short,59737,59755,2025-07-11 16:30:00+00:00,2025-07-13 22:00:00+00:00,18,-13.25,0,0.46258989835182046,0
mean_reversion,short,59770,59791,2025-07-14 01:45:00+00:00,2025-07-14 07:00:00+00:00,21,-13.25,0,0.4702444403395533,0
momentum,long,59770,59791,2025-07-14 01:45:00+00:00,2025-07-14 07:00:00+00:00,21,9.254999999999654,1,0.6542508717971895,1
momentum,long,59812,59821,2025-07-14 12:15:00+00:00,2025-07-14 14:30:00+00:00,9,-13.25,0,0.6529840806308654,1
mean_reversion,short,59812,59853,2025-07-14 12:15:00+00:00,2025-07-14 23:30:00+00:00,41,12.144999999999982,1,0.5427989071808343,1
mean_reversion,short,59903,59917,2025-07-15 12:00:00+00:00,2025-07-15 15:30:00+00:00,14,21.2199999999998,1,0.6212402225353572,1
momentum,long,59903,59908,2025-07-15 12:00:00+00:00,2025-07-15 13:15:00+00:00,5,-13.25,0,0.6600870530503616,1
momentum,short,59964,60002,2025-07-16 04:15:00+00:00,2025-07-16 13:45:00+00:00,38,8.260000000000218,1,0.6546554592982909,1
mean_reversion,long,59964,60004,2025-07-16 04:15:00+00:00,2025-07-16 14:15:00+00:00,40,-13.25,0,0.6873711702094035,1
mean_reversion,long,60007,60014,2025-07-16 15:00:00+00:00,2025-07-16 16:45:00+00:00,7,0.5,1,0.589971432175079,1
momentum,short,60007,60008,2025-07-16 15:00:00+00:00,2025-07-16 15:15:00+00:00,1,-13.25,0,0.4397965352461394,0
momentum,short,60096,60126,2025-07-17 14:15:00+00:00,2025-07-17 22:45:00+00:00,30,-13.25,0,0.596369007317437,1
mean_reversion,long,60096,60129,2025-07-17 14:15:00+00:00,2025-07-17 23:30:00+00:00,33,10.894999999999982,1,0.6095900609400007,1
momentum,long,60145,60160,2025-07-18 03:30:00+00:00,2025-07-18 07:15:00+00:00,15,9.320000000000164,1,0.6261290988747893,1
mean_reversion,short,60145,60146,2025-07-18 03:30:00+00:00,2025-07-18 03:45:00+00:00,1,1.4200000000000728,1,0.5781750797609437,1
mean_reversion,long,60159,60160,2025-07-18 07:00:00+00:00,2025-07-18 07:15:00+00:00,1,1.430000000000291,1,0.7104221386392479,1
momentum,long,60316,60364,2025-07-22 00:15:00+00:00,2025-07-22 12:15:00+00:00,48,5.295000000000073,1,0.7424724838577897,1
mean_reversion,short,60316,60367,2025-07-22 00:15:00+00:00,2025-07-22 13:00:00+00:00,51,-13.25,0,0.4594060942683379,0
mean_reversion,short,60413,60471,2025-07-23 01:30:00+00:00,2025-07-23 16:00:00+00:00,58,30.0,1,0.4172395710609155,0
momentum,long,60413,60435,2025-07-23 01:30:00+00:00,2025-07-23 07:00:00+00:00,22,4.264999999999873,1,0.6766186960814754,1
momentum,long,60450,60460,2025-07-23 10:45:00+00:00,2025-07-23 13:15:00+00:00,10,-13.25,0,0.7029388326202626,1
momentum,short,60556,60604,2025-07-24 14:15:00+00:00,2025-07-25 03:15:00+00:00,48,11.940000000000055,1,0.62868080572551,1
mean_reversion,long,60556,60606,2025-07-24 14:15:00+00:00,2025-07-25 03:45:00+00:00,50,-13.25,0,0.6074250176623001,1
momentum,short,60664,60678,2025-07-25 18:15:00+00:00,2025-07-27 22:45:00+00:00,14,8.8449999999998,1,0.6473092471774744,1
mean_reversion,long,60664,60678,2025-07-25 18:15:00+00:00,2025-07-27 22:45:00+00:00,14,-13.25,0,0.5326406980204768,1
momentum,short,60699,60734,2025-07-28 04:00:00+00:00,2025-07-28 12:45:00+00:00,35,13.779999999999745,1,0.6115105152578602,1
mean_reversion,long,60699,60732,2025-07-28 04:00:00+00:00,2025-07-28 12:15:00+00:00,33,-13.25,0,0.577962290773727,1
momentum,short,60782,60822,2025-07-29 01:45:00+00:00,2025-07-29 11:45:00+00:00,40,3.625,1,0.6495793071784021,1
mean_reversion,long,60782,60906,2025-07-29 01:45:00+00:00,2025-07-30 09:45:00+00:00,124,12.375,1,0.5747030696396354,1
momentum,short,60835,60919,2025-07-29 15:00:00+00:00,2025-07-30 13:00:00+00:00,84,20.59999999999991,1,0.6181984751609465,1
momentum,short,60936,60942,2025-07-30 17:15:00+00:00,2025-07-30 18:45:00+00:00,6,18.675000000000182,1,0.6186075685371234,1
mean_reversion,long,60936,60942,2025-07-30 17:15:00+00:00,2025-07-30 18:45:00+00:00,6,-13.25,0,0.47076269335493215,0
momentum,short,60954,60966,2025-07-30 22:45:00+00:00,2025-07-31 01:45:00+00:00,12,-13.25,0,0.6110035854614956,1
mean_reversion,long,60954,60990,2025-07-30 22:45:00+00:00,2025-07-31 07:45:00+00:00,36,30.0,1,0.4072734314716726,0
momentum,short,60968,60990,2025-07-31 02:15:00+00:00,2025-07-31 07:45:00+00:00,22,-13.25,0,0.5646071464525394,1
mean_reversion,long,60992,61002,2025-07-31 08:15:00+00:00,2025-07-31 10:45:00+00:00,10,-13.25,0,0.5905460823593165,1
momentum,short,60992,61003,2025-07-31 08:15:00+00:00,2025-07-31 11:00:00+00:00,11,9.4050000000002,1,0.47534394367573346,0
momentum,short,61008,61017,2025-07-31 12:15:00+00:00,2025-07-31 14:30:00+00:00,9,9.24499999999989,1,0.5721928827067673,1
mean_reversion,long,61008,61017,2025-07-31 12:15:00+00:00,2025-07-31 14:30:00+00:00,9,-13.25,0,0.6258356864021822,1
mean_reversion,long,61064,61101,2025-08-01 03:15:00+00:00,2025-08-01 12:30:00+00:00,37,30.0,1,0.567389789675112,1
momentum,short,61064,61101,2025-08-01 03:15:00+00:00,2025-08-01 12:30:00+00:00,37,-13.25,0,0.602624153818441,1
mean_reversion,short,61148,61158,2025-08-04 01:15:00+00:00,2025-08-04 03:45:00+00:00,10,-13.25,0,0.41091717844583847,0
momentum,long,61148,61189,2025-08-04 01:15:00+00:00,2025-08-04 11:30:00+00:00,41,20.705000000000382,1,0.6195871572061451,1
momentum,long,61204,61267,2025-08-04 15:15:00+00:00,2025-08-05 08:00:00+00:00,63,-0.3550000000000182,0,0.7337268223503011,1
mean_reversion,short,61204,61294,2025-08-04 15:15:00+00:00,2025-08-05 14:45:00+00:00,90,-13.25,0,0.4604014790030345,0
momentum,long,61271,61279,2025-08-05 09:00:00+00:00,2025-08-05 11:00:00+00:00,8,-13.25,0,0.7014399693248046,1
mean_reversion,short,61304,61448,2025-08-05 17:15:00+00:00,2025-08-07 07:15:00+00:00,144,-13.25,0,0.46615615328449334,0
momentum,long,61304,61360,2025-08-05 17:15:00+00:00,2025-08-06 08:15:00+00:00,56,-13.25,0,0.6653629622871379,1
momentum,long,61363,61381,2025-08-06 09:00:00+00:00,2025-08-06 13:30:00+00:00,18,0.17000000000007276,1,0.6353469908515417,1
momentum,long,61453,61473,2025-08-07 08:30:00+00:00,2025-08-07 13:30:00+00:00,20,11.9699999999998,1,0.7093677685172425,1
mean_reversion,short,61453,61474,2025-08-07 08:30:00+00:00,2025-08-07 13:45:00+00:00,21,-13.25,0,0.49356985296147676,0
mean_reversion,short,61515,61525,2025-08-08 01:00:00+00:00,2025-08-08 03:30:00+00:00,10,-13.25,0,0.4707365848145277,0
momentum,long,61515,61529,2025-08-08 01:00:00+00:00,2025-08-08 04:30:00+00:00,14,13.384999999999764,1,0.5171611115266123,1
mean_reversion,short,61554,61561,2025-08-08 10:45:00+00:00,2025-08-08 12:30:00+00:00,7,-13.25,0,0.5062112997208394,1
momentum,long,61554,61562,2025-08-08 10:45:00+00:00,2025-08-08 12:45:00+00:00,8,6.459999999999582,1,0.5579546752329623,1
mean_reversion,short,61569,61577,2025-08-08 14:30:00+00:00,2025-08-08 16:30:00+00:00,8,-13.25,0,0.528422670877851,1
momentum,long,61569,61588,2025-08-08 14:30:00+00:00,2025-08-08 19:15:00+00:00,19,7.525000000000091,1,0.6458692365059102,1
mean_reversion,short,61583,61612,2025-08-08 18:00:00+00:00,2025-08-11 02:15:00+00:00,29,19.875,1,0.4007846584904929,0
momentum,long,61607,61631,2025-08-11 01:00:00+00:00,2025-08-11 07:00:00+00:00,24,-13.25,0,0.47115279649723046,0
mean_reversion,long,61674,61686,2025-08-11 17:45:00+00:00,2025-08-11 20:45:00+00:00,12,-13.25,0,0.570323968605801,1
momentum,short,61674,61687,2025-08-11 17:45:00+00:00,2025-08-11 22:00:00+00:00,13,11.345000000000255,1,0.6178525393182323,1
mean_reversion,long,61726,61739,2025-08-12 07:45:00+00:00,2025-08-12 11:00:00+00:00,13,-13.25,0,0.5804408162937443,1
momentum,short,61726,61752,2025-08-12 07:45:00+00:00,2025-08-12 14:15:00+00:00,26,20.359999999999673,1,0.5870074807921242,1
mean_reversion,long,61750,61752,2025-08-12 13:45:00+00:00,2025-08-12 14:15:00+00:00,2,-13.25,0,0.5136201574645652,1
mean_reversion,long,61815,61827,2025-08-13 07:00:00+00:00,2025-08-13 10:00:00+00:00,12,5.7599999999997635,1,0.6679619491891365,1
momentum,short,61815,61880,2025-08-13 07:00:00+00:00,2025-08-14 00:15:00+00:00,65,-13.25,0,0.5728971817057552,1
mean_reversion,short,61836,61880,2025-08-13 12:15:00+00:00,2025-08-14 00:15:00+00:00,44,-13.25,0,0.5752613411784497,1
momentum,long,61893,61910,2025-08-14 03:30:00+00:00,2025-08-14 07:45:00+00:00,17,-13.25,0,0.5822964622442408,1
mean_reversion,short,61893,61913,2025-08-14 03:30:00+00:00,2025-08-14 08:30:00+00:00,20,10.9699999999998,1,0.5238285811344473,1
momentum,long,61911,61944,2025-08-14 08:00:00+00:00,2025-08-14 16:15:00+00:00,33,-13.25,0,0.5858063361603149,1
mean_reversion,long,61916,61929,2025-08-14 09:15:00+00:00,2025-08-14 12:30:00+00:00,13,-13.25,0,0.592896680969988,1
mean_reversion,long,62065,62082,2025-08-18 00:30:00+00:00,2025-08-18 04:45:00+00:00,17,16.765000000000327,1,0.6567227423129166,1
momentum,short,62065,62081,2025-08-18 00:30:00+00:00,2025-08-18 04:30:00+00:00,16,-13.25,0,0.6565645450829571,1
mean_reversion,short,62088,62120,2025-08-18 06:15:00+00:00,2025-08-18 14:15:00+00:00,32,13.759999999999764,1,0.5556127257808816,1
momentum,long,62088,62118,2025-08-18 06:15:00+00:00,2025-08-18 13:45:00+00:00,30,-13.25,0,0.6596770188659214,1
momentum,long,62119,62214,2025-08-18 14:00:00+00:00,2025-08-19 14:45:00+00:00,95,-13.25,0,0.6503153085394472,1
mean_reversion,long,62168,62207,2025-08-19 03:15:00+00:00,2025-08-19 13:00:00+00:00,39,-13.25,0,0.7035238939951123,1
mean_reversion,long,62272,62300,2025-08-20 06:15:00+00:00,2025-08-20 13:15:00+00:00,28,17.315000000000055,1,0.6255944951139355,1
momentum,short,62272,62296,2025-08-20 06:15:00+00:00,2025-08-20 12:15:00+00:00,24,-13.25,0,0.6264673692901924,1
momentum,long,62382,62388,2025-08-21 10:45:00+00:00,2025-08-21 12:15:00+00:00,6,9.260000000000218,1,0.6519249674233748,1
mean_reversion,short,62382,62387,2025-08-21 10:45:00+00:00,2025-08-21 12:00:00+00:00,5,-13.25,0,0.6700225099017332,1
momentum,short,62486,62487,2025-08-22 13:45:00+00:00,2025-08-22 14:00:00+00:00,1,-13.25,0,0.6391730102013218,1
mean_reversion,long,62486,62488,2025-08-22 13:45:00+00:00,2025-08-22 14:15:00+00:00,2,30.0,1,0.6652207329577825,1
momentum,long,62497,62580,2025-08-22 16:30:00+00:00,2025-08-25 14:15:00+00:00,83,0.1449999999999818,1,0.7398958834831082,1
mean_reversion,short,62497,62618,2025-08-22 16:30:00+00:00,2025-08-26 00:45:00+00:00,121,-13.25,0,0.3487648603880435,0
momentum,long,62603,62614,2025-08-25 20:00:00+00:00,2025-08-25 23:45:00+00:00,11,-13.25,0,0.7366473600748243,1
mean_reversion,short,62654,62678,2025-08-26 09:45:00+00:00,2025-08-26 15:45:00+00:00,24,-13.25,0,0.5939149976272848,1
momentum,long,62654,62661,2025-08-26 09:45:00+00:00,2025-08-26 11:30:00+00:00,7,6.894999999999982,1,0.7135071218444501,1
momentum,long,62667,62677,2025-08-26 13:00:00+00:00,2025-08-26 15:30:00+00:00,10,12.36999999999989,1,0.7455097875280313,1
momentum,long,62713,62733,2025-08-27 01:30:00+00:00,2025-08-27 06:30:00+00:00,20,-6.324999999999818,0,0.718402885537747,1
mean_reversion,short,62713,62833,2025-08-27 01:30:00+00:00,2025-08-28 08:30:00+00:00,120,-13.25,0,0.5383755205024714,1
momentum,long,62748,62758,2025-08-27 10:15:00+00:00,2025-08-27 12:45:00+00:00,10,4.635000000000218,1,0.7113955959922134,1
momentum,long,62803,62812,2025-08-28 01:00:00+00:00,2025-08-28 03:15:00+00:00,9,0.13000000000010914,1,0.6798107559571148,1
mean_reversion,short,62851,62855,2025-08-28 13:00:00+00:00,2025-08-28 14:00:00+00:00,4,-13.25,0,0.5363532385856986,1
momentum,long,62851,62856,2025-08-28 13:00:00+00:00,2025-08-28 14:15:00+00:00,5,12.625,1,0.7400903220018124,1
mean_reversion,short,62897,62945,2025-08-29 01:30:00+00:00,2025-08-29 13:30:00+00:00,48,-13.25,0,0.48880328093892383,0
momentum,long,62897,62926,2025-08-29 01:30:00+00:00,2025-08-29 08:45:00+00:00,29,-0.03000000000020009,0,0.6583335847332232,1
mean_reversion,short,62964,62990,2025-08-29 18:15:00+00:00,2025-09-01 01:45:00+00:00,26,-13.25,0,0.2728810558019485,0
momentum,long,62964,62971,2025-08-29 18:15:00+00:00,2025-08-29 20:00:00+00:00,7,2.230000000000018,1,0.6727904402214154,1
momentum,long,62984,62991,2025-09-01 00:15:00+00:00,2025-09-01 02:00:00+00:00,7,13.325000000000273,1,0.7463779629748408,1
mean_reversion,short,63000,63009,2025-09-01 04:15:00+00:00,2025-09-01 06:30:00+00:00,9,-13.25,0,0.3024445027955473,0
momentum,long,63000,63009,2025-09-01 04:15:00+00:00,2025-09-01 06:30:00+00:00,9,14.0300000000002,1,0.7326613625203127,1
momentum,long,63013,63040,2025-09-01 07:30:00+00:00,2025-09-01 14:15:00+00:00,27,6.394999999999982,1,0.644128009485737,1
mean_reversion,short,63013,63067,2025-09-01 07:30:00+00:00,2025-09-02 00:30:00+00:00,54,-13.25,0,0.30174573539282323,0
mean_reversion,short,63091,63121,2025-09-02 06:30:00+00:00,2025-09-02 14:00:00+00:00,30,-13.25,0,0.3794728853515729,0
momentum,long,63091,63096,2025-09-02 06:30:00+00:00,2025-09-02 07:45:00+00:00,5,-13.25,0,0.6126613186268781,1
mean_reversion,short,63172,63201,2025-09-03 03:45:00+00:00,2025-09-03 11:00:00+00:00,29,-13.25,0,0.36390404331949944,0
momentum,long,63172,63202,2025-09-03 03:45:00+00:00,2025-09-03 11:15:00+00:00,30,14.980000000000018,1,0.623418974644903,1
mean_reversion,short,63235,63260,2025-09-03 19:30:00+00:00,2025-09-04 02:45:00+00:00,25,30.0,1,0.3952210294399255,0
momentum,long,63235,63255,2025-09-03 19:30:00+00:00,2025-09-04 01:30:00+00:00,20,-13.25,0,0.6841196576017643,1
momentum,long,63256,63260,2025-09-04 01:45:00+00:00,2025-09-04 02:45:00+00:00,4,-13.25,0,0.6016477717676519,1
momentum,long,63550,63562,2025-09-09 06:15:00+00:00,2025-09-09 09:15:00+00:00,12,15.010000000000218,1,0.6214390264039572,1
mean_reversion,short,63550,63561,2025-09-09 06:15:00+00:00,2025-09-09 09:00:00+00:00,11,-13.25,0,0.3744317516789241,0
mean_reversion,short,63584,63732,2025-09-09 14:45:00+00:00,2025-09-11 05:45:00+00:00,148,19.984999999999673,1,0.44058797862208793,0
momentum,long,63584,63586,2025-09-09 14:45:00+00:00,2025-09-09 15:15:00+00:00,2,-13.25,0,0.618463575737181,1
momentum,long,63604,63614,2025-09-09 19:45:00+00:00,2025-09-09 23:15:00+00:00,10,8.590000000000146,1,0.5332003237439054,1
momentum,long,63619,63628,2025-09-10 00:30:00+00:00,2025-09-10 02:45:00+00:00,9,9.980000000000018,1,0.6038865539795923,1
momentum,long,63696,63731,2025-09-10 19:45:00+00:00,2025-09-11 05:30:00+00:00,35,-13.25,0,0.6831914876610689,1
momentum,short,63760,63773,2025-09-11 12:45:00+00:00,2025-09-11 16:00:00+00:00,13,-13.25,0,0.5629852685823546,1
mean_reversion,long,63760,63794,2025-09-11 12:45:00+00:00,2025-09-11 22:15:00+00:00,34,8.445000000000164,1,0.5093507013776659,1
momentum,short,63774,63811,2025-09-11 16:15:00+00:00,2025-09-12 02:30:00+00:00,37,-13.25,0,0.5814394442663487,1
mean_reversion,short,63838,63898,2025-09-12 09:15:00+00:00,2025-09-15 01:15:00+00:00,60,14.58999999999969,1,0.4818023205201507,0
momentum,long,63838,63843,2025-09-12 09:15:00+00:00,2025-09-12 10:30:00+00:00,5,3.5350000000003092,1,0.6328468704399962,1
momentum,long,63852,63857,2025-09-12 12:45:00+00:00,2025-09-12 14:00:00+00:00,5,6.654999999999745,1,0.6801346509843004,1
momentum,short,63903,63947,2025-09-15 02:30:00+00:00,2025-09-15 13:30:00+00:00,44,-13.25,0,0.6295218255859597,1
mean_reversion,long,63903,63908,2025-09-15 02:30:00+00:00,2025-09-15 03:45:00+00:00,5,1.2849999999998545,1,0.679350513745113,1
mean_reversion,short,64038,64109,2025-09-16 13:15:00+00:00,2025-09-17 08:00:00+00:00,71,30.0,1,0.4449008194561411,0
momentum,long,64038,64042,2025-09-16 13:15:00+00:00,2025-09-16 14:15:00+00:00,4,-1.5750000000002728,0,0.7270495492199539,1
momentum,long,64083,64110,2025-09-17 01:30:00+00:00,2025-09-17 08:15:00+00:00,27,-13.25,0,0.5903847102913375,1
momentum,short,64126,64133,2025-09-17 12:15:00+00:00,2025-09-17 14:00:00+00:00,7,-13.25,0,0.6470415787197563,1
mean_reversion,long,64126,64136,2025-09-17 12:15:00+00:00,2025-09-17 14:45:00+00:00,10,13.860000000000127,1,0.6640092121041996,1
mean_reversion,short,64152,64153,2025-09-17 18:45:00+00:00,2025-09-17 19:00:00+00:00,1,-13.25,0,0.6100756811672559,1
momentum,long,64152,64193,2025-09-17 18:45:00+00:00,2025-09-18 06:00:00+00:00,41,-13.25,0,0.49381945407175915,0
mean_reversion,long,64199,64223,2025-09-18 07:30:00+00:00,2025-09-18 13:30:00+00:00,24,-13.25,0,0.46123040481910016,0
momentum,short,64199,64206,2025-09-18 07:30:00+00:00,2025-09-18 09:15:00+00:00,7,-13.25,0,0.4735343582546114,0
mean_reversion,long,64276,64322,2025-09-19 03:45:00+00:00,2025-09-19 15:15:00+00:00,46,17.625,1,0.5843134499334977,1
momentum,short,64276,64288,2025-09-19 03:45:00+00:00,2025-09-19 06:45:00+00:00,12,6.795000000000073,1,0.5574755094156283,1
momentum,short,64316,64332,2025-09-19 13:45:00+00:00,2025-09-19 17:45:00+00:00,16,-13.25,0,0.5484943122244723,1
mean_reversion,short,64403,64414,2025-09-22 12:30:00+00:00,2025-09-22 15:15:00+00:00,11,-13.25,0,0.41084375029580017,0
momentum,long,64403,64415,2025-09-22 12:30:00+00:00,2025-09-22 15:30:00+00:00,12,18.1550000000002,1,0.7155913300995356,1
momentum,long,64455,64468,2025-09-23 02:30:00+00:00,2025-09-23 05:45:00+00:00,13,10.715000000000146,1,0.7069774932827776,1
mean_reversion,short,64455,64467,2025-09-23 02:30:00+00:00,2025-09-23 05:30:00+00:00,12,-13.25,0,0.39071736033118265,0
mean_reversion,short,64503,64599,2025-09-23 14:30:00+00:00,2025-09-24 15:30:00+00:00,96,30.0,1,0.3750542981297292,0
momentum,long,64503,64520,2025-09-23 14:30:00+00:00,2025-09-23 18:45:00+00:00,17,-13.25,0,0.7135750356881372,1
momentum,long,64521,64552,2025-09-23 19:00:00+00:00,2025-09-24 03:45:00+00:00,31,8.199999999999818,1,0.6602615241127613,1
momentum,long,64595,64600,2025-09-24 14:30:00+00:00,2025-09-24 15:45:00+00:00,5,-13.25,0,0.6143300739965593,1
mean_reversion,long,64619,64667,2025-09-24 20:30:00+00:00,2025-09-25 09:30:00+00:00,48,19.710000000000036,1,0.5623929686997899,1
momentum,short,64619,64629,2025-09-24 20:30:00+00:00,2025-09-25 00:00:00+00:00,10,-13.25,0,0.5877535068780467,1
momentum,short,64661,64683,2025-09-25 08:00:00+00:00,2025-09-25 13:30:00+00:00,22,30.0,1,0.48908972969360237,0
mean_reversion,short,64674,64683,2025-09-25 11:15:00+00:00,2025-09-25 13:30:00+00:00,9,23.48999999999978,1,0.503808990653667,1
momentum,short,64704,64777,2025-09-25 18:45:00+00:00,2025-09-26 14:00:00+00:00,73,-13.25,0,0.5309116576949972,1
mean_reversion,long,64704,64714,2025-09-25 18:45:00+00:00,2025-09-25 22:15:00+00:00,10,-5.619999999999891,0,0.6174055579229671,1
mean_reversion,short,64801,64815,2025-09-26 20:00:00+00:00,2025-09-29 00:30:00+00:00,14,-13.25,0,0.4977793960857016,0
momentum,long,64801,64816,2025-09-26 20:00:00+00:00,2025-09-29 00:45:00+00:00,15,22.085000000000036,1,0.6193094412521909,1
momentum,long,64845,64859,2025-09-29 08:00:00+00:00,2025-09-29 11:30:00+00:00,14,11.329999999999927,1,0.6697528145771745,1
mean_reversion,short,64845,64859,2025-09-29 08:00:00+00:00,2025-09-29 11:30:00+00:00,14,-13.25,0,0.2987142525050145,0
momentum,long,64865,64870,2025-09-29 13:00:00+00:00,2025-09-29 14:15:00+00:00,5,9.795000000000073,1,0.6662969556174504,1
mean_reversion,short,64865,64869,2025-09-29 13:00:00+00:00,2025-09-29 14:00:00+00:00,4,-13.25,0,0.3879992665920201,0
momentum,long,64933,64936,2025-09-30 07:00:00+00:00,2025-09-30 07:45:00+00:00,3,-13.25,0,0.6251579053084174,1
mean_reversion,short,64933,64938,2025-09-30 07:00:00+00:00,2025-09-30 08:15:00+00:00,5,30.0,1,0.3169928049372584,0
momentum,long,65050,65056,2025-10-01 13:15:00+00:00,2025-10-01 14:45:00+00:00,6,-13.25,0,0.5978525366363961,1
mean_reversion,short,65050,65130,2025-10-01 13:15:00+00:00,2025-10-02 10:15:00+00:00,80,-13.25,0,0.3987032756353608,0
mean_reversion,short,65146,65148,2025-10-02 14:15:00+00:00,2025-10-02 14:45:00+00:00,2,30.0,1,0.47722278987671446,0
momentum,long,65146,65147,2025-10-02 14:15:00+00:00,2025-10-02 14:30:00+00:00,1,-13.25,0,0.5377063785312398,1
mean_reversion,long,65158,65215,2025-10-02 17:15:00+00:00,2025-10-03 08:30:00+00:00,57,18.63500000000022,1,0.4425803160565998,0
momentum,short,65158,65165,2025-10-02 17:15:00+00:00,2025-10-02 19:00:00+00:00,7,-13.25,0,0.5035196689103678,1
momentum,short,65206,65232,2025-10-03 06:15:00+00:00,2025-10-03 12:45:00+00:00,26,-13.25,0,0.5562320217574334,1
momentum,long,65298,65305,2025-10-06 06:15:00+00:00,2025-10-06 08:00:00+00:00,7,18.7800000000002,1,0.6116420656427809,1
mean_reversion,short,65298,65304,2025-10-06 06:15:00+00:00,2025-10-06 07:45:00+00:00,6,-13.25,0,0.29282881745913164,0
mean_reversion,short,65372,65379,2025-10-07 01:45:00+00:00,2025-10-07 03:30:00+00:00,7,-13.25,0,0.3909487686134747,0
momentum,long,65372,65394,2025-10-07 01:45:00+00:00,2025-10-07 07:15:00+00:00,22,-13.25,0,0.61308375321212,1
mean_reversion,short,65394,65411,2025-10-07 07:15:00+00:00,2025-10-07 11:30:00+00:00,17,-13.25,0,0.39977443633301424,0
momentum,long,65430,65434,2025-10-07 16:15:00+00:00,2025-10-07 17:15:00+00:00,4,11.235000000000127,1,0.6114719648639567,1
mean_reversion,short,65430,65433,2025-10-07 16:15:00+00:00,2025-10-07 17:00:00+00:00,3,-13.25,0,0.40206864201297665,0
mean_reversion,short,65502,65509,2025-10-08 11:15:00+00:00,2025-10-08 13:00:00+00:00,7,-13.25,0,0.3230884809482326,0
momentum,long,65502,65517,2025-10-08 11:15:00+00:00,2025-10-08 15:00:00+00:00,15,4.559999999999945,1,0.6456904355695382,1
momentum,long,65530,65533,2025-10-08 18:15:00+00:00,2025-10-08 19:00:00+00:00,3,-13.25,0,0.6718056577948909,1
mean_reversion,short,65530,65541,2025-10-08 18:15:00+00:00,2025-10-08 22:00:00+00:00,11,30.0,1,0.35058400224492015,0
momentum,long,65542,65545,2025-10-08 22:15:00+00:00,2025-10-08 23:00:00+00:00,3,-13.25,0,0.5852377578909175,1
mean_reversion,short,65542,65567,2025-10-08 22:15:00+00:00,2025-10-09 04:30:00+00:00,25,-13.25,0,0.4152719196240218,0
momentum,long,65605,65606,2025-10-09 14:00:00+00:00,2025-10-09 14:15:00+00:00,1,-13.25,0,0.602006806462372,1
mean_reversion,short,65605,65615,2025-10-09 14:00:00+00:00,2025-10-09 16:30:00+00:00,10,30.0,1,0.4218957244136548,0
mean_reversion,long,65626,65633,2025-10-09 19:15:00+00:00,2025-10-09 22:00:00+00:00,7,-13.25,0,0.2985750636291964,0
momentum,short,65626,65641,2025-10-09 19:15:00+00:00,2025-10-10 00:00:00+00:00,15,-13.25,0,0.399097831212376,0
mean_reversion,long,65663,65669,2025-10-10 05:30:00+00:00,2025-10-10 07:00:00+00:00,6,-13.25,0,0.3741170984806325,0
momentum,short,65663,65673,2025-10-10 05:30:00+00:00,2025-10-10 08:00:00+00:00,10,-13.25,0,0.4166606026590875,0
momentum,short,65674,65677,2025-10-10 08:15:00+00:00,2025-10-10 09:00:00+00:00,3,-13.25,0,0.42550532775042227,0
mean_reversion,long,65674,65697,2025-10-10 08:15:00+00:00,2025-10-10 14:00:00+00:00,23,-13.25,0,0.42269475356239566,0
mean_reversion,long,65702,65704,2025-10-10 15:15:00+00:00,2025-10-10 15:45:00+00:00,2,-13.25,0,0.5110258511578691,1
momentum,short,65702,65705,2025-10-10 15:15:00+00:00,2025-10-10 16:00:00+00:00,3,30.0,1,0.38750286734551836,0
mean_reversion,long,65715,65720,2025-10-10 18:30:00+00:00,2025-10-10 19:45:00+00:00,5,16.049999999999727,1,0.4275019648068426,0
momentum,short,65715,65719,2025-10-10 18:30:00+00:00,2025-10-10 19:30:00+00:00,4,-13.25,0,0.40439697646454875,0
mean_reversion,short,65848,65850,2025-10-14 05:45:00+00:00,2025-10-14 06:15:00+00:00,2,30.0,1,0.24235106867767933,0
momentum,long,65848,65849,2025-10-14 05:45:00+00:00,2025-10-14 06:00:00+00:00,1,-13.25,0,0.5198847380713031,1
mean_reversion,short,65876,65878,2025-10-14 12:45:00+00:00,2025-10-14 13:15:00+00:00,2,-13.25,0,0.3594062394557759,0
momentum,long,65876,65881,2025-10-14 12:45:00+00:00,2025-10-14 14:00:00+00:00,5,30.0,1,0.4670945396335605,0
mean_reversion,short,65955,65973,2025-10-15 09:30:00+00:00,2025-10-15 14:00:00+00:00,18,-13.25,0,0.27406722265327105,0
momentum,long,65955,65967,2025-10-15 09:30:00+00:00,2025-10-15 12:30:00+00:00,12,-13.25,0,0.540883452193384,1
mean_reversion,short,66032,66033,2025-10-16 05:45:00+00:00,2025-10-16 06:00:00+00:00,1,-13.25,0,0.30652520711092196,0
momentum,long,66032,66038,2025-10-16 05:45:00+00:00,2025-10-16 07:15:00+00:00,6,28.839999999999236,1,0.4403320518795357,0
momentum,long,66107,66109,2025-10-17 01:30:00+00:00,2025-10-17 02:00:00+00:00,2,30.0,1,0.2584446377663611,0
mean_reversion,short,66107,66108,2025-10-17 01:30:00+00:00,2025-10-17 01:45:00+00:00,1,-13.25,0,0.16571754135371317,0
momentum,long,66134,66143,2025-10-17 08:15:00+00:00,2025-10-17 10:30:00+00:00,9,-13.25,0,0.3543454601575819,0
mean_reversion,short,66134,66147,2025-10-17 08:15:00+00:00,2025-10-17 11:30:00+00:00,13,30.0,1,0.16753873494629115,0
momentum,long,66148,66152,2025-10-17 11:45:00+00:00,2025-10-17 12:45:00+00:00,4,30.0,1,0.2457352829438072,0
mean_reversion,short,66148,66149,2025-10-17 11:45:00+00:00,2025-10-17 12:00:00+00:00,1,-13.25,0,0.2286394206730874,0
mean_reversion,long,66175,66178,2025-10-17 18:30:00+00:00,2025-10-17 19:15:00+00:00,3,-13.25,0,0.1999496840946211,0
momentum,short,66175,66183,2025-10-17 18:30:00+00:00,2025-10-17 20:30:00+00:00,8,-13.25,0,0.2521668054683604,0
momentum,short,66199,66217,2025-10-20 01:30:00+00:00,2025-10-20 06:00:00+00:00,18,30.0,1,0.27825597354361253,0
mean_reversion,long,66199,66205,2025-10-20 01:30:00+00:00,2025-10-20 03:00:00+00:00,6,-13.25,0,0.33881365248885875,0
momentum,short,66224,66240,2025-10-20 07:45:00+00:00,2025-10-20 11:45:00+00:00,16,-13.25,0,0.30639546331694295,0
mean_reversion,long,66224,66242,2025-10-20 07:45:00+00:00,2025-10-20 12:15:00+00:00,18,30.0,1,0.3407648896549059,0
mean_reversion,short,66317,66318,2025-10-21 08:00:00+00:00,2025-10-21 08:15:00+00:00,1,-13.25,0,0.3253470408449733,0
momentum,long,66317,66321,2025-10-21 08:00:00+00:00,2025-10-21 09:00:00+00:00,4,30.0,1,0.17538477035453143,0
mean_reversion,long,66349,66350,2025-10-21 16:00:00+00:00,2025-10-21 16:15:00+00:00,1,-13.25,0,0.1008809379095515,0
momentum,short,66349,66351,2025-10-21 16:00:00+00:00,2025-10-21 16:30:00+00:00,2,30.0,1,0.29604161084959124,0
mean_reversion,long,66383,66384,2025-10-22 01:30:00+00:00,2025-10-22 01:45:00+00:00,1,-13.25,0,0.10163904657737186,0
momentum,short,66383,66385,2025-10-22 01:30:00+00:00,2025-10-22 02:00:00+00:00,2,-13.25,0,0.22202118688286335,0
momentum,short,66430,66431,2025-10-22 13:15:00+00:00,2025-10-22 13:30:00+00:00,1,-13.25,0,0.17102300251450078,0
mean_reversion,long,66430,66431,2025-10-22 13:15:00+00:00,2025-10-22 13:30:00+00:00,1,30.0,1,0.08935512617719875,0
momentum,short,66494,66499,2025-10-23 06:15:00+00:00,2025-10-23 07:30:00+00:00,5,30.0,1,0.19306249757470206,0
mean_reversion,long,66494,66496,2025-10-23 06:15:00+00:00,2025-10-23 06:45:00+00:00,2,-13.25,0,0.2184951254179054,0
momentum,short,66523,66547,2025-10-23 13:30:00+00:00,2025-10-23 19:30:00+00:00,24,30.0,1,0.24793351513290815,0
mean_reversion,long,66523,66526,2025-10-23 13:30:00+00:00,2025-10-23 14:15:00+00:00,3,-13.25,0,0.3406644007965284,0
momentum,short,66612,66613,2025-10-24 12:45:00+00:00,2025-10-24 13:00:00+00:00,1,-13.25,0,0.34871274131579205,0
mean_reversion,long,66612,66613,2025-10-24 12:45:00+00:00,2025-10-24 13:00:00+00:00,1,29.999999999999545,1,0.3138728647064911,0
momentum,short,66658,66669,2025-10-27 01:15:00+00:00,2025-10-27 04:00:00+00:00,11,30.0,1,0.33619916110840886,0
mean_reversion,long,66658,66661,2025-10-27 01:15:00+00:00,2025-10-27 02:00:00+00:00,3,-13.25,0,0.3361565338921242,0
momentum,short,66675,66688,2025-10-27 05:30:00+00:00,2025-10-27 08:45:00+00:00,13,30.0,1,0.34268633015757877,0
mean_reversion,long,66675,66682,2025-10-27 05:30:00+00:00,2025-10-27 07:15:00+00:00,7,-13.25,0,0.32146884048264995,0
mean_reversion,long,66705,66707,2025-10-27 13:00:00+00:00,2025-10-27 13:30:00+00:00,2,-13.25,0,0.28450405911450555,0
momentum,short,66705,66709,2025-10-27 13:00:00+00:00,2025-10-27 14:00:00+00:00,4,30.0,1,0.37434012742661904,0
momentum,short,66751,66756,2025-10-28 01:30:00+00:00,2025-10-28 02:45:00+00:00,5,30.0,1,0.38629867525875267,0
mean_reversion,long,66751,66754,2025-10-28 01:30:00+00:00,2025-10-28 02:15:00+00:00,3,-13.25,0,0.3509349911763019,0
momentum,short,66802,66807,2025-10-28 14:15:00+00:00,2025-10-28 15:30:00+00:00,5,-13.25,0,0.3492618443885773,0
mean_reversion,long,66802,66829,2025-10-28 14:15:00+00:00,2025-10-28 22:00:00+00:00,27,-13.25,0,0.2889450200940243,0
momentum,short,66838,66864,2025-10-29 00:15:00+00:00,2025-10-29 06:45:00+00:00,26,-13.25,0,0.3548918618267849,0
mean_reversion,long,66838,66847,2025-10-29 00:15:00+00:00,2025-10-29 02:30:00+00:00,9,-13.25,0,0.3899435742832881,0
mean_reversion,long,66864,66869,2025-10-29 06:45:00+00:00,2025-10-29 08:00:00+00:00,5,30.0,1,0.3891907313433079,0
momentum,long,66912,66913,2025-10-29 18:45:00+00:00,2025-10-29 19:00:00+00:00,1,-13.25,0,0.3870534131333159,0
mean_reversion,short,66912,66913,2025-10-29 18:45:00+00:00,2025-10-29 19:00:00+00:00,1,-1.2199999999998,0,0.36517195678727393,0
mean_reversion,long,66947,66949,2025-10-30 04:30:00+00:00,2025-10-30 05:00:00+00:00,2,-13.25,0,0.308632964028039,0
momentum,short,66947,66950,2025-10-30 04:30:00+00:00,2025-10-30 05:15:00+00:00,3,30.0,1,0.24367682692757908,0
momentum,short,66966,66971,2025-10-30 09:15:00+00:00,2025-10-30 10:30:00+00:00,5,30.0,1,0.23808271270589432,0
mean_reversion,long,66966,66970,2025-10-30 09:15:00+00:00,2025-10-30 10:15:00+00:00,4,-13.25,0,0.33554197586791185,0
momentum,short,66986,67000,2025-10-30 14:15:00+00:00,2025-10-30 17:45:00+00:00,14,-13.25,0,0.31751776209065213,0
mean_reversion,long,66986,66987,2025-10-30 14:15:00+00:00,2025-10-30 14:30:00+00:00,1,-5.1550000000002,0,0.36563987727619546,0
momentum,long,67032,67033,2025-10-31 02:45:00+00:00,2025-10-31 03:00:00+00:00,1,-13.25,0,0.34656208119688564,0
mean_reversion,short,67032,67051,2025-10-31 02:45:00+00:00,2025-10-31 07:30:00+00:00,19,-13.25,0,0.24908249218521267,0
momentum,long,67086,67094,2025-10-31 16:15:00+00:00,2025-10-31 18:15:00+00:00,8,22.40000000000009,1,0.4038327821442996,0
mean_reversion,short,67086,67091,2025-10-31 16:15:00+00:00,2025-10-31 17:30:00+00:00,5,-13.25,0,0.3385225520914334,0
momentum,short,67115,67118,2025-11-03 01:30:00+00:00,2025-11-03 02:15:00+00:00,3,-13.25,0,0.38570368809032124,0
mean_reversion,long,67115,67126,2025-11-03 01:30:00+00:00,2025-11-03 04:15:00+00:00,11,13.480000000000018,1,0.36099112981104536,0
mean_reversion,short,67150,67160,2025-11-03 10:15:00+00:00,2025-11-03 12:45:00+00:00,10,-13.25,0,0.38070152100560517,0
momentum,long,67150,67169,2025-11-03 10:15:00+00:00,2025-11-03 15:00:00+00:00,19,30.0,1,0.4126766004273821,0
mean_reversion,short,67175,67201,2025-11-03 16:30:00+00:00,2025-11-04 00:00:00+00:00,26,8.965000000000146,1,0.4149915489375737,0
momentum,long,67175,67197,2025-11-03 16:30:00+00:00,2025-11-03 23:00:00+00:00,22,-13.25,0,0.49738998558214054,0
momentum,long,67198,67203,2025-11-03 23:15:00+00:00,2025-11-04 00:30:00+00:00,5,-13.25,0,0.5283065523773782,1
momentum,short,67231,67258,2025-11-04 07:30:00+00:00,2025-11-04 14:15:00+00:00,27,30.0,1,0.45873131116510224,0
mean_reversion,long,67231,67255,2025-11-04 07:30:00+00:00,2025-11-04 13:30:00+00:00,24,-13.25,0,0.4748534335659324,0
mean_reversion,long,67265,67273,2025-11-04 16:00:00+00:00,2025-11-04 18:00:00+00:00,8,-13.25,0,0.3902670636478097,0
momentum,short,67265,67274,2025-11-04 16:00:00+00:00,2025-11-04 18:15:00+00:00,9,12.989999999999782,1,0.46193275563394426,0
mean_reversion,long,67308,67361,2025-11-05 03:45:00+00:00,2025-11-05 17:00:00+00:00,53,23.320000000000164,1,0.46849957586954116,0
momentum,short,67308,67314,2025-11-05 03:45:00+00:00,2025-11-05 05:15:00+00:00,6,-13.25,0,0.4418049189356392,0
mean_reversion,short,67443,67454,2025-11-06 14:30:00+00:00,2025-11-06 17:15:00+00:00,11,30.0,1,0.4462292327258212,0
momentum,long,67443,67445,2025-11-06 14:30:00+00:00,2025-11-06 15:00:00+00:00,2,-13.25,0,0.6106550289735349,1
momentum,long,67540,67543,2025-11-07 15:45:00+00:00,2025-11-07 16:30:00+00:00,3,30.0,1,0.5726073444235079,1
mean_reversion,short,67540,67542,2025-11-07 15:45:00+00:00,2025-11-07 16:15:00+00:00,2,-13.25,0,0.5097001150084306,1
mean_reversion,short,67627,67635,2025-11-10 14:30:00+00:00,2025-11-10 16:30:00+00:00,8,-13.25,0,0.34791179800978506,0
momentum,long,67627,67642,2025-11-10 14:30:00+00:00,2025-11-10 18:15:00+00:00,15,30.0,1,0.6267675702469165,1
momentum,long,67684,67698,2025-11-11 05:45:00+00:00,2025-11-11 09:15:00+00:00,14,12.859999999999673,1,0.6314754267222743,1
mean_reversion,short,67684,67697,2025-11-11 05:45:00+00:00,2025-11-11 09:00:00+00:00,13,-13.25,0,0.2838846278318217,0
momentum,long,67721,67722,2025-11-11 15:00:00+00:00,2025-11-11 15:15:00+00:00,1,-13.25,0,0.5995824404949845,1
mean_reversion,short,67721,67750,2025-11-11 15:00:00+00:00,2025-11-11 23:15:00+00:00,29,-13.25,0,0.4387684183724392,0
momentum,long,67759,67764,2025-11-12 01:30:00+00:00,2025-11-12 02:45:00+00:00,5,-13.25,0,0.6090364310716708,1
mean_reversion,short,67759,67769,2025-11-12 01:30:00+00:00,2025-11-12 04:00:00+00:00,10,30.0,1,0.3848882791604557,0
momentum,long,67902,67903,2025-11-13 14:15:00+00:00,2025-11-13 14:30:00+00:00,1,-13.25,0,0.5272537894901901,1
mean_reversion,short,67902,67919,2025-11-13 14:15:00+00:00,2025-11-13 18:30:00+00:00,17,30.0,1,0.35485402526684706,0
momentum,long,67920,67938,2025-11-13 18:45:00+00:00,2025-11-14 00:15:00+00:00,18,30.0,1,0.4310217364144749,0
mean_reversion,short,67920,67929,2025-11-13 18:45:00+00:00,2025-11-13 21:00:00+00:00,9,-13.25,0,0.40314937491725766,0
mean_reversion,short,67965,67971,2025-11-14 07:00:00+00:00,2025-11-14 08:30:00+00:00,6,-13.25,0,0.3766971929926478,0
momentum,long,67965,67972,2025-11-14 07:00:00+00:00,2025-11-14 08:45:00+00:00,7,4.635000000000218,1,0.38021657759839356,0
momentum,short,67997,68000,2025-11-14 15:00:00+00:00,2025-11-14 15:45:00+00:00,3,-13.25,0,0.3609093807140824,0
mean_reversion,long,67997,68003,2025-11-14 15:00:00+00:00,2025-11-14 16:30:00+00:00,6,30.000000000000455,1,0.14308440333803601,0
mean_reversion,long,68027,68029,2025-11-16 23:30:00+00:00,2025-11-17 00:00:00+00:00,2,-13.25,0,0.355016608336812,0
momentum,short,68027,68041,2025-11-16 23:30:00+00:00,2025-11-17 03:00:00+00:00,14,30.0,1,0.430389343723407,0
mean_reversion,long,68061,68063,2025-11-17 08:00:00+00:00,2025-11-17 08:30:00+00:00,2,-13.25,0,0.37752911908166475,0
momentum,short,68061,68075,2025-11-17 08:00:00+00:00,2025-11-17 11:30:00+00:00,14,9.784999999999854,1,0.41516077212269875,0
mean_reversion,long,68113,68120,2025-11-17 21:00:00+00:00,2025-11-17 23:45:00+00:00,7,-13.25,0,0.30348516243205503,0
momentum,short,68113,68133,2025-11-17 21:00:00+00:00,2025-11-18 03:00:00+00:00,20,30.0,1,0.4406949003699394,0
mean_reversion,long,68156,68175,2025-11-18 08:45:00+00:00,2025-11-18 13:30:00+00:00,19,30.0,1,0.3720211783791753,0
momentum,short,68156,68164,2025-11-18 08:45:00+00:00,2025-11-18 10:45:00+00:00,8,-13.25,0,0.4197763416457207,0
mean_reversion,long,68176,68184,2025-11-18 13:45:00+00:00,2025-11-18 15:45:00+00:00,8,-13.25,0,0.43938909565814227,0
momentum,short,68176,68178,2025-11-18 13:45:00+00:00,2025-11-18 14:15:00+00:00,2,-13.25,0,0.38260239508026034,0
mean_reversion,short,68278,68288,2025-11-19 16:15:00+00:00,2025-11-19 18:45:00+00:00,10,-13.25,0,0.4176635486047763,0
momentum,long,68278,68281,2025-11-19 16:15:00+00:00,2025-11-19 17:00:00+00:00,3,-13.25,0,0.41108029118942796,0
momentum,long,68313,68314,2025-11-20 02:00:00+00:00,2025-11-20 02:15:00+00:00,1,-13.25,0,0.367660306394335,0
mean_reversion,short,68313,68317,2025-11-20 02:00:00+00:00,2025-11-20 03:00:00+00:00,4,-13.25,0,0.4010975565991972,0
mean_reversion,long,68356,68359,2025-11-20 12:45:00+00:00,2025-11-20 13:30:00+00:00,3,-13.25,0,0.5083254677173262,1
momentum,short,68356,68359,2025-11-20 12:45:00+00:00,2025-11-20 13:30:00+00:00,3,-13.25,0,0.41297314775357186,0
mean_reversion,long,68384,68400,2025-11-20 19:45:00+00:00,2025-11-21 00:45:00+00:00,16,-13.25,0,0.4641817951627836,0
momentum,short,68384,68409,2025-11-20 19:45:00+00:00,2025-11-21 03:00:00+00:00,25,30.0,1,0.38703832739138516,0
momentum,short,68434,68439,2025-11-21 09:15:00+00:00,2025-11-21 10:30:00+00:00,5,22.75,1,0.3913250302374562,0
mean_reversion,long,68434,68437,2025-11-21 09:15:00+00:00,2025-11-21 10:00:00+00:00,3,-13.25,0,0.39308244290227023,0
mean_reversion,long,68448,68464,2025-11-21 12:45:00+00:00,2025-11-21 16:45:00+00:00,16,29.999999999999545,1,0.41537384346143663,0
momentum,short,68448,68452,2025-11-21 12:45:00+00:00,2025-11-21 13:45:00+00:00,4,-13.25,0,0.35641783337091726,0
mean_reversion,long,68465,68467,2025-11-21 17:00:00+00:00,2025-11-21 17:30:00+00:00,2,-1.175000000000182,0,0.39908401731962617,0
momentum,short,68465,68493,2025-11-21 17:00:00+00:00,2025-11-24 01:00:00+00:00,28,30.0,1,0.3398498017497852,0
mean_reversion,short,68480,68494,2025-11-21 20:45:00+00:00,2025-11-24 01:15:00+00:00,14,11.829999999999927,1,0.3704126424581572,0
mean_reversion,short,68617,68634,2025-11-25 09:00:00+00:00,2025-11-25 13:15:00+00:00,17,-13.25,0,0.36678444824157946,0
momentum,long,68617,68622,2025-11-25 09:00:00+00:00,2025-11-25 10:15:00+00:00,5,3.9099999999998545,1,0.5381716989148889,1
mean_reversion,short,68640,68646,2025-11-25 14:45:00+00:00,2025-11-25 16:15:00+00:00,6,-13.25,0,0.41198809912229883,0
momentum,long,68640,68650,2025-11-25 14:45:00+00:00,2025-11-25 17:15:00+00:00,10,24.539999999999964,1,0.5632390355860241,1
mean_reversion,short,68657,68679,2025-11-25 19:00:00+00:00,2025-11-26 01:30:00+00:00,22,-13.25,0,0.39503020258711186,0
momentum,long,68657,68683,2025-11-25 19:00:00+00:00,2025-11-26 02:30:00+00:00,26,23.31500000000051,1,0.5622248327071596,1
mean_reversion,short,68700,68705,2025-11-26 06:45:00+00:00,2025-11-26 08:00:00+00:00,5,-13.25,0,0.3709522286090378,0
momentum,long,68700,68706,2025-11-26 06:45:00+00:00,2025-11-26 08:15:00+00:00,6,16.574999999999818,1,0.5366637128793456,1
mean_reversion,short,68725,68858,2025-11-26 13:00:00+00:00,2025-11-28 00:30:00+00:00,133,-13.25,0,0.4128699481101028,0
momentum,long,68725,68729,2025-11-26 13:00:00+00:00,2025-11-26 14:00:00+00:00,4,-13.25,0,0.5863233198882162,1
momentum,long,68888,68896,2025-11-28 08:00:00+00:00,2025-11-28 10:00:00+00:00,8,7.149999999999636,1,0.5501493579856741,1
mean_reversion,short,68888,68901,2025-11-28 08:00:00+00:00,2025-11-28 11:15:00+00:00,13,-13.25,0,0.4431716656882328,0
mean_reversion,short,68953,68972,2025-12-01 03:15:00+00:00,2025-12-01 08:00:00+00:00,19,-13.25,0,0.3341802599328614,0
momentum,long,68953,68961,2025-12-01 03:15:00+00:00,2025-12-01 05:15:00+00:00,8,-13.25,0,0.6241541887145944,1
mean_reversion,short,68999,69036,2025-12-01 14:45:00+00:00,2025-12-02 01:00:00+00:00,37,30.0,1,0.39057657262589446,0
momentum,long,68999,69001,2025-12-01 14:45:00+00:00,2025-12-01 15:15:00+00:00,2,-13.25,0,0.5908302980274427,1
momentum,long,69037,69069,2025-12-02 01:15:00+00:00,2025-12-02 09:15:00+00:00,32,-13.25,0,0.5188936080332398,1
mean_reversion,short,69037,69070,2025-12-02 01:15:00+00:00,2025-12-02 09:30:00+00:00,33,30.0,1,0.44598615599224084,0
mean_reversion,long,69080,69093,2025-12-02 12:00:00+00:00,2025-12-02 15:15:00+00:00,13,-13.25,0,0.5304494779820939,1
momentum,short,69080,69088,2025-12-02 12:00:00+00:00,2025-12-02 14:00:00+00:00,8,-13.25,0,0.5326284032343694,1
momentum,short,69101,69114,2025-12-02 17:15:00+00:00,2025-12-02 20:30:00+00:00,13,-13.25,0,0.4974074649460565,0
mean_reversion,long,69101,69132,2025-12-02 17:15:00+00:00,2025-12-03 02:00:00+00:00,31,30.0,1,0.4614095425158875,0
mean_reversion,short,69147,69161,2025-12-03 05:45:00+00:00,2025-12-03 09:15:00+00:00,14,7.684999999999491,1,0.4796798210554076,0
momentum,long,69147,69179,2025-12-03 05:45:00+00:00,2025-12-03 13:45:00+00:00,32,30.0,1,0.5551057861038604,1
mean_reversion,short,69185,69202,2025-12-03 15:15:00+00:00,2025-12-03 19:30:00+00:00,17,12.979999999999563,1,0.4717427891380672,0
momentum,long,69185,69191,2025-12-03 15:15:00+00:00,2025-12-03 16:45:00+00:00,6,-13.25,0,0.6094175553555805,1
mean_reversion,long,69257,69268,2025-12-04 10:15:00+00:00,2025-12-04 13:00:00+00:00,11,-13.25,0,0.5649363663852432,1
momentum,short,69257,69274,2025-12-04 10:15:00+00:00,2025-12-04 14:30:00+00:00,17,-13.25,0,0.5495772923382835,1
mean_reversion,long,69273,69274,2025-12-04 14:15:00+00:00,2025-12-04 14:30:00+00:00,1,-13.25,0,0.5845238728853139,1
momentum,long,69373,69387,2025-12-05 16:15:00+00:00,2025-12-05 19:45:00+00:00,14,-13.25,0,0.6086946423872063,1
mean_reversion,short,69373,69394,2025-12-05 16:15:00+00:00,2025-12-05 21:30:00+00:00,21,22.234999999999673,1,0.4722869296581591,0
momentum,short,69465,69514,2025-12-08 16:30:00+00:00,2025-12-09 05:45:00+00:00,49,14.149999999999636,1,0.5845067933119135,1
mean_reversion,long,69465,69513,2025-12-08 16:30:00+00:00,2025-12-09 05:30:00+00:00,48,-13.25,0,0.5288327671459275,1
momentum,short,69526,69527,2025-12-09 08:45:00+00:00,2025-12-09 09:00:00+00:00,1,-13.25,0,0.5952436117269435,1
mean_reversion,long,69526,69555,2025-12-09 08:45:00+00:00,2025-12-09 16:00:00+00:00,29,26.850000000000364,1,0.5975700511402204,1
momentum,short,69553,69555,2025-12-09 15:30:00+00:00,2025-12-09 16:00:00+00:00,2,-13.25,0,0.6215011230646031,1
momentum,long,69563,69622,2025-12-09 18:00:00+00:00,2025-12-10 09:45:00+00:00,59,-13.25,0,0.6527984806788641,1
mean_reversion,short,69563,69622,2025-12-09 18:00:00+00:00,2025-12-10 09:45:00+00:00,59,11.889999999999418,1,0.5537561503013849,1
mean_reversion,long,69651,69661,2025-12-10 17:00:00+00:00,2025-12-10 19:30:00+00:00,10,-13.25,0,0.6314475355989752,1
momentum,short,69651,69659,2025-12-10 17:00:00+00:00,2025-12-10 19:00:00+00:00,8,-13.25,0,0.6074136011856631,1
momentum,long,69687,69733,2025-12-11 03:00:00+00:00,2025-12-11 14:30:00+00:00,46,30.0,1,0.511177908425321,1
mean_reversion,short,69687,69715,2025-12-11 03:00:00+00:00,2025-12-11 10:00:00+00:00,28,-13.25,0,0.4191478330735752,0
momentum,long,69829,69830,2025-12-12 15:30:00+00:00,2025-12-12 15:45:00+00:00,1,-13.25,0,0.6126579465605131,1
mean_reversion,short,69829,69830,2025-12-12 15:30:00+00:00,2025-12-12 15:45:00+00:00,1,30.0,1,0.3126984438589227,0
