market,symbol,strategy,variant_id,session,range_minutes,entry_minutes,rr,sl_atr,tp_atr,threshold,adx_max,adx_min,rsi2_max,trend,max_bars,one_trade_per_day,pip_or_tick_size,cost_units,size_multiplier,score,train_trades,train_wins,train_losses,train_win_rate_pct,train_profit_factor,train_total,train_avg,train_active_days,train_calendar_days,train_trades_per_active_day,train_trades_per_day,train_trades_per_week,test_trades,test_wins,test_losses,test_win_rate_pct,test_profit_factor,test_total,test_avg,test_active_days,test_calendar_days,test_trades_per_active_day,test_trades_per_day,test_trades_per_week,train_challenge_7d_starts,train_challenge_7d_pass_rate_pct,train_challenge_7d_fail_rate_pct,train_challenge_7d_incomplete_rate_pct,train_challenge_7d_median_pass_days,train_challenge_7d_avg_pass_win_rate_pct,train_challenge_7d_p50_final_pnl,train_challenge_8d_starts,train_challenge_8d_pass_rate_pct,train_challenge_8d_fail_rate_pct,train_challenge_8d_incomplete_rate_pct,train_challenge_8d_median_pass_days,train_challenge_8d_avg_pass_win_rate_pct,train_challenge_8d_p50_final_pnl,test_challenge_7d_starts,test_challenge_7d_pass_rate_pct,test_challenge_7d_fail_rate_pct,test_challenge_7d_incomplete_rate_pct,test_challenge_7d_median_pass_days,test_challenge_7d_avg_pass_win_rate_pct,test_challenge_7d_p50_final_pnl,test_challenge_8d_starts,test_challenge_8d_pass_rate_pct,test_challenge_8d_fail_rate_pct,test_challenge_8d_incomplete_rate_pct,test_challenge_8d_median_pass_days,test_challenge_8d_avg_pass_win_rate_pct,test_challenge_8d_p50_final_pnl,train_r_trades,train_r_wins,train_r_losses,train_r_win_rate_pct,train_r_profit_factor,train_r_total,train_r_avg,test_r_trades,test_r_wins,test_r_losses,test_r_win_rate_pct,test_r_profit_factor,test_r_total,test_r_avg,selection_key
futures,NQ,ross_cameron_micro_pullback,ross_cameron_micro_pullback|ny|range=36|entry=150|rr=1.5|sl_atr=1|tp_atr=1.5|threshold=0.08|adx_max=none|adx_min=none|rsi2=none|trend=ema|max_bars=12|one_trade=0,ny,36,150,1.5,1.0,1.5,0.08,,,,ema,12,False,0.25,3.0,1,-2.900544501697702,1698,775,923,45.641931684334516,1.0813535142435617,2262.6301488044614,1.3325265894019207,1149,4221,1.4778067885117494,0.40227434257285005,2.8159203980099505,735,319,416,43.40136054421769,0.9110450834488356,-3918.4783544028032,-5.331263067214699,456,1566,1.611842105263158,0.46934865900383144,3.28544061302682,1149,0.0,0.0,100.0,0.0,0.0,-6.364567267461098,1149,0.0,0.0,100.0,0.0,0.0,-6.5,456,0.0,0.0,100.0,0.0,0.0,-32.29074862447305,456,0.0,0.0,100.0,0.0,0.0,-37.292056066893565,1698,775,923,45.641931684334516,0.96975290524823,-25.224281089346636,-0.014855289216340776,735,319,416,43.40136054421769,0.945258906495874,-21.06270521900183,-0.028656741794560313,NQ	ross_cameron_micro_pullback	ross_cameron_micro_pullback|ny|range=36|entry=150|rr=1.5|sl_atr=1|tp_atr=1.5|threshold=0.08|adx_max=none|adx_min=none|rsi2=none|trend=ema|max_bars=12|one_trade=0
futures,NQ,humbled_trader_breakout_pullback,humbled_trader_breakout_pullback|ny|range=48|entry=150|rr=1.5|sl_atr=1|tp_atr=1.5|threshold=0.1|adx_max=none|adx_min=none|rsi2=none|trend=both|max_bars=20|one_trade=0,ny,48,150,1.5,1.0,1.5,0.1,,,,both,20,False,0.25,3.0,1,-5.193433659323748,1602,704,898,43.94506866416979,1.0262447151083691,759.4446909316207,0.47406035638677946,1103,4221,1.4524025385312784,0.3795309168443497,2.656716417910448,686,292,394,42.565597667638485,0.9558256218558349,-1893.440624020488,-2.760117527726659,434,1566,1.5806451612903225,0.438058748403576,3.066411238825032,1103,0.0,0.0,100.0,0.0,0.0,-8.038986409868812,1103,0.0,0.0,100.0,0.0,0.0,-7.17157889995724,434,0.0,0.0,100.0,0.0,0.0,-35.962963817539276,434,0.0,0.0,100.0,0.0,0.0,-36.95804465024412,1602,704,898,43.94506866416979,0.9578152716006074,-35.74184198824951,-0.022310762789169485,686,292,394,42.565597667638485,0.9581610058649557,-15.777210110332959,-0.022998848557336676,NQ	humbled_trader_breakout_pullback	humbled_trader_breakout_pullback|ny|range=48|entry=150|rr=1.5|sl_atr=1|tp_atr=1.5|threshold=0.1|adx_max=none|adx_min=none|rsi2=none|trend=both|max_bars=20|one_trade=0
futures,ES,ross_cameron_micro_pullback,ross_cameron_micro_pullback|ny|range=36|entry=150|rr=1.5|sl_atr=1|tp_atr=1.5|threshold=0.08|adx_max=none|adx_min=none|rsi2=none|trend=ema|max_bars=12|one_trade=0,ny,36,150,1.5,1.0,1.5,0.08,,,,ema,12,False,0.25,3.0,1,-6.076289388465604,1568,671,897,42.79336734693878,0.7977670118756267,-4698.605795744161,-2.9965598187143883,1024,4219,1.53125,0.37165205024887416,2.601564351742119,671,303,368,45.156482861400896,0.9140648210561646,-1962.1153515020683,-2.924165948587285,426,1565,1.5751173708920188,0.42875399361022365,3.0012779552715654,1024,0.0,0.0,100.0,0.0,0.0,-13.91018687649921,1024,0.0,0.0,100.0,0.0,0.0,-14.176477493165294,426,0.0,0.0,100.0,0.0,0.0,-26.789282180128794,426,0.0,0.0,100.0,0.0,0.0,-23.941181238413265,1568,671,897,42.79336734693878,0.7085752823811032,-232.65701666983026,-0.1483781994067795,671,303,368,45.156482861400896,0.9349699191833459,-22.115449699117843,-0.032958941429385755,ES	ross_cameron_micro_pullback	ross_cameron_micro_pullback|ny|range=36|entry=150|rr=1.5|sl_atr=1|tp_atr=1.5|threshold=0.08|adx_max=none|adx_min=none|rsi2=none|trend=ema|max_bars=12|one_trade=0
futures,RTY,ross_cameron_micro_pullback,ross_cameron_micro_pullback|ny|range=36|entry=150|rr=1.5|sl_atr=1|tp_atr=1.5|threshold=0.08|adx_max=none|adx_min=none|rsi2=none|trend=ema|max_bars=12|one_trade=0,ny,36,150,1.5,1.0,1.5,0.08,,,,ema,12,False,0.1,3.0,1,-6.517150547664794,685,277,408,40.43795620437956,0.797347238278911,-2418.2569649865395,-3.5303021386664812,443,1628,1.5462753950338601,0.42076167076167076,2.9453316953316953,666,291,375,43.69369369369369,0.8884223118496553,-1504.7098106045419,-2.2593240399467596,433,1568,1.53810623556582,0.4247448979591837,2.9732142857142856,443,0.0,0.0,100.0,0.0,0.0,-19.21538040591986,443,0.0,0.0,100.0,0.0,0.0,-19.521661337232217,433,0.0,0.0,100.0,0.0,0.0,-16.455263665979146,433,0.0,0.0,100.0,0.0,0.0,-10.299016117918654,685,277,408,40.43795620437956,0.8006356674815317,-72.70099346178179,-0.10613283717048437,666,291,375,43.69369369369369,0.9036539769939689,-32.89224098149265,-0.049387749221460435,RTY	ross_cameron_micro_pullback	ross_cameron_micro_pullback|ny|range=36|entry=150|rr=1.5|sl_atr=1|tp_atr=1.5|threshold=0.08|adx_max=none|adx_min=none|rsi2=none|trend=ema|max_bars=12|one_trade=0
futures,NQ,ricky_gutierrez_breakout_pullback,ricky_gutierrez_breakout_pullback|ny|range=48|entry=150|rr=1.5|sl_atr=1|tp_atr=1.5|threshold=0.12|adx_max=none|adx_min=none|rsi2=none|trend=both|max_bars=20|one_trade=0,ny,48,150,1.5,1.0,1.5,0.12,,,,both,20,False,0.25,3.0,1,-6.704455163038844,1537,671,866,43.65647364996747,1.009687414228517,273.17431280971095,0.17773214886773647,1077,4221,1.42711234911792,0.3641317223406776,2.5489220563847432,656,279,377,42.53048780487805,0.959099722719402,-1692.8579121851435,-2.580576085648085,429,1566,1.529137529137529,0.41890166028097064,2.9323116219667944,1077,0.0,0.0,100.0,0.0,0.0,-8.253655833992525,1077,0.0,0.0,100.0,0.0,0.0,-7.17157889995724,429,0.0,0.0,100.0,0.0,0.0,-38.25456697019399,429,0.0,0.0,100.0,0.0,0.0,-33.67136066488456,1537,671,866,43.65647364996747,0.9449211968445546,-45.060934818094644,-0.029317459218018635,656,279,377,42.53048780487805,0.9579269297109131,-15.186024307318526,-0.023149427297741654,NQ	ricky_gutierrez_breakout_pullback	ricky_gutierrez_breakout_pullback|ny|range=48|entry=150|rr=1.5|sl_atr=1|tp_atr=1.5|threshold=0.12|adx_max=none|adx_min=none|rsi2=none|trend=both|max_bars=20|one_trade=0
futures,YM,ross_cameron_micro_pullback,ross_cameron_micro_pullback|ny|range=36|entry=150|rr=1.5|sl_atr=1|tp_atr=1.5|threshold=0.08|adx_max=none|adx_min=none|rsi2=none|trend=ema|max_bars=12|one_trade=0,ny,36,150,1.5,1.0,1.5,0.08,,,,ema,12,False,1.0,3.0,1,-6.470476459885642,1550,652,898,42.064516129032256,0.7935688217608282,-4039.6385421280793,-2.60621841427618,1034,4218,1.4990328820116054,0.36747273589378854,2.57230915125652,651,295,356,45.314900153609834,0.9754701292856715,-370.08057931944677,-0.5684801525644344,415,1568,1.5686746987951807,0.41517857142857145,2.90625,1034,0.0,0.0,100.0,0.0,0.0,-7.6060560998666915,1034,0.0,0.0,100.0,0.0,0.0,-9.150281381567765,415,0.0,0.0,100.0,0.0,0.0,-3.0487495790148387,415,0.0,0.0,100.0,0.0,0.0,-3.0487495790148387,1550,652,898,42.064516129032256,0.8169223974542383,-149.6503559404169,-0.09654861673575282,651,295,356,45.314900153609834,0.9673328160549757,-10.721130942041587,-0.016468711124487844,YM	ross_cameron_micro_pullback	ross_cameron_micro_pullback|ny|range=36|entry=150|rr=1.5|sl_atr=1|tp_atr=1.5|threshold=0.08|adx_max=none|adx_min=none|rsi2=none|trend=ema|max_bars=12|one_trade=0
futures,ES,humbled_trader_breakout_pullback,humbled_trader_breakout_pullback|ny|range=48|entry=150|rr=1.5|sl_atr=1|tp_atr=1.5|threshold=0.1|adx_max=none|adx_min=none|rsi2=none|trend=both|max_bars=20|one_trade=0,ny,48,150,1.5,1.0,1.5,0.1,,,,both,20,False,0.25,3.0,1,-7.05228174108646,1447,607,840,41.9488597097443,0.8141286044841561,-4282.124752099588,-2.9593121991013045,969,4219,1.4932920536635708,0.3429722683100261,2.4008058781701824,639,291,348,45.539906103286384,0.9780340175617129,-505.5900583384414,-0.7912207485734607,410,1565,1.5585365853658537,0.4083067092651757,2.85814696485623,969,0.0,0.0,100.0,0.0,0.0,-14.439509144518524,969,0.0,0.0,100.0,0.0,0.0,-15.742486069080769,410,0.0,0.0,100.0,0.0,0.0,-25.42260102259752,410,0.0,0.0,100.0,0.0,0.0,-25.300088498617697,1447,607,840,41.9488597097443,0.7328899529644725,-209.8424821160317,-0.14501899247825273,639,291,348,45.539906103286384,0.9927293093297944,-2.4303768574490627,-0.0038034066626745897,ES	humbled_trader_breakout_pullback	humbled_trader_breakout_pullback|ny|range=48|entry=150|rr=1.5|sl_atr=1|tp_atr=1.5|threshold=0.1|adx_max=none|adx_min=none|rsi2=none|trend=both|max_bars=20|one_trade=0
futures,RTY,humbled_trader_breakout_pullback,humbled_trader_breakout_pullback|ny|range=48|entry=150|rr=1.5|sl_atr=1|tp_atr=1.5|threshold=0.1|adx_max=none|adx_min=none|rsi2=none|trend=both|max_bars=20|one_trade=0,ny,48,150,1.5,1.0,1.5,0.1,,,,both,20,False,0.1,3.0,1,-9.393564844962633,635,254,381,40.0,0.733274464214788,-3313.772804781027,-5.218539850048861,421,1620,1.508313539192399,0.39197530864197533,2.743827160493827,631,264,367,41.83835182250396,0.8390952239753964,-2251.972522186599,-3.5688946468884293,420,1568,1.5023809523809524,0.4024234693877551,2.8169642857142856,421,0.0,0.0,100.0,0.0,0.0,-21.071277287686826,421,0.0,0.0,100.0,0.0,0.0,-21.033137305435957,420,0.0,0.0,100.0,0.0,0.0,-28.075719111548096,420,0.0,0.0,100.0,0.0,0.0,-25.427231427733204,635,254,381,40.0,0.7869040220841795,-77.03432163102451,-0.12131389233232207,631,264,367,41.83835182250396,0.8652642761814966,-46.65881250349287,-0.07394423534626444,RTY	humbled_trader_breakout_pullback	humbled_trader_breakout_pullback|ny|range=48|entry=150|rr=1.5|sl_atr=1|tp_atr=1.5|threshold=0.1|adx_max=none|adx_min=none|rsi2=none|trend=both|max_bars=20|one_trade=0
futures,YM,humbled_trader_breakout_pullback,humbled_trader_breakout_pullback|ny|range=48|entry=150|rr=1.5|sl_atr=1|tp_atr=1.5|threshold=0.1|adx_max=none|adx_min=none|rsi2=none|trend=both|max_bars=20|one_trade=0,ny,48,150,1.5,1.0,1.5,0.1,,,,both,20,False,1.0,3.0,6,-7.874547068559782,1457,595,862,40.83733699382292,0.8315653067231142,-19527.651204256705,-13.402643242454841,989,4218,1.4732052578361983,0.3454243717401612,2.4179706021811285,621,272,349,43.80032206119163,1.0169140239039907,1524.9976968324409,2.455712877346926,401,1568,1.5486284289276808,0.3960459183673469,2.7723214285714284,989,0.0,0.0,100.0,0.0,0.0,-36.580260725764674,989,0.0,0.0,100.0,0.0,0.0,-55.30301229064935,401,0.0,0.0,100.0,0.0,0.0,-24.29155453176645,401,0.0,0.0,100.0,0.0,0.0,6.970456668903353,1458,595,863,40.80932784636489,0.8295147654238726,-138.8607798428317,-0.09524058974131118,621,272,349,43.80032206119163,1.0127579916266862,4.127813793070478,0.006647043145041028,YM	humbled_trader_breakout_pullback	humbled_trader_breakout_pullback|ny|range=48|entry=150|rr=1.5|sl_atr=1|tp_atr=1.5|threshold=0.1|adx_max=none|adx_min=none|rsi2=none|trend=both|max_bars=20|one_trade=0
futures,ES,ricky_gutierrez_breakout_pullback,ricky_gutierrez_breakout_pullback|ny|range=48|entry=150|rr=1.5|sl_atr=1|tp_atr=1.5|threshold=0.12|adx_max=none|adx_min=none|rsi2=none|trend=both|max_bars=20|one_trade=0,ny,48,150,1.5,1.0,1.5,0.12,,,,both,20,False,0.25,3.0,1,-8.803884924932923,1374,576,798,41.92139737991266,0.8127461187422532,-4112.061079701704,-2.9927664335529145,941,4219,1.4601487778958555,0.32566958995022516,2.279687129651576,611,275,336,45.00818330605565,0.9580674693149697,-935.1907406253167,-1.5305904101887344,401,1565,1.5236907730673317,0.3904153354632588,2.7329073482428115,941,0.0,0.0,100.0,0.0,0.0,-14.354567109723575,941,0.0,0.0,100.0,0.0,0.0,-14.93365950867883,401,0.0,0.0,100.0,0.0,0.0,-24.529891905374825,401,0.0,0.0,100.0,0.0,0.0,-23.352470571451704,1374,576,798,41.92139737991266,0.7327261344876205,-199.0900087209244,-0.14489811406180816,611,275,336,45.00818330605565,0.9714871599861558,-9.199291344970792,-0.015056123314191148,ES	ricky_gutierrez_breakout_pullback	ricky_gutierrez_breakout_pullback|ny|range=48|entry=150|rr=1.5|sl_atr=1|tp_atr=1.5|threshold=0.12|adx_max=none|adx_min=none|rsi2=none|trend=both|max_bars=20|one_trade=0
futures,RTY,ricky_gutierrez_breakout_pullback,ricky_gutierrez_breakout_pullback|ny|range=48|entry=150|rr=1.5|sl_atr=1|tp_atr=1.5|threshold=0.12|adx_max=none|adx_min=none|rsi2=none|trend=both|max_bars=20|one_trade=0,ny,48,150,1.5,1.0,1.5,0.12,,,,both,20,False,0.1,3.0,1,-10.461826399546467,612,245,367,40.032679738562095,0.7333370380712426,-3197.0611617292698,-5.2239561466164535,410,1618,1.4926829268292683,0.37824474660074164,2.6477132262051915,608,255,353,41.94078947368421,0.8470981132233032,-2049.082658545354,-3.370201741028543,414,1568,1.4685990338164252,0.3877551020408163,2.7142857142857144,410,0.0,0.0,100.0,0.0,0.0,-20.204612547175202,410,0.0,0.0,100.0,0.0,0.0,-20.51392840594781,414,0.0,0.0,100.0,0.0,0.0,-23.8731078945857,414,0.0,0.0,100.0,0.0,0.0,-23.716539158624073,612,245,367,40.032679738562095,0.7884219316761704,-73.52350346221864,-0.12013644356571673,608,255,353,41.94078947368421,0.8649989358723332,-44.88913119286674,-0.07383080788300452,RTY	ricky_gutierrez_breakout_pullback	ricky_gutierrez_breakout_pullback|ny|range=48|entry=150|rr=1.5|sl_atr=1|tp_atr=1.5|threshold=0.12|adx_max=none|adx_min=none|rsi2=none|trend=both|max_bars=20|one_trade=0
futures,YM,ricky_gutierrez_breakout_pullback,ricky_gutierrez_breakout_pullback|ny|range=48|entry=150|rr=1.5|sl_atr=1|tp_atr=1.5|threshold=0.12|adx_max=none|adx_min=none|rsi2=none|trend=both|max_bars=20|one_trade=0,ny,48,150,1.5,1.0,1.5,0.12,,,,both,20,False,1.0,3.0,6,-9.298414580038443,1393,575,818,41.277817659727205,0.8513608591353103,-16384.441426312915,-11.761982359162179,967,4218,1.4405377456049637,0.33025130393551444,2.311759127548601,594,258,336,43.43434343434344,1.0162029219053006,1383.0374096093947,2.3283458074232235,393,1568,1.5114503816793894,0.3788265306122449,2.6517857142857144,967,0.0,0.0,100.0,0.0,0.0,-29.041047661958146,967,0.0,0.0,100.0,0.0,0.0,-41.827146792420535,393,0.0,0.0,100.0,0.0,0.0,-8.828001820424106,393,0.0,0.0,100.0,0.0,0.0,40.67168543415028,1394,575,819,41.24820659971306,0.8458611095081413,-119.32141623149155,-0.08559642484325075,594,258,336,43.43434343434344,0.9975310314261121,-0.7691941284910966,-0.0012949396102543713,YM	ricky_gutierrez_breakout_pullback	ricky_gutierrez_breakout_pullback|ny|range=48|entry=150|rr=1.5|sl_atr=1|tp_atr=1.5|threshold=0.12|adx_max=none|adx_min=none|rsi2=none|trend=both|max_bars=20|one_trade=0
futures,CL,ross_cameron_micro_pullback,ross_cameron_micro_pullback|ny|range=36|entry=150|rr=1.5|sl_atr=1|tp_atr=1.5|threshold=0.08|adx_max=none|adx_min=none|rsi2=none|trend=ema|max_bars=12|one_trade=0,ny,36,150,1.5,1.0,1.5,0.08,,,,ema,12,False,0.01,3.0,1,-13.001942927898256,1238,536,702,43.29563812600969,0.8804499859098275,-2818.837955221953,-2.2769288814393804,856,4222,1.4462616822429906,0.29322595926101375,2.052581714827096,560,234,326,41.785714285714285,0.8524744187677158,-1938.3387819137608,-3.46131925341743,354,1565,1.5819209039548023,0.35782747603833864,2.5047923322683703,856,0.0,0.0,100.0,0.0,0.0,-13.971220461527992,856,0.0,0.0,100.0,0.0,0.0,-14.54431055191526,354,0.0,0.0,100.0,0.0,0.0,-27.36964560686465,354,0.0,0.0,100.0,0.0,0.0,-28.681294669615454,1238,536,702,43.29563812600969,0.8384001993499721,-100.65145904298478,-0.08130166320111856,560,234,326,41.785714285714285,0.7837725543306653,-61.17902506259473,-0.10924825904034774,CL	ross_cameron_micro_pullback	ross_cameron_micro_pullback|ny|range=36|entry=150|rr=1.5|sl_atr=1|tp_atr=1.5|threshold=0.08|adx_max=none|adx_min=none|rsi2=none|trend=ema|max_bars=12|one_trade=0
futures,CL,humbled_trader_breakout_pullback,humbled_trader_breakout_pullback|ny|range=48|entry=150|rr=1.5|sl_atr=1|tp_atr=1.5|threshold=0.1|adx_max=none|adx_min=none|rsi2=none|trend=both|max_bars=20|one_trade=0,ny,48,150,1.5,1.0,1.5,0.1,,,,both,20,False,0.01,3.0,1,-15.157497389925716,1161,493,668,42.46339362618433,0.9011657350425812,-2246.8941932471453,-1.9353093826418133,817,4222,1.4210526315789473,0.27498815727143533,1.9249171009000472,527,212,315,40.22770398481973,0.8372441159820552,-2107.742486513389,-3.999511359607949,341,1565,1.5454545454545454,0.336741214057508,2.357188498402556,817,0.0,0.0,100.0,0.0,0.0,-13.0,817,0.0,0.0,100.0,0.0,0.0,-12.643513600167353,341,0.0,0.0,100.0,0.0,0.0,-34.306473691685824,341,0.0,0.0,100.0,0.0,0.0,-35.25090476236073,1161,493,668,42.46339362618433,0.8611662202336373,-82.66905971832979,-0.07120504713034435,527,212,315,40.22770398481973,0.771947046599523,-63.03275502109141,-0.11960674577057194,CL	humbled_trader_breakout_pullback	humbled_trader_breakout_pullback|ny|range=48|entry=150|rr=1.5|sl_atr=1|tp_atr=1.5|threshold=0.1|adx_max=none|adx_min=none|rsi2=none|trend=both|max_bars=20|one_trade=0
futures,CL,dan_mcdermitt_ema_rider,dan_mcdermitt_ema_rider|ny|range=15|entry=150|rr=1.5|sl_atr=1|tp_atr=1.5|threshold=0.05|adx_max=none|adx_min=none|rsi2=none|trend=both|max_bars=32|one_trade=1,ny,15,150,1.5,1.0,1.5,0.05,,,,both,32,True,0.01,3.0,1,-15.641031833522405,1344,578,766,43.00595238095239,0.9137588278616978,-2854.449524179543,-2.123846372157398,1344,4219,1.0,0.3185589002133207,2.2299123014932447,512,211,301,41.2109375,0.8054038849875279,-3496.8349118110195,-6.8297556871308975,512,1568,1.0,0.32653061224489793,2.2857142857142856,1344,0.0,0.0,100.0,0.0,0.0,-12.823895859699405,1344,0.0,0.0,100.0,0.0,0.0,-14.331925776590651,512,0.0,0.0,100.0,0.0,0.0,-16.407061125908513,512,0.0,0.0,100.0,0.0,0.0,-17.29973848960799,1344,578,766,43.00595238095239,0.8638779250842511,-91.35728780636634,-0.06797417247497496,512,211,301,41.2109375,0.7926160672034832,-53.67715340098913,-0.10483819023630689,CL	dan_mcdermitt_ema_rider	dan_mcdermitt_ema_rider|ny|range=15|entry=150|rr=1.5|sl_atr=1|tp_atr=1.5|threshold=0.05|adx_max=none|adx_min=none|rsi2=none|trend=both|max_bars=32|one_trade=1
futures,ES,dan_mcdermitt_ema_rider,dan_mcdermitt_ema_rider|ny|range=15|entry=150|rr=1.5|sl_atr=1|tp_atr=1.5|threshold=0.05|adx_max=none|adx_min=none|rsi2=none|trend=both|max_bars=32|one_trade=1,ny,15,150,1.5,1.0,1.5,0.05,,,,both,32,True,0.25,3.0,1,-15.983876926891128,1340,568,772,42.38805970149254,0.8202246639541333,-4977.666755153085,-3.714676682950064,1340,4222,1.0,0.3173851255329228,2.2216958787304595,509,202,307,39.68565815324165,0.8533800199311393,-3617.856665869849,-7.107773410353338,509,1568,1.0,0.32461734693877553,2.272321428571429,1340,0.0,0.0,100.0,0.0,0.0,-12.480041819260805,1340,0.0,0.0,100.0,0.0,0.0,-14.883872280348442,509,0.0,0.0,100.0,0.0,0.0,-40.71029176629963,509,0.0,0.0,100.0,0.0,0.0,-38.98363569162029,1340,568,772,42.38805970149254,0.7957481406702148,-142.95070526859723,-0.10667963079746062,509,202,307,39.68565815324165,0.8168925792261847,-52.40405891525464,-0.10295492910659064,ES	dan_mcdermitt_ema_rider	dan_mcdermitt_ema_rider|ny|range=15|entry=150|rr=1.5|sl_atr=1|tp_atr=1.5|threshold=0.05|adx_max=none|adx_min=none|rsi2=none|trend=both|max_bars=32|one_trade=1
futures,CL,ricky_gutierrez_breakout_pullback,ricky_gutierrez_breakout_pullback|ny|range=48|entry=150|rr=1.5|sl_atr=1|tp_atr=1.5|threshold=0.12|adx_max=none|adx_min=none|rsi2=none|trend=both|max_bars=20|one_trade=0,ny,48,150,1.5,1.0,1.5,0.12,,,,both,20,False,0.01,3.0,1,-17.18548845868797,1099,464,635,42.22020018198362,0.8946809241068211,-2280.1877959820254,-2.074784163768904,793,4222,1.385876418663304,0.26030317385125534,1.8221222169587874,495,198,297,40.0,0.7968382431044695,-2538.664200326197,-5.128614546113529,327,1565,1.5137614678899083,0.31629392971246006,2.2140575079872207,793,0.0,0.0,100.0,0.0,0.0,-12.949809716650634,793,0.0,0.0,100.0,0.0,0.0,-12.601134540556814,327,0.0,0.0,100.0,0.0,0.0,-32.46832634534803,327,0.0,0.0,100.0,0.0,0.0,-33.967087513476145,1099,464,635,42.22020018198362,0.8460058568792517,-87.6516043081015,-0.07975578190000136,495,198,297,40.0,0.761901697169295,-62.05330021826734,-0.12536020246114613,CL	ricky_gutierrez_breakout_pullback	ricky_gutierrez_breakout_pullback|ny|range=48|entry=150|rr=1.5|sl_atr=1|tp_atr=1.5|threshold=0.12|adx_max=none|adx_min=none|rsi2=none|trend=both|max_bars=20|one_trade=0
futures,YM,claytrader_sr_rejection,claytrader_sr_rejection|ny|range=15|entry=150|rr=1.5|sl_atr=1|tp_atr=1.5|threshold=0.05|adx_max=none|adx_min=none|rsi2=none|trend=all|max_bars=16|one_trade=1,ny,15,150,1.5,1.0,1.5,0.05,,,,all,16,True,1.0,3.0,1,-15.493084120842681,1141,536,605,46.97633654688869,0.8912302225464748,-1441.7686936653736,-1.2636009585147885,1141,4225,1.0,0.27005917159763315,1.890414201183432,483,213,270,44.099378881987576,0.931912902471882,-802.7985301891058,-1.6621087581554985,483,1570,1.0,0.3076433121019108,2.153503184713376,1141,0.0,0.0,100.0,0.0,0.0,-4.020298131799791,1141,0.0,0.0,100.0,0.0,0.0,-6.3912950047670165,483,0.0,0.0,100.0,0.0,0.0,-16.712768283265177,483,0.0,0.0,100.0,0.0,0.0,-19.59512527307379,1141,536,605,46.97633654688869,0.8351787982163915,-95.75857436085838,-0.08392513090346922,483,213,270,44.099378881987576,0.8830764187069371,-30.44358786737427,-0.06303020262396329,YM	claytrader_sr_rejection	claytrader_sr_rejection|ny|range=15|entry=150|rr=1.5|sl_atr=1|tp_atr=1.5|threshold=0.05|adx_max=none|adx_min=none|rsi2=none|trend=all|max_bars=16|one_trade=1
futures,GC,ross_cameron_micro_pullback,ross_cameron_micro_pullback|ny|range=36|entry=150|rr=1.5|sl_atr=1|tp_atr=1.5|threshold=0.08|adx_max=none|adx_min=none|rsi2=none|trend=ema|max_bars=12|one_trade=0,ny,36,150,1.5,1.0,1.5,0.08,,,,ema,12,False,0.1,3.0,1,-18.03328101093556,857,332,525,38.739789964994166,0.6826596960730387,-5159.894372890756,-6.020880248413951,656,4219,1.3064024390243902,0.20312870348423798,1.4219009243896659,468,201,267,42.94871794871795,0.8577962679387163,-2287.6168939966547,-4.888070286317638,319,1562,1.4670846394984327,0.29961587708066584,2.0973111395646606,656,0.0,0.0,100.0,0.0,0.0,-21.369627289626806,656,0.0,0.0,100.0,0.0,0.0,-22.069521325887763,319,0.0,0.0,100.0,0.0,0.0,-23.0,319,0.0,0.0,100.0,0.0,0.0,-20.38890510989586,857,332,525,38.739789964994166,0.6540170128601199,-155.05672632067183,-0.18092966898561474,468,201,267,42.94871794871795,0.8652747733530152,-30.402453729388856,-0.0649625079687796,GC	ross_cameron_micro_pullback	ross_cameron_micro_pullback|ny|range=36|entry=150|rr=1.5|sl_atr=1|tp_atr=1.5|threshold=0.08|adx_max=none|adx_min=none|rsi2=none|trend=ema|max_bars=12|one_trade=0
futures,ES,claytrader_sr_rejection,claytrader_sr_rejection|ny|range=15|entry=150|rr=1.5|sl_atr=1|tp_atr=1.5|threshold=0.05|adx_max=none|adx_min=none|rsi2=none|trend=all|max_bars=16|one_trade=1,ny,15,150,1.5,1.0,1.5,0.05,,,,all,16,True,0.25,3.0,1,-15.507006056306174,1201,576,625,47.96003330557868,0.865658592810187,-2252.5794028898017,-1.8755865136467957,1201,4225,1.0,0.2842603550295858,1.9898224852071005,470,225,245,47.87234042553192,0.8906997065419601,-1882.6903771775096,-4.005724206760659,470,1570,1.0,0.29936305732484075,2.095541401273885,1201,0.0,0.0,100.0,0.0,0.0,-8.09234894560359,1201,0.0,0.0,100.0,0.0,0.0,-8.778576545606484,470,0.0,0.0,100.0,0.0,0.0,-18.30557752927416,470,0.0,0.0,100.0,0.0,0.0,-17.501946815653355,1201,576,625,47.96003330557868,0.7904418730556272,-120.47092376101457,-0.10030884576270989,470,225,245,47.87234042553192,0.8959264629914175,-24.863941141926187,-0.05290200242963018,ES	claytrader_sr_rejection	claytrader_sr_rejection|ny|range=15|entry=150|rr=1.5|sl_atr=1|tp_atr=1.5|threshold=0.05|adx_max=none|adx_min=none|rsi2=none|trend=all|max_bars=16|one_trade=1
futures,NQ,claytrader_sr_rejection,claytrader_sr_rejection|ny|range=15|entry=150|rr=1.5|sl_atr=1|tp_atr=1.5|threshold=0.05|adx_max=none|adx_min=none|rsi2=none|trend=all|max_bars=16|one_trade=1,ny,15,150,1.5,1.0,1.5,0.05,,,,all,16,True,0.25,3.0,1,-17.047044022698643,1252,575,677,45.926517571884986,0.8426596826701293,-3768.7974750724047,-3.0102216254571923,1251,4224,1.0007993605115908,0.29640151515151514,2.074810606060606,466,203,263,43.56223175965665,0.8718336102151328,-3955.2095752067726,-8.487574195722688,466,1570,1.0,0.2968152866242038,2.0777070063694265,1251,0.0,0.0,100.0,0.0,0.0,-5.428470663522603,1251,0.0,0.0,100.0,0.0,0.0,-4.973215831225389,466,0.0,0.0,100.0,0.0,0.0,-23.900583986542188,466,0.0,0.0,100.0,0.0,0.0,-26.651753539554193,1252,575,677,45.926517571884986,0.8542672125712116,-93.9487967239863,-0.07503897501915839,466,203,263,43.56223175965665,0.8749950639967217,-30.94049164183472,-0.06639590481080411,NQ	claytrader_sr_rejection	claytrader_sr_rejection|ny|range=15|entry=150|rr=1.5|sl_atr=1|tp_atr=1.5|threshold=0.05|adx_max=none|adx_min=none|rsi2=none|trend=all|max_bars=16|one_trade=1
futures,NQ,dan_mcdermitt_ema_rider,dan_mcdermitt_ema_rider|ny|range=15|entry=150|rr=1.5|sl_atr=1|tp_atr=1.5|threshold=0.05|adx_max=none|adx_min=none|rsi2=none|trend=both|max_bars=32|one_trade=1,ny,15,150,1.5,1.0,1.5,0.05,,,,both,32,True,0.25,3.0,1,-16.173111156672633,1212,536,676,44.224422442244226,0.9943418672498091,-171.39648517026126,-0.14141624188965451,1212,4223,1.0,0.2869997632015155,2.0089983424106084,463,194,269,41.90064794816415,0.9842848792076296,-623.7528728644502,-1.3471984295128514,463,1569,1.0,0.29509241555130655,2.065646908859146,1212,0.0,0.0,100.0,0.0,0.0,-3.304098283791973,1212,0.0,0.0,100.0,0.0,0.0,-4.080026733943669,463,0.0,0.0,100.0,0.0,0.0,-38.935039061587304,463,0.0,0.0,100.0,0.0,0.0,-38.59627611063479,1212,536,676,44.224422442244226,0.9593438572864433,-25.58988701466189,-0.02111376816391245,463,194,269,41.90064794816415,0.9328157057727338,-16.628864713401555,-0.03591547454298392,NQ	dan_mcdermitt_ema_rider	dan_mcdermitt_ema_rider|ny|range=15|entry=150|rr=1.5|sl_atr=1|tp_atr=1.5|threshold=0.05|adx_max=none|adx_min=none|rsi2=none|trend=both|max_bars=32|one_trade=1
futures,GC,dan_mcdermitt_ema_rider,dan_mcdermitt_ema_rider|ny|range=15|entry=150|rr=1.5|sl_atr=1|tp_atr=1.5|threshold=0.05|adx_max=none|adx_min=none|rsi2=none|trend=both|max_bars=32|one_trade=1,ny,15,150,1.5,1.0,1.5,0.05,,,,both,32,True,0.1,3.0,4,-12.370256238582876,1287,521,766,40.48174048174048,0.8193325594886771,-21535.546283429532,-16.73313619536094,1287,4216,1.0,0.30526565464895633,2.1368595825426944,452,213,239,47.123893805309734,1.2139225296395046,14706.92373866807,32.53744189970812,452,1568,1.0,0.288265306122449,2.017857142857143,1287,0.0,0.0,100.0,0.0,0.0,-88.0,1287,0.0,0.0,100.0,0.0,0.0,-93.22383963037282,452,0.0,0.0,100.0,0.0,0.0,-4.077093391329981,452,0.0,0.0,100.0,0.0,0.0,0.6500768551049987,1287,521,766,40.48174048174048,0.7956939788615576,-121.62791758345472,-0.09450498646733078,473,222,251,46.93446088794926,1.019100125798558,3.791740246049219,0.00801636415655226,GC	dan_mcdermitt_ema_rider	dan_mcdermitt_ema_rider|ny|range=15|entry=150|rr=1.5|sl_atr=1|tp_atr=1.5|threshold=0.05|adx_max=none|adx_min=none|rsi2=none|trend=both|max_bars=32|one_trade=1
futures,RTY,claytrader_sr_rejection,claytrader_sr_rejection|ny|range=15|entry=150|rr=1.5|sl_atr=1|tp_atr=1.5|threshold=0.05|adx_max=none|adx_min=none|rsi2=none|trend=all|max_bars=16|one_trade=1,ny,15,150,1.5,1.0,1.5,0.05,,,,all,16,True,0.1,3.0,8,-11.452041227202017,490,237,253,48.36734693877551,1.0523147207949293,3281.843240109588,6.697639265529771,490,1634,1.0,0.2998776009791922,2.0991432068543454,450,227,223,50.44444444444445,1.1942141643289224,13236.847855549586,29.41521745677686,450,1565,1.0,0.28753993610223644,2.012779552715655,490,0.0,0.40816326530612246,99.59183673469387,0.0,0.0,-27.97771002418449,490,0.0,0.40816326530612246,99.59183673469387,0.0,0.0,-35.95492235727579,450,0.0,0.0,100.0,0.0,0.0,30.9945787810575,450,0.0,0.0,100.0,0.0,0.0,51.25926611601608,491,237,254,48.26883910386965,0.9602985705930669,-9.650689600814877,-0.019655172303085288,450,227,223,50.44444444444445,1.135466687193322,27.937993450251923,0.06208442988944872,RTY	claytrader_sr_rejection	claytrader_sr_rejection|ny|range=15|entry=150|rr=1.5|sl_atr=1|tp_atr=1.5|threshold=0.05|adx_max=none|adx_min=none|rsi2=none|trend=all|max_bars=16|one_trade=1
futures,YM,dan_mcdermitt_ema_rider,dan_mcdermitt_ema_rider|ny|range=15|entry=150|rr=1.5|sl_atr=1|tp_atr=1.5|threshold=0.05|adx_max=none|adx_min=none|rsi2=none|trend=both|max_bars=32|one_trade=1,ny,15,150,1.5,1.0,1.5,0.05,,,,both,32,True,1.0,3.0,1,-20.765096947101952,1239,543,696,43.82566585956417,0.9415844727984339,-1185.6186514530964,-0.9569157800267122,1239,4223,1.0,0.2933933222827374,2.053753255979162,441,169,272,38.32199546485261,0.7038459939730414,-4892.597095754649,-11.094324480169272,441,1569,1.0,0.28107074569789675,1.9674952198852773,1239,0.0,0.0,100.0,0.0,0.0,-5.116717214914388,1239,0.0,0.0,100.0,0.0,0.0,-5.116717214914388,441,0.0,0.0,100.0,0.0,0.0,-35.5,441,0.0,0.0,100.0,0.0,0.0,-33.34891657117987,1239,543,696,43.82566585956417,0.9593945430395615,-25.596502769742237,-0.020659001428363386,441,169,272,38.32199546485261,0.7699747009023425,-57.27594702084427,-0.12987743088626819,YM	dan_mcdermitt_ema_rider	dan_mcdermitt_ema_rider|ny|range=15|entry=150|rr=1.5|sl_atr=1|tp_atr=1.5|threshold=0.05|adx_max=none|adx_min=none|rsi2=none|trend=both|max_bars=32|one_trade=1
futures,GC,humbled_trader_breakout_pullback,humbled_trader_breakout_pullback|ny|range=48|entry=150|rr=1.5|sl_atr=1|tp_atr=1.5|threshold=0.1|adx_max=none|adx_min=none|rsi2=none|trend=both|max_bars=20|one_trade=0,ny,48,150,1.5,1.0,1.5,0.1,,,,both,20,False,0.1,3.0,3,-19.25833118220899,788,303,485,38.45177664974619,0.7441627590358043,-11626.468611299286,-14.754401790988942,610,4219,1.2918032786885245,0.18677411708935768,1.3074188196255037,438,183,255,41.78082191780822,0.9272366572104006,-3213.266706974643,-7.336225358389596,304,1562,1.4407894736842106,0.28040973111395645,1.9628681177976952,610,0.0,0.0,100.0,0.0,0.0,-59.241998923011124,610,0.0,0.0,100.0,0.0,0.0,-61.823971178004285,304,0.0,0.0,100.0,0.0,0.0,-61.73077294892573,304,0.0,0.0,100.0,0.0,0.0,-64.14741528407467,788,303,485,38.45177664974619,0.6861148688573604,-132.5089012561919,-0.16815850413222322,439,183,256,41.68564920273349,0.8841807681096049,-25.047744064589022,-0.05705636461182009,GC	humbled_trader_breakout_pullback	humbled_trader_breakout_pullback|ny|range=48|entry=150|rr=1.5|sl_atr=1|tp_atr=1.5|threshold=0.1|adx_max=none|adx_min=none|rsi2=none|trend=both|max_bars=20|one_trade=0
futures,RTY,rayner_teo_first_pullback,rayner_teo_first_pullback|ny|range=15|entry=150|rr=1.5|sl_atr=1|tp_atr=1.5|threshold=0.15|adx_max=none|adx_min=none|rsi2=none|trend=both|max_bars=40|one_trade=1,ny,15,150,1.5,1.0,1.5,0.15,,,,both,40,True,0.1,3.0,1,-18.532044555425898,428,191,237,44.626168224299064,0.9304313638421204,-556.936595232694,-1.3012537271791915,428,1626,1.0,0.26322263222632225,1.8425584255842558,424,186,238,43.86792452830189,0.8951993178837403,-1024.5087743824897,-2.416294279203985,424,1568,1.0,0.27040816326530615,1.892857142857143,428,0.0,0.0,100.0,0.0,0.0,-9.447442235767085,428,0.0,0.0,100.0,0.0,0.0,-7.464279591869854,424,0.0,0.0,100.0,0.0,0.0,-10.630692240927601,424,0.0,0.0,100.0,0.0,0.0,-14.11228820920951,428,191,237,44.626168224299064,0.9664013355788115,-7.530863838038719,-0.017595476257099812,424,186,238,43.86792452830189,0.9584296422250832,-9.126955498415104,-0.021525838439658263,RTY	rayner_teo_first_pullback	rayner_teo_first_pullback|ny|range=15|entry=150|rr=1.5|sl_atr=1|tp_atr=1.5|threshold=0.15|adx_max=none|adx_min=none|rsi2=none|trend=both|max_bars=40|one_trade=1
futures,CL,claytrader_sr_rejection,claytrader_sr_rejection|ny|range=15|entry=150|rr=1.5|sl_atr=1|tp_atr=1.5|threshold=0.05|adx_max=none|adx_min=none|rsi2=none|trend=all|max_bars=16|one_trade=1,ny,15,150,1.5,1.0,1.5,0.05,,,,all,16,True,0.01,3.0,4,-16.89910514607024,1094,509,585,46.52650822669104,0.8972627383935469,-7834.026238657758,-7.160901497859011,1094,4220,1.0,0.25924170616113745,1.8146919431279622,422,199,223,47.1563981042654,1.006682500296702,260.32583497966925,0.6168858648807328,422,1569,1.0,0.26896112173358827,1.8827278521351178,1094,0.0,0.0,100.0,0.0,0.0,-26.380718590786273,1094,0.0,0.0,100.0,0.0,0.0,-28.83931947801466,422,0.0,0.0,100.0,0.0,0.0,-3.9478624064286123,422,0.0,0.0,100.0,0.0,0.0,2.01254953040916,1094,509,585,46.52650822669104,0.836109899460278,-91.01336032374057,-0.08319319956466231,422,199,223,47.1563981042654,0.8934554434318018,-22.41893136665987,-0.053125429778814855,CL	claytrader_sr_rejection	claytrader_sr_rejection|ny|range=15|entry=150|rr=1.5|sl_atr=1|tp_atr=1.5|threshold=0.05|adx_max=none|adx_min=none|rsi2=none|trend=all|max_bars=16|one_trade=1
futures,NQ,rayner_teo_first_pullback,rayner_teo_first_pullback|ny|range=15|entry=150|rr=1.5|sl_atr=1|tp_atr=1.5|threshold=0.15|adx_max=none|adx_min=none|rsi2=none|trend=both|max_bars=40|one_trade=1,ny,15,150,1.5,1.0,1.5,0.15,,,,both,40,True,0.25,3.0,5,-13.402579891966724,1135,516,619,45.4625550660793,1.1540961065334792,16088.556511684184,14.174939657871528,1134,4221,1.0008818342151675,0.2688936271025823,1.882255389718076,419,196,223,46.77804295942721,1.1605852016178702,19845.08347943509,47.36296773134866,418,1566,1.0023923444976077,0.26756066411238827,1.872924648786718,1134,0.0,0.0,100.0,0.0,0.0,-7.921835281398671,1134,0.0,0.0,100.0,0.0,0.0,-15.037984184018569,418,0.0,0.0,100.0,0.0,0.0,-21.156572192921885,418,0.0,0.0,100.0,0.0,0.0,-24.817390815696854,1136,516,620,45.42253521126761,1.0123506558438597,7.280012021429766,0.006408461286469864,452,210,242,46.46017699115044,1.134701842444029,30.86459053999795,0.0682844923451282,NQ	rayner_teo_first_pullback	rayner_teo_first_pullback|ny|range=15|entry=150|rr=1.5|sl_atr=1|tp_atr=1.5|threshold=0.15|adx_max=none|adx_min=none|rsi2=none|trend=both|max_bars=40|one_trade=1
futures,ES,rayner_teo_first_pullback,rayner_teo_first_pullback|ny|range=15|entry=150|rr=1.5|sl_atr=1|tp_atr=1.5|threshold=0.15|adx_max=none|adx_min=none|rsi2=none|trend=both|max_bars=40|one_trade=1,ny,15,150,1.5,1.0,1.5,0.15,,,,both,40,True,0.25,3.0,6,-18.898726627852277,1000,417,583,41.699999999999996,0.8294187813078157,-16909.31383404398,-16.90931383404398,1000,4219,1.0,0.23702299123014933,1.6591609386110453,415,181,234,43.6144578313253,0.9740192586748976,-2386.0053331659583,-5.749410441363755,414,1566,1.002415458937198,0.26500638569604085,1.8550446998722858,1000,0.0,0.0,100.0,0.0,0.0,-62.54078509431565,1000,0.0,0.0,100.0,0.0,0.0,-64.01964103560022,414,0.0,0.0,100.0,0.0,0.0,-83.71705121075502,414,0.0,0.0,100.0,0.0,0.0,-60.11965200253326,1003,418,585,41.67497507477567,0.7374933708191971,-143.3742180723629,-0.14294538192658315,421,182,239,43.23040380047506,0.9225660917023726,-17.817301807437037,-0.04232138196540864,ES	rayner_teo_first_pullback	rayner_teo_first_pullback|ny|range=15|entry=150|rr=1.5|sl_atr=1|tp_atr=1.5|threshold=0.15|adx_max=none|adx_min=none|rsi2=none|trend=both|max_bars=40|one_trade=1
futures,GC,ricky_gutierrez_breakout_pullback,ricky_gutierrez_breakout_pullback|ny|range=48|entry=150|rr=1.5|sl_atr=1|tp_atr=1.5|threshold=0.12|adx_max=none|adx_min=none|rsi2=none|trend=both|max_bars=20|one_trade=0,ny,48,150,1.5,1.0,1.5,0.12,,,,both,20,False,0.1,3.0,3,-20.360932086849225,750,286,464,38.13333333333333,0.7274852580392078,-11910.835653217042,-15.88111420428939,596,4219,1.2583892617449663,0.177767243422612,1.2443707039582839,412,173,239,41.99029126213592,0.9394843107496537,-2498.0073323360198,-6.063124593048592,298,1562,1.3825503355704698,0.26376440460947503,1.8463508322663253,596,0.0,0.0,100.0,0.0,0.0,-57.438949547024094,596,0.0,0.0,100.0,0.0,0.0,-61.33896935242228,298,0.0,0.0,100.0,0.0,0.0,-46.06900814043911,298,0.0,0.0,100.0,0.0,0.0,-59.339961749901704,750,286,464,38.13333333333333,0.669003088176098,-134.35910647335027,-0.17914547529780037,413,173,240,41.88861985472155,0.8869276927801566,-22.815195396391438,-0.055242603865354574,GC	ricky_gutierrez_breakout_pullback	ricky_gutierrez_breakout_pullback|ny|range=48|entry=150|rr=1.5|sl_atr=1|tp_atr=1.5|threshold=0.12|adx_max=none|adx_min=none|rsi2=none|trend=both|max_bars=20|one_trade=0
futures,YM,steven_dux_gap_up_short,steven_dux_gap_up_short|ny|range=15|entry=150|rr=1|sl_atr=1|tp_atr=1.5|threshold=2|adx_max=none|adx_min=none|rsi2=none|trend=short_only|max_bars=12|one_trade=0,ny,15,150,1.0,1.0,1.5,2.0,,,,short_only,12,False,1.0,3.0,1,-21.01956701617165,1259,596,663,47.33915806195393,0.6985000671122258,-2722.767633905558,-2.1626430769702605,922,4215,1.3655097613882863,0.29869513641755635,2.0908659549228945,412,179,233,43.44660194174757,0.6998621848315907,-1781.7553597799379,-4.324648931504703,315,1569,1.307936507936508,0.2625876354365838,1.8381134480560868,922,0.0,0.0,100.0,0.0,0.0,-5.9802118616353255,922,0.0,0.0,100.0,0.0,0.0,-6.715670852012408,315,0.0,0.0,100.0,0.0,0.0,-13.697823269991204,315,0.0,0.0,100.0,0.0,0.0,-12.315821066265926,1259,596,663,47.33915806195393,0.628504406461457,-244.74978695768402,-0.19440014849696904,412,179,233,43.44660194174757,0.6492830911039809,-81.7170397727725,-0.1983423295455643,YM	steven_dux_gap_up_short	steven_dux_gap_up_short|ny|range=15|entry=150|rr=1|sl_atr=1|tp_atr=1.5|threshold=2|adx_max=none|adx_min=none|rsi2=none|trend=short_only|max_bars=12|one_trade=0
futures,ES,steven_dux_gap_up_short,steven_dux_gap_up_short|ny|range=15|entry=150|rr=1|sl_atr=1|tp_atr=1.5|threshold=2|adx_max=none|adx_min=none|rsi2=none|trend=short_only|max_bars=12|one_trade=0,ny,15,150,1.0,1.0,1.5,2.0,,,,short_only,12,False,0.25,3.0,1,-22.15268566088171,1273,576,697,45.247446975648074,0.5326005343301152,-5534.941483899767,-4.347950890730375,919,4215,1.3852013057671382,0.30201660735468566,2.1141162514827996,411,178,233,43.30900243309003,0.6206236435844427,-3069.2280385458866,-7.4677081229826925,298,1568,1.3791946308724832,0.26211734693877553,1.8348214285714288,919,0.0,0.0,100.0,0.0,0.0,-12.43617110575724,919,0.0,0.0,100.0,0.0,0.0,-12.875707801969838,298,0.0,0.0,100.0,0.0,0.0,-21.752414509923256,298,0.0,0.0,100.0,0.0,0.0,-23.317730190778093,1273,576,697,45.247446975648074,0.40920696805243467,-401.27791643432295,-0.3152222438604265,411,178,233,43.30900243309003,0.5648478465303548,-100.81519472629856,-0.2452924445895342,ES	steven_dux_gap_up_short	steven_dux_gap_up_short|ny|range=15|entry=150|rr=1|sl_atr=1|tp_atr=1.5|threshold=2|adx_max=none|adx_min=none|rsi2=none|trend=short_only|max_bars=12|one_trade=0
futures,YM,rayner_teo_first_pullback,rayner_teo_first_pullback|ny|range=15|entry=150|rr=1.5|sl_atr=1|tp_atr=1.5|threshold=0.15|adx_max=none|adx_min=none|rsi2=none|trend=both|max_bars=40|one_trade=1,ny,15,150,1.5,1.0,1.5,0.15,,,,both,40,True,1.0,3.0,3,-18.696667172768684,1021,437,584,42.80117531831537,0.9549344928479827,-1839.357088855736,-1.8015250625423467,1021,4218,1.0,0.24205784732100522,1.6944049312470364,409,179,230,43.76528117359413,0.976113493882019,-755.0081347900232,-1.8459856596333084,409,1568,1.0,0.26084183673469385,1.825892857142857,1021,0.0,0.0,100.0,0.0,0.0,-2.4586949286604067,1021,0.0,0.0,100.0,0.0,0.0,-5.23150652453478,409,0.0,0.0,100.0,0.0,0.0,-8.539890699728858,409,0.0,0.0,100.0,0.0,0.0,-0.2323821972240694,1022,437,585,42.759295499021526,0.9069146126314139,-51.787603035885304,-0.050672801404975834,409,179,230,43.76528117359413,1.0275765438099447,5.883624468261034,0.014385389897948738,YM	rayner_teo_first_pullback	rayner_teo_first_pullback|ny|range=15|entry=150|rr=1.5|sl_atr=1|tp_atr=1.5|threshold=0.15|adx_max=none|adx_min=none|rsi2=none|trend=both|max_bars=40|one_trade=1
futures,NQ,steven_dux_gap_up_short,steven_dux_gap_up_short|ny|range=15|entry=150|rr=1|sl_atr=1|tp_atr=1.5|threshold=2|adx_max=none|adx_min=none|rsi2=none|trend=short_only|max_bars=12|one_trade=0,ny,15,150,1.0,1.0,1.5,2.0,,,,short_only,12,False,0.25,3.0,1,-19.605350661964422,1305,613,692,46.97318007662835,0.8620205098892824,-1817.754513833071,-1.3929153362705526,963,4221,1.355140186915888,0.3091684434968017,2.164179104477612,407,183,224,44.96314496314496,0.8164272266869453,-2562.1416049404143,-6.295188218526817,312,1569,1.3044871794871795,0.2594008922880816,1.8158062460165714,963,0.0,0.0,100.0,0.0,0.0,-5.419805397221353,963,0.0,0.0,100.0,0.0,0.0,-5.159327402201598,312,0.0,0.0,100.0,0.0,0.0,-15.322039110389596,312,0.0,0.0,100.0,0.0,0.0,-11.745129612318124,1305,613,692,46.97318007662835,0.6738709142783884,-223.56355369141372,-0.17131306796276913,407,183,224,44.96314496314496,0.7701148240913067,-51.32805756091355,-0.12611316354032814,NQ	steven_dux_gap_up_short	steven_dux_gap_up_short|ny|range=15|entry=150|rr=1|sl_atr=1|tp_atr=1.5|threshold=2|adx_max=none|adx_min=none|rsi2=none|trend=short_only|max_bars=12|one_trade=0
futures,RTY,dan_mcdermitt_ema_rider,dan_mcdermitt_ema_rider|ny|range=15|entry=150|rr=1.5|sl_atr=1|tp_atr=1.5|threshold=0.05|adx_max=none|adx_min=none|rsi2=none|trend=both|max_bars=32|one_trade=1,ny,15,150,1.5,1.0,1.5,0.05,,,,both,32,True,0.1,3.0,1,-19.140354283248755,458,201,257,43.88646288209607,0.9213039592853546,-806.1430005050364,-1.7601375556878525,458,1619,1.0,0.28289067325509576,1.9802347127856703,402,179,223,44.527363184079604,0.9095344413573236,-1021.3076605237034,-2.5405663197107047,402,1569,1.0,0.25621414913957935,1.7934990439770555,458,0.0,0.0,100.0,0.0,0.0,-5.108059480371594,458,0.0,0.0,100.0,0.0,0.0,-5.108059480371594,402,0.0,0.0,100.0,0.0,0.0,-10.8191020070808,402,0.0,0.0,100.0,0.0,0.0,-11.070680207791156,458,201,257,43.88646288209607,0.9429294991573448,-13.199114791826531,-0.02881902792975225,402,179,223,44.527363184079604,0.9645815286068304,-7.006475252894288,-0.01742904291764748,RTY	dan_mcdermitt_ema_rider	dan_mcdermitt_ema_rider|ny|range=15|entry=150|rr=1.5|sl_atr=1|tp_atr=1.5|threshold=0.05|adx_max=none|adx_min=none|rsi2=none|trend=both|max_bars=32|one_trade=1
futures,GC,claytrader_sr_rejection,claytrader_sr_rejection|ny|range=15|entry=150|rr=1.5|sl_atr=1|tp_atr=1.5|threshold=0.05|adx_max=none|adx_min=none|rsi2=none|trend=all|max_bars=16|one_trade=1,ny,15,150,1.5,1.0,1.5,0.05,,,,all,16,True,0.1,3.0,1,-20.38535184024262,922,401,521,43.49240780911063,0.7773458195459406,-3535.385134375707,-3.8344741153749533,922,4225,1.0,0.21822485207100592,1.5275739644970414,399,180,219,45.11278195488722,0.8603643701500526,-1882.8622823677888,-4.718953088641075,399,1562,1.0,0.2554417413572343,1.78809218950064,922,0.0,0.0,100.0,0.0,0.0,-13.220729576292797,922,0.0,0.0,100.0,0.0,0.0,-13.677971450066252,399,0.0,0.0,100.0,0.0,0.0,-13.095132152811857,399,0.0,0.0,100.0,0.0,0.0,-16.175836065784097,922,401,521,43.49240780911063,0.7213720613096295,-128.981539996168,-0.13989321040799133,399,180,219,45.11278195488722,0.778403621975896,-44.57127264489027,-0.11170745023782024,GC	claytrader_sr_rejection	claytrader_sr_rejection|ny|range=15|entry=150|rr=1.5|sl_atr=1|tp_atr=1.5|threshold=0.05|adx_max=none|adx_min=none|rsi2=none|trend=all|max_bars=16|one_trade=1
futures,RTY,steven_dux_gap_up_short,steven_dux_gap_up_short|ny|range=15|entry=150|rr=1|sl_atr=1|tp_atr=1.5|threshold=2|adx_max=none|adx_min=none|rsi2=none|trend=short_only|max_bars=12|one_trade=0,ny,15,150,1.0,1.0,1.5,2.0,,,,short_only,12,False,0.1,3.0,1,-22.13170910746474,526,227,299,43.155893536121674,0.6761710405008657,-1758.7872941767105,-3.3437020801838604,384,1627,1.3697916666666667,0.32329440688383526,2.263060848186847,386,173,213,44.81865284974093,0.7316051362119144,-1361.6522712191286,-3.5275965575625094,300,1569,1.2866666666666666,0.24601657106437222,1.7221159974506055,384,0.0,0.0,100.0,0.0,0.0,-11.824140495802567,384,0.0,0.0,100.0,0.0,0.0,-11.087764250391047,300,0.0,0.0,100.0,0.0,0.0,-7.065972397882433,300,0.0,0.0,100.0,0.0,0.0,-8.642774774547433,526,227,299,43.155893536121674,0.5999907898246654,-119.09807481033485,-0.22642219545691036,386,173,213,44.81865284974093,0.6869799063116034,-66.67327995562846,-0.17272870454826025,RTY	steven_dux_gap_up_short	steven_dux_gap_up_short|ny|range=15|entry=150|rr=1|sl_atr=1|tp_atr=1.5|threshold=2|adx_max=none|adx_min=none|rsi2=none|trend=short_only|max_bars=12|one_trade=0
futures,GC,steven_dux_gap_up_short,steven_dux_gap_up_short|ny|range=15|entry=150|rr=1|sl_atr=1|tp_atr=1.5|threshold=2|adx_max=none|adx_min=none|rsi2=none|trend=short_only|max_bars=12|one_trade=0,ny,15,150,1.0,1.0,1.5,2.0,,,,short_only,12,False,0.1,3.0,4,-20.04405347212484,1058,509,549,48.109640831758036,0.6688279631563762,-18898.9968289662,-17.86294596310605,729,4215,1.4513031550068587,0.25100830367734284,1.7570581257413997,378,187,191,49.47089947089947,0.9929216290824544,-233.31435031367255,-0.6172337309885517,268,1562,1.4104477611940298,0.24199743918053776,1.6939820742637643,729,0.0,0.0,100.0,0.0,0.0,-40.02056116159656,729,0.0,0.0,100.0,0.0,0.0,-44.063482311641565,268,0.0,0.0,100.0,0.0,0.0,-4.275701829312311,268,0.0,0.0,100.0,0.0,0.0,-9.599339803331532,1058,509,549,48.109640831758036,0.6431027025982482,-192.25964733559303,-0.18171989351190268,381,187,194,49.08136482939632,0.7887749233143594,-40.38481256610102,-0.10599688337559322,GC	steven_dux_gap_up_short	steven_dux_gap_up_short|ny|range=15|entry=150|rr=1|sl_atr=1|tp_atr=1.5|threshold=2|adx_max=none|adx_min=none|rsi2=none|trend=short_only|max_bars=12|one_trade=0
futures,CL,steven_dux_gap_up_short,steven_dux_gap_up_short|ny|range=15|entry=150|rr=1|sl_atr=1|tp_atr=1.5|threshold=2|adx_max=none|adx_min=none|rsi2=none|trend=short_only|max_bars=12|one_trade=0,ny,15,150,1.0,1.0,1.5,2.0,,,,short_only,12,False,0.01,3.0,1,-24.07866146207016,1298,575,723,44.29892141756548,0.5990471863685052,-7098.622784494065,-5.468892746143347,904,4222,1.4358407079646018,0.3074372335386073,2.152060634770251,362,170,192,46.96132596685083,0.7428551802622079,-1476.0984205056752,-4.077619946148274,278,1566,1.3021582733812949,0.23116219667943805,1.6181353767560664,904,0.0,0.0,100.0,0.0,0.0,-16.50373205402866,904,0.0,0.0,100.0,0.0,0.0,-17.845533208470442,278,0.0,0.0,100.0,0.0,0.0,-10.031641990273783,278,0.0,0.0,100.0,0.0,0.0,-9.775398823469004,1298,575,723,44.29892141756548,0.5634124480983158,-314.270658618595,-0.24211915147811633,362,170,192,46.96132596685083,0.6756244297564692,-61.849907557245714,-0.17085609822443568,CL	steven_dux_gap_up_short	steven_dux_gap_up_short|ny|range=15|entry=150|rr=1|sl_atr=1|tp_atr=1.5|threshold=2|adx_max=none|adx_min=none|rsi2=none|trend=short_only|max_bars=12|one_trade=0
futures,CL,rayner_teo_first_pullback,rayner_teo_first_pullback|ny|range=15|entry=150|rr=1.5|sl_atr=1|tp_atr=1.5|threshold=0.15|adx_max=none|adx_min=none|rsi2=none|trend=both|max_bars=40|one_trade=1,ny,15,150,1.5,1.0,1.5,0.15,,,,both,40,True,0.01,3.0,6,-24.692615073087804,814,340,474,41.76904176904177,0.8752424744743437,-12987.508702595349,-15.955170396308782,813,4222,1.001230012300123,0.19279962103268594,1.3495973472288016,353,155,198,43.90934844192634,0.9378751349581985,-3142.501058482838,-8.902269287486792,353,1565,1.0,0.22555910543130991,1.5789137380191693,813,0.0,0.0,100.0,0.0,0.0,-66.0,813,0.0,0.0,100.0,0.0,0.0,-60.59387250068539,353,0.0,0.0,100.0,0.0,0.0,-52.967695021798136,353,0.0,0.0,100.0,0.0,0.0,-52.967695021798136,814,340,474,41.76904176904177,0.8408059790784274,-67.81145603641743,-0.08330645704719586,355,155,200,43.66197183098591,0.8572206196893724,-24.946700824020706,-0.07027239668738226,CL	rayner_teo_first_pullback	rayner_teo_first_pullback|ny|range=15|entry=150|rr=1.5|sl_atr=1|tp_atr=1.5|threshold=0.15|adx_max=none|adx_min=none|rsi2=none|trend=both|max_bars=40|one_trade=1
futures,ES,umar_ashraf_level_retest,umar_ashraf_level_retest|ny|range=15|entry=150|rr=1.5|sl_atr=1|tp_atr=1.5|threshold=0.05|adx_max=none|adx_min=none|rsi2=none|trend=all|max_bars=20|one_trade=1,ny,15,150,1.5,1.0,1.5,0.05,,,,all,20,True,0.25,3.0,6,-26.413890987559636,829,333,496,40.168878166465625,0.7647760177224859,-19894.296017159337,-23.997944532158428,829,4225,1.0,0.19621301775147929,1.373491124260355,346,141,205,40.7514450867052,0.9490184382824955,-3984.8116453944613,-11.516796662989773,346,1570,1.0,0.22038216560509555,1.542675159235669,829,0.0,0.0,100.0,0.0,0.0,-78.91027431210387,829,0.0,0.0,100.0,0.0,0.0,-80.20382016481017,346,0.0,0.0,100.0,0.0,0.0,-40.437615166432806,346,0.0,0.0,100.0,0.0,0.0,-38.19798257829825,831,333,498,40.07220216606498,0.6716281934561782,-150.2134131945866,-0.18076223007772152,354,142,212,40.11299435028249,0.818863758593734,-36.448706090435614,-0.10296244658315146,ES	umar_ashraf_level_retest	umar_ashraf_level_retest|ny|range=15|entry=150|rr=1.5|sl_atr=1|tp_atr=1.5|threshold=0.05|adx_max=none|adx_min=none|rsi2=none|trend=all|max_bars=20|one_trade=1
futures,ES,sasha_evdakov_sr_break_retest,sasha_evdakov_sr_break_retest|ny|range=15|entry=150|rr=1.5|sl_atr=1|tp_atr=1.5|threshold=0.05|adx_max=none|adx_min=none|rsi2=none|trend=all|max_bars=24|one_trade=1,ny,15,150,1.5,1.0,1.5,0.05,,,,all,24,True,0.25,3.0,6,-26.565043563898872,829,336,493,40.5307599517491,0.7749687998569849,-19137.36023941674,-23.084873630177007,829,4225,1.0,0.19621301775147929,1.373491124260355,346,140,206,40.46242774566474,0.943273820894728,-4446.089038422201,-12.84996831913931,346,1570,1.0,0.22038216560509555,1.542675159235669,829,0.0,0.0,100.0,0.0,0.0,-78.91027431210387,829,0.0,0.0,100.0,0.0,0.0,-80.19293816172285,346,0.0,0.0,100.0,0.0,0.0,-40.64149657810776,346,0.0,0.0,100.0,0.0,0.0,-35.5476445508757,831,336,495,40.43321299638989,0.6781020119047446,-147.78308046068213,-0.17783764195027935,354,141,213,39.83050847457627,0.8151683424489963,-37.28623468384249,-0.1053283465645268,ES	sasha_evdakov_sr_break_retest	sasha_evdakov_sr_break_retest|ny|range=15|entry=150|rr=1.5|sl_atr=1|tp_atr=1.5|threshold=0.05|adx_max=none|adx_min=none|rsi2=none|trend=all|max_bars=24|one_trade=1
futures,YM,sasha_evdakov_sr_break_retest,sasha_evdakov_sr_break_retest|ny|range=15|entry=150|rr=1.5|sl_atr=1|tp_atr=1.5|threshold=0.05|adx_max=none|adx_min=none|rsi2=none|trend=all|max_bars=24|one_trade=1,ny,15,150,1.5,1.0,1.5,0.05,,,,all,24,True,1.0,3.0,1,-27.593788746454646,796,327,469,41.08040201005025,0.9110082175664143,-941.1319549770224,-1.1823265766042994,796,4225,1.0,0.18840236686390532,1.3188165680473372,343,135,208,39.35860058309038,0.8132902165065404,-1967.9226615684602,-5.737383852969272,343,1562,1.0,0.21959026888604352,1.5371318822023046,796,0.0,0.0,100.0,0.0,0.0,-6.8390775444568135,796,0.0,0.0,100.0,0.0,0.0,-6.035445084024104,343,0.0,0.0,100.0,0.0,0.0,-19.494065001796116,343,0.0,0.0,100.0,0.0,0.0,-23.81635786574043,796,327,469,41.08040201005025,0.7927533644356867,-91.34210527398157,-0.11475138853515274,343,135,208,39.35860058309038,0.7830803861034724,-42.4951553142176,-0.1238925810910134,YM	sasha_evdakov_sr_break_retest	sasha_evdakov_sr_break_retest|ny|range=15|entry=150|rr=1.5|sl_atr=1|tp_atr=1.5|threshold=0.05|adx_max=none|adx_min=none|rsi2=none|trend=all|max_bars=24|one_trade=1
futures,YM,umar_ashraf_level_retest,umar_ashraf_level_retest|ny|range=15|entry=150|rr=1.5|sl_atr=1|tp_atr=1.5|threshold=0.05|adx_max=none|adx_min=none|rsi2=none|trend=all|max_bars=20|one_trade=1,ny,15,150,1.5,1.0,1.5,0.05,,,,all,20,True,1.0,3.0,1,-27.961319124534146,796,326,470,40.95477386934673,0.924405787271313,-784.2973777431989,-0.9852982132452248,796,4225,1.0,0.18840236686390532,1.3188165680473372,343,132,211,38.48396501457726,0.7942627925318284,-2168.982689373901,-6.323564692052189,343,1562,1.0,0.21959026888604352,1.5371318822023046,796,0.0,0.0,100.0,0.0,0.0,-6.8390775444568135,796,0.0,0.0,100.0,0.0,0.0,-5.719934216409456,343,0.0,0.0,100.0,0.0,0.0,-22.59141736199672,343,0.0,0.0,100.0,0.0,0.0,-26.284678954878473,796,326,470,40.95477386934673,0.793339801785206,-90.25985317819683,-0.11339177534949352,343,132,211,38.48396501457726,0.7717209934521603,-44.763052165008204,-0.1305045252624146,YM	umar_ashraf_level_retest	umar_ashraf_level_retest|ny|range=15|entry=150|rr=1.5|sl_atr=1|tp_atr=1.5|threshold=0.05|adx_max=none|adx_min=none|rsi2=none|trend=all|max_bars=20|one_trade=1
futures,NQ,umar_ashraf_level_retest,umar_ashraf_level_retest|ny|range=15|entry=150|rr=1.5|sl_atr=1|tp_atr=1.5|threshold=0.05|adx_max=none|adx_min=none|rsi2=none|trend=all|max_bars=20|one_trade=1,ny,15,150,1.5,1.0,1.5,0.05,,,,all,20,True,0.25,3.0,1,-27.962294610942955,773,314,459,40.620957309184995,0.7701585459054688,-4229.2790513032205,-5.471253623936896,773,4224,1.0,0.18300189393939395,1.2810132575757576,325,137,188,42.15384615384615,0.9373413241115636,-1440.4680336977399,-4.432209334454584,325,1568,1.0,0.2072704081632653,1.4508928571428572,773,0.0,0.0,100.0,0.0,0.0,-11.57619394485664,773,0.0,0.0,100.0,0.0,0.0,-11.622384108428378,325,0.0,0.0,100.0,0.0,0.0,-32.23846016965399,325,0.0,0.0,100.0,0.0,0.0,-33.80200294901442,773,314,459,40.620957309184995,0.792634287212328,-88.65501730756498,-0.11468954373553036,325,137,188,42.15384615384615,0.8874654483424999,-20.052306031621008,-0.06169940317421849,NQ	umar_ashraf_level_retest	umar_ashraf_level_retest|ny|range=15|entry=150|rr=1.5|sl_atr=1|tp_atr=1.5|threshold=0.05|adx_max=none|adx_min=none|rsi2=none|trend=all|max_bars=20|one_trade=1
futures,NQ,sasha_evdakov_sr_break_retest,sasha_evdakov_sr_break_retest|ny|range=15|entry=150|rr=1.5|sl_atr=1|tp_atr=1.5|threshold=0.05|adx_max=none|adx_min=none|rsi2=none|trend=all|max_bars=24|one_trade=1,ny,15,150,1.5,1.0,1.5,0.05,,,,all,24,True,0.25,3.0,1,-27.849520093166994,773,314,459,40.620957309184995,0.777908734903443,-4119.480301948349,-5.329211257371732,773,4224,1.0,0.18300189393939395,1.2810132575757576,325,139,186,42.769230769230774,0.9320467454302196,-1555.9680336977399,-4.7875939498391995,325,1568,1.0,0.2072704081632653,1.4508928571428572,773,0.0,0.0,100.0,0.0,0.0,-11.505156052080565,773,0.0,0.0,100.0,0.0,0.0,-11.600017855496844,325,0.0,0.0,100.0,0.0,0.0,-32.23846016965399,325,0.0,0.0,100.0,0.0,0.0,-34.99572727974737,773,314,459,40.620957309184995,0.7952171642331662,-88.59679583567117,-0.11461422488443877,325,139,186,42.769230769230774,0.887004198205527,-20.105443631057867,-0.061862903480178054,NQ	sasha_evdakov_sr_break_retest	sasha_evdakov_sr_break_retest|ny|range=15|entry=150|rr=1.5|sl_atr=1|tp_atr=1.5|threshold=0.05|adx_max=none|adx_min=none|rsi2=none|trend=all|max_bars=24|one_trade=1
futures,GC,rayner_teo_first_pullback,rayner_teo_first_pullback|ny|range=15|entry=150|rr=1.5|sl_atr=1|tp_atr=1.5|threshold=0.15|adx_max=none|adx_min=none|rsi2=none|trend=both|max_bars=40|one_trade=1,ny,15,150,1.5,1.0,1.5,0.15,,,,both,40,True,0.1,3.0,3,-28.502757316394586,639,257,382,40.21909233176839,0.7279430867273254,-10294.112289839253,-16.109721893332164,639,4219,1.0,0.1514576913960654,1.0602038397724578,318,142,176,44.65408805031446,0.920740412040129,-2650.0614548896688,-8.33352658770336,318,1554,1.0,0.20463320463320464,1.4324324324324325,639,0.0,0.0,100.0,0.0,0.0,-46.40008982307336,639,0.0,0.0,100.0,0.0,0.0,-48.08665642639971,318,0.0,0.0,100.0,0.0,0.0,-2.606491317957989,318,0.0,0.0,100.0,0.0,0.0,-11.38881463756843,639,257,382,40.21909233176839,0.7378069177338975,-87.21385859940958,-0.13648491173616523,321,142,179,44.23676012461059,0.9406135868827467,-9.205419584973395,-0.02867731957935637,GC	rayner_teo_first_pullback	rayner_teo_first_pullback|ny|range=15|entry=150|rr=1.5|sl_atr=1|tp_atr=1.5|threshold=0.15|adx_max=none|adx_min=none|rsi2=none|trend=both|max_bars=40|one_trade=1
futures,RTY,sasha_evdakov_sr_break_retest,sasha_evdakov_sr_break_retest|ny|range=15|entry=150|rr=1.5|sl_atr=1|tp_atr=1.5|threshold=0.05|adx_max=none|adx_min=none|rsi2=none|trend=all|max_bars=24|one_trade=1,ny,15,150,1.5,1.0,1.5,0.05,,,,all,24,True,0.1,3.0,5,-26.705610382724004,324,131,193,40.4320987654321,0.7234019468246142,-9185.816690893378,-28.351286083004254,324,1630,1.0,0.19877300613496932,1.3914110429447852,315,144,171,45.714285714285715,1.0316932181539145,1221.9485610842803,3.8792017812199373,315,1546,1.0,0.203751617076326,1.426261319534282,324,0.0,0.0,100.0,0.0,0.0,-56.51897258046665,324,0.0,0.0,100.0,0.0,0.0,-72.20034461343312,315,0.0,0.0,100.0,0.0,0.0,-19.038160025447723,315,0.0,0.0,100.0,0.0,0.0,-5.0,324,131,193,40.4320987654321,0.8087777379740302,-33.03185027082907,-0.10195015515687984,315,144,171,45.714285714285715,1.0574634541196613,8.826963541530938,0.028022106481050597,RTY	sasha_evdakov_sr_break_retest	sasha_evdakov_sr_break_retest|ny|range=15|entry=150|rr=1.5|sl_atr=1|tp_atr=1.5|threshold=0.05|adx_max=none|adx_min=none|rsi2=none|trend=all|max_bars=24|one_trade=1
futures,RTY,umar_ashraf_level_retest,umar_ashraf_level_retest|ny|range=15|entry=150|rr=1.5|sl_atr=1|tp_atr=1.5|threshold=0.05|adx_max=none|adx_min=none|rsi2=none|trend=all|max_bars=20|one_trade=1,ny,15,150,1.5,1.0,1.5,0.05,,,,all,20,True,0.1,3.0,5,-26.80569737407219,324,132,192,40.74074074074074,0.7326113799051635,-8802.930482662909,-27.169538526737373,324,1630,1.0,0.19877300613496932,1.3914110429447852,315,145,170,46.03174603174603,1.0163954639340893,627.473449047653,1.9919792033258827,315,1546,1.0,0.203751617076326,1.426261319534282,324,0.0,0.0,100.0,0.0,0.0,-57.94940099211817,324,0.0,0.0,100.0,0.0,0.0,-73.06216978118755,315,0.0,0.0,100.0,0.0,0.0,-30.341983795762644,315,0.0,0.0,100.0,0.0,0.0,-9.892273986828513,324,132,192,40.74074074074074,0.8144730876595719,-31.841325399993423,-0.09827569567899204,315,145,170,46.03174603174603,1.0516498434441823,7.878978982783177,0.025012631691375162,RTY	umar_ashraf_level_retest	umar_ashraf_level_retest|ny|range=15|entry=150|rr=1.5|sl_atr=1|tp_atr=1.5|threshold=0.05|adx_max=none|adx_min=none|rsi2=none|trend=all|max_bars=20|one_trade=1
futures,CL,umar_ashraf_level_retest,umar_ashraf_level_retest|ny|range=15|entry=150|rr=1.5|sl_atr=1|tp_atr=1.5|threshold=0.05|adx_max=none|adx_min=none|rsi2=none|trend=all|max_bars=20|one_trade=1,ny,15,150,1.5,1.0,1.5,0.05,,,,all,20,True,0.01,3.0,1,-31.26430831816929,766,322,444,42.03655352480418,0.9260911398954245,-1094.6000387766067,-1.4289817738597999,766,4222,1.0,0.1814306016106111,1.2700142112742776,308,123,185,39.935064935064936,0.7724663700723944,-1973.3049453164808,-6.406834238040522,308,1570,1.0,0.1961783439490446,1.3732484076433122,766,0.0,0.0,100.0,0.0,0.0,-9.914077099041606,766,0.0,0.0,100.0,0.0,0.0,-9.029589470032079,308,0.0,0.0,100.0,0.0,0.0,-15.715014378656633,308,0.0,0.0,100.0,0.0,0.0,-11.267100248915085,766,322,444,42.03655352480418,0.8275255089999118,-68.52409124688701,-0.08945703818131463,308,123,185,39.935064935064936,0.7572945522290647,-40.851742711775216,-0.13263552828498446,CL	umar_ashraf_level_retest	umar_ashraf_level_retest|ny|range=15|entry=150|rr=1.5|sl_atr=1|tp_atr=1.5|threshold=0.05|adx_max=none|adx_min=none|rsi2=none|trend=all|max_bars=20|one_trade=1
futures,CL,sasha_evdakov_sr_break_retest,sasha_evdakov_sr_break_retest|ny|range=15|entry=150|rr=1.5|sl_atr=1|tp_atr=1.5|threshold=0.05|adx_max=none|adx_min=none|rsi2=none|trend=all|max_bars=24|one_trade=1,ny,15,150,1.5,1.0,1.5,0.05,,,,all,24,True,0.01,3.0,1,-31.373311755169944,766,323,443,42.16710182767624,0.9233169551771673,-1138.6000387766107,-1.4864230271235128,766,4222,1.0,0.1814306016106111,1.2700142112742776,308,122,186,39.61038961038961,0.7700702009125914,-1997.3049453164826,-6.484756315962606,308,1570,1.0,0.1961783439490446,1.3732484076433122,766,0.0,0.0,100.0,0.0,0.0,-10.07084676942759,766,0.0,0.0,100.0,0.0,0.0,-9.029589470032079,308,0.0,0.0,100.0,0.0,0.0,-15.715014378656633,308,0.0,0.0,100.0,0.0,0.0,-11.267100248915085,766,323,443,42.16710182767624,0.8272464876584074,-68.67130263616734,-0.0896492201516545,308,122,186,39.61038961038961,0.7559474261335977,-41.12560091742471,-0.13352467830332698,CL	sasha_evdakov_sr_break_retest	sasha_evdakov_sr_break_retest|ny|range=15|entry=150|rr=1.5|sl_atr=1|tp_atr=1.5|threshold=0.05|adx_max=none|adx_min=none|rsi2=none|trend=all|max_bars=24|one_trade=1
futures,ES,tori_trendline_break,tori_trendline_break|ny|range=192|entry=150|rr=1.5|sl_atr=1|tp_atr=1.5|threshold=0.6|adx_max=none|adx_min=none|rsi2=none|trend=all|max_bars=32|one_trade=1,ny,192,150,1.5,1.0,1.5,0.6,,,,all,32,True,0.25,3.0,1,-28.75278090512743,926,398,528,42.98056155507559,0.9224477729601892,-1475.625,-1.593547516198704,926,4219,1.0,0.21948328987911828,1.5363830291538279,305,135,170,44.26229508196721,0.9331099724083564,-1060.625,-3.4774590163934427,305,1568,1.0,0.19451530612244897,1.3616071428571428,926,0.0,0.0,100.0,0.0,0.0,-3.75,926,0.0,0.0,100.0,0.0,0.0,-5.0,305,0.0,0.0,100.0,0.0,0.0,-16.25,305,0.0,0.0,100.0,0.0,0.0,-16.875,926,398,528,42.98056155507559,0.8286088766299103,-78.01927453320175,-0.08425407616976431,305,135,170,44.26229508196721,0.8956184777126568,-15.673889064373974,-0.05138980021106221,ES	tori_trendline_break	tori_trendline_break|ny|range=192|entry=150|rr=1.5|sl_atr=1|tp_atr=1.5|threshold=0.6|adx_max=none|adx_min=none|rsi2=none|trend=all|max_bars=32|one_trade=1
futures,ES,humbled_trader_vwap_reclaim,humbled_trader_vwap_reclaim|ny|range=15|entry=150|rr=1.5|sl_atr=1|tp_atr=1.5|threshold=0.75|adx_max=none|adx_min=none|rsi2=none|trend=all|max_bars=16|one_trade=1,ny,15,150,1.5,1.0,1.5,0.75,,,,all,16,True,0.25,3.0,1,-34.55687912046882,788,332,456,42.13197969543147,0.8796471697248601,-1814.951821662487,-2.3032383523635622,788,4222,1.0,0.18664140217906205,1.3064898152534343,282,107,175,37.94326241134752,0.7656494563750335,-3308.5334373256933,-11.732388075623026,282,1568,1.0,0.1798469387755102,1.2589285714285714,788,0.0,0.0,100.0,0.0,0.0,-8.31864008087723,788,0.0,0.0,100.0,0.0,0.0,-8.038722727418644,282,0.0,0.0,100.0,0.0,0.0,-38.378058902664634,282,0.0,0.0,100.0,0.0,0.0,-40.00047536750935,788,332,456,42.13197969543147,0.7764708067322488,-82.90825158516466,-0.10521351724005668,282,107,175,37.94326241134752,0.7452047693626438,-37.08121052991528,-0.1314936543614017,ES	humbled_trader_vwap_reclaim	humbled_trader_vwap_reclaim|ny|range=15|entry=150|rr=1.5|sl_atr=1|tp_atr=1.5|threshold=0.75|adx_max=none|adx_min=none|rsi2=none|trend=all|max_bars=16|one_trade=1
futures,CL,tori_trendline_break,tori_trendline_break|ny|range=192|entry=150|rr=1.5|sl_atr=1|tp_atr=1.5|threshold=0.6|adx_max=none|adx_min=none|rsi2=none|trend=all|max_bars=32|one_trade=1,ny,192,150,1.5,1.0,1.5,0.6,,,,all,32,True,0.01,3.0,1,-33.25280029545259,760,320,440,42.10526315789473,0.8085028716051775,-3934.5000000000227,-5.176973684210556,760,4221,1.0,0.18005212035062781,1.2603648424543947,273,115,158,42.124542124542124,0.8802283289553461,-1185.499999999986,-4.342490842490791,273,1555,1.0,0.17556270096463023,1.2289389067524117,760,0.0,0.0,100.0,0.0,0.0,-16.25,760,0.0,0.0,100.0,0.0,0.0,-19.5,273,0.0,0.0,100.0,0.0,0.0,-12.5,273,0.0,0.0,100.0,0.0,0.0,-8.5,760,320,440,42.10526315789473,0.7675646739331897,-81.23598120844821,-0.10688944895848448,273,115,158,42.124542124542124,0.9089494627356716,-10.933132696971029,-0.040048105117109996,CL	tori_trendline_break	tori_trendline_break|ny|range=192|entry=150|rr=1.5|sl_atr=1|tp_atr=1.5|threshold=0.6|adx_max=none|adx_min=none|rsi2=none|trend=all|max_bars=32|one_trade=1
futures,NQ,tori_trendline_break,tori_trendline_break|ny|range=192|entry=150|rr=1.5|sl_atr=1|tp_atr=1.5|threshold=0.6|adx_max=none|adx_min=none|rsi2=none|trend=all|max_bars=32|one_trade=1,ny,192,150,1.5,1.0,1.5,0.6,,,,all,32,True,0.25,3.0,1,-27.460438777177053,744,335,409,45.026881720430104,1.1448754986930803,2632.75,3.5386424731182795,744,4212,1.0,0.17663817663817663,1.2364672364672364,275,131,144,47.63636363636364,1.2250778300324567,5097.0,18.534545454545455,275,1567,1.0,0.17549457562220805,1.2284620293554562,744,0.0,0.0,100.0,0.0,0.0,0.375,744,0.0,0.0,100.0,0.0,0.0,-0.5,275,0.0,0.0,100.0,0.0,0.0,26.5,275,0.0,0.0,100.0,0.0,0.0,18.0,744,335,409,45.026881720430104,0.9924764460471769,-2.7394301279260462,-0.0036820297418360837,275,131,144,47.63636363636364,1.1194223694823047,15.085872853909603,0.054857719468762195,NQ	tori_trendline_break	tori_trendline_break|ny|range=192|entry=150|rr=1.5|sl_atr=1|tp_atr=1.5|threshold=0.6|adx_max=none|adx_min=none|rsi2=none|trend=all|max_bars=32|one_trade=1
futures,CL,humbled_trader_vwap_reclaim,humbled_trader_vwap_reclaim|ny|range=15|entry=150|rr=1.5|sl_atr=1|tp_atr=1.5|threshold=0.75|adx_max=none|adx_min=none|rsi2=none|trend=all|max_bars=16|one_trade=1,ny,15,150,1.5,1.0,1.5,0.75,,,,all,16,True,0.01,3.0,3,-29.677086225698304,788,368,420,46.7005076142132,0.9682965312002334,-1777.7449175920256,-2.2560214690254132,788,4215,1.0,0.18695136417556346,1.3086595492289441,265,129,136,48.679245283018865,1.1038488331489373,2659.8932190194414,10.037332901960156,265,1559,1.0,0.1699807568954458,1.1898652982681206,788,0.0,0.0,100.0,0.0,0.0,-5.894870233641996,788,0.0,0.0,100.0,0.0,0.0,-4.469433558682795,265,0.0,0.0,100.0,0.0,0.0,2.186489298226661,265,0.0,0.0,100.0,0.0,0.0,-12.584521837270586,788,368,420,46.7005076142132,0.9730065235112322,-8.625654226562428,-0.010946261708835569,265,129,136,48.679245283018865,1.0772787949000442,8.275283200003749,0.03122748377359905,CL	humbled_trader_vwap_reclaim	humbled_trader_vwap_reclaim|ny|range=15|entry=150|rr=1.5|sl_atr=1|tp_atr=1.5|threshold=0.75|adx_max=none|adx_min=none|rsi2=none|trend=all|max_bars=16|one_trade=1
futures,NQ,humbled_trader_vwap_reclaim,humbled_trader_vwap_reclaim|ny|range=15|entry=150|rr=1.5|sl_atr=1|tp_atr=1.5|threshold=0.75|adx_max=none|adx_min=none|rsi2=none|trend=all|max_bars=16|one_trade=1,ny,15,150,1.5,1.0,1.5,0.75,,,,all,16,True,0.25,3.0,2,-31.02998373429791,712,302,410,42.41573033707865,0.8567388430987892,-5160.642458217493,-7.248093340193108,712,4204,1.0,0.16936251189343482,1.1855375832540438,266,122,144,45.86466165413533,1.0666800241145933,2681.9899756575323,10.082669081419294,266,1570,1.0,0.16942675159235668,1.1859872611464968,712,0.0,0.0,100.0,0.0,0.0,-14.0,712,0.0,0.0,100.0,0.0,0.0,-14.377869294097763,266,0.0,0.0,100.0,0.0,0.0,-46.66301795528125,266,0.0,0.0,100.0,0.0,0.0,-55.68751964277908,712,302,410,42.41573033707865,0.8813631738142548,-39.34892544681081,-0.05526534472866687,267,122,145,45.69288389513109,0.8746816810473476,-14.94473207265883,-0.05597277929834768,NQ	humbled_trader_vwap_reclaim	humbled_trader_vwap_reclaim|ny|range=15|entry=150|rr=1.5|sl_atr=1|tp_atr=1.5|threshold=0.75|adx_max=none|adx_min=none|rsi2=none|trend=all|max_bars=16|one_trade=1
futures,YM,humbled_trader_vwap_reclaim,humbled_trader_vwap_reclaim|ny|range=15|entry=150|rr=1.5|sl_atr=1|tp_atr=1.5|threshold=0.75|adx_max=none|adx_min=none|rsi2=none|trend=all|max_bars=16|one_trade=1,ny,15,150,1.5,1.0,1.5,0.75,,,,all,16,True,1.0,3.0,1,-35.9222037781556,704,313,391,44.46022727272727,0.9069942620562106,-1002.9300095570761,-1.4246164908481196,704,4222,1.0,0.16674561819043107,1.1672193273330176,258,106,152,41.08527131782946,0.758352646715628,-2189.0289534964104,-8.484608346885311,258,1544,1.0,0.16709844559585493,1.1696891191709846,704,0.0,0.0,100.0,0.0,0.0,-1.8383740366261918,704,0.0,0.0,100.0,0.0,0.0,-0.5752286058850586,258,0.0,0.0,100.0,0.0,0.0,-21.672285745007684,258,0.0,0.0,100.0,0.0,0.0,-21.75,704,313,391,44.46022727272727,0.8857256647155749,-35.832495055769975,-0.050898430476945984,258,106,152,41.08527131782946,0.7866160492983153,-27.675954090321408,-0.1072711398849667,YM	humbled_trader_vwap_reclaim	humbled_trader_vwap_reclaim|ny|range=15|entry=150|rr=1.5|sl_atr=1|tp_atr=1.5|threshold=0.75|adx_max=none|adx_min=none|rsi2=none|trend=all|max_bars=16|one_trade=1
futures,GC,sasha_evdakov_sr_break_retest,sasha_evdakov_sr_break_retest|ny|range=15|entry=150|rr=1.5|sl_atr=1|tp_atr=1.5|threshold=0.05|adx_max=none|adx_min=none|rsi2=none|trend=all|max_bars=24|one_trade=1,ny,15,150,1.5,1.0,1.5,0.05,,,,all,24,True,0.1,3.0,3,-30.059094767363582,550,228,322,41.45454545454545,0.8307889172111139,-4994.353490608581,-9.08064271019742,550,4224,1.0,0.13020833333333334,0.9114583333333334,259,119,140,45.94594594594595,1.2451595591654088,5786.768565275663,22.342735773265108,259,1561,1.0,0.16591928251121077,1.1614349775784754,550,0.0,0.0,100.0,0.0,0.0,-16.154333840386244,550,0.0,0.0,100.0,0.0,0.0,-16.68299960533477,259,0.0,0.0,100.0,0.0,0.0,5.046839204194839,259,0.0,0.0,100.0,0.0,0.0,-7.68864909261174,550,228,322,41.45454545454545,0.8082495399709522,-52.0638068606203,-0.09466146701930964,260,119,141,45.76923076923077,1.0272191644211008,3.2163091336735885,0.012370419744898418,GC	sasha_evdakov_sr_break_retest	sasha_evdakov_sr_break_retest|ny|range=15|entry=150|rr=1.5|sl_atr=1|tp_atr=1.5|threshold=0.05|adx_max=none|adx_min=none|rsi2=none|trend=all|max_bars=24|one_trade=1
futures,GC,umar_ashraf_level_retest,umar_ashraf_level_retest|ny|range=15|entry=150|rr=1.5|sl_atr=1|tp_atr=1.5|threshold=0.05|adx_max=none|adx_min=none|rsi2=none|trend=all|max_bars=20|one_trade=1,ny,15,150,1.5,1.0,1.5,0.05,,,,all,20,True,0.1,3.0,3,-30.370419179098832,550,229,321,41.63636363636364,0.824618134511765,-5155.896701505917,-9.374357639101667,550,4224,1.0,0.13020833333333334,0.9114583333333334,259,118,141,45.559845559845556,1.2283021123233417,5349.070381665459,20.65278139639173,259,1561,1.0,0.16591928251121077,1.1614349775784754,550,0.0,0.0,100.0,0.0,0.0,-19.183094931111555,550,0.0,0.0,100.0,0.0,0.0,-21.0,259,0.0,0.0,100.0,0.0,0.0,-5.999999999985448,259,0.0,0.0,100.0,0.0,0.0,-7.68864909261174,550,229,321,41.63636363636364,0.804181881499831,-52.99053924925607,-0.0963464349986474,260,118,142,45.38461538461539,1.0244295906099479,2.868359500690852,0.011032151925734047,GC	umar_ashraf_level_retest	umar_ashraf_level_retest|ny|range=15|entry=150|rr=1.5|sl_atr=1|tp_atr=1.5|threshold=0.05|adx_max=none|adx_min=none|rsi2=none|trend=all|max_bars=20|one_trade=1
futures,GC,humbled_trader_vwap_reclaim,humbled_trader_vwap_reclaim|ny|range=15|entry=150|rr=1.5|sl_atr=1|tp_atr=1.5|threshold=0.75|adx_max=none|adx_min=none|rsi2=none|trend=all|max_bars=16|one_trade=1,ny,15,150,1.5,1.0,1.5,0.75,,,,all,16,True,0.1,3.0,2,-35.371260639706335,711,304,407,42.75668073136428,0.8671017688442108,-3843.3934225834273,-5.4056166281060865,711,4197,1.0,0.16940671908506075,1.1858470335954252,250,114,136,45.6,0.8356653551420308,-3376.83527984188,-13.50734111936752,250,1566,1.0,0.15964240102171137,1.1174968071519795,711,0.0,0.0,100.0,0.0,0.0,-10.0,711,0.0,0.0,100.0,0.0,0.0,-8.0,250,0.0,0.0,100.0,0.0,0.0,-32.50169455225114,250,0.0,0.0,100.0,0.0,0.0,-25.0,711,304,407,42.75668073136428,0.8974187269810233,-25.73338783274538,-0.03619323183227198,251,114,137,45.41832669322709,0.8216616122416555,-16.647116953199003,-0.06632317511234663,GC	humbled_trader_vwap_reclaim	humbled_trader_vwap_reclaim|ny|range=15|entry=150|rr=1.5|sl_atr=1|tp_atr=1.5|threshold=0.75|adx_max=none|adx_min=none|rsi2=none|trend=all|max_bars=16|one_trade=1
futures,YM,tori_trendline_break,tori_trendline_break|ny|range=192|entry=150|rr=1.5|sl_atr=1|tp_atr=1.5|threshold=0.6|adx_max=none|adx_min=none|rsi2=none|trend=all|max_bars=32|one_trade=1,ny,192,150,1.5,1.0,1.5,0.6,,,,all,32,True,1.0,3.0,1,-36.49984692950936,802,357,445,44.51371571072319,1.0557623025456273,704.25,0.8781172069825436,802,4219,1.0,0.19009243896657976,1.3306470727660584,226,98,128,43.36283185840708,0.9166509936681085,-664.75,-2.941371681415929,226,1548,1.0,0.14599483204134367,1.0219638242894056,802,0.0,0.0,100.0,0.0,0.0,-3.125,802,0.0,0.0,100.0,0.0,0.0,-3.875,226,0.0,0.0,100.0,0.0,0.0,-18.0,226,0.0,0.0,100.0,0.0,0.0,-20.5,802,357,445,44.51371571072319,0.9265868570013076,-28.22220834140289,-0.03518978596184899,226,98,128,43.36283185840708,0.9243712603160941,-8.449436584234075,-0.03738688754085874,YM	tori_trendline_break	tori_trendline_break|ny|range=192|entry=150|rr=1.5|sl_atr=1|tp_atr=1.5|threshold=0.6|adx_max=none|adx_min=none|rsi2=none|trend=all|max_bars=32|one_trade=1
futures,RTY,humbled_trader_vwap_reclaim,humbled_trader_vwap_reclaim|ny|range=15|entry=150|rr=1.5|sl_atr=1|tp_atr=1.5|threshold=0.75|adx_max=none|adx_min=none|rsi2=none|trend=all|max_bars=16|one_trade=1,ny,15,150,1.5,1.0,1.5,0.75,,,,all,16,True,0.1,3.0,1,-41.295154730943864,257,138,119,53.69649805447471,1.5005657045890974,2046.1766222583233,7.96177674030476,257,1624,1.0,0.15825123152709358,1.107758620689655,207,78,129,37.68115942028986,0.6803883719524509,-2153.0848740619167,-10.401376203197666,207,1546,1.0,0.13389391979301424,0.9372574385510997,257,0.0,0.0,100.0,0.0,0.0,4.818563385662856,257,0.0,0.0,100.0,0.0,0.0,11.0,207,0.0,0.0,100.0,0.0,0.0,-39.5,207,0.0,0.0,100.0,0.0,0.0,-34.25632602102996,257,138,119,53.69649805447471,1.4318936446249821,39.62059037575947,0.1541657213064571,207,78,129,37.68115942028986,0.6296226874490733,-39.434253532291564,-0.19050364025261626,RTY	humbled_trader_vwap_reclaim	humbled_trader_vwap_reclaim|ny|range=15|entry=150|rr=1.5|sl_atr=1|tp_atr=1.5|threshold=0.75|adx_max=none|adx_min=none|rsi2=none|trend=all|max_bars=16|one_trade=1
futures,RTY,tori_trendline_break,tori_trendline_break|ny|range=192|entry=150|rr=1.5|sl_atr=1|tp_atr=1.5|threshold=0.6|adx_max=none|adx_min=none|rsi2=none|trend=all|max_bars=32|one_trade=1,ny,192,150,1.5,1.0,1.5,0.6,,,,all,32,True,0.1,3.0,1,-38.94814914824439,257,121,136,47.081712062256805,1.2730464119631637,1497.250000000007,5.82587548638135,257,1623,1.0,0.1583487369069624,1.1084411583487368,204,86,118,42.15686274509804,0.8822831844414564,-744.5000000000082,-3.649509803921609,204,1532,1.0,0.13315926892950392,0.9321148825065274,257,0.0,0.0,100.0,0.0,0.0,-2.5,257,0.0,0.0,100.0,0.0,0.0,-3.5,204,0.0,0.0,100.0,0.0,0.0,-22.0,204,0.0,0.0,100.0,0.0,0.0,-22.25,257,121,136,47.081712062256805,1.077607447908009,9.300189595658013,0.036187508154311335,204,86,118,42.15686274509804,0.8396486188317599,-15.698106243936419,-0.07695150119576676,RTY	tori_trendline_break	tori_trendline_break|ny|range=192|entry=150|rr=1.5|sl_atr=1|tp_atr=1.5|threshold=0.6|adx_max=none|adx_min=none|rsi2=none|trend=all|max_bars=32|one_trade=1
futures,YM,steven_dux_parabolic_fade,steven_dux_parabolic_fade|ny|range=15|entry=150|rr=1|sl_atr=1|tp_atr=1.5|threshold=2.75|adx_max=none|adx_min=none|rsi2=none|trend=short_only|max_bars=10|one_trade=1,ny,15,150,1.0,1.0,1.5,2.75,,,,short_only,10,True,1.0,3.0,1,-46.43741500073156,435,197,238,45.28735632183908,0.5708013386903612,-1289.3694201101716,-2.964067632437176,435,4201,1.0,0.10354677457748156,0.7248274220423709,156,70,86,44.871794871794876,0.6796205332188545,-737.5486347720289,-4.727875863923262,156,1533,1.0,0.10176125244618395,0.7123287671232876,435,0.0,0.0,100.0,0.0,0.0,-4.580612554840627,435,0.0,0.0,100.0,0.0,0.0,-4.78932682746381,156,0.0,0.0,100.0,0.0,0.0,-13.482651563404943,156,0.0,0.0,100.0,0.0,0.0,-13.625441634205345,435,197,238,45.28735632183908,0.5619501177137544,-103.57448606312842,-0.23810226681178948,156,70,86,44.871794871794876,0.7042766296094096,-25.18641025782693,-0.1614513478065829,YM	steven_dux_parabolic_fade	steven_dux_parabolic_fade|ny|range=15|entry=150|rr=1|sl_atr=1|tp_atr=1.5|threshold=2.75|adx_max=none|adx_min=none|rsi2=none|trend=short_only|max_bars=10|one_trade=1
futures,RTY,steven_dux_parabolic_fade,steven_dux_parabolic_fade|ny|range=15|entry=150|rr=1|sl_atr=1|tp_atr=1.5|threshold=2.75|adx_max=none|adx_min=none|rsi2=none|trend=short_only|max_bars=10|one_trade=1,ny,15,150,1.0,1.0,1.5,2.75,,,,short_only,10,True,0.1,3.0,1,-45.039505737386264,169,71,98,42.01183431952663,0.608376411407689,-656.0087678498107,-3.8817086855018386,169,1620,1.0,0.10432098765432099,0.730246913580247,149,69,80,46.308724832214764,0.8829515884179447,-218.0743652430815,-1.4635863439132986,149,1560,1.0,0.0955128205128205,0.6685897435897435,169,0.0,0.0,100.0,0.0,0.0,-7.59822910548246,169,0.0,0.0,100.0,0.0,0.0,-7.59822910548246,149,0.0,0.0,100.0,0.0,0.0,-9.726389991876204,149,0.0,0.0,100.0,0.0,0.0,-9.726389991876204,169,71,98,42.01183431952663,0.5543261341043975,-43.676038857769036,-0.2584380997501126,149,69,80,46.308724832214764,0.7485333338926227,-20.11733328859019,-0.1350156596549677,RTY	steven_dux_parabolic_fade	steven_dux_parabolic_fade|ny|range=15|entry=150|rr=1|sl_atr=1|tp_atr=1.5|threshold=2.75|adx_max=none|adx_min=none|rsi2=none|trend=short_only|max_bars=10|one_trade=1
futures,NQ,steven_dux_parabolic_fade,steven_dux_parabolic_fade|ny|range=15|entry=150|rr=1|sl_atr=1|tp_atr=1.5|threshold=2.75|adx_max=none|adx_min=none|rsi2=none|trend=short_only|max_bars=10|one_trade=1,ny,15,150,1.0,1.0,1.5,2.75,,,,short_only,10,True,0.25,3.0,5,-45.60120131541225,476,201,275,42.226890756302524,0.6766575347930075,-7450.011060687782,-15.65128374094072,476,4214,1.0,0.11295681063122924,0.7906976744186047,148,69,79,46.62162162162162,0.8755763833181968,-2819.8365179977372,-19.052949445930658,148,1557,1.0,0.09505459216441875,0.6653821451509312,476,0.0,0.0,100.0,0.0,0.0,-32.498888493348204,476,0.0,0.0,100.0,0.0,0.0,-32.738243671206874,148,0.0,0.0,100.0,0.0,0.0,-50.78471706015989,148,0.0,0.0,100.0,0.0,0.0,-57.09038335103833,476,201,275,42.226890756302524,0.5403008971120833,-126.4172532941771,-0.2655824649037334,150,69,81,46.0,0.7981672923517751,-16.17855639069262,-0.10785704260461747,NQ	steven_dux_parabolic_fade	steven_dux_parabolic_fade|ny|range=15|entry=150|rr=1|sl_atr=1|tp_atr=1.5|threshold=2.75|adx_max=none|adx_min=none|rsi2=none|trend=short_only|max_bars=10|one_trade=1
futures,CL,umar_ashraf_opening_range_breakout,umar_ashraf_opening_range_breakout|ny|range=15|entry=150|rr=1.5|sl_atr=1|tp_atr=1.5|threshold=0.4|adx_max=none|adx_min=none|rsi2=none|trend=ema|max_bars=16|one_trade=0,ny,15,150,1.5,1.0,1.5,0.4,,,,ema,16,False,0.01,3.0,1,-48.7901074300335,237,100,137,42.19409282700422,0.8816289443251268,-716.5000000000069,-3.0232067510548815,237,4217,1.0,0.05620109082285985,0.39340763576001897,146,60,86,41.0958904109589,0.6523218234393604,-2044.0000000000005,-14.000000000000004,146,1554,1.0,0.09395109395109395,0.6576576576576577,237,0.0,0.0,100.0,0.0,0.0,-19.0,237,0.0,0.0,100.0,0.0,0.0,-19.0,146,0.0,0.0,100.0,0.0,0.0,-35.5,146,0.0,0.0,100.0,0.0,0.0,-32.5,237,100,137,42.19409282700422,0.8499505760041774,-18.096739589712506,-0.07635755101144517,146,60,86,41.0958904109589,0.7341975430679012,-21.59120614414796,-0.14788497359005454,CL	umar_ashraf_opening_range_breakout	umar_ashraf_opening_range_breakout|ny|range=15|entry=150|rr=1.5|sl_atr=1|tp_atr=1.5|threshold=0.4|adx_max=none|adx_min=none|rsi2=none|trend=ema|max_bars=16|one_trade=0
futures,CL,mike_bellafiore_opening_drive,mike_bellafiore_opening_drive|ny|range=15|entry=150|rr=1.5|sl_atr=1|tp_atr=1.5|threshold=0.45|adx_max=none|adx_min=none|rsi2=none|trend=ema|max_bars=16|one_trade=1,ny,15,150,1.5,1.0,1.5,0.45,,,,ema,16,True,0.01,3.0,1,-48.87390599367503,226,98,128,43.36283185840708,0.944956567984399,-310.500000000006,-1.3738938053097611,226,4217,1.0,0.053592601375385344,0.3751482096276974,143,59,84,41.25874125874126,0.6583478260869562,-1964.500000000002,-13.737762237762253,143,1554,1.0,0.09202059202059203,0.6441441441441442,226,0.0,0.0,100.0,0.0,0.0,-19.0,226,0.0,0.0,100.0,0.0,0.0,-19.0,143,0.0,0.0,100.0,0.0,0.0,-36.0,143,0.0,0.0,100.0,0.0,0.0,-32.0,226,98,128,43.36283185840708,0.8995013198905556,-11.44233214149063,-0.0506297882366842,143,59,84,41.25874125874126,0.7362897169414031,-20.893837723095317,-0.14611075330835885,CL	mike_bellafiore_opening_drive	mike_bellafiore_opening_drive|ny|range=15|entry=150|rr=1.5|sl_atr=1|tp_atr=1.5|threshold=0.45|adx_max=none|adx_min=none|rsi2=none|trend=ema|max_bars=16|one_trade=1
futures,YM,ricky_gutierrez_overbought_fade,ricky_gutierrez_overbought_fade|ny|range=15|entry=150|rr=1|sl_atr=1|tp_atr=1.5|threshold=2|adx_max=24.0|adx_min=none|rsi2=none|trend=all|max_bars=12|one_trade=1,ny,15,150,1.0,1.0,1.5,2.0,24.0,,,all,12,True,1.0,3.0,1,-51.05122123694007,440,200,240,45.45454545454545,0.6049897538244908,-1363.5524428584113,-3.0989828246782074,440,4186,1.0,0.1051122790253225,0.7357859531772575,138,53,85,38.405797101449274,0.5253911573675396,-1052.3964714832255,-7.626061387559605,138,1529,1.0,0.09025506867233486,0.631785480706344,440,0.0,0.0,100.0,0.0,0.0,-4.104845058573119,440,0.0,0.0,100.0,0.0,0.0,-4.006115574535215,138,0.0,0.0,100.0,0.0,0.0,-17.544529210485052,138,0.0,0.0,100.0,0.0,0.0,-19.000521712805494,440,200,240,45.45454545454545,0.5823931451457041,-99.58776058189756,-0.2263358195043126,138,53,85,38.405797101449274,0.5139175517513521,-41.31700810113507,-0.29939860942851504,YM	ricky_gutierrez_overbought_fade	ricky_gutierrez_overbought_fade|ny|range=15|entry=150|rr=1|sl_atr=1|tp_atr=1.5|threshold=2|adx_max=24.0|adx_min=none|rsi2=none|trend=all|max_bars=12|one_trade=1
futures,GC,umar_ashraf_opening_range_breakout,umar_ashraf_opening_range_breakout|ny|range=15|entry=150|rr=1.5|sl_atr=1|tp_atr=1.5|threshold=0.4|adx_max=none|adx_min=none|rsi2=none|trend=ema|max_bars=16|one_trade=0,ny,15,150,1.5,1.0,1.5,0.4,,,,ema,16,False,0.1,3.0,3,-40.44686802948388,248,102,146,41.12903225806452,0.6605192338135185,-6433.5000000000255,-25.94153225806462,248,4179,1.0,0.05934434075137593,0.4154103852596315,139,69,70,49.64028776978417,1.305487591751135,5244.0,37.726618705035975,139,1553,1.0,0.08950418544752092,0.6265292981326465,248,0.0,0.0,100.0,0.0,0.0,-45.0,248,0.0,0.0,100.0,0.0,0.0,-58.5,139,0.0,0.0,100.0,0.0,0.0,15.0,139,0.0,0.0,100.0,0.0,0.0,15.0,248,102,146,41.12903225806452,0.7956354735822002,-22.987212046886746,-0.0926903711568014,143,70,73,48.95104895104895,0.9902428906889471,-0.5806691808859463,-0.004060623642559065,GC	umar_ashraf_opening_range_breakout	umar_ashraf_opening_range_breakout|ny|range=15|entry=150|rr=1.5|sl_atr=1|tp_atr=1.5|threshold=0.4|adx_max=none|adx_min=none|rsi2=none|trend=ema|max_bars=16|one_trade=0
futures,CL,ricky_gutierrez_overbought_fade,ricky_gutierrez_overbought_fade|ny|range=15|entry=150|rr=1|sl_atr=1|tp_atr=1.5|threshold=2|adx_max=24.0|adx_min=none|rsi2=none|trend=all|max_bars=12|one_trade=1,ny,15,150,1.0,1.0,1.5,2.0,24.0,,,all,12,True,0.01,3.0,1,-44.25932200412525,382,169,213,44.24083769633508,0.607894328362529,-2037.5191375175805,-5.333819731721415,382,4213,1.0,0.09067173035841443,0.634702112508901,139,72,67,51.798561151079134,0.9424630281246199,-106.4518092946484,-0.7658403546377582,139,1566,1.0,0.08876117496807152,0.6213282247765006,382,0.0,0.0,100.0,0.0,0.0,-9.67634042519785,382,0.0,0.0,100.0,0.0,0.0,-10.031378832223709,139,0.0,0.0,100.0,0.0,0.0,6.5943814697966445,139,0.0,0.0,100.0,0.0,0.0,3.3735416349954903,382,169,213,44.24083769633508,0.5634028923822134,-92.4198655392789,-0.24193682078345263,139,72,67,51.798561151079134,0.8078885318885763,-12.699437416921068,-0.09136285911454006,CL	ricky_gutierrez_overbought_fade	ricky_gutierrez_overbought_fade|ny|range=15|entry=150|rr=1|sl_atr=1|tp_atr=1.5|threshold=2|adx_max=24.0|adx_min=none|rsi2=none|trend=all|max_bars=12|one_trade=1
futures,NQ,ricky_gutierrez_overbought_fade,ricky_gutierrez_overbought_fade|ny|range=15|entry=150|rr=1|sl_atr=1|tp_atr=1.5|threshold=2|adx_max=24.0|adx_min=none|rsi2=none|trend=all|max_bars=12|one_trade=1,ny,15,150,1.0,1.0,1.5,2.0,24.0,,,all,12,True,0.25,3.0,1,-48.2039872235855,402,188,214,46.766169154228855,0.7429380466524742,-1115.0074866229365,-2.7736504642361606,402,4202,1.0,0.09566872917658258,0.6696811042360781,139,58,81,41.726618705035975,0.7656057485083014,-1182.5386798303298,-8.507472516764963,139,1569,1.0,0.08859145952836202,0.6201402166985341,402,0.0,0.0,100.0,0.0,0.0,-6.079500555781124,402,0.0,0.0,100.0,0.0,0.0,-5.680720324919093,139,0.0,0.0,100.0,0.0,0.0,-35.4726593765954,139,0.0,0.0,100.0,0.0,0.0,-34.38470331102144,402,188,214,46.766169154228855,0.6506217217166673,-74.41757327434985,-0.18511834147848222,139,58,81,41.726618705035975,0.6726755616951299,-26.51327950269448,-0.19074301800499627,NQ	ricky_gutierrez_overbought_fade	ricky_gutierrez_overbought_fade|ny|range=15|entry=150|rr=1|sl_atr=1|tp_atr=1.5|threshold=2|adx_max=24.0|adx_min=none|rsi2=none|trend=all|max_bars=12|one_trade=1
futures,GC,mike_bellafiore_opening_drive,mike_bellafiore_opening_drive|ny|range=15|entry=150|rr=1.5|sl_atr=1|tp_atr=1.5|threshold=0.45|adx_max=none|adx_min=none|rsi2=none|trend=ema|max_bars=16|one_trade=1,ny,15,150,1.5,1.0,1.5,0.45,,,,ema,16,True,0.1,3.0,3,-41.56776220326151,239,98,141,41.00418410041841,0.6371253625523683,-6756.00000000002,-28.267782426778325,239,4179,1.0,0.05719071548217277,0.4003350083752094,134,65,69,48.507462686567166,1.2791491596638653,4783.500000000009,35.697761194029916,134,1553,1.0,0.08628461043142305,0.6039922730199614,239,0.0,0.0,100.0,0.0,0.0,-45.0,239,0.0,0.0,100.0,0.0,0.0,-60.0,134,0.0,0.0,100.0,0.0,0.0,-10.5,134,0.0,0.0,100.0,0.0,0.0,3.0,239,98,141,41.00418410041841,0.7790347262215651,-24.152755534212634,-0.10105755453645454,138,66,72,47.82608695652174,0.9471007669316609,-3.1430254933670403,-0.02277554705338435,GC	mike_bellafiore_opening_drive	mike_bellafiore_opening_drive|ny|range=15|entry=150|rr=1.5|sl_atr=1|tp_atr=1.5|threshold=0.45|adx_max=none|adx_min=none|rsi2=none|trend=ema|max_bars=16|one_trade=1
futures,ES,ricky_gutierrez_overbought_fade,ricky_gutierrez_overbought_fade|ny|range=15|entry=150|rr=1|sl_atr=1|tp_atr=1.5|threshold=2|adx_max=24.0|adx_min=none|rsi2=none|trend=all|max_bars=12|one_trade=1,ny,15,150,1.0,1.0,1.5,2.0,24.0,,,all,12,True,0.25,3.0,1,-52.489368027385765,429,195,234,45.45454545454545,0.5425864773663829,-1828.9194795177298,-4.263215569971398,429,4208,1.0,0.10194866920152092,0.7136406844106464,130,51,79,39.23076923076923,0.4527887156450083,-1566.763311785728,-12.052025475274831,130,1519,1.0,0.08558262014483213,0.599078341013825,429,0.0,0.0,100.0,0.0,0.0,-8.958322774909902,429,0.0,0.0,100.0,0.0,0.0,-9.038808168188552,130,0.0,0.0,100.0,0.0,0.0,-18.87328926465125,130,0.0,0.0,100.0,0.0,0.0,-18.87328926465125,429,195,234,45.45454545454545,0.39801148312632834,-139.8643822441539,-0.32602420103532376,130,51,79,39.23076923076923,0.4737863420972338,-41.22262445603414,-0.3170971112002626,ES	ricky_gutierrez_overbought_fade	ricky_gutierrez_overbought_fade|ny|range=15|entry=150|rr=1|sl_atr=1|tp_atr=1.5|threshold=2|adx_max=24.0|adx_min=none|rsi2=none|trend=all|max_bars=12|one_trade=1
futures,RTY,ricky_gutierrez_overbought_fade,ricky_gutierrez_overbought_fade|ny|range=15|entry=150|rr=1|sl_atr=1|tp_atr=1.5|threshold=2|adx_max=24.0|adx_min=none|rsi2=none|trend=all|max_bars=12|one_trade=1,ny,15,150,1.0,1.0,1.5,2.0,24.0,,,all,12,True,0.1,3.0,1,-47.8796699381303,170,73,97,42.94117647058823,0.601463215283917,-709.0430173424409,-4.1708412784849465,170,1627,1.0,0.10448678549477566,0.7314074984634297,134,62,72,46.26865671641791,0.7256637524050398,-469.349841676021,-3.5026107587762763,134,1569,1.0,0.08540471637985979,0.5978330146590185,170,0.0,0.0,100.0,0.0,0.0,-8.398326916852966,170,0.0,0.0,100.0,0.0,0.0,-8.611781419960607,134,0.0,0.0,100.0,0.0,0.0,-5.210621748745325,134,0.0,0.0,100.0,0.0,0.0,-7.584698067010322,170,73,97,42.94117647058823,0.5821382783277123,-40.419284496328004,-0.23776049703722354,134,62,72,46.26865671641791,0.7256939982852245,-19.75003212346382,-0.1473882994288345,RTY	ricky_gutierrez_overbought_fade	ricky_gutierrez_overbought_fade|ny|range=15|entry=150|rr=1|sl_atr=1|tp_atr=1.5|threshold=2|adx_max=24.0|adx_min=none|rsi2=none|trend=all|max_bars=12|one_trade=1
futures,GC,ricky_gutierrez_overbought_fade,ricky_gutierrez_overbought_fade|ny|range=15|entry=150|rr=1|sl_atr=1|tp_atr=1.5|threshold=2|adx_max=24.0|adx_min=none|rsi2=none|trend=all|max_bars=12|one_trade=1,ny,15,150,1.0,1.0,1.5,2.0,24.0,,,all,12,True,0.1,3.0,5,-44.54237355204597,297,141,156,47.474747474747474,0.6335611769500644,-7402.924325001133,-24.925671127949943,297,4214,1.0,0.07047935453251068,0.49335548172757476,127,62,65,48.818897637795274,1.0978149741240513,1298.699470358606,10.225980081563828,127,1555,1.0,0.08167202572347267,0.5717041800643087,297,0.0,0.0,100.0,0.0,0.0,-56.07990555165452,297,0.0,0.0,100.0,0.0,0.0,-54.96457855759945,127,0.0,0.0,100.0,0.0,0.0,30.99482042834279,127,0.0,0.0,100.0,0.0,0.0,33.375342065191944,297,141,156,47.474747474747474,0.6294227977679618,-56.45867894560481,-0.1900965621064135,128,62,66,48.4375,0.771271050189674,-14.835357140922333,-0.11590122766345573,GC	ricky_gutierrez_overbought_fade	ricky_gutierrez_overbought_fade|ny|range=15|entry=150|rr=1|sl_atr=1|tp_atr=1.5|threshold=2|adx_max=24.0|adx_min=none|rsi2=none|trend=all|max_bars=12|one_trade=1
futures,GC,steven_dux_parabolic_fade,steven_dux_parabolic_fade|ny|range=15|entry=150|rr=1|sl_atr=1|tp_atr=1.5|threshold=2.75|adx_max=none|adx_min=none|rsi2=none|trend=short_only|max_bars=10|one_trade=1,ny,15,150,1.0,1.0,1.5,2.75,,,,short_only,10,True,0.1,3.0,1,-48.90776448512675,253,122,131,48.22134387351779,0.6777206829189253,-1109.6927140581342,-4.386137209715946,253,4208,1.0,0.06012357414448669,0.4208650190114068,110,53,57,48.18181818181818,0.8237122757826332,-389.9655858914434,-3.545141689922213,110,1505,1.0,0.07308970099667775,0.5116279069767442,253,0.0,0.0,100.0,0.0,0.0,-4.02644496774883,253,0.0,0.0,100.0,0.0,0.0,-4.830216803675285,110,0.0,0.0,100.0,0.0,0.0,-3.0999226194253424,110,0.0,0.0,100.0,0.0,0.0,-5.71789140929468,253,122,131,48.22134387351779,0.6724056590648928,-41.45250645883302,-0.16384389904677082,110,53,57,48.18181818181818,0.7949186424708707,-11.089078228564833,-0.10080980207786212,GC	steven_dux_parabolic_fade	steven_dux_parabolic_fade|ny|range=15|entry=150|rr=1|sl_atr=1|tp_atr=1.5|threshold=2.75|adx_max=none|adx_min=none|rsi2=none|trend=short_only|max_bars=10|one_trade=1
futures,CL,steven_dux_parabolic_fade,steven_dux_parabolic_fade|ny|range=15|entry=150|rr=1|sl_atr=1|tp_atr=1.5|threshold=2.75|adx_max=none|adx_min=none|rsi2=none|trend=short_only|max_bars=10|one_trade=1,ny,15,150,1.0,1.0,1.5,2.75,,,,short_only,10,True,0.01,3.0,10,-47.75726837003823,338,142,196,42.01183431952663,0.5736855935957916,-20380.789622926502,-60.29819415067013,338,4222,1.0,0.08005684509711038,0.5603979156797726,103,54,49,52.42718446601942,0.9586242193763385,-563.0069416689632,-5.4660868123200315,103,1562,1.0,0.06594110115236876,0.46158770806658134,338,0.0,0.0,100.0,0.0,0.0,-140.61281708697788,338,0.0,0.0,100.0,0.0,0.0,-146.1490196580271,103,0.0,0.0,100.0,0.0,0.0,90.36219284040271,103,0.0,0.0,100.0,0.0,0.0,96.1753470080148,338,142,196,42.01183431952663,0.5242463835940813,-92.43124670188702,-0.2734652269286598,104,54,50,51.92307692307693,0.8158234990723007,-9.065696507112644,-0.08717015872223696,CL	steven_dux_parabolic_fade	steven_dux_parabolic_fade|ny|range=15|entry=150|rr=1|sl_atr=1|tp_atr=1.5|threshold=2.75|adx_max=none|adx_min=none|rsi2=none|trend=short_only|max_bars=10|one_trade=1
futures,GC,ross_cameron_gap_go,ross_cameron_gap_go|ny|range=15|entry=150|rr=1.5|sl_atr=1|tp_atr=1.5|threshold=0.65|adx_max=none|adx_min=none|rsi2=none|trend=ema|max_bars=14|one_trade=1,ny,15,150,1.5,1.0,1.5,0.65,,,,ema,14,True,0.1,3.0,4,-47.6720521836006,111,44,67,39.63963963963964,0.6535103674063307,-3809.9999999999927,-34.32432432432426,111,3994,1.0,0.027791687531296946,0.1945418127190786,76,38,38,50.0,1.211538461538469,2420.00000000008,31.84210526315895,76,1549,1.0,0.04906391220142027,0.3434473854099419,111,0.0,0.0,100.0,0.0,0.0,-56.0,111,0.0,0.0,100.0,0.0,0.0,-56.0,76,0.0,0.0,100.0,0.0,0.0,-20.0,76,0.0,0.0,100.0,0.0,0.0,-26.0,111,44,67,39.63963963963964,0.8203257181960268,-8.20238891158516,-0.07389539559986631,83,41,42,49.39759036144578,0.860323365105788,-4.932895188598591,-0.059432472151790254,GC	ross_cameron_gap_go	ross_cameron_gap_go|ny|range=15|entry=150|rr=1.5|sl_atr=1|tp_atr=1.5|threshold=0.65|adx_max=none|adx_min=none|rsi2=none|trend=ema|max_bars=14|one_trade=1
futures,CL,tjr_sweep_retrace,tjr_sweep_retrace|ny|range=15|entry=150|rr=2|sl_atr=1|tp_atr=1.5|threshold=0.05|adx_max=none|adx_min=none|rsi2=none|trend=all|max_bars=24|one_trade=1,ny,15,150,2.0,1.0,1.5,0.05,,,,all,24,True,0.01,3.0,6,-40.39541533190465,168,77,91,45.83333333333333,1.3669192301975188,6526.425381483916,38.84777012788045,168,4175,1.0,0.040239520958083835,0.2816766467065869,61,31,30,50.81967213114754,1.73448187758223,5892.3178503091485,96.59537459523195,61,1438,1.0,0.04242002781641168,0.29694019471488176,168,0.0,0.0,100.0,0.0,0.0,4.30084248635103,168,0.0,0.0,100.0,0.0,0.0,-4.69915751364897,61,0.0,0.0,100.0,0.0,0.0,18.0,61,0.0,0.0,100.0,0.0,0.0,36.0,168,77,91,45.83333333333333,1.2245453635719756,15.538579164998733,0.09249154264880198,61,31,30,50.81967213114754,1.3301751095432108,8.437239985625908,0.1383154096004247,CL	tjr_sweep_retrace	tjr_sweep_retrace|ny|range=15|entry=150|rr=2|sl_atr=1|tp_atr=1.5|threshold=0.05|adx_max=none|adx_min=none|rsi2=none|trend=all|max_bars=24|one_trade=1
futures,ES,mike_bellafiore_opening_drive,mike_bellafiore_opening_drive|ny|range=15|entry=150|rr=1.5|sl_atr=1|tp_atr=1.5|threshold=0.45|adx_max=none|adx_min=none|rsi2=none|trend=ema|max_bars=16|one_trade=1,ny,15,150,1.5,1.0,1.5,0.45,,,,ema,16,True,0.25,3.0,3,-47.69683321951669,174,80,94,45.97701149425287,1.0899308224442736,877.5,5.043103448275862,174,4183,1.0,0.04159693999521874,0.2911785799665312,60,29,31,48.333333333333336,1.2983751846381093,2272.5,37.875,60,1540,1.0,0.03896103896103896,0.2727272727272727,174,0.0,0.0,100.0,0.0,0.0,-16.875,174,0.0,0.0,100.0,0.0,0.0,-10.3125,60,0.0,0.0,100.0,0.0,0.0,-41.25,60,0.0,0.0,100.0,0.0,0.0,11.25,174,80,94,45.97701149425287,0.8821893446250159,-9.775254092598047,-0.056179621221827854,60,29,31,48.333333333333336,1.0221281055163756,0.6808930133441629,0.01134821688906938,ES	mike_bellafiore_opening_drive	mike_bellafiore_opening_drive|ny|range=15|entry=150|rr=1.5|sl_atr=1|tp_atr=1.5|threshold=0.45|adx_max=none|adx_min=none|rsi2=none|trend=ema|max_bars=16|one_trade=1
futures,ES,umar_ashraf_opening_range_breakout,umar_ashraf_opening_range_breakout|ny|range=15|entry=150|rr=1.5|sl_atr=1|tp_atr=1.5|threshold=0.4|adx_max=none|adx_min=none|rsi2=none|trend=ema|max_bars=16|one_trade=0,ny,15,150,1.5,1.0,1.5,0.4,,,,ema,16,False,0.25,3.0,3,-47.721720059686454,178,81,97,45.50561797752809,1.0736623963828185,733.125,4.118679775280899,178,4183,1.0,0.0425531914893617,0.2978723404255319,60,29,31,48.333333333333336,1.2983751846381093,2272.5,37.875,60,1540,1.0,0.03896103896103896,0.2727272727272727,178,0.0,0.0,100.0,0.0,0.0,-22.5,178,0.0,0.0,100.0,0.0,0.0,-16.875,60,0.0,0.0,100.0,0.0,0.0,-41.25,60,0.0,0.0,100.0,0.0,0.0,11.25,178,81,97,45.50561797752809,0.8668880005557493,-11.38789145523541,-0.06397691828783938,60,29,31,48.333333333333336,1.0221281055163756,0.6808930133441629,0.01134821688906938,ES	umar_ashraf_opening_range_breakout	umar_ashraf_opening_range_breakout|ny|range=15|entry=150|rr=1.5|sl_atr=1|tp_atr=1.5|threshold=0.4|adx_max=none|adx_min=none|rsi2=none|trend=ema|max_bars=16|one_trade=0
futures,RTY,tjr_sweep_retrace,tjr_sweep_retrace|ny|range=15|entry=150|rr=2|sl_atr=1|tp_atr=1.5|threshold=0.05|adx_max=none|adx_min=none|rsi2=none|trend=all|max_bars=24|one_trade=1,ny,15,150,2.0,1.0,1.5,0.05,,,,all,24,True,0.1,3.0,12,-42.02463276749323,75,30,45,40.0,1.12374987606791,2257.0387141290576,30.093849521720767,75,1609,1.0,0.04661280298321939,0.3262896208825357,58,31,27,53.44827586206896,1.4522643624608884,6941.907630861144,119.6880626010542,58,1554,1.0,0.03732303732303732,0.26126126126126126,75,0.0,0.0,100.0,0.0,0.0,-108.0,75,0.0,0.0,100.0,0.0,0.0,-108.0,58,0.0,0.0,100.0,0.0,0.0,161.99999999998545,58,0.0,0.0,100.0,0.0,0.0,161.99999999998545,77,31,46,40.25974025974026,1.1605980500636812,5.9201244257334595,0.07688473280173325,61,32,29,52.459016393442624,1.3578551553362221,8.341015221865726,0.1367379544568152,RTY	tjr_sweep_retrace	tjr_sweep_retrace|ny|range=15|entry=150|rr=2|sl_atr=1|tp_atr=1.5|threshold=0.05|adx_max=none|adx_min=none|rsi2=none|trend=all|max_bars=24|one_trade=1
futures,RTY,sasha_evdakov_fib_retrace,sasha_evdakov_fib_retrace|ny|range=96|entry=150|rr=1.5|sl_atr=1|tp_atr=1.5|threshold=0.05|adx_max=none|adx_min=none|rsi2=none|trend=both|max_bars=28|one_trade=0,ny,96,150,1.5,1.0,1.5,0.05,,,,both,28,False,0.1,3.0,1,-57.478335500786706,34,17,17,50.0,0.9746467880921695,-23.89268135067232,-0.7027259220785976,25,1473,1.36,0.02308214528173795,0.16157501697216564,57,25,32,43.859649122807014,0.5502099727866832,-721.0243790981808,-12.6495505104944,43,1533,1.3255813953488371,0.03718199608610567,0.2602739726027397,25,0.0,0.0,100.0,0.0,0.0,-7.0,25,0.0,0.0,100.0,0.0,0.0,-7.0,43,0.0,0.0,100.0,0.0,0.0,-9.5,43,0.0,0.0,100.0,0.0,0.0,-9.5,34,17,17,50.0,0.8435337584240374,-1.7864666061905283,-0.05254313547619201,57,25,32,43.859649122807014,0.4762682646376462,-10.555014351378222,-0.18517569037505655,RTY	sasha_evdakov_fib_retrace	sasha_evdakov_fib_retrace|ny|range=96|entry=150|rr=1.5|sl_atr=1|tp_atr=1.5|threshold=0.05|adx_max=none|adx_min=none|rsi2=none|trend=both|max_bars=28|one_trade=0
futures,ES,ross_cameron_gap_go,ross_cameron_gap_go|ny|range=15|entry=150|rr=1.5|sl_atr=1|tp_atr=1.5|threshold=0.65|adx_max=none|adx_min=none|rsi2=none|trend=ema|max_bars=14|one_trade=1,ny,15,150,1.5,1.0,1.5,0.65,,,,ema,14,True,0.25,3.0,1,-54.935491097964324,118,52,66,44.06779661016949,1.1989281210592686,394.375,3.3421610169491527,118,4055,1.0,0.029099876695437732,0.20369913686806412,44,20,24,45.45454545454545,0.8770604395604396,-223.75,-5.0852272727272725,44,1540,1.0,0.02857142857142857,0.19999999999999998,118,0.0,0.0,100.0,0.0,0.0,-5.625,118,0.0,0.0,100.0,0.0,0.0,-5.625,44,0.0,0.0,100.0,0.0,0.0,-32.5,44,0.0,0.0,100.0,0.0,0.0,-13.75,118,52,66,44.06779661016949,0.8570195793827694,-7.605631359988803,-0.06445450305075257,44,20,24,45.45454545454545,0.7805950091608034,-4.991863283935974,-0.11345143827127213,ES	ross_cameron_gap_go	ross_cameron_gap_go|ny|range=15|entry=150|rr=1.5|sl_atr=1|tp_atr=1.5|threshold=0.65|adx_max=none|adx_min=none|rsi2=none|trend=ema|max_bars=14|one_trade=1
futures,ES,tjr_sweep_retrace,tjr_sweep_retrace|ny|range=15|entry=150|rr=2|sl_atr=1|tp_atr=1.5|threshold=0.05|adx_max=none|adx_min=none|rsi2=none|trend=all|max_bars=24|one_trade=1,ny,15,150,2.0,1.0,1.5,0.05,,,,all,24,True,0.25,3.0,20,-37.32536708780125,178,58,120,32.58426966292135,0.5693543262220309,-29088.172928701464,-163.41670184663744,178,4168,1.0,0.0427063339731286,0.29894433781190016,28,13,15,46.42857142857143,1.7519195212768024,8525.775789266618,304.4919924738078,28,1012,1.0,0.02766798418972332,0.19367588932806323,178,0.0,0.0,100.0,0.0,0.0,-391.17010321252747,178,0.0,0.0,100.0,0.0,0.0,-391.17010321252747,28,0.0,0.0,100.0,0.0,0.0,230.19058759782638,28,0.0,0.0,100.0,0.0,0.0,230.19058759782638,207,69,138,33.33333333333333,0.6827706376723391,-37.742878489775165,-0.18233274632741625,87,36,51,41.37931034482759,1.2157582177419355,9.28782583744655,0.1067566188212247,ES	tjr_sweep_retrace	tjr_sweep_retrace|ny|range=15|entry=150|rr=2|sl_atr=1|tp_atr=1.5|threshold=0.05|adx_max=none|adx_min=none|rsi2=none|trend=all|max_bars=24|one_trade=1
futures,CL,sasha_evdakov_fib_retrace,sasha_evdakov_fib_retrace|ny|range=96|entry=150|rr=1.5|sl_atr=1|tp_atr=1.5|threshold=0.05|adx_max=none|adx_min=none|rsi2=none|trend=both|max_bars=28|one_trade=0,ny,96,150,1.5,1.0,1.5,0.05,,,,both,28,False,0.01,3.0,15,-6.359156747921126,105,50,55,47.61904761904761,0.6305607387060983,-12918.875552331841,-123.03691002220802,67,4028,1.5671641791044777,0.026067527308838132,0.18247269116186693,19,18,1,94.73684210526315,7.329230296558377,7642.506219356282,402.2371694398043,12,694,1.5833333333333333,0.027377521613832854,0.19164265129682997,67,0.0,0.0,100.0,0.0,0.0,-180.0,67,0.0,0.0,100.0,0.0,0.0,-180.0,12,0.0,0.0,100.0,0.0,0.0,532.5000000000073,12,0.0,0.0,100.0,0.0,0.0,675.0000000000073,179,88,91,49.162011173184354,0.6628818232814832,-19.741361781114747,-0.1102869373246634,60,34,26,56.666666666666664,0.8158259374792498,-3.1526360224042,-0.05254393370673667,CL	sasha_evdakov_fib_retrace	sasha_evdakov_fib_retrace|ny|range=96|entry=150|rr=1.5|sl_atr=1|tp_atr=1.5|threshold=0.05|adx_max=none|adx_min=none|rsi2=none|trend=both|max_bars=28|one_trade=0
futures,NQ,sasha_evdakov_fib_retrace,sasha_evdakov_fib_retrace|ny|range=96|entry=150|rr=1.5|sl_atr=1|tp_atr=1.5|threshold=0.05|adx_max=none|adx_min=none|rsi2=none|trend=both|max_bars=28|one_trade=0,ny,96,150,1.5,1.0,1.5,0.05,,,,both,28,False,0.25,3.0,2,-43.03632936519969,114,63,51,55.26315789473685,0.7230631935526755,-1459.6319917560113,-12.80378940136852,74,4191,1.5405405405405406,0.02720114531138153,0.1904080171796707,41,25,16,60.97560975609756,1.6181561626309537,3245.1976656023035,79.15116257566594,30,1558,1.3666666666666667,0.02631578947368421,0.18421052631578946,74,0.0,0.0,100.0,0.0,0.0,11.5,74,0.0,0.0,100.0,0.0,0.0,11.5,30,0.0,0.0,100.0,0.0,0.0,41.5,30,0.0,0.0,100.0,0.0,0.0,41.5,114,63,51,55.26315789473685,0.7237274266862512,-9.5675260002439,-0.08392566666880615,41,25,16,60.97560975609756,0.9706692962363461,-0.3346408829634635,-0.008161972755206427,NQ	sasha_evdakov_fib_retrace	sasha_evdakov_fib_retrace|ny|range=96|entry=150|rr=1.5|sl_atr=1|tp_atr=1.5|threshold=0.05|adx_max=none|adx_min=none|rsi2=none|trend=both|max_bars=28|one_trade=0
futures,NQ,tjr_sweep_retrace,tjr_sweep_retrace|ny|range=15|entry=150|rr=2|sl_atr=1|tp_atr=1.5|threshold=0.05|adx_max=none|adx_min=none|rsi2=none|trend=all|max_bars=24|one_trade=1,ny,15,150,2.0,1.0,1.5,0.05,,,,all,24,True,0.25,3.0,8,-39.212116319173205,180,72,108,40.0,1.0703738793121638,2111.0351010469094,11.727972783593941,180,4213,1.0,0.04272489912176596,0.29907429385236173,36,17,19,47.22222222222222,1.6361709747511126,8803.077048683219,244.5299180189783,36,1417,1.0,0.025405786873676783,0.17784050811573748,180,0.0,0.0,100.0,0.0,0.0,-64.0,180,0.0,0.0,100.0,0.0,0.0,-81.94847022264003,36,0.0,0.0,100.0,0.0,0.0,49.29882741908659,36,0.0,0.0,100.0,0.0,0.0,49.29882741908659,192,74,118,38.54166666666667,0.9466363924610416,-5.228730579262331,-0.02723297176699131,69,28,41,40.57971014492754,1.2240540851056296,7.31740947391014,0.10604941266536434,NQ	tjr_sweep_retrace	tjr_sweep_retrace|ny|range=15|entry=150|rr=2|sl_atr=1|tp_atr=1.5|threshold=0.05|adx_max=none|adx_min=none|rsi2=none|trend=all|max_bars=24|one_trade=1
futures,ES,sasha_evdakov_fib_retrace,sasha_evdakov_fib_retrace|ny|range=96|entry=150|rr=1.5|sl_atr=1|tp_atr=1.5|threshold=0.05|adx_max=none|adx_min=none|rsi2=none|trend=both|max_bars=28|one_trade=0,ny,96,150,1.5,1.0,1.5,0.05,,,,both,28,False,0.25,3.0,4,-43.249519795075116,100,47,53,47.0,0.5678570466178324,-3576.730962472493,-35.76730962472493,69,4170,1.4492753623188406,0.023980815347721823,0.16786570743405277,37,25,12,67.56756756756756,1.5263495211956424,2481.138659535918,67.05780160907887,24,1490,1.5416666666666667,0.024832214765100672,0.1738255033557047,69,0.0,0.0,100.0,0.0,0.0,-20.0,69,0.0,0.0,100.0,0.0,0.0,-17.716140688076848,24,0.0,0.0,100.0,0.0,0.0,180.0,24,0.0,0.0,100.0,0.0,0.0,180.0,100,47,53,47.0,0.7114509912208395,-9.15773060413875,-0.0915773060413875,37,25,12,67.56756756756756,1.1148038418292192,1.0302397830163779,0.027844318459902106,ES	sasha_evdakov_fib_retrace	sasha_evdakov_fib_retrace|ny|range=96|entry=150|rr=1.5|sl_atr=1|tp_atr=1.5|threshold=0.05|adx_max=none|adx_min=none|rsi2=none|trend=both|max_bars=28|one_trade=0
futures,GC,tjr_sweep_retrace,tjr_sweep_retrace|ny|range=15|entry=150|rr=2|sl_atr=1|tp_atr=1.5|threshold=0.05|adx_max=none|adx_min=none|rsi2=none|trend=all|max_bars=24|one_trade=1,ny,15,150,2.0,1.0,1.5,0.05,,,,all,24,True,0.1,3.0,4,-43.290963968581515,116,50,66,43.103448275862064,0.8344090422460624,-1576.6772145304749,-13.592044952848921,116,4110,1.0,0.028223844282238442,0.19756690997566909,38,18,20,47.368421052631575,1.879995460002219,4036.3465951668095,106.21964724123183,38,1534,1.0,0.024771838331160364,0.17340286831812254,116,0.0,0.0,100.0,0.0,0.0,-56.0,116,0.0,0.0,100.0,0.0,0.0,-52.0,38,0.0,0.0,100.0,0.0,0.0,-90.0,38,0.0,0.0,100.0,0.0,0.0,-90.0,116,50,66,43.103448275862064,0.745016941273098,-12.9327750853084,-0.11148944039058965,38,18,20,47.368421052631575,1.2182966365511436,3.4867121581174314,0.09175558310835345,GC	tjr_sweep_retrace	tjr_sweep_retrace|ny|range=15|entry=150|rr=2|sl_atr=1|tp_atr=1.5|threshold=0.05|adx_max=none|adx_min=none|rsi2=none|trend=all|max_bars=24|one_trade=1
futures,GC,tori_trendline_break,tori_trendline_break|ny|range=192|entry=150|rr=1.5|sl_atr=1|tp_atr=1.5|threshold=0.6|adx_max=none|adx_min=none|rsi2=none|trend=all|max_bars=32|one_trade=1,ny,192,150,1.5,1.0,1.5,0.6,,,,all,32,True,0.1,3.0,25,-19.40029098763013,280,118,162,42.142857142857146,0.7722748239864037,-23450.000000000102,-83.75000000000037,280,4215,1.0,0.066429418742586,0.46500593119810196,23,16,7,69.56521739130434,2.7882882882882996,9924.99999999992,431.5217391304313,23,988,1.0,0.02327935222672065,0.16295546558704455,280,0.0,0.0,100.0,0.0,0.0,-181.24999999996362,280,0.0,0.0,100.0,0.0,0.0,-150.00000000002183,23,0.0,0.0,100.0,0.0,0.0,824.9999999999709,23,0.0,0.0,100.0,0.0,0.0,824.9999999999709,694,311,383,44.81268011527377,0.8849990074268672,-30.414251556904198,-0.043824569966720746,236,111,125,47.03389830508475,1.0649485216948082,5.05244042685181,0.02140864587649072,GC	tori_trendline_break	tori_trendline_break|ny|range=192|entry=150|rr=1.5|sl_atr=1|tp_atr=1.5|threshold=0.6|adx_max=none|adx_min=none|rsi2=none|trend=all|max_bars=32|one_trade=1
futures,CL,ross_cameron_gap_go,ross_cameron_gap_go|ny|range=15|entry=150|rr=1.5|sl_atr=1|tp_atr=1.5|threshold=0.65|adx_max=none|adx_min=none|rsi2=none|trend=ema|max_bars=14|one_trade=1,ny,15,150,1.5,1.0,1.5,0.65,,,,ema,14,True,0.01,3.0,25,-41.839181256632244,65,33,32,50.76923076923077,1.229470802919704,6287.499999999904,96.73076923076775,65,4182,1.0,0.015542802486848398,0.10879961740793878,32,17,15,53.125,1.483436853002069,5837.499999999986,182.42187499999957,32,1504,1.0,0.02127659574468085,0.14893617021276595,65,0.0,0.0,100.0,0.0,0.0,-37.499999999970896,65,0.0,0.0,100.0,0.0,0.0,-37.499999999970896,32,0.0,0.0,100.0,0.0,0.0,100.0,32,0.0,0.0,100.0,0.0,0.0,25.000000000007276,121,59,62,48.760330578512395,1.1344759553830428,7.299811205159537,0.060329018224458984,87,39,48,44.827586206896555,0.8786653291781418,-5.157460905971613,-0.05928115983875417,CL	ross_cameron_gap_go	ross_cameron_gap_go|ny|range=15|entry=150|rr=1.5|sl_atr=1|tp_atr=1.5|threshold=0.65|adx_max=none|adx_min=none|rsi2=none|trend=ema|max_bars=14|one_trade=1
futures,GC,sasha_evdakov_fib_retrace,sasha_evdakov_fib_retrace|ny|range=96|entry=150|rr=1.5|sl_atr=1|tp_atr=1.5|threshold=0.05|adx_max=none|adx_min=none|rsi2=none|trend=both|max_bars=28|one_trade=0,ny,96,150,1.5,1.0,1.5,0.05,,,,both,28,False,0.1,3.0,15,-24.680315939760515,162,71,91,43.82716049382716,0.6923989329417363,-10522.158435920222,-64.95159528345816,98,4136,1.653061224489796,0.03916827852998066,0.2741779497098646,12,9,3,75.0,2.9055030743166177,2858.2546114749653,238.18788428958044,7,576,1.7142857142857142,0.020833333333333332,0.14583333333333331,98,0.0,0.0,100.0,0.0,0.0,-105.00000000000728,98,0.0,1.0204081632653061,98.9795918367347,0.0,0.0,-104.10058036482951,7,0.0,0.0,100.0,0.0,0.0,375.00000000001455,7,0.0,0.0,100.0,0.0,0.0,375.00000000001455,241,110,131,45.643153526970956,0.6895368243501607,-17.57811774166741,-0.07293824789073614,73,28,45,38.35616438356164,0.48567637218763826,-12.326967170373663,-0.16886256397772142,GC	sasha_evdakov_fib_retrace	sasha_evdakov_fib_retrace|ny|range=96|entry=150|rr=1.5|sl_atr=1|tp_atr=1.5|threshold=0.05|adx_max=none|adx_min=none|rsi2=none|trend=both|max_bars=28|one_trade=0
futures,YM,tjr_sweep_retrace,tjr_sweep_retrace|ny|range=15|entry=150|rr=2|sl_atr=1|tp_atr=1.5|threshold=0.05|adx_max=none|adx_min=none|rsi2=none|trend=all|max_bars=24|one_trade=1,ny,15,150,2.0,1.0,1.5,0.05,,,,all,24,True,1.0,3.0,30,-46.211871770161544,147,60,87,40.816326530612244,1.033153999456206,1616.8178463966979,10.998760859841482,147,4138,1.0,0.03552440792653456,0.24867085548574192,17,7,10,41.17647058823529,1.3821526127896766,3351.249542277983,197.13232601635195,17,906,1.0,0.018763796909492272,0.13134657836644592,147,0.0,0.0,100.0,0.0,0.0,-241.8394371054892,147,0.0,0.0,100.0,0.0,0.0,-241.8394371054892,17,0.0,0.0,100.0,0.0,0.0,-300.0,17,0.0,0.0,100.0,0.0,0.0,-30.0,192,80,112,41.66666666666667,0.9594596284482284,-3.8519979593882,-0.02006248937181354,69,25,44,36.231884057971016,0.9413921070639254,-2.0412906215691584,-0.029583922051726934,YM	tjr_sweep_retrace	tjr_sweep_retrace|ny|range=15|entry=150|rr=2|sl_atr=1|tp_atr=1.5|threshold=0.05|adx_max=none|adx_min=none|rsi2=none|trend=all|max_bars=24|one_trade=1
futures,YM,sasha_evdakov_fib_retrace,sasha_evdakov_fib_retrace|ny|range=96|entry=150|rr=1.5|sl_atr=1|tp_atr=1.5|threshold=0.05|adx_max=none|adx_min=none|rsi2=none|trend=both|max_bars=28|one_trade=0,ny,96,150,1.5,1.0,1.5,0.05,,,,both,28,False,1.0,3.0,15,-26.535447910103706,99,57,42,57.57575757575758,0.728656326232089,-4842.920249659228,-48.91838636019422,73,4117,1.356164383561644,0.024046635899927133,0.16832645129948992,16,12,4,75.0,2.7370925954723866,3664.2313666569135,229.0144604160571,12,954,1.3333333333333333,0.016771488469601678,0.11740041928721175,73,0.0,0.0,100.0,0.0,0.0,75.0,73,0.0,0.0,100.0,0.0,0.0,75.0,12,0.0,0.0,100.0,0.0,0.0,341.25,12,0.0,0.0,100.0,0.0,0.0,341.25,111,63,48,56.75675675675676,0.9853857441369966,-0.41962737155270485,-0.0037804267707450888,52,34,18,65.38461538461539,1.5574890332234865,6.444512807807231,0.12393293861167752,YM	sasha_evdakov_fib_retrace	sasha_evdakov_fib_retrace|ny|range=96|entry=150|rr=1.5|sl_atr=1|tp_atr=1.5|threshold=0.05|adx_max=none|adx_min=none|rsi2=none|trend=both|max_bars=28|one_trade=0
futures,ES,steven_dux_parabolic_fade,steven_dux_parabolic_fade|ny|range=15|entry=150|rr=1|sl_atr=1|tp_atr=1.5|threshold=2.75|adx_max=none|adx_min=none|rsi2=none|trend=short_only|max_bars=10|one_trade=1,ny,15,150,1.0,1.0,1.5,2.75,,,,short_only,10,True,0.25,3.0,75,-41.998029500497516,254,95,159,37.40157480314961,0.23932361443736574,-104834.162074455,-412.73292155297247,254,4167,1.0,0.06095512359011279,0.42668586513078954,10,7,3,70.0,1.617585368184809,1301.2529243419522,130.12529243419522,10,809,1.0,0.012360939431396786,0.0865265760197775,254,0.0,0.0,100.0,0.0,0.0,-736.9640887666246,254,0.0,0.0,100.0,0.0,0.0,-747.7200626941267,10,0.0,0.0,100.0,0.0,0.0,392.2868932982092,10,0.0,0.0,100.0,0.0,0.0,392.2868932982092,365,137,228,37.534246575342465,0.2760905328741321,-163.64417831072222,-0.4483402145499239,161,79,82,49.06832298136646,0.6998270924363662,-24.61417842021796,-0.1528830957777513,ES	steven_dux_parabolic_fade	steven_dux_parabolic_fade|ny|range=15|entry=150|rr=1|sl_atr=1|tp_atr=1.5|threshold=2.75|adx_max=none|adx_min=none|rsi2=none|trend=short_only|max_bars=10|one_trade=1
futures,YM,umar_ashraf_opening_range_breakout,umar_ashraf_opening_range_breakout|ny|range=15|entry=150|rr=1.5|sl_atr=1|tp_atr=1.5|threshold=0.4|adx_max=none|adx_min=none|rsi2=none|trend=ema|max_bars=16|one_trade=0,ny,15,150,1.5,1.0,1.5,0.4,,,,ema,16,False,1.0,3.0,15,-24.81392583725436,112,46,66,41.07142857142857,1.0350101971447994,772.5,6.897321428571429,112,4136,1.0,0.027079303675048357,0.1895551257253385,15,9,6,60.0,2.5519031141868513,6727.5,448.5,15,1471,1.0,0.010197144799456152,0.07138001359619306,112,0.0,0.0,100.0,0.0,0.0,-76.875,112,0.0,0.0,100.0,0.0,0.0,-138.75,15,0.0,0.0,100.0,0.0,0.0,742.5,15,0.0,0.0,100.0,0.0,0.0,742.5,118,50,68,42.3728813559322,0.9181706061296584,-4.535600774165509,-0.038437294696317875,25,15,10,60.0,2.245890159957712,10.699305446920865,0.4279722178768346,YM	umar_ashraf_opening_range_breakout	umar_ashraf_opening_range_breakout|ny|range=15|entry=150|rr=1.5|sl_atr=1|tp_atr=1.5|threshold=0.4|adx_max=none|adx_min=none|rsi2=none|trend=ema|max_bars=16|one_trade=0
futures,YM,mike_bellafiore_opening_drive,mike_bellafiore_opening_drive|ny|range=15|entry=150|rr=1.5|sl_atr=1|tp_atr=1.5|threshold=0.45|adx_max=none|adx_min=none|rsi2=none|trend=ema|max_bars=16|one_trade=1,ny,15,150,1.5,1.0,1.5,0.45,,,,ema,16,True,1.0,3.0,15,-24.922824900642336,110,44,66,40.0,0.9824949014276003,-386.25,-3.5113636363636362,110,4136,1.0,0.026595744680851064,0.18617021276595744,15,9,6,60.0,2.5519031141868513,6727.5,448.5,15,1471,1.0,0.010197144799456152,0.07138001359619306,110,0.0,0.0,100.0,0.0,0.0,-138.75,110,0.0,0.0,100.0,0.0,0.0,-187.5,15,0.0,0.0,100.0,0.0,0.0,742.5,15,0.0,0.0,100.0,0.0,0.0,742.5,116,48,68,41.37931034482759,0.8729875321048362,-7.039986739077789,-0.06068954085411887,25,15,10,60.0,2.245890159957712,10.699305446920865,0.4279722178768346,YM	mike_bellafiore_opening_drive	mike_bellafiore_opening_drive|ny|range=15|entry=150|rr=1.5|sl_atr=1|tp_atr=1.5|threshold=0.45|adx_max=none|adx_min=none|rsi2=none|trend=ema|max_bars=16|one_trade=1
futures,RTY,mike_bellafiore_opening_drive,mike_bellafiore_opening_drive|ny|range=15|entry=150|rr=1.5|sl_atr=1|tp_atr=1.5|threshold=0.45|adx_max=none|adx_min=none|rsi2=none|trend=ema|max_bars=16|one_trade=1,ny,15,150,1.5,1.0,1.5,0.45,,,,ema,16,True,0.1,3.0,15,-32.806972099970515,22,11,11,50.0,1.2819693094629119,1653.7499999999727,75.17045454545331,22,1338,1.0,0.016442451420029897,0.11509715994020928,14,8,6,57.14285714285714,2.1027667984189504,4184.999999999931,298.9285714285665,14,1376,1.0,0.010174418604651164,0.07122093023255814,22,0.0,0.0,100.0,0.0,0.0,71.25,22,0.0,0.0,100.0,0.0,0.0,202.49999999999272,14,0.0,0.0,100.0,0.0,0.0,153.74999999998545,14,0.0,0.0,100.0,0.0,0.0,153.74999999998545,25,12,13,48.0,1.3959170490954205,4.225033229212697,0.16900132916850785,17,8,9,47.05882352941176,1.262173464632166,1.8856322263928909,0.11091954272899358,RTY	mike_bellafiore_opening_drive	mike_bellafiore_opening_drive|ny|range=15|entry=150|rr=1.5|sl_atr=1|tp_atr=1.5|threshold=0.45|adx_max=none|adx_min=none|rsi2=none|trend=ema|max_bars=16|one_trade=1
futures,RTY,umar_ashraf_opening_range_breakout,umar_ashraf_opening_range_breakout|ny|range=15|entry=150|rr=1.5|sl_atr=1|tp_atr=1.5|threshold=0.4|adx_max=none|adx_min=none|rsi2=none|trend=ema|max_bars=16|one_trade=0,ny,15,150,1.5,1.0,1.5,0.4,,,,ema,16,False,0.1,3.0,15,-33.18795010385031,23,11,12,47.82608695652174,1.088490770901192,611.2499999999795,26.57608695652085,23,1338,1.0,0.0171898355754858,0.12032884902840059,14,8,6,57.14285714285714,2.1027667984189504,4184.999999999931,298.9285714285665,14,1376,1.0,0.010174418604651164,0.07122093023255814,23,0.0,0.0,100.0,0.0,0.0,-37.49999999998545,23,0.0,0.0,100.0,0.0,0.0,179.99999999998545,14,0.0,0.0,100.0,0.0,0.0,153.74999999998545,14,0.0,0.0,100.0,0.0,0.0,153.74999999998545,26,12,14,46.15384615384615,1.2763166799994354,3.2250332292126966,0.12403973958510371,17,8,9,47.05882352941176,1.262173464632166,1.8856322263928909,0.11091954272899358,RTY	umar_ashraf_opening_range_breakout	umar_ashraf_opening_range_breakout|ny|range=15|entry=150|rr=1.5|sl_atr=1|tp_atr=1.5|threshold=0.4|adx_max=none|adx_min=none|rsi2=none|trend=ema|max_bars=16|one_trade=0
futures,NQ,umar_ashraf_opening_range_breakout,umar_ashraf_opening_range_breakout|ny|range=15|entry=150|rr=1.5|sl_atr=1|tp_atr=1.5|threshold=0.4|adx_max=none|adx_min=none|rsi2=none|trend=ema|max_bars=16|one_trade=0,ny,15,150,1.5,1.0,1.5,0.4,,,,ema,16,False,0.25,3.0,10,-14.15871149787393,68,37,31,54.41176470588235,1.0954446854663775,1100.0,16.176470588235293,68,4186,1.0,0.016244624940277116,0.1137123745819398,13,8,5,61.53846153846154,3.8487394957983194,6780.0,521.5384615384615,13,1345,1.0,0.009665427509293681,0.06765799256505577,68,0.0,0.0,100.0,0.0,0.0,45.0,68,0.0,0.0,100.0,0.0,0.0,52.5,13,0.0,0.0,100.0,0.0,0.0,585.0,13,0.0,0.0,100.0,0.0,0.0,585.0,71,38,33,53.52112676056338,1.3597429838028043,9.52096784166634,0.13409813861501887,35,18,17,51.42857142857142,1.3773306789575963,5.436337795940871,0.15532393702688205,NQ	umar_ashraf_opening_range_breakout	umar_ashraf_opening_range_breakout|ny|range=15|entry=150|rr=1.5|sl_atr=1|tp_atr=1.5|threshold=0.4|adx_max=none|adx_min=none|rsi2=none|trend=ema|max_bars=16|one_trade=0
futures,NQ,mike_bellafiore_opening_drive,mike_bellafiore_opening_drive|ny|range=15|entry=150|rr=1.5|sl_atr=1|tp_atr=1.5|threshold=0.45|adx_max=none|adx_min=none|rsi2=none|trend=ema|max_bars=16|one_trade=1,ny,15,150,1.5,1.0,1.5,0.45,,,,ema,16,True,0.25,3.0,10,-14.427449650459815,65,35,30,53.84615384615385,0.9639423076923077,-412.5,-6.346153846153846,65,4186,1.0,0.015527950310559006,0.10869565217391304,13,8,5,61.53846153846154,3.8487394957983194,6780.0,521.5384615384615,13,1345,1.0,0.009665427509293681,0.06765799256505577,65,0.0,0.0,100.0,0.0,0.0,40.0,65,0.0,0.0,100.0,0.0,0.0,50.0,13,0.0,0.0,100.0,0.0,0.0,585.0,13,0.0,0.0,100.0,0.0,0.0,585.0,67,36,31,53.73134328358209,1.3167104789331687,7.970900377522576,0.11896866235108322,34,18,16,52.94117647058824,1.4800601490339507,6.436337795940872,0.18930405282179036,NQ	mike_bellafiore_opening_drive	mike_bellafiore_opening_drive|ny|range=15|entry=150|rr=1.5|sl_atr=1|tp_atr=1.5|threshold=0.45|adx_max=none|adx_min=none|rsi2=none|trend=ema|max_bars=16|one_trade=1
futures,YM,ross_cameron_gap_go,ross_cameron_gap_go|ny|range=15|entry=150|rr=1.5|sl_atr=1|tp_atr=1.5|threshold=0.65|adx_max=none|adx_min=none|rsi2=none|trend=ema|max_bars=14|one_trade=1,ny,15,150,1.5,1.0,1.5,0.65,,,,ema,14,True,1.0,3.0,8,-49.52454796698261,84,37,47,44.047619047619044,1.1181252989000479,988.0,11.761904761904763,84,3909,1.0,0.021488871834228703,0.15042210283960092,14,7,7,50.0,1.319277108433735,1272.0,90.85714285714286,14,1485,1.0,0.009427609427609427,0.06599326599326599,84,0.0,0.0,100.0,0.0,0.0,-46.0,84,0.0,0.0,100.0,0.0,0.0,-48.0,14,0.0,0.0,100.0,0.0,0.0,-106.0,14,0.0,0.0,100.0,0.0,0.0,-106.0,85,38,47,44.70588235294118,0.9013397296306578,-3.658418240159071,-0.04304021459010672,14,7,7,50.0,1.2743658478238251,1.7001783943914464,0.1214413138851033,YM	ross_cameron_gap_go	ross_cameron_gap_go|ny|range=15|entry=150|rr=1.5|sl_atr=1|tp_atr=1.5|threshold=0.65|adx_max=none|adx_min=none|rsi2=none|trend=ema|max_bars=14|one_trade=1
futures,NQ,ross_cameron_gap_go,ross_cameron_gap_go|ny|range=15|entry=150|rr=1.5|sl_atr=1|tp_atr=1.5|threshold=0.65|adx_max=none|adx_min=none|rsi2=none|trend=ema|max_bars=14|one_trade=1,ny,15,150,1.5,1.0,1.5,0.65,,,,ema,14,True,0.25,3.0,10,-14.68089848555446,40,20,20,50.0,0.8522117962466488,-1102.5,-27.5625,40,3534,1.0,0.011318619128466326,0.07923033389926429,11,7,4,63.63636363636363,3.8095238095238093,6195.0,563.1818181818181,11,1345,1.0,0.008178438661710037,0.05724907063197026,40,0.0,0.0,100.0,0.0,0.0,-7.5,40,0.0,0.0,100.0,0.0,0.0,2.5,11,0.0,0.0,100.0,0.0,0.0,425.0,11,0.0,0.0,100.0,0.0,0.0,425.0,41,21,20,51.21951219512195,1.2687195475843431,4.152412966754087,0.10127836504278262,24,13,11,54.166666666666664,1.5600413739559542,5.286042531673592,0.22025177215306635,NQ	ross_cameron_gap_go	ross_cameron_gap_go|ny|range=15|entry=150|rr=1.5|sl_atr=1|tp_atr=1.5|threshold=0.65|adx_max=none|adx_min=none|rsi2=none|trend=ema|max_bars=14|one_trade=1
