market,symbol,phase,side,signal_index,entry_index,exit_index,signal_time,entry_time,exit_time,entry_price,exit_price,gross_units,net_units,r_multiple,tp_units,sl_units,cost_units,exit_reason,bars_held,prior_180d_trades,prior_180d_profit_factor_r,prior_180d_total_r
gold_spot,XAUUSD,momentum,long,3572,3573,3614,2023-12-22 00:45:00+00:00,2023-12-22 01:00:00+00:00,2023-12-22 11:15:00+00:00,2048.23,2057.66,942.9999999999836,931.9999999999836,2.996784565916346,1032,300,11.0,signal,41,10,1.7918006430868079,4.750803858520848
gold_spot,XAUUSD,momentum,long,3631,3632,3632,2023-12-22 15:30:00+00:00,2023-12-22 15:45:00+00:00,2023-12-22 15:45:00+00:00,2062.545,2059.545,-300.0,-311.0,-1.0,1032,300,11.0,sl,0,11,2.2912647374061987,7.747588424437193
gold_spot,XAUUSD,momentum,long,3719,3720,3742,2023-12-26 14:30:00+00:00,2023-12-26 14:45:00+00:00,2023-12-26 20:15:00+00:00,2055.925,2063.725,779.9999999999727,768.9999999999727,2.472668810289301,1032,300,11.0,signal,22,12,1.9639412034910275,6.747588424437193
gold_spot,XAUUSD,momentum,long,3794,3795,3800,2023-12-27 10:15:00+00:00,2023-12-27 10:30:00+00:00,2023-12-27 11:45:00+00:00,2063.865,2067.29,342.5000000000182,331.5000000000182,1.0659163987138849,1032,300,11.0,signal,5,13,2.317179604960928,9.220257234726494
gold_spot,XAUUSD,momentum,long,3827,3828,3851,2023-12-27 18:30:00+00:00,2023-12-27 18:45:00+00:00,2023-12-28 01:30:00+00:00,2076.435,2084.02,758.5000000000036,747.5000000000036,2.403536977491973,1032,300,11.0,signal,23,14,2.469453376205769,10.286173633440379
gold_spot,XAUUSD,momentum,long,3877,3878,3878,2023-12-28 08:00:00+00:00,2023-12-28 08:15:00+00:00,2023-12-28 08:15:00+00:00,2082.165,2079.165,-300.0,-311.0,-1.0,1032,300,11.0,sl,0,15,2.812815801561765,12.689710610932352
gold_spot,XAUUSD,momentum,long,3911,3912,3917,2023-12-28 16:30:00+00:00,2023-12-28 16:45:00+00:00,2023-12-28 18:00:00+00:00,2075.13,2072.13,-300.0,-311.0,-1.0,1032,300,11.0,sl,5,16,2.4612138263665444,11.689710610932352
gold_spot,XAUUSD,momentum,short,3944,3945,3965,2023-12-29 01:45:00+00:00,2023-12-29 02:00:00+00:00,2023-12-29 07:00:00+00:00,2070.805,2073.805,-300.0,-311.0,-1.0,1032,300,11.0,sl,20,17,2.1877456234369284,10.689710610932352
gold_spot,XAUUSD,momentum,short,3983,3984,3990,2023-12-29 11:30:00+00:00,2023-12-29 11:45:00+00:00,2023-12-29 13:15:00+00:00,2067.795,2063.605,419.0000000000055,408.0000000000055,1.3118971061093423,1032,300,11.0,signal,6,18,1.9689710610932356,9.689710610932352
gold_spot,XAUUSD,momentum,short,4015,4016,4022,2023-12-29 19:30:00+00:00,2023-12-29 19:45:00+00:00,2023-12-29 21:15:00+00:00,2067.005,2062.94,406.5000000000055,395.5000000000055,1.2717041800643265,1032,300,11.0,signal,6,19,2.1001607717041697,11.001607717041693
gold_spot,XAUUSD,momentum,short,4033,4034,4052,2024-01-02 01:00:00+00:00,2024-01-02 01:15:00+00:00,2024-01-02 05:45:00+00:00,2069.39,2072.39,-300.0,-311.0,-1.0,1032,300,11.0,sl,18,20,2.2273311897106023,12.27331189710602
gold_spot,XAUUSD,momentum,long,4075,4076,4078,2024-01-02 11:30:00+00:00,2024-01-02 11:45:00+00:00,2024-01-02 12:15:00+00:00,2068.85,2065.85,-300.0,-311.0,-1.0,1032,300,11.0,sl,2,21,2.0248465361005477,11.27331189710602
gold_spot,XAUUSD,momentum,short,4096,4097,4158,2024-01-02 16:45:00+00:00,2024-01-02 17:00:00+00:00,2024-01-03 09:15:00+00:00,2066.185,2058.38,780.4999999999836,769.4999999999836,2.474276527331137,1032,300,11.0,signal,61,22,1.8561093247588352,10.27331189710602
gold_spot,XAUUSD,momentum,short,4198,4199,4199,2024-01-03 19:15:00+00:00,2024-01-03 19:30:00+00:00,2024-01-03 19:30:00+00:00,2038.81,2041.81,-300.0,-311.0,-1.0,1032,300,11.0,sl,0,23,2.0622990353697634,12.747588424437156
gold_spot,XAUUSD,momentum,short,4273,4274,4310,2024-01-04 15:00:00+00:00,2024-01-04 15:15:00+00:00,2024-01-05 01:15:00+00:00,2045.255,2048.255,-300.0,-311.0,-1.0,1032,300,11.0,sl,36,24,1.9036606480336278,11.747588424437156
gold_spot,XAUUSD,momentum,short,4362,4363,4365,2024-01-05 14:15:00+00:00,2024-01-05 14:30:00+00:00,2024-01-05 15:00:00+00:00,2046.94,2049.94,-300.0,-311.0,-1.0,1032,300,11.0,sl,2,25,1.7676848874597972,10.747588424437156
gold_spot,XAUUSD,momentum,short,4457,4458,4459,2024-01-08 15:00:00+00:00,2024-01-08 15:15:00+00:00,2024-01-08 15:30:00+00:00,2029.125,2032.125,-300.0,-311.0,-1.0,1032,300,11.0,sl,1,26,1.6498392282958108,9.747588424437156
gold_spot,XAUUSD,momentum,short,4489,4490,4518,2024-01-09 00:00:00+00:00,2024-01-09 00:15:00+00:00,2024-01-09 07:15:00+00:00,2033.09,2036.09,-300.0,-311.0,-1.0,1032,300,11.0,sl,28,27,1.5467242765273226,8.747588424437156
gold_spot,XAUUSD,momentum,short,4518,4519,4543,2024-01-09 07:15:00+00:00,2024-01-09 07:30:00+00:00,2024-01-09 13:30:00+00:00,2036.515,2039.515,-300.0,-311.0,-1.0,1032,300,11.0,sl,24,28,1.4557404955551272,7.747588424437156
gold_spot,XAUUSD,momentum,short,4611,4612,4613,2024-01-10 07:30:00+00:00,2024-01-10 07:45:00+00:00,2024-01-10 08:00:00+00:00,2031.04,2034.04,-300.0,-311.0,-1.0,1032,300,11.0,sl,1,29,1.3748660235798422,6.747588424437156
gold_spot,XAUUSD,momentum,long,4708,4709,4727,2024-01-11 08:45:00+00:00,2024-01-11 09:00:00+00:00,2024-01-11 13:30:00+00:00,2030.905,2037.535,663.0000000000109,652.0000000000109,2.0964630225080736,1032,300,11.0,signal,18,30,1.3025046539177454,5.747588424437156
gold_spot,XAUUSD,momentum,long,4731,4732,4733,2024-01-11 14:30:00+00:00,2024-01-11 14:45:00+00:00,2024-01-11 15:00:00+00:00,2029.675,2026.675,-300.0,-311.0,-1.0,1032,300,11.0,sl,1,31,1.4128448129971176,7.84405144694523
gold_spot,XAUUSD,momentum,short,4749,4750,4750,2024-01-11 19:00:00+00:00,2024-01-11 19:15:00+00:00,2024-01-11 19:15:00+00:00,2021.065,2024.065,-300.0,-311.0,-1.0,1032,300,11.0,sl,0,32,1.342202572347262,6.84405144694523
futures,RTY,momentum,short,5153,5154,5164,2024-01-18 11:00:00+00:00,2024-01-18 11:15:00+00:00,2024-01-18 13:45:00+00:00,1932.7,1931.4,12.999999999999543,9.999999999999543,0.0330033003300315,500,300,3.0,signal,10,10,1.4332425068120043,0.5247524752475426
gold_spot,XAUUSD,momentum,short,5197,5198,5208,2024-01-18 18:30:00+00:00,2024-01-18 18:45:00+00:00,2024-01-18 21:15:00+00:00,2019.86,2022.86,-300.0,-311.0,-1.0,1032,300,11.0,sl,10,39,1.3429796355841368,8.231511254019269
forex,USDCHF,momentum,long,5581,5582,5699,2024-01-22 09:15:00+00:00,2024-01-22 09:30:00+00:00,2024-01-23 14:45:00+00:00,0.86720002,0.87089998,36.99960000000058,34.99960000000058,0.0697203187251007,200,500,2.0,signal,117,10,1.9246311694360334,0.13446015936254918
forex,AUDUSD,momentum,short,5808,5809,6223,2024-01-24 07:30:00+00:00,2024-01-24 07:45:00+00:00,2024-01-30 15:45:00+00:00,0.65899998,0.65805,9.49980000000017,7.499800000000169,0.0735274509803938,150,100,2.0,signal,414,13,1.347122139254173,0.7401872549019279
futures,RTY,momentum,long,5536,5537,5657,2024-01-24 14:45:00+00:00,2024-01-24 15:00:00+00:00,2024-01-25 23:00:00+00:00,1994.7,1991.0,-37.000000000000455,-40.000000000000455,-0.1320132013201335,500,300,3.0,signal,120,11,1.4604904632152729,0.5577557755775742
forex,USDCHF,momentum,short,5876,5877,5971,2024-01-25 11:00:00+00:00,2024-01-25 11:15:00+00:00,2024-01-26 10:45:00+00:00,0.86479998,0.8635,12.999799999999784,10.999799999999784,0.0219119521912346,200,500,2.0,signal,94,11,2.4040711771071703,0.20418047808764989
futures,RTY,momentum,long,5721,5722,5817,2024-01-26 15:00:00+00:00,2024-01-26 15:15:00+00:00,2024-01-29 16:00:00+00:00,1993.5,1995.0,15.0,12.0,0.0396039603960396,500,300,3.0,signal,95,12,1.3169533169533278,0.42574257425744066
forex,GBPUSD,momentum,long,5979,5980,6167,2024-01-26 15:15:00+00:00,2024-01-26 15:30:00+00:00,2024-01-30 15:00:00+00:00,1.2724,1.2649,-75.0,-77.0,-1.0,20,75,2.0,sl,187,20,1.3088685015290749,0.6558441558441988
futures,HG,momentum,long,5741,5742,5831,2024-01-26 16:30:00+00:00,2024-01-26 16:45:00+00:00,2024-01-29 16:00:00+00:00,3.8625,3.87,15.000000000000568,12.000000000000568,0.1538461538461611,50,75,3.0,signal,89,10,4.012820512820495,3.0128205128204955
forex,USDCHF,momentum,short,6009,6010,6015,2024-01-28 22:15:00+00:00,2024-01-28 22:30:00+00:00,2024-01-28 23:45:00+00:00,0.86519998,0.86404997,11.500100000000346,9.500100000000346,0.0189245019920325,200,500,2.0,signal,5,12,2.5547513047766515,0.22609243027888448
forex,USDCHF,momentum,short,6074,6075,6097,2024-01-29 14:30:00+00:00,2024-01-29 14:45:00+00:00,2024-01-29 20:15:00+00:00,0.86440003,0.86159998,28.000499999999427,26.000499999999427,0.051793824701194,200,500,2.0,signal,22,13,2.684887878248252,0.24501693227091698
forex,USDCHF,momentum,short,6148,6149,6170,2024-01-30 09:00:00+00:00,2024-01-30 09:15:00+00:00,2024-01-30 14:30:00+00:00,0.86290002,0.86140001,15.00009999999996,13.00009999999996,0.0258966135458166,200,500,2.0,signal,21,14,3.041054232133808,0.29681075697211096
gold_spot,XAUUSD,momentum,long,5920,5921,5927,2024-01-30 15:15:00+00:00,2024-01-30 15:30:00+00:00,2024-01-30 17:00:00+00:00,2032.105,2035.945,383.9999999999918,372.9999999999918,1.199356913183253,1032,300,11.0,signal,6,50,1.3381910590187756,10.483922829582037
forex,USDCHF,momentum,short,6174,6175,6264,2024-01-30 15:30:00+00:00,2024-01-30 15:45:00+00:00,2024-01-31 14:00:00+00:00,0.86360002,0.86140001,22.000100000000295,20.000100000000295,0.039840836653387,200,500,2.0,signal,89,15,3.219135354310216,0.3227073705179275
forex,AUDUSD,momentum,short,6228,6229,6259,2024-01-30 17:00:00+00:00,2024-01-30 17:15:00+00:00,2024-01-31 00:45:00+00:00,0.65990001,0.6584,15.00009999999996,13.00009999999996,0.1274519607843133,150,100,2.0,signal,30,14,1.3816039624809215,0.8137147058823218
futures,RTY,momentum,long,5916,5917,5922,2024-01-30 17:45:00+00:00,2024-01-30 18:00:00+00:00,2024-01-30 19:15:00+00:00,2001.5,2007.9,64.00000000000091,61.00000000000091,0.2013201320132043,500,300,3.0,signal,5,13,1.3464373464373574,0.46534653465348025
forex,AUDUSD,momentum,short,6288,6289,6339,2024-01-31 08:00:00+00:00,2024-01-31 08:15:00+00:00,2024-01-31 20:45:00+00:00,0.65805,0.65605003,19.99970000000073,17.99970000000073,0.1764676470588306,150,100,2.0,signal,50,15,1.4413745097128536,0.9411666666666351
futures,6B,momentum,short,6015,6016,6087,2024-01-31 12:00:00+00:00,2024-01-31 12:15:00+00:00,2024-02-01 07:00:00+00:00,1.2691,1.2661,30.0,27.0,0.2621359223300971,30,100,3.0,tp,71,10,4.869565217391674,0.864077669902925
futures,RTY,momentum,long,5991,5992,6017,2024-01-31 13:30:00+00:00,2024-01-31 13:45:00+00:00,2024-01-31 20:00:00+00:00,2006.9,1976.9,-300.0,-303.0,-1.0,500,300,3.0,sl,25,14,1.4963144963145094,0.6666666666666845
gold_spot,XAUUSD,momentum,long,6026,6027,6027,2024-01-31 18:45:00+00:00,2024-01-31 19:00:00+00:00,2024-01-31 19:00:00+00:00,2046.445,2043.445,-300.0,-311.0,-1.0,1032,300,11.0,sl,0,51,1.3768799917021062,11.68327974276529
forex,USDCHF,momentum,short,6288,6289,6295,2024-01-31 20:00:00+00:00,2024-01-31 20:15:00+00:00,2024-01-31 21:45:00+00:00,0.8628,0.86150002,12.999799999999784,10.999799999999784,0.0219119521912346,200,500,2.0,signal,6,16,3.4931055738962535,0.36254820717131453
futures,HG,momentum,long,6034,6035,6076,2024-01-31 20:45:00+00:00,2024-01-31 21:00:00+00:00,2024-02-01 08:15:00+00:00,3.8905,3.853,-75.0,-78.0,-1.0,50,75,3.0,sl,41,11,4.166666666666656,3.1666666666666567
gold_spot,XAUUSD,momentum,long,6085,6086,6086,2024-02-01 10:30:00+00:00,2024-02-01 10:45:00+00:00,2024-02-01 10:45:00+00:00,2035.275,2032.275,-300.0,-311.0,-1.0,1032,300,11.0,sl,0,52,1.3338524919614154,10.68327974276529
forex,USDCHF,momentum,long,6358,6359,6465,2024-02-01 13:30:00+00:00,2024-02-01 13:45:00+00:00,2024-02-02 16:15:00+00:00,0.86154997,0.86619997,46.500000000000426,44.500000000000426,0.088645418326694,200,500,2.0,signal,106,17,3.643785701565735,0.3844601593625491
futures,ES,momentum,short,6091,6092,6094,2024-02-01 15:15:00+00:00,2024-02-01 15:30:00+00:00,2024-02-01 16:00:00+00:00,4899.0,4877.5,86.0,83.0,0.2739273927392739,300,300,3.0,signal,2,10,1.5432098765432098,0.726072607260726
forex,AUDUSD,momentum,short,6417,6418,6509,2024-02-01 16:15:00+00:00,2024-02-01 16:30:00+00:00,2024-02-02 15:15:00+00:00,0.65565002,0.65140003,42.49989999999926,40.49989999999926,0.3970578431372476,150,100,2.0,signal,91,16,1.5241317130428782,1.1176343137254656
futures,ES,momentum,long,6275,6276,6282,2024-02-05 15:15:00+00:00,2024-02-05 15:30:00+00:00,2024-02-05 17:00:00+00:00,4949.5,4957.0,30.0,27.0,0.0891089108910891,300,300,3.0,signal,6,11,1.7481481481481482,0.9999999999999999
futures,ES,momentum,long,6297,6298,6361,2024-02-05 20:45:00+00:00,2024-02-05 21:00:00+00:00,2024-02-06 13:45:00+00:00,4961.0,4967.0,24.0,21.0,0.0693069306930693,300,300,3.0,signal,63,12,1.8148148148148149,1.089108910891089
forex,AUDUSD,momentum,short,6656,6657,6877,2024-02-06 04:15:00+00:00,2024-02-06 04:30:00+00:00,2024-02-08 11:30:00+00:00,0.65149999,0.64950001,19.99980000000012,17.99980000000012,0.1764686274509815,150,100,2.0,signal,220,17,1.7103380642123684,1.5146921568627132
futures,HG,momentum,short,6377,6378,6447,2024-02-06 14:30:00+00:00,2024-02-06 14:45:00+00:00,2024-02-07 09:00:00+00:00,3.7965,3.7715,50.0,47.0,0.6025641025641025,50,75,3.0,tp,69,12,2.083333333333328,2.1666666666666567
futures,ES,momentum,long,6369,6370,6390,2024-02-06 15:45:00+00:00,2024-02-06 16:00:00+00:00,2024-02-06 21:00:00+00:00,4963.0,4975.0,48.0,45.0,0.1485148514851485,300,300,3.0,signal,20,13,1.866666666666667,1.1584158415841583
futures,6B,momentum,long,6563,6564,6643,2024-02-08 11:00:00+00:00,2024-02-08 11:15:00+00:00,2024-02-09 08:00:00+00:00,1.2616,1.2636,20.000000000000018,17.000000000000018,0.1650485436893205,30,100,3.0,signal,79,11,6.043478260870031,1.126213592233022
futures,6B,momentum,long,6647,6648,6670,2024-02-09 09:00:00+00:00,2024-02-09 09:15:00+00:00,2024-02-09 14:45:00+00:00,1.2617,1.2639,21.9999999999998,18.9999999999998,0.1844660194174737,30,100,3.0,signal,22,12,6.7826086956527005,1.2912621359223426
futures,6B,mean_reversion,short,6737,6738,6754,2024-02-12 08:30:00+00:00,2024-02-12 08:45:00+00:00,2024-02-12 12:45:00+00:00,1.263,1.2613,16.999999999998128,13.999999999998128,0.06896551724137,100,200,3.0,signal,16,10,51.333333333333364,0.7438423645320197
futures,6B,momentum,long,6739,6740,6827,2024-02-12 09:00:00+00:00,2024-02-12 09:15:00+00:00,2024-02-13 08:00:00+00:00,1.263,1.2655,25.000000000001688,22.000000000001688,0.2135922330097251,30,100,3.0,signal,87,13,7.6086956521744975,1.4757281553398163
futures,6B,mean_reversion,long,6761,6762,6774,2024-02-12 14:30:00+00:00,2024-02-12 14:45:00+00:00,2024-02-12 17:45:00+00:00,1.2625,1.2637,12.0000000000009,9.000000000000899,0.0443349753694625,100,200,3.0,signal,12,11,55.9999999999994,0.8128078817733897
futures,6B,mean_reversion,short,6782,6783,6806,2024-02-12 19:45:00+00:00,2024-02-12 20:00:00+00:00,2024-02-13 02:45:00+00:00,1.2627,1.2615,11.999999999998678,8.999999999998678,0.0443349753694516,100,200,3.0,signal,23,12,58.9999999999997,0.8571428571428522
futures,ES,momentum,long,6800,6801,6842,2024-02-13 08:30:00+00:00,2024-02-13 08:45:00+00:00,2024-02-13 19:00:00+00:00,5029.0,4954.0,-300.0,-303.0,-1.0,300,300,3.0,sl,41,14,1.977777777777778,1.3069306930693068
futures,HG,momentum,long,6833,6834,7017,2024-02-13 13:30:00+00:00,2024-02-13 13:45:00+00:00,2024-02-15 13:30:00+00:00,3.717,3.742,50.0,47.0,0.6025641025641025,50,75,3.0,tp,183,13,2.3846153846153793,2.7692307692307594
forex,AUDUSD,momentum,long,7323,7324,7374,2024-02-15 01:00:00+00:00,2024-02-15 01:15:00+00:00,2024-02-15 13:45:00+00:00,0.6487,0.65240002,37.00019999999915,35.00019999999915,0.3431392156862661,150,100,2.0,signal,50,18,1.7930957273122938,1.6911607843136947
forex,USDCHF,momentum,long,7289,7290,7525,2024-02-15 07:00:00+00:00,2024-02-15 07:15:00+00:00,2024-02-19 18:00:00+00:00,0.884,0.88284999,-11.500100000000346,-13.500100000000346,-0.0268926294820724,200,500,2.0,signal,235,18,4.253366392241213,0.4731055776892431
futures,6B,momentum,short,7036,7037,7129,2024-02-15 14:15:00+00:00,2024-02-15 14:30:00+00:00,2024-02-16 14:30:00+00:00,1.2576,1.2562,14.00000000000068,11.00000000000068,0.1067961165048609,30,100,3.0,signal,92,14,8.565217391305083,1.6893203883495413
forex,AUDUSD,momentum,long,7384,7385,7476,2024-02-15 16:15:00+00:00,2024-02-15 16:30:00+00:00,2024-02-16 15:15:00+00:00,0.65069997,0.65219998,15.00009999999996,13.00009999999996,0.1274519607843133,150,100,2.0,signal,91,19,1.9540161130960203,2.034299999999961
futures,6B,mean_reversion,short,7122,7123,7129,2024-02-16 12:45:00+00:00,2024-02-16 13:00:00+00:00,2024-02-16 14:30:00+00:00,1.2586,1.2562,23.999999999999577,20.999999999999577,0.1034482758620668,100,200,3.0,signal,6,13,61.99999999999927,0.9014778325123038
futures,6B,mean_reversion,long,7131,7132,7138,2024-02-16 15:00:00+00:00,2024-02-16 15:15:00+00:00,2024-02-16 16:45:00+00:00,1.2581,1.2595,14.00000000000068,11.00000000000068,0.0541871921182299,100,200,3.0,signal,6,14,68.99999999999912,1.0049261083743706
futures,6B,momentum,short,7132,7133,7302,2024-02-16 15:15:00+00:00,2024-02-16 15:30:00+00:00,2024-02-20 11:45:00+00:00,1.2578,1.2592,-14.00000000000068,-17.00000000000068,-0.1650485436893269,30,100,3.0,signal,169,15,9.04347826087037,1.7961165048544023
forex,AUDUSD,momentum,long,7614,7615,7650,2024-02-20 00:00:00+00:00,2024-02-20 00:15:00+00:00,2024-02-20 09:00:00+00:00,0.65280002,0.65434998,15.499599999999614,13.499599999999614,0.1323490196078393,150,100,2.0,signal,35,20,2.0137866603279524,2.161751960784274
futures,ZN,momentum,short,7241,7242,7372,2024-02-20 08:00:00+00:00,2024-02-20 08:15:00+00:00,2024-02-21 17:45:00+00:00,109.796875,109.71875,5.0,2.0,0.0130718954248366,50,150,3.0,signal,130,15,1.8636363636363638,0.2483660130718954
futures,CL,momentum,long,7264,7265,7474,2024-02-20 08:45:00+00:00,2024-02-20 09:00:00+00:00,2024-02-22 15:15:00+00:00,78.1,78.24,14.000000000000057,11.000000000000057,0.0363036303630364,500,300,3.0,signal,209,10,2.3564356435643594,1.3564356435643599
forex,USDCHF,momentum,long,7586,7587,7598,2024-02-20 09:15:00+00:00,2024-02-20 09:30:00+00:00,2024-02-20 12:15:00+00:00,0.8822,0.88209999,-1.0001000000003923,-3.0001000000003923,-0.0059762948207179,200,500,2.0,signal,11,19,3.5895497282693443,0.4462129482071707
futures,6B,mean_reversion,short,7300,7301,7302,2024-02-20 11:15:00+00:00,2024-02-20 11:30:00+00:00,2024-02-20 11:45:00+00:00,1.2592,1.2592,-0.0,-3.0,-0.0147783251231527,100,200,3.0,signal,1,15,72.66666666666602,1.0591133004926006
futures,6B,momentum,long,7381,7382,7404,2024-02-21 08:30:00+00:00,2024-02-21 08:45:00+00:00,2024-02-21 14:15:00+00:00,1.2617,1.2635,18.000000000000238,15.000000000000238,0.1456310679611673,30,100,3.0,signal,22,16,5.200000000000196,1.6310679611650754
forex,GBPUSD,momentum,long,7675,7676,7684,2024-02-21 08:30:00+00:00,2024-02-21 08:45:00+00:00,2024-02-21 10:45:00+00:00,1.2616,1.26185,2.4999999999986144,0.4999999999986144,0.0064935064934885,20,75,2.0,signal,8,28,1.3492723492723582,1.0909090909091128
forex,GBPUSD,momentum,long,7702,7703,7717,2024-02-21 15:15:00+00:00,2024-02-21 15:30:00+00:00,2024-02-21 19:00:00+00:00,1.2618,1.2638,20.0,18.0,0.2337662337662337,20,75,2.0,tp,14,29,1.3513513513513546,1.0974025974026014
futures,6B,mean_reversion,short,7408,7409,7821,2024-02-21 15:15:00+00:00,2024-02-21 15:30:00+00:00,2024-02-28 03:30:00+00:00,1.262,1.2669,-48.99999999999904,-51.99999999999904,-0.2561576354679756,100,200,3.0,signal,412,16,36.33333333333301,1.0443349753694477
futures,6B,momentum,long,7408,7409,7424,2024-02-21 15:15:00+00:00,2024-02-21 15:30:00+00:00,2024-02-21 19:15:00+00:00,1.262,1.2636,16.00000000000046,13.000000000000458,0.1262135922330141,30,100,3.0,signal,15,17,5.5750000000002125,1.7766990291262426
futures,GC,momentum,long,7378,7379,7440,2024-02-21 15:45:00+00:00,2024-02-21 16:00:00+00:00,2024-02-22 08:15:00+00:00,2035.1,2044.2,91.00000000000136,88.00000000000136,0.7787610619469147,300,110,3.0,signal,61,11,1.3805309734513227,1.902654867256613
forex,AUDUSD,momentum,long,7814,7815,7833,2024-02-22 02:00:00+00:00,2024-02-22 02:15:00+00:00,2024-02-22 06:45:00+00:00,0.65439999,0.65705001,26.5001999999992,24.5001999999992,0.2401980392156784,150,100,2.0,signal,18,21,2.0758537582281353,2.2941009803921135
forex,GBPUSD,momentum,long,7745,7746,7765,2024-02-22 02:00:00+00:00,2024-02-22 02:15:00+00:00,2024-02-22 07:00:00+00:00,1.26325,1.26525,20.0,18.0,0.2337662337662337,20,75,2.0,tp,19,30,1.42619542619543,1.331168831168835
forex,AUDUSD,momentum,long,7857,7858,7910,2024-02-22 12:45:00+00:00,2024-02-22 13:00:00+00:00,2024-02-23 02:00:00+00:00,0.65689999,0.65714997,2.49979999999983,0.4997999999998299,0.0048999999999983,150,100,2.0,signal,52,22,2.188498304138685,2.5342990196077917
futures,HG,momentum,long,7468,7469,7472,2024-02-22 13:45:00+00:00,2024-02-22 14:00:00+00:00,2024-02-22 14:45:00+00:00,3.8695,3.8945,50.0,47.0,0.6025641025641025,50,75,3.0,tp,3,14,2.6858974358974304,3.371794871794862
forex,USDCHF,momentum,long,7824,7825,7898,2024-02-22 20:45:00+00:00,2024-02-22 21:00:00+00:00,2024-02-23 15:15:00+00:00,0.88,0.88099998,9.999800000000114,7.999800000000114,0.0159358565737054,200,500,2.0,signal,73,20,3.4692272282382586,0.44023665338645285
forex,AUDUSD,momentum,long,7938,7939,7953,2024-02-23 09:00:00+00:00,2024-02-23 09:15:00+00:00,2024-02-23 12:45:00+00:00,0.65600002,0.65780002,18.000000000000238,16.000000000000238,0.1568627450980415,150,100,2.0,signal,14,23,2.190796234116647,2.53919901960779
futures,6B,momentum,long,7569,7570,7575,2024-02-23 09:30:00+00:00,2024-02-23 09:45:00+00:00,2024-02-23 11:00:00+00:00,1.2653,1.2676,22.999999999999687,19.999999999999687,0.1941747572815503,30,100,3.0,signal,5,18,5.900000000000234,1.9029126213592567
forex,GBPUSD,momentum,long,7871,7872,7875,2024-02-23 09:30:00+00:00,2024-02-23 09:45:00+00:00,2024-02-23 10:30:00+00:00,1.265,1.267,20.0,18.0,0.2337662337662337,20,75,2.0,tp,3,31,1.5010395010395055,1.5649350649350686
forex,AUDUSD,momentum,long,7965,7966,8447,2024-02-23 15:45:00+00:00,2024-02-23 16:00:00+00:00,2024-03-01 16:15:00+00:00,0.65600002,0.65319997,-28.00050000000054,-30.00050000000054,-0.2941225490196131,150,100,2.0,signal,481,24,2.264359418685299,2.6960617647058314
futures,HG,momentum,short,7570,7571,7634,2024-02-23 16:15:00+00:00,2024-02-23 16:30:00+00:00,2024-02-26 09:15:00+00:00,3.8705,3.8565,27.99999999999958,24.99999999999958,0.3205128205128151,50,75,3.0,signal,63,15,2.9871794871794815,3.9743589743589647
forex,GBPUSD,momentum,long,7988,7989,8011,2024-02-26 14:45:00+00:00,2024-02-26 15:00:00+00:00,2024-02-26 20:30:00+00:00,1.2681,1.26875,6.500000000000394,4.500000000000394,0.0584415584415635,20,75,2.0,signal,22,32,1.5758835758835807,1.7987012987013022
forex,USDCHF,momentum,short,7992,7993,8059,2024-02-26 14:45:00+00:00,2024-02-26 15:00:00+00:00,2024-02-27 07:30:00+00:00,0.88050002,0.87879997,17.00050000000064,15.000500000000638,0.0298814741035869,200,500,2.0,signal,66,21,3.5586092700432856,0.45617250996015823
futures,CL,momentum,short,7656,7657,8021,2024-02-26 14:45:00+00:00,2024-02-26 15:00:00+00:00,2024-03-01 14:00:00+00:00,76.93,79.93,-300.0,-303.0,-1.0,500,300,3.0,sl,364,11,2.3927392739273956,1.3927392739273963
futures,ZN,momentum,short,7660,7661,7726,2024-02-26 20:45:00+00:00,2024-02-26 21:00:00+00:00,2024-02-27 14:15:00+00:00,109.71875,109.640625,5.0,2.0,0.0130718954248366,50,150,3.0,signal,65,16,1.909090909090909,0.261437908496732
forex,GBPUSD,momentum,long,8065,8066,8072,2024-02-27 10:00:00+00:00,2024-02-27 10:15:00+00:00,2024-02-27 11:45:00+00:00,1.2675,1.2689,13.999999999998458,11.999999999998458,0.1558441558441358,20,75,2.0,signal,6,33,1.5945945945946012,1.8571428571428656
forex,USDCHF,momentum,short,8069,8070,8080,2024-02-27 10:00:00+00:00,2024-02-27 10:15:00+00:00,2024-02-27 12:45:00+00:00,0.88069999,0.8793,13.999900000000176,11.999900000000176,0.0239041832669326,200,500,2.0,signal,10,22,3.726210374832948,0.4860539840637451
futures,6B,momentum,long,7755,7756,7762,2024-02-27 10:00:00+00:00,2024-02-27 10:15:00+00:00,2024-02-27 11:45:00+00:00,1.2676,1.2691,14.999999999998348,11.999999999998348,0.116504854368916,30,100,3.0,signal,6,19,6.40000000000024,2.097087378640807
futures,6B,momentum,long,7768,7769,7780,2024-02-27 13:15:00+00:00,2024-02-27 13:30:00+00:00,2024-02-27 16:15:00+00:00,1.2681,1.2693,12.0000000000009,9.000000000000899,0.0873786407767077,30,100,3.0,signal,11,20,6.700000000000208,2.213592233009723
forex,USDCHF,momentum,short,8085,8086,8096,2024-02-27 14:00:00+00:00,2024-02-27 14:15:00+00:00,2024-02-27 16:45:00+00:00,0.88010001,0.8793,8.000100000000732,6.000100000000732,0.0119523904382484,200,500,2.0,signal,10,23,3.8602856721473984,0.5099581673306777
futures,HG,momentum,short,7753,7754,7780,2024-02-27 16:00:00+00:00,2024-02-27 16:15:00+00:00,2024-02-27 23:45:00+00:00,3.8535,3.845,16.99999999999946,13.99999999999946,0.1794871794871725,50,75,3.0,signal,26,16,3.147435897435889,4.29487179487178
futures,ZN,momentum,short,7765,7766,7819,2024-02-28 01:00:00+00:00,2024-02-28 01:15:00+00:00,2024-02-28 14:30:00+00:00,109.6875,109.65625,2.0,-1.0,-0.0065359477124183,50,150,3.0,signal,53,17,1.9545454545454544,0.2745098039215686
forex,USDCHF,momentum,long,8167,8168,8285,2024-02-28 10:30:00+00:00,2024-02-28 10:45:00+00:00,2024-02-29 16:00:00+00:00,0.87989998,0.88069999,8.000099999999621,6.000099999999621,0.0119523904382462,200,500,2.0,signal,117,24,3.927324996759813,0.521910557768926
futures,6B,momentum,short,7874,7875,7945,2024-02-28 16:45:00+00:00,2024-02-28 17:00:00+00:00,2024-02-29 11:30:00+00:00,1.267,1.2656,13.999999999998458,10.999999999998458,0.1067961165048394,30,100,3.0,signal,70,21,6.925000000000238,2.3009708737864307
futures,HG,momentum,short,7850,7851,7995,2024-02-28 17:15:00+00:00,2024-02-28 17:30:00+00:00,2024-03-01 07:30:00+00:00,3.843,3.8355,14.99999999999968,11.99999999999968,0.1538461538461497,50,75,3.0,signal,144,17,3.2371794871794752,4.474358974358952
futures,6B,mean_reversion,long,7933,7934,8067,2024-02-29 08:30:00+00:00,2024-02-29 08:45:00+00:00,2024-03-01 19:00:00+00:00,1.2669,1.2659,-9.9999999999989,-12.9999999999989,-0.0640394088669896,100,200,3.0,signal,133,17,3.758620689655199,0.7881773399014722
forex,GBPUSD,momentum,short,8253,8254,8263,2024-02-29 09:00:00+00:00,2024-02-29 09:15:00+00:00,2024-02-29 11:30:00+00:00,1.2667,1.2655,11.999999999998678,9.999999999998678,0.1298701298701127,20,75,2.0,signal,9,34,1.644490644490645,2.0129870129870016
futures,6E,momentum,long,7945,7946,7958,2024-02-29 11:15:00+00:00,2024-02-29 11:30:00+00:00,2024-02-29 14:30:00+00:00,1.08435,1.085,13.000000000000789,10.000000000000789,0.0198807157057669,200,500,3.0,signal,12,12,1.379310344827556,0.15308151093438196
forex,GBPUSD,momentum,short,8273,8274,8280,2024-02-29 14:00:00+00:00,2024-02-29 14:15:00+00:00,2024-02-29 15:45:00+00:00,1.26645,1.26445,20.0,18.0,0.2337662337662337,20,75,2.0,tp,6,35,1.6860706860706813,2.1428571428571144
futures,6B,momentum,short,7955,7956,7964,2024-02-29 14:00:00+00:00,2024-02-29 14:15:00+00:00,2024-02-29 16:15:00+00:00,1.2665,1.2638,26.999999999999247,23.999999999999247,0.2330097087378567,30,100,3.0,signal,8,22,7.200000000000207,2.40776699029127
forex,GBPUSD,momentum,short,8359,8360,8365,2024-03-01 11:30:00+00:00,2024-03-01 11:45:00+00:00,2024-03-01 13:00:00+00:00,1.26435,1.263,13.500000000001844,11.500000000001844,0.1493506493506733,20,75,2.0,signal,5,36,1.7609147609147566,2.376623376623348
futures,6B,momentum,short,8037,8038,8045,2024-03-01 11:30:00+00:00,2024-03-01 11:45:00+00:00,2024-03-01 13:30:00+00:00,1.2645,1.2633,11.999999999998678,8.999999999998678,0.0873786407766862,30,100,3.0,signal,7,23,7.800000000000207,2.640776699029127
futures,HG,momentum,short,8025,8026,8093,2024-03-01 15:00:00+00:00,2024-03-01 15:15:00+00:00,2024-03-04 09:00:00+00:00,3.844,3.8815,-75.0,-78.0,-1.0,50,75,3.0,sl,67,18,3.31410256410255,4.628205128205102
futures,6B,momentum,short,8053,8054,8330,2024-03-01 15:30:00+00:00,2024-03-01 15:45:00+00:00,2024-03-06 15:45:00+00:00,1.2644,1.2744,-100.0,-103.0,-1.0,30,100,3.0,sl,276,24,8.02500000000018,2.728155339805813
forex,USDCHF,momentum,short,8448,8449,8664,2024-03-04 08:45:00+00:00,2024-03-04 09:00:00+00:00,2024-03-06 14:45:00+00:00,0.88230002,0.88270003,-4.000100000000062,-6.000100000000062,-0.0119523904382471,200,500,2.0,signal,215,25,3.9943643213722155,0.5338629482071723
forex,AUDUSD,momentum,long,8532,8533,8726,2024-03-04 13:30:00+00:00,2024-03-04 13:45:00+00:00,2024-03-06 14:00:00+00:00,0.65130001,0.6541,27.999899999999744,25.999899999999744,0.2549009803921543,150,100,2.0,signal,193,25,1.9898877012823137,2.4019392156862183
futures,HG,momentum,long,8125,8126,8190,2024-03-04 17:00:00+00:00,2024-03-04 17:15:00+00:00,2024-03-05 10:15:00+00:00,3.854,3.8695,30.99999999999969,27.99999999999969,0.358974358974355,50,75,3.0,signal,64,19,2.2094017094017,3.628205128205102
futures,6B,mean_reversion,short,8222,8223,8505,2024-03-05 11:45:00+00:00,2024-03-05 12:00:00+00:00,2024-03-08 13:30:00+00:00,1.268,1.288,-200.0,-203.0,-1.0,100,200,3.0,sl,282,18,3.070422535211328,0.7241379310344827
forex,GBPUSD,momentum,long,8602,8603,8633,2024-03-06 00:15:00+00:00,2024-03-06 00:30:00+00:00,2024-03-06 08:00:00+00:00,1.26965,1.27165,20.0,18.0,0.2337662337662337,20,75,2.0,tp,30,37,1.8087318087318123,2.5259740259740213
futures,6A,mean_reversion,long,8276,8277,8287,2024-03-06 02:00:00+00:00,2024-03-06 02:15:00+00:00,2024-03-06 04:45:00+00:00,0.65075,0.6516,16.999999999998128,13.999999999998128,0.06896551724137,50,200,3.0,signal,10,13,1.349753694581254,0.34975369458125416
futures,6A,mean_reversion,short,8301,8302,8414,2024-03-06 08:15:00+00:00,2024-03-06 08:30:00+00:00,2024-03-07 13:30:00+00:00,0.6516,0.6616,-200.0,-203.0,-1.0,50,200,3.0,sl,112,14,1.418719211822624,0.41871921182262417
forex,GBPUSD,momentum,long,8652,8653,8657,2024-03-06 12:45:00+00:00,2024-03-06 13:00:00+00:00,2024-03-06 14:00:00+00:00,1.27075,1.27275,20.0,18.0,0.2337662337662337,20,75,2.0,tp,4,38,1.8835758835758878,2.759740259740255
futures,6E,momentum,long,8413,8414,8419,2024-03-07 13:15:00+00:00,2024-03-07 13:30:00+00:00,2024-03-07 14:45:00+00:00,1.0885,1.09045,38.999999999997925,35.999999999997925,0.0715705765407513,200,500,3.0,signal,5,13,1.428571428571402,0.17296222664014888
forex,AUDUSD,momentum,long,8969,8970,9105,2024-03-11 02:45:00+00:00,2024-03-11 03:00:00+00:00,2024-03-12 12:45:00+00:00,0.66095001,0.66390002,29.500100000000582,27.500100000000582,0.2696088235294174,150,100,2.0,signal,135,26,2.094937547626119,2.6568401960783725
futures,6E,momentum,long,8599,8600,8778,2024-03-11 12:45:00+00:00,2024-03-11 13:00:00+00:00,2024-03-13 11:30:00+00:00,1.0933,1.0941,16.00000000000268,13.00000000000268,0.0258449304175003,200,500,3.0,signal,178,14,1.6059113300492234,0.24453280318090018
forex,GBPUSD,momentum,long,8940,8941,9039,2024-03-11 12:45:00+00:00,2024-03-11 13:00:00+00:00,2024-03-12 13:30:00+00:00,1.2824,1.2749,-75.0,-77.0,-1.0,20,75,2.0,sl,98,39,1.958419958419963,2.9935064935064886
forex,USDCHF,momentum,short,8944,8945,9040,2024-03-11 12:45:00+00:00,2024-03-11 13:00:00+00:00,2024-03-12 12:45:00+00:00,0.87779999,0.87489998,29.000099999999527,27.000099999999527,0.0537850597609552,200,500,2.0,signal,95,26,3.743408728467559,0.5219105577689251
futures,6B,momentum,long,8598,8599,8864,2024-03-11 12:45:00+00:00,2024-03-11 13:00:00+00:00,2024-03-14 10:15:00+00:00,1.2825,1.2821,-3.99999999999956,-6.99999999999956,-0.0679611650485394,30,100,3.0,signal,265,25,2.2447552447552463,1.728155339805813
forex,USDCHF,momentum,short,9041,9042,9147,2024-03-12 13:00:00+00:00,2024-03-12 13:15:00+00:00,2024-03-13 15:30:00+00:00,0.87830001,0.87669998,16.000299999999744,14.000299999999744,0.0278890438247006,200,500,2.0,signal,105,27,4.026128440136398,0.5756956175298803
futures,HG,momentum,long,8711,8712,8729,2024-03-13 01:30:00+00:00,2024-03-13 01:45:00+00:00,2024-03-13 06:00:00+00:00,3.925,3.95,50.0,47.0,0.6025641025641025,50,75,3.0,tp,17,20,2.3290598290598186,3.987179487179457
forex,GBPUSD,momentum,short,9115,9116,9119,2024-03-13 08:30:00+00:00,2024-03-13 08:45:00+00:00,2024-03-13 09:30:00+00:00,1.27995,1.27795,20.0,18.0,0.2337662337662337,20,75,2.0,tp,3,40,1.483464566929135,1.9935064935064886
forex,USDCHF,momentum,short,9149,9150,9662,2024-03-13 16:00:00+00:00,2024-03-13 16:15:00+00:00,2024-03-21 01:15:00+00:00,0.87809998,0.88450003,-64.0004999999999,-66.0004999999999,-0.1314750996015934,200,500,2.0,signal,512,28,4.172726444561465,0.6035846613545809
forex,GBPUSD,momentum,short,9152,9153,9193,2024-03-13 17:45:00+00:00,2024-03-13 18:00:00+00:00,2024-03-14 04:00:00+00:00,1.28075,1.27875,20.0,18.0,0.2337662337662337,20,75,2.0,tp,40,41,1.5401574803149622,2.227272727272722
forex,AUDUSD,momentum,long,9258,9259,9553,2024-03-14 03:00:00+00:00,2024-03-14 03:15:00+00:00,2024-03-19 05:45:00+00:00,0.66165,0.65165,-100.0,-102.0,-1.0,150,100,2.0,sl,294,27,2.20604879341704,2.92644901960779
forex,GBPUSD,momentum,short,9209,9210,9227,2024-03-14 08:00:00+00:00,2024-03-14 08:15:00+00:00,2024-03-14 12:30:00+00:00,1.2809,1.2789,20.0,18.0,0.2337662337662337,20,75,2.0,tp,17,42,1.5968503937007892,2.461038961038956
futures,YM,momentum,short,8905,8906,8923,2024-03-15 09:00:00+00:00,2024-03-15 09:15:00+00:00,2024-03-15 13:30:00+00:00,39365.0,39214.0,151.0,148.0,0.294234592445328,300,500,3.0,signal,17,10,1.316814159292035,0.35586481113320045
futures,CL,momentum,long,8981,8982,9016,2024-03-18 00:00:00+00:00,2024-03-18 00:15:00+00:00,2024-03-18 08:45:00+00:00,80.6,81.5,90.00000000000057,87.00000000000057,0.287128712871289,500,300,3.0,signal,34,14,1.382838283828384,0.7656765676567683
forex,GBPUSD,momentum,short,9412,9413,9427,2024-03-18 11:45:00+00:00,2024-03-18 12:00:00+00:00,2024-03-18 15:30:00+00:00,1.2742,1.2722,20.0,18.0,0.2337662337662337,20,75,2.0,tp,14,43,1.6535433070866163,2.6948051948051894
futures,HG,momentum,long,9095,9096,9103,2024-03-19 05:30:00+00:00,2024-03-19 05:45:00+00:00,2024-03-19 07:30:00+00:00,4.1065,4.11,7.0000000000014495,4.0000000000014495,0.0512820512820698,50,75,3.0,signal,7,21,2.529914529914519,4.589743589743559
futures,GC,momentum,short,9214,9215,9221,2024-03-20 13:45:00+00:00,2024-03-20 14:00:00+00:00,2024-03-20 15:30:00+00:00,2161.0,2159.4,15.99999999999909,12.99999999999909,0.1150442477876025,300,110,3.0,signal,6,12,1.5362831858407056,2.681415929203528
forex,AUDUSD,momentum,short,9698,9699,9825,2024-03-20 18:00:00+00:00,2024-03-20 18:15:00+00:00,2024-03-22 01:45:00+00:00,0.65469998,0.65609998,-14.00000000000068,-16.00000000000068,-0.1568627450980458,150,100,2.0,signal,126,28,1.5622244997576373,1.92644901960779
futures,HG,momentum,short,9238,9239,9262,2024-03-20 18:15:00+00:00,2024-03-20 18:30:00+00:00,2024-03-21 01:15:00+00:00,4.07,4.1075,-75.0,-78.0,-1.0,50,75,3.0,sl,23,22,2.5470085470085424,4.641025641025629
forex,USDCHF,momentum,short,9690,9691,10199,2024-03-21 08:15:00+00:00,2024-03-21 08:30:00+00:00,2024-03-28 16:30:00+00:00,0.88709998,0.90060002,-135.00039999999936,-137.00039999999936,-0.2729091633466122,200,500,2.0,signal,508,29,2.4674697124118685,0.47210956175298746
futures,6E,momentum,long,9333,9334,9593,2024-03-21 13:30:00+00:00,2024-03-21 13:45:00+00:00,2024-03-26 09:30:00+00:00,1.0935,1.089,-89.99999999999896,-92.99999999999896,-0.1848906560636162,200,500,3.0,signal,259,15,1.6699507389162314,0.27037773359840045
forex,AUDUSD,momentum,short,9916,9917,9926,2024-03-25 01:30:00+00:00,2024-03-25 01:45:00+00:00,2024-03-25 04:00:00+00:00,0.65319997,0.65270001,4.99959999999966,2.99959999999966,0.0294078431372515,150,100,2.0,signal,9,29,1.4938372194190466,1.7695862745097442
futures,GC,momentum,short,9441,9442,9565,2024-03-25 01:30:00+00:00,2024-03-25 01:45:00+00:00,2024-03-26 09:30:00+00:00,2176.5,2187.5,-110.0,-113.0,-1.0,300,110,3.0,sl,123,13,1.559292035398226,2.7964601769911304
futures,ZN,momentum,long,9457,9458,9471,2024-03-25 09:15:00+00:00,2024-03-25 09:30:00+00:00,2024-03-25 12:45:00+00:00,110.6875,110.71875,2.0,-1.0,-0.0065359477124183,50,150,3.0,signal,13,18,1.911111111111111,0.2679738562091503
forex,AUDUSD,momentum,long,10020,10021,10044,2024-03-26 03:30:00+00:00,2024-03-26 03:45:00+00:00,2024-03-26 09:30:00+00:00,0.65359998,0.65530002,17.000400000000138,15.000400000000138,0.1470627450980405,150,100,2.0,signal,23,30,1.5020440458921074,1.7989941176469957
forex,GBPUSD,mean_reversion,short,9969,9970,10002,2024-03-26 08:00:00+00:00,2024-03-26 08:15:00+00:00,2024-03-26 16:15:00+00:00,1.26455,1.2628,17.500000000001403,15.500000000001403,0.0767326732673336,100,200,2.0,signal,32,10,1.4444444444445503,0.13861386138616705
futures,CL,momentum,long,9574,9575,9580,2024-03-26 10:15:00+00:00,2024-03-26 10:30:00+00:00,2024-03-26 11:45:00+00:00,81.65,82.24,58.99999999999892,55.99999999999892,0.1848184818481812,500,300,3.0,signal,5,15,1.5264026402640285,1.0528052805280572
forex,GBPUSD,momentum,long,9986,9987,10311,2024-03-26 12:15:00+00:00,2024-03-26 12:30:00+00:00,2024-03-31 22:30:00+00:00,1.2645,1.2635,-9.9999999999989,-11.9999999999989,-0.1558441558441415,20,75,2.0,signal,324,44,1.7102362204724435,2.928571428571423
futures,6B,momentum,long,9604,9605,9893,2024-03-26 12:15:00+00:00,2024-03-26 12:30:00+00:00,2024-04-01 15:30:00+00:00,1.2649,1.2549,-100.0,-103.0,-1.0,30,100,3.0,sl,288,26,2.140000000000007,1.6601941747572735
forex,AUDUSD,momentum,long,10056,10057,10379,2024-03-26 12:30:00+00:00,2024-03-26 12:45:00+00:00,2024-03-31 22:15:00+00:00,0.65460002,0.65329999,-13.000299999998964,-15.000299999998964,-0.1470617647058722,150,100,2.0,signal,322,31,1.543084744594107,1.946056862745036
futures,ZN,momentum,short,9580,9581,9840,2024-03-26 17:00:00+00:00,2024-03-26 17:15:00+00:00,2024-04-01 13:00:00+00:00,110.59375,110.5,6.0,3.0,0.0196078431372549,50,150,3.0,signal,259,19,1.8695652173913044,0.26143790849673204
futures,YM,momentum,long,9654,9655,9659,2024-03-27 12:15:00+00:00,2024-03-27 12:30:00+00:00,2024-03-27 13:30:00+00:00,39817.0,39875.0,58.0,55.0,0.1093439363817097,300,500,3.0,signal,4,11,1.5787610619469021,0.6500994035785285
futures,HG,momentum,short,9693,9694,9739,2024-03-27 17:00:00+00:00,2024-03-27 17:15:00+00:00,2024-03-28 05:30:00+00:00,4.0015,4.039,-75.0,-78.0,-1.0,50,75,3.0,sl,45,23,1.9102564102564068,3.641025641025629
forex,GBPUSD,mean_reversion,long,10134,10135,10190,2024-03-28 01:15:00+00:00,2024-03-28 01:30:00+00:00,2024-03-28 15:15:00+00:00,1.2626,1.2626,0.0,-2.0,-0.0099009900990099,100,200,2.0,signal,55,11,1.6904761904763264,0.21534653465350065
forex,GBPUSD,mean_reversion,short,10199,10200,10207,2024-03-28 17:30:00+00:00,2024-03-28 17:45:00+00:00,2024-03-28 19:30:00+00:00,1.2625,1.2622,2.9999999999996696,0.9999999999996696,0.0049504950495033,100,200,2.0,signal,7,12,1.6384615384616683,0.20544554455449074
forex,GBPUSD,mean_reversion,short,10291,10292,10301,2024-03-29 16:30:00+00:00,2024-03-29 16:45:00+00:00,2024-03-29 19:00:00+00:00,1.26295,1.26175,12.0000000000009,10.0000000000009,0.0495049504950539,100,200,2.0,signal,9,13,1.6538461538462792,0.21039603960399403
forex,AUDUSD,momentum,long,10392,10393,10594,2024-04-01 01:30:00+00:00,2024-04-01 01:45:00+00:00,2024-04-03 04:00:00+00:00,0.65265,0.65195,-6.999999999999229,-8.999999999999229,-0.0882352941176395,150,100,2.0,signal,201,32,1.4822524729901938,1.7989950980391638
forex,GBPUSD,mean_reversion,short,10323,10324,10353,2024-04-01 01:30:00+00:00,2024-04-01 01:45:00+00:00,2024-04-01 09:00:00+00:00,1.26305,1.2622,8.500000000000174,6.500000000000174,0.032178217821783,100,200,2.0,signal,29,14,1.8076923076924514,0.25990099009904793
forex,GBPUSD,momentum,long,10324,10325,10378,2024-04-01 01:45:00+00:00,2024-04-01 02:00:00+00:00,2024-04-01 15:15:00+00:00,1.2627,1.2552,-75.0,-77.0,-1.0,20,75,2.0,sl,53,45,1.6479514415781564,2.7727272727272814
futures,HG,momentum,long,9857,9858,9861,2024-04-01 12:00:00+00:00,2024-04-01 12:15:00+00:00,2024-04-01 13:00:00+00:00,4.0265,4.051500000000001,50.0,47.0,0.6025641025641025,50,75,3.0,tp,3,24,1.5282051282051254,2.641025641025629
forex,GBPUSD,momentum,short,10543,10544,10551,2024-04-03 08:30:00+00:00,2024-04-03 08:45:00+00:00,2024-04-03 10:30:00+00:00,1.258,1.2569,11.000000000001007,9.000000000001009,0.1168831168831299,20,75,2.0,signal,7,46,1.3357933579335837,1.7727272727272814
futures,NQ,momentum,short,10029,10030,10051,2024-04-03 14:00:00+00:00,2024-04-03 14:15:00+00:00,2024-04-03 19:30:00+00:00,18370.25,18333.5,147.0,144.0,0.4272997032640949,500,334,3.0,signal,21,28,1.304019422713785,3.3442136498516324
forex,USDCHF,momentum,long,10569,10570,10827,2024-04-03 14:00:00+00:00,2024-04-03 14:15:00+00:00,2024-04-08 08:30:00+00:00,0.90675002,0.90579998,-9.500400000000964,-11.500400000000964,-0.0229091633466154,200,500,2.0,signal,257,30,1.335001216071441,0.19920039840637527
futures,YM,momentum,short,10097,10098,10138,2024-04-04 08:00:00+00:00,2024-04-04 08:15:00+00:00,2024-04-04 18:15:00+00:00,39580.0,39280.0,300.0,297.0,0.5904572564612326,300,500,3.0,tp,40,12,1.6761061946902651,0.7594433399602382
forex,USDCAD,mean_reversion,long,10688,10689,10699,2024-04-04 15:15:00+00:00,2024-04-04 15:30:00+00:00,2024-04-04 18:00:00+00:00,1.3496,1.3516,20.0,18.0,0.2337662337662337,20,75,2.0,tp,10,17,1.3490566037735787,0.7207792207792065
forex,AUDUSD,momentum,long,10777,10778,10828,2024-04-05 01:45:00+00:00,2024-04-05 02:00:00+00:00,2024-04-05 14:30:00+00:00,0.65705001,0.65689999,-1.5001999999997295,-3.500199999999729,-0.0343156862745071,150,100,2.0,signal,50,33,1.4480028159113254,1.7107598039215244
forex,GBPUSD,momentum,long,10708,10709,10751,2024-04-05 01:45:00+00:00,2024-04-05 02:00:00+00:00,2024-04-05 12:30:00+00:00,1.26275,1.2645,17.499999999999183,15.499999999999185,0.2012987012986906,20,75,2.0,signal,42,47,1.3579335793358003,1.8896103896104113
futures,ZN,momentum,long,10189,10190,10392,2024-04-05 08:15:00+00:00,2024-04-05 08:30:00+00:00,2024-04-09 13:00:00+00:00,109.953125,109.5625,-25.0,-28.0,-0.1830065359477124,50,150,3.0,signal,202,20,1.9347826086956523,0.28104575163398693
futures,NQ,momentum,short,10213,10214,10217,2024-04-05 14:00:00+00:00,2024-04-05 14:15:00+00:00,2024-04-05 15:00:00+00:00,18239.0,18322.5,-334.0,-337.0,-1.0,500,334,3.0,sl,3,29,1.342864850283248,3.7715133531157274
forex,AUDUSD,momentum,long,10858,10859,10867,2024-04-08 00:00:00+00:00,2024-04-08 00:15:00+00:00,2024-04-08 02:15:00+00:00,0.65630001,0.65820003,19.00020000000002,17.00020000000002,0.1666686274509806,150,100,2.0,signal,8,34,1.4351064157326683,1.6764441176470173
forex,GBPUSD,mean_reversion,long,10795,10796,10845,2024-04-08 01:30:00+00:00,2024-04-08 01:45:00+00:00,2024-04-08 14:00:00+00:00,1.26265,1.2647,20.49999999999885,18.49999999999885,0.0915841584158359,100,200,2.0,signal,49,15,1.9076923076924572,0.2920792079208309
forex,USDCAD,mean_reversion,short,10818,10819,10863,2024-04-08 01:45:00+00:00,2024-04-08 02:00:00+00:00,2024-04-08 13:00:00+00:00,1.3597,1.3577,20.0,18.0,0.2337662337662337,20,75,2.0,tp,44,18,1.46226415094339,0.9545454545454403
forex,GBPUSD,momentum,short,10797,10798,10837,2024-04-08 02:00:00+00:00,2024-04-08 02:15:00+00:00,2024-04-08 12:00:00+00:00,1.26325,1.2619,13.499999999999623,11.499999999999623,0.1493506493506444,20,75,2.0,signal,39,48,1.3960639606396115,2.090909090909102
futures,YM,momentum,short,10279,10280,10285,2024-04-08 07:30:00+00:00,2024-04-08 07:45:00+00:00,2024-04-08 09:00:00+00:00,39248.0,39180.0,68.0,65.0,0.1292246520874751,300,500,3.0,signal,5,13,2.2017699115044245,1.3499005964214708
futures,CL,momentum,short,10301,10302,10421,2024-04-08 08:00:00+00:00,2024-04-08 08:15:00+00:00,2024-04-09 15:00:00+00:00,86.05,85.67,37.999999999999545,34.999999999999545,0.115511551155114,500,300,3.0,signal,119,16,1.6188118811881191,1.2376237623762385
forex,USDCHF,momentum,long,10866,10867,11037,2024-04-08 18:15:00+00:00,2024-04-08 18:30:00+00:00,2024-04-10 13:00:00+00:00,0.90439999,0.9091,47.00009999999976,45.00009999999976,0.0896416334661349,200,500,2.0,signal,170,32,1.3112835182672646,0.19222848605577636
futures,YM,momentum,short,10388,10389,10397,2024-04-09 11:45:00+00:00,2024-04-09 12:00:00+00:00,2024-04-09 14:00:00+00:00,39244.0,39146.0,98.0,95.0,0.1888667992047713,300,500,3.0,signal,8,14,2.3168141592920346,1.479125248508946
futures,HG,momentum,long,10504,10505,10507,2024-04-10 12:45:00+00:00,2024-04-10 13:00:00+00:00,2024-04-10 13:30:00+00:00,4.288,4.250500000000001,-75.0,-78.0,-1.0,50,75,3.0,sl,2,25,1.648717948717946,3.2435897435897316
futures,CL,momentum,long,10585,10586,10687,2024-04-11 10:00:00+00:00,2024-04-11 10:15:00+00:00,2024-04-12 12:30:00+00:00,85.86,86.48,62.000000000000455,59.000000000000455,0.1947194719471962,500,300,3.0,signal,101,17,1.6765676567656762,1.3531353135313524
forex,AUDUSD,momentum,short,11197,11198,11203,2024-04-11 12:45:00+00:00,2024-04-11 13:00:00+00:00,2024-04-11 14:15:00+00:00,0.65455002,0.65259999,19.50029999999936,17.50029999999936,0.1715715686274447,150,100,2.0,signal,5,35,1.4783638010173406,1.8431127450979978
forex,USDCHF,momentum,long,11152,11153,11208,2024-04-11 17:45:00+00:00,2024-04-11 18:00:00+00:00,2024-04-12 07:45:00+00:00,0.90939999,0.91245002,30.500299999999257,28.500299999999257,0.0567735059760941,200,500,2.0,signal,55,33,1.4564439136962049,0.28187011952191127
futures,SI,momentum,long,10766,10767,10772,2024-04-15 14:00:00+00:00,2024-04-15 14:15:00+00:00,2024-04-15 15:30:00+00:00,28.33,28.7,74.0000000000002,71.0000000000002,0.1411530815109347,500,500,3.0,signal,5,25,1.350828729281765,0.5049701789264371
futures,SI,momentum,long,10828,10829,10949,2024-04-16 06:30:00+00:00,2024-04-16 06:45:00+00:00,2024-04-17 13:45:00+00:00,28.45,28.81,71.99999999999989,68.99999999999989,0.1371769383697811,500,500,3.0,signal,120,26,1.4488950276243064,0.6461232604373719
futures,GC,momentum,long,10835,10836,10870,2024-04-16 06:30:00+00:00,2024-04-16 06:45:00+00:00,2024-04-16 15:15:00+00:00,2386.4,2401.9,155.0,152.0,1.345132743362832,300,110,3.0,signal,34,16,1.4892541087231324,3.4247787610619267
futures,HG,momentum,long,10847,10848,10873,2024-04-16 06:30:00+00:00,2024-04-16 06:45:00+00:00,2024-04-16 13:00:00+00:00,4.3215,4.284000000000001,-75.0,-78.0,-1.0,50,75,3.0,sl,25,26,1.3739316239316217,2.2435897435897316
forex,USDCHF,momentum,long,11392,11393,11417,2024-04-16 07:45:00+00:00,2024-04-16 08:00:00+00:00,2024-04-16 14:00:00+00:00,0.912,0.91329998,12.999799999999784,10.999799999999784,0.0219119521912346,200,500,2.0,signal,24,34,1.5483795942356557,0.33864362549800536
forex,GBPUSD,momentum,short,11407,11408,11413,2024-04-16 12:30:00+00:00,2024-04-16 12:45:00+00:00,2024-04-16 14:00:00+00:00,1.2468,1.2451,16.999999999998128,14.999999999998128,0.1948051948051705,20,75,2.0,signal,5,49,1.4243542435424397,2.2402597402597464
forex,GBPUSD,momentum,short,11478,11479,11520,2024-04-17 06:15:00+00:00,2024-04-17 06:30:00+00:00,2024-04-17 16:45:00+00:00,1.2443,1.2431,11.999999999998678,9.999999999998678,0.1298701298701127,20,75,2.0,signal,41,50,1.4612546125461254,2.4350649350649167
forex,AUDUSD,momentum,short,11548,11549,11582,2024-04-17 06:30:00+00:00,2024-04-17 06:45:00+00:00,2024-04-17 15:00:00+00:00,0.64225,0.64200002,2.49979999999983,0.4997999999998299,0.0048999999999983,150,100,2.0,signal,33,36,1.5228937018242323,2.0146843137254424
forex,USDCHF,momentum,short,11496,11497,11526,2024-04-17 09:45:00+00:00,2024-04-17 10:00:00+00:00,2024-04-17 17:15:00+00:00,0.91135001,0.91049999,8.500200000000069,6.500200000000069,0.0129486055776893,200,500,2.0,signal,29,35,1.583862522443354,0.36055557768923996
futures,ZN,momentum,short,10943,10944,11306,2024-04-17 12:45:00+00:00,2024-04-17 13:00:00+00:00,2024-04-23 11:30:00+00:00,107.828125,107.75,5.0,2.0,0.0130718954248366,50,150,3.0,signal,362,22,1.3918918918918919,0.1895424836601307
futures,SI,momentum,long,10957,10958,11505,2024-04-17 15:45:00+00:00,2024-04-17 16:00:00+00:00,2024-04-25 14:45:00+00:00,28.545,27.535,-202.0000000000003,-205.0000000000003,-0.4075546719681914,500,500,3.0,signal,547,27,1.544198895027621,0.783300198807153
forex,AUDUSD,momentum,short,11593,11594,11718,2024-04-17 17:45:00+00:00,2024-04-17 18:00:00+00:00,2024-04-19 01:00:00+00:00,0.64359999,0.64069998,29.00010000000064,27.00010000000064,0.2647068627451043,150,100,2.0,signal,124,37,1.524165453989811,2.019584313725441
forex,GBPUSD,mean_reversion,long,11524,11525,11540,2024-04-17 17:45:00+00:00,2024-04-17 18:00:00+00:00,2024-04-17 21:45:00+00:00,1.2446,1.24555,9.500000000000064,7.500000000000064,0.0371287128712874,100,200,2.0,signal,15,16,2.1923076923078333,0.3836633663366668
forex,GBPUSD,momentum,short,11525,11526,11604,2024-04-17 18:00:00+00:00,2024-04-17 18:15:00+00:00,2024-04-18 13:45:00+00:00,1.24575,1.24375,20.0,18.0,0.2337662337662337,20,75,2.0,tp,78,51,1.4858548585485822,2.5649350649350295
futures,YM,momentum,short,11027,11028,11058,2024-04-18 10:30:00+00:00,2024-04-18 10:45:00+00:00,2024-04-18 18:15:00+00:00,38079.0,37937.0,142.0,139.0,0.2763419483101391,300,500,3.0,signal,30,15,2.4849557522123886,1.6679920477137171
forex,USDCHF,momentum,short,11605,11606,11658,2024-04-18 13:00:00+00:00,2024-04-18 13:15:00+00:00,2024-04-19 02:15:00+00:00,0.91030002,0.90200001,83.00010000000024,81.00010000000024,0.1613547808764945,200,500,2.0,signal,52,36,1.6048307336777115,0.37350418326692925
futures,GC,momentum,long,11051,11052,11091,2024-04-18 14:30:00+00:00,2024-04-18 14:45:00+00:00,2024-04-19 01:30:00+00:00,2390.0,2410.8,208.00000000000185,205.00000000000185,1.8141592920354144,300,110,3.0,signal,39,17,1.6814159292035369,4.769911504424758
forex,USDCAD,mean_reversion,short,11680,11681,11695,2024-04-19 03:15:00+00:00,2024-04-19 03:30:00+00:00,2024-04-19 07:00:00+00:00,1.378,1.376,20.0,18.0,0.2337662337662337,20,75,2.0,tp,14,19,1.5754716981132015,1.188311688311674
futures,YM,momentum,short,11123,11124,11237,2024-04-19 11:30:00+00:00,2024-04-19 11:45:00+00:00,2024-04-22 17:00:00+00:00,37970.0,38470.0,-500.0,-503.0,-1.0,300,500,3.0,sl,113,16,2.730973451327433,1.9443339960238561
forex,GBPUSD,momentum,short,11694,11695,11704,2024-04-19 12:15:00+00:00,2024-04-19 12:30:00+00:00,2024-04-19 14:45:00+00:00,1.2455,1.2435,20.0,18.0,0.2337662337662337,20,75,2.0,tp,9,52,1.5301353013530108,2.798701298701263
forex,GBPUSD,mean_reversion,short,11703,11704,11706,2024-04-19 14:30:00+00:00,2024-04-19 14:45:00+00:00,2024-04-19 15:15:00+00:00,1.24445,1.242,24.500000000000632,22.500000000000632,0.1113861386138645,100,200,2.0,signal,2,17,2.307692307692453,0.4207920792079542
forex,USDCAD,mean_reversion,long,11731,11732,11906,2024-04-19 16:00:00+00:00,2024-04-19 16:15:00+00:00,2024-04-23 13:45:00+00:00,1.3755,1.368,-75.0,-77.0,-1.0,20,75,2.0,sl,174,20,1.688679245283013,1.4220779220779076
forex,AUDUSD,momentum,short,11802,11803,12140,2024-04-22 00:00:00+00:00,2024-04-22 00:15:00+00:00,2024-04-25 12:30:00+00:00,0.64359999,0.65359999,-100.0,-102.0,-1.0,150,100,2.0,sl,337,38,1.5928678062224146,2.284291176470545
forex,USDCHF,momentum,long,11862,11863,11871,2024-04-23 07:15:00+00:00,2024-04-23 07:30:00+00:00,2024-04-23 09:30:00+00:00,0.91030002,0.91180003,15.00009999999996,13.00009999999996,0.0258966135458166,200,500,2.0,signal,8,37,1.8661191873874545,0.5348589641434237
futures,CL,momentum,long,11319,11320,11540,2024-04-23 09:30:00+00:00,2024-04-23 09:45:00+00:00,2024-04-25 18:45:00+00:00,82.04,83.61,156.99999999999932,153.99999999999932,0.508250825082506,500,300,3.0,signal,220,18,1.7739273927392742,1.5478547854785485
forex,USDCHF,momentum,short,11893,11894,12154,2024-04-23 15:00:00+00:00,2024-04-23 15:15:00+00:00,2024-04-26 08:15:00+00:00,0.9109,0.9109,-0.0,-2.0,-0.0039840637450199,200,500,2.0,signal,260,38,1.9080546421223499,0.5607555776892403
futures,ZN,momentum,long,11361,11362,11663,2024-04-24 02:15:00+00:00,2024-04-24 02:30:00+00:00,2024-04-29 08:45:00+00:00,107.921875,107.84375,-5.0,-8.0,-0.0522875816993464,50,150,3.0,signal,301,23,1.4189189189189189,0.20261437908496732
forex,GBPUSD,momentum,long,11983,11984,11993,2024-04-24 14:30:00+00:00,2024-04-24 14:45:00+00:00,2024-04-24 17:00:00+00:00,1.2433,1.24465,13.499999999999623,11.499999999999623,0.1493506493506444,20,75,2.0,signal,9,53,1.5744157441574391,3.032467532467497
futures,GC,momentum,short,11422,11423,11466,2024-04-24 15:15:00+00:00,2024-04-24 15:30:00+00:00,2024-04-25 03:15:00+00:00,2344.8,2318.4,264.0000000000009,261.0000000000009,2.3097345132743445,300,110,3.0,signal,43,18,1.9405815423514532,6.584070796460173
forex,USDCHF,momentum,short,12158,12159,12227,2024-04-26 09:15:00+00:00,2024-04-26 09:30:00+00:00,2024-04-29 04:30:00+00:00,0.91224998,0.9113,9.49980000000017,7.499800000000169,0.0149398406374505,200,500,2.0,signal,68,39,1.895823624546712,0.5567715139442204
forex,GBPUSD,momentum,long,12174,12175,12182,2024-04-26 14:15:00+00:00,2024-04-26 14:30:00+00:00,2024-04-26 16:15:00+00:00,1.2489,1.24785,-10.499999999999954,-12.499999999999954,-0.1623376623376617,20,75,2.0,signal,7,54,1.6027060270602673,3.1818181818181412
futures,YM,momentum,long,11616,11617,11622,2024-04-26 19:45:00+00:00,2024-04-26 20:00:00+00:00,2024-04-28 22:15:00+00:00,38429.0,38491.0,62.0,59.0,0.1172962226640159,300,500,3.0,signal,5,17,1.4447565543071157,0.9443339960238561
futures,CL,momentum,short,11682,11683,11708,2024-04-29 08:15:00+00:00,2024-04-29 08:30:00+00:00,2024-04-29 14:45:00+00:00,83.45,82.6,85.00000000000085,82.00000000000085,0.2706270627062734,500,300,3.0,signal,25,19,2.0280528052805273,2.0561056105610547
forex,USDCHF,momentum,short,12263,12264,12269,2024-04-29 13:30:00+00:00,2024-04-29 13:45:00+00:00,2024-04-29 15:00:00+00:00,0.91289997,0.91070002,21.999499999999504,19.999499999999504,0.0398396414342619,200,500,2.0,signal,5,40,1.9198612447460315,0.5717113545816709
forex,AUDUSD,momentum,long,12328,12329,12337,2024-04-29 13:30:00+00:00,2024-04-29 13:45:00+00:00,2024-04-29 15:45:00+00:00,0.65509999,0.65609998,9.999900000000617,7.999900000000617,0.0784303921568688,150,100,2.0,signal,8,41,1.3393891447917892,1.6470392156862235
futures,YM,momentum,long,11705,11706,11711,2024-04-29 19:00:00+00:00,2024-04-29 19:15:00+00:00,2024-04-29 20:30:00+00:00,38476.0,38560.0,84.0,81.0,0.1610337972166998,300,500,3.0,signal,5,18,1.4999999999999996,1.061630218687872
forex,AUDUSD,momentum,long,12377,12378,12551,2024-04-30 01:45:00+00:00,2024-04-30 02:00:00+00:00,2024-05-01 21:15:00+00:00,0.65439999,0.65200001,-23.999800000000796,-25.999800000000796,-0.2549000000000078,150,100,2.0,signal,173,42,1.3555505230190308,1.7254696078430922
forex,USDCHF,momentum,short,12329,12330,12346,2024-04-30 06:00:00+00:00,2024-04-30 06:15:00+00:00,2024-04-30 10:15:00+00:00,0.9127,0.91100001,16.999899999999844,14.999899999999844,0.0298802788844618,200,500,2.0,signal,16,41,1.983961672114263,0.6115509960159328
forex,GBPUSD,momentum,long,12326,12327,12333,2024-04-30 06:15:00+00:00,2024-04-30 06:30:00+00:00,2024-04-30 08:00:00+00:00,1.2529,1.2542,13.000000000000789,11.000000000000789,0.1428571428571531,20,75,2.0,signal,6,55,1.5548926014319775,3.0194805194804797
forex,USDCHF,momentum,short,12353,12354,12522,2024-04-30 12:00:00+00:00,2024-04-30 12:15:00+00:00,2024-05-02 06:15:00+00:00,0.91280001,0.91509998,-22.9997000000004,-24.9997000000004,-0.049800199203188,200,500,2.0,signal,168,42,2.032037874043349,0.6414312749003945
forex,GBPUSD,momentum,long,12351,12352,12358,2024-04-30 12:30:00+00:00,2024-04-30 12:45:00+00:00,2024-04-30 14:15:00+00:00,1.2519,1.2539,20.0,18.0,0.2337662337662337,20,75,2.0,tp,6,56,1.5811455847255358,3.1623376623376327
forex,GBPUSD,momentum,short,12469,12470,12477,2024-05-01 18:00:00+00:00,2024-05-01 18:15:00+00:00,2024-05-01 20:00:00+00:00,1.2496,1.2492,3.99999999999956,1.9999999999995597,0.0259740259740202,20,75,2.0,signal,7,57,1.6241050119331732,3.3961038961038663
forex,GBPUSD,momentum,long,12528,12529,12544,2024-05-02 08:45:00+00:00,2024-05-02 09:00:00+00:00,2024-05-02 12:45:00+00:00,1.25215,1.2529,7.499999999998064,5.499999999998064,0.0714285714285462,20,75,2.0,signal,15,58,1.6288782816229097,3.4220779220778863
futures,HG,momentum,long,12074,12075,12080,2024-05-03 14:15:00+00:00,2024-05-03 14:30:00+00:00,2024-05-03 15:45:00+00:00,4.5235,4.548500000000001,50.0,47.0,0.6025641025641025,50,75,3.0,tp,5,30,1.3131868131868116,2.1923076923076827
forex,USDCHF,momentum,short,12785,12786,12807,2024-05-07 02:00:00+00:00,2024-05-07 02:15:00+00:00,2024-05-07 07:30:00+00:00,0.90759999,0.90619999,14.00000000000068,12.00000000000068,0.0239043824701208,200,500,2.0,signal,21,43,1.8812960623710782,0.5916310756972065
futures,HG,momentum,long,12229,12230,12260,2024-05-07 07:00:00+00:00,2024-05-07 07:15:00+00:00,2024-05-07 14:45:00+00:00,4.585,4.61,50.0,47.0,0.6025641025641025,50,75,3.0,tp,30,31,1.3992673992673976,2.7948717948717854
forex,USDCHF,momentum,short,12810,12811,12830,2024-05-07 08:15:00+00:00,2024-05-07 08:30:00+00:00,2024-05-07 13:15:00+00:00,0.9077,0.90609998,16.000199999999243,14.000199999999245,0.0278888446215124,200,500,2.0,signal,19,44,1.916904127954015,0.6155354581673274
forex,GBPUSD,momentum,short,12818,12819,12836,2024-05-07 11:15:00+00:00,2024-05-07 11:30:00+00:00,2024-05-07 15:45:00+00:00,1.2546,1.2537,8.999999999999009,6.999999999999009,0.090909090909078,20,75,2.0,signal,17,59,1.6420047732696834,3.4935064935064326
futures,HG,momentum,short,12435,12436,12453,2024-05-09 12:30:00+00:00,2024-05-09 12:45:00+00:00,2024-05-09 17:00:00+00:00,4.551,4.5885,-75.0,-78.0,-1.0,50,75,3.0,sl,17,32,1.4853479853479836,3.397435897435888
futures,ZB,mean_reversion,long,12383,12384,12396,2024-05-09 15:00:00+00:00,2024-05-09 15:15:00+00:00,2024-05-09 18:15:00+00:00,116.25,116.59375,11.0,8.0,0.1509433962264151,15,50,3.0,signal,12,10,58.000000000000256,1.0754716981132073
futures,CL,momentum,long,12447,12448,12462,2024-05-09 15:30:00+00:00,2024-05-09 15:45:00+00:00,2024-05-09 19:15:00+00:00,79.04,79.48,43.99999999999977,40.99999999999977,0.1353135313531345,500,300,3.0,signal,14,20,2.163366336633664,2.326732673267328
forex,AUDUSD,momentum,long,13187,13188,13267,2024-05-10 14:15:00+00:00,2024-05-10 14:30:00+00:00,2024-05-13 12:15:00+00:00,0.65979999,0.66210002,23.000300000000085,21.000300000000085,0.2058852941176479,150,100,2.0,signal,79,44,1.3176539618261585,1.622529411764651
forex,GBPUSD,momentum,long,13118,13119,13124,2024-05-10 14:15:00+00:00,2024-05-10 14:30:00+00:00,2024-05-10 15:45:00+00:00,1.2506,1.2519,13.000000000000789,11.000000000000789,0.1428571428571531,20,75,2.0,signal,5,60,1.6587112171837621,3.5844155844155106
futures,CL,momentum,long,12536,12537,12643,2024-05-10 14:45:00+00:00,2024-05-10 15:00:00+00:00,2024-05-13 18:30:00+00:00,79.34,79.12,-21.999999999999886,-24.999999999999886,-0.0825082508250821,500,300,3.0,signal,106,21,2.2310231023102314,2.4620462046204623
futures,SI,momentum,long,12502,12503,12645,2024-05-13 01:15:00+00:00,2024-05-13 01:30:00+00:00,2024-05-14 14:00:00+00:00,28.21,28.905,139.00000000000006,136.00000000000006,0.2703777335984096,500,500,3.0,signal,142,32,1.334768568353065,0.6182902584493001
forex,USDCHF,momentum,short,13211,13212,13305,2024-05-13 14:30:00+00:00,2024-05-13 14:45:00+00:00,2024-05-14 14:00:00+00:00,0.90600002,0.90584999,1.500300000000232,-0.499699999999768,-0.0009954183266927,200,500,2.0,signal,93,45,1.9584474646018635,0.6434243027888398
forex,AUDUSD,momentum,long,13278,13279,13367,2024-05-13 15:00:00+00:00,2024-05-13 15:15:00+00:00,2024-05-14 13:15:00+00:00,0.66070002,0.66229999,15.99969999999895,13.99969999999895,0.1372519607843034,150,100,2.0,signal,88,45,1.3579615697400798,1.8284147058822988
futures,ZB,mean_reversion,short,12583,12584,12602,2024-05-13 19:00:00+00:00,2024-05-13 19:15:00+00:00,2024-05-14 00:45:00+00:00,116.28125,116.28125,-0.0,-3.0,-0.0566037735849056,15,50,3.0,signal,18,11,66.00000000000028,1.2264150943396224
futures,CL,momentum,long,12707,12708,12892,2024-05-14 11:30:00+00:00,2024-05-14 11:45:00+00:00,2024-05-16 11:45:00+00:00,78.93,78.69,-24.00000000000091,-27.00000000000091,-0.0891089108910921,500,300,3.0,signal,184,22,2.1426307448494457,2.37953795379538
futures,YM,momentum,long,12702,12703,12715,2024-05-14 15:15:00+00:00,2024-05-14 15:30:00+00:00,2024-05-14 18:30:00+00:00,39557.0,39611.0,54.0,51.0,0.1013916500994035,300,500,3.0,signal,12,19,1.5758426966292132,1.2226640159045719
forex,AUDUSD,momentum,long,13465,13466,13470,2024-05-15 13:45:00+00:00,2024-05-15 14:00:00+00:00,2024-05-15 15:00:00+00:00,0.66360003,0.66659999,29.999600000000235,27.999600000000235,0.2745058823529435,150,100,2.0,signal,4,46,1.384832348658118,1.9656666666666023
futures,HG,momentum,long,12879,12880,12888,2024-05-16 08:30:00+00:00,2024-05-16 08:45:00+00:00,2024-05-16 10:45:00+00:00,4.923,4.948,50.0,47.0,0.6025641025641025,50,75,3.0,tp,8,34,1.3749999999999984,2.9999999999999907
forex,AUDUSD,momentum,long,13560,13561,13566,2024-05-16 13:30:00+00:00,2024-05-16 13:45:00+00:00,2024-05-16 15:00:00+00:00,0.66549999,0.66759998,20.999899999999403,18.999899999999403,0.1862735294117588,150,100,2.0,signal,5,47,1.438574290370695,2.2401725490195457
futures,HG,momentum,short,12950,12951,12961,2024-05-17 03:15:00+00:00,2024-05-17 03:30:00+00:00,2024-05-17 06:00:00+00:00,4.9065,4.944,-75.0,-78.0,-1.0,50,75,3.0,sl,10,35,1.4503205128205112,3.6025641025640933
forex,GBPUSD,momentum,long,13565,13566,13586,2024-05-17 08:00:00+00:00,2024-05-17 08:15:00+00:00,2024-05-17 13:15:00+00:00,1.265,1.26665,16.500000000001513,14.500000000001512,0.1883116883117079,20,75,2.0,signal,20,61,1.6849642004773202,3.7272727272726636
futures,YM,momentum,long,12949,12950,12967,2024-05-17 08:00:00+00:00,2024-05-17 08:15:00+00:00,2024-05-17 12:30:00+00:00,39968.0,40030.0,62.0,59.0,0.1172962226640159,300,500,3.0,signal,17,20,1.6235955056179772,1.3240556660039753
forex,AUDUSD,momentum,long,13635,13636,13662,2024-05-17 08:15:00+00:00,2024-05-17 08:30:00+00:00,2024-05-17 15:00:00+00:00,0.66549999,0.66874999,32.49999999999975,30.49999999999975,0.2990196078431348,150,100,2.0,signal,26,48,1.4750423655697962,2.4264460784313044
futures,CL,momentum,long,13065,13066,13085,2024-05-20 09:00:00+00:00,2024-05-20 09:15:00+00:00,2024-05-20 14:00:00+00:00,79.39,79.56,17.00000000000017,14.00000000000017,0.0462046204620467,500,300,3.0,signal,19,23,2.0547112462006054,2.2904290429042877
futures,CL,momentum,short,13104,13105,13133,2024-05-20 18:45:00+00:00,2024-05-20 19:00:00+00:00,2024-05-21 03:00:00+00:00,79.28,78.76,51.9999999999996,48.9999999999996,0.1617161716171604,500,300,3.0,signal,28,24,2.0759878419452864,2.3366336633663343
futures,SI,momentum,long,13057,13058,13106,2024-05-21 02:00:00+00:00,2024-05-21 02:15:00+00:00,2024-05-21 14:15:00+00:00,31.52,32.47,189.99999999999983,186.99999999999983,0.3717693836978128,500,500,3.0,signal,48,33,1.481162540365982,0.8886679920477096
forex,GBPUSD,momentum,long,13725,13726,13743,2024-05-21 02:00:00+00:00,2024-05-21 02:15:00+00:00,2024-05-21 06:30:00+00:00,1.2698,1.2718,20.0,18.0,0.2337662337662337,20,75,2.0,tp,17,62,1.7195704057279209,3.9155844155843713
futures,GC,momentum,long,13119,13120,13257,2024-05-21 02:30:00+00:00,2024-05-21 02:45:00+00:00,2024-05-22 14:00:00+00:00,2418.5,2407.5,-110.0,-113.0,-1.0,300,110,3.0,sl,137,19,2.2705436156763597,8.893805309734518
forex,USDCHF,momentum,long,13757,13758,13786,2024-05-21 09:00:00+00:00,2024-05-21 09:15:00+00:00,2024-05-21 16:15:00+00:00,0.90930003,0.91060001,12.999799999999784,10.999799999999784,0.0219119521912346,200,500,2.0,signal,28,46,1.955547818975879,0.6424288844621471
forex,GBPUSD,momentum,long,13768,13769,13774,2024-05-21 12:45:00+00:00,2024-05-21 13:00:00+00:00,2024-05-21 14:15:00+00:00,1.2708,1.27205,12.499999999999734,10.499999999999734,0.1363636363636329,20,75,2.0,signal,5,63,1.7625298329355583,4.149350649350605
futures,YM,momentum,short,13157,13158,13165,2024-05-21 14:00:00+00:00,2024-05-21 14:15:00+00:00,2024-05-21 16:00:00+00:00,39997.0,39962.0,35.0,32.0,0.0636182902584493,300,500,3.0,signal,7,21,1.678838951310861,1.4413518886679912
forex,AUDUSD,momentum,short,13890,13891,13896,2024-05-22 02:00:00+00:00,2024-05-22 02:15:00+00:00,2024-05-22 03:30:00+00:00,0.66829997,0.66684997,14.499999999999512,12.499999999999512,0.1225490196078383,150,100,2.0,signal,5,49,1.5335835312376476,2.7254656862744393
futures,HG,momentum,long,13225,13226,13232,2024-05-22 03:00:00+00:00,2024-05-22 03:15:00+00:00,2024-05-22 04:45:00+00:00,5.07,5.032500000000001,-75.0,-78.0,-1.0,50,75,3.0,sl,6,37,1.3561253561253546,3.205128205128196
futures,SI,momentum,long,13155,13156,13471,2024-05-22 03:30:00+00:00,2024-05-22 03:45:00+00:00,2024-05-27 13:30:00+00:00,31.965,31.47,-99.0000000000002,-102.0000000000002,-0.2027833001988075,500,500,3.0,signal,315,34,1.6824542518837426,1.2604373757455225
futures,YM,momentum,short,13247,13248,13255,2024-05-22 13:30:00+00:00,2024-05-22 13:45:00+00:00,2024-05-22 15:30:00+00:00,39982.0,39946.0,36.0,33.0,0.0656063618290258,300,500,3.0,signal,7,22,1.7088014981273405,1.5049701789264405
forex,GBPUSD,momentum,long,13945,13946,13952,2024-05-23 09:00:00+00:00,2024-05-23 09:15:00+00:00,2024-05-23 10:45:00+00:00,1.27125,1.2728,15.499999999999403,13.499999999999403,0.1753246753246675,20,75,2.0,signal,6,64,1.7875894988066796,4.2857142857142385
forex,GBPUSD,momentum,long,13964,13965,14063,2024-05-23 13:45:00+00:00,2024-05-23 14:00:00+00:00,2024-05-24 14:30:00+00:00,1.2713,1.2733,20.0,18.0,0.2337662337662337,20,75,2.0,tp,98,65,1.8198090692124063,4.461038961038906
futures,CL,momentum,long,13361,13362,13605,2024-05-23 14:00:00+00:00,2024-05-23 14:15:00+00:00,2024-05-28 08:30:00+00:00,77.99,79.0,101.00000000000053,98.00000000000053,0.3234323432343251,500,300,3.0,signal,243,25,2.1504559270516688,2.4983498349834945
forex,USDCHF,momentum,long,14062,14063,14126,2024-05-24 13:15:00+00:00,2024-05-24 13:30:00+00:00,2024-05-27 07:15:00+00:00,0.91439998,0.91525,8.500200000000069,6.500200000000069,0.0129486055776893,200,500,2.0,signal,63,47,1.988139625839245,0.6643408366533817
forex,AUDUSD,momentum,short,14134,14135,14395,2024-05-24 15:00:00+00:00,2024-05-24 15:15:00+00:00,2024-05-29 10:15:00+00:00,0.66339999,0.6638,-4.000099999998952,-6.000099999998952,-0.0588245098039112,150,100,2.0,signal,260,50,1.5575758122490613,2.8480147058822776
futures,ZB,mean_reversion,long,13469,13470,13535,2024-05-27 10:30:00+00:00,2024-05-27 10:45:00+00:00,2024-05-28 08:00:00+00:00,116.9375,117.125,6.0,3.0,0.0566037735849056,15,50,3.0,signal,65,12,16.500000000000032,1.1698113207547167
futures,ZN,momentum,short,13511,13512,13602,2024-05-27 10:45:00+00:00,2024-05-27 11:00:00+00:00,2024-05-28 14:30:00+00:00,108.78125,108.625,10.0,7.0,0.0457516339869281,50,150,3.0,signal,90,28,1.3563218390804597,0.20261437908496732
forex,USDCHF,momentum,long,14152,14153,14334,2024-05-27 13:45:00+00:00,2024-05-27 14:00:00+00:00,2024-05-29 11:15:00+00:00,0.91385001,0.91430002,4.500100000000007,2.500100000000007,0.0049802788844621,200,500,2.0,signal,181,48,2.0073993635593177,0.677289442231071
futures,ZB,mean_reversion,short,13540,13541,13549,2024-05-28 09:15:00+00:00,2024-05-28 09:30:00+00:00,2024-05-28 11:30:00+00:00,116.9375,116.8125,4.0,1.0,0.0188679245283018,15,50,3.0,signal,8,13,17.250000000000032,1.2264150943396224
forex,GBPUSD,momentum,short,14311,14312,14329,2024-05-29 06:30:00+00:00,2024-05-29 06:45:00+00:00,2024-05-29 11:00:00+00:00,1.2762,1.2745,17.000000000000348,15.000000000000348,0.1948051948051993,20,75,2.0,signal,17,66,1.862768496420044,4.69480519480514
forex,GBPUSD,momentum,short,14334,14335,14339,2024-05-29 12:15:00+00:00,2024-05-29 12:30:00+00:00,2024-05-29 13:30:00+00:00,1.27535,1.27335,20.0,18.0,0.2337662337662337,20,75,2.0,tp,4,67,1.898568019093076,4.889610389610339
forex,USDCHF,momentum,long,14338,14339,14356,2024-05-29 12:15:00+00:00,2024-05-29 12:30:00+00:00,2024-05-29 16:45:00+00:00,0.912,0.91390002,19.00020000000002,17.00020000000002,0.0338649402390438,200,500,2.0,signal,17,49,2.014807023365778,0.6822697211155331
forex,USDCHF,momentum,long,14407,14408,15008,2024-05-30 05:30:00+00:00,2024-05-30 05:45:00+00:00,2024-06-07 13:45:00+00:00,0.91250002,0.89649999,-160.0002999999994,-162.0002999999994,-0.3227097609561741,200,500,2.0,signal,600,50,2.0651776878359143,0.7161346613545769
futures,CL,momentum,short,13790,13791,13806,2024-05-30 08:45:00+00:00,2024-05-30 09:00:00+00:00,2024-05-30 12:45:00+00:00,79.21,78.78,42.99999999999926,39.99999999999926,0.1320132013201296,500,300,3.0,signal,15,26,2.2993920972644353,2.82178217821782
futures,ZN,momentum,short,13778,13779,14328,2024-05-30 12:30:00+00:00,2024-05-30 12:45:00+00:00,2024-06-07 12:30:00+00:00,108.078125,110.421875,-150.0,-153.0,-1.0,50,150,3.0,sl,549,29,1.4367816091954022,0.24836601307189543
forex,AUDUSD,momentum,short,14503,14504,14771,2024-05-30 13:15:00+00:00,2024-05-30 13:30:00+00:00,2024-06-04 10:15:00+00:00,0.66320002,0.66329998,-0.9996000000001004,-2.9996000000001004,-0.0294078431372558,150,100,2.0,signal,267,51,1.5398422393885278,2.7891901960783665
futures,SI,momentum,short,13736,13737,13832,2024-05-30 13:15:00+00:00,2024-05-30 13:30:00+00:00,2024-05-31 14:15:00+00:00,31.73,31.345,77.00000000000031,74.00000000000031,0.1471172962226646,500,500,3.0,signal,95,35,1.516003879728416,1.057654075546715
forex,GBPUSD,momentum,short,14511,14512,14527,2024-05-31 08:30:00+00:00,2024-05-31 08:45:00+00:00,2024-05-31 12:30:00+00:00,1.2716,1.2716,-0.0,-2.0,-0.0259740259740259,20,75,2.0,signal,15,68,1.9415274463007137,5.123376623376573
futures,CL,momentum,short,13898,13899,13904,2024-05-31 12:45:00+00:00,2024-05-31 13:00:00+00:00,2024-05-31 14:15:00+00:00,78.5,77.58,92.00000000000016,89.00000000000017,0.2937293729372943,500,300,3.0,signal,5,27,2.360182370820665,2.9537953795379495
forex,GBPUSD,mean_reversion,short,14536,14537,14601,2024-05-31 14:45:00+00:00,2024-05-31 15:00:00+00:00,2024-06-03 09:00:00+00:00,1.2731,1.2705,25.99999999999936,23.99999999999936,0.1188118811881156,100,200,2.0,signal,64,18,2.65384615384632,0.5321782178218187
futures,NQ,momentum,long,13972,13973,13978,2024-06-03 14:45:00+00:00,2024-06-03 15:00:00+00:00,2024-06-03 16:15:00+00:00,18590.5,18507.0,-334.0,-337.0,-1.0,500,334,3.0,sl,5,44,1.3619777412880862,5.887240356083087
futures,YM,momentum,long,14033,14034,14064,2024-06-04 07:00:00+00:00,2024-06-04 07:15:00+00:00,2024-06-04 14:45:00+00:00,38584.0,38742.0,158.0,155.0,0.3081510934393638,300,500,3.0,signal,30,23,1.7397003745318347,1.5705765407554662
futures,GC,momentum,short,14066,14067,14070,2024-06-04 13:15:00+00:00,2024-06-04 13:30:00+00:00,2024-06-04 14:15:00+00:00,2357.3,2341.0,163.00000000000182,160.00000000000182,1.4159292035398392,300,110,3.0,signal,3,20,1.9867256637168147,7.8938053097345176
futures,YM,momentum,long,14065,14066,14073,2024-06-04 15:00:00+00:00,2024-06-04 15:15:00+00:00,2024-06-04 17:00:00+00:00,38617.0,38660.0,43.0,40.0,0.0795228628230616,300,500,3.0,signal,7,24,1.8848314606741565,1.87872763419483
forex,GBPUSD,momentum,long,14739,14740,14787,2024-06-04 19:30:00+00:00,2024-06-04 19:45:00+00:00,2024-06-05 07:30:00+00:00,1.27735,1.2779,5.5000000000005045,3.5000000000005045,0.045454545454552,20,75,2.0,signal,47,69,1.932304038004748,5.097402597402547
forex,AUDUSD,momentum,short,14835,14836,14883,2024-06-05 02:15:00+00:00,2024-06-05 02:30:00+00:00,2024-06-05 14:15:00+00:00,0.66619998,0.66320002,29.999600000000235,27.999600000000235,0.2745058823529435,150,100,2.0,signal,47,52,1.5311273232520743,2.7597823529411105
futures,YM,momentum,long,14152,14153,14158,2024-06-05 13:45:00+00:00,2024-06-05 14:00:00+00:00,2024-06-05 15:15:00+00:00,38739.0,38789.0,50.0,47.0,0.0934393638170974,300,500,3.0,signal,5,25,1.9222846441947559,1.9582504970178916
forex,GBPUSD,momentum,long,14813,14814,14815,2024-06-05 14:00:00+00:00,2024-06-05 14:15:00+00:00,2024-06-05 14:30:00+00:00,1.276,1.278,20.0,18.0,0.2337662337662337,20,75,2.0,tp,1,70,1.9406175771971483,5.142857142857099
futures,SI,momentum,short,14112,14113,14287,2024-06-05 15:15:00+00:00,2024-06-05 15:30:00+00:00,2024-06-07 13:00:00+00:00,29.95,29.945,0.999999999999801,-2.000000000000199,-0.0039761431411534,500,500,3.0,signal,174,36,1.5877788554801138,1.2047713717693795
futures,CL,momentum,short,14188,14189,14460,2024-06-05 16:15:00+00:00,2024-06-05 16:30:00+00:00,2024-06-10 15:15:00+00:00,73.91,76.91,-300.0,-303.0,-1.0,500,300,3.0,sl,271,28,2.495440729483279,3.2475247524752437
forex,AUDUSD,momentum,long,14954,14955,15349,2024-06-06 08:00:00+00:00,2024-06-06 08:15:00+00:00,2024-06-12 12:45:00+00:00,0.6645,0.66759998,30.999800000000025,28.999800000000025,0.2843117647058825,150,100,2.0,signal,394,53,1.5839566974075003,3.034288235294054
forex,GBPUSD,momentum,long,14885,14886,14977,2024-06-06 08:00:00+00:00,2024-06-06 08:15:00+00:00,2024-06-07 07:00:00+00:00,1.27815,1.28015,20.0,18.0,0.2337662337662337,20,75,2.0,tp,91,71,1.983372921615201,5.376623376623333
forex,GBPUSD,mean_reversion,long,14916,14917,14923,2024-06-06 15:45:00+00:00,2024-06-06 16:00:00+00:00,2024-06-06 17:30:00+00:00,1.2783,1.2787,3.99999999999956,1.9999999999995597,0.0099009900990077,100,200,2.0,signal,6,19,3.023076923077091,0.6509900990099343
forex,GBPUSD,mean_reversion,short,14982,14983,15002,2024-06-07 08:15:00+00:00,2024-06-07 08:30:00+00:00,2024-06-07 13:15:00+00:00,1.2788,1.2725,62.99999999999972,60.99999999999972,0.3019801980198006,100,200,2.0,signal,19,20,3.0538461538463157,0.660891089108942
forex,GBPUSD,momentum,long,14982,14983,14996,2024-06-07 08:15:00+00:00,2024-06-07 08:30:00+00:00,2024-06-07 11:45:00+00:00,1.2788,1.2808,20.0,18.0,0.2337662337662337,20,75,2.0,tp,13,72,2.0261282660332536,5.610389610389567
futures,ES,mean_reversion,long,14433,14434,14441,2024-06-10 14:45:00+00:00,2024-06-10 15:00:00+00:00,2024-06-10 16:45:00+00:00,5352.75,5366.25,54.0,51.0,0.1013916500994035,500,500,3.0,signal,7,10,3.197802197802198,0.7952286282306162
futures,YM,momentum,long,14496,14497,14608,2024-06-11 07:45:00+00:00,2024-06-11 08:00:00+00:00,2024-06-12 12:45:00+00:00,38872.0,39021.0,149.0,146.0,0.2902584493041749,300,500,3.0,signal,111,26,1.96629213483146,2.051689860834989
forex,GBPUSD,momentum,short,15167,15168,15188,2024-06-11 08:30:00+00:00,2024-06-11 08:45:00+00:00,2024-06-11 13:45:00+00:00,1.2731,1.2711,20.0,18.0,0.2337662337662337,20,75,2.0,tp,20,72,2.0261282660332536,5.610389610389567
futures,SI,momentum,short,14469,14470,14610,2024-06-11 12:30:00+00:00,2024-06-11 12:45:00+00:00,2024-06-13 01:45:00+00:00,29.585,29.08,101.00000000000053,98.00000000000053,0.194831013916502,500,500,3.0,signal,140,37,1.5847047434656312,1.2007952286282262
futures,6A,momentum,short,14576,14577,14582,2024-06-11 13:00:00+00:00,2024-06-11 13:15:00+00:00,2024-06-11 14:30:00+00:00,0.66085,0.6597,23.000000000001908,20.000000000001908,0.0397614314115346,200,500,3.0,signal,5,44,2.0593368237347494,1.2067594433399733
futures,ES,mean_reversion,long,14525,14526,14540,2024-06-11 14:45:00+00:00,2024-06-11 15:00:00+00:00,2024-06-11 18:30:00+00:00,5361.25,5376.75,62.0,59.0,0.1172962226640159,500,500,3.0,signal,14,11,3.4780219780219777,0.8966202783300198
forex,GBPUSD,momentum,short,15207,15208,15279,2024-06-11 18:30:00+00:00,2024-06-11 18:45:00+00:00,2024-06-12 12:30:00+00:00,1.2742,1.2817,-75.0,-77.0,-1.0,20,75,2.0,sl,71,73,2.068883610451306,5.844155844155801
futures,6C,mean_reversion,short,14690,14691,14737,2024-06-12 18:00:00+00:00,2024-06-12 18:15:00+00:00,2024-06-13 06:45:00+00:00,0.72955,0.72775,36.00000000000048,33.00000000000048,0.1625615763546821,75,200,3.0,signal,46,19,1.6666666666666323,0.6798029556650034
forex,GBPUSD,momentum,long,15365,15366,15375,2024-06-13 10:00:00+00:00,2024-06-13 10:15:00+00:00,2024-06-13 12:30:00+00:00,1.2784,1.2804,20.0,18.0,0.2337662337662337,20,75,2.0,tp,9,74,1.748995983935741,4.844155844155801
futures,SI,momentum,short,14654,14655,14667,2024-06-13 12:45:00+00:00,2024-06-13 13:00:00+00:00,2024-06-13 16:00:00+00:00,29.465,28.815,129.99999999999972,126.99999999999972,0.2524850894632201,500,500,3.0,signal,12,37,1.6253630203291358,1.2842942345924413
futures,6A,momentum,long,14763,14764,15001,2024-06-13 13:45:00+00:00,2024-06-13 14:00:00+00:00,2024-06-18 05:45:00+00:00,0.66475,0.66395,-15.999999999998238,-18.99999999999824,-0.0377733598409507,200,500,3.0,signal,237,45,2.094240837696358,1.246520874751508
forex,AUDUSD,momentum,long,15450,15451,15700,2024-06-13 14:00:00+00:00,2024-06-13 14:15:00+00:00,2024-06-18 06:30:00+00:00,0.66420001,0.66289997,-13.000399999999468,-15.000399999999468,-0.147062745098034,150,100,2.0,signal,249,52,1.964944908955721,4.048990196078368
futures,CL,momentum,long,14737,14738,14743,2024-06-13 15:30:00+00:00,2024-06-13 15:45:00+00:00,2024-06-13 17:00:00+00:00,78.1,78.56,46.0000000000008,43.0000000000008,0.1419141914191445,500,300,3.0,signal,5,29,1.70863683662851,2.2475247524752437
forex,GBPUSD,momentum,short,15396,15397,15445,2024-06-13 17:45:00+00:00,2024-06-13 18:00:00+00:00,2024-06-14 06:00:00+00:00,1.276,1.274,20.0,18.0,0.2337662337662337,20,75,2.0,tp,48,75,1.7851405622489944,5.077922077922035
futures,CL,momentum,long,14753,14754,14806,2024-06-13 19:30:00+00:00,2024-06-13 19:45:00+00:00,2024-06-14 09:45:00+00:00,78.18,78.44,25.99999999999909,22.99999999999909,0.0759075907590729,500,300,3.0,signal,52,30,1.7533818938605608,2.389438943894388
forex,USDCHF,momentum,short,15464,15465,15472,2024-06-14 09:45:00+00:00,2024-06-14 10:00:00+00:00,2024-06-14 11:45:00+00:00,0.89420003,0.89230001,19.00020000000002,17.00020000000002,0.0338649402390438,200,500,2.0,signal,7,48,1.3083922040324172,0.30378585657370044
futures,SI,momentum,long,14795,14796,15003,2024-06-17 02:00:00+00:00,2024-06-17 02:15:00+00:00,2024-06-19 08:00:00+00:00,29.335,29.645,61.999999999999744,58.999999999999744,0.1172962226640153,500,500,3.0,signal,207,38,1.7483059051306842,1.5367793240556615
forex,USDCHF,momentum,short,15563,15564,15576,2024-06-17 12:30:00+00:00,2024-06-17 12:45:00+00:00,2024-06-17 15:45:00+00:00,0.89310002,0.89144999,16.50029999999969,14.50029999999969,0.0288850597609555,200,500,2.0,signal,12,48,1.3265929466788555,0.32171474103585285
futures,6C,momentum,long,14951,14952,14959,2024-06-17 14:15:00+00:00,2024-06-17 14:30:00+00:00,2024-06-17 16:15:00+00:00,0.72845,0.72905,11.999999999998678,8.999999999998678,0.0443349753694516,50,200,3.0,signal,7,24,1.5629629629629458,0.7487684729063859
futures,6C,momentum,long,15017,15018,15037,2024-06-18 07:45:00+00:00,2024-06-18 08:00:00+00:00,2024-06-18 12:45:00+00:00,0.72905,0.73,19.000000000000128,16.000000000000128,0.0788177339901484,50,200,3.0,signal,19,25,1.596296296296274,0.7931034482758376
forex,AUDUSD,momentum,long,15705,15706,15725,2024-06-18 07:45:00+00:00,2024-06-18 08:00:00+00:00,2024-06-18 12:45:00+00:00,0.6613,0.66289997,15.99970000000006,13.99970000000006,0.1372519607843143,150,100,2.0,signal,19,51,1.6749361739589654,2.93134705882348
futures,6A,momentum,long,15009,15010,15029,2024-06-18 07:45:00+00:00,2024-06-18 08:00:00+00:00,2024-06-18 12:45:00+00:00,0.6631,0.6645,27.999999999999137,24.999999999999137,0.0497017892644118,200,500,3.0,signal,19,46,2.027027027027055,1.2087475149105573
forex,GBPUSD,momentum,short,15656,15657,15665,2024-06-18 12:45:00+00:00,2024-06-18 13:00:00+00:00,2024-06-18 15:00:00+00:00,1.2692,1.2689,3.00000000000189,1.00000000000189,0.0129870129870375,20,75,2.0,signal,8,74,2.1750599520383687,6.363636363636318
forex,GBPUSD,momentum,long,15752,15753,15921,2024-06-19 12:45:00+00:00,2024-06-19 13:00:00+00:00,2024-06-21 07:00:00+00:00,1.2721,1.2646,-75.0,-77.0,-1.0,20,75,2.0,sl,168,75,2.1774580335731453,6.376623376623355
futures,6C,momentum,long,15204,15205,15222,2024-06-20 08:30:00+00:00,2024-06-20 08:45:00+00:00,2024-06-20 13:00:00+00:00,0.73055,0.7314,17.000000000000348,14.000000000000348,0.068965517241381,50,200,3.0,signal,17,26,1.6555555555555332,0.8719211822659859
forex,AUDUSD,momentum,long,15927,15928,16252,2024-06-20 15:15:00+00:00,2024-06-20 15:30:00+00:00,2024-06-26 02:30:00+00:00,0.6656,0.66755003,19.50030000000047,17.50030000000047,0.1715715686274555,150,100,2.0,signal,324,52,1.7065381342254209,3.0685990196077944
futures,6A,momentum,long,15223,15224,15405,2024-06-20 15:15:00+00:00,2024-06-20 15:30:00+00:00,2024-06-24 14:45:00+00:00,0.6672,0.6679,14.00000000000068,11.00000000000068,0.0218687872763432,200,500,3.0,signal,181,47,2.069256756756784,1.2584493041749691
forex,USDCAD,mean_reversion,long,15882,15883,15985,2024-06-20 15:45:00+00:00,2024-06-20 16:00:00+00:00,2024-06-21 17:30:00+00:00,1.3706,1.3707,0.99999999999989,-1.00000000000011,-0.0129870129870144,20,75,2.0,signal,102,27,1.5529661016949163,1.6948051948051948
futures,6C,mean_reversion,short,15233,15234,15334,2024-06-20 15:45:00+00:00,2024-06-20 16:00:00+00:00,2024-06-21 18:00:00+00:00,0.73115,0.73125,-1.99999999999978,-4.99999999999978,-0.02463054187192,75,200,3.0,signal,100,19,2.319018404907918,1.0591133004925914
futures,SI,momentum,long,15171,15172,15596,2024-06-21 06:30:00+00:00,2024-06-21 06:45:00+00:00,2024-06-28 00:45:00+00:00,30.395,29.23,-232.99999999999983,-235.99999999999983,-0.4691848906560633,500,500,3.0,signal,424,38,2.351828499369479,2.1312127236580474
futures,ES,mean_reversion,long,15238,15239,15338,2024-06-21 13:00:00+00:00,2024-06-21 13:15:00+00:00,2024-06-24 15:00:00+00:00,5541.5,5548.5,28.0,25.0,0.0497017892644135,500,500,3.0,signal,99,12,3.802197802197802,1.0139165009940356
futures,ZB,mean_reversion,short,15193,15194,15197,2024-06-21 13:45:00+00:00,2024-06-21 14:00:00+00:00,2024-06-21 14:45:00+00:00,119.9375,119.46875,15.0,12.0,0.2264150943396226,15,50,3.0,tp,3,13,16.500000000000032,1.1698113207547167
forex,GBPUSD,momentum,short,16014,16015,16217,2024-06-24 08:15:00+00:00,2024-06-24 08:30:00+00:00,2024-06-26 11:00:00+00:00,1.2663,1.26565,6.500000000000394,4.500000000000394,0.0584415584415635,20,75,2.0,signal,202,75,1.801619433198382,5.142857142857121
futures,ZB,mean_reversion,long,15283,15284,15310,2024-06-24 13:15:00+00:00,2024-06-24 13:30:00+00:00,2024-06-24 20:00:00+00:00,119.9375,120.0625,4.0,1.0,0.0188679245283018,15,50,3.0,signal,26,14,19.500000000000036,1.3962264150943393
futures,ES,mean_reversion,short,15345,15346,15351,2024-06-24 16:45:00+00:00,2024-06-24 17:00:00+00:00,2024-06-24 18:15:00+00:00,5539.75,5524.5,61.0,58.0,0.1153081510934393,500,500,3.0,signal,5,13,3.9395604395604398,1.0636182902584492
futures,6A,momentum,long,15474,15475,15541,2024-06-25 09:00:00+00:00,2024-06-25 09:15:00+00:00,2024-06-26 02:45:00+00:00,0.66725,0.66855,25.99999999999936,22.99999999999936,0.0457256461232591,200,500,3.0,signal,66,48,2.087837837837866,1.2803180914513124
futures,CL,momentum,long,15438,15439,15453,2024-06-25 09:15:00+00:00,2024-06-25 09:30:00+00:00,2024-06-25 13:00:00+00:00,81.31,81.39,7.999999999999829,4.9999999999998295,0.0165016501650159,500,300,3.0,signal,14,29,1.6732570239334021,2.1353135313531344
futures,ZB,mean_reversion,short,15373,15374,15421,2024-06-25 12:45:00+00:00,2024-06-25 13:00:00+00:00,2024-06-26 01:45:00+00:00,120.09375,119.71875,12.0,9.0,0.1698113207547169,15,50,3.0,signal,47,15,19.750000000000036,1.4150943396226412
futures,NQ,momentum,short,15425,15426,15438,2024-06-25 14:00:00+00:00,2024-06-25 14:15:00+00:00,2024-06-25 17:15:00+00:00,19893.5,19887.5,24.0,21.0,0.0623145400593471,500,334,3.0,signal,12,45,1.3028532141629425,5.228486646884274
futures,ES,mean_reversion,long,15430,15431,15454,2024-06-25 15:00:00+00:00,2024-06-25 15:15:00+00:00,2024-06-25 22:00:00+00:00,5528.75,5535.0,25.0,22.0,0.0437375745526839,500,500,3.0,signal,23,14,4.258241758241758,1.1789264413518885
futures,CL,momentum,long,15464,15465,15531,2024-06-25 15:45:00+00:00,2024-06-25 16:00:00+00:00,2024-06-26 09:30:00+00:00,81.15,81.4,25.0,22.0,0.0726072607260726,500,300,3.0,signal,66,30,1.6784599375650355,2.1518151815181503
futures,6A,momentum,long,15570,15571,15673,2024-06-26 10:00:00+00:00,2024-06-26 10:15:00+00:00,2024-06-27 12:45:00+00:00,0.66795,0.6681,2.9999999999996696,-3.3040237212844664e-13,-6.568635628796155e-16,200,500,3.0,signal,102,47,3.430985915493015,1.7157057654075716
forex,AUDUSD,momentum,long,16283,16284,16486,2024-06-26 10:15:00+00:00,2024-06-26 10:30:00+00:00,2024-06-28 13:00:00+00:00,0.66614997,0.66689998,7.5000999999996765,5.5000999999996765,0.0539225490196046,150,100,2.0,signal,202,50,2.177408570649343,3.936249999999955
futures,CL,momentum,long,15540,15541,15551,2024-06-26 11:45:00+00:00,2024-06-26 12:00:00+00:00,2024-06-26 14:30:00+00:00,81.25,81.14,-10.999999999999943,-13.999999999999943,-0.046204620462046,500,300,3.0,signal,10,31,1.7013527575442238,2.224422442244223
futures,NQ,momentum,long,15512,15513,15518,2024-06-26 12:45:00+00:00,2024-06-26 13:00:00+00:00,2024-06-26 14:15:00+00:00,19934.0,20006.75,291.0,288.0,0.8545994065281899,500,334,3.0,signal,5,46,1.3064627019594361,5.290801186943622
futures,GC,momentum,short,15603,15604,15617,2024-06-27 09:00:00+00:00,2024-06-27 09:15:00+00:00,2024-06-27 12:30:00+00:00,2320.9,2331.9,-110.0,-113.0,-1.0,300,110,3.0,sl,13,19,2.337547408343872,9.3628318584071
forex,GBPUSD,momentum,short,16306,16307,16330,2024-06-27 09:15:00+00:00,2024-06-27 09:30:00+00:00,2024-06-27 15:15:00+00:00,1.2645,1.2651,-5.999999999999339,-7.999999999999339,-0.1038961038960953,20,75,2.0,signal,23,74,1.7621457489878536,4.889610389610355
futures,NQ,momentum,long,15614,15615,15621,2024-06-27 15:15:00+00:00,2024-06-27 15:30:00+00:00,2024-06-27 17:00:00+00:00,19993.0,20028.75,143.0,140.0,0.4154302670623145,500,334,3.0,signal,6,47,1.3559642488827774,6.145400593471812
futures,RTY,mean_reversion,short,15613,15614,15799,2024-06-27 15:15:00+00:00,2024-06-27 15:30:00+00:00,2024-07-01 15:45:00+00:00,2043.0,2041.3,17.000000000000455,14.000000000000457,0.0278330019880724,500,500,3.0,signal,185,10,inf,2.5387673956262256
futures,6C,momentum,short,15700,15701,15726,2024-06-27 17:30:00+00:00,2024-06-27 17:45:00+00:00,2024-06-28 01:00:00+00:00,0.73225,0.7302,40.99999999999992,37.99999999999992,0.1871921182266006,50,200,3.0,signal,25,26,1.7937743190661173,1.0049261083743566
forex,GBPUSD,momentum,short,16375,16376,16422,2024-06-28 02:30:00+00:00,2024-06-28 02:45:00+00:00,2024-06-28 14:15:00+00:00,1.26365,1.2633,3.4999999999985043,1.4999999999985043,0.0194805194805,20,75,2.0,signal,46,75,1.7340637450199219,4.78571428571426
futures,YM,momentum,long,15677,15678,15683,2024-06-28 08:00:00+00:00,2024-06-28 08:15:00+00:00,2024-06-28 09:30:00+00:00,39539.0,39589.0,50.0,47.0,0.0934393638170974,300,500,3.0,signal,5,26,2.0308988764044935,2.1888667992047703
futures,6A,momentum,short,15750,15751,15911,2024-06-28 09:00:00+00:00,2024-06-28 09:15:00+00:00,2024-07-02 03:15:00+00:00,0.66595,0.66485,21.9999999999998,18.9999999999998,0.0377733598409538,200,500,3.0,signal,160,48,3.430985915493012,1.715705765407571
futures,6C,momentum,short,15760,15761,15771,2024-06-28 09:30:00+00:00,2024-06-28 09:45:00+00:00,2024-06-28 12:15:00+00:00,0.7314,0.73105,7.0000000000014495,4.0000000000014495,0.019704433497544,50,200,3.0,signal,10,27,1.9416342412451038,1.1921182266009571
futures,ZN,mean_reversion,short,15700,15701,15702,2024-06-28 14:30:00+00:00,2024-06-28 14:45:00+00:00,2024-06-28 15:00:00+00:00,110.25,110.015625,15.0,12.0,0.2264150943396226,15,50,3.0,tp,1,10,3.058823529411764,0.6603773584905656
forex,GBPUSD,momentum,short,16433,16434,16443,2024-06-28 17:00:00+00:00,2024-06-28 17:15:00+00:00,2024-06-28 19:30:00+00:00,1.26525,1.26325,20.0,18.0,0.2337662337662337,20,75,2.0,tp,9,76,1.7370517928286837,4.80519480519476
futures,6C,mean_reversion,short,15796,15797,15868,2024-06-28 18:30:00+00:00,2024-06-28 18:45:00+00:00,2024-07-01 13:30:00+00:00,0.73215,0.73145,13.999999999998458,10.999999999998458,0.054187192118219,75,200,3.0,signal,71,20,2.249999999999949,1.0344827586206715
futures,YM,momentum,short,15773,15774,15800,2024-07-01 09:00:00+00:00,2024-07-01 09:15:00+00:00,2024-07-01 15:45:00+00:00,39540.0,39470.0,70.0,67.0,0.1332007952286282,300,500,3.0,signal,26,27,2.074906367041198,2.2823061630218677
forex,AUDUSD,momentum,long,16572,16573,16577,2024-07-01 12:30:00+00:00,2024-07-01 12:45:00+00:00,2024-07-01 13:45:00+00:00,0.66570002,0.66794997,22.49950000000056,20.49950000000056,0.2009754901960839,150,100,2.0,signal,4,51,2.1935378488626025,3.9901725490195594
forex,GBPUSD,momentum,long,16511,16512,16603,2024-07-01 14:30:00+00:00,2024-07-01 14:45:00+00:00,2024-07-02 13:30:00+00:00,1.2656,1.2676,20.0,18.0,0.2337662337662337,20,75,2.0,tp,91,76,1.7569721115537813,4.935064935064876
futures,6C,momentum,short,15956,15957,16727,2024-07-02 12:30:00+00:00,2024-07-02 12:45:00+00:00,2024-07-14 22:15:00+00:00,0.73025,0.7338,-71.00000000000107,-74.00000000000107,-0.3645320197044387,50,200,3.0,signal,770,27,1.8015564202334389,1.014778325123133
futures,GC,momentum,short,15896,15897,15962,2024-07-02 13:15:00+00:00,2024-07-02 13:30:00+00:00,2024-07-03 06:45:00+00:00,2337.7,2348.7,-110.0,-113.0,-1.0,300,110,3.0,sl,65,19,2.337547408343872,9.3628318584071
forex,USDJPY,momentum,long,16596,16597,16700,2024-07-02 13:30:00+00:00,2024-07-02 13:45:00+00:00,2024-07-03 15:30:00+00:00,161.28,161.44501,16.50099999999952,14.500999999999522,0.0288864541832659,200,500,2.0,signal,103,37,1.937698423586202,0.9292917330677288
futures,6J,momentum,short,15959,15960,16019,2024-07-02 13:30:00+00:00,2024-07-02 13:45:00+00:00,2024-07-03 05:30:00+00:00,0.0062705,0.0062505,40.00000000000011,37.00000000000011,0.1221122112211224,100,300,3.0,signal,59,17,5.727272727272737,1.2013201320132025
futures,SI,momentum,long,15841,15842,15897,2024-07-02 16:00:00+00:00,2024-07-02 16:15:00+00:00,2024-07-03 07:00:00+00:00,29.665,30.225,112.00000000000044,109.00000000000044,0.2166998011928438,500,500,3.0,signal,55,39,1.812439261418851,1.662027833001984
futures,CL,momentum,long,15933,15934,16027,2024-07-02 18:00:00+00:00,2024-07-02 18:15:00+00:00,2024-07-03 18:30:00+00:00,82.99,83.88,89.00000000000006,86.00000000000006,0.283828382838284,500,300,3.0,signal,93,32,1.676923076923076,2.178217821782177
futures,YM,momentum,long,16106,16107,16125,2024-07-05 08:00:00+00:00,2024-07-05 08:15:00+00:00,2024-07-05 12:45:00+00:00,39652.0,39689.0,37.0,34.0,0.0675944333996023,300,500,3.0,signal,18,28,2.1376404494382015,2.415506958250496
forex,AUDUSD,momentum,long,16962,16963,16968,2024-07-05 14:00:00+00:00,2024-07-05 14:15:00+00:00,2024-07-05 15:30:00+00:00,0.67250001,0.67439997,18.999599999999223,16.999599999999226,0.1666627450980316,150,100,2.0,signal,5,50,2.2060940901231056,3.8725186274509453
futures,YM,momentum,short,16195,16196,16313,2024-07-08 07:15:00+00:00,2024-07-08 07:30:00+00:00,2024-07-09 13:45:00+00:00,39650.0,39532.0,118.0,115.0,0.2286282306163022,300,500,3.0,signal,117,29,2.169475655430711,2.483101391650098
forex,USDCHF,momentum,short,16988,16989,17268,2024-07-08 14:45:00+00:00,2024-07-08 15:00:00+00:00,2024-07-11 12:45:00+00:00,0.89695001,0.89209998,48.50029999999949,46.50029999999949,0.0926300796812738,200,500,2.0,signal,279,47,1.4595549884607544,0.39043984063744364
futures,SI,momentum,long,16197,16198,16462,2024-07-08 15:30:00+00:00,2024-07-08 15:45:00+00:00,2024-07-11 12:45:00+00:00,31.16,31.95,157.99999999999983,154.99999999999983,0.3081510934393635,500,500,3.0,signal,264,40,1.9183673469387736,1.8787276341948278
forex,AUDUSD,momentum,long,17099,17100,17146,2024-07-09 02:15:00+00:00,2024-07-09 02:30:00+00:00,2024-07-09 14:00:00+00:00,0.67334998,0.67409998,7.500000000000284,5.500000000000284,0.0539215686274537,150,100,2.0,signal,46,50,2.1786123335844194,3.7842803921568224
futures,6A,momentum,long,16367,16368,16551,2024-07-09 02:15:00+00:00,2024-07-09 02:30:00+00:00,2024-07-11 02:15:00+00:00,0.6746,0.67745,57.000000000000384,54.000000000000384,0.1073558648111339,200,500,3.0,signal,183,49,3.4845070422535755,1.7534791252485247
forex,GBPUSD,momentum,long,17052,17053,17058,2024-07-09 07:45:00+00:00,2024-07-09 08:00:00+00:00,2024-07-09 09:15:00+00:00,1.27985,1.2809,10.499999999999954,8.499999999999954,0.1103896103896097,20,75,2.0,signal,5,72,2.0855106888361035,5.935064935064885
futures,GC,momentum,short,16348,16349,16353,2024-07-09 13:45:00+00:00,2024-07-09 14:00:00+00:00,2024-07-09 15:00:00+00:00,2374.4,2361.6,128.00000000000182,125.00000000000182,1.1061946902655029,300,110,3.0,signal,4,18,2.72713864306785,10.3628318584071
futures,RTY,mean_reversion,long,16321,16322,16398,2024-07-09 16:00:00+00:00,2024-07-09 16:15:00+00:00,2024-07-10 12:15:00+00:00,2051.1,2057.2,60.99999999999909,57.99999999999909,0.1153081510934375,500,500,3.0,signal,76,10,inf,2.49701789264412
futures,ZN,mean_reversion,long,16336,16337,16344,2024-07-09 16:30:00+00:00,2024-07-09 16:45:00+00:00,2024-07-09 18:30:00+00:00,110.34375,110.4375,6.0,3.0,0.0566037735849056,15,50,3.0,signal,7,10,3.294117647058823,0.7358490566037731
futures,ZB,mean_reversion,long,16296,16297,16315,2024-07-09 18:00:00+00:00,2024-07-09 18:15:00+00:00,2024-07-09 23:45:00+00:00,118.53125,118.5,-1.0,-4.0,-0.0754716981132075,15,50,3.0,signal,18,16,22.00000000000004,1.5849056603773581
futures,YM,momentum,short,16398,16399,16405,2024-07-10 12:00:00+00:00,2024-07-10 12:15:00+00:00,2024-07-10 13:45:00+00:00,39626.0,39589.0,37.0,34.0,0.0675944333996023,300,500,3.0,signal,6,29,2.168539325842696,2.4811133200795217
futures,RTY,mean_reversion,short,16403,16404,16491,2024-07-10 13:30:00+00:00,2024-07-10 13:45:00+00:00,2024-07-11 12:30:00+00:00,2053.6,2103.6,-500.0,-503.0,-1.0,500,500,3.0,sl,87,11,inf,2.6123260437375575
futures,CL,momentum,short,16461,16462,16472,2024-07-10 14:30:00+00:00,2024-07-10 14:45:00+00:00,2024-07-10 17:15:00+00:00,81.88,81.84,3.999999999999204,0.9999999999992042,0.0033003300330006,500,300,3.0,signal,10,32,1.6174358974358956,1.9867986798679815
futures,CL,momentum,long,16532,16533,16554,2024-07-11 09:15:00+00:00,2024-07-11 09:30:00+00:00,2024-07-11 14:45:00+00:00,82.15,82.49,33.99999999999892,30.99999999999892,0.1023102310230987,500,300,3.0,signal,21,33,1.6184615384615357,1.990099009900982
forex,USDCAD,mean_reversion,long,17292,17293,17305,2024-07-11 14:15:00+00:00,2024-07-11 14:30:00+00:00,2024-07-11 17:30:00+00:00,1.3626,1.3646,20.0,18.0,0.2337662337662337,20,75,2.0,tp,12,27,1.4704641350210972,1.4480519480519467
futures,6C,mean_reversion,short,16607,16608,16623,2024-07-11 14:15:00+00:00,2024-07-11 14:30:00+00:00,2024-07-11 18:15:00+00:00,0.73515,0.73435,16.00000000000046,13.000000000000458,0.0640394088669973,75,200,3.0,signal,15,20,2.065476190476138,0.8817733990147554
futures,6A,momentum,long,16662,16663,16668,2024-07-12 07:00:00+00:00,2024-07-12 07:15:00+00:00,2024-07-12 08:30:00+00:00,0.67715,0.67845,25.99999999999936,22.99999999999936,0.0457256461232591,200,500,3.0,signal,5,49,3.4422535211268124,1.7236580516898754
futures,CL,momentum,long,16650,16651,16920,2024-07-12 15:45:00+00:00,2024-07-12 16:00:00+00:00,2024-07-17 14:15:00+00:00,82.69,82.21,-48.0000000000004,-51.0000000000004,-0.1683168316831696,500,300,3.0,signal,269,34,1.6502564102564063,2.0924092409240806
futures,NQ,momentum,long,16612,16613,16683,2024-07-12 19:30:00+00:00,2024-07-12 19:45:00+00:00,2024-07-15 14:15:00+00:00,20574.25,20670.75,386.0,383.0,1.1364985163204748,500,334,3.0,signal,70,45,1.5085536547433904,7.762611275964393
futures,6A,momentum,long,16718,16719,16759,2024-07-14 22:00:00+00:00,2024-07-14 22:15:00+00:00,2024-07-15 08:15:00+00:00,0.67765,0.6795,37.00000000000036,34.00000000000036,0.0675944333996031,200,500,3.0,signal,40,50,3.507042253521177,1.7693836978131345
forex,AUDUSD,momentum,long,17462,17463,17499,2024-07-14 23:00:00+00:00,2024-07-14 23:15:00+00:00,2024-07-15 08:15:00+00:00,0.67680001,0.67839998,15.99970000000006,13.99970000000006,0.1372519607843143,150,100,2.0,signal,36,50,2.1801390469461266,3.789182352941147
forex,USDCHF,momentum,short,17397,17398,17407,2024-07-14 23:00:00+00:00,2024-07-14 23:15:00+00:00,2024-07-15 01:30:00+00:00,0.89649999,0.89609998,4.000100000000062,2.000100000000062,0.0039842629482072,200,500,2.0,signal,9,46,1.5099656202689105,0.43326892430278224
futures,SI,momentum,short,16602,16603,16622,2024-07-15 01:45:00+00:00,2024-07-15 02:00:00+00:00,2024-07-15 06:45:00+00:00,31.105,30.95,31.000000000000227,28.000000000000227,0.0556660039761435,500,500,3.0,signal,19,41,2.0689990281826995,2.186878727634191
futures,GC,momentum,long,16687,16688,16719,2024-07-15 06:30:00+00:00,2024-07-15 06:45:00+00:00,2024-07-15 14:30:00+00:00,2409.3,2428.2,188.9999999999964,185.9999999999964,1.646017699115012,300,110,3.0,signal,31,19,2.9115044247787676,11.469026548672602
futures,SI,momentum,short,16652,16653,16666,2024-07-15 14:15:00+00:00,2024-07-15 14:30:00+00:00,2024-07-15 17:45:00+00:00,31.115,30.905,41.99999999999946,38.99999999999946,0.077534791252484,500,500,3.0,signal,13,42,2.0962099125364415,2.2425447316103346
forex,USDCHF,momentum,short,17459,17460,17623,2024-07-15 14:30:00+00:00,2024-07-15 14:45:00+00:00,2024-07-17 07:30:00+00:00,0.89520001,0.89279997,24.000400000000475,22.000400000000475,0.043825498007969,200,500,2.0,signal,163,47,1.5146551722116597,0.43725318725098944
futures,NQ,momentum,long,16690,16691,16698,2024-07-15 16:00:00+00:00,2024-07-15 16:15:00+00:00,2024-07-15 18:00:00+00:00,20635.75,20552.25,-334.0,-337.0,-1.0,500,334,3.0,sl,7,44,1.8217002237136466,10.899109792284868
futures,6A,momentum,long,16794,16795,17512,2024-07-15 17:00:00+00:00,2024-07-15 17:15:00+00:00,2024-07-25 12:30:00+00:00,0.67755,0.65255,-500.0,-503.0,-1.0,200,500,3.0,sl,717,51,3.6028169014085036,1.8369781312127376
forex,AUDUSD,momentum,long,17534,17535,17946,2024-07-15 17:00:00+00:00,2024-07-15 17:15:00+00:00,2024-07-22 02:00:00+00:00,0.67640001,0.66640001,-100.0,-102.0,-1.0,150,100,2.0,sl,411,51,2.2228861050458146,3.926434313725461
forex,USDJPY,momentum,short,17491,17492,17515,2024-07-16 01:15:00+00:00,2024-07-16 01:30:00+00:00,2024-07-16 07:15:00+00:00,158.61,158.42999,18.001000000001,16.001000000001,0.0318745019920338,200,500,2.0,signal,23,36,2.213893327966632,1.0627598605577702
forex,GBPUSD,momentum,long,17544,17545,17567,2024-07-16 12:45:00+00:00,2024-07-16 13:00:00+00:00,2024-07-16 18:30:00+00:00,1.2948,1.2968,20.0,18.0,0.2337662337662337,20,75,2.0,tp,22,69,1.9892729439809222,5.389610389610321
forex,USDJPY,momentum,short,17537,17538,17606,2024-07-16 12:45:00+00:00,2024-07-16 13:00:00+00:00,2024-07-17 06:00:00+00:00,158.74001,157.89,85.00100000000259,83.00100000000259,0.1653406374502043,200,500,2.0,signal,68,37,2.2503006545287043,1.094634362549804
futures,NQ,momentum,long,16773,16774,16774,2024-07-16 13:45:00+00:00,2024-07-16 14:00:00+00:00,2024-07-16 14:00:00+00:00,20580.75,20497.25,-334.0,-337.0,-1.0,500,334,3.0,sl,0,45,1.693987934262534,9.899109792284868
futures,SI,momentum,short,16744,16745,16836,2024-07-16 14:15:00+00:00,2024-07-16 14:30:00+00:00,2024-07-17 14:15:00+00:00,31.135,30.76,75.0,72.0,0.1431411530815109,500,500,3.0,signal,91,43,2.1341107871720095,2.3200795228628186
futures,NQ,momentum,short,16793,16794,16835,2024-07-16 18:45:00+00:00,2024-07-16 19:00:00+00:00,2024-07-17 06:15:00+00:00,20590.0,20465.0,500.0,497.0,1.4747774480712166,500,334,3.0,tp,41,46,1.5830093312597202,8.899109792284868
futures,6C,momentum,short,16952,16953,16978,2024-07-17 08:30:00+00:00,2024-07-17 08:45:00+00:00,2024-07-17 15:00:00+00:00,0.7328,0.73175,20.999999999999908,17.999999999999908,0.0886699507389158,50,200,3.0,signal,25,27,1.356495468277925,0.5812807881773132
forex,GBPUSD,momentum,long,17711,17712,17717,2024-07-18 06:30:00+00:00,2024-07-18 06:45:00+00:00,2024-07-18 08:00:00+00:00,1.2989,1.3001,12.0000000000009,10.0000000000009,0.1298701298701415,20,75,2.0,signal,5,69,1.9892729439809222,5.389610389610321
futures,RTY,mean_reversion,short,16961,16962,16967,2024-07-18 15:00:00+00:00,2024-07-18 15:15:00+00:00,2024-07-18 16:30:00+00:00,2257.8,2234.2,236.00000000000364,233.00000000000364,0.4632206759443412,500,500,3.0,signal,5,11,2.405566600397601,1.4055666003976008
forex,USDJPY,momentum,short,17741,17742,17889,2024-07-18 15:45:00+00:00,2024-07-18 16:00:00+00:00,2024-07-22 06:45:00+00:00,156.97501,156.35001,62.5,60.5,0.1205179282868526,200,500,2.0,signal,147,37,2.3686193463951026,1.1982220119521971
futures,6J,momentum,long,17072,17073,17220,2024-07-18 15:45:00+00:00,2024-07-18 16:00:00+00:00,2024-07-22 06:45:00+00:00,0.0064265,0.00645,47.00000000000017,44.00000000000017,0.1452145214521457,100,300,3.0,signal,147,18,6.207792207792219,1.323432343234325
futures,ZB,mean_reversion,short,16930,16931,16935,2024-07-18 15:45:00+00:00,2024-07-18 16:00:00+00:00,2024-07-18 17:00:00+00:00,119.96875,119.90625,2.0,-1.0,-0.0188679245283018,15,50,3.0,signal,4,15,8.625000000000009,1.1509433962264148
forex,USDCHF,momentum,long,17812,17813,17826,2024-07-19 06:45:00+00:00,2024-07-19 07:00:00+00:00,2024-07-19 10:15:00+00:00,0.8883,0.88959998,12.999799999999784,10.999799999999784,0.0219119521912346,200,500,2.0,signal,13,48,1.5662386023207835,0.4810786852589584
forex,USDCHF,momentum,long,17844,17845,17926,2024-07-19 14:45:00+00:00,2024-07-19 15:00:00+00:00,2024-07-22 13:15:00+00:00,0.88859999,0.88929999,7.000000000000339,5.000000000000339,0.0099601593625504,200,500,2.0,signal,81,49,1.5920293795118488,0.502990637450193
futures,NQ,momentum,short,17153,17154,17235,2024-07-22 16:45:00+00:00,2024-07-22 17:00:00+00:00,2024-07-23 14:15:00+00:00,19961.5,20045.0,-334.0,-337.0,-1.0,500,334,3.0,sl,81,47,1.6796267496111976,10.373887240356085
forex,GBPUSD,momentum,short,17937,17938,18005,2024-07-22 17:00:00+00:00,2024-07-22 17:15:00+00:00,2024-07-23 10:00:00+00:00,1.2925,1.29115,13.499999999999623,11.499999999999623,0.1493506493506444,20,75,2.0,signal,67,68,1.9272943980929622,5.051948051947995
forex,GBPUSD,mean_reversion,long,17999,18000,18119,2024-07-23 08:30:00+00:00,2024-07-23 08:45:00+00:00,2024-07-24 14:30:00+00:00,1.2926,1.2929,2.9999999999996696,0.9999999999996696,0.0049504950495033,100,200,2.0,signal,119,17,3.1153846153847486,0.6806930693069522
futures,NQ,momentum,long,17243,17244,17262,2024-07-23 16:15:00+00:00,2024-07-23 16:30:00+00:00,2024-07-23 22:00:00+00:00,19964.5,19881.0,-334.0,-337.0,-1.0,500,334,3.0,sl,18,48,1.5763546798029557,9.373887240356085
forex,USDCHF,momentum,long,18095,18096,18375,2024-07-24 07:30:00+00:00,2024-07-24 07:45:00+00:00,2024-07-29 07:30:00+00:00,0.89029998,0.88454998,-57.50000000000033,-59.50000000000033,-0.1185258964143432,200,500,2.0,signal,279,48,1.49589977803115,0.42131852589640806
forex,GBPUSD,momentum,long,18120,18121,18372,2024-07-24 14:45:00+00:00,2024-07-24 15:00:00+00:00,2024-07-29 07:45:00+00:00,1.2918,1.2843,-75.0,-77.0,-1.0,20,75,2.0,sl,251,68,1.9117997616209708,4.967532467532405
futures,CL,mean_reversion,long,17387,17388,17487,2024-07-24 16:00:00+00:00,2024-07-24 16:15:00+00:00,2024-07-25 18:00:00+00:00,77.75,78.29,54.00000000000063,51.00000000000063,0.1683168316831703,200,300,3.0,signal,99,21,1.324213406292745,0.7821782178217725
futures,ZN,mean_reversion,short,17425,17426,17454,2024-07-25 12:45:00+00:00,2024-07-25 13:00:00+00:00,2024-07-25 20:00:00+00:00,110.921875,110.828125,6.0,3.0,0.0566037735849056,15,50,3.0,signal,28,11,3.470588235294117,0.7924528301886787
forex,USDCAD,mean_reversion,short,18232,18233,18234,2024-07-25 13:15:00+00:00,2024-07-25 13:30:00+00:00,2024-07-25 13:45:00+00:00,1.3827,1.3807,20.0,18.0,0.2337662337662337,20,75,2.0,tp,1,24,1.341772151898737,1.0519480519480602
futures,6E,mean_reversion,short,17538,17539,17542,2024-07-25 18:15:00+00:00,2024-07-25 18:30:00+00:00,2024-07-25 19:15:00+00:00,1.08765,1.08735,5.999999999999339,2.999999999999339,0.0099009900990077,100,300,3.0,signal,3,10,2.9999999999998628,0.4092409240923821
forex,USDJPY,momentum,short,18248,18249,18254,2024-07-26 00:30:00+00:00,2024-07-26 00:45:00+00:00,2024-07-26 02:00:00+00:00,154.080002,153.57001,50.99920000000111,48.99920000000111,0.0976079681274922,200,500,2.0,signal,5,36,2.3470040747491465,1.1792979083665431
futures,6J,momentum,long,17563,17564,17659,2024-07-26 00:30:00+00:00,2024-07-26 00:45:00+00:00,2024-07-29 01:30:00+00:00,0.006539,0.00656,42.00000000000037,39.00000000000037,0.1287128712871299,100,300,3.0,signal,95,17,6.090909090909104,1.2937293729372956
forex,USDJPY,momentum,long,18298,18299,18436,2024-07-26 13:00:00+00:00,2024-07-26 13:15:00+00:00,2024-07-30 01:30:00+00:00,153.99001,154.155,16.498999999998887,14.498999999998889,0.0288824701195196,200,500,2.0,signal,137,37,2.4584927239385856,1.2769058764940353
futures,6C,momentum,short,17616,17617,17621,2024-07-26 13:30:00+00:00,2024-07-26 13:45:00+00:00,2024-07-26 14:45:00+00:00,0.72515,0.724,22.999999999999687,19.999999999999687,0.0985221674876832,50,200,3.0,signal,4,26,1.514851485148491,0.7684729064039171
forex,AUDUSD,momentum,short,18376,18377,18382,2024-07-26 13:30:00+00:00,2024-07-26 13:45:00+00:00,2024-07-26 15:00:00+00:00,0.65679997,0.65530002,14.999500000000277,12.999500000000277,0.1274460784313752,150,100,2.0,signal,5,49,1.541318539728318,2.279380392156838
futures,6A,momentum,short,17608,17609,17614,2024-07-26 13:30:00+00:00,2024-07-26 13:45:00+00:00,2024-07-26 15:00:00+00:00,0.65755,0.65615,27.999999999999137,24.999999999999137,0.0497017892644118,200,500,3.0,signal,5,49,1.344988344988351,0.5884691848906641
futures,6E,mean_reversion,short,17618,17619,17682,2024-07-26 15:15:00+00:00,2024-07-26 15:30:00+00:00,2024-07-29 08:15:00+00:00,1.08795,1.0863,32.999999999998586,29.999999999998582,0.0990099009900943,100,300,3.0,signal,63,11,3.048387096774045,0.4191419141913898
futures,6C,mean_reversion,long,17628,17629,17883,2024-07-26 16:30:00+00:00,2024-07-26 16:45:00+00:00,2024-07-31 11:15:00+00:00,0.72405,0.72385,-3.99999999999956,-6.99999999999956,-0.0344827586206874,75,200,3.0,signal,254,19,2.294117647058785,0.975369458128069
forex,GBPUSD,mean_reversion,short,18359,18360,18368,2024-07-29 04:30:00+00:00,2024-07-29 04:45:00+00:00,2024-07-29 06:45:00+00:00,1.2876,1.28665,9.500000000000064,7.500000000000064,0.0371287128712874,100,200,2.0,signal,8,18,3.1307692307693595,0.6856435643564555
futures,CL,momentum,short,17652,17653,17658,2024-07-29 13:15:00+00:00,2024-07-29 13:30:00+00:00,2024-07-29 14:45:00+00:00,77.38,76.34,103.9999999999992,100.9999999999992,0.3333333333333307,500,300,3.0,signal,5,30,1.879668049792522,2.09900990099008
futures,NQ,momentum,long,17605,17606,17608,2024-07-29 14:45:00+00:00,2024-07-29 15:00:00+00:00,2024-07-29 15:30:00+00:00,19222.0,19138.5,-334.0,-337.0,-1.0,500,334,3.0,sl,2,48,1.5763546798029557,9.373887240356085
futures,NQ,momentum,long,17619,17620,17637,2024-07-29 18:15:00+00:00,2024-07-29 18:30:00+00:00,2024-07-29 23:45:00+00:00,19217.75,19134.25,-334.0,-337.0,-1.0,500,334,3.0,sl,17,49,1.4850464077002405,8.373887240356085
forex,AUDUSD,momentum,short,18517,18518,18609,2024-07-30 02:45:00+00:00,2024-07-30 03:00:00+00:00,2024-07-31 01:45:00+00:00,0.65469998,0.65009999,45.99989999999998,43.99989999999998,0.4313715686274508,150,100,2.0,signal,91,48,1.499408732321627,2.102906862745069
forex,USDJPY,momentum,long,18483,18484,18625,2024-07-30 13:15:00+00:00,2024-07-30 13:30:00+00:00,2024-08-01 00:45:00+00:00,154.425,149.425,-500.0,-502.0,-1.0,200,500,2.0,sl,141,36,2.444969139295968,1.254991533864559
futures,SI,momentum,short,17660,17661,17946,2024-07-30 13:15:00+00:00,2024-07-30 13:30:00+00:00,2024-08-02 15:45:00+00:00,28.145,28.27,-25.0,-28.0,-0.0556660039761431,500,500,3.0,signal,285,39,2.0476190476190457,2.143141153081507
futures,6C,momentum,short,17812,17813,17871,2024-07-30 16:30:00+00:00,2024-07-30 16:45:00+00:00,2024-07-31 08:15:00+00:00,0.7235,0.7231,8.00000000000134,5.000000000001339,0.0246305418719277,50,200,3.0,signal,58,27,1.5808580858085552,0.8669950738916002
futures,6E,mean_reversion,long,17870,17871,17883,2024-07-31 09:15:00+00:00,2024-07-31 09:30:00+00:00,2024-07-31 12:30:00+00:00,1.085,1.08655,30.999999999998806,27.999999999998806,0.0924092409240884,100,300,3.0,signal,12,12,3.5322580645159567,0.5181518151814841
forex,GBPUSD,momentum,short,18578,18579,18590,2024-07-31 11:15:00+00:00,2024-07-31 11:30:00+00:00,2024-07-31 14:15:00+00:00,1.2847,1.2834,12.999999999998568,10.999999999998568,0.1428571428571242,20,75,2.0,signal,11,66,1.8533969010726983,4.649350649350584
forex,AUDUSD,momentum,short,18651,18652,18768,2024-07-31 12:15:00+00:00,2024-07-31 12:30:00+00:00,2024-08-01 17:30:00+00:00,0.65240002,0.65039998,20.000399999999807,18.000399999999807,0.1764745098039196,150,100,2.0,signal,116,48,1.5075577257230395,2.137220588235272
forex,EURUSD,mean_reversion,short,18591,18592,18601,2024-07-31 14:30:00+00:00,2024-07-31 14:45:00+00:00,2024-07-31 17:00:00+00:00,1.082717,1.080923,17.939999999998513,15.939999999998513,0.2070129870129677,50,75,2.0,signal,9,12,1.3551948051948561,0.35519480519485613
futures,6E,mean_reversion,short,17891,17892,17900,2024-07-31 14:30:00+00:00,2024-07-31 14:45:00+00:00,2024-07-31 16:45:00+00:00,1.0851,1.08305,40.999999999997705,37.999999999997705,0.1254125412541178,100,300,3.0,signal,8,13,3.9838709677417428,0.6105610561055725
futures,6E,mean_reversion,long,17907,17908,17940,2024-07-31 18:30:00+00:00,2024-07-31 18:45:00+00:00,2024-08-01 03:45:00+00:00,1.0849,1.08535,9.00000000000123,6.000000000001229,0.0198019801980238,100,300,3.0,signal,32,14,4.596774193548156,0.7359735973596904
forex,EURUSD,mean_reversion,long,18607,18608,18634,2024-07-31 18:30:00+00:00,2024-07-31 18:45:00+00:00,2024-08-01 01:15:00+00:00,1.082537,1.082847,3.0999999999981043,1.0999999999981045,0.0142857142856896,50,75,2.0,signal,26,13,1.562207792207824,0.5622077922078238
forex,GBPUSD,momentum,short,18607,18608,18653,2024-07-31 18:30:00+00:00,2024-07-31 18:45:00+00:00,2024-08-01 06:00:00+00:00,1.2856,1.2836,20.0,18.0,0.2337662337662337,20,75,2.0,tp,45,67,1.879618593563756,4.792207792207709
futures,RTY,mean_reversion,short,17808,17809,17857,2024-07-31 19:45:00+00:00,2024-07-31 20:00:00+00:00,2024-08-01 09:00:00+00:00,2273.1,2254.5,185.9999999999991,182.9999999999991,0.3638170974155051,500,500,3.0,signal,48,10,2.3041749502982087,1.304174950298209
forex,GBPUSD,momentum,long,18653,18654,18668,2024-08-01 06:00:00+00:00,2024-08-01 06:15:00+00:00,2024-08-01 09:45:00+00:00,1.2835,1.276,-75.0,-77.0,-1.0,20,75,2.0,sl,14,68,1.9225268176400374,5.025974025973943
futures,NQ,momentum,long,17879,17880,17881,2024-08-01 14:15:00+00:00,2024-08-01 14:30:00+00:00,2024-08-01 14:45:00+00:00,19446.75,19363.25,-334.0,-337.0,-1.0,500,334,3.0,sl,1,49,1.4850464077002405,8.373887240356085
futures,6C,momentum,long,17987,17988,18167,2024-08-01 14:15:00+00:00,2024-08-01 14:30:00+00:00,2024-08-05 13:15:00+00:00,0.7243,0.7244,1.99999999999978,-1.0000000000002205,-0.0049261083743853,50,200,3.0,signal,179,28,1.5973597359735756,0.891625615763528
futures,6A,momentum,long,17981,17982,18294,2024-08-01 14:45:00+00:00,2024-08-01 15:00:00+00:00,2024-08-07 01:00:00+00:00,0.65355,0.65465,21.9999999999998,18.9999999999998,0.0377733598409538,200,500,3.0,signal,312,50,1.4079254079254149,0.6958250497017981
forex,AUDUSD,momentum,short,18800,18801,18883,2024-08-02 01:30:00+00:00,2024-08-02 01:45:00+00:00,2024-08-05 00:15:00+00:00,0.65090001,0.64899999,19.00020000000002,17.00020000000002,0.1666686274509806,150,100,2.0,signal,82,49,1.549467765958112,2.313695098039192
futures,SI,momentum,short,17947,17948,17977,2024-08-02 16:00:00+00:00,2024-08-02 16:15:00+00:00,2024-08-05 00:30:00+00:00,28.58,28.34,47.99999999999969,44.99999999999969,0.0894632206759437,500,500,3.0,signal,29,40,1.993377483443707,2.087475149105364
forex,GBPUSD,momentum,long,18810,18811,18837,2024-08-04 23:15:00+00:00,2024-08-04 23:30:00+00:00,2024-08-05 06:00:00+00:00,1.2792,1.2716999999999998,-75.0,-77.0,-1.0,20,75,2.0,sl,26,69,1.624370594159104,4.025974025973943
futures,SI,momentum,short,17981,17982,18000,2024-08-05 01:30:00+00:00,2024-08-05 01:45:00+00:00,2024-08-05 06:15:00+00:00,28.67,28.345,65.00000000000057,62.00000000000057,0.1232604373757466,500,500,3.0,signal,18,40,2.0075685903500458,2.1172962226640117
futures,6C,mean_reversion,long,18142,18143,18167,2024-08-05 07:00:00+00:00,2024-08-05 07:15:00+00:00,2024-08-05 13:15:00+00:00,0.72095,0.7244,69.00000000000128,66.00000000000128,0.3251231527093659,75,200,3.0,signal,24,19,1.912499999999981,0.7192118226600952
forex,GBPUSD,momentum,short,18842,18843,18848,2024-08-05 07:15:00+00:00,2024-08-05 07:30:00+00:00,2024-08-05 08:45:00+00:00,1.27865,1.27665,20.0,18.0,0.2337662337662337,20,75,2.0,tp,5,70,1.4062772449869132,3.0259740259739427
forex,AUDUSD,momentum,short,18934,18935,19119,2024-08-05 13:00:00+00:00,2024-08-05 13:15:00+00:00,2024-08-07 11:15:00+00:00,0.64744997,0.65744997,-100.0,-102.0,-1.0,150,100,2.0,sl,184,49,1.547140413442669,2.303895098039191
forex,GBPUSD,momentum,short,18867,18868,18869,2024-08-05 13:30:00+00:00,2024-08-05 13:45:00+00:00,2024-08-05 14:00:00+00:00,1.2788,1.2768,20.0,18.0,0.2337662337662337,20,75,2.0,tp,1,71,1.4376634699215254,3.2597402597401763
forex,GBPUSD,mean_reversion,short,18917,18918,18934,2024-08-06 02:00:00+00:00,2024-08-06 02:15:00+00:00,2024-08-06 06:15:00+00:00,1.2784,1.2761,22.999999999999687,20.999999999999687,0.1039603960396024,100,200,2.0,signal,16,19,3.2461538461539794,0.7227722772277428
futures,CL,mean_reversion,long,18206,18207,18287,2024-08-06 13:45:00+00:00,2024-08-06 14:00:00+00:00,2024-08-07 11:00:00+00:00,73.29,74.31,101.9999999999996,98.9999999999996,0.3267326732673254,200,300,3.0,signal,80,20,2.165887850467282,1.6468646864686431
futures,NQ,momentum,short,18157,18158,18165,2024-08-06 14:45:00+00:00,2024-08-06 15:00:00+00:00,2024-08-06 16:45:00+00:00,18301.75,18385.25,-334.0,-337.0,-1.0,500,334,3.0,sl,7,47,1.4252320385012032,7.341246290801188
futures,YM,momentum,short,18197,18198,18262,2024-08-07 01:45:00+00:00,2024-08-07 02:00:00+00:00,2024-08-07 18:00:00+00:00,39296.0,39073.0,223.0,220.0,0.4373757455268389,300,500,3.0,signal,64,26,3.821238938053096,3.1689860834990045
forex,GBPUSD,momentum,short,19050,19051,19058,2024-08-07 11:15:00+00:00,2024-08-07 11:30:00+00:00,2024-08-07 13:15:00+00:00,1.27335,1.27135,20.0,18.0,0.2337662337662337,20,75,2.0,tp,7,70,1.4132519616390524,3.0779220779220173
futures,6A,momentum,long,18362,18363,18393,2024-08-07 18:00:00+00:00,2024-08-07 18:15:00+00:00,2024-08-08 02:45:00+00:00,0.65285,0.65585,60.00000000000005,57.00000000000005,0.1133200795228629,200,500,3.0,signal,30,49,1.4441805225653284,0.7435387673956348
forex,GBPUSD,momentum,short,19128,19129,19131,2024-08-08 06:45:00+00:00,2024-08-08 07:00:00+00:00,2024-08-08 07:30:00+00:00,1.2713,1.2693,20.0,18.0,0.2337662337662337,20,75,2.0,tp,2,70,1.4132519616390524,3.0779220779220173
forex,GBPUSD,momentum,short,19145,19146,19152,2024-08-08 11:00:00+00:00,2024-08-08 11:15:00+00:00,2024-08-08 12:45:00+00:00,1.26915,1.26715,20.0,18.0,0.2337662337662337,20,75,2.0,tp,6,71,1.4446381865736646,3.311688311688251
futures,YM,momentum,short,18332,18333,18352,2024-08-08 12:30:00+00:00,2024-08-08 12:45:00+00:00,2024-08-08 17:30:00+00:00,39064.0,39564.0,-500.0,-503.0,-1.0,300,500,3.0,sl,19,27,4.210619469026547,3.6063618290258432
futures,NQ,momentum,short,18332,18333,18338,2024-08-08 12:30:00+00:00,2024-08-08 12:45:00+00:00,2024-08-08 14:00:00+00:00,18171.0,18254.5,-334.0,-337.0,-1.0,500,334,3.0,sl,5,48,1.3471974004874085,6.341246290801188
forex,USDCAD,mean_reversion,long,19251,19252,19386,2024-08-09 08:00:00+00:00,2024-08-09 08:15:00+00:00,2024-08-12 19:45:00+00:00,1.37355,1.37425,6.999999999999229,4.999999999999229,0.0649350649350549,20,75,2.0,signal,134,25,1.4177215189873449,1.2857142857142938
forex,GBPUSD,momentum,long,19240,19241,19253,2024-08-09 10:45:00+00:00,2024-08-09 11:00:00+00:00,2024-08-09 14:00:00+00:00,1.27445,1.2744,-0.5000000000010552,-2.500000000001055,-0.0324675324675461,20,75,2.0,signal,12,72,1.4760244115082768,3.5454545454544846
futures,6C,momentum,long,18622,18623,18721,2024-08-12 12:00:00+00:00,2024-08-12 12:15:00+00:00,2024-08-13 13:45:00+00:00,0.72895,0.7291,2.9999999999996696,-3.3040237212844664e-13,-1.6275978922583578e-15,50,200,3.0,signal,98,29,1.592105263157872,0.8866995073891426
forex,USDJPY,momentum,long,19339,19340,19393,2024-08-12 15:15:00+00:00,2024-08-12 15:30:00+00:00,2024-08-13 04:45:00+00:00,147.39,147.765,37.5,35.5,0.0707171314741035,200,500,2.0,signal,53,38,1.335033445463226,0.5906469123506053
forex,AUDUSD,momentum,long,19419,19420,19480,2024-08-12 16:15:00+00:00,2024-08-12 16:30:00+00:00,2024-08-13 07:30:00+00:00,0.65875,0.66030002,15.500200000000408,13.500200000000408,0.1323549019607883,150,100,2.0,signal,60,51,1.305733630930818,1.5931147058823245
futures,6A,momentum,long,18631,18632,18688,2024-08-12 16:15:00+00:00,2024-08-12 16:30:00+00:00,2024-08-13 07:30:00+00:00,0.6594,0.66095,31.000000000001027,28.000000000001027,0.0556660039761451,200,500,3.0,signal,56,50,1.511876484560578,0.8568588469184978
futures,6E,mean_reversion,short,18635,18636,18902,2024-08-12 16:30:00+00:00,2024-08-12 16:45:00+00:00,2024-08-15 14:15:00+00:00,1.0941,1.09825,-82.99999999999751,-85.99999999999751,-0.2838283828382756,100,300,3.0,signal,266,13,3.8870967741933664,0.5907590759075549
futures,YM,momentum,long,18592,18593,18612,2024-08-13 08:30:00+00:00,2024-08-13 08:45:00+00:00,2024-08-13 13:30:00+00:00,39542.0,39609.0,67.0,64.0,0.1272365805168986,300,500,3.0,signal,19,27,2.021535580524344,2.1689860834990045
futures,NQ,momentum,long,18601,18602,18607,2024-08-13 10:45:00+00:00,2024-08-13 11:00:00+00:00,2024-08-13 12:15:00+00:00,18658.0,18755.25,389.0,386.0,1.14540059347181,500,334,3.0,signal,5,50,1.3538200862600123,6.8160237388724045
forex,USDJPY,momentum,long,19419,19420,19617,2024-08-13 11:15:00+00:00,2024-08-13 11:30:00+00:00,2024-08-15 12:45:00+00:00,147.435,148.75999,132.49899999999857,130.49899999999857,0.2599581673306744,200,500,2.0,signal,197,39,1.375146419417081,0.6613640438247088
futures,SI,momentum,long,18629,18630,18739,2024-08-14 02:30:00+00:00,2024-08-14 02:45:00+00:00,2024-08-15 07:00:00+00:00,27.735,28.03,59.00000000000034,56.00000000000034,0.1113320079522869,500,500,3.0,signal,109,38,2.2254697286012517,2.333996023856856
futures,CL,momentum,short,18753,18754,18760,2024-08-14 12:30:00+00:00,2024-08-14 12:45:00+00:00,2024-08-14 14:15:00+00:00,78.6,78.15,44.99999999999886,41.99999999999886,0.1386138613861348,500,300,3.0,signal,6,29,1.7150760719225362,1.7062706270626877
forex,GBPUSD,momentum,long,19545,19546,19597,2024-08-14 17:00:00+00:00,2024-08-14 17:15:00+00:00,2024-08-15 06:00:00+00:00,1.283,1.285,20.0,18.0,0.2337662337662337,20,75,2.0,tp,51,72,1.4383680555555471,3.279220779220705
futures,6A,momentum,short,18849,18850,19358,2024-08-15 01:45:00+00:00,2024-08-15 02:00:00+00:00,2024-08-22 14:00:00+00:00,0.66155,0.67225,-214.00000000000085,-217.00000000000085,-0.431411530815111,200,500,3.0,signal,508,49,1.414489311163901,0.6938369781312179
futures,CL,momentum,short,18843,18844,18923,2024-08-15 12:00:00+00:00,2024-08-15 12:15:00+00:00,2024-08-16 09:00:00+00:00,77.88,77.33,54.99999999999972,51.99999999999972,0.1716171617161706,500,300,3.0,signal,79,30,1.7731673582295886,1.8448844884488225
futures,6C,momentum,long,18918,18919,19007,2024-08-15 17:00:00+00:00,2024-08-15 17:15:00+00:00,2024-08-16 16:15:00+00:00,0.7299,0.7305,12.0000000000009,9.000000000000899,0.0443349753694625,50,200,3.0,signal,88,29,1.5230263157894521,0.7832512315270741
forex,USDJPY,momentum,long,19706,19707,19719,2024-08-16 11:00:00+00:00,2024-08-16 11:15:00+00:00,2024-08-16 14:15:00+00:00,148.155,148.16,0.4999999999995452,-1.5000000000004547,-0.0029880478087658,200,500,2.0,signal,12,39,1.4915294110867467,0.8665413346613617
futures,6J,momentum,short,18985,18986,18998,2024-08-16 11:00:00+00:00,2024-08-16 11:15:00+00:00,2024-08-16 14:15:00+00:00,0.006779,0.0067785,1.000000000001,-1.999999999999,-0.0066006600660033,100,300,3.0,signal,12,15,6.051948051948084,1.2838283828382906
futures,ZB,mean_reversion,short,18851,18852,18857,2024-08-16 13:00:00+00:00,2024-08-16 13:15:00+00:00,2024-08-16 14:30:00+00:00,123.71875,123.46875,8.0,5.0,0.0943396226415094,15,50,3.0,signal,5,14,7.222222222222233,1.0566037735849054
futures,6E,mean_reversion,short,18995,18996,19274,2024-08-16 14:30:00+00:00,2024-08-16 14:45:00+00:00,2024-08-21 15:15:00+00:00,1.1,1.115,-300.0,-303.0,-1.0,100,300,3.0,sl,278,14,1.6283783783783319,0.30693069306927934
forex,USDJPY,momentum,short,19747,19748,19757,2024-08-18 23:15:00+00:00,2024-08-18 23:30:00+00:00,2024-08-19 01:45:00+00:00,147.98,147.55,42.99999999999784,40.99999999999784,0.081673306772904,200,500,2.0,signal,9,40,1.489005673939596,0.8635532868525959
futures,6C,mean_reversion,short,19097,19098,19394,2024-08-19 15:45:00+00:00,2024-08-19 16:00:00+00:00,2024-08-22 22:00:00+00:00,0.7328,0.73505,-44.99999999999948,-47.99999999999948,-0.2364532019704407,75,200,3.0,signal,296,19,2.2624999999999926,0.9950738916256258
forex,USDJPY,momentum,short,19869,19870,19877,2024-08-20 05:45:00+00:00,2024-08-20 06:00:00+00:00,2024-08-20 07:45:00+00:00,147.28999,146.56,72.99899999999866,70.99899999999866,0.1414322709163319,200,500,2.0,signal,7,41,1.5352549454430655,0.9452265936254999
futures,NQ,momentum,long,19076,19077,19082,2024-08-20 14:30:00+00:00,2024-08-20 14:45:00+00:00,2024-08-20 16:00:00+00:00,19747.25,19852.75,422.0,419.0,1.2433234421364985,500,334,3.0,signal,5,49,1.4567018683996749,8.341246290801188
futures,YM,momentum,long,19079,19080,19085,2024-08-20 15:15:00+00:00,2024-08-20 15:30:00+00:00,2024-08-20 16:45:00+00:00,40886.0,40967.0,81.0,78.0,0.1550695825049702,300,500,3.0,signal,5,28,2.0814606741573027,2.296222664015903
futures,RTY,mean_reversion,long,19091,19092,19154,2024-08-20 18:30:00+00:00,2024-08-20 18:45:00+00:00,2024-08-21 11:15:00+00:00,2155.4,2163.0,75.99999999999909,72.99999999999909,0.1451292246520856,500,500,3.0,signal,62,11,2.667992047713714,1.667992047713714
futures,GC,momentum,long,19170,19171,19194,2024-08-21 07:30:00+00:00,2024-08-21 07:45:00+00:00,2024-08-21 13:30:00+00:00,2546.7,2535.7,-110.0,-113.0,-1.0,300,110,3.0,sl,23,13,2.47610619469027,7.380530973451345
futures,SI,momentum,long,19133,19134,19153,2024-08-21 13:30:00+00:00,2024-08-21 13:45:00+00:00,2024-08-21 18:30:00+00:00,29.32,29.755,86.99999999999974,83.99999999999974,0.1669980119284289,500,500,3.0,signal,19,38,2.242171189979122,2.3658051689860815
futures,NQ,momentum,long,19173,19174,19184,2024-08-21 15:45:00+00:00,2024-08-21 16:00:00+00:00,2024-08-21 18:30:00+00:00,19824.75,19932.25,430.0,427.0,1.2670623145400592,500,334,3.0,signal,10,50,1.5247766043866775,9.584569732937686
futures,SI,momentum,long,19181,19182,19320,2024-08-22 02:30:00+00:00,2024-08-22 02:45:00+00:00,2024-08-23 14:15:00+00:00,29.415,29.83,82.99999999999983,79.99999999999983,0.1590457256461229,500,500,3.0,signal,138,38,2.2985386221294357,2.4731610337972145
futures,YM,momentum,long,19214,19215,19257,2024-08-22 03:00:00+00:00,2024-08-22 03:15:00+00:00,2024-08-22 13:45:00+00:00,40968.0,41103.0,135.0,132.0,0.2624254473161034,300,500,3.0,signal,42,29,2.154494382022471,2.451292246520873
forex,USDJPY,momentum,short,20073,20074,20194,2024-08-22 08:45:00+00:00,2024-08-22 09:00:00+00:00,2024-08-23 15:00:00+00:00,145.63499,145.22,41.49899999999889,39.49899999999889,0.0786832669322687,200,500,2.0,signal,120,40,1.590528013832372,1.0428353585657408
futures,6J,momentum,long,19344,19345,19462,2024-08-22 08:45:00+00:00,2024-08-22 09:00:00+00:00,2024-08-23 15:15:00+00:00,0.00689,0.006928,75.99999999999969,72.99999999999969,0.2409240924092399,100,300,3.0,signal,117,15,5.746835443038087,1.2376237623762498
futures,6C,momentum,long,19365,19366,19457,2024-08-22 13:45:00+00:00,2024-08-22 14:00:00+00:00,2024-08-23 13:45:00+00:00,0.7359,0.7371,23.999999999999577,20.999999999999577,0.1034482758620668,50,200,3.0,signal,91,29,1.4967105263157714,0.7438423645320045
futures,CL,momentum,short,19313,19314,19471,2024-08-22 14:30:00+00:00,2024-08-22 14:45:00+00:00,2024-08-26 08:00:00+00:00,72.72,75.72,-300.0,-303.0,-1.0,500,300,3.0,sl,157,30,1.8298755186721882,1.9801980198019569
futures,RTY,mean_reversion,long,19277,19278,19334,2024-08-22 19:00:00+00:00,2024-08-22 19:15:00+00:00,2024-08-23 10:15:00+00:00,2168.7,2169.2,5.0,2.0,0.003976143141153,500,500,3.0,signal,56,11,2.6421471172962194,1.6421471172962199
futures,NQ,momentum,short,19364,19365,19443,2024-08-23 17:30:00+00:00,2024-08-23 17:45:00+00:00,2024-08-26 14:15:00+00:00,19765.5,19640.5,500.0,497.0,1.4747774480712166,500,334,3.0,tp,78,51,1.5941510966693744,10.851632047477745
futures,SI,momentum,long,19413,19414,19471,2024-08-26 14:30:00+00:00,2024-08-26 14:45:00+00:00,2024-08-27 06:00:00+00:00,29.815,30.05,46.999999999999886,43.999999999999886,0.0874751491053675,500,500,3.0,signal,57,38,2.3559498956158658,2.5825049701789253
futures,6C,mean_reversion,short,19557,19558,19767,2024-08-26 15:45:00+00:00,2024-08-26 16:00:00+00:00,2024-08-28 23:15:00+00:00,0.7421,0.7426,-10.00000000000112,-13.00000000000112,-0.0640394088670005,75,200,3.0,signal,209,18,2.154761904761915,0.9556650246305579
futures,ZN,mean_reversion,short,19461,19462,19482,2024-08-26 15:45:00+00:00,2024-08-26 16:00:00+00:00,2024-08-26 22:00:00+00:00,113.671875,113.59375,5.0,2.0,0.0377358490566037,15,50,3.0,signal,20,10,2.3529411764705874,0.43396226415094297
forex,USDJPY,momentum,short,20319,20320,20451,2024-08-27 00:15:00+00:00,2024-08-27 00:30:00+00:00,2024-08-28 09:15:00+00:00,144.64,144.22501,41.49899999999889,39.49899999999889,0.0786832669322687,200,500,2.0,signal,131,40,1.6204185795957602,1.0956202191235058
forex,AUDUSD,momentum,long,20424,20425,20467,2024-08-27 07:30:00+00:00,2024-08-27 07:45:00+00:00,2024-08-27 18:15:00+00:00,0.67739999,0.67935002,19.50030000000047,17.50030000000047,0.1715715686274555,150,100,2.0,signal,42,49,1.3455788714368466,1.7058735294117646
futures,SI,momentum,long,19501,19502,19713,2024-08-27 13:30:00+00:00,2024-08-27 13:45:00+00:00,2024-08-30 01:00:00+00:00,29.825,29.84,3.0000000000001137,1.1368683772161605e-13,2.2601757002309348e-16,500,500,3.0,signal,211,38,4.015706806282721,3.435387673956261
futures,NQ,momentum,short,19535,19536,19626,2024-08-27 14:15:00+00:00,2024-08-27 14:30:00+00:00,2024-08-28 14:00:00+00:00,19630.5,19558.0,290.0,287.0,0.8516320474777448,500,334,3.0,signal,90,50,1.6087733549959382,11.118694362017804
forex,AUDUSD,momentum,long,20511,20512,20589,2024-08-28 05:15:00+00:00,2024-08-28 05:30:00+00:00,2024-08-29 00:45:00+00:00,0.67855,0.6796,10.499999999999954,8.499999999999954,0.0833333333333328,150,100,2.0,signal,77,50,1.380336142731965,1.87744509803922
futures,6C,momentum,long,19726,19727,19738,2024-08-28 12:00:00+00:00,2024-08-28 12:15:00+00:00,2024-08-28 15:00:00+00:00,0.7427,0.74375,20.999999999999908,17.999999999999908,0.0886699507389158,50,200,3.0,signal,11,28,1.3815789473684037,0.571428571428555
futures,YM,momentum,long,19618,19619,19626,2024-08-28 12:00:00+00:00,2024-08-28 12:15:00+00:00,2024-08-28 14:00:00+00:00,41307.0,41391.0,84.0,81.0,0.1610337972166998,300,500,3.0,signal,7,29,2.4184890656063613,2.836978131212722
futures,ZN,mean_reversion,short,19632,19633,19657,2024-08-28 12:30:00+00:00,2024-08-28 12:45:00+00:00,2024-08-28 18:45:00+00:00,113.5625,113.5,4.0,1.0,0.0188679245283018,15,50,3.0,signal,24,11,2.4705882352941164,0.4716981132075467
forex,USDJPY,momentum,short,20465,20466,20843,2024-08-28 12:45:00+00:00,2024-08-28 13:00:00+00:00,2024-09-03 13:15:00+00:00,144.7,145.58501,-88.50100000000225,-90.50100000000224,-0.1802808764940283,200,500,2.0,signal,377,40,2.342864176888058,1.6852636454183232
futures,6C,momentum,long,19742,19743,19809,2024-08-28 16:00:00+00:00,2024-08-28 16:15:00+00:00,2024-08-29 09:45:00+00:00,0.74275,0.74355,16.00000000000046,13.000000000000458,0.0640394088669973,50,200,3.0,signal,66,29,1.440789473684192,0.6600985221674708
futures,NQ,momentum,short,19700,19701,19716,2024-08-29 09:30:00+00:00,2024-08-29 09:45:00+00:00,2024-08-29 13:30:00+00:00,19477.5,19561.0,-334.0,-337.0,-1.0,500,334,3.0,sl,15,49,1.5205523964256702,9.507418397626113
forex,GBPUSD,momentum,short,20555,20556,20565,2024-08-29 09:30:00+00:00,2024-08-29 09:45:00+00:00,2024-08-29 12:00:00+00:00,1.31935,1.31735,20.0,18.0,0.2337662337662337,20,75,2.0,tp,9,65,1.300347222222214,2.2467532467531774
forex,AUDUSD,momentum,long,20636,20637,20651,2024-08-29 12:30:00+00:00,2024-08-29 12:45:00+00:00,2024-08-29 16:15:00+00:00,0.68024999,0.68065,4.000100000000062,2.000100000000062,0.0196088235294123,150,100,2.0,signal,14,51,1.397217956529928,1.960778431372553
futures,YM,momentum,long,19716,19717,19722,2024-08-29 13:30:00+00:00,2024-08-29 13:45:00+00:00,2024-08-29 15:00:00+00:00,41273.0,41395.0,122.0,119.0,0.2365805168986083,300,500,3.0,signal,5,30,2.499005964214711,2.9980119284294218
futures,CL,mean_reversion,short,19777,19778,19863,2024-08-29 15:30:00+00:00,2024-08-29 15:45:00+00:00,2024-08-30 14:00:00+00:00,75.5,73.86,164.00000000000006,161.00000000000006,0.5313531353135316,200,300,3.0,signal,85,19,2.564999999999997,2.066006600660065
futures,NQ,momentum,long,19735,19736,19736,2024-08-29 18:15:00+00:00,2024-08-29 18:30:00+00:00,2024-08-29 18:30:00+00:00,19498.25,19414.75,-334.0,-337.0,-1.0,500,334,3.0,sl,0,50,1.4416204559457793,8.507418397626113
forex,GBPUSD,momentum,short,20643,20644,20655,2024-08-30 07:30:00+00:00,2024-08-30 07:45:00+00:00,2024-08-30 10:30:00+00:00,1.31945,1.31745,20.0,18.0,0.2337662337662337,20,75,2.0,tp,11,66,1.3315972222222143,2.480519480519411
futures,6C,momentum,short,19892,19893,19915,2024-08-30 07:30:00+00:00,2024-08-30 07:45:00+00:00,2024-08-30 13:15:00+00:00,0.7426,0.7408,36.00000000000048,33.00000000000048,0.1625615763546821,50,200,3.0,signal,22,30,1.4835526315789298,0.7241379310344681
futures,GC,momentum,long,19827,19828,19844,2024-08-30 10:45:00+00:00,2024-08-30 11:00:00+00:00,2024-08-30 15:00:00+00:00,2548.6,2537.6,-110.0,-113.0,-1.0,300,110,3.0,sl,16,14,2.063421828908558,6.380530973451345
forex,AUDUSD,momentum,long,20733,20734,21125,2024-08-30 12:45:00+00:00,2024-08-30 13:00:00+00:00,2024-09-05 16:45:00+00:00,0.6785,0.67334998,-51.50019999999977,-53.50019999999977,-0.5245117647058801,150,100,2.0,signal,391,52,1.4011903466213762,1.9803872549019652
futures,SI,momentum,long,19761,19762,20100,2024-08-30 13:00:00+00:00,2024-08-30 13:15:00+00:00,2024-09-05 08:15:00+00:00,29.69,28.85,-167.99999999999997,-170.99999999999997,-0.3399602385685884,500,500,3.0,signal,338,39,4.015706806282721,3.4353876739562614
futures,6C,mean_reversion,long,19919,19920,20211,2024-08-30 14:15:00+00:00,2024-08-30 14:30:00+00:00,2024-09-04 18:15:00+00:00,0.74215,0.7402,-39.00000000000014,-42.00000000000014,-0.2068965517241386,75,200,3.0,signal,291,19,1.9999999999999982,0.8916256157635574
futures,NQ,momentum,long,19813,19814,19820,2024-08-30 14:45:00+00:00,2024-08-30 15:00:00+00:00,2024-08-30 16:30:00+00:00,19469.0,19385.5,-334.0,-337.0,-1.0,500,334,3.0,sl,6,51,1.3704788402401522,7.507418397626113
futures,ES,mean_reversion,long,19829,19830,19834,2024-08-30 18:30:00+00:00,2024-08-30 18:45:00+00:00,2024-08-30 19:45:00+00:00,5625.75,5639.25,54.0,51.0,0.1013916500994035,500,500,3.0,signal,4,12,6.045045045045045,1.1133200795228626
forex,GBPUSD,momentum,short,20754,20755,20811,2024-09-02 13:15:00+00:00,2024-09-02 13:30:00+00:00,2024-09-03 03:30:00+00:00,1.3147,1.313,17.000000000000348,15.000000000000348,0.1948051948051993,20,75,2.0,signal,56,65,1.300347222222214,2.2467532467531774
futures,CL,momentum,short,19962,19963,19978,2024-09-02 15:45:00+00:00,2024-09-02 16:00:00+00:00,2024-09-02 23:15:00+00:00,74.32,73.57,75.0,72.0,0.2376237623762376,500,300,3.0,signal,15,29,1.8284923928077335,1.9768976897689516
futures,NQ,momentum,long,19919,19920,19953,2024-09-02 23:15:00+00:00,2024-09-02 23:30:00+00:00,2024-09-03 07:45:00+00:00,19578.25,19640.5,249.0,246.0,0.7299703264094956,500,334,3.0,signal,33,50,1.3303558354078195,6.6943620178041545
forex,GBPUSD,momentum,short,20825,20826,20833,2024-09-03 07:00:00+00:00,2024-09-03 07:15:00+00:00,2024-09-03 09:00:00+00:00,1.31345,1.31145,20.0,18.0,0.2337662337662337,20,75,2.0,tp,7,66,1.3263888888888815,2.4415584415583766
futures,YM,momentum,long,19955,19956,19997,2024-09-03 08:15:00+00:00,2024-09-03 08:30:00+00:00,2024-09-03 18:45:00+00:00,41558.0,41058.0,-500.0,-503.0,-1.0,300,500,3.0,sl,41,30,2.6133200795228624,3.226640159045724
forex,GBPUSD,momentum,short,20845,20846,20853,2024-09-03 12:00:00+00:00,2024-09-03 12:15:00+00:00,2024-09-03 14:00:00+00:00,1.31315,1.31115,20.0,18.0,0.2337662337662337,20,75,2.0,tp,7,67,1.3576388888888817,2.6753246753246103
forex,GBPUSD,momentum,short,20946,20947,21135,2024-09-04 13:15:00+00:00,2024-09-04 13:30:00+00:00,2024-09-06 12:30:00+00:00,1.313,1.3205,-75.0,-77.0,-1.0,20,75,2.0,sl,188,68,1.3888888888888817,2.909090909090844
futures,6A,momentum,short,20184,20185,20193,2024-09-04 13:30:00+00:00,2024-09-04 13:45:00+00:00,2024-09-04 15:45:00+00:00,0.67325,0.67245,16.00000000000046,13.000000000000458,0.0258449304174959,200,500,3.0,signal,8,47,1.318553092182029,0.5427435387673922
futures,YM,momentum,short,20136,20137,20162,2024-09-05 07:30:00+00:00,2024-09-05 07:45:00+00:00,2024-09-05 14:00:00+00:00,41111.0,40959.0,152.0,149.0,0.2962226640159046,300,500,3.0,signal,25,31,1.742213386348575,2.226640159045724
futures,6A,momentum,short,20256,20257,20282,2024-09-05 08:30:00+00:00,2024-09-05 08:45:00+00:00,2024-09-05 15:00:00+00:00,0.6731,0.6724,14.00000000000068,11.00000000000068,0.0218687872763432,200,500,3.0,signal,25,48,1.3337222870478402,0.5685884691848881
futures,NQ,momentum,short,20160,20161,20162,2024-09-05 13:30:00+00:00,2024-09-05 13:45:00+00:00,2024-09-05 14:00:00+00:00,18993.75,19077.25,-334.0,-337.0,-1.0,500,334,3.0,sl,1,50,1.4373074553296363,8.42433234421365
forex,EURUSD,momentum,long,21047,21048,21054,2024-09-05 14:30:00+00:00,2024-09-05 14:45:00+00:00,2024-09-05 16:15:00+00:00,1.10792,1.10968,17.599999999999838,15.599999999999838,0.0772277227722764,50,200,2.0,signal,6,17,1.4883888888888963,0.4351980198019826
futures,CL,momentum,short,20224,20225,20229,2024-09-05 14:45:00+00:00,2024-09-05 15:00:00+00:00,2024-09-05 16:00:00+00:00,70.56,69.42,114.00000000000006,111.00000000000006,0.3663366336633665,500,300,3.0,signal,4,29,1.7731673582295882,1.8448844884488225
futures,6A,momentum,short,20288,20289,20372,2024-09-05 16:30:00+00:00,2024-09-05 16:45:00+00:00,2024-09-06 14:30:00+00:00,0.6735,0.6707,56.00000000000049,53.00000000000049,0.1053677932405576,200,500,3.0,signal,83,49,1.346557759626604,0.5904572564612314
futures,NQ,momentum,short,20180,20181,20199,2024-09-05 18:30:00+00:00,2024-09-05 18:45:00+00:00,2024-09-06 00:15:00+00:00,18998.25,18873.25,500.0,497.0,1.4747774480712166,500,334,3.0,tp,18,51,1.3663786791623955,7.424332344213649
forex,USDJPY,momentum,short,21132,21133,21136,2024-09-06 13:30:00+00:00,2024-09-06 13:45:00+00:00,2024-09-06 14:30:00+00:00,143.74001,142.66,108.00100000000155,106.00100000000155,0.2111573705179314,200,500,2.0,signal,3,41,2.048580050963255,1.504982768924295
futures,SI,momentum,long,20214,20215,20405,2024-09-06 13:45:00+00:00,2024-09-06 14:00:00+00:00,2024-09-10 15:30:00+00:00,29.055,28.675,-75.9999999999998,-78.9999999999998,-0.1570576540755463,500,500,3.0,signal,190,40,3.09274193548387,3.095427435387673
futures,6J,momentum,short,20463,20464,20750,2024-09-09 12:30:00+00:00,2024-09-09 12:45:00+00:00,2024-09-12 15:15:00+00:00,0.00699,0.0070195,-59.00000000000003,-62.00000000000003,-0.2046204620462047,100,300,3.0,signal,286,14,5.936708860759607,1.287128712871299
forex,USDJPY,momentum,long,21216,21217,21515,2024-09-09 12:30:00+00:00,2024-09-09 12:45:00+00:00,2024-09-12 15:15:00+00:00,143.22,142.49001,-72.99899999999866,-74.99899999999866,-0.1494003984063718,200,500,2.0,signal,298,41,2.124223411967905,1.6135504980079642
futures,NQ,momentum,short,20345,20346,20348,2024-09-09 13:45:00+00:00,2024-09-09 14:00:00+00:00,2024-09-09 14:30:00+00:00,18687.0,18562.0,500.0,497.0,1.4747774480712166,500,334,3.0,tp,2,51,1.3871723531995899,7.845697329376854
futures,CL,mean_reversion,long,20408,20409,20503,2024-09-09 14:45:00+00:00,2024-09-09 15:00:00+00:00,2024-09-10 15:30:00+00:00,68.47,65.47,-300.0,-303.0,-1.0,200,300,3.0,sl,94,16,2.477499999999998,1.950495049504951
futures,NQ,mean_reversion,long,20371,20372,20418,2024-09-09 20:15:00+00:00,2024-09-09 20:30:00+00:00,2024-09-10 09:00:00+00:00,18726.5,18601.5,-500.0,-503.0,-1.0,150,500,3.0,sl,46,23,1.3315109343936384,1.326043737574554
futures,NQ,momentum,short,20371,20372,20418,2024-09-09 20:15:00+00:00,2024-09-09 20:30:00+00:00,2024-09-10 09:00:00+00:00,18726.5,18601.5,500.0,497.0,1.4747774480712166,500,334,3.0,tp,46,52,1.45995021232977,9.320474777448071
forex,GBPUSD,momentum,short,21295,21296,21304,2024-09-10 06:30:00+00:00,2024-09-10 06:45:00+00:00,2024-09-10 08:45:00+00:00,1.3096,1.30855,10.499999999999954,8.499999999999954,0.1103896103896097,20,75,2.0,signal,8,67,1.3576388888888815,2.6753246753246103
futures,YM,momentum,long,20418,20419,20424,2024-09-10 09:00:00+00:00,2024-09-10 09:15:00+00:00,2024-09-10 10:30:00+00:00,40792.0,40878.0,86.0,83.0,0.1650099403578528,300,500,3.0,signal,5,31,1.7508283631544066,2.252485089463219
futures,YM,momentum,long,20437,20438,20444,2024-09-10 13:45:00+00:00,2024-09-10 14:00:00+00:00,2024-09-10 15:30:00+00:00,40785.0,40734.0,-51.0,-54.0,-0.1073558648111332,300,500,3.0,signal,6,32,1.8058316766070241,2.417495029821072
futures,GC,momentum,long,20474,20475,20480,2024-09-10 14:00:00+00:00,2024-09-10 14:15:00+00:00,2024-09-10 15:30:00+00:00,2532.4,2541.9,95.0,92.0,0.8141592920353983,300,110,3.0,signal,5,15,1.7686472819216212,5.380530973451345
forex,GBPUSD,momentum,short,21371,21372,21393,2024-09-11 01:30:00+00:00,2024-09-11 01:45:00+00:00,2024-09-11 07:00:00+00:00,1.3089,1.3087,1.99999999999978,-2.2026824808563106e-13,-2.860626598514689e-15,20,75,2.0,signal,21,67,1.341145833333326,2.5519480519479862
futures,6B,mean_reversion,long,20626,20627,20748,2024-09-11 09:00:00+00:00,2024-09-11 09:15:00+00:00,2024-09-12 16:30:00+00:00,1.3095,1.3089,-6.00000000000156,-9.00000000000156,-0.0443349753694658,100,200,3.0,signal,121,19,5.0217391304346,0.9113300492610723
forex,GBPUSD,mean_reversion,long,21401,21402,21527,2024-09-11 09:00:00+00:00,2024-09-11 09:15:00+00:00,2024-09-12 16:30:00+00:00,1.3095,1.3089,-6.00000000000156,-8.00000000000156,-0.0396039603960473,100,200,2.0,signal,125,14,98.99999999999964,0.9702970297029687
futures,SI,momentum,long,20485,20486,20497,2024-09-11 12:30:00+00:00,2024-09-11 12:45:00+00:00,2024-09-11 15:30:00+00:00,28.8,28.795,-0.999999999999801,-3.999999999999801,-0.0079522862823057,500,500,3.0,signal,11,40,2.6998784933171325,2.78131212723658
futures,CL,mean_reversion,long,20596,20597,20632,2024-09-11 15:45:00+00:00,2024-09-11 16:00:00+00:00,2024-09-12 01:45:00+00:00,67.3,67.67,37.000000000000455,34.000000000000455,0.1122112211221137,200,300,3.0,signal,35,17,1.4096728307254625,0.9504950495049509
futures,CL,momentum,short,20596,20597,20774,2024-09-11 15:45:00+00:00,2024-09-11 16:00:00+00:00,2024-09-13 14:15:00+00:00,67.3,70.3,-300.0,-303.0,-1.0,500,300,3.0,sl,177,30,1.926694329183945,2.211221122112189
forex,AUDUSD,momentum,long,21561,21562,21591,2024-09-12 07:45:00+00:00,2024-09-12 08:00:00+00:00,2024-09-12 15:15:00+00:00,0.667,0.66939998,23.99979999999968,21.99979999999968,0.215684313725487,150,100,2.0,signal,29,51,1.347106396421658,1.6470549019607883
futures,6A,momentum,long,20713,20714,20742,2024-09-12 07:45:00+00:00,2024-09-12 08:00:00+00:00,2024-09-12 15:00:00+00:00,0.667,0.66915,42.9999999999997,39.9999999999997,0.079522862823061,200,500,3.0,signal,28,49,1.5125313283208033,0.8131212723658058
forex,GBPUSD,momentum,short,21497,21498,21509,2024-09-12 09:00:00+00:00,2024-09-12 09:15:00+00:00,2024-09-12 12:00:00+00:00,1.30525,1.30375,15.000000000000568,13.000000000000568,0.1688311688311762,20,75,2.0,signal,11,68,1.3411458333333255,2.5519480519479836
forex,AUDUSD,momentum,long,21667,21668,21680,2024-09-13 10:15:00+00:00,2024-09-13 10:30:00+00:00,2024-09-13 13:30:00+00:00,0.67084998,0.67159998,7.500000000000284,5.500000000000284,0.0539215686274537,150,100,2.0,signal,12,52,1.3925605004790311,1.8627392156862752
futures,6C,momentum,short,20832,20833,20848,2024-09-13 12:45:00+00:00,2024-09-13 13:00:00+00:00,2024-09-13 16:45:00+00:00,0.7366,0.7357,18.000000000000238,15.000000000000238,0.0738916256157647,50,200,3.0,signal,15,28,1.6679389312977044,0.8620689655172421
futures,6C,mean_reversion,long,20832,20833,20837,2024-09-13 12:45:00+00:00,2024-09-13 13:00:00+00:00,2024-09-13 14:00:00+00:00,0.7366,0.737,7.999999999999119,4.999999999999119,0.0246305418719168,75,200,3.0,signal,4,19,1.3811659192825136,0.4187192118226682
futures,6C,momentum,short,20870,20871,21134,2024-09-15 23:30:00+00:00,2024-09-16 00:00:00+00:00,2024-09-18 19:45:00+00:00,0.73825,0.73575,50.0,47.0,0.2315270935960591,50,200,3.0,tp,263,29,1.7251908396946514,0.9359605911330068
forex,USDJPY,momentum,short,21785,21786,22514,2024-09-17 12:45:00+00:00,2024-09-17 13:00:00+00:00,2024-09-27 05:00:00+00:00,140.97,145.97,-500.0,-502.0,-1.0,200,500,2.0,sl,728,40,1.8296714468771107,1.3147457171314683
forex,AUDUSD,momentum,long,21863,21864,21870,2024-09-17 13:15:00+00:00,2024-09-17 13:30:00+00:00,2024-09-17 15:00:00+00:00,0.67484999,0.67624998,13.999900000000176,11.999900000000176,0.1176460784313742,150,100,2.0,signal,6,52,1.451921505178528,2.0735235294117746
futures,SI,momentum,long,20864,20865,21015,2024-09-17 15:15:00+00:00,2024-09-17 15:30:00+00:00,2024-09-19 07:00:00+00:00,31.07,31.325,50.9999999999998,47.9999999999998,0.0954274353876735,500,500,3.0,signal,150,40,2.6154776299879092,2.656063618290259
futures,NQ,momentum,long,20907,20908,20909,2024-09-17 16:15:00+00:00,2024-09-17 16:30:00+00:00,2024-09-17 16:45:00+00:00,19457.25,19373.75,-334.0,-337.0,-1.0,500,334,3.0,sl,1,51,1.3871723531995899,7.845697329376854
forex,GBPUSD,momentum,short,21816,21817,21889,2024-09-17 18:45:00+00:00,2024-09-17 19:00:00+00:00,2024-09-18 13:00:00+00:00,1.3167,1.3242,-75.0,-77.0,-1.0,20,75,2.0,sl,72,68,1.3324652777777708,2.487012987012926
forex,AUDUSD,momentum,long,21925,21926,21931,2024-09-18 04:45:00+00:00,2024-09-18 05:00:00+00:00,2024-09-18 06:15:00+00:00,0.67510003,0.67659998,14.999500000000277,12.999500000000277,0.1274460784313752,150,100,2.0,signal,5,53,1.4775623007079328,2.1911696078431486
futures,6A,momentum,long,21066,21067,21072,2024-09-18 04:45:00+00:00,2024-09-18 05:00:00+00:00,2024-09-18 06:15:00+00:00,0.67595,0.67745,29.99999999999892,26.99999999999892,0.0536779324055644,200,500,3.0,signal,5,50,1.5626566416040109,0.8926441351888668
futures,CL,momentum,long,21026,21027,21043,2024-09-18 08:15:00+00:00,2024-09-18 08:30:00+00:00,2024-09-18 12:30:00+00:00,70.35,70.72,37.000000000000455,34.000000000000455,0.1122112211221137,500,300,3.0,signal,16,31,1.316764132553599,1.0726072607260497
forex,AUDUSD,momentum,long,21963,21964,21979,2024-09-18 14:15:00+00:00,2024-09-18 14:30:00+00:00,2024-09-18 18:15:00+00:00,0.67694998,0.67944998,25.000000000000576,23.000000000000576,0.225490196078437,150,100,2.0,signal,15,54,1.5053389923040714,2.3186156862745237
futures,6E,momentum,long,21108,21109,21124,2024-09-18 14:15:00+00:00,2024-09-18 14:30:00+00:00,2024-09-18 18:15:00+00:00,1.1156,1.12005,89.0000000000013,86.0000000000013,0.170974155069585,200,500,3.0,signal,15,26,1.3142250530785482,0.2942345924453217
futures,CL,mean_reversion,short,21058,21059,21079,2024-09-18 16:15:00+00:00,2024-09-18 16:30:00+00:00,2024-09-18 22:30:00+00:00,70.42,70.28,14.000000000000057,11.000000000000057,0.0363036303630364,200,300,3.0,signal,20,18,1.4580369843527745,1.0627062706270647
futures,CL,momentum,long,21058,21059,21137,2024-09-18 16:15:00+00:00,2024-09-18 16:30:00+00:00,2024-09-19 13:00:00+00:00,70.42,71.08,65.99999999999966,62.99999999999966,0.2079207920792068,500,300,3.0,signal,78,32,1.3499025341130537,1.1848184818481635
forex,AUDUSD,momentum,long,21983,21984,22011,2024-09-18 19:15:00+00:00,2024-09-18 19:30:00+00:00,2024-09-19 02:15:00+00:00,0.6778,0.67734998,-4.500199999999399,-6.500199999999399,-0.0637274509803862,150,100,2.0,signal,27,55,1.5544842599459954,2.5441058823529605
forex,EURUSD,momentum,long,21983,21984,21995,2024-09-19 12:30:00+00:00,2024-09-19 12:45:00+00:00,2024-09-19 15:30:00+00:00,1.11323,1.11439,11.6000000000005,9.6000000000005,0.0475247524752499,50,200,2.0,signal,11,18,1.5750555555555628,0.512425742574259
futures,GC,momentum,long,21113,21114,21181,2024-09-19 12:45:00+00:00,2024-09-19 13:00:00+00:00,2024-09-20 06:45:00+00:00,2601.6,2631.6,300.0,297.0,2.6283185840707963,300,110,3.0,tp,67,15,1.8685208596713063,6.079646017699141
forex,AUDUSD,momentum,long,22056,22057,22068,2024-09-19 13:30:00+00:00,2024-09-19 13:45:00+00:00,2024-09-19 16:30:00+00:00,0.68000001,0.68215001,21.49999999999985,19.49999999999985,0.1911764705882338,150,100,2.0,signal,11,56,1.5331893222451918,2.4803784313725745
futures,SI,momentum,long,21041,21042,21146,2024-09-19 13:30:00+00:00,2024-09-19 13:45:00+00:00,2024-09-20 16:45:00+00:00,31.08,31.61,106.00000000000024,103.00000000000024,0.2047713717693841,500,500,3.0,signal,104,40,2.637243047158405,2.6918489065606366
futures,CL,momentum,long,21141,21142,21147,2024-09-19 14:00:00+00:00,2024-09-19 14:15:00+00:00,2024-09-19 15:30:00+00:00,70.52,71.2,68.00000000000068,65.00000000000068,0.2145214521452167,500,300,3.0,signal,5,33,1.4113060428849833,1.3927392739273703
futures,6J,momentum,short,21241,21242,21266,2024-09-20 00:45:00+00:00,2024-09-20 01:00:00+00:00,2024-09-20 07:00:00+00:00,0.0071,0.0070715,57.0000000000015,54.0000000000015,0.1782178217821831,100,300,3.0,signal,24,14,6.897058823529442,1.3234323432343316
futures,6C,momentum,long,21269,21270,21290,2024-09-20 07:30:00+00:00,2024-09-20 07:45:00+00:00,2024-09-20 12:45:00+00:00,0.7383,0.7395,24.0000000000018,21.0000000000018,0.1034482758620778,50,200,3.0,signal,20,29,2.4702970297029596,1.4630541871921219
futures,6A,momentum,long,21285,21286,21296,2024-09-20 13:30:00+00:00,2024-09-20 13:45:00+00:00,2024-09-20 16:15:00+00:00,0.68045,0.6817,24.999999999999467,21.999999999999467,0.0437375745526828,200,500,3.0,signal,10,51,1.5964912280701749,0.9463220675944312
forex,AUDUSD,momentum,long,22152,22153,22163,2024-09-20 13:30:00+00:00,2024-09-20 13:45:00+00:00,2024-09-20 16:15:00+00:00,0.67979997,0.68115002,13.500499999999915,11.500499999999915,0.1127499999999991,150,100,2.0,signal,10,57,1.5742851693517808,2.6715549019608082
forex,USDCAD,mean_reversion,long,22106,22107,22198,2024-09-20 13:45:00+00:00,2024-09-20 14:00:00+00:00,2024-09-23 14:45:00+00:00,1.3573,1.3498,-75.0,-77.0,-1.0,20,75,2.0,sl,91,25,1.3526881720430135,1.0649350649350686
futures,6C,momentum,long,21294,21295,21305,2024-09-20 13:45:00+00:00,2024-09-20 14:00:00+00:00,2024-09-20 16:30:00+00:00,0.7383,0.73905,15.000000000000568,12.000000000000568,0.0591133004926136,50,200,3.0,signal,10,30,2.5742574257425717,1.5665024630541997
futures,ES,momentum,long,21174,21175,21185,2024-09-20 13:45:00+00:00,2024-09-20 14:00:00+00:00,2024-09-20 16:30:00+00:00,5753.5,5761.25,31.0,28.0,0.0924092409240924,300,300,3.0,signal,10,50,1.3209570957095707,2.5676567656765665
futures,ES,momentum,long,21192,21193,21198,2024-09-20 18:15:00+00:00,2024-09-20 18:30:00+00:00,2024-09-20 19:45:00+00:00,5747.75,5773.25,102.0,99.0,0.3267326732673267,300,300,3.0,signal,5,51,1.3325082508250823,2.6600660066006587
futures,NQ,momentum,long,21238,21239,21333,2024-09-23 07:00:00+00:00,2024-09-23 07:15:00+00:00,2024-09-24 07:45:00+00:00,20024.75,20149.75,500.0,497.0,1.4747774480712166,500,334,3.0,tp,94,50,1.3930297261678137,7.964391691394658
futures,ES,momentum,long,21239,21240,21365,2024-09-23 07:00:00+00:00,2024-09-23 07:15:00+00:00,2024-09-24 15:30:00+00:00,5758.75,5778.0,77.0,74.0,0.2442244224422442,300,300,3.0,signal,125,51,1.3692244224422438,2.953795379537952
futures,CL,momentum,long,21297,21298,21325,2024-09-23 07:00:00+00:00,2024-09-23 07:15:00+00:00,2024-09-23 14:00:00+00:00,71.1,71.67,57.00000000000074,54.00000000000074,0.1782178217821806,500,300,3.0,signal,27,33,1.4200779727095465,1.4224422442244058
futures,6A,momentum,long,21351,21352,21361,2024-09-23 07:00:00+00:00,2024-09-23 07:15:00+00:00,2024-09-23 09:30:00+00:00,0.68165,0.68245,16.00000000000046,13.000000000000458,0.0258449304174959,200,500,3.0,signal,9,51,1.5776942355889712,0.916500994035782
forex,AUDUSD,momentum,long,22214,22215,22289,2024-09-23 07:00:00+00:00,2024-09-23 07:15:00+00:00,2024-09-24 01:45:00+00:00,0.68080002,0.68484998,40.499600000000186,38.499600000000186,0.3774470588235312,150,100,2.0,signal,74,55,1.6115327044471432,2.7548960784313876
futures,YM,momentum,long,21265,21266,21282,2024-09-23 13:45:00+00:00,2024-09-23 14:00:00+00:00,2024-09-23 18:00:00+00:00,42401.0,42497.0,96.0,93.0,0.1848906560636183,300,500,3.0,signal,16,31,1.6135636596289185,1.906560636182901
futures,CL,momentum,long,21329,21330,21397,2024-09-23 15:00:00+00:00,2024-09-23 15:15:00+00:00,2024-09-24 09:00:00+00:00,70.92,71.9,98.0000000000004,95.0000000000004,0.3135313531353148,500,300,3.0,signal,67,34,1.4727095516569153,1.6006600660065864
futures,6J,momentum,short,21396,21397,21448,2024-09-23 16:30:00+00:00,2024-09-23 16:45:00+00:00,2024-09-24 06:30:00+00:00,0.007054,0.007004,100.0,97.0,0.3201320132013201,100,300,3.0,tp,51,15,7.691176470588287,1.5016501650165146
futures,SI,momentum,short,21269,21270,21675,2024-09-24 01:30:00+00:00,2024-09-24 01:45:00+00:00,2024-09-30 11:00:00+00:00,31.235,31.39,-31.000000000000227,-34.00000000000023,-0.0675944333996028,500,500,3.0,signal,405,39,2.655380894800486,2.7216699801192856
forex,AUDUSD,momentum,long,22305,22306,22333,2024-09-24 05:45:00+00:00,2024-09-24 06:00:00+00:00,2024-09-24 12:45:00+00:00,0.68384999,0.68624997,23.99979999999968,21.99979999999968,0.215684313725487,150,100,2.0,signal,27,56,1.6953185221682245,3.1323431372549186
forex,EURUSD,momentum,short,22243,22244,22436,2024-09-24 07:30:00+00:00,2024-09-24 07:45:00+00:00,2024-09-26 08:00:00+00:00,1.11265,1.11347,-8.20000000000043,-10.20000000000043,-0.0504950495049526,50,200,2.0,signal,192,18,2.4425833333333657,0.8569801980198072
futures,6E,momentum,short,21449,21450,21635,2024-09-24 07:30:00+00:00,2024-09-24 07:45:00+00:00,2024-09-26 08:00:00+00:00,1.11615,1.1168,-13.000000000000789,-16.00000000000079,-0.0318091451292262,200,500,3.0,signal,185,26,2.162576687116533,0.7534791252485005
futures,NQ,momentum,long,21346,21347,21359,2024-09-24 11:00:00+00:00,2024-09-24 11:15:00+00:00,2024-09-24 14:15:00+00:00,20059.25,19975.75,-334.0,-337.0,-1.0,500,334,3.0,sl,12,50,1.441938790452482,8.955489614243323
futures,ES,momentum,long,21465,21466,21512,2024-09-25 17:30:00+00:00,2024-09-25 17:45:00+00:00,2024-09-26 06:15:00+00:00,5772.25,5822.75,202.0,199.0,0.6567656765676567,300,300,3.0,signal,46,51,1.3948019801980194,3.158415841584157
futures,6A,momentum,short,21621,21622,21930,2024-09-26 05:30:00+00:00,2024-09-26 05:45:00+00:00,2024-10-01 13:45:00+00:00,0.68665,0.6891,-49.00000000000127,-52.00000000000127,-0.1033797216699826,200,500,3.0,signal,308,50,1.5137844611528797,0.815109343936377
forex,AUDUSD,momentum,short,22497,22498,22809,2024-09-26 05:45:00+00:00,2024-09-26 06:00:00+00:00,2024-10-01 13:45:00+00:00,0.68624997,0.68855,-23.000300000000085,-25.000300000000085,-0.2451009803921577,150,100,2.0,signal,311,57,1.7431961944739163,3.3480274509804056
futures,YM,momentum,short,21510,21511,21638,2024-09-26 06:00:00+00:00,2024-09-26 06:15:00+00:00,2024-09-27 15:00:00+00:00,42448.0,42948.0,-500.0,-503.0,-1.0,300,500,3.0,sl,127,32,1.6730646193218166,2.091451292246519
forex,GBPUSD,mean_reversion,short,22457,22458,22600,2024-09-26 13:00:00+00:00,2024-09-26 13:15:00+00:00,2024-09-30 02:45:00+00:00,1.3357,1.33795,-22.499999999998632,-24.499999999998632,-0.1212871287128645,100,200,2.0,signal,142,11,21.437499999995538,0.8094059405940406
futures,6B,mean_reversion,short,21648,21649,21860,2024-09-26 13:00:00+00:00,2024-09-26 13:15:00+00:00,2024-09-30 20:00:00+00:00,1.3354,1.337,-16.00000000000046,-19.00000000000046,-0.0935960591133027,100,200,3.0,signal,211,18,3.7636363636361607,0.7487684729063903
futures,NQ,momentum,long,21603,21604,21627,2024-09-27 06:15:00+00:00,2024-09-27 06:30:00+00:00,2024-09-27 12:15:00+00:00,20263.75,20357.25,374.0,371.0,1.1008902077151337,500,334,3.0,signal,23,51,1.3741278258442646,7.955489614243323
forex,EURUSD,momentum,short,22539,22540,22661,2024-09-27 09:45:00+00:00,2024-09-27 10:00:00+00:00,2024-09-30 18:15:00+00:00,1.11596,1.11254,34.19999999999978,32.19999999999978,0.1594059405940583,50,200,2.0,signal,121,19,2.251228878648253,0.8064851485148545
futures,6E,momentum,short,21734,21735,21860,2024-09-27 09:45:00+00:00,2024-09-27 10:00:00+00:00,2024-09-30 18:15:00+00:00,1.1193,1.1159,68.00000000000139,65.00000000000139,0.1292246520874779,200,500,3.0,signal,125,27,2.061403508771897,0.7216699801192743
futures,NQ,momentum,long,21635,21636,21642,2024-09-27 14:15:00+00:00,2024-09-27 14:30:00+00:00,2024-09-27 16:00:00+00:00,20313.25,20229.75,-334.0,-337.0,-1.0,500,334,3.0,sl,6,52,1.4259000837287188,9.056379821958457
futures,SI,mean_reversion,short,21596,21597,21604,2024-09-27 14:15:00+00:00,2024-09-27 14:30:00+00:00,2024-09-27 16:15:00+00:00,32.24,31.855,77.00000000000031,74.00000000000031,0.1471172962226646,200,500,3.0,signal,7,11,1.3979591836734708,0.2326043737574563
futures,ES,momentum,long,21642,21643,21909,2024-09-27 15:45:00+00:00,2024-09-27 16:00:00+00:00,2024-10-02 13:30:00+00:00,5802.25,5727.25,-300.0,-303.0,-1.0,300,300,3.0,sl,266,52,1.4768976897689765,3.8151815181518134
futures,ES,mean_reversion,long,21701,21702,21756,2024-09-30 07:30:00+00:00,2024-09-30 07:45:00+00:00,2024-09-30 22:15:00+00:00,5794.5,5804.0,38.0,35.0,0.0695825049701789,500,500,3.0,signal,54,13,6.504504504504505,1.214711729622266
futures,NQ,momentum,short,21700,21701,21743,2024-09-30 07:30:00+00:00,2024-09-30 07:45:00+00:00,2024-09-30 18:15:00+00:00,20236.75,20111.75,500.0,497.0,1.4747774480712166,500,334,3.0,tp,42,52,1.320671731307477,7.139465875370919
futures,CL,momentum,long,21760,21761,21880,2024-09-30 07:45:00+00:00,2024-09-30 08:00:00+00:00,2024-10-01 14:45:00+00:00,68.57,70.21,164.00000000000006,161.00000000000006,0.5313531353135316,500,300,3.0,signal,119,35,1.5653021442495083,1.9141914191419012
forex,GBPUSD,momentum,long,22628,22629,22633,2024-09-30 09:45:00+00:00,2024-09-30 10:00:00+00:00,2024-09-30 11:00:00+00:00,1.33945,1.34145,20.0,18.0,0.2337662337662337,20,75,2.0,tp,4,70,1.3964912280701622,2.935064935064833
futures,CL,mean_reversion,long,21779,21780,21794,2024-09-30 12:30:00+00:00,2024-09-30 12:45:00+00:00,2024-09-30 16:15:00+00:00,68.36,68.98,62.000000000000455,59.000000000000455,0.1947194719471962,200,300,3.0,signal,14,19,1.4736842105263164,1.099009900990101
futures,6C,momentum,short,21843,21844,21849,2024-09-30 13:00:00+00:00,2024-09-30 13:15:00+00:00,2024-09-30 14:30:00+00:00,0.7422,0.7412,20.000000000000018,17.000000000000018,0.0837438423645321,50,200,3.0,signal,5,30,2.5742574257425823,1.5665024630542106
futures,ZB,mean_reversion,short,21694,21695,21697,2024-09-30 15:00:00+00:00,2024-09-30 15:15:00+00:00,2024-09-30 15:45:00+00:00,124.5,124.34375,5.0,2.0,0.0377358490566037,15,50,3.0,signal,2,11,5.750000000000006,0.7169811320754714
forex,GBPUSD,momentum,short,22692,22693,22701,2024-10-01 01:45:00+00:00,2024-10-01 02:00:00+00:00,2024-10-01 04:00:00+00:00,1.33895,1.33695,20.0,18.0,0.2337662337662337,20,75,2.0,tp,8,71,1.4280701754385834,3.1688311688310664
futures,6C,momentum,long,21951,21952,21957,2024-10-01 17:00:00+00:00,2024-10-01 17:15:00+00:00,2024-10-01 18:30:00+00:00,0.74155,0.74245,18.000000000000238,15.000000000000238,0.0738916256157647,50,200,3.0,signal,5,31,2.6584158415841657,1.6502463054187426
forex,AUDUSD,momentum,short,22827,22828,22870,2024-10-01 18:15:00+00:00,2024-10-01 18:30:00+00:00,2024-10-02 05:00:00+00:00,0.68945003,0.68879998,6.500500000000686,4.500500000000686,0.0441225490196145,150,100,2.0,signal,42,57,1.6845387123672886,3.1911617647058876
futures,6A,momentum,short,21948,21949,21987,2024-10-01 18:15:00+00:00,2024-10-01 18:30:00+00:00,2024-10-02 05:00:00+00:00,0.69,0.6895,9.9999999999989,6.999999999998899,0.0139165009940335,200,500,3.0,signal,38,50,1.453670276774966,0.7495029821073496
forex,AUDUSD,momentum,short,22878,22879,22980,2024-10-02 07:00:00+00:00,2024-10-02 07:15:00+00:00,2024-10-03 08:30:00+00:00,0.68959999,0.685,45.99989999999998,43.99989999999998,0.4313715686274508,150,100,2.0,signal,101,57,1.706565652606581,3.2696000000000094
futures,6A,momentum,short,21995,21996,22093,2024-10-02 07:00:00+00:00,2024-10-02 07:15:00+00:00,2024-10-03 08:30:00+00:00,0.69025,0.68555,94.00000000000074,91.00000000000074,0.1809145129224666,200,500,3.0,signal,97,51,1.4620938628158793,0.7634194831013831
futures,SI,momentum,short,21843,21844,22142,2024-10-02 07:00:00+00:00,2024-10-02 07:15:00+00:00,2024-10-07 12:45:00+00:00,31.63,31.74,-21.999999999999886,-24.999999999999886,-0.0497017892644132,500,500,3.0,signal,298,37,2.4425087108013943,2.469184890656064
futures,NQ,momentum,short,22002,22003,22014,2024-10-03 14:00:00+00:00,2024-10-03 14:15:00+00:00,2024-10-03 17:00:00+00:00,20026.0,19920.75,421.0,418.0,1.2403560830860534,500,334,3.0,signal,11,51,1.432040189785096,9.18694362017804
futures,GC,momentum,short,22197,22198,22217,2024-10-07 07:45:00+00:00,2024-10-07 08:00:00+00:00,2024-10-07 12:45:00+00:00,2671.6,2662.9,86.99999999999818,83.99999999999818,0.743362831858391,300,110,3.0,signal,19,14,3.1415929203539883,10.707964601769937
futures,ES,momentum,long,22168,22169,22282,2024-10-07 09:15:00+00:00,2024-10-07 09:30:00+00:00,2024-10-08 14:45:00+00:00,5763.75,5788.5,99.0,96.0,0.3168316831683168,300,300,3.0,signal,113,50,1.3663366336633658,2.930693069306929
futures,NQ,momentum,long,22167,22168,22205,2024-10-07 09:15:00+00:00,2024-10-07 09:30:00+00:00,2024-10-07 18:45:00+00:00,20064.25,19980.75,-334.0,-337.0,-1.0,500,334,3.0,sl,37,50,1.527310001464343,10.685459940652818
futures,SI,momentum,short,22147,22148,22196,2024-10-07 14:00:00+00:00,2024-10-07 14:15:00+00:00,2024-10-08 03:15:00+00:00,32.105,31.605,99.99999999999928,96.99999999999928,0.192842942345923,500,500,3.0,signal,48,37,2.2720090293453734,2.240556660039762
futures,RTY,mean_reversion,long,22209,22210,22294,2024-10-07 20:00:00+00:00,2024-10-07 20:15:00+00:00,2024-10-08 18:15:00+00:00,2213.3,2215.6,22.99999999999727,19.99999999999727,0.0397614314115253,500,500,3.0,signal,84,10,1.5149105367793205,0.514910536779321
futures,6J,momentum,short,22337,22338,22470,2024-10-07 22:45:00+00:00,2024-10-07 23:00:00+00:00,2024-10-09 09:00:00+00:00,0.0068325,0.0067825,100.0,97.0,0.3201320132013201,100,300,3.0,tp,132,15,7.77941176470593,1.5214521452145333
forex,GBPUSD,momentum,short,23165,23166,23188,2024-10-08 01:00:00+00:00,2024-10-08 01:15:00+00:00,2024-10-08 06:45:00+00:00,1.3102,1.3082,20.0,18.0,0.2337662337662337,20,75,2.0,tp,22,70,1.412280701754375,3.051948051947965
forex,GBPUSD,momentum,short,23194,23195,23223,2024-10-08 08:15:00+00:00,2024-10-08 08:30:00+00:00,2024-10-08 15:30:00+00:00,1.30935,1.30845,9.00000000000123,7.000000000001229,0.0909090909091068,20,75,2.0,signal,28,71,1.4438596491227962,3.2857142857141985
futures,NQ,momentum,short,22260,22261,22278,2024-10-08 09:30:00+00:00,2024-10-08 09:45:00+00:00,2024-10-08 14:00:00+00:00,20076.25,20159.75,-334.0,-337.0,-1.0,500,334,3.0,sl,17,51,1.4554842310912641,9.685459940652818
futures,CL,mean_reversion,long,22351,22352,22507,2024-10-08 17:30:00+00:00,2024-10-08 17:45:00+00:00,2024-10-10 10:30:00+00:00,74.42,74.51,9.000000000000341,6.000000000000341,0.0198019801980209,200,300,3.0,signal,155,19,1.4409672830725482,1.0231023102310286
forex,AUDUSD,momentum,short,23346,23347,23355,2024-10-09 05:00:00+00:00,2024-10-09 05:15:00+00:00,2024-10-09 07:15:00+00:00,0.67470002,0.67264998,20.50039999999975,18.50039999999975,0.1813764705882328,150,100,2.0,signal,8,56,1.7266914872723653,3.362731372549035
futures,6A,momentum,short,22447,22448,22456,2024-10-09 05:00:00+00:00,2024-10-09 05:15:00+00:00,2024-10-09 07:15:00+00:00,0.6753,0.67315,42.9999999999997,39.9999999999997,0.079522862823061,200,500,3.0,signal,8,50,1.548309178743958,0.9025844930417439
futures,6A,momentum,short,22532,22533,22588,2024-10-10 03:15:00+00:00,2024-10-10 03:30:00+00:00,2024-10-10 17:15:00+00:00,0.67365,0.6719,34.999999999998366,31.99999999999837,0.063618290258446,200,500,3.0,signal,55,51,1.596618357487919,0.9821073558648049
forex,GBPUSD,momentum,short,23396,23397,23399,2024-10-10 10:45:00+00:00,2024-10-10 11:00:00+00:00,2024-10-10 11:30:00+00:00,1.30915,1.30715,20.0,18.0,0.2337662337662337,20,75,2.0,tp,2,72,1.4561403508771842,3.3766233766233054
futures,ES,momentum,long,22457,22458,22472,2024-10-10 12:30:00+00:00,2024-10-10 12:45:00+00:00,2024-10-10 16:15:00+00:00,5820.75,5841.25,82.0,79.0,0.2607260726072607,300,300,3.0,signal,14,50,1.3741749174917486,2.9933993399339913
futures,NQ,momentum,long,22456,22457,22467,2024-10-10 12:30:00+00:00,2024-10-10 12:45:00+00:00,2024-10-10 15:15:00+00:00,20349.5,20422.25,291.0,288.0,0.8545994065281899,500,334,3.0,signal,10,51,1.4554842310912641,9.685459940652818
forex,AUDUSD,momentum,short,23473,23474,23491,2024-10-10 12:45:00+00:00,2024-10-10 13:00:00+00:00,2024-10-10 17:15:00+00:00,0.67339998,0.67135,20.499800000000068,18.499800000000068,0.1813705882352947,150,100,2.0,signal,17,57,1.7658872250716842,3.544107843137268
forex,AUDUSD,momentum,short,23495,23496,23725,2024-10-10 18:15:00+00:00,2024-10-10 18:30:00+00:00,2024-10-15 04:45:00+00:00,0.67315,0.67150003,16.499700000000004,14.499700000000004,0.1421539215686275,150,100,2.0,signal,229,58,1.8050816916853707,3.7254784313725624
futures,6A,momentum,short,22592,22593,22814,2024-10-10 18:15:00+00:00,2024-10-10 18:30:00+00:00,2024-10-15 04:45:00+00:00,0.67365,0.67205,31.999999999998696,28.999999999998696,0.057654075546717,200,500,3.0,signal,221,52,1.635265700483086,1.045725646123251
futures,CL,momentum,long,22583,22584,22732,2024-10-11 06:30:00+00:00,2024-10-11 06:45:00+00:00,2024-10-14 20:45:00+00:00,74.89,71.89,-300.0,-303.0,-1.0,500,300,3.0,sl,148,34,1.6306042884990208,2.1353135313531224
forex,GBPUSD,momentum,short,23480,23481,23494,2024-10-11 07:45:00+00:00,2024-10-11 08:00:00+00:00,2024-10-11 11:15:00+00:00,1.3075,1.3055,20.0,18.0,0.2337662337662337,20,75,2.0,tp,13,73,1.4877192982456051,3.610389610389539
futures,6B,mean_reversion,long,22663,22664,22671,2024-10-11 13:45:00+00:00,2024-10-11 14:00:00+00:00,2024-10-11 15:45:00+00:00,1.3071,1.3079,8.00000000000134,5.000000000001339,0.0246305418719277,100,200,3.0,signal,7,15,2.4571428571426788,0.5024630541871559
forex,EURUSD,momentum,short,23514,23515,23615,2024-10-11 16:30:00+00:00,2024-10-11 16:45:00+00:00,2024-10-14 19:00:00+00:00,1.09434,1.0893400000000002,50.0,48.0,0.2376237623762376,50,200,2.0,tp,100,20,2.498540706605243,0.9658910891089129
futures,NQ,momentum,long,22579,22580,22642,2024-10-11 20:15:00+00:00,2024-10-11 20:30:00+00:00,2024-10-14 13:00:00+00:00,20420.0,20545.0,500.0,497.0,1.4747774480712166,500,334,3.0,tp,62,52,1.4956740161875521,10.540059347181007
futures,SI,momentum,long,22543,22544,22565,2024-10-13 22:00:00+00:00,2024-10-13 22:15:00+00:00,2024-10-14 03:30:00+00:00,31.33,31.445,23.0000000000004,20.0000000000004,0.0397614314115316,500,500,3.0,signal,21,35,2.0598194130925505,1.86679920477137
forex,GBPUSD,momentum,short,23596,23597,23655,2024-10-14 13:45:00+00:00,2024-10-14 14:00:00+00:00,2024-10-15 04:30:00+00:00,1.30495,1.3048,1.500000000000945,-0.499999999999055,-0.0064935064934942,20,75,2.0,signal,58,72,1.4754385964912249,3.5194805194804895
futures,GC,momentum,long,22685,22686,22776,2024-10-14 14:45:00+00:00,2024-10-14 15:00:00+00:00,2024-10-15 14:30:00+00:00,2662.6,2675.8,132.00000000000273,129.00000000000273,1.1415929203540065,300,110,3.0,signal,90,13,2.4955752212389406,7.4778761061946994
futures,6B,mean_reversion,long,22771,22772,22799,2024-10-14 17:45:00+00:00,2024-10-14 18:00:00+00:00,2024-10-15 01:45:00+00:00,1.3057,1.3063,5.999999999999339,2.999999999999339,0.0147783251231494,100,200,3.0,signal,27,15,2.385714285714119,0.4778325123152374
futures,SI,mean_reversion,long,22669,22670,22701,2024-10-15 06:30:00+00:00,2024-10-15 06:45:00+00:00,2024-10-15 14:30:00+00:00,31.315,31.745,85.99999999999994,82.99999999999994,0.1650099403578527,200,500,3.0,signal,31,10,1.4251700680272137,0.2485089463220696
futures,6J,momentum,short,22830,22831,22947,2024-10-15 07:00:00+00:00,2024-10-15 07:15:00+00:00,2024-10-16 13:15:00+00:00,0.006753,0.006744,18.000000000000654,15.000000000000654,0.0495049504950516,100,300,3.0,signal,116,14,8.397058823529454,1.6600660066006712
forex,GBPUSD,momentum,short,23666,23667,23757,2024-10-15 07:15:00+00:00,2024-10-15 07:30:00+00:00,2024-10-16 06:00:00+00:00,1.3059,1.3039,20.0,18.0,0.2337662337662337,20,75,2.0,tp,90,72,1.4425942156003497,3.2792207792207617
futures,6E,momentum,short,22851,22852,22866,2024-10-15 13:00:00+00:00,2024-10-15 13:15:00+00:00,2024-10-15 16:45:00+00:00,1.09425,1.09205,43.9999999999996,40.9999999999996,0.0815109343936373,200,500,3.0,signal,14,26,2.0964912280701458,0.7455268389661953
futures,NQ,momentum,long,22739,22740,22740,2024-10-15 14:15:00+00:00,2024-10-15 14:30:00+00:00,2024-10-15 14:30:00+00:00,20515.5,20432.0,-334.0,-337.0,-1.0,500,334,3.0,sl,0,53,1.5650293050516326,12.014836795252224
futures,6C,momentum,short,22878,22879,23038,2024-10-15 18:45:00+00:00,2024-10-15 19:00:00+00:00,2024-10-17 12:45:00+00:00,0.7263,0.72655,-5.00000000000167,-8.00000000000167,-0.0394088669950821,50,200,3.0,signal,159,30,2.450495049504957,1.4433497536946018
forex,AUDUSD,momentum,short,23900,23901,23912,2024-10-17 00:30:00+00:00,2024-10-17 00:45:00+00:00,2024-10-17 03:30:00+00:00,0.66914999,0.66874999,3.99999999999956,1.9999999999995597,0.0196078431372505,150,100,2.0,signal,11,57,1.7775389125812042,3.5980254901960875
futures,6A,momentum,short,22981,22982,22992,2024-10-17 00:30:00+00:00,2024-10-17 00:45:00+00:00,2024-10-17 03:15:00+00:00,0.6696,0.66945,2.9999999999996696,-3.3040237212844664e-13,-6.568635628796155e-16,200,500,3.0,signal,10,51,1.624396135265694,1.0278330019880604
futures,SI,momentum,long,22839,22840,22872,2024-10-17 03:00:00+00:00,2024-10-17 03:15:00+00:00,2024-10-17 11:15:00+00:00,31.805,32.04,46.999999999999886,43.999999999999886,0.0874751491053675,500,500,3.0,signal,32,35,2.709251101321587,2.314115308151093
futures,NQ,momentum,short,22890,22891,22892,2024-10-17 06:00:00+00:00,2024-10-17 06:15:00+00:00,2024-10-17 06:30:00+00:00,20382.25,20465.75,-334.0,-337.0,-1.0,500,334,3.0,sl,1,54,1.4947354391576704,11.014836795252224
forex,AUDUSD,momentum,short,23938,23939,24146,2024-10-17 10:00:00+00:00,2024-10-17 10:15:00+00:00,2024-10-21 15:00:00+00:00,0.66939998,0.66724998,21.49999999999985,19.49999999999985,0.1911764705882338,150,100,2.0,signal,207,58,1.7817761980236069,3.617633333333338
futures,6A,momentum,short,23019,23020,23223,2024-10-17 10:00:00+00:00,2024-10-17 10:15:00+00:00,2024-10-21 15:00:00+00:00,0.6698,0.66765,42.9999999999997,39.9999999999997,0.079522862823061,200,500,3.0,signal,203,52,1.6243961352656933,1.0278330019880597
futures,SI,mean_reversion,short,22877,22878,23039,2024-10-17 12:30:00+00:00,2024-10-17 12:45:00+00:00,2024-10-21 07:00:00+00:00,31.84,34.34,-500.0,-503.0,-1.0,200,500,3.0,sl,161,11,1.707482993197281,0.4135188866799223
futures,NQ,momentum,long,22920,22921,22930,2024-10-17 13:30:00+00:00,2024-10-17 13:45:00+00:00,2024-10-17 16:00:00+00:00,20448.0,20508.0,240.0,237.0,0.7032640949554896,500,334,3.0,signal,9,55,1.430484693877551,10.014836795252224
forex,GBPUSD,momentum,short,23891,23892,24075,2024-10-17 15:30:00+00:00,2024-10-17 15:45:00+00:00,2024-10-21 14:30:00+00:00,1.3011,1.30095,1.4999999999987246,-0.5000000000012754,-0.006493506493523,20,75,2.0,signal,183,72,1.4425942156003497,3.2792207792207617
futures,SI,momentum,long,22891,22892,22970,2024-10-17 16:00:00+00:00,2024-10-17 16:15:00+00:00,2024-10-18 12:45:00+00:00,31.77,32.485,142.99999999999997,139.99999999999997,0.2783300198807156,500,500,3.0,signal,78,36,2.7738619676945677,2.4015904572564604
futures,NQ,momentum,long,22939,22940,23014,2024-10-17 18:15:00+00:00,2024-10-17 18:30:00+00:00,2024-10-18 14:00:00+00:00,20393.75,20518.75,500.0,497.0,1.4747774480712166,500,334,3.0,tp,74,56,1.4607142857142859,10.718100890207714
futures,6J,momentum,short,23131,23132,23226,2024-10-18 13:15:00+00:00,2024-10-18 13:30:00+00:00,2024-10-21 14:00:00+00:00,0.006727,0.0067095,35.00000000000031,32.00000000000031,0.1056105610561066,100,300,3.0,signal,94,15,8.61764705882358,1.7095709570957227
futures,RTY,mean_reversion,long,23100,23101,23178,2024-10-21 12:45:00+00:00,2024-10-21 13:00:00+00:00,2024-10-22 09:15:00+00:00,2289.7,2239.7,-500.0,-503.0,-1.0,500,500,3.0,sl,77,11,1.5546719681908459,0.5546719681908463
futures,6E,momentum,short,23289,23290,23296,2024-10-22 07:30:00+00:00,2024-10-22 07:45:00+00:00,2024-10-22 09:15:00+00:00,1.08615,1.0853,17.000000000000348,14.000000000000348,0.0278330019880722,200,500,3.0,signal,6,25,2.0233918128654644,0.6958250497017792
futures,NQ,momentum,short,23197,23198,23212,2024-10-22 13:45:00+00:00,2024-10-22 14:00:00+00:00,2024-10-22 17:30:00+00:00,20461.0,20544.5,-334.0,-337.0,-1.0,500,334,3.0,sl,14,57,1.5241071428571429,12.19287833827893
futures,ES,momentum,short,23199,23200,23296,2024-10-22 14:00:00+00:00,2024-10-22 14:15:00+00:00,2024-10-23 15:15:00+00:00,5879.0,5849.75,117.0,114.0,0.3762376237623762,300,300,3.0,signal,96,48,1.3999088007295934,2.8943894389438922
futures,6C,momentum,short,23334,23335,23404,2024-10-22 17:45:00+00:00,2024-10-22 18:00:00+00:00,2024-10-23 12:15:00+00:00,0.72475,0.72375,20.000000000000018,17.000000000000018,0.0837438423645321,50,200,3.0,signal,69,30,3.3445945945945574,1.7093596059113432
forex,AUDUSD,momentum,short,24287,24288,24306,2024-10-23 02:15:00+00:00,2024-10-23 02:30:00+00:00,2024-10-23 07:00:00+00:00,0.66825002,0.66645002,18.000000000000238,16.000000000000238,0.1568627450980415,150,100,2.0,signal,18,57,2.3121573144670506,4.759790196078441
futures,6A,momentum,short,23356,23357,23375,2024-10-23 02:15:00+00:00,2024-10-23 02:30:00+00:00,2024-10-23 07:00:00+00:00,0.6686,0.66685,34.999999999998366,31.99999999999837,0.063618290258446,200,500,3.0,signal,18,52,1.6618357487922644,1.0894632206759347
forex,GBPUSD,momentum,short,24219,24220,24236,2024-10-23 02:30:00+00:00,2024-10-23 02:45:00+00:00,2024-10-23 06:45:00+00:00,1.29895,1.29735,16.00000000000046,14.000000000000458,0.1818181818181877,20,75,2.0,signal,16,72,1.421190893169874,3.1233766233765943
forex,GBPUSD,momentum,short,24244,24245,24255,2024-10-23 08:45:00+00:00,2024-10-23 09:00:00+00:00,2024-10-23 11:30:00+00:00,1.29845,1.29645,20.0,18.0,0.2337662337662337,20,75,2.0,tp,10,73,1.4457092819614683,3.305194805194782
futures,GC,momentum,long,23322,23323,23326,2024-10-23 13:00:00+00:00,2024-10-23 13:15:00+00:00,2024-10-23 14:00:00+00:00,2752.1,2741.1,-110.0,-113.0,-1.0,300,110,3.0,sl,3,12,1.8991150442477902,4.495575221238948
futures,SI,momentum,long,23247,23248,23571,2024-10-23 13:00:00+00:00,2024-10-23 13:15:00+00:00,2024-10-29 02:00:00+00:00,34.29,34.1,-37.999999999999545,-40.999999999999545,-0.0815109343936372,500,500,3.0,signal,323,37,2.979441997063143,2.679920477137176
futures,6C,momentum,short,23449,23450,23508,2024-10-24 00:30:00+00:00,2024-10-24 00:45:00+00:00,2024-10-24 15:15:00+00:00,0.7244,0.7233,21.9999999999998,18.9999999999998,0.0935960591132994,50,200,3.0,signal,58,31,3.4594594594594197,1.7931034482758752
forex,AUDUSD,momentum,short,24402,24403,24432,2024-10-24 07:00:00+00:00,2024-10-24 07:15:00+00:00,2024-10-24 14:30:00+00:00,0.66540003,0.66374999,16.50040000000019,14.500400000000193,0.1421607843137273,150,100,2.0,signal,29,57,2.2689132954757154,4.602924509803934
futures,6A,momentum,short,23467,23468,23497,2024-10-24 07:00:00+00:00,2024-10-24 07:15:00+00:00,2024-10-24 14:30:00+00:00,0.666,0.6641,38.000000000000256,35.000000000000256,0.0695825049701794,200,500,3.0,signal,29,52,1.6473429951690721,1.06560636182901
futures,ES,momentum,short,23359,23360,23382,2024-10-24 08:00:00+00:00,2024-10-24 08:15:00+00:00,2024-10-24 13:45:00+00:00,5865.0,5847.75,69.0,66.0,0.2178217821782178,300,300,3.0,signal,22,49,1.4518923848609204,3.2706270627062684
futures,NQ,momentum,short,23358,23359,23381,2024-10-24 08:00:00+00:00,2024-10-24 08:15:00+00:00,2024-10-24 13:45:00+00:00,20392.25,20342.0,201.0,198.0,0.5875370919881305,500,334,3.0,signal,22,58,1.461293873058579,11.19287833827893
forex,EURUSD,momentum,short,24335,24336,24638,2024-10-24 08:00:00+00:00,2024-10-24 08:15:00+00:00,2024-10-29 12:45:00+00:00,1.079953,1.0777,22.529999999998385,20.529999999998385,0.1016336633663286,50,200,2.0,signal,302,17,2.218202764976977,0.7851980198019834
futures,6E,momentum,short,23475,23476,23769,2024-10-24 08:00:00+00:00,2024-10-24 08:15:00+00:00,2024-10-29 12:30:00+00:00,1.08225,1.08095,25.999999999997137,22.999999999997137,0.0457256461232547,200,500,3.0,signal,293,26,2.0643274853800846,0.7236580516898513
futures,ZN,mean_reversion,short,23386,23387,23391,2024-10-24 12:30:00+00:00,2024-10-24 12:45:00+00:00,2024-10-24 13:45:00+00:00,111.25,111.15625,6.0,3.0,0.0566037735849056,15,50,3.0,signal,4,10,1.8235294117647045,0.2641509433962259
futures,ZN,mean_reversion,long,23394,23395,23401,2024-10-24 14:30:00+00:00,2024-10-24 14:45:00+00:00,2024-10-24 16:15:00+00:00,111.296875,111.328125,2.0,-1.0,-0.0188679245283018,15,50,3.0,signal,6,11,1.9999999999999987,0.3207547169811315
forex,GBPUSD,momentum,long,24364,24365,24375,2024-10-24 14:45:00+00:00,2024-10-24 15:00:00+00:00,2024-10-24 17:30:00+00:00,1.2959,1.2974,15.000000000000568,13.000000000000568,0.1688311688311762,20,75,2.0,signal,10,73,1.5102954341987438,3.7012987012986773
futures,NQ,momentum,short,23395,23396,23450,2024-10-24 17:15:00+00:00,2024-10-24 17:30:00+00:00,2024-10-25 08:00:00+00:00,20358.75,20442.25,-334.0,-337.0,-1.0,500,334,3.0,sl,54,59,1.4855081325669564,11.78041543026706
forex,AUDUSD,momentum,short,24443,24444,24487,2024-10-24 17:15:00+00:00,2024-10-24 17:30:00+00:00,2024-10-25 04:15:00+00:00,0.66425002,0.66210002,21.49999999999985,19.49999999999985,0.1911764705882338,150,100,2.0,signal,43,58,2.3081035339701175,4.745085294117661
futures,ZN,mean_reversion,short,23412,23413,23418,2024-10-24 19:00:00+00:00,2024-10-24 19:15:00+00:00,2024-10-24 20:30:00+00:00,111.265625,111.21875,3.0,0.0,0.0,15,50,3.0,signal,5,12,1.8888888888888882,0.3018867924528297
futures,ZN,mean_reversion,short,23464,23465,23494,2024-10-25 09:00:00+00:00,2024-10-25 09:15:00+00:00,2024-10-25 16:30:00+00:00,111.25,111.203125,3.0,0.0,0.0,15,50,3.0,signal,29,13,1.8888888888888882,0.3018867924528297
forex,AUDUSD,momentum,short,24520,24521,24533,2024-10-25 12:30:00+00:00,2024-10-25 12:45:00+00:00,2024-10-25 15:45:00+00:00,0.66434997,0.66229999,20.499800000000068,18.499800000000068,0.1813705882352947,150,100,2.0,signal,12,59,2.3608061939409333,4.936261764705895
futures,6A,momentum,short,23581,23582,23593,2024-10-25 12:30:00+00:00,2024-10-25 12:45:00+00:00,2024-10-25 15:30:00+00:00,0.6647,0.66335,26.999999999999247,23.999999999999247,0.0477137176938354,200,500,3.0,signal,11,53,1.6896135265700387,1.1351888667991894
forex,GBPUSD,momentum,long,24463,24464,24540,2024-10-25 15:30:00+00:00,2024-10-25 15:45:00+00:00,2024-10-28 11:45:00+00:00,1.2978,1.29795,1.4999999999987246,-0.5000000000012754,-0.006493506493523,20,75,2.0,signal,76,74,1.5335720680393892,3.8701298701298534
futures,GC,momentum,long,23539,23540,23572,2024-10-27 22:15:00+00:00,2024-10-27 22:30:00+00:00,2024-10-28 06:30:00+00:00,2745.2,2754.6,94.00000000000092,91.00000000000092,0.8053097345132824,300,110,3.0,signal,32,13,1.582595870206492,3.4955752212389477
futures,NQ,momentum,long,23565,23566,23617,2024-10-28 13:45:00+00:00,2024-10-28 14:00:00+00:00,2024-10-29 03:45:00+00:00,20555.75,20472.25,-334.0,-337.0,-1.0,500,334,3.0,sl,51,59,1.3863049095607236,9.759643916913944
futures,ES,momentum,long,23573,23574,23753,2024-10-28 15:30:00+00:00,2024-10-28 15:45:00+00:00,2024-10-30 14:30:00+00:00,5863.75,5880.25,66.0,63.0,0.2079207920792079,300,300,3.0,signal,179,49,1.4509803921568623,3.2640264026402614
futures,SI,momentum,long,23576,23577,23601,2024-10-29 03:15:00+00:00,2024-10-29 03:30:00+00:00,2024-10-29 09:30:00+00:00,33.99,34.355,72.99999999999898,69.99999999999898,0.1391650099403558,500,500,3.0,signal,24,36,2.752077562326873,2.514910536779325
forex,GBPUSD,momentum,long,24603,24604,24621,2024-10-29 03:30:00+00:00,2024-10-29 03:45:00+00:00,2024-10-29 08:00:00+00:00,1.29605,1.29805,20.0,18.0,0.2337662337662337,20,75,2.0,tp,17,72,1.4767441860465056,3.461038961038924
futures,6B,mean_reversion,short,23763,23764,23855,2024-10-29 12:45:00+00:00,2024-10-29 13:00:00+00:00,2024-10-30 12:45:00+00:00,1.2977,1.2952,25.000000000001688,22.000000000001688,0.1083743842364615,100,200,3.0,signal,91,14,1.9142857142855976,0.3152709359605663
forex,EURUSD,momentum,short,24644,24645,25167,2024-10-29 14:15:00+00:00,2024-10-29 14:30:00+00:00,2024-11-06 02:15:00+00:00,1.080545,1.080588,-0.4300000000001525,-2.4300000000001525,-0.0120297029702977,50,200,2.0,signal,522,17,2.199231950844864,0.7729702970297009
forex,USDJPY,momentum,long,24712,24713,24731,2024-10-30 08:30:00+00:00,2024-10-30 08:45:00+00:00,2024-10-30 13:15:00+00:00,153.029999,153.37,34.00010000000009,32.00010000000009,0.0637452191235061,200,500,2.0,signal,18,44,1.3190070657792337,0.8207120517928178
forex,GBPUSD,momentum,long,24722,24723,24741,2024-10-30 09:15:00+00:00,2024-10-30 09:30:00+00:00,2024-10-30 14:00:00+00:00,1.30015,1.30215,20.0,18.0,0.2337662337662337,20,75,2.0,tp,18,72,1.499105545617171,3.623376623376611
forex,AUDUSD,momentum,short,24809,24810,24906,2024-10-30 13:45:00+00:00,2024-10-30 14:00:00+00:00,2024-10-31 14:00:00+00:00,0.65899998,0.65490001,40.99970000000064,38.99970000000064,0.3823500000000062,150,100,2.0,signal,96,58,2.5697605090690425,5.294101960784329
futures,ZN,mean_reversion,short,23763,23764,23777,2024-10-30 14:45:00+00:00,2024-10-30 15:00:00+00:00,2024-10-30 18:15:00+00:00,110.84375,110.765625,5.0,2.0,0.0377358490566037,15,50,3.0,signal,13,14,1.8888888888888882,0.3018867924528297
futures,6A,momentum,long,23868,23869,24079,2024-10-30 15:15:00+00:00,2024-10-30 15:30:00+00:00,2024-11-04 00:00:00+00:00,0.65825,0.6594,22.999999999999687,19.999999999999687,0.0397614314115301,200,500,3.0,signal,210,52,1.7449748743718456,1.178926441351869
futures,ES,mean_reversion,short,23762,23763,23770,2024-10-30 16:45:00+00:00,2024-10-30 17:00:00+00:00,2024-10-30 18:45:00+00:00,5873.0,5864.75,33.0,30.0,0.0596421471172962,500,500,3.0,signal,7,11,4.117117117117116,0.6878727634194826
futures,6C,momentum,short,23885,23886,23967,2024-10-30 17:30:00+00:00,2024-10-30 17:45:00+00:00,2024-10-31 15:00:00+00:00,0.72035,0.7199,9.00000000000123,6.000000000001229,0.0295566502463114,50,200,3.0,signal,81,31,3.5270270270269934,1.842364532019723
forex,USDJPY,momentum,long,24787,24788,25163,2024-10-31 03:15:00+00:00,2024-10-31 03:30:00+00:00,2024-11-06 02:15:00+00:00,153.020004,153.28,25.9996000000001,23.9996000000001,0.0478079681274902,200,500,2.0,signal,375,45,1.3437845443914003,0.8844572709163239
forex,GBPUSD,momentum,short,24808,24809,24818,2024-10-31 06:45:00+00:00,2024-10-31 07:00:00+00:00,2024-10-31 09:15:00+00:00,1.2974,1.2973,1.0000000000021103,-0.9999999999978896,-0.0129870129869855,20,75,2.0,signal,9,73,1.5313059033989238,3.8571428571428448
futures,ZB,mean_reversion,long,23792,23793,23829,2024-10-31 10:30:00+00:00,2024-10-31 10:45:00+00:00,2024-10-31 19:45:00+00:00,117.9375,118.09375,5.0,2.0,0.0377358490566037,15,50,3.0,signal,36,11,5.125000000000005,0.6226415094339619
forex,AUDUSD,momentum,short,24915,24916,25242,2024-10-31 16:15:00+00:00,2024-10-31 16:30:00+00:00,2024-11-06 03:00:00+00:00,0.6559,0.6552,7.000000000000339,5.000000000000339,0.0490196078431405,150,100,2.0,signal,326,59,2.6831315652157657,5.676451960784335
futures,6E,momentum,long,24027,24028,24043,2024-11-01 08:00:00+00:00,2024-11-01 08:15:00+00:00,2024-11-01 12:00:00+00:00,1.0879,1.0887,15.999999999998238,12.999999999998238,0.0258449304174915,200,500,3.0,signal,15,25,2.7261904761904328,0.8648111332007885
futures,6J,momentum,long,24032,24033,24049,2024-11-01 08:30:00+00:00,2024-11-01 08:45:00+00:00,2024-11-01 12:45:00+00:00,0.0065865,0.006618,62.99999999999882,59.99999999999882,0.1980198019801941,100,300,3.0,signal,16,16,9.088235294117704,1.8151815181518294
futures,SI,momentum,short,23893,23894,23897,2024-11-01 13:30:00+00:00,2024-11-01 13:45:00+00:00,2024-11-01 14:30:00+00:00,33.19,32.92,53.9999999999992,50.9999999999992,0.101391650099402,500,500,3.0,signal,3,36,2.8296398891966774,2.626242544731609
futures,NQ,momentum,short,23934,23935,23945,2024-11-01 14:00:00+00:00,2024-11-01 14:15:00+00:00,2024-11-01 16:45:00+00:00,20215.25,20198.25,68.0,65.0,0.1928783382789317,500,334,3.0,signal,10,59,1.3863049095607236,9.759643916913944
forex,GBPUSD,momentum,long,24948,24949,24961,2024-11-01 17:45:00+00:00,2024-11-01 18:00:00+00:00,2024-11-03 22:00:00+00:00,1.29275,1.29475,20.0,18.0,0.2337662337662337,20,75,2.0,tp,12,74,1.5285714285714316,3.844155844155859
futures,6C,momentum,short,24083,24084,24296,2024-11-03 23:00:00+00:00,2024-11-03 23:15:00+00:00,2024-11-06 06:15:00+00:00,0.7191,0.71875,6.999999999999229,3.999999999999229,0.0197044334975331,50,200,3.0,signal,212,31,4.258064516128978,1.9901477832512557
futures,NQ,momentum,short,23975,23976,24016,2024-11-04 02:15:00+00:00,2024-11-04 02:30:00+00:00,2024-11-04 12:30:00+00:00,20227.5,20102.5,500.0,497.0,1.4747774480712166,500,334,3.0,tp,40,60,1.393939393939394,9.952522255192877
futures,NQ,momentum,short,24030,24031,24033,2024-11-04 16:00:00+00:00,2024-11-04 16:15:00+00:00,2024-11-04 16:45:00+00:00,20214.0,20089.0,500.0,497.0,1.4747774480712166,500,334,3.0,tp,2,60,1.4283533004463238,10.821958456973292
futures,ZB,mean_reversion,short,23995,23996,24064,2024-11-04 16:15:00+00:00,2024-11-04 16:30:00+00:00,2024-11-05 10:30:00+00:00,117.78125,117.75,1.0,-2.0,-0.0377358490566037,15,50,3.0,signal,68,12,5.375000000000004,0.6603773584905656
forex,GBPUSD,momentum,long,25034,25035,25093,2024-11-04 16:15:00+00:00,2024-11-04 16:30:00+00:00,2024-11-05 07:00:00+00:00,1.2954,1.2974,20.0,18.0,0.2337662337662337,20,75,2.0,tp,58,74,1.5482142857142907,3.987012987013015
futures,6A,momentum,long,24145,24146,24200,2024-11-04 16:30:00+00:00,2024-11-04 16:45:00+00:00,2024-11-05 07:15:00+00:00,0.65935,0.6613,39.00000000000014,36.00000000000014,0.0715705765407557,200,500,3.0,signal,54,53,1.7701005025125487,1.218687872763399
futures,ZN,mean_reversion,long,24105,24106,24159,2024-11-05 09:15:00+00:00,2024-11-05 09:30:00+00:00,2024-11-05 23:45:00+00:00,110.40625,110.640625,15.0,12.0,0.2264150943396226,15,50,3.0,tp,53,15,1.9999999999999991,0.3396226415094334
futures,SI,momentum,short,24075,24076,24115,2024-11-05 14:00:00+00:00,2024-11-05 14:15:00+00:00,2024-11-06 01:00:00+00:00,32.935,32.565,74.00000000000091,71.00000000000091,0.1411530815109362,500,500,3.0,signal,39,36,2.808864265927978,2.5964214711729583
futures,ZB,mean_reversion,long,24094,24095,24101,2024-11-05 18:00:00+00:00,2024-11-05 18:15:00+00:00,2024-11-05 19:45:00+00:00,117.65625,118.125,15.0,12.0,0.2264150943396226,15,50,3.0,tp,6,12,3.500000000000003,0.47169811320754684
futures,6E,momentum,long,24267,24268,24443,2024-11-06 00:00:00+00:00,2024-11-06 00:15:00+00:00,2024-11-07 21:00:00+00:00,1.0913,1.08175,-190.99999999999892,-193.99999999999892,-0.3856858846918468,200,500,3.0,signal,175,26,2.7777777777777266,0.89065606361828
futures,6A,momentum,long,24264,24265,24369,2024-11-06 00:15:00+00:00,2024-11-06 00:30:00+00:00,2024-11-07 03:30:00+00:00,0.66135,0.66195,12.0000000000009,9.000000000000899,0.0178926441351906,200,500,3.0,signal,104,54,1.8153266331658149,1.2902584493041547
futures,6C,momentum,short,24306,24307,24318,2024-11-06 08:45:00+00:00,2024-11-06 09:00:00+00:00,2024-11-06 11:45:00+00:00,0.72065,0.71965,20.000000000000018,17.000000000000018,0.0837438423645321,50,200,3.0,signal,11,32,4.2903225806451,2.0098522167487887
forex,AUDUSD,momentum,short,25291,25292,25386,2024-11-06 15:15:00+00:00,2024-11-06 15:30:00+00:00,2024-11-07 15:00:00+00:00,0.65794998,0.66794998,-100.0,-102.0,-1.0,150,100,2.0,sl,94,58,2.5915613494748007,5.367626470588261
futures,6C,momentum,short,24372,24373,24506,2024-11-07 02:15:00+00:00,2024-11-07 02:30:00+00:00,2024-11-08 12:45:00+00:00,0.7197,0.72,-5.999999999999339,-8.99999999999934,-0.0443349753694548,50,200,3.0,signal,133,33,4.427419354838644,2.0935960591133207
forex,GBPUSD,momentum,short,25267,25268,25296,2024-11-07 02:30:00+00:00,2024-11-07 02:45:00+00:00,2024-11-07 09:45:00+00:00,1.29095,1.2912,-2.4999999999986144,-4.499999999998614,-0.0584415584415404,20,75,2.0,signal,28,74,1.5607142857142893,4.0779220779220955
forex,GBPUSD,momentum,short,25305,25306,25419,2024-11-07 12:00:00+00:00,2024-11-07 12:15:00+00:00,2024-11-08 16:30:00+00:00,1.2935,1.2915,20.0,18.0,0.2337662337662337,20,75,2.0,tp,113,75,1.5482728077945158,4.019480519480555
futures,6J,momentum,short,24414,24415,24579,2024-11-07 13:00:00+00:00,2024-11-07 13:15:00+00:00,2024-11-11 08:15:00+00:00,0.0065385,0.006531,14.999999999999387,11.999999999999387,0.0396039603960375,100,300,3.0,signal,164,17,9.970588235294157,2.0132013201320236
forex,EURUSD,momentum,long,25319,25320,25697,2024-11-07 16:15:00+00:00,2024-11-07 16:30:00+00:00,2024-11-13 14:45:00+00:00,1.07867,1.05867,-200.0,-202.0,-1.0,50,200,2.0,sl,377,18,2.1589384000603253,0.7609405940594032
futures,6A,momentum,long,24479,24480,25067,2024-11-08 08:00:00+00:00,2024-11-08 08:15:00+00:00,2024-11-18 17:00:00+00:00,0.66345,0.6498,-272.9999999999988,-275.9999999999988,-0.5487077534791229,200,500,3.0,signal,587,53,1.7336683417085326,1.1610337972166855
forex,AUDUSD,momentum,long,25454,25455,25680,2024-11-08 08:00:00+00:00,2024-11-08 08:15:00+00:00,2024-11-12 16:30:00+00:00,0.66320002,0.65320002,-100.0,-102.0,-1.0,150,100,2.0,sl,225,59,1.9988730954337603,4.367626470588261
forex,GBPUSD,mean_reversion,short,25403,25404,25415,2024-11-08 12:30:00+00:00,2024-11-08 12:45:00+00:00,2024-11-08 15:30:00+00:00,1.2957,1.2932,25.000000000001688,23.000000000001688,0.1138613861386222,100,200,2.0,signal,11,10,1.658682634730481,0.2722772277227534
futures,6B,mean_reversion,short,24494,24495,24507,2024-11-08 12:30:00+00:00,2024-11-08 12:45:00+00:00,2024-11-08 15:45:00+00:00,1.2957,1.2936,20.999999999999908,17.999999999999908,0.0886699507389158,100,200,3.0,signal,12,15,2.2285714285713194,0.42364532019702783
futures,SI,momentum,short,24351,24352,24356,2024-11-08 14:00:00+00:00,2024-11-08 14:15:00+00:00,2024-11-08 15:15:00+00:00,31.95,31.5,89.99999999999986,86.99999999999986,0.1729622266401587,500,500,3.0,signal,4,37,2.907202216066483,2.7375745526838946
forex,USDJPY,momentum,long,25550,25551,25565,2024-11-12 03:00:00+00:00,2024-11-12 03:15:00+00:00,2024-11-12 06:45:00+00:00,153.645,153.82001,17.500999999998612,15.500999999998612,0.0308784860557741,200,500,2.0,signal,14,44,1.3147158540835362,0.7858489043824577
futures,NQ,momentum,long,24558,24559,24589,2024-11-12 10:00:00+00:00,2024-11-12 10:15:00+00:00,2024-11-12 17:45:00+00:00,21168.0,21084.5,-334.0,-337.0,-1.0,500,334,3.0,sl,30,59,1.4151984965938453,10.489614243323441
futures,ES,momentum,long,24559,24560,24683,2024-11-12 10:00:00+00:00,2024-11-12 10:15:00+00:00,2024-11-13 18:00:00+00:00,6018.0,6034.25,65.0,62.0,0.2046204620462046,300,300,3.0,signal,123,46,1.6269841269841263,3.910891089108908
futures,SI,momentum,short,24534,24535,24640,2024-11-12 13:45:00+00:00,2024-11-12 14:00:00+00:00,2024-11-13 17:15:00+00:00,30.855,30.57,57.00000000000003,54.00000000000003,0.1073558648111332,500,500,3.0,signal,105,37,2.8393351800554023,2.640159045725644
futures,CL,momentum,short,24634,24635,24640,2024-11-12 14:15:00+00:00,2024-11-12 14:30:00+00:00,2024-11-12 15:45:00+00:00,69.07,68.17,89.99999999999915,86.99999999999915,0.2871287128712843,500,300,3.0,signal,5,35,1.343558282208586,1.4785478547854678
futures,ES,mean_reversion,long,24594,24595,24681,2024-11-12 18:45:00+00:00,2024-11-12 19:00:00+00:00,2024-11-13 17:30:00+00:00,6017.75,6027.5,39.0,36.0,0.0715705765407554,500,500,3.0,signal,86,12,4.3873873873873865,0.7475149105367788
futures,NQ,momentum,short,24594,24595,24670,2024-11-12 19:00:00+00:00,2024-11-12 19:15:00+00:00,2024-11-13 15:00:00+00:00,21184.75,21140.75,176.0,173.0,0.5133531157270029,500,334,3.0,signal,75,60,1.361315105637781,9.489614243323441
futures,CL,momentum,short,24705,24706,24718,2024-11-13 09:00:00+00:00,2024-11-13 09:15:00+00:00,2024-11-13 12:15:00+00:00,68.63,68.26,36.99999999999904,33.999999999999034,0.112211221122109,500,300,3.0,signal,12,36,1.4102760736196283,1.765676567656752
futures,6E,momentum,short,24774,24775,24787,2024-11-13 11:45:00+00:00,2024-11-13 12:00:00+00:00,2024-11-13 15:00:00+00:00,1.06515,1.05995,104.00000000000186,101.00000000000186,0.2007952286282343,200,500,3.0,signal,12,27,1.5695067264573859,0.5049701789264331
futures,6C,momentum,short,24785,24786,24790,2024-11-13 13:30:00+00:00,2024-11-13 13:45:00+00:00,2024-11-13 14:45:00+00:00,0.718,0.71615,37.00000000000036,34.00000000000036,0.1674876847290658,50,200,3.0,signal,4,33,3.84210526315787,1.8620689655172655
forex,USDJPY,momentum,long,25688,25689,25695,2024-11-13 13:30:00+00:00,2024-11-13 13:45:00+00:00,2024-11-13 15:15:00+00:00,154.58,154.98,39.999999999997726,37.999999999997726,0.0756972111553739,200,500,2.0,signal,6,45,1.3270820342202716,0.8167273904382318
futures,NQ,momentum,short,24678,24679,24761,2024-11-13 17:00:00+00:00,2024-11-13 17:15:00+00:00,2024-11-14 14:45:00+00:00,21195.75,21082.5,453.0,450.0,1.3353115727002969,500,334,3.0,signal,82,60,1.4355179704016912,11.002967359050444
futures,ES,mean_reversion,short,24689,24690,24725,2024-11-13 19:30:00+00:00,2024-11-13 19:45:00+00:00,2024-11-14 05:30:00+00:00,6013.75,6008.75,20.0,17.0,0.0337972166998011,500,500,3.0,signal,35,12,4.405405405405404,0.7514910536779318
futures,ES,momentum,long,24689,24690,24827,2024-11-13 19:30:00+00:00,2024-11-13 19:45:00+00:00,2024-11-15 08:00:00+00:00,6013.75,5938.75,-300.0,-303.0,-1.0,300,300,3.0,sl,137,46,1.6375661375661368,3.9768976897689736
futures,CL,momentum,short,24795,24796,24909,2024-11-14 08:30:00+00:00,2024-11-14 08:45:00+00:00,2024-11-15 14:00:00+00:00,68.46,68.0,45.999999999999375,42.999999999999375,0.1419141914191398,500,300,3.0,signal,113,37,1.4363496932515294,1.877887788778861
futures,ZN,mean_reversion,short,24787,24788,24792,2024-11-14 18:45:00+00:00,2024-11-14 19:00:00+00:00,2024-11-14 20:00:00+00:00,109.515625,109.28125,15.0,12.0,0.2264150943396226,15,50,3.0,tp,4,16,2.666666666666666,0.566037735849056
futures,SI,momentum,long,24817,24818,24902,2024-11-15 15:30:00+00:00,2024-11-15 15:45:00+00:00,2024-11-18 13:45:00+00:00,30.49,31.06,114.00000000000006,111.00000000000006,0.2206759443339961,500,500,3.0,signal,84,38,2.9141274238227153,2.747514910536777
futures,ZB,mean_reversion,long,24829,24830,24833,2024-11-15 17:45:00+00:00,2024-11-15 18:00:00+00:00,2024-11-15 18:45:00+00:00,116.1875,116.65625,15.0,12.0,0.2264150943396226,15,50,3.0,tp,3,12,6.714285714285721,0.7547169811320751
futures,GC,momentum,short,24920,24921,24927,2024-11-17 23:30:00+00:00,2024-11-17 23:45:00+00:00,2024-11-18 01:15:00+00:00,2578.6,2589.6,-110.0,-113.0,-1.0,300,110,3.0,sl,6,13,2.0601769911504464,5.30088495575223
futures,6E,momentum,short,25056,25057,25245,2024-11-18 13:15:00+00:00,2024-11-18 13:30:00+00:00,2024-11-20 14:30:00+00:00,1.0569,1.05485,40.999999999997705,37.999999999997705,0.0755467196819039,200,500,3.0,signal,188,27,1.7914798206277882,0.7017892644135111
futures,ZN,mean_reversion,long,24952,24953,24970,2024-11-18 14:00:00+00:00,2024-11-18 14:15:00+00:00,2024-11-18 18:30:00+00:00,109.453125,109.640625,12.0,9.0,0.1698113207547169,15,50,3.0,signal,17,17,3.333333333333333,0.7924528301886786
futures,6C,momentum,short,25067,25068,25412,2024-11-18 15:00:00+00:00,2024-11-18 15:15:00+00:00,2024-11-22 09:15:00+00:00,0.7117,0.71395,-44.99999999999948,-47.99999999999948,-0.2364532019704407,50,200,3.0,signal,344,33,3.924812030075152,1.9162561576354862
forex,AUDUSD,momentum,short,26060,26061,26249,2024-11-18 15:30:00+00:00,2024-11-18 15:45:00+00:00,2024-11-20 14:45:00+00:00,0.648,0.64934999,-13.499900000000231,-15.499900000000231,-0.1519598039215709,150,100,2.0,signal,188,55,1.437041024597616,2.3480264705882825
forex,GBPUSD,momentum,short,25995,25996,26062,2024-11-18 16:30:00+00:00,2024-11-18 16:45:00+00:00,2024-11-19 09:15:00+00:00,1.26495,1.26295,20.0,18.0,0.2337662337662337,20,75,2.0,tp,66,73,1.503985828166524,3.694805194805215
futures,ZB,mean_reversion,long,24918,24919,24923,2024-11-18 17:00:00+00:00,2024-11-18 17:15:00+00:00,2024-11-18 18:15:00+00:00,116.15625,116.625,15.0,12.0,0.2264150943396226,15,50,3.0,tp,4,13,8.428571428571438,0.9811320754716977
forex,GBPUSD,momentum,short,26087,26088,26178,2024-11-19 15:30:00+00:00,2024-11-19 15:45:00+00:00,2024-11-20 14:15:00+00:00,1.2668,1.2648,20.0,18.0,0.2337662337662337,20,75,2.0,tp,90,72,1.4800708591674108,3.5194805194805476
futures,GC,momentum,long,25137,25138,25167,2024-11-20 07:45:00+00:00,2024-11-20 08:00:00+00:00,2024-11-20 15:15:00+00:00,2624.5,2650.7,261.9999999999982,258.9999999999982,2.2920353982300723,300,110,3.0,signal,29,14,1.7168141592920387,4.30088495575223
futures,SI,momentum,short,25083,25084,25183,2024-11-20 13:00:00+00:00,2024-11-20 13:15:00+00:00,2024-11-21 15:00:00+00:00,31.195,30.835,71.99999999999989,68.99999999999989,0.1371769383697811,500,500,3.0,signal,99,37,3.2709677419354866,2.799204771371768
futures,ZN,mean_reversion,long,25140,25141,25159,2024-11-20 15:00:00+00:00,2024-11-20 15:15:00+00:00,2024-11-20 19:45:00+00:00,109.6875,109.75,4.0,1.0,0.0188679245283018,15,50,3.0,signal,18,17,69.00000000000038,1.2830188679245276
futures,ZB,mean_reversion,short,25107,25108,25196,2024-11-20 18:15:00+00:00,2024-11-20 18:30:00+00:00,2024-11-21 17:30:00+00:00,116.46875,116.3125,5.0,2.0,0.0377358490566037,15,50,3.0,signal,88,14,10.142857142857155,1.2075471698113203
futures,NQ,momentum,short,25152,25153,25166,2024-11-20 20:30:00+00:00,2024-11-20 20:45:00+00:00,2024-11-21 01:00:00+00:00,20711.5,20650.75,243.0,240.0,0.712166172106825,500,334,3.0,signal,13,58,1.4661127596439167,11.652818991097924
forex,USDJPY,momentum,long,26214,26215,26793,2024-11-21 01:00:00+00:00,2024-11-21 01:15:00+00:00,2024-11-29 01:45:00+00:00,154.91,149.91,-500.0,-502.0,-1.0,200,500,2.0,sl,578,45,1.333863608795351,0.8336610557768696
futures,6J,momentum,short,25286,25287,25690,2024-11-21 01:00:00+00:00,2024-11-21 01:15:00+00:00,2024-11-27 10:00:00+00:00,0.0064745,0.0066245,-300.0,-303.0,-1.0,100,300,3.0,sl,403,17,9.235294117647076,1.8481848184818537
futures,ES,momentum,short,25205,25206,25343,2024-11-21 10:30:00+00:00,2024-11-21 10:45:00+00:00,2024-11-24 23:00:00+00:00,5924.75,5999.75,-300.0,-303.0,-1.0,300,300,3.0,sl,137,42,1.349293205654354,2.5280528052805247
futures,ES,mean_reversion,long,25205,25206,25213,2024-11-21 10:30:00+00:00,2024-11-21 10:45:00+00:00,2024-11-21 12:30:00+00:00,5924.75,5955.0,121.0,118.0,0.2345924453280318,500,500,3.0,signal,7,13,4.558558558558557,0.7852882703777329
forex,GBPUSD,momentum,short,26262,26263,26275,2024-11-21 11:15:00+00:00,2024-11-21 11:30:00+00:00,2024-11-21 14:30:00+00:00,1.2649,1.2629,20.0,18.0,0.2337662337662337,20,75,2.0,tp,12,73,1.5119574844995631,3.7532467532467813
futures,ZN,mean_reversion,short,25218,25219,25246,2024-11-21 11:30:00+00:00,2024-11-21 11:45:00+00:00,2024-11-21 18:30:00+00:00,109.6875,109.546875,9.0,6.0,0.1132075471698113,15,50,3.0,signal,27,18,70.00000000000038,1.3018867924528295
futures,ES,mean_reversion,short,25221,25222,25613,2024-11-21 14:30:00+00:00,2024-11-21 14:45:00+00:00,2024-11-27 20:30:00+00:00,5931.5,6013.75,-329.0,-332.0,-0.6600397614314115,500,500,3.0,signal,391,14,5.62162162162162,1.0198807157057646
futures,NQ,momentum,long,25220,25221,25222,2024-11-21 14:30:00+00:00,2024-11-21 14:45:00+00:00,2024-11-21 15:00:00+00:00,20695.25,20611.75,-334.0,-337.0,-1.0,500,334,3.0,sl,1,59,1.4945994065281898,12.364985163204748
forex,AUDUSD,momentum,long,26350,26351,26359,2024-11-21 16:00:00+00:00,2024-11-21 16:15:00+00:00,2024-11-21 18:15:00+00:00,0.65109998,0.65184999,7.5000999999996765,5.5000999999996765,0.0539225490196046,150,100,2.0,signal,8,55,1.4125538587154196,2.2548911764706228
futures,SI,momentum,short,25242,25243,25365,2024-11-22 06:45:00+00:00,2024-11-22 07:00:00+00:00,2024-11-25 14:30:00+00:00,31.15,30.485,132.99999999999983,129.99999999999983,0.2584493041749499,500,500,3.0,signal,122,38,3.3822580645161318,2.936381709741549
forex,AUDUSD,momentum,short,26414,26415,26419,2024-11-22 08:00:00+00:00,2024-11-22 08:15:00+00:00,2024-11-22 09:15:00+00:00,0.65069997,0.6473,33.999700000000296,31.999700000000296,0.3137225490196107,150,100,2.0,signal,4,56,1.422419503630767,2.3088137254902272
futures,NQ,momentum,long,25291,25292,25312,2024-11-22 09:15:00+00:00,2024-11-22 09:30:00+00:00,2024-11-22 14:30:00+00:00,20726.25,20851.25,500.0,497.0,1.4747774480712166,500,334,3.0,tp,20,60,1.4371148139694132,11.364985163204748
futures,CL,momentum,long,25356,25357,25368,2024-11-22 11:30:00+00:00,2024-11-22 11:45:00+00:00,2024-11-22 14:30:00+00:00,69.77,70.1,32.99999999999983,29.99999999999983,0.0990099009900984,500,300,3.0,signal,11,35,1.3458588957055164,1.4884488448844684
futures,ZB,mean_reversion,short,25276,25277,25284,2024-11-22 14:30:00+00:00,2024-11-22 14:45:00+00:00,2024-11-22 16:30:00+00:00,116.4375,116.34375,3.0,0.0,0.0,15,50,3.0,signal,7,15,10.42857142857144,1.245283018867924
futures,ZB,mean_reversion,long,25285,25286,25306,2024-11-22 16:45:00+00:00,2024-11-22 17:00:00+00:00,2024-11-24 23:00:00+00:00,116.5,116.96875,15.0,12.0,0.2264150943396226,15,50,3.0,tp,20,16,10.42857142857144,1.245283018867924
forex,GBPUSD,momentum,short,26401,26402,26441,2024-11-24 22:00:00+00:00,2024-11-24 22:15:00+00:00,2024-11-25 08:00:00+00:00,1.2587,1.2567,20.0,18.0,0.2337662337662337,20,75,2.0,tp,39,74,1.5438441098317157,3.987012987013015
forex,AUDUSD,momentum,long,26510,26511,26532,2024-11-25 08:00:00+00:00,2024-11-25 08:15:00+00:00,2024-11-25 13:30:00+00:00,0.65060002,0.65240002,18.000000000000238,16.000000000000238,0.1568627450980415,150,100,2.0,signal,21,57,1.4798180377660857,2.622536274509838
futures,6E,momentum,short,25499,25500,25559,2024-11-25 09:00:00+00:00,2024-11-25 09:15:00+00:00,2024-11-26 01:00:00+00:00,1.04905,1.0442,97.0000000000004,94.0000000000004,0.1868787276341956,200,500,3.0,signal,59,26,2.0343137254901893,0.8389662027832956
forex,GBPUSD,momentum,short,26448,26449,26458,2024-11-25 09:45:00+00:00,2024-11-25 10:00:00+00:00,2024-11-25 12:15:00+00:00,1.2574,1.2554,20.0,18.0,0.2337662337662337,20,75,2.0,tp,9,74,1.5491585473870737,4.025974025974049
futures,6B,mean_reversion,long,25508,25509,25599,2024-11-25 13:00:00+00:00,2024-11-25 13:15:00+00:00,2024-11-26 12:45:00+00:00,1.2582,1.261,27.999999999999137,24.999999999999137,0.1231527093596016,100,200,3.0,signal,90,16,2.485714285714162,0.5123152709359436
forex,AUDUSD,momentum,long,26538,26539,26802,2024-11-25 15:00:00+00:00,2024-11-25 15:15:00+00:00,2024-11-28 09:00:00+00:00,0.6505,0.64985001,-6.499899999999892,-8.499899999999892,-0.0833323529411754,150,100,2.0,signal,263,58,1.5085175738918966,2.7793990196078795
futures,NQ,momentum,long,25406,25407,25415,2024-11-25 15:00:00+00:00,2024-11-25 15:15:00+00:00,2024-11-25 17:15:00+00:00,20894.0,20810.5,-334.0,-337.0,-1.0,500,334,3.0,sl,8,60,1.463821045423419,12.059347181008903
forex,GBPUSD,momentum,short,26484,26485,26503,2024-11-25 18:45:00+00:00,2024-11-25 19:00:00+00:00,2024-11-25 23:30:00+00:00,1.2576,1.2556,20.0,18.0,0.2337662337662337,20,75,2.0,tp,18,74,1.5491585473870737,4.025974025974049
forex,GBPUSD,momentum,short,26541,26542,26543,2024-11-26 09:00:00+00:00,2024-11-26 09:15:00+00:00,2024-11-26 09:30:00+00:00,1.25745,1.25545,20.0,18.0,0.2337662337662337,20,75,2.0,tp,1,75,1.5810451727192263,4.259740259740283
futures,6C,mean_reversion,long,25597,25598,25714,2024-11-26 09:30:00+00:00,2024-11-26 09:45:00+00:00,2024-11-27 15:45:00+00:00,0.7098,0.71355,75.0,72.0,0.354679802955665,75,200,3.0,tp,116,23,1.332155477031782,0.46305418719209607
forex,GBPUSD,momentum,long,26560,26561,26633,2024-11-26 13:45:00+00:00,2024-11-26 14:00:00+00:00,2024-11-27 08:00:00+00:00,1.25825,1.2591,8.500000000000174,6.500000000000174,0.0844155844155866,20,75,2.0,signal,72,76,1.6129317980513787,4.493506493506517
forex,NZDUSD,momentum,long,26810,26811,26857,2024-11-28 12:15:00+00:00,2024-11-28 12:30:00+00:00,2024-11-29 00:00:00+00:00,0.58880001,0.58960003,8.000200000000124,6.000200000000124,0.2727363636363693,75,20,2.0,signal,46,106,1.3057068576587723,7.795531818181818
futures,NQ,momentum,short,25706,25707,25753,2024-11-29 02:00:00+00:00,2024-11-29 02:15:00+00:00,2024-11-29 13:45:00+00:00,20891.5,20820.25,285.0,282.0,0.8367952522255193,500,334,3.0,signal,46,60,1.354984064182877,9.584569732937686
forex,AUDUSD,momentum,long,26896,26897,26922,2024-11-29 08:30:00+00:00,2024-11-29 08:45:00+00:00,2024-11-29 15:00:00+00:00,0.65104997,0.65140003,3.500600000000409,1.500600000000409,0.0147117647058863,150,100,2.0,signal,25,58,1.493779935580894,2.72547450980396
futures,6C,momentum,long,25885,25886,25895,2024-11-29 12:30:00+00:00,2024-11-29 12:45:00+00:00,2024-11-29 15:00:00+00:00,0.7137,0.7135,-3.99999999999956,-6.99999999999956,-0.0344827586206874,50,200,3.0,signal,9,33,3.7285714285714193,1.8817733990148005
forex,AUDUSD,momentum,long,26949,26950,27163,2024-11-29 21:45:00+00:00,2024-12-01 22:00:00+00:00,2024-12-04 03:15:00+00:00,0.6512,0.6412,-100.0,-102.0,-1.0,150,100,2.0,sl,213,59,1.4964452968611492,2.7401862745098464
futures,6E,momentum,long,25910,25911,26245,2024-12-01 23:00:00+00:00,2024-12-01 23:15:00+00:00,2024-12-05 13:45:00+00:00,1.0555,1.0554,-2.0000000000042206,-5.000000000004221,-0.009940357852891,200,500,3.0,signal,334,26,2.2622549019607683,1.0238568588469068
futures,6C,momentum,long,25916,25917,26249,2024-12-01 23:30:00+00:00,2024-12-01 23:45:00+00:00,2024-12-05 13:45:00+00:00,0.7138,0.7125,-25.99999999999936,-28.99999999999936,-0.1428571428571396,50,200,3.0,signal,332,34,3.55102040816327,1.847290640394113
futures,SI,momentum,long,25714,25715,25751,2024-12-02 02:45:00+00:00,2024-12-02 03:00:00+00:00,2024-12-02 12:00:00+00:00,30.635,30.92,57.00000000000003,54.00000000000003,0.1073558648111332,500,500,3.0,signal,36,38,3.472580645161292,3.047713717693834
forex,NZDUSD,momentum,short,26980,26981,27006,2024-12-02 06:45:00+00:00,2024-12-02 07:00:00+00:00,2024-12-02 13:15:00+00:00,0.59069997,0.58875,19.499699999999677,17.499699999999674,0.7954409090908943,75,20,2.0,signal,25,106,1.3092715603640281,7.886431818181813
futures,6B,mean_reversion,short,25938,25939,25968,2024-12-02 07:45:00+00:00,2024-12-02 08:00:00+00:00,2024-12-02 15:15:00+00:00,1.2682,1.263,52.00000000000093,49.00000000000093,0.2413793103448321,100,200,3.0,signal,29,16,2.7142857142855847,0.5911330049260936
forex,GBPUSD,momentum,long,26939,26940,26946,2024-12-02 12:30:00+00:00,2024-12-02 12:45:00+00:00,2024-12-02 14:15:00+00:00,1.2692,1.2685,-7.0000000000014495,-9.00000000000145,-0.1168831168831357,20,75,2.0,signal,6,75,1.6240000000000052,4.5584415584415785
forex,GBPUSD,momentum,short,26970,26971,26991,2024-12-02 20:15:00+00:00,2024-12-02 20:30:00+00:00,2024-12-03 01:30:00+00:00,1.2665,1.2645,20.0,18.0,0.2337662337662337,20,75,2.0,tp,20,75,1.5669291338582687,4.207792207792209
forex,GBPUSD,momentum,short,27017,27018,27031,2024-12-03 08:00:00+00:00,2024-12-03 08:15:00+00:00,2024-12-03 11:30:00+00:00,1.2674,1.2664,10.00000000000112,8.000000000001119,0.1038961038961184,20,75,2.0,signal,13,76,1.5984251968503946,4.441558441558443
forex,GBPUSD,mean_reversion,long,27039,27040,27060,2024-12-03 13:30:00+00:00,2024-12-03 13:45:00+00:00,2024-12-03 18:45:00+00:00,1.2662,1.26945,32.49999999999975,30.49999999999975,0.1509900990098997,100,200,2.0,signal,20,10,1.6467065868263175,0.26732673267326
futures,6B,mean_reversion,long,26053,26054,26073,2024-12-03 13:30:00+00:00,2024-12-03 13:45:00+00:00,2024-12-03 18:30:00+00:00,1.2662,1.2697,35.00000000000058,32.00000000000058,0.1576354679802984,100,200,3.0,signal,19,16,3.91803278688514,0.8768472906403915
forex,GBPUSD,momentum,short,27041,27042,27045,2024-12-03 14:00:00+00:00,2024-12-03 14:15:00+00:00,2024-12-03 15:00:00+00:00,1.267,1.265,20.0,18.0,0.2337662337662337,20,75,2.0,tp,3,76,1.5809273840769933,4.311688311688327
futures,GC,momentum,long,25950,25951,26039,2024-12-03 15:00:00+00:00,2024-12-03 15:15:00+00:00,2024-12-04 14:15:00+00:00,2662.7,2671.5,88.00000000000182,85.00000000000182,0.752212389380547,300,110,3.0,signal,88,14,1.8628318584070775,5.176991150442463
futures,ZN,mean_reversion,short,25939,25940,25962,2024-12-03 15:30:00+00:00,2024-12-03 15:45:00+00:00,2024-12-03 21:15:00+00:00,111.046875,110.90625,9.0,6.0,0.1132075471698113,15,50,3.0,signal,22,19,76.00000000000043,1.4150943396226408
forex,GBPUSD,momentum,long,27063,27064,27104,2024-12-03 19:30:00+00:00,2024-12-03 19:45:00+00:00,2024-12-04 05:45:00+00:00,1.26765,1.2692,15.500000000001624,13.500000000001624,0.1753246753246964,20,75,2.0,signal,40,77,1.6124234470691194,4.545454545454561
futures,ZB,mean_reversion,short,25906,25907,25913,2024-12-03 19:30:00+00:00,2024-12-03 19:45:00+00:00,2024-12-03 21:15:00+00:00,119.28125,118.96875,10.0,7.0,0.1320754716981132,15,50,3.0,signal,6,15,11.571428571428584,1.396226415094339
futures,6B,mean_reversion,long,26109,26110,26113,2024-12-04 04:30:00+00:00,2024-12-04 04:45:00+00:00,2024-12-04 05:30:00+00:00,1.2667,1.2687,20.000000000000018,17.000000000000018,0.0837438423645321,100,200,3.0,signal,3,16,4.442622950819581,1.0344827586206915
futures,SI,momentum,long,25938,25939,25944,2024-12-04 12:45:00+00:00,2024-12-04 13:00:00+00:00,2024-12-04 14:15:00+00:00,31.14,31.485,68.99999999999977,65.99999999999977,0.1312127236580512,500,500,3.0,signal,5,38,3.5711974110032387,3.1590457256461204
futures,6B,mean_reversion,short,26142,26143,26387,2024-12-04 12:45:00+00:00,2024-12-04 13:00:00+00:00,2024-12-09 05:00:00+00:00,1.2665,1.2719,-54.00000000000071,-57.00000000000071,-0.2807881773399049,100,200,3.0,signal,244,17,4.721311475409737,1.1182266009852235
forex,NZDUSD,momentum,short,27243,27244,27304,2024-12-05 00:30:00+00:00,2024-12-05 00:45:00+00:00,2024-12-05 15:45:00+00:00,0.58625001,0.58600003,2.49979999999983,0.4997999999998299,0.022718181818174,75,20,2.0,signal,60,105,1.325582356366409,8.272759090909124
futures,SI,momentum,long,26039,26040,26084,2024-12-05 15:00:00+00:00,2024-12-05 15:15:00+00:00,2024-12-06 03:15:00+00:00,31.64,31.715,14.999999999999858,11.999999999999858,0.0238568588469182,500,500,3.0,signal,44,39,3.6779935275080935,3.2902584493041718
futures,6C,mean_reversion,short,26256,26257,26341,2024-12-05 15:30:00+00:00,2024-12-05 15:45:00+00:00,2024-12-06 13:45:00+00:00,0.71215,0.7111,20.999999999999908,17.999999999999908,0.0886699507389158,75,200,3.0,signal,84,23,1.5795053003533364,0.8078817733989954
forex,NZDUSD,momentum,long,27343,27344,27350,2024-12-06 01:30:00+00:00,2024-12-06 01:45:00+00:00,2024-12-06 03:15:00+00:00,0.5869,0.58749998,5.999800000000555,3.9998000000005542,0.1818090909091161,75,20,2.0,signal,6,106,1.3264764521677541,8.295477272727299
futures,ES,mean_reversion,long,26193,26194,26199,2024-12-06 12:15:00+00:00,2024-12-06 12:30:00+00:00,2024-12-06 13:45:00+00:00,6086.25,6095.0,35.0,32.0,0.0636182902584493,500,500,3.0,signal,5,12,1.5120481927710834,0.33797216699801114
forex,NZDUSD,momentum,short,27391,27392,27397,2024-12-06 13:30:00+00:00,2024-12-06 13:45:00+00:00,2024-12-06 15:00:00+00:00,0.58719999,0.58520001,19.99980000000012,17.99980000000012,0.8181727272727328,75,20,2.0,signal,5,107,1.3336317230485502,8.477286363636415
futures,GC,mean_reversion,long,26227,26228,26232,2024-12-06 15:15:00+00:00,2024-12-06 15:30:00+00:00,2024-12-06 16:30:00+00:00,2660.0,2663.0,30.0,27.0,0.2621359223300971,30,100,3.0,tp,4,12,1.310679611650485,0.6213592233009704
futures,SI,momentum,short,26169,26170,26499,2024-12-09 01:30:00+00:00,2024-12-09 01:45:00+00:00,2024-12-12 15:00:00+00:00,31.74,32.04,-60.00000000000014,-63.00000000000014,-0.1252485089463223,500,500,3.0,signal,329,39,3.538834951456312,3.119284294234588
futures,6B,mean_reversion,long,26395,26396,26400,2024-12-09 07:00:00+00:00,2024-12-09 07:15:00+00:00,2024-12-09 08:15:00+00:00,1.2732,1.276,27.999999999999137,24.999999999999137,0.1231527093596016,100,200,3.0,signal,4,18,2.440677966101664,0.8374384236453186
forex,GBPUSD,momentum,short,27398,27399,27525,2024-12-09 07:15:00+00:00,2024-12-09 07:30:00+00:00,2024-12-10 15:00:00+00:00,1.2746,1.2726,20.0,18.0,0.2337662337662337,20,75,2.0,tp,126,75,1.817997977755315,5.253246753246789
futures,CL,momentum,short,26335,26336,26440,2024-12-09 08:00:00+00:00,2024-12-09 08:15:00+00:00,2024-12-10 11:15:00+00:00,68.06,67.87,18.999999999999773,15.999999999999773,0.052805280528052,500,300,3.0,signal,104,35,1.6873126873126814,2.270627062706252
futures,ZB,momentum,long,26229,26230,26510,2024-12-09 08:15:00+00:00,2024-12-09 08:30:00+00:00,2024-12-12 09:30:00+00:00,119.96875,117.625,-75.0,-78.0,-1.0,30,75,3.0,sl,280,14,3.166666666666667,1.4999999999999996
futures,6E,momentum,long,26424,26425,26835,2024-12-09 12:30:00+00:00,2024-12-09 12:45:00+00:00,2024-12-16 00:15:00+00:00,1.0564,1.05535,-20.999999999999908,-23.999999999999908,-0.0477137176938367,200,500,3.0,signal,410,25,1.9564164648910007,0.7852882703777093
futures,NQ,momentum,long,26296,26297,26299,2024-12-09 15:15:00+00:00,2024-12-09 15:30:00+00:00,2024-12-09 16:00:00+00:00,21554.25,21470.75,-334.0,-337.0,-1.0,500,334,3.0,sl,2,59,1.4011641177813283,10.43026706231454
futures,6B,mean_reversion,short,26489,26490,26497,2024-12-10 07:30:00+00:00,2024-12-10 07:45:00+00:00,2024-12-10 09:30:00+00:00,1.2751,1.2741,9.9999999999989,6.999999999998899,0.0344827586206842,100,200,3.0,signal,7,19,2.6525423728813133,0.9605911330049202
futures,6B,mean_reversion,short,26508,26509,26522,2024-12-10 12:15:00+00:00,2024-12-10 12:30:00+00:00,2024-12-10 15:45:00+00:00,1.2745,1.2734,10.999999999998789,7.999999999998788,0.0394088669950679,100,200,3.0,signal,13,20,2.7118644067796076,0.9950738916256043
forex,GBPUSD,momentum,short,27531,27532,27600,2024-12-10 16:30:00+00:00,2024-12-10 16:45:00+00:00,2024-12-11 09:45:00+00:00,1.275,1.273,20.0,18.0,0.2337662337662337,20,75,2.0,tp,68,75,1.817997977755315,5.253246753246789
forex,AUDUSD,momentum,short,27684,27685,27882,2024-12-11 13:30:00+00:00,2024-12-11 13:45:00+00:00,2024-12-13 15:00:00+00:00,0.63749999,0.63655001,9.49980000000017,7.499800000000169,0.0735274509803938,150,100,2.0,signal,197,61,1.3499997384616245,2.2303911764706186
futures,6C,momentum,short,26616,26617,26621,2024-12-11 13:30:00+00:00,2024-12-11 13:45:00+00:00,2024-12-11 14:45:00+00:00,0.70635,0.7038500000000001,50.0,47.0,0.2315270935960591,50,200,3.0,tp,4,34,2.6988636363636584,1.472906403940914
futures,6C,mean_reversion,short,26633,26634,26711,2024-12-11 17:45:00+00:00,2024-12-11 18:00:00+00:00,2024-12-12 14:15:00+00:00,0.70645,0.70535,21.9999999999998,18.9999999999998,0.0935960591132994,75,200,3.0,signal,77,23,1.5265017667844305,0.7339901477832291
futures,6C,momentum,long,26633,26634,26901,2024-12-11 17:45:00+00:00,2024-12-11 18:00:00+00:00,2024-12-16 15:45:00+00:00,0.70645,0.7053,-22.999999999999687,-25.999999999999687,-0.1280788177339886,50,200,3.0,signal,267,35,2.9659090909091117,1.7044334975369733
futures,6B,mean_reversion,long,26631,26632,26646,2024-12-11 20:00:00+00:00,2024-12-11 20:15:00+00:00,2024-12-12 00:45:00+00:00,1.2748,1.2765,17.000000000000348,14.000000000000348,0.068965517241381,100,200,3.0,signal,14,21,2.7796610169490874,1.0344827586206722
forex,GBPUSD,momentum,short,27656,27657,27700,2024-12-11 23:45:00+00:00,2024-12-12 00:00:00+00:00,2024-12-12 10:45:00+00:00,1.27655,1.27455,20.0,18.0,0.2337662337662337,20,75,2.0,tp,43,75,1.817997977755315,5.253246753246789
futures,6B,mean_reversion,short,26676,26677,26692,2024-12-12 08:15:00+00:00,2024-12-12 08:30:00+00:00,2024-12-12 12:15:00+00:00,1.2763,1.2733,29.99999999999892,26.99999999999892,0.133004926108369,100,200,3.0,signal,15,22,2.898305084745698,1.1034482758620532
futures,6J,momentum,short,26707,26708,26726,2024-12-12 13:30:00+00:00,2024-12-12 13:45:00+00:00,2024-12-12 18:15:00+00:00,0.006584,0.0065605,46.99999999999844,43.99999999999844,0.14521452145214,100,300,3.0,signal,18,15,1.5994550408719428,0.7260726072607343
futures,NQ,momentum,long,26588,26589,26600,2024-12-12 19:15:00+00:00,2024-12-12 19:30:00+00:00,2024-12-12 23:15:00+00:00,21668.0,21724.5,226.0,223.0,0.6617210682492581,500,334,3.0,signal,11,60,1.3492691504560939,9.43026706231454
futures,NQ,momentum,long,26666,26667,26679,2024-12-13 15:45:00+00:00,2024-12-13 16:00:00+00:00,2024-12-13 19:00:00+00:00,21688.25,21774.0,343.0,340.0,1.0089020771513353,500,334,3.0,signal,12,61,1.3737773381690292,10.091988130563799
forex,AUDUSD,momentum,short,27935,27936,27961,2024-12-16 04:15:00+00:00,2024-12-16 04:30:00+00:00,2024-12-16 10:45:00+00:00,0.63800001,0.63545001,25.49999999999941,23.49999999999941,0.2303921568627393,150,100,2.0,signal,25,61,1.3399998953846533,2.166666666666698
forex,GBPUSD,momentum,short,27885,27886,27893,2024-12-16 09:00:00+00:00,2024-12-16 09:15:00+00:00,2024-12-16 11:00:00+00:00,1.2648,1.2645,2.9999999999996696,0.9999999999996696,0.0129870129870086,20,75,2.0,signal,7,75,1.8523761375126417,5.474025974025986
futures,CL,momentum,long,26799,26800,26821,2024-12-16 09:00:00+00:00,2024-12-16 09:15:00+00:00,2024-12-16 14:30:00+00:00,70.57,71.05,48.0000000000004,45.0000000000004,0.1485148514851498,500,300,3.0,signal,21,34,1.637362637362631,2.105610561056087
forex,AUDUSD,momentum,short,27981,27982,28115,2024-12-16 15:45:00+00:00,2024-12-16 16:00:00+00:00,2024-12-18 01:15:00+00:00,0.63704997,0.63249999,45.49979999999953,43.49979999999953,0.4264686274509758,150,100,2.0,signal,133,62,1.3761537304142417,2.3970588235294374
futures,CL,momentum,long,26828,26829,26834,2024-12-16 16:15:00+00:00,2024-12-16 16:30:00+00:00,2024-12-16 17:45:00+00:00,70.51,70.95,43.99999999999977,40.99999999999977,0.1353135313531345,500,300,3.0,signal,5,35,1.6823176823176764,2.254125412541237
futures,NG,momentum,short,26883,26884,26909,2024-12-17 06:30:00+00:00,2024-12-17 06:45:00+00:00,2024-12-17 13:00:00+00:00,3.247,3.185,61.99999999999983,58.99999999999983,0.1947194719471941,500,300,3.0,signal,25,34,1.4150664697193458,0.9273927392739172
futures,6E,momentum,long,26960,26961,27529,2024-12-17 08:30:00+00:00,2024-12-17 08:45:00+00:00,2024-12-26 16:00:00+00:00,1.05325,1.0447,-171.00000000000114,-174.00000000000114,-0.3459244532803203,200,500,3.0,signal,568,25,1.8123569794049983,0.7057654075546477
futures,NQ,momentum,long,26875,26876,26920,2024-12-17 23:00:00+00:00,2024-12-17 23:15:00+00:00,2024-12-18 10:15:00+00:00,21943.75,22068.75,500.0,497.0,1.4747774480712166,500,334,3.0,tp,44,62,1.411144081767227,11.100890207715134
forex,GBPUSD,momentum,long,28071,28072,28084,2024-12-18 07:30:00+00:00,2024-12-18 07:45:00+00:00,2024-12-18 10:45:00+00:00,1.2691,1.2707,16.00000000000046,14.000000000000458,0.1818181818181877,20,75,2.0,signal,12,75,2.196407185628745,6.487012987012995
forex,GBPUSD,momentum,long,28096,28097,28111,2024-12-18 13:45:00+00:00,2024-12-18 14:00:00+00:00,2024-12-18 17:30:00+00:00,1.2691,1.2704,13.000000000000789,11.000000000000789,0.1428571428571531,20,75,2.0,signal,14,76,2.2299401197604825,6.668831168831183
futures,NQ,momentum,long,26934,26935,26942,2024-12-18 13:45:00+00:00,2024-12-18 14:00:00+00:00,2024-12-18 15:45:00+00:00,21987.75,22034.5,187.0,184.0,0.5459940652818991,500,334,3.0,signal,7,63,1.4657654687328274,12.57566765578635
futures,ZB,mean_reversion,long,26898,26899,26927,2024-12-18 14:30:00+00:00,2024-12-18 14:45:00+00:00,2024-12-18 21:45:00+00:00,116.25,114.6875,-50.0,-53.0,-1.0,15,50,3.0,sl,28,15,10.857142857142868,1.3018867924528297
futures,CL,momentum,long,27017,27018,27373,2024-12-18 17:30:00+00:00,2024-12-18 17:45:00+00:00,2024-12-24 14:30:00+00:00,70.13,70.12,-0.9999999999990904,-3.9999999999990905,-0.0132013201320102,500,300,3.0,signal,355,36,1.7232767232767172,2.3894389438943713
futures,6J,momentum,short,27093,27094,27098,2024-12-18 18:00:00+00:00,2024-12-18 18:15:00+00:00,2024-12-18 19:15:00+00:00,0.0065755,0.0065395,71.99999999999915,68.99999999999915,0.2277227722772249,100,300,3.0,signal,4,15,1.6457765667574957,0.7821782178217835
futures,6C,momentum,short,27166,27167,27186,2024-12-19 13:00:00+00:00,2024-12-19 13:15:00+00:00,2024-12-19 18:00:00+00:00,0.69865,0.6977,19.000000000000128,16.000000000000128,0.0788177339901484,50,200,3.0,signal,19,33,2.39108910891092,1.3842364532020037
forex,AUDUSD,momentum,short,28329,28330,28340,2024-12-20 06:45:00+00:00,2024-12-20 07:00:00+00:00,2024-12-20 09:30:00+00:00,0.62435001,0.62339997,9.500399999999852,7.500399999999853,0.0735333333333319,150,100,2.0,signal,10,62,1.4161529488760192,2.651955882352958
futures,ZB,momentum,short,27078,27079,27185,2024-12-20 13:30:00+00:00,2024-12-20 13:45:00+00:00,2024-12-23 17:15:00+00:00,114.78125,113.84375,30.0,27.0,0.3461538461538461,30,75,3.0,tp,106,16,1.424242424242424,0.7179487179487174
forex,AUDUSD,momentum,short,28362,28363,28448,2024-12-20 15:00:00+00:00,2024-12-20 15:15:00+00:00,2024-12-23 12:30:00+00:00,0.625,0.62374997,12.50030000000013,10.50030000000013,0.1029441176470601,150,100,2.0,signal,85,63,1.4276920222486118,2.7254892156862898
futures,6J,momentum,short,27271,27272,27350,2024-12-20 16:30:00+00:00,2024-12-20 16:45:00+00:00,2024-12-23 13:15:00+00:00,0.006468,0.0064255,85.00000000000001,82.00000000000001,0.2706270627062707,100,300,3.0,signal,78,16,1.8337874659400553,1.0099009900990084
futures,ZN,mean_reversion,short,27146,27147,27157,2024-12-20 18:15:00+00:00,2024-12-20 18:30:00+00:00,2024-12-20 21:00:00+00:00,109.03125,108.953125,5.0,2.0,0.0377358490566037,15,50,3.0,signal,10,19,79.00000000000044,1.4716981132075464
forex,GBPUSD,momentum,long,28316,28317,28366,2024-12-20 20:45:00+00:00,2024-12-20 21:00:00+00:00,2024-12-23 09:15:00+00:00,1.2574,1.25815,7.500000000000284,5.500000000000284,0.0714285714285751,20,75,2.0,signal,49,77,2.256287425149706,6.811688311688336
forex,AUDUSD,momentum,short,28464,28465,28585,2024-12-23 16:30:00+00:00,2024-12-23 16:45:00+00:00,2024-12-26 05:00:00+00:00,0.62410003,0.62395,1.500300000000232,-0.499699999999768,-0.0048990196078408,150,100,2.0,signal,120,63,1.43538463526627,2.7745107843137453
futures,NG,momentum,short,27308,27309,27447,2024-12-23 20:45:00+00:00,2024-12-23 21:00:00+00:00,2024-12-26 12:45:00+00:00,3.693,3.369,323.99999999999983,320.99999999999983,1.0594059405940588,500,300,3.0,signal,138,35,1.5022156573116647,1.1221122112211113
forex,GBPUSD,momentum,short,28475,28476,28516,2024-12-24 12:30:00+00:00,2024-12-24 12:45:00+00:00,2024-12-26 07:00:00+00:00,1.2555,1.2535,20.0,18.0,0.2337662337662337,20,75,2.0,tp,40,76,2.302808302808304,6.928571428571442
futures,6B,mean_reversion,long,27454,27455,27601,2024-12-25 23:00:00+00:00,2024-12-25 23:15:00+00:00,2024-12-27 12:45:00+00:00,1.2536,1.2552,16.00000000000046,13.000000000000458,0.0640394088669973,100,200,3.0,signal,146,22,3.1271186440677265,1.2364532019704237
futures,ZB,momentum,short,27350,27351,27446,2024-12-26 16:15:00+00:00,2024-12-26 16:30:00+00:00,2024-12-27 17:15:00+00:00,113.6875,113.375,10.0,7.0,0.0897435897435897,30,75,3.0,signal,95,16,1.4393939393939392,0.743589743589743
futures,SI,momentum,long,27322,27323,27681,2024-12-26 17:00:00+00:00,2024-12-26 17:15:00+00:00,2025-01-02 14:45:00+00:00,30.265,29.89,-75.0,-78.0,-0.1550695825049702,500,500,3.0,signal,358,37,4.49662921348315,3.093439363817094
forex,GBPUSD,momentum,short,28562,28563,28621,2024-12-26 18:30:00+00:00,2024-12-26 18:45:00+00:00,2024-12-27 09:15:00+00:00,1.253,1.25165,13.499999999999623,11.499999999999623,0.1493506493506444,20,75,2.0,signal,58,75,2.2991452991453043,6.909090909090942
forex,AUDUSD,momentum,short,28689,28690,28699,2024-12-27 07:00:00+00:00,2024-12-27 07:15:00+00:00,2024-12-27 09:30:00+00:00,0.62190002,0.62129998,6.000400000000239,4.000400000000239,0.0392196078431395,150,100,2.0,signal,9,64,1.434282003732826,2.7696117647059046
futures,GC,momentum,long,27475,27476,27497,2024-12-27 08:30:00+00:00,2024-12-27 08:45:00+00:00,2024-12-27 14:00:00+00:00,2642.8,2631.8,-110.0,-113.0,-1.0,300,110,3.0,sl,21,14,2.3858407079646025,6.9292035398230105
futures,6C,momentum,short,27596,27597,27602,2024-12-27 08:45:00+00:00,2024-12-27 09:00:00+00:00,2024-12-27 10:15:00+00:00,0.6967,0.69605,13.000000000000789,10.000000000000789,0.0492610837438462,50,200,3.0,signal,5,32,2.2623762376237857,1.2561576354680075
forex,GBPUSD,momentum,short,28627,28628,28743,2024-12-27 10:45:00+00:00,2024-12-27 11:00:00+00:00,2024-12-30 15:45:00+00:00,1.2534,1.2514,20.0,18.0,0.2337662337662337,20,75,2.0,tp,115,76,2.3272283272283314,7.0584415584415865
futures,6C,momentum,short,27608,27609,27618,2024-12-27 11:45:00+00:00,2024-12-27 12:00:00+00:00,2024-12-27 14:15:00+00:00,0.69695,0.6965,8.999999999999009,5.999999999999009,0.0295566502463005,50,200,3.0,signal,9,33,2.311881188118839,1.3054187192118538
forex,AUDUSD,momentum,short,28709,28710,28722,2024-12-27 12:00:00+00:00,2024-12-27 12:15:00+00:00,2024-12-27 15:15:00+00:00,0.62230003,0.62029999,20.000399999999807,18.000399999999807,0.1764745098039196,150,100,2.0,signal,12,65,1.440431735654384,2.808831372549044
futures,ZN,mean_reversion,long,27477,27478,27488,2024-12-27 12:45:00+00:00,2024-12-27 13:00:00+00:00,2024-12-27 15:30:00+00:00,108.546875,108.671875,8.0,5.0,0.0943396226415094,15,50,3.0,signal,10,16,62.00000000000034,1.1509433962264144
forex,AUDUSD,momentum,short,28726,28727,28820,2024-12-27 16:15:00+00:00,2024-12-27 16:30:00+00:00,2024-12-30 15:45:00+00:00,0.62164998,0.62064999,9.999900000000617,7.999900000000617,0.0784303921568688,150,100,2.0,signal,93,66,1.4681033771104393,2.985305882352964
futures,6J,momentum,short,27625,27626,27631,2024-12-27 16:15:00+00:00,2024-12-27 16:30:00+00:00,2024-12-27 17:45:00+00:00,0.006404,0.006392,23.99999999999972,20.99999999999972,0.0693069306930683,100,300,3.0,signal,5,17,2.057220708446868,1.2805280528052791
futures,6C,mean_reversion,long,27636,27637,27680,2024-12-27 18:45:00+00:00,2024-12-27 19:00:00+00:00,2024-12-30 06:45:00+00:00,0.6954,0.697,31.999999999998696,28.999999999998696,0.1428571428571364,75,200,3.0,signal,43,22,1.582733812949621,0.7980295566502296
futures,CL,momentum,long,27613,27614,27627,2024-12-30 08:45:00+00:00,2024-12-30 09:00:00+00:00,2024-12-30 12:15:00+00:00,70.23,70.95,71.99999999999989,68.99999999999989,0.2277227722772273,500,300,3.0,signal,13,33,1.6266397578203788,2.0495049504950344
futures,6C,momentum,long,27705,27706,27720,2024-12-30 13:00:00+00:00,2024-12-30 13:15:00+00:00,2024-12-30 16:45:00+00:00,0.6966,0.6974,16.00000000000046,13.000000000000458,0.0640394088669973,50,200,3.0,signal,14,33,3.6953125000000586,1.699507389162593
forex,NZDUSD,momentum,short,28847,28848,28853,2024-12-31 01:30:00+00:00,2024-12-31 01:45:00+00:00,2024-12-31 03:00:00+00:00,0.56435001,0.56355,8.000099999999621,6.000099999999621,0.272731818181801,75,20,2.0,signal,5,103,1.3149706730892035,7.795522727272918
forex,AUDUSD,momentum,short,28859,28860,28866,2024-12-31 01:30:00+00:00,2024-12-31 01:45:00+00:00,2024-12-31 03:15:00+00:00,0.62285,0.62129998,15.500200000000408,13.500200000000408,0.1323549019607883,150,100,2.0,signal,6,66,1.4488880013663386,2.862760784313749
forex,GBPUSD,momentum,short,28783,28784,28816,2024-12-31 01:45:00+00:00,2024-12-31 02:00:00+00:00,2024-12-31 10:00:00+00:00,1.25585,1.25385,20.0,18.0,0.2337662337662337,20,75,2.0,tp,32,76,2.3272283272283314,7.0584415584415865
forex,AUDUSD,momentum,short,28883,28884,28906,2024-12-31 07:30:00+00:00,2024-12-31 07:45:00+00:00,2025-01-01 18:15:00+00:00,0.62234998,0.61919999,31.49989999999936,29.49989999999936,0.2892147058823466,150,100,2.0,signal,22,67,1.4696415787304558,2.995115686274537
forex,NZDUSD,momentum,short,28871,28872,28878,2024-12-31 07:30:00+00:00,2024-12-31 07:45:00+00:00,2024-12-31 09:15:00+00:00,0.56349999,0.56269997,8.000199999999014,6.000199999999014,0.2727363636363188,75,20,2.0,signal,6,104,1.3259901425142662,8.06825454545472
futures,GC,momentum,short,27656,27657,27687,2024-12-31 07:45:00+00:00,2024-12-31 08:00:00+00:00,2024-12-31 15:30:00+00:00,2626.0,2637.0,-110.0,-113.0,-1.0,300,110,3.0,sl,30,14,2.3858407079646025,6.9292035398230105
futures,CL,momentum,long,27721,27722,27727,2024-12-31 12:45:00+00:00,2024-12-31 13:00:00+00:00,2024-12-31 14:15:00+00:00,70.98,71.49,50.99999999999909,47.99999999999909,0.1584158415841554,500,300,3.0,signal,5,34,1.696266397578199,2.277227722772262
futures,6C,momentum,short,27804,27805,27813,2024-12-31 14:45:00+00:00,2024-12-31 15:00:00+00:00,2024-12-31 17:00:00+00:00,0.6973,0.6963,20.000000000000018,17.000000000000018,0.0837438423645321,50,200,3.0,signal,8,34,3.7968750000000626,1.7635467980295902
futures,6C,mean_reversion,long,27805,27806,27846,2024-12-31 15:00:00+00:00,2024-12-31 15:15:00+00:00,2025-01-02 02:15:00+00:00,0.6972,0.6976,7.999999999999119,4.999999999999119,0.0246305418719168,75,200,3.0,signal,40,23,1.687050359712205,0.9408866995073659
futures,6C,momentum,short,27819,27820,27869,2024-12-31 18:30:00+00:00,2024-12-31 18:45:00+00:00,2025-01-02 08:00:00+00:00,0.69715,0.6962,19.000000000000128,16.000000000000128,0.0788177339901484,50,200,3.0,signal,49,35,3.929687500000063,1.8472906403941223
forex,AUDUSD,momentum,short,28934,28935,28961,2025-01-02 01:15:00+00:00,2025-01-02 01:30:00+00:00,2025-01-02 08:00:00+00:00,0.62089998,0.62040001,4.999700000000162,2.9997000000001623,0.0294088235294133,150,100,2.0,signal,26,67,1.4888580305700332,3.117667647058852
futures,NG,momentum,short,27799,27800,27817,2025-01-02 08:45:00+00:00,2025-01-02 09:00:00+00:00,2025-01-02 13:15:00+00:00,3.665,3.649,16.000000000000014,13.000000000000014,0.0429042904290429,500,300,3.0,signal,17,36,1.9763663220088579,2.18151815181517
forex,AUDUSD,momentum,short,28965,28966,29318,2025-01-02 09:00:00+00:00,2025-01-02 09:15:00+00:00,2025-01-08 01:15:00+00:00,0.62169999,0.62159997,1.0001999999997846,-0.9998000000002154,-0.0098019607843158,150,100,2.0,signal,352,68,1.4934694071436503,3.147076470588265
forex,NZDUSD,momentum,short,28945,28946,28953,2025-01-02 09:00:00+00:00,2025-01-02 09:15:00+00:00,2025-01-02 11:00:00+00:00,0.56220001,0.56099999,12.000199999999683,10.000199999999683,0.454554545454531,75,20,2.0,signal,7,105,1.3370097955940905,8.340990909091039
futures,6J,momentum,long,27879,27880,27891,2025-01-02 10:45:00+00:00,2025-01-02 11:00:00+00:00,2025-01-02 13:45:00+00:00,0.006417,0.0064325,30.99999999999978,27.99999999999978,0.0924092409240916,100,300,3.0,signal,11,17,2.013623978201635,1.227722772277225
futures,6C,momentum,short,27905,27906,27982,2025-01-02 17:00:00+00:00,2025-01-02 17:15:00+00:00,2025-01-03 13:15:00+00:00,0.69655,0.69575,16.00000000000046,13.000000000000458,0.0640394088669973,50,200,3.0,signal,76,36,4.054687500000065,1.9261083743842706
futures,6J,momentum,short,27931,27932,28021,2025-01-03 00:45:00+00:00,2025-01-03 01:00:00+00:00,2025-01-06 00:15:00+00:00,0.0064135,0.006393,40.999999999999375,37.999999999999375,0.1254125412541233,100,300,3.0,signal,89,18,2.0899182561307903,1.3201320132013166
forex,NZDUSD,momentum,short,29027,29028,29035,2025-01-03 05:30:00+00:00,2025-01-03 05:45:00+00:00,2025-01-03 07:30:00+00:00,0.56099999,0.55989999,10.9999999999999,8.999999999999899,0.4090909090909045,75,20,2.0,signal,7,106,1.3553756391874494,8.79554545454557
forex,NZDUSD,momentum,short,29051,29052,29067,2025-01-03 11:30:00+00:00,2025-01-03 11:45:00+00:00,2025-01-03 15:30:00+00:00,0.5607,0.55949998,12.000199999999683,10.000199999999683,0.454554545454531,75,20,2.0,signal,15,107,1.3719045678429,9.204636363636475
forex,NZDUSD,momentum,short,29071,29072,29104,2025-01-03 16:30:00+00:00,2025-01-03 16:45:00+00:00,2025-01-06 00:45:00+00:00,0.56040001,0.56240001,-20.0,-22.0,-1.0,75,20,2.0,sl,32,108,1.390270411436259,9.659190909091006
futures,6C,momentum,short,28027,28028,28252,2025-01-06 01:30:00+00:00,2025-01-06 01:45:00+00:00,2025-01-08 11:45:00+00:00,0.6956,0.69615,-11.000000000001007,-14.000000000001007,-0.0689655172413842,50,200,3.0,signal,224,37,4.156250000000068,1.990147783251268
forex,GBPUSD,momentum,short,29050,29051,29087,2025-01-06 01:45:00+00:00,2025-01-06 02:00:00+00:00,2025-01-06 11:00:00+00:00,1.2435,1.251,-75.0,-77.0,-1.0,20,75,2.0,sl,36,76,2.3504273504273545,7.181818181818211
forex,NZDUSD,momentum,long,29111,29112,29135,2025-01-06 02:30:00+00:00,2025-01-06 02:45:00+00:00,2025-01-06 08:30:00+00:00,0.56190002,0.56349999,15.99970000000006,13.99970000000006,0.6363500000000027,75,20,2.0,signal,23,107,1.3992637342345318,9.818263636363735
futures,6J,momentum,short,28065,28066,28114,2025-01-06 11:15:00+00:00,2025-01-06 11:30:00+00:00,2025-01-07 00:30:00+00:00,0.0064075,0.0063745,66.00000000000009,63.000000000000085,0.2079207920792082,100,300,3.0,signal,48,19,2.1934604904632136,1.44554455445544
futures,6C,mean_reversion,short,28079,28080,28207,2025-01-06 14:30:00+00:00,2025-01-06 14:45:00+00:00,2025-01-08 00:30:00+00:00,0.69875,0.69835,7.999999999999119,4.999999999999119,0.0246305418719168,75,200,3.0,signal,127,24,1.705035971222993,0.9655172413792827
futures,NG,mean_reversion,short,28007,28008,28076,2025-01-06 14:45:00+00:00,2025-01-06 15:00:00+00:00,2025-01-07 09:00:00+00:00,3.58,3.524,56.00000000000005,53.00000000000005,0.1749174917491751,500,300,3.0,signal,68,24,1.7941712204007303,1.4389438943894397
futures,NG,momentum,long,28007,28008,28013,2025-01-06 14:45:00+00:00,2025-01-06 15:00:00+00:00,2025-01-06 16:15:00+00:00,3.58,3.668,88.00000000000007,85.00000000000007,0.2805280528052807,500,300,3.0,signal,5,35,1.9438700147710442,2.108910891089098
futures,NG,momentum,long,28062,28063,28193,2025-01-07 05:30:00+00:00,2025-01-07 05:45:00+00:00,2025-01-08 15:15:00+00:00,3.637,3.621,-16.000000000000014,-19.00000000000001,-0.0627062706270627,500,300,3.0,signal,130,36,2.0694239290989613,2.389438943894379
futures,NG,mean_reversion,long,28089,28090,28171,2025-01-07 12:15:00+00:00,2025-01-07 12:30:00+00:00,2025-01-08 09:45:00+00:00,3.603,3.61,6.999999999999673,3.999999999999673,0.0132013201320121,500,300,3.0,signal,81,25,1.890710382513663,1.6138613861386149
futures,6E,momentum,long,28169,28170,28628,2025-01-07 15:00:00+00:00,2025-01-07 15:15:00+00:00,2025-01-14 14:45:00+00:00,1.0399,1.02965,-205.00000000000185,-208.00000000000185,-0.4135188866799241,200,500,3.0,signal,458,23,1.8305084745762263,0.6819085487077243
forex,EURUSD,momentum,long,29149,29150,29624,2025-01-07 15:00:00+00:00,2025-01-07 15:15:00+00:00,2025-01-14 14:45:00+00:00,1.036808,1.026857,-99.51000000000045,-101.51000000000045,-0.5025247524752496,50,200,2.0,signal,474,19,1.5758529697699115,0.6157920792079155
futures,SI,momentum,long,28060,28061,28137,2025-01-08 17:30:00+00:00,2025-01-08 17:45:00+00:00,2025-01-09 13:45:00+00:00,30.54,31.235,139.00000000000006,136.00000000000006,0.2703777335984096,500,500,3.0,signal,76,36,3.3212237093690247,2.4135188866799164
futures,NG,momentum,long,28251,28252,28277,2025-01-09 06:45:00+00:00,2025-01-09 07:00:00+00:00,2025-01-09 13:15:00+00:00,3.6,3.622,21.9999999999998,18.9999999999998,0.062706270627062,500,300,3.0,signal,25,36,1.9727011494252833,2.2343234323432246
futures,ZB,momentum,long,28175,28176,28521,2025-01-09 15:30:00+00:00,2025-01-09 15:45:00+00:00,2025-01-15 13:45:00+00:00,112.3125,112.03125,-9.0,-12.0,-0.1538461538461538,30,75,3.0,signal,345,17,1.4924242424242422,0.8333333333333326
forex,NZDUSD,momentum,short,29492,29493,29512,2025-01-10 01:45:00+00:00,2025-01-10 02:00:00+00:00,2025-01-10 06:45:00+00:00,0.56,0.55849999,15.000100000001073,13.000100000001073,0.590913636363685,75,20,2.0,signal,19,107,1.485551742455644,11.454613636363737
futures,NQ,momentum,short,28258,28259,28264,2025-01-10 11:00:00+00:00,2025-01-10 11:15:00+00:00,2025-01-10 12:30:00+00:00,21361.0,21281.25,319.0,316.0,0.9376854599406528,500,334,3.0,signal,5,60,1.3945488515221451,10.652818991097924
futures,NG,momentum,long,28477,28478,28486,2025-01-13 17:15:00+00:00,2025-01-13 17:30:00+00:00,2025-01-13 19:30:00+00:00,3.94,3.937,-3.0000000000001137,-6.000000000000114,-0.0198019801980201,500,300,3.0,signal,8,36,1.9784482758620647,2.247524752475238
forex,NZDUSD,momentum,short,29665,29666,29671,2025-01-13 21:00:00+00:00,2025-01-13 21:15:00+00:00,2025-01-13 22:30:00+00:00,0.55680001,0.55880001,-20.0,-22.0,-1.0,75,20,2.0,sl,5,105,1.5897997959183747,13.136450000000178
forex,AUDUSD,momentum,short,29688,29689,30036,2025-01-13 21:45:00+00:00,2025-01-13 22:00:00+00:00,2025-01-17 12:45:00+00:00,0.61739999,0.61839998,-9.999899999999506,-11.999899999999506,-0.1176460784313677,150,100,2.0,signal,347,66,1.7324886619592392,3.946100980392181
forex,GBPUSD,momentum,short,29610,29611,29622,2025-01-13 21:45:00+00:00,2025-01-13 22:00:00+00:00,2025-01-14 00:45:00+00:00,1.22,1.2211,-11.000000000001007,-13.000000000001007,-0.1688311688311819,20,75,2.0,signal,11,76,1.9414182939362834,5.948051948051977
futures,6A,momentum,long,28612,28613,28623,2025-01-14 12:00:00+00:00,2025-01-14 12:15:00+00:00,2025-01-14 14:45:00+00:00,0.61705,0.61855,30.000000000001137,27.000000000001137,0.0536779324055688,200,500,3.0,signal,10,49,1.9849170437405648,1.298210735586467
futures,CL,momentum,long,28558,28559,28659,2025-01-14 15:00:00+00:00,2025-01-14 15:15:00+00:00,2025-01-15 17:15:00+00:00,77.65,78.23,57.99999999999983,54.99999999999983,0.1815181518151809,500,300,3.0,signal,100,32,1.8053191489361673,2.498349834983488
futures,SI,momentum,short,28419,28420,28688,2025-01-14 15:15:00+00:00,2025-01-14 15:30:00+00:00,2025-01-17 13:30:00+00:00,30.475,31.065,-117.99999999999996,-120.99999999999996,-0.2405566600397613,500,500,3.0,signal,268,34,3.315487571701721,2.4075546719681875
futures,RTY,mean_reversion,short,28462,28463,28543,2025-01-14 16:15:00+00:00,2025-01-14 16:30:00+00:00,2025-01-15 13:30:00+00:00,2219.0,2269.0,-500.0,-503.0,-1.0,500,500,3.0,sl,80,10,1.3180914512922366,0.3180914512922372
futures,6A,momentum,long,28631,28632,28688,2025-01-14 16:45:00+00:00,2025-01-14 17:00:00+00:00,2025-01-15 08:00:00+00:00,0.61825,0.62035,41.999999999999815,38.999999999999815,0.0775347912524847,200,500,3.0,signal,56,50,2.025641025641019,1.3518886679920357
futures,6C,mean_reversion,short,28641,28642,28793,2025-01-14 17:00:00+00:00,2025-01-14 17:15:00+00:00,2025-01-16 09:00:00+00:00,0.697,0.69735,-7.0000000000014495,-10.00000000000145,-0.0492610837438495,75,200,3.0,signal,151,24,1.6762589928057223,0.9261083743842022
futures,NQ,momentum,short,28472,28473,28478,2025-01-14 18:30:00+00:00,2025-01-14 18:45:00+00:00,2025-01-14 20:00:00+00:00,20977.25,20861.25,464.0,461.0,1.367952522255193,500,334,3.0,signal,5,58,1.484629080118694,12.11572700296736
forex,NZDUSD,momentum,long,29796,29797,29803,2025-01-15 05:45:00+00:00,2025-01-15 06:00:00+00:00,2025-01-15 07:30:00+00:00,0.55980003,0.5607,8.999699999999722,6.999699999999722,0.3181681818181692,75,20,2.0,signal,6,105,1.5136759765625083,11.954640909091111
futures,6B,mean_reversion,short,28690,28691,28782,2025-01-15 09:00:00+00:00,2025-01-15 09:15:00+00:00,2025-01-16 09:00:00+00:00,1.2199,1.2202,-2.9999999999996696,-5.99999999999967,-0.0295566502463037,100,200,3.0,signal,91,23,3.237288135593152,1.300492610837421
forex,GBPUSD,momentum,long,29751,29752,29754,2025-01-15 09:00:00+00:00,2025-01-15 09:15:00+00:00,2025-01-15 09:45:00+00:00,1.2203,1.2223,20.0,18.0,0.2337662337662337,20,75,2.0,tp,2,76,1.8708708708708692,5.649350649350653
forex,GBPUSD,mean_reversion,short,29751,29752,29846,2025-01-15 09:00:00+00:00,2025-01-15 09:15:00+00:00,2025-01-16 08:45:00+00:00,1.2203,1.2203,-0.0,-2.0,-0.0099009900990099,100,200,2.0,signal,94,10,1.3413173652694301,0.1410891089108811
forex,NZDUSD,momentum,long,29822,29823,29828,2025-01-15 12:15:00+00:00,2025-01-15 12:30:00+00:00,2025-01-15 13:45:00+00:00,0.5607,0.5632,25.000000000000576,23.000000000000576,1.0454545454545716,75,20,2.0,signal,5,106,1.5273472656250076,12.27280909090928
futures,NG,mean_reversion,short,28642,28643,28760,2025-01-15 12:30:00+00:00,2025-01-15 12:45:00+00:00,2025-01-16 19:00:00+00:00,3.923,4.223,-300.0,-303.0,-1.0,500,300,3.0,sl,117,25,2.1890756302521015,1.8679867986798673
futures,NG,momentum,long,28642,28643,28648,2025-01-15 12:30:00+00:00,2025-01-15 12:45:00+00:00,2025-01-15 14:00:00+00:00,3.923,4.004,80.99999999999952,77.99999999999952,0.2574257425742558,500,300,3.0,signal,5,37,1.961538461538457,2.2277227722772177
futures,CL,momentum,long,28728,28729,28738,2025-01-16 11:30:00+00:00,2025-01-16 11:45:00+00:00,2025-01-16 14:00:00+00:00,77.92,78.58,65.99999999999966,62.99999999999966,0.2079207920792068,500,300,3.0,signal,9,33,1.8638297872340392,2.6798679867986688
futures,6A,momentum,long,28798,28799,28810,2025-01-16 12:30:00+00:00,2025-01-16 12:45:00+00:00,2025-01-16 15:30:00+00:00,0.61965,0.6222,50.99999999999882,47.99999999999882,0.0954274353876716,200,500,3.0,signal,11,51,2.0844645550527834,1.4294234592445203
forex,NZDUSD,momentum,short,29929,29930,29984,2025-01-16 15:00:00+00:00,2025-01-16 15:15:00+00:00,2025-01-17 04:45:00+00:00,0.56040001,0.55919999,12.000199999999683,10.000199999999683,0.454554545454531,75,20,2.0,signal,54,107,1.5722691406250084,13.318263636363852
forex,GBPUSD,momentum,short,29872,29873,29935,2025-01-16 15:15:00+00:00,2025-01-16 15:30:00+00:00,2025-01-17 07:00:00+00:00,1.2224,1.2204,20.0,18.0,0.2337662337662337,20,75,2.0,tp,62,77,1.9069069069069051,5.883116883116887
futures,NG,momentum,long,28747,28748,28757,2025-01-16 15:45:00+00:00,2025-01-16 16:00:00+00:00,2025-01-16 18:15:00+00:00,4.045,4.153,107.99999999999964,104.99999999999964,0.3465346534653453,500,300,3.0,signal,9,37,2.269890795631819,2.6864686468646743
futures,6C,momentum,short,28826,28827,28832,2025-01-16 17:15:00+00:00,2025-01-16 17:30:00+00:00,2025-01-16 18:45:00+00:00,0.69755,0.6966,19.000000000000128,16.000000000000128,0.0788177339901484,50,200,3.0,signal,5,36,3.3873239436620053,1.669950738916286
futures,6A,momentum,long,28822,28823,28964,2025-01-16 18:30:00+00:00,2025-01-16 18:45:00+00:00,2025-01-20 08:00:00+00:00,0.6214,0.62225,17.000000000000348,14.000000000000348,0.0278330019880722,200,500,3.0,signal,141,52,2.1568627450980307,1.524850894632192
futures,NQ,momentum,long,28656,28657,28666,2025-01-16 18:30:00+00:00,2025-01-16 18:45:00+00:00,2025-01-16 21:00:00+00:00,21306.5,21223.0,-334.0,-337.0,-1.0,500,334,3.0,sl,9,59,1.5393471810089019,13.483679525222552
futures,GC,momentum,long,28766,28767,28778,2025-01-17 09:15:00+00:00,2025-01-17 09:30:00+00:00,2025-01-17 12:15:00+00:00,2731.4,2738.5,70.99999999999909,67.99999999999909,0.6017699115044167,300,110,3.0,signal,11,13,1.5294985250737498,3.176991150442496
forex,AUDUSD,momentum,short,30044,30045,30474,2025-01-17 14:45:00+00:00,2025-01-17 15:00:00+00:00,2025-01-24 02:15:00+00:00,0.6207,0.6307,-100.0,-102.0,-1.0,150,100,2.0,sl,429,67,1.6954633627521805,3.8284549019608134
forex,NZDUSD,momentum,short,30024,30025,30025,2025-01-17 14:45:00+00:00,2025-01-17 15:00:00+00:00,2025-01-17 15:00:00+00:00,0.55930001,0.56130001,-20.0,-22.0,-1.0,75,20,2.0,sl,0,108,1.5918007812500077,13.772818181818383
forex,GBPUSD,momentum,short,29967,29968,29969,2025-01-17 15:00:00+00:00,2025-01-17 15:15:00+00:00,2025-01-17 15:30:00+00:00,1.2221,1.2201,20.0,18.0,0.2337662337662337,20,75,2.0,tp,1,78,1.942942942942941,6.1168831168831215
forex,NZDUSD,momentum,short,30056,30057,30059,2025-01-19 22:45:00+00:00,2025-01-19 23:00:00+00:00,2025-01-19 23:30:00+00:00,0.55909997,0.55800003,10.999400000000216,8.999400000000215,0.4090636363636461,75,20,2.0,signal,2,109,1.526220973782779,12.772818181818383
forex,GBPUSD,momentum,short,30006,30007,30040,2025-01-20 00:45:00+00:00,2025-01-20 01:00:00+00:00,2025-01-20 09:15:00+00:00,1.2184,1.2178,5.999999999999339,3.999999999999339,0.0519480519480433,20,75,2.0,signal,33,78,1.955955955955955,6.201298701298711
futures,6J,momentum,short,28943,28944,29187,2025-01-20 00:45:00+00:00,2025-01-20 01:00:00+00:00,2025-01-22 15:45:00+00:00,0.006452,0.0064355,33.00000000000004,30.000000000000043,0.0990099009900991,100,300,3.0,signal,243,19,2.2452316076294263,1.5082508250825024
futures,6A,momentum,long,28968,28969,28987,2025-01-20 09:00:00+00:00,2025-01-20 09:15:00+00:00,2025-01-20 13:45:00+00:00,0.6205,0.6252,93.99999999999852,90.99999999999852,0.1809145129224622,200,500,3.0,signal,18,53,2.177978883861229,1.552683896620264
forex,NZDUSD,momentum,long,30097,30098,30116,2025-01-20 09:00:00+00:00,2025-01-20 09:15:00+00:00,2025-01-20 13:45:00+00:00,0.56029999,0.56489998,45.99989999999998,43.99989999999998,1.9999954545454537,75,20,2.0,signal,18,110,1.5430737827715435,13.18188181818203
forex,GBPUSD,momentum,short,30046,30047,30057,2025-01-20 10:45:00+00:00,2025-01-20 11:00:00+00:00,2025-01-20 13:30:00+00:00,1.2191,1.2266,-75.0,-77.0,-1.0,20,75,2.0,sl,10,79,1.9639639639639617,6.253246753246755
futures,ZB,mean_reversion,long,28796,28797,28800,2025-01-20 13:30:00+00:00,2025-01-20 13:45:00+00:00,2025-01-20 14:30:00+00:00,112.84375,113.125,9.0,6.0,0.1132075471698113,15,50,3.0,signal,3,14,1.3272727272727272,0.33962264150943344
futures,ZB,momentum,short,28796,28797,29040,2025-01-20 13:30:00+00:00,2025-01-20 13:45:00+00:00,2025-01-23 09:30:00+00:00,112.84375,113.0625,-7.0,-10.0,-0.1282051282051282,30,75,3.0,signal,243,17,1.6554621848739495,0.9999999999999993
forex,GBPUSD,momentum,long,30102,30103,30103,2025-01-21 00:45:00+00:00,2025-01-21 01:00:00+00:00,2025-01-21 01:00:00+00:00,1.226,1.228,20.0,18.0,0.2337662337662337,20,75,2.0,tp,0,79,1.9639639639639617,6.253246753246755
forex,NZDUSD,momentum,long,30159,30160,30165,2025-01-21 00:45:00+00:00,2025-01-21 01:00:00+00:00,2025-01-21 02:15:00+00:00,0.56330001,0.56459999,12.999800000000894,10.999800000000894,0.4999909090909497,75,20,2.0,signal,5,111,1.6254705992509442,15.181877272727483
futures,6A,momentum,long,29027,29028,29037,2025-01-21 00:45:00+00:00,2025-01-21 01:00:00+00:00,2025-01-21 03:15:00+00:00,0.6222,0.6258,72.00000000000095,69.00000000000095,0.1371769383697832,200,500,3.0,signal,9,54,2.315233785822011,1.7335984095427261
futures,SI,momentum,short,28816,28817,29030,2025-01-21 02:00:00+00:00,2025-01-21 02:15:00+00:00,2025-01-23 09:30:00+00:00,31.33,30.93,79.99999999999972,76.99999999999972,0.153081510934393,500,500,3.0,signal,213,35,2.6925465838509313,2.1669980119284262
futures,NG,momentum,short,28976,28977,29002,2025-01-21 06:30:00+00:00,2025-01-21 06:45:00+00:00,2025-01-21 13:00:00+00:00,3.892,3.817,74.99999999999973,71.99999999999973,0.2376237623762367,500,300,3.0,signal,25,37,2.38533541341653,2.9306930693069178
forex,GBPUSD,momentum,long,30133,30134,30153,2025-01-21 08:30:00+00:00,2025-01-21 08:45:00+00:00,2025-01-21 13:30:00+00:00,1.2249,1.2269,20.0,18.0,0.2337662337662337,20,75,2.0,tp,19,80,1.9999999999999976,6.487012987012989
futures,NQ,momentum,long,28902,28903,28908,2025-01-21 15:00:00+00:00,2025-01-21 15:15:00+00:00,2025-01-21 16:30:00+00:00,21539.5,21629.75,361.0,358.0,1.0623145400593472,500,334,3.0,signal,5,58,1.6034866468842728,14.483679525222552
futures,ZN,mean_reversion,short,28955,28956,28977,2025-01-21 23:00:00+00:00,2025-01-21 23:15:00+00:00,2025-01-22 04:30:00+00:00,108.671875,108.640625,2.0,-1.0,-0.0188679245283018,15,50,3.0,signal,21,15,61.000000000000334,1.1320754716981125
futures,CL,momentum,short,29076,29077,29090,2025-01-22 09:00:00+00:00,2025-01-22 09:15:00+00:00,2025-01-22 12:30:00+00:00,76.19,75.84,34.99999999999943,31.99999999999943,0.1056105610561037,500,300,3.0,signal,13,34,1.9308510638297838,2.8877887788778756
futures,ZB,mean_reversion,short,28975,28976,28995,2025-01-22 16:15:00+00:00,2025-01-22 16:30:00+00:00,2025-01-22 21:15:00+00:00,113.40625,113.34375,2.0,-1.0,-0.0188679245283018,15,50,3.0,signal,19,15,1.436363636363636,0.45283018867924474
futures,CL,momentum,short,29109,29110,29115,2025-01-22 17:15:00+00:00,2025-01-22 17:30:00+00:00,2025-01-22 18:45:00+00:00,76.05,75.46,59.00000000000034,56.00000000000034,0.1848184818481859,500,300,3.0,signal,5,35,1.9648936170212725,2.9933993399339793
forex,NZDUSD,momentum,long,30377,30378,30389,2025-01-23 07:15:00+00:00,2025-01-23 07:30:00+00:00,2025-01-23 10:15:00+00:00,0.56599998,0.56590003,-0.999499999999598,-2.999499999999598,-0.1363409090908908,75,20,2.0,signal,11,111,1.6273425093633038,15.227313636363853
futures,NQ,momentum,long,29060,29061,29109,2025-01-23 08:30:00+00:00,2025-01-23 08:45:00+00:00,2025-01-23 20:45:00+00:00,21884.25,22009.25,500.0,497.0,1.4747774480712166,500,334,3.0,tp,48,59,1.647749752720079,15.5459940652819
forex,GBPUSD,mean_reversion,long,30329,30330,30334,2025-01-23 09:30:00+00:00,2025-01-23 09:45:00+00:00,2025-01-23 10:45:00+00:00,1.231,1.2327,16.999999999998128,14.999999999998128,0.0742574257425649,100,200,2.0,signal,4,11,1.5438596491227736,0.2301980198019703
forex,GBPUSD,momentum,short,30330,30331,30397,2025-01-23 09:45:00+00:00,2025-01-23 10:00:00+00:00,2025-01-24 02:30:00+00:00,1.2317,1.2392,-75.0,-77.0,-1.0,20,75,2.0,sl,66,81,2.0360360360360334,6.720779220779223
futures,CL,momentum,short,29177,29178,29197,2025-01-23 11:15:00+00:00,2025-01-23 11:30:00+00:00,2025-01-23 16:15:00+00:00,75.71,75.04,66.99999999999875,63.99999999999875,0.2112211221122071,500,300,3.0,signal,19,36,2.0244680851063794,3.178217821782165
forex,GBPUSD,mean_reversion,short,30338,30339,30524,2025-01-23 11:45:00+00:00,2025-01-23 12:00:00+00:00,2025-01-27 10:15:00+00:00,1.2308,1.2508,-200.0,-202.0,-1.0,100,200,2.0,sl,185,12,1.7192982456139767,0.3044554455445352
futures,6B,mean_reversion,short,29253,29254,29432,2025-01-23 11:45:00+00:00,2025-01-23 12:00:00+00:00,2025-01-27 10:30:00+00:00,1.2305,1.2505,-200.0,-203.0,-1.0,100,200,3.0,sl,178,23,3.4107142857141906,1.3300492610837233
futures,6C,momentum,short,29275,29276,29411,2025-01-23 14:30:00+00:00,2025-01-23 14:45:00+00:00,2025-01-27 02:30:00+00:00,0.69695,0.69595,20.000000000000018,17.000000000000018,0.0837438423645321,50,200,3.0,signal,135,36,3.3591549295775014,1.650246305418751
forex,NZDUSD,momentum,long,30409,30410,30415,2025-01-23 15:15:00+00:00,2025-01-23 15:30:00+00:00,2025-01-23 16:45:00+00:00,0.56620002,0.5679,16.999799999999343,14.999799999999343,0.681809090909061,75,20,2.0,signal,5,112,1.61825271718131,15.090972727272963
futures,SI,momentum,short,29091,29092,29185,2025-01-24 01:45:00+00:00,2025-01-24 02:00:00+00:00,2025-01-27 02:15:00+00:00,31.09,30.67,83.99999999999963,80.99999999999963,0.161033797216699,500,500,3.0,signal,93,36,2.812111801242235,2.320079522862819
futures,ZN,mean_reversion,long,29204,29205,29229,2025-01-24 15:15:00+00:00,2025-01-24 15:30:00+00:00,2025-01-24 21:30:00+00:00,108.46875,108.515625,3.0,0.0,0.0,15,50,3.0,signal,24,16,30.500000000000146,1.1132075471698106
futures,NQ,mean_reversion,short,29189,29190,29193,2025-01-24 17:45:00+00:00,2025-01-24 18:00:00+00:00,2025-01-24 18:45:00+00:00,21941.75,21904.25,150.0,147.0,0.2922465208747515,150,500,3.0,tp,3,27,1.603371343579574,2.4194831013916516
forex,AUDUSD,momentum,long,30556,30557,30931,2025-01-26 22:45:00+00:00,2025-01-26 23:00:00+00:00,2025-01-30 20:30:00+00:00,0.63020003,0.62020003,-100.0,-102.0,-1.0,150,100,2.0,sl,374,66,1.3489120415445668,2.2696372549019874
futures,6A,momentum,long,29388,29389,29830,2025-01-26 23:00:00+00:00,2025-01-26 23:15:00+00:00,2025-01-31 17:30:00+00:00,0.6298,0.62615,-73.00000000000084,-76.00000000000084,-0.1510934393638187,200,500,3.0,signal,441,53,2.239819004524879,1.6341948310139018
futures,GC,mean_reversion,long,29305,29306,29307,2025-01-27 08:30:00+00:00,2025-01-27 08:45:00+00:00,2025-01-27 09:00:00+00:00,2763.4,2766.4,30.0,27.0,0.2621359223300971,30,100,3.0,tp,1,12,1.310679611650485,0.6213592233009704
futures,GC,momentum,short,29307,29308,29329,2025-01-27 09:00:00+00:00,2025-01-27 09:15:00+00:00,2025-01-27 14:30:00+00:00,2769.2,2754.0,151.99999999999818,148.99999999999818,1.318584070796444,300,110,3.0,signal,21,14,1.6297935103244858,3.7787610619469127
forex,NZDUSD,momentum,short,30576,30577,30633,2025-01-27 09:00:00+00:00,2025-01-27 09:15:00+00:00,2025-01-27 23:15:00+00:00,0.56919998,0.56830001,8.999700000000832,6.999700000000832,0.3181681818182196,75,20,2.0,signal,56,111,1.6990333000323379,16.363718181818378
futures,6C,momentum,short,29549,29550,29617,2025-01-28 14:00:00+00:00,2025-01-28 14:15:00+00:00,2025-01-29 08:00:00+00:00,0.69665,0.69515,29.99999999999892,26.99999999999892,0.133004926108369,50,200,3.0,signal,67,36,3.443661971831013,1.7093596059113554
futures,NQ,mean_reversion,long,29363,29364,29370,2025-01-28 15:15:00+00:00,2025-01-28 15:30:00+00:00,2025-01-28 17:00:00+00:00,21467.25,21504.75,150.0,147.0,0.2922465208747515,150,500,3.0,tp,6,28,1.6762518591968276,2.711729622266403
futures,NQ,momentum,short,29363,29364,29371,2025-01-28 15:15:00+00:00,2025-01-28 15:30:00+00:00,2025-01-28 17:15:00+00:00,21467.25,21550.75,-334.0,-337.0,-1.0,500,334,3.0,sl,7,57,1.9533700720644338,20.020771513353115
futures,SI,momentum,short,29329,29330,29646,2025-01-28 15:15:00+00:00,2025-01-28 15:30:00+00:00,2025-02-03 02:30:00+00:00,30.845,31.75,-181.00000000000023,-184.00000000000023,-0.3658051689860839,500,500,3.0,signal,316,36,3.0714285714285703,2.536779324055661
futures,ZB,momentum,long,29341,29342,29452,2025-01-28 15:45:00+00:00,2025-01-28 16:00:00+00:00,2025-01-29 20:30:00+00:00,113.78125,114.15625,12.0,9.0,0.1153846153846153,30,75,3.0,signal,110,18,1.5271317829457365,0.8717948717948711
futures,ZN,mean_reversion,short,29390,29391,29500,2025-01-28 15:45:00+00:00,2025-01-28 16:00:00+00:00,2025-01-29 20:15:00+00:00,108.828125,108.953125,-8.0,-11.0,-0.2075471698113207,15,50,3.0,signal,109,17,30.500000000000146,1.1132075471698106
futures,CL,momentum,short,29483,29484,29536,2025-01-28 18:45:00+00:00,2025-01-28 19:00:00+00:00,2025-01-29 09:00:00+00:00,73.86,73.5,35.99999999999994,32.99999999999994,0.1089108910891087,500,300,3.0,signal,52,36,1.9851063829787192,3.0561056105610414
forex,GBPUSD,momentum,long,30711,30712,30753,2025-01-29 09:00:00+00:00,2025-01-29 09:15:00+00:00,2025-01-29 19:30:00+00:00,1.2433,1.2453,20.0,18.0,0.2337662337662337,20,75,2.0,tp,41,79,1.9779779779779785,6.344155844155864
futures,CL,momentum,short,29552,29553,29558,2025-01-29 13:00:00+00:00,2025-01-29 13:15:00+00:00,2025-01-29 14:30:00+00:00,73.63,73.11,51.9999999999996,48.9999999999996,0.1617161716171604,500,300,3.0,signal,5,37,2.0202127659574427,3.16501650165015
futures,NQ,momentum,long,29448,29449,29455,2025-01-29 13:30:00+00:00,2025-01-29 13:45:00+00:00,2025-01-29 15:15:00+00:00,21575.0,21491.5,-334.0,-337.0,-1.0,500,334,3.0,sl,6,58,1.8645805233342323,19.020771513353115
futures,6C,mean_reversion,long,29645,29646,29857,2025-01-29 15:00:00+00:00,2025-01-29 15:15:00+00:00,2025-02-02 23:00:00+00:00,0.6939,0.6839,-200.0,-203.0,-1.0,75,200,3.0,sl,211,24,1.6583629893237999,0.9113300492610401
futures,NQ,mean_reversion,short,29455,29456,29456,2025-01-29 15:15:00+00:00,2025-01-29 15:30:00+00:00,2025-01-29 15:30:00+00:00,21503.25,21465.75,150.0,147.0,0.2922465208747515,150,500,3.0,tp,0,29,1.749132374814081,3.0039761431411542
futures,NG,momentum,short,29578,29579,29652,2025-01-29 19:00:00+00:00,2025-01-29 19:15:00+00:00,2025-01-30 14:30:00+00:00,3.181,3.122,59.00000000000016,56.00000000000016,0.1848184818481853,500,300,3.0,signal,73,35,2.4196567862714438,3.0033003300329892
futures,6J,momentum,long,29661,29662,29681,2025-01-29 19:15:00+00:00,2025-01-29 19:30:00+00:00,2025-01-30 01:15:00+00:00,0.00647,0.006504,68.00000000000036,65.00000000000036,0.2145214521452157,100,300,3.0,signal,19,19,2.2207084468664826,1.4785478547854716
futures,ZN,mean_reversion,long,29500,29501,29505,2025-01-29 20:15:00+00:00,2025-01-29 20:30:00+00:00,2025-01-29 21:30:00+00:00,108.984375,109.125,9.0,6.0,0.1132075471698113,15,50,3.0,signal,4,18,4.692307692307694,0.9056603773584899
gold_spot,XAUUSD,mean_reversion,long,29584,29585,29594,2025-01-29 20:15:00+00:00,2025-01-29 20:30:00+00:00,2025-01-29 23:45:00+00:00,2757.045,2759.96,291.4999999999964,280.4999999999964,0.9019292604501492,1097,300,11.0,signal,9,12,1.3934887459807286,3.14790996784583
futures,ES,momentum,short,29476,29477,29667,2025-01-29 20:15:00+00:00,2025-01-29 20:30:00+00:00,2025-02-02 23:00:00+00:00,6084.25,6009.25,300.0,297.0,0.9801980198019802,300,300,3.0,tp,190,40,1.3257168458781357,2.3993399339933967
futures,ES,mean_reversion,long,29476,29477,29498,2025-01-29 20:15:00+00:00,2025-01-29 20:30:00+00:00,2025-01-30 02:45:00+00:00,6084.25,6091.0,27.0,24.0,0.0477137176938369,500,500,3.0,signal,21,10,1.5783132530120472,0.38170974155069504
forex,NZDUSD,momentum,short,30813,30814,30846,2025-01-29 20:15:00+00:00,2025-01-29 20:30:00+00:00,2025-01-30 04:30:00+00:00,0.56569999,0.56519997,5.000200000000454,3.0002000000004543,0.1363727272727479,75,20,2.0,signal,32,110,1.646605870491145,15.136440909091126
futures,NQ,momentum,short,29475,29476,29478,2025-01-29 20:15:00+00:00,2025-01-29 20:30:00+00:00,2025-01-29 21:00:00+00:00,21585.5,21460.5,500.0,497.0,1.4747774480712166,500,334,3.0,tp,2,59,1.7835118049283962,18.020771513353115
futures,NG,mean_reversion,short,29621,29622,29629,2025-01-30 06:45:00+00:00,2025-01-30 07:00:00+00:00,2025-01-30 08:45:00+00:00,3.184,3.167,17.000000000000348,14.000000000000348,0.0462046204620473,500,300,3.0,signal,7,23,1.4686567164179116,1.0363036303630373
futures,6C,momentum,short,29711,29712,29759,2025-01-30 08:30:00+00:00,2025-01-30 08:45:00+00:00,2025-01-30 20:30:00+00:00,0.6952,0.6927000000000001,50.0,47.0,0.2315270935960591,50,200,3.0,tp,47,36,3.659574468085131,1.8472906403941096
futures,6B,mean_reversion,long,29719,29720,29722,2025-01-30 13:15:00+00:00,2025-01-30 13:30:00+00:00,2025-01-30 14:00:00+00:00,1.2441,1.2465,23.999999999999577,20.999999999999577,0.1034482758620668,100,200,3.0,signal,2,25,1.3089171974522094,0.4778325123152433
forex,GBPUSD,momentum,short,30824,30825,30853,2025-01-30 13:15:00+00:00,2025-01-30 13:30:00+00:00,2025-01-30 20:30:00+00:00,1.2434,1.2414,20.0,18.0,0.2337662337662337,20,75,2.0,tp,28,80,2.0140140140140144,6.577922077922098
forex,NZDUSD,momentum,short,30883,30884,30911,2025-01-30 13:45:00+00:00,2025-01-30 14:00:00+00:00,2025-01-30 20:45:00+00:00,0.56569999,0.56269997,30.00019999999992,28.00019999999992,1.27273636363636,75,20,2.0,signal,27,111,1.6524315072150653,15.272813636363875
futures,NQ,momentum,long,29547,29548,29550,2025-01-30 15:15:00+00:00,2025-01-30 15:30:00+00:00,2025-01-30 16:00:00+00:00,21532.0,21448.5,-334.0,-337.0,-1.0,500,334,3.0,sl,2,60,1.847632563540188,19.49554896142433
futures,6B,mean_reversion,short,29733,29734,29754,2025-01-30 16:45:00+00:00,2025-01-30 17:00:00+00:00,2025-01-30 23:00:00+00:00,1.2448,1.2416,31.999999999998696,28.999999999998696,0.1428571428571364,100,200,3.0,signal,20,26,1.3757961783439272,0.5812807881773101
futures,6E,momentum,short,29795,29796,29801,2025-01-31 07:30:00+00:00,2025-01-31 07:45:00+00:00,2025-01-31 09:00:00+00:00,1.0432,1.04045,54.99999999999616,51.99999999999616,0.1033797216699724,200,500,3.0,signal,5,21,1.3381642512077019,0.4174950298210437
forex,NZDUSD,momentum,short,30976,30977,30982,2025-01-31 13:00:00+00:00,2025-01-31 13:15:00+00:00,2025-01-31 14:30:00+00:00,0.56510001,0.56419998,9.000299999999406,7.000299999999406,0.3181954545454275,75,20,2.0,signal,5,112,1.7068008803892138,16.545550000000233
forex,GBPUSD,momentum,short,30919,30920,30923,2025-01-31 13:00:00+00:00,2025-01-31 13:15:00+00:00,2025-01-31 14:00:00+00:00,1.2428,1.2408,20.0,18.0,0.2337662337662337,20,75,2.0,tp,3,81,2.0500500500500505,6.811688311688332
futures,HG,mean_reversion,long,29749,29750,29846,2025-01-31 15:30:00+00:00,2025-01-31 15:45:00+00:00,2025-02-03 16:45:00+00:00,4.29,4.3125,44.99999999999993,41.99999999999993,0.1386138613861383,150,300,3.0,signal,96,14,4.48333333333334,0.6897689768976937
futures,6A,momentum,long,29833,29834,29941,2025-01-31 18:15:00+00:00,2025-01-31 18:30:00+00:00,2025-02-03 23:15:00+00:00,0.6226,0.62315,10.999999999998789,7.999999999998788,0.0159045725646099,200,500,3.0,signal,107,53,1.9837618403247539,1.4453280318091293
futures,CL,momentum,short,29758,29759,29764,2025-01-31 18:30:00+00:00,2025-01-31 18:45:00+00:00,2025-01-31 20:00:00+00:00,72.94,72.36,57.99999999999983,54.99999999999983,0.1815181518151809,500,300,3.0,signal,5,38,2.0723404255319107,3.32673267326731
futures,GC,momentum,long,29735,29736,29736,2025-02-03 01:45:00+00:00,2025-02-03 02:00:00+00:00,2025-02-03 02:00:00+00:00,2821.0,2810.0,-110.0,-113.0,-1.0,300,110,3.0,sl,0,15,1.8495575221238931,5.0973451327433565
futures,6J,momentum,short,29899,29900,29978,2025-02-03 09:45:00+00:00,2025-02-03 10:00:00+00:00,2025-02-04 06:30:00+00:00,0.0064825,0.0064665,32.00000000000078,29.00000000000078,0.0957095709570982,100,300,3.0,signal,78,20,2.3978201634877374,1.6930693069306872
futures,ZN,mean_reversion,long,29743,29744,29755,2025-02-03 12:00:00+00:00,2025-02-03 12:15:00+00:00,2025-02-03 15:00:00+00:00,109.0625,109.296875,15.0,12.0,0.2264150943396226,15,50,3.0,tp,11,19,5.153846153846156,1.0188679245283012
futures,ZB,mean_reversion,short,29700,29701,29734,2025-02-03 13:30:00+00:00,2025-02-03 13:45:00+00:00,2025-02-03 23:00:00+00:00,114.4375,114.0625,12.0,9.0,0.1698113207547169,15,50,3.0,signal,33,16,1.4107142857142856,0.43396226415094297
futures,CL,momentum,long,29833,29834,30126,2025-02-03 14:15:00+00:00,2025-02-03 14:30:00+00:00,2025-02-06 18:30:00+00:00,73.45,70.45,-300.0,-303.0,-1.0,500,300,3.0,sl,292,39,2.1308510638297826,3.508250825082491
futures,6C,momentum,short,29922,29923,29925,2025-02-03 15:15:00+00:00,2025-02-03 15:30:00+00:00,2025-02-03 16:00:00+00:00,0.68685,0.68435,50.0,47.0,0.2315270935960591,50,200,3.0,tp,2,37,3.992907801418464,2.0788177339901686
forex,AUDUSD,momentum,short,31103,31104,31276,2025-02-03 15:30:00+00:00,2025-02-03 15:45:00+00:00,2025-02-05 10:45:00+00:00,0.61909997,0.6290999700000001,-100.0,-102.0,-1.0,150,100,2.0,sl,172,65,1.3911117655534435,2.544142156862774
futures,NQ,mean_reversion,long,29732,29733,29746,2025-02-03 15:30:00+00:00,2025-02-03 15:45:00+00:00,2025-02-03 19:00:00+00:00,21438.25,21475.75,150.0,147.0,0.2922465208747515,150,500,3.0,tp,13,29,1.749132374814081,3.0039761431411542
futures,ES,momentum,short,29759,29760,29784,2025-02-03 23:00:00+00:00,2025-02-03 23:15:00+00:00,2025-02-04 05:15:00+00:00,6057.0,6001.0,224.0,221.0,0.7293729372937293,300,300,3.0,signal,24,39,1.6314152410575422,4.019801980198017
forex,GBPUSD,momentum,long,31079,31080,31086,2025-02-04 05:00:00+00:00,2025-02-04 05:15:00+00:00,2025-02-04 06:45:00+00:00,1.2386,1.2406,20.0,18.0,0.2337662337662337,20,75,2.0,tp,6,78,2.3384615384615377,7.344155844155864
futures,6A,momentum,long,29964,29965,30006,2025-02-04 05:00:00+00:00,2025-02-04 05:15:00+00:00,2025-02-04 15:30:00+00:00,0.6181,0.62465,131.0000000000011,128.0000000000011,0.2544731610337994,200,500,3.0,signal,41,53,1.9174560216508685,1.3479125248508763
forex,NZDUSD,momentum,short,31144,31145,31174,2025-02-04 07:00:00+00:00,2025-02-04 07:15:00+00:00,2025-02-04 14:30:00+00:00,0.56040001,0.56240001,-20.0,-22.0,-1.0,75,20,2.0,sl,29,108,2.0562117754236344,20.500086363636555
forex,GBPUSD,momentum,long,31107,31108,31111,2025-02-04 12:00:00+00:00,2025-02-04 12:15:00+00:00,2025-02-04 13:00:00+00:00,1.2401,1.2421,20.0,18.0,0.2337662337662337,20,75,2.0,tp,3,77,2.2958579881656798,7.11038961038963
futures,ZB,momentum,short,29798,29799,30068,2025-02-04 15:00:00+00:00,2025-02-04 15:15:00+00:00,2025-02-07 13:30:00+00:00,114.125,116.46875,-75.0,-78.0,-1.0,30,75,3.0,sl,269,19,1.5968992248062015,0.9871794871794864
futures,NG,mean_reversion,long,29932,29933,29943,2025-02-04 15:30:00+00:00,2025-02-04 15:45:00+00:00,2025-02-04 18:15:00+00:00,3.238,3.302,64.00000000000006,61.00000000000006,0.2013201320132015,500,300,3.0,signal,10,24,1.4895522388059719,1.0825082508250845
futures,NG,momentum,long,29947,29948,30038,2025-02-04 19:15:00+00:00,2025-02-04 19:30:00+00:00,2025-02-05 19:00:00+00:00,3.253,3.316,62.99999999999972,59.99999999999972,0.1980198019801971,500,300,3.0,signal,90,36,2.507020280811225,3.1881188118811745
futures,NG,mean_reversion,short,29948,29949,29956,2025-02-04 19:30:00+00:00,2025-02-04 19:45:00+00:00,2025-02-04 21:30:00+00:00,3.25,3.226,24.00000000000002,21.00000000000002,0.0693069306930693,500,300,3.0,signal,7,25,1.580597014925375,1.283828382838286
forex,GBPUSD,momentum,long,31282,31283,31299,2025-02-06 07:45:00+00:00,2025-02-06 08:00:00+00:00,2025-02-06 12:00:00+00:00,1.2475,1.24,-75.0,-77.0,-1.0,20,75,2.0,sl,16,77,2.3523809523809573,7.37662337662341
forex,NZDUSD,momentum,long,31339,31340,31367,2025-02-06 07:45:00+00:00,2025-02-06 08:00:00+00:00,2025-02-06 14:45:00+00:00,0.56580001,0.56639999,5.9997999999994445,3.999799999999445,0.1818090909090656,75,20,2.0,signal,27,107,1.9120324187443516,18.61373181818202
futures,GC,momentum,long,30035,30036,30063,2025-02-06 07:45:00+00:00,2025-02-06 08:00:00+00:00,2025-02-06 14:45:00+00:00,2875.7,2864.7,-110.0,-113.0,-1.0,300,110,3.0,sl,27,16,1.5853350189633368,4.0973451327433565
futures,SI,momentum,short,29976,29977,30199,2025-02-06 16:00:00+00:00,2025-02-06 16:15:00+00:00,2025-02-11 02:45:00+00:00,32.62,32.215,80.9999999999988,77.9999999999988,0.1550695825049678,500,500,3.0,signal,222,35,2.2312499999999975,1.9582504970178871
futures,ES,momentum,long,30025,30026,30031,2025-02-06 19:30:00+00:00,2025-02-06 19:45:00+00:00,2025-02-06 21:00:00+00:00,6077.25,6107.25,120.0,117.0,0.3861386138613861,300,300,3.0,signal,5,39,2.0713407134071335,5.749174917491747
forex,GBPUSD,momentum,short,31377,31378,31401,2025-02-07 07:30:00+00:00,2025-02-07 07:45:00+00:00,2025-02-07 13:30:00+00:00,1.2445,1.2425,20.0,18.0,0.2337662337662337,20,75,2.0,tp,23,78,1.9879275653923587,6.37662337662341
futures,6E,momentum,long,30268,30269,30474,2025-02-07 10:45:00+00:00,2025-02-07 11:00:00+00:00,2025-02-11 16:15:00+00:00,1.0399,1.0364,-70.00000000000117,-73.00000000000117,-0.1451292246520898,200,500,3.0,signal,205,21,1.3816425120772653,0.47117296222660887
forex,GBPUSD,momentum,short,31406,31407,31410,2025-02-07 14:45:00+00:00,2025-02-07 15:00:00+00:00,2025-02-07 15:45:00+00:00,1.2455,1.2435,20.0,18.0,0.2337662337662337,20,75,2.0,tp,3,79,2.0241448692152963,6.610389610389644
futures,ES,momentum,long,30099,30100,30195,2025-02-07 15:00:00+00:00,2025-02-07 15:15:00+00:00,2025-02-10 16:00:00+00:00,6084.25,6089.75,22.0,19.0,0.0627062706270627,300,300,3.0,signal,95,40,2.1432964329643287,6.135313531353133
futures,6A,momentum,long,30283,30284,30470,2025-02-07 15:45:00+00:00,2025-02-07 16:00:00+00:00,2025-02-11 16:30:00+00:00,0.6277,0.6298,41.999999999999815,38.999999999999815,0.0775347912524847,200,500,3.0,signal,186,54,2.0906630581867294,1.6023856858846757
futures,NG,mean_reversion,short,30210,30211,30228,2025-02-07 16:00:00+00:00,2025-02-07 16:15:00+00:00,2025-02-07 20:30:00+00:00,3.339,3.298,40.99999999999992,37.99999999999992,0.1254125412541251,500,300,3.0,signal,17,26,1.6119402985074647,1.3531353135313553
futures,GC,momentum,long,30162,30163,30217,2025-02-07 16:30:00+00:00,2025-02-07 16:45:00+00:00,2025-02-10 07:15:00+00:00,2886.8,2916.8,300.0,297.0,2.6283185840707963,300,110,3.0,tp,54,17,1.3871681415929198,3.0973451327433565
forex,NZDUSD,momentum,short,31476,31477,31493,2025-02-07 18:00:00+00:00,2025-02-07 18:15:00+00:00,2025-02-09 22:15:00+00:00,0.56599998,0.56419998,17.999999999999126,15.999999999999126,0.7272727272726875,75,20,2.0,signal,16,108,1.920940669198972,18.795540909091088
forex,NZDUSD,momentum,short,31538,31539,31549,2025-02-10 09:30:00+00:00,2025-02-10 09:45:00+00:00,2025-02-10 12:15:00+00:00,0.56620002,0.56489998,13.000400000000578,11.000400000000578,0.5000181818182081,75,20,2.0,signal,10,108,1.9476672023020127,19.34100454545466
forex,GBPUSD,momentum,short,31481,31482,31490,2025-02-10 09:30:00+00:00,2025-02-10 09:45:00+00:00,2025-02-10 11:45:00+00:00,1.2418,1.2398,20.0,18.0,0.2337662337662337,20,75,2.0,tp,8,80,2.060362173038234,6.844155844155878
futures,NG,mean_reversion,short,30294,30295,30537,2025-02-10 14:00:00+00:00,2025-02-10 14:15:00+00:00,2025-02-13 05:45:00+00:00,3.378,3.678,-300.0,-303.0,-1.0,500,300,3.0,sl,242,26,1.62537313432836,1.3828382838283846
futures,NG,momentum,long,30294,30295,30301,2025-02-10 14:00:00+00:00,2025-02-10 14:15:00+00:00,2025-02-10 15:45:00+00:00,3.378,3.437,58.99999999999972,55.99999999999972,0.1848184818481839,500,300,3.0,signal,6,36,2.5725429017160613,3.326732673267313
futures,ZB,mean_reversion,long,30164,30165,30344,2025-02-10 14:30:00+00:00,2025-02-10 14:45:00+00:00,2025-02-12 13:30:00+00:00,115.65625,114.09375,-50.0,-53.0,-1.0,15,50,3.0,sl,179,17,1.5714285714285712,0.6037735849056598
forex,GBPUSD,momentum,short,31575,31576,31581,2025-02-11 09:00:00+00:00,2025-02-11 09:15:00+00:00,2025-02-11 10:30:00+00:00,1.2376,1.2356,20.0,18.0,0.2337662337662337,20,75,2.0,tp,5,80,2.060362173038234,6.844155844155878
futures,ES,mean_reversion,long,30259,30260,30295,2025-02-11 09:00:00+00:00,2025-02-11 09:15:00+00:00,2025-02-11 18:00:00+00:00,6074.5,6077.0,10.0,7.0,0.0139165009940357,500,500,3.0,signal,35,11,1.6506024096385532,0.42942345924453196
forex,NZDUSD,momentum,short,31653,31654,31659,2025-02-11 14:15:00+00:00,2025-02-11 14:30:00+00:00,2025-02-11 15:45:00+00:00,0.5654,0.56480002,5.999800000000555,3.9998000000005542,0.1818090909091161,75,20,2.0,signal,5,107,1.9164863212542622,18.70463181818197
futures,NQ,momentum,short,30280,30281,30368,2025-02-11 14:30:00+00:00,2025-02-11 14:45:00+00:00,2025-02-12 13:30:00+00:00,21789.75,21664.75,500.0,497.0,1.4747774480712166,500,334,3.0,tp,87,57,1.8125168599946044,17.875370919881306
futures,ES,momentum,short,30283,30284,30292,2025-02-11 15:00:00+00:00,2025-02-11 15:15:00+00:00,2025-02-11 17:15:00+00:00,6072.5,6072.75,-1.0,-4.0,-0.0132013201320132,300,300,3.0,signal,8,39,2.031980319803197,5.5379537953795355
forex,NZDUSD,momentum,long,31706,31707,31728,2025-02-12 03:30:00+00:00,2025-02-12 03:45:00+00:00,2025-02-12 09:00:00+00:00,0.56590003,0.56390003,-20.0,-22.0,-1.0,75,20,2.0,sl,21,108,1.9253945717088852,18.886440909091085
futures,CL,momentum,long,30453,30454,30654,2025-02-12 08:15:00+00:00,2025-02-12 08:30:00+00:00,2025-02-14 12:30:00+00:00,72.69,71.77,-92.00000000000016,-95.00000000000016,-0.3135313531353141,500,300,3.0,signal,200,38,1.5358004827031346,2.1980198019801858
futures,6C,momentum,long,30541,30542,30551,2025-02-12 09:00:00+00:00,2025-02-12 09:15:00+00:00,2025-02-12 11:30:00+00:00,0.69985,0.70055,14.00000000000068,11.00000000000068,0.0541871921182299,50,200,3.0,signal,9,36,4.262411347517758,2.266009852216767
forex,NZDUSD,momentum,short,31737,31738,31747,2025-02-12 11:15:00+00:00,2025-02-12 11:30:00+00:00,2025-02-12 13:45:00+00:00,0.56440002,0.56120002,31.999999999999805,29.999999999999805,1.3636363636363549,75,20,2.0,signal,9,108,1.8237836770527427,17.63644090909107
futures,SI,momentum,short,30335,30336,30948,2025-02-12 13:45:00+00:00,2025-02-12 14:00:00+00:00,2025-02-21 08:30:00+00:00,32.42,33.135,-142.99999999999926,-145.99999999999926,-0.2902584493041735,500,500,3.0,signal,612,35,2.2587499999999956,2.001988071570568
futures,NQ,mean_reversion,long,30383,30384,30385,2025-02-12 17:15:00+00:00,2025-02-12 17:30:00+00:00,2025-02-12 17:45:00+00:00,21786.25,21823.75,150.0,147.0,0.2922465208747515,150,500,3.0,tp,1,30,1.8220128904313344,3.2962226640159056
futures,ES,mean_reversion,long,30402,30403,30415,2025-02-12 21:45:00+00:00,2025-02-12 23:00:00+00:00,2025-02-13 02:00:00+00:00,6079.75,6083.5,15.0,12.0,0.0238568588469184,500,500,3.0,signal,12,12,1.6716867469879504,0.44333996023856764
forex,NZDUSD,momentum,long,31820,31821,31866,2025-02-13 08:00:00+00:00,2025-02-13 08:15:00+00:00,2025-02-13 19:30:00+00:00,0.56400001,0.56660002,26.000099999999858,24.000099999999858,1.0909136363636298,75,20,2.0,signal,45,108,1.8641225733785334,18.500059090909218
futures,6A,momentum,long,30620,30621,30666,2025-02-13 08:00:00+00:00,2025-02-13 08:15:00+00:00,2025-02-13 19:30:00+00:00,0.62745,0.6306,63.00000000000194,60.00000000000194,0.1192842942345963,200,500,3.0,signal,45,53,2.980842911877385,2.055666003976126
futures,NQ,momentum,long,30439,30440,30464,2025-02-13 08:15:00+00:00,2025-02-13 08:30:00+00:00,2025-02-13 14:30:00+00:00,21790.25,21915.25,500.0,497.0,1.4747774480712166,500,334,3.0,tp,24,58,1.8795521985432961,19.35014836795252
futures,ES,momentum,short,30462,30463,30835,2025-02-13 13:45:00+00:00,2025-02-13 14:00:00+00:00,2025-02-19 19:00:00+00:00,6084.5,6159.5,-300.0,-303.0,-1.0,300,300,3.0,sl,372,40,2.0269938650306742,5.5247524752475226
futures,CL,momentum,long,30659,30660,30816,2025-02-14 13:45:00+00:00,2025-02-14 14:00:00+00:00,2025-02-18 09:30:00+00:00,71.46,71.75,29.000000000000625,26.000000000000625,0.0858085808580878,500,300,3.0,signal,156,39,1.4267563527653184,1.8844884488448717
futures,6A,momentum,long,30868,30869,30883,2025-02-18 01:00:00+00:00,2025-02-18 01:15:00+00:00,2025-02-18 04:45:00+00:00,0.63445,0.63575,26.000000000001577,23.000000000001577,0.0457256461232635,200,500,3.0,signal,14,54,3.0957854406130214,2.1749502982107223
futures,GC,momentum,short,30742,30743,30781,2025-02-18 03:00:00+00:00,2025-02-18 03:15:00+00:00,2025-02-18 12:45:00+00:00,2921.6,2932.6,-110.0,-113.0,-1.0,300,110,3.0,sl,38,17,1.960809102402022,6.725663716814153
forex,NZDUSD,momentum,short,32103,32104,32110,2025-02-18 06:45:00+00:00,2025-02-18 07:00:00+00:00,2025-02-18 08:30:00+00:00,0.57120001,0.5711,1.000099999999282,-0.999900000000718,-0.0454500000000326,75,20,2.0,signal,6,109,1.915078253798576,19.59097272727285
futures,6A,momentum,long,30915,30916,30968,2025-02-18 12:45:00+00:00,2025-02-18 13:00:00+00:00,2025-02-19 03:00:00+00:00,0.63475,0.6364,32.999999999998586,29.999999999998582,0.0596421471172934,200,500,3.0,signal,52,55,3.1398467432950166,2.2206759443339856
futures,NQ,momentum,long,30724,30725,30727,2025-02-18 14:30:00+00:00,2025-02-18 14:45:00+00:00,2025-02-18 15:15:00+00:00,22221.5,22138.0,-334.0,-337.0,-1.0,500,334,3.0,sl,2,57,1.8324790936066895,18.314540059347177
forex,GBPUSD,momentum,long,32091,32092,32106,2025-02-18 18:00:00+00:00,2025-02-18 18:15:00+00:00,2025-02-18 21:45:00+00:00,1.2596,1.2616,20.0,18.0,0.2337662337662337,20,75,2.0,tp,14,81,2.0965794768611716,7.077922077922112
forex,GBPUSD,momentum,long,32121,32122,32143,2025-02-19 01:30:00+00:00,2025-02-19 01:45:00+00:00,2025-02-19 07:00:00+00:00,1.2611,1.2631,20.0,18.0,0.2337662337662337,20,75,2.0,tp,21,82,2.1327967806841093,7.311688311688346
forex,NZDUSD,momentum,short,32181,32182,32196,2025-02-19 02:15:00+00:00,2025-02-19 02:30:00+00:00,2025-02-19 06:00:00+00:00,0.57090002,0.57290002,-20.0,-22.0,-1.0,75,20,2.0,sl,14,109,2.0044491170432694,20.545522727272818
forex,USDJPY,mean_reversion,short,32113,32114,32121,2025-02-19 03:00:00+00:00,2025-02-19 03:15:00+00:00,2025-02-19 05:00:00+00:00,151.95,151.77,17.99999999999784,15.99999999999784,0.0529801324503239,100,300,2.0,signal,7,10,2.499987373737396,0.49171771523178964
futures,6J,momentum,short,30977,30978,31552,2025-02-19 03:15:00+00:00,2025-02-19 03:30:00+00:00,2025-02-27 09:00:00+00:00,0.0065995,0.0066915,-184.0000000000001,-187.0000000000001,-0.6171617161716176,100,300,3.0,signal,574,19,2.290410958904105,1.5544554455445487
forex,GBPUSD,momentum,long,32154,32155,32245,2025-02-19 09:45:00+00:00,2025-02-19 10:00:00+00:00,2025-02-20 08:30:00+00:00,1.2605,1.2612,7.0000000000014495,5.0000000000014495,0.0649350649350837,20,75,2.0,signal,90,83,2.169014084507047,7.5454545454545805
forex,NZDUSD,momentum,long,32213,32214,32235,2025-02-19 10:15:00+00:00,2025-02-19 10:30:00+00:00,2025-02-19 15:45:00+00:00,0.57190001,0.57200003,1.0001999999997846,-0.9998000000002154,-0.0454454545454643,75,20,2.0,signal,21,110,1.9110212851965513,19.545522727272818
futures,NQ,momentum,long,30800,30801,30818,2025-02-19 10:30:00+00:00,2025-02-19 10:45:00+00:00,2025-02-19 15:00:00+00:00,22206.5,22123.0,-334.0,-337.0,-1.0,500,334,3.0,sl,17,58,1.7528060895368334,17.314540059347177
futures,NQ,mean_reversion,long,30823,30824,30829,2025-02-19 16:15:00+00:00,2025-02-19 16:30:00+00:00,2025-02-19 17:45:00+00:00,22218.0,22255.5,150.0,147.0,0.2922465208747515,150,500,3.0,tp,5,31,1.8948934060485878,3.588469184890657
futures,NQ,momentum,short,30823,30824,30909,2025-02-19 16:15:00+00:00,2025-02-19 16:30:00+00:00,2025-02-20 14:45:00+00:00,22218.0,22093.0,500.0,497.0,1.4747774480712166,500,334,3.0,tp,85,59,1.6797725024727985,16.314540059347177
futures,ES,mean_reversion,short,30831,30832,30911,2025-02-19 18:00:00+00:00,2025-02-19 18:15:00+00:00,2025-02-20 15:00:00+00:00,6143.25,6116.75,106.0,103.0,0.2047713717693837,500,500,3.0,signal,79,13,1.7078313253012032,0.46719681908548605
futures,NQ,mean_reversion,short,30842,30843,30855,2025-02-19 21:00:00+00:00,2025-02-19 21:15:00+00:00,2025-02-20 01:15:00+00:00,22217.0,22179.5,150.0,147.0,0.2922465208747515,150,500,3.0,tp,12,31,1.8948934060485878,3.588469184890657
futures,6A,momentum,short,31050,31051,31056,2025-02-20 00:30:00+00:00,2025-02-20 00:45:00+00:00,2025-02-20 02:00:00+00:00,0.6354,0.63345,39.00000000000014,36.00000000000014,0.0715705765407557,200,500,3.0,signal,5,56,3.19731800766283,2.280318091451279
forex,NZDUSD,momentum,short,32271,32272,32276,2025-02-20 00:45:00+00:00,2025-02-20 01:00:00+00:00,2025-02-20 02:00:00+00:00,0.57080001,0.56959999,12.000200000000794,10.000200000000794,0.4545545454545815,75,20,2.0,signal,4,111,1.9069818722737812,19.500077272727353
futures,CL,momentum,long,30997,30998,31002,2025-02-20 08:45:00+00:00,2025-02-20 09:00:00+00:00,2025-02-20 10:00:00+00:00,71.95,72.18,23.0000000000004,20.0000000000004,0.0660066006600673,500,300,3.0,signal,4,39,1.8695652173913015,2.9702970297029596
futures,ES,momentum,long,30898,30899,31014,2025-02-20 11:45:00+00:00,2025-02-20 12:00:00+00:00,2025-02-21 17:45:00+00:00,6144.0,6069.0,-300.0,-303.0,-1.0,300,300,3.0,sl,115,40,1.6461458872219341,4.12211221122112
futures,NG,momentum,long,31028,31029,31039,2025-02-20 16:00:00+00:00,2025-02-20 16:15:00+00:00,2025-02-20 18:45:00+00:00,4.094,4.14,45.999999999999375,42.999999999999375,0.1419141914191398,500,300,3.0,signal,10,36,2.6177847113884467,3.4224422442244067
futures,6C,momentum,long,31209,31210,31572,2025-02-21 15:00:00+00:00,2025-02-21 15:15:00+00:00,2025-02-27 13:45:00+00:00,0.7052,0.6952,-200.0,-203.0,-1.0,50,200,3.0,sl,362,36,4.191489361702163,2.21674876847293
forex,GBPUSD,momentum,long,32369,32370,32378,2025-02-21 15:30:00+00:00,2025-02-21 15:45:00+00:00,2025-02-21 17:45:00+00:00,1.263,1.265,20.0,18.0,0.2337662337662337,20,75,2.0,tp,8,84,2.179074446680088,7.610389610389664
forex,NZDUSD,momentum,long,32426,32427,32455,2025-02-21 15:30:00+00:00,2025-02-21 15:45:00+00:00,2025-02-23 22:45:00+00:00,0.5747,0.57489997,1.9997000000004928,-0.0002999999995072,-1.3636363613965909e-05,75,20,2.0,signal,28,112,1.9281239799137113,19.954631818181934
futures,6A,momentum,long,31202,31203,31865,2025-02-21 15:30:00+00:00,2025-02-21 15:45:00+00:00,2025-03-04 20:15:00+00:00,0.6372,0.6254,-236.00000000000065,-239.00000000000065,-0.4751491053677945,200,500,3.0,signal,662,57,3.2662835249042095,2.3518886679920343
forex,GBPUSD,momentum,long,32433,32434,32548,2025-02-24 07:30:00+00:00,2025-02-24 07:45:00+00:00,2025-02-25 12:15:00+00:00,1.2641,1.2661,20.0,18.0,0.2337662337662337,20,75,2.0,tp,114,85,2.2152917505030256,7.844155844155898
forex,NZDUSD,momentum,long,32490,32491,32552,2025-02-24 07:30:00+00:00,2025-02-24 07:45:00+00:00,2025-02-24 23:00:00+00:00,0.57480001,0.57280001,-20.0,-22.0,-1.0,75,20,2.0,sl,61,112,1.90275296274098,19.40916818181831
gold_spot,XAUUSD,mean_reversion,short,31191,31192,31194,2025-02-24 10:30:00+00:00,2025-02-24 10:45:00+00:00,2025-02-24 11:15:00+00:00,2938.175,2941.175,-300.0,-311.0,-1.0,1097,300,11.0,sl,2,12,1.7214056040422825,5.049839228295979
futures,GC,momentum,long,31157,31158,31240,2025-02-24 14:45:00+00:00,2025-02-24 15:00:00+00:00,2025-02-25 12:30:00+00:00,2953.3,2942.3,-110.0,-113.0,-1.0,300,110,3.0,sl,82,18,1.7157079646017692,5.725663716814153
gold_spot,XAUUSD,mean_reversion,long,31276,31277,31277,2025-02-25 08:45:00+00:00,2025-02-25 09:00:00+00:00,2025-02-25 09:00:00+00:00,2941.595,2938.595,-300.0,-311.0,-1.0,1097,300,11.0,sl,0,13,1.5062299035369973,4.049839228295979
futures,NG,momentum,short,31286,31287,31394,2025-02-25 11:30:00+00:00,2025-02-25 11:45:00+00:00,2025-02-26 15:30:00+00:00,4.024,3.984,40.00000000000004,37.00000000000004,0.1221122112211222,500,300,3.0,signal,107,35,2.6966824644549683,3.5445544554455286
gold_spot,XAUUSD,mean_reversion,long,31296,31297,31300,2025-02-25 13:45:00+00:00,2025-02-25 14:00:00+00:00,2025-02-25 14:45:00+00:00,2937.57,2934.57,-300.0,-311.0,-1.0,1097,300,11.0,sl,3,14,1.3388710253662197,3.049839228295979
forex,GBPUSD,momentum,long,32565,32566,32573,2025-02-25 16:30:00+00:00,2025-02-25 16:45:00+00:00,2025-02-25 18:30:00+00:00,1.2653,1.2662,8.999999999999009,6.999999999999009,0.090909090909078,20,75,2.0,signal,7,83,2.152917505030192,7.4415584415585165
forex,NZDUSD,momentum,short,32649,32650,32656,2025-02-25 23:15:00+00:00,2025-02-25 23:30:00+00:00,2025-02-26 01:00:00+00:00,0.57319999,0.57260001,5.9997999999994445,3.999799999999445,0.1818090909090656,75,20,2.0,signal,6,112,1.7949527221744717,17.886418181818314
forex,GBPUSD,momentum,long,32605,32606,32624,2025-02-26 02:30:00+00:00,2025-02-26 02:45:00+00:00,2025-02-26 07:15:00+00:00,1.2654,1.2655,0.99999999999989,-1.00000000000011,-0.0129870129870144,20,75,2.0,signal,18,84,2.167002012072443,7.532467532467595
futures,ES,momentum,short,31279,31280,31291,2025-02-26 15:00:00+00:00,2025-02-26 15:15:00+00:00,2025-02-26 18:00:00+00:00,6014.0,5983.75,121.0,118.0,0.3894389438943894,300,300,3.0,signal,11,39,1.393559928443649,2.904290429042902
futures,SI,momentum,short,31253,31254,31339,2025-02-26 15:45:00+00:00,2025-02-26 16:00:00+00:00,2025-02-27 14:45:00+00:00,32.205,31.92,56.99999999999932,53.99999999999932,0.1073558648111318,500,500,3.0,signal,85,31,2.0632258064516105,1.6381709741550634
futures,6E,mean_reversion,short,31492,31493,31507,2025-02-26 17:45:00+00:00,2025-02-26 18:00:00+00:00,2025-02-26 21:30:00+00:00,1.05015,1.049,22.999999999999687,19.999999999999687,0.0660066006600649,100,300,3.0,signal,14,11,1.5030487804878163,0.5445544554455607
futures,CL,momentum,short,31461,31462,31679,2025-02-27 09:45:00+00:00,2025-02-27 10:00:00+00:00,2025-03-03 18:15:00+00:00,69.31,68.31,100.0,97.0,0.3201320132013201,500,300,3.0,signal,217,40,1.8888888888888864,3.036303630363027
forex,GBPUSD,momentum,long,32745,32746,32798,2025-02-27 13:30:00+00:00,2025-02-27 13:45:00+00:00,2025-02-28 02:45:00+00:00,1.266,1.2585,-75.0,-77.0,-1.0,20,75,2.0,sl,52,84,2.1265060240963938,7.285714285714347
futures,ES,momentum,long,31366,31367,31389,2025-02-27 13:45:00+00:00,2025-02-27 14:00:00+00:00,2025-02-27 19:30:00+00:00,5986.0,5911.0,-300.0,-303.0,-1.0,300,300,3.0,sl,22,40,1.4463327370304109,3.2937293729372916
forex,GBPUSD,momentum,short,32879,32880,32931,2025-03-02 23:00:00+00:00,2025-03-02 23:15:00+00:00,2025-03-03 12:00:00+00:00,1.2601,1.2676,-75.0,-77.0,-1.0,20,75,2.0,sl,51,82,1.7530434782608764,5.6233766233766795
futures,6E,mean_reversion,long,31735,31736,31743,2025-03-03 09:30:00+00:00,2025-03-03 09:45:00+00:00,2025-03-03 11:30:00+00:00,1.0424,1.04575,66.99999999999928,63.99999999999928,0.2112211221122088,100,300,3.0,signal,7,12,1.5640243902439124,0.6105610561056256
futures,NG,momentum,short,31658,31659,31751,2025-03-03 12:30:00+00:00,2025-03-03 12:45:00+00:00,2025-03-04 12:45:00+00:00,3.874,4.174,-300.0,-303.0,-1.0,500,300,3.0,sl,92,34,2.6887835703001506,3.5280528052805136
forex,NZDUSD,momentum,short,32996,32997,33008,2025-03-03 14:00:00+00:00,2025-03-03 14:15:00+00:00,2025-03-03 17:00:00+00:00,0.56160003,0.56360003,-20.0,-22.0,-1.0,75,20,2.0,sl,11,109,1.8319266722269294,17.88640454545464
forex,NZDUSD,momentum,long,33014,33015,33021,2025-03-03 18:30:00+00:00,2025-03-03 18:45:00+00:00,2025-03-03 20:15:00+00:00,0.56269997,0.56069997,-20.0,-22.0,-1.0,75,20,2.0,sl,6,110,1.7505076267753836,16.88640454545464
futures,6C,momentum,short,31827,31828,31852,2025-03-04 08:30:00+00:00,2025-03-04 08:45:00+00:00,2025-03-04 14:45:00+00:00,0.69285,0.69125,31.999999999998696,28.999999999998696,0.1428571428571364,50,200,3.0,signal,24,34,1.5319767441860588,0.9014778325123349
forex,NZDUSD,momentum,short,33072,33073,33086,2025-03-04 09:00:00+00:00,2025-03-04 09:15:00+00:00,2025-03-04 12:30:00+00:00,0.56220001,0.56420001,-20.0,-22.0,-1.0,75,20,2.0,sl,13,110,1.7505076267753836,16.88640454545464
forex,NZDUSD,momentum,long,33090,33091,33097,2025-03-04 13:30:00+00:00,2025-03-04 13:45:00+00:00,2025-03-04 15:15:00+00:00,0.56290001,0.56090001,-20.0,-22.0,-1.0,75,20,2.0,sl,6,111,1.6760178684892375,15.886404545454639
futures,SI,momentum,long,31613,31614,31704,2025-03-04 15:15:00+00:00,2025-03-04 15:30:00+00:00,2025-03-05 15:00:00+00:00,32.12,32.885,153.0000000000001,150.0000000000001,0.2982107355864813,500,500,3.0,signal,90,32,2.132903225806448,1.745526838966195
futures,NQ,momentum,short,31747,31748,31749,2025-03-05 17:15:00+00:00,2025-03-05 17:30:00+00:00,2025-03-05 17:45:00+00:00,20472.5,20556.0,-334.0,-337.0,-1.0,500,334,3.0,sl,1,52,1.8629080118694357,17.25816023738872
futures,NQ,mean_reversion,long,31748,31749,31749,2025-03-05 17:30:00+00:00,2025-03-05 17:45:00+00:00,2025-03-05 17:45:00+00:00,20495.5,20533.0,150.0,147.0,0.2922465208747515,150,500,3.0,tp,0,29,1.749132374814081,3.0039761431411542
futures,NQ,mean_reversion,long,31832,31833,31835,2025-03-06 15:30:00+00:00,2025-03-06 15:45:00+00:00,2025-03-06 16:15:00+00:00,20493.5,20368.5,-500.0,-503.0,-1.0,150,500,3.0,sl,2,30,1.8220128904313344,3.2962226640159056
futures,NQ,momentum,short,31832,31833,31835,2025-03-06 15:30:00+00:00,2025-03-06 15:45:00+00:00,2025-03-06 16:15:00+00:00,20493.5,20368.5,500.0,497.0,1.4747774480712166,500,334,3.0,tp,2,53,1.7741981065423198,16.25816023738872
futures,6A,momentum,long,32065,32066,32404,2025-03-07 01:15:00+00:00,2025-03-07 01:30:00+00:00,2025-03-12 16:00:00+00:00,0.6318,0.63055,-24.999999999999467,-27.999999999999467,-0.055666003976142,200,500,3.0,signal,338,49,1.9933862433862322,1.493041749502963
futures,CL,momentum,short,32005,32006,32416,2025-03-07 07:45:00+00:00,2025-03-07 08:00:00+00:00,2025-03-13 17:30:00+00:00,66.87,66.54,32.99999999999983,29.99999999999983,0.0990099009900984,500,300,3.0,signal,410,39,1.8057971014492726,2.7524752475247425
forex,NZDUSD,momentum,long,33368,33369,33379,2025-03-07 11:00:00+00:00,2025-03-07 11:15:00+00:00,2025-03-07 13:45:00+00:00,0.57190001,0.57230002,4.000100000000062,2.000100000000062,0.0909136363636391,75,20,2.0,signal,10,109,1.5324696961685536,13.045495454545579
futures,6J,momentum,long,32140,32141,32160,2025-03-07 18:00:00+00:00,2025-03-07 18:15:00+00:00,2025-03-09 23:00:00+00:00,0.0067675,0.0067865,37.99999999999984,34.999999999999844,0.115511551155115,100,300,3.0,signal,19,20,1.5144927536231851,0.9372937293729311
futures,ZN,mean_reversion,long,31974,31975,32021,2025-03-09 22:00:00+00:00,2025-03-09 22:15:00+00:00,2025-03-10 09:45:00+00:00,110.90625,110.96875,4.0,1.0,0.0188679245283018,15,50,3.0,signal,46,18,5.846153846153849,1.1886792452830182
forex,NZDUSD,momentum,short,33424,33425,33432,2025-03-10 01:00:00+00:00,2025-03-10 01:15:00+00:00,2025-03-10 03:00:00+00:00,0.5722,0.57090002,12.999800000000894,10.999800000000894,0.4999909090909497,75,20,2.0,signal,7,109,1.523193991831166,12.818240909091049
forex,GBPUSD,momentum,long,33394,33395,33403,2025-03-10 07:45:00+00:00,2025-03-10 08:00:00+00:00,2025-03-10 10:00:00+00:00,1.2897,1.291,12.999999999998568,10.999999999998568,0.1428571428571242,20,75,2.0,signal,8,79,1.7069565217391378,5.2792207792208385
forex,GBPUSD,momentum,short,33486,33487,33605,2025-03-11 06:45:00+00:00,2025-03-11 07:00:00+00:00,2025-03-12 12:30:00+00:00,1.2894,1.2969000000000002,-75.0,-77.0,-1.0,20,75,2.0,sl,118,80,1.726086956521744,5.422077922077963
futures,6J,momentum,long,32291,32292,32626,2025-03-11 08:45:00+00:00,2025-03-11 09:00:00+00:00,2025-03-17 01:15:00+00:00,0.0067935,0.006791,-4.999999999999797,-7.999999999999797,-0.0264026402640257,100,300,3.0,signal,334,20,1.7775510204081593,1.2574257425742508
futures,NG,momentum,long,32218,32219,32229,2025-03-11 13:30:00+00:00,2025-03-11 13:45:00+00:00,2025-03-11 16:15:00+00:00,4.463,4.473,9.999999999999789,6.999999999999787,0.0231023102310224,500,300,3.0,signal,10,34,1.7852564102564052,2.4257425742574106
forex,NZDUSD,momentum,long,33597,33598,33650,2025-03-11 20:15:00+00:00,2025-03-11 20:30:00+00:00,2025-03-12 09:30:00+00:00,0.57120001,0.57190001,7.000000000000339,5.000000000000339,0.2272727272727427,75,20,2.0,signal,52,106,1.5029041614160201,11.81823636363647
forex,NZDUSD,momentum,long,33652,33653,33665,2025-03-12 10:00:00+00:00,2025-03-12 10:15:00+00:00,2025-03-12 13:15:00+00:00,0.57099998,0.57139999,4.000100000000062,2.000100000000062,0.0909136363636391,75,20,2.0,signal,12,107,1.5125753506531476,12.045509090909212
forex,GBPUSD,momentum,long,33612,33613,33615,2025-03-12 14:15:00+00:00,2025-03-12 14:30:00+00:00,2025-03-12 15:00:00+00:00,1.293,1.295,20.0,18.0,0.2337662337662337,20,75,2.0,tp,2,80,1.5023006134969363,4.253246753246787
futures,ES,mean_reversion,long,32219,32220,32389,2025-03-12 19:00:00+00:00,2025-03-12 19:15:00+00:00,2025-03-14 15:30:00+00:00,5615.75,5621.25,22.0,19.0,0.0377733598409542,500,500,3.0,signal,169,13,1.8644578313253,0.5705765407554663
futures,6A,momentum,long,32456,32457,32574,2025-03-13 06:00:00+00:00,2025-03-13 06:15:00+00:00,2025-03-14 12:30:00+00:00,0.62965,0.63195,45.999999999999375,42.999999999999375,0.08548707753479,200,500,3.0,signal,117,49,1.871173469387746,1.35785288270376
forex,GBPUSD,momentum,long,33689,33690,33701,2025-03-13 09:30:00+00:00,2025-03-13 09:45:00+00:00,2025-03-13 12:30:00+00:00,1.2946,1.2966,20.0,18.0,0.2337662337662337,20,75,2.0,tp,11,81,1.5299079754601266,4.487012987013021
futures,NQ,momentum,short,32273,32274,32282,2025-03-13 09:45:00+00:00,2025-03-13 10:00:00+00:00,2025-03-13 12:00:00+00:00,19605.5,19480.5,500.0,497.0,1.4747774480712166,500,334,3.0,tp,8,52,1.703970609015119,14.783382789317502
futures,6B,mean_reversion,short,32526,32527,32541,2025-03-14 01:00:00+00:00,2025-03-14 01:15:00+00:00,2025-03-14 04:45:00+00:00,1.2945,1.2938,6.999999999999229,3.999999999999229,0.0197044334975331,100,200,3.0,signal,14,25,1.3789473684210285,0.532019704433464
forex,NZDUSD,momentum,short,33810,33811,33838,2025-03-14 01:30:00+00:00,2025-03-14 01:45:00+00:00,2025-03-14 08:30:00+00:00,0.57099998,0.57299998,-20.0,-22.0,-1.0,75,20,2.0,sl,27,108,1.5164440197717832,12.136422727272851
futures,6B,mean_reversion,long,32545,32546,32652,2025-03-14 05:45:00+00:00,2025-03-14 06:00:00+00:00,2025-03-17 10:15:00+00:00,1.2947,1.2955,8.00000000000134,5.000000000001339,0.0246305418719277,100,200,3.0,signal,106,26,1.392982456140324,0.5517241379309972
futures,6E,mean_reversion,long,32564,32565,32572,2025-03-14 08:45:00+00:00,2025-03-14 09:00:00+00:00,2025-03-14 10:45:00+00:00,1.08545,1.09045,100.0,97.0,0.3201320132013201,100,300,3.0,tp,7,13,1.7591463414634212,0.8217821782178344
forex,NZDUSD,momentum,long,33843,33844,33853,2025-03-14 09:45:00+00:00,2025-03-14 10:00:00+00:00,2025-03-14 12:15:00+00:00,0.57190001,0.5733,13.999900000000176,11.999900000000176,0.545450000000008,75,20,2.0,signal,9,109,1.4545482880781933,11.136422727272851
forex,GBPUSD,momentum,short,33789,33790,33810,2025-03-14 10:30:00+00:00,2025-03-14 10:45:00+00:00,2025-03-14 15:45:00+00:00,1.2941,1.2921,20.0,18.0,0.2337662337662337,20,75,2.0,tp,20,82,1.5575153374233168,4.720779220779255
futures,6C,momentum,short,32581,32582,32762,2025-03-14 12:45:00+00:00,2025-03-14 13:00:00+00:00,2025-03-18 12:15:00+00:00,0.694,0.704,-200.0,-203.0,-1.0,50,200,3.0,sl,180,34,1.572674418604659,0.9704433497537066
futures,6E,mean_reversion,short,32584,32585,32845,2025-03-14 13:45:00+00:00,2025-03-14 14:00:00+00:00,2025-03-19 11:15:00+00:00,1.08745,1.0952,-154.9999999999985,-157.9999999999985,-0.5214521452145164,100,300,3.0,signal,260,14,2.0548780487804925,1.1419141914191546
forex,GBPUSD,momentum,short,33871,33872,34084,2025-03-17 08:00:00+00:00,2025-03-17 08:15:00+00:00,2025-03-19 13:15:00+00:00,1.2943,1.2963,-20.000000000000018,-22.000000000000018,-0.2857142857142859,20,75,2.0,signal,212,82,1.7973913043478305,5.954545454545489
futures,NG,momentum,long,32581,32582,32756,2025-03-17 12:15:00+00:00,2025-03-17 12:30:00+00:00,2025-03-19 10:00:00+00:00,4.121,4.118,-3.0000000000001137,-6.000000000000114,-0.0198019801980201,500,300,3.0,signal,174,34,1.7965738758029928,2.45544554455444
futures,CL,momentum,long,32589,32590,32655,2025-03-17 14:45:00+00:00,2025-03-17 15:00:00+00:00,2025-03-18 08:15:00+00:00,67.42,68.21,78.9999999999992,75.9999999999992,0.2508250825082482,500,300,3.0,signal,65,37,2.4863387978142035,3.590759075907577
futures,6B,momentum,long,32750,32751,32769,2025-03-18 11:45:00+00:00,2025-03-18 12:00:00+00:00,2025-03-18 16:30:00+00:00,1.2965,1.2992,26.999999999999247,23.999999999999247,0.2330097087378567,30,100,3.0,signal,18,29,1.307926829268315,0.9805825242719107
futures,ZN,mean_reversion,long,32589,32590,32606,2025-03-18 13:45:00+00:00,2025-03-18 14:00:00+00:00,2025-03-18 18:00:00+00:00,110.65625,110.84375,12.0,9.0,0.1698113207547169,15,50,3.0,signal,16,19,5.923076923076926,1.20754716981132
futures,SI,momentum,long,32532,32533,32614,2025-03-18 14:00:00+00:00,2025-03-18 14:15:00+00:00,2025-03-19 11:30:00+00:00,34.545,34.62,14.999999999999147,11.999999999999147,0.0238568588469167,500,500,3.0,signal,81,29,2.387283236994215,1.9085487077534706
futures,6A,momentum,long,32826,32827,33210,2025-03-19 06:45:00+00:00,2025-03-19 07:00:00+00:00,2025-03-25 10:45:00+00:00,0.63535,0.6315,-77.0000000000004,-80.0000000000004,-0.159045725646124,200,500,3.0,signal,383,49,1.8915816326530526,1.3896620278329856
futures,6J,momentum,short,32834,32835,32841,2025-03-19 07:15:00+00:00,2025-03-19 07:30:00+00:00,2025-03-19 09:00:00+00:00,0.006758,0.006748,20.00000000000092,17.00000000000092,0.0561056105610591,100,300,3.0,signal,6,20,1.6405622489959777,1.0528052805280421
futures,6B,mean_reversion,long,32841,32842,32872,2025-03-19 11:30:00+00:00,2025-03-19 11:45:00+00:00,2025-03-19 19:15:00+00:00,1.2976,1.2996,20.000000000000018,17.000000000000018,0.0837438423645321,100,200,3.0,signal,30,27,1.4105263157894512,0.5763546798029249
futures,NQ,momentum,long,32670,32671,32676,2025-03-19 17:00:00+00:00,2025-03-19 17:15:00+00:00,2025-03-19 18:30:00+00:00,19612.75,19737.75,500.0,497.0,1.4747774480712166,500,334,3.0,tp,5,51,1.789169139465875,15.783382789317502
forex,GBPUSD,momentum,short,34104,34105,34157,2025-03-19 18:15:00+00:00,2025-03-19 18:30:00+00:00,2025-03-20 07:30:00+00:00,1.2984,1.2964,20.0,18.0,0.2337662337662337,20,75,2.0,tp,52,83,1.7311557788944767,5.668831168831203
futures,SI,momentum,short,32642,32643,32702,2025-03-19 18:30:00+00:00,2025-03-19 18:45:00+00:00,2025-03-20 10:30:00+00:00,34.48,33.805,134.99999999999943,131.99999999999943,0.2624254473161022,500,500,3.0,signal,59,30,2.4046242774566413,1.9324055666003874
futures,CL,momentum,long,32845,32846,32854,2025-03-20 09:45:00+00:00,2025-03-20 10:00:00+00:00,2025-03-20 12:00:00+00:00,67.06,67.23,17.00000000000017,14.00000000000017,0.0462046204620467,500,300,3.0,signal,8,36,2.4153005464480812,3.4191419141914015
forex,GBPUSD,momentum,short,34175,34176,34177,2025-03-20 12:00:00+00:00,2025-03-20 12:15:00+00:00,2025-03-20 12:30:00+00:00,1.2973,1.2953,20.0,18.0,0.2337662337662337,20,75,2.0,tp,1,84,1.7613065326633208,5.902597402597437
forex,NZDUSD,momentum,short,34282,34283,34294,2025-03-21 00:30:00+00:00,2025-03-21 00:45:00+00:00,2025-03-21 03:30:00+00:00,0.57660002,0.5751,15.000200000000463,13.000200000000463,0.5909181818182029,75,20,2.0,signal,11,106,1.3933235559587744,9.636418181818277
futures,6J,momentum,short,33034,33035,33075,2025-03-21 11:15:00+00:00,2025-03-21 11:30:00+00:00,2025-03-23 22:30:00+00:00,0.006776,0.0067475,56.99999999999976,53.99999999999976,0.1782178217821774,100,300,3.0,signal,40,21,1.6746987951807184,1.1089108910891012
forex,NZDUSD,momentum,short,34328,34329,34333,2025-03-21 12:00:00+00:00,2025-03-21 12:15:00+00:00,2025-03-21 13:15:00+00:00,0.5765,0.57529998,12.000199999999683,10.000199999999683,0.454554545454531,75,20,2.0,signal,4,107,1.4174426877947048,10.22733636363648
futures,CL,momentum,long,32952,32953,32958,2025-03-21 13:30:00+00:00,2025-03-21 13:45:00+00:00,2025-03-21 15:00:00+00:00,67.73,68.32,58.99999999999892,55.99999999999892,0.1848184818481812,500,300,3.0,signal,5,37,2.434426229508191,3.465346534653448
futures,NQ,momentum,short,32845,32846,32853,2025-03-21 14:45:00+00:00,2025-03-21 15:00:00+00:00,2025-03-21 16:45:00+00:00,19794.0,19877.5,-334.0,-337.0,-1.0,500,334,3.0,sl,7,52,1.8629080118694357,17.25816023738872
forex,GBPUSD,momentum,short,34340,34341,34371,2025-03-24 06:15:00+00:00,2025-03-24 06:30:00+00:00,2025-03-24 14:00:00+00:00,1.2936,1.2918,18.000000000000238,16.000000000000238,0.2077922077922109,20,75,2.0,signal,30,84,1.7889447236180973,6.116883116883171
futures,6B,mean_reversion,short,33117,33118,33127,2025-03-24 11:30:00+00:00,2025-03-24 11:45:00+00:00,2025-03-24 14:00:00+00:00,1.2946,1.2916,29.99999999999892,26.99999999999892,0.133004926108369,100,200,3.0,signal,9,28,1.4701754385964687,0.660098522167457
futures,6B,momentum,long,33117,33118,33392,2025-03-24 11:30:00+00:00,2025-03-24 11:45:00+00:00,2025-03-27 11:15:00+00:00,1.2946,1.2941,-4.999999999999449,-7.999999999999449,-0.077669902912616,30,100,3.0,signal,274,29,1.3853211009174524,1.2233009708738474
futures,NG,mean_reversion,long,33044,33045,33342,2025-03-24 13:00:00+00:00,2025-03-24 13:15:00+00:00,2025-03-27 18:30:00+00:00,3.991,3.919,-72.00000000000006,-75.00000000000006,-0.2475247524752477,500,300,3.0,signal,297,26,2.1412151067323513,2.293729372937298
futures,NG,momentum,short,33044,33045,33050,2025-03-24 13:00:00+00:00,2025-03-24 13:15:00+00:00,2025-03-24 14:30:00+00:00,3.991,3.931,60.00000000000005,57.00000000000005,0.1881188118811882,500,300,3.0,signal,5,33,1.7308510638297823,2.2673267326732516
futures,6C,mean_reversion,short,33148,33149,33409,2025-03-24 16:45:00+00:00,2025-03-24 17:00:00+00:00,2025-03-27 13:00:00+00:00,0.70135,0.7023,-19.000000000000128,-22.000000000000128,-0.1083743842364538,75,200,3.0,signal,260,22,1.3123359580052227,0.5862068965516812
forex,GBPUSD,momentum,short,34390,34391,34441,2025-03-24 18:45:00+00:00,2025-03-24 19:00:00+00:00,2025-03-25 07:30:00+00:00,1.2927,1.2907,20.0,18.0,0.2337662337662337,20,75,2.0,tp,50,84,1.8341793570220029,6.402597402597454
futures,NG,momentum,short,33091,33092,33135,2025-03-25 01:45:00+00:00,2025-03-25 02:00:00+00:00,2025-03-25 12:45:00+00:00,3.946,3.925,21.00000000000035,18.00000000000035,0.0594059405940605,500,300,3.0,signal,43,34,1.7914893617021228,2.45544554455444
futures,SI,momentum,short,32971,32972,33358,2025-03-25 08:45:00+00:00,2025-03-25 09:00:00+00:00,2025-03-31 13:30:00+00:00,33.765,34.49,-145.00000000000028,-148.00000000000028,-0.2942345924453286,500,500,3.0,signal,386,30,2.7294832826747664,2.262425447316092
forex,GBPUSD,momentum,short,34449,34450,34537,2025-03-25 09:30:00+00:00,2025-03-25 09:45:00+00:00,2025-03-26 07:30:00+00:00,1.2924,1.2904,20.0,18.0,0.2337662337662337,20,75,2.0,tp,87,85,1.864636209813881,6.636363636363688
futures,6B,mean_reversion,short,33219,33220,33284,2025-03-25 14:00:00+00:00,2025-03-25 14:15:00+00:00,2025-03-26 07:15:00+00:00,1.2934,1.2925,9.00000000000123,6.000000000001229,0.0295566502463114,100,200,3.0,signal,64,28,1.6766917293232824,0.8866995073891287
forex,NZDUSD,momentum,long,34524,34525,34578,2025-03-25 14:00:00+00:00,2025-03-25 14:15:00+00:00,2025-03-26 03:30:00+00:00,0.57340002,0.57450002,10.9999999999999,8.999999999999899,0.4090909090909045,75,20,2.0,signal,53,105,1.4603524761629394,10.818272727272834
futures,NG,momentum,short,33176,33177,33215,2025-03-26 00:00:00+00:00,2025-03-26 00:15:00+00:00,2025-03-26 09:45:00+00:00,3.911,3.904,7.000000000000117,4.000000000000117,0.0132013201320135,500,300,3.0,signal,38,34,1.7085106382978679,2.198019801980184
futures,6A,momentum,long,33262,33263,33269,2025-03-26 00:45:00+00:00,2025-03-26 01:00:00+00:00,2025-03-26 02:30:00+00:00,0.6294,0.63075,27.000000000001467,24.000000000001467,0.0477137176938399,200,500,3.0,signal,6,47,1.7832512315270872,1.2644135188866654
futures,GC,mean_reversion,short,33162,33163,33164,2025-03-26 09:00:00+00:00,2025-03-26 09:15:00+00:00,2025-03-26 09:30:00+00:00,3026.1,3023.1,30.0,27.0,0.2621359223300971,30,100,3.0,tp,1,10,2.359223300970873,1.3592233009708732
futures,NG,momentum,short,33228,33229,33249,2025-03-26 13:00:00+00:00,2025-03-26 13:15:00+00:00,2025-03-26 18:15:00+00:00,3.912,3.868,44.00000000000004,41.00000000000004,0.1353135313531354,500,300,3.0,signal,20,35,1.7127659574468044,2.2112211221121973
futures,6A,momentum,long,33314,33315,33414,2025-03-26 13:45:00+00:00,2025-03-26 14:00:00+00:00,2025-03-27 15:45:00+00:00,0.63105,0.63185,16.00000000000046,13.000000000000458,0.0258449304174959,200,500,3.0,signal,99,48,1.8128078817733946,1.3121272365805052
futures,ZN,mean_reversion,long,33173,33174,33281,2025-03-26 22:45:00+00:00,2025-03-26 23:00:00+00:00,2025-03-28 02:45:00+00:00,110.640625,110.578125,-4.0,-7.0,-0.1320754716981132,15,50,3.0,signal,107,20,6.6153846153846185,1.377358490566037
futures,6J,momentum,short,33362,33363,33393,2025-03-27 01:15:00+00:00,2025-03-27 01:30:00+00:00,2025-03-27 09:00:00+00:00,0.006718,0.0066975,40.999999999999375,37.999999999999375,0.1254125412541233,100,300,3.0,signal,30,21,1.5883534136546136,0.9669966996699586
forex,GBPUSD,momentum,short,34611,34612,34633,2025-03-27 02:00:00+00:00,2025-03-27 02:15:00+00:00,2025-03-27 07:30:00+00:00,1.2909,1.2905,3.99999999999956,1.9999999999995597,0.0259740259740202,20,75,2.0,signal,21,84,1.8341793570220029,6.402597402597454
futures,6B,mean_reversion,long,33381,33382,33390,2025-03-27 08:30:00+00:00,2025-03-27 08:45:00+00:00,2025-03-27 10:45:00+00:00,1.2918,1.2924,5.999999999999339,2.999999999999339,0.0147783251231494,100,200,3.0,signal,8,29,1.6992481203007306,0.9162561576354401
forex,GBPUSD,momentum,long,34658,34659,34662,2025-03-27 13:45:00+00:00,2025-03-27 14:00:00+00:00,2025-03-27 14:45:00+00:00,1.2928,1.2948,20.0,18.0,0.2337662337662337,20,75,2.0,tp,3,85,1.8375634517766553,6.428571428571474
futures,6A,momentum,short,33475,33476,33502,2025-03-28 08:00:00+00:00,2025-03-28 08:15:00+00:00,2025-03-28 14:45:00+00:00,0.6301,0.62995,2.9999999999996696,-3.3040237212844664e-13,-6.568635628796155e-16,200,500,3.0,signal,26,49,1.8288177339901437,1.3379721669980011
forex,GBPUSD,momentum,long,34733,34734,34751,2025-03-28 08:30:00+00:00,2025-03-28 08:45:00+00:00,2025-03-28 13:00:00+00:00,1.2946,1.2944,-1.99999999999978,-3.99999999999978,-0.051948051948049,20,75,2.0,signal,17,86,1.8680203045685333,6.662337662337708
forex,NZDUSD,momentum,short,34806,34807,34815,2025-03-28 12:30:00+00:00,2025-03-28 12:45:00+00:00,2025-03-28 14:45:00+00:00,0.57230002,0.57249999,-1.9996999999993823,-3.9996999999993834,-0.1818045454545173,75,20,2.0,signal,8,106,1.4777606167897677,11.227363636363739
futures,CL,momentum,long,33412,33413,33506,2025-03-28 13:30:00+00:00,2025-03-28 13:45:00+00:00,2025-03-31 14:00:00+00:00,69.72,70.43,71.0000000000008,68.0000000000008,0.224422442244227,500,300,3.0,signal,93,36,2.3073770491803183,3.1584158415841337
futures,NG,momentum,long,33415,33416,33421,2025-03-28 13:45:00+00:00,2025-03-28 14:00:00+00:00,2025-03-28 15:15:00+00:00,3.878,3.926,48.00000000000004,45.00000000000004,0.1485148514851486,500,300,3.0,signal,5,36,1.7563829787234002,2.3465346534653326
futures,6B,mean_reversion,short,33505,33506,33588,2025-03-28 16:30:00+00:00,2025-03-28 16:45:00+00:00,2025-03-31 14:15:00+00:00,1.2943,1.2926,17.000000000000348,14.000000000000348,0.068965517241381,100,200,3.0,signal,82,30,1.71052631578945,0.9310344827585895
forex,GBPUSD,momentum,long,34783,34784,34791,2025-03-30 22:00:00+00:00,2025-03-30 22:15:00+00:00,2025-03-31 00:00:00+00:00,1.2924,1.2944,20.0,18.0,0.2337662337662337,20,75,2.0,tp,7,85,1.7949579831932834,6.142857142857191
forex,NZDUSD,momentum,short,34876,34877,34879,2025-03-31 07:00:00+00:00,2025-03-31 07:15:00+00:00,2025-03-31 07:45:00+00:00,0.57179999,0.56999999,18.000000000000238,16.000000000000238,0.7272727272727381,75,20,2.0,signal,2,106,1.5310675848778963,12.045559090909222
forex,GBPUSD,momentum,long,34823,34824,34836,2025-03-31 08:00:00+00:00,2025-03-31 08:15:00+00:00,2025-03-31 11:15:00+00:00,1.2947,1.2945,-1.99999999999978,-3.99999999999978,-0.051948051948049,20,75,2.0,signal,12,86,1.8252100840336196,6.376623376623425
futures,6B,mean_reversion,long,33657,33658,33758,2025-04-01 08:30:00+00:00,2025-04-01 08:45:00+00:00,2025-04-02 10:45:00+00:00,1.2925,1.2935,10.00000000000112,7.000000000001119,0.0344827586206951,100,200,3.0,signal,100,31,1.7631578947368194,0.9999999999999705
forex,GBPUSD,momentum,short,34922,34923,34931,2025-04-01 08:45:00+00:00,2025-04-01 09:00:00+00:00,2025-04-01 11:00:00+00:00,1.2926,1.2908,18.000000000000238,16.000000000000238,0.2077922077922109,20,75,2.0,signal,8,87,1.8130217028380704,6.324675324675376
futures,6B,momentum,short,33658,33659,33667,2025-04-01 08:45:00+00:00,2025-04-01 09:00:00+00:00,2025-04-01 11:00:00+00:00,1.2925,1.2907,18.000000000000238,15.000000000000238,0.1456310679611673,30,100,3.0,signal,8,30,1.3522388059701722,1.1456310679612314
futures,ES,mean_reversion,long,33483,33484,33494,2025-04-01 13:00:00+00:00,2025-04-01 13:15:00+00:00,2025-04-01 15:45:00+00:00,5642.25,5676.0,135.0,132.0,0.2624254473161034,500,500,3.0,signal,10,13,1.8162650602409627,0.5387673956262415
forex,NZDUSD,momentum,short,35000,35001,35018,2025-04-01 14:00:00+00:00,2025-04-01 14:15:00+00:00,2025-04-01 18:30:00+00:00,0.5686,0.56910002,-5.000200000000454,-7.000200000000454,-0.3181909090909297,75,20,2.0,signal,17,107,1.5631317645399085,12.77283181818196
futures,6A,momentum,short,33685,33686,33808,2025-04-01 14:30:00+00:00,2025-04-01 14:45:00+00:00,2025-04-02 23:15:00+00:00,0.62755,0.6256,39.00000000000014,36.00000000000014,0.0715705765407557,200,500,3.0,signal,122,48,1.7081280788177293,1.1431411530815005
futures,NQ,momentum,short,33489,33490,33491,2025-04-01 14:45:00+00:00,2025-04-01 15:00:00+00:00,2025-04-01 15:15:00+00:00,19515.75,19599.25,-334.0,-337.0,-1.0,500,334,3.0,sl,1,47,1.6824925816023737,12.967359050445097
forex,GBPUSD,momentum,short,34946,34947,34986,2025-04-01 14:45:00+00:00,2025-04-01 15:00:00+00:00,2025-04-02 00:45:00+00:00,1.2922,1.2912,10.00000000000112,8.000000000001119,0.1038961038961184,20,75,2.0,signal,39,88,1.8397328881469188,6.532467532467587
futures,6B,momentum,short,33682,33683,33796,2025-04-01 14:45:00+00:00,2025-04-01 15:00:00+00:00,2025-04-02 20:15:00+00:00,1.292,1.302,-100.0,-103.0,-1.0,30,100,3.0,sl,113,31,1.397014925373158,1.2912621359223986
futures,NQ,momentum,long,33502,33503,33509,2025-04-01 18:00:00+00:00,2025-04-01 18:15:00+00:00,2025-04-01 19:45:00+00:00,19443.0,19547.5,418.0,415.0,1.231454005934718,500,334,3.0,signal,6,48,1.598367952522255,11.967359050445097
futures,6A,mean_reversion,short,33722,33723,33803,2025-04-02 00:45:00+00:00,2025-04-02 01:00:00+00:00,2025-04-02 22:00:00+00:00,0.6281,0.6256,50.0,47.0,0.2315270935960591,50,200,3.0,tp,80,20,1.662037037037042,0.7044334975369555
forex,GBPUSD,momentum,short,34992,34993,35011,2025-04-02 02:15:00+00:00,2025-04-02 02:30:00+00:00,2025-04-02 07:00:00+00:00,1.2928,1.2908,20.0,18.0,0.2337662337662337,20,75,2.0,tp,18,89,1.8530884808013448,6.636363636363705
futures,SI,momentum,short,33521,33522,33539,2025-04-02 08:15:00+00:00,2025-04-02 08:30:00+00:00,2025-04-02 12:45:00+00:00,34.655,34.52,26.9999999999996,23.9999999999996,0.0477137176938361,500,500,3.0,signal,17,30,2.2996158770806585,2.0178926441351765
forex,GBPUSD,momentum,short,35020,35021,35063,2025-04-02 09:15:00+00:00,2025-04-02 09:30:00+00:00,2025-04-02 20:00:00+00:00,1.2929,1.3004,-75.0,-77.0,-1.0,20,75,2.0,sl,42,90,1.883138564273799,6.870129870129939
futures,NG,momentum,short,33686,33687,33872,2025-04-02 12:30:00+00:00,2025-04-02 12:45:00+00:00,2025-04-04 13:00:00+00:00,4.011,3.982,28.999999999999915,25.999999999999915,0.0858085808580855,500,300,3.0,signal,185,35,1.753191489361698,2.3366336633663236
futures,ES,mean_reversion,long,33577,33578,33585,2025-04-02 13:30:00+00:00,2025-04-02 13:45:00+00:00,2025-04-02 15:30:00+00:00,5651.75,5698.0,185.0,182.0,0.3618290258449304,500,500,3.0,signal,7,14,2.2138554216867457,0.8011928429423449
futures,NQ,mean_reversion,long,33576,33577,33577,2025-04-02 13:30:00+00:00,2025-04-02 13:45:00+00:00,2025-04-02 13:45:00+00:00,19530.25,19567.75,150.0,147.0,0.2922465208747515,150,500,3.0,tp,0,24,3.0534124629080126,4.1272365805169
futures,NQ,momentum,short,33576,33577,33578,2025-04-02 13:30:00+00:00,2025-04-02 13:45:00+00:00,2025-04-02 14:00:00+00:00,19530.25,19613.75,-334.0,-337.0,-1.0,500,334,3.0,sl,1,49,1.659940652818991,13.198813056379816
forex,NZDUSD,momentum,long,35154,35155,35158,2025-04-03 04:30:00+00:00,2025-04-03 04:45:00+00:00,2025-04-03 05:30:00+00:00,0.5733,0.57539999,20.999899999999403,18.999899999999403,0.863631818181791,75,20,2.0,signal,3,108,1.541506768585105,12.45464090909103
forex,GBPUSD,momentum,long,35201,35202,35207,2025-04-04 06:30:00+00:00,2025-04-04 06:45:00+00:00,2025-04-04 08:00:00+00:00,1.3067,1.2992,-75.0,-77.0,-1.0,20,75,2.0,sl,5,91,1.6686390532544462,5.870129870129939
forex,GBPUSD,momentum,short,35216,35217,35218,2025-04-04 10:15:00+00:00,2025-04-04 10:30:00+00:00,2025-04-04 10:45:00+00:00,1.303,1.301,20.0,18.0,0.2337662337662337,20,75,2.0,tp,1,92,1.4980079681274976,4.870129870129939
futures,GC,momentum,short,33813,33814,33814,2025-04-04 10:45:00+00:00,2025-04-04 11:00:00+00:00,2025-04-04 11:00:00+00:00,3132.4,3143.4,-110.0,-113.0,-1.0,300,110,3.0,sl,0,17,1.5353982300884956,4.283185840707966
futures,CL,momentum,short,33966,33967,33972,2025-04-07 14:00:00+00:00,2025-04-07 14:15:00+00:00,2025-04-07 15:30:00+00:00,63.18,60.48,270.0000000000003,267.0000000000003,0.8811881188118821,500,300,3.0,signal,5,36,2.18032786885245,2.851485148514829
futures,NQ,momentum,short,33854,33855,33855,2025-04-07 14:00:00+00:00,2025-04-07 14:15:00+00:00,2025-04-07 14:15:00+00:00,17955.0,18038.5,-334.0,-337.0,-1.0,500,334,3.0,same_bar_sl,0,48,1.74730595033578,14.198813056379816
futures,NQ,momentum,short,33869,33870,33870,2025-04-07 17:45:00+00:00,2025-04-07 18:00:00+00:00,2025-04-07 18:00:00+00:00,17784.75,17659.75,500.0,497.0,1.4747774480712166,500,334,3.0,tp,0,49,1.659940652818991,13.198813056379816
forex,NZDUSD,momentum,short,35466,35467,35474,2025-04-08 12:30:00+00:00,2025-04-08 12:45:00+00:00,2025-04-08 14:30:00+00:00,0.56150001,0.56029999,12.000200000000794,10.000200000000794,0.4545545454545815,75,20,2.0,signal,7,109,1.579056022596077,13.31827272727282
forex,GBPUSD,momentum,short,35458,35459,35485,2025-04-09 00:45:00+00:00,2025-04-09 01:00:00+00:00,2025-04-09 07:30:00+00:00,1.2816,1.2796,20.0,18.0,0.2337662337662337,20,75,2.0,tp,26,90,1.4648074369189967,4.545454545454598
futures,6B,mean_reversion,short,34199,34200,34208,2025-04-09 06:00:00+00:00,2025-04-09 06:15:00+00:00,2025-04-09 08:15:00+00:00,1.2828,1.28,27.999999999999137,24.999999999999137,0.1231527093596016,100,200,3.0,signal,8,32,1.789473684210508,1.0344827586206655
futures,6A,momentum,short,34205,34206,34239,2025-04-09 06:30:00+00:00,2025-04-09 06:45:00+00:00,2025-04-09 15:00:00+00:00,0.59985,0.60025,-7.999999999999119,-10.99999999999912,-0.0218687872763401,200,500,3.0,signal,33,46,1.6280788177339893,1.0139165009940323
futures,NQ,momentum,short,34010,34011,34011,2025-04-09 07:00:00+00:00,2025-04-09 07:15:00+00:00,2025-04-09 07:15:00+00:00,17319.5,17194.5,500.0,497.0,1.4747774480712166,500,334,3.0,tp,0,49,1.6909495548961424,13.818991097922844
forex,GBPUSD,momentum,long,35487,35488,35489,2025-04-09 08:00:00+00:00,2025-04-09 08:15:00+00:00,2025-04-09 08:30:00+00:00,1.2799,1.2819,20.0,18.0,0.2337662337662337,20,75,2.0,tp,1,90,1.4648074369189967,4.545454545454598
forex,NZDUSD,momentum,short,35561,35562,35570,2025-04-09 12:15:00+00:00,2025-04-09 12:30:00+00:00,2025-04-09 14:30:00+00:00,0.55760002,0.55669999,9.000299999999406,7.000299999999406,0.3181954545454275,75,20,2.0,signal,8,108,1.5711510725111564,13.136459090909186
futures,NQ,mean_reversion,long,34036,34037,34037,2025-04-09 13:30:00+00:00,2025-04-09 13:45:00+00:00,2025-04-09 13:45:00+00:00,17366.0,17403.5,150.0,147.0,0.2922465208747515,150,500,3.0,tp,0,25,3.198813056379823,4.419483101391652
futures,NQ,momentum,short,34036,34037,34037,2025-04-09 13:30:00+00:00,2025-04-09 13:45:00+00:00,2025-04-09 13:45:00+00:00,17366.0,17449.5,-334.0,-337.0,-1.0,500,334,3.0,sl,0,50,1.7646884272997032,15.29376854599406
forex,GBPUSD,momentum,short,35528,35529,35578,2025-04-09 18:15:00+00:00,2025-04-09 18:30:00+00:00,2025-04-10 06:45:00+00:00,1.2801,1.2876,-75.0,-77.0,-1.0,20,75,2.0,sl,49,91,1.4887118193891162,4.779220779220832
futures,6B,mean_reversion,long,34248,34249,34269,2025-04-09 18:15:00+00:00,2025-04-09 18:30:00+00:00,2025-04-10 00:30:00+00:00,1.2802,1.2838,36.00000000000048,33.00000000000048,0.1625615763546821,100,200,3.0,signal,20,32,1.8646616541353116,1.1330049261083395
futures,6J,momentum,short,34309,34310,34370,2025-04-10 08:00:00+00:00,2025-04-10 08:15:00+00:00,2025-04-11 00:15:00+00:00,0.006886,0.007036,-300.0,-303.0,-1.0,100,300,3.0,sl,60,21,1.469879518072283,0.7722772277227619
futures,NG,momentum,long,34236,34237,34240,2025-04-10 12:00:00+00:00,2025-04-10 12:15:00+00:00,2025-04-10 13:00:00+00:00,3.671,3.739,68.00000000000006,65.00000000000006,0.2145214521452147,500,300,3.0,signal,3,35,2.6279434850863357,3.422442244224409
futures,NG,mean_reversion,short,34244,34245,34252,2025-04-10 14:00:00+00:00,2025-04-10 14:15:00+00:00,2025-04-10 16:00:00+00:00,3.658,3.557,100.99999999999996,97.99999999999996,0.3234323432343233,500,300,3.0,signal,7,24,1.6196769456681372,1.3927392739273958
futures,NQ,momentum,long,34137,34138,34138,2025-04-10 15:45:00+00:00,2025-04-10 16:00:00+00:00,2025-04-10 16:00:00+00:00,18278.25,18194.75,-334.0,-337.0,-1.0,500,334,3.0,sl,0,50,1.6104281475201356,12.818991097922844
futures,SI,momentum,long,34105,34106,34193,2025-04-10 16:15:00+00:00,2025-04-10 16:30:00+00:00,2025-04-11 15:15:00+00:00,30.655,32.08,284.99999999999943,281.99999999999943,0.5606361829025833,500,500,3.0,signal,87,30,2.2061459667093404,1.8727634194830898
futures,CL,momentum,long,34314,34315,34349,2025-04-11 09:00:00+00:00,2025-04-11 09:15:00+00:00,2025-04-11 17:45:00+00:00,59.93,61.54,160.99999999999994,157.99999999999994,0.5214521452145212,500,300,3.0,signal,34,36,4.342657342657333,4.732673267326711
futures,CL,momentum,long,34433,34434,34444,2025-04-14 15:45:00+00:00,2025-04-14 16:00:00+00:00,2025-04-14 18:30:00+00:00,61.03,61.58,54.99999999999972,51.99999999999972,0.1716171617161706,500,300,3.0,signal,10,37,4.7109557109557025,5.254125412541232
futures,NQ,momentum,long,34321,34322,34322,2025-04-14 15:45:00+00:00,2025-04-14 16:00:00+00:00,2025-04-14 16:00:00+00:00,18829.25,18745.75,-334.0,-337.0,-1.0,500,334,3.0,sl,0,50,1.6104281475201356,12.818991097922844
futures,NQ,momentum,long,34339,34340,34378,2025-04-14 20:15:00+00:00,2025-04-14 20:30:00+00:00,2025-04-15 07:00:00+00:00,18844.25,18969.25,500.0,497.0,1.4747774480712166,500,334,3.0,tp,38,51,1.5372268680874022,11.818991097922844
futures,CL,momentum,long,34523,34524,34612,2025-04-15 15:15:00+00:00,2025-04-15 15:30:00+00:00,2025-04-16 14:30:00+00:00,61.17,62.67,150.0,147.0,0.4851485148514851,500,300,3.0,signal,88,37,4.701631701631695,5.240924092409222
futures,6J,mean_reversion,short,34679,34680,34777,2025-04-16 08:30:00+00:00,2025-04-16 08:45:00+00:00,2025-04-17 10:00:00+00:00,0.0070525,0.0070505,3.999999999998797,0.9999999999987964,0.0049261083743783,200,200,3.0,signal,97,17,1.7982832618025921,0.916256157635484
futures,NQ,mean_reversion,long,34476,34477,34481,2025-04-16 08:30:00+00:00,2025-04-16 08:45:00+00:00,2025-04-16 09:45:00+00:00,18805.25,18680.25,-500.0,-503.0,-1.0,150,500,3.0,sl,4,24,3.0534124629080126,4.1272365805169
futures,NQ,momentum,short,34476,34477,34481,2025-04-16 08:30:00+00:00,2025-04-16 08:45:00+00:00,2025-04-16 09:45:00+00:00,18805.25,18680.25,500.0,497.0,1.4747774480712166,500,334,3.0,tp,4,49,1.5769393810936836,12.115727002967354
futures,NQ,momentum,short,34503,34504,34505,2025-04-16 15:15:00+00:00,2025-04-16 15:30:00+00:00,2025-04-16 15:45:00+00:00,18709.25,18584.25,500.0,497.0,1.4747774480712166,500,334,3.0,tp,1,50,1.6471668786208842,13.590504451038571
futures,6A,momentum,long,34710,34711,34783,2025-04-16 17:45:00+00:00,2025-04-16 18:00:00+00:00,2025-04-17 13:00:00+00:00,0.6362,0.6385,45.999999999999375,42.999999999999375,0.08548707753479,200,500,3.0,signal,72,45,1.557715674362092,0.9125248508946319
forex,GBPUSD,momentum,long,36026,36027,36036,2025-04-17 00:15:00+00:00,2025-04-17 00:30:00+00:00,2025-04-17 02:45:00+00:00,1.3217,1.32289,11.899999999998023,9.899999999998023,0.1285714285714029,20,75,2.0,signal,9,89,1.3305186972255791,3.558441558441616
futures,SI,momentum,long,34505,34506,34516,2025-04-17 01:15:00+00:00,2025-04-17 01:30:00+00:00,2025-04-17 04:00:00+00:00,32.395,32.62,44.99999999999886,41.99999999999886,0.0834990059642124,500,500,3.0,signal,10,28,2.306017925736228,2.027833001988058
forex,GBPUSD,momentum,long,36068,36069,36076,2025-04-17 10:45:00+00:00,2025-04-17 11:00:00+00:00,2025-04-17 12:45:00+00:00,1.32228,1.32428,20.0,18.0,0.2337662337662337,20,75,2.0,tp,7,90,1.3424607961399313,3.6870129870130186
futures,6B,mean_reversion,short,34770,34771,34994,2025-04-17 10:45:00+00:00,2025-04-17 11:00:00+00:00,2025-04-22 20:45:00+00:00,1.3226,1.333,-103.99999999999964,-106.99999999999964,-0.5270935960591115,100,200,3.0,signal,223,32,1.9774436090225336,1.2807881773398722
futures,GC,momentum,long,34655,34656,34656,2025-04-17 14:15:00+00:00,2025-04-17 14:30:00+00:00,2025-04-17 14:30:00+00:00,3316.7,3305.7,-110.0,-113.0,-1.0,300,110,3.0,sl,0,18,1.3026548672566363,3.026548672566365
futures,6A,momentum,long,34790,34791,34838,2025-04-17 14:45:00+00:00,2025-04-17 15:00:00+00:00,2025-04-21 03:45:00+00:00,0.63705,0.64245,107.9999999999992,104.9999999999992,0.2087475149105352,200,500,3.0,signal,47,46,1.609963547995141,0.9980119284294219
futures,6A,mean_reversion,short,34790,34791,34970,2025-04-17 14:45:00+00:00,2025-04-17 15:00:00+00:00,2025-04-22 13:45:00+00:00,0.63705,0.6387,-33.0000000000008,-36.0000000000008,-0.1773399014778364,50,200,3.0,signal,179,21,1.8796296296296333,0.9359605911330147
forex,GBPUSD,momentum,long,36154,36155,36172,2025-04-18 08:15:00+00:00,2025-04-18 08:30:00+00:00,2025-04-18 12:45:00+00:00,1.32614,1.32814,20.0,18.0,0.2337662337662337,20,75,2.0,tp,17,91,1.3641737032569399,3.9207792207792522
forex,NZDUSD,momentum,short,36250,36251,36269,2025-04-18 18:00:00+00:00,2025-04-18 18:15:00+00:00,2025-04-21 00:00:00+00:00,0.59414178,0.59614178,-20.0,-22.0,-1.0,75,20,2.0,sl,18,100,1.7083386513227896,14.681909090909175
futures,SI,momentum,long,34647,34648,34744,2025-04-21 13:45:00+00:00,2025-04-21 14:00:00+00:00,2025-04-22 15:00:00+00:00,32.775,32.96,37.000000000000455,34.000000000000455,0.0675944333996032,500,500,3.0,signal,96,28,2.4905405405405294,2.1928429423459077
futures,NQ,momentum,short,34745,34746,34773,2025-04-22 06:45:00+00:00,2025-04-22 07:00:00+00:00,2025-04-22 13:45:00+00:00,18147.5,18231.0,-334.0,-337.0,-1.0,500,334,3.0,sl,27,50,1.8032640949554892,16.065281899109788
futures,RTY,mean_reversion,short,34776,34777,34801,2025-04-22 14:45:00+00:00,2025-04-22 15:00:00+00:00,2025-04-22 22:00:00+00:00,1871.9,1921.9,-500.0,-503.0,-1.0,500,500,3.0,sl,24,10,2.1809145129224707,1.1809145129224716
forex,GBPUSD,momentum,long,36373,36374,36396,2025-04-22 16:15:00+00:00,2025-04-22 16:30:00+00:00,2025-04-22 22:00:00+00:00,1.33597,1.32847,-75.0,-77.0,-1.0,20,75,2.0,sl,22,89,1.3316043425814261,3.5701298701298887
forex,NZDUSD,momentum,long,36434,36435,36447,2025-04-22 17:15:00+00:00,2025-04-22 17:30:00+00:00,2025-04-22 20:30:00+00:00,0.59862316,0.59662316,-20.0,-22.0,-1.0,75,20,2.0,sl,12,95,1.5418458684257803,11.772818181818282
futures,SI,momentum,long,34761,34762,34835,2025-04-22 19:15:00+00:00,2025-04-22 19:30:00+00:00,2025-04-23 14:45:00+00:00,32.57,33.435,173.0000000000004,170.0000000000004,0.3379721669980127,500,500,3.0,signal,73,29,2.5364864864864756,2.2604373757455107
forex,AUDUSD,mean_reversion,short,36541,36542,36549,2025-04-23 14:45:00+00:00,2025-04-23 15:00:00+00:00,2025-04-23 16:45:00+00:00,0.64127642,0.63731611,39.603099999999664,37.603099999999664,0.2473888157894714,50,150,2.0,signal,7,45,1.8461539101231201,1.3388164473684343
forex,NZDUSD,momentum,short,36568,36569,36575,2025-04-24 02:45:00+00:00,2025-04-24 03:00:00+00:00,2025-04-24 04:30:00+00:00,0.59633845,0.59562808,7.103699999999602,5.103699999999602,0.2319863636363455,75,20,2.0,signal,6,96,1.4740045688054864,10.772818181818282
futures,6A,momentum,short,35127,35128,35315,2025-04-24 07:00:00+00:00,2025-04-24 07:15:00+00:00,2025-04-28 08:00:00+00:00,0.63805,0.63745,12.0000000000009,9.000000000000899,0.0178926441351906,200,500,3.0,signal,187,44,1.626974483596601,1.0258449304174964
futures,CL,momentum,short,35042,35043,35149,2025-04-24 07:00:00+00:00,2025-04-24 07:15:00+00:00,2025-04-25 10:45:00+00:00,62.96,62.2,75.9999999999998,72.9999999999998,0.2409240924092402,500,300,3.0,signal,106,37,5.383084577114415,5.815181518151794
futures,SI,momentum,long,34922,34923,35189,2025-04-24 13:30:00+00:00,2025-04-24 13:45:00+00:00,2025-04-29 12:45:00+00:00,33.17,33.455,56.99999999999932,53.99999999999932,0.1073558648111318,500,500,3.0,signal,266,30,2.7662162162162063,2.598409542743523
forex,GBPUSD,mean_reversion,short,36561,36562,36615,2025-04-24 15:15:00+00:00,2025-04-24 15:30:00+00:00,2025-04-25 04:45:00+00:00,1.33019,1.32876,14.300000000000423,12.300000000000423,0.0608910891089129,100,200,2.0,signal,53,20,1.6690476190475936,0.6955445544554189
forex,NZDUSD,momentum,long,36619,36620,36625,2025-04-24 15:30:00+00:00,2025-04-24 15:45:00+00:00,2025-04-24 17:00:00+00:00,0.59812188,0.59959227,14.703900000000436,12.703900000000436,0.5774500000000198,75,20,2.0,signal,5,97,1.4842119810543803,11.004804545454627
futures,6B,mean_reversion,long,35214,35215,35238,2025-04-25 06:45:00+00:00,2025-04-25 07:00:00+00:00,2025-04-25 12:45:00+00:00,1.3307,1.3325,18.000000000000238,15.000000000000238,0.0738916256157647,100,200,3.0,signal,23,33,1.4101876675603073,0.7536945812807606
futures,6B,mean_reversion,short,35242,35243,35282,2025-04-25 13:45:00+00:00,2025-04-25 14:00:00+00:00,2025-04-28 00:45:00+00:00,1.3309,1.3301,7.999999999999119,4.999999999999119,0.0246305418719168,100,200,3.0,signal,39,34,1.4504021447721043,0.8275862068965253
forex,GBPUSD,mean_reversion,short,36651,36652,36692,2025-04-25 13:45:00+00:00,2025-04-25 14:00:00+00:00,2025-04-28 01:00:00+00:00,1.3309,1.33021,6.900000000000794,4.900000000000794,0.0242574257425781,100,200,2.0,signal,40,21,1.727619047619024,0.7564356435643318
forex,NZDUSD,momentum,short,36709,36710,36715,2025-04-25 14:00:00+00:00,2025-04-25 14:15:00+00:00,2025-04-25 15:30:00+00:00,0.59662312,0.59637403,2.4908999999995185,0.4908999999995185,0.0223136363636144,75,20,2.0,signal,5,98,1.5096198115437778,11.582254545454647
forex,AUDUSD,mean_reversion,long,36769,36770,36789,2025-04-28 01:00:00+00:00,2025-04-28 01:15:00+00:00,2025-04-28 06:00:00+00:00,0.63922274,0.64057398,13.512399999999758,11.512399999999758,0.0757394736842089,50,150,2.0,signal,19,46,2.0025076912649964,1.5862052631579058
forex,AUDUSD,mean_reversion,short,36791,36792,36794,2025-04-28 06:30:00+00:00,2025-04-28 06:45:00+00:00,2025-04-28 07:15:00+00:00,0.63914102,0.63840652,7.344999999999713,5.344999999999713,0.0351644736842086,50,150,2.0,signal,2,47,2.0503762784298236,1.6619447368421147
futures,6A,mean_reversion,short,35309,35310,35313,2025-04-28 06:30:00+00:00,2025-04-28 06:45:00+00:00,2025-04-28 07:30:00+00:00,0.6392,0.6385,14.00000000000068,11.00000000000068,0.0541871921182299,50,200,3.0,signal,3,21,8.285714285713983,1.7586206896551784
forex,GBPUSD,mean_reversion,long,36720,36721,36724,2025-04-28 08:00:00+00:00,2025-04-28 08:15:00+00:00,2025-04-28 09:00:00+00:00,1.33081,1.3331,22.899999999999032,20.899999999999032,0.1034653465346486,100,200,2.0,signal,3,22,1.750952380952361,0.7806930693069098
forex,AUDUSD,mean_reversion,long,36801,36802,36812,2025-04-28 09:00:00+00:00,2025-04-28 09:15:00+00:00,2025-04-28 11:45:00+00:00,0.63923901,0.63992625,6.872399999999779,4.872399999999779,0.0320552631578932,50,150,2.0,signal,10,48,2.0726008014133885,1.6971092105263232
futures,6A,momentum,short,35319,35320,35433,2025-04-28 09:00:00+00:00,2025-04-28 09:15:00+00:00,2025-04-29 14:30:00+00:00,0.6393,0.63805,24.999999999999467,21.999999999999467,0.0437375745526828,200,500,3.0,signal,113,45,1.6379100850546822,1.043737574552687
futures,NQ,mean_reversion,short,35147,35148,35150,2025-04-28 15:15:00+00:00,2025-04-28 15:30:00+00:00,2025-04-28 16:00:00+00:00,19319.5,19282.0,150.0,147.0,0.2922465208747515,150,500,3.0,tp,2,22,1.7476882430647294,2.2504970178926462
futures,6C,mean_reversion,short,35352,35353,35629,2025-04-28 15:45:00+00:00,2025-04-28 16:00:00+00:00,2025-05-01 16:00:00+00:00,0.72335,0.7238,-8.999999999999009,-11.999999999999009,-0.0591133004926059,75,200,3.0,signal,276,20,1.5362776025236222,0.8374384236452747
forex,NZDUSD,momentum,long,36841,36842,36849,2025-04-29 00:15:00+00:00,2025-04-29 00:30:00+00:00,2025-04-29 02:15:00+00:00,0.59640962,0.59865898,22.49359999999978,20.49359999999978,0.9315272727272628,75,20,2.0,signal,7,94,1.6070181232694662,12.581813636363774
forex,AUDUSD,mean_reversion,short,36897,36898,36919,2025-04-29 09:00:00+00:00,2025-04-29 09:15:00+00:00,2025-04-29 14:30:00+00:00,0.64170027,0.63806027,36.39999999999976,34.399999999999764,0.2263157894736826,50,150,2.0,signal,21,49,2.092860252448959,1.7291644736842164
forex,NZDUSD,momentum,long,36876,36877,36895,2025-04-29 09:00:00+00:00,2025-04-29 09:15:00+00:00,2025-04-29 13:45:00+00:00,0.59637403,0.59437403,-20.0,-22.0,-1.0,75,20,2.0,sl,18,95,1.6519602876670507,13.513340909091037
futures,NQ,momentum,long,35230,35231,35233,2025-04-29 13:00:00+00:00,2025-04-29 13:15:00+00:00,2025-04-29 13:45:00+00:00,19401.0,19526.0,500.0,497.0,1.4747774480712166,500,334,3.0,tp,2,48,1.8672497266906134,16.47774480712166
futures,SI,momentum,long,35212,35213,35221,2025-04-29 18:30:00+00:00,2025-04-29 18:45:00+00:00,2025-04-30 00:30:00+00:00,33.01,33.275,53.000000000000114,50.000000000000114,0.0994035785288272,500,500,3.0,signal,8,30,2.7445945945945853,2.566600397614299
futures,6A,momentum,short,35473,35474,35501,2025-04-30 01:30:00+00:00,2025-04-30 01:45:00+00:00,2025-04-30 08:30:00+00:00,0.6407,0.639,34.000000000000696,31.000000000000696,0.0616302186878741,200,500,3.0,signal,27,45,1.6403402187120333,1.0477137176938398
forex,AUDUSD,mean_reversion,short,36985,36986,36991,2025-04-30 07:00:00+00:00,2025-04-30 07:15:00+00:00,2025-04-30 08:30:00+00:00,0.64074636,0.63893682,18.095399999999984,16.095399999999984,0.1058907894736841,50,150,2.0,signal,5,49,2.198473514148225,1.8962697368421104
futures,6A,mean_reversion,short,35495,35496,35501,2025-04-30 07:00:00+00:00,2025-04-30 07:15:00+00:00,2025-04-30 08:30:00+00:00,0.6408,0.639,36.00000000000048,33.00000000000048,0.1625615763546821,50,200,3.0,signal,5,22,8.510204081632354,1.8128078817734083
forex,AUDUSD,mean_reversion,long,36995,36996,37039,2025-04-30 09:30:00+00:00,2025-04-30 09:45:00+00:00,2025-04-30 20:30:00+00:00,0.63995081,0.64075047,7.996599999999798,5.996599999999798,0.0394513157894723,50,150,2.0,signal,43,49,2.2238173705541024,1.9363697368421051
futures,NG,momentum,long,35437,35438,35446,2025-04-30 13:15:00+00:00,2025-04-30 13:30:00+00:00,2025-04-30 15:30:00+00:00,3.315,3.331,16.000000000000014,13.000000000000014,0.0429042904290429,500,300,3.0,signal,8,34,5.194610778443103,4.623762376237611
futures,6A,momentum,short,35526,35527,35625,2025-04-30 14:45:00+00:00,2025-04-30 15:00:00+00:00,2025-05-01 16:30:00+00:00,0.64,0.6372,56.00000000000049,53.00000000000049,0.1053677932405576,200,500,3.0,signal,98,46,1.678007290400977,1.109343936381714
forex,NZDUSD,momentum,short,37035,37036,37054,2025-05-01 00:45:00+00:00,2025-05-01 01:00:00+00:00,2025-05-01 05:30:00+00:00,0.59449494,0.5929088,15.861400000000137,13.861400000000137,0.6300636363636426,75,20,2.0,signal,18,94,1.6300299956535094,13.058786363636505
forex,AUDUSD,mean_reversion,short,37068,37069,37085,2025-05-01 03:45:00+00:00,2025-05-01 04:00:00+00:00,2025-05-01 08:00:00+00:00,0.6412065,0.6386593,25.47199999999972,23.47199999999972,0.1544210526315771,50,150,2.0,signal,16,50,2.2487512479204725,1.9758210526315774
futures,6A,mean_reversion,short,35574,35575,35591,2025-05-01 03:45:00+00:00,2025-05-01 04:00:00+00:00,2025-05-01 08:00:00+00:00,0.6411,0.63885,44.99999999999948,41.99999999999948,0.2068965517241353,50,200,3.0,signal,16,23,9.183673469387434,1.9753694581280905
forex,AUDUSD,mean_reversion,long,37096,37097,37159,2025-05-01 10:45:00+00:00,2025-05-01 11:00:00+00:00,2025-05-02 02:30:00+00:00,0.63966841,0.64143682,17.684100000000534,15.684100000000534,0.1031848684210561,50,150,2.0,signal,62,51,2.3463478809364235,2.1302421052631546
futures,6A,mean_reversion,long,35602,35603,35662,2025-05-01 10:45:00+00:00,2025-05-01 11:00:00+00:00,2025-05-02 02:45:00+00:00,0.6397,0.6415,35.99999999999825,32.99999999999825,0.1625615763546712,50,200,3.0,signal,59,24,10.04081632653024,2.182266009852226
futures,NG,mean_reversion,short,35526,35527,35644,2025-05-01 12:30:00+00:00,2025-05-01 12:45:00+00:00,2025-05-02 19:00:00+00:00,3.362,3.662,-300.0,-303.0,-1.0,500,300,3.0,sl,117,23,1.6945668135095475,1.5610561056105656
futures,SI,momentum,short,35361,35362,35460,2025-05-01 12:30:00+00:00,2025-05-01 12:45:00+00:00,2025-05-02 14:15:00+00:00,32.605,32.4,40.99999999999966,37.99999999999966,0.0755467196819078,500,500,3.0,signal,98,30,2.743243243243235,2.5646123260437244
futures,6A,momentum,short,35652,35653,36004,2025-05-02 00:15:00+00:00,2025-05-02 00:30:00+00:00,2025-05-07 19:15:00+00:00,0.64035,0.64295,-52.00000000000093,-55.00000000000093,-0.1093439363817116,200,500,3.0,signal,351,47,1.7424058323207834,1.2147117296222716
forex,NZDUSD,momentum,long,37159,37160,37166,2025-05-02 07:45:00+00:00,2025-05-02 08:00:00+00:00,2025-05-02 09:30:00+00:00,0.59213644,0.59347183,13.353900000000474,11.353900000000474,0.5160863636363852,75,20,2.0,signal,6,95,1.6604278426682209,13.688850000000148
forex,NZDUSD,momentum,long,37220,37221,37225,2025-05-05 00:00:00+00:00,2025-05-05 00:15:00+00:00,2025-05-05 01:15:00+00:00,0.59474248,0.59708619,23.437099999999987,21.437099999999987,0.9744136363636358,75,20,2.0,signal,4,95,1.6666866228332822,13.818577272727415
futures,SI,momentum,long,35551,35552,35592,2025-05-05 14:00:00+00:00,2025-05-05 14:15:00+00:00,2025-05-06 01:15:00+00:00,32.49,33.22,145.99999999999935,142.99999999999935,0.2842942345924441,500,500,3.0,signal,40,30,2.6986486486486387,2.499005964214696
forex,GBPUSD,mean_reversion,long,37240,37241,37291,2025-05-05 19:00:00+00:00,2025-05-05 19:15:00+00:00,2025-05-06 07:45:00+00:00,1.32949,1.33259,30.999999999998806,28.999999999998806,0.1435643564356376,100,200,2.0,signal,50,23,1.8504761904761662,0.8841584158415584
futures,6B,mean_reversion,long,35815,35816,35862,2025-05-05 19:00:00+00:00,2025-05-05 19:15:00+00:00,2025-05-06 07:45:00+00:00,1.3298,1.3329,30.999999999998806,27.999999999998806,0.1379310344827527,100,200,3.0,signal,46,34,1.404825737265395,0.7438423645319806
futures,NQ,momentum,long,35625,35626,35639,2025-05-05 19:45:00+00:00,2025-05-05 20:00:00+00:00,2025-05-06 00:15:00+00:00,20065.5,19982.0,-334.0,-337.0,-1.0,500,334,3.0,sl,13,46,1.7794783695142897,14.810089020771512
futures,CL,momentum,short,35754,35755,35915,2025-05-06 01:00:00+00:00,2025-05-06 01:15:00+00:00,2025-05-07 18:15:00+00:00,57.74,57.91,-16.99999999999946,-19.99999999999946,-0.0660066006600642,500,300,3.0,signal,160,36,5.087064676616901,5.4224422442244
futures,NG,momentum,long,35795,35796,35805,2025-05-06 10:45:00+00:00,2025-05-06 11:00:00+00:00,2025-05-06 13:15:00+00:00,3.593,3.609,16.000000000000014,13.000000000000014,0.0429042904290429,500,300,3.0,signal,9,33,5.140718562874241,4.564356435643552
futures,NG,momentum,long,35813,35814,35895,2025-05-06 15:15:00+00:00,2025-05-06 15:30:00+00:00,2025-05-07 12:45:00+00:00,3.589,3.608,19.000000000000128,16.000000000000128,0.0528052805280532,500,300,3.0,signal,81,34,5.1796407185628635,4.607260726072595
futures,NQ,momentum,short,35713,35714,35719,2025-05-06 18:45:00+00:00,2025-05-06 19:00:00+00:00,2025-05-06 20:15:00+00:00,19953.75,19828.75,500.0,497.0,1.4747774480712166,500,334,3.0,tp,5,47,1.6905044510385754,13.810089020771512
futures,ES,mean_reversion,long,35714,35715,35735,2025-05-06 18:45:00+00:00,2025-05-06 19:00:00+00:00,2025-05-07 01:00:00+00:00,5648.25,5675.25,108.0,105.0,0.2087475149105367,500,500,3.0,signal,20,14,2.671686746987951,1.1033797216699792
futures,ES,mean_reversion,short,35740,35741,35784,2025-05-07 02:15:00+00:00,2025-05-07 02:30:00+00:00,2025-05-07 13:15:00+00:00,5656.75,5634.5,89.0,86.0,0.1709741550695825,500,500,3.0,signal,43,15,2.9879518072289146,1.3121272365805159
futures,6J,mean_reversion,short,35965,35966,36004,2025-05-07 08:00:00+00:00,2025-05-07 08:15:00+00:00,2025-05-07 17:45:00+00:00,0.007007,0.007001,11.999999999999858,8.999999999999858,0.0443349753694574,200,200,3.0,signal,38,15,1.7124463519313395,0.8177339901477909
futures,NQ,momentum,long,35779,35780,35789,2025-05-07 12:15:00+00:00,2025-05-07 12:30:00+00:00,2025-05-07 14:45:00+00:00,19920.0,19836.5,-334.0,-337.0,-1.0,500,334,3.0,sl,9,48,1.7642433234421362,15.28486646884273
futures,ES,mean_reversion,long,35788,35789,35830,2025-05-07 14:15:00+00:00,2025-05-07 14:30:00+00:00,2025-05-08 01:45:00+00:00,5654.75,5675.5,83.0,80.0,0.1590457256461232,500,500,3.0,signal,41,16,3.2469879518072275,1.4831013916500984
futures,NQ,mean_reversion,long,35808,35809,35809,2025-05-07 19:30:00+00:00,2025-05-07 19:45:00+00:00,2025-05-07 19:45:00+00:00,19984.25,19859.25,-500.0,-503.0,-1.0,150,500,3.0,same_bar_sl,0,23,1.8447820343461034,2.5427435387673976
futures,NQ,momentum,short,35808,35809,35809,2025-05-07 19:30:00+00:00,2025-05-07 19:45:00+00:00,2025-05-07 19:45:00+00:00,19984.25,19859.25,500.0,497.0,1.4747774480712166,500,334,3.0,tp,0,49,1.6802317366115582,14.28486646884273
futures,SI,momentum,short,35777,35778,35795,2025-05-08 01:30:00+00:00,2025-05-08 01:45:00+00:00,2025-05-08 06:00:00+00:00,32.875,32.74,26.9999999999996,23.9999999999996,0.0477137176938361,500,500,3.0,signal,17,30,2.774324324324313,2.6103379721669815
futures,SI,momentum,short,35825,35826,35872,2025-05-08 13:30:00+00:00,2025-05-08 13:45:00+00:00,2025-05-09 02:15:00+00:00,32.82,32.395,84.99999999999943,81.99999999999943,0.1630218687872752,500,500,3.0,signal,46,31,2.806756756756745,2.6580516898608177
futures,NQ,momentum,long,35878,35879,35883,2025-05-08 14:00:00+00:00,2025-05-08 14:15:00+00:00,2025-05-08 15:15:00+00:00,20046.75,20171.75,500.0,497.0,1.4747774480712166,500,334,3.0,tp,4,50,1.7504592341387588,15.759643916913946
futures,NG,momentum,short,36010,36011,36258,2025-05-08 18:30:00+00:00,2025-05-08 18:45:00+00:00,2025-05-13 11:30:00+00:00,3.607,3.643,-35.99999999999959,-38.99999999999959,-0.1287128712871273,500,300,3.0,signal,247,35,5.22754491017963,4.6600660066006485
futures,6A,momentum,short,36164,36165,36246,2025-05-09 13:15:00+00:00,2025-05-09 13:30:00+00:00,2025-05-12 10:45:00+00:00,0.64255,0.6387,76.99999999999818,73.99999999999818,0.1471172962226604,200,500,3.0,signal,81,45,2.3073089700996685,1.5646123260437366
futures,NQ,momentum,long,35971,35972,35998,2025-05-09 14:15:00+00:00,2025-05-09 14:30:00+00:00,2025-05-11 22:00:00+00:00,20134.25,20259.25,500.0,497.0,1.4747774480712166,500,334,3.0,tp,26,51,1.8206867316659596,17.234421364985163
futures,NQ,mean_reversion,short,35972,35973,35981,2025-05-09 14:30:00+00:00,2025-05-09 14:45:00+00:00,2025-05-09 16:45:00+00:00,20110.25,20072.75,150.0,147.0,0.2922465208747515,150,500,3.0,tp,8,24,1.3847297967278138,1.5427435387673976
futures,6C,mean_reversion,long,36187,36188,36382,2025-05-09 17:30:00+00:00,2025-05-09 17:45:00+00:00,2025-05-13 20:15:00+00:00,0.7197,0.7186,-21.9999999999998,-24.9999999999998,-0.1231527093596049,75,200,3.0,signal,194,19,1.3221884498479948,0.5221674876846872
forex,NZDUSD,momentum,short,37691,37692,37697,2025-05-11 23:00:00+00:00,2025-05-11 23:15:00+00:00,2025-05-12 00:30:00+00:00,0.59238195,0.59143603,9.459200000000443,7.459200000000445,0.3390545454545657,75,20,2.0,signal,5,92,1.849383275800893,15.906609090909207
forex,NZDUSD,momentum,long,37715,37716,37720,2025-05-12 05:00:00+00:00,2025-05-12 05:15:00+00:00,2025-05-12 06:15:00+00:00,0.5926277,0.59333098,7.032799999999728,5.032799999999728,0.228763636363624,75,20,2.0,signal,4,93,1.8674881565361572,16.245663636363773
futures,6A,momentum,short,36308,36309,36501,2025-05-13 03:15:00+00:00,2025-05-13 03:30:00+00:00,2025-05-15 05:30:00+00:00,0.6393,0.6425,-63.99999999999961,-66.9999999999996,-0.1332007952286274,200,500,3.0,signal,192,46,2.430232558139533,1.711729622266397
forex,AUDUSD,mean_reversion,short,37844,37845,37984,2025-05-13 08:15:00+00:00,2025-05-13 08:30:00+00:00,2025-05-14 19:15:00+00:00,0.64050829,0.64280987,-23.01580000000025,-25.01580000000025,-0.164577631578949,50,150,2.0,signal,139,52,2.411562406834751,2.2334269736842107
futures,SI,momentum,long,36095,36096,36108,2025-05-13 12:00:00+00:00,2025-05-13 12:15:00+00:00,2025-05-13 15:15:00+00:00,32.875,33.13,51.00000000000051,48.00000000000051,0.0954274353876749,500,500,3.0,signal,12,31,2.8445945945945823,2.71371769383696
futures,NG,momentum,short,36264,36265,36269,2025-05-13 13:00:00+00:00,2025-05-13 13:15:00+00:00,2025-05-13 14:15:00+00:00,3.698,3.622,76.00000000000007,73.00000000000007,0.2409240924092411,500,300,3.0,signal,4,34,4.525469168900801,4.33993399339933
futures,SI,momentum,long,36149,36150,36564,2025-05-14 02:30:00+00:00,2025-05-14 02:45:00+00:00,2025-05-20 14:15:00+00:00,32.8,32.96,32.00000000000074,29.00000000000074,0.0576540755467211,500,500,3.0,signal,414,32,2.9094594594594483,2.8091451292246346
forex,AUDUSD,mean_reversion,long,38005,38006,38137,2025-05-15 00:30:00+00:00,2025-05-15 00:45:00+00:00,2025-05-16 09:30:00+00:00,0.6437782,0.64297932,-7.988799999999463,-9.988799999999465,-0.0657157894736806,50,150,2.0,signal,131,53,2.1843550612223157,2.0688493421052616
futures,6B,mean_reversion,long,36479,36480,36502,2025-05-15 01:00:00+00:00,2025-05-15 01:15:00+00:00,2025-05-15 06:45:00+00:00,1.328,1.3299,19.000000000000128,16.000000000000128,0.0788177339901484,100,200,3.0,signal,22,34,1.4316353887399227,0.7931034482758175
forex,NZDUSD,momentum,short,38008,38009,38014,2025-05-15 06:15:00+00:00,2025-05-15 06:30:00+00:00,2025-05-15 07:45:00+00:00,0.59056282,0.58896279,16.000300000000856,14.000300000000856,0.6363772727273116,75,20,2.0,signal,5,93,1.8712092784601202,16.31535000000012
futures,6A,momentum,short,36506,36507,36511,2025-05-15 06:45:00+00:00,2025-05-15 07:00:00+00:00,2025-05-15 08:00:00+00:00,0.6443,0.64215,42.9999999999997,39.9999999999997,0.079522862823061,200,500,3.0,signal,4,47,2.186846038863975,1.5785288270377695
forex,GBPUSD,mean_reversion,short,37984,37985,38082,2025-05-15 14:15:00+00:00,2025-05-15 14:30:00+00:00,2025-05-16 14:45:00+00:00,1.32783,1.32584,19.900000000001583,17.900000000001583,0.0886138613861464,100,200,2.0,signal,97,23,1.879047619047581,0.9138613861385738
futures,6A,momentum,short,36585,36586,36630,2025-05-16 03:30:00+00:00,2025-05-16 03:45:00+00:00,2025-05-16 14:45:00+00:00,0.64235,0.6398,50.99999999999882,47.99999999999882,0.0954274353876716,200,500,3.0,signal,44,48,2.246636771300447,1.6580516898608306
forex,NZDUSD,momentum,long,38119,38120,38137,2025-05-16 10:00:00+00:00,2025-05-16 10:15:00+00:00,2025-05-16 14:30:00+00:00,0.59049302,0.58849302,-20.0,-22.0,-1.0,75,20,2.0,sl,17,94,1.9051906386271515,16.95172727272743
forex,NZDUSD,momentum,short,38165,38166,38184,2025-05-18 23:00:00+00:00,2025-05-18 23:15:00+00:00,2025-05-19 03:45:00+00:00,0.58906692,0.58917105,-1.0412999999998007,-3.0412999999998007,-0.1382409090909,75,20,2.0,signal,18,93,1.76368262260271,15.065354545454674
forex,GBPUSD,mean_reversion,short,38120,38121,38534,2025-05-19 01:45:00+00:00,2025-05-19 02:00:00+00:00,2025-05-23 09:15:00+00:00,1.32945,1.34945,-200.0,-202.0,-1.0,100,200,2.0,sl,413,24,1.9642857142856838,1.0024752475247203
forex,NZDUSD,momentum,short,38194,38195,38204,2025-05-19 06:15:00+00:00,2025-05-19 06:30:00+00:00,2025-05-19 08:45:00+00:00,0.58941412,0.58920574,2.08380000000008,0.08380000000008,0.0038090909090945,75,20,2.0,signal,9,94,1.751409422509169,14.927113636363774
forex,AUDUSD,mean_reversion,long,38216,38217,38226,2025-05-19 06:45:00+00:00,2025-05-19 07:00:00+00:00,2025-05-19 09:15:00+00:00,0.64145744,0.64442539,29.67949999999941,27.67949999999941,0.1821019736842066,50,150,2.0,signal,9,54,2.1051582786064977,2.003133552631581
futures,6A,momentum,short,36692,36693,36805,2025-05-19 07:15:00+00:00,2025-05-19 07:30:00+00:00,2025-05-20 12:30:00+00:00,0.6428,0.64025,51.00000000000104,48.00000000000104,0.095427435387676,200,500,3.0,signal,112,48,2.255605381165917,1.6699801192842887
futures,NQ,mean_reversion,long,36520,36521,36521,2025-05-19 13:30:00+00:00,2025-05-19 13:45:00+00:00,2025-05-19 13:45:00+00:00,21332.25,21369.75,150.0,147.0,0.2922465208747515,150,500,3.0,tp,0,24,1.3847297967278138,1.5427435387673976
futures,NQ,momentum,short,36520,36521,36522,2025-05-19 13:30:00+00:00,2025-05-19 13:45:00+00:00,2025-05-19 14:00:00+00:00,21332.25,21415.75,-334.0,-337.0,-1.0,500,334,3.0,sl,1,49,1.8930267062314534,17.860534124629076
futures,ZN,mean_reversion,long,36641,36642,36654,2025-05-20 14:45:00+00:00,2025-05-20 15:00:00+00:00,2025-05-20 18:00:00+00:00,110.140625,110.203125,4.0,1.0,0.0188679245283018,15,50,3.0,signal,12,11,2.157894736842105,0.4150943396226411
futures,6A,momentum,short,36821,36822,37237,2025-05-20 16:30:00+00:00,2025-05-20 16:45:00+00:00,2025-05-27 05:30:00+00:00,0.6417,0.6464,-93.99999999999852,-96.99999999999852,-0.1928429423459215,200,500,3.0,signal,415,48,2.3124065769805666,1.7455268389661978
futures,6A,mean_reversion,short,36881,36882,36981,2025-05-21 08:30:00+00:00,2025-05-21 08:45:00+00:00,2025-05-22 10:30:00+00:00,0.6441,0.6421,40.00000000000004,37.00000000000004,0.1822660098522169,50,200,3.0,signal,99,23,9.183673469387367,1.9753694581280743
futures,NQ,momentum,short,36696,36697,36706,2025-05-21 11:30:00+00:00,2025-05-21 11:45:00+00:00,2025-05-21 14:00:00+00:00,21347.5,21431.0,-334.0,-337.0,-1.0,500,334,3.0,sl,9,47,1.7836795252225515,15.673590504451033
futures,CL,momentum,long,36816,36817,37265,2025-05-21 13:30:00+00:00,2025-05-21 13:45:00+00:00,2025-05-28 13:15:00+00:00,62.44,61.82,-61.999999999999744,-64.99999999999974,-0.2145214521452136,500,300,3.0,signal,448,32,4.1303317535545,4.359735973597348
futures,NQ,mean_reversion,long,36707,36708,36709,2025-05-21 14:15:00+00:00,2025-05-21 14:30:00+00:00,2025-05-21 14:45:00+00:00,21383.75,21421.25,150.0,147.0,0.2922465208747515,150,500,3.0,tp,1,23,1.3118492811105604,1.250497017892646
futures,NG,momentum,long,36826,36827,36832,2025-05-21 15:30:00+00:00,2025-05-21 15:45:00+00:00,2025-05-21 17:00:00+00:00,3.344,3.4,56.00000000000005,53.00000000000005,0.1749174917491751,500,300,3.0,signal,5,34,4.579088471849862,4.405940594059396
futures,NG,momentum,long,36839,36840,37033,2025-05-21 18:45:00+00:00,2025-05-21 19:00:00+00:00,2025-05-25 22:15:00+00:00,3.349,3.76,410.9999999999996,407.9999999999996,1.3465346534653453,500,300,3.0,signal,193,35,4.721179624664876,4.580858085808571
futures,6J,momentum,long,36937,36938,36944,2025-05-21 22:00:00+00:00,2025-05-21 22:15:00+00:00,2025-05-21 23:45:00+00:00,0.006955,0.006972,33.99999999999931,30.99999999999931,0.1023102310231,100,300,3.0,signal,6,20,1.4357429718875456,0.7161716171617085
forex,AUDUSD,mean_reversion,short,38505,38506,38519,2025-05-22 07:00:00+00:00,2025-05-22 07:15:00+00:00,2025-05-22 10:30:00+00:00,0.64391917,0.64215761,17.615599999999397,15.615599999999397,0.1027342105263118,50,150,2.0,signal,13,52,1.9969198347614392,1.8069480263157924
futures,SI,momentum,long,36727,36728,36844,2025-05-22 09:00:00+00:00,2025-05-22 09:15:00+00:00,2025-05-23 15:15:00+00:00,33.435,33.425,-2.000000000001023,-5.000000000001023,-0.0099403578528847,500,500,3.0,signal,116,30,2.52972972972972,2.2504970178926285
forex,AUDUSD,mean_reversion,short,38599,38600,38782,2025-05-23 06:30:00+00:00,2025-05-23 06:45:00+00:00,2025-05-27 05:30:00+00:00,0.64315712,0.64660883,-34.517099999999964,-36.51709999999997,-0.2402440789473681,50,150,2.0,signal,182,53,2.053599811545862,1.9096822368421043
futures,NQ,momentum,short,36863,36864,36872,2025-05-23 07:15:00+00:00,2025-05-23 07:30:00+00:00,2025-05-23 09:30:00+00:00,21212.75,21120.5,369.0,366.0,1.086053412462908,500,334,3.0,signal,8,48,1.6987424049738584,14.673590504451033
futures,NQ,momentum,short,36918,36919,36919,2025-05-25 22:00:00+00:00,2025-05-25 22:15:00+00:00,2025-05-25 22:15:00+00:00,21100.75,21184.25,-334.0,-337.0,-1.0,500,334,3.0,sl,0,48,1.8379821958456968,16.75964391691394
forex,AUDUSD,mean_reversion,long,38784,38785,39004,2025-05-27 06:00:00+00:00,2025-05-27 06:15:00+00:00,2025-05-29 13:00:00+00:00,0.64896715,0.64591974,-30.474100000000835,-32.47410000000083,-0.2136453947368475,50,150,2.0,signal,219,50,1.8983870642945362,1.702333552631591
futures,6A,momentum,short,37239,37240,37245,2025-05-27 06:00:00+00:00,2025-05-27 06:15:00+00:00,2025-05-27 07:30:00+00:00,0.6488,0.64555,65.00000000000172,62.00000000000172,0.1232604373757489,200,500,3.0,signal,5,46,1.9558823529411753,1.4214711729622236
futures,6B,mean_reversion,short,37266,37267,37276,2025-05-27 13:45:00+00:00,2025-05-27 14:00:00+00:00,2025-05-27 16:15:00+00:00,1.3545,1.3509,36.00000000000048,33.00000000000048,0.1625615763546821,100,200,3.0,signal,9,34,1.4075067024128478,0.7487684729063642
futures,SI,momentum,long,37093,37094,37355,2025-05-28 11:00:00+00:00,2025-05-28 11:15:00+00:00,2025-06-02 07:30:00+00:00,33.36,33.575,43.00000000000068,40.00000000000068,0.0795228628230629,500,500,3.0,signal,261,31,2.5127516778523358,2.240556660039744
futures,ZN,mean_reversion,short,37171,37172,37185,2025-05-28 13:15:00+00:00,2025-05-28 13:30:00+00:00,2025-05-28 16:45:00+00:00,110.25,110.109375,9.0,6.0,0.1132075471698113,15,50,3.0,signal,13,12,2.210526315789473,0.43396226415094286
forex,NZDUSD,momentum,short,38894,38895,38899,2025-05-28 14:15:00+00:00,2025-05-28 14:30:00+00:00,2025-05-28 15:30:00+00:00,0.5964452,0.59541529,10.299099999999672,8.299099999999672,0.3772318181818033,75,20,2.0,signal,4,90,1.577704090259793,11.476372727272873
futures,CL,momentum,long,37288,37289,37302,2025-05-28 19:00:00+00:00,2025-05-28 19:15:00+00:00,2025-05-28 23:30:00+00:00,61.53,62.39,85.99999999999994,82.99999999999994,0.2739273927392737,500,300,3.0,signal,13,31,3.511293634496918,4.036303630363026
futures,NQ,mean_reversion,short,37173,37174,37174,2025-05-28 19:45:00+00:00,2025-05-28 20:00:00+00:00,2025-05-28 20:00:00+00:00,21372.25,21334.75,150.0,147.0,0.2922465208747515,150,500,3.0,tp,0,22,1.315109343936382,1.2604373757455287
futures,NQ,momentum,long,37173,37174,37176,2025-05-28 19:45:00+00:00,2025-05-28 20:00:00+00:00,2025-05-28 20:30:00+00:00,21372.25,21497.25,500.0,497.0,1.4747774480712166,500,334,3.0,tp,2,48,1.7106118411756388,14.922848664688422
futures,6A,momentum,short,37427,37428,37519,2025-05-29 07:00:00+00:00,2025-05-29 07:15:00+00:00,2025-05-30 07:00:00+00:00,0.64415,0.64245,34.000000000000696,31.000000000000696,0.0616302186878741,200,500,3.0,signal,91,46,2.0267379679144417,1.5268389662027864
forex,NZDUSD,momentum,long,38979,38980,38984,2025-05-29 11:30:00+00:00,2025-05-29 11:45:00+00:00,2025-05-29 12:45:00+00:00,0.59648079,0.59873068,22.498899999999765,20.498899999999765,0.9317681818181712,75,20,2.0,signal,4,91,1.5966933972053468,11.853604545454676
forex,AUDUSD,mean_reversion,short,39007,39008,39059,2025-05-29 13:45:00+00:00,2025-05-29 14:00:00+00:00,2025-05-30 02:45:00+00:00,0.64404768,0.64278919,12.58490000000001,10.58490000000001,0.0696375,50,150,2.0,signal,51,51,1.7060336260571556,1.4886881578947435
futures,6B,mean_reversion,short,37464,37465,37504,2025-05-29 17:15:00+00:00,2025-05-29 17:30:00+00:00,2025-05-30 04:15:00+00:00,1.3489,1.3473,16.00000000000046,13.000000000000458,0.0640394088669973,100,200,3.0,signal,39,35,1.495978552278801,0.9113300492610463
forex,NZDUSD,momentum,long,39035,39036,39051,2025-05-30 01:30:00+00:00,2025-05-30 01:45:00+00:00,2025-05-30 05:30:00+00:00,0.59722888,0.59758574,3.568600000000144,1.568600000000144,0.0713000000000065,75,20,2.0,signal,15,92,1.643597266799185,12.785372727272847
forex,AUDUSD,mean_reversion,long,39070,39071,39129,2025-05-30 05:30:00+00:00,2025-05-30 05:45:00+00:00,2025-05-30 20:15:00+00:00,0.64435899,0.64446694,1.0795000000007882,-0.9204999999992118,-0.0060559210526263,50,150,2.0,signal,58,52,1.7390602988185513,1.5583256578947435
futures,6B,mean_reversion,long,37520,37521,37589,2025-05-30 08:15:00+00:00,2025-05-30 08:30:00+00:00,2025-06-02 02:30:00+00:00,1.348,1.3492,11.999999999998678,8.999999999998678,0.0443349753694516,100,200,3.0,signal,68,36,1.5308310991956922,0.9753694581280437
forex,NZDUSD,momentum,short,39070,39071,39084,2025-05-30 10:15:00+00:00,2025-05-30 10:30:00+00:00,2025-05-30 13:45:00+00:00,0.59616071,0.59555715,6.035600000000585,4.035600000000585,0.1834363636363902,75,20,2.0,signal,13,93,1.647186406208856,12.856672727272853
futures,6J,mean_reversion,short,37550,37551,37740,2025-05-30 13:15:00+00:00,2025-05-30 13:30:00+00:00,2025-06-03 14:45:00+00:00,0.0069565,0.0069695,-25.999999999999982,-28.999999999999982,-0.1428571428571427,200,200,3.0,signal,189,13,inf,1.9556650246305445
futures,6A,momentum,short,37550,37551,38283,2025-05-30 14:45:00+00:00,2025-05-30 15:00:00+00:00,2025-06-11 14:00:00+00:00,0.6436,0.65185,-165.0000000000018,-168.0000000000018,-0.3339960238568624,200,500,3.0,signal,732,47,2.0681818181818223,1.5884691848906605
futures,CL,mean_reversion,long,37466,37467,37488,2025-05-30 17:30:00+00:00,2025-05-30 17:45:00+00:00,2025-06-02 00:00:00+00:00,60.69,62.03,134.00000000000034,131.00000000000034,0.4323432343234334,200,300,3.0,signal,21,14,1.3093681917211366,0.4686468646864748
forex,AUDUSD,mean_reversion,short,39131,39132,39269,2025-05-30 20:45:00+00:00,2025-05-30 21:00:00+00:00,2025-06-03 08:45:00+00:00,0.64337647,0.64586967,-24.93199999999973,-26.93199999999973,-0.177184210526314,50,150,2.0,signal,137,53,1.734079821788593,1.5522697368421172
forex,NZDUSD,momentum,long,39113,39114,39117,2025-05-30 21:00:00+00:00,2025-05-30 21:15:00+00:00,2025-06-01 23:15:00+00:00,0.59623182,0.59769291,14.610900000000536,12.610900000000536,0.5732227272727517,75,20,2.0,signal,3,94,1.656420328816065,13.040109090909244
futures,NG,momentum,short,37482,37483,37813,2025-06-01 22:00:00+00:00,2025-06-01 22:15:00+00:00,2025-06-05 11:45:00+00:00,3.526,3.656,-130.00000000000034,-133.00000000000034,-0.4389438943894401,500,300,3.0,signal,330,34,5.498659517426271,5.537953795379528
futures,6A,mean_reversion,short,37596,37597,37712,2025-06-02 03:15:00+00:00,2025-06-02 03:30:00+00:00,2025-06-03 09:15:00+00:00,0.64475,0.646,-24.999999999999467,-27.999999999999467,-0.1379310344827559,50,200,3.0,signal,115,23,9.285714285713881,1.999999999999993
futures,6B,mean_reversion,short,37701,37702,37721,2025-06-03 07:30:00+00:00,2025-06-03 07:45:00+00:00,2025-06-03 12:30:00+00:00,1.3521,1.3501,20.000000000000018,17.000000000000018,0.0837438423645321,100,200,3.0,signal,19,33,1.5253164556961751,0.8177339901477375
futures,ZN,mean_reversion,short,37536,37537,37548,2025-06-03 12:45:00+00:00,2025-06-03 13:00:00+00:00,2025-06-03 15:45:00+00:00,110.640625,110.40625,15.0,12.0,0.2264150943396226,15,50,3.0,tp,11,12,2.210526315789473,0.43396226415094286
futures,6B,mean_reversion,long,37724,37725,37730,2025-06-03 13:15:00+00:00,2025-06-03 13:30:00+00:00,2025-06-03 14:45:00+00:00,1.351,1.3533,22.999999999999687,19.999999999999687,0.0985221674876832,100,200,3.0,signal,5,34,1.5791139240506056,0.9014778325122697
forex,AUDUSD,mean_reversion,long,39288,39289,39317,2025-06-03 13:30:00+00:00,2025-06-03 13:45:00+00:00,2025-06-03 20:45:00+00:00,0.64615762,0.64695609,7.984699999999956,5.984699999999956,0.0393730263157891,50,150,2.0,signal,28,53,1.8017258211130363,1.6316618421052809
futures,6B,mean_reversion,short,37734,37735,37983,2025-06-03 15:45:00+00:00,2025-06-03 16:00:00+00:00,2025-06-06 09:00:00+00:00,1.3522,1.3539,-17.000000000000348,-20.000000000000348,-0.0985221674876864,100,200,3.0,signal,248,35,1.6424050632911111,0.9999999999999528
forex,NZDUSD,momentum,short,39307,39308,39323,2025-06-03 22:45:00+00:00,2025-06-03 23:00:00+00:00,2025-06-04 02:45:00+00:00,0.60052848,0.60034823,1.8024999999999287,-0.1975000000000708,-0.0089772727272759,75,20,2.0,signal,15,92,1.6074807220471778,12.06790000000019
forex,AUDUSD,mean_reversion,short,39342,39343,39350,2025-06-04 03:00:00+00:00,2025-06-04 03:15:00+00:00,2025-06-04 05:00:00+00:00,0.64657962,0.64584881,7.308099999999706,5.3080999999997065,0.0349217105263138,50,150,2.0,signal,7,53,1.7612694942013725,1.5493256578947538
futures,6A,mean_reversion,short,37780,37781,37787,2025-06-04 03:15:00+00:00,2025-06-04 03:30:00+00:00,2025-06-04 05:00:00+00:00,0.64635,0.64575,11.999999999998678,8.999999999998678,0.0443349753694516,50,200,3.0,signal,6,22,5.532467532467415,1.7192118226600914
forex,NZDUSD,momentum,short,39338,39339,39361,2025-06-04 06:30:00+00:00,2025-06-04 06:45:00+00:00,2025-06-04 12:15:00+00:00,0.60052848,0.60252848,-20.0,-22.0,-1.0,75,20,2.0,sl,22,92,1.5976067507367915,11.877113636363799
futures,SI,momentum,long,37554,37555,37636,2025-06-04 11:15:00+00:00,2025-06-04 11:30:00+00:00,2025-06-05 08:45:00+00:00,34.445,34.98,106.99999999999932,103.99999999999932,0.2067594433399588,500,500,3.0,signal,81,29,2.389261744966431,2.0576540755467043
futures,CL,momentum,long,37722,37723,37728,2025-06-04 12:30:00+00:00,2025-06-04 12:45:00+00:00,2025-06-04 14:00:00+00:00,62.94,63.69,75.0,72.0,0.2376237623762376,500,300,3.0,signal,5,32,3.6817248459958916,4.3102310231022996
futures,NG,momentum,long,37821,37822,37830,2025-06-05 13:45:00+00:00,2025-06-05 14:00:00+00:00,2025-06-05 16:00:00+00:00,3.699,3.74,41.00000000000037,38.00000000000037,0.1254125412541266,500,300,3.0,signal,8,33,3.642292490118572,4.4125412541254025
futures,NQ,momentum,long,37702,37703,37704,2025-06-05 14:00:00+00:00,2025-06-05 14:15:00+00:00,2025-06-05 14:30:00+00:00,21724.0,21849.0,500.0,497.0,1.4747774480712166,500,334,3.0,tp,1,49,1.7808393387028396,16.39762611275964
futures,6J,mean_reversion,short,37924,37925,37928,2025-06-05 14:45:00+00:00,2025-06-05 15:00:00+00:00,2025-06-05 15:45:00+00:00,0.006977,0.0069565,40.999999999999375,37.999999999999375,0.1871921182265979,200,200,3.0,signal,3,13,12.689655172413813,1.669950738916255
forex,NZDUSD,momentum,long,39511,39512,39518,2025-06-06 01:45:00+00:00,2025-06-06 02:00:00+00:00,2025-06-06 03:30:00+00:00,0.60417,0.60422963,0.596299999999772,-1.403700000000228,-0.0638045454545558,75,20,2.0,signal,6,92,1.4818778141713893,10.058940909091065
futures,NG,momentum,long,37907,37908,37925,2025-06-06 12:15:00+00:00,2025-06-06 12:30:00+00:00,2025-06-06 16:45:00+00:00,3.688,3.768,79.99999999999963,76.99999999999963,0.2541254125412529,500,300,3.0,signal,17,34,3.7173913043478213,4.537953795379529
futures,6B,mean_reversion,long,38004,38005,38063,2025-06-06 14:15:00+00:00,2025-06-06 14:30:00+00:00,2025-06-09 06:00:00+00:00,1.3547,1.3559,12.0000000000009,9.000000000000899,0.0443349753694625,100,200,3.0,signal,58,36,1.544642857142829,0.9014778325122664
futures,6A,mean_reversion,long,38009,38010,38041,2025-06-06 14:30:00+00:00,2025-06-06 14:45:00+00:00,2025-06-08 23:30:00+00:00,0.64965,0.6502,11.000000000001007,8.000000000001009,0.0394088669950788,50,200,3.0,signal,31,23,5.649350649350512,1.763546798029543
forex,AUDUSD,mean_reversion,long,39580,39581,39615,2025-06-06 14:30:00+00:00,2025-06-06 14:45:00+00:00,2025-06-09 00:45:00+00:00,0.64973879,0.65034729,6.085000000000118,4.085000000000118,0.0268750000000007,50,150,2.0,signal,34,53,1.7590322109311165,1.5447723684210668
futures,NG,momentum,long,37982,37983,38001,2025-06-09 08:00:00+00:00,2025-06-09 08:15:00+00:00,2025-06-09 12:45:00+00:00,3.718,3.747,28.999999999999915,25.999999999999915,0.0858085808580855,500,300,3.0,signal,18,35,3.869565217391299,4.792079207920782
futures,6B,mean_reversion,long,38099,38100,38103,2025-06-09 15:00:00+00:00,2025-06-09 15:15:00+00:00,2025-06-09 16:00:00+00:00,1.3552,1.3563,11.000000000001007,8.000000000001009,0.0394088669950788,100,200,3.0,signal,3,34,1.4523809523809363,0.7487684729063753
futures,6B,mean_reversion,short,38120,38121,38139,2025-06-09 20:15:00+00:00,2025-06-09 20:30:00+00:00,2025-06-10 02:00:00+00:00,1.3552,1.353,21.9999999999998,18.9999999999998,0.0935960591132994,100,200,3.0,signal,18,34,1.434523809523795,0.7192118226600731
forex,NZDUSD,momentum,long,39697,39698,39706,2025-06-10 01:30:00+00:00,2025-06-10 01:45:00+00:00,2025-06-10 03:45:00+00:00,0.60463148,0.60485,2.1851999999999983,0.1851999999999982,0.0084181818181817,75,20,2.0,signal,8,91,1.5377801345471178,10.722404545454708
futures,NQ,momentum,long,37943,37944,37960,2025-06-10 05:15:00+00:00,2025-06-10 05:30:00+00:00,2025-06-10 09:30:00+00:00,21786.0,21837.25,205.0,202.0,0.599406528189911,500,334,3.0,signal,16,49,1.9436201780415423,18.872403560830854
forex,NZDUSD,momentum,long,39750,39751,39770,2025-06-10 14:45:00+00:00,2025-06-10 15:00:00+00:00,2025-06-10 19:45:00+00:00,0.60466,0.60536349,7.034900000000288,5.034900000000288,0.228859090909104,75,20,2.0,signal,19,92,1.5382023468346353,10.73082272727289
futures,SI,momentum,long,37936,37937,38162,2025-06-10 14:45:00+00:00,2025-06-10 15:00:00+00:00,2025-06-13 02:15:00+00:00,36.525,36.72,39.00000000000006,36.00000000000006,0.0715705765407555,500,500,3.0,signal,225,29,2.7624633431084904,2.3896620278329856
futures,6A,mean_reversion,short,38198,38199,38241,2025-06-10 15:45:00+00:00,2025-06-10 16:00:00+00:00,2025-06-11 03:30:00+00:00,0.65215,0.6506,31.000000000001027,28.000000000001027,0.1379310344827636,50,200,3.0,signal,42,24,5.753246753246627,1.8029556650246217
forex,NZDUSD,momentum,long,39788,39789,39794,2025-06-11 00:15:00+00:00,2025-06-11 00:30:00+00:00,2025-06-11 01:45:00+00:00,0.60562015,0.60362015,-20.0,-22.0,-1.0,75,20,2.0,sl,5,93,1.549680730454623,10.959681818181995
futures,ZN,mean_reversion,long,38038,38039,38087,2025-06-11 00:15:00+00:00,2025-06-11 00:30:00+00:00,2025-06-11 12:30:00+00:00,110.265625,110.5,15.0,12.0,0.2264150943396226,15,50,3.0,tp,48,13,2.8421052631578942,0.6603773584905654
forex,AUDUSD,mean_reversion,long,39819,39820,39861,2025-06-11 03:45:00+00:00,2025-06-11 04:00:00+00:00,2025-06-11 14:15:00+00:00,0.65180975,0.65234977,5.400200000000854,3.4002000000008543,0.0223697368421108,50,150,2.0,signal,41,54,1.7722373867135035,1.5716473684210674
forex,NZDUSD,momentum,short,39803,39804,39813,2025-06-11 04:00:00+00:00,2025-06-11 04:15:00+00:00,2025-06-11 06:30:00+00:00,0.60397416,0.60284543,11.287300000000222,9.287300000000222,0.4221500000000101,75,20,2.0,signal,9,94,1.4756688438459544,9.959681818181995
futures,6A,mean_reversion,long,38244,38245,38277,2025-06-11 04:15:00+00:00,2025-06-11 04:30:00+00:00,2025-06-11 12:30:00+00:00,0.6514,0.6538999999999999,50.0,47.0,0.2315270935960591,50,200,3.0,tp,32,25,6.116883116882995,1.9408866995073852
futures,NG,momentum,short,38181,38182,38192,2025-06-11 11:45:00+00:00,2025-06-11 12:00:00+00:00,2025-06-11 14:30:00+00:00,3.599,3.557,42.000000000000256,39.000000000000256,0.1287128712871295,500,300,3.0,signal,10,36,3.9209486166007848,4.877887788778867
futures,GC,mean_reversion,short,38131,38132,38134,2025-06-11 13:45:00+00:00,2025-06-11 14:00:00+00:00,2025-06-11 14:30:00+00:00,3350.5,3360.5,-100.0,-103.0,-1.0,30,100,3.0,sl,2,10,2.359223300970873,1.3592233009708732
futures,6A,momentum,long,38300,38301,38528,2025-06-11 18:15:00+00:00,2025-06-11 18:30:00+00:00,2025-06-16 07:45:00+00:00,0.65045,0.6521,33.0000000000008,30.000000000000803,0.0596421471172978,200,500,3.0,signal,227,47,1.8842874543239914,1.4433399602385668
forex,NZDUSD,momentum,short,39878,39879,39890,2025-06-11 22:45:00+00:00,2025-06-11 23:00:00+00:00,2025-06-12 01:45:00+00:00,0.60375535,0.60211945,16.359000000000233,14.359000000000233,0.6526818181818288,75,20,2.0,signal,11,94,1.4806336549063481,10.063636363636578
futures,6A,mean_reversion,long,38332,38333,38369,2025-06-12 03:15:00+00:00,2025-06-12 03:30:00+00:00,2025-06-12 12:30:00+00:00,0.6502,0.6527,50.0,47.0,0.2315270935960591,50,200,3.0,tp,36,26,6.727272727272593,2.1724137931034444
forex,NZDUSD,momentum,short,39896,39897,39904,2025-06-12 03:15:00+00:00,2025-06-12 03:30:00+00:00,2025-06-12 05:15:00+00:00,0.60350031,0.60350031,-0.0,-2.0,-0.0909090909090909,75,20,2.0,signal,7,95,1.511805374196322,10.716318181818407
forex,AUDUSD,mean_reversion,long,39935,39936,39953,2025-06-12 08:45:00+00:00,2025-06-12 09:00:00+00:00,2025-06-12 13:15:00+00:00,0.65036845,0.65232849,19.60040000000052,17.600400000000516,0.1157921052631612,50,150,2.0,signal,17,55,1.7832288772141844,1.5940171052631782
futures,NQ,mean_reversion,long,38158,38159,38160,2025-06-12 13:00:00+00:00,2025-06-12 13:15:00+00:00,2025-06-12 13:30:00+00:00,21838.5,21876.0,150.0,147.0,0.2922465208747515,150,500,3.0,tp,1,21,1.7534791252485091,2.2604373757455285
futures,NQ,momentum,short,38158,38159,38163,2025-06-12 13:00:00+00:00,2025-06-12 13:15:00+00:00,2025-06-12 14:15:00+00:00,21838.5,21922.0,-334.0,-337.0,-1.0,500,334,3.0,sl,4,48,1.8900593471810083,17.80118694362017
forex,NZDUSD,momentum,long,39979,39980,39981,2025-06-13 00:00:00+00:00,2025-06-13 00:15:00+00:00,2025-06-13 00:30:00+00:00,0.60364604,0.60164604,-20.0,-22.0,-1.0,75,20,2.0,sl,1,96,1.5052698426147844,10.625409090909315
futures,NG,momentum,long,38329,38330,38392,2025-06-13 02:45:00+00:00,2025-06-13 03:00:00+00:00,2025-06-13 18:30:00+00:00,3.56,3.585,24.99999999999991,21.99999999999991,0.0726072607260723,500,300,3.0,signal,62,37,3.9980237154150147,5.006600660065997
futures,SI,momentum,long,38166,38167,38378,2025-06-13 03:15:00+00:00,2025-06-13 03:30:00+00:00,2025-06-17 10:15:00+00:00,36.395,36.845,89.99999999999915,86.99999999999915,0.1729622266401573,500,500,3.0,signal,211,30,2.815249266862156,2.461232604373741
futures,6B,mean_reversion,long,38436,38437,38472,2025-06-13 07:15:00+00:00,2025-06-13 07:30:00+00:00,2025-06-13 16:15:00+00:00,1.3559,1.3597,37.99999999999803,34.99999999999803,0.1724137931034385,100,200,3.0,signal,35,34,1.410714285714274,0.6798029556650035
futures,NQ,momentum,short,38260,38261,38271,2025-06-13 15:30:00+00:00,2025-06-13 15:45:00+00:00,2025-06-13 18:15:00+00:00,21809.5,21684.5,500.0,497.0,1.4747774480712166,500,334,3.0,tp,10,49,1.8000565211247699,16.80118694362017
forex,AUDUSD,mean_reversion,long,40075,40076,40123,2025-06-13 19:45:00+00:00,2025-06-13 20:00:00+00:00,2025-06-16 09:00:00+00:00,0.64985704,0.65144879,15.917500000000029,13.917500000000029,0.0915625000000001,50,150,2.0,signal,47,56,1.840123950859306,1.7098092105263394
forex,NZDUSD,momentum,short,40058,40059,40067,2025-06-13 19:45:00+00:00,2025-06-13 20:00:00+00:00,2025-06-15 23:15:00+00:00,0.60240966,0.60088933,15.203299999999588,13.203299999999588,0.6001499999999812,75,20,2.0,signal,8,97,1.4369391090617727,9.625409090909315
forex,NZDUSD,momentum,short,40090,40091,40109,2025-06-16 05:00:00+00:00,2025-06-16 05:15:00+00:00,2025-06-16 09:45:00+00:00,0.60240966,0.60440966,-20.0,-22.0,-1.0,75,20,2.0,sl,18,95,1.4884185803317955,10.271040909091125
futures,ZN,mean_reversion,long,38368,38369,38452,2025-06-16 13:45:00+00:00,2025-06-16 14:00:00+00:00,2025-06-17 11:45:00+00:00,110.71875,110.78125,4.0,1.0,0.0188679245283018,15,50,3.0,signal,83,14,3.4736842105263155,0.886792452830188
forex,USDJPY,momentum,long,40083,40084,40104,2025-06-17 04:00:00+00:00,2025-06-17 04:15:00+00:00,2025-06-17 09:15:00+00:00,144.536,144.89799,36.19899999999916,34.19899999999916,0.0681254980079664,200,500,2.0,signal,20,38,1.3167487071919728,0.750167131474061
futures,ES,mean_reversion,long,38430,38431,38441,2025-06-17 11:45:00+00:00,2025-06-17 12:00:00+00:00,2025-06-17 14:30:00+00:00,6012.75,6021.0,33.0,30.0,0.0596421471172962,500,500,3.0,signal,10,11,inf,1.679920477137176
futures,6A,momentum,long,38640,38641,39076,2025-06-17 12:45:00+00:00,2025-06-17 13:00:00+00:00,2025-06-24 06:45:00+00:00,0.65335,0.652,-26.999999999999247,-29.999999999999247,-0.0596421471172947,200,500,3.0,signal,435,46,1.842874543239947,1.3757455268389638
futures,ZN,mean_reversion,short,38456,38457,38465,2025-06-17 12:45:00+00:00,2025-06-17 13:00:00+00:00,2025-06-17 15:00:00+00:00,110.640625,110.578125,4.0,1.0,0.0188679245283018,15,50,3.0,signal,8,15,3.526315789473684,0.9056603773584898
futures,ES,mean_reversion,short,38450,38451,38455,2025-06-17 16:45:00+00:00,2025-06-17 17:00:00+00:00,2025-06-17 18:00:00+00:00,6007.25,5989.5,71.0,68.0,0.1351888667992047,500,500,3.0,signal,4,12,inf,1.7395626242544722
futures,NQ,momentum,long,38451,38452,38454,2025-06-17 17:15:00+00:00,2025-06-17 17:30:00+00:00,2025-06-17 18:00:00+00:00,21788.75,21705.25,-334.0,-337.0,-1.0,500,334,3.0,sl,2,48,1.7740568037303939,16.25519287833827
futures,NQ,mean_reversion,short,38451,38452,38453,2025-06-17 17:15:00+00:00,2025-06-17 17:30:00+00:00,2025-06-17 17:45:00+00:00,21788.75,21751.25,150.0,147.0,0.2922465208747515,150,500,3.0,tp,1,21,1.7534791252485091,2.2604373757455285
forex,AUDUSD,mean_reversion,long,40327,40328,40342,2025-06-18 12:00:00+00:00,2025-06-18 12:15:00+00:00,2025-06-18 15:45:00+00:00,0.65045726,0.65209877,16.415100000000127,14.415100000000129,0.0948361842105271,50,150,2.0,signal,14,56,1.865717424108238,1.7618967105263388
forex,NZDUSD,momentum,short,40310,40311,40325,2025-06-18 12:00:00+00:00,2025-06-18 12:15:00+00:00,2025-06-18 15:45:00+00:00,0.60295451,0.60495451,-20.0,-22.0,-1.0,75,20,2.0,sl,14,96,1.4208527987365611,9.271040909091125
futures,6A,mean_reversion,long,38729,38730,38743,2025-06-18 12:00:00+00:00,2025-06-18 12:15:00+00:00,2025-06-18 15:30:00+00:00,0.65135,0.6533,39.00000000000014,36.00000000000014,0.1773399014778332,50,200,3.0,signal,13,27,7.337662337662191,2.4039408866995036
futures,CL,momentum,long,38648,38649,38743,2025-06-18 14:00:00+00:00,2025-06-18 14:15:00+00:00,2025-06-19 14:45:00+00:00,72.46,75.24,278.0000000000001,275.0000000000001,0.907590759075908,500,300,3.0,signal,94,29,3.650103519668729,4.224422442244212
futures,SI,momentum,long,38486,38487,39007,2025-06-18 14:15:00+00:00,2025-06-18 14:30:00+00:00,2025-06-26 09:00:00+00:00,36.855,36.73,-25.0,-28.0,-0.0556660039761431,500,500,3.0,signal,520,31,2.942815249266847,2.6341948310138985
forex,USDJPY,momentum,long,40225,40226,40242,2025-06-18 15:30:00+00:00,2025-06-18 15:45:00+00:00,2025-06-18 19:45:00+00:00,144.591,145.158,56.699999999997885,54.699999999997885,0.1089641434262906,200,500,2.0,signal,16,39,1.3455138483391609,0.8182926294820274
futures,NQ,momentum,long,38553,38554,38567,2025-06-18 19:45:00+00:00,2025-06-18 20:00:00+00:00,2025-06-19 00:15:00+00:00,21948.5,21865.0,-334.0,-337.0,-1.0,500,334,3.0,sl,13,49,1.693417858106285,15.25519287833827
forex,NZDUSD,momentum,short,40344,40345,40362,2025-06-18 20:30:00+00:00,2025-06-18 20:45:00+00:00,2025-06-19 01:00:00+00:00,0.60317272,0.60164851,15.242100000000258,13.242100000000258,0.6019136363636481,75,20,2.0,signal,17,97,1.3591548586881672,8.271040909091125
futures,CL,momentum,long,38755,38756,38850,2025-06-19 17:45:00+00:00,2025-06-19 18:00:00+00:00,2025-06-22 22:00:00+00:00,73.26,78.26,500.0,497.0,1.6402640264026402,500,300,3.0,tp,94,30,4.21946169772256,5.132013201320119
futures,NQ,mean_reversion,long,38634,38635,38636,2025-06-19 22:00:00+00:00,2025-06-19 22:15:00+00:00,2025-06-19 22:30:00+00:00,21832.5,21870.0,150.0,147.0,0.2922465208747515,150,500,3.0,tp,1,22,1.8508946322067599,2.55268389662028
futures,NQ,momentum,short,38634,38635,38636,2025-06-19 22:00:00+00:00,2025-06-19 22:15:00+00:00,2025-06-19 22:30:00+00:00,21832.5,21916.0,-334.0,-337.0,-1.0,500,334,3.0,sl,1,50,1.6197909947103597,14.25519287833827
forex,USDJPY,momentum,long,40354,40355,40412,2025-06-19 23:45:00+00:00,2025-06-20 00:00:00+00:00,2025-06-20 14:15:00+00:00,145.23199,145.84399,61.19999999999948,59.19999999999948,0.1179282868525886,200,500,2.0,signal,57,39,1.312459043171075,0.740007768924259
futures,ZN,mean_reversion,short,38695,38696,38707,2025-06-20 07:30:00+00:00,2025-06-20 07:45:00+00:00,2025-06-20 10:30:00+00:00,110.875,110.703125,11.0,8.0,0.1509433962264151,15,50,3.0,signal,11,15,3.4736842105263155,0.8867924528301879
forex,AUDUSD,mean_reversion,long,40503,40504,40510,2025-06-20 08:00:00+00:00,2025-06-20 08:15:00+00:00,2025-06-20 09:45:00+00:00,0.64883667,0.64946872,6.320499999999951,4.320499999999951,0.0284243421052628,50,150,2.0,signal,6,56,1.8896865152688829,1.8106782894737048
forex,AUDUSD,mean_reversion,short,40516,40517,40528,2025-06-20 11:15:00+00:00,2025-06-20 11:30:00+00:00,2025-06-20 14:15:00+00:00,0.64866829,0.64758867,10.796200000000589,8.796200000000589,0.0578697368421091,50,150,2.0,signal,11,57,1.9036529686269736,1.8391026315789676
futures,NQ,momentum,long,38699,38700,38701,2025-06-20 14:15:00+00:00,2025-06-20 14:30:00+00:00,2025-06-20 14:45:00+00:00,21936.75,21853.25,-334.0,-337.0,-1.0,500,334,3.0,sl,1,51,1.5522997032640946,13.25519287833827
futures,NQ,mean_reversion,short,38700,38701,38701,2025-06-20 14:30:00+00:00,2025-06-20 14:45:00+00:00,2025-06-20 14:45:00+00:00,21880.25,21842.75,150.0,147.0,0.2922465208747515,150,500,3.0,tp,0,23,1.9483101391650104,2.844930417495031
futures,ES,mean_reversion,short,38779,38780,38855,2025-06-23 11:00:00+00:00,2025-06-23 11:15:00+00:00,2025-06-24 07:00:00+00:00,6015.5,6140.5,-500.0,-503.0,-1.0,500,500,3.0,sl,75,13,inf,1.8747514910536769
futures,NQ,momentum,short,38785,38786,38790,2025-06-23 12:45:00+00:00,2025-06-23 13:00:00+00:00,2025-06-23 14:00:00+00:00,21883.25,21966.75,-334.0,-337.0,-1.0,500,334,3.0,sl,4,52,1.490207715133531,12.25519287833827
futures,CL,mean_reversion,long,38923,38924,38926,2025-06-23 16:15:00+00:00,2025-06-23 16:30:00+00:00,2025-06-23 17:00:00+00:00,74.16,71.16,-300.0,-303.0,-1.0,200,300,3.0,sl,2,11,1.5129411764705896,0.7194719471947216
futures,CL,momentum,short,38923,38924,38925,2025-06-23 16:15:00+00:00,2025-06-23 16:30:00+00:00,2025-06-23 16:45:00+00:00,74.16,71.94,221.9999999999999,218.9999999999999,0.7227722772277224,500,300,3.0,signal,1,31,5.248447204968937,6.77227722772276
futures,NQ,mean_reversion,short,38799,38800,38800,2025-06-23 16:15:00+00:00,2025-06-23 16:30:00+00:00,2025-06-23 16:30:00+00:00,21860.25,21822.75,150.0,147.0,0.2922465208747515,150,500,3.0,tp,0,24,2.045725646123261,3.1371769383697825
futures,NQ,momentum,long,38799,38800,38800,2025-06-23 16:15:00+00:00,2025-06-23 16:30:00+00:00,2025-06-23 16:30:00+00:00,21860.25,21776.75,-334.0,-337.0,-1.0,500,334,3.0,sl,0,53,1.4328920337822413,11.25519287833827
forex,USDJPY,momentum,long,40516,40517,41146,2025-06-23 18:15:00+00:00,2025-06-23 18:30:00+00:00,2025-07-02 09:30:00+00:00,146.10899,144.174,-193.4989999999999,-195.4989999999999,-0.3894402390438245,200,500,2.0,signal,629,40,1.3622527902371755,0.8579360557768476
futures,NG,momentum,short,39044,39045,39115,2025-06-25 00:00:00+00:00,2025-06-25 00:15:00+00:00,2025-06-25 17:45:00+00:00,3.697,3.603,93.99999999999986,90.99999999999986,0.3003300330032998,500,300,3.0,signal,70,36,3.2905138339920903,3.8250825082508166
futures,SI,momentum,long,39023,39024,39261,2025-06-26 13:00:00+00:00,2025-06-26 13:15:00+00:00,2025-07-01 04:15:00+00:00,36.29,36.335,9.000000000000341,6.000000000000341,0.0119284294234599,500,500,3.0,signal,237,31,3.1756329113923885,2.7335984095427257
futures,6A,momentum,long,39365,39366,39438,2025-06-27 10:00:00+00:00,2025-06-27 10:15:00+00:00,2025-06-30 05:15:00+00:00,0.65485,0.6559,20.999999999999908,17.999999999999908,0.0357852882703775,200,500,3.0,signal,72,44,1.7203290246768508,1.2186878727634227
futures,NG,momentum,long,39278,39279,39283,2025-06-27 12:30:00+00:00,2025-06-27 12:45:00+00:00,2025-06-27 13:45:00+00:00,3.59,3.663,72.99999999999996,69.99999999999996,0.2310231023102308,500,300,3.0,signal,4,37,3.4703557312252915,4.125412541254116
futures,ZN,mean_reversion,short,39197,39198,39230,2025-06-27 18:00:00+00:00,2025-06-27 18:15:00+00:00,2025-06-30 03:15:00+00:00,111.84375,111.78125,4.0,1.0,0.0188679245283018,15,50,3.0,signal,32,15,3.631578947368421,0.9433962264150937
futures,NG,momentum,long,39347,39348,39467,2025-06-30 06:45:00+00:00,2025-06-30 07:00:00+00:00,2025-07-01 13:45:00+00:00,3.631,3.331,-300.0,-303.0,-1.0,500,300,3.0,sl,119,38,3.6086956521739078,4.356435643564347
forex,AUDUSD,mean_reversion,short,41064,41065,41088,2025-06-30 07:00:00+00:00,2025-06-30 07:15:00+00:00,2025-06-30 13:00:00+00:00,0.65431756,0.65345806,8.59500000000013,6.59500000000013,0.0433881578947377,50,150,2.0,signal,23,54,1.8969314092622331,1.7752644736842378
futures,6A,mean_reversion,short,39446,39447,39652,2025-06-30 07:15:00+00:00,2025-06-30 07:30:00+00:00,2025-07-02 12:45:00+00:00,0.65455,0.6559,-27.000000000001467,-30.000000000001467,-0.1477832512315343,50,200,3.0,signal,205,22,8.484375000000018,2.359605911330064
futures,6B,mean_reversion,long,39460,39461,39489,2025-06-30 11:15:00+00:00,2025-06-30 11:30:00+00:00,2025-06-30 18:30:00+00:00,1.3717,1.3726,9.00000000000123,6.000000000001229,0.0295566502463114,100,200,3.0,signal,28,34,1.4761904761904574,0.7881773399014447
futures,CL,momentum,short,39435,39436,39441,2025-07-01 06:15:00+00:00,2025-07-01 06:30:00+00:00,2025-07-01 07:45:00+00:00,65.17,64.77,40.00000000000057,37.00000000000057,0.1221122112211239,500,300,3.0,signal,5,30,5.459627329192542,7.1089108910891
futures,NQ,momentum,long,39335,39336,39345,2025-07-01 12:15:00+00:00,2025-07-01 12:30:00+00:00,2025-07-01 14:45:00+00:00,22775.0,22691.5,-334.0,-337.0,-1.0,500,334,3.0,sl,9,54,1.379821958456973,10.25519287833827
futures,CL,momentum,long,39466,39467,39474,2025-07-01 14:00:00+00:00,2025-07-01 14:15:00+00:00,2025-07-01 16:00:00+00:00,65.28,65.73,45.00000000000029,42.00000000000029,0.1386138613861395,500,300,3.0,signal,7,31,5.536231884057967,7.231023102310224
futures,CL,mean_reversion,short,39466,39467,39730,2025-07-01 14:00:00+00:00,2025-07-01 14:15:00+00:00,2025-07-04 11:00:00+00:00,65.28,66.46,-117.99999999999926,-120.99999999999926,-0.3993399339933969,200,300,3.0,signal,263,11,1.5129411764705893,0.7194719471947216
futures,SI,momentum,long,39306,39307,39452,2025-07-01 15:30:00+00:00,2025-07-01 15:45:00+00:00,2025-07-03 06:00:00+00:00,36.37,37.03,132.00000000000074,129.00000000000074,0.2564612326043752,500,500,3.0,signal,145,32,3.185126582278465,2.7455268389661858
forex,NZDUSD,momentum,long,41220,41221,41227,2025-07-02 01:45:00+00:00,2025-07-02 02:00:00+00:00,2025-07-02 03:30:00+00:00,0.60957026,0.61020255,6.322899999999798,4.322899999999798,0.1964954545454453,75,20,2.0,signal,6,88,1.3274657019956488,7.213800000000241
futures,6A,momentum,long,39609,39610,39720,2025-07-02 02:00:00+00:00,2025-07-02 02:15:00+00:00,2025-07-03 06:45:00+00:00,0.65775,0.6587,19.000000000000128,16.000000000000128,0.0318091451292249,200,500,3.0,signal,110,43,1.7003525264394859,1.1848906560636259
futures,SI,mean_reversion,long,39370,39371,39379,2025-07-02 08:30:00+00:00,2025-07-02 08:45:00+00:00,2025-07-02 10:45:00+00:00,36.335,36.46,25.0,22.0,0.0437375745526839,200,500,3.0,signal,8,11,8.217391304347863,0.6600397614314139
futures,6J,mean_reversion,long,39663,39664,39689,2025-07-02 13:00:00+00:00,2025-07-02 13:15:00+00:00,2025-07-02 19:30:00+00:00,0.0070135,0.007019,11.000000000000592,8.000000000000593,0.0394088669950768,200,200,3.0,signal,25,14,14.000000000000002,1.8571428571428528
forex,EURUSD,mean_reversion,long,41013,41014,41027,2025-07-02 13:00:00+00:00,2025-07-02 13:15:00+00:00,2025-07-02 16:30:00+00:00,1.17734,1.17882,14.799999999999258,12.799999999999258,0.1662337662337566,50,75,2.0,signal,13,12,1.4077272727272796,0.815454545454559
forex,AUDUSD,mean_reversion,long,41288,41289,41298,2025-07-02 15:00:00+00:00,2025-07-02 15:15:00+00:00,2025-07-02 17:30:00+00:00,0.65718997,0.6580593,8.693300000000015,6.693300000000015,0.0440348684210527,50,150,2.0,signal,9,54,1.9188517664390417,1.8186506578947639
futures,6A,mean_reversion,long,39661,39662,39671,2025-07-02 15:00:00+00:00,2025-07-02 15:15:00+00:00,2025-07-02 17:30:00+00:00,0.6579,0.65875,16.999999999998128,13.999999999998128,0.06896551724137,50,200,3.0,signal,9,23,5.7765957446807805,2.21182266009853
forex,NZDUSD,momentum,long,41315,41316,41359,2025-07-03 01:30:00+00:00,2025-07-03 01:45:00+00:00,2025-07-03 12:30:00+00:00,0.60849458,0.60649458,-20.0,-22.0,-1.0,75,20,2.0,sl,43,86,1.3588656799135688,7.54665000000025
futures,SI,momentum,long,39478,39479,39484,2025-07-03 12:30:00+00:00,2025-07-03 12:45:00+00:00,2025-07-03 14:00:00+00:00,36.63,37.015,76.9999999999996,73.9999999999996,0.1471172962226632,500,500,3.0,signal,5,33,3.389240506329099,3.001988071570561
forex,AUDUSD,mean_reversion,long,41379,41380,41418,2025-07-03 13:45:00+00:00,2025-07-03 14:00:00+00:00,2025-07-03 23:30:00+00:00,0.6580289,0.65790772,-1.2118000000005402,-3.21180000000054,-0.0211302631578982,50,150,2.0,signal,38,55,1.941099863652188,1.8626855263158166
futures,6A,mean_reversion,long,39748,39749,39781,2025-07-03 13:45:00+00:00,2025-07-03 14:00:00+00:00,2025-07-03 23:00:00+00:00,0.6581,0.65825,2.9999999999996696,-3.3040237212844664e-13,-1.6275978922583578e-15,50,200,3.0,signal,32,24,5.925531914893524,2.2807881773399
futures,6A,momentum,short,39748,39749,39815,2025-07-03 13:45:00+00:00,2025-07-03 14:00:00+00:00,2025-07-04 07:30:00+00:00,0.6581,0.65675,27.000000000001467,24.000000000001467,0.0477137176938399,200,500,3.0,signal,66,44,1.719153936545244,1.2166998011928507
forex,NZDUSD,momentum,short,41489,41490,41495,2025-07-04 21:00:00+00:00,2025-07-04 21:15:00+00:00,2025-07-06 23:30:00+00:00,0.60653847,0.60551018,10.282900000000428,8.282900000000428,0.376495454545474,75,20,2.0,signal,5,89,1.3162565555595134,7.000918181818433
futures,NQ,momentum,long,39627,39628,39664,2025-07-07 01:00:00+00:00,2025-07-07 01:15:00+00:00,2025-07-07 10:15:00+00:00,22919.75,22984.0,257.0,254.0,0.7537091988130564,500,334,3.0,signal,36,55,1.3305426027977953,9.25519287833827
futures,SI,momentum,long,39600,39601,39620,2025-07-07 01:00:00+00:00,2025-07-07 01:15:00+00:00,2025-07-07 06:00:00+00:00,36.935,36.81,-25.0,-28.0,-0.0556660039761431,500,500,3.0,signal,19,34,3.5063291139240347,3.149105367793224
futures,SI,momentum,short,39652,39653,39745,2025-07-07 14:00:00+00:00,2025-07-07 14:15:00+00:00,2025-07-08 14:15:00+00:00,36.8,36.64,31.99999999999932,28.99999999999932,0.0576540755467183,500,500,3.0,signal,92,35,3.3575757575757423,3.093439363817081
forex,NZDUSD,momentum,short,41622,41623,41633,2025-07-08 07:15:00+00:00,2025-07-08 07:30:00+00:00,2025-07-08 10:00:00+00:00,0.6022,0.60146755,7.324499999999956,5.324499999999956,0.2420227272727252,75,20,2.0,signal,10,89,1.3045179947939614,6.741063636363904
futures,6A,momentum,long,40007,40008,40198,2025-07-08 13:30:00+00:00,2025-07-08 13:45:00+00:00,2025-07-10 15:15:00+00:00,0.65295,0.657,80.99999999999996,77.99999999999996,0.1550695825049701,200,500,3.0,signal,190,45,1.7473560517038824,1.2644135188866905
futures,SI,momentum,short,39757,39758,40060,2025-07-08 17:15:00+00:00,2025-07-08 17:30:00+00:00,2025-07-14 01:00:00+00:00,36.785,39.285,-500.0,-503.0,-1.0,500,500,3.0,sl,302,35,3.19545454545453,2.8807157057653896
forex,AUDUSD,mean_reversion,long,41719,41720,41724,2025-07-09 04:15:00+00:00,2025-07-09 04:30:00+00:00,2025-07-09 05:30:00+00:00,0.65301001,0.65397948,9.694699999999168,7.694699999999168,0.050623026315784,50,150,2.0,signal,4,54,2.326040397466285,2.190237500000022
futures,6A,mean_reversion,long,40062,40063,40073,2025-07-09 04:15:00+00:00,2025-07-09 04:30:00+00:00,2025-07-09 07:00:00+00:00,0.6536,0.655,28.00000000000136,25.00000000000136,0.1231527093596126,50,200,3.0,signal,10,25,5.9255319148935035,2.280788177339898
forex,AUDUSD,mean_reversion,short,41727,41728,41750,2025-07-09 06:15:00+00:00,2025-07-09 06:30:00+00:00,2025-07-09 12:00:00+00:00,0.65280968,0.65182674,9.829399999999875,7.829399999999877,0.0515092105263149,50,150,2.0,signal,22,55,2.3566892097237355,2.240860526315806
forex,AUDUSD,mean_reversion,long,41753,41754,41757,2025-07-09 12:45:00+00:00,2025-07-09 13:00:00+00:00,2025-07-09 13:45:00+00:00,0.65352643,0.65393674,4.103100000000248,2.103100000000248,0.0138361842105279,50,150,2.0,signal,3,56,2.387874546473512,2.292369736842121
futures,ZN,momentum,short,39897,39898,40064,2025-07-09 13:00:00+00:00,2025-07-09 13:15:00+00:00,2025-07-11 08:45:00+00:00,110.90625,110.984375,-5.0,-8.0,-0.0522875816993464,50,150,3.0,signal,166,33,1.3861386138613874,0.5098039215686281
futures,ZN,mean_reversion,long,39897,39898,39911,2025-07-09 13:00:00+00:00,2025-07-09 13:15:00+00:00,2025-07-09 16:30:00+00:00,110.90625,111.078125,11.0,8.0,0.1509433962264151,15,50,3.0,signal,13,16,3.6842105263157894,0.9622641509433955
futures,NQ,momentum,long,39866,39867,39945,2025-07-09 14:45:00+00:00,2025-07-09 15:00:00+00:00,2025-07-10 11:30:00+00:00,22947.0,23072.0,500.0,497.0,1.4747774480712166,500,334,3.0,tp,78,55,1.3239720220432383,9.071216617210673
forex,AUDUSD,mean_reversion,short,41762,41763,42009,2025-07-09 15:00:00+00:00,2025-07-09 15:15:00+00:00,2025-07-14 06:00:00+00:00,0.65303993,0.65626705,-32.27119999999917,-34.27119999999917,-0.2254684210526261,50,150,2.0,signal,246,57,2.396251418483942,2.3062059210526487
futures,6A,mean_reversion,short,40106,40107,40345,2025-07-09 15:15:00+00:00,2025-07-09 15:30:00+00:00,2025-07-14 06:00:00+00:00,0.6536,0.65685,-65.00000000000172,-68.00000000000172,-0.3349753694581365,50,200,3.0,signal,238,26,6.191489361702023,2.4039408866995107
futures,6B,mean_reversion,short,40168,40169,40184,2025-07-10 08:15:00+00:00,2025-07-10 08:30:00+00:00,2025-07-10 12:15:00+00:00,1.3613,1.3583,29.99999999999892,26.99999999999892,0.133004926108369,100,200,3.0,signal,15,35,1.494047619047604,0.817733990147756
futures,NQ,mean_reversion,short,39954,39955,39955,2025-07-10 13:45:00+00:00,2025-07-10 14:00:00+00:00,2025-07-10 14:00:00+00:00,22960.75,22923.25,150.0,147.0,0.2922465208747515,150,500,3.0,tp,0,25,2.1431411530815114,3.429423459244534
futures,NQ,momentum,long,39954,39955,39962,2025-07-10 13:45:00+00:00,2025-07-10 14:00:00+00:00,2025-07-10 15:45:00+00:00,22960.75,23011.5,203.0,200.0,0.5934718100890207,500,334,3.0,signal,7,56,1.3766426451886389,10.54599406528189
forex,USDJPY,momentum,short,41774,41775,42124,2025-07-11 00:30:00+00:00,2025-07-11 00:45:00+00:00,2025-07-16 18:00:00+00:00,146.429,147.679,-125.0,-127.0,-0.2529880478087649,200,500,2.0,signal,349,36,1.3248177621876616,0.7734818725099311
futures,NQ,momentum,short,40046,40047,40075,2025-07-11 13:45:00+00:00,2025-07-11 14:00:00+00:00,2025-07-13 22:00:00+00:00,22963.75,22838.75,500.0,497.0,1.4747774480712166,500,334,3.0,tp,28,57,1.3978380669775325,11.139465875370911
futures,ES,mean_reversion,short,40071,40072,40077,2025-07-11 19:45:00+00:00,2025-07-11 20:00:00+00:00,2025-07-13 22:15:00+00:00,6299.25,6268.75,122.0,119.0,0.2365805168986083,500,500,3.0,signal,5,14,1.8747514910536769,0.8747514910536769
futures,6A,momentum,long,40326,40327,40723,2025-07-14 01:15:00+00:00,2025-07-14 01:30:00+00:00,2025-07-18 08:30:00+00:00,0.6572,0.6525,-94.00000000000074,-97.00000000000074,-0.1928429423459259,200,500,3.0,signal,396,43,1.6380728554641617,1.0795228628230678
futures,ZN,momentum,short,40175,40176,40181,2025-07-14 13:30:00+00:00,2025-07-14 13:45:00+00:00,2025-07-14 15:00:00+00:00,110.875,110.703125,11.0,8.0,0.0522875816993464,50,150,3.0,signal,5,34,1.3333333333333344,0.4575163398692817
futures,NG,momentum,long,40341,40342,40365,2025-07-15 06:15:00+00:00,2025-07-15 06:30:00+00:00,2025-07-15 12:15:00+00:00,3.421,3.439,18.000000000000238,15.000000000000238,0.0495049504950502,500,300,3.0,signal,23,33,2.080357142857141,2.7953795379537882
forex,AUDUSD,mean_reversion,short,42128,42129,42138,2025-07-15 11:45:00+00:00,2025-07-15 12:00:00+00:00,2025-07-15 14:15:00+00:00,0.6562584,0.65376997,24.884299999999858,22.884299999999858,0.1505546052631569,50,150,2.0,signal,9,57,2.2932944410814673,2.2320526315789735
futures,NQ,momentum,long,40252,40253,40259,2025-07-15 19:15:00+00:00,2025-07-15 19:30:00+00:00,2025-07-15 22:00:00+00:00,23089.0,23005.5,-334.0,-337.0,-1.0,500,334,3.0,sl,6,56,1.4535663259698863,12.246290801186936
futures,SI,momentum,short,40301,40302,40384,2025-07-16 15:15:00+00:00,2025-07-16 15:30:00+00:00,2025-07-17 13:00:00+00:00,38.25,37.795,90.99999999999966,87.99999999999966,0.1749502982107349,500,500,3.0,signal,82,35,2.0239923224568046,2.121272365805151
futures,NQ,mean_reversion,long,40334,40335,40345,2025-07-16 16:45:00+00:00,2025-07-16 17:00:00+00:00,2025-07-16 19:30:00+00:00,23045.75,23083.25,150.0,147.0,0.2922465208747515,150,500,3.0,tp,10,24,2.045725646123261,3.1371769383697825
forex,AUDUSD,mean_reversion,long,42257,42258,42401,2025-07-16 20:00:00+00:00,2025-07-16 20:15:00+00:00,2025-07-18 08:00:00+00:00,0.65318924,0.65162706,-15.621799999999686,-17.621799999999688,-0.11593289473684,50,150,2.0,signal,143,58,2.380528689643211,2.3826072368421305
futures,SI,momentum,short,40391,40392,40844,2025-07-17 14:45:00+00:00,2025-07-17 15:00:00+00:00,2025-07-24 13:00:00+00:00,38.19,39.0,-162.00000000000043,-165.00000000000043,-0.3280318091451301,500,500,3.0,signal,452,36,2.108445297504789,2.2962226640158856
futures,NQ,momentum,long,40508,40509,40597,2025-07-18 14:15:00+00:00,2025-07-18 14:30:00+00:00,2025-07-21 13:30:00+00:00,23194.0,23319.0,500.0,497.0,1.4747774480712166,500,334,3.0,tp,88,57,1.4016532428995332,11.246290801186936
forex,AUDUSD,mean_reversion,short,42469,42470,42474,2025-07-21 02:15:00+00:00,2025-07-21 02:30:00+00:00,2025-07-21 03:30:00+00:00,0.65074933,0.6508891,-1.3976999999998352,-3.397699999999835,-0.0223532894736831,50,150,2.0,signal,4,56,2.300356364284184,2.2666717105263343
forex,AUDUSD,mean_reversion,short,42491,42492,42589,2025-07-21 07:45:00+00:00,2025-07-21 08:00:00+00:00,2025-07-22 08:15:00+00:00,0.65110946,0.65118158,-0.7212000000000884,-2.7212000000000884,-0.0179026315789479,50,150,2.0,signal,97,57,2.27123065921427,2.2443184210526512
futures,NQ,momentum,long,40668,40669,40683,2025-07-22 08:15:00+00:00,2025-07-22 08:30:00+00:00,2025-07-22 12:00:00+00:00,23287.5,23330.5,172.0,169.0,0.5014836795252225,500,334,3.0,signal,14,57,1.4163840610428142,11.658753709198805
futures,NQ,mean_reversion,short,40669,40670,40690,2025-07-22 08:30:00+00:00,2025-07-22 08:45:00+00:00,2025-07-22 13:45:00+00:00,23281.0,23243.5,150.0,147.0,0.2922465208747515,150,500,3.0,tp,20,25,2.1431411530815114,3.429423459244534
forex,AUDUSD,mean_reversion,long,42592,42593,42607,2025-07-22 09:00:00+00:00,2025-07-22 09:15:00+00:00,2025-07-22 12:45:00+00:00,0.65161014,0.65252852,9.183799999999964,7.183799999999964,0.0472618421052629,50,150,2.0,signal,14,58,2.248430585913385,2.226415789473703
futures,6A,mean_reversion,long,40909,40910,40923,2025-07-22 09:00:00+00:00,2025-07-22 09:15:00+00:00,2025-07-22 12:30:00+00:00,0.65205,0.65275,14.00000000000068,11.00000000000068,0.0541871921182299,50,200,3.0,signal,13,26,3.561728395061655,2.0443349753694466
futures,NQ,momentum,long,40689,40690,40690,2025-07-22 13:30:00+00:00,2025-07-22 13:45:00+00:00,2025-07-22 13:45:00+00:00,23278.25,23194.75,-334.0,-337.0,-1.0,500,334,3.0,sl,0,57,1.3816235693090289,10.68545994065281
futures,NQ,momentum,short,40725,40726,40782,2025-07-22 23:30:00+00:00,2025-07-22 23:45:00+00:00,2025-07-23 13:45:00+00:00,23237.75,23197.5,161.0,158.0,0.4688427299703264,500,334,3.0,signal,56,58,1.3339813772638898,9.68545994065281
futures,NQ,mean_reversion,long,40726,40727,40799,2025-07-22 23:45:00+00:00,2025-07-23 00:00:00+00:00,2025-07-23 18:00:00+00:00,23261.75,23299.25,150.0,147.0,0.2922465208747515,150,500,3.0,tp,72,26,2.240556660039762,3.721669980119285
futures,ZN,mean_reversion,short,40818,40819,40831,2025-07-23 13:15:00+00:00,2025-07-23 13:30:00+00:00,2025-07-23 16:30:00+00:00,111.15625,111.015625,9.0,6.0,0.1132075471698113,15,50,3.0,signal,12,16,4.333333333333332,1.1320754716981125
futures,NQ,momentum,long,40869,40870,40881,2025-07-24 12:30:00+00:00,2025-07-24 12:45:00+00:00,2025-07-24 15:30:00+00:00,23342.5,23380.75,153.0,150.0,0.4451038575667655,500,334,3.0,signal,11,59,1.3501483679525217,10.154302670623137
futures,SI,momentum,short,40848,40849,40920,2025-07-24 14:00:00+00:00,2025-07-24 14:15:00+00:00,2025-07-25 09:00:00+00:00,39.29,39.075,42.99999999999926,39.99999999999926,0.0795228628230601,500,500,3.0,signal,71,35,1.6893123446561644,1.6540755467196633
futures,6J,mean_reversion,short,41128,41129,41133,2025-07-24 15:15:00+00:00,2025-07-24 15:30:00+00:00,2025-07-24 16:30:00+00:00,0.006852,0.006846,11.999999999999858,8.999999999999858,0.0443349753694574,200,200,3.0,signal,4,11,11.724137931034527,1.5320197044334998
futures,NG,momentum,short,41052,41053,41080,2025-07-25 00:00:00+00:00,2025-07-25 00:15:00+00:00,2025-07-25 07:00:00+00:00,3.148,3.138,10.000000000000233,7.000000000000231,0.0231023102310238,500,300,3.0,signal,27,32,1.8737244897959178,2.2607260726072567
futures,NG,momentum,short,41086,41087,41185,2025-07-25 08:30:00+00:00,2025-07-25 08:45:00+00:00,2025-07-28 10:15:00+00:00,3.154,3.119,34.999999999999694,31.99999999999969,0.1056105610561046,500,300,3.0,signal,98,33,1.8826530612244896,2.2838283828382804
futures,CL,momentum,long,41104,41105,41190,2025-07-25 13:30:00+00:00,2025-07-25 13:45:00+00:00,2025-07-28 12:00:00+00:00,65.85,66.23,38.000000000000966,35.000000000000966,0.1155115511551187,500,300,3.0,signal,85,27,5.064182194616977,6.47854785478548
futures,ZN,momentum,long,41083,41084,41184,2025-07-28 10:30:00+00:00,2025-07-28 10:45:00+00:00,2025-07-29 12:45:00+00:00,110.96875,111.015625,3.0,0.0,0.0,50,150,3.0,signal,100,32,1.397905759162305,0.4967320261437914
futures,ZN,mean_reversion,short,41084,41085,41095,2025-07-28 10:45:00+00:00,2025-07-28 11:00:00+00:00,2025-07-28 13:30:00+00:00,110.9375,110.84375,6.0,3.0,0.0566037735849056,15,50,3.0,signal,10,15,11.999999999999996,1.4528301886792445
futures,NG,momentum,short,41188,41189,41199,2025-07-28 11:00:00+00:00,2025-07-28 11:15:00+00:00,2025-07-28 13:45:00+00:00,3.15,3.145,4.999999999999893,1.9999999999998932,0.0066006600660062,500,300,3.0,signal,10,34,1.9234693877551012,2.389438943894385
futures,ZN,mean_reversion,long,41175,41176,41184,2025-07-29 10:30:00+00:00,2025-07-29 10:45:00+00:00,2025-07-29 12:45:00+00:00,110.890625,111.015625,8.0,5.0,0.0943396226415094,15,50,3.0,signal,8,15,11.571428571428568,1.3962264150943389
futures,6J,mean_reversion,short,41476,41477,41486,2025-07-30 10:15:00+00:00,2025-07-30 10:30:00+00:00,2025-07-30 12:45:00+00:00,0.0067815,0.00676,42.99999999999964,39.99999999999964,0.1970443349753676,200,200,3.0,signal,9,12,12.034482758620728,1.576354679802957
futures,NG,momentum,long,41373,41374,41541,2025-07-30 11:15:00+00:00,2025-07-30 11:30:00+00:00,2025-08-01 07:15:00+00:00,3.147,3.12,-26.99999999999969,-29.99999999999969,-0.0990099009900979,500,300,3.0,signal,167,34,1.8545918367346927,2.211221122112206
futures,NQ,momentum,long,41333,41334,41338,2025-07-31 13:30:00+00:00,2025-07-31 13:45:00+00:00,2025-07-31 14:45:00+00:00,23636.25,23552.75,-334.0,-337.0,-1.0,500,334,3.0,sl,4,56,1.4663318876968723,12.124629080118686
futures,ZN,momentum,long,41382,41383,41462,2025-07-31 16:15:00+00:00,2025-07-31 16:30:00+00:00,2025-08-01 13:15:00+00:00,111.171875,111.890625,46.0,43.0,0.2810457516339869,50,150,3.0,signal,79,33,1.397905759162305,0.4967320261437914
futures,CL,momentum,short,41558,41559,41566,2025-08-01 12:00:00+00:00,2025-08-01 12:15:00+00:00,2025-08-01 14:00:00+00:00,69.07,68.45,61.99999999999904,58.99999999999904,0.1947194719471915,500,300,3.0,signal,7,25,4.853002070393379,6.141914191419148
futures,SI,momentum,short,41394,41395,41403,2025-08-01 12:30:00+00:00,2025-08-01 12:45:00+00:00,2025-08-01 14:45:00+00:00,36.94,36.92,3.999999999999204,0.9999999999992042,0.0019880715705749,500,500,3.0,signal,8,35,2.032258064516119,2.099403578528807
futures,NG,momentum,long,41567,41568,41574,2025-08-01 13:45:00+00:00,2025-08-01 14:00:00+00:00,2025-08-01 15:30:00+00:00,3.087,3.101,13.99999999999979,10.99999999999979,0.0363036303630356,500,300,3.0,signal,6,35,1.7862407862407859,2.112211221122108
forex,AUDUSD,mean_reversion,short,43385,43386,43394,2025-08-01 16:45:00+00:00,2025-08-01 17:00:00+00:00,2025-08-01 19:00:00+00:00,0.64564866,0.64428842,13.602400000000126,11.602400000000126,0.0763315789473692,50,150,2.0,signal,8,55,2.075724759981207,1.9184171052631762
futures,6B,mean_reversion,long,41681,41682,41689,2025-08-01 18:30:00+00:00,2025-08-01 18:45:00+00:00,2025-08-01 20:30:00+00:00,1.3255,1.3286,31.000000000001027,28.000000000001027,0.1379310344827636,100,200,3.0,signal,7,30,3.5433070866141483,1.591133004926091
futures,6A,mean_reversion,short,41743,41744,41809,2025-08-04 10:30:00+00:00,2025-08-04 10:45:00+00:00,2025-08-05 04:00:00+00:00,0.6478,0.646,36.00000000000048,33.00000000000048,0.1625615763546821,50,200,3.0,signal,65,25,3.5432098765431412,2.029556650246297
futures,NQ,momentum,short,41517,41518,41528,2025-08-04 13:30:00+00:00,2025-08-04 13:45:00+00:00,2025-08-04 16:15:00+00:00,23189.5,23273.0,-334.0,-337.0,-1.0,500,334,3.0,sl,10,57,1.4120232992636548,11.124629080118686
futures,6B,mean_reversion,short,41825,41826,42183,2025-08-05 08:30:00+00:00,2025-08-05 08:45:00+00:00,2025-08-11 06:00:00+00:00,1.3281,1.3481,-200.0,-203.0,-1.0,100,200,3.0,sl,357,31,3.7637795275590387,1.7290640394088546
futures,GC,momentum,long,41676,41677,41684,2025-08-05 10:45:00+00:00,2025-08-05 11:00:00+00:00,2025-08-05 12:45:00+00:00,3406.6,3417.8,112.00000000000271,109.00000000000271,0.9646017699115286,300,110,3.0,signal,7,16,1.365486725663716,3.6548672566371616
forex,AUDUSD,mean_reversion,long,43555,43556,43570,2025-08-05 12:45:00+00:00,2025-08-05 13:00:00+00:00,2025-08-05 16:30:00+00:00,0.64674687,0.64769775,9.508799999999871,7.508799999999873,0.0493999999999991,50,150,2.0,signal,14,56,2.1185265934390465,1.9947486842105455
futures,NG,momentum,long,41770,41771,41844,2025-08-05 18:30:00+00:00,2025-08-05 18:45:00+00:00,2025-08-06 14:00:00+00:00,3.005,3.053,48.00000000000004,45.00000000000004,0.1485148514851486,500,300,3.0,signal,73,35,1.7260442260442257,1.9504950495049467
forex,AUDUSD,mean_reversion,short,43579,43580,43933,2025-08-05 18:45:00+00:00,2025-08-05 19:00:00+00:00,2025-08-11 12:45:00+00:00,0.64703977,0.65061814,-35.78369999999942,-37.78369999999942,-0.2485769736842067,50,150,2.0,signal,353,57,2.146226931909381,2.0441486842105445
futures,CL,momentum,short,41820,41821,41844,2025-08-06 08:30:00+00:00,2025-08-06 08:45:00+00:00,2025-08-06 14:30:00+00:00,66.14,65.72,42.00000000000017,39.00000000000017,0.1287128712871292,500,300,3.0,signal,23,25,13.350000000000023,7.33663366336634
futures,ES,mean_reversion,short,41682,41683,41697,2025-08-06 08:30:00+00:00,2025-08-06 08:45:00+00:00,2025-08-06 12:15:00+00:00,6345.0,6331.75,53.0,50.0,0.099403578528827,500,500,3.0,signal,14,13,1.8747514910536769,0.874751491053677
futures,GC,momentum,long,41760,41761,41785,2025-08-06 08:45:00+00:00,2025-08-06 09:00:00+00:00,2025-08-06 15:00:00+00:00,3419.2,3435.1,159.0000000000009,156.0000000000009,1.3805309734513356,300,110,3.0,signal,24,17,1.4619469026548688,4.61946902654869
futures,ES,mean_reversion,long,41706,41707,41710,2025-08-06 14:30:00+00:00,2025-08-06 14:45:00+00:00,2025-08-06 15:30:00+00:00,6345.75,6364.25,74.0,71.0,0.1411530815109344,500,500,3.0,signal,3,14,1.9741550695825039,0.974155069582504
futures,ZN,momentum,long,41838,41839,42175,2025-08-07 15:15:00+00:00,2025-08-07 15:30:00+00:00,2025-08-13 07:30:00+00:00,112.171875,111.953125,-14.0,-17.0,-0.1111111111111111,50,150,3.0,signal,336,32,1.5706806282722525,0.7124183006535953
futures,6J,mean_reversion,short,42083,42084,42116,2025-08-08 01:00:00+00:00,2025-08-08 01:15:00+00:00,2025-08-08 09:15:00+00:00,0.0068175,0.0068015,31.999999999999044,28.999999999999044,0.1428571428571381,200,200,3.0,signal,32,13,13.413793103448306,1.7733990147783247
futures,NG,momentum,long,41997,41998,42001,2025-08-08 06:15:00+00:00,2025-08-08 06:30:00+00:00,2025-08-08 07:15:00+00:00,3.056,3.1,44.00000000000004,41.00000000000004,0.1353135313531354,500,300,3.0,signal,3,36,1.781326781326781,2.099009900990095
futures,GC,momentum,long,41980,41981,41981,2025-08-08 17:45:00+00:00,2025-08-08 18:00:00+00:00,2025-08-08 18:00:00+00:00,3463.9,3452.9,-110.0,-113.0,-1.0,300,110,3.0,sl,0,17,1.3371681415929229,3.3716814159292294
forex,AUDUSD,mean_reversion,long,43945,43946,43989,2025-08-11 15:45:00+00:00,2025-08-11 16:00:00+00:00,2025-08-12 02:45:00+00:00,0.6514191,0.65222633,8.072299999999366,6.072299999999366,0.0399493421052589,50,150,2.0,signal,43,55,1.8591849460679828,1.7232078947368632
forex,AUDUSD,mean_reversion,short,43994,43995,44000,2025-08-12 04:00:00+00:00,2025-08-12 04:15:00+00:00,2025-08-12 05:30:00+00:00,0.65176731,0.65006822,16.990900000000142,14.990900000000142,0.098624342105264,50,150,2.0,signal,5,55,1.9040888718707785,1.789475000000018
futures,6A,mean_reversion,short,42270,42271,42275,2025-08-12 04:15:00+00:00,2025-08-12 04:30:00+00:00,2025-08-12 05:30:00+00:00,0.6517,0.6503,27.999999999999137,24.999999999999137,0.1231527093596016,50,200,3.0,signal,4,25,3.685185185185111,2.142857142857133
futures,ES,mean_reversion,long,42065,42066,42067,2025-08-12 12:15:00+00:00,2025-08-12 12:30:00+00:00,2025-08-12 12:45:00+00:00,6403.0,6434.0,124.0,121.0,0.2405566600397614,500,500,3.0,signal,1,13,2.0775347912524844,1.0775347912524844
futures,ZB,mean_reversion,long,42055,42056,42132,2025-08-12 12:45:00+00:00,2025-08-12 13:00:00+00:00,2025-08-13 09:00:00+00:00,115.125,115.21875,3.0,0.0,0.0,15,50,3.0,signal,76,13,2.5652173913043472,0.6792452830188676
futures,NQ,mean_reversion,short,42070,42071,42074,2025-08-12 13:45:00+00:00,2025-08-12 14:00:00+00:00,2025-08-12 14:45:00+00:00,23653.75,23778.75,-500.0,-503.0,-1.0,150,500,3.0,sl,3,22,1.8508946322067599,2.55268389662028
futures,SI,momentum,short,42049,42050,42228,2025-08-12 15:15:00+00:00,2025-08-12 15:30:00+00:00,2025-08-14 14:00:00+00:00,38.065,38.045,3.999999999999204,0.9999999999992042,0.0019880715705749,500,500,3.0,signal,178,34,2.2827822120866452,2.2365805168985875
futures,NG,momentum,long,42474,42475,42479,2025-08-15 10:30:00+00:00,2025-08-15 10:45:00+00:00,2025-08-15 11:45:00+00:00,2.846,2.887,40.99999999999992,37.99999999999992,0.1254125412541251,500,300,3.0,signal,4,36,1.7628992628992632,2.0495049504950464
futures,SI,momentum,short,42324,42325,42453,2025-08-15 15:00:00+00:00,2025-08-15 15:15:00+00:00,2025-08-19 01:15:00+00:00,38.005,37.915,18.000000000000682,15.000000000000682,0.0298210735586494,500,500,3.0,signal,128,35,2.2839224629418324,2.238568588469162
futures,NG,momentum,long,42516,42517,42591,2025-08-17 22:00:00+00:00,2025-08-17 22:15:00+00:00,2025-08-18 16:45:00+00:00,2.877,2.901,24.00000000000002,21.00000000000002,0.0693069306930693,500,300,3.0,signal,74,37,1.8095823095823098,2.1749174917491714
futures,ZN,momentum,short,42451,42452,42471,2025-08-18 07:30:00+00:00,2025-08-18 07:45:00+00:00,2025-08-18 12:30:00+00:00,111.796875,111.6875,7.0,4.0,0.0261437908496732,50,150,3.0,signal,19,29,1.3461538461538476,0.4117647058823535
forex,AUDUSD,mean_reversion,short,44396,44397,44403,2025-08-18 09:45:00+00:00,2025-08-18 10:00:00+00:00,2025-08-18 11:30:00+00:00,0.65150827,0.65142339,0.8487999999995388,-1.1512000000004612,-0.0075736842105293,50,150,2.0,signal,6,54,2.4597499650214707,2.2170500000000164
futures,NG,momentum,long,42620,42621,42860,2025-08-19 01:00:00+00:00,2025-08-19 01:15:00+00:00,2025-08-21 15:00:00+00:00,2.876,2.819,-56.999999999999936,-59.999999999999936,-0.1980198019801978,500,300,3.0,signal,239,38,1.8353808353808356,2.2442244224422407
futures,SI,momentum,short,42478,42479,42501,2025-08-19 07:30:00+00:00,2025-08-19 07:45:00+00:00,2025-08-19 13:15:00+00:00,38.055,37.92,26.9999999999996,23.9999999999996,0.0477137176938361,500,500,3.0,signal,22,36,2.301026225769655,2.2683896620278117
futures,YM,momentum,short,42554,42555,42582,2025-08-19 19:45:00+00:00,2025-08-19 20:00:00+00:00,2025-08-20 03:45:00+00:00,44998.0,44885.0,113.0,110.0,0.2186878727634194,300,500,3.0,signal,27,27,1.4053651266766012,1.6222664015904549
futures,6J,mean_reversion,short,42845,42846,42935,2025-08-20 07:30:00+00:00,2025-08-20 07:45:00+00:00,2025-08-21 07:00:00+00:00,0.0067955,0.0067935,4.000000000000531,1.0000000000005311,0.0049261083743868,200,200,3.0,signal,89,14,14.413793103448276,1.9162561576354629
futures,CL,momentum,long,42745,42746,42770,2025-08-20 09:45:00+00:00,2025-08-20 10:00:00+00:00,2025-08-20 16:00:00+00:00,62.24,62.86,61.999999999999744,58.999999999999744,0.1947194719471938,500,300,3.0,signal,24,23,28.188235294117813,7.627062706270627
futures,ZN,momentum,long,42651,42652,42657,2025-08-20 11:30:00+00:00,2025-08-20 11:45:00+00:00,2025-08-20 13:00:00+00:00,111.734375,111.828125,6.0,3.0,0.0196078431372549,50,150,3.0,signal,5,30,1.3681318681318695,0.4379084967320267
futures,YM,momentum,long,42648,42649,42671,2025-08-20 20:15:00+00:00,2025-08-20 20:30:00+00:00,2025-08-21 03:00:00+00:00,44985.0,45014.0,29.0,26.0,0.05168986083499,300,500,3.0,signal,22,28,1.4600099354197706,1.8409542743538743
futures,ZN,momentum,long,42726,42727,42848,2025-08-21 07:15:00+00:00,2025-08-21 07:30:00+00:00,2025-08-22 14:45:00+00:00,111.78125,112.09375,20.0,17.0,0.1111111111111111,50,150,3.0,signal,121,30,1.307692307692309,0.36601307189542537
futures,YM,momentum,short,42781,42782,42807,2025-08-22 07:30:00+00:00,2025-08-22 07:45:00+00:00,2025-08-22 14:00:00+00:00,44892.0,45392.0,-500.0,-503.0,-1.0,300,500,3.0,sl,25,29,1.4729259811227016,1.8926441351888643
futures,GC,momentum,short,42884,42885,42885,2025-08-22 13:45:00+00:00,2025-08-22 14:00:00+00:00,2025-08-22 14:00:00+00:00,3376.1,3387.1,-110.0,-113.0,-1.0,300,110,3.0,sl,0,17,1.3371681415929229,3.3716814159292294
futures,NG,momentum,short,43009,43010,43532,2025-08-25 06:15:00+00:00,2025-08-25 06:30:00+00:00,2025-09-02 01:30:00+00:00,2.774,2.956,-181.99999999999997,-184.99999999999997,-0.6105610561056104,500,300,3.0,signal,522,37,1.6178489702517174,1.782178217821781
futures,6A,momentum,long,43157,43158,43214,2025-08-25 19:00:00+00:00,2025-08-25 19:15:00+00:00,2025-08-26 10:15:00+00:00,0.64825,0.649,15.000000000000568,12.000000000000568,0.0238568588469196,200,500,3.0,signal,56,37,1.3371647509578635,0.5248508946322208
futures,ZN,mean_reversion,short,42978,42979,42993,2025-08-26 01:15:00+00:00,2025-08-26 01:30:00+00:00,2025-08-26 05:00:00+00:00,111.921875,111.8125,7.0,4.0,0.0754716981132075,15,50,3.0,signal,14,15,10.571428571428568,1.2641509433962257
futures,ZN,momentum,long,42978,42979,43022,2025-08-26 01:15:00+00:00,2025-08-26 01:30:00+00:00,2025-08-26 12:15:00+00:00,111.921875,112.09375,11.0,8.0,0.0522875816993464,50,150,3.0,signal,43,31,1.4010989010989026,0.4771241830065365
futures,6J,mean_reversion,short,43191,43192,43200,2025-08-26 02:00:00+00:00,2025-08-26 02:15:00+00:00,2025-08-26 04:15:00+00:00,0.0067985,0.0067805,35.999999999999574,32.999999999999574,0.1625615763546777,200,200,3.0,signal,8,13,12.689655172413756,1.6699507389162462
futures,ES,mean_reversion,long,42959,42960,42996,2025-08-26 05:45:00+00:00,2025-08-26 06:00:00+00:00,2025-08-26 15:00:00+00:00,6453.0,6455.75,11.0,8.0,0.0159045725646123,500,500,3.0,signal,36,13,2.113320079522862,1.113320079522862
futures,SI,momentum,long,42936,42937,43140,2025-08-26 07:00:00+00:00,2025-08-26 07:15:00+00:00,2025-08-28 12:30:00+00:00,38.62,39.295,135.00000000000085,132.00000000000085,0.262425447316105,500,500,3.0,signal,203,36,2.2668187001140114,2.2087475149105162
futures,CL,momentum,long,43109,43110,43289,2025-08-26 08:45:00+00:00,2025-08-26 09:00:00+00:00,2025-08-28 07:45:00+00:00,64.03,63.98,-5.000000000000426,-8.000000000000426,-0.0264026402640278,500,300,3.0,signal,179,24,28.882352941176638,7.821782178217821
futures,6A,mean_reversion,short,43226,43227,43301,2025-08-26 13:15:00+00:00,2025-08-26 13:30:00+00:00,2025-08-27 09:00:00+00:00,0.6485,0.6473,23.999999999999577,20.999999999999577,0.1034482758620668,50,200,3.0,signal,74,25,3.617283950617205,2.0886699507389013
futures,6A,momentum,long,43276,43277,43332,2025-08-27 02:45:00+00:00,2025-08-27 03:00:00+00:00,2025-08-27 16:45:00+00:00,0.6494,0.65055,22.999999999999687,19.999999999999687,0.0397614314115301,200,500,3.0,signal,55,38,1.3524904214559488,0.5487077534791404
futures,SI,mean_reversion,long,43059,43060,43073,2025-08-27 14:45:00+00:00,2025-08-27 15:00:00+00:00,2025-08-27 18:15:00+00:00,38.455,38.67,43.00000000000068,40.00000000000068,0.0795228628230629,200,500,3.0,signal,13,10,17.500000000000448,0.5248508946322089
futures,ZB,mean_reversion,long,43076,43077,43094,2025-08-27 15:00:00+00:00,2025-08-27 15:15:00+00:00,2025-08-27 19:30:00+00:00,114.34375,114.59375,8.0,5.0,0.0943396226415094,15,50,3.0,signal,17,12,inf,1.1132075471698109
futures,ZB,momentum,short,43076,43077,43231,2025-08-27 15:00:00+00:00,2025-08-27 15:15:00+00:00,2025-08-29 08:15:00+00:00,114.34375,114.375,-1.0,-4.0,-0.0512820512820512,30,75,3.0,signal,154,20,1.3722222222222222,0.8589743589743585
futures,NQ,mean_reversion,short,43110,43111,43111,2025-08-27 20:45:00+00:00,2025-08-27 22:00:00+00:00,2025-08-27 22:00:00+00:00,23542.25,23504.75,150.0,147.0,0.2922465208747515,150,500,3.0,tp,0,22,1.315109343936382,1.2604373757455283
futures,CL,momentum,long,43293,43294,43320,2025-08-28 08:45:00+00:00,2025-08-28 09:00:00+00:00,2025-08-28 15:30:00+00:00,63.67,63.81,14.000000000000057,11.000000000000057,0.0363036303630364,500,300,3.0,signal,26,24,25.354838709677438,7.475247524752473
futures,ES,momentum,long,43244,43245,43422,2025-08-29 08:00:00+00:00,2025-08-29 08:15:00+00:00,2025-09-02 10:30:00+00:00,6497.5,6422.5,-300.0,-303.0,-1.0,300,300,3.0,sl,177,59,1.3059999999999994,4.039603960396038
futures,NQ,momentum,long,43243,43244,43266,2025-08-29 08:00:00+00:00,2025-08-29 08:15:00+00:00,2025-08-29 13:45:00+00:00,23657.5,23574.0,-334.0,-337.0,-1.0,500,334,3.0,sl,22,58,1.316235693090292,8.85459940652818
futures,ZN,momentum,long,43296,43297,43314,2025-08-29 12:00:00+00:00,2025-08-29 12:15:00+00:00,2025-08-29 16:30:00+00:00,112.453125,112.546875,6.0,3.0,0.0196078431372549,50,150,3.0,signal,17,32,1.4450549450549466,0.5294117647058829
futures,CL,momentum,long,43408,43409,43479,2025-08-29 14:30:00+00:00,2025-08-29 14:45:00+00:00,2025-09-01 09:15:00+00:00,64.0,64.75,75.0,72.0,0.2376237623762376,500,300,3.0,signal,70,25,25.473118279569913,7.51155115511551
futures,6J,mean_reversion,long,43561,43562,43564,2025-09-01 02:30:00+00:00,2025-09-01 02:45:00+00:00,2025-09-01 03:15:00+00:00,0.006811,0.0068165,10.999999999998858,7.999999999998858,0.0394088669950682,200,200,3.0,signal,2,13,13.103448275862029,1.7290640394088563
futures,6J,mean_reversion,short,43581,43582,43602,2025-09-01 07:30:00+00:00,2025-09-01 07:45:00+00:00,2025-09-01 12:45:00+00:00,0.006806,0.0068025,7.000000000000062,4.000000000000062,0.0197044334975372,200,200,3.0,signal,20,14,13.379310344827507,1.7684729064039246
futures,6A,momentum,long,43641,43642,43786,2025-09-02 02:00:00+00:00,2025-09-02 02:15:00+00:00,2025-09-03 15:15:00+00:00,0.65415,0.65505,18.000000000000238,15.000000000000238,0.0298210735586485,200,500,3.0,signal,144,39,1.378033205619422,0.5884691848906705
futures,NG,momentum,long,43568,43569,43663,2025-09-02 10:30:00+00:00,2025-09-02 10:45:00+00:00,2025-09-03 11:15:00+00:00,2.964,3.026,61.99999999999983,58.99999999999983,0.1947194719471941,500,300,3.0,signal,94,37,1.8703703703703718,2.1716171617161706
futures,SI,momentum,long,43388,43389,43398,2025-09-02 12:30:00+00:00,2025-09-02 12:45:00+00:00,2025-09-02 15:00:00+00:00,41.18,41.59,82.00000000000074,79.00000000000074,0.1570576540755482,500,500,3.0,signal,9,36,2.2462941847206257,2.17296222664014
futures,HG,mean_reversion,long,43578,43579,43582,2025-09-02 13:45:00+00:00,2025-09-02 14:00:00+00:00,2025-09-02 14:45:00+00:00,4.573,4.5935,40.99999999999859,37.99999999999859,0.1254125412541207,150,300,3.0,signal,3,10,4.826666666666737,0.9471947194719536
forex,AUDUSD,mean_reversion,long,45530,45531,45548,2025-09-03 07:45:00+00:00,2025-09-03 08:00:00+00:00,2025-09-03 12:15:00+00:00,0.65252852,0.65415061,16.220900000000203,14.220900000000205,0.0935585526315802,50,150,2.0,signal,17,51,2.111348412482573,1.6963190789473674
futures,ES,mean_reversion,short,43523,43524,43529,2025-09-03 12:45:00+00:00,2025-09-03 13:00:00+00:00,2025-09-03 14:15:00+00:00,6445.75,6438.25,30.0,27.0,0.0536779324055666,500,500,3.0,signal,5,14,2.129224652087474,1.1292246520874742
futures,ES,mean_reversion,short,43535,43536,43543,2025-09-03 15:45:00+00:00,2025-09-03 16:00:00+00:00,2025-09-03 17:45:00+00:00,6445.5,6434.25,45.0,42.0,0.0834990059642147,500,500,3.0,signal,7,15,2.1829025844930405,1.1829025844930408
futures,NQ,mean_reversion,short,43534,43535,43541,2025-09-03 15:45:00+00:00,2025-09-03 16:00:00+00:00,2025-09-03 17:30:00+00:00,23415.0,23377.5,150.0,147.0,0.2922465208747515,150,500,3.0,tp,6,21,1.7534791252485091,2.2604373757455285
futures,SI,momentum,long,43507,43508,43667,2025-09-03 19:15:00+00:00,2025-09-03 19:30:00+00:00,2025-09-05 13:15:00+00:00,41.71,41.89,35.99999999999994,32.99999999999994,0.0656063618290257,500,500,3.0,signal,159,37,2.3363740022804893,2.3300198807156884
futures,ES,mean_reversion,long,43550,43551,43557,2025-09-03 19:30:00+00:00,2025-09-03 19:45:00+00:00,2025-09-03 22:15:00+00:00,6444.25,6458.25,56.0,53.0,0.1053677932405566,500,500,3.0,signal,6,16,2.266401590457255,1.2664015904572554
futures,6A,momentum,long,43825,43826,43941,2025-09-04 02:00:00+00:00,2025-09-04 02:15:00+00:00,2025-09-05 08:00:00+00:00,0.6537,0.65445,15.000000000000568,12.000000000000568,0.0238568588469196,200,500,3.0,signal,115,39,1.4490066225165656,0.6739562624254609
futures,6A,mean_reversion,long,43871,43872,43932,2025-09-04 13:30:00+00:00,2025-09-04 13:45:00+00:00,2025-09-05 05:45:00+00:00,0.6526,0.6534,16.00000000000046,13.000000000000458,0.0640394088669973,50,200,3.0,signal,60,25,3.456790123456712,1.9605911330049088
forex,GBPUSD,mean_reversion,long,45615,45616,45634,2025-09-04 19:00:00+00:00,2025-09-04 19:15:00+00:00,2025-09-04 23:45:00+00:00,1.34335,1.34428,9.299999999998754,7.299999999998754,0.0361386138613799,100,200,2.0,signal,18,19,1.3049676025917876,0.3495049504950433
futures,NG,momentum,long,43859,43860,43900,2025-09-05 14:15:00+00:00,2025-09-05 14:30:00+00:00,2025-09-08 01:30:00+00:00,3.072,3.111,39.00000000000014,36.00000000000014,0.1188118811881192,500,300,3.0,signal,40,38,1.9484126984126997,2.366336633663365
futures,SI,mean_reversion,short,43671,43672,43701,2025-09-05 14:15:00+00:00,2025-09-05 14:30:00+00:00,2025-09-07 22:45:00+00:00,41.44,41.315,25.0,22.0,0.0437375745526839,200,500,3.0,signal,29,11,20.000000000000547,0.6043737574552718
futures,SI,momentum,long,43671,43672,44039,2025-09-05 14:15:00+00:00,2025-09-05 14:30:00+00:00,2025-09-11 14:15:00+00:00,41.44,41.88,88.00000000000097,85.00000000000097,0.1689860834990078,500,500,3.0,signal,367,38,2.3740022805016983,2.395626242544714
futures,CL,momentum,short,43916,43917,43947,2025-09-08 06:00:00+00:00,2025-09-08 06:15:00+00:00,2025-09-08 13:45:00+00:00,62.96,62.44,52.00000000000031,49.00000000000031,0.1617161716171627,500,300,3.0,signal,30,25,25.924731182795725,7.650165016501649
futures,NG,momentum,long,43941,43942,43947,2025-09-08 11:45:00+00:00,2025-09-08 12:00:00+00:00,2025-09-08 13:15:00+00:00,3.095,3.194,98.99999999999976,95.99999999999976,0.316831683168316,500,300,3.0,signal,5,38,1.9867724867724883,2.462046204620462
futures,YM,mean_reversion,long,43806,43807,43831,2025-09-08 14:45:00+00:00,2025-09-08 15:00:00+00:00,2025-09-08 22:00:00+00:00,45510.0,45580.0,70.0,67.0,0.1332007952286282,500,500,3.0,signal,24,10,3.4075546719681893,2.4075546719681897
futures,HG,mean_reversion,short,43998,43999,44031,2025-09-09 03:45:00+00:00,2025-09-09 04:00:00+00:00,2025-09-09 12:00:00+00:00,4.5695,4.5575,23.999999999999133,20.999999999999133,0.0693069306930664,150,300,3.0,signal,32,11,5.333333333333391,1.0726072607260742
futures,CL,momentum,long,44023,44024,44037,2025-09-09 09:45:00+00:00,2025-09-09 10:00:00+00:00,2025-09-09 13:15:00+00:00,62.7,63.26,55.99999999999952,52.99999999999952,0.1749174917491733,500,300,3.0,signal,13,26,26.451612903225833,7.811881188118812
futures,ZN,mean_reversion,short,43934,43935,43959,2025-09-09 14:30:00+00:00,2025-09-09 14:45:00+00:00,2025-09-09 20:45:00+00:00,113.359375,113.265625,6.0,3.0,0.0566037735849056,15,50,3.0,signal,24,15,10.999999999999996,1.3207547169811313
forex,USDJPY,momentum,short,45793,45794,46215,2025-09-09 15:00:00+00:00,2025-09-09 15:15:00+00:00,2025-09-16 02:30:00+00:00,147.286,147.211,7.499999999998863,5.499999999998863,0.0109561752988025,200,500,2.0,signal,421,33,1.359077917567094,0.7119322709163121
futures,CL,momentum,long,44048,44049,44072,2025-09-09 16:00:00+00:00,2025-09-09 16:15:00+00:00,2025-09-09 23:00:00+00:00,62.8,63.05,25.0,22.0,0.0726072607260726,500,300,3.0,signal,23,27,27.02150537634411,7.986798679867985
futures,NG,momentum,long,44073,44074,44423,2025-09-09 22:45:00+00:00,2025-09-09 23:00:00+00:00,2025-09-15 17:15:00+00:00,3.099,3.012,-87.00000000000018,-90.00000000000018,-0.2970297029702976,500,300,3.0,signal,349,39,2.1137566137566153,2.778877887788778
futures,GC,momentum,short,44157,44158,44205,2025-09-11 12:30:00+00:00,2025-09-11 12:45:00+00:00,2025-09-12 01:30:00+00:00,3674.4,3685.4,-110.0,-113.0,-1.0,300,110,3.0,sl,47,17,1.3371681415929229,3.3716814159292294
forex,GBPUSD,mean_reversion,short,46173,46174,46501,2025-09-12 15:30:00+00:00,2025-09-12 15:45:00+00:00,2025-09-18 01:30:00+00:00,1.35533,1.36173,-64.00000000000183,-66.00000000000183,-0.3267326732673358,100,200,2.0,signal,327,18,1.320439560439554,0.36089108910890344
futures,6J,mean_reversion,long,44448,44449,44472,2025-09-12 17:15:00+00:00,2025-09-12 17:30:00+00:00,2025-09-15 00:30:00+00:00,0.006778,0.006835,113.99999999999952,110.99999999999952,0.5467980295566479,200,200,3.0,signal,23,14,13.068965517241287,1.7241379310344649
futures,YM,momentum,short,44284,44285,44354,2025-09-15 19:15:00+00:00,2025-09-15 19:30:00+00:00,2025-09-16 13:45:00+00:00,45896.0,45810.0,86.0,83.0,0.1650099403578528,300,500,3.0,signal,69,33,1.5692995529061096,2.278330019880713
futures,SI,momentum,long,44316,44317,44326,2025-09-16 14:30:00+00:00,2025-09-16 14:45:00+00:00,2025-09-16 17:00:00+00:00,43.0,42.925,-15.000000000000568,-18.00000000000057,-0.0357852882703788,500,500,3.0,signal,9,37,2.306727480045601,2.2783300198807033
futures,NQ,mean_reversion,short,44425,44426,44447,2025-09-17 08:30:00+00:00,2025-09-17 08:45:00+00:00,2025-09-17 14:00:00+00:00,24246.0,24208.5,150.0,147.0,0.2922465208747515,150,500,3.0,tp,21,22,1.8508946322067599,2.55268389662028
futures,6A,momentum,long,44701,44702,44714,2025-09-17 15:00:00+00:00,2025-09-17 15:15:00+00:00,2025-09-17 18:15:00+00:00,0.66775,0.6696,37.00000000000036,34.00000000000036,0.0675944333996031,200,500,3.0,signal,12,38,1.5748148148148284,0.7713717693837144
futures,CL,momentum,long,44610,44611,44677,2025-09-17 18:30:00+00:00,2025-09-17 18:45:00+00:00,2025-09-18 12:15:00+00:00,63.96,64.41,44.99999999999957,41.99999999999957,0.1386138613861372,500,300,3.0,signal,66,25,25.688172043010795,7.577557755775582
forex,USDJPY,momentum,short,46376,46377,46713,2025-09-17 18:45:00+00:00,2025-09-17 19:00:00+00:00,2025-09-23 09:00:00+00:00,146.716,147.55901,-84.30099999999925,-86.30099999999925,-0.1719143426294805,200,500,2.0,signal,336,34,1.3646038935222653,0.7228884462151146
futures,CL,momentum,long,44681,44682,44685,2025-09-18 13:15:00+00:00,2025-09-18 13:30:00+00:00,2025-09-18 14:15:00+00:00,64.06,64.48,42.00000000000017,39.00000000000017,0.1287128712871292,500,300,3.0,signal,3,26,26.139784946236595,7.716171617161719
futures,YM,momentum,long,44629,44630,44640,2025-09-19 13:30:00+00:00,2025-09-19 13:45:00+00:00,2025-09-19 16:15:00+00:00,46465.0,46588.0,123.0,120.0,0.2385685884691848,300,500,3.0,signal,10,33,1.5653253849975153,2.262425447316101
futures,YM,momentum,long,44695,44696,44702,2025-09-22 07:00:00+00:00,2025-09-22 07:15:00+00:00,2025-09-22 08:45:00+00:00,46518.0,46544.0,26.0,23.0,0.0457256461232604,300,500,3.0,signal,6,34,1.6249379036264273,2.500994035785286
forex,EURUSD,mean_reversion,short,46528,46529,46698,2025-09-22 14:15:00+00:00,2025-09-22 14:30:00+00:00,2025-09-24 08:45:00+00:00,1.17658,1.17692,-3.4000000000000696,-5.40000000000007,-0.070129870129871,50,75,2.0,signal,169,10,2.7603896103896006,1.7603896103896006
futures,HG,mean_reversion,long,44874,44875,44881,2025-09-22 15:45:00+00:00,2025-09-22 16:00:00+00:00,2025-09-22 17:30:00+00:00,4.621,4.6395,36.99999999999904,33.999999999999034,0.112211221122109,150,300,3.0,signal,6,12,5.613333333333383,1.1419141914191406
futures,6A,momentum,short,45043,45044,45169,2025-09-23 08:30:00+00:00,2025-09-23 08:45:00+00:00,2025-09-24 17:00:00+00:00,0.66065,0.65835,45.999999999999375,42.999999999999375,0.08548707753479,200,500,3.0,signal,125,37,1.5703703703703817,0.7654075546719817
futures,6J,mean_reversion,short,45064,45065,45130,2025-09-23 10:30:00+00:00,2025-09-23 10:45:00+00:00,2025-09-24 04:00:00+00:00,0.0068245,0.0068185,11.999999999999858,8.999999999999858,0.0443349753694574,200,200,3.0,signal,65,15,16.896551724137833,2.270935960591113
futures,6A,mean_reversion,short,45066,45067,45086,2025-09-23 14:15:00+00:00,2025-09-23 14:30:00+00:00,2025-09-23 19:15:00+00:00,0.66095,0.66035,12.0000000000009,9.000000000000899,0.0443349753694625,50,200,3.0,signal,19,24,3.2098765432097993,1.7635467980295356
forex,AUDUSD,mean_reversion,short,46885,46886,46905,2025-09-23 14:15:00+00:00,2025-09-23 14:30:00+00:00,2025-09-23 19:15:00+00:00,0.66037112,0.65967411,6.970099999999979,4.970099999999979,0.0326980263157893,50,150,2.0,signal,19,47,1.9398888567538382,1.4346098684210469
forex,AUDUSD,mean_reversion,long,46908,46909,46933,2025-09-23 20:00:00+00:00,2025-09-23 20:15:00+00:00,2025-09-24 02:15:00+00:00,0.66006601,0.661901,18.349899999999806,16.349899999999806,0.1075651315789461,50,150,2.0,signal,24,48,1.9613110644554197,1.467307894736836
futures,YM,momentum,long,44879,44880,44903,2025-09-24 07:00:00+00:00,2025-09-24 07:15:00+00:00,2025-09-24 13:00:00+00:00,46643.0,46713.0,70.0,67.0,0.1332007952286282,300,500,3.0,signal,23,34,1.5454545454545445,2.182902584493039
futures,ES,mean_reversion,long,44886,44887,45110,2025-09-24 08:30:00+00:00,2025-09-24 08:45:00+00:00,2025-09-26 18:30:00+00:00,6723.5,6696.5,-108.0,-111.0,-0.220675944333996,500,500,3.0,signal,223,16,2.333996023856858,1.3339960238568578
futures,YM,momentum,long,44910,44911,45015,2025-09-24 14:45:00+00:00,2025-09-24 15:00:00+00:00,2025-09-25 18:00:00+00:00,46657.0,46157.0,-500.0,-503.0,-1.0,300,500,3.0,sl,104,35,1.5787382016890203,2.3161033797216675
futures,NG,momentum,long,45065,45066,45074,2025-09-24 16:45:00+00:00,2025-09-24 17:00:00+00:00,2025-09-24 19:00:00+00:00,2.851,2.871,20.000000000000018,17.000000000000018,0.0561056105610561,500,300,3.0,signal,8,34,1.7059523809523809,1.9570957095709547
futures,6A,momentum,short,45204,45205,45225,2025-09-25 02:45:00+00:00,2025-09-25 03:00:00+00:00,2025-09-25 08:00:00+00:00,0.66045,0.65925,23.999999999999577,20.999999999999577,0.0417495029821065,200,500,3.0,signal,20,37,1.6340740740740853,0.8508946322067724
futures,ZB,mean_reversion,long,44961,44962,45121,2025-09-25 07:45:00+00:00,2025-09-25 08:00:00+00:00,2025-09-29 01:45:00+00:00,116.46875,116.4375,-1.0,-4.0,-0.0754716981132075,15,50,3.0,signal,159,12,inf,0.9811320754716977
futures,6A,momentum,short,45229,45230,45238,2025-09-25 09:00:00+00:00,2025-09-25 09:15:00+00:00,2025-09-25 11:15:00+00:00,0.6609,0.6593,32.00000000000092,29.00000000000092,0.0576540755467215,200,500,3.0,signal,8,38,1.665185185185196,0.892644135188879
futures,CL,momentum,long,45142,45143,45149,2025-09-25 13:30:00+00:00,2025-09-25 13:45:00+00:00,2025-09-25 15:15:00+00:00,64.14,64.57,42.99999999999926,39.99999999999926,0.1320132013201296,500,300,3.0,signal,6,26,25.827956989247344,7.620462046204621
futures,NQ,mean_reversion,long,45100,45101,45102,2025-09-26 16:15:00+00:00,2025-09-26 16:30:00+00:00,2025-09-26 16:45:00+00:00,24661.75,24699.25,150.0,147.0,0.2922465208747515,150,500,3.0,tp,1,23,1.9483101391650104,2.844930417495031
futures,CL,momentum,long,45301,45302,45492,2025-09-29 07:15:00+00:00,2025-09-29 07:30:00+00:00,2025-10-01 09:00:00+00:00,64.95,61.95,-300.0,-303.0,-1.0,500,300,3.0,sl,190,27,26.25806451612906,7.7524752475247505
futures,YM,momentum,short,45269,45270,45278,2025-09-30 12:30:00+00:00,2025-09-30 12:45:00+00:00,2025-09-30 14:45:00+00:00,46572.0,46473.0,99.0,96.0,0.1908548707753479,300,500,3.0,signal,8,35,1.5380029806259305,2.153081510934391
futures,ES,mean_reversion,long,45273,45274,45276,2025-09-30 13:15:00+00:00,2025-09-30 13:30:00+00:00,2025-09-30 14:00:00+00:00,6706.75,6707.75,4.0,1.0,0.0019880715705765,500,500,3.0,signal,2,15,1.4006514657980444,0.48906560636182794
futures,ZB,mean_reversion,short,45278,45279,45296,2025-09-30 18:00:00+00:00,2025-09-30 18:15:00+00:00,2025-09-30 23:30:00+00:00,116.6875,116.46875,7.0,4.0,0.0754716981132075,15,50,3.0,signal,17,13,13.000000000000002,0.9056603773584901
futures,YM,momentum,long,45315,45316,45370,2025-10-01 01:00:00+00:00,2025-10-01 01:15:00+00:00,2025-10-01 14:45:00+00:00,46544.0,46651.0,107.0,104.0,0.2067594433399602,300,500,3.0,signal,54,36,1.5856929955290602,2.3439363817097387
futures,ZN,mean_reversion,long,45380,45381,45396,2025-10-01 08:00:00+00:00,2025-10-01 08:15:00+00:00,2025-10-01 12:00:00+00:00,112.46875,112.625,10.0,7.0,0.1320754716981132,15,50,3.0,signal,15,14,inf,1.3396226415094332
futures,6A,momentum,long,45622,45623,45661,2025-10-01 15:15:00+00:00,2025-10-01 15:30:00+00:00,2025-10-02 02:00:00+00:00,0.66075,0.6625,35.00000000000058,32.00000000000058,0.0636182902584504,200,500,3.0,signal,38,38,1.654814814814827,0.8787276341948448
futures,ZB,mean_reversion,short,45439,45440,45556,2025-10-02 12:30:00+00:00,2025-10-02 12:45:00+00:00,2025-10-03 19:00:00+00:00,116.9375,116.9375,-0.0,-3.0,-0.0566037735849056,15,50,3.0,signal,116,14,14.000000000000002,0.9811320754716977
futures,YM,momentum,long,45461,45462,45469,2025-10-02 14:30:00+00:00,2025-10-02 14:45:00+00:00,2025-10-02 16:30:00+00:00,46637.0,46673.0,36.0,33.0,0.0656063618290258,300,500,3.0,signal,7,37,1.6373571783407839,2.550695825049699
forex,AUDUSD,mean_reversion,long,47616,47617,47637,2025-10-03 06:15:00+00:00,2025-10-03 06:30:00+00:00,2025-10-03 11:30:00+00:00,0.66028392,0.66063291,3.4898999999999347,1.4898999999999347,0.00980197368421,50,150,2.0,signal,20,49,2.0317826754290587,1.5748730263157822
futures,6A,momentum,short,45771,45772,45831,2025-10-03 06:30:00+00:00,2025-10-03 06:45:00+00:00,2025-10-05 22:30:00+00:00,0.66075,0.65955,23.999999999999577,20.999999999999577,0.0417495029821065,200,500,3.0,signal,59,39,1.7022222222222354,0.9423459244532952
futures,ZN,mean_reversion,short,45584,45585,45597,2025-10-03 13:00:00+00:00,2025-10-03 13:15:00+00:00,2025-10-03 16:15:00+00:00,112.828125,112.71875,7.0,4.0,0.0754716981132075,15,50,3.0,signal,12,15,inf,1.4716981132075464
futures,NG,momentum,short,45695,45696,45701,2025-10-03 13:15:00+00:00,2025-10-03 13:30:00+00:00,2025-10-03 14:45:00+00:00,3.407,3.36,47.00000000000015,44.00000000000015,0.1452145214521457,500,300,3.0,signal,5,34,1.6952380952380954,1.9273927392739252
futures,SI,momentum,long,45510,45511,45516,2025-10-03 14:00:00+00:00,2025-10-03 14:15:00+00:00,2025-10-03 15:30:00+00:00,47.34,48.26,183.9999999999989,180.9999999999989,0.3598409542743517,500,500,3.0,signal,5,36,2.6760374832663874,2.489065606361817
forex,AUDUSD,mean_reversion,short,47660,47661,47679,2025-10-03 17:15:00+00:00,2025-10-03 17:30:00+00:00,2025-10-05 23:15:00+00:00,0.66098225,0.65936965,16.12599999999964,14.12599999999964,0.0929342105263134,50,150,2.0,signal,18,50,2.0382044671947344,1.5846749999999923
futures,NQ,mean_reversion,long,45583,45584,45599,2025-10-05 23:00:00+00:00,2025-10-05 23:15:00+00:00,2025-10-06 03:00:00+00:00,25058.75,25081.0,89.0,86.0,0.1709741550695825,150,500,3.0,signal,15,23,1.9483101391650104,2.844930417495031
futures,6A,momentum,short,45844,45845,46028,2025-10-06 01:45:00+00:00,2025-10-06 02:00:00+00:00,2025-10-08 01:45:00+00:00,0.6613,0.6569,87.99999999999919,84.99999999999919,0.1689860834990043,200,500,3.0,signal,183,40,1.733333333333346,0.9840954274354017
forex,AUDUSD,mean_reversion,short,47701,47702,47721,2025-10-06 04:45:00+00:00,2025-10-06 05:00:00+00:00,2025-10-06 09:45:00+00:00,0.66050196,0.65936965,11.323100000000252,9.323100000000252,0.0613361842105279,50,150,2.0,signal,19,51,2.0990905873920203,1.6776092105263056
forex,AUDUSD,mean_reversion,long,47728,47729,47737,2025-10-06 11:30:00+00:00,2025-10-06 11:45:00+00:00,2025-10-06 13:45:00+00:00,0.66006601,0.661901,18.349899999999806,16.349899999999806,0.1075651315789461,50,150,2.0,signal,8,52,2.1392751681092332,1.7389453947368336
futures,YM,momentum,long,45641,45642,45648,2025-10-06 13:30:00+00:00,2025-10-06 13:45:00+00:00,2025-10-06 15:15:00+00:00,46970.0,46925.0,-45.0,-48.0,-0.0954274353876739,300,500,3.0,signal,6,37,2.2046357615894028,3.6163021868787246
futures,CL,momentum,long,45792,45793,45797,2025-10-06 15:00:00+00:00,2025-10-06 15:15:00+00:00,2025-10-06 16:15:00+00:00,61.44,61.87,42.99999999999997,39.99999999999997,0.1320132013201319,500,300,3.0,signal,4,27,5.49242424242424,5.8712871287128685
futures,NG,momentum,short,45798,45799,45807,2025-10-06 16:00:00+00:00,2025-10-06 16:15:00+00:00,2025-10-06 18:15:00+00:00,3.405,3.341,63.99999999999961,60.99999999999961,0.2013201320132,500,300,3.0,signal,8,35,1.747619047619048,2.072607260726071
futures,SI,momentum,long,45666,45667,45874,2025-10-07 07:00:00+00:00,2025-10-07 07:15:00+00:00,2025-10-09 13:00:00+00:00,47.99,49.52,306.0000000000002,303.0000000000002,0.6023856858846923,500,500,3.0,signal,207,37,2.918340026773748,2.8489065606361685
futures,CL,momentum,long,45854,45855,45900,2025-10-07 07:30:00+00:00,2025-10-07 07:45:00+00:00,2025-10-07 19:00:00+00:00,61.6,61.98,37.999999999999545,34.999999999999545,0.115511551155114,500,300,3.0,signal,45,28,5.593434343434342,6.003300330033
futures,NG,momentum,short,45859,45860,45980,2025-10-07 08:15:00+00:00,2025-10-07 08:30:00+00:00,2025-10-08 15:30:00+00:00,3.399,3.349,49.99999999999982,46.99999999999982,0.1551155115511545,500,300,3.0,signal,120,36,1.8202380952380954,2.273927392739271
futures,YM,mean_reversion,short,45735,45736,45739,2025-10-07 14:00:00+00:00,2025-10-07 14:15:00+00:00,2025-10-07 15:00:00+00:00,46934.0,46885.0,49.0,46.0,0.0914512922465208,500,500,3.0,signal,3,10,3.18886679920477,2.1888667992047703
futures,YM,momentum,long,45735,45736,45825,2025-10-07 14:00:00+00:00,2025-10-07 14:15:00+00:00,2025-10-08 13:30:00+00:00,46934.0,46995.0,61.0,58.0,0.1153081510934393,300,500,3.0,signal,89,38,2.136713735558407,3.520874751491051
futures,ES,mean_reversion,long,45825,45826,45831,2025-10-08 13:15:00+00:00,2025-10-08 13:30:00+00:00,2025-10-08 14:45:00+00:00,6773.25,6788.25,60.0,57.0,0.1133200795228628,500,500,3.0,signal,5,16,1.4022801302931585,0.49105367793240445
futures,6A,momentum,long,46138,46139,46152,2025-10-09 06:15:00+00:00,2025-10-09 06:30:00+00:00,2025-10-09 09:45:00+00:00,0.6592,0.65975,10.999999999998789,7.999999999998788,0.0159045725646099,200,500,3.0,signal,13,40,1.890060240963865,1.174950298210746
futures,CL,momentum,long,46048,46049,46061,2025-10-09 10:00:00+00:00,2025-10-09 10:15:00+00:00,2025-10-09 13:15:00+00:00,62.13,62.81,67.99999999999997,64.99999999999997,0.2145214521452144,500,300,3.0,signal,12,28,5.28282828282828,5.597359735973593
futures,ZB,mean_reversion,short,45896,45897,45903,2025-10-09 12:00:00+00:00,2025-10-09 12:15:00+00:00,2025-10-09 13:45:00+00:00,116.84375,116.5625,9.0,6.0,0.1132075471698113,15,50,3.0,signal,6,15,8.000000000000004,0.924528301886792
futures,ZB,momentum,long,45896,45897,45969,2025-10-09 12:00:00+00:00,2025-10-09 12:15:00+00:00,2025-10-10 07:15:00+00:00,116.84375,117.1875,11.0,8.0,0.1025641025641025,30,75,3.0,signal,72,18,1.8396226415094348,1.1410256410256407
futures,6A,momentum,long,46167,46168,46815,2025-10-09 13:30:00+00:00,2025-10-09 13:45:00+00:00,2025-10-20 14:30:00+00:00,0.6592,0.6514,-156.00000000000057,-159.00000000000057,-0.3161033797216711,200,500,3.0,signal,647,41,1.9021084337349474,1.190854870775356
futures,SI,momentum,long,45878,45879,46009,2025-10-09 14:00:00+00:00,2025-10-09 14:15:00+00:00,2025-10-13 00:45:00+00:00,48.725,49.29,112.99999999999956,109.99999999999956,0.2186878727634185,500,500,3.0,signal,130,37,2.9464524765729454,2.8906560636182776
futures,CL,momentum,long,46065,46066,46161,2025-10-09 14:15:00+00:00,2025-10-09 14:30:00+00:00,2025-10-10 15:15:00+00:00,62.31,59.31,-300.0,-303.0,-1.0,500,300,3.0,sl,95,29,5.446969696969694,5.811881188118807
futures,NQ,mean_reversion,short,45920,45921,45921,2025-10-09 14:15:00+00:00,2025-10-09 14:30:00+00:00,2025-10-09 14:30:00+00:00,25252.25,25214.75,150.0,147.0,0.2922465208747515,150,500,3.0,tp,0,23,1.9078860172299539,2.7236580516898625
futures,ES,mean_reversion,long,46000,46001,46012,2025-10-10 11:00:00+00:00,2025-10-10 11:15:00+00:00,2025-10-10 14:00:00+00:00,6784.75,6796.75,48.0,45.0,0.0894632206759443,500,500,3.0,signal,11,17,1.4951140065146569,0.6043737574552672
futures,YM,momentum,short,46008,46009,46014,2025-10-10 13:15:00+00:00,2025-10-10 13:30:00+00:00,2025-10-10 14:45:00+00:00,46743.0,46443.0,300.0,297.0,0.5904572564612326,300,500,3.0,tp,5,38,1.9833119383825408,3.0457256461232576
futures,YM,momentum,long,46152,46153,46189,2025-10-14 03:15:00+00:00,2025-10-14 03:30:00+00:00,2025-10-14 12:30:00+00:00,46323.0,45823.0,-500.0,-503.0,-1.0,300,500,3.0,sl,36,38,2.0911424903722713,3.3797216699801162
futures,SI,momentum,long,46148,46149,46262,2025-10-14 12:30:00+00:00,2025-10-14 12:45:00+00:00,2025-10-15 18:00:00+00:00,49.585,52.085,500.0,497.0,0.9880715705765408,500,500,3.0,tp,113,37,3.0374832663989166,3.0258449304174837
futures,CL,momentum,short,46425,46426,46437,2025-10-15 12:15:00+00:00,2025-10-15 12:30:00+00:00,2025-10-15 15:15:00+00:00,59.17,58.41,76.00000000000051,73.00000000000051,0.2409240924092426,500,300,3.0,signal,11,28,2.8011444921316153,4.155115511551152
futures,ZB,mean_reversion,short,46280,46281,46302,2025-10-15 16:00:00+00:00,2025-10-15 16:15:00+00:00,2025-10-15 22:30:00+00:00,118.25,118.125,4.0,1.0,0.0188679245283018,15,50,3.0,signal,21,16,8.857142857142861,1.0377358490566033
futures,ZB,momentum,long,46281,46282,46359,2025-10-15 16:15:00+00:00,2025-10-15 16:30:00+00:00,2025-10-16 12:45:00+00:00,118.125,118.5,12.0,9.0,0.1153846153846153,30,75,3.0,signal,77,19,1.9150943396226423,1.2435897435897432
futures,SI,momentum,long,46304,46305,46339,2025-10-16 05:30:00+00:00,2025-10-16 05:45:00+00:00,2025-10-16 14:15:00+00:00,51.52,52.935,282.99999999999983,279.99999999999983,0.5566600397614311,500,500,3.0,signal,34,38,3.7028112449799053,4.013916500994025
forex,AUDUSD,mean_reversion,long,48467,48468,48490,2025-10-16 06:00:00+00:00,2025-10-16 06:15:00+00:00,2025-10-16 11:45:00+00:00,0.65023732,0.65087217,6.348499999999646,4.348499999999646,0.0286085526315766,50,150,2.0,signal,22,52,2.0028563805645505,1.530721052631569
forex,USDCHF,momentum,short,48358,48359,48364,2025-10-16 11:30:00+00:00,2025-10-16 11:45:00+00:00,2025-10-16 13:00:00+00:00,0.79807001,0.79686999,12.000199999999683,10.000199999999683,0.0199207171314734,200,500,2.0,signal,5,52,1.3532926972884183,0.31493784860556706
futures,NG,momentum,short,46528,46529,46534,2025-10-16 14:30:00+00:00,2025-10-16 14:45:00+00:00,2025-10-16 16:00:00+00:00,3.044,3.009,35.00000000000014,32.00000000000014,0.105610561056106,500,300,3.0,signal,5,36,1.7988095238095236,2.214521452145211
forex,AUDUSD,mean_reversion,long,48502,48503,48618,2025-10-16 14:45:00+00:00,2025-10-16 15:00:00+00:00,2025-10-17 19:45:00+00:00,0.65053344,0.6501528,-3.806400000000432,-5.806400000000432,-0.0382000000000028,50,150,2.0,signal,115,53,2.021599357605318,1.5593296052631458
futures,6A,mean_reversion,long,46633,46634,46744,2025-10-16 15:00:00+00:00,2025-10-16 15:15:00+00:00,2025-10-17 19:45:00+00:00,0.65075,0.65045,-6.00000000000156,-9.00000000000156,-0.0443349753694658,50,200,3.0,signal,110,23,3.825396825396739,1.7536945812807754
futures,NQ,mean_reversion,short,46386,46387,46387,2025-10-16 15:45:00+00:00,2025-10-16 16:00:00+00:00,2025-10-16 16:00:00+00:00,24972.25,24934.75,150.0,147.0,0.2922465208747515,150,500,3.0,tp,0,23,3.0079522862823067,4.015904572564613
futures,SI,momentum,long,46380,46381,46441,2025-10-17 01:30:00+00:00,2025-10-17 01:45:00+00:00,2025-10-17 16:45:00+00:00,52.58,50.08,-500.0,-503.0,-1.0,500,500,3.0,sl,60,39,4.077643908969194,4.570576540755456
futures,ZB,momentum,long,46444,46445,46637,2025-10-17 11:00:00+00:00,2025-10-17 11:15:00+00:00,2025-10-21 13:15:00+00:00,118.59375,119.25,21.0,18.0,0.2307692307692307,30,75,3.0,signal,192,20,2.000000000000001,1.3589743589743584
forex,USDCHF,momentum,short,48492,48493,48556,2025-10-19 23:00:00+00:00,2025-10-19 23:15:00+00:00,2025-10-20 15:00:00+00:00,0.79394001,0.79074001,31.999999999999805,29.999999999999805,0.0597609561752984,200,500,2.0,signal,63,53,1.3756394679876498,0.3348585657370405
forex,USDCHF,momentum,short,48624,48625,48909,2025-10-21 08:00:00+00:00,2025-10-21 08:15:00+00:00,2025-10-24 07:15:00+00:00,0.79307997,0.79518998,-21.100099999999955,-23.100099999999955,-0.0460161354581672,200,500,2.0,signal,284,54,1.442678439305919,0.3946195219123389
futures,6A,mean_reversion,long,46894,46895,46966,2025-10-21 11:15:00+00:00,2025-10-21 11:30:00+00:00,2025-10-22 06:15:00+00:00,0.64995,0.65115,23.999999999999577,20.999999999999577,0.1034482758620668,50,200,3.0,signal,71,24,3.570370370370254,1.7093596059113096
forex,AUDUSD,mean_reversion,long,48770,48771,48845,2025-10-21 11:15:00+00:00,2025-10-21 11:30:00+00:00,2025-10-22 06:00:00+00:00,0.64973032,0.6503219,5.91580000000036,3.91580000000036,0.0257618421052655,50,150,2.0,signal,74,53,1.8141201522370718,1.2737407894736714
futures,6A,momentum,short,46909,46910,46919,2025-10-21 15:00:00+00:00,2025-10-21 15:15:00+00:00,2025-10-21 17:30:00+00:00,0.6502,0.6492,20.000000000000018,17.000000000000018,0.0337972166998012,200,500,3.0,signal,9,39,1.3438639125151934,0.562624254473169
futures,CL,momentum,short,46804,46805,46924,2025-10-21 15:00:00+00:00,2025-10-21 15:15:00+00:00,2025-10-22 23:00:00+00:00,57.01,60.01,-300.0,-303.0,-1.0,500,300,3.0,sl,119,28,2.8011444921316166,4.155115511551155
futures,6A,momentum,short,46951,46952,47011,2025-10-22 02:30:00+00:00,2025-10-22 02:45:00+00:00,2025-10-22 17:30:00+00:00,0.64975,0.64905,14.00000000000068,11.00000000000068,0.0218687872763432,200,500,3.0,signal,59,40,1.3645200486026783,0.5964214711729702
futures,6A,mean_reversion,short,46973,46974,46985,2025-10-22 08:00:00+00:00,2025-10-22 08:15:00+00:00,2025-10-22 11:00:00+00:00,0.6501,0.6491,20.000000000000018,17.000000000000018,0.0837438423645321,50,200,3.0,signal,11,25,3.725925925925801,1.8128078817733764
futures,ZN,mean_reversion,short,46779,46780,46852,2025-10-22 12:45:00+00:00,2025-10-22 13:00:00+00:00,2025-10-23 08:00:00+00:00,113.6875,113.578125,7.0,4.0,0.0754716981132075,15,50,3.0,signal,72,16,inf,1.547169811320754
forex,AUDUSD,mean_reversion,long,48897,48898,48949,2025-10-22 19:00:00+00:00,2025-10-22 19:15:00+00:00,2025-10-23 08:00:00+00:00,0.6490978,0.65082979,17.319900000000164,15.319900000000164,0.1007888157894747,50,150,2.0,signal,51,54,1.8305860101180247,1.2995026315789369
futures,6A,momentum,short,47057,47058,47543,2025-10-23 06:00:00+00:00,2025-10-23 06:15:00+00:00,2025-10-30 12:30:00+00:00,0.65025,0.65515,-98.0000000000003,-101.0000000000003,-0.2007952286282312,200,500,3.0,signal,485,41,1.3778857837181104,0.6182902584493134
futures,NQ,mean_reversion,long,46837,46838,46838,2025-10-23 13:30:00+00:00,2025-10-23 13:45:00+00:00,2025-10-23 13:45:00+00:00,25092.0,25129.5,150.0,147.0,0.2922465208747515,150,500,3.0,tp,0,24,3.1540755467196826,4.308151093439365
futures,YM,momentum,long,46907,46908,46913,2025-10-24 08:00:00+00:00,2025-10-24 08:15:00+00:00,2025-10-24 09:30:00+00:00,46898.0,46972.0,74.0,71.0,0.1411530815109344,300,500,3.0,signal,5,38,1.4366812227074226,1.7892644135188838
forex,USDCHF,momentum,short,48913,48914,48932,2025-10-24 08:15:00+00:00,2025-10-24 08:30:00+00:00,2025-10-24 13:00:00+00:00,0.79598999,0.79452997,14.600200000000063,12.600200000000063,0.0251000000000001,200,500,2.0,signal,18,54,1.359538122528413,0.3370498007968
futures,SI,momentum,short,46886,46887,46962,2025-10-24 13:00:00+00:00,2025-10-24 13:15:00+00:00,2025-10-27 09:00:00+00:00,48.355,47.575,155.9999999999988,152.9999999999988,0.3041749502982083,500,500,3.0,signal,75,37,2.2303999999999937,3.057654075546709
forex,USDCHF,momentum,short,48965,48966,48971,2025-10-27 00:00:00+00:00,2025-10-27 00:15:00+00:00,2025-10-27 01:30:00+00:00,0.79631001,0.79448998,18.200299999999725,16.200299999999725,0.0322715139442225,200,500,2.0,signal,5,54,1.3922296367271811,0.36613386454182006
forex,USDCHF,momentum,long,49005,49006,49020,2025-10-27 10:00:00+00:00,2025-10-27 10:15:00+00:00,2025-10-27 13:45:00+00:00,0.79588002,0.79662001,7.399900000000237,5.399900000000237,0.010756772908367,200,500,2.0,signal,14,55,1.4268012658957054,0.39840537848604257
futures,ZB,momentum,short,47004,47005,47209,2025-10-27 13:00:00+00:00,2025-10-27 13:15:00+00:00,2025-10-29 18:15:00+00:00,118.4375,118.5,-2.0,-5.0,-0.0641025641025641,30,75,3.0,signal,204,21,2.169811320754718,1.589743589743589
forex,USDCHF,momentum,short,49109,49110,49119,2025-10-28 12:00:00+00:00,2025-10-28 12:15:00+00:00,2025-10-28 14:30:00+00:00,0.79518002,0.79424,9.400200000000414,7.400200000000414,0.014741434262949,200,500,2.0,signal,9,55,1.3935111107317195,0.3673300796812636
futures,SI,momentum,short,47073,47074,47497,2025-10-28 13:45:00+00:00,2025-10-28 14:00:00+00:00,2025-11-04 05:45:00+00:00,47.045,47.42,-75.0,-78.0,-0.1550695825049702,500,500,3.0,signal,423,36,2.282399999999993,3.1868787276341823
futures,NG,momentum,short,47355,47356,47375,2025-10-29 14:15:00+00:00,2025-10-29 14:30:00+00:00,2025-10-29 19:15:00+00:00,3.818,3.802,16.000000000000014,13.000000000000014,0.0429042904290429,500,300,3.0,signal,19,36,1.8214285714285714,2.277227722772274
futures,6E,mean_reversion,short,47477,47478,47479,2025-10-29 17:30:00+00:00,2025-10-29 17:45:00+00:00,2025-10-29 18:00:00+00:00,1.16775,1.1627500000000002,100.0,97.0,0.3201320132013201,100,300,3.0,tp,1,14,1.363636363636365,0.3300330033003368
futures,HG,momentum,long,47395,47396,47407,2025-10-30 02:00:00+00:00,2025-10-30 02:15:00+00:00,2025-10-30 05:00:00+00:00,5.1925,5.155,-75.0,-78.0,-1.0,50,75,3.0,sl,11,41,1.358974358974357,4.307692307692297
forex,AUDUSD,mean_reversion,short,49413,49414,49429,2025-10-30 06:30:00+00:00,2025-10-30 06:45:00+00:00,2025-10-30 10:30:00+00:00,0.6585446,0.65690076,16.43840000000063,14.43840000000063,0.0949894736842146,50,150,2.0,signal,15,47,1.40143423433425,0.6280684210526286
futures,NG,momentum,long,47429,47430,47440,2025-10-30 09:45:00+00:00,2025-10-30 10:00:00+00:00,2025-10-30 12:30:00+00:00,3.818,3.845,27.00000000000013,24.00000000000013,0.0792079207920796,500,300,3.0,signal,10,37,1.8369047619047618,2.320132013201317
futures,CL,momentum,short,47447,47448,47693,2025-10-30 14:45:00+00:00,2025-10-30 15:00:00+00:00,2025-11-04 08:15:00+00:00,60.42,60.41,1.0000000000005116,-1.9999999999994884,-0.0066006600660049,500,300,3.0,signal,245,29,1.9540918163672651,3.1551155115511547
futures,NQ,mean_reversion,long,47325,47326,47327,2025-10-30 20:30:00+00:00,2025-10-30 20:45:00+00:00,2025-10-30 22:00:00+00:00,26131.75,26169.25,150.0,147.0,0.2922465208747515,150,500,3.0,tp,1,24,3.1540755467196826,4.308151093439365
forex,AUDUSD,mean_reversion,long,49582,49583,49856,2025-11-03 02:45:00+00:00,2025-11-03 03:00:00+00:00,2025-11-05 23:15:00+00:00,0.65492171,0.65095687,-39.64839999999969,-41.64839999999969,-0.2740026315789453,50,150,2.0,signal,273,48,1.4621474072308067,0.7230578947368432
futures,ES,momentum,short,47460,47461,47484,2025-11-03 09:00:00+00:00,2025-11-03 09:15:00+00:00,2025-11-03 15:00:00+00:00,6894.75,6876.25,74.0,71.0,0.2343234323432343,300,300,3.0,signal,23,59,1.3809356313753072,3.574257425742572
futures,YM,momentum,short,47459,47460,47476,2025-11-03 09:00:00+00:00,2025-11-03 09:15:00+00:00,2025-11-03 13:15:00+00:00,47775.0,47667.0,108.0,105.0,0.2087475149105367,300,500,3.0,signal,16,39,1.4711305191654527,1.930417495029818
futures,YM,momentum,short,47480,47481,47483,2025-11-03 14:15:00+00:00,2025-11-03 14:30:00+00:00,2025-11-03 15:00:00+00:00,47760.0,47522.0,238.0,235.0,0.4671968190854871,300,500,3.0,signal,2,40,1.5220766618146522,2.139165009940355
futures,CL,momentum,long,47798,47799,48159,2025-11-05 11:30:00+00:00,2025-11-05 11:45:00+00:00,2025-11-11 09:45:00+00:00,60.63,60.43,-20.000000000000284,-23.000000000000284,-0.0759075907590768,500,300,3.0,signal,360,29,1.9898373983739837,3.214521452145214
futures,SI,momentum,short,47621,47622,47914,2025-11-05 13:45:00+00:00,2025-11-05 14:00:00+00:00,2025-11-10 18:00:00+00:00,47.77,50.27,-500.0,-503.0,-1.0,500,500,3.0,sl,292,34,1.960843373493971,2.5367793240556566
futures,YM,momentum,short,47666,47667,47672,2025-11-05 14:45:00+00:00,2025-11-05 15:00:00+00:00,2025-11-05 16:15:00+00:00,47347.0,47181.0,166.0,163.0,0.3240556660039761,300,500,3.0,signal,5,40,1.4919941775836962,2.0159045725646094
futures,ES,momentum,short,47670,47671,47760,2025-11-05 15:30:00+00:00,2025-11-05 15:45:00+00:00,2025-11-06 15:00:00+00:00,6826.0,6788.5,150.0,147.0,0.4851485148514851,300,300,3.0,signal,89,58,1.4566929133858262,3.828382838283826
futures,NQ,mean_reversion,long,47669,47670,47672,2025-11-05 15:30:00+00:00,2025-11-05 15:45:00+00:00,2025-11-05 16:15:00+00:00,25703.25,25740.75,150.0,147.0,0.2922465208747515,150,500,3.0,tp,2,23,6.308151093439365,5.308151093439365
futures,NQ,mean_reversion,short,47691,47692,47700,2025-11-05 21:00:00+00:00,2025-11-05 21:15:00+00:00,2025-11-06 00:15:00+00:00,25704.0,25666.5,150.0,147.0,0.2922465208747515,150,500,3.0,tp,8,24,6.600397614314117,5.600397614314117
futures,YM,momentum,long,47703,47704,47737,2025-11-06 01:00:00+00:00,2025-11-06 01:15:00+00:00,2025-11-06 09:30:00+00:00,47400.0,47403.0,3.0,0.0,0.0,300,500,3.0,signal,33,41,1.5710819990295963,2.3399602385685854
forex,USDCHF,momentum,long,49761,49762,50415,2025-11-06 09:45:00+00:00,2025-11-06 10:00:00+00:00,2025-11-17 09:15:00+00:00,0.80887002,0.79486001,-140.10010000000017,-142.10010000000017,-0.2830679282868529,200,500,2.0,signal,653,54,2.2493172697875754,0.7306778884462042
futures,6A,mean_reversion,short,47992,47993,48008,2025-11-06 10:45:00+00:00,2025-11-06 11:00:00+00:00,2025-11-06 14:45:00+00:00,0.65095,0.6484500000000001,50.0,47.0,0.2315270935960591,50,200,3.0,tp,15,22,2.9703703703702793,1.3103448275861898
futures,ZB,momentum,short,47739,47740,47867,2025-11-06 13:45:00+00:00,2025-11-06 14:00:00+00:00,2025-11-09 23:45:00+00:00,116.9375,116.625,10.0,7.0,0.0897435897435897,30,75,3.0,signal,127,20,7.931034482758643,2.5769230769230758
futures,YM,momentum,long,47755,47756,47836,2025-11-06 14:00:00+00:00,2025-11-06 14:15:00+00:00,2025-11-07 11:15:00+00:00,47392.0,46892.0,-500.0,-503.0,-1.0,300,500,3.0,sl,80,42,1.5710819990295963,2.3399602385685854
futures,HG,mean_reversion,long,47985,47986,48035,2025-11-07 12:30:00+00:00,2025-11-07 12:45:00+00:00,2025-11-10 02:00:00+00:00,4.9855,5.0235,76.00000000000051,73.00000000000051,0.2409240924092426,150,300,3.0,signal,49,10,3.920000000000017,0.7227722772277185
forex,AUDUSD,mean_reversion,long,50010,50011,50044,2025-11-07 13:45:00+00:00,2025-11-07 14:00:00+00:00,2025-11-10 00:15:00+00:00,0.64880294,0.65036416,15.612199999999188,13.612199999999188,0.0895539473684157,50,150,2.0,signal,33,50,1.3758439886395948,0.6910131578947368
futures,ZN,mean_reversion,short,47884,47885,47927,2025-11-07 14:00:00+00:00,2025-11-07 14:15:00+00:00,2025-11-10 01:45:00+00:00,112.75,112.65625,6.0,3.0,0.0566037735849056,15,50,3.0,signal,42,17,inf,1.6226415094339615
futures,6A,mean_reversion,long,48114,48115,48131,2025-11-07 18:15:00+00:00,2025-11-07 18:30:00+00:00,2025-11-09 23:30:00+00:00,0.6487,0.64985,22.999999999999687,19.999999999999687,0.0985221674876832,50,200,3.0,signal,16,23,3.318518518518416,1.541871921182249
futures,ZB,momentum,short,47923,47924,48267,2025-11-10 13:45:00+00:00,2025-11-10 14:00:00+00:00,2025-11-14 08:00:00+00:00,116.8125,116.71875,3.0,0.0,0.0,30,75,3.0,signal,343,20,7.689655172413816,2.4871794871794863
futures,6E,momentum,long,48201,48202,48212,2025-11-10 15:30:00+00:00,2025-11-10 15:45:00+00:00,2025-11-10 18:15:00+00:00,1.1574,1.1583,18.00000000000246,15.000000000002458,0.029821073558653,200,500,3.0,signal,10,31,2.2157809983896892,1.5009940357852831
futures,NG,momentum,short,48114,48115,48147,2025-11-10 21:00:00+00:00,2025-11-10 21:15:00+00:00,2025-11-11 06:15:00+00:00,4.382,4.307,74.99999999999929,71.99999999999929,0.2376237623762352,500,300,3.0,signal,32,34,1.828963795255929,2.191419141914187
futures,NG,momentum,short,48175,48176,48370,2025-11-11 13:15:00+00:00,2025-11-11 13:30:00+00:00,2025-11-13 16:00:00+00:00,4.357,4.657,-300.0,-303.0,-1.0,500,300,3.0,sl,194,35,1.9188514357053663,2.429042904290422
forex,USDJPY,momentum,long,50029,50030,50036,2025-11-11 13:15:00+00:00,2025-11-11 13:30:00+00:00,2025-11-11 15:00:00+00:00,153.797,153.998,20.09999999999934,18.09999999999934,0.0360557768924289,200,500,2.0,signal,6,33,1.6752881327792066,0.7689116533864362
forex,EURUSD,momentum,long,50048,50049,50072,2025-11-12 09:30:00+00:00,2025-11-12 09:45:00+00:00,2025-11-12 15:30:00+00:00,1.15735,1.15773,3.799999999998249,1.7999999999982492,0.0089108910891002,50,200,2.0,signal,23,21,2.2015706806282784,1.363366336633662
futures,6E,momentum,long,48361,48362,48385,2025-11-12 09:30:00+00:00,2025-11-12 09:45:00+00:00,2025-11-12 15:30:00+00:00,1.1594,1.1599,9.9999999999989,6.999999999998899,0.0139165009940335,200,500,3.0,signal,23,31,2.1900161030595866,1.469184890656071
futures,CL,momentum,long,48251,48252,48406,2025-11-12 09:45:00+00:00,2025-11-12 10:00:00+00:00,2025-11-14 02:30:00+00:00,60.42,60.09,-32.99999999999983,-35.99999999999983,-0.1188118811881182,500,300,3.0,signal,154,30,1.944389275074478,3.1386138613861374
futures,ZN,mean_reversion,short,48158,48159,48251,2025-11-12 13:30:00+00:00,2025-11-12 13:45:00+00:00,2025-11-13 13:45:00+00:00,112.859375,112.71875,9.0,6.0,0.1132075471698113,15,50,3.0,signal,92,18,inf,1.679245283018867
futures,ES,momentum,long,48158,48159,48165,2025-11-12 23:30:00+00:00,2025-11-12 23:45:00+00:00,2025-11-13 01:15:00+00:00,6858.75,6884.5,103.0,100.0,0.33003300330033,300,300,3.0,signal,6,59,1.5145669291338577,4.3135313531353106
futures,ES,momentum,long,48199,48200,48226,2025-11-13 09:45:00+00:00,2025-11-13 10:00:00+00:00,2025-11-13 16:30:00+00:00,6865.5,6790.5,-300.0,-303.0,-1.0,300,300,3.0,sl,26,60,1.5539370078740151,4.643564356435641
forex,USDJPY,momentum,long,50226,50227,50413,2025-11-13 14:30:00+00:00,2025-11-13 14:45:00+00:00,2025-11-17 15:15:00+00:00,154.44299,155.271,82.80099999999777,80.80099999999777,0.1609581673306728,200,500,2.0,signal,186,34,1.706953718996243,0.8049674302788651
futures,SI,momentum,long,48192,48193,48221,2025-11-13 18:30:00+00:00,2025-11-13 18:45:00+00:00,2025-11-14 02:45:00+00:00,52.265,53.155,178.0000000000001,175.0000000000001,0.3479125248508948,500,500,3.0,signal,28,33,1.380120152921897,1.3836978131212605
futures,6A,mean_reversion,long,48505,48506,48940,2025-11-14 01:00:00+00:00,2025-11-14 01:15:00+00:00,2025-11-20 17:45:00+00:00,0.65385,0.64385,-200.0,-203.0,-1.0,50,200,3.0,sl,434,24,3.466666666666557,1.6403940886699322
futures,6J,mean_reversion,long,48562,48563,48567,2025-11-14 12:00:00+00:00,2025-11-14 12:15:00+00:00,2025-11-14 13:15:00+00:00,0.006494,0.006518,48.00000000000117,45.00000000000117,0.2216748768472964,200,200,3.0,signal,4,12,9.999999999999915,1.2857142857142703
futures,CL,momentum,long,48485,48486,48529,2025-11-16 23:15:00+00:00,2025-11-16 23:30:00+00:00,2025-11-17 10:15:00+00:00,59.47,60.08,60.99999999999994,57.99999999999994,0.1914191419141912,500,300,3.0,signal,43,31,1.8772770853307763,3.0198019801980194
futures,NG,momentum,short,48512,48513,48557,2025-11-17 05:30:00+00:00,2025-11-17 05:45:00+00:00,2025-11-17 16:45:00+00:00,4.508,4.461,46.99999999999971,43.99999999999971,0.1452145214521442,500,300,3.0,signal,44,36,1.3922101449275348,1.429042904290422
futures,6E,momentum,short,48628,48629,48636,2025-11-17 07:15:00+00:00,2025-11-17 07:30:00+00:00,2025-11-17 09:15:00+00:00,1.16305,1.16165,27.99999999999692,24.99999999999692,0.0497017892644073,200,500,3.0,signal,7,31,2.09339774557166,1.3499005964214739
forex,EURUSD,momentum,short,50326,50327,50334,2025-11-17 07:15:00+00:00,2025-11-17 07:30:00+00:00,2025-11-17 09:15:00+00:00,1.16128,1.15986,14.200000000001989,12.200000000001989,0.0603960396039702,50,200,2.0,signal,7,22,2.209424083769632,1.3722772277227622
futures,6A,momentum,short,48623,48624,48629,2025-11-17 07:30:00+00:00,2025-11-17 07:45:00+00:00,2025-11-17 09:00:00+00:00,0.6537,0.6525,23.999999999999577,20.999999999999577,0.0417495029821065,200,500,3.0,signal,5,38,1.3787234042553302,0.5308151093439526
forex,NZDUSD,mean_reversion,short,50577,50578,50595,2025-11-17 08:45:00+00:00,2025-11-17 09:00:00+00:00,2025-11-17 13:15:00+00:00,0.56744027,0.56670064,7.396299999999911,5.396299999999911,0.0529049019607834,50,100,2.0,signal,17,10,8.581231465503347,0.7193176470588253
futures,ZB,momentum,short,48362,48363,48380,2025-11-17 08:45:00+00:00,2025-11-17 09:00:00+00:00,2025-11-17 13:15:00+00:00,116.78125,116.625,5.0,2.0,0.0256410256410256,30,75,3.0,signal,17,20,8.259259259259284,2.512820512820512
futures,NQ,mean_reversion,long,48402,48403,48403,2025-11-17 14:45:00+00:00,2025-11-17 15:00:00+00:00,2025-11-17 15:00:00+00:00,25199.25,25074.25,-500.0,-503.0,-1.0,150,500,3.0,sl,0,23,6.308151093439365,5.308151093439365
futures,NG,mean_reversion,long,48549,48550,48717,2025-11-17 14:45:00+00:00,2025-11-17 15:00:00+00:00,2025-11-19 10:45:00+00:00,4.511,4.418,-92.99999999999996,-95.99999999999996,-0.3168316831683167,500,300,3.0,signal,167,36,1.3602103418054332,1.3564356435643523
forex,USDCHF,momentum,long,50466,50467,50512,2025-11-17 22:00:00+00:00,2025-11-17 22:15:00+00:00,2025-11-18 09:30:00+00:00,0.79538,0.79558998,2.09980000000054,0.0998000000005401,0.0001988047808775,200,500,2.0,signal,45,52,1.431718838184091,0.3747015936254884
futures,ZB,mean_reversion,long,48424,48425,48440,2025-11-18 01:15:00+00:00,2025-11-18 01:30:00+00:00,2025-11-18 05:15:00+00:00,116.8125,116.9375,4.0,1.0,0.0188679245283018,15,50,3.0,signal,15,16,8.28571428571429,0.9622641509433958
forex,USDJPY,momentum,long,50465,50466,50486,2025-11-18 04:15:00+00:00,2025-11-18 04:30:00+00:00,2025-11-18 09:30:00+00:00,154.871,155.20399,33.29899999999952,31.298999999999523,0.0623486055776882,200,500,2.0,signal,20,35,1.8483134445168374,0.9659255976095379
forex,EURUSD,momentum,short,50447,50448,50457,2025-11-18 13:30:00+00:00,2025-11-18 13:45:00+00:00,2025-11-18 16:00:00+00:00,1.15999,1.15823,17.599999999999838,15.599999999999838,0.0772277227722764,50,200,2.0,signal,9,23,2.262652705061089,1.4326732673267324
futures,6E,momentum,short,48745,48746,48755,2025-11-18 13:30:00+00:00,2025-11-18 13:45:00+00:00,2025-11-18 16:00:00+00:00,1.16175,1.15995,36.00000000000048,33.00000000000048,0.0656063618290268,200,500,3.0,signal,9,32,2.1336553945249563,1.3996023856858812
futures,CL,momentum,long,48637,48638,48645,2025-11-18 14:15:00+00:00,2025-11-18 14:30:00+00:00,2025-11-18 16:15:00+00:00,59.74,59.97,22.999999999999687,19.999999999999687,0.0660066006600649,500,300,3.0,signal,7,31,2.061349693251533,3.4257425742574243
forex,NZDUSD,mean_reversion,short,50697,50698,50699,2025-11-18 14:45:00+00:00,2025-11-18 15:00:00+00:00,2025-11-18 15:15:00+00:00,0.56615525,0.56580287,3.52380000000041,1.52380000000041,0.0149392156862785,50,100,2.0,signal,1,11,9.138821438534638,0.7722225490196086
forex,AUDUSD,mean_reversion,long,50684,50685,50704,2025-11-18 16:15:00+00:00,2025-11-18 16:30:00+00:00,2025-11-18 21:15:00+00:00,0.65022,0.65101,7.899999999999574,5.899999999999574,0.0388157894736814,50,150,2.0,signal,19,47,1.451431764510018,0.7260243421052637
futures,6A,momentum,short,48753,48754,48785,2025-11-18 17:00:00+00:00,2025-11-18 17:15:00+00:00,2025-11-19 02:00:00+00:00,0.6505,0.64945,20.999999999999908,17.999999999999908,0.0357852882703775,200,500,3.0,signal,31,39,1.4085106382978827,0.572564612326059
forex,AUDUSD,mean_reversion,short,50704,50705,50717,2025-11-18 21:15:00+00:00,2025-11-18 21:30:00+00:00,2025-11-19 00:30:00+00:00,0.65073,0.65032,4.100000000000215,2.1000000000002146,0.0138157894736856,50,150,2.0,signal,12,48,1.4755668786057003,0.764840131578945
futures,6A,momentum,short,48802,48803,48813,2025-11-19 06:15:00+00:00,2025-11-19 06:30:00+00:00,2025-11-19 09:00:00+00:00,0.6497,0.64795,35.00000000000058,32.00000000000058,0.0636182902584504,200,500,3.0,signal,10,40,1.4340425531914995,0.6083499005964366
futures,CL,momentum,long,48705,48706,48711,2025-11-19 08:15:00+00:00,2025-11-19 08:30:00+00:00,2025-11-19 09:45:00+00:00,60.06,60.46,39.99999999999986,36.99999999999986,0.1221122112211216,500,300,3.0,signal,5,32,2.081799591002044,3.4917491749174894
futures,6E,mean_reversion,long,48829,48830,49106,2025-11-19 11:30:00+00:00,2025-11-19 11:45:00+00:00,2025-11-24 11:45:00+00:00,1.16,1.1556,-87.99999999999919,-90.9999999999992,-0.3003300330032976,100,300,3.0,signal,276,13,1.5672727272727365,0.5148514851485314
futures,ZB,mean_reversion,long,48558,48559,48570,2025-11-19 11:45:00+00:00,2025-11-19 12:00:00+00:00,2025-11-19 14:45:00+00:00,116.84375,116.90625,2.0,-1.0,-0.0188679245283018,15,50,3.0,signal,11,17,8.428571428571432,0.9811320754716976
futures,ZB,momentum,short,48559,48560,48572,2025-11-19 12:00:00+00:00,2025-11-19 12:15:00+00:00,2025-11-19 15:15:00+00:00,116.875,116.625,8.0,5.0,0.0641025641025641,30,75,3.0,signal,12,21,8.333333333333359,2.5384615384615374
futures,ZN,mean_reversion,short,48625,48626,48650,2025-11-19 15:15:00+00:00,2025-11-19 15:30:00+00:00,2025-11-19 21:30:00+00:00,112.75,112.65625,6.0,3.0,0.0566037735849056,15,50,3.0,signal,24,18,inf,1.7735849056603765
futures,SI,momentum,long,48551,48552,48710,2025-11-19 16:15:00+00:00,2025-11-19 16:30:00+00:00,2025-11-21 10:00:00+00:00,50.895,48.395,-500.0,-503.0,-1.0,500,500,3.0,sl,158,33,1.479737130339537,1.74155069582504
futures,ES,mean_reversion,long,48610,48611,48620,2025-11-19 20:30:00+00:00,2025-11-19 20:45:00+00:00,2025-11-20 00:00:00+00:00,6671.75,6731.75,240.0,237.0,0.4711729622266402,500,500,3.0,signal,9,17,1.4234527687296405,0.5168986083498994
futures,ES,momentum,short,48610,48611,48632,2025-11-19 20:30:00+00:00,2025-11-19 20:45:00+00:00,2025-11-20 03:00:00+00:00,6671.75,6746.75,-300.0,-303.0,-1.0,300,300,3.0,sl,21,59,1.3197326767499116,2.9999999999999973
futures,6A,momentum,short,48865,48866,48932,2025-11-19 23:00:00+00:00,2025-11-19 23:15:00+00:00,2025-11-20 15:45:00+00:00,0.6486,0.64815,8.999999999999009,5.999999999999009,0.0119284294234572,200,500,3.0,signal,66,41,1.4794326241134863,0.6719681908548869
futures,CL,momentum,short,48798,48799,48830,2025-11-20 08:30:00+00:00,2025-11-20 08:45:00+00:00,2025-11-20 16:30:00+00:00,59.7,59.14,56.00000000000023,53.00000000000023,0.1749174917491756,500,300,3.0,signal,31,33,2.1196319018404894,3.613861386138611
futures,ZB,momentum,short,48660,48661,49155,2025-11-20 14:15:00+00:00,2025-11-20 14:30:00+00:00,2025-11-28 15:15:00+00:00,116.71875,117.5625,-27.0,-30.0,-0.3846153846153846,30,75,3.0,signal,494,21,7.518518518518541,2.256410256410255
futures,NQ,mean_reversion,short,48683,48684,48684,2025-11-20 16:00:00+00:00,2025-11-20 16:15:00+00:00,2025-11-20 16:15:00+00:00,25011.0,24973.5,150.0,147.0,0.2922465208747515,150,500,3.0,tp,0,24,3.1540755467196826,4.308151093439365
forex,USDJPY,momentum,long,50767,50768,51074,2025-11-21 07:45:00+00:00,2025-11-21 08:00:00+00:00,2025-11-26 14:30:00+00:00,156.733,156.70955,-2.3449999999996862,-4.344999999999686,-0.0086553784860551,200,500,2.0,signal,306,36,1.9030704159536902,1.028274203187226
forex,AUDUSD,mean_reversion,long,51056,51057,51082,2025-11-24 13:15:00+00:00,2025-11-24 13:30:00+00:00,2025-11-24 19:45:00+00:00,0.6456,0.64627,6.700000000000594,4.700000000000594,0.0309210526315828,50,150,2.0,signal,25,47,2.067711162111865,1.232545394736846
forex,EURUSD,momentum,long,50833,50834,50924,2025-11-24 14:15:00+00:00,2025-11-24 14:30:00+00:00,2025-11-25 13:00:00+00:00,1.15318,1.15463,14.499999999999512,12.499999999999512,0.0618811881188094,50,200,2.0,signal,90,23,2.5498806682577446,1.6074257425742478
futures,CL,momentum,short,49013,49014,49093,2025-11-24 16:15:00+00:00,2025-11-24 16:30:00+00:00,2025-11-25 13:15:00+00:00,58.37,57.97,39.99999999999986,36.99999999999986,0.1221122112211216,500,300,3.0,signal,79,34,2.1738241308793445,3.7887788778877862
futures,6A,momentum,long,49161,49162,49218,2025-11-25 04:00:00+00:00,2025-11-25 04:15:00+00:00,2025-11-25 18:15:00+00:00,0.6456,0.6474,36.00000000000048,33.00000000000048,0.0656063618290268,200,500,3.0,signal,56,41,1.4000000000000075,0.5606361829025952
forex,AUDUSD,mean_reversion,long,51149,51150,51172,2025-11-25 12:30:00+00:00,2025-11-25 12:45:00+00:00,2025-11-25 18:15:00+00:00,0.6454,0.6474,20.000000000000018,18.000000000000018,0.118421052631579,50,150,2.0,signal,22,48,2.0944969934329403,1.263466447368429
forex,USDCHF,momentum,short,51030,51031,51049,2025-11-25 21:00:00+00:00,2025-11-25 21:15:00+00:00,2025-11-26 01:45:00+00:00,0.80744,0.80668,7.600000000000939,5.600000000000939,0.0111553784860576,200,500,2.0,signal,18,50,1.3802450040111955,0.3175282868525856
futures,6E,momentum,long,49297,49298,49303,2025-11-26 13:30:00+00:00,2025-11-26 13:45:00+00:00,2025-11-26 15:00:00+00:00,1.15725,1.15905,36.00000000000048,33.00000000000048,0.0656063618290268,200,500,3.0,signal,5,31,2.0585106382978635,1.1868787276341892
futures,NG,mean_reversion,short,49206,49207,49344,2025-11-26 18:00:00+00:00,2025-11-26 18:15:00+00:00,2025-11-28 19:30:00+00:00,4.557,4.857,-300.0,-303.0,-1.0,500,300,3.0,sl,137,38,1.3145161290322573,1.2871287128712827
forex,USDJPY,momentum,short,51138,51139,51272,2025-11-27 06:30:00+00:00,2025-11-27 06:45:00+00:00,2025-11-28 16:00:00+00:00,156.18793,156.02566,16.227000000000658,14.227000000000658,0.0283406374502005,200,500,2.0,signal,133,36,2.150027043536162,1.1590610557768695
futures,6J,mean_reversion,short,49368,49369,49407,2025-11-27 06:30:00+00:00,2025-11-27 06:45:00+00:00,2025-11-27 16:15:00+00:00,0.0064125,0.0064075,9.999999999999591,6.999999999999593,0.0344827586206876,200,200,3.0,signal,38,12,inf,1.6502463054187095
forex,USDCHF,momentum,short,51178,51179,51204,2025-11-27 10:00:00+00:00,2025-11-27 10:15:00+00:00,2025-11-27 16:30:00+00:00,0.8058,0.80485,9.500000000000064,7.500000000000064,0.0149402390438248,200,500,2.0,signal,25,50,1.3454161520968542,0.2884440239043795
futures,6E,momentum,long,49375,49376,49445,2025-11-27 10:00:00+00:00,2025-11-27 10:15:00+00:00,2025-11-28 15:00:00+00:00,1.15875,1.1593,11.000000000001007,8.000000000001009,0.0159045725646143,200,500,3.0,signal,69,32,2.1170212765957364,1.252485089463216
forex,EURUSD,momentum,long,51166,51167,51261,2025-11-28 01:30:00+00:00,2025-11-28 01:45:00+00:00,2025-12-01 01:15:00+00:00,1.15863,1.16143,27.999999999999137,25.999999999999137,0.1287128712871244,50,200,2.0,signal,94,24,2.6095465393794606,1.6693069306930572
forex,USDCHF,momentum,short,51263,51264,51298,2025-11-28 07:15:00+00:00,2025-11-28 07:30:00+00:00,2025-11-28 16:00:00+00:00,0.80536,0.80319,21.700000000000053,19.700000000000053,0.0392430278884463,200,500,2.0,signal,34,51,1.3633073179878,0.3033842629482043
forex,USDJPY,momentum,short,51276,51277,51304,2025-11-28 17:00:00+00:00,2025-11-28 17:15:00+00:00,2025-12-01 00:00:00+00:00,156.23639,155.93196,30.442999999999643,28.442999999999643,0.0566593625498,200,500,2.0,signal,27,37,2.1781467869580813,1.18740169322707
futures,6E,mean_reversion,short,49477,49478,49834,2025-12-01 02:15:00+00:00,2025-12-01 02:30:00+00:00,2025-12-04 23:30:00+00:00,1.16055,1.1647,-83.00000000000196,-86.00000000000196,-0.2838283828382903,100,300,3.0,signal,356,13,1.4610169491525633,0.4488448844884727
futures,ES,mean_reversion,short,49229,49230,49717,2025-12-01 09:45:00+00:00,2025-12-01 10:00:00+00:00,2025-12-08 16:45:00+00:00,6816.5,6857.75,-165.0,-168.0,-0.3339960238568588,500,500,3.0,signal,487,18,1.80944625407166,0.9880715705765396
futures,CL,momentum,long,49414,49415,49686,2025-12-01 16:45:00+00:00,2025-12-01 17:00:00+00:00,2025-12-04 15:45:00+00:00,59.17,59.43,25.9999999999998,22.9999999999998,0.0759075907590752,500,300,3.0,signal,271,33,2.053169734151328,3.3993399339933967
futures,ES,momentum,long,49267,49268,49320,2025-12-01 19:15:00+00:00,2025-12-01 19:30:00+00:00,2025-12-02 09:30:00+00:00,6831.75,6835.5,15.0,12.0,0.0396039603960396,300,300,3.0,signal,52,58,1.3281744635947936,3.0792079207920766
forex,USDCHF,momentum,long,51456,51457,51494,2025-12-02 07:30:00+00:00,2025-12-02 07:45:00+00:00,2025-12-02 17:00:00+00:00,0.8041,0.80474,6.399999999999739,4.399999999999739,0.0087649402390433,200,500,2.0,signal,37,51,1.4245743326587146,0.35099382470119234
futures,6A,momentum,long,49592,49593,49610,2025-12-02 09:30:00+00:00,2025-12-02 09:45:00+00:00,2025-12-02 14:00:00+00:00,0.65475,0.65635,31.999999999998696,28.999999999998696,0.057654075546717,200,500,3.0,signal,17,40,1.8417132216015049,0.8986083499006103
futures,6E,momentum,long,49620,49621,49633,2025-12-02 15:00:00+00:00,2025-12-02 15:15:00+00:00,2025-12-02 18:15:00+00:00,1.1613,1.16185,11.000000000001007,8.000000000001009,0.0159045725646143,200,500,3.0,signal,12,32,2.255159474671649,1.3300198807156969
futures,6J,mean_reversion,long,49632,49633,49674,2025-12-02 16:15:00+00:00,2025-12-02 16:30:00+00:00,2025-12-03 03:45:00+00:00,0.006428,0.0064305,4.999999999999797,1.9999999999997968,0.0098522167487674,200,200,3.0,signal,41,12,inf,1.4975369458127992
forex,USDJPY,momentum,long,51465,51466,51470,2025-12-02 16:15:00+00:00,2025-12-02 16:30:00+00:00,2025-12-02 17:30:00+00:00,155.77519,156.03291,25.77199999999777,23.77199999999777,0.0473545816733023,200,500,2.0,signal,4,37,2.217761886234495,1.2273279880477892
forex,NZDUSD,mean_reversion,short,51658,51659,52053,2025-12-02 16:45:00+00:00,2025-12-02 17:00:00+00:00,2025-12-08 19:30:00+00:00,0.57248,0.57717,-46.899999999999714,-48.899999999999714,-0.4794117647058795,50,100,2.0,signal,394,10,8.42202337283857,0.7042117647058785
futures,ZN,mean_reversion,short,49472,49473,49515,2025-12-03 15:15:00+00:00,2025-12-03 15:30:00+00:00,2025-12-04 03:00:00+00:00,113.015625,112.9375,5.0,2.0,0.0377358490566037,15,50,3.0,signal,42,17,inf,1.4905660377358483
futures,ZB,mean_reversion,long,49426,49427,49432,2025-12-03 17:45:00+00:00,2025-12-03 18:00:00+00:00,2025-12-03 19:15:00+00:00,116.53125,116.6875,5.0,2.0,0.0377358490566037,15,50,3.0,signal,5,17,6.125000000000005,0.773584905660377
futures,ZB,momentum,short,49506,49507,49512,2025-12-04 14:45:00+00:00,2025-12-04 15:00:00+00:00,2025-12-04 16:15:00+00:00,116.34375,116.125,7.0,4.0,0.0512820512820512,30,75,3.0,signal,5,20,2.9122807017543897,1.3974358974358962
futures,ES,momentum,long,49527,49528,49553,2025-12-04 15:15:00+00:00,2025-12-04 15:30:00+00:00,2025-12-04 21:45:00+00:00,6859.0,6867.0,32.0,29.0,0.0957095709570957,300,300,3.0,signal,25,59,1.319029194512838,2.993399339933991
futures,NQ,mean_reversion,short,49526,49527,49529,2025-12-04 15:15:00+00:00,2025-12-04 15:30:00+00:00,2025-12-04 16:00:00+00:00,25590.5,25553.0,150.0,147.0,0.2922465208747515,150,500,3.0,tp,2,24,3.1540755467196826,4.308151093439365
futures,6E,momentum,long,49810,49811,50184,2025-12-04 16:30:00+00:00,2025-12-04 16:45:00+00:00,2025-12-10 18:00:00+00:00,1.16605,1.16615,1.99999999999978,-1.0000000000002205,-0.0019880715705769,200,500,3.0,signal,373,33,2.27016885553469,1.3459244532803112
forex,USDCHF,momentum,long,51742,51743,51750,2025-12-05 07:00:00+00:00,2025-12-05 07:15:00+00:00,2025-12-05 09:00:00+00:00,0.80229,0.80322,9.300000000000974,7.300000000000974,0.0145418326693246,200,500,2.0,signal,7,50,1.3621646486408572,0.299399999999997
forex,EURUSD,momentum,long,51675,51676,51761,2025-12-05 08:45:00+00:00,2025-12-05 09:00:00+00:00,2025-12-08 06:15:00+00:00,1.16552,1.16662,11.000000000001007,9.000000000001009,0.0445544554455495,50,200,2.0,signal,85,24,2.8351485148514723,1.8351485148514712
forex,USDJPY,momentum,short,51732,51733,52060,2025-12-05 11:00:00+00:00,2025-12-05 11:15:00+00:00,2025-12-10 21:00:00+00:00,155.15575,155.92207,-76.6319999999979,-78.6319999999979,-0.156637450199199,200,500,2.0,signal,327,38,2.264747374434802,1.2746825697210915
futures,ES,momentum,long,49612,49613,49618,2025-12-05 13:30:00+00:00,2025-12-05 13:45:00+00:00,2025-12-05 15:00:00+00:00,6863.25,6889.75,106.0,103.0,0.3399339933993399,300,300,3.0,signal,5,60,1.329229686950404,3.0891089108910865
forex,EURUSD,momentum,long,51769,51770,52000,2025-12-08 08:15:00+00:00,2025-12-08 08:30:00+00:00,2025-12-10 18:00:00+00:00,1.16531,1.16589,5.800000000000249,3.8000000000002494,0.01881188118812,50,200,2.0,signal,230,25,2.879702970297022,1.8797029702970207
futures,ES,momentum,long,49709,49710,49915,2025-12-08 14:45:00+00:00,2025-12-08 15:00:00+00:00,2025-12-10 20:15:00+00:00,6873.75,6903.0,117.0,114.0,0.3762376237623762,300,300,3.0,signal,205,60,1.3545550474850505,3.3267326732673244
futures,NQ,mean_reversion,long,49736,49737,49799,2025-12-08 21:45:00+00:00,2025-12-08 23:00:00+00:00,2025-12-09 14:30:00+00:00,25713.0,25588.0,-500.0,-503.0,-1.0,150,500,3.0,sl,62,25,3.3001988071570585,4.600397614314117
forex,USDCHF,momentum,long,51929,51930,51935,2025-12-09 05:45:00+00:00,2025-12-09 06:00:00+00:00,2025-12-09 07:15:00+00:00,0.80537,0.80627,9.000000000000119,7.000000000000119,0.0139442231075699,200,500,2.0,signal,5,48,1.6377675630091382,0.4264928286852572
forex,USDCHF,momentum,long,51940,51941,51948,2025-12-09 08:30:00+00:00,2025-12-09 08:45:00+00:00,2025-12-09 10:30:00+00:00,0.80556,0.8063,7.399999999999629,5.399999999999629,0.010756972111553,200,500,2.0,signal,7,49,1.658619433407019,0.44043705179282705
futures,ZB,momentum,short,49760,49761,49784,2025-12-09 09:15:00+00:00,2025-12-09 09:30:00+00:00,2025-12-09 15:15:00+00:00,115.46875,115.28125,6.0,3.0,0.0384615384615384,30,75,3.0,signal,23,21,2.9824561403508807,1.4487179487179473
futures,YM,momentum,short,49784,49785,49792,2025-12-09 10:45:00+00:00,2025-12-09 11:00:00+00:00,2025-12-09 12:45:00+00:00,47859.0,47789.0,70.0,67.0,0.1332007952286282,300,500,3.0,signal,7,40,1.6029126213592222,2.4691848906560607
forex,USDCHF,momentum,long,51960,51961,51967,2025-12-09 13:30:00+00:00,2025-12-09 13:45:00+00:00,2025-12-09 15:15:00+00:00,0.80584,0.80775,19.09999999999967,17.09999999999967,0.0340637450199196,200,500,2.0,signal,6,50,1.6747051619996687,0.45119402390438007
forex,USDCHF,momentum,long,51971,51972,52281,2025-12-09 16:15:00+00:00,2025-12-09 16:30:00+00:00,2025-12-12 21:45:00+00:00,0.80606,0.79601,-100.50000000000004,-102.50000000000004,-0.2041832669322709,200,500,2.0,end,309,51,1.7256433025430615,0.48525776892429967
futures,6A,momentum,long,50084,50085,50183,2025-12-09 17:30:00+00:00,2025-12-09 17:45:00+00:00,2025-12-10 19:15:00+00:00,0.66405,0.6659,37.00000000000036,34.00000000000036,0.0675944333996031,200,500,3.0,signal,98,40,1.8398510242085775,0.8966202783300296
futures,ZB,momentum,short,49873,49874,50086,2025-12-10 14:30:00+00:00,2025-12-10 14:45:00+00:00,2025-12-12 21:45:00+00:00,115.25,114.84375,13.0,10.0,0.1282051282051282,30,75,3.0,end,212,22,3.0350877192982493,1.4871794871794857
futures,ES,mean_reversion,long,49901,49902,49915,2025-12-10 16:45:00+00:00,2025-12-10 17:00:00+00:00,2025-12-10 20:15:00+00:00,6853.5,6903.0,198.0,195.0,0.3876739562624254,500,500,3.0,signal,13,19,1.4207161125319683,0.6540755467196808
futures,ZB,mean_reversion,short,49891,49892,50003,2025-12-10 19:00:00+00:00,2025-12-10 19:15:00+00:00,2025-12-12 01:00:00+00:00,115.34375,115.5,-5.0,-8.0,-0.1509433962264151,15,50,3.0,signal,111,17,5.875000000000004,0.7358490566037731
futures,HG,momentum,long,50091,50092,50130,2025-12-11 02:45:00+00:00,2025-12-11 03:00:00+00:00,2025-12-11 12:30:00+00:00,5.394,5.4190000000000005,50.0,47.0,0.6025641025641025,50,75,3.0,tp,38,37,1.4641025641025611,4.641025641025621
forex,USDJPY,momentum,short,52095,52096,52127,2025-12-11 05:45:00+00:00,2025-12-11 06:00:00+00:00,2025-12-11 13:45:00+00:00,156.06005,155.34526,71.47899999999936,69.47899999999936,0.1384043824701182,200,500,2.0,signal,31,37,1.919227192999621,1.070433565737032
forex,AUDUSD,mean_reversion,long,52280,52281,52292,2025-12-11 07:15:00+00:00,2025-12-11 07:30:00+00:00,2025-12-11 10:15:00+00:00,0.66422,0.66509,8.699999999999264,6.699999999999264,0.0440789473684162,50,150,2.0,signal,11,40,2.1992041372937803,1.1645960526315724
futures,NQ,mean_reversion,long,49995,49996,49999,2025-12-11 17:30:00+00:00,2025-12-11 17:45:00+00:00,2025-12-11 18:30:00+00:00,25639.75,25677.25,150.0,147.0,0.2922465208747515,150,500,3.0,tp,3,25,2.102717031146455,3.3081510934393656
futures,NQ,mean_reversion,short,50015,50016,50017,2025-12-11 23:30:00+00:00,2025-12-11 23:45:00+00:00,2025-12-12 00:00:00+00:00,25681.25,25643.75,150.0,147.0,0.2922465208747515,150,500,3.0,tp,1,26,2.2001325381047057,3.600397614314117
forex,USDJPY,momentum,short,52203,52204,52255,2025-12-12 08:45:00+00:00,2025-12-12 09:00:00+00:00,2025-12-12 21:45:00+00:00,155.80707,155.82964,-2.2570000000001755,-4.257000000000176,-0.0084800796812752,200,500,2.0,end,51,38,2.0380809697020115,1.2088379482071503
futures,6J,momentum,long,50338,50339,50388,2025-12-12 08:45:00+00:00,2025-12-12 09:00:00+00:00,2025-12-12 21:45:00+00:00,0.0064165,0.006418,2.999999999999531,-4.689582056016661e-13,-1.5477168501705153e-15,100,300,3.0,end,49,22,1.3074935400516838,0.3927392739273987
futures,6A,momentum,long,50330,50331,50376,2025-12-12 10:15:00+00:00,2025-12-12 10:30:00+00:00,2025-12-12 21:45:00+00:00,0.66615,0.6652,-19.000000000000128,-22.000000000000128,-0.0437375745526841,200,500,3.0,end,45,41,1.9031657355679825,0.9642147117296327
futures,ES,momentum,long,50078,50079,50105,2025-12-12 15:00:00+00:00,2025-12-12 15:15:00+00:00,2025-12-12 21:45:00+00:00,6873.0,6833.5,-158.0,-161.0,-0.5313531353135313,300,300,3.0,end,26,60,1.31234611326064,2.9306930693069284
