market,symbol,phase,side,signal_index,entry_index,exit_index,signal_time,entry_time,exit_time,entry_price,exit_price,gross_units,net_units,r_multiple,tp_units,sl_units,cost_units,exit_reason,bars_held
futures,ES,momentum,long,3027,3028,3032,2025-06-12 23:45:00+00:00,2025-06-13 00:00:00+00:00,2025-06-13 01:00:00+00:00,6014.5,5939.5,-300.0,-303.0,-1.0,300,300,3.0,sl,4
forex,AUDUSD,momentum,long,3144,3145,3291,2025-06-13 00:00:00+00:00,2025-06-13 00:15:00+00:00,2025-06-16 14:00:00+00:00,0.64992034,0.65450591,45.85570000000038,43.85570000000038,0.42995784313725866,150,100,2.0,signal,146
forex,NZDUSD,momentum,long,3148,3149,3150,2025-06-13 00:00:00+00:00,2025-06-13 00:15:00+00:00,2025-06-13 00:30:00+00:00,0.60364604,0.60164604,-20.0,-22.0,-1.0,75,20,2.0,sl,1
futures,NG,mean_reversion,short,3045,3046,3052,2025-06-13 02:45:00+00:00,2025-06-13 03:00:00+00:00,2025-06-13 04:30:00+00:00,3.56,3.555,4.999999999999893,1.9999999999998934,0.006600660066006249,500,300,3.0,signal,6
futures,NG,momentum,long,3045,3046,3108,2025-06-13 02:45:00+00:00,2025-06-13 03:00:00+00:00,2025-06-13 18:30:00+00:00,3.56,3.585,24.99999999999991,21.99999999999991,0.07260726072607232,500,300,3.0,signal,62
futures,SI,mean_reversion,short,3030,3031,3039,2025-06-13 03:15:00+00:00,2025-06-13 03:30:00+00:00,2025-06-13 05:30:00+00:00,36.395,36.295,20.000000000000284,17.000000000000284,0.033797216699801756,200,500,3.0,signal,8
futures,SI,momentum,long,3030,3031,3242,2025-06-13 03:15:00+00:00,2025-06-13 03:30:00+00:00,2025-06-17 10:15:00+00:00,36.395,36.845,89.99999999999915,86.99999999999915,0.17296222664015734,500,500,3.0,signal,211
forex,USDJPY,momentum,short,3146,3147,3793,2025-06-13 03:30:00+00:00,2025-06-13 03:45:00+00:00,2025-06-24 01:15:00+00:00,143.633,145.52901,-189.60099999999898,-191.60099999999898,-0.38167529880477885,200,500,2.0,signal,646
gold_spot,XAUUSD,momentum,long,3049,3050,3054,2025-06-13 03:45:00+00:00,2025-06-13 04:00:00+00:00,2025-06-13 05:00:00+00:00,3425.615,3422.615,-300.0,-311.0,-1.0,1032,300,11.0,sl,4
forex,GBPUSD,mean_reversion,long,3175,3176,3212,2025-06-13 07:15:00+00:00,2025-06-13 07:30:00+00:00,2025-06-13 16:30:00+00:00,1.35601,1.35988,38.7000000000004,36.7000000000004,0.18168316831683368,100,200,2.0,signal,36
futures,6B,mean_reversion,long,3073,3074,3109,2025-06-13 07:15:00+00:00,2025-06-13 07:30:00+00:00,2025-06-13 16:15:00+00:00,1.3559,1.3597,37.99999999999803,34.99999999999803,0.17241379310343857,100,200,3.0,signal,35
forex,GBPUSD,momentum,short,3176,3177,3184,2025-06-13 07:30:00+00:00,2025-06-13 07:45:00+00:00,2025-06-13 09:30:00+00:00,1.3565,1.3545,20.0,18.0,0.23376623376623376,20,75,2.0,tp,7
futures,6B,momentum,short,3074,3075,3086,2025-06-13 07:30:00+00:00,2025-06-13 07:45:00+00:00,2025-06-13 10:30:00+00:00,1.3563,1.3533000000000002,30.0,27.0,0.2621359223300971,30,100,3.0,tp,11
futures,6A,momentum,short,3076,3077,3115,2025-06-13 08:00:00+00:00,2025-06-13 08:15:00+00:00,2025-06-13 17:45:00+00:00,0.64935,0.6499,-11.000000000001009,-14.000000000001009,-0.027833001988073577,200,500,3.0,signal,38
forex,USDCHF,momentum,short,3171,3172,3191,2025-06-13 09:30:00+00:00,2025-06-13 09:45:00+00:00,2025-06-13 14:30:00+00:00,0.81314999,0.81155998,15.900100000000306,13.900100000000306,0.027689442231076306,200,500,2.0,signal,19
forex,USDCAD,momentum,short,3179,3180,3180,2025-06-13 11:15:00+00:00,2025-06-13 11:30:00+00:00,2025-06-13 11:30:00+00:00,1.36441,1.36391,5.0,3.0,0.13636363636363635,5,20,2.0,tp,0
forex,GBPUSD,momentum,short,3202,3203,3371,2025-06-13 14:00:00+00:00,2025-06-13 14:15:00+00:00,2025-06-17 09:30:00+00:00,1.35531,1.35525,0.5999999999994898,-1.4000000000005102,-0.018181818181824808,20,75,2.0,signal,168
futures,6B,momentum,short,3101,3102,3281,2025-06-13 14:15:00+00:00,2025-06-13 14:30:00+00:00,2025-06-17 14:15:00+00:00,1.3557,1.3527,30.0,27.0,0.2621359223300971,30,100,3.0,tp,179
gold_spot,XAUUSD,momentum,long,3093,3094,3094,2025-06-13 14:45:00+00:00,2025-06-13 15:00:00+00:00,2025-06-13 15:00:00+00:00,3428.0,3425.0,-300.0,-311.0,-1.0,1032,300,11.0,sl,0
futures,RTY,momentum,short,3088,3089,3098,2025-06-13 15:00:00+00:00,2025-06-13 15:15:00+00:00,2025-06-13 17:30:00+00:00,2117.4,2115.2,22.00000000000273,19.00000000000273,0.06270627062707171,500,300,3.0,signal,9
futures,ES,momentum,short,3089,3090,3101,2025-06-13 15:15:00+00:00,2025-06-13 15:30:00+00:00,2025-06-13 18:15:00+00:00,6016.75,5997.25,78.0,75.0,0.24752475247524752,300,300,3.0,signal,11
futures,NQ,momentum,short,3090,3091,3101,2025-06-13 15:30:00+00:00,2025-06-13 15:45:00+00:00,2025-06-13 18:15:00+00:00,21809.5,21684.5,500.0,497.0,1.4747774480712166,500,334,3.0,tp,10
futures,6C,mean_reversion,short,3113,3114,3298,2025-06-13 17:30:00+00:00,2025-06-13 17:45:00+00:00,2025-06-17 18:30:00+00:00,0.73555,0.73635,-15.999999999998238,-18.999999999998238,-0.09359605911329182,75,200,3.0,signal,184
forex,AUDUSD,mean_reversion,long,3223,3224,3271,2025-06-13 19:45:00+00:00,2025-06-13 20:00:00+00:00,2025-06-16 09:00:00+00:00,0.64985704,0.65144879,15.917500000000029,13.917500000000029,0.09156250000000019,50,150,2.0,signal,47
forex,NZDUSD,momentum,short,3227,3228,3236,2025-06-13 19:45:00+00:00,2025-06-13 20:00:00+00:00,2025-06-15 23:15:00+00:00,0.60240966,0.60088933,15.203299999999587,13.203299999999587,0.6001499999999812,75,20,2.0,signal,8
futures,6A,momentum,short,3130,3131,3293,2025-06-16 00:00:00+00:00,2025-06-16 00:15:00+00:00,2025-06-17 17:45:00+00:00,0.65045,0.6494,20.999999999999908,17.999999999999908,0.03578528827037755,200,500,3.0,signal,162
gold_spot,XAUUSD,momentum,long,3141,3142,3145,2025-06-16 03:45:00+00:00,2025-06-16 04:00:00+00:00,2025-06-16 04:45:00+00:00,3431.655,3428.655,-300.0,-311.0,-1.0,1032,300,11.0,sl,3
forex,NZDUSD,momentum,short,3259,3260,3278,2025-06-16 05:00:00+00:00,2025-06-16 05:15:00+00:00,2025-06-16 09:45:00+00:00,0.60240966,0.60440966,-20.0,-22.0,-1.0,75,20,2.0,sl,18
forex,USDCHF,momentum,short,3250,3251,3277,2025-06-16 07:00:00+00:00,2025-06-16 07:15:00+00:00,2025-06-16 13:45:00+00:00,0.81282997,0.80966997,31.600000000000517,29.600000000000517,0.05896414342629585,200,500,2.0,signal,26
futures,RTY,momentum,short,3148,3149,3242,2025-06-16 07:00:00+00:00,2025-06-16 07:15:00+00:00,2025-06-17 07:30:00+00:00,2120.7,2101.8,188.99999999999636,185.99999999999636,0.6138613861386019,500,300,3.0,signal,93
futures,ZN,mean_reversion,long,3174,3175,3258,2025-06-16 13:45:00+00:00,2025-06-16 14:00:00+00:00,2025-06-17 11:45:00+00:00,110.71875,110.78125,4.0,1.0,0.018867924528301886,15,50,3.0,signal,83
gold_spot,XAUUSD,momentum,long,3181,3182,3182,2025-06-16 13:45:00+00:00,2025-06-16 14:00:00+00:00,2025-06-16 14:00:00+00:00,3388.26,3398.5800000000004,1032.0,1021.0,3.282958199356913,1032,300,11.0,tp,0
futures,ZB,momentum,short,3175,3176,3190,2025-06-16 14:15:00+00:00,2025-06-16 14:30:00+00:00,2025-06-16 18:00:00+00:00,113.4375,112.78125,21.0,18.0,0.23076923076923078,30,75,3.0,signal,14
gold_spot,XAUUSD,momentum,short,3186,3187,3187,2025-06-16 15:00:00+00:00,2025-06-16 15:15:00+00:00,2025-06-16 15:15:00+00:00,3400.89,3403.89,-300.0,-311.0,-1.0,1032,300,11.0,sl,0
forex,USDJPY,mean_reversion,long,3281,3282,3286,2025-06-16 15:15:00+00:00,2025-06-16 15:30:00+00:00,2025-06-16 16:30:00+00:00,144.095001,144.19701,10.200900000000956,8.200900000000956,0.0271552980132482,100,300,2.0,signal,4
forex,AUDUSD,momentum,long,3314,3315,3339,2025-06-16 19:45:00+00:00,2025-06-16 20:00:00+00:00,2025-06-17 02:00:00+00:00,0.65244764,0.65254557,0.9793000000002383,-1.0206999999997617,-0.010006862745095702,150,100,2.0,signal,24
futures,6J,momentum,long,3213,3214,3243,2025-06-16 19:45:00+00:00,2025-06-16 20:00:00+00:00,2025-06-17 04:15:00+00:00,0.006974,0.006989,30.000000000000515,27.000000000000515,0.08910891089109081,100,300,3.0,signal,29
forex,USDCHF,mean_reversion,short,3306,3307,3364,2025-06-16 21:00:00+00:00,2025-06-16 21:15:00+00:00,2025-06-17 11:30:00+00:00,0.81264001,0.81246001,1.7999999999995797,-0.20000000000042029,-0.0009900990099030707,75,200,2.0,signal,57
forex,USDCHF,momentum,long,3306,3307,3312,2025-06-16 21:00:00+00:00,2025-06-16 21:15:00+00:00,2025-06-16 22:30:00+00:00,0.81264001,0.81421,15.699900000000211,13.699900000000211,0.027290637450199624,200,500,2.0,signal,5
futures,ES,momentum,long,3207,3208,3361,2025-06-16 22:45:00+00:00,2025-06-16 23:00:00+00:00,2025-06-18 14:15:00+00:00,6018.5,6062.25,175.0,172.0,0.5676567656765676,300,300,3.0,signal,153
gold_spot,XAUUSD,momentum,short,3213,3214,3215,2025-06-16 22:45:00+00:00,2025-06-16 23:00:00+00:00,2025-06-16 23:15:00+00:00,3395.48,3398.48,-300.0,-311.0,-1.0,1032,300,11.0,sl,1
gold_spot,XAUUSD,momentum,short,3258,3259,3259,2025-06-17 10:00:00+00:00,2025-06-17 10:15:00+00:00,2025-06-17 10:15:00+00:00,3391.64,3394.64,-300.0,-311.0,-1.0,1032,300,11.0,sl,0
forex,GBPUSD,momentum,short,3377,3378,3384,2025-06-17 11:00:00+00:00,2025-06-17 11:15:00+00:00,2025-06-17 12:45:00+00:00,1.35713,1.35513,20.0,18.0,0.23376623376623376,20,75,2.0,tp,6
futures,ES,mean_reversion,long,3259,3260,3270,2025-06-17 11:45:00+00:00,2025-06-17 12:00:00+00:00,2025-06-17 14:30:00+00:00,6012.75,6021.0,33.0,30.0,0.05964214711729622,500,500,3.0,signal,10
futures,RTY,momentum,short,3259,3260,3282,2025-06-17 11:45:00+00:00,2025-06-17 12:00:00+00:00,2025-06-17 17:30:00+00:00,2112.4,2107.7,47.00000000000273,44.00000000000273,0.14521452145215422,500,300,3.0,signal,22
forex,AUDUSD,momentum,long,3382,3383,3714,2025-06-17 12:45:00+00:00,2025-06-17 13:00:00+00:00,2025-06-23 01:15:00+00:00,0.65249872,0.64249872,-100.0,-102.0,-1.0,150,100,2.0,sl,331
forex,USDCAD,momentum,short,3370,3371,3371,2025-06-17 12:45:00+00:00,2025-06-17 13:00:00+00:00,2025-06-17 13:00:00+00:00,1.35824,1.35774,5.0,3.0,0.13636363636363635,5,20,2.0,tp,0
futures,ZN,mean_reversion,short,3262,3263,3271,2025-06-17 12:45:00+00:00,2025-06-17 13:00:00+00:00,2025-06-17 15:00:00+00:00,110.640625,110.578125,4.0,1.0,0.018867924528301886,15,50,3.0,signal,8
futures,ZN,momentum,long,3262,3263,3275,2025-06-17 12:45:00+00:00,2025-06-17 13:00:00+00:00,2025-06-17 16:00:00+00:00,110.640625,110.703125,4.0,1.0,0.006535947712418301,50,150,3.0,signal,12
futures,6E,momentum,long,3283,3284,3290,2025-06-17 14:15:00+00:00,2025-06-17 14:30:00+00:00,2025-06-17 16:00:00+00:00,1.1606,1.1603,-5.999999999999339,-8.99999999999934,-0.01789264413518755,200,500,3.0,signal,6
futures,HG,mean_reversion,long,3281,3282,3329,2025-06-17 15:45:00+00:00,2025-06-17 16:00:00+00:00,2025-06-18 04:45:00+00:00,4.811,4.8295,37.00000000000081,34.00000000000081,0.11221122112211489,150,300,3.0,signal,47
futures,ES,mean_reversion,short,3279,3280,3284,2025-06-17 16:45:00+00:00,2025-06-17 17:00:00+00:00,2025-06-17 18:00:00+00:00,6007.25,5989.5,71.0,68.0,0.13518886679920478,500,500,3.0,signal,4
futures,NQ,mean_reversion,short,3281,3282,3283,2025-06-17 17:15:00+00:00,2025-06-17 17:30:00+00:00,2025-06-17 17:45:00+00:00,21788.75,21751.25,150.0,147.0,0.2922465208747515,150,500,3.0,tp,1
futures,NQ,momentum,long,3281,3282,3284,2025-06-17 17:15:00+00:00,2025-06-17 17:30:00+00:00,2025-06-17 18:00:00+00:00,21788.75,21705.25,-334.0,-337.0,-1.0,500,334,3.0,sl,2
futures,RTY,momentum,short,3304,3305,3364,2025-06-18 00:00:00+00:00,2025-06-18 00:15:00+00:00,2025-06-18 15:00:00+00:00,2114.4,2144.4,-300.0,-303.0,-1.0,500,300,3.0,sl,59
gold_spot,XAUUSD,momentum,short,3324,3325,3326,2025-06-18 03:30:00+00:00,2025-06-18 03:45:00+00:00,2025-06-18 04:00:00+00:00,3389.3,3392.3,-300.0,-311.0,-1.0,1032,300,11.0,sl,1
forex,AUDUSD,mean_reversion,long,3475,3476,3490,2025-06-18 12:00:00+00:00,2025-06-18 12:15:00+00:00,2025-06-18 15:45:00+00:00,0.65045726,0.65209877,16.415100000000127,14.415100000000127,0.09483618421052716,50,150,2.0,signal,14
forex,NZDUSD,momentum,short,3479,3480,3494,2025-06-18 12:00:00+00:00,2025-06-18 12:15:00+00:00,2025-06-18 15:45:00+00:00,0.60295451,0.60495451,-20.0,-22.0,-1.0,75,20,2.0,sl,14
futures,6A,mean_reversion,long,3362,3363,3376,2025-06-18 12:00:00+00:00,2025-06-18 12:15:00+00:00,2025-06-18 15:30:00+00:00,0.65135,0.6533,39.00000000000014,36.00000000000014,0.1773399014778332,50,200,3.0,signal,13
gold_spot,XAUUSD,momentum,short,3363,3364,3366,2025-06-18 13:15:00+00:00,2025-06-18 13:30:00+00:00,2025-06-18 14:00:00+00:00,3395.285,3384.9649999999997,1032.0,1021.0,3.282958199356913,1032,300,11.0,tp,2
futures,HG,momentum,long,3364,3365,3370,2025-06-18 13:30:00+00:00,2025-06-18 13:45:00+00:00,2025-06-18 15:00:00+00:00,4.8185,4.843500000000001,50.0,47.0,0.6025641025641025,50,75,3.0,tp,5
futures,CL,momentum,long,3366,3367,3461,2025-06-18 14:00:00+00:00,2025-06-18 14:15:00+00:00,2025-06-19 14:45:00+00:00,72.46,75.24,278.0000000000001,275.0000000000001,0.9075907590759079,500,300,3.0,signal,94
futures,SI,momentum,long,3350,3351,3871,2025-06-18 14:15:00+00:00,2025-06-18 14:30:00+00:00,2025-06-26 09:00:00+00:00,36.855,36.73,-25.0,-28.0,-0.055666003976143144,500,500,3.0,signal,520
futures,6E,mean_reversion,long,3378,3379,3503,2025-06-18 15:00:00+00:00,2025-06-18 15:15:00+00:00,2025-06-20 00:15:00+00:00,1.1582,1.1582,0.0,-3.0,-0.009900990099009901,100,300,3.0,signal,124
futures,6E,momentum,short,3378,3379,3385,2025-06-18 15:00:00+00:00,2025-06-18 15:15:00+00:00,2025-06-18 16:45:00+00:00,1.1582,1.1575,13.999999999998458,10.999999999998458,0.021868787276338883,200,500,3.0,signal,6
futures,ZB,momentum,long,3377,3378,3495,2025-06-18 18:45:00+00:00,2025-06-18 19:00:00+00:00,2025-06-20 06:15:00+00:00,113.59375,113.84375,8.0,5.0,0.0641025641025641,30,75,3.0,signal,117
futures,6A,momentum,long,3391,3392,3709,2025-06-18 19:15:00+00:00,2025-06-18 19:30:00+00:00,2025-06-24 06:45:00+00:00,0.6507,0.652,26.000000000001577,23.000000000001577,0.045725646123263575,200,500,3.0,signal,317
futures,ES,momentum,long,3381,3382,3519,2025-06-18 19:15:00+00:00,2025-06-18 19:30:00+00:00,2025-06-20 11:45:00+00:00,6030.25,6040.0,39.0,36.0,0.1188118811881188,300,300,3.0,signal,137
futures,NQ,momentum,long,3383,3384,3397,2025-06-18 19:45:00+00:00,2025-06-18 20:00:00+00:00,2025-06-19 00:15:00+00:00,21948.5,21865.0,-334.0,-337.0,-1.0,500,334,3.0,sl,13
forex,NZDUSD,momentum,short,3513,3514,3531,2025-06-18 20:30:00+00:00,2025-06-18 20:45:00+00:00,2025-06-19 01:00:00+00:00,0.60317272,0.60164851,15.242100000000258,13.242100000000258,0.6019136363636481,75,20,2.0,signal,17
gold_spot,XAUUSD,momentum,short,3395,3396,3402,2025-06-18 22:15:00+00:00,2025-06-18 22:30:00+00:00,2025-06-19 00:00:00+00:00,3375.265,3378.265,-300.0,-311.0,-1.0,1032,300,11.0,sl,6
futures,RTY,momentum,long,3420,3421,3512,2025-06-19 06:00:00+00:00,2025-06-19 06:15:00+00:00,2025-06-20 10:00:00+00:00,2119.4,2132.8,134.0000000000009,131.0000000000009,0.43234323432343535,500,300,3.0,signal,91
gold_spot,XAUUSD,momentum,short,3432,3433,3436,2025-06-19 07:30:00+00:00,2025-06-19 07:45:00+00:00,2025-06-19 08:30:00+00:00,3367.195,3370.195,-300.0,-311.0,-1.0,1032,300,11.0,sl,3
futures,HG,mean_reversion,long,3439,3440,3534,2025-06-19 09:15:00+00:00,2025-06-19 09:30:00+00:00,2025-06-20 12:30:00+00:00,4.8235,4.863,79.00000000000063,76.00000000000063,0.25082508250825286,150,300,3.0,signal,94
futures,ZN,momentum,short,3444,3445,3519,2025-06-19 12:15:00+00:00,2025-06-19 12:30:00+00:00,2025-06-20 12:00:00+00:00,110.8125,110.5625,16.0,13.0,0.08496732026143791,50,150,3.0,signal,74
forex,GBPUSD,momentum,short,3596,3597,3704,2025-06-19 17:45:00+00:00,2025-06-19 18:00:00+00:00,2025-06-20 20:45:00+00:00,1.34542,1.34445,9.700000000001374,7.700000000001374,0.10000000000001785,20,75,2.0,signal,107
futures,6B,momentum,short,3479,3480,3584,2025-06-19 17:45:00+00:00,2025-06-19 18:00:00+00:00,2025-06-22 22:00:00+00:00,1.3461,1.3431000000000002,30.0,27.0,0.2621359223300971,30,100,3.0,tp,104
futures,CL,momentum,long,3473,3474,3568,2025-06-19 17:45:00+00:00,2025-06-19 18:00:00+00:00,2025-06-22 22:00:00+00:00,73.26,78.26,500.0,497.0,1.6402640264026402,500,300,3.0,tp,94
forex,EURUSD,momentum,short,3547,3548,3697,2025-06-19 18:00:00+00:00,2025-06-19 18:15:00+00:00,2025-06-23 09:15:00+00:00,1.14847,1.14657,19.000000000000128,17.000000000000128,0.08415841584158479,50,200,2.0,signal,149
futures,6E,momentum,short,3482,3483,3631,2025-06-19 18:00:00+00:00,2025-06-19 18:15:00+00:00,2025-06-23 09:15:00+00:00,1.1551,1.15305,41.000000000002146,38.000000000002146,0.07554671968191282,200,500,3.0,signal,148
futures,NQ,mean_reversion,long,3464,3465,3466,2025-06-19 22:00:00+00:00,2025-06-19 22:15:00+00:00,2025-06-19 22:30:00+00:00,21832.5,21870.0,150.0,147.0,0.2922465208747515,150,500,3.0,tp,1
futures,NQ,momentum,short,3464,3465,3466,2025-06-19 22:00:00+00:00,2025-06-19 22:15:00+00:00,2025-06-19 22:30:00+00:00,21832.5,21916.0,-334.0,-337.0,-1.0,500,334,3.0,sl,1
futures,6J,momentum,short,3501,3502,3549,2025-06-19 23:45:00+00:00,2025-06-20 00:00:00+00:00,2025-06-20 11:45:00+00:00,0.006952,0.0069335,36.99999999999884,33.99999999999884,0.11221122112210839,100,300,3.0,signal,47
gold_spot,XAUUSD,momentum,short,3501,3502,3507,2025-06-20 04:15:00+00:00,2025-06-20 04:30:00+00:00,2025-06-20 05:45:00+00:00,3356.715,3346.395,1032.0,1021.0,3.282958199356913,1032,300,11.0,tp,5
futures,ZN,mean_reversion,short,3501,3502,3513,2025-06-20 07:30:00+00:00,2025-06-20 07:45:00+00:00,2025-06-20 10:30:00+00:00,110.875,110.703125,11.0,8.0,0.1509433962264151,15,50,3.0,signal,11
forex,AUDUSD,mean_reversion,long,3651,3652,3658,2025-06-20 08:00:00+00:00,2025-06-20 08:15:00+00:00,2025-06-20 09:45:00+00:00,0.64883667,0.64946872,6.320499999999951,4.320499999999951,0.028424342105262835,50,150,2.0,signal,6
futures,ZB,mean_reversion,short,3503,3504,3513,2025-06-20 08:15:00+00:00,2025-06-20 08:30:00+00:00,2025-06-20 10:45:00+00:00,113.5625,113.28125,9.0,6.0,0.11320754716981132,15,50,3.0,signal,9
futures,ZB,momentum,long,3503,3504,3612,2025-06-20 08:15:00+00:00,2025-06-20 08:30:00+00:00,2025-06-23 12:30:00+00:00,113.5625,114.03125,15.0,12.0,0.15384615384615385,30,75,3.0,signal,108
forex,AUDUSD,mean_reversion,short,3664,3665,3676,2025-06-20 11:15:00+00:00,2025-06-20 11:30:00+00:00,2025-06-20 14:15:00+00:00,0.64866829,0.64758867,10.796200000000589,8.796200000000589,0.05786973684210914,50,150,2.0,signal,11
forex,USDCHF,momentum,short,3652,3653,3754,2025-06-20 11:30:00+00:00,2025-06-20 11:45:00+00:00,2025-06-23 15:00:00+00:00,0.81775999,0.81371999,40.40000000000043,38.40000000000043,0.07649402390438333,200,500,2.0,signal,101
gold_spot,XAUUSD,momentum,short,3538,3539,3539,2025-06-20 13:30:00+00:00,2025-06-20 13:45:00+00:00,2025-06-20 13:45:00+00:00,3364.295,3367.295,-300.0,-311.0,-1.0,1032,300,11.0,sl,0
futures,NQ,momentum,long,3529,3530,3531,2025-06-20 14:15:00+00:00,2025-06-20 14:30:00+00:00,2025-06-20 14:45:00+00:00,21936.75,21853.25,-334.0,-337.0,-1.0,500,334,3.0,sl,1
futures,ES,momentum,long,3530,3531,3616,2025-06-20 14:30:00+00:00,2025-06-20 14:45:00+00:00,2025-06-23 13:00:00+00:00,6028.5,6026.75,-7.0,-10.0,-0.033003300330033,300,300,3.0,signal,85
futures,NQ,mean_reversion,short,3530,3531,3531,2025-06-20 14:30:00+00:00,2025-06-20 14:45:00+00:00,2025-06-20 14:45:00+00:00,21880.25,21842.75,150.0,147.0,0.2922465208747515,150,500,3.0,tp,0
futures,ZB,mean_reversion,long,3531,3532,3540,2025-06-20 15:15:00+00:00,2025-06-20 15:30:00+00:00,2025-06-20 17:30:00+00:00,113.46875,113.9375,15.0,12.0,0.22641509433962265,15,50,3.0,tp,8
gold_spot,XAUUSD,momentum,short,3568,3569,3569,2025-06-22 22:00:00+00:00,2025-06-22 22:15:00+00:00,2025-06-22 22:15:00+00:00,3380.1,3383.1,-300.0,-311.0,-1.0,1032,300,11.0,sl,0
gold_spot,XAUUSD,mean_reversion,short,3576,3577,3581,2025-06-23 00:00:00+00:00,2025-06-23 00:15:00+00:00,2025-06-23 01:15:00+00:00,3368.485,3357.5150000000003,1097.0,1086.0,3.491961414790997,1097,300,11.0,tp,4
gold_spot,XAUUSD,momentum,long,3576,3577,3577,2025-06-23 00:00:00+00:00,2025-06-23 00:15:00+00:00,2025-06-23 00:15:00+00:00,3368.485,3365.485,-300.0,-311.0,-1.0,1032,300,11.0,sl,0
forex,EURUSD,mean_reversion,long,3670,3671,3724,2025-06-23 02:30:00+00:00,2025-06-23 02:45:00+00:00,2025-06-23 16:00:00+00:00,1.15039,1.1538,34.09999999999913,32.09999999999913,0.41688311688310553,50,75,2.0,signal,53
futures,6E,mean_reversion,long,3604,3605,3658,2025-06-23 02:30:00+00:00,2025-06-23 02:45:00+00:00,2025-06-23 16:00:00+00:00,1.15685,1.1603,69.0000000000035,66.0000000000035,0.21782178217822937,100,300,3.0,signal,53
gold_spot,XAUUSD,momentum,short,3612,3613,3620,2025-06-23 09:00:00+00:00,2025-06-23 09:15:00+00:00,2025-06-23 11:00:00+00:00,3368.18,3371.18,-300.0,-311.0,-1.0,1032,300,11.0,sl,7
futures,ES,mean_reversion,short,3608,3609,3684,2025-06-23 11:00:00+00:00,2025-06-23 11:15:00+00:00,2025-06-24 07:00:00+00:00,6015.5,6140.5,-500.0,-503.0,-1.0,500,500,3.0,sl,75
futures,YM,momentum,long,3608,3609,3615,2025-06-23 11:00:00+00:00,2025-06-23 11:15:00+00:00,2025-06-23 12:45:00+00:00,42467.0,42514.0,47.0,44.0,0.0874751491053678,300,500,3.0,signal,6
gold_spot,XAUUSD,mean_reversion,short,3625,3626,3627,2025-06-23 12:15:00+00:00,2025-06-23 12:30:00+00:00,2025-06-23 12:45:00+00:00,3362.65,3360.03,261.9999999999891,250.9999999999891,0.8070739549838878,1097,300,11.0,signal,1
gold_spot,XAUUSD,momentum,long,3625,3626,3626,2025-06-23 12:15:00+00:00,2025-06-23 12:30:00+00:00,2025-06-23 12:30:00+00:00,3362.65,3359.65,-300.0,-311.0,-1.0,1032,300,11.0,sl,0
futures,NQ,momentum,short,3615,3616,3620,2025-06-23 12:45:00+00:00,2025-06-23 13:00:00+00:00,2025-06-23 14:00:00+00:00,21883.25,21966.75,-334.0,-337.0,-1.0,500,334,3.0,sl,4
forex,GBPUSD,momentum,short,3767,3768,3774,2025-06-23 13:30:00+00:00,2025-06-23 13:45:00+00:00,2025-06-23 15:15:00+00:00,1.3421,1.3496000000000001,-75.0,-77.0,-1.0,20,75,2.0,sl,6
futures,CL,mean_reversion,long,3641,3642,3644,2025-06-23 16:15:00+00:00,2025-06-23 16:30:00+00:00,2025-06-23 17:00:00+00:00,74.16,71.16,-300.0,-303.0,-1.0,200,300,3.0,sl,2
futures,CL,momentum,short,3641,3642,3643,2025-06-23 16:15:00+00:00,2025-06-23 16:30:00+00:00,2025-06-23 16:45:00+00:00,74.16,71.94,221.9999999999999,218.9999999999999,0.7227722772277224,500,300,3.0,signal,1
futures,ES,momentum,long,3629,3630,3635,2025-06-23 16:15:00+00:00,2025-06-23 16:30:00+00:00,2025-06-23 17:45:00+00:00,6017.75,6063.25,182.0,179.0,0.5907590759075908,300,300,3.0,signal,5
futures,NQ,mean_reversion,short,3629,3630,3630,2025-06-23 16:15:00+00:00,2025-06-23 16:30:00+00:00,2025-06-23 16:30:00+00:00,21860.25,21822.75,150.0,147.0,0.2922465208747515,150,500,3.0,tp,0
futures,NQ,momentum,long,3629,3630,3630,2025-06-23 16:15:00+00:00,2025-06-23 16:30:00+00:00,2025-06-23 16:30:00+00:00,21860.25,21776.75,-334.0,-337.0,-1.0,500,334,3.0,sl,0
forex,USDCAD,momentum,long,3769,3770,3770,2025-06-23 18:15:00+00:00,2025-06-23 18:30:00+00:00,2025-06-23 18:30:00+00:00,1.37425,1.37475,5.0,3.0,0.13636363636363635,5,20,2.0,tp,0
gold_spot,XAUUSD,momentum,long,3660,3661,3661,2025-06-23 22:00:00+00:00,2025-06-23 22:15:00+00:00,2025-06-23 22:15:00+00:00,3357.75,3354.75,-300.0,-311.0,-1.0,1032,300,11.0,sl,0
gold_spot,XAUUSD,momentum,short,3699,3700,3706,2025-06-24 07:45:00+00:00,2025-06-24 08:00:00+00:00,2025-06-24 09:30:00+00:00,3329.775,3319.455,1032.0,1021.0,3.282958199356913,1032,300,11.0,tp,6
futures,ZB,momentum,long,3690,3691,3712,2025-06-24 09:00:00+00:00,2025-06-24 09:15:00+00:00,2025-06-24 14:30:00+00:00,113.8125,114.375,18.0,15.0,0.19230769230769232,30,75,3.0,signal,21
futures,HG,momentum,long,3721,3722,3728,2025-06-24 13:15:00+00:00,2025-06-24 13:30:00+00:00,2025-06-24 15:00:00+00:00,4.866,4.8735,15.000000000000568,12.000000000000568,0.15384615384616113,50,75,3.0,signal,6
futures,NG,momentum,short,3760,3761,3831,2025-06-25 00:00:00+00:00,2025-06-25 00:15:00+00:00,2025-06-25 17:45:00+00:00,3.697,3.603,93.99999999999986,90.99999999999986,0.30033003300329986,500,300,3.0,signal,70
futures,HG,momentum,long,3796,3797,3806,2025-06-25 09:00:00+00:00,2025-06-25 09:15:00+00:00,2025-06-25 11:30:00+00:00,4.877,4.902,50.0,47.0,0.6025641025641025,50,75,3.0,tp,9
futures,ZB,momentum,long,3796,3797,3995,2025-06-25 12:30:00+00:00,2025-06-25 12:45:00+00:00,2025-06-27 16:15:00+00:00,114.3125,115.09375,25.0,22.0,0.28205128205128205,30,75,3.0,signal,198
futures,RTY,momentum,long,3802,3803,3898,2025-06-25 13:30:00+00:00,2025-06-25 13:45:00+00:00,2025-06-26 14:30:00+00:00,2168.1,2172.9,48.00000000000182,45.00000000000182,0.14851485148515453,500,300,3.0,signal,95
gold_spot,XAUUSD,momentum,short,3820,3821,3824,2025-06-25 15:00:00+00:00,2025-06-25 15:15:00+00:00,2025-06-25 16:00:00+00:00,3325.345,3328.345,-300.0,-311.0,-1.0,1032,300,11.0,sl,3
futures,6C,momentum,short,3842,3843,4034,2025-06-25 16:30:00+00:00,2025-06-25 16:45:00+00:00,2025-06-27 18:30:00+00:00,0.7312,0.73135,-2.9999999999996696,-5.99999999999967,-0.02955665024630379,50,200,3.0,signal,191
gold_spot,XAUUSD,momentum,short,3864,3865,3876,2025-06-26 03:00:00+00:00,2025-06-26 03:15:00+00:00,2025-06-26 06:00:00+00:00,3341.4,3331.08,1032.0,1021.0,3.282958199356913,1032,300,11.0,tp,11
gold_spot,XAUUSD,momentum,long,3892,3893,3898,2025-06-26 10:00:00+00:00,2025-06-26 10:15:00+00:00,2025-06-26 11:30:00+00:00,3339.73,3336.73,-300.0,-311.0,-1.0,1032,300,11.0,sl,5
futures,SI,momentum,long,3887,3888,4125,2025-06-26 13:00:00+00:00,2025-06-26 13:15:00+00:00,2025-07-01 04:15:00+00:00,36.29,36.335,9.000000000000341,6.000000000000341,0.011928429423459922,500,500,3.0,signal,237
futures,ZB,mean_reversion,short,3897,3898,4009,2025-06-26 14:45:00+00:00,2025-06-26 15:00:00+00:00,2025-06-27 19:45:00+00:00,114.59375,114.46875,4.0,1.0,0.018867924528301886,15,50,3.0,signal,111
gold_spot,XAUUSD,momentum,short,3914,3915,3916,2025-06-26 15:30:00+00:00,2025-06-26 15:45:00+00:00,2025-06-26 16:00:00+00:00,3323.085,3326.085,-300.0,-311.0,-1.0,1032,300,11.0,sl,1
forex,AUDUSD,momentum,long,4133,4134,4205,2025-06-27 10:00:00+00:00,2025-06-27 10:15:00+00:00,2025-06-30 05:15:00+00:00,0.653988,0.65505046,10.624599999999873,8.624599999999873,0.08455490196078307,150,100,2.0,signal,71
futures,6A,momentum,long,3998,3999,4071,2025-06-27 10:00:00+00:00,2025-06-27 10:15:00+00:00,2025-06-30 05:15:00+00:00,0.65485,0.6559,20.999999999999908,17.999999999999908,0.03578528827037755,200,500,3.0,signal,72
futures,HG,momentum,long,3994,3995,4000,2025-06-27 12:30:00+00:00,2025-06-27 12:45:00+00:00,2025-06-27 14:00:00+00:00,5.038,5.063000000000001,50.0,47.0,0.6025641025641025,50,75,3.0,tp,5
futures,NG,momentum,long,3994,3995,3999,2025-06-27 12:30:00+00:00,2025-06-27 12:45:00+00:00,2025-06-27 13:45:00+00:00,3.59,3.663,72.99999999999996,69.99999999999996,0.23102310231023088,500,300,3.0,signal,4
gold_spot,XAUUSD,momentum,short,4001,4002,4002,2025-06-27 14:15:00+00:00,2025-06-27 14:30:00+00:00,2025-06-27 14:30:00+00:00,3275.01,3278.01,-300.0,-311.0,-1.0,1032,300,11.0,sl,0
forex,EURUSD,momentum,long,4116,4117,4130,2025-06-27 18:00:00+00:00,2025-06-27 18:15:00+00:00,2025-06-29 23:15:00+00:00,1.16958,1.17368,40.99999999999992,38.99999999999992,0.19306930693069269,50,200,2.0,signal,13
futures,6E,momentum,long,4034,4035,4075,2025-06-27 18:00:00+00:00,2025-06-27 18:15:00+00:00,2025-06-30 05:15:00+00:00,1.17565,1.17955,78.00000000000028,75.00000000000028,0.14910536779324113,200,500,3.0,signal,40
futures,ZN,mean_reversion,short,4003,4004,4036,2025-06-27 18:00:00+00:00,2025-06-27 18:15:00+00:00,2025-06-30 03:15:00+00:00,111.84375,111.78125,4.0,1.0,0.018867924528301886,15,50,3.0,signal,32
futures,ZN,momentum,long,4003,4004,4052,2025-06-27 18:00:00+00:00,2025-06-27 18:15:00+00:00,2025-06-30 07:15:00+00:00,111.84375,111.953125,7.0,4.0,0.026143790849673203,50,150,3.0,signal,48
forex,USDCAD,mean_reversion,short,4163,4164,4178,2025-06-27 20:45:00+00:00,2025-06-27 21:00:00+00:00,2025-06-30 02:00:00+00:00,1.3681,1.3661,20.0,18.0,0.23376623376623376,20,75,2.0,tp,14
gold_spot,XAUUSD,momentum,short,4034,4035,4041,2025-06-29 23:30:00+00:00,2025-06-29 23:45:00+00:00,2025-06-30 01:15:00+00:00,3266.965,3269.965,-300.0,-311.0,-1.0,1032,300,11.0,sl,6
futures,NG,momentum,long,4063,4064,4183,2025-06-30 06:45:00+00:00,2025-06-30 07:00:00+00:00,2025-07-01 13:45:00+00:00,3.631,3.331,-300.0,-303.0,-1.0,500,300,3.0,sl,119
forex,AUDUSD,mean_reversion,short,4212,4213,4236,2025-06-30 07:00:00+00:00,2025-06-30 07:15:00+00:00,2025-06-30 13:00:00+00:00,0.65431756,0.65345806,8.59500000000013,6.59500000000013,0.0433881578947377,50,150,2.0,signal,23
futures,NG,mean_reversion,short,4064,4065,4080,2025-06-30 07:00:00+00:00,2025-06-30 07:15:00+00:00,2025-06-30 11:00:00+00:00,3.633,3.584,48.99999999999993,45.99999999999993,0.15181518151815157,500,300,3.0,signal,15
forex,GBPUSD,momentum,long,4217,4218,4268,2025-06-30 07:15:00+00:00,2025-06-30 07:30:00+00:00,2025-06-30 20:00:00+00:00,1.37078,1.3727800000000001,20.0,18.0,0.23376623376623376,20,75,2.0,tp,50
futures,6A,mean_reversion,short,4079,4080,4285,2025-06-30 07:15:00+00:00,2025-06-30 07:30:00+00:00,2025-07-02 12:45:00+00:00,0.65455,0.6559,-27.000000000001467,-30.000000000001467,-0.14778325123153432,50,200,3.0,signal,205
futures,6B,momentum,long,4082,4083,4144,2025-06-30 07:30:00+00:00,2025-06-30 07:45:00+00:00,2025-07-01 00:00:00+00:00,1.3715,1.3744999999999998,30.0,27.0,0.2621359223300971,30,100,3.0,tp,61
futures,6C,momentum,long,4084,4085,4111,2025-06-30 08:00:00+00:00,2025-06-30 08:15:00+00:00,2025-06-30 14:45:00+00:00,0.73405,0.7357,33.0000000000008,30.000000000000803,0.14778325123153105,50,200,3.0,signal,26
futures,6E,mean_reversion,short,4086,4087,4287,2025-06-30 08:00:00+00:00,2025-06-30 08:15:00+00:00,2025-07-02 12:15:00+00:00,1.178,1.18095,-59.00000000000016,-62.00000000000016,-0.20462046204620515,100,300,3.0,signal,200
forex,USDCAD,momentum,short,4203,4204,4204,2025-06-30 08:15:00+00:00,2025-06-30 08:30:00+00:00,2025-06-30 08:30:00+00:00,1.36755,1.36705,5.0,3.0,0.13636363636363635,5,20,2.0,tp,0
forex,AUDUSD,momentum,long,4223,4224,4239,2025-06-30 09:45:00+00:00,2025-06-30 10:00:00+00:00,2025-06-30 13:45:00+00:00,0.65258819,0.6543389,17.50709999999933,15.50709999999933,0.15203039215685618,150,100,2.0,signal,15
forex,GBPUSD,mean_reversion,long,4233,4234,4263,2025-06-30 11:15:00+00:00,2025-06-30 11:30:00+00:00,2025-06-30 18:45:00+00:00,1.37103,1.37186,8.300000000001084,6.300000000001084,0.031188118811886555,100,200,2.0,signal,29
futures,6B,mean_reversion,long,4097,4098,4126,2025-06-30 11:15:00+00:00,2025-06-30 11:30:00+00:00,2025-06-30 18:30:00+00:00,1.3717,1.3726,9.00000000000123,6.000000000001229,0.029556650246311475,100,200,3.0,signal,28
gold_spot,XAUUSD,momentum,short,4086,4087,4090,2025-06-30 12:30:00+00:00,2025-06-30 12:45:00+00:00,2025-06-30 13:30:00+00:00,3288.585,3278.265,1032.0,1021.0,3.282958199356913,1032,300,11.0,tp,3
futures,ZN,momentum,long,4081,4082,4091,2025-06-30 14:30:00+00:00,2025-06-30 14:45:00+00:00,2025-06-30 17:00:00+00:00,111.84375,112.046875,13.0,10.0,0.06535947712418301,50,150,3.0,signal,9
futures,RTY,momentum,long,4104,4105,4117,2025-06-30 20:00:00+00:00,2025-06-30 20:15:00+00:00,2025-07-01 00:15:00+00:00,2187.7,2193.2,55.0,52.0,0.1716171617161716,500,300,3.0,signal,12
forex,AUDUSD,momentum,long,4286,4287,4499,2025-07-01 01:30:00+00:00,2025-07-01 01:45:00+00:00,2025-07-03 06:45:00+00:00,0.65625411,0.65793806,16.839499999999894,14.839499999999894,0.14548529411764602,150,100,2.0,signal,212
futures,HG,momentum,long,4137,4138,4150,2025-07-01 02:15:00+00:00,2025-07-01 02:30:00+00:00,2025-07-01 05:30:00+00:00,5.084,5.109,50.0,47.0,0.6025641025641025,50,75,3.0,tp,12
futures,CL,momentum,short,4153,4154,4159,2025-07-01 06:15:00+00:00,2025-07-01 06:30:00+00:00,2025-07-01 07:45:00+00:00,65.17,64.77,40.00000000000057,37.00000000000057,0.12211221122112399,500,300,3.0,signal,5
futures,NQ,momentum,long,4165,4166,4175,2025-07-01 12:15:00+00:00,2025-07-01 12:30:00+00:00,2025-07-01 14:45:00+00:00,22775.0,22691.5,-334.0,-337.0,-1.0,500,334,3.0,sl,9
futures,RTY,mean_reversion,long,4171,4172,4180,2025-07-01 13:45:00+00:00,2025-07-01 14:00:00+00:00,2025-07-01 16:00:00+00:00,2185.6,2218.5,329.0000000000009,326.0000000000009,0.6481113320079541,500,500,3.0,signal,8
futures,RTY,momentum,short,4171,4172,4179,2025-07-01 13:45:00+00:00,2025-07-01 14:00:00+00:00,2025-07-01 15:45:00+00:00,2185.6,2215.6,-300.0,-303.0,-1.0,500,300,3.0,sl,7
futures,CL,mean_reversion,short,4184,4185,4448,2025-07-01 14:00:00+00:00,2025-07-01 14:15:00+00:00,2025-07-04 11:00:00+00:00,65.28,66.46,-117.99999999999926,-120.99999999999926,-0.3993399339933969,200,300,3.0,signal,263
futures,CL,momentum,long,4184,4185,4192,2025-07-01 14:00:00+00:00,2025-07-01 14:15:00+00:00,2025-07-01 16:00:00+00:00,65.28,65.73,45.000000000000284,42.000000000000284,0.13861386138613954,500,300,3.0,signal,7
futures,ES,momentum,long,4176,4177,4181,2025-07-01 15:00:00+00:00,2025-07-01 15:15:00+00:00,2025-07-01 16:15:00+00:00,6229.5,6252.25,91.0,88.0,0.29042904290429045,300,300,3.0,signal,4
gold_spot,XAUUSD,momentum,long,4188,4189,4189,2025-07-01 15:00:00+00:00,2025-07-01 15:15:00+00:00,2025-07-01 15:15:00+00:00,3342.575,3339.575,-300.0,-311.0,-1.0,1032,300,11.0,sl,0
futures,SI,momentum,long,4170,4171,4316,2025-07-01 15:30:00+00:00,2025-07-01 15:45:00+00:00,2025-07-03 06:00:00+00:00,36.37,37.03,132.00000000000074,129.00000000000074,0.2564612326043752,500,500,3.0,signal,145
forex,NZDUSD,momentum,long,4389,4390,4396,2025-07-02 01:45:00+00:00,2025-07-02 02:00:00+00:00,2025-07-02 03:30:00+00:00,0.60957026,0.61020255,6.322899999999798,4.322899999999798,0.19649545454544537,75,20,2.0,signal,6
futures,6A,momentum,long,4242,4243,4353,2025-07-02 02:00:00+00:00,2025-07-02 02:15:00+00:00,2025-07-03 06:45:00+00:00,0.65775,0.6587,19.000000000000128,16.000000000000128,0.031809145129224906,200,500,3.0,signal,110
gold_spot,XAUUSD,momentum,long,4228,4229,4234,2025-07-02 02:00:00+00:00,2025-07-02 02:15:00+00:00,2025-07-02 03:30:00+00:00,3330.285,3339.47,918.4999999999945,907.4999999999945,2.9180064308681497,1032,300,11.0,signal,5
futures,HG,momentum,short,4233,4234,4264,2025-07-02 03:15:00+00:00,2025-07-02 03:30:00+00:00,2025-07-02 11:00:00+00:00,5.112,5.1495,-75.0,-78.0,-1.0,50,75,3.0,sl,30
gold_spot,XAUUSD,momentum,long,4246,4247,4247,2025-07-02 06:30:00+00:00,2025-07-02 06:45:00+00:00,2025-07-02 06:45:00+00:00,3333.12,3330.12,-300.0,-311.0,-1.0,1032,300,11.0,sl,0
forex,USDCHF,momentum,short,4388,4389,4412,2025-07-02 07:15:00+00:00,2025-07-02 07:30:00+00:00,2025-07-02 13:15:00+00:00,0.79307997,0.79189003,11.89939999999945,9.89939999999945,0.019719920318724004,200,500,2.0,signal,23
futures,SI,mean_reversion,long,4234,4235,4243,2025-07-02 08:30:00+00:00,2025-07-02 08:45:00+00:00,2025-07-02 10:45:00+00:00,36.335,36.46,25.0,22.0,0.0437375745526839,200,500,3.0,signal,8
futures,ES,momentum,long,4258,4259,4266,2025-07-02 12:30:00+00:00,2025-07-02 12:45:00+00:00,2025-07-02 14:30:00+00:00,6237.5,6258.0,82.0,79.0,0.2607260726072607,300,300,3.0,signal,7
forex,EURUSD,mean_reversion,long,4377,4378,4391,2025-07-02 13:00:00+00:00,2025-07-02 13:15:00+00:00,2025-07-02 16:30:00+00:00,1.17734,1.17882,14.799999999999258,12.799999999999258,0.1662337662337566,50,75,2.0,signal,13
forex,EURUSD,momentum,short,4377,4378,4471,2025-07-02 13:00:00+00:00,2025-07-02 13:15:00+00:00,2025-07-03 12:30:00+00:00,1.17734,1.1723400000000002,50.0,48.0,0.2376237623762376,50,200,2.0,tp,93
forex,USDJPY,momentum,long,4409,4410,4504,2025-07-02 13:00:00+00:00,2025-07-02 13:15:00+00:00,2025-07-03 12:45:00+00:00,143.73,145.17999,144.9990000000014,142.9990000000014,0.28485856573705454,200,500,2.0,signal,94
futures,6E,mean_reversion,long,4290,4291,4305,2025-07-02 13:00:00+00:00,2025-07-02 13:15:00+00:00,2025-07-02 16:45:00+00:00,1.18305,1.18435,26.000000000001577,23.000000000001577,0.07590759075908111,100,300,3.0,signal,14
futures,6E,momentum,short,4290,4291,4383,2025-07-02 13:00:00+00:00,2025-07-02 13:15:00+00:00,2025-07-03 13:15:00+00:00,1.18305,1.18085,43.999999999999595,40.999999999999595,0.08151093439363737,200,500,3.0,signal,92
futures,6J,mean_reversion,long,4290,4291,4316,2025-07-02 13:00:00+00:00,2025-07-02 13:15:00+00:00,2025-07-02 19:30:00+00:00,0.0070135,0.007019,11.000000000000593,8.000000000000593,0.03940886699507681,200,200,3.0,signal,25
futures,6J,momentum,short,4290,4291,4380,2025-07-02 13:00:00+00:00,2025-07-02 13:15:00+00:00,2025-07-03 12:30:00+00:00,0.0070135,0.0069635,100.0,97.0,0.3201320132013201,100,300,3.0,tp,89
futures,NG,mean_reversion,long,4272,4273,4284,2025-07-02 13:00:00+00:00,2025-07-02 13:15:00+00:00,2025-07-02 16:00:00+00:00,3.46,3.487,27.000000000000135,24.000000000000135,0.07920792079207965,500,300,3.0,signal,11
gold_spot,XAUUSD,momentum,long,4275,4276,4276,2025-07-02 13:45:00+00:00,2025-07-02 14:00:00+00:00,2025-07-02 14:00:00+00:00,3337.505,3334.505,-300.0,-311.0,-1.0,1032,300,11.0,sl,0
forex,AUDUSD,mean_reversion,long,4436,4437,4446,2025-07-02 15:00:00+00:00,2025-07-02 15:15:00+00:00,2025-07-02 17:30:00+00:00,0.65718997,0.6580593,8.693300000000015,6.693300000000015,0.04403486842105273,50,150,2.0,signal,9
futures,6A,mean_reversion,long,4294,4295,4304,2025-07-02 15:00:00+00:00,2025-07-02 15:15:00+00:00,2025-07-02 17:30:00+00:00,0.6579,0.65875,16.999999999998128,13.999999999998128,0.06896551724137008,50,200,3.0,signal,9
gold_spot,XAUUSD,momentum,long,4309,4310,4312,2025-07-02 23:15:00+00:00,2025-07-02 23:30:00+00:00,2025-07-03 00:00:00+00:00,3350.555,3347.555,-300.0,-311.0,-1.0,1032,300,11.0,sl,2
forex,NZDUSD,momentum,long,4484,4485,4528,2025-07-03 01:30:00+00:00,2025-07-03 01:45:00+00:00,2025-07-03 12:30:00+00:00,0.60849458,0.60649458,-20.0,-22.0,-1.0,75,20,2.0,sl,43
gold_spot,XAUUSD,momentum,long,4344,4345,4349,2025-07-03 08:00:00+00:00,2025-07-03 08:15:00+00:00,2025-07-03 09:15:00+00:00,3353.405,3350.405,-300.0,-311.0,-1.0,1032,300,11.0,sl,4
forex,USDCHF,momentum,short,4492,4493,4884,2025-07-03 09:15:00+00:00,2025-07-03 09:30:00+00:00,2025-07-09 13:15:00+00:00,0.79262,0.79528999,-26.69990000000011,-28.69990000000011,-0.05717111553784882,200,500,2.0,signal,391
forex,USDCAD,momentum,short,4508,4509,4510,2025-07-03 12:30:00+00:00,2025-07-03 12:45:00+00:00,2025-07-03 13:00:00+00:00,1.36085,1.36035,5.0,3.0,0.13636363636363635,5,20,2.0,tp,1
futures,HG,momentum,long,4362,4363,4411,2025-07-03 12:30:00+00:00,2025-07-03 12:45:00+00:00,2025-07-04 01:45:00+00:00,5.1545,5.117,-75.0,-78.0,-1.0,50,75,3.0,sl,48
futures,SI,momentum,long,4342,4343,4348,2025-07-03 12:30:00+00:00,2025-07-03 12:45:00+00:00,2025-07-03 14:00:00+00:00,36.63,37.015,76.9999999999996,73.9999999999996,0.14711729622266323,500,500,3.0,signal,5
forex,AUDUSD,mean_reversion,long,4527,4528,4566,2025-07-03 13:45:00+00:00,2025-07-03 14:00:00+00:00,2025-07-03 23:30:00+00:00,0.6580289,0.65790772,-1.2118000000005402,-3.2118000000005402,-0.02113026315789829,50,150,2.0,signal,38
forex,AUDUSD,momentum,short,4527,4528,4532,2025-07-03 13:45:00+00:00,2025-07-03 14:00:00+00:00,2025-07-03 15:00:00+00:00,0.6580289,0.65644795,15.809500000000254,13.809500000000254,0.13538725490196327,150,100,2.0,signal,4
forex,GBPUSD,momentum,short,4531,4532,4532,2025-07-03 13:45:00+00:00,2025-07-03 14:00:00+00:00,2025-07-03 14:00:00+00:00,1.36717,1.36517,20.0,18.0,0.23376623376623376,20,75,2.0,tp,0
futures,6A,mean_reversion,long,4381,4382,4414,2025-07-03 13:45:00+00:00,2025-07-03 14:00:00+00:00,2025-07-03 23:00:00+00:00,0.6581,0.65825,2.9999999999996696,-3.304023721284466e-13,-1.6275978922583576e-15,50,200,3.0,signal,32
futures,6A,momentum,short,4381,4382,4448,2025-07-03 13:45:00+00:00,2025-07-03 14:00:00+00:00,2025-07-04 07:30:00+00:00,0.6581,0.65675,27.000000000001467,24.000000000001467,0.0477137176938399,200,500,3.0,signal,66
forex,NZDUSD,momentum,short,4560,4561,4580,2025-07-03 20:30:00+00:00,2025-07-03 20:45:00+00:00,2025-07-04 01:30:00+00:00,0.60723829,0.60727513,-0.36840000000037953,-2.3684000000003795,-0.10765454545456271,75,20,2.0,signal,19
gold_spot,XAUUSD,momentum,short,4419,4420,4421,2025-07-04 03:45:00+00:00,2025-07-04 04:00:00+00:00,2025-07-04 04:15:00+00:00,3338.37,3341.37,-300.0,-311.0,-1.0,1032,300,11.0,sl,1
forex,NZDUSD,momentum,short,4596,4597,4605,2025-07-04 05:30:00+00:00,2025-07-04 05:45:00+00:00,2025-07-04 07:45:00+00:00,0.60757035,0.60613412,14.362300000000383,12.362300000000383,0.5619227272727447,75,20,2.0,signal,8
forex,GBPUSD,momentum,long,4602,4603,4699,2025-07-04 07:30:00+00:00,2025-07-04 07:45:00+00:00,2025-07-07 08:45:00+00:00,1.36608,1.35858,-75.0,-77.0,-1.0,20,75,2.0,sl,96
forex,USDCAD,momentum,short,4584,4585,4585,2025-07-04 07:30:00+00:00,2025-07-04 07:45:00+00:00,2025-07-04 07:45:00+00:00,1.35899,1.35849,5.0,3.0,0.13636363636363635,5,20,2.0,tp,0
futures,ES,momentum,long,4408,4409,4446,2025-07-04 07:45:00+00:00,2025-07-04 08:00:00+00:00,2025-07-06 22:15:00+00:00,6290.75,6303.5,51.0,48.0,0.15841584158415842,300,300,3.0,signal,37
futures,RTY,momentum,long,4409,4410,4446,2025-07-04 08:00:00+00:00,2025-07-04 08:15:00+00:00,2025-07-06 22:15:00+00:00,2246.0,2254.2,81.99999999999818,78.99999999999818,0.2607260726072547,500,300,3.0,signal,36
gold_spot,XAUUSD,momentum,long,4442,4443,4455,2025-07-04 09:30:00+00:00,2025-07-04 09:45:00+00:00,2025-07-04 12:45:00+00:00,3334.51,3331.51,-300.0,-311.0,-1.0,1032,300,11.0,sl,12
forex,NZDUSD,momentum,short,4658,4659,4664,2025-07-04 21:00:00+00:00,2025-07-04 21:15:00+00:00,2025-07-06 23:30:00+00:00,0.60653847,0.60551018,10.282900000000428,8.282900000000428,0.376495454545474,75,20,2.0,signal,5
futures,NQ,momentum,long,4457,4458,4494,2025-07-07 01:00:00+00:00,2025-07-07 01:15:00+00:00,2025-07-07 10:15:00+00:00,22919.75,22984.0,257.0,254.0,0.7537091988130564,500,334,3.0,signal,36
futures,SI,momentum,long,4464,4465,4484,2025-07-07 01:00:00+00:00,2025-07-07 01:15:00+00:00,2025-07-07 06:00:00+00:00,36.935,36.81,-25.0,-28.0,-0.055666003976143144,500,500,3.0,signal,19
gold_spot,XAUUSD,momentum,short,4503,4504,4511,2025-07-07 05:45:00+00:00,2025-07-07 06:00:00+00:00,2025-07-07 07:45:00+00:00,3313.43,3303.1099999999997,1032.0,1021.0,3.282958199356913,1032,300,11.0,tp,7
futures,RTY,momentum,long,4505,4506,4510,2025-07-07 13:00:00+00:00,2025-07-07 13:15:00+00:00,2025-07-07 14:15:00+00:00,2246.2,2256.1,99.00000000000091,96.00000000000091,0.31683168316831983,500,300,3.0,signal,4
futures,SI,momentum,short,4516,4517,4609,2025-07-07 14:00:00+00:00,2025-07-07 14:15:00+00:00,2025-07-08 14:15:00+00:00,36.8,36.64,31.999999999999318,28.999999999999318,0.05765407554671832,500,500,3.0,signal,92
futures,6B,momentum,short,4553,4554,4563,2025-07-07 14:15:00+00:00,2025-07-07 14:30:00+00:00,2025-07-07 16:45:00+00:00,1.3644,1.362,23.999999999999577,20.999999999999577,0.20388349514562695,30,100,3.0,signal,9
futures,6C,mean_reversion,long,4574,4575,4854,2025-07-07 19:30:00+00:00,2025-07-07 19:45:00+00:00,2025-07-10 20:30:00+00:00,0.73455,0.73465,1.9999999999997797,-1.0000000000002203,-0.004926108374385322,75,200,3.0,signal,279
gold_spot,XAUUSD,momentum,long,4569,4570,4572,2025-07-07 23:15:00+00:00,2025-07-07 23:30:00+00:00,2025-07-08 00:00:00+00:00,3336.28,3333.28,-300.0,-311.0,-1.0,1032,300,11.0,sl,2
forex,AUDUSD,momentum,short,4754,4755,4863,2025-07-08 00:00:00+00:00,2025-07-08 00:15:00+00:00,2025-07-09 03:15:00+00:00,0.65163559,0.65150827,1.2732000000004184,-0.7267999999995816,-0.007125490196074329,150,100,2.0,signal,108
forex,GBPUSD,momentum,short,4760,4761,4794,2025-07-08 00:00:00+00:00,2025-07-08 00:15:00+00:00,2025-07-08 08:30:00+00:00,1.36372,1.36172,20.0,18.0,0.23376623376623376,20,75,2.0,tp,33
futures,6E,momentum,short,4618,4619,4632,2025-07-08 07:00:00+00:00,2025-07-08 07:15:00+00:00,2025-07-08 10:30:00+00:00,1.1808,1.1786,43.999999999999595,40.999999999999595,0.08151093439363737,200,500,3.0,signal,13
forex,NZDUSD,momentum,short,4791,4792,4802,2025-07-08 07:15:00+00:00,2025-07-08 07:30:00+00:00,2025-07-08 10:00:00+00:00,0.6022,0.60146755,7.324499999999956,5.324499999999956,0.24202272727272528,75,20,2.0,signal,10
futures,HG,momentum,short,4601,4602,4610,2025-07-08 07:15:00+00:00,2025-07-08 07:30:00+00:00,2025-07-08 09:30:00+00:00,5.052,5.026999999999999,50.0,47.0,0.6025641025641025,50,75,3.0,tp,8
forex,USDCAD,momentum,long,4770,4771,4771,2025-07-08 07:45:00+00:00,2025-07-08 08:00:00+00:00,2025-07-08 08:00:00+00:00,1.36388,1.36438,5.0,3.0,0.13636363636363635,5,20,2.0,tp,0
futures,6C,momentum,short,4619,4620,4643,2025-07-08 07:45:00+00:00,2025-07-08 08:00:00+00:00,2025-07-08 13:45:00+00:00,0.7357,0.7338,38.000000000000256,35.000000000000256,0.17241379310344954,50,200,3.0,signal,23
gold_spot,XAUUSD,momentum,long,4604,4605,4605,2025-07-08 08:00:00+00:00,2025-07-08 08:15:00+00:00,2025-07-08 08:15:00+00:00,3327.975,3324.975,-300.0,-311.0,-1.0,1032,300,11.0,sl,0
futures,6A,momentum,long,4640,4641,4831,2025-07-08 13:30:00+00:00,2025-07-08 13:45:00+00:00,2025-07-10 15:15:00+00:00,0.65295,0.657,80.99999999999996,77.99999999999996,0.1550695825049701,200,500,3.0,signal,190
futures,SI,momentum,short,4621,4622,4924,2025-07-08 17:15:00+00:00,2025-07-08 17:30:00+00:00,2025-07-14 01:00:00+00:00,36.785,39.285,-500.0,-503.0,-1.0,500,500,3.0,sl,302
gold_spot,XAUUSD,momentum,short,4641,4642,4662,2025-07-08 17:15:00+00:00,2025-07-08 17:30:00+00:00,2025-07-08 23:30:00+00:00,3308.145,3297.825,1032.0,1021.0,3.282958199356913,1032,300,11.0,tp,20
forex,USDCAD,momentum,long,4822,4823,4823,2025-07-08 20:45:00+00:00,2025-07-08 21:00:00+00:00,2025-07-08 21:00:00+00:00,1.36562,1.36612,5.0,3.0,0.13636363636363635,5,20,2.0,tp,0
futures,RTY,momentum,long,4637,4638,4691,2025-07-09 00:00:00+00:00,2025-07-09 00:15:00+00:00,2025-07-09 13:30:00+00:00,2237.0,2257.6,205.9999999999991,202.9999999999991,0.669966996699667,500,300,3.0,signal,53
gold_spot,XAUUSD,momentum,short,4667,4668,4674,2025-07-09 00:45:00+00:00,2025-07-09 01:00:00+00:00,2025-07-09 02:30:00+00:00,3307.11,3296.79,1032.0,1021.0,3.282958199356913,1032,300,11.0,tp,6
forex,AUDUSD,mean_reversion,long,4867,4868,4872,2025-07-09 04:15:00+00:00,2025-07-09 04:30:00+00:00,2025-07-09 05:30:00+00:00,0.65301001,0.65397948,9.694699999999168,7.694699999999168,0.050623026315784,50,150,2.0,signal,4
forex,AUDUSD,momentum,short,4867,4868,5201,2025-07-09 04:15:00+00:00,2025-07-09 04:30:00+00:00,2025-07-14 17:00:00+00:00,0.65301001,0.6549089,-18.988899999999862,-20.988899999999862,-0.20577352941176336,150,100,2.0,signal,333
futures,6A,mean_reversion,long,4695,4696,4706,2025-07-09 04:15:00+00:00,2025-07-09 04:30:00+00:00,2025-07-09 07:00:00+00:00,0.6536,0.655,28.000000000001357,25.000000000001357,0.1231527093596126,50,200,3.0,signal,10
forex,AUDUSD,mean_reversion,short,4875,4876,4898,2025-07-09 06:15:00+00:00,2025-07-09 06:30:00+00:00,2025-07-09 12:00:00+00:00,0.65280968,0.65182674,9.829399999999877,7.829399999999877,0.051509210526314984,50,150,2.0,signal,22
forex,AUDUSD,mean_reversion,long,4901,4902,4905,2025-07-09 12:45:00+00:00,2025-07-09 13:00:00+00:00,2025-07-09 13:45:00+00:00,0.65352643,0.65393674,4.103100000000248,2.103100000000248,0.013836184210527949,50,150,2.0,signal,3
gold_spot,XAUUSD,momentum,short,4715,4716,4717,2025-07-09 12:45:00+00:00,2025-07-09 13:00:00+00:00,2025-07-09 13:15:00+00:00,3296.54,3299.54,-300.0,-311.0,-1.0,1032,300,11.0,sl,1
forex,USDJPY,momentum,long,4881,4882,4983,2025-07-09 13:00:00+00:00,2025-07-09 13:15:00+00:00,2025-07-10 14:30:00+00:00,146.405,146.73599,33.09899999999857,31.09899999999857,0.0619501992031844,200,500,2.0,signal,101
futures,6E,mean_reversion,long,4734,4735,4779,2025-07-09 13:00:00+00:00,2025-07-09 13:15:00+00:00,2025-07-10 01:15:00+00:00,1.17705,1.17905,40.000000000000036,37.000000000000036,0.12211221122112223,100,300,3.0,signal,44
futures,ZB,mean_reversion,long,4702,4703,4714,2025-07-09 13:00:00+00:00,2025-07-09 13:15:00+00:00,2025-07-09 16:00:00+00:00,113.375,113.625,8.0,5.0,0.09433962264150944,15,50,3.0,signal,11
futures,ZN,mean_reversion,long,4703,4704,4717,2025-07-09 13:00:00+00:00,2025-07-09 13:15:00+00:00,2025-07-09 16:30:00+00:00,110.90625,111.078125,11.0,8.0,0.1509433962264151,15,50,3.0,signal,13
futures,ZN,momentum,short,4703,4704,4870,2025-07-09 13:00:00+00:00,2025-07-09 13:15:00+00:00,2025-07-11 08:45:00+00:00,110.90625,110.984375,-5.0,-8.0,-0.05228758169934641,50,150,3.0,signal,166
futures,ES,momentum,long,4696,4697,4776,2025-07-09 14:45:00+00:00,2025-07-09 15:00:00+00:00,2025-07-10 11:45:00+00:00,6281.5,6309.75,113.0,110.0,0.36303630363036304,300,300,3.0,signal,79
futures,NQ,momentum,long,4696,4697,4775,2025-07-09 14:45:00+00:00,2025-07-09 15:00:00+00:00,2025-07-10 11:30:00+00:00,22947.0,23072.0,500.0,497.0,1.4747774480712166,500,334,3.0,tp,78
forex,AUDUSD,mean_reversion,short,4910,4911,5157,2025-07-09 15:00:00+00:00,2025-07-09 15:15:00+00:00,2025-07-14 06:00:00+00:00,0.65303993,0.65626705,-32.27119999999917,-34.27119999999917,-0.2254684210526261,50,150,2.0,signal,246
forex,USDCHF,mean_reversion,long,4892,4893,4982,2025-07-09 15:15:00+00:00,2025-07-09 15:30:00+00:00,2025-07-10 13:45:00+00:00,0.79604,0.79711998,10.799799999999804,8.799799999999804,0.04356336633663269,75,200,2.0,signal,89
forex,USDCHF,momentum,short,4892,4893,4918,2025-07-09 15:15:00+00:00,2025-07-09 15:30:00+00:00,2025-07-09 21:45:00+00:00,0.79604,0.79321998,28.20019999999923,26.20019999999923,0.052191633466133924,200,500,2.0,signal,25
futures,6A,mean_reversion,short,4739,4740,4978,2025-07-09 15:15:00+00:00,2025-07-09 15:30:00+00:00,2025-07-14 06:00:00+00:00,0.6536,0.65685,-65.00000000000172,-68.00000000000172,-0.33497536945813655,50,200,3.0,signal,238
futures,YM,momentum,long,4729,4730,4776,2025-07-10 00:00:00+00:00,2025-07-10 00:15:00+00:00,2025-07-10 11:45:00+00:00,44667.0,44714.0,47.0,44.0,0.0874751491053678,300,500,3.0,signal,46
forex,GBPUSD,momentum,short,4953,4954,4996,2025-07-10 00:15:00+00:00,2025-07-10 00:30:00+00:00,2025-07-10 11:00:00+00:00,1.36099,1.35899,20.0,18.0,0.23376623376623376,20,75,2.0,tp,42
forex,NZDUSD,momentum,short,4955,4956,5029,2025-07-10 00:15:00+00:00,2025-07-10 00:30:00+00:00,2025-07-10 18:45:00+00:00,0.60121447,0.60321447,-20.0,-22.0,-1.0,75,20,2.0,sl,73
futures,6B,mean_reversion,short,4805,4806,4821,2025-07-10 08:15:00+00:00,2025-07-10 08:30:00+00:00,2025-07-10 12:15:00+00:00,1.3613,1.3583,29.999999999998916,26.999999999998916,0.13300492610836906,100,200,3.0,signal,15
forex,USDCHF,momentum,short,4973,4974,5238,2025-07-10 11:30:00+00:00,2025-07-10 11:45:00+00:00,2025-07-15 07:45:00+00:00,0.79556,0.79557002,-0.10019999999943963,-2.1001999999994396,-0.004183665338644302,200,500,2.0,signal,264
gold_spot,XAUUSD,momentum,long,4805,4806,4811,2025-07-10 12:15:00+00:00,2025-07-10 12:30:00+00:00,2025-07-10 13:45:00+00:00,3320.525,3317.525,-300.0,-311.0,-1.0,1032,300,11.0,sl,5
futures,NG,mean_reversion,long,4807,4808,4822,2025-07-10 12:45:00+00:00,2025-07-10 13:00:00+00:00,2025-07-10 16:30:00+00:00,3.254,3.326,72.00000000000006,69.00000000000006,0.2277227722772279,500,300,3.0,signal,14
futures,YM,momentum,long,4780,4781,4785,2025-07-10 12:45:00+00:00,2025-07-10 13:00:00+00:00,2025-07-10 14:00:00+00:00,44650.0,44756.0,106.0,103.0,0.2047713717693837,300,500,3.0,signal,4
futures,NQ,mean_reversion,short,4784,4785,4785,2025-07-10 13:45:00+00:00,2025-07-10 14:00:00+00:00,2025-07-10 14:00:00+00:00,22960.75,22923.25,150.0,147.0,0.2922465208747515,150,500,3.0,tp,0
futures,NQ,momentum,long,4784,4785,4792,2025-07-10 13:45:00+00:00,2025-07-10 14:00:00+00:00,2025-07-10 15:45:00+00:00,22960.75,23011.5,203.0,200.0,0.5934718100890207,500,334,3.0,signal,7
futures,GC,momentum,long,4805,4806,4843,2025-07-10 14:15:00+00:00,2025-07-10 14:30:00+00:00,2025-07-11 00:45:00+00:00,3322.4,3346.5,240.9999999999991,237.9999999999991,2.106194690265479,300,110,3.0,signal,37
futures,ZB,momentum,long,4799,4800,4815,2025-07-10 14:15:00+00:00,2025-07-10 14:30:00+00:00,2025-07-10 18:15:00+00:00,113.75,114.1875,14.0,11.0,0.14102564102564102,30,75,3.0,signal,15
futures,ES,momentum,long,4822,4823,5012,2025-07-11 00:15:00+00:00,2025-07-11 00:30:00+00:00,2025-07-15 01:45:00+00:00,6292.5,6317.25,99.0,96.0,0.31683168316831684,300,300,3.0,signal,189
futures,RTY,momentum,long,4822,4823,4905,2025-07-11 00:15:00+00:00,2025-07-11 00:30:00+00:00,2025-07-13 22:00:00+00:00,2265.2,2235.2,-300.0,-303.0,-1.0,500,300,3.0,sl,82
forex,USDJPY,momentum,short,5023,5024,5373,2025-07-11 00:30:00+00:00,2025-07-11 00:45:00+00:00,2025-07-16 18:00:00+00:00,146.429,147.679,-125.0,-127.0,-0.25298804780876494,200,500,2.0,signal,349
futures,YM,momentum,long,4844,4845,5012,2025-07-11 05:45:00+00:00,2025-07-11 06:00:00+00:00,2025-07-15 01:45:00+00:00,44713.0,44719.0,6.0,3.0,0.005964214711729622,300,500,3.0,signal,167
gold_spot,XAUUSD,momentum,long,4885,4886,4889,2025-07-11 09:15:00+00:00,2025-07-11 09:30:00+00:00,2025-07-11 10:15:00+00:00,3334.21,3342.565,835.5000000000018,824.5000000000018,2.6511254019292663,1032,300,11.0,signal,3
futures,RTY,mean_reversion,long,4869,4870,4986,2025-07-11 12:00:00+00:00,2025-07-11 12:15:00+00:00,2025-07-14 18:15:00+00:00,2261.9,2258.8,-30.99999999999909,-33.99999999999909,-0.06759443339960058,500,500,3.0,signal,116
futures,NQ,momentum,short,4876,4877,4905,2025-07-11 13:45:00+00:00,2025-07-11 14:00:00+00:00,2025-07-13 22:00:00+00:00,22963.75,22838.75,500.0,497.0,1.4747774480712166,500,334,3.0,tp,28
forex,EURUSD,momentum,short,5050,5051,5088,2025-07-11 15:30:00+00:00,2025-07-11 15:45:00+00:00,2025-07-14 02:45:00+00:00,1.17014,1.16749,26.500000000000412,24.500000000000412,0.12128712871287332,50,200,2.0,signal,37
futures,6E,momentum,short,4928,4929,4951,2025-07-11 15:30:00+00:00,2025-07-11 15:45:00+00:00,2025-07-13 22:15:00+00:00,1.17515,1.17195,63.99999999999739,60.99999999999739,0.1212723658051638,200,500,3.0,signal,22
gold_spot,XAUUSD,momentum,long,4913,4914,4916,2025-07-11 16:15:00+00:00,2025-07-11 16:30:00+00:00,2025-07-11 17:00:00+00:00,3355.36,3352.36,-300.0,-311.0,-1.0,1032,300,11.0,sl,2
futures,NG,mean_reversion,short,4921,4922,5266,2025-07-11 18:15:00+00:00,2025-07-11 18:30:00+00:00,2025-07-17 12:30:00+00:00,3.312,3.6119999999999997,-300.0,-303.0,-1.0,500,300,3.0,sl,344
futures,ES,mean_reversion,short,4900,4901,4906,2025-07-11 19:45:00+00:00,2025-07-11 20:00:00+00:00,2025-07-13 22:15:00+00:00,6299.25,6268.75,122.0,119.0,0.23658051689860835,500,500,3.0,signal,5
forex,NZDUSD,momentum,short,5141,5142,5146,2025-07-14 00:00:00+00:00,2025-07-14 00:15:00+00:00,2025-07-14 01:15:00+00:00,0.60135907,0.59987998,14.790900000000162,12.790900000000162,0.5814045454545528,75,20,2.0,signal,4
futures,6E,mean_reversion,long,4958,4959,5341,2025-07-14 00:00:00+00:00,2025-07-14 00:15:00+00:00,2025-07-18 03:45:00+00:00,1.17395,1.16715,-136.00000000000279,-139.00000000000279,-0.45874587458746796,100,300,3.0,signal,382
futures,6A,momentum,long,4959,4960,5356,2025-07-14 01:15:00+00:00,2025-07-14 01:30:00+00:00,2025-07-18 08:30:00+00:00,0.6572,0.6525,-94.00000000000074,-97.00000000000074,-0.19284294234592592,200,500,3.0,signal,396
gold_spot,XAUUSD,momentum,long,4946,4947,4948,2025-07-14 01:30:00+00:00,2025-07-14 01:45:00+00:00,2025-07-14 02:00:00+00:00,3359.87,3356.87,-300.0,-311.0,-1.0,1032,300,11.0,sl,1
gold_spot,XAUUSD,momentum,long,4988,4989,4989,2025-07-14 12:00:00+00:00,2025-07-14 12:15:00+00:00,2025-07-14 12:15:00+00:00,3362.215,3359.215,-300.0,-311.0,-1.0,1032,300,11.0,sl,0
futures,6C,momentum,long,5006,5007,5102,2025-07-14 12:30:00+00:00,2025-07-14 12:45:00+00:00,2025-07-15 13:30:00+00:00,0.73295,0.73345,10.000000000001119,7.000000000001119,0.03448275862069517,50,200,3.0,signal,95
futures,ZN,momentum,short,4981,4982,4987,2025-07-14 13:30:00+00:00,2025-07-14 13:45:00+00:00,2025-07-14 15:00:00+00:00,110.875,110.703125,11.0,8.0,0.05228758169934641,50,150,3.0,signal,5
futures,RTY,momentum,short,4968,4969,5072,2025-07-14 13:45:00+00:00,2025-07-14 14:00:00+00:00,2025-07-15 16:45:00+00:00,2247.4,2235.4,120.0,117.0,0.38613861386138615,500,300,3.0,signal,103
futures,HG,momentum,short,4999,5000,5001,2025-07-14 14:45:00+00:00,2025-07-14 15:00:00+00:00,2025-07-14 15:15:00+00:00,5.5395,5.5145,50.0,47.0,0.6025641025641025,50,75,3.0,tp,1
futures,RTY,mean_reversion,short,5017,5018,5069,2025-07-15 03:00:00+00:00,2025-07-15 03:15:00+00:00,2025-07-15 16:00:00+00:00,2257.1,2239.4,176.99999999999818,173.99999999999818,0.34592445328031446,500,500,3.0,signal,51
futures,YM,mean_reversion,short,5017,5018,5065,2025-07-15 03:00:00+00:00,2025-07-15 03:15:00+00:00,2025-07-15 15:00:00+00:00,44637.0,44367.0,270.0,267.0,0.5308151093439364,500,500,3.0,signal,47
forex,NZDUSD,momentum,short,5259,5260,5287,2025-07-15 05:30:00+00:00,2025-07-15 05:45:00+00:00,2025-07-15 12:30:00+00:00,0.59851569,0.60051569,-20.0,-22.0,-1.0,75,20,2.0,sl,27
forex,AUDUSD,momentum,short,5252,5253,5286,2025-07-15 05:45:00+00:00,2025-07-15 06:00:00+00:00,2025-07-15 14:15:00+00:00,0.6555056,0.65376997,17.35629999999988,15.35629999999988,0.15055196078431254,150,100,2.0,signal,33
futures,HG,momentum,short,5056,5057,5064,2025-07-15 06:00:00+00:00,2025-07-15 06:15:00+00:00,2025-07-15 08:00:00+00:00,5.551,5.526,50.0,47.0,0.6025641025641025,50,75,3.0,tp,7
futures,NG,momentum,long,5057,5058,5081,2025-07-15 06:15:00+00:00,2025-07-15 06:30:00+00:00,2025-07-15 12:15:00+00:00,3.421,3.439,18.000000000000238,15.000000000000238,0.04950495049505029,500,300,3.0,signal,23
futures,YM,momentum,long,5037,5038,5048,2025-07-15 08:00:00+00:00,2025-07-15 08:15:00+00:00,2025-07-15 10:45:00+00:00,44618.0,44709.0,91.0,88.0,0.1749502982107356,300,500,3.0,signal,10
forex,AUDUSD,mean_reversion,short,5276,5277,5286,2025-07-15 11:45:00+00:00,2025-07-15 12:00:00+00:00,2025-07-15 14:15:00+00:00,0.6562584,0.65376997,24.884299999999858,22.884299999999858,0.15055460526315695,50,150,2.0,signal,9
gold_spot,XAUUSD,momentum,long,5079,5080,5081,2025-07-15 11:45:00+00:00,2025-07-15 12:00:00+00:00,2025-07-15 12:15:00+00:00,3354.89,3351.89,-300.0,-311.0,-1.0,1032,300,11.0,sl,1
forex,USDCHF,momentum,short,5255,5256,5540,2025-07-15 12:00:00+00:00,2025-07-15 12:15:00+00:00,2025-07-18 11:15:00+00:00,0.79698998,0.80107999,-40.90009999999977,-42.90009999999977,-0.08545836653386407,200,500,2.0,signal,284
futures,ES,momentum,long,5062,5063,5078,2025-07-15 14:15:00+00:00,2025-07-15 14:30:00+00:00,2025-07-15 18:15:00+00:00,6317.25,6310.0,-29.0,-32.0,-0.10561056105610561,300,300,3.0,signal,15
futures,HG,mean_reversion,long,5096,5097,5099,2025-07-15 16:00:00+00:00,2025-07-15 16:15:00+00:00,2025-07-15 16:45:00+00:00,5.5495,5.5765,54.00000000000027,51.00000000000027,0.16831683168316922,150,300,3.0,signal,2
futures,NQ,momentum,long,5082,5083,5089,2025-07-15 19:15:00+00:00,2025-07-15 19:30:00+00:00,2025-07-15 22:00:00+00:00,23089.0,23005.5,-334.0,-337.0,-1.0,500,334,3.0,sl,6
forex,AUDUSD,momentum,short,5327,5328,5381,2025-07-16 00:30:00+00:00,2025-07-16 00:45:00+00:00,2025-07-16 14:00:00+00:00,0.65333003,0.65025002,30.800100000000217,28.800100000000217,0.2823539215686296,150,100,2.0,signal,53
gold_spot,XAUUSD,momentum,short,5140,5141,5142,2025-07-16 04:00:00+00:00,2025-07-16 04:15:00+00:00,2025-07-16 04:30:00+00:00,3333.935,3336.935,-300.0,-311.0,-1.0,1032,300,11.0,sl,1
futures,ES,momentum,short,5147,5148,5153,2025-07-16 12:30:00+00:00,2025-07-16 12:45:00+00:00,2025-07-16 14:00:00+00:00,6296.0,6282.0,56.0,53.0,0.17491749174917492,300,300,3.0,signal,5
futures,RTY,momentum,short,5147,5148,5153,2025-07-16 12:30:00+00:00,2025-07-16 12:45:00+00:00,2025-07-16 14:00:00+00:00,2232.8,2223.5,93.00000000000182,90.00000000000182,0.297029702970303,500,300,3.0,signal,5
gold_spot,XAUUSD,momentum,short,5183,5184,5184,2025-07-16 14:45:00+00:00,2025-07-16 15:00:00+00:00,2025-07-16 15:00:00+00:00,3338.25,3341.25,-300.0,-311.0,-1.0,1032,300,11.0,sl,0
forex,AUDUSD,momentum,short,5385,5386,5392,2025-07-16 15:00:00+00:00,2025-07-16 15:15:00+00:00,2025-07-16 16:45:00+00:00,0.65241784,0.65227741,1.4043000000008021,-0.5956999999991979,-0.005840196078423509,150,100,2.0,signal,6
futures,RTY,momentum,short,5157,5158,5159,2025-07-16 15:00:00+00:00,2025-07-16 15:15:00+00:00,2025-07-16 15:30:00+00:00,2232.4,2215.2,172.00000000000273,169.00000000000273,0.5577557755775667,500,300,3.0,signal,1
futures,HG,momentum,short,5185,5186,5204,2025-07-16 15:15:00+00:00,2025-07-16 15:30:00+00:00,2025-07-16 20:00:00+00:00,5.5345,5.5095,50.0,47.0,0.6025641025641025,50,75,3.0,tp,18
futures,SI,momentum,short,5165,5166,5248,2025-07-16 15:15:00+00:00,2025-07-16 15:30:00+00:00,2025-07-17 13:00:00+00:00,38.25,37.795,90.99999999999966,87.99999999999966,0.1749502982107349,500,500,3.0,signal,82
futures,NQ,mean_reversion,long,5164,5165,5175,2025-07-16 16:45:00+00:00,2025-07-16 17:00:00+00:00,2025-07-16 19:30:00+00:00,23045.75,23083.25,150.0,147.0,0.2922465208747515,150,500,3.0,tp,10
forex,AUDUSD,mean_reversion,long,5405,5406,5549,2025-07-16 20:00:00+00:00,2025-07-16 20:15:00+00:00,2025-07-18 08:00:00+00:00,0.65318924,0.65162706,-15.621799999999686,-17.621799999999688,-0.11593289473684006,50,150,2.0,signal,143
forex,USDJPY,momentum,short,5399,5400,5606,2025-07-17 00:30:00+00:00,2025-07-17 00:45:00+00:00,2025-07-21 06:15:00+00:00,148.302,148.121,18.099999999998317,16.099999999998317,0.032071713147407005,200,500,2.0,signal,206
futures,6C,momentum,long,5234,5235,5375,2025-07-17 00:30:00+00:00,2025-07-17 00:45:00+00:00,2025-07-18 12:45:00+00:00,0.73195,0.73175,-3.9999999999995595,-6.9999999999995595,-0.03448275862068748,50,200,3.0,signal,140
forex,GBPUSD,momentum,short,5463,5464,5474,2025-07-17 08:45:00+00:00,2025-07-17 09:00:00+00:00,2025-07-17 11:30:00+00:00,1.34127,1.33927,20.0,18.0,0.23376623376623376,20,75,2.0,tp,10
futures,6B,momentum,short,5268,5269,5477,2025-07-17 09:00:00+00:00,2025-07-17 09:15:00+00:00,2025-07-21 15:15:00+00:00,1.3414,1.3514,-100.0,-103.0,-1.0,30,100,3.0,sl,208
futures,ZB,momentum,short,5254,5255,5713,2025-07-17 13:00:00+00:00,2025-07-17 13:15:00+00:00,2025-07-24 12:45:00+00:00,112.25,112.71875,-15.0,-18.0,-0.23076923076923078,30,75,3.0,signal,458
futures,6C,mean_reversion,long,5286,5287,5374,2025-07-17 13:30:00+00:00,2025-07-17 13:45:00+00:00,2025-07-18 12:30:00+00:00,0.72955,0.7316,40.99999999999992,37.99999999999992,0.1871921182266006,75,200,3.0,signal,87
gold_spot,XAUUSD,momentum,short,5272,5273,5273,2025-07-17 14:00:00+00:00,2025-07-17 14:15:00+00:00,2025-07-17 14:15:00+00:00,3324.64,3327.64,-300.0,-311.0,-1.0,1032,300,11.0,sl,0
futures,SI,momentum,short,5255,5256,5708,2025-07-17 14:45:00+00:00,2025-07-17 15:00:00+00:00,2025-07-24 13:00:00+00:00,38.19,39.0,-162.00000000000045,-165.00000000000045,-0.32803180914513014,500,500,3.0,signal,452
futures,NG,mean_reversion,short,5277,5278,5315,2025-07-17 15:15:00+00:00,2025-07-17 15:30:00+00:00,2025-07-18 01:45:00+00:00,3.549,3.526,23.00000000000013,20.00000000000013,0.06600660066006644,500,300,3.0,signal,37
futures,HG,momentum,short,5278,5279,5335,2025-07-17 15:30:00+00:00,2025-07-17 15:45:00+00:00,2025-07-18 06:45:00+00:00,5.51,5.547499999999999,-75.0,-78.0,-1.0,50,75,3.0,sl,56
forex,NZDUSD,momentum,short,5519,5520,5532,2025-07-17 22:30:00+00:00,2025-07-17 22:45:00+00:00,2025-07-18 01:45:00+00:00,0.59407115,0.59607115,-20.0,-22.0,-1.0,75,20,2.0,sl,12
gold_spot,XAUUSD,momentum,long,5321,5322,5332,2025-07-18 03:15:00+00:00,2025-07-18 03:30:00+00:00,2025-07-18 06:00:00+00:00,3335.275,3332.275,-300.0,-311.0,-1.0,1032,300,11.0,sl,10
gold_spot,XAUUSD,momentum,short,5335,5336,5337,2025-07-18 06:45:00+00:00,2025-07-18 07:00:00+00:00,2025-07-18 07:15:00+00:00,3342.135,3345.135,-300.0,-311.0,-1.0,1032,300,11.0,sl,1
futures,6C,mean_reversion,short,5381,5382,5420,2025-07-18 14:15:00+00:00,2025-07-18 14:30:00+00:00,2025-07-21 01:00:00+00:00,0.731,0.73035,12.999999999998568,9.999999999998568,0.04926108374383531,75,200,3.0,signal,38
futures,ES,momentum,long,5338,5339,5429,2025-07-18 14:15:00+00:00,2025-07-18 14:30:00+00:00,2025-07-21 14:00:00+00:00,6332.25,6364.25,128.0,125.0,0.41254125412541254,300,300,3.0,signal,90
futures,NQ,momentum,long,5338,5339,5427,2025-07-18 14:15:00+00:00,2025-07-18 14:30:00+00:00,2025-07-21 13:30:00+00:00,23194.0,23319.0,500.0,497.0,1.4747774480712166,500,334,3.0,tp,88
forex,USDCAD,momentum,short,5559,5560,5560,2025-07-18 14:30:00+00:00,2025-07-18 14:45:00+00:00,2025-07-18 14:45:00+00:00,1.37259,1.37209,5.0,3.0,0.13636363636363635,5,20,2.0,tp,0
futures,NG,mean_reversion,short,5369,5370,5394,2025-07-18 15:15:00+00:00,2025-07-18 15:30:00+00:00,2025-07-20 22:30:00+00:00,3.564,3.405,159.00000000000026,156.00000000000026,0.5148514851485156,500,300,3.0,signal,24
futures,6J,momentum,short,5410,5411,5791,2025-07-20 22:00:00+00:00,2025-07-20 22:15:00+00:00,2025-07-25 01:15:00+00:00,0.00678,0.0068235,-87.00000000000027,-90.00000000000027,-0.2970297029702979,100,300,3.0,signal,380
forex,NZDUSD,momentum,long,5613,5614,5642,2025-07-20 23:00:00+00:00,2025-07-20 23:15:00+00:00,2025-07-21 06:15:00+00:00,0.59499019,0.59619629,12.060999999999877,10.060999999999877,0.45731818181817624,75,20,2.0,signal,28
forex,GBPUSD,mean_reversion,long,5616,5617,5645,2025-07-21 00:00:00+00:00,2025-07-21 00:15:00+00:00,2025-07-21 07:15:00+00:00,1.34192,1.34428,23.599999999999177,21.599999999999177,0.10693069306930286,100,200,2.0,signal,28
forex,GBPUSD,momentum,short,5616,5617,5674,2025-07-21 00:00:00+00:00,2025-07-21 00:15:00+00:00,2025-07-21 14:30:00+00:00,1.34192,1.34942,-75.0,-77.0,-1.0,20,75,2.0,sl,57
forex,AUDUSD,mean_reversion,short,5617,5618,5622,2025-07-21 02:15:00+00:00,2025-07-21 02:30:00+00:00,2025-07-21 03:30:00+00:00,0.65074933,0.6508891,-1.3976999999998352,-3.397699999999835,-0.022353289473683126,50,150,2.0,signal,4
forex,NZDUSD,momentum,long,5647,5648,5652,2025-07-21 07:30:00+00:00,2025-07-21 07:45:00+00:00,2025-07-21 08:45:00+00:00,0.59566355,0.59669429,10.30739999999919,8.30739999999919,0.3776090909090541,75,20,2.0,signal,4
forex,AUDUSD,mean_reversion,short,5639,5640,5737,2025-07-21 07:45:00+00:00,2025-07-21 08:00:00+00:00,2025-07-22 08:15:00+00:00,0.65110946,0.65118158,-0.7212000000000884,-2.7212000000000884,-0.01790263157894795,50,150,2.0,signal,97
futures,RTY,momentum,long,5425,5426,5431,2025-07-21 13:00:00+00:00,2025-07-21 13:15:00+00:00,2025-07-21 14:30:00+00:00,2261.6,2270.1,85.0,82.0,0.2706270627062706,500,300,3.0,signal,5
futures,6C,mean_reversion,short,5471,5472,5757,2025-07-21 13:45:00+00:00,2025-07-21 14:00:00+00:00,2025-07-24 16:15:00+00:00,0.7312,0.7348,-72.00000000000095,-75.00000000000095,-0.36945812807882245,75,200,3.0,signal,285
futures,RTY,momentum,long,5437,5438,5557,2025-07-21 16:00:00+00:00,2025-07-21 16:15:00+00:00,2025-07-23 00:00:00+00:00,2261.7,2272.6,109.00000000000091,106.00000000000091,0.34983498349835285,500,300,3.0,signal,119
gold_spot,XAUUSD,momentum,long,5492,5493,5498,2025-07-22 00:00:00+00:00,2025-07-22 00:15:00+00:00,2025-07-22 01:30:00+00:00,3391.74,3388.74,-300.0,-311.0,-1.0,1032,300,11.0,sl,5
forex,NZDUSD,momentum,long,5735,5736,5770,2025-07-22 05:30:00+00:00,2025-07-22 05:45:00+00:00,2025-07-22 14:15:00+00:00,0.59537983,0.59733588,19.56049999999987,17.56049999999987,0.7982045454545396,75,20,2.0,signal,34
futures,NQ,momentum,long,5498,5499,5513,2025-07-22 08:15:00+00:00,2025-07-22 08:30:00+00:00,2025-07-22 12:00:00+00:00,23287.5,23330.5,172.0,169.0,0.5014836795252225,500,334,3.0,signal,14
futures,ES,momentum,long,5499,5500,5556,2025-07-22 08:30:00+00:00,2025-07-22 08:45:00+00:00,2025-07-22 23:45:00+00:00,6336.75,6357.5,83.0,80.0,0.264026402640264,300,300,3.0,signal,56
futures,NQ,mean_reversion,short,5499,5500,5520,2025-07-22 08:30:00+00:00,2025-07-22 08:45:00+00:00,2025-07-22 13:45:00+00:00,23281.0,23243.5,150.0,147.0,0.2922465208747515,150,500,3.0,tp,20
forex,AUDUSD,mean_reversion,long,5740,5741,5755,2025-07-22 09:00:00+00:00,2025-07-22 09:15:00+00:00,2025-07-22 12:45:00+00:00,0.65161014,0.65252852,9.183799999999964,7.183799999999964,0.04726184210526292,50,150,2.0,signal,14
futures,6A,mean_reversion,long,5542,5543,5556,2025-07-22 09:00:00+00:00,2025-07-22 09:15:00+00:00,2025-07-22 12:30:00+00:00,0.65205,0.65275,14.000000000000679,11.000000000000679,0.05418719211822994,50,200,3.0,signal,13
forex,AUDUSD,momentum,short,5752,5753,5917,2025-07-22 12:00:00+00:00,2025-07-22 12:15:00+00:00,2025-07-24 05:15:00+00:00,0.65237105,0.66237105,-100.0,-102.0,-1.0,150,100,2.0,sl,164
futures,6A,momentum,short,5554,5555,5802,2025-07-22 12:00:00+00:00,2025-07-22 12:15:00+00:00,2025-07-25 05:00:00+00:00,0.65275,0.6577,-98.99999999999797,-101.99999999999797,-0.2027833001988031,200,500,3.0,signal,247
futures,NQ,momentum,long,5519,5520,5520,2025-07-22 13:30:00+00:00,2025-07-22 13:45:00+00:00,2025-07-22 13:45:00+00:00,23278.25,23194.75,-334.0,-337.0,-1.0,500,334,3.0,sl,0
futures,NQ,momentum,short,5555,5556,5612,2025-07-22 23:30:00+00:00,2025-07-22 23:45:00+00:00,2025-07-23 13:45:00+00:00,23237.75,23197.5,161.0,158.0,0.4688427299703264,500,334,3.0,signal,56
futures,NQ,mean_reversion,long,5556,5557,5629,2025-07-22 23:45:00+00:00,2025-07-23 00:00:00+00:00,2025-07-23 18:00:00+00:00,23261.75,23299.25,150.0,147.0,0.2922465208747515,150,500,3.0,tp,72
gold_spot,XAUUSD,momentum,long,5589,5590,5590,2025-07-23 01:15:00+00:00,2025-07-23 01:30:00+00:00,2025-07-23 01:30:00+00:00,3424.945,3421.945,-300.0,-311.0,-1.0,1032,300,11.0,sl,0
gold_spot,XAUUSD,momentum,long,5626,5627,5635,2025-07-23 10:30:00+00:00,2025-07-23 10:45:00+00:00,2025-07-23 12:45:00+00:00,3423.0,3420.0,-300.0,-311.0,-1.0,1032,300,11.0,sl,8
futures,ZB,mean_reversion,short,5620,5621,5639,2025-07-23 12:30:00+00:00,2025-07-23 12:45:00+00:00,2025-07-23 17:15:00+00:00,113.375,113.1875,6.0,3.0,0.05660377358490566,15,50,3.0,signal,18
futures,ZN,mean_reversion,short,5624,5625,5637,2025-07-23 13:15:00+00:00,2025-07-23 13:30:00+00:00,2025-07-23 16:30:00+00:00,111.15625,111.015625,9.0,6.0,0.11320754716981132,15,50,3.0,signal,12
futures,ZN,momentum,long,5624,5625,5877,2025-07-23 13:15:00+00:00,2025-07-23 13:30:00+00:00,2025-07-28 07:30:00+00:00,111.15625,111.0625,-6.0,-9.0,-0.058823529411764705,50,150,3.0,signal,252
forex,USDCHF,momentum,short,5829,5830,5850,2025-07-23 13:30:00+00:00,2025-07-23 13:45:00+00:00,2025-07-23 18:45:00+00:00,0.79477,0.79289001,18.799899999999425,16.799899999999425,0.033465936254978935,200,500,2.0,signal,20
futures,ES,momentum,long,5612,5613,5621,2025-07-23 13:45:00+00:00,2025-07-23 14:00:00+00:00,2025-07-23 16:00:00+00:00,6356.25,6377.5,85.0,82.0,0.2706270627062706,300,300,3.0,signal,8
futures,ZB,mean_reversion,long,5697,5698,5749,2025-07-24 08:45:00+00:00,2025-07-24 09:00:00+00:00,2025-07-24 22:45:00+00:00,113.34375,113.4375,3.0,0.0,0.0,15,50,3.0,signal,51
futures,NQ,momentum,long,5699,5700,5711,2025-07-24 12:30:00+00:00,2025-07-24 12:45:00+00:00,2025-07-24 15:30:00+00:00,23342.5,23380.75,153.0,150.0,0.44510385756676557,500,334,3.0,signal,11
forex,USDCHF,mean_reversion,short,5926,5927,5930,2025-07-24 13:45:00+00:00,2025-07-24 14:00:00+00:00,2025-07-24 14:45:00+00:00,0.79429001,0.79369003,5.9997999999994445,3.9997999999994445,0.01980099009900715,75,200,2.0,signal,3
forex,USDCHF,momentum,long,5926,5927,5932,2025-07-24 13:45:00+00:00,2025-07-24 14:00:00+00:00,2025-07-24 15:15:00+00:00,0.79429001,0.79575998,14.699700000000426,12.699700000000426,0.02529820717131559,200,500,2.0,signal,5
futures,SI,momentum,short,5712,5713,5784,2025-07-24 14:00:00+00:00,2025-07-24 14:15:00+00:00,2025-07-25 09:00:00+00:00,39.29,39.075,42.99999999999926,39.99999999999926,0.07952286282306016,500,500,3.0,signal,71
gold_spot,XAUUSD,momentum,short,5732,5733,5733,2025-07-24 14:00:00+00:00,2025-07-24 14:15:00+00:00,2025-07-24 14:15:00+00:00,3370.905,3373.905,-300.0,-311.0,-1.0,1032,300,11.0,sl,0
futures,6J,mean_reversion,short,5755,5756,5760,2025-07-24 15:15:00+00:00,2025-07-24 15:30:00+00:00,2025-07-24 16:30:00+00:00,0.006852,0.006846,11.999999999999858,8.999999999999858,0.04433497536945743,200,200,3.0,signal,4
futures,HG,momentum,long,5738,5739,5750,2025-07-24 15:30:00+00:00,2025-07-24 15:45:00+00:00,2025-07-24 18:30:00+00:00,5.802,5.827,50.0,47.0,0.6025641025641025,50,75,3.0,tp,11
forex,USDCHF,mean_reversion,short,5939,5940,6324,2025-07-24 17:00:00+00:00,2025-07-24 17:15:00+00:00,2025-07-30 19:15:00+00:00,0.79417002,0.81417002,-200.0,-202.0,-1.0,75,200,2.0,sl,384
forex,USDCHF,momentum,long,5939,5940,5975,2025-07-24 17:00:00+00:00,2025-07-24 17:15:00+00:00,2025-07-25 02:00:00+00:00,0.79417002,0.79639,22.199800000000103,20.199800000000103,0.0402386454183269,200,500,2.0,signal,35
forex,AUDUSD,momentum,long,5978,5979,6320,2025-07-24 20:30:00+00:00,2025-07-24 20:45:00+00:00,2025-07-30 11:30:00+00:00,0.65906978,0.64906978,-100.0,-102.0,-1.0,150,100,2.0,sl,341
forex,EURUSD,momentum,long,5920,5921,6024,2025-07-24 20:45:00+00:00,2025-07-24 21:15:00+00:00,2025-07-28 00:15:00+00:00,1.17427,1.17629,20.200000000001328,18.200000000001328,0.09009900990099667,50,200,2.0,signal,103
futures,NG,mean_reversion,long,5768,5769,5810,2025-07-25 00:00:00+00:00,2025-07-25 00:15:00+00:00,2025-07-25 10:30:00+00:00,3.148,3.175,26.99999999999969,23.99999999999969,0.07920792079207818,500,300,3.0,signal,41
futures,NG,momentum,short,5768,5769,5796,2025-07-25 00:00:00+00:00,2025-07-25 00:15:00+00:00,2025-07-25 07:00:00+00:00,3.148,3.138,10.000000000000231,7.000000000000231,0.023102310231023864,500,300,3.0,signal,27
forex,NZDUSD,momentum,long,6006,6007,6037,2025-07-25 01:15:00+00:00,2025-07-25 01:30:00+00:00,2025-07-25 09:00:00+00:00,0.60288179,0.60088179,-20.0,-22.0,-1.0,75,20,2.0,sl,30
forex,USDCHF,momentum,long,5993,5994,6007,2025-07-25 06:30:00+00:00,2025-07-25 06:45:00+00:00,2025-07-25 10:00:00+00:00,0.79471999,0.7967,19.800099999999208,17.800099999999208,0.035458366533862966,200,500,2.0,signal,13
futures,NG,momentum,short,5802,5803,5901,2025-07-25 08:30:00+00:00,2025-07-25 08:45:00+00:00,2025-07-28 10:15:00+00:00,3.154,3.119,34.999999999999694,31.999999999999694,0.1056105610561046,500,300,3.0,signal,98
futures,NG,mean_reversion,short,5817,5818,5894,2025-07-25 12:15:00+00:00,2025-07-25 12:30:00+00:00,2025-07-28 08:30:00+00:00,3.151,3.148,2.9999999999996696,-3.304023721284466e-13,-1.0904368717110448e-15,500,300,3.0,signal,76
futures,CL,momentum,long,5822,5823,5908,2025-07-25 13:30:00+00:00,2025-07-25 13:45:00+00:00,2025-07-28 12:00:00+00:00,65.85,66.23,38.000000000000966,35.000000000000966,0.1155115511551187,500,300,3.0,signal,85
futures,6E,mean_reversion,long,5843,5844,5877,2025-07-25 14:15:00+00:00,2025-07-25 14:30:00+00:00,2025-07-27 23:45:00+00:00,1.17725,1.17965,48.000000000003595,45.000000000003595,0.1485148514851604,100,300,3.0,signal,33
futures,HG,momentum,short,5825,5826,5828,2025-07-25 14:15:00+00:00,2025-07-25 14:30:00+00:00,2025-07-25 15:00:00+00:00,5.813,5.787999999999999,50.0,47.0,0.6025641025641025,50,75,3.0,tp,2
gold_spot,XAUUSD,momentum,short,5840,5841,5854,2025-07-25 18:00:00+00:00,2025-07-25 18:15:00+00:00,2025-07-27 22:30:00+00:00,3338.655,3328.335,1032.0,1021.0,3.282958199356913,1032,300,11.0,tp,13
forex,NZDUSD,momentum,short,6092,6093,6099,2025-07-28 00:00:00+00:00,2025-07-28 00:15:00+00:00,2025-07-28 01:45:00+00:00,0.6025548,0.60197449,5.803099999999173,3.803099999999173,0.17286818181814423,75,20,2.0,signal,6
gold_spot,XAUUSD,momentum,short,5875,5876,5894,2025-07-28 03:45:00+00:00,2025-07-28 04:00:00+00:00,2025-07-28 08:30:00+00:00,3343.26,3332.94,1032.0,1021.0,3.282958199356913,1032,300,11.0,tp,18
futures,RTY,momentum,long,5875,5876,5884,2025-07-28 10:30:00+00:00,2025-07-28 10:45:00+00:00,2025-07-28 12:45:00+00:00,2278.5,2284.3,58.00000000000182,55.00000000000182,0.18151815181518752,500,300,3.0,signal,8
futures,ZN,momentum,long,5889,5890,5990,2025-07-28 10:30:00+00:00,2025-07-28 10:45:00+00:00,2025-07-29 12:45:00+00:00,110.96875,111.015625,3.0,0.0,0.0,50,150,3.0,signal,100
futures,ZN,mean_reversion,short,5890,5891,5901,2025-07-28 10:45:00+00:00,2025-07-28 11:00:00+00:00,2025-07-28 13:30:00+00:00,110.9375,110.84375,6.0,3.0,0.05660377358490566,15,50,3.0,signal,10
futures,NG,momentum,short,5904,5905,5915,2025-07-28 11:00:00+00:00,2025-07-28 11:15:00+00:00,2025-07-28 13:45:00+00:00,3.15,3.145,4.999999999999893,1.9999999999998934,0.006600660066006249,500,300,3.0,signal,10
futures,NG,mean_reversion,long,5911,5912,6007,2025-07-28 12:45:00+00:00,2025-07-28 13:00:00+00:00,2025-07-29 13:45:00+00:00,3.164,3.165,0.9999999999998899,-2.00000000000011,-0.006600660066006964,500,300,3.0,signal,95
futures,ES,momentum,long,5887,5888,5915,2025-07-28 13:30:00+00:00,2025-07-28 13:45:00+00:00,2025-07-28 20:30:00+00:00,6426.75,6424.0,-11.0,-14.0,-0.0462046204620462,300,300,3.0,signal,27
gold_spot,XAUUSD,momentum,short,5958,5959,5969,2025-07-29 01:30:00+00:00,2025-07-29 01:45:00+00:00,2025-07-29 04:15:00+00:00,3319.73,3309.41,1032.0,1021.0,3.282958199356913,1032,300,11.0,tp,10
futures,RTY,momentum,short,5957,5958,5986,2025-07-29 08:00:00+00:00,2025-07-29 08:15:00+00:00,2025-07-29 15:15:00+00:00,2275.8,2262.0,138.00000000000182,135.00000000000182,0.44554455445545155,500,300,3.0,signal,28
gold_spot,XAUUSD,momentum,short,5984,5985,5998,2025-07-29 08:00:00+00:00,2025-07-29 08:15:00+00:00,2025-07-29 11:30:00+00:00,3327.31,3316.99,1032.0,1021.0,3.282958199356913,1032,300,11.0,tp,13
futures,ZN,mean_reversion,long,5981,5982,5990,2025-07-29 10:30:00+00:00,2025-07-29 10:45:00+00:00,2025-07-29 12:45:00+00:00,110.890625,111.015625,8.0,5.0,0.09433962264150944,15,50,3.0,signal,8
futures,ES,momentum,long,5983,5984,6105,2025-07-29 14:30:00+00:00,2025-07-29 14:45:00+00:00,2025-07-30 23:00:00+00:00,6425.25,6442.75,70.0,67.0,0.22112211221122113,300,300,3.0,signal,121
gold_spot,XAUUSD,momentum,short,6011,6012,6012,2025-07-29 14:45:00+00:00,2025-07-29 15:00:00+00:00,2025-07-29 15:00:00+00:00,3328.99,3331.99,-300.0,-311.0,-1.0,1032,300,11.0,sl,0
futures,GC,momentum,short,6004,6005,6088,2025-07-29 15:00:00+00:00,2025-07-29 15:15:00+00:00,2025-07-30 13:00:00+00:00,3328.2,3309.1,190.9999999999991,187.9999999999991,1.663716814159284,300,110,3.0,signal,83
forex,USDJPY,momentum,long,6210,6211,6297,2025-07-29 15:15:00+00:00,2025-07-29 15:30:00+00:00,2025-07-30 13:00:00+00:00,148.39301,148.851,45.79899999999952,43.79899999999952,0.0872490039840628,200,500,2.0,signal,86
forex,GBPUSD,momentum,short,6286,6287,6306,2025-07-30 00:45:00+00:00,2025-07-30 01:00:00+00:00,2025-07-30 05:45:00+00:00,1.33681,1.33481,20.0,18.0,0.23376623376623376,20,75,2.0,tp,19
futures,6A,momentum,short,6061,6062,6109,2025-07-30 00:45:00+00:00,2025-07-30 01:00:00+00:00,2025-07-30 12:45:00+00:00,0.6531,0.6483,96.00000000000053,93.00000000000053,0.18489065606361935,200,500,3.0,signal,47
forex,GBPUSD,momentum,short,6311,6312,6326,2025-07-30 07:00:00+00:00,2025-07-30 07:15:00+00:00,2025-07-30 10:45:00+00:00,1.3364,1.33651,-1.100000000000545,-3.100000000000545,-0.04025974025974734,20,75,2.0,signal,14
futures,6J,mean_reversion,short,6103,6104,6113,2025-07-30 10:15:00+00:00,2025-07-30 10:30:00+00:00,2025-07-30 12:45:00+00:00,0.0067815,0.00676,42.99999999999964,39.99999999999964,0.19704433497536766,200,200,3.0,signal,9
futures,6J,momentum,long,6103,6104,6303,2025-07-30 10:15:00+00:00,2025-07-30 10:30:00+00:00,2025-08-01 14:15:00+00:00,0.0067815,0.0067855,7.999999999999328,4.999999999999328,0.016501650165014283,100,300,3.0,signal,199
futures,NG,momentum,long,6089,6090,6257,2025-07-30 11:15:00+00:00,2025-07-30 11:30:00+00:00,2025-08-01 07:15:00+00:00,3.147,3.12,-26.99999999999969,-29.99999999999969,-0.09900990099009799,500,300,3.0,signal,167
futures,RTY,momentum,short,6074,6075,6093,2025-07-30 14:15:00+00:00,2025-07-30 14:30:00+00:00,2025-07-30 19:00:00+00:00,2269.0,2243.8,251.99999999999818,248.99999999999818,0.8217821782178157,500,300,3.0,signal,18
gold_spot,XAUUSD,momentum,short,6112,6113,6115,2025-07-30 17:00:00+00:00,2025-07-30 17:15:00+00:00,2025-07-30 17:45:00+00:00,3299.005,3302.005,-300.0,-311.0,-1.0,1032,300,11.0,sl,2
gold_spot,XAUUSD,momentum,short,6130,6131,6134,2025-07-30 22:30:00+00:00,2025-07-30 22:45:00+00:00,2025-07-30 23:30:00+00:00,3278.65,3281.65,-300.0,-311.0,-1.0,1032,300,11.0,sl,3
futures,YM,momentum,short,6139,6140,6153,2025-07-31 07:30:00+00:00,2025-07-31 07:45:00+00:00,2025-07-31 11:00:00+00:00,44839.0,44721.0,118.0,115.0,0.2286282306163022,300,500,3.0,signal,13
gold_spot,XAUUSD,momentum,short,6168,6169,6169,2025-07-31 08:00:00+00:00,2025-07-31 08:15:00+00:00,2025-07-31 08:15:00+00:00,3308.355,3311.355,-300.0,-311.0,-1.0,1032,300,11.0,sl,0
futures,ES,momentum,long,6163,6164,6175,2025-07-31 13:30:00+00:00,2025-07-31 13:45:00+00:00,2025-07-31 16:30:00+00:00,6433.25,6433.0,-1.0,-4.0,-0.013201320132013201,300,300,3.0,signal,11
futures,NQ,momentum,long,6163,6164,6168,2025-07-31 13:30:00+00:00,2025-07-31 13:45:00+00:00,2025-07-31 14:45:00+00:00,23636.25,23552.75,-334.0,-337.0,-1.0,500,334,3.0,sl,4
futures,NG,mean_reversion,long,6197,6198,6218,2025-07-31 15:15:00+00:00,2025-07-31 15:30:00+00:00,2025-07-31 20:30:00+00:00,3.062,3.104,42.000000000000256,39.000000000000256,0.12871287128712955,500,300,3.0,signal,20
futures,ZN,momentum,long,6188,6189,6268,2025-07-31 16:15:00+00:00,2025-07-31 16:30:00+00:00,2025-08-01 13:15:00+00:00,111.171875,111.890625,46.0,43.0,0.28104575163398693,50,150,3.0,signal,79
futures,ZB,momentum,long,6195,6196,6265,2025-07-31 18:15:00+00:00,2025-07-31 18:30:00+00:00,2025-08-01 12:45:00+00:00,114.1875,115.125,30.0,27.0,0.34615384615384615,30,75,3.0,tp,69
gold_spot,XAUUSD,momentum,short,6240,6241,6251,2025-08-01 03:00:00+00:00,2025-08-01 03:15:00+00:00,2025-08-01 05:45:00+00:00,3296.035,3299.035,-300.0,-311.0,-1.0,1032,300,11.0,sl,10
gold_spot,XAUUSD,momentum,short,6264,6265,6271,2025-08-01 09:00:00+00:00,2025-08-01 09:15:00+00:00,2025-08-01 10:45:00+00:00,3295.255,3298.255,-300.0,-311.0,-1.0,1032,300,11.0,sl,6
futures,CL,momentum,short,6276,6277,6284,2025-08-01 12:00:00+00:00,2025-08-01 12:15:00+00:00,2025-08-01 14:00:00+00:00,69.07,68.45,61.999999999999034,58.999999999999034,0.19471947194719152,500,300,3.0,signal,7
futures,SI,momentum,short,6258,6259,6267,2025-08-01 12:30:00+00:00,2025-08-01 12:45:00+00:00,2025-08-01 14:45:00+00:00,36.94,36.92,3.999999999999204,0.9999999999992042,0.0019880715705749585,500,500,3.0,signal,8
futures,NG,momentum,long,6283,6284,6290,2025-08-01 13:45:00+00:00,2025-08-01 14:00:00+00:00,2025-08-01 15:30:00+00:00,3.087,3.101,13.99999999999979,10.99999999999979,0.03630363036303561,500,300,3.0,signal,6
forex,AUDUSD,mean_reversion,short,6533,6534,6542,2025-08-01 16:45:00+00:00,2025-08-01 17:00:00+00:00,2025-08-01 19:00:00+00:00,0.64564866,0.64428842,13.602400000000126,11.602400000000126,0.07633157894736925,50,150,2.0,signal,8
futures,NG,mean_reversion,short,6295,6296,6318,2025-08-01 16:45:00+00:00,2025-08-01 17:00:00+00:00,2025-08-03 23:30:00+00:00,3.072,3.058,14.000000000000234,11.000000000000234,0.036303630363037076,500,300,3.0,signal,22
futures,6C,mean_reversion,short,6312,6313,6469,2025-08-01 17:00:00+00:00,2025-08-01 17:15:00+00:00,2025-08-05 10:15:00+00:00,0.7258,0.72575,0.9999999999998899,-2.00000000000011,-0.009852216748769016,75,200,3.0,signal,156
forex,GBPUSD,momentum,short,6549,6550,6551,2025-08-01 18:30:00+00:00,2025-08-01 18:45:00+00:00,2025-08-01 19:00:00+00:00,1.32491,1.32291,20.0,18.0,0.23376623376623376,20,75,2.0,tp,1
futures,6B,mean_reversion,long,6318,6319,6326,2025-08-01 18:30:00+00:00,2025-08-01 18:45:00+00:00,2025-08-01 20:30:00+00:00,1.3255,1.3286,31.000000000001027,28.000000000001027,0.13793103448276367,100,200,3.0,signal,7
forex,GBPUSD,momentum,long,6568,6569,6573,2025-08-04 00:45:00+00:00,2025-08-04 01:00:00+00:00,2025-08-04 02:00:00+00:00,1.32605,1.32805,20.0,18.0,0.23376623376623376,20,75,2.0,tp,4
gold_spot,XAUUSD,momentum,long,6324,6325,6325,2025-08-04 01:00:00+00:00,2025-08-04 01:15:00+00:00,2025-08-04 01:15:00+00:00,3349.505,3346.505,-300.0,-311.0,-1.0,1032,300,11.0,sl,0
forex,NZDUSD,momentum,long,6597,6598,6604,2025-08-04 07:45:00+00:00,2025-08-04 08:00:00+00:00,2025-08-04 09:30:00+00:00,0.59077215,0.59182101,10.488599999999293,8.488599999999293,0.3858454545454224,75,20,2.0,signal,6
futures,6A,mean_reversion,short,6376,6377,6442,2025-08-04 10:30:00+00:00,2025-08-04 10:45:00+00:00,2025-08-05 04:00:00+00:00,0.6478,0.646,36.000000000000476,33.000000000000476,0.16256157635468216,50,200,3.0,signal,65
futures,ES,momentum,short,6347,6348,6601,2025-08-04 13:30:00+00:00,2025-08-04 13:45:00+00:00,2025-08-07 08:00:00+00:00,6324.5,6399.5,-300.0,-303.0,-1.0,300,300,3.0,sl,253
futures,NQ,momentum,short,6347,6348,6358,2025-08-04 13:30:00+00:00,2025-08-04 13:45:00+00:00,2025-08-04 16:15:00+00:00,23189.5,23273.0,-334.0,-337.0,-1.0,500,334,3.0,sl,10
futures,RTY,momentum,short,6350,6351,6388,2025-08-04 14:15:00+00:00,2025-08-04 14:30:00+00:00,2025-08-05 00:45:00+00:00,2199.9,2229.9,-300.0,-303.0,-1.0,500,300,3.0,sl,37
forex,NZDUSD,momentum,long,6625,6626,6651,2025-08-04 14:45:00+00:00,2025-08-04 15:00:00+00:00,2025-08-04 21:15:00+00:00,0.59154093,0.59077215,-7.687799999999134,-9.687799999999134,-0.4403545454545061,75,20,2.0,signal,25
gold_spot,XAUUSD,momentum,long,6380,6381,6382,2025-08-04 15:00:00+00:00,2025-08-04 15:15:00+00:00,2025-08-04 15:30:00+00:00,3374.145,3371.145,-300.0,-311.0,-1.0,1032,300,11.0,sl,1
forex,GBPUSD,momentum,long,6626,6627,6661,2025-08-04 15:15:00+00:00,2025-08-04 15:30:00+00:00,2025-08-05 00:00:00+00:00,1.3282,1.3302,20.0,18.0,0.23376623376623376,20,75,2.0,tp,34
forex,AUDUSD,momentum,long,6618,6619,6792,2025-08-04 15:30:00+00:00,2025-08-04 15:45:00+00:00,2025-08-06 11:00:00+00:00,0.64697701,0.65057999,36.029800000000336,34.029800000000336,0.33362549019608173,150,100,2.0,signal,173
futures,6A,momentum,long,6396,6397,6563,2025-08-04 15:30:00+00:00,2025-08-04 15:45:00+00:00,2025-08-06 11:15:00+00:00,0.6473,0.651,74.00000000000072,71.00000000000072,0.14115308151093583,200,500,3.0,signal,166
forex,NZDUSD,momentum,long,6666,6667,6695,2025-08-05 01:00:00+00:00,2025-08-05 01:15:00+00:00,2025-08-05 08:15:00+00:00,0.59087688,0.58887688,-20.0,-22.0,-1.0,75,20,2.0,sl,28
forex,USDCHF,momentum,short,6628,6629,6761,2025-08-05 01:00:00+00:00,2025-08-05 01:15:00+00:00,2025-08-06 10:15:00+00:00,0.80899,0.80720001,17.89990000000019,15.89990000000019,0.0316731075697215,200,500,2.0,signal,132
forex,NZDUSD,mean_reversion,short,6667,6668,6674,2025-08-05 01:15:00+00:00,2025-08-05 01:30:00+00:00,2025-08-05 03:00:00+00:00,0.59080702,0.59004009,7.669299999999435,5.669299999999435,0.05558137254901407,50,100,2.0,signal,6
forex,GBPUSD,momentum,long,6695,6696,6697,2025-08-05 08:30:00+00:00,2025-08-05 08:45:00+00:00,2025-08-05 09:00:00+00:00,1.32721,1.32921,20.0,18.0,0.23376623376623376,20,75,2.0,tp,1
forex,USDJPY,momentum,short,6655,6656,6682,2025-08-05 08:30:00+00:00,2025-08-05 08:45:00+00:00,2025-08-05 15:15:00+00:00,147.57899,147.31799,26.099999999999568,24.099999999999568,0.04800796812748918,200,500,2.0,signal,26
futures,6B,mean_reversion,short,6462,6463,6820,2025-08-05 08:30:00+00:00,2025-08-05 08:45:00+00:00,2025-08-11 06:00:00+00:00,1.3281,1.3481,-200.0,-203.0,-1.0,100,200,3.0,sl,357
gold_spot,XAUUSD,momentum,long,6447,6448,6450,2025-08-05 08:45:00+00:00,2025-08-05 09:00:00+00:00,2025-08-05 09:30:00+00:00,3366.12,3363.12,-300.0,-311.0,-1.0,1032,300,11.0,sl,2
futures,GC,momentum,long,6442,6443,6450,2025-08-05 10:45:00+00:00,2025-08-05 11:00:00+00:00,2025-08-05 12:45:00+00:00,3406.6,3417.8,112.00000000000273,109.00000000000273,0.9646017699115286,300,110,3.0,signal,7
forex,AUDUSD,mean_reversion,long,6703,6704,6718,2025-08-05 12:45:00+00:00,2025-08-05 13:00:00+00:00,2025-08-05 16:30:00+00:00,0.64674687,0.64769775,9.508799999999873,7.508799999999873,0.04939999999999917,50,150,2.0,signal,14
gold_spot,XAUUSD,momentum,long,6480,6481,6508,2025-08-05 17:00:00+00:00,2025-08-05 17:15:00+00:00,2025-08-06 01:00:00+00:00,3381.125,3378.125,-300.0,-311.0,-1.0,1032,300,11.0,sl,27
futures,NG,momentum,long,6486,6487,6560,2025-08-05 18:30:00+00:00,2025-08-05 18:45:00+00:00,2025-08-06 14:00:00+00:00,3.005,3.053,48.00000000000004,45.00000000000004,0.14851485148514865,500,300,3.0,signal,73
forex,AUDUSD,mean_reversion,short,6727,6728,7081,2025-08-05 18:45:00+00:00,2025-08-05 19:00:00+00:00,2025-08-11 12:45:00+00:00,0.64703977,0.65061814,-35.78369999999942,-37.78369999999942,-0.24857697368420673,50,150,2.0,signal,353
forex,NZDUSD,momentum,short,6745,6746,6752,2025-08-05 20:45:00+00:00,2025-08-05 21:00:00+00:00,2025-08-05 22:30:00+00:00,0.5903188,0.58951837,8.004300000000741,6.004300000000741,0.27292272727276096,75,20,2.0,signal,6
gold_spot,XAUUSD,momentum,long,6512,6513,6524,2025-08-06 02:00:00+00:00,2025-08-06 02:15:00+00:00,2025-08-06 05:00:00+00:00,3375.22,3372.22,-300.0,-311.0,-1.0,1032,300,11.0,sl,11
futures,CL,momentum,short,6538,6539,6562,2025-08-06 08:30:00+00:00,2025-08-06 08:45:00+00:00,2025-08-06 14:30:00+00:00,66.14,65.72,42.00000000000017,39.00000000000017,0.12871287128712927,500,300,3.0,signal,23
futures,ES,mean_reversion,short,6511,6512,6526,2025-08-06 08:30:00+00:00,2025-08-06 08:45:00+00:00,2025-08-06 12:15:00+00:00,6345.0,6331.75,53.0,50.0,0.09940357852882704,500,500,3.0,signal,14
futures,GC,momentum,long,6526,6527,6551,2025-08-06 08:45:00+00:00,2025-08-06 09:00:00+00:00,2025-08-06 15:00:00+00:00,3419.2,3435.1,159.0000000000009,156.0000000000009,1.3805309734513356,300,110,3.0,signal,24
gold_spot,XAUUSD,momentum,long,6539,6540,6543,2025-08-06 08:45:00+00:00,2025-08-06 09:00:00+00:00,2025-08-06 09:45:00+00:00,3365.17,3362.17,-300.0,-311.0,-1.0,1032,300,11.0,sl,3
forex,GBPUSD,momentum,long,6793,6794,6797,2025-08-06 09:00:00+00:00,2025-08-06 09:15:00+00:00,2025-08-06 10:00:00+00:00,1.32883,1.33083,20.0,18.0,0.23376623376623376,20,75,2.0,tp,3
futures,HG,momentum,short,6547,6548,6562,2025-08-06 10:45:00+00:00,2025-08-06 11:00:00+00:00,2025-08-06 14:30:00+00:00,4.4235,4.4035,39.99999999999915,36.99999999999915,0.4743589743589634,50,75,3.0,signal,14
futures,ES,mean_reversion,long,6535,6536,6539,2025-08-06 14:30:00+00:00,2025-08-06 14:45:00+00:00,2025-08-06 15:30:00+00:00,6345.75,6364.25,74.0,71.0,0.1411530815109344,500,500,3.0,signal,3
forex,USDCHF,mean_reversion,long,6788,6789,6872,2025-08-06 17:00:00+00:00,2025-08-06 17:15:00+00:00,2025-08-07 14:00:00+00:00,0.80700999,0.80743003,4.200400000000659,2.200400000000659,0.010893069306933956,75,200,2.0,signal,83
forex,USDCHF,momentum,short,6788,6789,7159,2025-08-06 17:00:00+00:00,2025-08-06 17:15:00+00:00,2025-08-12 15:45:00+00:00,0.80700999,0.80675,2.5998999999998773,0.5998999999998773,0.0011950199203184808,200,500,2.0,signal,370
futures,ZB,mean_reversion,long,6566,6567,6638,2025-08-06 19:00:00+00:00,2025-08-06 19:15:00+00:00,2025-08-07 14:00:00+00:00,115.59375,115.71875,4.0,1.0,0.018867924528301886,15,50,3.0,signal,71
forex,USDJPY,momentum,short,6799,6800,6840,2025-08-06 20:30:00+00:00,2025-08-06 20:45:00+00:00,2025-08-07 06:45:00+00:00,147.49699,146.97501,52.19800000000134,50.19800000000134,0.09999601593625766,200,500,2.0,signal,40
futures,6J,momentum,long,6604,6605,6634,2025-08-06 20:30:00+00:00,2025-08-06 20:45:00+00:00,2025-08-07 05:00:00+00:00,0.0068095,0.0068155,12.000000000001593,9.000000000001593,0.02970297029703496,100,300,3.0,signal,29
gold_spot,XAUUSD,momentum,long,6629,6630,6646,2025-08-07 08:15:00+00:00,2025-08-07 08:30:00+00:00,2025-08-07 12:30:00+00:00,3374.24,3384.56,1032.0,1021.0,3.282958199356913,1032,300,11.0,tp,16
forex,AUDUSD,momentum,long,6900,6901,6923,2025-08-07 14:00:00+00:00,2025-08-07 14:15:00+00:00,2025-08-07 19:45:00+00:00,0.65099078,0.65167809,6.873099999999965,4.873099999999965,0.047775490196078095,150,100,2.0,signal,22
forex,USDCAD,momentum,short,6882,6883,6887,2025-08-07 14:00:00+00:00,2025-08-07 14:15:00+00:00,2025-08-07 15:15:00+00:00,1.3757,1.3752,5.0,3.0,0.13636363636363635,5,20,2.0,tp,4
futures,6A,momentum,long,6666,6667,6689,2025-08-07 14:00:00+00:00,2025-08-07 14:15:00+00:00,2025-08-07 19:45:00+00:00,0.65135,0.65195,12.000000000000899,9.000000000000899,0.017892644135190653,200,500,3.0,signal,22
futures,6E,momentum,long,6671,6672,6678,2025-08-07 14:15:00+00:00,2025-08-07 14:30:00+00:00,2025-08-07 16:00:00+00:00,1.16525,1.16685,32.00000000000092,29.000000000000917,0.05765407554672151,200,500,3.0,signal,6
forex,USDJPY,momentum,short,6872,6873,6892,2025-08-07 14:45:00+00:00,2025-08-07 15:00:00+00:00,2025-08-07 19:45:00+00:00,147.492,147.057999,43.4000999999995,41.4000999999995,0.08247031872509861,200,500,2.0,signal,19
futures,ZN,momentum,long,6644,6645,6981,2025-08-07 15:15:00+00:00,2025-08-07 15:30:00+00:00,2025-08-13 07:30:00+00:00,112.171875,111.953125,-14.0,-17.0,-0.1111111111111111,50,150,3.0,signal,336
futures,NG,mean_reversion,short,6659,6660,6745,2025-08-07 15:45:00+00:00,2025-08-07 16:00:00+00:00,2025-08-08 14:15:00+00:00,3.046,3.021,24.99999999999991,21.99999999999991,0.07260726072607232,500,300,3.0,signal,85
futures,ES,momentum,short,6648,6649,6904,2025-08-07 19:45:00+00:00,2025-08-07 20:00:00+00:00,2025-08-12 14:45:00+00:00,6367.5,6442.5,-300.0,-303.0,-1.0,300,300,3.0,sl,255
gold_spot,XAUUSD,momentum,long,6691,6692,6692,2025-08-08 00:45:00+00:00,2025-08-08 01:00:00+00:00,2025-08-08 01:00:00+00:00,3389.42,3386.42,-300.0,-311.0,-1.0,1032,300,11.0,sl,0
forex,USDJPY,momentum,short,6913,6914,7218,2025-08-08 01:00:00+00:00,2025-08-08 01:15:00+00:00,2025-08-13 07:15:00+00:00,147.242,147.55499,-31.299000000001342,-33.29900000000134,-0.06633266932271184,200,500,2.0,signal,304
futures,6J,mean_reversion,short,6710,6711,6743,2025-08-08 01:00:00+00:00,2025-08-08 01:15:00+00:00,2025-08-08 09:15:00+00:00,0.0068175,0.0068015,31.999999999999044,28.999999999999044,0.14285714285713816,200,200,3.0,signal,32
forex,AUDUSD,momentum,long,6945,6946,6969,2025-08-08 01:15:00+00:00,2025-08-08 01:30:00+00:00,2025-08-08 07:15:00+00:00,0.651797,0.65319771,14.007100000000827,12.007100000000827,0.11771666666667478,150,100,2.0,signal,23
futures,HG,mean_reversion,long,6702,6703,6718,2025-08-08 03:30:00+00:00,2025-08-08 03:45:00+00:00,2025-08-08 07:30:00+00:00,4.4195,4.4305,22.00000000000024,19.00000000000024,0.0627062706270635,150,300,3.0,signal,15
futures,6E,momentum,long,6729,6730,6807,2025-08-08 05:45:00+00:00,2025-08-08 06:00:00+00:00,2025-08-11 02:15:00+00:00,1.16695,1.16925,45.999999999999375,42.999999999999375,0.08548707753479001,200,500,3.0,signal,77
futures,RTY,momentum,long,6684,6685,6896,2025-08-08 05:45:00+00:00,2025-08-08 06:00:00+00:00,2025-08-12 12:45:00+00:00,2226.2,2253.2,270.0,267.0,0.8811881188118812,500,300,3.0,signal,211
futures,NG,momentum,long,6713,6714,6717,2025-08-08 06:15:00+00:00,2025-08-08 06:30:00+00:00,2025-08-08 07:15:00+00:00,3.056,3.1,44.000000000000036,41.000000000000036,0.13531353135313542,500,300,3.0,signal,3
forex,EURUSD,momentum,long,6909,6910,6974,2025-08-08 08:45:00+00:00,2025-08-08 09:00:00+00:00,2025-08-11 02:30:00+00:00,1.16373,1.16664,29.09999999999968,27.09999999999968,0.13415841584158258,50,200,2.0,signal,64
forex,AUDUSD,momentum,long,6977,6978,7137,2025-08-08 09:15:00+00:00,2025-08-08 09:30:00+00:00,2025-08-12 02:45:00+00:00,0.65195853,0.65222633,2.677999999999292,0.6779999999992921,0.0066470588235224715,150,100,2.0,signal,159
gold_spot,XAUUSD,momentum,long,6730,6731,6731,2025-08-08 10:30:00+00:00,2025-08-08 10:45:00+00:00,2025-08-08 10:45:00+00:00,3388.44,3385.44,-300.0,-311.0,-1.0,1032,300,11.0,sl,0
futures,6C,momentum,long,6753,6754,7020,2025-08-08 12:15:00+00:00,2025-08-08 12:30:00+00:00,2025-08-13 10:00:00+00:00,0.72885,0.72835,-9.999999999998899,-12.999999999998899,-0.06403940886698965,50,200,3.0,signal,266
futures,YM,momentum,short,6716,6717,6723,2025-08-08 13:45:00+00:00,2025-08-08 14:00:00+00:00,2025-08-08 15:30:00+00:00,44252.0,44183.0,69.0,66.0,0.1312127236580517,300,500,3.0,signal,6
forex,NZDUSD,momentum,long,7008,7009,7020,2025-08-08 14:30:00+00:00,2025-08-08 14:45:00+00:00,2025-08-08 17:30:00+00:00,0.59555715,0.59587651,3.1935999999999076,1.1935999999999076,0.05425454545454125,75,20,2.0,signal,11
futures,CL,mean_reversion,long,6749,6750,6861,2025-08-08 15:15:00+00:00,2025-08-08 15:30:00+00:00,2025-08-11 20:15:00+00:00,63.96,64.05,8.99999999999963,5.9999999999996305,0.01980198019801858,200,300,3.0,signal,111
futures,GC,momentum,long,6746,6747,6747,2025-08-08 17:45:00+00:00,2025-08-08 18:00:00+00:00,2025-08-08 18:00:00+00:00,3463.9,3452.9,-110.0,-113.0,-1.0,300,110,3.0,sl,0
forex,NZDUSD,momentum,long,7027,7028,7034,2025-08-08 19:15:00+00:00,2025-08-08 19:30:00+00:00,2025-08-08 21:00:00+00:00,0.59499019,0.59541529,4.251000000000671,2.251000000000671,0.10231818181821231,75,20,2.0,signal,6
gold_spot,XAUUSD,momentum,long,6783,6784,6784,2025-08-11 00:45:00+00:00,2025-08-11 01:00:00+00:00,2025-08-11 01:00:00+00:00,3381.745,3378.745,-300.0,-311.0,-1.0,1032,300,11.0,sl,0
forex,NZDUSD,momentum,long,7061,7062,7087,2025-08-11 05:00:00+00:00,2025-08-11 05:15:00+00:00,2025-08-11 11:30:00+00:00,0.59537983,0.59337983,-20.0,-22.0,-1.0,75,20,2.0,sl,25
futures,HG,momentum,long,6808,6809,6894,2025-08-11 07:00:00+00:00,2025-08-11 07:15:00+00:00,2025-08-12 05:30:00+00:00,4.446,4.471,50.0,47.0,0.6025641025641025,50,75,3.0,tp,85
forex,EURUSD,momentum,long,6995,6996,7122,2025-08-11 07:45:00+00:00,2025-08-11 08:00:00+00:00,2025-08-12 15:30:00+00:00,1.16473,1.16851,37.799999999998946,35.799999999998946,0.177227722772272,50,200,2.0,signal,126
futures,6A,momentum,long,6825,6826,6989,2025-08-11 07:45:00+00:00,2025-08-11 08:00:00+00:00,2025-08-13 02:45:00+00:00,0.652,0.65345,28.999999999999027,25.999999999999027,0.051689860834988124,200,500,3.0,signal,163
futures,6E,momentum,long,6829,6830,6952,2025-08-11 07:45:00+00:00,2025-08-11 08:00:00+00:00,2025-08-12 15:30:00+00:00,1.1674,1.17125,76.99999999999818,73.99999999999818,0.1471172962226604,200,500,3.0,signal,122
futures,YM,momentum,long,6784,6785,6903,2025-08-11 07:45:00+00:00,2025-08-11 08:00:00+00:00,2025-08-12 14:30:00+00:00,44310.0,44504.0,194.0,191.0,0.3797216699801193,300,500,3.0,signal,118
futures,6B,momentum,long,6842,6843,6917,2025-08-11 11:30:00+00:00,2025-08-11 11:45:00+00:00,2025-08-12 07:15:00+00:00,1.3433,1.345,17.000000000000348,14.000000000000348,0.13592233009709076,30,100,3.0,signal,74
forex,AUDUSD,mean_reversion,long,7093,7094,7137,2025-08-11 15:45:00+00:00,2025-08-11 16:00:00+00:00,2025-08-12 02:45:00+00:00,0.6514191,0.65222633,8.072299999999366,6.072299999999366,0.03994934210525899,50,150,2.0,signal,43
forex,GBPUSD,momentum,short,7104,7105,7186,2025-08-11 16:00:00+00:00,2025-08-11 16:15:00+00:00,2025-08-12 12:30:00+00:00,1.34207,1.3495700000000002,-75.0,-77.0,-1.0,20,75,2.0,sl,81
futures,RTY,mean_reversion,long,6817,6818,6896,2025-08-11 16:00:00+00:00,2025-08-11 16:15:00+00:00,2025-08-12 12:45:00+00:00,2231.9,2253.2,212.99999999999727,209.99999999999727,0.4174950298210681,500,500,3.0,signal,78
futures,YM,mean_reversion,long,6817,6818,6903,2025-08-11 16:00:00+00:00,2025-08-11 16:15:00+00:00,2025-08-12 14:30:00+00:00,44264.0,44504.0,240.0,237.0,0.4711729622266402,500,500,3.0,signal,85
gold_spot,XAUUSD,momentum,short,6850,6851,6862,2025-08-11 17:30:00+00:00,2025-08-11 17:45:00+00:00,2025-08-11 20:30:00+00:00,3358.475,3348.1549999999997,1032.0,1021.0,3.282958199356913,1032,300,11.0,tp,11
forex,AUDUSD,mean_reversion,short,7142,7143,7148,2025-08-12 04:00:00+00:00,2025-08-12 04:15:00+00:00,2025-08-12 05:30:00+00:00,0.65176731,0.65006822,16.990900000000142,14.990900000000142,0.09862434210526409,50,150,2.0,signal,5
forex,AUDUSD,momentum,long,7143,7144,7233,2025-08-12 04:15:00+00:00,2025-08-12 04:30:00+00:00,2025-08-13 02:45:00+00:00,0.65082979,0.65322763,23.978399999999844,21.978399999999844,0.21547450980392005,150,100,2.0,signal,89
futures,6A,mean_reversion,short,6903,6904,6908,2025-08-12 04:15:00+00:00,2025-08-12 04:30:00+00:00,2025-08-12 05:30:00+00:00,0.6517,0.6503,27.999999999999137,24.999999999999137,0.12315270935960165,50,200,3.0,signal,4
gold_spot,XAUUSD,momentum,short,6902,6903,6911,2025-08-12 07:30:00+00:00,2025-08-12 07:45:00+00:00,2025-08-12 09:45:00+00:00,3355.735,3345.415,1032.0,1021.0,3.282958199356913,1032,300,11.0,tp,8
futures,ES,mean_reversion,long,6894,6895,6896,2025-08-12 12:15:00+00:00,2025-08-12 12:30:00+00:00,2025-08-12 12:45:00+00:00,6403.0,6434.0,124.0,121.0,0.24055666003976142,500,500,3.0,signal,1
futures,NQ,momentum,short,6894,6895,6895,2025-08-12 12:15:00+00:00,2025-08-12 12:30:00+00:00,2025-08-12 12:30:00+00:00,23662.75,23746.25,-334.0,-337.0,-1.0,500,334,3.0,sl,0
forex,NZDUSD,momentum,short,7187,7188,7193,2025-08-12 12:30:00+00:00,2025-08-12 12:45:00+00:00,2025-08-12 14:00:00+00:00,0.59403586,0.5935775,4.58359999999991,2.58359999999991,0.11743636363635955,75,20,2.0,signal,5
futures,ZB,mean_reversion,long,6909,6910,6986,2025-08-12 12:45:00+00:00,2025-08-12 13:00:00+00:00,2025-08-13 09:00:00+00:00,115.125,115.21875,3.0,0.0,0.0,15,50,3.0,signal,76
gold_spot,XAUUSD,momentum,short,6926,6927,6927,2025-08-12 13:30:00+00:00,2025-08-12 13:45:00+00:00,2025-08-12 13:45:00+00:00,3355.1,3344.7799999999997,1032.0,1021.0,3.282958199356913,1032,300,11.0,tp,0
futures,NQ,mean_reversion,short,6900,6901,6904,2025-08-12 13:45:00+00:00,2025-08-12 14:00:00+00:00,2025-08-12 14:45:00+00:00,23653.75,23778.75,-500.0,-503.0,-1.0,150,500,3.0,sl,3
futures,NQ,momentum,long,6900,6901,6904,2025-08-12 13:45:00+00:00,2025-08-12 14:00:00+00:00,2025-08-12 14:45:00+00:00,23653.75,23778.75,500.0,497.0,1.4747774480712166,500,334,3.0,tp,3
futures,SI,momentum,short,6913,6914,7092,2025-08-12 15:15:00+00:00,2025-08-12 15:30:00+00:00,2025-08-14 14:00:00+00:00,38.065,38.045,3.999999999999204,0.9999999999992042,0.0019880715705749585,500,500,3.0,signal,178
forex,NZDUSD,momentum,long,7238,7239,7244,2025-08-13 01:15:00+00:00,2025-08-13 01:30:00+00:00,2025-08-13 02:45:00+00:00,0.59491938,0.59594756,10.281800000000452,8.281800000000452,0.37644545454547507,75,20,2.0,signal,5
gold_spot,XAUUSD,momentum,short,6991,6992,6993,2025-08-13 06:45:00+00:00,2025-08-13 07:00:00+00:00,2025-08-13 07:15:00+00:00,3357.345,3360.345,-300.0,-311.0,-1.0,1032,300,11.0,sl,1
gold_spot,XAUUSD,mean_reversion,short,7012,7013,7013,2025-08-13 12:00:00+00:00,2025-08-13 12:15:00+00:00,2025-08-13 12:15:00+00:00,3357.37,3360.37,-300.0,-311.0,-1.0,1097,300,11.0,sl,0
gold_spot,XAUUSD,momentum,long,7012,7013,7017,2025-08-13 12:00:00+00:00,2025-08-13 12:15:00+00:00,2025-08-13 13:15:00+00:00,3357.37,3354.37,-300.0,-311.0,-1.0,1032,300,11.0,sl,4
futures,6C,momentum,long,7031,7032,7693,2025-08-13 12:45:00+00:00,2025-08-13 13:00:00+00:00,2025-08-22 17:15:00+00:00,0.72735,0.72415,-64.00000000000183,-67.00000000000183,-0.3300492610837529,50,200,3.0,signal,661
gold_spot,XAUUSD,momentum,long,7069,7070,7086,2025-08-14 03:15:00+00:00,2025-08-14 03:30:00+00:00,2025-08-14 07:30:00+00:00,3357.515,3354.515,-300.0,-311.0,-1.0,1032,300,11.0,sl,16
futures,6E,momentum,long,7101,7102,7115,2025-08-14 06:45:00+00:00,2025-08-14 07:00:00+00:00,2025-08-14 10:15:00+00:00,1.1709,1.17075,-3.00000000000189,-6.00000000000189,-0.011928429423463002,200,500,3.0,signal,13
forex,EURUSD,momentum,long,7281,7282,7407,2025-08-14 07:15:00+00:00,2025-08-14 07:30:00+00:00,2025-08-15 14:45:00+00:00,1.1682,1.17141,32.10000000000157,30.10000000000157,0.1490099009901068,50,200,2.0,signal,125
gold_spot,XAUUSD,momentum,long,7087,7088,7088,2025-08-14 07:45:00+00:00,2025-08-14 08:00:00+00:00,2025-08-14 08:00:00+00:00,3346.07,3343.07,-300.0,-311.0,-1.0,1032,300,11.0,sl,0
gold_spot,XAUUSD,momentum,short,7092,7093,7093,2025-08-14 09:00:00+00:00,2025-08-14 09:15:00+00:00,2025-08-14 09:15:00+00:00,3355.005,3358.005,-300.0,-311.0,-1.0,1032,300,11.0,sl,0
futures,GC,mean_reversion,long,7080,7081,7085,2025-08-14 09:15:00+00:00,2025-08-14 09:30:00+00:00,2025-08-14 10:30:00+00:00,3404.4,3407.4,30.0,27.0,0.2621359223300971,30,100,3.0,tp,4
futures,ES,momentum,long,7079,7080,7085,2025-08-14 12:30:00+00:00,2025-08-14 12:45:00+00:00,2025-08-14 14:00:00+00:00,6465.5,6479.75,57.0,54.0,0.1782178217821782,300,300,3.0,signal,5
futures,RTY,momentum,long,7079,7080,7099,2025-08-14 12:30:00+00:00,2025-08-14 12:45:00+00:00,2025-08-14 17:30:00+00:00,2307.2,2297.1,-100.99999999999909,-103.99999999999909,-0.3432343234323402,500,300,3.0,signal,19
forex,USDCHF,momentum,short,7340,7341,7416,2025-08-14 13:00:00+00:00,2025-08-14 13:15:00+00:00,2025-08-15 08:00:00+00:00,0.80667001,0.80523998,14.30030000000082,12.30030000000082,0.0245025896414359,200,500,2.0,signal,75
futures,NG,mean_reversion,long,7113,7114,7148,2025-08-14 14:15:00+00:00,2025-08-14 14:30:00+00:00,2025-08-15 00:00:00+00:00,2.836,2.846,10.000000000000231,7.000000000000231,0.023102310231023864,500,300,3.0,signal,34
forex,USDJPY,momentum,long,7387,7388,7519,2025-08-15 01:30:00+00:00,2025-08-15 01:45:00+00:00,2025-08-18 12:30:00+00:00,147.29601,147.673,37.69900000000064,35.69900000000064,0.07111354581673433,200,500,2.0,signal,131
futures,6J,momentum,short,7172,7173,7308,2025-08-15 01:30:00+00:00,2025-08-15 01:45:00+00:00,2025-08-18 12:30:00+00:00,0.0068105,0.006792,36.99999999999884,33.99999999999884,0.11221122112210839,100,300,3.0,signal,135
forex,GBPUSD,momentum,short,7438,7439,7574,2025-08-15 03:30:00+00:00,2025-08-15 03:45:00+00:00,2025-08-18 14:30:00+00:00,1.35505,1.35305,20.0,18.0,0.23376623376623376,20,75,2.0,tp,135
futures,NQ,momentum,long,7156,7157,7176,2025-08-15 08:45:00+00:00,2025-08-15 09:00:00+00:00,2025-08-15 13:45:00+00:00,23883.25,23799.75,-334.0,-337.0,-1.0,500,334,3.0,sl,19
futures,RTY,momentum,long,7159,7160,7363,2025-08-15 09:30:00+00:00,2025-08-15 09:45:00+00:00,2025-08-19 14:30:00+00:00,2307.2,2306.2,-10.0,-13.0,-0.0429042904290429,500,300,3.0,signal,203
futures,NG,momentum,long,7190,7191,7195,2025-08-15 10:30:00+00:00,2025-08-15 10:45:00+00:00,2025-08-15 11:45:00+00:00,2.846,2.887,40.99999999999992,37.99999999999992,0.12541254125412515,500,300,3.0,signal,4
futures,ES,momentum,long,7176,7177,7189,2025-08-15 13:45:00+00:00,2025-08-15 14:00:00+00:00,2025-08-15 17:00:00+00:00,6477.0,6477.5,2.0,-1.0,-0.0033003300330033004,300,300,3.0,signal,12
futures,SI,momentum,short,7188,7189,7317,2025-08-15 15:00:00+00:00,2025-08-15 15:15:00+00:00,2025-08-19 01:15:00+00:00,38.005,37.915,18.000000000000682,15.000000000000682,0.029821073558649467,500,500,3.0,signal,128
forex,USDCHF,momentum,short,7447,7448,7719,2025-08-15 15:45:00+00:00,2025-08-15 16:00:00+00:00,2025-08-20 13:45:00+00:00,0.80609,0.80565,4.3999999999999595,2.3999999999999595,0.0047808764940238235,200,500,2.0,signal,271
futures,HG,mean_reversion,short,7213,7214,7267,2025-08-15 16:15:00+00:00,2025-08-15 16:30:00+00:00,2025-08-18 06:45:00+00:00,4.4925,4.4805,23.999999999999133,20.999999999999133,0.06930693069306644,150,300,3.0,signal,53
futures,HG,momentum,long,7213,7214,7288,2025-08-15 16:15:00+00:00,2025-08-15 16:30:00+00:00,2025-08-18 12:00:00+00:00,4.4925,4.455,-75.0,-78.0,-1.0,50,75,3.0,sl,74
futures,NG,mean_reversion,short,7232,7233,7260,2025-08-17 22:00:00+00:00,2025-08-17 22:15:00+00:00,2025-08-18 05:00:00+00:00,2.877,2.845,31.999999999999584,28.999999999999584,0.09570957095709434,500,300,3.0,signal,27
futures,NG,momentum,long,7232,7233,7307,2025-08-17 22:00:00+00:00,2025-08-17 22:15:00+00:00,2025-08-18 16:45:00+00:00,2.877,2.901,24.00000000000002,21.00000000000002,0.06930693069306938,500,300,3.0,signal,74
futures,ES,momentum,short,7207,7208,7240,2025-08-17 22:30:00+00:00,2025-08-17 22:45:00+00:00,2025-08-18 06:45:00+00:00,6479.0,6463.25,63.0,60.0,0.19801980198019803,300,300,3.0,signal,32
forex,NZDUSD,momentum,short,7513,7514,7530,2025-08-17 23:00:00+00:00,2025-08-17 23:15:00+00:00,2025-08-18 03:15:00+00:00,0.5930143,0.59347183,-4.575300000000393,-6.575300000000393,-0.2988772727272906,75,20,2.0,signal,16
gold_spot,XAUUSD,momentum,short,7241,7242,7244,2025-08-18 00:15:00+00:00,2025-08-18 00:30:00+00:00,2025-08-18 01:00:00+00:00,3340.45,3343.45,-300.0,-311.0,-1.0,1032,300,11.0,sl,2
gold_spot,XAUUSD,momentum,long,7264,7265,7265,2025-08-18 06:00:00+00:00,2025-08-18 06:15:00+00:00,2025-08-18 06:15:00+00:00,3349.83,3346.83,-300.0,-311.0,-1.0,1032,300,11.0,sl,0
forex,AUDUSD,momentum,long,7531,7532,7948,2025-08-18 06:30:00+00:00,2025-08-18 06:45:00+00:00,2025-08-22 14:45:00+00:00,0.65146583,0.64918202,-22.838099999999972,-24.838099999999972,-0.24351078431372522,150,100,2.0,signal,416
futures,6A,momentum,long,7280,7281,7681,2025-08-18 06:30:00+00:00,2025-08-18 06:45:00+00:00,2025-08-22 14:45:00+00:00,0.6515,0.64925,-44.99999999999948,-47.99999999999948,-0.09542743538767293,200,500,3.0,signal,400
futures,ZN,momentum,short,7257,7258,7277,2025-08-18 07:30:00+00:00,2025-08-18 07:45:00+00:00,2025-08-18 12:30:00+00:00,111.796875,111.6875,7.0,4.0,0.026143790849673203,50,150,3.0,signal,19
futures,YM,mean_reversion,long,7247,7248,7359,2025-08-18 08:30:00+00:00,2025-08-18 08:45:00+00:00,2025-08-19 13:30:00+00:00,45014.0,45060.0,46.0,43.0,0.08548707753479125,500,500,3.0,signal,111
forex,AUDUSD,mean_reversion,short,7544,7545,7551,2025-08-18 09:45:00+00:00,2025-08-18 10:00:00+00:00,2025-08-18 11:30:00+00:00,0.65150827,0.65142339,0.8487999999995388,-1.1512000000004612,-0.00757368421052935,50,150,2.0,signal,6
forex,NZDUSD,momentum,long,7564,7565,7576,2025-08-18 11:45:00+00:00,2025-08-18 12:00:00+00:00,2025-08-18 14:45:00+00:00,0.59364796,0.59164796,-20.0,-22.0,-1.0,75,20,2.0,sl,11
futures,NG,mean_reversion,long,7290,7291,7305,2025-08-18 12:30:00+00:00,2025-08-18 12:45:00+00:00,2025-08-18 16:15:00+00:00,2.859,2.894,35.00000000000014,32.00000000000014,0.10561056105610608,500,300,3.0,signal,14
gold_spot,XAUUSD,momentum,long,7295,7296,7296,2025-08-18 13:45:00+00:00,2025-08-18 14:00:00+00:00,2025-08-18 14:00:00+00:00,3336.885,3333.885,-300.0,-311.0,-1.0,1032,300,11.0,sl,0
forex,USDCHF,mean_reversion,short,7529,7530,7602,2025-08-18 14:15:00+00:00,2025-08-18 14:30:00+00:00,2025-08-19 08:30:00+00:00,0.80675,0.80585998,8.900199999999359,6.900199999999359,0.03415940594059089,75,200,2.0,signal,72
futures,6C,mean_reversion,long,7321,7322,7688,2025-08-18 16:15:00+00:00,2025-08-18 16:30:00+00:00,2025-08-22 16:00:00+00:00,0.72515,0.72305,-41.999999999999815,-44.999999999999815,-0.22167487684728973,75,200,3.0,signal,366
forex,NZDUSD,momentum,short,7614,7615,7623,2025-08-19 00:15:00+00:00,2025-08-19 00:30:00+00:00,2025-08-19 02:30:00+00:00,0.59280336,0.59241706,3.8629999999995057,1.8629999999995057,0.08468181818179571,75,20,2.0,signal,8
futures,NG,momentum,long,7336,7337,7576,2025-08-19 01:00:00+00:00,2025-08-19 01:15:00+00:00,2025-08-21 15:00:00+00:00,2.876,2.819,-56.999999999999936,-59.999999999999936,-0.1980198019801978,500,300,3.0,signal,239
gold_spot,XAUUSD,momentum,short,7344,7345,7373,2025-08-19 03:00:00+00:00,2025-08-19 03:15:00+00:00,2025-08-19 10:15:00+00:00,3341.285,3344.285,-300.0,-311.0,-1.0,1032,300,11.0,sl,28
forex,EURUSD,momentum,short,7563,7564,7601,2025-08-19 07:00:00+00:00,2025-08-19 07:15:00+00:00,2025-08-19 16:30:00+00:00,1.16746,1.16558,18.799999999998818,16.799999999998818,0.08316831683167732,50,200,2.0,signal,37
forex,GBPUSD,momentum,short,7640,7641,7659,2025-08-19 07:00:00+00:00,2025-08-19 07:15:00+00:00,2025-08-19 11:45:00+00:00,1.35179,1.35179,-0.0,-2.0,-0.025974025974025976,20,75,2.0,signal,18
futures,6E,momentum,short,7378,7379,7416,2025-08-19 07:00:00+00:00,2025-08-19 07:15:00+00:00,2025-08-19 16:30:00+00:00,1.1696,1.16765,38.999999999997925,35.999999999997925,0.07157057654075134,200,500,3.0,signal,37
futures,SI,momentum,short,7342,7343,7365,2025-08-19 07:30:00+00:00,2025-08-19 07:45:00+00:00,2025-08-19 13:15:00+00:00,38.055,37.92,26.999999999999602,23.999999999999602,0.047713717693836186,500,500,3.0,signal,22
futures,YM,momentum,short,7338,7339,7380,2025-08-19 08:15:00+00:00,2025-08-19 08:30:00+00:00,2025-08-19 18:45:00+00:00,44983.0,44912.0,71.0,68.0,0.13518886679920478,300,500,3.0,signal,41
futures,HG,mean_reversion,long,7368,7369,7589,2025-08-19 09:15:00+00:00,2025-08-19 09:30:00+00:00,2025-08-21 18:30:00+00:00,4.4825,4.4485,-67.99999999999962,-70.99999999999962,-0.23432343234323305,150,300,3.0,signal,220
gold_spot,XAUUSD,momentum,short,7373,7374,7381,2025-08-19 10:15:00+00:00,2025-08-19 10:30:00+00:00,2025-08-19 12:15:00+00:00,3343.9,3336.85,705.0000000000182,694.0000000000182,2.231511254019351,1032,300,11.0,signal,7
futures,YM,momentum,short,7384,7385,7412,2025-08-19 19:45:00+00:00,2025-08-19 20:00:00+00:00,2025-08-20 03:45:00+00:00,44998.0,44885.0,113.0,110.0,0.21868787276341947,300,500,3.0,signal,27
futures,6J,momentum,short,7447,7448,7576,2025-08-20 01:15:00+00:00,2025-08-20 01:30:00+00:00,2025-08-21 10:30:00+00:00,0.0067965,0.006784,24.999999999998984,21.999999999998984,0.07260726072606925,100,300,3.0,signal,128
forex,USDJPY,momentum,long,7667,7668,7799,2025-08-20 01:30:00+00:00,2025-08-20 01:45:00+00:00,2025-08-21 10:30:00+00:00,147.463,147.77,30.700000000001637,28.700000000001637,0.05717131474103912,200,500,2.0,signal,131
forex,GBPUSD,momentum,short,7732,7733,7743,2025-08-20 06:00:00+00:00,2025-08-20 06:15:00+00:00,2025-08-20 08:45:00+00:00,1.35027,1.34953,7.4000000000018495,5.4000000000018495,0.07012987012989415,20,75,2.0,signal,10
gold_spot,XAUUSD,momentum,short,7448,7449,7468,2025-08-20 06:00:00+00:00,2025-08-20 06:15:00+00:00,2025-08-20 11:00:00+00:00,3325.55,3328.55,-300.0,-311.0,-1.0,1032,300,11.0,sl,19
futures,6J,mean_reversion,short,7472,7473,7562,2025-08-20 07:30:00+00:00,2025-08-20 07:45:00+00:00,2025-08-21 07:00:00+00:00,0.0067955,0.0067935,4.000000000000531,1.0000000000005311,0.0049261083743868525,200,200,3.0,signal,89
futures,CL,mean_reversion,short,7463,7464,7839,2025-08-20 09:45:00+00:00,2025-08-20 10:00:00+00:00,2025-08-26 11:45:00+00:00,62.24,63.67,-142.99999999999997,-145.99999999999997,-0.48184818481848174,200,300,3.0,signal,375
futures,CL,momentum,long,7463,7464,7488,2025-08-20 09:45:00+00:00,2025-08-20 10:00:00+00:00,2025-08-20 16:00:00+00:00,62.24,62.86,61.999999999999744,58.999999999999744,0.19471947194719388,500,300,3.0,signal,24
futures,ZN,momentum,long,7457,7458,7463,2025-08-20 11:30:00+00:00,2025-08-20 11:45:00+00:00,2025-08-20 13:00:00+00:00,111.734375,111.828125,6.0,3.0,0.0196078431372549,50,150,3.0,signal,5
gold_spot,XAUUSD,momentum,short,7472,7473,7473,2025-08-20 12:00:00+00:00,2025-08-20 12:15:00+00:00,2025-08-20 12:15:00+00:00,3335.12,3338.12,-300.0,-311.0,-1.0,1032,300,11.0,sl,0
futures,YM,momentum,long,7478,7479,7501,2025-08-20 20:15:00+00:00,2025-08-20 20:30:00+00:00,2025-08-21 03:00:00+00:00,44985.0,45014.0,29.0,26.0,0.05168986083499006,300,500,3.0,signal,22
futures,ZN,momentum,long,7532,7533,7654,2025-08-21 07:15:00+00:00,2025-08-21 07:30:00+00:00,2025-08-22 14:45:00+00:00,111.78125,112.09375,20.0,17.0,0.1111111111111111,50,150,3.0,signal,121
forex,EURUSD,momentum,short,7757,7758,7783,2025-08-21 07:30:00+00:00,2025-08-21 07:45:00+00:00,2025-08-21 14:00:00+00:00,1.16558,1.16216,34.19999999999978,32.19999999999978,0.15940594059405833,50,200,2.0,signal,25
futures,6E,momentum,short,7564,7565,7590,2025-08-21 07:30:00+00:00,2025-08-21 07:45:00+00:00,2025-08-21 14:00:00+00:00,1.16735,1.1639,69.0000000000035,66.0000000000035,0.13121272365805864,200,500,3.0,signal,25
gold_spot,XAUUSD,momentum,long,7558,7559,7560,2025-08-21 10:30:00+00:00,2025-08-21 10:45:00+00:00,2025-08-21 11:00:00+00:00,3330.29,3327.29,-300.0,-311.0,-1.0,1032,300,11.0,sl,1
futures,RTY,momentum,short,7545,7546,7557,2025-08-21 14:00:00+00:00,2025-08-21 14:15:00+00:00,2025-08-21 17:00:00+00:00,2274.5,2271.4,30.99999999999909,27.99999999999909,0.0924092409240894,500,300,3.0,signal,11
futures,RTY,momentum,short,7561,7562,7637,2025-08-21 18:00:00+00:00,2025-08-21 18:15:00+00:00,2025-08-22 14:00:00+00:00,2279.1,2309.1,-300.0,-303.0,-1.0,500,300,3.0,sl,75
futures,YM,momentum,short,7611,7612,7637,2025-08-22 07:30:00+00:00,2025-08-22 07:45:00+00:00,2025-08-22 14:00:00+00:00,44892.0,45392.0,-500.0,-503.0,-1.0,300,500,3.0,sl,25
futures,HG,mean_reversion,short,7645,7646,7823,2025-08-22 09:30:00+00:00,2025-08-22 09:45:00+00:00,2025-08-26 08:00:00+00:00,4.4435,4.444,-0.9999999999994458,-3.9999999999994458,-0.013201320132011371,150,300,3.0,signal,177
futures,HG,momentum,long,7645,7646,7663,2025-08-22 09:30:00+00:00,2025-08-22 09:45:00+00:00,2025-08-22 14:00:00+00:00,4.4435,4.468500000000001,50.0,47.0,0.6025641025641025,50,75,3.0,tp,17
gold_spot,XAUUSD,momentum,short,7662,7663,7664,2025-08-22 13:30:00+00:00,2025-08-22 13:45:00+00:00,2025-08-22 14:00:00+00:00,3333.76,3336.76,-300.0,-311.0,-1.0,1032,300,11.0,sl,1
futures,GC,momentum,short,7650,7651,7651,2025-08-22 13:45:00+00:00,2025-08-22 14:00:00+00:00,2025-08-22 14:00:00+00:00,3376.1,3387.1,-110.0,-113.0,-1.0,300,110,3.0,sl,0
gold_spot,XAUUSD,momentum,long,7673,7674,7700,2025-08-22 16:15:00+00:00,2025-08-22 16:30:00+00:00,2025-08-25 00:00:00+00:00,3368.9,3365.9,-300.0,-311.0,-1.0,1032,300,11.0,sl,26
futures,NG,momentum,short,7725,7726,8248,2025-08-25 06:15:00+00:00,2025-08-25 06:30:00+00:00,2025-09-02 01:30:00+00:00,2.774,2.956,-181.99999999999994,-184.99999999999994,-0.6105610561056104,500,300,3.0,signal,522
gold_spot,XAUUSD,momentum,long,7752,7753,7756,2025-08-25 13:00:00+00:00,2025-08-25 13:15:00+00:00,2025-08-25 14:00:00+00:00,3363.765,3374.085,1032.0,1021.0,3.282958199356913,1032,300,11.0,tp,3
forex,GBPUSD,momentum,long,8056,8057,8170,2025-08-25 15:00:00+00:00,2025-08-25 15:15:00+00:00,2025-08-26 19:30:00+00:00,1.34929,1.34858,-7.100000000002105,-9.100000000002105,-0.11818181818184552,20,75,2.0,signal,113
forex,USDCHF,momentum,short,8010,8011,8204,2025-08-25 16:30:00+00:00,2025-08-25 16:45:00+00:00,2025-08-27 17:00:00+00:00,0.80421001,0.80185997,23.500400000000532,21.500400000000532,0.042829482071714206,200,500,2.0,signal,193
futures,6C,momentum,long,7789,7790,7811,2025-08-25 18:15:00+00:00,2025-08-25 18:30:00+00:00,2025-08-26 00:45:00+00:00,0.72285,0.72305,3.9999999999995595,0.9999999999995595,0.004926108374382066,50,200,3.0,signal,21
futures,HG,momentum,long,7772,7773,7795,2025-08-25 18:15:00+00:00,2025-08-25 18:30:00+00:00,2025-08-26 01:00:00+00:00,4.4665,4.483,32.999999999999474,29.999999999999474,0.38461538461537786,50,75,3.0,signal,22
forex,USDCAD,momentum,short,8031,8032,8032,2025-08-25 18:30:00+00:00,2025-08-25 18:45:00+00:00,2025-08-25 18:45:00+00:00,1.38528,1.3847800000000001,5.0,3.0,0.13636363636363635,5,20,2.0,tp,0
futures,6A,momentum,long,7790,7791,7847,2025-08-25 19:00:00+00:00,2025-08-25 19:15:00+00:00,2025-08-26 10:15:00+00:00,0.64825,0.649,15.000000000000568,12.000000000000568,0.02385685884691962,200,500,3.0,signal,56
futures,ES,momentum,long,7752,7753,7843,2025-08-25 19:45:00+00:00,2025-08-25 20:00:00+00:00,2025-08-26 19:30:00+00:00,6454.75,6475.0,81.0,78.0,0.25742574257425743,300,300,3.0,signal,90
gold_spot,XAUUSD,momentum,long,7779,7780,7788,2025-08-25 19:45:00+00:00,2025-08-25 20:00:00+00:00,2025-08-25 23:00:00+00:00,3365.41,3362.41,-300.0,-311.0,-1.0,1032,300,11.0,sl,8
futures,6B,momentum,short,7808,7809,7822,2025-08-26 00:00:00+00:00,2025-08-26 00:15:00+00:00,2025-08-26 03:30:00+00:00,1.348,1.3456,24.000000000001798,21.000000000001798,0.20388349514564852,30,100,3.0,signal,13
forex,NZDUSD,momentum,long,8098,8099,8151,2025-08-26 01:15:00+00:00,2025-08-26 01:30:00+00:00,2025-08-26 14:30:00+00:00,0.58489794,0.58613211,12.341700000000344,10.341700000000344,0.4700772727272884,75,20,2.0,signal,52
futures,ZN,mean_reversion,short,7784,7785,7799,2025-08-26 01:15:00+00:00,2025-08-26 01:30:00+00:00,2025-08-26 05:00:00+00:00,111.921875,111.8125,7.0,4.0,0.07547169811320754,15,50,3.0,signal,14
futures,ZN,momentum,long,7784,7785,7828,2025-08-26 01:15:00+00:00,2025-08-26 01:30:00+00:00,2025-08-26 12:15:00+00:00,111.921875,112.09375,11.0,8.0,0.05228758169934641,50,150,3.0,signal,43
forex,AUDUSD,momentum,long,8082,8083,8117,2025-08-26 01:30:00+00:00,2025-08-26 01:45:00+00:00,2025-08-26 10:15:00+00:00,0.64800411,0.64901352,10.094099999999884,8.094099999999884,0.0793539215686263,150,100,2.0,signal,34
futures,6J,mean_reversion,short,7818,7819,7827,2025-08-26 02:00:00+00:00,2025-08-26 02:15:00+00:00,2025-08-26 04:15:00+00:00,0.0067985,0.0067805,35.999999999999574,32.999999999999574,0.1625615763546777,200,200,3.0,signal,8
futures,ES,mean_reversion,long,7788,7789,7825,2025-08-26 05:45:00+00:00,2025-08-26 06:00:00+00:00,2025-08-26 15:00:00+00:00,6453.0,6455.75,11.0,8.0,0.015904572564612324,500,500,3.0,signal,36
futures,SI,momentum,long,7800,7801,8004,2025-08-26 07:00:00+00:00,2025-08-26 07:15:00+00:00,2025-08-28 12:30:00+00:00,38.62,39.295,135.00000000000085,132.00000000000085,0.26242544731610506,500,500,3.0,signal,203
futures,6B,mean_reversion,long,7841,7842,7862,2025-08-26 08:15:00+00:00,2025-08-26 08:30:00+00:00,2025-08-26 13:30:00+00:00,1.3471,1.3477,5.999999999999339,2.999999999999339,0.014778325123149454,100,200,3.0,signal,20
futures,CL,momentum,long,7827,7828,8007,2025-08-26 08:45:00+00:00,2025-08-26 09:00:00+00:00,2025-08-28 07:45:00+00:00,64.03,63.98,-5.000000000000426,-8.000000000000426,-0.026402640264027808,500,300,3.0,signal,179
gold_spot,XAUUSD,momentum,long,7830,7831,7834,2025-08-26 09:30:00+00:00,2025-08-26 09:45:00+00:00,2025-08-26 10:30:00+00:00,3372.48,3369.48,-300.0,-311.0,-1.0,1032,300,11.0,sl,3
forex,GBPUSD,mean_reversion,short,8144,8145,8197,2025-08-26 13:00:00+00:00,2025-08-26 13:15:00+00:00,2025-08-27 02:15:00+00:00,1.34767,1.34644,12.299999999998423,10.299999999998423,0.05099009900989319,100,200,2.0,signal,52
forex,AUDUSD,momentum,long,8129,8130,8134,2025-08-26 13:15:00+00:00,2025-08-26 13:30:00+00:00,2025-08-26 14:30:00+00:00,0.64850843,0.64947718,9.687499999999627,7.687499999999627,0.07536764705881988,150,100,2.0,signal,4
forex,USDJPY,mean_reversion,long,8090,8091,8146,2025-08-26 13:15:00+00:00,2025-08-26 13:30:00+00:00,2025-08-27 03:15:00+00:00,147.59399,147.765,17.100999999999544,15.100999999999544,0.05000331125827664,100,300,2.0,signal,55
futures,6A,mean_reversion,short,7859,7860,7934,2025-08-26 13:15:00+00:00,2025-08-26 13:30:00+00:00,2025-08-27 09:00:00+00:00,0.6485,0.6473,23.999999999999577,20.999999999999577,0.10344827586206688,50,200,3.0,signal,74
futures,NG,mean_reversion,short,7846,7847,8228,2025-08-26 13:30:00+00:00,2025-08-26 13:45:00+00:00,2025-09-01 17:00:00+00:00,2.782,2.948,-165.99999999999991,-168.99999999999991,-0.5577557755775575,500,300,3.0,signal,381
futures,YM,momentum,short,7819,7820,7827,2025-08-26 13:30:00+00:00,2025-08-26 13:45:00+00:00,2025-08-26 15:30:00+00:00,45366.0,45298.0,68.0,65.0,0.12922465208747516,300,500,3.0,signal,7
futures,SI,mean_reversion,long,7829,7830,7835,2025-08-26 14:15:00+00:00,2025-08-26 14:30:00+00:00,2025-08-26 15:45:00+00:00,38.605,38.66,10.999999999999943,7.999999999999943,0.015904572564612213,200,500,3.0,signal,5
forex,NZDUSD,momentum,long,8191,8192,8219,2025-08-27 00:30:00+00:00,2025-08-27 00:45:00+00:00,2025-08-27 07:30:00+00:00,0.58565152,0.58365152,-20.0,-22.0,-1.0,75,20,2.0,sl,27
gold_spot,XAUUSD,momentum,long,7889,7890,7898,2025-08-27 01:15:00+00:00,2025-08-27 01:30:00+00:00,2025-08-27 03:30:00+00:00,3384.795,3381.795,-300.0,-311.0,-1.0,1032,300,11.0,sl,8
forex,AUDUSD,momentum,long,8183,8184,8239,2025-08-27 02:45:00+00:00,2025-08-27 03:00:00+00:00,2025-08-27 16:45:00+00:00,0.64939284,0.65057576,11.829199999999762,9.829199999999762,0.0963647058823506,150,100,2.0,signal,55
futures,6A,momentum,long,7909,7910,7965,2025-08-27 02:45:00+00:00,2025-08-27 03:00:00+00:00,2025-08-27 16:45:00+00:00,0.6494,0.65055,22.999999999999687,19.999999999999687,0.03976143141153019,200,500,3.0,signal,55
forex,GBPUSD,momentum,short,8214,8215,8218,2025-08-27 06:30:00+00:00,2025-08-27 06:45:00+00:00,2025-08-27 07:30:00+00:00,1.34653,1.34453,20.0,18.0,0.23376623376623376,20,75,2.0,tp,3
gold_spot,XAUUSD,momentum,long,7924,7925,7926,2025-08-27 10:00:00+00:00,2025-08-27 10:15:00+00:00,2025-08-27 10:30:00+00:00,3377.99,3374.99,-300.0,-311.0,-1.0,1032,300,11.0,sl,1
futures,ES,momentum,long,7910,7911,7915,2025-08-27 13:15:00+00:00,2025-08-27 13:30:00+00:00,2025-08-27 14:30:00+00:00,6474.0,6489.5,62.0,59.0,0.19471947194719472,300,300,3.0,signal,4
futures,NQ,mean_reversion,short,7910,7911,7912,2025-08-27 13:15:00+00:00,2025-08-27 13:30:00+00:00,2025-08-27 13:45:00+00:00,23541.0,23503.5,150.0,147.0,0.2922465208747515,150,500,3.0,tp,1
futures,NQ,momentum,long,7910,7911,7916,2025-08-27 13:15:00+00:00,2025-08-27 13:30:00+00:00,2025-08-27 14:45:00+00:00,23541.0,23602.25,245.0,242.0,0.7181008902077152,500,334,3.0,signal,5
futures,RTY,momentum,long,7910,7911,7912,2025-08-27 13:15:00+00:00,2025-08-27 13:30:00+00:00,2025-08-27 13:45:00+00:00,2356.8,2376.5,196.99999999999818,193.99999999999818,0.6402640264026342,500,300,3.0,signal,1
forex,USDJPY,momentum,long,8192,8193,8513,2025-08-27 14:45:00+00:00,2025-08-27 15:00:00+00:00,2025-09-02 00:45:00+00:00,147.86301,147.33701,-52.600000000001046,-54.600000000001046,-0.10876494023904591,200,500,2.0,signal,320
futures,SI,mean_reversion,long,7923,7924,7937,2025-08-27 14:45:00+00:00,2025-08-27 15:00:00+00:00,2025-08-27 18:15:00+00:00,38.455,38.67,43.00000000000068,40.00000000000068,0.07952286282306299,200,500,3.0,signal,13
futures,ZB,mean_reversion,long,7930,7931,7948,2025-08-27 15:00:00+00:00,2025-08-27 15:15:00+00:00,2025-08-27 19:30:00+00:00,114.34375,114.59375,8.0,5.0,0.09433962264150944,15,50,3.0,signal,17
futures,ZB,momentum,short,7930,7931,8085,2025-08-27 15:00:00+00:00,2025-08-27 15:15:00+00:00,2025-08-29 08:15:00+00:00,114.34375,114.375,-1.0,-4.0,-0.05128205128205128,30,75,3.0,signal,154
futures,ES,momentum,long,7939,7940,7978,2025-08-27 20:30:00+00:00,2025-08-27 20:45:00+00:00,2025-08-28 07:15:00+00:00,6478.25,6500.25,88.0,85.0,0.28052805280528054,300,300,3.0,signal,38
futures,NQ,momentum,long,7939,7940,7977,2025-08-27 20:30:00+00:00,2025-08-27 20:45:00+00:00,2025-08-28 07:00:00+00:00,23525.0,23606.75,327.0,324.0,0.9614243323442137,500,334,3.0,signal,37
futures,NQ,mean_reversion,short,7940,7941,7941,2025-08-27 20:45:00+00:00,2025-08-27 22:00:00+00:00,2025-08-27 22:00:00+00:00,23542.25,23504.75,150.0,147.0,0.2922465208747515,150,500,3.0,tp,0
gold_spot,XAUUSD,momentum,long,7979,7980,7981,2025-08-28 00:45:00+00:00,2025-08-28 01:00:00+00:00,2025-08-28 01:15:00+00:00,3391.985,3388.985,-300.0,-311.0,-1.0,1032,300,11.0,sl,1
futures,CL,momentum,long,8011,8012,8038,2025-08-28 08:45:00+00:00,2025-08-28 09:00:00+00:00,2025-08-28 15:30:00+00:00,63.67,63.81,14.000000000000057,11.000000000000057,0.03630363036303649,500,300,3.0,signal,26
gold_spot,XAUUSD,momentum,long,8027,8028,8030,2025-08-28 12:45:00+00:00,2025-08-28 13:00:00+00:00,2025-08-28 13:30:00+00:00,3397.275,3407.5950000000003,1032.0,1021.0,3.282958199356913,1032,300,11.0,tp,2
futures,ES,momentum,long,8004,8005,8010,2025-08-28 13:45:00+00:00,2025-08-28 14:00:00+00:00,2025-08-28 15:15:00+00:00,6486.75,6499.5,51.0,48.0,0.15841584158415842,300,300,3.0,signal,5
forex,USDCHF,momentum,short,8321,8322,8359,2025-08-28 22:15:00+00:00,2025-08-28 22:30:00+00:00,2025-08-29 07:45:00+00:00,0.80173999,0.80106002,6.799699999999742,4.799699999999742,0.009561155378485542,200,500,2.0,signal,37
futures,YM,mean_reversion,short,8034,8035,8079,2025-08-28 22:15:00+00:00,2025-08-28 22:30:00+00:00,2025-08-29 09:30:00+00:00,45647.0,45550.0,97.0,94.0,0.18687872763419483,500,500,3.0,signal,44
forex,GBPUSD,momentum,long,8385,8386,8478,2025-08-29 01:15:00+00:00,2025-08-29 01:30:00+00:00,2025-09-01 00:30:00+00:00,1.34975,1.35175,20.0,18.0,0.23376623376623376,20,75,2.0,tp,92
gold_spot,XAUUSD,momentum,long,8073,8074,8089,2025-08-29 01:15:00+00:00,2025-08-29 01:30:00+00:00,2025-08-29 05:15:00+00:00,3410.35,3407.35,-300.0,-311.0,-1.0,1032,300,11.0,sl,15
futures,6E,momentum,long,8093,8094,8121,2025-08-29 01:45:00+00:00,2025-08-29 02:00:00+00:00,2025-08-29 08:45:00+00:00,1.1671,1.1698,53.999999999998494,50.999999999998494,0.10139165009940058,200,500,3.0,signal,27
futures,ES,momentum,long,8073,8074,8251,2025-08-29 08:00:00+00:00,2025-08-29 08:15:00+00:00,2025-09-02 10:30:00+00:00,6497.5,6422.5,-300.0,-303.0,-1.0,300,300,3.0,sl,177
futures,NQ,momentum,long,8073,8074,8096,2025-08-29 08:00:00+00:00,2025-08-29 08:15:00+00:00,2025-08-29 13:45:00+00:00,23657.5,23574.0,-334.0,-337.0,-1.0,500,334,3.0,sl,22
futures,RTY,momentum,long,8074,8075,8094,2025-08-29 08:15:00+00:00,2025-08-29 08:30:00+00:00,2025-08-29 13:15:00+00:00,2376.4,2383.4,70.0,67.0,0.22112211221122113,500,300,3.0,signal,19
futures,ZN,momentum,long,8102,8103,8120,2025-08-29 12:00:00+00:00,2025-08-29 12:15:00+00:00,2025-08-29 16:30:00+00:00,112.453125,112.546875,6.0,3.0,0.0196078431372549,50,150,3.0,signal,17
forex,USDCAD,momentum,short,8391,8392,8392,2025-08-29 12:30:00+00:00,2025-08-29 12:45:00+00:00,2025-08-29 12:45:00+00:00,1.37735,1.3768500000000001,5.0,3.0,0.13636363636363635,5,20,2.0,tp,0
futures,YM,momentum,short,8092,8093,8098,2025-08-29 12:45:00+00:00,2025-08-29 13:00:00+00:00,2025-08-29 14:15:00+00:00,45605.0,45501.0,104.0,101.0,0.20079522862823063,300,500,3.0,signal,5
futures,CL,momentum,long,8126,8127,8197,2025-08-29 14:30:00+00:00,2025-08-29 14:45:00+00:00,2025-09-01 09:15:00+00:00,64.0,64.75,75.0,72.0,0.2376237623762376,500,300,3.0,signal,70
gold_spot,XAUUSD,momentum,long,8140,8141,8147,2025-08-29 18:00:00+00:00,2025-08-29 18:15:00+00:00,2025-08-29 19:45:00+00:00,3442.895,3453.215,1032.0,1021.0,3.282958199356913,1032,300,11.0,tp,6
forex,NZDUSD,momentum,long,8466,8467,8474,2025-08-29 21:15:00+00:00,2025-08-29 21:30:00+00:00,2025-08-31 23:15:00+00:00,0.58804,0.58972692,16.86920000000036,14.869200000000362,0.6758727272727437,75,20,2.0,signal,7
gold_spot,XAUUSD,momentum,long,8160,8161,8164,2025-09-01 00:00:00+00:00,2025-09-01 00:15:00+00:00,2025-09-01 01:00:00+00:00,3443.605,3440.605,-300.0,-311.0,-1.0,1032,300,11.0,sl,3
futures,YM,mean_reversion,short,8141,8142,8184,2025-09-01 02:00:00+00:00,2025-09-01 02:15:00+00:00,2025-09-01 12:45:00+00:00,45653.0,45550.0,103.0,100.0,0.1988071570576541,500,500,3.0,signal,42
futures,6J,momentum,short,8187,8188,8273,2025-09-01 02:15:00+00:00,2025-09-01 02:30:00+00:00,2025-09-02 00:45:00+00:00,0.0068115,0.0067965,30.000000000000515,27.000000000000515,0.08910891089109081,100,300,3.0,signal,85
futures,6J,mean_reversion,long,8188,8189,8191,2025-09-01 02:30:00+00:00,2025-09-01 02:45:00+00:00,2025-09-01 03:15:00+00:00,0.006811,0.0068165,10.999999999998858,7.999999999998858,0.039408866995068265,200,200,3.0,signal,2
futures,RTY,momentum,short,8162,8163,8205,2025-09-01 07:15:00+00:00,2025-09-01 07:30:00+00:00,2025-09-01 23:00:00+00:00,2371.8,2367.2,46.00000000000364,43.00000000000364,0.14191419141915393,500,300,3.0,signal,42
futures,6J,mean_reversion,short,8208,8209,8229,2025-09-01 07:30:00+00:00,2025-09-01 07:45:00+00:00,2025-09-01 12:45:00+00:00,0.006806,0.0068025,7.000000000000062,4.000000000000062,0.01970443349753725,200,200,3.0,signal,20
forex,USDCHF,momentum,short,8464,8465,8838,2025-09-01 11:45:00+00:00,2025-09-01 12:00:00+00:00,2025-09-05 09:15:00+00:00,0.80049998,0.80269003,-21.900500000000545,-23.900500000000545,-0.047610557768925386,200,500,2.0,signal,373
futures,6C,momentum,long,8226,8227,8765,2025-09-01 12:30:00+00:00,2025-09-01 12:45:00+00:00,2025-09-09 09:15:00+00:00,0.72775,0.72515,-52.00000000000093,-55.00000000000093,-0.2709359605911376,50,200,3.0,signal,538
futures,YM,momentum,short,8188,8189,8207,2025-09-01 13:45:00+00:00,2025-09-01 14:00:00+00:00,2025-09-01 23:30:00+00:00,45610.0,45564.0,46.0,43.0,0.08548707753479125,300,500,3.0,signal,18
forex,NZDUSD,momentum,long,8577,8578,8601,2025-09-02 01:00:00+00:00,2025-09-02 01:15:00+00:00,2025-09-02 07:00:00+00:00,0.59014457,0.58814457,-20.0,-22.0,-1.0,75,20,2.0,sl,23
forex,AUDUSD,momentum,long,8559,8560,8696,2025-09-02 02:00:00+00:00,2025-09-02 02:15:00+00:00,2025-09-03 12:15:00+00:00,0.65427899,0.65415061,-1.2838000000003902,-3.28380000000039,-0.03219411764706265,150,100,2.0,signal,136
futures,6A,momentum,long,8274,8275,8419,2025-09-02 02:00:00+00:00,2025-09-02 02:15:00+00:00,2025-09-03 15:15:00+00:00,0.65415,0.65505,18.000000000000238,15.000000000000238,0.029821073558648586,200,500,3.0,signal,144
futures,HG,momentum,long,8264,8265,8298,2025-09-02 06:15:00+00:00,2025-09-02 06:30:00+00:00,2025-09-02 14:45:00+00:00,4.5715,4.5935,43.99999999999871,40.99999999999871,0.525641025641009,50,75,3.0,signal,33
gold_spot,XAUUSD,momentum,long,8267,8268,8271,2025-09-02 06:15:00+00:00,2025-09-02 06:30:00+00:00,2025-09-02 07:15:00+00:00,3485.66,3482.66,-300.0,-311.0,-1.0,1032,300,11.0,sl,3
futures,NG,momentum,long,8284,8285,8379,2025-09-02 10:30:00+00:00,2025-09-02 10:45:00+00:00,2025-09-03 11:15:00+00:00,2.964,3.026,61.99999999999983,58.99999999999983,0.19471947194719416,500,300,3.0,signal,94
futures,SI,momentum,long,8252,8253,8262,2025-09-02 12:30:00+00:00,2025-09-02 12:45:00+00:00,2025-09-02 15:00:00+00:00,41.18,41.59,82.00000000000074,79.00000000000074,0.1570576540755482,500,500,3.0,signal,9
futures,6C,mean_reversion,long,8323,8324,8580,2025-09-02 13:45:00+00:00,2025-09-02 14:00:00+00:00,2025-09-05 09:00:00+00:00,0.72575,0.72535,-7.999999999999119,-10.999999999999119,-0.05418719211822226,75,200,3.0,signal,256
futures,HG,mean_reversion,long,8294,8295,8298,2025-09-02 13:45:00+00:00,2025-09-02 14:00:00+00:00,2025-09-02 14:45:00+00:00,4.573,4.5935,40.99999999999859,37.99999999999859,0.12541254125412077,150,300,3.0,signal,3
forex,USDCAD,mean_reversion,short,8583,8584,8848,2025-09-02 14:00:00+00:00,2025-09-02 14:15:00+00:00,2025-09-05 08:15:00+00:00,1.37835,1.37921,-8.60000000000083,-10.60000000000083,-0.13766233766234842,20,75,2.0,signal,264
futures,NG,mean_reversion,long,8305,8306,8322,2025-09-02 15:45:00+00:00,2025-09-02 16:00:00+00:00,2025-09-02 20:00:00+00:00,2.971,3.007,36.00000000000003,33.00000000000003,0.10891089108910901,500,300,3.0,signal,16
gold_spot,XAUUSD,momentum,long,8348,8349,8357,2025-09-03 03:30:00+00:00,2025-09-03 03:45:00+00:00,2025-09-03 05:45:00+00:00,3530.32,3527.32,-300.0,-311.0,-1.0,1032,300,11.0,sl,8
forex,AUDUSD,mean_reversion,long,8678,8679,8696,2025-09-03 07:45:00+00:00,2025-09-03 08:00:00+00:00,2025-09-03 12:15:00+00:00,0.65252852,0.65415061,16.220900000000203,14.220900000000203,0.09355855263158028,50,150,2.0,signal,17
futures,ES,momentum,short,8333,8334,8507,2025-09-03 08:00:00+00:00,2025-09-03 08:15:00+00:00,2025-09-05 05:30:00+00:00,6448.5,6523.5,-300.0,-303.0,-1.0,300,300,3.0,sl,173
futures,ZN,momentum,short,8360,8361,8767,2025-09-03 11:30:00+00:00,2025-09-03 11:45:00+00:00,2025-09-09 22:15:00+00:00,112.1875,113.203125,-65.0,-68.0,-0.4444444444444444,50,150,3.0,signal,406
futures,HG,momentum,long,8381,8382,8385,2025-09-03 12:30:00+00:00,2025-09-03 12:45:00+00:00,2025-09-03 13:30:00+00:00,4.605,4.630000000000001,50.0,47.0,0.6025641025641025,50,75,3.0,tp,3
futures,ES,mean_reversion,short,8352,8353,8358,2025-09-03 12:45:00+00:00,2025-09-03 13:00:00+00:00,2025-09-03 14:15:00+00:00,6445.75,6438.25,30.0,27.0,0.0536779324055666,500,500,3.0,signal,5
forex,USDJPY,momentum,long,8662,8663,8762,2025-09-03 14:00:00+00:00,2025-09-03 14:15:00+00:00,2025-09-04 15:00:00+00:00,148.18201,148.73199,54.9980000000005,52.9980000000005,0.10557370517928387,200,500,2.0,signal,99
forex,USDCAD,momentum,long,8683,8684,8693,2025-09-03 15:00:00+00:00,2025-09-03 15:15:00+00:00,2025-09-03 17:30:00+00:00,1.37867,1.37917,5.0,3.0,0.13636363636363635,5,20,2.0,tp,9
futures,ES,mean_reversion,short,8364,8365,8372,2025-09-03 15:45:00+00:00,2025-09-03 16:00:00+00:00,2025-09-03 17:45:00+00:00,6445.5,6434.25,45.0,42.0,0.08349900596421471,500,500,3.0,signal,7
futures,NQ,mean_reversion,short,8364,8365,8371,2025-09-03 15:45:00+00:00,2025-09-03 16:00:00+00:00,2025-09-03 17:30:00+00:00,23415.0,23377.5,150.0,147.0,0.2922465208747515,150,500,3.0,tp,6
futures,NQ,momentum,long,8364,8365,8374,2025-09-03 15:45:00+00:00,2025-09-03 16:00:00+00:00,2025-09-03 18:15:00+00:00,23415.0,23331.5,-334.0,-337.0,-1.0,500,334,3.0,sl,9
futures,SI,momentum,long,8371,8372,8531,2025-09-03 19:15:00+00:00,2025-09-03 19:30:00+00:00,2025-09-05 13:15:00+00:00,41.71,41.89,35.99999999999994,32.99999999999994,0.06560636182902572,500,500,3.0,signal,159
gold_spot,XAUUSD,momentum,long,8411,8412,8413,2025-09-03 19:15:00+00:00,2025-09-03 19:30:00+00:00,2025-09-03 19:45:00+00:00,3564.245,3561.245,-300.0,-311.0,-1.0,1032,300,11.0,sl,1
futures,ES,mean_reversion,long,8379,8380,8386,2025-09-03 19:30:00+00:00,2025-09-03 19:45:00+00:00,2025-09-03 22:15:00+00:00,6444.25,6458.25,56.0,53.0,0.10536779324055666,500,500,3.0,signal,6
futures,RTY,momentum,short,8380,8381,8473,2025-09-03 19:45:00+00:00,2025-09-03 20:00:00+00:00,2025-09-04 20:00:00+00:00,2354.5,2384.5,-300.0,-303.0,-1.0,500,300,3.0,sl,92
gold_spot,XAUUSD,momentum,long,8432,8433,8433,2025-09-04 01:30:00+00:00,2025-09-04 01:45:00+00:00,2025-09-04 01:45:00+00:00,3547.915,3544.915,-300.0,-311.0,-1.0,1032,300,11.0,sl,0
forex,AUDUSD,momentum,long,8751,8752,8863,2025-09-04 02:00:00+00:00,2025-09-04 02:15:00+00:00,2025-09-05 06:00:00+00:00,0.65372294,0.65380841,0.8547000000003191,-1.145299999999681,-0.01122843137254589,150,100,2.0,signal,111
forex,NZDUSD,momentum,long,8773,8774,8809,2025-09-04 02:00:00+00:00,2025-09-04 02:15:00+00:00,2025-09-04 11:00:00+00:00,0.58785492,0.58585492,-20.0,-22.0,-1.0,75,20,2.0,sl,35
futures,6A,momentum,long,8458,8459,8574,2025-09-04 02:00:00+00:00,2025-09-04 02:15:00+00:00,2025-09-05 08:00:00+00:00,0.6537,0.65445,15.000000000000568,12.000000000000568,0.02385685884691962,200,500,3.0,signal,115
forex,GBPUSD,momentum,long,8809,8810,8828,2025-09-04 11:15:00+00:00,2025-09-04 11:30:00+00:00,2025-09-04 16:00:00+00:00,1.34351,1.34389,3.8000000000004697,1.8000000000004697,0.023376623376629477,20,75,2.0,signal,18
futures,6B,momentum,long,8499,8500,8568,2025-09-04 11:45:00+00:00,2025-09-04 12:00:00+00:00,2025-09-05 06:00:00+00:00,1.3436,1.3465999999999998,30.0,27.0,0.2621359223300971,30,100,3.0,tp,68
futures,6A,mean_reversion,long,8504,8505,8565,2025-09-04 13:30:00+00:00,2025-09-04 13:45:00+00:00,2025-09-05 05:45:00+00:00,0.6526,0.6534,16.00000000000046,13.000000000000458,0.06403940886699733,50,200,3.0,signal,60
forex,GBPUSD,mean_reversion,long,8840,8841,8859,2025-09-04 19:00:00+00:00,2025-09-04 19:15:00+00:00,2025-09-04 23:45:00+00:00,1.34335,1.34428,9.299999999998754,7.299999999998754,0.03613861386137997,100,200,2.0,signal,18
futures,HG,momentum,short,8526,8527,8572,2025-09-05 02:45:00+00:00,2025-09-05 03:00:00+00:00,2025-09-05 14:15:00+00:00,4.59,4.5649999999999995,50.0,47.0,0.6025641025641025,50,75,3.0,tp,45
futures,NG,momentum,long,8575,8576,8616,2025-09-05 14:15:00+00:00,2025-09-05 14:30:00+00:00,2025-09-08 01:30:00+00:00,3.072,3.111,39.00000000000014,36.00000000000014,0.11881188118811928,500,300,3.0,signal,40
futures,RTY,momentum,long,8542,8543,8548,2025-09-05 14:15:00+00:00,2025-09-05 14:30:00+00:00,2025-09-05 15:45:00+00:00,2375.8,2388.3,125.0,122.0,0.40264026402640263,500,300,3.0,signal,5
futures,SI,mean_reversion,short,8535,8536,8565,2025-09-05 14:15:00+00:00,2025-09-05 14:30:00+00:00,2025-09-07 22:45:00+00:00,41.44,41.315,25.0,22.0,0.0437375745526839,200,500,3.0,signal,29
futures,SI,momentum,long,8535,8536,8903,2025-09-05 14:15:00+00:00,2025-09-05 14:30:00+00:00,2025-09-11 14:15:00+00:00,41.44,41.88,88.00000000000097,85.00000000000097,0.16898608349900787,500,500,3.0,signal,367
futures,NG,mean_reversion,long,8606,8607,8616,2025-09-07 23:00:00+00:00,2025-09-07 23:15:00+00:00,2025-09-08 01:30:00+00:00,3.07,3.111,41.00000000000037,38.00000000000037,0.12541254125412662,500,300,3.0,signal,9
futures,HG,momentum,short,8613,8614,8627,2025-09-08 01:30:00+00:00,2025-09-08 01:45:00+00:00,2025-09-08 05:00:00+00:00,4.5765,4.5515,50.0,47.0,0.6025641025641025,50,75,3.0,tp,13
futures,6J,momentum,short,8646,8647,8939,2025-09-08 02:00:00+00:00,2025-09-08 02:15:00+00:00,2025-09-11 06:15:00+00:00,0.006759,0.006771,-23.999999999999716,-26.999999999999716,-0.08910891089108817,100,300,3.0,signal,292
futures,CL,momentum,short,8634,8635,8665,2025-09-08 06:00:00+00:00,2025-09-08 06:15:00+00:00,2025-09-08 13:45:00+00:00,62.96,62.44,52.00000000000031,49.00000000000031,0.16171617161716276,500,300,3.0,signal,30
futures,NG,momentum,long,8657,8658,8663,2025-09-08 11:45:00+00:00,2025-09-08 12:00:00+00:00,2025-09-08 13:15:00+00:00,3.095,3.194,98.99999999999976,95.99999999999976,0.31683168316831606,500,300,3.0,signal,5
futures,RTY,momentum,long,8631,8632,8637,2025-09-08 13:30:00+00:00,2025-09-08 13:45:00+00:00,2025-09-08 15:00:00+00:00,2385.4,2394.6,91.99999999999818,88.99999999999818,0.29372937293728774,500,300,3.0,signal,5
forex,USDCAD,momentum,short,8959,8960,8970,2025-09-08 13:45:00+00:00,2025-09-08 14:00:00+00:00,2025-09-08 16:30:00+00:00,1.38136,1.38336,-20.0,-22.0,-1.0,5,20,2.0,sl,10
futures,6C,mean_reversion,short,8691,8692,8702,2025-09-08 13:45:00+00:00,2025-09-08 14:00:00+00:00,2025-09-08 16:30:00+00:00,0.72415,0.7235,12.999999999998568,9.999999999998568,0.04926108374383531,75,200,3.0,signal,10
futures,YM,mean_reversion,long,8636,8637,8661,2025-09-08 14:45:00+00:00,2025-09-08 15:00:00+00:00,2025-09-08 22:00:00+00:00,45510.0,45580.0,70.0,67.0,0.13320079522862824,500,500,3.0,signal,24
futures,YM,momentum,short,8636,8637,8643,2025-09-08 14:45:00+00:00,2025-09-08 15:00:00+00:00,2025-09-08 16:30:00+00:00,45510.0,45443.0,67.0,64.0,0.1272365805168986,300,500,3.0,signal,6
futures,ES,momentum,long,8643,8644,8659,2025-09-08 16:30:00+00:00,2025-09-08 16:45:00+00:00,2025-09-08 20:30:00+00:00,6501.5,6507.75,25.0,22.0,0.07260726072607261,300,300,3.0,signal,15
futures,RTY,momentum,long,8643,8644,8654,2025-09-08 16:30:00+00:00,2025-09-08 16:45:00+00:00,2025-09-08 19:15:00+00:00,2390.1,2396.5,64.00000000000091,61.00000000000091,0.2013201320132043,500,300,3.0,signal,10
futures,HG,mean_reversion,short,8714,8715,8747,2025-09-09 03:45:00+00:00,2025-09-09 04:00:00+00:00,2025-09-09 12:00:00+00:00,4.5695,4.5575,23.999999999999133,20.999999999999133,0.06930693069306644,150,300,3.0,signal,32
gold_spot,XAUUSD,momentum,long,8726,8727,8727,2025-09-09 06:00:00+00:00,2025-09-09 06:15:00+00:00,2025-09-09 06:15:00+00:00,3643.695,3640.695,-300.0,-311.0,-1.0,1032,300,11.0,sl,0
futures,CL,mean_reversion,short,8741,8742,8936,2025-09-09 09:45:00+00:00,2025-09-09 10:00:00+00:00,2025-09-11 12:30:00+00:00,62.7,62.9,-19.999999999999574,-22.999999999999574,-0.0759075907590745,200,300,3.0,signal,194
futures,CL,momentum,long,8741,8742,8755,2025-09-09 09:45:00+00:00,2025-09-09 10:00:00+00:00,2025-09-09 13:15:00+00:00,62.7,63.26,55.99999999999952,52.99999999999952,0.17491749174917331,500,300,3.0,signal,13
futures,YM,momentum,long,8722,8723,8730,2025-09-09 13:15:00+00:00,2025-09-09 13:30:00+00:00,2025-09-09 15:15:00+00:00,45550.0,45630.0,80.0,77.0,0.15308151093439365,300,500,3.0,signal,7
futures,NQ,momentum,long,8727,8728,8737,2025-09-09 14:30:00+00:00,2025-09-09 14:45:00+00:00,2025-09-09 17:00:00+00:00,23744.25,23821.25,308.0,305.0,0.9050445103857567,500,334,3.0,signal,9
futures,ZN,mean_reversion,short,8740,8741,8765,2025-09-09 14:30:00+00:00,2025-09-09 14:45:00+00:00,2025-09-09 20:45:00+00:00,113.359375,113.265625,6.0,3.0,0.05660377358490566,15,50,3.0,signal,24
gold_spot,XAUUSD,momentum,long,8760,8761,8761,2025-09-09 14:30:00+00:00,2025-09-09 14:45:00+00:00,2025-09-09 14:45:00+00:00,3646.47,3643.47,-300.0,-311.0,-1.0,1032,300,11.0,sl,0
forex,USDJPY,momentum,short,9042,9043,9464,2025-09-09 15:00:00+00:00,2025-09-09 15:15:00+00:00,2025-09-16 02:30:00+00:00,147.286,147.211,7.499999999998863,5.499999999998863,0.010956175298802516,200,500,2.0,signal,421
futures,CL,momentum,long,8766,8767,8790,2025-09-09 16:00:00+00:00,2025-09-09 16:15:00+00:00,2025-09-09 23:00:00+00:00,62.8,63.05,25.0,22.0,0.07260726072607261,500,300,3.0,signal,23
futures,HG,momentum,short,8764,8765,8846,2025-09-09 16:15:00+00:00,2025-09-09 16:30:00+00:00,2025-09-10 13:45:00+00:00,4.5715,4.609,-75.0,-78.0,-1.0,50,75,3.0,sl,81
futures,RTY,mean_reversion,long,8742,8743,8909,2025-09-09 18:15:00+00:00,2025-09-09 18:30:00+00:00,2025-09-11 14:00:00+00:00,2385.3,2402.9,175.9999999999991,172.9999999999991,0.3439363817097397,500,500,3.0,signal,166
gold_spot,XAUUSD,momentum,long,8780,8781,8781,2025-09-09 19:30:00+00:00,2025-09-09 19:45:00+00:00,2025-09-09 19:45:00+00:00,3633.08,3630.08,-300.0,-311.0,-1.0,1032,300,11.0,sl,0
forex,USDCHF,momentum,long,9069,9070,9075,2025-09-09 21:00:00+00:00,2025-09-09 21:15:00+00:00,2025-09-09 22:30:00+00:00,0.79578,0.79712999,13.499899999999121,11.499899999999121,0.02290816733067554,200,500,2.0,signal,5
futures,6C,mean_reversion,long,8812,8813,8980,2025-09-09 22:00:00+00:00,2025-09-09 22:15:00+00:00,2025-09-11 17:00:00+00:00,0.72255,0.72305,9.999999999998899,6.999999999998899,0.03448275862068423,75,200,3.0,signal,167
futures,NG,momentum,long,8789,8790,9139,2025-09-09 22:45:00+00:00,2025-09-09 23:00:00+00:00,2025-09-15 17:15:00+00:00,3.099,3.012,-87.00000000000018,-90.00000000000018,-0.2970297029702976,500,300,3.0,signal,349
forex,GBPUSD,momentum,short,9154,9155,9179,2025-09-10 02:30:00+00:00,2025-09-10 02:45:00+00:00,2025-09-10 08:45:00+00:00,1.35303,1.35254,4.899999999998794,2.899999999998794,0.037662337662322,20,75,2.0,signal,24
futures,6B,mean_reversion,long,8830,8831,8841,2025-09-10 02:30:00+00:00,2025-09-10 02:45:00+00:00,2025-09-10 05:15:00+00:00,1.3532,1.354,8.00000000000134,5.000000000001339,0.02463054187192778,100,200,3.0,signal,10
forex,USDCHF,momentum,long,9101,9102,9109,2025-09-10 05:00:00+00:00,2025-09-10 05:15:00+00:00,2025-09-10 07:00:00+00:00,0.79629999,0.79790998,16.09990000000061,14.09990000000061,0.0280874501992044,200,500,2.0,signal,7
forex,USDCHF,momentum,long,9119,9120,9147,2025-09-10 09:30:00+00:00,2025-09-10 09:45:00+00:00,2025-09-10 16:30:00+00:00,0.79686999,0.79838002,15.1002999999994,13.1002999999994,0.026096215139441038,200,500,2.0,signal,27
futures,6E,mean_reversion,long,8860,8861,8975,2025-09-10 09:30:00+00:00,2025-09-10 09:45:00+00:00,2025-09-11 15:15:00+00:00,1.1716,1.1739,45.999999999999375,42.999999999999375,0.14191419141913986,100,300,3.0,signal,114
futures,6B,mean_reversion,short,8868,8869,8917,2025-09-10 12:00:00+00:00,2025-09-10 12:15:00+00:00,2025-09-11 01:15:00+00:00,1.3529,1.3529,-0.0,-3.0,-0.014778325123152709,100,200,3.0,signal,48
futures,6E,momentum,short,8875,8876,8888,2025-09-10 13:15:00+00:00,2025-09-10 13:30:00+00:00,2025-09-10 16:30:00+00:00,1.17195,1.17135,12.00000000000312,9.00000000000312,0.01789264413519507,200,500,3.0,signal,12
forex,GBPUSD,momentum,long,9211,9212,9292,2025-09-10 16:45:00+00:00,2025-09-10 17:00:00+00:00,2025-09-11 13:00:00+00:00,1.35356,1.35556,20.0,18.0,0.23376623376623376,20,75,2.0,tp,80
futures,NQ,momentum,long,8834,8835,8843,2025-09-10 18:15:00+00:00,2025-09-10 18:30:00+00:00,2025-09-10 20:30:00+00:00,23857.75,23874.0,65.0,62.0,0.18397626112759644,500,334,3.0,signal,8
gold_spot,XAUUSD,momentum,long,8872,8873,8891,2025-09-10 19:30:00+00:00,2025-09-10 19:45:00+00:00,2025-09-11 01:15:00+00:00,3637.835,3648.155,1032.0,1021.0,3.282958199356913,1032,300,11.0,tp,18
forex,NZDUSD,momentum,long,9243,9244,9249,2025-09-11 00:15:00+00:00,2025-09-11 00:30:00+00:00,2025-09-11 01:45:00+00:00,0.59407115,0.59470713,6.3597999999998045,4.3597999999998045,0.1981727272727184,75,20,2.0,signal,5
forex,AUDUSD,momentum,long,9221,9222,9247,2025-09-11 00:45:00+00:00,2025-09-11 01:00:00+00:00,2025-09-11 07:15:00+00:00,0.66115701,0.66150689,3.498799999999136,1.498799999999136,0.014694117647050352,150,100,2.0,signal,25
gold_spot,XAUUSD,momentum,long,8896,8897,8898,2025-09-11 02:30:00+00:00,2025-09-11 02:45:00+00:00,2025-09-11 03:00:00+00:00,3636.095,3633.095,-300.0,-311.0,-1.0,1032,300,11.0,sl,1
futures,RTY,momentum,short,8892,8893,8911,2025-09-11 09:45:00+00:00,2025-09-11 10:00:00+00:00,2025-09-11 14:30:00+00:00,2380.0,2410.0,-300.0,-303.0,-1.0,500,300,3.0,sl,18
forex,NZDUSD,momentum,short,9284,9285,9290,2025-09-11 10:30:00+00:00,2025-09-11 10:45:00+00:00,2025-09-11 12:00:00+00:00,0.5930143,0.59283853,1.7577000000001952,-0.24229999999980478,-0.01101363636362749,75,20,2.0,signal,5
forex,EURUSD,momentum,short,9213,9214,9619,2025-09-11 12:30:00+00:00,2025-09-11 12:45:00+00:00,2025-09-17 18:00:00+00:00,1.17051,1.19051,-200.0,-202.0,-1.0,50,200,2.0,sl,405
forex,USDCHF,momentum,long,9227,9228,9671,2025-09-11 12:30:00+00:00,2025-09-11 12:45:00+00:00,2025-09-18 05:15:00+00:00,0.79802001,0.79092997,-70.90040000000019,-72.90040000000019,-0.14521992031872547,200,500,2.0,signal,443
futures,6E,momentum,short,8964,8965,9351,2025-09-11 12:30:00+00:00,2025-09-11 12:45:00+00:00,2025-09-17 18:00:00+00:00,1.17065,1.1956499999999999,-500.0,-503.0,-1.0,200,500,3.0,sl,386
futures,GC,momentum,short,8923,8924,8971,2025-09-11 12:30:00+00:00,2025-09-11 12:45:00+00:00,2025-09-12 01:30:00+00:00,3674.4,3685.4,-110.0,-113.0,-1.0,300,110,3.0,sl,47
gold_spot,XAUUSD,momentum,short,8936,8937,8937,2025-09-11 12:30:00+00:00,2025-09-11 12:45:00+00:00,2025-09-11 12:45:00+00:00,3637.045,3626.725,1032.0,1021.0,3.282958199356913,1032,300,11.0,tp,0
forex,USDCAD,momentum,long,9243,9244,9244,2025-09-11 12:45:00+00:00,2025-09-11 13:00:00+00:00,2025-09-11 13:00:00+00:00,1.38577,1.38627,5.0,3.0,0.13636363636363635,5,20,2.0,tp,0
futures,6C,momentum,short,8963,8964,9061,2025-09-11 12:45:00+00:00,2025-09-11 13:00:00+00:00,2025-09-12 15:30:00+00:00,0.7218,0.7216,3.9999999999995595,0.9999999999995595,0.004926108374382066,50,200,3.0,signal,97
forex,GBPUSD,momentum,long,9368,9369,9377,2025-09-12 08:00:00+00:00,2025-09-12 08:15:00+00:00,2025-09-12 10:15:00+00:00,1.35424,1.35533,10.899999999998133,8.899999999998133,0.11558441558439134,20,75,2.0,signal,8
futures,6B,momentum,long,9034,9035,9042,2025-09-12 08:15:00+00:00,2025-09-12 08:30:00+00:00,2025-09-12 10:15:00+00:00,1.3543,1.3552,8.999999999999009,5.999999999999009,0.0582524271844564,30,100,3.0,signal,7
gold_spot,XAUUSD,momentum,long,9014,9015,9019,2025-09-12 09:00:00+00:00,2025-09-12 09:15:00+00:00,2025-09-12 10:15:00+00:00,3639.685,3650.005,1032.0,1021.0,3.282958199356913,1032,300,11.0,tp,4
futures,ZB,momentum,long,9004,9005,9102,2025-09-12 12:00:00+00:00,2025-09-12 12:15:00+00:00,2025-09-15 13:30:00+00:00,117.4375,117.6875,8.0,5.0,0.0641025641025641,30,75,3.0,signal,97
futures,RTY,momentum,long,9001,9002,9092,2025-09-12 14:00:00+00:00,2025-09-12 14:15:00+00:00,2025-09-15 14:00:00+00:00,2405.0,2411.8,68.00000000000182,65.00000000000182,0.21452145214522053,500,300,3.0,signal,90
forex,GBPUSD,mean_reversion,short,9398,9399,9726,2025-09-12 15:30:00+00:00,2025-09-12 15:45:00+00:00,2025-09-18 01:30:00+00:00,1.35533,1.36173,-64.00000000000183,-66.00000000000183,-0.3267326732673358,100,200,2.0,signal,327
futures,6B,mean_reversion,short,9063,9064,9373,2025-09-12 15:30:00+00:00,2025-09-12 15:45:00+00:00,2025-09-18 02:00:00+00:00,1.3552,1.362,-68.00000000000139,-71.00000000000139,-0.34975369458128763,100,200,3.0,signal,309
forex,NZDUSD,mean_reversion,long,9406,9407,9413,2025-09-12 17:00:00+00:00,2025-09-12 17:15:00+00:00,2025-09-12 18:45:00+00:00,0.59580553,0.59605408,2.4855000000001404,0.4855000000001404,0.004759803921570003,50,100,2.0,signal,6
futures,6C,momentum,short,9067,9068,9419,2025-09-12 17:00:00+00:00,2025-09-12 17:15:00+00:00,2025-09-18 13:45:00+00:00,0.7223,0.72715,-96.9999999999982,-99.9999999999982,-0.4926108374384148,50,200,3.0,signal,351
forex,USDCAD,momentum,long,9357,9358,9370,2025-09-12 17:15:00+00:00,2025-09-12 17:30:00+00:00,2025-09-12 20:30:00+00:00,1.38458,1.3850799999999999,5.0,3.0,0.13636363636363635,5,20,2.0,tp,12
futures,6C,mean_reversion,long,9068,9069,9086,2025-09-12 17:15:00+00:00,2025-09-12 17:30:00+00:00,2025-09-14 23:00:00+00:00,0.7223,0.7227,7.999999999999119,4.999999999999119,0.024630541871916843,75,200,3.0,signal,17
futures,6J,mean_reversion,long,9075,9076,9099,2025-09-12 17:15:00+00:00,2025-09-12 17:30:00+00:00,2025-09-15 00:30:00+00:00,0.006778,0.006835,113.99999999999952,110.99999999999952,0.5467980295566479,200,200,3.0,signal,23
forex,GBPUSD,momentum,long,9422,9423,9447,2025-09-12 21:30:00+00:00,2025-09-12 21:45:00+00:00,2025-09-15 03:45:00+00:00,1.35474,1.35674,20.0,18.0,0.23376623376623376,20,75,2.0,tp,24
forex,NZDUSD,mean_reversion,long,9430,9431,9444,2025-09-14 23:00:00+00:00,2025-09-14 23:15:00+00:00,2025-09-15 02:30:00+00:00,0.59541529,0.59591204,4.967499999999347,2.9674999999993474,0.029093137254895565,50,100,2.0,signal,13
forex,NZDUSD,momentum,short,9430,9431,9505,2025-09-14 23:00:00+00:00,2025-09-14 23:15:00+00:00,2025-09-15 17:45:00+00:00,0.59541529,0.59741529,-20.0,-22.0,-1.0,75,20,2.0,sl,74
gold_spot,XAUUSD,momentum,long,9074,9075,9078,2025-09-15 01:00:00+00:00,2025-09-15 01:15:00+00:00,2025-09-15 02:00:00+00:00,3628.74,3639.06,1032.0,1021.0,3.282958199356913,1032,300,11.0,tp,3
futures,GC,mean_reversion,long,9066,9067,9071,2025-09-15 02:15:00+00:00,2025-09-15 02:30:00+00:00,2025-09-15 03:30:00+00:00,3679.6,3682.6,30.0,27.0,0.2621359223300971,30,100,3.0,tp,4
futures,GC,momentum,short,9066,9067,9110,2025-09-15 02:15:00+00:00,2025-09-15 02:30:00+00:00,2025-09-15 13:15:00+00:00,3679.6,3690.6,-110.0,-113.0,-1.0,300,110,3.0,sl,43
gold_spot,XAUUSD,mean_reversion,long,9079,9080,9081,2025-09-15 02:15:00+00:00,2025-09-15 02:30:00+00:00,2025-09-15 02:45:00+00:00,3643.08,3640.08,-300.0,-311.0,-1.0,1097,300,11.0,sl,1
gold_spot,XAUUSD,momentum,short,9079,9080,9085,2025-09-15 02:15:00+00:00,2025-09-15 02:30:00+00:00,2025-09-15 03:45:00+00:00,3643.08,3646.08,-300.0,-311.0,-1.0,1032,300,11.0,sl,5
forex,USDJPY,mean_reversion,long,9404,9405,9646,2025-09-15 11:30:00+00:00,2025-09-15 11:45:00+00:00,2025-09-18 00:00:00+00:00,147.459,146.87601,-58.29899999999952,-60.29899999999952,-0.19966556291390572,100,300,2.0,signal,241
futures,ZN,momentum,short,9099,9100,9302,2025-09-15 12:15:00+00:00,2025-09-15 12:30:00+00:00,2025-09-17 17:00:00+00:00,113.359375,113.296875,4.0,1.0,0.006535947712418301,50,150,3.0,signal,202
futures,RTY,momentum,long,9098,9099,9161,2025-09-15 15:30:00+00:00,2025-09-15 15:45:00+00:00,2025-09-16 08:15:00+00:00,2406.2,2412.9,67.00000000000273,64.00000000000273,0.21122112211222022,500,300,3.0,signal,62
futures,YM,momentum,short,9114,9115,9184,2025-09-15 19:15:00+00:00,2025-09-15 19:30:00+00:00,2025-09-16 13:45:00+00:00,45896.0,45810.0,86.0,83.0,0.16500994035785288,300,500,3.0,signal,69
forex,AUDUSD,momentum,long,9512,9513,9567,2025-09-16 02:45:00+00:00,2025-09-16 03:00:00+00:00,2025-09-16 16:30:00+00:00,0.66666669,0.66862798,19.612900000000042,17.612900000000042,0.17267549019607883,150,100,2.0,signal,54
futures,RTY,momentum,long,9169,9170,9221,2025-09-16 10:15:00+00:00,2025-09-16 10:30:00+00:00,2025-09-17 00:15:00+00:00,2408.3,2423.6,152.99999999999727,149.99999999999727,0.49504950495048605,500,300,3.0,signal,51
gold_spot,XAUUSD,momentum,long,9214,9215,9216,2025-09-16 13:00:00+00:00,2025-09-16 13:15:00+00:00,2025-09-16 13:30:00+00:00,3687.855,3698.175,1032.0,1021.0,3.282958199356913,1032,300,11.0,tp,1
futures,SI,momentum,long,9180,9181,9190,2025-09-16 14:30:00+00:00,2025-09-16 14:45:00+00:00,2025-09-16 17:00:00+00:00,43.0,42.925,-15.000000000000568,-18.00000000000057,-0.035785288270378864,500,500,3.0,signal,9
futures,6C,mean_reversion,short,9242,9243,9378,2025-09-16 15:30:00+00:00,2025-09-16 15:45:00+00:00,2025-09-18 03:30:00+00:00,0.72995,0.72885,21.999999999999797,18.999999999999797,0.09359605911329949,75,200,3.0,signal,135
forex,NZDUSD,momentum,long,9614,9615,9620,2025-09-16 21:00:00+00:00,2025-09-16 21:15:00+00:00,2025-09-16 22:30:00+00:00,0.59772861,0.5990535,13.24890000000023,11.24890000000023,0.5113136363636468,75,20,2.0,signal,5
gold_spot,XAUUSD,momentum,long,9259,9260,9260,2025-09-17 01:15:00+00:00,2025-09-17 01:30:00+00:00,2025-09-17 01:30:00+00:00,3685.89,3682.89,-300.0,-311.0,-1.0,1032,300,11.0,sl,0
futures,GC,momentum,long,9247,9248,9270,2025-09-17 01:30:00+00:00,2025-09-17 01:45:00+00:00,2025-09-17 07:15:00+00:00,3714.4,3703.4,-110.0,-113.0,-1.0,300,110,3.0,sl,22
forex,NZDUSD,momentum,long,9652,9653,9672,2025-09-17 06:30:00+00:00,2025-09-17 06:45:00+00:00,2025-09-17 11:30:00+00:00,0.59705055,0.59769291,6.42360000000064,4.42360000000064,0.20107272727275635,75,20,2.0,signal,19
forex,GBPUSD,momentum,long,9652,9653,9661,2025-09-17 07:00:00+00:00,2025-09-17 07:15:00+00:00,2025-09-17 09:15:00+00:00,1.36338,1.36467,12.900000000000134,10.900000000000134,0.1415584415584433,20,75,2.0,signal,8
futures,NQ,mean_reversion,short,9255,9256,9277,2025-09-17 08:30:00+00:00,2025-09-17 08:45:00+00:00,2025-09-17 14:00:00+00:00,24246.0,24208.5,150.0,147.0,0.2922465208747515,150,500,3.0,tp,21
futures,NQ,momentum,long,9255,9256,9283,2025-09-17 08:30:00+00:00,2025-09-17 08:45:00+00:00,2025-09-17 15:30:00+00:00,24246.0,24162.5,-334.0,-337.0,-1.0,500,334,3.0,sl,27
gold_spot,XAUUSD,momentum,short,9302,9303,9304,2025-09-17 12:00:00+00:00,2025-09-17 12:15:00+00:00,2025-09-17 12:30:00+00:00,3669.57,3672.57,-300.0,-311.0,-1.0,1032,300,11.0,sl,1
forex,NZDUSD,momentum,long,9685,9686,9699,2025-09-17 14:45:00+00:00,2025-09-17 15:00:00+00:00,2025-09-17 18:15:00+00:00,0.59747863,0.59883827,13.596399999999953,11.596399999999953,0.5271090909090888,75,20,2.0,signal,13
forex,AUDUSD,momentum,long,9657,9658,9670,2025-09-17 15:00:00+00:00,2025-09-17 15:15:00+00:00,2025-09-17 18:15:00+00:00,0.66706693,0.66853857,14.716400000001073,12.716400000001073,0.12467058823530464,150,100,2.0,signal,12
futures,6A,momentum,long,9334,9335,9347,2025-09-17 15:00:00+00:00,2025-09-17 15:15:00+00:00,2025-09-17 18:15:00+00:00,0.66775,0.6696,37.00000000000036,34.00000000000036,0.06759443339960311,200,500,3.0,signal,12
futures,CL,momentum,long,9328,9329,9395,2025-09-17 18:30:00+00:00,2025-09-17 18:45:00+00:00,2025-09-18 12:15:00+00:00,63.96,64.41,44.999999999999574,41.999999999999574,0.1386138613861372,500,300,3.0,signal,66
futures,ES,momentum,long,9295,9296,9299,2025-09-17 18:30:00+00:00,2025-09-17 18:45:00+00:00,2025-09-17 19:30:00+00:00,6635.75,6671.0,141.0,138.0,0.45544554455445546,300,300,3.0,signal,3
gold_spot,XAUUSD,momentum,long,9328,9329,9329,2025-09-17 18:30:00+00:00,2025-09-17 18:45:00+00:00,2025-09-17 18:45:00+00:00,3663.56,3660.56,-300.0,-311.0,-1.0,1032,300,11.0,sl,0
forex,GBPUSD,momentum,long,9699,9700,9700,2025-09-17 18:45:00+00:00,2025-09-17 19:00:00+00:00,2025-09-17 19:00:00+00:00,1.36396,1.36596,20.0,18.0,0.23376623376623376,20,75,2.0,tp,0
forex,USDJPY,momentum,short,9625,9626,9962,2025-09-17 18:45:00+00:00,2025-09-17 19:00:00+00:00,2025-09-23 09:00:00+00:00,146.716,147.55901,-84.30099999999925,-86.30099999999925,-0.17191434262948058,200,500,2.0,signal,336
futures,6B,momentum,long,9348,9349,9420,2025-09-17 18:45:00+00:00,2025-09-17 19:00:00+00:00,2025-09-18 13:45:00+00:00,1.3641,1.3541,-100.0,-103.0,-1.0,30,100,3.0,sl,71
futures,6J,momentum,long,9356,9357,9685,2025-09-17 18:45:00+00:00,2025-09-17 19:00:00+00:00,2025-09-23 09:00:00+00:00,0.006878,0.006834,-88.00000000000128,-91.00000000000128,-0.3003300330033046,100,300,3.0,signal,328
forex,USDCAD,momentum,short,9647,9648,9648,2025-09-17 19:15:00+00:00,2025-09-17 19:30:00+00:00,2025-09-17 19:30:00+00:00,1.3763,1.3758000000000001,5.0,3.0,0.13636363636363635,5,20,2.0,tp,0
forex,EURUSD,mean_reversion,long,9671,9672,9684,2025-09-18 07:00:00+00:00,2025-09-18 07:15:00+00:00,2025-09-18 10:15:00+00:00,1.18148,1.18338,19.000000000000128,17.000000000000128,0.22077922077922243,50,75,2.0,signal,12
forex,EURUSD,momentum,short,9671,9672,9695,2025-09-18 07:00:00+00:00,2025-09-18 07:15:00+00:00,2025-09-18 13:00:00+00:00,1.18148,1.17944,20.400000000000418,18.400000000000418,0.09108910891089315,50,200,2.0,signal,23
futures,6E,mean_reversion,long,9399,9400,9410,2025-09-18 07:00:00+00:00,2025-09-18 07:15:00+00:00,2025-09-18 09:45:00+00:00,1.18735,1.19045,62.00000000000205,59.00000000000205,0.1947194719472015,100,300,3.0,signal,10
futures,6E,momentum,short,9399,9400,9424,2025-09-18 07:00:00+00:00,2025-09-18 07:15:00+00:00,2025-09-18 13:15:00+00:00,1.18735,1.18495,47.999999999999154,44.999999999999154,0.08946322067594266,200,500,3.0,signal,24
futures,ZN,momentum,short,9354,9355,9377,2025-09-18 07:00:00+00:00,2025-09-18 07:15:00+00:00,2025-09-18 12:45:00+00:00,113.296875,113.109375,12.0,9.0,0.058823529411764705,50,150,3.0,signal,22
forex,USDCHF,mean_reversion,short,9679,9680,9690,2025-09-18 07:15:00+00:00,2025-09-18 07:30:00+00:00,2025-09-18 10:00:00+00:00,0.78946,0.78783,16.300000000000203,14.300000000000203,0.0707920792079218,75,200,2.0,signal,10
forex,USDCHF,momentum,long,9679,9680,9702,2025-09-18 07:15:00+00:00,2025-09-18 07:30:00+00:00,2025-09-18 13:00:00+00:00,0.78946,0.79101002,15.500199999999298,13.500199999999298,0.026892828685257567,200,500,2.0,signal,22
gold_spot,XAUUSD,momentum,short,9375,9376,9376,2025-09-18 07:15:00+00:00,2025-09-18 07:30:00+00:00,2025-09-18 07:30:00+00:00,3649.51,3652.51,-300.0,-311.0,-1.0,1032,300,11.0,sl,0
forex,GBPUSD,mean_reversion,short,9764,9765,9767,2025-09-18 11:00:00+00:00,2025-09-18 11:15:00+00:00,2025-09-18 11:45:00+00:00,1.36294,1.36158,13.600000000000279,11.600000000000279,0.0574257425742588,100,200,2.0,signal,2
forex,GBPUSD,momentum,long,9764,9765,9774,2025-09-18 11:00:00+00:00,2025-09-18 11:15:00+00:00,2025-09-18 13:30:00+00:00,1.36294,1.35544,-75.0,-77.0,-1.0,20,75,2.0,sl,9
futures,6B,mean_reversion,short,9409,9410,9412,2025-09-18 11:00:00+00:00,2025-09-18 11:15:00+00:00,2025-09-18 11:45:00+00:00,1.3632,1.3617,15.000000000000568,12.000000000000568,0.05911330049261364,100,200,3.0,signal,2
futures,CL,mean_reversion,short,9399,9400,9413,2025-09-18 13:15:00+00:00,2025-09-18 13:30:00+00:00,2025-09-18 16:45:00+00:00,64.06,63.7,35.99999999999994,32.99999999999994,0.10891089108910873,200,300,3.0,signal,13
futures,CL,momentum,long,9399,9400,9403,2025-09-18 13:15:00+00:00,2025-09-18 13:30:00+00:00,2025-09-18 14:15:00+00:00,64.06,64.48,42.00000000000017,39.00000000000017,0.12871287128712927,500,300,3.0,signal,3
forex,USDCHF,momentum,long,9735,9736,9741,2025-09-18 21:15:00+00:00,2025-09-18 21:30:00+00:00,2025-09-18 22:45:00+00:00,0.79099,0.79259002,16.00020000000035,14.000200000000351,0.027888844621514645,200,500,2.0,signal,5
gold_spot,XAUUSD,momentum,short,9452,9453,9454,2025-09-19 03:30:00+00:00,2025-09-19 03:45:00+00:00,2025-09-19 04:00:00+00:00,3655.61,3658.61,-300.0,-311.0,-1.0,1032,300,11.0,sl,1
futures,YM,momentum,long,9459,9460,9470,2025-09-19 13:30:00+00:00,2025-09-19 13:45:00+00:00,2025-09-19 16:15:00+00:00,46465.0,46588.0,123.0,120.0,0.23856858846918488,300,500,3.0,signal,10
gold_spot,XAUUSD,momentum,short,9492,9493,9493,2025-09-19 13:30:00+00:00,2025-09-19 13:45:00+00:00,2025-09-19 13:45:00+00:00,3656.87,3659.87,-300.0,-311.0,-1.0,1032,300,11.0,sl,0
futures,CL,mean_reversion,long,9495,9496,9671,2025-09-19 14:15:00+00:00,2025-09-19 14:30:00+00:00,2025-09-23 12:15:00+00:00,63.06,62.99,-7.000000000000028,-10.000000000000028,-0.0330033003300331,200,300,3.0,signal,175
forex,USDCAD,momentum,long,9820,9821,9821,2025-09-19 14:30:00+00:00,2025-09-19 14:45:00+00:00,2025-09-19 14:45:00+00:00,1.37888,1.37688,-20.0,-22.0,-1.0,5,20,2.0,same_bar_sl,0
futures,ES,momentum,long,9466,9467,9471,2025-09-19 15:15:00+00:00,2025-09-19 15:30:00+00:00,2025-09-19 16:30:00+00:00,6691.0,6709.5,74.0,71.0,0.23432343234323433,300,300,3.0,signal,4
futures,RTY,momentum,long,9477,9478,9566,2025-09-19 18:15:00+00:00,2025-09-19 18:30:00+00:00,2025-09-22 17:30:00+00:00,2464.6,2474.2,95.99999999999909,92.99999999999909,0.30693069306930393,500,300,3.0,signal,88
futures,6C,momentum,long,9535,9536,10157,2025-09-19 19:45:00+00:00,2025-09-19 20:00:00+00:00,2025-09-30 14:15:00+00:00,0.72815,0.72165,-129.999999999999,-132.999999999999,-0.6551724137930985,50,200,3.0,signal,621
futures,YM,momentum,long,9525,9526,9532,2025-09-22 07:00:00+00:00,2025-09-22 07:15:00+00:00,2025-09-22 08:45:00+00:00,46518.0,46544.0,26.0,23.0,0.04572564612326044,300,500,3.0,signal,6
futures,ES,momentum,long,9526,9527,9532,2025-09-22 07:15:00+00:00,2025-09-22 07:30:00+00:00,2025-09-22 08:45:00+00:00,6697.0,6710.0,52.0,49.0,0.1617161716171617,300,300,3.0,signal,5
futures,6E,momentum,short,9587,9588,9774,2025-09-22 08:00:00+00:00,2025-09-22 08:15:00+00:00,2025-09-24 08:45:00+00:00,1.1819,1.1825,-12.00000000000312,-15.00000000000312,-0.029821073558654314,200,500,3.0,signal,186
gold_spot,XAUUSD,momentum,long,9579,9580,9589,2025-09-22 12:15:00+00:00,2025-09-22 12:30:00+00:00,2025-09-22 14:45:00+00:00,3715.345,3725.665,1032.0,1021.0,3.282958199356913,1032,300,11.0,tp,9
forex,EURUSD,mean_reversion,short,9892,9893,10062,2025-09-22 14:15:00+00:00,2025-09-22 14:30:00+00:00,2025-09-24 08:45:00+00:00,1.17658,1.17692,-3.4000000000000696,-5.40000000000007,-0.07012987012987103,50,75,2.0,signal,169
forex,EURUSD,momentum,long,9892,9893,9901,2025-09-22 14:15:00+00:00,2025-09-22 14:30:00+00:00,2025-09-22 16:30:00+00:00,1.17658,1.17888,22.999999999999687,20.999999999999687,0.10396039603960242,50,200,2.0,signal,8
futures,HG,mean_reversion,long,9590,9591,9597,2025-09-22 15:45:00+00:00,2025-09-22 16:00:00+00:00,2025-09-22 17:30:00+00:00,4.621,4.6395,36.999999999999034,33.999999999999034,0.11221122112210902,150,300,3.0,signal,6
futures,HG,momentum,short,9590,9591,9756,2025-09-22 15:45:00+00:00,2025-09-22 16:00:00+00:00,2025-09-24 11:15:00+00:00,4.621,4.6075,27.000000000001023,24.000000000001023,0.3076923076923208,50,75,3.0,signal,165
forex,NZDUSD,momentum,short,10003,10004,10011,2025-09-22 22:15:00+00:00,2025-09-22 22:30:00+00:00,2025-09-23 00:15:00+00:00,0.58702672,0.58651024,5.1648000000004135,3.1648000000004135,0.14385454545456425,75,20,2.0,signal,7
gold_spot,XAUUSD,momentum,long,9631,9632,9633,2025-09-23 02:15:00+00:00,2025-09-23 02:30:00+00:00,2025-09-23 02:45:00+00:00,3742.86,3739.86,-300.0,-311.0,-1.0,1032,300,11.0,sl,1
forex,GBPUSD,momentum,long,10019,10020,10059,2025-09-23 02:45:00+00:00,2025-09-23 03:00:00+00:00,2025-09-23 12:45:00+00:00,1.35089,1.35289,20.0,18.0,0.23376623376623376,20,75,2.0,tp,39
futures,6B,mean_reversion,short,9652,9653,9654,2025-09-23 02:45:00+00:00,2025-09-23 03:00:00+00:00,2025-09-23 03:15:00+00:00,1.3511,1.3507,3.9999999999995595,0.9999999999995595,0.004926108374382066,100,200,3.0,signal,1
forex,GBPUSD,mean_reversion,long,10037,10038,10040,2025-09-23 07:15:00+00:00,2025-09-23 07:30:00+00:00,2025-09-23 08:00:00+00:00,1.35148,1.35183,3.5000000000007248,1.5000000000007248,0.007425742574261014,100,200,2.0,signal,2
futures,RTY,momentum,long,9620,9621,9625,2025-09-23 08:00:00+00:00,2025-09-23 08:15:00+00:00,2025-09-23 09:15:00+00:00,2475.3,2482.6,72.99999999999727,69.99999999999727,0.23102310231022202,500,300,3.0,signal,4
forex,AUDUSD,momentum,short,10009,10010,10129,2025-09-23 08:15:00+00:00,2025-09-23 08:30:00+00:00,2025-09-24 14:15:00+00:00,0.65958709,0.65897858,6.085100000000621,4.085100000000621,0.04005000000000608,150,100,2.0,signal,119
futures,6A,momentum,short,9676,9677,9802,2025-09-23 08:30:00+00:00,2025-09-23 08:45:00+00:00,2025-09-24 17:00:00+00:00,0.66065,0.65835,45.999999999999375,42.999999999999375,0.08548707753479001,200,500,3.0,signal,125
forex,GBPUSD,mean_reversion,long,10048,10049,10060,2025-09-23 10:00:00+00:00,2025-09-23 10:15:00+00:00,2025-09-23 13:00:00+00:00,1.35139,1.35327,18.799999999998818,16.799999999998818,0.08316831683167732,100,200,2.0,signal,11
forex,USDCHF,mean_reversion,long,9973,9974,10061,2025-09-23 10:30:00+00:00,2025-09-23 10:45:00+00:00,2025-09-24 08:30:00+00:00,0.79259002,0.79394001,13.499900000000231,11.499900000000231,0.056930198019803126,75,200,2.0,signal,87
forex,USDCHF,momentum,short,9973,9974,9997,2025-09-23 10:30:00+00:00,2025-09-23 10:45:00+00:00,2025-09-23 16:30:00+00:00,0.79259002,0.79166001,9.300100000000366,7.300100000000366,0.01454203187251069,200,500,2.0,signal,23
forex,USDJPY,momentum,short,9968,9969,9999,2025-09-23 10:30:00+00:00,2025-09-23 10:45:00+00:00,2025-09-23 18:15:00+00:00,147.759,147.532,22.699999999997544,20.699999999997544,0.041235059760951286,200,500,2.0,signal,30
futures,6E,mean_reversion,short,9689,9690,9774,2025-09-23 10:30:00+00:00,2025-09-23 10:45:00+00:00,2025-09-24 08:45:00+00:00,1.18485,1.1825,46.999999999997044,43.999999999997044,0.14521452145213545,100,300,3.0,signal,84
futures,6J,mean_reversion,short,9691,9692,9757,2025-09-23 10:30:00+00:00,2025-09-23 10:45:00+00:00,2025-09-24 04:00:00+00:00,0.0068245,0.0068185,11.999999999999858,8.999999999999858,0.04433497536945743,200,200,3.0,signal,65
futures,6J,momentum,long,9691,9692,9722,2025-09-23 10:30:00+00:00,2025-09-23 10:45:00+00:00,2025-09-23 18:15:00+00:00,0.0068245,0.006835,21.000000000000185,18.000000000000185,0.059405940594060014,100,300,3.0,signal,30
futures,6B,mean_reversion,long,9688,9689,9694,2025-09-23 11:45:00+00:00,2025-09-23 12:00:00+00:00,2025-09-23 13:15:00+00:00,1.3517,1.353,13.000000000000789,10.000000000000789,0.04926108374384625,100,200,3.0,signal,5
forex,AUDUSD,mean_reversion,short,10033,10034,10053,2025-09-23 14:15:00+00:00,2025-09-23 14:30:00+00:00,2025-09-23 19:15:00+00:00,0.66037112,0.65967411,6.970099999999979,4.970099999999979,0.03269802631578934,50,150,2.0,signal,19
forex,GBPUSD,mean_reversion,short,10065,10066,10121,2025-09-23 14:15:00+00:00,2025-09-23 14:30:00+00:00,2025-09-24 04:15:00+00:00,1.35153,1.35089,6.399999999999739,4.399999999999739,0.02178217821782049,100,200,2.0,signal,55
forex,GBPUSD,momentum,long,10065,10066,10155,2025-09-23 14:15:00+00:00,2025-09-23 14:30:00+00:00,2025-09-24 12:45:00+00:00,1.35153,1.3440299999999998,-75.0,-77.0,-1.0,20,75,2.0,sl,89
futures,6A,mean_reversion,short,9699,9700,9719,2025-09-23 14:15:00+00:00,2025-09-23 14:30:00+00:00,2025-09-23 19:15:00+00:00,0.66095,0.66035,12.000000000000899,9.000000000000899,0.044334975369462556,50,200,3.0,signal,19
futures,6B,mean_reversion,short,9698,9699,9750,2025-09-23 14:15:00+00:00,2025-09-23 14:30:00+00:00,2025-09-24 04:15:00+00:00,1.3517,1.3511,5.999999999999339,2.999999999999339,0.014778325123149454,100,200,3.0,signal,51
gold_spot,XAUUSD,momentum,long,9679,9680,9684,2025-09-23 14:15:00+00:00,2025-09-23 14:30:00+00:00,2025-09-23 15:30:00+00:00,3771.15,3781.4700000000003,1032.0,1021.0,3.282958199356913,1032,300,11.0,tp,4
forex,NZDUSD,momentum,short,10069,10070,10084,2025-09-23 14:45:00+00:00,2025-09-23 15:00:00+00:00,2025-09-23 18:30:00+00:00,0.58606339,0.58582306,2.403300000000108,0.4033000000001081,0.018331818181823098,75,20,2.0,signal,14
futures,ES,momentum,long,9653,9654,9824,2025-09-23 16:00:00+00:00,2025-09-23 16:15:00+00:00,2025-09-25 12:45:00+00:00,6734.75,6659.75,-300.0,-303.0,-1.0,300,300,3.0,sl,170
futures,ZN,momentum,short,9666,9667,9812,2025-09-23 16:00:00+00:00,2025-09-23 16:15:00+00:00,2025-09-25 06:30:00+00:00,112.78125,112.578125,13.0,10.0,0.06535947712418301,50,150,3.0,signal,145
futures,NQ,momentum,long,9658,9659,9659,2025-09-23 17:15:00+00:00,2025-09-23 17:30:00+00:00,2025-09-23 17:30:00+00:00,24868.75,24785.25,-334.0,-337.0,-1.0,500,334,3.0,sl,0
gold_spot,XAUUSD,momentum,long,9697,9698,9699,2025-09-23 18:45:00+00:00,2025-09-23 19:00:00+00:00,2025-09-23 19:15:00+00:00,3756.89,3753.89,-300.0,-311.0,-1.0,1032,300,11.0,sl,1
forex,AUDUSD,mean_reversion,long,10056,10057,10081,2025-09-23 20:00:00+00:00,2025-09-23 20:15:00+00:00,2025-09-24 02:15:00+00:00,0.66006601,0.661901,18.349899999999806,16.349899999999806,0.1075651315789461,50,150,2.0,signal,24
gold_spot,XAUUSD,momentum,long,9722,9723,9728,2025-09-24 02:00:00+00:00,2025-09-24 02:15:00+00:00,2025-09-24 03:30:00+00:00,3753.45,3763.77,1032.0,1021.0,3.282958199356913,1032,300,11.0,tp,5
futures,YM,momentum,long,9709,9710,9733,2025-09-24 07:00:00+00:00,2025-09-24 07:15:00+00:00,2025-09-24 13:00:00+00:00,46643.0,46713.0,70.0,67.0,0.13320079522862824,300,500,3.0,signal,23
futures,RTY,momentum,long,9709,9710,9816,2025-09-24 07:15:00+00:00,2025-09-24 07:30:00+00:00,2025-09-25 11:00:00+00:00,2473.8,2443.8,-300.0,-303.0,-1.0,500,300,3.0,sl,106
futures,ES,mean_reversion,long,9715,9716,9939,2025-09-24 08:30:00+00:00,2025-09-24 08:45:00+00:00,2025-09-26 18:30:00+00:00,6723.5,6696.5,-108.0,-111.0,-0.220675944333996,500,500,3.0,signal,223
futures,CL,mean_reversion,short,9749,9750,9958,2025-09-24 08:45:00+00:00,2025-09-24 09:00:00+00:00,2025-09-26 15:00:00+00:00,63.41,66.41,-300.0,-303.0,-1.0,200,300,3.0,sl,208
gold_spot,XAUUSD,momentum,long,9771,9772,9772,2025-09-24 14:15:00+00:00,2025-09-24 14:30:00+00:00,2025-09-24 14:30:00+00:00,3759.015,3756.015,-300.0,-311.0,-1.0,1032,300,11.0,sl,0
futures,YM,momentum,long,9740,9741,9845,2025-09-24 14:45:00+00:00,2025-09-24 15:00:00+00:00,2025-09-25 18:00:00+00:00,46657.0,46157.0,-500.0,-503.0,-1.0,300,500,3.0,sl,104
futures,NG,momentum,long,9781,9782,9790,2025-09-24 16:45:00+00:00,2025-09-24 17:00:00+00:00,2025-09-24 19:00:00+00:00,2.851,2.871,20.000000000000018,17.000000000000018,0.05610561056105617,500,300,3.0,signal,8
futures,NG,mean_reversion,short,9783,9784,9809,2025-09-24 17:15:00+00:00,2025-09-24 17:30:00+00:00,2025-09-25 00:45:00+00:00,2.849,3.149,-300.0,-303.0,-1.0,500,300,3.0,sl,25
gold_spot,XAUUSD,momentum,short,9795,9796,9796,2025-09-24 20:15:00+00:00,2025-09-24 20:30:00+00:00,2025-09-24 20:30:00+00:00,3732.065,3735.065,-300.0,-311.0,-1.0,1032,300,11.0,sl,0
forex,AUDUSD,momentum,short,10179,10180,10200,2025-09-25 02:45:00+00:00,2025-09-25 03:00:00+00:00,2025-09-25 08:00:00+00:00,0.65989178,0.65893513,9.566500000000033,7.566500000000033,0.07418137254901994,150,100,2.0,signal,20
futures,6A,momentum,short,9837,9838,9858,2025-09-25 02:45:00+00:00,2025-09-25 03:00:00+00:00,2025-09-25 08:00:00+00:00,0.66045,0.65925,23.999999999999577,20.999999999999577,0.041749502982106515,200,500,3.0,signal,20
futures,ZB,mean_reversion,long,9815,9816,9975,2025-09-25 07:45:00+00:00,2025-09-25 08:00:00+00:00,2025-09-29 01:45:00+00:00,116.46875,116.4375,-1.0,-4.0,-0.07547169811320754,15,50,3.0,signal,159
gold_spot,XAUUSD,momentum,short,9837,9838,9838,2025-09-25 07:45:00+00:00,2025-09-25 08:00:00+00:00,2025-09-25 08:00:00+00:00,3752.42,3755.42,-300.0,-311.0,-1.0,1032,300,11.0,sl,0
forex,AUDUSD,momentum,short,10201,10202,10213,2025-09-25 08:15:00+00:00,2025-09-25 08:30:00+00:00,2025-09-25 11:15:00+00:00,0.66028392,0.65906543,12.18490000000072,10.18490000000072,0.09985196078432079,150,100,2.0,signal,11
futures,6A,momentum,short,9862,9863,9871,2025-09-25 09:00:00+00:00,2025-09-25 09:15:00+00:00,2025-09-25 11:15:00+00:00,0.6609,0.6593,32.00000000000092,29.000000000000917,0.05765407554672151,200,500,3.0,signal,8
gold_spot,XAUUSD,momentum,long,9850,9851,9853,2025-09-25 11:00:00+00:00,2025-09-25 11:15:00+00:00,2025-09-25 11:45:00+00:00,3743.5,3753.82,1032.0,1021.0,3.282958199356913,1032,300,11.0,tp,2
futures,CL,momentum,long,9860,9861,9867,2025-09-25 13:30:00+00:00,2025-09-25 13:45:00+00:00,2025-09-25 15:15:00+00:00,64.14,64.57,42.99999999999926,39.99999999999926,0.1320132013201296,500,300,3.0,signal,6
gold_spot,XAUUSD,momentum,short,9880,9881,9884,2025-09-25 18:30:00+00:00,2025-09-25 18:45:00+00:00,2025-09-25 19:30:00+00:00,3755.635,3745.315,1032.0,1021.0,3.282958199356913,1032,300,11.0,tp,3
futures,YM,momentum,short,9914,9915,9925,2025-09-26 12:15:00+00:00,2025-09-26 12:30:00+00:00,2025-09-26 15:00:00+00:00,46412.0,46378.0,34.0,31.0,0.061630218687872766,300,500,3.0,signal,10
futures,ES,momentum,short,9915,9916,9925,2025-09-26 12:30:00+00:00,2025-09-26 12:45:00+00:00,2025-09-26 15:00:00+00:00,6686.5,6662.75,95.0,92.0,0.30363036303630364,300,300,3.0,signal,9
futures,NQ,mean_reversion,long,9930,9931,9932,2025-09-26 16:15:00+00:00,2025-09-26 16:30:00+00:00,2025-09-26 16:45:00+00:00,24661.75,24699.25,150.0,147.0,0.2922465208747515,150,500,3.0,tp,1
futures,NQ,momentum,short,9930,9931,9945,2025-09-26 16:15:00+00:00,2025-09-26 16:30:00+00:00,2025-09-26 20:00:00+00:00,24661.75,24745.25,-334.0,-337.0,-1.0,500,334,3.0,sl,14
futures,RTY,momentum,short,9929,9930,10079,2025-09-26 16:15:00+00:00,2025-09-26 16:30:00+00:00,2025-09-30 07:45:00+00:00,2443.1,2443.9,-8.000000000001819,-11.000000000001819,-0.03630363036304231,500,300,3.0,signal,149
gold_spot,XAUUSD,momentum,long,9977,9978,9980,2025-09-26 19:45:00+00:00,2025-09-26 20:00:00+00:00,2025-09-26 20:30:00+00:00,3766.84,3763.84,-300.0,-311.0,-1.0,1032,300,11.0,sl,2
futures,6J,momentum,short,10017,10018,10444,2025-09-29 00:00:00+00:00,2025-09-29 00:15:00+00:00,2025-10-03 14:45:00+00:00,0.0067505,0.006828,-154.9999999999989,-157.9999999999989,-0.5214521452145178,100,300,3.0,signal,426
forex,USDJPY,momentum,long,10303,10304,10771,2025-09-29 00:15:00+00:00,2025-09-29 00:30:00+00:00,2025-10-05 23:15:00+00:00,149.245,149.274,2.899999999999636,0.8999999999996362,0.0017928286852582395,200,500,2.0,signal,467
forex,AUDUSD,momentum,short,10364,10365,10700,2025-09-29 02:15:00+00:00,2025-09-29 02:30:00+00:00,2025-10-02 14:15:00+00:00,0.65616798,0.65923929,-30.71310000000049,-32.713100000000495,-0.32071666666667153,150,100,2.0,signal,335
futures,CL,momentum,long,10019,10020,10210,2025-09-29 07:15:00+00:00,2025-09-29 07:30:00+00:00,2025-10-01 09:00:00+00:00,64.95,61.95,-300.0,-303.0,-1.0,500,300,3.0,sl,190
gold_spot,XAUUSD,momentum,long,10021,10022,10022,2025-09-29 07:45:00+00:00,2025-09-29 08:00:00+00:00,2025-09-29 08:00:00+00:00,3806.265,3816.585,1032.0,1021.0,3.282958199356913,1032,300,11.0,tp,0
futures,6E,momentum,long,10048,10049,10066,2025-09-29 08:15:00+00:00,2025-09-29 08:30:00+00:00,2025-09-29 12:45:00+00:00,1.17665,1.17885,43.999999999999595,40.999999999999595,0.08151093439363737,200,500,3.0,signal,17
forex,NZDUSD,momentum,long,10431,10432,10446,2025-09-29 09:15:00+00:00,2025-09-29 09:30:00+00:00,2025-09-29 13:00:00+00:00,0.57917291,0.57897174,-2.011700000000838,-4.011700000000838,-0.1823500000000381,75,20,2.0,signal,14
gold_spot,XAUUSD,momentum,long,10041,10042,10042,2025-09-29 12:45:00+00:00,2025-09-29 13:00:00+00:00,2025-09-29 13:00:00+00:00,3813.84,3810.84,-300.0,-311.0,-1.0,1032,300,11.0,sl,0
forex,USDCHF,mean_reversion,long,10364,10365,10390,2025-09-29 14:00:00+00:00,2025-09-29 14:15:00+00:00,2025-09-29 20:30:00+00:00,0.79737997,0.79781002,4.300499999999596,2.3004999999995963,0.01138861386138414,75,200,2.0,signal,25
futures,ES,momentum,long,10020,10021,10116,2025-09-29 15:45:00+00:00,2025-09-29 16:00:00+00:00,2025-09-30 16:45:00+00:00,6711.0,6713.75,11.0,8.0,0.026402640264026403,300,300,3.0,signal,95
forex,USDCHF,momentum,short,10397,10398,10432,2025-09-29 22:15:00+00:00,2025-09-29 22:30:00+00:00,2025-09-30 07:00:00+00:00,0.79765999,0.79632002,13.399699999999681,11.399699999999681,0.02270856573705116,200,500,2.0,signal,34
forex,NZDUSD,momentum,short,10488,10489,10500,2025-09-29 23:30:00+00:00,2025-09-29 23:45:00+00:00,2025-09-30 02:30:00+00:00,0.57820177,0.57816839,0.33379999999971766,-1.6662000000002823,-0.07573636363637647,75,20,2.0,signal,11
forex,GBPUSD,momentum,long,10491,10492,10514,2025-09-30 00:45:00+00:00,2025-09-30 01:00:00+00:00,2025-09-30 06:30:00+00:00,1.34282,1.34482,20.0,18.0,0.23376623376623376,20,75,2.0,tp,22
gold_spot,XAUUSD,momentum,long,10109,10110,10110,2025-09-30 06:45:00+00:00,2025-09-30 07:00:00+00:00,2025-09-30 07:00:00+00:00,3855.755,3852.755,-300.0,-311.0,-1.0,1032,300,11.0,sl,0
futures,NQ,momentum,long,10079,10080,10124,2025-09-30 07:30:00+00:00,2025-09-30 07:45:00+00:00,2025-09-30 18:45:00+00:00,24765.75,24838.75,292.0,289.0,0.857566765578635,500,334,3.0,signal,44
forex,USDCHF,momentum,short,10441,10442,10454,2025-09-30 09:15:00+00:00,2025-09-30 09:30:00+00:00,2025-09-30 12:30:00+00:00,0.79723001,0.79690999,3.2002000000008746,1.2002000000008746,0.0023908366533881963,200,500,2.0,signal,12
futures,ZN,momentum,long,10105,10106,10111,2025-09-30 10:45:00+00:00,2025-09-30 11:00:00+00:00,2025-09-30 12:15:00+00:00,112.546875,112.609375,4.0,1.0,0.006535947712418301,50,150,3.0,signal,5
forex,GBPUSD,momentum,long,10532,10533,10536,2025-09-30 11:00:00+00:00,2025-09-30 11:15:00+00:00,2025-09-30 12:00:00+00:00,1.34257,1.34457,20.0,18.0,0.23376623376623376,20,75,2.0,tp,3
futures,6B,momentum,long,10145,10146,10151,2025-09-30 11:00:00+00:00,2025-09-30 11:15:00+00:00,2025-09-30 12:30:00+00:00,1.3427,1.3448,20.999999999999908,17.999999999999908,0.17475728155339715,30,100,3.0,signal,5
futures,YM,momentum,short,10099,10100,10108,2025-09-30 12:30:00+00:00,2025-09-30 12:45:00+00:00,2025-09-30 14:45:00+00:00,46572.0,46473.0,99.0,96.0,0.1908548707753479,300,500,3.0,signal,8
forex,EURUSD,momentum,long,10463,10464,10470,2025-09-30 13:00:00+00:00,2025-09-30 13:15:00+00:00,2025-09-30 14:45:00+00:00,1.17276,1.1748,20.400000000000418,18.400000000000418,0.09108910891089315,50,200,2.0,signal,6
futures,6E,momentum,long,10159,10160,10166,2025-09-30 13:00:00+00:00,2025-09-30 13:15:00+00:00,2025-09-30 14:45:00+00:00,1.17785,1.1799,40.999999999997705,37.999999999997705,0.07554671968190399,200,500,3.0,signal,6
futures,ES,mean_reversion,long,10102,10103,10105,2025-09-30 13:15:00+00:00,2025-09-30 13:30:00+00:00,2025-09-30 14:00:00+00:00,6706.75,6707.75,4.0,1.0,0.0019880715705765406,500,500,3.0,signal,2
futures,RTY,momentum,short,10101,10102,10107,2025-09-30 13:15:00+00:00,2025-09-30 13:30:00+00:00,2025-09-30 14:45:00+00:00,2446.5,2436.5,100.0,97.0,0.3201320132013201,500,300,3.0,signal,5
forex,USDCHF,mean_reversion,long,10465,10466,10551,2025-09-30 15:15:00+00:00,2025-09-30 15:30:00+00:00,2025-10-01 12:45:00+00:00,0.79734999,0.79708999,-2.5999999999992696,-4.59999999999927,-0.022772277227719157,75,200,2.0,signal,85
forex,USDCHF,momentum,short,10465,10466,10471,2025-09-30 15:15:00+00:00,2025-09-30 15:30:00+00:00,2025-09-30 16:45:00+00:00,0.79734999,0.79501998,23.300099999999933,21.300099999999933,0.04243047808764927,200,500,2.0,signal,5
futures,6E,momentum,long,10168,10169,10174,2025-09-30 15:15:00+00:00,2025-09-30 15:30:00+00:00,2025-09-30 16:45:00+00:00,1.17775,1.18025,49.999999999998934,46.999999999998934,0.09343936381709529,200,500,3.0,signal,5
futures,6C,mean_reversion,long,10169,10170,10221,2025-09-30 17:15:00+00:00,2025-09-30 17:30:00+00:00,2025-10-01 07:15:00+00:00,0.72095,0.72125,5.999999999999339,2.999999999999339,0.014778325123149454,75,200,3.0,signal,51
futures,6C,momentum,short,10169,10170,10223,2025-09-30 17:15:00+00:00,2025-09-30 17:30:00+00:00,2025-10-01 07:45:00+00:00,0.72095,0.7206,6.999999999999229,3.999999999999229,0.019704433497533147,50,200,3.0,signal,53
futures,ZB,mean_reversion,short,10132,10133,10150,2025-09-30 18:00:00+00:00,2025-09-30 18:15:00+00:00,2025-09-30 23:30:00+00:00,116.6875,116.46875,7.0,4.0,0.07547169811320754,15,50,3.0,signal,17
futures,6E,mean_reversion,short,10181,10182,10268,2025-09-30 18:30:00+00:00,2025-09-30 18:45:00+00:00,2025-10-01 17:15:00+00:00,1.1789,1.1779,20.000000000002238,17.000000000002238,0.056105610561063494,100,300,3.0,signal,86
futures,RTY,momentum,short,10124,10125,10168,2025-09-30 19:00:00+00:00,2025-09-30 19:15:00+00:00,2025-10-01 07:00:00+00:00,2442.0,2426.6,154.0000000000009,151.0000000000009,0.4983498349835013,500,300,3.0,signal,43
forex,USDCHF,momentum,short,10494,10495,10520,2025-09-30 22:30:00+00:00,2025-09-30 22:45:00+00:00,2025-10-01 05:00:00+00:00,0.79632002,0.79434001,19.80010000000032,17.80010000000032,0.03545836653386518,200,500,2.0,signal,25
forex,NZDUSD,momentum,long,10587,10588,10605,2025-10-01 00:15:00+00:00,2025-10-01 00:30:00+00:00,2025-10-01 04:45:00+00:00,0.57920647,0.57971013,5.036600000000169,3.0366000000001687,0.1380272727272804,75,20,2.0,signal,17
futures,YM,momentum,long,10145,10146,10200,2025-10-01 01:00:00+00:00,2025-10-01 01:15:00+00:00,2025-10-01 14:45:00+00:00,46544.0,46651.0,107.0,104.0,0.20675944333996024,300,500,3.0,signal,54
futures,ZN,mean_reversion,long,10186,10187,10202,2025-10-01 08:00:00+00:00,2025-10-01 08:15:00+00:00,2025-10-01 12:00:00+00:00,112.46875,112.625,10.0,7.0,0.1320754716981132,15,50,3.0,signal,15
futures,ZN,momentum,short,10186,10187,10423,2025-10-01 08:00:00+00:00,2025-10-01 08:15:00+00:00,2025-10-05 22:15:00+00:00,112.46875,112.515625,-3.0,-6.0,-0.0392156862745098,50,150,3.0,signal,236
futures,ES,momentum,short,10178,10179,10281,2025-10-01 09:15:00+00:00,2025-10-01 09:30:00+00:00,2025-10-02 12:00:00+00:00,6704.5,6779.5,-300.0,-303.0,-1.0,300,300,3.0,sl,102
futures,HG,momentum,long,10208,10209,10212,2025-10-01 09:15:00+00:00,2025-10-01 09:30:00+00:00,2025-10-01 10:15:00+00:00,4.844,4.869000000000001,50.0,47.0,0.6025641025641025,50,75,3.0,tp,3
futures,RTY,momentum,short,10186,10187,10193,2025-10-01 11:30:00+00:00,2025-10-01 11:45:00+00:00,2025-10-01 13:15:00+00:00,2448.1,2442.8,52.99999999999727,49.99999999999727,0.16501650165015602,500,300,3.0,signal,6
gold_spot,XAUUSD,momentum,long,10226,10227,10228,2025-10-01 13:00:00+00:00,2025-10-01 13:15:00+00:00,2025-10-01 13:30:00+00:00,3865.485,3875.8050000000003,1032.0,1021.0,3.282958199356913,1032,300,11.0,tp,1
futures,6A,momentum,long,10255,10256,10294,2025-10-01 15:15:00+00:00,2025-10-01 15:30:00+00:00,2025-10-02 02:00:00+00:00,0.66075,0.6625,35.00000000000058,32.00000000000058,0.06361829025845046,200,500,3.0,signal,38
forex,NZDUSD,momentum,long,10670,10671,10676,2025-10-01 21:00:00+00:00,2025-10-01 21:15:00+00:00,2025-10-01 22:30:00+00:00,0.58065265,0.58197057,13.179199999999724,11.179199999999724,0.508145454545442,75,20,2.0,signal,5
futures,ZB,mean_reversion,short,10293,10294,10410,2025-10-02 12:30:00+00:00,2025-10-02 12:45:00+00:00,2025-10-03 19:00:00+00:00,116.9375,116.9375,-0.0,-3.0,-0.05660377358490566,15,50,3.0,signal,116
futures,ZB,momentum,long,10293,10294,10303,2025-10-02 12:30:00+00:00,2025-10-02 12:45:00+00:00,2025-10-02 15:00:00+00:00,116.9375,117.09375,5.0,2.0,0.02564102564102564,30,75,3.0,signal,9
forex,USDCHF,momentum,short,10649,10650,10753,2025-10-02 13:15:00+00:00,2025-10-02 13:30:00+00:00,2025-10-03 15:15:00+00:00,0.79688001,0.79518002,16.999899999999844,14.999899999999844,0.02988027888446184,200,500,2.0,signal,103
gold_spot,XAUUSD,momentum,long,10322,10323,10323,2025-10-02 14:00:00+00:00,2025-10-02 14:15:00+00:00,2025-10-02 14:15:00+00:00,3871.545,3868.545,-300.0,-311.0,-1.0,1032,300,11.0,sl,0
futures,GC,momentum,long,10310,10311,10311,2025-10-02 14:15:00+00:00,2025-10-02 14:30:00+00:00,2025-10-02 14:30:00+00:00,3888.3,3877.3,-110.0,-113.0,-1.0,300,110,3.0,sl,0
futures,YM,momentum,long,10291,10292,10299,2025-10-02 14:30:00+00:00,2025-10-02 14:45:00+00:00,2025-10-02 16:30:00+00:00,46637.0,46673.0,36.0,33.0,0.06560636182902585,300,500,3.0,signal,7
gold_spot,XAUUSD,momentum,short,10334,10335,10341,2025-10-02 17:00:00+00:00,2025-10-02 17:15:00+00:00,2025-10-02 18:45:00+00:00,3845.81,3848.81,-300.0,-311.0,-1.0,1032,300,11.0,sl,6
forex,NZDUSD,momentum,long,10797,10798,10803,2025-10-03 04:45:00+00:00,2025-10-03 05:00:00+00:00,2025-10-03 06:15:00+00:00,0.58159822,0.58244509,8.46869999999944,6.468699999999441,0.29403181818179275,75,20,2.0,signal,5
gold_spot,XAUUSD,momentum,short,10382,10383,10387,2025-10-03 06:00:00+00:00,2025-10-03 06:15:00+00:00,2025-10-03 07:15:00+00:00,3859.385,3862.385,-300.0,-311.0,-1.0,1032,300,11.0,sl,4
forex,AUDUSD,mean_reversion,long,10764,10765,10785,2025-10-03 06:15:00+00:00,2025-10-03 06:30:00+00:00,2025-10-03 11:30:00+00:00,0.66028392,0.66063291,3.4898999999999347,1.4898999999999347,0.009801973684210097,50,150,2.0,signal,20
forex,AUDUSD,momentum,short,10765,10766,10827,2025-10-03 06:30:00+00:00,2025-10-03 06:45:00+00:00,2025-10-05 23:15:00+00:00,0.66041476,0.65936965,10.451099999999602,8.451099999999602,0.08285392156862355,150,100,2.0,signal,61
futures,6A,momentum,short,10404,10405,10464,2025-10-03 06:30:00+00:00,2025-10-03 06:45:00+00:00,2025-10-05 22:30:00+00:00,0.66075,0.65955,23.999999999999577,20.999999999999577,0.041749502982106515,200,500,3.0,signal,59
forex,GBPUSD,momentum,short,10806,10807,10814,2025-10-03 07:30:00+00:00,2025-10-03 07:45:00+00:00,2025-10-03 09:30:00+00:00,1.34553,1.34488,6.499999999998174,4.499999999998174,0.05844155844153472,20,75,2.0,signal,7
futures,6B,momentum,short,10407,10408,10461,2025-10-03 07:30:00+00:00,2025-10-03 07:45:00+00:00,2025-10-05 22:00:00+00:00,1.3457,1.3427,30.0,27.0,0.2621359223300971,30,100,3.0,tp,53
futures,6C,momentum,short,10427,10428,10461,2025-10-03 12:45:00+00:00,2025-10-03 13:00:00+00:00,2025-10-05 22:15:00+00:00,0.71915,0.71835,15.999999999998238,12.999999999998238,0.06403940886698639,50,200,3.0,signal,33
futures,ZN,mean_reversion,short,10390,10391,10403,2025-10-03 13:00:00+00:00,2025-10-03 13:15:00+00:00,2025-10-03 16:15:00+00:00,112.828125,112.71875,7.0,4.0,0.07547169811320754,15,50,3.0,signal,12
forex,GBPUSD,momentum,short,10829,10830,10864,2025-10-03 13:15:00+00:00,2025-10-03 13:30:00+00:00,2025-10-05 22:00:00+00:00,1.34642,1.34442,20.0,18.0,0.23376623376623376,20,75,2.0,tp,34
futures,NG,momentum,short,10411,10412,10417,2025-10-03 13:15:00+00:00,2025-10-03 13:30:00+00:00,2025-10-03 14:45:00+00:00,3.407,3.36,47.00000000000015,44.00000000000015,0.1452145214521457,500,300,3.0,signal,5
futures,NG,mean_reversion,long,10412,10413,10472,2025-10-03 13:30:00+00:00,2025-10-03 13:45:00+00:00,2025-10-06 05:30:00+00:00,3.401,3.42,19.000000000000128,16.000000000000128,0.05280528052805323,500,300,3.0,signal,59
forex,NZDUSD,momentum,long,10833,10834,10842,2025-10-03 13:45:00+00:00,2025-10-03 14:00:00+00:00,2025-10-03 16:00:00+00:00,0.58275062,0.58387339,11.227700000000507,9.227700000000507,0.4194409090909321,75,20,2.0,signal,8
futures,SI,momentum,long,10374,10375,10380,2025-10-03 14:00:00+00:00,2025-10-03 14:15:00+00:00,2025-10-03 15:30:00+00:00,47.34,48.26,183.99999999999892,180.99999999999892,0.35984095427435175,500,500,3.0,signal,5
futures,NQ,momentum,long,10393,10394,10396,2025-10-03 17:00:00+00:00,2025-10-03 17:15:00+00:00,2025-10-03 17:45:00+00:00,25080.75,24997.25,-334.0,-337.0,-1.0,500,334,3.0,sl,2
forex,AUDUSD,mean_reversion,short,10808,10809,10827,2025-10-03 17:15:00+00:00,2025-10-03 17:30:00+00:00,2025-10-05 23:15:00+00:00,0.66098225,0.65936965,16.12599999999964,14.125999999999639,0.09293421052631341,50,150,2.0,signal,18
forex,NZDUSD,momentum,long,10863,10864,10870,2025-10-03 21:15:00+00:00,2025-10-03 21:30:00+00:00,2025-10-06 00:00:00+00:00,0.58198,0.58261478,6.347799999999459,4.347799999999459,0.19762727272724814,75,20,2.0,signal,6
futures,NQ,momentum,short,10412,10413,10455,2025-10-05 22:45:00+00:00,2025-10-05 23:00:00+00:00,2025-10-06 09:30:00+00:00,25053.5,25137.0,-334.0,-337.0,-1.0,500,334,3.0,sl,42
forex,USDCHF,momentum,short,10776,10777,10791,2025-10-05 23:00:00+00:00,2025-10-05 23:15:00+00:00,2025-10-06 02:45:00+00:00,0.79734999,0.79578,15.6998999999991,13.6998999999991,0.02729063745019741,200,500,2.0,signal,14
futures,NQ,mean_reversion,long,10413,10414,10429,2025-10-05 23:00:00+00:00,2025-10-05 23:15:00+00:00,2025-10-06 03:00:00+00:00,25058.75,25081.0,89.0,86.0,0.1709741550695825,150,500,3.0,signal,15
forex,AUDUSD,momentum,short,10836,10837,10956,2025-10-06 01:30:00+00:00,2025-10-06 01:45:00+00:00,2025-10-07 07:30:00+00:00,0.66045839,0.65906543,13.929599999999986,11.929599999999986,0.11695686274509791,150,100,2.0,signal,119
forex,GBPUSD,momentum,short,10877,10878,10895,2025-10-06 01:45:00+00:00,2025-10-06 02:00:00+00:00,2025-10-06 06:15:00+00:00,1.34503,1.34344,15.899999999999803,13.899999999999803,0.18051948051947797,20,75,2.0,signal,17
futures,6A,momentum,short,10477,10478,10661,2025-10-06 01:45:00+00:00,2025-10-06 02:00:00+00:00,2025-10-08 01:45:00+00:00,0.6613,0.6569,87.99999999999919,84.99999999999919,0.16898608349900435,200,500,3.0,signal,183
futures,6C,momentum,short,10475,10476,10608,2025-10-06 01:45:00+00:00,2025-10-06 02:00:00+00:00,2025-10-07 12:00:00+00:00,0.71915,0.7187,8.999999999999009,5.999999999999009,0.029556650246300536,50,200,3.0,signal,132
forex,EURUSD,mean_reversion,long,10803,10804,10826,2025-10-06 02:30:00+00:00,2025-10-06 02:45:00+00:00,2025-10-06 08:15:00+00:00,1.17269,1.16519,-75.0,-77.0,-1.0,50,75,2.0,sl,22
forex,EURUSD,momentum,short,10803,10804,10820,2025-10-06 02:30:00+00:00,2025-10-06 02:45:00+00:00,2025-10-06 06:45:00+00:00,1.17269,1.17012,25.699999999999612,23.699999999999612,0.1173267326732654,50,200,2.0,signal,16
forex,AUDUSD,mean_reversion,short,10849,10850,10869,2025-10-06 04:45:00+00:00,2025-10-06 05:00:00+00:00,2025-10-06 09:45:00+00:00,0.66050196,0.65936965,11.323100000000252,9.323100000000252,0.06133618421052798,50,150,2.0,signal,19
gold_spot,XAUUSD,momentum,long,10474,10475,10478,2025-10-06 06:00:00+00:00,2025-10-06 06:15:00+00:00,2025-10-06 07:00:00+00:00,3925.87,3936.19,1032.0,1021.0,3.282958199356913,1032,300,11.0,tp,3
forex,GBPUSD,momentum,short,10899,10900,10902,2025-10-06 07:15:00+00:00,2025-10-06 07:30:00+00:00,2025-10-06 08:00:00+00:00,1.34577,1.34377,20.0,18.0,0.23376623376623376,20,75,2.0,tp,2
futures,6B,momentum,short,10498,10499,10501,2025-10-06 07:15:00+00:00,2025-10-06 07:30:00+00:00,2025-10-06 08:00:00+00:00,1.3459,1.3429000000000002,30.0,27.0,0.2621359223300971,30,100,3.0,tp,2
forex,AUDUSD,mean_reversion,long,10876,10877,10885,2025-10-06 11:30:00+00:00,2025-10-06 11:45:00+00:00,2025-10-06 13:45:00+00:00,0.66006601,0.661901,18.349899999999806,16.349899999999806,0.1075651315789461,50,150,2.0,signal,8
forex,NZDUSD,mean_reversion,long,10919,10920,10925,2025-10-06 12:15:00+00:00,2025-10-06 12:30:00+00:00,2025-10-06 13:45:00+00:00,0.58275062,0.58373708,9.864600000000223,7.864600000000223,0.07710392156862964,50,100,2.0,signal,5
futures,NG,mean_reversion,short,10499,10500,10512,2025-10-06 12:15:00+00:00,2025-10-06 12:30:00+00:00,2025-10-06 15:30:00+00:00,3.393,3.365,27.99999999999958,24.99999999999958,0.08250825082508112,500,300,3.0,signal,12
forex,GBPUSD,momentum,short,10922,10923,10998,2025-10-06 13:00:00+00:00,2025-10-06 13:15:00+00:00,2025-10-07 08:00:00+00:00,1.34403,1.34372,3.1000000000003247,1.1000000000003247,0.014285714285718502,20,75,2.0,signal,75
futures,ES,momentum,long,10471,10472,10481,2025-10-06 13:30:00+00:00,2025-10-06 13:45:00+00:00,2025-10-06 16:00:00+00:00,6775.5,6790.25,59.0,56.0,0.1848184818481848,300,300,3.0,signal,9
futures,YM,momentum,long,10471,10472,10478,2025-10-06 13:30:00+00:00,2025-10-06 13:45:00+00:00,2025-10-06 15:15:00+00:00,46970.0,46925.0,-45.0,-48.0,-0.09542743538767395,300,500,3.0,signal,6
forex,USDCHF,momentum,long,10838,10839,10924,2025-10-06 14:30:00+00:00,2025-10-06 14:45:00+00:00,2025-10-07 12:00:00+00:00,0.79607999,0.79863,25.500099999999915,23.500099999999915,0.04681294820717114,200,500,2.0,signal,85
futures,CL,momentum,long,10510,10511,10515,2025-10-06 15:00:00+00:00,2025-10-06 15:15:00+00:00,2025-10-06 16:15:00+00:00,61.44,61.87,42.99999999999997,39.99999999999997,0.13201320132013192,500,300,3.0,signal,4
futures,NG,momentum,short,10514,10515,10523,2025-10-06 16:00:00+00:00,2025-10-06 16:15:00+00:00,2025-10-06 18:15:00+00:00,3.405,3.341,63.99999999999961,60.99999999999961,0.20132013201320004,500,300,3.0,signal,8
futures,ES,momentum,long,10504,10505,10561,2025-10-06 22:45:00+00:00,2025-10-06 23:00:00+00:00,2025-10-07 13:00:00+00:00,6778.75,6799.0,81.0,78.0,0.25742574257425743,300,300,3.0,signal,56
futures,RTY,momentum,long,10503,10504,10547,2025-10-06 22:45:00+00:00,2025-10-06 23:00:00+00:00,2025-10-07 09:45:00+00:00,2495.7,2498.6,29.00000000000091,26.00000000000091,0.0858085808580888,500,300,3.0,signal,43
gold_spot,XAUUSD,momentum,long,10548,10549,10556,2025-10-07 01:30:00+00:00,2025-10-07 01:45:00+00:00,2025-10-07 03:30:00+00:00,3959.945,3970.2650000000003,1032.0,1021.0,3.282958199356913,1032,300,11.0,tp,7
futures,6B,momentum,long,10582,10583,10772,2025-10-07 05:15:00+00:00,2025-10-07 05:30:00+00:00,2025-10-09 06:45:00+00:00,1.346,1.336,-100.0,-103.0,-1.0,30,100,3.0,sl,189
futures,SI,momentum,long,10530,10531,10738,2025-10-07 07:00:00+00:00,2025-10-07 07:15:00+00:00,2025-10-09 13:00:00+00:00,47.99,49.52,306.0000000000002,303.0000000000002,0.6023856858846923,500,500,3.0,signal,207
gold_spot,XAUUSD,momentum,long,10570,10571,10571,2025-10-07 07:00:00+00:00,2025-10-07 07:15:00+00:00,2025-10-07 07:15:00+00:00,3950.3,3947.3,-300.0,-311.0,-1.0,1032,300,11.0,sl,0
futures,CL,momentum,long,10572,10573,10618,2025-10-07 07:30:00+00:00,2025-10-07 07:45:00+00:00,2025-10-07 19:00:00+00:00,61.6,61.98,37.999999999999545,34.999999999999545,0.11551155115511401,500,300,3.0,signal,45
futures,NG,momentum,short,10575,10576,10696,2025-10-07 08:15:00+00:00,2025-10-07 08:30:00+00:00,2025-10-08 15:30:00+00:00,3.399,3.349,49.99999999999982,46.99999999999982,0.15511551155115452,500,300,3.0,signal,120
futures,RTY,momentum,long,10564,10565,10571,2025-10-07 14:00:00+00:00,2025-10-07 14:15:00+00:00,2025-10-07 15:45:00+00:00,2495.4,2465.4,-300.0,-303.0,-1.0,500,300,3.0,sl,6
futures,YM,mean_reversion,short,10565,10566,10569,2025-10-07 14:00:00+00:00,2025-10-07 14:15:00+00:00,2025-10-07 15:00:00+00:00,46934.0,46885.0,49.0,46.0,0.09145129224652088,500,500,3.0,signal,3
futures,YM,momentum,long,10565,10566,10655,2025-10-07 14:00:00+00:00,2025-10-07 14:15:00+00:00,2025-10-08 13:30:00+00:00,46934.0,46995.0,61.0,58.0,0.11530815109343936,300,500,3.0,signal,89
futures,ES,momentum,long,10566,10567,10660,2025-10-07 14:15:00+00:00,2025-10-07 14:30:00+00:00,2025-10-08 14:45:00+00:00,6784.0,6788.25,17.0,14.0,0.0462046204620462,300,300,3.0,signal,93
gold_spot,XAUUSD,momentum,long,10606,10607,10608,2025-10-07 16:00:00+00:00,2025-10-07 16:15:00+00:00,2025-10-07 16:30:00+00:00,3965.16,3975.48,1032.0,1021.0,3.282958199356913,1032,300,11.0,tp,1
forex,USDCHF,momentum,long,10959,10960,10981,2025-10-07 20:45:00+00:00,2025-10-07 21:00:00+00:00,2025-10-08 02:15:00+00:00,0.79716003,0.80031002,31.499899999999357,29.499899999999357,0.05876474103585529,200,500,2.0,signal,21
futures,HG,momentum,long,10637,10638,10640,2025-10-08 01:30:00+00:00,2025-10-08 01:45:00+00:00,2025-10-08 02:15:00+00:00,5.0705,5.0955,50.0,47.0,0.6025641025641025,50,75,3.0,tp,2
gold_spot,XAUUSD,momentum,long,10678,10679,10679,2025-10-08 11:00:00+00:00,2025-10-08 11:15:00+00:00,2025-10-08 11:15:00+00:00,4036.395,4033.395,-300.0,-311.0,-1.0,1032,300,11.0,sl,0
futures,NG,mean_reversion,short,10684,10685,10696,2025-10-08 12:30:00+00:00,2025-10-08 12:45:00+00:00,2025-10-08 15:30:00+00:00,3.473,3.349,123.99999999999966,120.99999999999966,0.39933993399339823,500,300,3.0,signal,11
futures,CL,mean_reversion,short,10687,10688,10795,2025-10-08 13:15:00+00:00,2025-10-08 13:30:00+00:00,2025-10-09 17:15:00+00:00,62.36,61.42,93.99999999999977,90.99999999999977,0.3003300330032996,200,300,3.0,signal,107
futures,ES,mean_reversion,long,10654,10655,10660,2025-10-08 13:15:00+00:00,2025-10-08 13:30:00+00:00,2025-10-08 14:45:00+00:00,6773.25,6788.25,60.0,57.0,0.11332007952286283,500,500,3.0,signal,5
futures,NQ,momentum,short,10655,10656,10657,2025-10-08 13:30:00+00:00,2025-10-08 13:45:00+00:00,2025-10-08 14:00:00+00:00,25132.0,25215.5,-334.0,-337.0,-1.0,500,334,3.0,sl,1
futures,6C,mean_reversion,short,10708,10709,10725,2025-10-08 14:00:00+00:00,2025-10-08 14:15:00+00:00,2025-10-08 18:15:00+00:00,0.71915,0.71855,11.999999999998678,8.999999999998678,0.04433497536945162,75,200,3.0,signal,16
futures,RTY,momentum,short,10659,10660,10760,2025-10-08 14:45:00+00:00,2025-10-08 15:00:00+00:00,2025-10-09 17:00:00+00:00,2488.3,2479.8,85.0,82.0,0.2706270627062706,500,300,3.0,signal,100
gold_spot,XAUUSD,momentum,long,10706,10707,10707,2025-10-08 18:00:00+00:00,2025-10-08 18:15:00+00:00,2025-10-08 18:15:00+00:00,4042.59,4039.59,-300.0,-311.0,-1.0,1032,300,11.0,sl,0
forex,AUDUSD,momentum,short,11099,11100,11179,2025-10-08 19:15:00+00:00,2025-10-08 19:30:00+00:00,2025-10-09 15:15:00+00:00,0.65889174,0.65599579,28.959499999999803,26.959499999999803,0.2643088235294098,150,100,2.0,signal,79
forex,GBPUSD,momentum,short,11162,11163,11182,2025-10-09 01:00:00+00:00,2025-10-09 01:15:00+00:00,2025-10-09 06:00:00+00:00,1.34171,1.33971,20.0,18.0,0.23376623376623376,20,75,2.0,tp,19
forex,USDCHF,momentum,long,11073,11074,11094,2025-10-09 01:15:00+00:00,2025-10-09 01:30:00+00:00,2025-10-09 06:30:00+00:00,0.80035001,0.80211002,17.60010000000034,15.600100000000339,0.031075896414343305,200,500,2.0,signal,20
forex,NZDUSD,momentum,long,11181,11182,11184,2025-10-09 05:45:00+00:00,2025-10-09 06:00:00+00:00,2025-10-09 06:30:00+00:00,0.57960933,0.57760933,-20.0,-22.0,-1.0,75,20,2.0,sl,2
forex,USDCAD,momentum,short,11110,11111,11121,2025-10-09 06:15:00+00:00,2025-10-09 06:30:00+00:00,2025-10-09 09:00:00+00:00,1.39532,1.39482,5.0,3.0,0.13636363636363635,5,20,2.0,tp,10
futures,6A,momentum,long,10771,10772,10785,2025-10-09 06:15:00+00:00,2025-10-09 06:30:00+00:00,2025-10-09 09:45:00+00:00,0.6592,0.65975,10.999999999998789,7.9999999999987885,0.015904572564609917,200,500,3.0,signal,13
futures,CL,momentum,long,10766,10767,10779,2025-10-09 10:00:00+00:00,2025-10-09 10:15:00+00:00,2025-10-09 13:15:00+00:00,62.13,62.81,67.99999999999997,64.99999999999997,0.21452145214521443,500,300,3.0,signal,12
futures,ZN,momentum,short,10747,10748,10755,2025-10-09 10:15:00+00:00,2025-10-09 10:30:00+00:00,2025-10-09 12:15:00+00:00,112.65625,112.5625,6.0,3.0,0.0196078431372549,50,150,3.0,signal,7
futures,ZB,mean_reversion,short,10750,10751,10757,2025-10-09 12:00:00+00:00,2025-10-09 12:15:00+00:00,2025-10-09 13:45:00+00:00,116.84375,116.5625,9.0,6.0,0.11320754716981132,15,50,3.0,signal,6
futures,ZB,momentum,long,10750,10751,10823,2025-10-09 12:00:00+00:00,2025-10-09 12:15:00+00:00,2025-10-10 07:15:00+00:00,116.84375,117.1875,11.0,8.0,0.10256410256410256,30,75,3.0,signal,72
futures,NG,mean_reversion,long,10779,10780,10955,2025-10-09 13:15:00+00:00,2025-10-09 13:30:00+00:00,2025-10-13 11:15:00+00:00,3.367,3.067,-300.0,-303.0,-1.0,500,300,3.0,sl,175
futures,6A,momentum,long,10800,10801,11448,2025-10-09 13:30:00+00:00,2025-10-09 13:45:00+00:00,2025-10-20 14:30:00+00:00,0.6592,0.6514,-156.00000000000057,-159.00000000000057,-0.31610337972167113,200,500,3.0,signal,647
futures,ES,momentum,long,10748,10749,10841,2025-10-09 13:45:00+00:00,2025-10-09 14:00:00+00:00,2025-10-10 14:00:00+00:00,6788.75,6796.75,32.0,29.0,0.09570957095709572,300,300,3.0,signal,92
futures,GC,momentum,long,10768,10769,10770,2025-10-09 13:45:00+00:00,2025-10-09 14:00:00+00:00,2025-10-09 14:15:00+00:00,4034.4,4023.4,-110.0,-113.0,-1.0,300,110,3.0,sl,1
gold_spot,XAUUSD,momentum,long,10781,10782,10782,2025-10-09 13:45:00+00:00,2025-10-09 14:00:00+00:00,2025-10-09 14:00:00+00:00,4017.3,4014.3,-300.0,-311.0,-1.0,1032,300,11.0,same_bar_sl,0
futures,SI,momentum,long,10742,10743,10873,2025-10-09 14:00:00+00:00,2025-10-09 14:15:00+00:00,2025-10-13 00:45:00+00:00,48.725,49.29,112.99999999999955,109.99999999999955,0.21868787276341858,500,500,3.0,signal,130
futures,CL,momentum,long,10783,10784,10879,2025-10-09 14:15:00+00:00,2025-10-09 14:30:00+00:00,2025-10-10 15:15:00+00:00,62.31,59.31,-300.0,-303.0,-1.0,500,300,3.0,sl,95
futures,NQ,mean_reversion,short,10750,10751,10751,2025-10-09 14:15:00+00:00,2025-10-09 14:30:00+00:00,2025-10-09 14:30:00+00:00,25252.25,25214.75,150.0,147.0,0.2922465208747515,150,500,3.0,tp,0
gold_spot,XAUUSD,momentum,short,10802,10803,10803,2025-10-09 19:00:00+00:00,2025-10-09 19:15:00+00:00,2025-10-09 19:15:00+00:00,3972.045,3975.045,-300.0,-311.0,-1.0,1032,300,11.0,sl,0
forex,AUDUSD,momentum,short,11219,11220,11241,2025-10-10 01:15:00+00:00,2025-10-10 01:30:00+00:00,2025-10-10 06:45:00+00:00,0.65694392,0.65595275,9.911700000000412,7.911700000000412,0.07756568627451384,150,100,2.0,signal,21
gold_spot,XAUUSD,momentum,short,10839,10840,10841,2025-10-10 05:15:00+00:00,2025-10-10 05:30:00+00:00,2025-10-10 05:45:00+00:00,3973.085,3976.085,-300.0,-311.0,-1.0,1032,300,11.0,sl,1
futures,RTY,momentum,short,10808,10809,10824,2025-10-10 06:00:00+00:00,2025-10-10 06:15:00+00:00,2025-10-10 10:00:00+00:00,2492.9,2486.2,67.00000000000273,64.00000000000273,0.21122112211222022,500,300,3.0,signal,15
futures,NQ,momentum,long,10824,10825,10830,2025-10-10 09:45:00+00:00,2025-10-10 10:00:00+00:00,2025-10-10 11:15:00+00:00,25255.5,25311.0,222.0,219.0,0.6498516320474778,500,334,3.0,signal,5
futures,ES,mean_reversion,long,10829,10830,10841,2025-10-10 11:00:00+00:00,2025-10-10 11:15:00+00:00,2025-10-10 14:00:00+00:00,6784.75,6796.75,48.0,45.0,0.08946322067594434,500,500,3.0,signal,11
forex,USDCAD,momentum,long,11231,11232,11232,2025-10-10 12:30:00+00:00,2025-10-10 12:45:00+00:00,2025-10-10 12:45:00+00:00,1.3983,1.3988,5.0,3.0,0.13636363636363635,5,20,2.0,tp,0
futures,6C,momentum,short,10886,10887,10986,2025-10-10 12:30:00+00:00,2025-10-10 12:45:00+00:00,2025-10-13 14:30:00+00:00,0.71705,0.7148,44.99999999999948,41.99999999999948,0.20689655172413537,50,200,3.0,signal,99
futures,YM,momentum,short,10838,10839,10844,2025-10-10 13:15:00+00:00,2025-10-10 13:30:00+00:00,2025-10-10 14:45:00+00:00,46743.0,46443.0,300.0,297.0,0.5904572564612326,300,500,3.0,tp,5
futures,HG,momentum,long,10874,10875,10875,2025-10-10 14:45:00+00:00,2025-10-10 15:00:00+00:00,2025-10-10 15:00:00+00:00,5.1255,5.088,-75.0,-78.0,-1.0,50,75,3.0,sl,0
gold_spot,XAUUSD,momentum,short,10878,10879,10879,2025-10-10 15:00:00+00:00,2025-10-10 15:15:00+00:00,2025-10-10 15:15:00+00:00,4009.2,4012.2,-300.0,-311.0,-1.0,1032,300,11.0,sl,0
futures,6B,mean_reversion,short,10942,10943,10966,2025-10-13 03:15:00+00:00,2025-10-13 03:30:00+00:00,2025-10-13 09:15:00+00:00,1.3349,1.3335,14.000000000000679,11.000000000000679,0.05418719211822994,100,200,3.0,signal,23
forex,USDJPY,momentum,short,11274,11275,11361,2025-10-13 07:00:00+00:00,2025-10-13 07:15:00+00:00,2025-10-14 04:45:00+00:00,152.25999,151.88,37.99899999999923,35.99899999999923,0.07171115537848452,200,500,2.0,signal,86
futures,6J,momentum,long,10965,10966,11050,2025-10-13 07:00:00+00:00,2025-10-13 07:15:00+00:00,2025-10-14 05:15:00+00:00,0.0066095,0.0066255,32.00000000000078,29.00000000000078,0.09570957095709828,100,300,3.0,signal,84
forex,GBPUSD,momentum,long,11375,11376,11385,2025-10-13 07:15:00+00:00,2025-10-13 07:30:00+00:00,2025-10-13 09:45:00+00:00,1.33413,1.33394,-1.900000000001345,-3.900000000001345,-0.05064935064936812,20,75,2.0,signal,9
forex,EURUSD,momentum,long,11299,11300,11432,2025-10-13 07:30:00+00:00,2025-10-13 07:45:00+00:00,2025-10-14 16:45:00+00:00,1.16039,1.16133,9.399999999999409,7.399999999999409,0.03663366336633371,50,200,2.0,signal,132
forex,USDCHF,momentum,short,11282,11283,11408,2025-10-13 07:30:00+00:00,2025-10-13 07:45:00+00:00,2025-10-14 15:15:00+00:00,0.80227,0.80190998,3.6002000000001644,1.6002000000001644,0.0031876494023907655,200,500,2.0,signal,125
futures,6B,momentum,long,10959,10960,11122,2025-10-13 07:30:00+00:00,2025-10-13 07:45:00+00:00,2025-10-15 02:15:00+00:00,1.3339,1.3349,9.999999999998899,6.999999999998899,0.067961165048533,30,100,3.0,signal,162
futures,6E,momentum,long,10965,10966,11148,2025-10-13 07:30:00+00:00,2025-10-13 07:45:00+00:00,2025-10-15 07:15:00+00:00,1.16445,1.16775,66.0000000000016,63.000000000001606,0.12524850894632525,200,500,3.0,signal,182
futures,6B,mean_reversion,long,10967,10968,11037,2025-10-13 09:30:00+00:00,2025-10-13 09:45:00+00:00,2025-10-14 04:00:00+00:00,1.3339,1.3346,6.999999999999229,3.999999999999229,0.019704433497533147,100,200,3.0,signal,69
futures,RTY,momentum,short,10931,10932,11009,2025-10-13 13:45:00+00:00,2025-10-13 14:00:00+00:00,2025-10-14 10:15:00+00:00,2463.4,2446.4,170.0,167.0,0.5511551155115512,500,300,3.0,signal,77
futures,CL,mean_reversion,long,10969,10970,11278,2025-10-13 14:45:00+00:00,2025-10-13 15:00:00+00:00,2025-10-17 00:00:00+00:00,59.96,56.96,-300.0,-303.0,-1.0,200,300,3.0,sl,308
futures,ES,momentum,short,10941,10942,10987,2025-10-13 16:00:00+00:00,2025-10-13 16:15:00+00:00,2025-10-14 04:30:00+00:00,6698.75,6667.5,125.0,122.0,0.40264026402640263,300,300,3.0,signal,45
forex,GBPUSD,momentum,short,11447,11448,11466,2025-10-14 01:15:00+00:00,2025-10-14 01:30:00+00:00,2025-10-14 06:00:00+00:00,1.33465,1.33265,20.0,18.0,0.23376623376623376,20,75,2.0,tp,18
futures,YM,momentum,long,10982,10983,11019,2025-10-14 03:15:00+00:00,2025-10-14 03:30:00+00:00,2025-10-14 12:30:00+00:00,46323.0,45823.0,-500.0,-503.0,-1.0,300,500,3.0,sl,36
gold_spot,XAUUSD,momentum,long,11024,11025,11025,2025-10-14 05:30:00+00:00,2025-10-14 05:45:00+00:00,2025-10-14 05:45:00+00:00,4119.695,4116.695,-300.0,-311.0,-1.0,1032,300,11.0,same_bar_sl,0
forex,USDCHF,mean_reversion,short,11382,11383,11407,2025-10-14 08:45:00+00:00,2025-10-14 09:00:00+00:00,2025-10-14 15:00:00+00:00,0.80326003,0.80185997,14.000600000000363,12.000600000000363,0.059408910891090905,75,200,2.0,signal,24
futures,SI,momentum,long,11012,11013,11126,2025-10-14 12:30:00+00:00,2025-10-14 12:45:00+00:00,2025-10-15 18:00:00+00:00,49.585,52.085,500.0,497.0,0.9880715705765407,500,500,3.0,tp,113
gold_spot,XAUUSD,momentum,long,11052,11053,11053,2025-10-14 12:30:00+00:00,2025-10-14 12:45:00+00:00,2025-10-14 12:45:00+00:00,4109.82,4106.82,-300.0,-311.0,-1.0,1032,300,11.0,sl,0
futures,RTY,momentum,short,11023,11024,11031,2025-10-14 13:45:00+00:00,2025-10-14 14:00:00+00:00,2025-10-14 15:45:00+00:00,2461.2,2491.2,-300.0,-303.0,-1.0,500,300,3.0,sl,7
forex,NZDUSD,momentum,short,11527,11528,11538,2025-10-14 21:30:00+00:00,2025-10-14 21:45:00+00:00,2025-10-15 00:15:00+00:00,0.57165724,0.57113481,5.2242999999996265,3.2242999999996265,0.14655909090907393,75,20,2.0,signal,10
forex,AUDUSD,momentum,short,11500,11501,11598,2025-10-15 01:15:00+00:00,2025-10-15 01:30:00+00:00,2025-10-16 01:45:00+00:00,0.65006822,0.64964598,4.222400000000182,2.2224000000001816,0.021788235294119426,150,100,2.0,signal,97
forex,NZDUSD,momentum,long,11570,11571,11599,2025-10-15 08:15:00+00:00,2025-10-15 08:30:00+00:00,2025-10-15 15:30:00+00:00,0.57286894,0.57313162,2.626799999999596,0.6267999999995961,0.028490909090890734,75,20,2.0,signal,28
gold_spot,XAUUSD,momentum,long,11131,11132,11134,2025-10-15 09:15:00+00:00,2025-10-15 09:30:00+00:00,2025-10-15 10:00:00+00:00,4190.3,4200.62,1032.0,1021.0,3.282958199356913,1032,300,11.0,tp,2
futures,CL,momentum,short,11143,11144,11155,2025-10-15 12:15:00+00:00,2025-10-15 12:30:00+00:00,2025-10-15 15:15:00+00:00,59.17,58.41,76.00000000000051,73.00000000000051,0.24092409240924262,500,300,3.0,signal,11
futures,ES,momentum,long,11123,11124,11135,2025-10-15 15:30:00+00:00,2025-10-15 15:45:00+00:00,2025-10-15 18:30:00+00:00,6719.25,6706.25,-52.0,-55.0,-0.18151815181518152,300,300,3.0,signal,11
futures,ZB,mean_reversion,short,11134,11135,11156,2025-10-15 16:00:00+00:00,2025-10-15 16:15:00+00:00,2025-10-15 22:30:00+00:00,118.25,118.125,4.0,1.0,0.018867924528301886,15,50,3.0,signal,21
futures,ZB,momentum,long,11135,11136,11213,2025-10-15 16:15:00+00:00,2025-10-15 16:30:00+00:00,2025-10-16 12:45:00+00:00,118.125,118.5,12.0,9.0,0.11538461538461539,30,75,3.0,signal,77
forex,AUDUSD,momentum,short,11599,11600,11647,2025-10-16 02:00:00+00:00,2025-10-16 02:15:00+00:00,2025-10-16 14:00:00+00:00,0.6501528,0.6490978,10.550000000000281,8.550000000000281,0.08382352941176746,150,100,2.0,signal,47
futures,SI,momentum,long,11168,11169,11203,2025-10-16 05:30:00+00:00,2025-10-16 05:45:00+00:00,2025-10-16 14:15:00+00:00,51.52,52.935,282.99999999999983,279.99999999999983,0.5566600397614311,500,500,3.0,signal,34
gold_spot,XAUUSD,momentum,long,11208,11209,11209,2025-10-16 05:30:00+00:00,2025-10-16 05:45:00+00:00,2025-10-16 05:45:00+00:00,4211.56,4208.56,-300.0,-311.0,-1.0,1032,300,11.0,sl,0
forex,AUDUSD,mean_reversion,long,11615,11616,11638,2025-10-16 06:00:00+00:00,2025-10-16 06:15:00+00:00,2025-10-16 11:45:00+00:00,0.65023732,0.65087217,6.348499999999646,4.348499999999646,0.02860855263157662,50,150,2.0,signal,22
futures,ZN,momentum,long,11192,11193,11217,2025-10-16 06:30:00+00:00,2025-10-16 06:45:00+00:00,2025-10-16 12:45:00+00:00,113.28125,113.453125,11.0,8.0,0.05228758169934641,50,150,3.0,signal,24
forex,USDCHF,momentum,short,11585,11586,11591,2025-10-16 11:30:00+00:00,2025-10-16 11:45:00+00:00,2025-10-16 13:00:00+00:00,0.79807001,0.79686999,12.000199999999683,10.000199999999683,0.019920717131473472,200,500,2.0,signal,5
futures,RTY,momentum,long,11207,11208,11217,2025-10-16 13:45:00+00:00,2025-10-16 14:00:00+00:00,2025-10-16 16:15:00+00:00,2527.5,2497.5,-300.0,-303.0,-1.0,500,300,3.0,sl,9
futures,NG,mean_reversion,long,11244,11245,11351,2025-10-16 14:30:00+00:00,2025-10-16 14:45:00+00:00,2025-10-17 18:15:00+00:00,3.044,3.015,-28.999999999999915,-31.999999999999915,-0.10561056105610533,500,300,3.0,signal,106
futures,NG,momentum,short,11244,11245,11250,2025-10-16 14:30:00+00:00,2025-10-16 14:45:00+00:00,2025-10-16 16:00:00+00:00,3.044,3.009,35.00000000000014,32.00000000000014,0.10561056105610608,500,300,3.0,signal,5
forex,AUDUSD,mean_reversion,long,11650,11651,11766,2025-10-16 14:45:00+00:00,2025-10-16 15:00:00+00:00,2025-10-17 19:45:00+00:00,0.65053344,0.6501528,-3.8064000000004317,-5.806400000000432,-0.03820000000000284,50,150,2.0,signal,115
forex,AUDUSD,momentum,short,11651,11652,11657,2025-10-16 15:00:00+00:00,2025-10-16 15:15:00+00:00,2025-10-16 16:30:00+00:00,0.65023732,0.64863461,16.027100000000072,14.027100000000072,0.1375205882352948,150,100,2.0,signal,5
futures,6A,mean_reversion,long,11266,11267,11377,2025-10-16 15:00:00+00:00,2025-10-16 15:15:00+00:00,2025-10-17 19:45:00+00:00,0.65075,0.65045,-6.00000000000156,-9.00000000000156,-0.04433497536946581,50,200,3.0,signal,110
futures,ES,momentum,long,11216,11217,11227,2025-10-16 15:45:00+00:00,2025-10-16 16:00:00+00:00,2025-10-16 18:30:00+00:00,6707.75,6632.75,-300.0,-303.0,-1.0,300,300,3.0,sl,10
futures,NQ,mean_reversion,short,11216,11217,11217,2025-10-16 15:45:00+00:00,2025-10-16 16:00:00+00:00,2025-10-16 16:00:00+00:00,24972.25,24934.75,150.0,147.0,0.2922465208747515,150,500,3.0,tp,0
futures,NQ,momentum,long,11216,11217,11218,2025-10-16 15:45:00+00:00,2025-10-16 16:00:00+00:00,2025-10-16 16:15:00+00:00,24972.25,24888.75,-334.0,-337.0,-1.0,500,334,3.0,sl,1
forex,NZDUSD,momentum,short,11723,11724,11737,2025-10-16 22:30:00+00:00,2025-10-16 22:45:00+00:00,2025-10-17 02:00:00+00:00,0.57296735,0.57211512,8.522300000000094,6.522300000000094,0.29646818181818607,75,20,2.0,signal,13
gold_spot,XAUUSD,momentum,long,11283,11284,11284,2025-10-17 01:15:00+00:00,2025-10-17 01:30:00+00:00,2025-10-17 01:30:00+00:00,4334.105,4331.105,-300.0,-311.0,-1.0,1032,300,11.0,sl,0
futures,SI,momentum,long,11244,11245,11305,2025-10-17 01:30:00+00:00,2025-10-17 01:45:00+00:00,2025-10-17 16:45:00+00:00,52.58,50.08,-500.0,-503.0,-1.0,500,500,3.0,sl,60
gold_spot,XAUUSD,momentum,long,11310,11311,11311,2025-10-17 08:00:00+00:00,2025-10-17 08:15:00+00:00,2025-10-17 08:15:00+00:00,4334.215,4344.535,1032.0,1021.0,3.282958199356913,1032,300,11.0,tp,0
forex,NZDUSD,momentum,short,11766,11767,11779,2025-10-17 09:15:00+00:00,2025-10-17 09:30:00+00:00,2025-10-17 12:30:00+00:00,0.57257372,0.57188606,6.876599999999788,4.876599999999788,0.22166363636362674,75,20,2.0,signal,12
futures,6C,momentum,short,11334,11335,11346,2025-10-17 09:30:00+00:00,2025-10-17 09:45:00+00:00,2025-10-17 12:30:00+00:00,0.71405,0.7139,2.9999999999996696,-3.304023721284466e-13,-1.6275978922583576e-15,50,200,3.0,signal,11
futures,HG,momentum,short,11319,11320,11320,2025-10-17 11:00:00+00:00,2025-10-17 11:15:00+00:00,2025-10-17 11:15:00+00:00,4.976,5.0135,-75.0,-78.0,-1.0,50,75,3.0,sl,0
futures,ZB,momentum,long,11298,11299,11491,2025-10-17 11:00:00+00:00,2025-10-17 11:15:00+00:00,2025-10-21 13:15:00+00:00,118.59375,119.25,21.0,18.0,0.23076923076923078,30,75,3.0,signal,192
futures,6B,momentum,long,11347,11348,11362,2025-10-17 12:30:00+00:00,2025-10-17 12:45:00+00:00,2025-10-17 16:15:00+00:00,1.3411,1.3423,12.000000000000899,9.000000000000899,0.08737864077670776,30,100,3.0,signal,14
forex,NZDUSD,momentum,short,11793,11794,11815,2025-10-17 16:00:00+00:00,2025-10-17 16:15:00+00:00,2025-10-17 21:30:00+00:00,0.57270491,0.56858,41.24910000000037,39.24910000000037,1.7840500000000168,75,20,2.0,signal,21
forex,AUDUSD,momentum,short,11760,11761,11906,2025-10-17 18:15:00+00:00,2025-10-17 18:30:00+00:00,2025-10-21 08:15:00+00:00,0.65006822,0.64813018,19.380399999999742,17.380399999999742,0.17039607843137003,150,100,2.0,signal,145
futures,GC,mean_reversion,long,11338,11339,11339,2025-10-17 18:15:00+00:00,2025-10-17 18:30:00+00:00,2025-10-17 18:30:00+00:00,4258.0,4248.0,-100.0,-103.0,-1.0,30,100,3.0,sl,0
forex,NZDUSD,mean_reversion,short,11812,11813,11815,2025-10-17 20:45:00+00:00,2025-10-17 21:00:00+00:00,2025-10-17 21:30:00+00:00,0.57280332,0.56858,42.2332000000003,40.2332000000003,0.39444313725490493,50,100,2.0,signal,2
forex,USDCHF,momentum,short,11719,11720,11783,2025-10-19 23:00:00+00:00,2025-10-19 23:15:00+00:00,2025-10-20 15:00:00+00:00,0.79394001,0.79074001,31.999999999999805,29.999999999999805,0.05976095617529842,200,500,2.0,signal,63
forex,GBPUSD,momentum,long,11848,11849,11860,2025-10-20 06:15:00+00:00,2025-10-20 06:30:00+00:00,2025-10-20 09:15:00+00:00,1.34244,1.34315,7.099999999999884,5.099999999999884,0.06623376623376473,20,75,2.0,signal,11
forex,NZDUSD,momentum,long,11846,11847,11873,2025-10-20 06:15:00+00:00,2025-10-20 06:30:00+00:00,2025-10-20 13:00:00+00:00,0.57342738,0.57349312,0.657399999999253,-1.342600000000747,-0.06102727272730668,75,20,2.0,signal,26
futures,6B,momentum,long,11416,11417,11441,2025-10-20 06:45:00+00:00,2025-10-20 07:00:00+00:00,2025-10-20 13:00:00+00:00,1.3418,1.3427,8.999999999999009,5.999999999999009,0.0582524271844564,30,100,3.0,signal,24
gold_spot,XAUUSD,mean_reversion,long,11400,11401,11401,2025-10-20 07:30:00+00:00,2025-10-20 07:45:00+00:00,2025-10-20 07:45:00+00:00,4259.25,4256.25,-300.0,-311.0,-1.0,1097,300,11.0,sl,0
gold_spot,XAUUSD,momentum,short,11400,11401,11402,2025-10-20 07:30:00+00:00,2025-10-20 07:45:00+00:00,2025-10-20 08:00:00+00:00,4259.25,4262.25,-300.0,-311.0,-1.0,1032,300,11.0,sl,1
gold_spot,XAUUSD,momentum,short,11418,11419,11419,2025-10-20 12:00:00+00:00,2025-10-20 12:15:00+00:00,2025-10-20 12:15:00+00:00,4280.715,4283.715,-300.0,-311.0,-1.0,1032,300,11.0,sl,0
futures,ZN,momentum,short,11400,11401,11689,2025-10-20 12:30:00+00:00,2025-10-20 12:45:00+00:00,2025-10-23 15:45:00+00:00,113.546875,113.46875,5.0,2.0,0.013071895424836602,50,150,3.0,signal,288
futures,6C,momentum,short,11445,11446,11489,2025-10-20 14:15:00+00:00,2025-10-20 14:30:00+00:00,2025-10-21 02:15:00+00:00,0.7144,0.71395,9.00000000000123,6.000000000001229,0.029556650246311475,50,200,3.0,signal,43
forex,GBPUSD,mean_reversion,long,11883,11884,12337,2025-10-20 15:00:00+00:00,2025-10-20 15:15:00+00:00,2025-10-27 10:30:00+00:00,1.34187,1.33437,-74.9999999999984,-76.9999999999984,-0.38118811881187326,100,200,2.0,signal,453
forex,NZDUSD,momentum,long,11923,11924,11940,2025-10-21 01:30:00+00:00,2025-10-21 01:45:00+00:00,2025-10-21 05:45:00+00:00,0.57425058,0.57225058,-20.0,-22.0,-1.0,75,20,2.0,sl,16
futures,GC,momentum,long,11480,11481,11481,2025-10-21 07:45:00+00:00,2025-10-21 08:00:00+00:00,2025-10-21 08:00:00+00:00,4312.6,4301.6,-110.0,-113.0,-1.0,300,110,3.0,sl,0
gold_spot,XAUUSD,momentum,long,11493,11494,11494,2025-10-21 07:45:00+00:00,2025-10-21 08:00:00+00:00,2025-10-21 08:00:00+00:00,4298.51,4295.51,-300.0,-311.0,-1.0,1032,300,11.0,sl,0
forex,USDCHF,mean_reversion,long,11851,11852,11856,2025-10-21 08:00:00+00:00,2025-10-21 08:15:00+00:00,2025-10-21 09:15:00+00:00,0.79307997,0.79391003,8.300600000000768,6.3006000000007685,0.031191089108914695,75,200,2.0,signal,4
forex,USDCHF,momentum,short,11851,11852,12136,2025-10-21 08:00:00+00:00,2025-10-21 08:15:00+00:00,2025-10-24 07:15:00+00:00,0.79307997,0.79518998,-21.100099999999955,-23.100099999999955,-0.04601613545816724,200,500,2.0,signal,284
forex,AUDUSD,mean_reversion,long,11918,11919,11993,2025-10-21 11:15:00+00:00,2025-10-21 11:30:00+00:00,2025-10-22 06:00:00+00:00,0.64973032,0.6503219,5.91580000000036,3.9158000000003597,0.025761842105265526,50,150,2.0,signal,74
futures,6A,mean_reversion,long,11527,11528,11599,2025-10-21 11:15:00+00:00,2025-10-21 11:30:00+00:00,2025-10-22 06:15:00+00:00,0.64995,0.65115,23.999999999999577,20.999999999999577,0.10344827586206688,50,200,3.0,signal,71
futures,6C,momentum,short,11528,11529,11536,2025-10-21 12:00:00+00:00,2025-10-21 12:15:00+00:00,2025-10-21 14:00:00+00:00,0.71405,0.71415,-1.9999999999997797,-4.99999999999978,-0.024630541871920097,50,200,3.0,signal,7
forex,AUDUSD,momentum,short,11933,11934,11943,2025-10-21 15:00:00+00:00,2025-10-21 15:15:00+00:00,2025-10-21 17:30:00+00:00,0.64964598,0.64892924,7.167399999999935,5.167399999999935,0.05066078431372485,150,100,2.0,signal,9
futures,6A,momentum,short,11542,11543,11552,2025-10-21 15:00:00+00:00,2025-10-21 15:15:00+00:00,2025-10-21 17:30:00+00:00,0.6502,0.6492,20.000000000000018,17.000000000000018,0.03379721669980123,200,500,3.0,signal,9
futures,CL,momentum,short,11522,11523,11642,2025-10-21 15:00:00+00:00,2025-10-21 15:15:00+00:00,2025-10-22 23:00:00+00:00,57.01,60.01,-300.0,-303.0,-1.0,500,300,3.0,sl,119
gold_spot,XAUUSD,momentum,short,11525,11526,11526,2025-10-21 15:45:00+00:00,2025-10-21 16:00:00+00:00,2025-10-21 16:00:00+00:00,4138.81,4141.81,-300.0,-311.0,-1.0,1032,300,11.0,same_bar_sl,0
futures,RTY,momentum,long,11498,11499,11577,2025-10-21 17:30:00+00:00,2025-10-21 17:45:00+00:00,2025-10-22 14:15:00+00:00,2503.4,2473.4,-300.0,-303.0,-1.0,500,300,3.0,sl,78
forex,NZDUSD,momentum,long,12018,12019,12022,2025-10-22 01:15:00+00:00,2025-10-22 01:30:00+00:00,2025-10-22 02:15:00+00:00,0.57411873,0.57501006,8.91329999999968,6.91329999999968,0.3142409090908945,75,20,2.0,signal,3
gold_spot,XAUUSD,momentum,short,11559,11560,11560,2025-10-22 01:15:00+00:00,2025-10-22 01:30:00+00:00,2025-10-22 01:30:00+00:00,4104.49,4107.49,-300.0,-311.0,-1.0,1032,300,11.0,same_bar_sl,0
forex,AUDUSD,momentum,short,11977,11978,12014,2025-10-22 02:00:00+00:00,2025-10-22 02:15:00+00:00,2025-10-22 11:15:00+00:00,0.64973032,0.64884502,8.852999999999778,6.852999999999778,0.06718627450980175,150,100,2.0,signal,36
futures,6A,momentum,short,11584,11585,11644,2025-10-22 02:30:00+00:00,2025-10-22 02:45:00+00:00,2025-10-22 17:30:00+00:00,0.64975,0.64905,14.000000000000679,11.000000000000679,0.021868787276343296,200,500,3.0,signal,59
futures,6A,mean_reversion,short,11606,11607,11618,2025-10-22 08:00:00+00:00,2025-10-22 08:15:00+00:00,2025-10-22 11:00:00+00:00,0.6501,0.6491,20.000000000000018,17.000000000000018,0.08374384236453211,50,200,3.0,signal,11
futures,6C,momentum,long,11616,11617,11627,2025-10-22 11:00:00+00:00,2025-10-22 11:15:00+00:00,2025-10-22 13:45:00+00:00,0.71485,0.71575,18.000000000000238,15.000000000000238,0.07389162561576472,50,200,3.0,signal,10
futures,NQ,momentum,long,11567,11568,11578,2025-10-22 11:30:00+00:00,2025-10-22 11:45:00+00:00,2025-10-22 14:15:00+00:00,25215.75,25132.25,-334.0,-337.0,-1.0,500,334,3.0,sl,10
futures,ZN,mean_reversion,short,11585,11586,11658,2025-10-22 12:45:00+00:00,2025-10-22 13:00:00+00:00,2025-10-23 08:00:00+00:00,113.6875,113.578125,7.0,4.0,0.07547169811320754,15,50,3.0,signal,72
gold_spot,XAUUSD,momentum,short,11606,11607,11607,2025-10-22 13:00:00+00:00,2025-10-22 13:15:00+00:00,2025-10-22 13:15:00+00:00,4064.57,4067.57,-300.0,-311.0,-1.0,1032,300,11.0,same_bar_sl,0
futures,ES,momentum,long,11578,11579,11681,2025-10-22 14:15:00+00:00,2025-10-22 14:30:00+00:00,2025-10-23 17:00:00+00:00,6753.25,6773.0,79.0,76.0,0.2508250825082508,300,300,3.0,signal,102
forex,AUDUSD,momentum,short,12032,12033,12038,2025-10-22 15:45:00+00:00,2025-10-22 16:00:00+00:00,2025-10-22 17:15:00+00:00,0.65027964,0.6490978,11.818400000001006,9.818400000001006,0.09625882352942162,150,100,2.0,signal,5
futures,NG,mean_reversion,short,11617,11618,11707,2025-10-22 15:45:00+00:00,2025-10-22 16:00:00+00:00,2025-10-23 15:15:00+00:00,3.418,3.371,47.00000000000015,44.00000000000015,0.1452145214521457,500,300,3.0,signal,89
forex,NZDUSD,momentum,long,12081,12082,12162,2025-10-22 17:00:00+00:00,2025-10-22 17:15:00+00:00,2025-10-23 13:15:00+00:00,0.57451457,0.57481176,2.9719000000005824,0.9719000000005824,0.044177272727299204,75,20,2.0,signal,80
forex,AUDUSD,mean_reversion,long,12045,12046,12097,2025-10-22 19:00:00+00:00,2025-10-22 19:15:00+00:00,2025-10-23 08:00:00+00:00,0.6490978,0.65082979,17.319900000000164,15.319900000000164,0.10078881578947477,50,150,2.0,signal,51
forex,AUDUSD,momentum,short,12089,12090,12198,2025-10-23 06:00:00+00:00,2025-10-23 06:15:00+00:00,2025-10-24 09:15:00+00:00,0.6501528,0.64973032,4.2248000000000285,2.2248000000000285,0.02181176470588263,150,100,2.0,signal,108
futures,6A,momentum,short,11690,11691,12176,2025-10-23 06:00:00+00:00,2025-10-23 06:15:00+00:00,2025-10-30 12:30:00+00:00,0.65025,0.65515,-98.0000000000003,-101.0000000000003,-0.2007952286282312,200,500,3.0,signal,485
gold_spot,XAUUSD,momentum,short,11670,11671,11672,2025-10-23 06:00:00+00:00,2025-10-23 06:15:00+00:00,2025-10-23 06:30:00+00:00,4129.86,4119.54,1032.0,1021.0,3.282958199356913,1032,300,11.0,tp,1
gold_spot,XAUUSD,momentum,short,11699,11700,11700,2025-10-23 13:15:00+00:00,2025-10-23 13:30:00+00:00,2025-10-23 13:30:00+00:00,4147.32,4137.0,1032.0,1021.0,3.282958199356913,1032,300,11.0,tp,0
futures,NQ,mean_reversion,long,11667,11668,11668,2025-10-23 13:30:00+00:00,2025-10-23 13:45:00+00:00,2025-10-23 13:45:00+00:00,25092.0,25129.5,150.0,147.0,0.2922465208747515,150,500,3.0,tp,0
futures,NQ,momentum,short,11667,11668,11668,2025-10-23 13:30:00+00:00,2025-10-23 13:45:00+00:00,2025-10-23 13:45:00+00:00,25092.0,25175.5,-334.0,-337.0,-1.0,500,334,3.0,sl,0
futures,6C,momentum,long,11724,11725,11739,2025-10-23 15:00:00+00:00,2025-10-23 15:15:00+00:00,2025-10-23 18:45:00+00:00,0.71605,0.71675,14.000000000000679,11.000000000000679,0.05418719211822994,50,200,3.0,signal,14
futures,NG,mean_reversion,long,11709,11710,11830,2025-10-23 15:45:00+00:00,2025-10-23 16:00:00+00:00,2025-10-27 00:00:00+00:00,3.45,3.95,500.0,497.0,1.6402640264026402,500,300,3.0,tp,120
forex,NZDUSD,momentum,long,12178,12179,12181,2025-10-23 17:15:00+00:00,2025-10-23 17:30:00+00:00,2025-10-23 18:00:00+00:00,0.57481176,0.57557267,7.609100000000035,5.609100000000035,0.2549590909090925,75,20,2.0,signal,2
futures,6E,momentum,long,11770,11771,11814,2025-10-24 01:45:00+00:00,2025-10-24 02:00:00+00:00,2025-10-24 12:45:00+00:00,1.16415,1.16745,66.0000000000016,63.000000000001606,0.12524850894632525,200,500,3.0,signal,43
futures,YM,momentum,long,11737,11738,11743,2025-10-24 08:00:00+00:00,2025-10-24 08:15:00+00:00,2025-10-24 09:30:00+00:00,46898.0,46972.0,74.0,71.0,0.1411530815109344,300,500,3.0,signal,5
forex,USDCHF,momentum,short,12140,12141,12159,2025-10-24 08:15:00+00:00,2025-10-24 08:30:00+00:00,2025-10-24 13:00:00+00:00,0.79598999,0.79452997,14.600200000000063,12.600200000000063,0.025100000000000126,200,500,2.0,signal,18
forex,EURUSD,mean_reversion,short,12166,12167,12438,2025-10-24 08:45:00+00:00,2025-10-24 09:00:00+00:00,2025-10-29 05:00:00+00:00,1.1609,1.16341,-25.100000000000122,-27.100000000000122,-0.3519480519480535,50,75,2.0,signal,271
forex,EURUSD,momentum,long,12166,12167,12182,2025-10-24 08:45:00+00:00,2025-10-24 09:00:00+00:00,2025-10-24 12:45:00+00:00,1.1609,1.1642,32.999999999998586,30.999999999998586,0.15346534653464647,50,200,2.0,signal,15
forex,NZDUSD,momentum,short,12254,12255,12405,2025-10-24 12:15:00+00:00,2025-10-24 12:30:00+00:00,2025-10-28 04:15:00+00:00,0.57640213,0.57840213,-20.0,-22.0,-1.0,75,20,2.0,sl,150
forex,USDJPY,momentum,long,12151,12152,12157,2025-10-24 12:30:00+00:00,2025-10-24 12:45:00+00:00,2025-10-24 14:00:00+00:00,152.405,152.827,42.199999999999704,40.199999999999704,0.08007968127489981,200,500,2.0,signal,5
gold_spot,XAUUSD,momentum,short,11788,11789,11790,2025-10-24 12:30:00+00:00,2025-10-24 12:45:00+00:00,2025-10-24 13:00:00+00:00,4083.215,4086.215,-300.0,-311.0,-1.0,1032,300,11.0,sl,1
futures,GC,momentum,short,11777,11778,11778,2025-10-24 13:00:00+00:00,2025-10-24 13:15:00+00:00,2025-10-24 13:15:00+00:00,4126.2,4137.2,-110.0,-113.0,-1.0,300,110,3.0,sl,0
futures,SI,momentum,short,11750,11751,11826,2025-10-24 13:00:00+00:00,2025-10-24 13:15:00+00:00,2025-10-27 09:00:00+00:00,48.355,47.575,155.9999999999988,152.9999999999988,0.30417495029820835,500,500,3.0,signal,75
forex,USDCAD,momentum,long,12189,12190,12206,2025-10-24 15:30:00+00:00,2025-10-24 15:45:00+00:00,2025-10-24 19:45:00+00:00,1.40132,1.39932,-20.0,-22.0,-1.0,5,20,2.0,sl,16
forex,USDCHF,momentum,short,12192,12193,12198,2025-10-27 00:00:00+00:00,2025-10-27 00:15:00+00:00,2025-10-27 01:30:00+00:00,0.79631001,0.79448998,18.200299999999725,16.200299999999725,0.03227151394422256,200,500,2.0,signal,5
gold_spot,XAUUSD,momentum,short,11834,11835,11835,2025-10-27 01:00:00+00:00,2025-10-27 01:15:00+00:00,2025-10-27 01:15:00+00:00,4090.24,4093.24,-300.0,-311.0,-1.0,1032,300,11.0,sl,0
forex,USDJPY,momentum,long,12190,12191,12239,2025-10-27 01:15:00+00:00,2025-10-27 01:30:00+00:00,2025-10-27 13:30:00+00:00,152.716,152.951,23.499999999998522,21.499999999998522,0.0428286852589612,200,500,2.0,signal,48
forex,USDCHF,mean_reversion,long,12201,12202,12213,2025-10-27 02:15:00+00:00,2025-10-27 02:30:00+00:00,2025-10-27 05:15:00+00:00,0.79576999,0.79653001,7.600199999999724,5.600199999999724,0.027723762376236256,75,200,2.0,signal,11
gold_spot,XAUUSD,momentum,short,11851,11852,11854,2025-10-27 05:15:00+00:00,2025-10-27 05:30:00+00:00,2025-10-27 06:00:00+00:00,4082.005,4085.005,-300.0,-311.0,-1.0,1032,300,11.0,sl,2
forex,GBPUSD,momentum,short,12320,12321,12325,2025-10-27 06:15:00+00:00,2025-10-27 06:30:00+00:00,2025-10-27 07:30:00+00:00,1.33268,1.33133,13.500000000001844,11.500000000001844,0.1493506493506733,20,75,2.0,signal,4
futures,6B,momentum,short,11883,11884,11976,2025-10-27 08:30:00+00:00,2025-10-27 08:45:00+00:00,2025-10-28 08:45:00+00:00,1.3331,1.3301,30.0,27.0,0.2621359223300971,30,100,3.0,tp,92
forex,USDCHF,momentum,long,12232,12233,12247,2025-10-27 10:00:00+00:00,2025-10-27 10:15:00+00:00,2025-10-27 13:45:00+00:00,0.79588002,0.79662001,7.399900000000237,5.399900000000237,0.010756772908367006,200,500,2.0,signal,14
gold_spot,XAUUSD,momentum,short,11881,11882,11882,2025-10-27 12:45:00+00:00,2025-10-27 13:00:00+00:00,2025-10-27 13:00:00+00:00,4046.115,4049.115,-300.0,-311.0,-1.0,1032,300,11.0,sl,0
futures,ZB,momentum,short,11858,11859,12063,2025-10-27 13:00:00+00:00,2025-10-27 13:15:00+00:00,2025-10-29 18:15:00+00:00,118.4375,118.5,-2.0,-5.0,-0.0641025641025641,30,75,3.0,signal,204
forex,GBPUSD,momentum,long,12349,12350,12393,2025-10-27 13:30:00+00:00,2025-10-27 13:45:00+00:00,2025-10-28 00:30:00+00:00,1.3331,1.3351,20.0,18.0,0.23376623376623376,20,75,2.0,tp,43
futures,6B,mean_reversion,short,11903,11904,11982,2025-10-27 13:30:00+00:00,2025-10-27 13:45:00+00:00,2025-10-28 10:15:00+00:00,1.3331,1.3319,11.999999999998678,8.999999999998678,0.04433497536945162,100,200,3.0,signal,78
futures,6C,momentum,long,11902,11903,11998,2025-10-27 13:30:00+00:00,2025-10-27 13:45:00+00:00,2025-10-28 14:30:00+00:00,0.7163,0.71785,30.999999999998806,27.999999999998806,0.13793103448275273,50,200,3.0,signal,95
futures,HG,momentum,long,11886,11887,11888,2025-10-27 14:45:00+00:00,2025-10-27 15:00:00+00:00,2025-10-27 15:15:00+00:00,5.124,5.149,50.0,47.0,0.6025641025641025,50,75,3.0,tp,1
futures,ZN,momentum,short,11874,11875,12064,2025-10-27 16:00:00+00:00,2025-10-27 16:15:00+00:00,2025-10-29 17:30:00+00:00,113.328125,113.296875,2.0,-1.0,-0.006535947712418301,50,150,3.0,signal,189
forex,USDJPY,momentum,long,12260,12261,12454,2025-10-27 18:45:00+00:00,2025-10-27 19:00:00+00:00,2025-10-29 19:15:00+00:00,152.819,152.87601,5.7010000000019545,3.7010000000019545,0.007372509960163256,200,500,2.0,signal,193
futures,6J,momentum,short,11932,11933,12118,2025-10-27 18:45:00+00:00,2025-10-27 19:00:00+00:00,2025-10-29 19:15:00+00:00,0.006576,0.006572,8.000000000001062,5.000000000001062,0.016501650165020008,100,300,3.0,signal,185
gold_spot,XAUUSD,momentum,short,11927,11928,11929,2025-10-28 01:15:00+00:00,2025-10-28 01:30:00+00:00,2025-10-28 01:45:00+00:00,4009.84,4012.84,-300.0,-311.0,-1.0,1032,300,11.0,sl,1
forex,USDCHF,momentum,short,12336,12337,12346,2025-10-28 12:00:00+00:00,2025-10-28 12:15:00+00:00,2025-10-28 14:30:00+00:00,0.79518002,0.79424,9.400200000000414,7.400200000000414,0.014741434262949032,200,500,2.0,signal,9
futures,6E,momentum,long,11998,11999,12005,2025-10-28 12:45:00+00:00,2025-10-28 13:00:00+00:00,2025-10-28 14:30:00+00:00,1.1672,1.1687,30.000000000001137,27.000000000001137,0.05367793240556886,200,500,3.0,signal,6
futures,SI,momentum,short,11937,11938,12361,2025-10-28 13:45:00+00:00,2025-10-28 14:00:00+00:00,2025-11-04 05:45:00+00:00,47.045,47.42,-75.0,-78.0,-0.1550695825049702,500,500,3.0,signal,423
gold_spot,XAUUSD,momentum,short,11978,11979,11979,2025-10-28 14:00:00+00:00,2025-10-28 14:15:00+00:00,2025-10-28 14:15:00+00:00,3939.19,3942.19,-300.0,-311.0,-1.0,1032,300,11.0,sl,0
futures,RTY,momentum,short,11947,11948,11966,2025-10-28 14:45:00+00:00,2025-10-28 15:00:00+00:00,2025-10-28 19:30:00+00:00,2526.7,2519.3,73.99999999999636,70.99999999999636,0.2343234323432223,500,300,3.0,signal,18
gold_spot,XAUUSD,momentum,short,12014,12015,12015,2025-10-29 00:00:00+00:00,2025-10-29 00:15:00+00:00,2025-10-29 00:15:00+00:00,3961.905,3964.905,-300.0,-311.0,-1.0,1032,300,11.0,sl,0
gold_spot,XAUUSD,momentum,short,12040,12041,12041,2025-10-29 06:30:00+00:00,2025-10-29 06:45:00+00:00,2025-10-29 06:45:00+00:00,3981.05,3984.05,-300.0,-311.0,-1.0,1032,300,11.0,sl,0
futures,CL,mean_reversion,long,12052,12053,12178,2025-10-29 09:30:00+00:00,2025-10-29 09:45:00+00:00,2025-10-30 18:00:00+00:00,60.23,60.67,44.00000000000048,41.00000000000048,0.1353135313531369,200,300,3.0,signal,125
forex,EURUSD,momentum,short,12457,12458,12492,2025-10-29 09:45:00+00:00,2025-10-29 10:00:00+00:00,2025-10-29 18:30:00+00:00,1.16413,1.1591300000000002,50.0,48.0,0.2376237623762376,50,200,2.0,tp,34
futures,6E,momentum,short,12079,12080,12114,2025-10-29 10:00:00+00:00,2025-10-29 10:15:00+00:00,2025-10-29 18:45:00+00:00,1.16725,1.16295,85.9999999999994,82.9999999999994,0.1650099403578517,200,500,3.0,signal,34
futures,RTY,momentum,short,12022,12023,12056,2025-10-29 10:30:00+00:00,2025-10-29 10:45:00+00:00,2025-10-29 19:00:00+00:00,2518.9,2500.4,185.0,182.0,0.6006600660066007,500,300,3.0,signal,33
futures,NG,mean_reversion,long,12071,12072,12078,2025-10-29 14:15:00+00:00,2025-10-29 14:30:00+00:00,2025-10-29 16:00:00+00:00,3.818,3.858,40.000000000000036,37.000000000000036,0.12211221122112223,500,300,3.0,signal,6
futures,NG,momentum,short,12071,12072,12091,2025-10-29 14:15:00+00:00,2025-10-29 14:30:00+00:00,2025-10-29 19:15:00+00:00,3.818,3.802,16.000000000000014,13.000000000000014,0.04290429042904295,500,300,3.0,signal,19
forex,EURUSD,mean_reversion,short,12488,12489,12492,2025-10-29 17:30:00+00:00,2025-10-29 17:45:00+00:00,2025-10-29 18:30:00+00:00,1.16475,1.15975,50.0,48.0,0.6233766233766234,50,75,2.0,tp,3
futures,6E,mean_reversion,short,12109,12110,12111,2025-10-29 17:30:00+00:00,2025-10-29 17:45:00+00:00,2025-10-29 18:00:00+00:00,1.16775,1.1627500000000002,100.0,97.0,0.3201320132013201,100,300,3.0,tp,1
futures,RTY,mean_reversion,short,12052,12053,12056,2025-10-29 18:00:00+00:00,2025-10-29 18:15:00+00:00,2025-10-29 19:00:00+00:00,2523.8,2500.4,234.0000000000009,231.0000000000009,0.4592445328031827,500,500,3.0,signal,3
futures,NQ,momentum,long,12055,12056,12056,2025-10-29 18:30:00+00:00,2025-10-29 18:45:00+00:00,2025-10-29 18:45:00+00:00,26070.5,26195.5,500.0,497.0,1.4747774480712166,500,334,3.0,tp,0
gold_spot,XAUUSD,momentum,long,12088,12089,12089,2025-10-29 18:30:00+00:00,2025-10-29 18:45:00+00:00,2025-10-29 18:45:00+00:00,3954.335,3951.335,-300.0,-311.0,-1.0,1032,300,11.0,same_bar_sl,0
futures,HG,momentum,long,12111,12112,12123,2025-10-30 02:00:00+00:00,2025-10-30 02:15:00+00:00,2025-10-30 05:00:00+00:00,5.1925,5.155,-75.0,-78.0,-1.0,50,75,3.0,sl,11
forex,USDJPY,momentum,long,12485,12486,12487,2025-10-30 03:00:00+00:00,2025-10-30 03:15:00+00:00,2025-10-30 03:30:00+00:00,152.17999,152.907,72.7010000000007,70.7010000000007,0.1408386454183281,200,500,2.0,signal,1
forex,AUDUSD,momentum,long,12551,12552,12557,2025-10-30 04:00:00+00:00,2025-10-30 04:15:00+00:00,2025-10-30 05:30:00+00:00,0.65832782,0.65936965,10.418300000000214,8.418300000000214,0.08253235294117857,150,100,2.0,signal,5
futures,ES,momentum,long,12089,12090,12096,2025-10-30 04:00:00+00:00,2025-10-30 04:15:00+00:00,2025-10-30 05:45:00+00:00,6914.0,6931.25,69.0,66.0,0.21782178217821782,300,300,3.0,signal,6
gold_spot,XAUUSD,momentum,short,12123,12124,12124,2025-10-30 04:15:00+00:00,2025-10-30 04:30:00+00:00,2025-10-30 04:30:00+00:00,3959.605,3962.605,-300.0,-311.0,-1.0,1032,300,11.0,sl,0
forex,EURUSD,momentum,short,12532,12533,12563,2025-10-30 04:30:00+00:00,2025-10-30 04:45:00+00:00,2025-10-30 12:15:00+00:00,1.16301,1.1580100000000002,50.0,48.0,0.2376237623762376,50,200,2.0,tp,30
futures,6E,momentum,short,12149,12150,12181,2025-10-30 04:30:00+00:00,2025-10-30 04:45:00+00:00,2025-10-30 12:30:00+00:00,1.16585,1.16075,102.00000000000209,99.00000000000209,0.19681908548708169,200,500,3.0,signal,31
futures,GC,momentum,short,12111,12112,12114,2025-10-30 04:30:00+00:00,2025-10-30 04:45:00+00:00,2025-10-30 05:15:00+00:00,3991.2,3961.2,300.0,297.0,2.6283185840707963,300,110,3.0,tp,2
futures,RTY,momentum,short,12094,12095,12122,2025-10-30 05:30:00+00:00,2025-10-30 05:45:00+00:00,2025-10-30 12:30:00+00:00,2511.2,2485.6,255.9999999999991,252.9999999999991,0.834983498349832,500,300,3.0,signal,27
forex,AUDUSD,mean_reversion,short,12561,12562,12577,2025-10-30 06:30:00+00:00,2025-10-30 06:45:00+00:00,2025-10-30 10:30:00+00:00,0.6585446,0.65690076,16.43840000000063,14.43840000000063,0.09498947368421468,50,150,2.0,signal,15
forex,NZDUSD,mean_reversion,short,12607,12608,12614,2025-10-30 06:45:00+00:00,2025-10-30 07:00:00+00:00,2025-10-30 08:30:00+00:00,0.57740057,0.57726723,1.333399999999818,-0.6666000000001819,-0.006535294117648843,50,100,2.0,signal,6
forex,EURUSD,mean_reversion,long,12551,12552,12566,2025-10-30 09:15:00+00:00,2025-10-30 09:30:00+00:00,2025-10-30 13:00:00+00:00,1.16257,1.15507,-75.0,-77.0,-1.0,50,75,2.0,sl,14
futures,NG,momentum,long,12145,12146,12156,2025-10-30 09:45:00+00:00,2025-10-30 10:00:00+00:00,2025-10-30 12:30:00+00:00,3.818,3.845,27.000000000000135,24.000000000000135,0.07920792079207965,500,300,3.0,signal,10
futures,NQ,momentum,long,12123,12124,12127,2025-10-30 12:30:00+00:00,2025-10-30 12:45:00+00:00,2025-10-30 13:30:00+00:00,26120.75,26037.25,-334.0,-337.0,-1.0,500,334,3.0,sl,3
gold_spot,XAUUSD,momentum,short,12162,12163,12163,2025-10-30 14:00:00+00:00,2025-10-30 14:15:00+00:00,2025-10-30 14:15:00+00:00,4011.28,4000.96,1032.0,1021.0,3.282958199356913,1032,300,11.0,tp,0
futures,CL,momentum,short,12165,12166,12411,2025-10-30 14:45:00+00:00,2025-10-30 15:00:00+00:00,2025-11-04 08:15:00+00:00,60.42,60.41,1.0000000000005116,-1.9999999999994884,-0.006600660066004912,500,300,3.0,signal,245
futures,ES,momentum,short,12155,12156,12220,2025-10-30 20:30:00+00:00,2025-10-30 20:45:00+00:00,2025-10-31 13:45:00+00:00,6894.0,6884.25,39.0,36.0,0.1188118811881188,300,300,3.0,signal,64
futures,NQ,mean_reversion,long,12155,12156,12157,2025-10-30 20:30:00+00:00,2025-10-30 20:45:00+00:00,2025-10-30 22:00:00+00:00,26131.75,26169.25,150.0,147.0,0.2922465208747515,150,500,3.0,tp,1
futures,NQ,momentum,short,12155,12156,12196,2025-10-30 20:30:00+00:00,2025-10-30 20:45:00+00:00,2025-10-31 07:45:00+00:00,26131.75,26215.25,-334.0,-337.0,-1.0,500,334,3.0,sl,40
gold_spot,XAUUSD,momentum,long,12208,12209,12209,2025-10-31 02:30:00+00:00,2025-10-31 02:45:00+00:00,2025-10-31 02:45:00+00:00,4002.98,4013.3,1032.0,1021.0,3.282958199356913,1032,300,11.0,tp,0
futures,NQ,momentum,long,12219,12220,12229,2025-10-31 13:30:00+00:00,2025-10-31 13:45:00+00:00,2025-10-31 16:00:00+00:00,26118.75,26035.25,-334.0,-337.0,-1.0,500,334,3.0,sl,9
forex,AUDUSD,momentum,short,12687,12688,12696,2025-10-31 14:00:00+00:00,2025-10-31 14:15:00+00:00,2025-10-31 16:15:00+00:00,0.65513629,0.65415061,9.856799999999888,7.856799999999888,0.07702745098039106,150,100,2.0,signal,8
futures,6C,mean_reversion,long,12274,12275,12729,2025-10-31 14:30:00+00:00,2025-10-31 14:45:00+00:00,2025-11-07 14:15:00+00:00,0.7154,0.71235,-60.99999999999994,-63.99999999999994,-0.31527093596059086,75,200,3.0,signal,454
forex,USDCAD,mean_reversion,short,12656,12657,12838,2025-10-31 14:45:00+00:00,2025-10-31 15:00:00+00:00,2025-11-04 14:15:00+00:00,1.40083,1.40833,-75.0,-77.0,-1.0,20,75,2.0,sl,181
futures,6A,momentum,short,12277,12278,12362,2025-10-31 14:45:00+00:00,2025-10-31 15:00:00+00:00,2025-11-03 14:00:00+00:00,0.6555,0.6542,25.999999999999357,22.999999999999357,0.04572564612325916,200,500,3.0,signal,84
gold_spot,XAUUSD,momentum,long,12262,12263,12263,2025-10-31 16:00:00+00:00,2025-10-31 16:15:00+00:00,2025-10-31 16:15:00+00:00,3979.36,3976.36,-300.0,-311.0,-1.0,1032,300,11.0,same_bar_sl,0
forex,GBPUSD,momentum,short,12763,12764,12766,2025-10-31 21:00:00+00:00,2025-10-31 21:15:00+00:00,2025-11-02 22:15:00+00:00,1.31541,1.31341,20.0,18.0,0.23376623376623376,20,75,2.0,tp,2
futures,ZN,momentum,short,12261,12262,12318,2025-10-31 20:45:00+00:00,2025-11-02 23:00:00+00:00,2025-11-03 13:00:00+00:00,112.765625,112.6875,5.0,2.0,0.013071895424836602,50,150,3.0,signal,56
gold_spot,XAUUSD,momentum,long,12284,12285,12286,2025-11-02 23:30:00+00:00,2025-11-02 23:45:00+00:00,2025-11-03 00:00:00+00:00,3979.095,3976.095,-300.0,-311.0,-1.0,1032,300,11.0,sl,1
futures,NQ,momentum,short,12253,12254,12298,2025-11-03 00:00:00+00:00,2025-11-03 00:15:00+00:00,2025-11-03 11:15:00+00:00,26091.0,26174.5,-334.0,-337.0,-1.0,500,334,3.0,sl,44
futures,GC,mean_reversion,long,12278,12279,12279,2025-11-03 01:15:00+00:00,2025-11-03 01:30:00+00:00,2025-11-03 01:30:00+00:00,4008.4,4011.4,30.0,27.0,0.2621359223300971,30,100,3.0,tp,0
gold_spot,XAUUSD,mean_reversion,long,12291,12292,12292,2025-11-03 01:15:00+00:00,2025-11-03 01:30:00+00:00,2025-11-03 01:30:00+00:00,3998.89,3995.89,-300.0,-311.0,-1.0,1097,300,11.0,sl,0
gold_spot,XAUUSD,momentum,short,12291,12292,12292,2025-11-03 01:15:00+00:00,2025-11-03 01:30:00+00:00,2025-11-03 01:30:00+00:00,3998.89,4001.89,-300.0,-311.0,-1.0,1032,300,11.0,sl,0
forex,AUDUSD,mean_reversion,long,12730,12731,13004,2025-11-03 02:45:00+00:00,2025-11-03 03:00:00+00:00,2025-11-05 23:15:00+00:00,0.65492171,0.65095687,-39.64839999999969,-41.64839999999969,-0.27400263157894533,50,150,2.0,signal,273
forex,AUDUSD,momentum,short,12736,12737,12760,2025-11-03 04:15:00+00:00,2025-11-03 04:30:00+00:00,2025-11-03 10:15:00+00:00,0.65543687,0.65475023,6.866399999999606,4.866399999999606,0.047709803921564764,150,100,2.0,signal,23
futures,ES,momentum,short,12289,12290,12313,2025-11-03 09:00:00+00:00,2025-11-03 09:15:00+00:00,2025-11-03 15:00:00+00:00,6894.75,6876.25,74.0,71.0,0.23432343234323433,300,300,3.0,signal,23
futures,YM,momentum,short,12289,12290,12306,2025-11-03 09:00:00+00:00,2025-11-03 09:15:00+00:00,2025-11-03 13:15:00+00:00,47775.0,47667.0,108.0,105.0,0.20874751491053678,300,500,3.0,signal,16
gold_spot,XAUUSD,momentum,long,12326,12327,12328,2025-11-03 10:00:00+00:00,2025-11-03 10:15:00+00:00,2025-11-03 10:30:00+00:00,3997.54,3994.54,-300.0,-311.0,-1.0,1032,300,11.0,sl,1
futures,RTY,momentum,long,12305,12306,12313,2025-11-03 13:15:00+00:00,2025-11-03 13:30:00+00:00,2025-11-03 15:15:00+00:00,2485.3,2455.3,-300.0,-303.0,-1.0,500,300,3.0,sl,7
futures,YM,momentum,short,12310,12311,12313,2025-11-03 14:15:00+00:00,2025-11-03 14:30:00+00:00,2025-11-03 15:00:00+00:00,47760.0,47522.0,238.0,235.0,0.4671968190854871,300,500,3.0,signal,2
forex,USDJPY,momentum,long,12717,12718,12906,2025-11-03 15:00:00+00:00,2025-11-03 15:15:00+00:00,2025-11-05 14:15:00+00:00,154.0099945,153.981,-2.899450000001025,-4.899450000001025,-0.009759860557770965,200,500,2.0,signal,188
futures,ZN,momentum,short,12326,12327,12331,2025-11-03 15:00:00+00:00,2025-11-03 15:15:00+00:00,2025-11-03 16:15:00+00:00,112.75,112.625,8.0,5.0,0.032679738562091505,50,150,3.0,signal,4
futures,6B,momentum,short,12368,12369,12398,2025-11-03 15:45:00+00:00,2025-11-03 16:00:00+00:00,2025-11-04 00:15:00+00:00,1.3146,1.3123,22.999999999999687,19.999999999999687,0.19417475728155037,30,100,3.0,signal,29
gold_spot,XAUUSD,momentum,long,12351,12352,12353,2025-11-03 16:15:00+00:00,2025-11-03 16:30:00+00:00,2025-11-03 16:45:00+00:00,3998.14,4008.46,1032.0,1021.0,3.282958199356913,1032,300,11.0,tp,1
futures,RTY,momentum,short,12339,12340,12367,2025-11-03 21:45:00+00:00,2025-11-03 23:00:00+00:00,2025-11-04 05:45:00+00:00,2485.5,2459.9,255.9999999999991,252.9999999999991,0.834983498349832,500,300,3.0,signal,27
gold_spot,XAUUSD,momentum,long,12374,12375,12376,2025-11-03 23:00:00+00:00,2025-11-03 23:15:00+00:00,2025-11-03 23:30:00+00:00,3988.735,3999.0550000000003,1032.0,1021.0,3.282958199356913,1032,300,11.0,tp,1
forex,GBPUSD,momentum,short,12893,12894,12896,2025-11-04 07:15:00+00:00,2025-11-04 07:30:00+00:00,2025-11-04 08:00:00+00:00,1.31365,1.31165,20.0,18.0,0.23376623376623376,20,75,2.0,tp,2
futures,6B,momentum,short,12426,12427,12429,2025-11-04 07:15:00+00:00,2025-11-04 07:30:00+00:00,2025-11-04 08:00:00+00:00,1.3137,1.3107000000000002,30.0,27.0,0.2621359223300971,30,100,3.0,tp,2
gold_spot,XAUUSD,momentum,short,12407,12408,12410,2025-11-04 07:15:00+00:00,2025-11-04 07:30:00+00:00,2025-11-04 08:00:00+00:00,3994.065,3997.065,-300.0,-311.0,-1.0,1032,300,11.0,sl,2
gold_spot,XAUUSD,momentum,short,12441,12442,12442,2025-11-04 15:45:00+00:00,2025-11-04 16:00:00+00:00,2025-11-04 16:00:00+00:00,3956.92,3959.92,-300.0,-311.0,-1.0,1032,300,11.0,sl,0
gold_spot,XAUUSD,momentum,short,12484,12485,12485,2025-11-05 03:30:00+00:00,2025-11-05 03:45:00+00:00,2025-11-05 03:45:00+00:00,3959.395,3962.395,-300.0,-311.0,-1.0,1032,300,11.0,sl,0
futures,ZN,momentum,long,12491,12492,12605,2025-11-05 10:15:00+00:00,2025-11-05 10:30:00+00:00,2025-11-06 15:45:00+00:00,112.828125,112.859375,2.0,-1.0,-0.006535947712418301,50,150,3.0,signal,113
futures,CL,momentum,long,12516,12517,12877,2025-11-05 11:30:00+00:00,2025-11-05 11:45:00+00:00,2025-11-11 09:45:00+00:00,60.63,60.43,-20.000000000000284,-23.000000000000284,-0.07590759075907684,500,300,3.0,signal,360
futures,SI,momentum,short,12485,12486,12778,2025-11-05 13:45:00+00:00,2025-11-05 14:00:00+00:00,2025-11-10 18:00:00+00:00,47.77,50.27,-500.0,-503.0,-1.0,500,500,3.0,sl,292
forex,AUDUSD,momentum,short,12970,12971,13068,2025-11-05 14:45:00+00:00,2025-11-05 15:00:00+00:00,2025-11-06 15:15:00+00:00,0.64901352,0.64729112,17.224000000000128,15.224000000000128,0.14925490196078556,150,100,2.0,signal,97
futures,RTY,momentum,short,12495,12496,12594,2025-11-05 14:45:00+00:00,2025-11-05 15:00:00+00:00,2025-11-06 16:30:00+00:00,2457.0,2434.4,225.9999999999991,222.9999999999991,0.735973597359733,500,300,3.0,signal,98
futures,YM,momentum,short,12496,12497,12502,2025-11-05 14:45:00+00:00,2025-11-05 15:00:00+00:00,2025-11-05 16:15:00+00:00,47347.0,47181.0,166.0,163.0,0.3240556660039761,300,500,3.0,signal,5
futures,6A,momentum,short,12551,12552,12643,2025-11-05 15:15:00+00:00,2025-11-05 15:30:00+00:00,2025-11-06 15:15:00+00:00,0.6502,0.64735,57.000000000000384,54.000000000000384,0.10735586481113396,200,500,3.0,signal,91
futures,NQ,momentum,short,12498,12499,12504,2025-11-05 15:15:00+00:00,2025-11-05 15:30:00+00:00,2025-11-05 16:45:00+00:00,25688.75,25772.25,-334.0,-337.0,-1.0,500,334,3.0,sl,5
futures,ES,momentum,short,12499,12500,12589,2025-11-05 15:30:00+00:00,2025-11-05 15:45:00+00:00,2025-11-06 15:00:00+00:00,6826.0,6788.5,150.0,147.0,0.48514851485148514,300,300,3.0,signal,89
futures,NQ,mean_reversion,long,12499,12500,12502,2025-11-05 15:30:00+00:00,2025-11-05 15:45:00+00:00,2025-11-05 16:15:00+00:00,25703.25,25740.75,150.0,147.0,0.2922465208747515,150,500,3.0,tp,2
futures,HG,momentum,short,12530,12531,12569,2025-11-05 15:45:00+00:00,2025-11-05 16:00:00+00:00,2025-11-06 02:30:00+00:00,4.977,5.0145,-75.0,-78.0,-1.0,50,75,3.0,sl,38
futures,NG,mean_reversion,short,12536,12537,12812,2025-11-05 16:30:00+00:00,2025-11-05 16:45:00+00:00,2025-11-10 16:30:00+00:00,4.26,4.282,-22.00000000000024,-25.00000000000024,-0.08250825082508331,500,300,3.0,signal,275
futures,NQ,momentum,long,12520,12521,12530,2025-11-05 20:45:00+00:00,2025-11-05 21:00:00+00:00,2025-11-06 00:15:00+00:00,25741.0,25657.5,-334.0,-337.0,-1.0,500,334,3.0,sl,9
futures,NQ,mean_reversion,short,12521,12522,12530,2025-11-05 21:00:00+00:00,2025-11-05 21:15:00+00:00,2025-11-06 00:15:00+00:00,25704.0,25666.5,150.0,147.0,0.2922465208747515,150,500,3.0,tp,8
forex,NZDUSD,momentum,short,13050,13051,13058,2025-11-05 23:15:00+00:00,2025-11-05 23:30:00+00:00,2025-11-06 01:15:00+00:00,0.56670064,0.56612319,5.774499999999794,3.7744999999997937,0.17156818181817243,75,20,2.0,signal,7
futures,YM,momentum,long,12533,12534,12567,2025-11-06 01:00:00+00:00,2025-11-06 01:15:00+00:00,2025-11-06 09:30:00+00:00,47400.0,47403.0,3.0,0.0,0.0,300,500,3.0,signal,33
forex,AUDUSD,mean_reversion,short,13029,13030,13068,2025-11-06 05:30:00+00:00,2025-11-06 05:45:00+00:00,2025-11-06 15:15:00+00:00,0.65116888,0.64729112,38.777599999999524,36.777599999999524,0.24195789473683896,50,150,2.0,signal,38
forex,USDJPY,momentum,long,12978,12979,13132,2025-11-06 08:15:00+00:00,2025-11-06 08:30:00+00:00,2025-11-10 00:45:00+00:00,153.686,153.799,11.299999999999955,9.299999999999955,0.01852589641434254,200,500,2.0,signal,153
forex,NZDUSD,momentum,short,13088,13089,13094,2025-11-06 08:45:00+00:00,2025-11-06 09:00:00+00:00,2025-11-06 10:15:00+00:00,0.56670064,0.56621933,4.8130999999995705,2.8130999999995705,0.12786818181816229,75,20,2.0,signal,5
futures,ES,mean_reversion,long,12565,12566,12579,2025-11-06 09:00:00+00:00,2025-11-06 09:15:00+00:00,2025-11-06 12:30:00+00:00,6821.0,6833.75,51.0,48.0,0.09542743538767395,500,500,3.0,signal,13
forex,USDCHF,mean_reversion,short,12988,12989,12990,2025-11-06 09:45:00+00:00,2025-11-06 10:00:00+00:00,2025-11-06 10:15:00+00:00,0.80887002,0.80879998,0.7003999999999344,-1.2996000000000656,-0.006433663366336958,75,200,2.0,signal,1
forex,USDCHF,momentum,long,12988,12989,13642,2025-11-06 09:45:00+00:00,2025-11-06 10:00:00+00:00,2025-11-17 09:15:00+00:00,0.80887002,0.79486001,-140.10010000000017,-142.10010000000017,-0.2830679282868529,200,500,2.0,signal,653
futures,6A,mean_reversion,short,12625,12626,12641,2025-11-06 10:45:00+00:00,2025-11-06 11:00:00+00:00,2025-11-06 14:45:00+00:00,0.65095,0.6484500000000001,50.0,47.0,0.2315270935960591,50,200,3.0,tp,15
futures,ZB,momentum,short,12593,12594,12721,2025-11-06 13:45:00+00:00,2025-11-06 14:00:00+00:00,2025-11-09 23:45:00+00:00,116.9375,116.625,10.0,7.0,0.08974358974358974,30,75,3.0,signal,127
futures,ES,mean_reversion,short,12585,12586,12589,2025-11-06 14:00:00+00:00,2025-11-06 14:15:00+00:00,2025-11-06 15:00:00+00:00,6822.75,6788.5,137.0,134.0,0.2664015904572565,500,500,3.0,signal,3
futures,HG,momentum,long,12615,12616,12624,2025-11-06 14:00:00+00:00,2025-11-06 14:15:00+00:00,2025-11-06 16:15:00+00:00,4.9915,4.954000000000001,-75.0,-78.0,-1.0,50,75,3.0,sl,8
futures,YM,momentum,long,12585,12586,12666,2025-11-06 14:00:00+00:00,2025-11-06 14:15:00+00:00,2025-11-07 11:15:00+00:00,47392.0,46892.0,-500.0,-503.0,-1.0,300,500,3.0,sl,80
futures,NQ,momentum,long,12586,12587,12587,2025-11-06 14:15:00+00:00,2025-11-06 14:30:00+00:00,2025-11-06 14:30:00+00:00,25674.0,25590.5,-334.0,-337.0,-1.0,500,334,3.0,sl,0
gold_spot,XAUUSD,momentum,long,12619,12620,12620,2025-11-06 14:15:00+00:00,2025-11-06 14:30:00+00:00,2025-11-06 14:30:00+00:00,3992.0,4002.32,1032.0,1021.0,3.282958199356913,1032,300,11.0,tp,0
forex,USDCHF,mean_reversion,long,13008,13009,13568,2025-11-06 14:45:00+00:00,2025-11-06 15:00:00+00:00,2025-11-14 12:45:00+00:00,0.80861998,0.78861998,-200.0,-202.0,-1.0,75,200,2.0,sl,559
futures,GC,momentum,long,12609,12610,12618,2025-11-06 15:00:00+00:00,2025-11-06 15:15:00+00:00,2025-11-06 17:15:00+00:00,3991.0,3980.0,-110.0,-113.0,-1.0,300,110,3.0,sl,8
forex,GBPUSD,momentum,long,13186,13187,13196,2025-11-07 08:30:00+00:00,2025-11-07 08:45:00+00:00,2025-11-07 11:00:00+00:00,1.31041,1.31068,2.6999999999999247,0.6999999999999247,0.009090909090908112,20,75,2.0,signal,9
futures,HG,mean_reversion,long,12701,12702,12751,2025-11-07 12:30:00+00:00,2025-11-07 12:45:00+00:00,2025-11-10 02:00:00+00:00,4.9855,5.0235,76.00000000000051,73.00000000000051,0.24092409240924262,150,300,3.0,signal,49
forex,AUDUSD,mean_reversion,long,13158,13159,13192,2025-11-07 13:45:00+00:00,2025-11-07 14:00:00+00:00,2025-11-10 00:15:00+00:00,0.64880294,0.65036416,15.612199999999188,13.612199999999188,0.08955394736841571,50,150,2.0,signal,33
futures,6J,momentum,long,12736,12737,12743,2025-11-07 13:45:00+00:00,2025-11-07 14:00:00+00:00,2025-11-07 15:30:00+00:00,0.0065435,0.006554,21.000000000000185,18.000000000000185,0.059405940594060014,100,300,3.0,signal,6
futures,ZN,mean_reversion,short,12690,12691,12733,2025-11-07 14:00:00+00:00,2025-11-07 14:15:00+00:00,2025-11-10 01:45:00+00:00,112.75,112.65625,6.0,3.0,0.05660377358490566,15,50,3.0,signal,42
futures,ZN,momentum,long,12690,12691,12696,2025-11-07 14:00:00+00:00,2025-11-07 14:15:00+00:00,2025-11-07 15:30:00+00:00,112.75,112.890625,9.0,6.0,0.0392156862745098,50,150,3.0,signal,5
gold_spot,XAUUSD,momentum,long,12716,12717,12718,2025-11-07 15:30:00+00:00,2025-11-07 15:45:00+00:00,2025-11-07 16:00:00+00:00,3986.51,3996.8300000000004,1032.0,1021.0,3.282958199356913,1032,300,11.0,tp,1
futures,SI,mean_reversion,short,12685,12686,12801,2025-11-07 17:45:00+00:00,2025-11-07 18:00:00+00:00,2025-11-11 00:45:00+00:00,48.105,50.605,-500.0,-503.0,-1.0,200,500,3.0,sl,115
forex,AUDUSD,momentum,short,13175,13176,13593,2025-11-07 18:00:00+00:00,2025-11-07 18:15:00+00:00,2025-11-14 04:30:00+00:00,0.64863461,0.65362,-49.85389999999978,-51.85389999999978,-0.5083715686274488,150,100,2.0,signal,417
futures,6A,mean_reversion,long,12747,12748,12764,2025-11-07 18:15:00+00:00,2025-11-07 18:30:00+00:00,2025-11-09 23:30:00+00:00,0.6487,0.64985,22.999999999999687,19.999999999999687,0.0985221674876832,50,200,3.0,signal,16
forex,NZDUSD,mean_reversion,short,13282,13283,13554,2025-11-10 11:00:00+00:00,2025-11-10 11:15:00+00:00,2025-11-13 07:00:00+00:00,0.56417489,0.56487602,-7.011300000000498,-9.011300000000498,-0.08834607843137743,50,100,2.0,signal,271
forex,NZDUSD,momentum,long,13282,13283,13292,2025-11-10 11:00:00+00:00,2025-11-10 11:15:00+00:00,2025-11-10 13:30:00+00:00,0.56417489,0.56468463,5.097400000000363,3.0974000000003628,0.1407909090909256,75,20,2.0,signal,9
futures,ZB,momentum,short,12777,12778,13121,2025-11-10 13:45:00+00:00,2025-11-10 14:00:00+00:00,2025-11-14 08:00:00+00:00,116.8125,116.71875,3.0,0.0,0.0,30,75,3.0,signal,343
futures,ZN,momentum,short,12782,12783,13057,2025-11-10 14:00:00+00:00,2025-11-10 14:15:00+00:00,2025-11-13 13:45:00+00:00,112.71875,112.71875,-0.0,-3.0,-0.0196078431372549,50,150,3.0,signal,274
gold_spot,XAUUSD,momentum,long,12803,12804,12804,2025-11-10 14:15:00+00:00,2025-11-10 14:30:00+00:00,2025-11-10 14:30:00+00:00,4086.175,4083.175,-300.0,-311.0,-1.0,1032,300,11.0,sl,0
futures,6E,momentum,long,12833,12834,12844,2025-11-10 15:30:00+00:00,2025-11-10 15:45:00+00:00,2025-11-10 18:15:00+00:00,1.1574,1.1583,18.00000000000246,15.000000000002458,0.029821073558653,200,500,3.0,signal,10
futures,YM,momentum,long,12775,12776,12784,2025-11-10 15:30:00+00:00,2025-11-10 15:45:00+00:00,2025-11-10 17:45:00+00:00,47155.0,47261.0,106.0,103.0,0.2047713717693837,300,500,3.0,signal,8
futures,CL,mean_reversion,long,12817,12818,12829,2025-11-10 17:45:00+00:00,2025-11-10 18:00:00+00:00,2025-11-10 20:45:00+00:00,59.99,60.1,10.999999999999943,7.999999999999943,0.026402640264026216,200,300,3.0,signal,11
futures,NG,momentum,short,12830,12831,12863,2025-11-10 21:00:00+00:00,2025-11-10 21:15:00+00:00,2025-11-11 06:15:00+00:00,4.382,4.307,74.99999999999929,71.99999999999929,0.23762376237623528,500,300,3.0,signal,32
forex,GBPUSD,momentum,long,13345,13346,13397,2025-11-11 01:00:00+00:00,2025-11-11 01:15:00+00:00,2025-11-11 14:00:00+00:00,1.31607,1.31725,11.799999999999589,9.799999999999589,0.12727272727272193,20,75,2.0,signal,51
forex,NZDUSD,momentum,long,13339,13340,13347,2025-11-11 01:15:00+00:00,2025-11-11 01:30:00+00:00,2025-11-11 03:15:00+00:00,0.56404763,0.56455714,5.095099999999908,3.095099999999908,0.14068636363635945,75,20,2.0,signal,7
gold_spot,XAUUSD,momentum,long,12860,12861,12862,2025-11-11 05:30:00+00:00,2025-11-11 05:45:00+00:00,2025-11-11 06:00:00+00:00,4129.93,4126.93,-300.0,-311.0,-1.0,1032,300,11.0,sl,1
forex,USDJPY,momentum,long,13278,13279,13285,2025-11-11 13:15:00+00:00,2025-11-11 13:30:00+00:00,2025-11-11 15:00:00+00:00,153.797,153.998,20.09999999999934,18.09999999999934,0.03605577689242897,200,500,2.0,signal,6
futures,NG,mean_reversion,long,12891,12892,12900,2025-11-11 13:15:00+00:00,2025-11-11 13:30:00+00:00,2025-11-11 15:30:00+00:00,4.357,4.485,128.0000000000001,125.00000000000011,0.4125412541254129,500,300,3.0,signal,8
futures,NG,momentum,short,12891,12892,13086,2025-11-11 13:15:00+00:00,2025-11-11 13:30:00+00:00,2025-11-13 16:00:00+00:00,4.357,4.657,-300.0,-303.0,-1.0,500,300,3.0,sl,194
gold_spot,XAUUSD,momentum,long,12897,12898,12898,2025-11-11 14:45:00+00:00,2025-11-11 15:00:00+00:00,2025-11-11 15:00:00+00:00,4124.97,4121.97,-300.0,-311.0,-1.0,1032,300,11.0,sl,0
futures,6A,momentum,long,12921,12922,12973,2025-11-11 15:45:00+00:00,2025-11-11 16:00:00+00:00,2025-11-12 05:45:00+00:00,0.65235,0.65305,14.000000000000679,11.000000000000679,0.021868787276343296,200,500,3.0,signal,51
futures,NQ,momentum,long,12868,12869,12877,2025-11-11 15:45:00+00:00,2025-11-11 16:00:00+00:00,2025-11-11 18:00:00+00:00,25513.0,25617.5,418.0,415.0,1.231454005934718,500,334,3.0,signal,8
futures,RTY,momentum,long,12868,12869,12873,2025-11-11 16:00:00+00:00,2025-11-11 16:15:00+00:00,2025-11-11 17:15:00+00:00,2454.8,2462.0,71.99999999999818,68.99999999999818,0.2277227722772217,500,300,3.0,signal,4
forex,GBPUSD,momentum,long,13428,13429,13573,2025-11-11 21:45:00+00:00,2025-11-11 22:00:00+00:00,2025-11-13 10:00:00+00:00,1.31506,1.31555,4.900000000001015,2.9000000000010147,0.03766233766235084,20,75,2.0,signal,144
gold_spot,XAUUSD,momentum,long,12935,12936,12936,2025-11-12 01:15:00+00:00,2025-11-12 01:30:00+00:00,2025-11-12 01:30:00+00:00,4131.14,4128.14,-300.0,-311.0,-1.0,1032,300,11.0,sl,0
futures,HG,momentum,long,12941,12942,12954,2025-11-12 03:30:00+00:00,2025-11-12 03:45:00+00:00,2025-11-12 06:45:00+00:00,5.062,5.069,13.999999999999346,10.999999999999346,0.14102564102563264,50,75,3.0,signal,12
forex,EURUSD,momentum,long,13412,13413,13436,2025-11-12 09:30:00+00:00,2025-11-12 09:45:00+00:00,2025-11-12 15:30:00+00:00,1.15735,1.15773,3.7999999999982492,1.7999999999982492,0.008910891089100243,50,200,2.0,signal,23
futures,6E,momentum,long,12993,12994,13017,2025-11-12 09:30:00+00:00,2025-11-12 09:45:00+00:00,2025-11-12 15:30:00+00:00,1.1594,1.1599,9.999999999998899,6.999999999998899,0.013916500994033595,200,500,3.0,signal,23
futures,CL,momentum,long,12969,12970,13124,2025-11-12 09:45:00+00:00,2025-11-12 10:00:00+00:00,2025-11-14 02:30:00+00:00,60.42,60.09,-32.99999999999983,-35.99999999999983,-0.11881188118811825,500,300,3.0,signal,154
futures,ZN,mean_reversion,short,12964,12965,13057,2025-11-12 13:30:00+00:00,2025-11-12 13:45:00+00:00,2025-11-13 13:45:00+00:00,112.859375,112.71875,9.0,6.0,0.11320754716981132,15,50,3.0,signal,92
futures,6A,momentum,long,13006,13007,13045,2025-11-12 14:00:00+00:00,2025-11-12 14:15:00+00:00,2025-11-13 00:45:00+00:00,0.6535,0.6558,46.00000000000159,43.00000000000159,0.08548707753479441,200,500,3.0,signal,38
futures,NQ,momentum,long,12955,12956,12959,2025-11-12 14:30:00+00:00,2025-11-12 14:45:00+00:00,2025-11-12 15:30:00+00:00,25644.75,25561.25,-334.0,-337.0,-1.0,500,334,3.0,sl,3
futures,RTY,momentum,long,12959,12960,13046,2025-11-12 15:45:00+00:00,2025-11-12 16:00:00+00:00,2025-11-13 14:30:00+00:00,2466.1,2436.1,-300.0,-303.0,-1.0,500,300,3.0,sl,86
futures,ES,momentum,long,12987,12988,12994,2025-11-12 23:30:00+00:00,2025-11-12 23:45:00+00:00,2025-11-13 01:15:00+00:00,6858.75,6884.5,103.0,100.0,0.33003300330033003,300,300,3.0,signal,6
forex,NZDUSD,momentum,short,13554,13555,13558,2025-11-13 07:00:00+00:00,2025-11-13 07:15:00+00:00,2025-11-13 08:00:00+00:00,0.56545097,0.56745097,-20.0,-22.0,-1.0,75,20,2.0,sl,3
futures,6B,mean_reversion,long,13070,13071,13081,2025-11-13 07:15:00+00:00,2025-11-13 07:30:00+00:00,2025-11-13 10:00:00+00:00,1.3128,1.3155,26.999999999999247,23.999999999999247,0.11822660098521796,100,200,3.0,signal,10
futures,6B,momentum,short,13071,13072,13163,2025-11-13 07:30:00+00:00,2025-11-13 07:45:00+00:00,2025-11-14 07:30:00+00:00,1.3138,1.3127,11.000000000001009,8.000000000001009,0.07766990291263115,30,100,3.0,signal,91
futures,ES,momentum,long,13028,13029,13055,2025-11-13 09:45:00+00:00,2025-11-13 10:00:00+00:00,2025-11-13 16:30:00+00:00,6865.5,6790.5,-300.0,-303.0,-1.0,300,300,3.0,sl,26
futures,6A,momentum,long,13096,13097,13106,2025-11-13 13:30:00+00:00,2025-11-13 13:45:00+00:00,2025-11-13 16:00:00+00:00,0.6552,0.65545,4.999999999999449,1.9999999999994493,0.0039761431411519865,200,500,3.0,signal,9
gold_spot,XAUUSD,momentum,long,13078,13079,13079,2025-11-13 14:00:00+00:00,2025-11-13 14:15:00+00:00,2025-11-13 14:15:00+00:00,4220.54,4217.54,-300.0,-311.0,-1.0,1032,300,11.0,sl,0
forex,USDJPY,momentum,long,13475,13476,13662,2025-11-13 14:30:00+00:00,2025-11-13 14:45:00+00:00,2025-11-17 15:15:00+00:00,154.44299,155.271,82.80099999999777,80.80099999999777,0.16095816733067286,200,500,2.0,signal,186
futures,SI,momentum,long,13056,13057,13085,2025-11-13 18:30:00+00:00,2025-11-13 18:45:00+00:00,2025-11-14 02:45:00+00:00,52.265,53.155,178.0000000000001,175.0000000000001,0.34791252485089486,500,500,3.0,signal,28
futures,6A,mean_reversion,long,13138,13139,13573,2025-11-14 01:00:00+00:00,2025-11-14 01:15:00+00:00,2025-11-20 17:45:00+00:00,0.65385,0.64385,-200.0,-203.0,-1.0,50,200,3.0,sl,434
forex,USDJPY,mean_reversion,short,13518,13519,13527,2025-11-14 01:15:00+00:00,2025-11-14 01:30:00+00:00,2025-11-14 03:30:00+00:00,154.48599,154.418,6.7989999999980455,4.7989999999980455,0.01589072847681472,100,300,2.0,signal,8
futures,6C,mean_reversion,long,13137,13138,13372,2025-11-14 01:15:00+00:00,2025-11-14 01:30:00+00:00,2025-11-18 14:00:00+00:00,0.71385,0.71475,18.000000000000238,15.000000000000238,0.07389162561576472,75,200,3.0,signal,234
futures,6J,momentum,short,13146,13147,13294,2025-11-14 01:15:00+00:00,2025-11-14 01:30:00+00:00,2025-11-17 15:15:00+00:00,0.0064915,0.006458,66.99999999999936,63.99999999999936,0.21122112211220911,100,300,3.0,signal,147
futures,6A,momentum,short,13142,13143,13152,2025-11-14 02:00:00+00:00,2025-11-14 02:15:00+00:00,2025-11-14 04:30:00+00:00,0.6549,0.6537,24.000000000001798,21.000000000001798,0.04174950298211093,200,500,3.0,signal,9
gold_spot,XAUUSD,momentum,long,13141,13142,13142,2025-11-14 06:45:00+00:00,2025-11-14 07:00:00+00:00,2025-11-14 07:00:00+00:00,4175.4,4172.4,-300.0,-311.0,-1.0,1032,300,11.0,sl,0
futures,CL,mean_reversion,short,13161,13162,13230,2025-11-14 11:45:00+00:00,2025-11-14 12:00:00+00:00,2025-11-17 06:00:00+00:00,59.56,59.46,10.000000000000142,7.000000000000142,0.023102310231023573,200,300,3.0,signal,68
futures,6J,mean_reversion,long,13189,13190,13194,2025-11-14 12:00:00+00:00,2025-11-14 12:15:00+00:00,2025-11-14 13:15:00+00:00,0.006494,0.006518,48.00000000000117,45.00000000000117,0.22167487684729642,200,200,3.0,signal,4
forex,GBPUSD,mean_reversion,long,13678,13679,13684,2025-11-14 12:15:00+00:00,2025-11-14 12:30:00+00:00,2025-11-14 13:45:00+00:00,1.31513,1.31648,13.500000000001844,11.500000000001844,0.05693069306931606,100,200,2.0,signal,5
futures,6B,mean_reversion,long,13182,13183,13188,2025-11-14 12:15:00+00:00,2025-11-14 12:30:00+00:00,2025-11-14 13:45:00+00:00,1.315,1.3164,14.000000000000679,11.000000000000679,0.05418719211822994,100,200,3.0,signal,5
futures,6B,momentum,short,13182,13183,13383,2025-11-14 12:15:00+00:00,2025-11-14 12:30:00+00:00,2025-11-18 16:30:00+00:00,1.315,1.3137,12.999999999998568,9.999999999998568,0.09708737864076279,30,100,3.0,signal,200
forex,AUDUSD,momentum,short,13626,13627,13679,2025-11-14 12:45:00+00:00,2025-11-14 13:00:00+00:00,2025-11-17 02:00:00+00:00,0.65261,0.65191,7.000000000000339,5.000000000000339,0.04901960784314058,150,100,2.0,signal,52
forex,USDCAD,momentum,long,13592,13593,13594,2025-11-14 12:45:00+00:00,2025-11-14 13:00:00+00:00,2025-11-14 13:15:00+00:00,1.40189,1.40239,5.0,3.0,0.13636363636363635,5,20,2.0,tp,1
futures,6C,momentum,short,13183,13184,13279,2025-11-14 12:45:00+00:00,2025-11-14 13:00:00+00:00,2025-11-17 13:45:00+00:00,0.7144,0.71335,20.999999999999908,17.999999999999908,0.0886699507389158,50,200,3.0,signal,95
forex,GBPUSD,mean_reversion,short,13685,13686,13693,2025-11-14 14:00:00+00:00,2025-11-14 14:15:00+00:00,2025-11-14 16:00:00+00:00,1.31579,1.31408,17.100000000001003,15.100000000001003,0.07475247524752972,100,200,2.0,signal,7
futures,6B,mean_reversion,short,13189,13190,13197,2025-11-14 14:00:00+00:00,2025-11-14 14:15:00+00:00,2025-11-14 16:00:00+00:00,1.3158,1.3139,19.000000000000128,16.000000000000128,0.07881773399014841,100,200,3.0,signal,7
gold_spot,XAUUSD,momentum,short,13173,13174,13174,2025-11-14 14:45:00+00:00,2025-11-14 15:00:00+00:00,2025-11-14 15:00:00+00:00,4082.81,4072.49,1032.0,1021.0,3.282958199356913,1032,300,11.0,tp,0
futures,CL,momentum,long,13203,13204,13247,2025-11-16 23:15:00+00:00,2025-11-16 23:30:00+00:00,2025-11-17 10:15:00+00:00,59.47,60.08,60.99999999999994,57.99999999999994,0.19141914191419124,500,300,3.0,signal,43
gold_spot,XAUUSD,momentum,short,13203,13204,13206,2025-11-16 23:15:00+00:00,2025-11-16 23:30:00+00:00,2025-11-17 00:00:00+00:00,4104.08,4093.7599999999998,1032.0,1021.0,3.282958199356913,1032,300,11.0,tp,2
forex,GBPUSD,momentum,long,13719,13720,13749,2025-11-17 00:00:00+00:00,2025-11-17 00:15:00+00:00,2025-11-17 07:30:00+00:00,1.31525,1.31725,20.0,18.0,0.23376623376623376,20,75,2.0,tp,29
forex,NZDUSD,momentum,long,13711,13712,13740,2025-11-17 00:00:00+00:00,2025-11-17 00:15:00+00:00,2025-11-17 07:15:00+00:00,0.56718278,0.56782693,6.441499999999545,4.441499999999545,0.20188636363634294,75,20,2.0,signal,28
futures,NG,momentum,short,13228,13229,13273,2025-11-17 05:30:00+00:00,2025-11-17 05:45:00+00:00,2025-11-17 16:45:00+00:00,4.508,4.461,46.99999999999971,43.99999999999971,0.14521452145214425,500,300,3.0,signal,44
forex,GBPUSD,mean_reversion,long,13747,13748,13751,2025-11-17 07:00:00+00:00,2025-11-17 07:15:00+00:00,2025-11-17 08:00:00+00:00,1.31553,1.31754,20.099999999998452,18.099999999998452,0.08960396039603194,100,200,2.0,signal,3
forex,AUDUSD,momentum,short,13700,13701,13707,2025-11-17 07:15:00+00:00,2025-11-17 07:30:00+00:00,2025-11-17 09:00:00+00:00,0.653,0.65233,6.700000000000594,4.700000000000594,0.046078431372554844,150,100,2.0,signal,6
forex,EURUSD,momentum,short,13690,13691,13698,2025-11-17 07:15:00+00:00,2025-11-17 07:30:00+00:00,2025-11-17 09:15:00+00:00,1.16128,1.15986,14.200000000001989,12.200000000001989,0.06039603960397024,50,200,2.0,signal,7
futures,6E,momentum,short,13260,13261,13268,2025-11-17 07:15:00+00:00,2025-11-17 07:30:00+00:00,2025-11-17 09:15:00+00:00,1.16305,1.16165,27.999999999996916,24.999999999996916,0.04970178926440739,200,500,3.0,signal,7
futures,6A,momentum,short,13256,13257,13262,2025-11-17 07:30:00+00:00,2025-11-17 07:45:00+00:00,2025-11-17 09:00:00+00:00,0.6537,0.6525,23.999999999999577,20.999999999999577,0.041749502982106515,200,500,3.0,signal,5
gold_spot,XAUUSD,momentum,short,13237,13238,13238,2025-11-17 07:45:00+00:00,2025-11-17 08:00:00+00:00,2025-11-17 08:00:00+00:00,4088.32,4091.32,-300.0,-311.0,-1.0,1032,300,11.0,sl,0
forex,NZDUSD,mean_reversion,short,13746,13747,13764,2025-11-17 08:45:00+00:00,2025-11-17 09:00:00+00:00,2025-11-17 13:15:00+00:00,0.56744027,0.56670064,7.396299999999911,5.396299999999911,0.05290490196078344,50,100,2.0,signal,17
forex,NZDUSD,momentum,long,13746,13747,13761,2025-11-17 08:45:00+00:00,2025-11-17 09:00:00+00:00,2025-11-17 12:30:00+00:00,0.56744027,0.56734371,-0.9656000000002329,-2.965600000000233,-0.13480000000001058,75,20,2.0,signal,14
futures,ZB,momentum,short,13216,13217,13234,2025-11-17 08:45:00+00:00,2025-11-17 09:00:00+00:00,2025-11-17 13:15:00+00:00,116.78125,116.625,5.0,2.0,0.02564102564102564,30,75,3.0,signal,17
futures,ZN,momentum,short,13221,13222,13239,2025-11-17 08:45:00+00:00,2025-11-17 09:00:00+00:00,2025-11-17 13:15:00+00:00,112.6875,112.640625,3.0,0.0,0.0,50,150,3.0,signal,17
forex,GBPUSD,momentum,long,13762,13763,13766,2025-11-17 10:45:00+00:00,2025-11-17 11:00:00+00:00,2025-11-17 11:45:00+00:00,1.31527,1.31727,20.0,18.0,0.23376623376623376,20,75,2.0,tp,3
futures,6B,mean_reversion,short,13268,13269,13318,2025-11-17 10:45:00+00:00,2025-11-17 11:00:00+00:00,2025-11-18 00:15:00+00:00,1.3153,1.3148,4.999999999999449,1.9999999999994493,0.00985221674876576,100,200,3.0,signal,49
forex,AUDUSD,momentum,short,13720,13721,13726,2025-11-17 12:15:00+00:00,2025-11-17 12:30:00+00:00,2025-11-17 13:45:00+00:00,0.65236,0.6512,11.600000000000499,9.600000000000499,0.09411764705882841,150,100,2.0,signal,5
futures,ES,momentum,short,13232,13233,13238,2025-11-17 14:45:00+00:00,2025-11-17 15:00:00+00:00,2025-11-17 16:15:00+00:00,6765.25,6723.75,166.0,163.0,0.5379537953795379,300,300,3.0,signal,5
futures,NG,mean_reversion,long,13265,13266,13433,2025-11-17 14:45:00+00:00,2025-11-17 15:00:00+00:00,2025-11-19 10:45:00+00:00,4.511,4.418,-92.99999999999997,-95.99999999999997,-0.3168316831683167,500,300,3.0,signal,167
futures,NQ,mean_reversion,long,13232,13233,13233,2025-11-17 14:45:00+00:00,2025-11-17 15:00:00+00:00,2025-11-17 15:00:00+00:00,25199.25,25074.25,-500.0,-503.0,-1.0,150,500,3.0,sl,0
futures,NQ,momentum,short,13232,13233,13233,2025-11-17 14:45:00+00:00,2025-11-17 15:00:00+00:00,2025-11-17 15:00:00+00:00,25199.25,25074.25,500.0,497.0,1.4747774480712166,500,334,3.0,tp,0
futures,6C,momentum,short,13286,13287,13303,2025-11-17 15:30:00+00:00,2025-11-17 15:45:00+00:00,2025-11-17 19:45:00+00:00,0.714,0.7128,23.999999999999577,20.999999999999577,0.10344827586206688,50,200,3.0,signal,16
forex,AUDUSD,momentum,short,13740,13741,13745,2025-11-17 17:15:00+00:00,2025-11-17 17:30:00+00:00,2025-11-17 18:30:00+00:00,0.65167,0.65051,11.599999999999389,9.599999999999389,0.09411764705881753,150,100,2.0,signal,4
forex,GBPUSD,momentum,long,13798,13799,13847,2025-11-17 19:45:00+00:00,2025-11-17 20:00:00+00:00,2025-11-18 08:00:00+00:00,1.31458,1.31658,20.0,18.0,0.23376623376623376,20,75,2.0,tp,48
gold_spot,XAUUSD,momentum,short,13289,13290,13290,2025-11-17 20:45:00+00:00,2025-11-17 21:00:00+00:00,2025-11-17 21:00:00+00:00,4041.165,4044.165,-300.0,-311.0,-1.0,1032,300,11.0,sl,0
forex,USDCHF,momentum,long,13693,13694,13739,2025-11-17 22:00:00+00:00,2025-11-17 22:15:00+00:00,2025-11-18 09:30:00+00:00,0.79538,0.79558998,2.09980000000054,0.09980000000054012,0.00019880478087756998,200,500,2.0,signal,45
futures,ZN,momentum,short,13282,13283,13459,2025-11-18 01:00:00+00:00,2025-11-18 01:15:00+00:00,2025-11-19 23:15:00+00:00,112.625,112.609375,1.0,-2.0,-0.013071895424836602,50,150,3.0,signal,176
futures,ZB,mean_reversion,long,13278,13279,13294,2025-11-18 01:15:00+00:00,2025-11-18 01:30:00+00:00,2025-11-18 05:15:00+00:00,116.8125,116.9375,4.0,1.0,0.018867924528301886,15,50,3.0,signal,15
forex,USDJPY,momentum,long,13714,13715,13735,2025-11-18 04:15:00+00:00,2025-11-18 04:30:00+00:00,2025-11-18 09:30:00+00:00,154.871,155.20399,33.29899999999952,31.298999999999523,0.062348605577688294,200,500,2.0,signal,20
futures,6J,momentum,short,13342,13343,13363,2025-11-18 04:15:00+00:00,2025-11-18 04:30:00+00:00,2025-11-18 09:30:00+00:00,0.0064745,0.00646,29.000000000001247,26.000000000001247,0.08580858085808993,100,300,3.0,signal,20
gold_spot,XAUUSD,momentum,short,13332,13333,13333,2025-11-18 08:30:00+00:00,2025-11-18 08:45:00+00:00,2025-11-18 08:45:00+00:00,4037.295,4040.295,-300.0,-311.0,-1.0,1032,300,11.0,sl,0
forex,GBPUSD,mean_reversion,long,13866,13867,14178,2025-11-18 12:45:00+00:00,2025-11-18 13:00:00+00:00,2025-11-21 18:45:00+00:00,1.31546,1.30995,-55.10000000000126,-57.10000000000126,-0.2826732673267389,100,200,2.0,signal,311
futures,6B,mean_reversion,long,13368,13369,13669,2025-11-18 12:45:00+00:00,2025-11-18 13:00:00+00:00,2025-11-21 19:00:00+00:00,1.3153,1.3096,-56.99999999999816,-59.99999999999816,-0.2955665024630451,100,200,3.0,signal,300
forex,EURUSD,momentum,short,13811,13812,13821,2025-11-18 13:30:00+00:00,2025-11-18 13:45:00+00:00,2025-11-18 16:00:00+00:00,1.15999,1.15823,17.599999999999838,15.599999999999838,0.07722772277227642,50,200,2.0,signal,9
futures,6E,momentum,short,13377,13378,13387,2025-11-18 13:30:00+00:00,2025-11-18 13:45:00+00:00,2025-11-18 16:00:00+00:00,1.16175,1.15995,36.000000000000476,33.000000000000476,0.0656063618290268,200,500,3.0,signal,9
gold_spot,XAUUSD,momentum,short,13352,13353,13353,2025-11-18 13:30:00+00:00,2025-11-18 13:45:00+00:00,2025-11-18 13:45:00+00:00,4063.355,4066.355,-300.0,-311.0,-1.0,1032,300,11.0,sl,0
forex,GBPUSD,momentum,short,13872,13873,13880,2025-11-18 14:15:00+00:00,2025-11-18 14:30:00+00:00,2025-11-18 16:15:00+00:00,1.31517,1.3141,10.699999999999044,8.699999999999044,0.11298701298700056,20,75,2.0,signal,7
futures,CL,momentum,long,13355,13356,13363,2025-11-18 14:15:00+00:00,2025-11-18 14:30:00+00:00,2025-11-18 16:15:00+00:00,59.74,59.97,22.999999999999687,19.999999999999687,0.06600660066006497,500,300,3.0,signal,7
forex,NZDUSD,momentum,long,13865,13866,13907,2025-11-18 14:30:00+00:00,2025-11-18 14:45:00+00:00,2025-11-19 01:00:00+00:00,0.56647593,0.56447593,-20.0,-22.0,-1.0,75,20,2.0,sl,41
forex,NZDUSD,mean_reversion,short,13866,13867,13868,2025-11-18 14:45:00+00:00,2025-11-18 15:00:00+00:00,2025-11-18 15:15:00+00:00,0.56615525,0.56580287,3.52380000000041,1.52380000000041,0.01493921568627853,50,100,2.0,signal,1
forex,AUDUSD,mean_reversion,long,13832,13833,13852,2025-11-18 16:15:00+00:00,2025-11-18 16:30:00+00:00,2025-11-18 21:15:00+00:00,0.65022,0.65101,7.899999999999574,5.899999999999574,0.03881578947368141,50,150,2.0,signal,19
forex,AUDUSD,momentum,short,13835,13836,13868,2025-11-18 17:00:00+00:00,2025-11-18 17:15:00+00:00,2025-11-19 01:15:00+00:00,0.65038,0.64977,6.099999999999994,4.099999999999994,0.040196078431372496,150,100,2.0,signal,32
futures,6A,momentum,short,13386,13387,13418,2025-11-18 17:00:00+00:00,2025-11-18 17:15:00+00:00,2025-11-19 02:00:00+00:00,0.6505,0.64945,20.999999999999908,17.999999999999908,0.03578528827037755,200,500,3.0,signal,31
forex,AUDUSD,mean_reversion,short,13852,13853,13865,2025-11-18 21:15:00+00:00,2025-11-18 21:30:00+00:00,2025-11-19 00:30:00+00:00,0.65073,0.65032,4.100000000000215,2.1000000000002146,0.013815789473685622,50,150,2.0,signal,12
futures,SI,mean_reversion,short,13365,13366,13475,2025-11-19 03:45:00+00:00,2025-11-19 04:00:00+00:00,2025-11-20 08:15:00+00:00,50.58,50.485,18.999999999999773,15.999999999999773,0.0318091451292242,200,500,3.0,signal,109
forex,AUDUSD,momentum,short,13887,13888,13898,2025-11-19 06:00:00+00:00,2025-11-19 06:15:00+00:00,2025-11-19 08:45:00+00:00,0.64939,0.64826,11.300000000000754,9.300000000000754,0.09117647058824269,150,100,2.0,signal,10
futures,6A,momentum,short,13435,13436,13446,2025-11-19 06:15:00+00:00,2025-11-19 06:30:00+00:00,2025-11-19 09:00:00+00:00,0.6497,0.64795,35.00000000000058,32.00000000000058,0.06361829025845046,200,500,3.0,signal,10
futures,CL,momentum,long,13423,13424,13429,2025-11-19 08:15:00+00:00,2025-11-19 08:30:00+00:00,2025-11-19 09:45:00+00:00,60.06,60.46,39.99999999999986,36.99999999999986,0.12211221122112165,500,300,3.0,signal,5
futures,6E,mean_reversion,long,13461,13462,13738,2025-11-19 11:30:00+00:00,2025-11-19 11:45:00+00:00,2025-11-24 11:45:00+00:00,1.16,1.1556,-87.99999999999919,-90.99999999999919,-0.30033003300329764,100,300,3.0,signal,276
futures,ZB,mean_reversion,long,13412,13413,13424,2025-11-19 11:45:00+00:00,2025-11-19 12:00:00+00:00,2025-11-19 14:45:00+00:00,116.84375,116.90625,2.0,-1.0,-0.018867924528301886,15,50,3.0,signal,11
futures,ZB,momentum,short,13413,13414,13426,2025-11-19 12:00:00+00:00,2025-11-19 12:15:00+00:00,2025-11-19 15:15:00+00:00,116.875,116.625,8.0,5.0,0.0641025641025641,30,75,3.0,signal,12
futures,ES,momentum,short,13416,13417,13422,2025-11-19 14:45:00+00:00,2025-11-19 15:00:00+00:00,2025-11-19 16:15:00+00:00,6692.0,6657.75,137.0,134.0,0.44224422442244227,300,300,3.0,signal,5
futures,ZN,mean_reversion,short,13431,13432,13456,2025-11-19 15:15:00+00:00,2025-11-19 15:30:00+00:00,2025-11-19 21:30:00+00:00,112.75,112.65625,6.0,3.0,0.05660377358490566,15,50,3.0,signal,24
futures,RTY,momentum,long,13420,13421,13504,2025-11-19 16:00:00+00:00,2025-11-19 16:15:00+00:00,2025-11-20 14:00:00+00:00,2358.8,2385.6,267.99999999999727,264.99999999999727,0.8745874587458656,500,300,3.0,signal,83
gold_spot,XAUUSD,momentum,long,13454,13455,13455,2025-11-19 16:00:00+00:00,2025-11-19 16:15:00+00:00,2025-11-19 16:15:00+00:00,4094.89,4091.89,-300.0,-311.0,-1.0,1032,300,11.0,sl,0
futures,HG,momentum,long,13452,13453,13458,2025-11-19 16:15:00+00:00,2025-11-19 16:30:00+00:00,2025-11-19 17:45:00+00:00,4.993,5.018000000000001,50.0,47.0,0.6025641025641025,50,75,3.0,tp,5
futures,SI,momentum,long,13415,13416,13574,2025-11-19 16:15:00+00:00,2025-11-19 16:30:00+00:00,2025-11-21 10:00:00+00:00,50.895,48.395,-500.0,-503.0,-1.0,500,500,3.0,sl,158
futures,ES,mean_reversion,long,13439,13440,13449,2025-11-19 20:30:00+00:00,2025-11-19 20:45:00+00:00,2025-11-20 00:00:00+00:00,6671.75,6731.75,240.0,237.0,0.4711729622266402,500,500,3.0,signal,9
futures,ES,momentum,short,13439,13440,13461,2025-11-19 20:30:00+00:00,2025-11-19 20:45:00+00:00,2025-11-20 03:00:00+00:00,6671.75,6746.75,-300.0,-303.0,-1.0,300,300,3.0,sl,21
futures,NQ,momentum,short,13439,13440,13442,2025-11-19 20:30:00+00:00,2025-11-19 20:45:00+00:00,2025-11-19 21:15:00+00:00,24768.75,24852.25,-334.0,-337.0,-1.0,500,334,3.0,sl,2
forex,AUDUSD,momentum,short,13952,13953,14022,2025-11-19 22:15:00+00:00,2025-11-19 22:30:00+00:00,2025-11-20 15:45:00+00:00,0.648,0.64781,1.9000000000002348,-0.09999999999976517,-0.0009803921568604429,150,100,2.0,signal,69
futures,6A,momentum,short,13498,13499,13565,2025-11-19 23:00:00+00:00,2025-11-19 23:15:00+00:00,2025-11-20 15:45:00+00:00,0.6486,0.64815,8.999999999999009,5.999999999999009,0.011928429423457274,200,500,3.0,signal,66
futures,6C,mean_reversion,long,13496,13497,13858,2025-11-19 23:00:00+00:00,2025-11-19 23:15:00+00:00,2025-11-25 20:30:00+00:00,0.71305,0.7099,-62.99999999999972,-65.99999999999972,-0.3251231527093582,75,200,3.0,signal,361
gold_spot,XAUUSD,momentum,long,13489,13490,13490,2025-11-20 01:45:00+00:00,2025-11-20 02:00:00+00:00,2025-11-20 02:00:00+00:00,4081.595,4078.595,-300.0,-311.0,-1.0,1032,300,11.0,sl,0
futures,HG,momentum,long,13502,13503,13531,2025-11-20 05:45:00+00:00,2025-11-20 06:00:00+00:00,2025-11-20 13:00:00+00:00,5.0115,5.0365,50.0,47.0,0.6025641025641025,50,75,3.0,tp,28
futures,CL,momentum,short,13516,13517,13548,2025-11-20 08:30:00+00:00,2025-11-20 08:45:00+00:00,2025-11-20 16:30:00+00:00,59.7,59.14,56.00000000000023,53.00000000000023,0.17491749174917567,500,300,3.0,signal,31
futures,YM,momentum,long,13488,13489,13493,2025-11-20 09:45:00+00:00,2025-11-20 10:00:00+00:00,2025-11-20 11:00:00+00:00,46405.0,46496.0,91.0,88.0,0.1749502982107356,300,500,3.0,signal,4
gold_spot,XAUUSD,momentum,short,13532,13533,13533,2025-11-20 12:30:00+00:00,2025-11-20 12:45:00+00:00,2025-11-20 12:45:00+00:00,4076.985,4079.985,-300.0,-311.0,-1.0,1032,300,11.0,sl,0
futures,ZN,momentum,short,13516,13517,14017,2025-11-20 13:30:00+00:00,2025-11-20 13:45:00+00:00,2025-11-28 15:15:00+00:00,112.75,113.40625,-42.0,-45.0,-0.29411764705882354,50,150,3.0,signal,500
futures,NG,mean_reversion,short,13539,13540,13583,2025-11-20 14:15:00+00:00,2025-11-20 14:30:00+00:00,2025-11-21 02:15:00+00:00,4.485,4.485,-0.0,-3.0,-0.009900990099009901,500,300,3.0,signal,43
futures,ZB,momentum,short,13514,13515,14009,2025-11-20 14:15:00+00:00,2025-11-20 14:30:00+00:00,2025-11-28 15:15:00+00:00,116.71875,117.5625,-27.0,-30.0,-0.38461538461538464,30,75,3.0,signal,494
futures,NQ,mean_reversion,short,13513,13514,13514,2025-11-20 16:00:00+00:00,2025-11-20 16:15:00+00:00,2025-11-20 16:15:00+00:00,25011.0,24973.5,150.0,147.0,0.2922465208747515,150,500,3.0,tp,0
futures,NQ,momentum,long,13513,13514,13514,2025-11-20 16:00:00+00:00,2025-11-20 16:15:00+00:00,2025-11-20 16:15:00+00:00,25011.0,24927.5,-334.0,-337.0,-1.0,500,334,3.0,sl,0
gold_spot,XAUUSD,momentum,short,13560,13561,13572,2025-11-20 19:30:00+00:00,2025-11-20 19:45:00+00:00,2025-11-20 23:30:00+00:00,4083.155,4086.155,-300.0,-311.0,-1.0,1032,300,11.0,sl,11
forex,USDJPY,momentum,long,14016,14017,14323,2025-11-21 07:45:00+00:00,2025-11-21 08:00:00+00:00,2025-11-26 14:30:00+00:00,156.733,156.70955,-2.3449999999996862,-4.344999999999686,-0.008655378486055151,200,500,2.0,signal,306
futures,GC,mean_reversion,long,13597,13598,13598,2025-11-21 09:00:00+00:00,2025-11-21 09:15:00+00:00,2025-11-21 09:15:00+00:00,4055.3,4058.3,30.0,27.0,0.2621359223300971,30,100,3.0,tp,0
gold_spot,XAUUSD,momentum,short,13610,13611,13611,2025-11-21 09:00:00+00:00,2025-11-21 09:15:00+00:00,2025-11-21 09:15:00+00:00,4058.305,4061.305,-300.0,-311.0,-1.0,1032,300,11.0,sl,0
forex,GBPUSD,momentum,short,14153,14154,14342,2025-11-21 12:30:00+00:00,2025-11-21 12:45:00+00:00,2025-11-25 13:15:00+00:00,1.30798,1.31548,-75.0,-77.0,-1.0,20,75,2.0,sl,188
futures,6B,momentum,short,13644,13645,13838,2025-11-21 12:45:00+00:00,2025-11-21 13:00:00+00:00,2025-11-25 15:15:00+00:00,1.3088,1.3188,-100.0,-103.0,-1.0,30,100,3.0,sl,193
futures,NQ,momentum,short,13608,13609,13613,2025-11-21 16:45:00+00:00,2025-11-21 17:00:00+00:00,2025-11-21 18:00:00+00:00,24371.75,24246.75,500.0,497.0,1.4747774480712166,500,334,3.0,tp,4
futures,SI,momentum,short,13601,13602,13881,2025-11-21 16:45:00+00:00,2025-11-21 17:00:00+00:00,2025-11-26 17:45:00+00:00,50.335,52.835,-500.0,-503.0,-1.0,500,500,3.0,sl,279
forex,USDCAD,mean_reversion,short,14081,14082,14278,2025-11-21 17:00:00+00:00,2025-11-21 17:15:00+00:00,2025-11-25 20:15:00+00:00,1.40967,1.40936,3.1000000000003247,1.1000000000003247,0.014285714285718502,20,75,2.0,signal,196
gold_spot,XAUUSD,momentum,long,13656,13657,13657,2025-11-21 20:30:00+00:00,2025-11-21 20:45:00+00:00,2025-11-21 20:45:00+00:00,4059.37,4056.37,-300.0,-311.0,-1.0,1032,300,11.0,same_bar_sl,0
forex,NZDUSD,momentum,short,14216,14217,14222,2025-11-24 08:00:00+00:00,2025-11-24 08:15:00+00:00,2025-11-24 09:30:00+00:00,0.56138778,0.55991042,14.773599999999831,12.773599999999831,0.5806181818181742,75,20,2.0,signal,5
futures,ES,momentum,long,13673,13674,13696,2025-11-24 10:00:00+00:00,2025-11-24 10:15:00+00:00,2025-11-24 15:45:00+00:00,6633.75,6699.25,262.0,259.0,0.8547854785478548,300,300,3.0,signal,22
forex,AUDUSD,mean_reversion,long,14204,14205,14230,2025-11-24 13:15:00+00:00,2025-11-24 13:30:00+00:00,2025-11-24 19:45:00+00:00,0.6456,0.64627,6.700000000000594,4.700000000000594,0.030921052631582856,50,150,2.0,signal,25
futures,6A,mean_reversion,long,13739,13740,13766,2025-11-24 13:15:00+00:00,2025-11-24 13:30:00+00:00,2025-11-24 20:00:00+00:00,0.64575,0.6463,10.999999999998789,7.9999999999987885,0.039408866995067925,50,200,3.0,signal,26
futures,6B,mean_reversion,short,13741,13742,14176,2025-11-24 14:00:00+00:00,2025-11-24 14:15:00+00:00,2025-12-01 20:30:00+00:00,1.3098,1.321,-111.99999999999876,-114.99999999999876,-0.5665024630541811,100,200,3.0,signal,434
forex,EURUSD,mean_reversion,short,14197,14198,14211,2025-11-24 14:15:00+00:00,2025-11-24 14:30:00+00:00,2025-11-24 17:45:00+00:00,1.15318,1.15181,13.700000000000934,11.700000000000934,0.15194805194806407,50,75,2.0,signal,13
forex,EURUSD,momentum,long,14197,14198,14288,2025-11-24 14:15:00+00:00,2025-11-24 14:30:00+00:00,2025-11-25 13:00:00+00:00,1.15318,1.15463,14.499999999999513,12.499999999999513,0.06188118811880947,50,200,2.0,signal,90
futures,CL,momentum,short,13731,13732,13811,2025-11-24 16:15:00+00:00,2025-11-24 16:30:00+00:00,2025-11-25 13:15:00+00:00,58.37,57.97,39.99999999999986,36.99999999999986,0.12211221122112165,500,300,3.0,signal,79
forex,NZDUSD,momentum,long,14281,14282,14286,2025-11-25 00:15:00+00:00,2025-11-25 00:30:00+00:00,2025-11-25 01:30:00+00:00,0.56064,0.56158,9.399999999999409,7.399999999999409,0.3363636363636095,75,20,2.0,signal,4
futures,6A,momentum,long,13794,13795,13851,2025-11-25 04:00:00+00:00,2025-11-25 04:15:00+00:00,2025-11-25 18:15:00+00:00,0.6456,0.6474,36.000000000000476,33.000000000000476,0.0656063618290268,200,500,3.0,signal,56
gold_spot,XAUUSD,momentum,long,13793,13794,13794,2025-11-25 08:45:00+00:00,2025-11-25 09:00:00+00:00,2025-11-25 09:00:00+00:00,4115.975,4126.295,1032.0,1021.0,3.282958199356913,1032,300,11.0,tp,0
forex,NZDUSD,momentum,short,14318,14319,14325,2025-11-25 09:30:00+00:00,2025-11-25 09:45:00+00:00,2025-11-25 11:15:00+00:00,0.56072,0.55993,7.899999999999574,5.899999999999574,0.2681818181817988,75,20,2.0,signal,6
futures,6A,mean_reversion,long,13818,13819,13851,2025-11-25 10:00:00+00:00,2025-11-25 10:15:00+00:00,2025-11-25 18:15:00+00:00,0.6463,0.6474,21.999999999999797,18.999999999999797,0.09359605911329949,50,200,3.0,signal,32
forex,AUDUSD,mean_reversion,long,14297,14298,14320,2025-11-25 12:30:00+00:00,2025-11-25 12:45:00+00:00,2025-11-25 18:15:00+00:00,0.6454,0.6474,20.000000000000018,18.000000000000018,0.11842105263157907,50,150,2.0,signal,22
forex,AUDUSD,momentum,short,14299,14300,14305,2025-11-25 13:00:00+00:00,2025-11-25 13:15:00+00:00,2025-11-25 14:30:00+00:00,0.64652,0.64511,14.100000000000223,12.100000000000223,0.11862745098039434,150,100,2.0,signal,5
futures,NQ,momentum,long,13783,13784,13784,2025-11-25 14:30:00+00:00,2025-11-25 14:45:00+00:00,2025-11-25 14:45:00+00:00,24729.25,24645.75,-334.0,-337.0,-1.0,500,334,3.0,sl,0
gold_spot,XAUUSD,momentum,long,13816,13817,13817,2025-11-25 14:30:00+00:00,2025-11-25 14:45:00+00:00,2025-11-25 14:45:00+00:00,4119.56,4116.56,-300.0,-311.0,-1.0,1032,300,11.0,sl,0
futures,CL,mean_reversion,long,13826,13827,13929,2025-11-25 17:00:00+00:00,2025-11-25 17:15:00+00:00,2025-11-26 19:45:00+00:00,57.85,58.53,67.99999999999997,64.99999999999997,0.21452145214521443,200,300,3.0,signal,102
forex,USDCHF,mean_reversion,long,14257,14258,14500,2025-11-25 21:00:00+00:00,2025-11-25 21:15:00+00:00,2025-11-28 09:45:00+00:00,0.80744,0.80605,-13.900000000000023,-15.900000000000023,-0.07871287128712882,75,200,2.0,signal,242
forex,USDCHF,momentum,short,14257,14258,14276,2025-11-25 21:00:00+00:00,2025-11-25 21:15:00+00:00,2025-11-26 01:45:00+00:00,0.80744,0.80668,7.600000000000939,5.600000000000939,0.011155378486057648,200,500,2.0,signal,18
futures,NG,mean_reversion,long,13876,13877,13902,2025-11-26 06:30:00+00:00,2025-11-26 06:45:00+00:00,2025-11-26 13:00:00+00:00,4.522,4.603,80.99999999999952,77.99999999999952,0.2574257425742558,500,300,3.0,signal,25
futures,NG,momentum,short,13876,13877,14058,2025-11-26 06:30:00+00:00,2025-11-26 06:45:00+00:00,2025-11-28 19:00:00+00:00,4.522,4.822,-300.0,-303.0,-1.0,500,300,3.0,sl,181
gold_spot,XAUUSD,momentum,long,13876,13877,13881,2025-11-26 06:30:00+00:00,2025-11-26 06:45:00+00:00,2025-11-26 07:45:00+00:00,4151.06,4161.38,1032.0,1021.0,3.282958199356913,1032,300,11.0,tp,4
futures,6J,momentum,long,13907,13908,13970,2025-11-26 07:30:00+00:00,2025-11-26 07:45:00+00:00,2025-11-27 00:15:00+00:00,0.0064045,0.0064155,22.000000000001187,19.000000000001187,0.06270627062706663,100,300,3.0,signal,62
gold_spot,XAUUSD,momentum,long,13901,13902,13903,2025-11-26 12:45:00+00:00,2025-11-26 13:00:00+00:00,2025-11-26 13:15:00+00:00,4155.26,4165.58,1032.0,1021.0,3.282958199356913,1032,300,11.0,tp,1
futures,6E,momentum,long,13929,13930,13935,2025-11-26 13:30:00+00:00,2025-11-26 13:45:00+00:00,2025-11-26 15:00:00+00:00,1.15725,1.15905,36.000000000000476,33.000000000000476,0.0656063618290268,200,500,3.0,signal,5
futures,NG,mean_reversion,short,13922,13923,14060,2025-11-26 18:00:00+00:00,2025-11-26 18:15:00+00:00,2025-11-28 19:30:00+00:00,4.557,4.857,-300.0,-303.0,-1.0,500,300,3.0,sl,137
forex,USDJPY,momentum,short,14387,14388,14521,2025-11-27 06:30:00+00:00,2025-11-27 06:45:00+00:00,2025-11-28 16:00:00+00:00,156.18793,156.02566,16.227000000000658,14.227000000000658,0.028340637450200514,200,500,2.0,signal,133
futures,6J,mean_reversion,short,13995,13996,14034,2025-11-27 06:30:00+00:00,2025-11-27 06:45:00+00:00,2025-11-27 16:15:00+00:00,0.0064125,0.0064075,9.999999999999593,6.999999999999593,0.03448275862068765,200,200,3.0,signal,38
forex,USDCHF,momentum,short,14405,14406,14431,2025-11-27 10:00:00+00:00,2025-11-27 10:15:00+00:00,2025-11-27 16:30:00+00:00,0.8058,0.80485,9.500000000000064,7.500000000000064,0.014940239043824828,200,500,2.0,signal,25
futures,6E,momentum,long,14007,14008,14077,2025-11-27 10:00:00+00:00,2025-11-27 10:15:00+00:00,2025-11-28 15:00:00+00:00,1.15875,1.1593,11.000000000001009,8.000000000001009,0.015904572564614333,200,500,3.0,signal,69
forex,EURUSD,momentum,long,14530,14531,14625,2025-11-28 01:30:00+00:00,2025-11-28 01:45:00+00:00,2025-12-01 01:15:00+00:00,1.15863,1.16143,27.999999999999137,25.999999999999137,0.12871287128712444,50,200,2.0,signal,94
forex,GBPUSD,momentum,long,14605,14606,14616,2025-11-28 07:00:00+00:00,2025-11-28 07:15:00+00:00,2025-11-28 09:45:00+00:00,1.32174,1.32248,7.4000000000018495,5.4000000000018495,0.07012987012989415,20,75,2.0,signal,10
forex,USDCHF,momentum,short,14490,14491,14525,2025-11-28 07:15:00+00:00,2025-11-28 07:30:00+00:00,2025-11-28 16:00:00+00:00,0.80536,0.80319,21.700000000000053,19.700000000000053,0.03924302788844632,200,500,2.0,signal,34
gold_spot,XAUUSD,momentum,long,14064,14065,14065,2025-11-28 07:45:00+00:00,2025-11-28 08:00:00+00:00,2025-11-28 08:00:00+00:00,4173.95,4170.95,-300.0,-311.0,-1.0,1032,300,11.0,sl,0
forex,USDCAD,momentum,short,14527,14528,14531,2025-11-28 10:30:00+00:00,2025-11-28 10:45:00+00:00,2025-11-28 11:30:00+00:00,1.40467,1.4041700000000001,5.0,3.0,0.13636363636363635,5,20,2.0,tp,3
forex,GBPUSD,mean_reversion,long,14628,14629,14638,2025-11-28 12:45:00+00:00,2025-11-28 13:00:00+00:00,2025-11-28 15:15:00+00:00,1.3218,1.32216,3.5999999999991594,1.5999999999991594,0.00792079207920376,100,200,2.0,signal,9
futures,6J,momentum,long,14079,14080,14083,2025-11-28 15:00:00+00:00,2025-11-28 15:15:00+00:00,2025-11-28 16:00:00+00:00,0.0064085,0.0064185,19.999999999999186,16.999999999999186,0.05610561056105342,100,300,3.0,signal,3
forex,USDJPY,mean_reversion,long,14525,14526,14684,2025-11-28 17:00:00+00:00,2025-11-28 17:15:00+00:00,2025-12-02 08:45:00+00:00,156.23639,155.9723,-26.409000000001015,-28.409000000001015,-0.09406953642384443,100,300,2.0,signal,158
forex,USDJPY,momentum,short,14525,14526,14553,2025-11-28 17:00:00+00:00,2025-11-28 17:15:00+00:00,2025-12-01 00:00:00+00:00,156.23639,155.93196,30.442999999999643,28.442999999999643,0.056659362549800085,200,500,2.0,signal,27
forex,GBPUSD,momentum,long,14665,14666,14670,2025-11-30 22:00:00+00:00,2025-11-30 22:15:00+00:00,2025-11-30 23:15:00+00:00,1.3227,1.3247,20.0,18.0,0.23376623376623376,20,75,2.0,tp,4
futures,6E,mean_reversion,short,14109,14110,14466,2025-12-01 02:15:00+00:00,2025-12-01 02:30:00+00:00,2025-12-04 23:30:00+00:00,1.16055,1.1647,-83.00000000000196,-86.00000000000196,-0.2838283828382903,100,300,3.0,signal,356
gold_spot,XAUUSD,momentum,long,14129,14130,14136,2025-12-01 03:00:00+00:00,2025-12-01 03:15:00+00:00,2025-12-01 04:45:00+00:00,4234.255,4244.575,1032.0,1021.0,3.282958199356913,1032,300,11.0,tp,6
futures,ES,mean_reversion,short,14058,14059,14546,2025-12-01 09:45:00+00:00,2025-12-01 10:00:00+00:00,2025-12-08 16:45:00+00:00,6816.5,6857.75,-165.0,-168.0,-0.33399602385685884,500,500,3.0,signal,487
futures,RTY,momentum,long,14063,14064,14085,2025-12-01 11:15:00+00:00,2025-12-01 11:30:00+00:00,2025-12-01 16:45:00+00:00,2480.6,2489.3,87.00000000000273,84.00000000000273,0.27722772277228624,500,300,3.0,signal,21
futures,YM,momentum,long,14076,14077,14079,2025-12-01 14:15:00+00:00,2025-12-01 14:30:00+00:00,2025-12-01 15:00:00+00:00,47458.0,47698.0,240.0,237.0,0.4711729622266402,300,500,3.0,signal,2
gold_spot,XAUUSD,momentum,long,14175,14176,14176,2025-12-01 14:30:00+00:00,2025-12-01 14:45:00+00:00,2025-12-01 14:45:00+00:00,4225.445,4235.764999999999,1032.0,1021.0,3.282958199356913,1032,300,11.0,tp,0
futures,RTY,mean_reversion,short,14082,14083,14102,2025-12-01 16:00:00+00:00,2025-12-01 16:15:00+00:00,2025-12-01 21:00:00+00:00,2483.3,2474.6,87.00000000000273,84.00000000000273,0.16699801192843486,500,500,3.0,signal,19
forex,AUDUSD,momentum,long,14696,14697,14784,2025-12-01 16:15:00+00:00,2025-12-01 16:30:00+00:00,2025-12-02 14:15:00+00:00,0.6551,0.65656,14.600000000000168,12.600000000000168,0.12352941176470754,150,100,2.0,signal,87
futures,CL,momentum,long,14132,14133,14404,2025-12-01 16:45:00+00:00,2025-12-01 17:00:00+00:00,2025-12-04 15:45:00+00:00,59.17,59.43,25.9999999999998,22.9999999999998,0.07590759075907524,500,300,3.0,signal,271
futures,ES,momentum,long,14096,14097,14149,2025-12-01 19:15:00+00:00,2025-12-01 19:30:00+00:00,2025-12-02 09:30:00+00:00,6831.75,6835.5,15.0,12.0,0.039603960396039604,300,300,3.0,signal,52
futures,RTY,momentum,long,14095,14096,14154,2025-12-01 19:15:00+00:00,2025-12-01 19:30:00+00:00,2025-12-02 11:00:00+00:00,2478.3,2489.4,110.99999999999909,107.99999999999909,0.3564356435643534,500,300,3.0,signal,58
forex,NZDUSD,momentum,long,14763,14764,14791,2025-12-02 00:45:00+00:00,2025-12-02 01:00:00+00:00,2025-12-02 07:45:00+00:00,0.57222,0.57311,8.900000000000574,6.900000000000574,0.31363636363638975,75,20,2.0,signal,27
gold_spot,XAUUSD,momentum,long,14213,14214,14215,2025-12-02 01:00:00+00:00,2025-12-02 01:15:00+00:00,2025-12-02 01:30:00+00:00,4205.71,4216.03,1032.0,1021.0,3.282958199356913,1032,300,11.0,tp,1
forex,USDCHF,momentum,long,14683,14684,14721,2025-12-02 07:30:00+00:00,2025-12-02 07:45:00+00:00,2025-12-02 17:00:00+00:00,0.8041,0.80474,6.399999999999739,4.399999999999739,0.008764940239043305,200,500,2.0,signal,37
forex,NZDUSD,momentum,long,14795,14796,14823,2025-12-02 08:45:00+00:00,2025-12-02 09:00:00+00:00,2025-12-02 15:45:00+00:00,0.57244,0.57378,13.400000000000079,11.400000000000079,0.5181818181818217,75,20,2.0,signal,27
gold_spot,XAUUSD,momentum,long,14246,14247,14247,2025-12-02 09:15:00+00:00,2025-12-02 09:30:00+00:00,2025-12-02 09:30:00+00:00,4194.525,4191.525,-300.0,-311.0,-1.0,1032,300,11.0,sl,0
futures,6A,momentum,long,14225,14226,14243,2025-12-02 09:30:00+00:00,2025-12-02 09:45:00+00:00,2025-12-02 14:00:00+00:00,0.65475,0.65635,31.999999999998696,28.999999999998696,0.05765407554671709,200,500,3.0,signal,17
gold_spot,XAUUSD,momentum,short,14256,14257,14260,2025-12-02 11:45:00+00:00,2025-12-02 12:00:00+00:00,2025-12-02 12:45:00+00:00,4205.625,4208.625,-300.0,-311.0,-1.0,1032,300,11.0,sl,3
futures,GC,mean_reversion,long,14192,14193,14195,2025-12-02 12:00:00+00:00,2025-12-02 12:15:00+00:00,2025-12-02 12:45:00+00:00,4236.0,4239.0,30.0,27.0,0.2621359223300971,30,100,3.0,tp,2
forex,USDCAD,momentum,long,14729,14730,14737,2025-12-02 13:00:00+00:00,2025-12-02 13:15:00+00:00,2025-12-02 15:00:00+00:00,1.4001,1.3981,-20.0,-22.0,-1.0,5,20,2.0,sl,7
futures,6C,momentum,short,14237,14238,14604,2025-12-02 13:00:00+00:00,2025-12-02 13:15:00+00:00,2025-12-08 12:45:00+00:00,0.7148,0.7248,-200.0,-203.0,-1.0,50,200,3.0,sl,366
futures,6E,momentum,long,14252,14253,14265,2025-12-02 15:00:00+00:00,2025-12-02 15:15:00+00:00,2025-12-02 18:15:00+00:00,1.1613,1.16185,11.000000000001009,8.000000000001009,0.015904572564614333,200,500,3.0,signal,12
forex,AUDUSD,momentum,long,14788,14789,14807,2025-12-02 15:15:00+00:00,2025-12-02 15:30:00+00:00,2025-12-02 20:00:00+00:00,0.65548,0.65655,10.700000000000154,8.700000000000154,0.08529411764706034,150,100,2.0,signal,18
futures,HG,momentum,long,14213,14214,14257,2025-12-02 15:15:00+00:00,2025-12-02 15:30:00+00:00,2025-12-03 03:15:00+00:00,5.2545,5.2795000000000005,50.0,47.0,0.6025641025641025,50,75,3.0,tp,43
futures,RTY,momentum,long,14171,14172,14181,2025-12-02 15:15:00+00:00,2025-12-02 15:30:00+00:00,2025-12-02 17:45:00+00:00,2478.8,2481.1,22.99999999999727,19.99999999999727,0.06600660066005701,500,300,3.0,signal,9
futures,CL,mean_reversion,long,14220,14221,14292,2025-12-02 15:45:00+00:00,2025-12-02 16:00:00+00:00,2025-12-03 10:45:00+00:00,59.23,59.43,20.000000000000284,17.000000000000284,0.05610561056105704,200,300,3.0,signal,71
forex,USDJPY,momentum,long,14714,14715,14719,2025-12-02 16:15:00+00:00,2025-12-02 16:30:00+00:00,2025-12-02 17:30:00+00:00,155.77519,156.03291,25.771999999997774,23.771999999997774,0.04735458167330234,200,500,2.0,signal,4
futures,6J,mean_reversion,long,14259,14260,14301,2025-12-02 16:15:00+00:00,2025-12-02 16:30:00+00:00,2025-12-03 03:45:00+00:00,0.006428,0.0064305,4.999999999999797,1.9999999999997966,0.00985221674876747,200,200,3.0,signal,41
futures,6J,momentum,short,14259,14260,14596,2025-12-02 16:15:00+00:00,2025-12-02 16:30:00+00:00,2025-12-08 08:30:00+00:00,0.006428,0.006437,-18.000000000000654,-21.000000000000654,-0.06930693069307146,100,300,3.0,signal,336
futures,ES,momentum,long,14176,14177,14182,2025-12-02 16:15:00+00:00,2025-12-02 16:30:00+00:00,2025-12-02 17:45:00+00:00,6824.5,6847.5,92.0,89.0,0.29372937293729373,300,300,3.0,signal,5
forex,NZDUSD,mean_reversion,short,14827,14828,15222,2025-12-02 16:45:00+00:00,2025-12-02 17:00:00+00:00,2025-12-08 19:30:00+00:00,0.57248,0.57717,-46.899999999999714,-48.899999999999714,-0.47941176470587954,50,100,2.0,signal,394
futures,NG,momentum,long,14233,14234,14275,2025-12-02 19:00:00+00:00,2025-12-02 19:15:00+00:00,2025-12-03 06:30:00+00:00,4.819,4.93,110.99999999999976,107.99999999999976,0.35643564356435564,500,300,3.0,signal,41
futures,ZN,momentum,short,14222,14223,14343,2025-12-03 01:15:00+00:00,2025-12-03 01:30:00+00:00,2025-12-04 08:30:00+00:00,112.984375,112.875,7.0,4.0,0.026143790849673203,50,150,3.0,signal,120
gold_spot,XAUUSD,momentum,long,14323,14324,14324,2025-12-03 05:30:00+00:00,2025-12-03 05:45:00+00:00,2025-12-03 05:45:00+00:00,4207.36,4204.36,-300.0,-311.0,-1.0,1032,300,11.0,sl,0
gold_spot,XAUUSD,momentum,short,14355,14356,14356,2025-12-03 13:30:00+00:00,2025-12-03 13:45:00+00:00,2025-12-03 13:45:00+00:00,4223.665,4226.665,-300.0,-311.0,-1.0,1032,300,11.0,sl,0
forex,NZDUSD,momentum,long,14912,14913,14918,2025-12-03 14:00:00+00:00,2025-12-03 14:15:00+00:00,2025-12-03 15:30:00+00:00,0.57371,0.57617,24.599999999999067,22.599999999999067,1.027272727272685,75,20,2.0,signal,5
gold_spot,XAUUSD,momentum,long,14361,14362,14363,2025-12-03 15:00:00+00:00,2025-12-03 15:15:00+00:00,2025-12-03 15:30:00+00:00,4217.765,4228.085,1032.0,1021.0,3.282958199356913,1032,300,11.0,tp,1
futures,ZN,mean_reversion,short,14278,14279,14321,2025-12-03 15:15:00+00:00,2025-12-03 15:30:00+00:00,2025-12-04 03:00:00+00:00,113.015625,112.9375,5.0,2.0,0.03773584905660377,15,50,3.0,signal,42
futures,ZB,mean_reversion,long,14280,14281,14286,2025-12-03 17:45:00+00:00,2025-12-03 18:00:00+00:00,2025-12-03 19:15:00+00:00,116.53125,116.6875,5.0,2.0,0.03773584905660377,15,50,3.0,signal,5
forex,USDCAD,momentum,short,14894,14895,14897,2025-12-04 06:15:00+00:00,2025-12-04 06:30:00+00:00,2025-12-04 07:00:00+00:00,1.39691,1.3964100000000002,5.0,3.0,0.13636363636363635,5,20,2.0,tp,2
gold_spot,XAUUSD,momentum,short,14433,14434,14437,2025-12-04 10:00:00+00:00,2025-12-04 10:15:00+00:00,2025-12-04 11:00:00+00:00,4199.605,4202.605,-300.0,-311.0,-1.0,1032,300,11.0,sl,3
futures,NG,momentum,long,14396,14397,14406,2025-12-04 13:45:00+00:00,2025-12-04 14:00:00+00:00,2025-12-04 16:15:00+00:00,4.946,4.969,23.000000000000576,20.000000000000576,0.0660066006600679,500,300,3.0,signal,9
futures,GC,momentum,short,14385,14386,14393,2025-12-04 14:15:00+00:00,2025-12-04 14:30:00+00:00,2025-12-04 16:15:00+00:00,4238.6,4249.6,-110.0,-113.0,-1.0,300,110,3.0,sl,7
futures,NG,mean_reversion,short,14398,14399,14485,2025-12-04 14:15:00+00:00,2025-12-04 14:30:00+00:00,2025-12-05 13:00:00+00:00,4.943,5.242999999999999,-300.0,-303.0,-1.0,500,300,3.0,sl,86
futures,NQ,momentum,long,14354,14355,14393,2025-12-04 14:45:00+00:00,2025-12-04 15:00:00+00:00,2025-12-05 01:30:00+00:00,25555.5,25680.5,500.0,497.0,1.4747774480712166,500,334,3.0,tp,38
futures,ZB,momentum,short,14360,14361,14366,2025-12-04 14:45:00+00:00,2025-12-04 15:00:00+00:00,2025-12-04 16:15:00+00:00,116.34375,116.125,7.0,4.0,0.05128205128205128,30,75,3.0,signal,5
futures,ES,momentum,long,14356,14357,14382,2025-12-04 15:15:00+00:00,2025-12-04 15:30:00+00:00,2025-12-04 21:45:00+00:00,6859.0,6867.0,32.0,29.0,0.09570957095709572,300,300,3.0,signal,25
futures,NQ,mean_reversion,short,14356,14357,14359,2025-12-04 15:15:00+00:00,2025-12-04 15:30:00+00:00,2025-12-04 16:00:00+00:00,25590.5,25553.0,150.0,147.0,0.2922465208747515,150,500,3.0,tp,2
futures,6E,momentum,long,14442,14443,14816,2025-12-04 16:30:00+00:00,2025-12-04 16:45:00+00:00,2025-12-10 18:00:00+00:00,1.16605,1.16615,1.9999999999997797,-1.0000000000002203,-0.0019880715705769786,200,500,3.0,signal,373
forex,USDCHF,momentum,long,14969,14970,14977,2025-12-05 07:00:00+00:00,2025-12-05 07:15:00+00:00,2025-12-05 09:00:00+00:00,0.80229,0.80322,9.300000000000974,7.300000000000974,0.014541832669324649,200,500,2.0,signal,7
forex,EURUSD,mean_reversion,short,15039,15040,15054,2025-12-05 08:45:00+00:00,2025-12-05 09:00:00+00:00,2025-12-05 12:30:00+00:00,1.16552,1.16462,8.999999999999009,6.999999999999009,0.09090909090907803,50,75,2.0,signal,14
forex,EURUSD,momentum,long,15039,15040,15125,2025-12-05 08:45:00+00:00,2025-12-05 09:00:00+00:00,2025-12-08 06:15:00+00:00,1.16552,1.16662,11.000000000001009,9.000000000001009,0.04455445544554955,50,200,2.0,signal,85
futures,6E,mean_reversion,short,14503,14504,14515,2025-12-05 08:45:00+00:00,2025-12-05 09:00:00+00:00,2025-12-05 11:45:00+00:00,1.16585,1.1651,15.000000000000568,12.000000000000568,0.03960396039604148,100,300,3.0,signal,11
forex,USDJPY,momentum,short,14981,14982,15309,2025-12-05 11:00:00+00:00,2025-12-05 11:15:00+00:00,2025-12-10 21:00:00+00:00,155.15575,155.92207,-76.6319999999979,-78.6319999999979,-0.156637450199199,200,500,2.0,signal,327
futures,ES,momentum,long,14441,14442,14447,2025-12-05 13:30:00+00:00,2025-12-05 13:45:00+00:00,2025-12-05 15:00:00+00:00,6863.25,6889.75,106.0,103.0,0.33993399339933994,300,300,3.0,signal,5
futures,NQ,momentum,long,14441,14442,14445,2025-12-05 13:30:00+00:00,2025-12-05 13:45:00+00:00,2025-12-05 14:30:00+00:00,25614.75,25739.75,500.0,497.0,1.4747774480712166,500,334,3.0,tp,3
futures,YM,momentum,long,14441,14442,14446,2025-12-05 13:30:00+00:00,2025-12-05 13:45:00+00:00,2025-12-05 14:45:00+00:00,47860.0,48043.0,183.0,180.0,0.35785288270377735,300,500,3.0,signal,4
forex,NZDUSD,momentum,long,15112,15113,15120,2025-12-05 16:00:00+00:00,2025-12-05 16:15:00+00:00,2025-12-05 18:00:00+00:00,0.57707,0.57757,5.0000000000005596,3.0000000000005596,0.1363636363636618,75,20,2.0,signal,7
futures,6B,momentum,long,14526,14527,14681,2025-12-05 16:00:00+00:00,2025-12-05 16:15:00+00:00,2025-12-09 08:45:00+00:00,1.3323,1.3341,18.000000000000238,15.000000000000238,0.14563106796116737,30,100,3.0,signal,154
gold_spot,XAUUSD,momentum,long,14549,14550,14550,2025-12-05 16:00:00+00:00,2025-12-05 16:15:00+00:00,2025-12-05 16:15:00+00:00,4203.56,4200.56,-300.0,-311.0,-1.0,1032,300,11.0,same_bar_sl,0
futures,RTY,momentum,long,14470,14471,14535,2025-12-05 21:00:00+00:00,2025-12-05 21:15:00+00:00,2025-12-08 14:15:00+00:00,2524.9,2543.4,185.0,182.0,0.6006600660066007,500,300,3.0,signal,64
forex,NZDUSD,momentum,long,15141,15142,15146,2025-12-07 23:15:00+00:00,2025-12-07 23:30:00+00:00,2025-12-08 00:30:00+00:00,0.57738,0.57825,8.700000000000374,6.700000000000374,0.30454545454547155,75,20,2.0,signal,4
futures,SI,momentum,long,14490,14491,14612,2025-12-08 01:45:00+00:00,2025-12-08 02:00:00+00:00,2025-12-09 09:15:00+00:00,58.295,59.24,189.00000000000006,186.00000000000006,0.3697813121272367,500,500,3.0,signal,121
forex,GBPUSD,momentum,long,15182,15183,15284,2025-12-08 07:15:00+00:00,2025-12-08 07:30:00+00:00,2025-12-09 08:45:00+00:00,1.33276,1.33407,13.100000000001444,11.100000000001444,0.1441558441558629,20,75,2.0,signal,101
forex,EURUSD,mean_reversion,short,15133,15134,15161,2025-12-08 08:15:00+00:00,2025-12-08 08:30:00+00:00,2025-12-08 15:15:00+00:00,1.16531,1.16335,19.599999999999618,17.599999999999618,0.2285714285714236,50,75,2.0,signal,27
forex,EURUSD,momentum,long,15133,15134,15364,2025-12-08 08:15:00+00:00,2025-12-08 08:30:00+00:00,2025-12-10 18:00:00+00:00,1.16531,1.16589,5.800000000000249,3.8000000000002494,0.018811881188120046,50,200,2.0,signal,230
forex,NZDUSD,momentum,long,15190,15191,15197,2025-12-08 11:30:00+00:00,2025-12-08 11:45:00+00:00,2025-12-08 13:15:00+00:00,0.57801,0.57877,7.599999999999829,5.599999999999829,0.2545454545454468,75,20,2.0,signal,6
forex,GBPUSD,mean_reversion,long,15206,15207,15269,2025-12-08 13:15:00+00:00,2025-12-08 13:30:00+00:00,2025-12-09 05:00:00+00:00,1.33263,1.33299,3.5999999999991594,1.5999999999991594,0.00792079207920376,100,200,2.0,signal,62
futures,6B,mean_reversion,long,14607,14608,14664,2025-12-08 13:15:00+00:00,2025-12-08 13:30:00+00:00,2025-12-09 04:30:00+00:00,1.3325,1.3328,2.9999999999996696,-3.304023721284466e-13,-1.6275978922583576e-15,100,200,3.0,signal,56
futures,ES,momentum,long,14538,14539,14744,2025-12-08 14:45:00+00:00,2025-12-08 15:00:00+00:00,2025-12-10 20:15:00+00:00,6873.75,6903.0,117.0,114.0,0.37623762376237624,300,300,3.0,signal,205
forex,AUDUSD,momentum,long,15171,15172,15227,2025-12-08 15:00:00+00:00,2025-12-08 15:15:00+00:00,2025-12-09 05:00:00+00:00,0.66208,0.66458,24.999999999999467,22.999999999999467,0.22549019607842616,150,100,2.0,signal,55
futures,NQ,momentum,long,14539,14540,14540,2025-12-08 15:00:00+00:00,2025-12-08 15:15:00+00:00,2025-12-08 15:15:00+00:00,25742.0,25658.5,-334.0,-337.0,-1.0,500,334,3.0,sl,0
gold_spot,XAUUSD,momentum,short,14641,14642,14651,2025-12-08 16:15:00+00:00,2025-12-08 16:30:00+00:00,2025-12-08 18:45:00+00:00,4194.94,4184.62,1032.0,1021.0,3.282958199356913,1032,300,11.0,tp,9
futures,6E,mean_reversion,long,14632,14633,14808,2025-12-08 18:00:00+00:00,2025-12-08 18:15:00+00:00,2025-12-10 16:00:00+00:00,1.1643,1.16445,3.00000000000189,1.8900436771218665e-12,6.2377679112932885e-15,100,300,3.0,signal,175
futures,NQ,momentum,short,14564,14565,14722,2025-12-08 21:15:00+00:00,2025-12-08 21:30:00+00:00,2025-12-10 14:45:00+00:00,25682.25,25643.0,157.0,154.0,0.456973293768546,500,334,3.0,signal,157
futures,NQ,mean_reversion,long,14566,14567,14629,2025-12-08 21:45:00+00:00,2025-12-08 23:00:00+00:00,2025-12-09 14:30:00+00:00,25713.0,25588.0,-500.0,-503.0,-1.0,150,500,3.0,sl,62
forex,USDCHF,momentum,long,15156,15157,15162,2025-12-09 05:45:00+00:00,2025-12-09 06:00:00+00:00,2025-12-09 07:15:00+00:00,0.80537,0.80627,9.000000000000119,7.000000000000119,0.013944223107569959,200,500,2.0,signal,5
forex,NZDUSD,momentum,long,15264,15265,15277,2025-12-09 06:00:00+00:00,2025-12-09 06:15:00+00:00,2025-12-09 09:15:00+00:00,0.57827,0.57875,4.8000000000003595,2.8000000000003595,0.1272727272727436,75,20,2.0,signal,12
forex,USDCHF,momentum,long,15167,15168,15175,2025-12-09 08:30:00+00:00,2025-12-09 08:45:00+00:00,2025-12-09 10:30:00+00:00,0.80556,0.8063,7.399999999999629,5.399999999999629,0.010756972111553046,200,500,2.0,signal,7
gold_spot,XAUUSD,momentum,short,14702,14703,14704,2025-12-09 08:30:00+00:00,2025-12-09 08:45:00+00:00,2025-12-09 09:00:00+00:00,4190.86,4193.86,-300.0,-311.0,-1.0,1032,300,11.0,sl,1
futures,GC,momentum,short,14640,14641,14667,2025-12-09 09:00:00+00:00,2025-12-09 09:15:00+00:00,2025-12-09 15:45:00+00:00,4232.7,4243.7,-110.0,-113.0,-1.0,300,110,3.0,sl,26
futures,ZB,momentum,short,14614,14615,14638,2025-12-09 09:15:00+00:00,2025-12-09 09:30:00+00:00,2025-12-09 15:15:00+00:00,115.46875,115.28125,6.0,3.0,0.038461538461538464,30,75,3.0,signal,23
forex,GBPUSD,momentum,long,15290,15291,15405,2025-12-09 10:15:00+00:00,2025-12-09 10:30:00+00:00,2025-12-10 15:00:00+00:00,1.33365,1.33312,-5.299999999999194,-7.299999999999194,-0.09480519480518435,20,75,2.0,signal,114
futures,YM,momentum,short,14614,14615,14622,2025-12-09 10:45:00+00:00,2025-12-09 11:00:00+00:00,2025-12-09 12:45:00+00:00,47859.0,47789.0,70.0,67.0,0.13320079522862824,300,500,3.0,signal,7
forex,USDCHF,momentum,long,15187,15188,15194,2025-12-09 13:30:00+00:00,2025-12-09 13:45:00+00:00,2025-12-09 15:15:00+00:00,0.80584,0.80775,19.09999999999967,17.09999999999967,0.03406374501991966,200,500,2.0,signal,6
futures,ZN,momentum,short,14639,14640,14646,2025-12-09 13:30:00+00:00,2025-12-09 13:45:00+00:00,2025-12-09 15:15:00+00:00,112.375,112.171875,13.0,10.0,0.06535947712418301,50,150,3.0,signal,6
gold_spot,XAUUSD,momentum,short,14729,14730,14731,2025-12-09 15:15:00+00:00,2025-12-09 15:30:00+00:00,2025-12-09 15:45:00+00:00,4206.29,4209.29,-300.0,-311.0,-1.0,1032,300,11.0,sl,1
forex,EURUSD,mean_reversion,long,15261,15262,15353,2025-12-09 16:15:00+00:00,2025-12-09 16:30:00+00:00,2025-12-10 15:15:00+00:00,1.16392,1.16475,8.299999999998864,6.299999999998864,0.08181818181816707,50,75,2.0,signal,91
forex,USDCHF,momentum,long,15198,15199,15508,2025-12-09 16:15:00+00:00,2025-12-09 16:30:00+00:00,2025-12-12 21:45:00+00:00,0.80606,0.79601,-100.50000000000003,-102.50000000000003,-0.20418326693227098,200,500,2.0,end,309
forex,AUDUSD,momentum,long,15277,15278,15329,2025-12-09 17:30:00+00:00,2025-12-09 17:45:00+00:00,2025-12-10 06:30:00+00:00,0.66404,0.66459,5.5000000000005045,3.5000000000005045,0.03431372549020102,150,100,2.0,signal,51
futures,6A,mean_reversion,short,14717,14718,14868,2025-12-09 17:30:00+00:00,2025-12-09 17:45:00+00:00,2025-12-11 09:15:00+00:00,0.66405,0.66415,-1.9999999999997797,-4.99999999999978,-0.024630541871920097,50,200,3.0,signal,150
futures,6A,momentum,long,14717,14718,14816,2025-12-09 17:30:00+00:00,2025-12-09 17:45:00+00:00,2025-12-10 19:15:00+00:00,0.66405,0.6659,37.00000000000036,34.00000000000036,0.06759443339960311,200,500,3.0,signal,98
futures,GC,mean_reversion,short,14675,14676,14683,2025-12-09 17:45:00+00:00,2025-12-09 18:00:00+00:00,2025-12-09 19:45:00+00:00,4232.1,4242.1,-100.0,-103.0,-1.0,30,100,3.0,sl,7
futures,RTY,momentum,long,14654,14655,14729,2025-12-09 21:00:00+00:00,2025-12-09 21:15:00+00:00,2025-12-10 16:45:00+00:00,2528.3,2537.6,92.99999999999727,89.99999999999727,0.297029702970288,500,300,3.0,signal,74
forex,USDCAD,momentum,short,15261,15262,15275,2025-12-10 02:00:00+00:00,2025-12-10 02:15:00+00:00,2025-12-10 05:30:00+00:00,1.38572,1.3852200000000001,5.0,3.0,0.13636363636363635,5,20,2.0,tp,13
gold_spot,XAUUSD,mean_reversion,short,14775,14776,14778,2025-12-10 03:45:00+00:00,2025-12-10 04:00:00+00:00,2025-12-10 04:30:00+00:00,4206.395,4209.395,-300.0,-311.0,-1.0,1097,300,11.0,sl,2
gold_spot,XAUUSD,momentum,long,14775,14776,14780,2025-12-10 03:45:00+00:00,2025-12-10 04:00:00+00:00,2025-12-10 05:00:00+00:00,4206.395,4203.395,-300.0,-311.0,-1.0,1032,300,11.0,sl,4
forex,NZDUSD,momentum,short,15354,15355,15412,2025-12-10 04:30:00+00:00,2025-12-10 04:45:00+00:00,2025-12-10 19:00:00+00:00,0.5772,0.5792,-20.0,-22.0,-1.0,75,20,2.0,sl,57
forex,GBPUSD,mean_reversion,long,15396,15397,15405,2025-12-10 12:45:00+00:00,2025-12-10 13:00:00+00:00,2025-12-10 15:00:00+00:00,1.33142,1.33312,17.000000000000348,15.000000000000348,0.07425742574257597,100,200,2.0,signal,8
futures,ZB,momentum,short,14727,14728,14940,2025-12-10 14:30:00+00:00,2025-12-10 14:45:00+00:00,2025-12-12 21:45:00+00:00,115.25,114.84375,13.0,10.0,0.1282051282051282,30,75,3.0,end,212
futures,ES,mean_reversion,long,14730,14731,14744,2025-12-10 16:45:00+00:00,2025-12-10 17:00:00+00:00,2025-12-10 20:15:00+00:00,6853.5,6903.0,198.0,195.0,0.38767395626242546,500,500,3.0,signal,13
gold_spot,XAUUSD,momentum,short,14827,14828,14833,2025-12-10 16:45:00+00:00,2025-12-10 17:00:00+00:00,2025-12-10 18:15:00+00:00,4204.92,4194.6,1032.0,1021.0,3.282958199356913,1032,300,11.0,tp,5
futures,ZB,mean_reversion,short,14745,14746,14857,2025-12-10 19:00:00+00:00,2025-12-10 19:15:00+00:00,2025-12-12 01:00:00+00:00,115.34375,115.5,-5.0,-8.0,-0.1509433962264151,15,50,3.0,signal,111
forex,GBPUSD,momentum,long,15423,15424,15424,2025-12-10 19:30:00+00:00,2025-12-10 19:45:00+00:00,2025-12-10 19:45:00+00:00,1.3331,1.3351,20.0,18.0,0.23376623376623376,20,75,2.0,tp,0
forex,AUDUSD,momentum,long,15409,15410,15457,2025-12-11 02:30:00+00:00,2025-12-11 02:45:00+00:00,2025-12-11 14:30:00+00:00,0.66577,0.66724,14.700000000000824,12.700000000000824,0.1245098039215767,150,100,2.0,signal,47
futures,ES,momentum,long,14765,14766,14820,2025-12-11 02:30:00+00:00,2025-12-11 02:45:00+00:00,2025-12-11 16:15:00+00:00,6856.25,6870.5,57.0,54.0,0.1782178217821782,300,300,3.0,signal,54
futures,GC,mean_reversion,short,14799,14800,14800,2025-12-11 02:45:00+00:00,2025-12-11 03:00:00+00:00,2025-12-11 03:00:00+00:00,4250.2,4247.2,30.0,27.0,0.2621359223300971,30,100,3.0,tp,0
futures,HG,momentum,long,14807,14808,14846,2025-12-11 02:45:00+00:00,2025-12-11 03:00:00+00:00,2025-12-11 12:30:00+00:00,5.394,5.4190000000000005,50.0,47.0,0.6025641025641025,50,75,3.0,tp,38
gold_spot,XAUUSD,momentum,long,14863,14864,14864,2025-12-11 02:45:00+00:00,2025-12-11 03:00:00+00:00,2025-12-11 03:00:00+00:00,4222.22,4219.22,-300.0,-311.0,-1.0,1032,300,11.0,sl,0
futures,GC,momentum,long,14800,14801,14846,2025-12-11 03:00:00+00:00,2025-12-11 03:15:00+00:00,2025-12-11 14:30:00+00:00,4239.9,4259.4,195.0,192.0,1.6991150442477876,300,110,3.0,signal,45
forex,USDJPY,momentum,short,15344,15345,15376,2025-12-11 05:45:00+00:00,2025-12-11 06:00:00+00:00,2025-12-11 13:45:00+00:00,156.06005,155.34526,71.47899999999936,69.47899999999936,0.13840438247011824,200,500,2.0,signal,31
futures,6J,momentum,long,14861,14862,14893,2025-12-11 05:45:00+00:00,2025-12-11 06:00:00+00:00,2025-12-11 13:45:00+00:00,0.006409,0.006438,58.00000000000076,55.00000000000076,0.18151815181518402,100,300,3.0,signal,31
forex,AUDUSD,mean_reversion,long,15428,15429,15440,2025-12-11 07:15:00+00:00,2025-12-11 07:30:00+00:00,2025-12-11 10:15:00+00:00,0.66422,0.66509,8.699999999999264,6.699999999999264,0.04407894736841621,50,150,2.0,signal,11
futures,NQ,mean_reversion,long,14825,14826,14829,2025-12-11 17:30:00+00:00,2025-12-11 17:45:00+00:00,2025-12-11 18:30:00+00:00,25639.75,25677.25,150.0,147.0,0.2922465208747515,150,500,3.0,tp,3
futures,NQ,mean_reversion,short,14845,14846,14847,2025-12-11 23:30:00+00:00,2025-12-11 23:45:00+00:00,2025-12-12 00:00:00+00:00,25681.25,25643.75,150.0,147.0,0.2922465208747515,150,500,3.0,tp,1
futures,NQ,momentum,long,14845,14846,14884,2025-12-11 23:30:00+00:00,2025-12-11 23:45:00+00:00,2025-12-12 09:15:00+00:00,25681.25,25597.75,-334.0,-337.0,-1.0,500,334,3.0,sl,38
forex,GBPUSD,momentum,long,15569,15570,15624,2025-12-12 08:00:00+00:00,2025-12-12 08:15:00+00:00,2025-12-12 21:45:00+00:00,1.33807,1.33717,-9.00000000000123,-11.00000000000123,-0.1428571428571588,20,75,2.0,end,54
forex,USDJPY,momentum,short,15452,15453,15504,2025-12-12 08:45:00+00:00,2025-12-12 09:00:00+00:00,2025-12-12 21:45:00+00:00,155.80707,155.82964,-2.2570000000001755,-4.2570000000001755,-0.00848007968127525,200,500,2.0,end,51
futures,6J,momentum,long,14965,14966,15015,2025-12-12 08:45:00+00:00,2025-12-12 09:00:00+00:00,2025-12-12 21:45:00+00:00,0.0064165,0.006418,2.999999999999531,-4.689582056016661e-13,-1.5477168501705153e-15,100,300,3.0,end,49
forex,AUDUSD,momentum,long,15536,15537,15582,2025-12-12 10:15:00+00:00,2025-12-12 10:30:00+00:00,2025-12-12 21:45:00+00:00,0.66616,0.66532,-8.399999999999519,-10.399999999999519,-0.10196078431372077,150,100,2.0,end,45
forex,NZDUSD,momentum,long,15569,15570,15594,2025-12-12 10:15:00+00:00,2025-12-12 10:30:00+00:00,2025-12-12 16:30:00+00:00,0.58085,0.57885,-20.0,-22.0,-1.0,75,20,2.0,sl,24
futures,6A,momentum,long,14963,14964,15009,2025-12-12 10:15:00+00:00,2025-12-12 10:30:00+00:00,2025-12-12 21:45:00+00:00,0.66615,0.6652,-19.000000000000128,-22.000000000000128,-0.04373757455268415,200,500,3.0,end,45
futures,ES,momentum,long,14907,14908,14934,2025-12-12 15:00:00+00:00,2025-12-12 15:15:00+00:00,2025-12-12 21:45:00+00:00,6873.0,6833.5,-158.0,-161.0,-0.5313531353135313,300,300,3.0,end,26
futures,SI,momentum,long,14912,14913,14938,2025-12-12 15:15:00+00:00,2025-12-12 15:30:00+00:00,2025-12-12 21:45:00+00:00,63.14,62.085,-210.99999999999994,-213.99999999999994,-0.4254473161033796,500,500,3.0,end,25
gold_spot,XAUUSD,momentum,long,15005,15006,15006,2025-12-12 15:15:00+00:00,2025-12-12 15:30:00+00:00,2025-12-12 15:30:00+00:00,4300.525,4297.525,-300.0,-311.0,-1.0,1032,300,11.0,same_bar_sl,0
futures,CL,mean_reversion,long,14961,14962,14980,2025-12-12 17:00:00+00:00,2025-12-12 17:15:00+00:00,2025-12-12 21:45:00+00:00,57.67,57.53,-14.000000000000057,-17.000000000000057,-0.05610561056105629,200,300,3.0,end,18
forex,NZDUSD,momentum,short,15597,15598,15606,2025-12-12 17:15:00+00:00,2025-12-12 17:30:00+00:00,2025-12-12 19:30:00+00:00,0.57994,0.57999,-0.49999999999994493,-2.499999999999945,-0.11363636363636113,75,20,2.0,signal,8
forex,GBPUSD,mean_reversion,long,15607,15608,15624,2025-12-12 17:30:00+00:00,2025-12-12 17:45:00+00:00,2025-12-12 21:45:00+00:00,1.33726,1.33717,-0.8999999999992347,-2.8999999999992347,-0.014356435643560568,100,200,2.0,end,16
futures,6A,mean_reversion,long,14992,14993,15009,2025-12-12 17:30:00+00:00,2025-12-12 17:45:00+00:00,2025-12-12 21:45:00+00:00,0.6654,0.6652,-3.9999999999995595,-6.9999999999995595,-0.03448275862068748,50,200,3.0,end,16
futures,6B,momentum,short,14987,14988,14995,2025-12-12 17:30:00+00:00,2025-12-12 17:45:00+00:00,2025-12-12 19:45:00+00:00,1.3373,1.3367,5.999999999999339,2.999999999999339,0.029126213592226596,30,100,3.0,signal,7
forex,NZDUSD,mean_reversion,long,15599,15600,15615,2025-12-12 17:45:00+00:00,2025-12-12 18:00:00+00:00,2025-12-12 21:45:00+00:00,0.58041,0.58047,0.6000000000006,-1.3999999999994,-0.013725490196072549,50,100,2.0,end,15
