market,symbol,strategy,variant_id,side,signal_index,entry_index,exit_index,signal_time,entry_time,exit_time,entry_price,exit_price,gross_units,net_units,r_multiple,tp_units,sl_units,cost_units,exit_reason,bars_held,size_multiplier,dollars_per_unit,pnl_dollars,risk_dollars,target_dollars,session_key,selection_key,source,phase,key
futures,HG,reddit_capitulation_reversion,reddit_capitulation_reversion|ny|range=15|entry=150|rr=2.5|sl_atr=1|tp_atr=1.5|threshold=1.75|adx_max=none|adx_min=none|rsi2=10.0|trend=both|max_bars=24,short,27440,27441,27460,2024-01-02 16:00:00+00:00,2024-01-02 16:15:00+00:00,2024-01-02 21:00:00+00:00,3.8875,3.8675,40.00000000000004,37.00000000000004,1.40550807217475,58.31250000000043,23.324999999999815,3.0,session_close,19,35.0,1.25,1618.7500000000016,1151.718749999992,2551.171875000019,2024-01-02,HG	reddit_capitulation_reversion	reddit_capitulation_reversion|ny|range=15|entry=150|rr=2.5|sl_atr=1|tp_atr=1.5|threshold=1.75|adx_max=none|adx_min=none|rsi2=10.0|trend=both|max_bars=24,reddit_research,,
futures,NQ,reddit_orb_retest,reddit_orb_retest|ny|range=15|entry=150|rr=2|sl_atr=1|tp_atr=1.5|threshold=2|adx_max=none|adx_min=none|rsi2=none|trend=all|max_bars=24,short,27545,27546,27568,2024-01-03 15:15:00+00:00,2024-01-03 15:30:00+00:00,2024-01-03 21:00:00+00:00,16579.5,16537.75,167.0,164.0,0.6456692913385826,502.0,251.0,3.0,session_close,22,8.0,0.5,656.0,1016.0,2008.0,2024-01-03,NQ	reddit_orb_retest	reddit_orb_retest|ny|range=15|entry=150|rr=2|sl_atr=1|tp_atr=1.5|threshold=2|adx_max=none|adx_min=none|rsi2=none|trend=all|max_bars=24,reddit_research,,
futures,HG,reddit_capitulation_reversion,reddit_capitulation_reversion|ny|range=15|entry=150|rr=2.5|sl_atr=1|tp_atr=1.5|threshold=1.75|adx_max=none|adx_min=none|rsi2=10.0|trend=both|max_bars=24,short,27533,27534,27552,2024-01-03 16:15:00+00:00,2024-01-03 16:30:00+00:00,2024-01-03 21:00:00+00:00,3.87,3.872,-3.99999999999956,-6.99999999999956,-0.2669717772692409,58.04999999999971,23.22000000000024,3.0,session_close,18,35.0,1.25,-306.2499999999808,1147.1250000000107,2539.687499999988,2024-01-03,HG	reddit_capitulation_reversion	reddit_capitulation_reversion|ny|range=15|entry=150|rr=2.5|sl_atr=1|tp_atr=1.5|threshold=1.75|adx_max=none|adx_min=none|rsi2=10.0|trend=both|max_bars=24,reddit_research,,
futures,NQ,reddit_orb_retest,reddit_orb_retest|ny|range=15|entry=150|rr=2|sl_atr=1|tp_atr=1.5|threshold=2|adx_max=none|adx_min=none|rsi2=none|trend=all|max_bars=24,long,27637,27638,27659,2024-01-04 15:15:00+00:00,2024-01-04 15:30:00+00:00,2024-01-04 20:45:00+00:00,16507.25,16443.25,-256.0,-259.0,-1.0,512.0,256.0,3.0,sl,21,8.0,0.5,-1036.0,1036.0,2048.0,2024-01-04,NQ	reddit_orb_retest	reddit_orb_retest|ny|range=15|entry=150|rr=2|sl_atr=1|tp_atr=1.5|threshold=2|adx_max=none|adx_min=none|rsi2=none|trend=all|max_bars=24,reddit_research,,
futures,GC,reddit_ema_pullback,reddit_ema_pullback|ny|range=15|entry=150|rr=1.5|sl_atr=1|tp_atr=1.5|threshold=2|adx_max=none|adx_min=none|rsi2=none|trend=both|max_bars=24,short,27565,27566,27581,2024-01-04 17:00:00+00:00,2024-01-04 17:15:00+00:00,2024-01-04 21:00:00+00:00,2050.9,2050.8,0.9999999999990904,-2.000000000000909,-0.0676265572364269,39.86127052147594,26.574180347652145,3.0,session_close,15,35.0,1.0,-70.00000000003183,1035.096312167825,1395.144468251658,2024-01-04,GC	reddit_ema_pullback	reddit_ema_pullback|ny|range=15|entry=150|rr=1.5|sl_atr=1|tp_atr=1.5|threshold=2|adx_max=none|adx_min=none|rsi2=none|trend=both|max_bars=24,reddit_research,,
futures,HG,reddit_capitulation_reversion,reddit_capitulation_reversion|ny|range=15|entry=150|rr=2.5|sl_atr=1|tp_atr=1.5|threshold=1.75|adx_max=none|adx_min=none|rsi2=10.0|trend=both|max_bars=24,short,27806,27807,27828,2024-01-08 15:30:00+00:00,2024-01-08 15:45:00+00:00,2024-01-08 21:00:00+00:00,3.823,3.824,-1.99999999999978,-4.99999999999978,-0.1927673683398796,57.34499999999976,22.937999999999903,3.0,session_close,21,35.0,1.25,-218.7499999999904,1134.7874999999958,2508.843749999989,2024-01-08,HG	reddit_capitulation_reversion	reddit_capitulation_reversion|ny|range=15|entry=150|rr=2.5|sl_atr=1|tp_atr=1.5|threshold=1.75|adx_max=none|adx_min=none|rsi2=10.0|trend=both|max_bars=24,reddit_research,,
futures,GC,reddit_ema_pullback,reddit_ema_pullback|ny|range=15|entry=150|rr=1.5|sl_atr=1|tp_atr=1.5|threshold=2|adx_max=none|adx_min=none|rsi2=none|trend=both|max_bars=24,short,27749,27750,27764,2024-01-08 17:00:00+00:00,2024-01-08 17:15:00+00:00,2024-01-08 20:45:00+00:00,2037.2,2032.30553482841,48.944651715899,45.944651715899,1.2895018558675857,48.944651715899,32.62976781059933,3.0,tp,14,35.0,1.0,1608.062810056465,1247.0418733709766,1713.062810056465,2024-01-08,GC	reddit_ema_pullback	reddit_ema_pullback|ny|range=15|entry=150|rr=1.5|sl_atr=1|tp_atr=1.5|threshold=2|adx_max=none|adx_min=none|rsi2=none|trend=both|max_bars=24,reddit_research,,
futures,GC,reddit_orb_breakout,reddit_orb_breakout|ny|range=15|entry=150|rr=1.5|sl_atr=1|tp_atr=1.5|threshold=2|adx_max=none|adx_min=none|rsi2=none|trend=all|max_bars=24,short,27832,27833,27836,2024-01-09 14:45:00+00:00,2024-01-09 15:00:00+00:00,2024-01-09 15:45:00+00:00,2040.6,2035.8,48.00000000000182,45.00000000000182,1.285714285714321,48.00000000000182,32.000000000000455,3.0,tp,3,25.0,1.0,1125.0000000000457,875.0000000000114,1200.0000000000457,2024-01-09,GC	reddit_orb_breakout	reddit_orb_breakout|ny|range=15|entry=150|rr=1.5|sl_atr=1|tp_atr=1.5|threshold=2|adx_max=none|adx_min=none|rsi2=none|trend=all|max_bars=24,reddit_research,,
futures,ES,reddit_orb_retest,reddit_orb_retest|ny|range=15|entry=150|rr=2|sl_atr=1|tp_atr=1.5|threshold=2|adx_max=none|adx_min=none|rsi2=none|trend=all|max_bars=24,long,27916,27917,27918,2024-01-09 15:45:00+00:00,2024-01-09 16:00:00+00:00,2024-01-09 16:15:00+00:00,4776.5,4787.5,44.0,41.0,1.64,44.0,22.0,3.0,tp,1,30.0,1.25,1537.5,937.5,1650.0,2024-01-09,ES	reddit_orb_retest	reddit_orb_retest|ny|range=15|entry=150|rr=2|sl_atr=1|tp_atr=1.5|threshold=2|adx_max=none|adx_min=none|rsi2=none|trend=all|max_bars=24,reddit_research,,
futures,RTY,reddit_orb_retest,reddit_orb_retest|ny|range=15|entry=150|rr=2|sl_atr=1|tp_atr=1.5|threshold=2|adx_max=none|adx_min=none|rsi2=none|trend=all|max_bars=24,long,27916,27917,27936,2024-01-09 16:00:00+00:00,2024-01-09 16:15:00+00:00,2024-01-09 21:00:00+00:00,1977.7,1983.2,55.0,52.0,0.5909090909090909,170.0,85.0,3.0,session_close,19,25.0,0.5,650.0,1100.0,2125.0,2024-01-09,RTY	reddit_orb_retest	reddit_orb_retest|ny|range=15|entry=150|rr=2|sl_atr=1|tp_atr=1.5|threshold=2|adx_max=none|adx_min=none|rsi2=none|trend=all|max_bars=24,reddit_research,,
futures,NQ,reddit_orb_retest,reddit_orb_retest|ny|range=15|entry=150|rr=2|sl_atr=1|tp_atr=1.5|threshold=2|adx_max=none|adx_min=none|rsi2=none|trend=all|max_bars=24,short,28189,28190,28212,2024-01-12 15:15:00+00:00,2024-01-12 15:30:00+00:00,2024-01-12 21:00:00+00:00,16966.25,16961.5,19.0,16.0,0.0544217687074829,582.0,291.0,3.0,session_close,22,8.0,0.5,64.0,1176.0,2328.0,2024-01-12,NQ	reddit_orb_retest	reddit_orb_retest|ny|range=15|entry=150|rr=2|sl_atr=1|tp_atr=1.5|threshold=2|adx_max=none|adx_min=none|rsi2=none|trend=all|max_bars=24,reddit_research,,
futures,GC,reddit_orb_breakout,reddit_orb_breakout|ny|range=15|entry=150|rr=1.5|sl_atr=1|tp_atr=1.5|threshold=2|adx_max=none|adx_min=none|rsi2=none|trend=all|max_bars=24,short,28201,28202,28204,2024-01-15 15:00:00+00:00,2024-01-15 15:15:00+00:00,2024-01-15 15:45:00+00:00,2054.6,2057.3,-27.00000000000273,-30.00000000000273,-1.0,40.50000000000637,27.00000000000273,3.0,sl,2,25.0,1.0,-750.0000000000682,750.0000000000682,1012.5000000001592,2024-01-15,GC	reddit_orb_breakout	reddit_orb_breakout|ny|range=15|entry=150|rr=1.5|sl_atr=1|tp_atr=1.5|threshold=2|adx_max=none|adx_min=none|rsi2=none|trend=all|max_bars=24,reddit_research,,
futures,RTY,reddit_orb_retest,reddit_orb_retest|ny|range=15|entry=150|rr=2|sl_atr=1|tp_atr=1.5|threshold=2|adx_max=none|adx_min=none|rsi2=none|trend=all|max_bars=24,long,28284,28285,28292,2024-01-15 16:00:00+00:00,2024-01-15 16:15:00+00:00,2024-01-15 23:00:00+00:00,1963.2,1965.0,17.999999999999545,14.999999999999543,0.2307692307692221,124.00000000000092,62.000000000000455,3.0,session_close,7,25.0,0.5,187.49999999999432,812.5000000000057,1550.0000000000114,2024-01-15,RTY	reddit_orb_retest	reddit_orb_retest|ny|range=15|entry=150|rr=2|sl_atr=1|tp_atr=1.5|threshold=2|adx_max=none|adx_min=none|rsi2=none|trend=all|max_bars=24,reddit_research,,
futures,YM,reddit_ema_pullback,reddit_ema_pullback|ny|range=15|entry=150|rr=1.5|sl_atr=1|tp_atr=1.5|threshold=2|adx_max=none|adx_min=none|rsi2=none|trend=both|max_bars=24,short,28285,28286,28292,2024-01-15 16:15:00+00:00,2024-01-15 16:30:00+00:00,2024-01-15 23:00:00+00:00,37768.0,37762.0,6.0,3.0,0.0999873868075482,40.50567665261042,27.00378443507361,3.0,session_close,6,75.0,0.5,112.5,1125.1419163152605,1518.9628744728907,2024-01-15,YM	reddit_ema_pullback	reddit_ema_pullback|ny|range=15|entry=150|rr=1.5|sl_atr=1|tp_atr=1.5|threshold=2|adx_max=none|adx_min=none|rsi2=none|trend=both|max_bars=24,reddit_research,,
futures,ES,reddit_orb_retest,reddit_orb_retest|ny|range=15|entry=150|rr=2|sl_atr=1|tp_atr=1.5|threshold=2|adx_max=none|adx_min=none|rsi2=none|trend=all|max_bars=24,long,28289,28290,28293,2024-01-15 17:00:00+00:00,2024-01-15 17:15:00+00:00,2024-01-15 23:00:00+00:00,4813.0,4812.25,-3.0,-6.0,-0.4,24.0,12.0,3.0,session_close,3,30.0,1.25,-225.0,562.5,900.0,2024-01-15,ES	reddit_orb_retest	reddit_orb_retest|ny|range=15|entry=150|rr=2|sl_atr=1|tp_atr=1.5|threshold=2|adx_max=none|adx_min=none|rsi2=none|trend=all|max_bars=24,reddit_research,,
futures,HG,reddit_orb_breakout,reddit_orb_breakout|london|range=15|entry=150|rr=1.5|sl_atr=1|tp_atr=1.5|threshold=2|adx_max=none|adx_min=none|rsi2=none|trend=all|max_bars=24,short,28503,28504,28510,2024-01-18 08:15:00+00:00,2024-01-18 08:30:00+00:00,2024-01-18 10:00:00+00:00,3.74,3.7272500000000006,25.49999999999919,22.49999999999919,1.1249999999999898,25.49999999999919,16.99999999999946,3.0,tp,6,50.0,1.25,1406.2499999999493,1249.9999999999663,1593.7499999999493,2024-01-18,HG	reddit_orb_breakout	reddit_orb_breakout|london|range=15|entry=150|rr=1.5|sl_atr=1|tp_atr=1.5|threshold=2|adx_max=none|adx_min=none|rsi2=none|trend=all|max_bars=24,reddit_research,,
futures,GC,reddit_orb_breakout,reddit_orb_breakout|ny|range=15|entry=150|rr=1.5|sl_atr=1|tp_atr=1.5|threshold=2|adx_max=none|adx_min=none|rsi2=none|trend=all|max_bars=24,long,28468,28469,28480,2024-01-18 15:15:00+00:00,2024-01-18 15:30:00+00:00,2024-01-18 18:15:00+00:00,2016.1,2020.9,47.99999999999727,44.99999999999727,1.2857142857142745,47.99999999999727,31.99999999999818,3.0,tp,11,25.0,1.0,1124.9999999999318,874.9999999999545,1199.9999999999318,2024-01-18,GC	reddit_orb_breakout	reddit_orb_breakout|ny|range=15|entry=150|rr=1.5|sl_atr=1|tp_atr=1.5|threshold=2|adx_max=none|adx_min=none|rsi2=none|trend=all|max_bars=24,reddit_research,,
futures,NQ,reddit_orb_retest,reddit_orb_retest|ny|range=15|entry=150|rr=2|sl_atr=1|tp_atr=1.5|threshold=2|adx_max=none|adx_min=none|rsi2=none|trend=all|max_bars=24,long,28543,28544,28548,2024-01-18 15:45:00+00:00,2024-01-18 16:00:00+00:00,2024-01-18 17:00:00+00:00,17056.0,16994.75,-245.0,-248.0,-1.0,490.0,245.0,3.0,sl,4,8.0,0.5,-992.0,992.0,1960.0,2024-01-18,NQ	reddit_orb_retest	reddit_orb_retest|ny|range=15|entry=150|rr=2|sl_atr=1|tp_atr=1.5|threshold=2|adx_max=none|adx_min=none|rsi2=none|trend=all|max_bars=24,reddit_research,,
futures,HG,reddit_capitulation_reversion,reddit_capitulation_reversion|ny|range=15|entry=150|rr=2.5|sl_atr=1|tp_atr=1.5|threshold=1.75|adx_max=none|adx_min=none|rsi2=10.0|trend=both|max_bars=24,long,28620,28621,28639,2024-01-19 14:30:00+00:00,2024-01-19 14:45:00+00:00,2024-01-19 19:15:00+00:00,3.762,3.790215,56.42999999999976,53.42999999999976,2.089394650398843,56.42999999999976,22.57200000000026,3.0,tp,18,35.0,1.25,2337.562499999989,1118.7750000000112,2468.812499999989,2024-01-19,HG	reddit_capitulation_reversion	reddit_capitulation_reversion|ny|range=15|entry=150|rr=2.5|sl_atr=1|tp_atr=1.5|threshold=1.75|adx_max=none|adx_min=none|rsi2=10.0|trend=both|max_bars=24,reddit_research,,
futures,YM,reddit_capitulation_reversion,reddit_capitulation_reversion|ny|range=15|entry=150|rr=2.5|sl_atr=1|tp_atr=1.5|threshold=1.75|adx_max=none|adx_min=none|rsi2=10.0|trend=long_only|max_bars=24,long,28630,28631,28645,2024-01-19 14:30:00+00:00,2024-01-19 14:45:00+00:00,2024-01-19 18:15:00+00:00,37668.0,37950.51,282.51000000000204,279.51000000000204,2.409485879797249,282.51000000000204,113.0040000000008,3.0,tp,14,20.0,0.5,2795.1000000000204,1160.040000000008,2825.1000000000204,2024-01-19,YM	reddit_capitulation_reversion	reddit_capitulation_reversion|ny|range=15|entry=150|rr=2.5|sl_atr=1|tp_atr=1.5|threshold=1.75|adx_max=none|adx_min=none|rsi2=10.0|trend=long_only|max_bars=24,reddit_research,,
futures,NQ,reddit_orb_retest,reddit_orb_retest|ny|range=15|entry=150|rr=2|sl_atr=1|tp_atr=1.5|threshold=2|adx_max=none|adx_min=none|rsi2=none|trend=all|max_bars=24,long,28634,28635,28645,2024-01-19 15:30:00+00:00,2024-01-19 15:45:00+00:00,2024-01-19 18:15:00+00:00,17226.5,17347.0,482.0,479.0,1.963114754098361,482.0,241.0,3.0,tp,10,8.0,0.5,1916.0,976.0,1928.0,2024-01-19,NQ	reddit_orb_retest	reddit_orb_retest|ny|range=15|entry=150|rr=2|sl_atr=1|tp_atr=1.5|threshold=2|adx_max=none|adx_min=none|rsi2=none|trend=all|max_bars=24,reddit_research,,
futures,GC,reddit_ema_pullback,reddit_ema_pullback|ny|range=15|entry=150|rr=1.5|sl_atr=1|tp_atr=1.5|threshold=2|adx_max=none|adx_min=none|rsi2=none|trend=both|max_bars=24,long,28568,28569,28583,2024-01-19 17:15:00+00:00,2024-01-19 17:30:00+00:00,2024-01-19 21:00:00+00:00,2029.4,2031.6,21.99999999999818,18.99999999999818,0.6078130083809062,42.38942093542164,28.25961395694776,3.0,session_close,14,35.0,1.0,664.9999999999363,1094.0864884931716,1483.6297327397574,2024-01-19,GC	reddit_ema_pullback	reddit_ema_pullback|ny|range=15|entry=150|rr=1.5|sl_atr=1|tp_atr=1.5|threshold=2|adx_max=none|adx_min=none|rsi2=none|trend=both|max_bars=24,reddit_research,,
futures,GC,reddit_ema_pullback,reddit_ema_pullback|ny|range=15|entry=150|rr=1.5|sl_atr=1|tp_atr=1.5|threshold=2|adx_max=none|adx_min=none|rsi2=none|trend=both|max_bars=24,short,28655,28656,28675,2024-01-22 16:00:00+00:00,2024-01-22 16:15:00+00:00,2024-01-22 21:00:00+00:00,2023.5,2021.8,17.000000000000455,14.000000000000457,0.4086344530330249,46.89067409547079,31.26044939697977,3.0,session_close,19,35.0,1.0,490.0000000000159,1199.1157288942918,1641.1735933414775,2024-01-22,GC	reddit_ema_pullback	reddit_ema_pullback|ny|range=15|entry=150|rr=1.5|sl_atr=1|tp_atr=1.5|threshold=2|adx_max=none|adx_min=none|rsi2=none|trend=both|max_bars=24,reddit_research,,
futures,HG,reddit_capitulation_reversion,reddit_capitulation_reversion|ny|range=15|entry=150|rr=2.5|sl_atr=1|tp_atr=1.5|threshold=1.75|adx_max=none|adx_min=none|rsi2=10.0|trend=both|max_bars=24,long,28815,28816,28830,2024-01-23 17:15:00+00:00,2024-01-23 17:30:00+00:00,2024-01-23 21:00:00+00:00,3.785,3.806,41.999999999999815,38.999999999999815,1.516919486581089,56.77500000000002,22.710000000000008,3.0,session_close,14,35.0,1.25,1706.249999999992,1124.8125000000005,2483.906250000001,2024-01-23,HG	reddit_capitulation_reversion	reddit_capitulation_reversion|ny|range=15|entry=150|rr=2.5|sl_atr=1|tp_atr=1.5|threshold=1.75|adx_max=none|adx_min=none|rsi2=10.0|trend=both|max_bars=24,reddit_research,,
futures,SI,reddit_capitulation_reversion,reddit_capitulation_reversion|ny|range=15|entry=150|rr=2.5|sl_atr=1|tp_atr=1.5|threshold=1.75|adx_max=none|adx_min=none|rsi2=10.0|trend=both|max_bars=24,long,28768,28769,28780,2024-01-24 14:45:00+00:00,2024-01-24 15:00:00+00:00,2024-01-24 17:45:00+00:00,22.78,22.950850000000003,34.1700000000003,31.1700000000003,1.870050395968359,34.1700000000003,13.667999999999836,3.0,tp,11,12.0,5.0,1870.200000000018,1000.0799999999902,2050.200000000018,2024-01-24,SI	reddit_capitulation_reversion	reddit_capitulation_reversion|ny|range=15|entry=150|rr=2.5|sl_atr=1|tp_atr=1.5|threshold=1.75|adx_max=none|adx_min=none|rsi2=10.0|trend=both|max_bars=24,reddit_research,,
futures,NQ,reddit_orb_retest,reddit_orb_retest|ny|range=15|entry=150|rr=2|sl_atr=1|tp_atr=1.5|threshold=2|adx_max=none|adx_min=none|rsi2=none|trend=all|max_bars=24,long,28913,28914,28925,2024-01-24 16:15:00+00:00,2024-01-24 16:30:00+00:00,2024-01-24 19:15:00+00:00,17708.75,17637.5,-285.0,-288.0,-1.0,570.0,285.0,3.0,sl,11,8.0,0.5,-1152.0,1152.0,2280.0,2024-01-24,NQ	reddit_orb_retest	reddit_orb_retest|ny|range=15|entry=150|rr=2|sl_atr=1|tp_atr=1.5|threshold=2|adx_max=none|adx_min=none|rsi2=none|trend=all|max_bars=24,reddit_research,,
futures,HG,reddit_capitulation_reversion,reddit_capitulation_reversion|ny|range=15|entry=150|rr=2.5|sl_atr=1|tp_atr=1.5|threshold=1.75|adx_max=none|adx_min=none|rsi2=10.0|trend=both|max_bars=24,long,28993,28994,29014,2024-01-25 15:45:00+00:00,2024-01-25 16:00:00+00:00,2024-01-25 21:00:00+00:00,3.8635,3.868,8.999999999999453,5.999999999999453,0.2291738283487806,57.95249999999985,23.18100000000012,3.0,session_close,20,35.0,1.25,262.49999999997607,1145.4187500000053,2535.4218749999936,2024-01-25,HG	reddit_capitulation_reversion	reddit_capitulation_reversion|ny|range=15|entry=150|rr=2.5|sl_atr=1|tp_atr=1.5|threshold=1.75|adx_max=none|adx_min=none|rsi2=10.0|trend=both|max_bars=24,reddit_research,,
futures,GC,reddit_orb_breakout,reddit_orb_breakout|ny|range=15|entry=150|rr=1.5|sl_atr=1|tp_atr=1.5|threshold=2|adx_max=none|adx_min=none|rsi2=none|trend=all|max_bars=24,short,29019,29020,29043,2024-01-26 15:00:00+00:00,2024-01-26 15:15:00+00:00,2024-01-26 21:00:00+00:00,2018.4,2018.7,-2.9999999999995453,-5.999999999999545,-0.1363636363636288,61.49999999999864,40.99999999999909,3.0,session_close,23,25.0,1.0,-149.99999999998863,1099.9999999999773,1537.499999999966,2024-01-26,GC	reddit_orb_breakout	reddit_orb_breakout|ny|range=15|entry=150|rr=1.5|sl_atr=1|tp_atr=1.5|threshold=2|adx_max=none|adx_min=none|rsi2=none|trend=all|max_bars=24,reddit_research,,
futures,GC,reddit_ema_pullback,reddit_ema_pullback|ny|range=15|entry=150|rr=1.5|sl_atr=1|tp_atr=1.5|threshold=2|adx_max=none|adx_min=none|rsi2=none|trend=both|max_bars=24,long,29117,29118,29121,2024-01-29 16:30:00+00:00,2024-01-29 16:45:00+00:00,2024-01-29 17:30:00+00:00,2026.1,2030.0437880047,39.43788004700082,36.43788004700082,1.2439566954990924,39.43788004700082,26.29192003133312,3.0,tp,3,35.0,1.0,1275.3258016450286,1025.2172010966592,1380.3258016450286,2024-01-29,GC	reddit_ema_pullback	reddit_ema_pullback|ny|range=15|entry=150|rr=1.5|sl_atr=1|tp_atr=1.5|threshold=2|adx_max=none|adx_min=none|rsi2=none|trend=both|max_bars=24,reddit_research,,
futures,NQ,reddit_orb_retest,reddit_orb_retest|ny|range=15|entry=150|rr=2|sl_atr=1|tp_atr=1.5|threshold=2|adx_max=none|adx_min=none|rsi2=none|trend=all|max_bars=24,long,29193,29194,29208,2024-01-29 17:15:00+00:00,2024-01-29 17:30:00+00:00,2024-01-29 21:00:00+00:00,17594.5,17698.0,414.0,411.0,1.568702290076336,518.0,259.0,3.0,session_close,14,8.0,0.5,1644.0,1048.0,2072.0,2024-01-29,NQ	reddit_orb_retest	reddit_orb_retest|ny|range=15|entry=150|rr=2|sl_atr=1|tp_atr=1.5|threshold=2|adx_max=none|adx_min=none|rsi2=none|trend=all|max_bars=24,reddit_research,,
futures,YM,reddit_ema_pullback,reddit_ema_pullback|ny|range=15|entry=150|rr=1.5|sl_atr=1|tp_atr=1.5|threshold=2|adx_max=none|adx_min=none|rsi2=none|trend=both|max_bars=24,long,29274,29275,29275,2024-01-30 14:30:00+00:00,2024-01-30 14:45:00+00:00,2024-01-30 14:45:00+00:00,38443.0,38474.48158171728,31.48158171727846,28.48158171727846,1.187340037233853,31.48158171727846,20.987721144847452,3.0,tp,1,75.0,0.5,1068.0593143979422,899.5395429317796,1180.5593143979422,2024-01-30,YM	reddit_ema_pullback	reddit_ema_pullback|ny|range=15|entry=150|rr=1.5|sl_atr=1|tp_atr=1.5|threshold=2|adx_max=none|adx_min=none|rsi2=none|trend=both|max_bars=24,reddit_research,,
futures,NQ,reddit_orb_retest,reddit_orb_retest|ny|range=15|entry=150|rr=2|sl_atr=1|tp_atr=1.5|threshold=2|adx_max=none|adx_min=none|rsi2=none|trend=all|max_bars=24,short,29278,29279,29292,2024-01-30 15:30:00+00:00,2024-01-30 15:45:00+00:00,2024-01-30 19:00:00+00:00,17640.25,17551.25,356.0,353.0,1.950276243093923,356.0,178.0,3.0,tp,13,8.0,0.5,1412.0,724.0,1424.0,2024-01-30,NQ	reddit_orb_retest	reddit_orb_retest|ny|range=15|entry=150|rr=2|sl_atr=1|tp_atr=1.5|threshold=2|adx_max=none|adx_min=none|rsi2=none|trend=all|max_bars=24,reddit_research,,
futures,GC,reddit_ema_pullback,reddit_ema_pullback|ny|range=15|entry=150|rr=1.5|sl_atr=1|tp_atr=1.5|threshold=2|adx_max=none|adx_min=none|rsi2=none|trend=both|max_bars=24,long,29210,29211,29215,2024-01-30 16:45:00+00:00,2024-01-30 17:00:00+00:00,2024-01-30 18:00:00+00:00,2034.8,2031.97253208245,-28.274679175499383,-31.274679175499383,-1.0,42.41201876324794,28.274679175499383,3.0,sl,4,35.0,1.0,-1094.6137711424783,1094.6137711424783,1484.420656713678,2024-01-30,GC	reddit_ema_pullback	reddit_ema_pullback|ny|range=15|entry=150|rr=1.5|sl_atr=1|tp_atr=1.5|threshold=2|adx_max=none|adx_min=none|rsi2=none|trend=both|max_bars=24,reddit_research,,
futures,SI,reddit_capitulation_reversion,reddit_capitulation_reversion|ny|range=15|entry=150|rr=2.5|sl_atr=1|tp_atr=1.5|threshold=1.75|adx_max=none|adx_min=none|rsi2=10.0|trend=both|max_bars=24,short,29319,29320,29324,2024-02-01 14:30:00+00:00,2024-02-01 14:45:00+00:00,2024-02-01 15:45:00+00:00,23.045,23.114135,-13.826999999999856,-16.826999999999856,-1.0,34.567499999999995,13.826999999999856,3.0,sl,4,12.0,5.0,-1009.6199999999914,1009.6199999999914,2074.05,2024-02-01,SI	reddit_capitulation_reversion	reddit_capitulation_reversion|ny|range=15|entry=150|rr=2.5|sl_atr=1|tp_atr=1.5|threshold=1.75|adx_max=none|adx_min=none|rsi2=10.0|trend=both|max_bars=24,reddit_research,,
futures,GC,reddit_orb_breakout,reddit_orb_breakout|ny|range=15|entry=150|rr=1.5|sl_atr=1|tp_atr=1.5|threshold=2|adx_max=none|adx_min=none|rsi2=none|trend=all|max_bars=24,short,29381,29382,29382,2024-02-01 14:45:00+00:00,2024-02-01 15:00:00+00:00,2024-02-01 15:00:00+00:00,2063.4,2057.7000000000007,56.99999999999363,53.99999999999363,1.3170731707316397,56.99999999999363,37.99999999999727,3.0,tp,1,25.0,1.0,1349.9999999998408,1024.9999999999318,1424.9999999998408,2024-02-01,GC	reddit_orb_breakout	reddit_orb_breakout|ny|range=15|entry=150|rr=1.5|sl_atr=1|tp_atr=1.5|threshold=2|adx_max=none|adx_min=none|rsi2=none|trend=all|max_bars=24,reddit_research,,
futures,NQ,reddit_orb_retest,reddit_orb_retest|ny|range=15|entry=150|rr=2|sl_atr=1|tp_atr=1.5|threshold=2|adx_max=none|adx_min=none|rsi2=none|trend=all|max_bars=24,long,29461,29462,29463,2024-02-01 15:15:00+00:00,2024-02-01 15:30:00+00:00,2024-02-01 15:45:00+00:00,17368.25,17294.25,-296.0,-299.0,-1.0,592.0,296.0,3.0,sl,1,8.0,0.5,-1196.0,1196.0,2368.0,2024-02-01,NQ	reddit_orb_retest	reddit_orb_retest|ny|range=15|entry=150|rr=2|sl_atr=1|tp_atr=1.5|threshold=2|adx_max=none|adx_min=none|rsi2=none|trend=all|max_bars=24,reddit_research,,
futures,RTY,reddit_orb_retest,reddit_orb_retest|ny|range=15|entry=150|rr=2|sl_atr=1|tp_atr=1.5|threshold=2|adx_max=none|adx_min=none|rsi2=none|trend=all|max_bars=24,long,29553,29554,29569,2024-02-02 15:15:00+00:00,2024-02-02 15:30:00+00:00,2024-02-02 19:15:00+00:00,1959.1,1976.9,177.99999999999727,174.99999999999727,1.9021739130434767,177.99999999999727,88.99999999999864,3.0,tp,15,25.0,0.5,2187.499999999966,1149.999999999983,2224.999999999966,2024-02-02,RTY	reddit_orb_retest	reddit_orb_retest|ny|range=15|entry=150|rr=2|sl_atr=1|tp_atr=1.5|threshold=2|adx_max=none|adx_min=none|rsi2=none|trend=all|max_bars=24,reddit_research,,
futures,HG,reddit_orb_breakout,reddit_orb_breakout|london|range=15|entry=150|rr=1.5|sl_atr=1|tp_atr=1.5|threshold=2|adx_max=none|adx_min=none|rsi2=none|trend=all|max_bars=24,short,29699,29700,29710,2024-02-06 08:15:00+00:00,2024-02-06 08:30:00+00:00,2024-02-06 11:00:00+00:00,3.7765,3.76675,19.49999999999985,16.49999999999985,1.0312499999999971,19.49999999999985,12.9999999999999,3.0,tp,10,50.0,1.25,1031.249999999991,999.9999999999936,1218.749999999991,2024-02-06,HG	reddit_orb_breakout	reddit_orb_breakout|london|range=15|entry=150|rr=1.5|sl_atr=1|tp_atr=1.5|threshold=2|adx_max=none|adx_min=none|rsi2=none|trend=all|max_bars=24,reddit_research,,
futures,HG,reddit_capitulation_reversion,reddit_capitulation_reversion|ny|range=15|entry=150|rr=2.5|sl_atr=1|tp_atr=1.5|threshold=1.75|adx_max=none|adx_min=none|rsi2=10.0|trend=both|max_bars=24,short,29724,29725,29749,2024-02-06 14:30:00+00:00,2024-02-06 14:45:00+00:00,2024-02-06 20:45:00+00:00,3.7965,3.784,25.000000000000355,22.000000000000355,0.853407812560629,56.94749999999971,22.778999999999883,3.0,timeout,24,35.0,1.25,962.5000000000156,1127.831249999995,2491.4531249999877,2024-02-06,HG	reddit_capitulation_reversion	reddit_capitulation_reversion|ny|range=15|entry=150|rr=2.5|sl_atr=1|tp_atr=1.5|threshold=1.75|adx_max=none|adx_min=none|rsi2=10.0|trend=both|max_bars=24,reddit_research,,
futures,GC,reddit_orb_breakout,reddit_orb_breakout|ny|range=15|entry=150|rr=1.5|sl_atr=1|tp_atr=1.5|threshold=2|adx_max=none|adx_min=none|rsi2=none|trend=all|max_bars=24,long,29657,29658,29658,2024-02-06 14:45:00+00:00,2024-02-06 15:00:00+00:00,2024-02-06 15:00:00+00:00,2046.8,2052.5,57.000000000000455,54.000000000000455,1.317073170731733,57.000000000000455,37.999999999999545,3.0,tp,1,25.0,1.0,1350.0000000000114,1024.9999999999886,1425.0000000000114,2024-02-06,GC	reddit_orb_breakout	reddit_orb_breakout|ny|range=15|entry=150|rr=1.5|sl_atr=1|tp_atr=1.5|threshold=2|adx_max=none|adx_min=none|rsi2=none|trend=all|max_bars=24,reddit_research,,
futures,SI,reddit_capitulation_reversion,reddit_capitulation_reversion|ny|range=15|entry=150|rr=2.5|sl_atr=1|tp_atr=1.5|threshold=1.75|adx_max=none|adx_min=none|rsi2=10.0|trend=both|max_bars=24,short,29599,29600,29621,2024-02-06 15:30:00+00:00,2024-02-06 15:45:00+00:00,2024-02-06 21:00:00+00:00,22.555,22.5,10.999999999999943,7.999999999999943,0.4838807234016684,33.832499999999754,13.533000000000328,3.0,session_close,21,12.0,5.0,479.9999999999966,991.9800000000196,2029.9499999999853,2024-02-06,SI	reddit_capitulation_reversion	reddit_capitulation_reversion|ny|range=15|entry=150|rr=2.5|sl_atr=1|tp_atr=1.5|threshold=1.75|adx_max=none|adx_min=none|rsi2=10.0|trend=both|max_bars=24,reddit_research,,
futures,HG,reddit_orb_breakout,reddit_orb_breakout|london|range=15|entry=150|rr=1.5|sl_atr=1|tp_atr=1.5|threshold=2|adx_max=none|adx_min=none|rsi2=none|trend=all|max_bars=24,short,29791,29792,29794,2024-02-07 08:15:00+00:00,2024-02-07 08:30:00+00:00,2024-02-07 09:00:00+00:00,3.7835,3.7715,24.00000000000002,21.00000000000002,1.1052631578947372,24.00000000000002,16.000000000000014,3.0,tp,2,50.0,1.25,1312.5000000000014,1187.500000000001,1500.0000000000014,2024-02-07,HG	reddit_orb_breakout	reddit_orb_breakout|london|range=15|entry=150|rr=1.5|sl_atr=1|tp_atr=1.5|threshold=2|adx_max=none|adx_min=none|rsi2=none|trend=all|max_bars=24,reddit_research,,
futures,HG,reddit_orb_breakout,reddit_orb_breakout|london|range=15|entry=150|rr=1.5|sl_atr=1|tp_atr=1.5|threshold=2|adx_max=none|adx_min=none|rsi2=none|trend=all|max_bars=24,short,29883,29884,29887,2024-02-08 08:15:00+00:00,2024-02-08 08:30:00+00:00,2024-02-08 09:15:00+00:00,3.748,3.7375000000000007,20.99999999999902,17.99999999999902,1.0588235294117478,20.99999999999902,13.999999999999346,3.0,tp,3,50.0,1.25,1124.9999999999386,1062.499999999959,1312.4999999999386,2024-02-08,HG	reddit_orb_breakout	reddit_orb_breakout|london|range=15|entry=150|rr=1.5|sl_atr=1|tp_atr=1.5|threshold=2|adx_max=none|adx_min=none|rsi2=none|trend=all|max_bars=24,reddit_research,,
futures,YM,reddit_capitulation_reversion,reddit_capitulation_reversion|ny|range=15|entry=150|rr=2.5|sl_atr=1|tp_atr=1.5|threshold=1.75|adx_max=none|adx_min=none|rsi2=10.0|trend=long_only|max_bars=24,long,29922,29923,29944,2024-02-08 15:30:00+00:00,2024-02-08 15:45:00+00:00,2024-02-08 21:00:00+00:00,38704.0,38820.0,116.0,113.0,0.9486869500973796,290.27999999999884,116.112000000001,3.0,session_close,21,20.0,0.5,1130.0,1191.12000000001,2902.7999999999884,2024-02-08,YM	reddit_capitulation_reversion	reddit_capitulation_reversion|ny|range=15|entry=150|rr=2.5|sl_atr=1|tp_atr=1.5|threshold=1.75|adx_max=none|adx_min=none|rsi2=10.0|trend=long_only|max_bars=24,reddit_research,,
futures,YM,reddit_capitulation_reversion,reddit_capitulation_reversion|ny|range=15|entry=150|rr=2.5|sl_atr=1|tp_atr=1.5|threshold=1.75|adx_max=none|adx_min=none|rsi2=10.0|trend=long_only|max_bars=24,long,30010,30011,30019,2024-02-09 14:30:00+00:00,2024-02-09 14:45:00+00:00,2024-02-09 16:45:00+00:00,38778.0,38661.666,-116.33400000000256,-119.33400000000256,-1.0,290.8349999999991,116.33400000000256,3.0,sl,8,20.0,0.5,-1193.3400000000256,1193.3400000000256,2908.3499999999917,2024-02-09,YM	reddit_capitulation_reversion	reddit_capitulation_reversion|ny|range=15|entry=150|rr=2.5|sl_atr=1|tp_atr=1.5|threshold=1.75|adx_max=none|adx_min=none|rsi2=10.0|trend=long_only|max_bars=24,reddit_research,,
futures,GC,reddit_orb_breakout,reddit_orb_breakout|ny|range=15|entry=150|rr=1.5|sl_atr=1|tp_atr=1.5|threshold=2|adx_max=none|adx_min=none|rsi2=none|trend=all|max_bars=24,short,29937,29938,29958,2024-02-09 15:45:00+00:00,2024-02-09 16:00:00+00:00,2024-02-09 21:00:00+00:00,2036.9,2039.6,-26.99999999999818,-29.99999999999818,-0.7142857142856942,58.49999999999909,38.99999999999864,3.0,session_close,20,25.0,1.0,-749.9999999999545,1049.999999999966,1462.4999999999773,2024-02-09,GC	reddit_orb_breakout	reddit_orb_breakout|ny|range=15|entry=150|rr=1.5|sl_atr=1|tp_atr=1.5|threshold=2|adx_max=none|adx_min=none|rsi2=none|trend=all|max_bars=24,reddit_research,,
futures,HG,reddit_orb_breakout,reddit_orb_breakout|london|range=15|entry=150|rr=1.5|sl_atr=1|tp_atr=1.5|threshold=2|adx_max=none|adx_min=none|rsi2=none|trend=all|max_bars=24,long,30251,30252,30253,2024-02-14 08:15:00+00:00,2024-02-14 08:30:00+00:00,2024-02-14 08:45:00+00:00,3.6985,3.70525,13.500000000000512,10.500000000000512,0.8750000000000178,13.500000000000512,9.000000000000341,3.0,tp,1,50.0,1.25,656.250000000032,750.0000000000214,843.750000000032,2024-02-14,HG	reddit_orb_breakout	reddit_orb_breakout|london|range=15|entry=150|rr=1.5|sl_atr=1|tp_atr=1.5|threshold=2|adx_max=none|adx_min=none|rsi2=none|trend=all|max_bars=24,reddit_research,,
futures,NQ,reddit_orb_retest,reddit_orb_retest|ny|range=15|entry=150|rr=2|sl_atr=1|tp_atr=1.5|threshold=2|adx_max=none|adx_min=none|rsi2=none|trend=all|max_bars=24,short,30478,30479,30494,2024-02-16 16:30:00+00:00,2024-02-16 16:45:00+00:00,2024-02-16 20:30:00+00:00,17871.5,17754.5,468.0,465.0,1.962025316455696,468.0,234.0,3.0,tp,15,8.0,0.5,1860.0,948.0,1872.0,2024-02-16,NQ	reddit_orb_retest	reddit_orb_retest|ny|range=15|entry=150|rr=2|sl_atr=1|tp_atr=1.5|threshold=2|adx_max=none|adx_min=none|rsi2=none|trend=all|max_bars=24,reddit_research,,
futures,YM,reddit_capitulation_reversion,reddit_capitulation_reversion|ny|range=15|entry=150|rr=2.5|sl_atr=1|tp_atr=1.5|threshold=1.75|adx_max=none|adx_min=none|rsi2=10.0|trend=long_only|max_bars=24,long,30491,30492,30496,2024-02-16 19:45:00+00:00,2024-02-16 20:00:00+00:00,2024-02-16 21:00:00+00:00,38745.0,38671.0,-74.0,-77.0,-0.6457835367132102,290.58750000000146,116.23500000000058,3.0,session_close,4,20.0,0.5,-770.0,1192.3500000000058,2905.8750000000146,2024-02-16,YM	reddit_capitulation_reversion	reddit_capitulation_reversion|ny|range=15|entry=150|rr=2.5|sl_atr=1|tp_atr=1.5|threshold=1.75|adx_max=none|adx_min=none|rsi2=10.0|trend=long_only|max_bars=24,reddit_research,,
futures,GC,reddit_orb_breakout,reddit_orb_breakout|ny|range=15|entry=150|rr=1.5|sl_atr=1|tp_atr=1.5|threshold=2|adx_max=none|adx_min=none|rsi2=none|trend=all|max_bars=24,long,30485,30486,30486,2024-02-19 14:45:00+00:00,2024-02-19 15:00:00+00:00,2024-02-19 15:00:00+00:00,2028.8,2027.7,-10.99999999999909,-13.99999999999909,-1.0,16.499999999998636,10.99999999999909,3.0,sl,1,25.0,1.0,-349.99999999997726,349.99999999997726,412.4999999999659,2024-02-19,GC	reddit_orb_breakout	reddit_orb_breakout|ny|range=15|entry=150|rr=1.5|sl_atr=1|tp_atr=1.5|threshold=2|adx_max=none|adx_min=none|rsi2=none|trend=all|max_bars=24,reddit_research,,
futures,NQ,reddit_orb_retest,reddit_orb_retest|ny|range=15|entry=150|rr=2|sl_atr=1|tp_atr=1.5|threshold=2|adx_max=none|adx_min=none|rsi2=none|trend=all|max_bars=24,short,30566,30567,30576,2024-02-19 15:30:00+00:00,2024-02-19 15:45:00+00:00,2024-02-19 23:00:00+00:00,17777.5,17764.0,54.0,51.0,0.4146341463414634,240.0,120.0,3.0,session_close,9,8.0,0.5,204.0,492.0,960.0,2024-02-19,NQ	reddit_orb_retest	reddit_orb_retest|ny|range=15|entry=150|rr=2|sl_atr=1|tp_atr=1.5|threshold=2|adx_max=none|adx_min=none|rsi2=none|trend=all|max_bars=24,reddit_research,,
futures,ES,reddit_orb_retest,reddit_orb_retest|ny|range=15|entry=150|rr=2|sl_atr=1|tp_atr=1.5|threshold=2|adx_max=none|adx_min=none|rsi2=none|trend=all|max_bars=24,short,30573,30574,30577,2024-02-19 17:00:00+00:00,2024-02-19 17:15:00+00:00,2024-02-19 23:00:00+00:00,5024.25,5019.75,18.0,15.0,0.75,34.0,17.0,3.0,session_close,3,30.0,1.25,562.5,750.0,1275.0,2024-02-19,ES	reddit_orb_retest	reddit_orb_retest|ny|range=15|entry=150|rr=2|sl_atr=1|tp_atr=1.5|threshold=2|adx_max=none|adx_min=none|rsi2=none|trend=all|max_bars=24,reddit_research,,
futures,SI,reddit_capitulation_reversion,reddit_capitulation_reversion|ny|range=15|entry=150|rr=2.5|sl_atr=1|tp_atr=1.5|threshold=1.75|adx_max=none|adx_min=none|rsi2=10.0|trend=both|max_bars=24,long,30509,30510,30531,2024-02-20 15:30:00+00:00,2024-02-20 15:45:00+00:00,2024-02-20 21:00:00+00:00,23.07,23.05,-3.9999999999999143,-6.999999999999915,-0.4156275976724716,34.60499999999982,13.842000000000354,3.0,session_close,21,12.0,5.0,-419.9999999999949,1010.5200000000212,2076.2999999999893,2024-02-20,SI	reddit_capitulation_reversion	reddit_capitulation_reversion|ny|range=15|entry=150|rr=2.5|sl_atr=1|tp_atr=1.5|threshold=1.75|adx_max=none|adx_min=none|rsi2=10.0|trend=both|max_bars=24,reddit_research,,
futures,GC,reddit_ema_pullback,reddit_ema_pullback|ny|range=15|entry=150|rr=1.5|sl_atr=1|tp_atr=1.5|threshold=2|adx_max=none|adx_min=none|rsi2=none|trend=both|max_bars=24,long,30660,30661,30662,2024-02-21 15:00:00+00:00,2024-02-21 15:15:00+00:00,2024-02-21 15:30:00+00:00,2040.7,2038.839010428122,-18.60989571878008,-21.60989571878008,-1.0,27.914843578171254,18.60989571878008,3.0,sl,1,35.0,1.0,-756.3463501573028,756.3463501573028,977.019525235994,2024-02-21,GC	reddit_ema_pullback	reddit_ema_pullback|ny|range=15|entry=150|rr=1.5|sl_atr=1|tp_atr=1.5|threshold=2|adx_max=none|adx_min=none|rsi2=none|trend=both|max_bars=24,reddit_research,,
futures,GC,reddit_orb_breakout,reddit_orb_breakout|ny|range=15|entry=150|rr=1.5|sl_atr=1|tp_atr=1.5|threshold=2|adx_max=none|adx_min=none|rsi2=none|trend=all|max_bars=24,long,30660,30661,30663,2024-02-21 15:00:00+00:00,2024-02-21 15:15:00+00:00,2024-02-21 15:45:00+00:00,2040.7,2038.0,-27.00000000000045,-30.00000000000045,-1.0,40.499999999999545,27.00000000000045,3.0,sl,2,25.0,1.0,-750.0000000000114,750.0000000000114,1012.4999999999886,2024-02-21,GC	reddit_orb_breakout	reddit_orb_breakout|ny|range=15|entry=150|rr=1.5|sl_atr=1|tp_atr=1.5|threshold=2|adx_max=none|adx_min=none|rsi2=none|trend=all|max_bars=24,reddit_research,,
futures,NQ,reddit_orb_retest,reddit_orb_retest|ny|range=15|entry=150|rr=2|sl_atr=1|tp_atr=1.5|threshold=2|adx_max=none|adx_min=none|rsi2=none|trend=all|max_bars=24,long,30824,30825,30841,2024-02-22 15:00:00+00:00,2024-02-22 15:15:00+00:00,2024-02-22 19:15:00+00:00,17936.0,18080.0,576.0,573.0,1.9690721649484535,576.0,288.0,3.0,tp,16,8.0,0.5,2292.0,1164.0,2304.0,2024-02-22,NQ	reddit_orb_retest	reddit_orb_retest|ny|range=15|entry=150|rr=2|sl_atr=1|tp_atr=1.5|threshold=2|adx_max=none|adx_min=none|rsi2=none|trend=all|max_bars=24,reddit_research,,
futures,RTY,reddit_orb_retest,reddit_orb_retest|ny|range=15|entry=150|rr=2|sl_atr=1|tp_atr=1.5|threshold=2|adx_max=none|adx_min=none|rsi2=none|trend=all|max_bars=24,long,30831,30832,30848,2024-02-22 16:45:00+00:00,2024-02-22 17:00:00+00:00,2024-02-22 21:00:00+00:00,2012.3,2014.8,25.0,22.0,0.2244897959183673,190.0,95.0,3.0,session_close,16,25.0,0.5,275.0,1225.0,2375.0,2024-02-22,RTY	reddit_orb_retest	reddit_orb_retest|ny|range=15|entry=150|rr=2|sl_atr=1|tp_atr=1.5|threshold=2|adx_max=none|adx_min=none|rsi2=none|trend=all|max_bars=24,reddit_research,,
futures,GC,reddit_orb_breakout,reddit_orb_breakout|ny|range=15|entry=150|rr=1.5|sl_atr=1|tp_atr=1.5|threshold=2|adx_max=none|adx_min=none|rsi2=none|trend=all|max_bars=24,long,30843,30844,30848,2024-02-23 14:45:00+00:00,2024-02-23 15:00:00+00:00,2024-02-23 16:00:00+00:00,2037.1,2042.2,50.99999999999909,47.99999999999909,1.2972972972973205,50.99999999999909,33.99999999999864,3.0,tp,4,25.0,1.0,1199.9999999999773,924.999999999966,1274.9999999999773,2024-02-23,GC	reddit_orb_breakout	reddit_orb_breakout|ny|range=15|entry=150|rr=1.5|sl_atr=1|tp_atr=1.5|threshold=2|adx_max=none|adx_min=none|rsi2=none|trend=all|max_bars=24,reddit_research,,
futures,GC,reddit_orb_breakout,reddit_orb_breakout|ny|range=15|entry=150|rr=1.5|sl_atr=1|tp_atr=1.5|threshold=2|adx_max=none|adx_min=none|rsi2=none|trend=all|max_bars=24,long,30938,30939,30957,2024-02-26 15:30:00+00:00,2024-02-26 15:45:00+00:00,2024-02-26 20:15:00+00:00,2037.7,2042.05,43.50000000000136,40.50000000000136,1.2656250000000069,43.50000000000136,29.00000000000091,3.0,tp,18,25.0,1.0,1012.500000000034,800.0000000000227,1087.500000000034,2024-02-26,GC	reddit_orb_breakout	reddit_orb_breakout|ny|range=15|entry=150|rr=1.5|sl_atr=1|tp_atr=1.5|threshold=2|adx_max=none|adx_min=none|rsi2=none|trend=all|max_bars=24,reddit_research,,
futures,GC,reddit_orb_breakout,reddit_orb_breakout|ny|range=15|entry=150|rr=1.5|sl_atr=1|tp_atr=1.5|threshold=2|adx_max=none|adx_min=none|rsi2=none|trend=all|max_bars=24,short,31030,31031,31049,2024-02-27 15:30:00+00:00,2024-02-27 15:45:00+00:00,2024-02-27 20:15:00+00:00,2042.8,2038.15,46.50000000000318,43.50000000000318,1.2794117647059249,46.50000000000318,31.000000000001364,3.0,tp,18,25.0,1.0,1087.5000000000796,850.0000000000341,1162.5000000000796,2024-02-27,GC	reddit_orb_breakout	reddit_orb_breakout|ny|range=15|entry=150|rr=1.5|sl_atr=1|tp_atr=1.5|threshold=2|adx_max=none|adx_min=none|rsi2=none|trend=all|max_bars=24,reddit_research,,
futures,GC,reddit_orb_breakout,reddit_orb_breakout|ny|range=15|entry=150|rr=1.5|sl_atr=1|tp_atr=1.5|threshold=2|adx_max=none|adx_min=none|rsi2=none|trend=all|max_bars=24,short,31119,31120,31122,2024-02-28 14:45:00+00:00,2024-02-28 15:00:00+00:00,2024-02-28 15:30:00+00:00,2040.9,2043.3,-23.99999999999864,-26.99999999999864,-1.0,35.99999999999909,23.99999999999864,3.0,sl,2,25.0,1.0,-674.9999999999659,674.9999999999659,899.9999999999773,2024-02-28,GC	reddit_orb_breakout	reddit_orb_breakout|ny|range=15|entry=150|rr=1.5|sl_atr=1|tp_atr=1.5|threshold=2|adx_max=none|adx_min=none|rsi2=none|trend=all|max_bars=24,reddit_research,,
futures,NQ,reddit_orb_retest,reddit_orb_retest|ny|range=15|entry=150|rr=2|sl_atr=1|tp_atr=1.5|threshold=2|adx_max=none|adx_min=none|rsi2=none|trend=all|max_bars=24,short,31285,31286,31290,2024-02-29 15:15:00+00:00,2024-02-29 15:30:00+00:00,2024-02-29 16:30:00+00:00,18017.5,17907.5,440.0,437.0,1.9596412556053813,440.0,220.0,3.0,tp,4,8.0,0.5,1748.0,892.0,1760.0,2024-02-29,NQ	reddit_orb_retest	reddit_orb_retest|ny|range=15|entry=150|rr=2|sl_atr=1|tp_atr=1.5|threshold=2|adx_max=none|adx_min=none|rsi2=none|trend=all|max_bars=24,reddit_research,,
futures,NQ,reddit_orb_retest,reddit_orb_retest|ny|range=15|entry=150|rr=2|sl_atr=1|tp_atr=1.5|threshold=2|adx_max=none|adx_min=none|rsi2=none|trend=all|max_bars=24,long,31378,31379,31390,2024-03-01 15:30:00+00:00,2024-03-01 15:45:00+00:00,2024-03-01 18:30:00+00:00,18169.75,18321.75,608.0,605.0,1.970684039087948,608.0,304.0,3.0,tp,11,8.0,0.5,2420.0,1228.0,2432.0,2024-03-01,NQ	reddit_orb_retest	reddit_orb_retest|ny|range=15|entry=150|rr=2|sl_atr=1|tp_atr=1.5|threshold=2|adx_max=none|adx_min=none|rsi2=none|trend=all|max_bars=24,reddit_research,,
futures,ES,reddit_orb_retest,reddit_orb_retest|ny|range=15|entry=150|rr=2|sl_atr=1|tp_atr=1.5|threshold=2|adx_max=none|adx_min=none|rsi2=none|trend=all|max_bars=24,long,31472,31473,31487,2024-03-04 15:45:00+00:00,2024-03-04 16:00:00+00:00,2024-03-04 19:30:00+00:00,5142.0,5155.5,54.0,51.0,1.7,54.0,27.0,3.0,tp,14,30.0,1.25,1912.5,1125.0,2025.0,2024-03-04,ES	reddit_orb_retest	reddit_orb_retest|ny|range=15|entry=150|rr=2|sl_atr=1|tp_atr=1.5|threshold=2|adx_max=none|adx_min=none|rsi2=none|trend=all|max_bars=24,reddit_research,,
futures,RTY,reddit_orb_retest,reddit_orb_retest|ny|range=15|entry=150|rr=2|sl_atr=1|tp_atr=1.5|threshold=2|adx_max=none|adx_min=none|rsi2=none|trend=all|max_bars=24,short,31473,31474,31492,2024-03-04 16:15:00+00:00,2024-03-04 16:30:00+00:00,2024-03-04 21:00:00+00:00,2087.3,2073.5,138.00000000000182,135.00000000000182,1.4210526315789938,183.9999999999964,91.99999999999818,3.0,session_close,18,25.0,0.5,1687.5000000000227,1187.4999999999773,2299.9999999999545,2024-03-04,RTY	reddit_orb_retest	reddit_orb_retest|ny|range=15|entry=150|rr=2|sl_atr=1|tp_atr=1.5|threshold=2|adx_max=none|adx_min=none|rsi2=none|trend=all|max_bars=24,reddit_research,,
futures,HG,reddit_capitulation_reversion,reddit_capitulation_reversion|ny|range=15|entry=150|rr=2.5|sl_atr=1|tp_atr=1.5|threshold=1.75|adx_max=none|adx_min=none|rsi2=10.0|trend=both|max_bars=24,long,31738,31739,31763,2024-03-07 14:30:00+00:00,2024-03-07 14:45:00+00:00,2024-03-07 20:45:00+00:00,3.916,3.9245,17.000000000000348,14.000000000000348,0.5283816425120956,58.74000000000024,23.49599999999974,3.0,timeout,24,35.0,1.25,612.5000000000151,1159.199999999989,2569.8750000000105,2024-03-07,HG	reddit_capitulation_reversion	reddit_capitulation_reversion|ny|range=15|entry=150|rr=2.5|sl_atr=1|tp_atr=1.5|threshold=1.75|adx_max=none|adx_min=none|rsi2=10.0|trend=both|max_bars=24,reddit_research,,
futures,HG,reddit_orb_breakout,reddit_orb_breakout|london|range=15|entry=150|rr=1.5|sl_atr=1|tp_atr=1.5|threshold=2|adx_max=none|adx_min=none|rsi2=none|trend=all|max_bars=24,long,31990,31991,31994,2024-03-12 07:30:00+00:00,2024-03-12 07:45:00+00:00,2024-03-12 08:30:00+00:00,3.933,3.9255,-14.99999999999968,-17.99999999999968,-1.0,22.49999999999908,14.99999999999968,3.0,sl,3,50.0,1.25,-1124.99999999998,1124.99999999998,1406.2499999999422,2024-03-12,HG	reddit_orb_breakout	reddit_orb_breakout|london|range=15|entry=150|rr=1.5|sl_atr=1|tp_atr=1.5|threshold=2|adx_max=none|adx_min=none|rsi2=none|trend=all|max_bars=24,reddit_research,,
futures,YM,reddit_capitulation_reversion,reddit_capitulation_reversion|ny|range=15|entry=150|rr=2.5|sl_atr=1|tp_atr=1.5|threshold=1.75|adx_max=none|adx_min=none|rsi2=10.0|trend=long_only|max_bars=24,long,32202,32203,32203,2024-03-14 13:30:00+00:00,2024-03-14 13:45:00+00:00,2024-03-14 13:45:00+00:00,39553.0,39434.341,-118.65899999999964,-121.65899999999964,-1.0,296.6474999999991,118.65899999999964,3.0,sl,1,20.0,0.5,-1216.5899999999965,1216.5899999999965,2966.4749999999917,2024-03-14,YM	reddit_capitulation_reversion	reddit_capitulation_reversion|ny|range=15|entry=150|rr=2.5|sl_atr=1|tp_atr=1.5|threshold=1.75|adx_max=none|adx_min=none|rsi2=10.0|trend=long_only|max_bars=24,reddit_research,,
futures,HG,reddit_capitulation_reversion,reddit_capitulation_reversion|ny|range=15|entry=150|rr=2.5|sl_atr=1|tp_atr=1.5|threshold=1.75|adx_max=none|adx_min=none|rsi2=10.0|trend=both|max_bars=24,long,32205,32206,32224,2024-03-14 15:15:00+00:00,2024-03-14 15:30:00+00:00,2024-03-14 20:00:00+00:00,4.027,4.0525,51.00000000000016,48.00000000000016,1.7671747294013451,60.404999999999376,24.16200000000046,3.0,session_close,18,35.0,1.25,2100.000000000007,1188.33750000002,2642.7187499999727,2024-03-14,HG	reddit_capitulation_reversion	reddit_capitulation_reversion|ny|range=15|entry=150|rr=2.5|sl_atr=1|tp_atr=1.5|threshold=1.75|adx_max=none|adx_min=none|rsi2=10.0|trend=both|max_bars=24,reddit_research,,
futures,GC,reddit_orb_breakout,reddit_orb_breakout|ny|range=15|entry=150|rr=1.5|sl_atr=1|tp_atr=1.5|threshold=2|adx_max=none|adx_min=none|rsi2=none|trend=all|max_bars=24,long,32223,32224,32227,2024-03-15 13:45:00+00:00,2024-03-15 14:00:00+00:00,2024-03-15 14:45:00+00:00,2164.3,2170.1500000000005,58.50000000000364,55.50000000000364,1.3214285714286294,58.50000000000364,39.00000000000091,3.0,tp,3,25.0,1.0,1387.500000000091,1050.0000000000227,1462.500000000091,2024-03-15,GC	reddit_orb_breakout	reddit_orb_breakout|ny|range=15|entry=150|rr=1.5|sl_atr=1|tp_atr=1.5|threshold=2|adx_max=none|adx_min=none|rsi2=none|trend=all|max_bars=24,reddit_research,,
futures,GC,reddit_orb_breakout,reddit_orb_breakout|ny|range=15|entry=150|rr=1.5|sl_atr=1|tp_atr=1.5|threshold=2|adx_max=none|adx_min=none|rsi2=none|trend=all|max_bars=24,long,32316,32317,32324,2024-03-18 14:00:00+00:00,2024-03-18 14:15:00+00:00,2024-03-18 16:00:00+00:00,2161.8,2159.1,-27.00000000000273,-30.00000000000273,-1.0,40.50000000000182,27.00000000000273,3.0,sl,7,25.0,1.0,-750.0000000000682,750.0000000000682,1012.5000000000456,2024-03-18,GC	reddit_orb_breakout	reddit_orb_breakout|ny|range=15|entry=150|rr=1.5|sl_atr=1|tp_atr=1.5|threshold=2|adx_max=none|adx_min=none|rsi2=none|trend=all|max_bars=24,reddit_research,,
futures,SI,reddit_capitulation_reversion,reddit_capitulation_reversion|ny|range=15|entry=150|rr=2.5|sl_atr=1|tp_atr=1.5|threshold=1.75|adx_max=none|adx_min=none|rsi2=10.0|trend=both|max_bars=24,long,32249,32250,32269,2024-03-18 15:00:00+00:00,2024-03-18 15:15:00+00:00,2024-03-18 20:00:00+00:00,25.26,25.24,-4.000000000000625,-7.000000000000625,-0.3855474774179605,37.89000000000016,15.156000000000349,3.0,session_close,19,12.0,5.0,-420.0000000000375,1089.3600000000208,2273.4000000000096,2024-03-18,SI	reddit_capitulation_reversion	reddit_capitulation_reversion|ny|range=15|entry=150|rr=2.5|sl_atr=1|tp_atr=1.5|threshold=1.75|adx_max=none|adx_min=none|rsi2=10.0|trend=both|max_bars=24,reddit_research,,
futures,HG,reddit_orb_breakout,reddit_orb_breakout|london|range=15|entry=150|rr=1.5|sl_atr=1|tp_atr=1.5|threshold=2|adx_max=none|adx_min=none|rsi2=none|trend=all|max_bars=24,long,32449,32450,32456,2024-03-19 07:15:00+00:00,2024-03-19 07:30:00+00:00,2024-03-19 09:00:00+00:00,4.11,4.1025,-15.000000000000568,-18.00000000000057,-1.0,22.500000000000853,15.000000000000568,3.0,sl,6,50.0,1.25,-1125.0000000000357,1125.0000000000357,1406.2500000000532,2024-03-19,HG	reddit_orb_breakout	reddit_orb_breakout|london|range=15|entry=150|rr=1.5|sl_atr=1|tp_atr=1.5|threshold=2|adx_max=none|adx_min=none|rsi2=none|trend=all|max_bars=24,reddit_research,,
futures,YM,reddit_ema_pullback,reddit_ema_pullback|ny|range=15|entry=150|rr=1.5|sl_atr=1|tp_atr=1.5|threshold=2|adx_max=none|adx_min=none|rsi2=none|trend=both|max_bars=24,long,32572,32573,32573,2024-03-20 14:00:00+00:00,2024-03-20 14:15:00+00:00,2024-03-20 14:15:00+00:00,39518.0,39557.773798007685,39.7737980076854,36.7737980076854,1.2458993692375988,39.7737980076854,26.515865338456933,3.0,tp,1,75.0,0.5,1379.0174252882025,1106.844950192135,1491.5174252882025,2024-03-20,YM	reddit_ema_pullback	reddit_ema_pullback|ny|range=15|entry=150|rr=1.5|sl_atr=1|tp_atr=1.5|threshold=2|adx_max=none|adx_min=none|rsi2=none|trend=both|max_bars=24,reddit_research,,
futures,GC,reddit_ema_pullback,reddit_ema_pullback|ny|range=15|entry=150|rr=1.5|sl_atr=1|tp_atr=1.5|threshold=2|adx_max=none|adx_min=none|rsi2=none|trend=both|max_bars=24,short,32503,32504,32516,2024-03-20 14:45:00+00:00,2024-03-20 15:00:00+00:00,2024-03-20 18:00:00+00:00,2160.1,2163.13636296384,-30.3636296384002,-33.3636296384002,-1.0,45.54544445759802,30.3636296384002,3.0,sl,12,35.0,1.0,-1167.727037344007,1167.727037344007,1594.0905560159308,2024-03-20,GC	reddit_ema_pullback	reddit_ema_pullback|ny|range=15|entry=150|rr=1.5|sl_atr=1|tp_atr=1.5|threshold=2|adx_max=none|adx_min=none|rsi2=none|trend=both|max_bars=24,reddit_research,,
futures,NQ,reddit_orb_retest,reddit_orb_retest|ny|range=15|entry=150|rr=2|sl_atr=1|tp_atr=1.5|threshold=2|adx_max=none|adx_min=none|rsi2=none|trend=all|max_bars=24,short,32664,32665,32688,2024-03-21 14:00:00+00:00,2024-03-21 14:15:00+00:00,2024-03-21 20:00:00+00:00,18646.25,18575.0,285.0,282.0,1.110236220472441,502.0,251.0,3.0,session_close,23,8.0,0.5,1128.0,1016.0,2008.0,2024-03-21,NQ	reddit_orb_retest	reddit_orb_retest|ny|range=15|entry=150|rr=2|sl_atr=1|tp_atr=1.5|threshold=2|adx_max=none|adx_min=none|rsi2=none|trend=all|max_bars=24,reddit_research,,
futures,SI,reddit_capitulation_reversion,reddit_capitulation_reversion|ny|range=15|entry=150|rr=2.5|sl_atr=1|tp_atr=1.5|threshold=1.75|adx_max=none|adx_min=none|rsi2=10.0|trend=both|max_bars=24,short,32611,32612,32622,2024-03-22 13:30:00+00:00,2024-03-22 13:45:00+00:00,2024-03-22 16:15:00+00:00,25.05,24.862125,37.57500000000036,34.57500000000036,1.917637271214647,37.57500000000036,15.030000000000143,3.0,tp,10,12.0,5.0,2074.5000000000214,1081.8000000000086,2254.5000000000214,2024-03-22,SI	reddit_capitulation_reversion	reddit_capitulation_reversion|ny|range=15|entry=150|rr=2.5|sl_atr=1|tp_atr=1.5|threshold=1.75|adx_max=none|adx_min=none|rsi2=10.0|trend=both|max_bars=24,reddit_research,,
futures,GC,reddit_ema_pullback,reddit_ema_pullback|ny|range=15|entry=150|rr=1.5|sl_atr=1|tp_atr=1.5|threshold=2|adx_max=none|adx_min=none|rsi2=none|trend=both|max_bars=24,short,32687,32688,32688,2024-03-22 14:45:00+00:00,2024-03-22 15:00:00+00:00,2024-03-22 15:00:00+00:00,2175.5,2170.667902012844,48.32097987156431,45.32097987156431,1.2870164463561304,48.32097987156431,32.213986581041354,3.0,tp,1,35.0,1.0,1586.234295504751,1232.4895303364474,1691.234295504751,2024-03-22,GC	reddit_ema_pullback	reddit_ema_pullback|ny|range=15|entry=150|rr=1.5|sl_atr=1|tp_atr=1.5|threshold=2|adx_max=none|adx_min=none|rsi2=none|trend=both|max_bars=24,reddit_research,,
futures,NQ,reddit_orb_retest,reddit_orb_retest|ny|range=15|entry=150|rr=2|sl_atr=1|tp_atr=1.5|threshold=2|adx_max=none|adx_min=none|rsi2=none|trend=all|max_bars=24,long,32763,32764,32780,2024-03-22 15:45:00+00:00,2024-03-22 16:00:00+00:00,2024-03-22 20:00:00+00:00,18559.0,18562.25,13.0,10.0,0.045662100456621,432.0,216.0,3.0,session_close,16,8.0,0.5,40.0,876.0,1728.0,2024-03-22,NQ	reddit_orb_retest	reddit_orb_retest|ny|range=15|entry=150|rr=2|sl_atr=1|tp_atr=1.5|threshold=2|adx_max=none|adx_min=none|rsi2=none|trend=all|max_bars=24,reddit_research,,
futures,HG,reddit_orb_breakout,reddit_orb_breakout|london|range=15|entry=150|rr=1.5|sl_atr=1|tp_atr=1.5|threshold=2|adx_max=none|adx_min=none|rsi2=none|trend=all|max_bars=24,long,32817,32818,32820,2024-03-25 07:15:00+00:00,2024-03-25 07:30:00+00:00,2024-03-25 08:00:00+00:00,4.022,4.031000000000001,18.000000000000682,15.000000000000682,1.000000000000015,18.000000000000682,12.000000000000457,3.0,tp,2,50.0,1.25,937.5000000000426,937.5000000000284,1125.0000000000427,2024-03-25,HG	reddit_orb_breakout	reddit_orb_breakout|london|range=15|entry=150|rr=1.5|sl_atr=1|tp_atr=1.5|threshold=2|adx_max=none|adx_min=none|rsi2=none|trend=all|max_bars=24,reddit_research,,
futures,YM,reddit_ema_pullback,reddit_ema_pullback|ny|range=15|entry=150|rr=1.5|sl_atr=1|tp_atr=1.5|threshold=2|adx_max=none|adx_min=none|rsi2=none|trend=both|max_bars=24,short,32846,32847,32847,2024-03-25 13:30:00+00:00,2024-03-25 13:45:00+00:00,2024-03-25 13:45:00+00:00,39783.0,39744.30447188218,38.69552811781614,35.69552811781614,1.2395563733053332,38.69552811781614,25.797018745208334,3.0,tp,1,75.0,0.5,1338.5823044181052,1079.8882029453123,1451.0823044181052,2024-03-25,YM	reddit_ema_pullback	reddit_ema_pullback|ny|range=15|entry=150|rr=1.5|sl_atr=1|tp_atr=1.5|threshold=2|adx_max=none|adx_min=none|rsi2=none|trend=both|max_bars=24,reddit_research,,
futures,HG,reddit_orb_breakout,reddit_orb_breakout|london|range=15|entry=150|rr=1.5|sl_atr=1|tp_atr=1.5|threshold=2|adx_max=none|adx_min=none|rsi2=none|trend=all|max_bars=24,short,32909,32910,32912,2024-03-26 07:15:00+00:00,2024-03-26 07:30:00+00:00,2024-03-26 08:00:00+00:00,3.9975,3.98625,22.499999999999964,19.499999999999964,1.0833333333333506,22.499999999999964,14.99999999999968,3.0,tp,2,50.0,1.25,1218.749999999998,1124.99999999998,1406.249999999998,2024-03-26,HG	reddit_orb_breakout	reddit_orb_breakout|london|range=15|entry=150|rr=1.5|sl_atr=1|tp_atr=1.5|threshold=2|adx_max=none|adx_min=none|rsi2=none|trend=all|max_bars=24,reddit_research,,
futures,NQ,reddit_orb_retest,reddit_orb_retest|ny|range=15|entry=150|rr=2|sl_atr=1|tp_atr=1.5|threshold=2|adx_max=none|adx_min=none|rsi2=none|trend=all|max_bars=24,long,33126,33127,33137,2024-03-28 14:30:00+00:00,2024-03-28 14:45:00+00:00,2024-03-28 17:15:00+00:00,18512.5,18457.25,-221.0,-224.0,-1.0,442.0,221.0,3.0,sl,10,8.0,0.5,-896.0,896.0,1768.0,2024-03-28,NQ	reddit_orb_retest	reddit_orb_retest|ny|range=15|entry=150|rr=2|sl_atr=1|tp_atr=1.5|threshold=2|adx_max=none|adx_min=none|rsi2=none|trend=all|max_bars=24,reddit_research,,
futures,ES,reddit_orb_retest,reddit_orb_retest|ny|range=15|entry=150|rr=2|sl_atr=1|tp_atr=1.5|threshold=2|adx_max=none|adx_min=none|rsi2=none|trend=all|max_bars=24,long,33128,33129,33139,2024-03-28 14:45:00+00:00,2024-03-28 15:00:00+00:00,2024-03-28 17:30:00+00:00,5312.5,5305.0,-30.0,-33.0,-1.0,60.0,30.0,3.0,sl,10,30.0,1.25,-1237.5,1237.5,2250.0,2024-03-28,ES	reddit_orb_retest	reddit_orb_retest|ny|range=15|entry=150|rr=2|sl_atr=1|tp_atr=1.5|threshold=2|adx_max=none|adx_min=none|rsi2=none|trend=all|max_bars=24,reddit_research,,
futures,HG,reddit_orb_breakout,reddit_orb_breakout|london|range=15|entry=150|rr=1.5|sl_atr=1|tp_atr=1.5|threshold=2|adx_max=none|adx_min=none|rsi2=none|trend=all|max_bars=24,long,33186,33187,33187,2024-04-01 07:30:00+00:00,2024-04-01 07:45:00+00:00,2024-04-01 07:45:00+00:00,4.0595,4.054,-10.999999999999233,-13.999999999999233,-1.0,16.49999999999885,10.999999999999233,3.0,sl,1,50.0,1.25,-874.999999999952,874.999999999952,1031.249999999928,2024-04-01,HG	reddit_orb_breakout	reddit_orb_breakout|london|range=15|entry=150|rr=1.5|sl_atr=1|tp_atr=1.5|threshold=2|adx_max=none|adx_min=none|rsi2=none|trend=all|max_bars=24,reddit_research,,
futures,NQ,reddit_orb_retest,reddit_orb_retest|ny|range=15|entry=150|rr=2|sl_atr=1|tp_atr=1.5|threshold=2|adx_max=none|adx_min=none|rsi2=none|trend=all|max_bars=24,short,33311,33312,33320,2024-04-02 14:45:00+00:00,2024-04-02 15:00:00+00:00,2024-04-02 17:00:00+00:00,18216.0,18292.0,-304.0,-307.0,-1.0,608.0,304.0,3.0,sl,8,8.0,0.5,-1228.0,1228.0,2432.0,2024-04-02,NQ	reddit_orb_retest	reddit_orb_retest|ny|range=15|entry=150|rr=2|sl_atr=1|tp_atr=1.5|threshold=2|adx_max=none|adx_min=none|rsi2=none|trend=all|max_bars=24,reddit_research,,
futures,NQ,reddit_orb_retest,reddit_orb_retest|ny|range=15|entry=150|rr=2|sl_atr=1|tp_atr=1.5|threshold=2|adx_max=none|adx_min=none|rsi2=none|trend=all|max_bars=24,short,33492,33493,33508,2024-04-04 14:00:00+00:00,2024-04-04 14:15:00+00:00,2024-04-04 18:00:00+00:00,18518.25,18418.75,398.0,395.0,1.9554455445544556,398.0,199.0,3.0,tp,15,8.0,0.5,1580.0,808.0,1592.0,2024-04-04,NQ	reddit_orb_retest	reddit_orb_retest|ny|range=15|entry=150|rr=2|sl_atr=1|tp_atr=1.5|threshold=2|adx_max=none|adx_min=none|rsi2=none|trend=all|max_bars=24,reddit_research,,
futures,HG,reddit_capitulation_reversion,reddit_capitulation_reversion|ny|range=15|entry=150|rr=2.5|sl_atr=1|tp_atr=1.5|threshold=1.75|adx_max=none|adx_min=none|rsi2=10.0|trend=both|max_bars=24,long,33506,33507,33509,2024-04-04 18:30:00+00:00,2024-04-04 18:45:00+00:00,2024-04-04 19:15:00+00:00,4.223,4.210331,-25.33799999999964,-28.33799999999964,-1.0,63.34499999999999,25.33799999999964,3.0,sl,2,35.0,1.25,-1239.787499999984,1239.787499999984,2771.343749999999,2024-04-04,HG	reddit_capitulation_reversion	reddit_capitulation_reversion|ny|range=15|entry=150|rr=2.5|sl_atr=1|tp_atr=1.5|threshold=1.75|adx_max=none|adx_min=none|rsi2=10.0|trend=both|max_bars=24,reddit_research,,
futures,HG,reddit_capitulation_reversion,reddit_capitulation_reversion|ny|range=15|entry=150|rr=2.5|sl_atr=1|tp_atr=1.5|threshold=1.75|adx_max=none|adx_min=none|rsi2=10.0|trend=both|max_bars=24,long,33672,33673,33683,2024-04-08 14:00:00+00:00,2024-04-08 14:15:00+00:00,2024-04-08 16:45:00+00:00,4.2445,4.27633375,63.66749999999932,60.66749999999932,2.131151860048394,63.66749999999932,25.467000000000795,3.0,tp,10,35.0,1.25,2654.2031249999704,1245.4312500000349,2785.4531249999704,2024-04-08,HG	reddit_capitulation_reversion	reddit_capitulation_reversion|ny|range=15|entry=150|rr=2.5|sl_atr=1|tp_atr=1.5|threshold=1.75|adx_max=none|adx_min=none|rsi2=10.0|trend=both|max_bars=24,reddit_research,,
futures,SI,reddit_capitulation_reversion,reddit_capitulation_reversion|ny|range=15|entry=150|rr=2.5|sl_atr=1|tp_atr=1.5|threshold=1.75|adx_max=none|adx_min=none|rsi2=10.0|trend=both|max_bars=24,long,33533,33534,33535,2024-04-08 14:00:00+00:00,2024-04-08 14:15:00+00:00,2024-04-08 14:30:00+00:00,27.43,27.635725,41.14500000000021,38.14500000000021,1.960376194881285,41.14500000000021,16.458000000000084,3.0,tp,1,12.0,5.0,2288.700000000013,1167.480000000005,2468.700000000013,2024-04-08,SI	reddit_capitulation_reversion	reddit_capitulation_reversion|ny|range=15|entry=150|rr=2.5|sl_atr=1|tp_atr=1.5|threshold=1.75|adx_max=none|adx_min=none|rsi2=10.0|trend=both|max_bars=24,reddit_research,,
futures,SI,reddit_capitulation_reversion,reddit_capitulation_reversion|ny|range=15|entry=150|rr=2.5|sl_atr=1|tp_atr=1.5|threshold=1.75|adx_max=none|adx_min=none|rsi2=10.0|trend=both|max_bars=24,long,33627,33628,33630,2024-04-09 14:30:00+00:00,2024-04-09 14:45:00+00:00,2024-04-09 15:15:00+00:00,27.955,27.871135,-16.772999999999882,-19.77299999999988,-1.0,41.93250000000006,16.772999999999882,3.0,sl,2,12.0,5.0,-1186.3799999999928,1186.3799999999928,2515.9500000000035,2024-04-09,SI	reddit_capitulation_reversion	reddit_capitulation_reversion|ny|range=15|entry=150|rr=2.5|sl_atr=1|tp_atr=1.5|threshold=1.75|adx_max=none|adx_min=none|rsi2=10.0|trend=both|max_bars=24,reddit_research,,
futures,YM,reddit_capitulation_reversion,reddit_capitulation_reversion|ny|range=15|entry=150|rr=2.5|sl_atr=1|tp_atr=1.5|threshold=1.75|adx_max=none|adx_min=none|rsi2=10.0|trend=long_only|max_bars=24,long,34594,34595,34611,2024-04-22 13:30:00+00:00,2024-04-22 13:45:00+00:00,2024-04-22 17:45:00+00:00,38270.0,38557.025,287.02500000000146,284.02500000000146,2.410873440285265,287.02500000000146,114.80999999999769,3.0,tp,16,20.0,0.5,2840.2500000000146,1178.0999999999767,2870.2500000000146,2024-04-22,YM	reddit_capitulation_reversion	reddit_capitulation_reversion|ny|range=15|entry=150|rr=2.5|sl_atr=1|tp_atr=1.5|threshold=1.75|adx_max=none|adx_min=none|rsi2=10.0|trend=long_only|max_bars=24,reddit_research,,
futures,NQ,reddit_orb_retest,reddit_orb_retest|ny|range=15|entry=150|rr=2|sl_atr=1|tp_atr=1.5|threshold=2|adx_max=none|adx_min=none|rsi2=none|trend=all|max_bars=24,short,34605,34606,34608,2024-04-22 16:15:00+00:00,2024-04-22 16:30:00+00:00,2024-04-22 17:00:00+00:00,17259.25,17307.5,-193.0,-196.0,-1.0,386.0,193.0,3.0,sl,2,8.0,0.5,-784.0,784.0,1544.0,2024-04-22,NQ	reddit_orb_retest	reddit_orb_retest|ny|range=15|entry=150|rr=2|sl_atr=1|tp_atr=1.5|threshold=2|adx_max=none|adx_min=none|rsi2=none|trend=all|max_bars=24,reddit_research,,
futures,SI,reddit_capitulation_reversion,reddit_capitulation_reversion|ny|range=15|entry=150|rr=2.5|sl_atr=1|tp_atr=1.5|threshold=1.75|adx_max=none|adx_min=none|rsi2=10.0|trend=both|max_bars=24,short,34544,34545,34548,2024-04-23 13:45:00+00:00,2024-04-23 14:00:00+00:00,2024-04-23 14:45:00+00:00,27.34,27.13495,41.00999999999999,38.00999999999999,1.9588744588744589,41.00999999999999,16.403999999999996,3.0,tp,3,12.0,5.0,2280.5999999999995,1164.2399999999998,2460.5999999999995,2024-04-23,SI	reddit_capitulation_reversion	reddit_capitulation_reversion|ny|range=15|entry=150|rr=2.5|sl_atr=1|tp_atr=1.5|threshold=1.75|adx_max=none|adx_min=none|rsi2=10.0|trend=both|max_bars=24,reddit_research,,
futures,SI,reddit_capitulation_reversion,reddit_capitulation_reversion|ny|range=15|entry=150|rr=2.5|sl_atr=1|tp_atr=1.5|threshold=1.75|adx_max=none|adx_min=none|rsi2=10.0|trend=both|max_bars=24,short,35044,35045,35046,2024-05-01 14:00:00+00:00,2024-05-01 14:15:00+00:00,2024-05-01 14:30:00+00:00,26.87,26.668475,40.30500000000004,37.30500000000004,1.950894257922812,40.30500000000004,16.122000000000014,3.0,tp,1,12.0,5.0,2238.300000000002,1147.3200000000008,2418.300000000002,2024-05-01,SI	reddit_capitulation_reversion	reddit_capitulation_reversion|ny|range=15|entry=150|rr=2.5|sl_atr=1|tp_atr=1.5|threshold=1.75|adx_max=none|adx_min=none|rsi2=10.0|trend=both|max_bars=24,reddit_research,,
futures,NQ,reddit_orb_retest,reddit_orb_retest|ny|range=15|entry=150|rr=2|sl_atr=1|tp_atr=1.5|threshold=2|adx_max=none|adx_min=none|rsi2=none|trend=all|max_bars=24,short,35241,35242,35256,2024-05-01 14:15:00+00:00,2024-05-01 14:30:00+00:00,2024-05-01 18:00:00+00:00,17468.25,17517.5,-197.0,-200.0,-1.0,394.0,197.0,3.0,sl,14,8.0,0.5,-800.0,800.0,1576.0,2024-05-01,NQ	reddit_orb_retest	reddit_orb_retest|ny|range=15|entry=150|rr=2|sl_atr=1|tp_atr=1.5|threshold=2|adx_max=none|adx_min=none|rsi2=none|trend=all|max_bars=24,reddit_research,,
futures,NQ,reddit_orb_retest,reddit_orb_retest|ny|range=15|entry=150|rr=2|sl_atr=1|tp_atr=1.5|threshold=2|adx_max=none|adx_min=none|rsi2=none|trend=all|max_bars=24,long,35426,35427,35428,2024-05-03 14:30:00+00:00,2024-05-03 14:45:00+00:00,2024-05-03 15:00:00+00:00,17982.75,17910.5,-289.0,-292.0,-1.0,578.0,289.0,3.0,sl,1,8.0,0.5,-1168.0,1168.0,2312.0,2024-05-03,NQ	reddit_orb_retest	reddit_orb_retest|ny|range=15|entry=150|rr=2|sl_atr=1|tp_atr=1.5|threshold=2|adx_max=none|adx_min=none|rsi2=none|trend=all|max_bars=24,reddit_research,,
futures,HG,reddit_orb_breakout,reddit_orb_breakout|london|range=15|entry=150|rr=1.5|sl_atr=1|tp_atr=1.5|threshold=2|adx_max=none|adx_min=none|rsi2=none|trend=all|max_bars=24,long,35486,35487,35493,2024-05-06 07:30:00+00:00,2024-05-06 07:45:00+00:00,2024-05-06 09:15:00+00:00,4.61,4.622,23.999999999999133,20.999999999999133,1.1052631578946903,23.999999999999133,16.000000000000014,3.0,tp,6,50.0,1.25,1312.499999999946,1187.500000000001,1499.999999999946,2024-05-06,HG	reddit_orb_breakout	reddit_orb_breakout|london|range=15|entry=150|rr=1.5|sl_atr=1|tp_atr=1.5|threshold=2|adx_max=none|adx_min=none|rsi2=none|trend=all|max_bars=24,reddit_research,,
futures,YM,reddit_capitulation_reversion,reddit_capitulation_reversion|ny|range=15|entry=150|rr=2.5|sl_atr=1|tp_atr=1.5|threshold=1.75|adx_max=none|adx_min=none|rsi2=10.0|trend=long_only|max_bars=24,long,35520,35521,35540,2024-05-06 15:00:00+00:00,2024-05-06 15:15:00+00:00,2024-05-06 20:00:00+00:00,38890.0,38989.0,99.0,96.0,0.802206066683391,291.6750000000029,116.66999999999824,3.0,session_close,19,20.0,0.5,960.0,1196.6999999999823,2916.750000000029,2024-05-06,YM	reddit_capitulation_reversion	reddit_capitulation_reversion|ny|range=15|entry=150|rr=2.5|sl_atr=1|tp_atr=1.5|threshold=1.75|adx_max=none|adx_min=none|rsi2=10.0|trend=long_only|max_bars=24,reddit_research,,
futures,NQ,reddit_orb_retest,reddit_orb_retest|ny|range=15|entry=150|rr=2|sl_atr=1|tp_atr=1.5|threshold=2|adx_max=none|adx_min=none|rsi2=none|trend=all|max_bars=24,short,35609,35610,35611,2024-05-07 14:15:00+00:00,2024-05-07 14:30:00+00:00,2024-05-07 14:45:00+00:00,18188.25,18236.0,-191.0,-194.0,-1.0,382.0,191.0,3.0,sl,1,8.0,0.5,-776.0,776.0,1528.0,2024-05-07,NQ	reddit_orb_retest	reddit_orb_retest|ny|range=15|entry=150|rr=2|sl_atr=1|tp_atr=1.5|threshold=2|adx_max=none|adx_min=none|rsi2=none|trend=all|max_bars=24,reddit_research,,
futures,RTY,reddit_orb_retest,reddit_orb_retest|ny|range=15|entry=150|rr=2|sl_atr=1|tp_atr=1.5|threshold=2|adx_max=none|adx_min=none|rsi2=none|trend=all|max_bars=24,long,35609,35610,35632,2024-05-07 14:15:00+00:00,2024-05-07 14:30:00+00:00,2024-05-07 20:00:00+00:00,2080.5,2074.5,-60.0,-63.0,-0.7078651685393331,171.99999999999818,85.99999999999909,3.0,session_close,22,25.0,0.5,-787.5,1112.4999999999886,2149.9999999999773,2024-05-07,RTY	reddit_orb_retest	reddit_orb_retest|ny|range=15|entry=150|rr=2|sl_atr=1|tp_atr=1.5|threshold=2|adx_max=none|adx_min=none|rsi2=none|trend=all|max_bars=24,reddit_research,,
futures,RTY,reddit_orb_retest,reddit_orb_retest|ny|range=15|entry=150|rr=2|sl_atr=1|tp_atr=1.5|threshold=2|adx_max=none|adx_min=none|rsi2=none|trend=all|max_bars=24,long,35700,35701,35724,2024-05-08 14:00:00+00:00,2024-05-08 14:15:00+00:00,2024-05-08 20:00:00+00:00,2059.4,2062.7,32.99999999999727,29.99999999999727,0.3797468354430078,151.99999999999818,75.99999999999909,3.0,session_close,23,25.0,0.5,374.9999999999659,987.4999999999886,1899.9999999999773,2024-05-08,RTY	reddit_orb_retest	reddit_orb_retest|ny|range=15|entry=150|rr=2|sl_atr=1|tp_atr=1.5|threshold=2|adx_max=none|adx_min=none|rsi2=none|trend=all|max_bars=24,reddit_research,,
futures,SI,reddit_capitulation_reversion,reddit_capitulation_reversion|ny|range=15|entry=150|rr=2.5|sl_atr=1|tp_atr=1.5|threshold=1.75|adx_max=none|adx_min=none|rsi2=10.0|trend=both|max_bars=24,long,35689,35690,35712,2024-05-10 14:15:00+00:00,2024-05-10 14:30:00+00:00,2024-05-10 20:00:00+00:00,28.345,28.435,17.99999999999997,14.999999999999972,0.7497375918428438,42.5175000000003,17.00700000000026,3.0,session_close,22,12.0,5.0,899.9999999999983,1200.4200000000155,2551.050000000018,2024-05-10,SI	reddit_capitulation_reversion	reddit_capitulation_reversion|ny|range=15|entry=150|rr=2.5|sl_atr=1|tp_atr=1.5|threshold=1.75|adx_max=none|adx_min=none|rsi2=10.0|trend=both|max_bars=24,reddit_research,,
futures,YM,reddit_capitulation_reversion,reddit_capitulation_reversion|ny|range=15|entry=150|rr=2.5|sl_atr=1|tp_atr=1.5|threshold=1.75|adx_max=none|adx_min=none|rsi2=10.0|trend=long_only|max_bars=24,long,35981,35982,35988,2024-05-13 15:15:00+00:00,2024-05-13 15:30:00+00:00,2024-05-13 17:00:00+00:00,39643.0,39524.071,-118.92899999999644,-121.92899999999644,-1.0,297.32250000000204,118.92899999999644,3.0,sl,6,20.0,0.5,-1219.2899999999645,1219.2899999999645,2973.2250000000204,2024-05-13,YM	reddit_capitulation_reversion	reddit_capitulation_reversion|ny|range=15|entry=150|rr=2.5|sl_atr=1|tp_atr=1.5|threshold=1.75|adx_max=none|adx_min=none|rsi2=10.0|trend=long_only|max_bars=24,reddit_research,,
futures,NQ,reddit_orb_retest,reddit_orb_retest|ny|range=15|entry=150|rr=2|sl_atr=1|tp_atr=1.5|threshold=2|adx_max=none|adx_min=none|rsi2=none|trend=all|max_bars=24,long,36071,36072,36092,2024-05-14 14:45:00+00:00,2024-05-14 15:00:00+00:00,2024-05-14 20:00:00+00:00,18339.0,18412.5,294.0,291.0,0.9797979797979798,588.0,294.0,3.0,session_close,20,8.0,0.5,1164.0,1188.0,2352.0,2024-05-14,NQ	reddit_orb_retest	reddit_orb_retest|ny|range=15|entry=150|rr=2|sl_atr=1|tp_atr=1.5|threshold=2|adx_max=none|adx_min=none|rsi2=none|trend=all|max_bars=24,reddit_research,,
futures,YM,reddit_ema_pullback,reddit_ema_pullback|ny|range=15|entry=150|rr=1.5|sl_atr=1|tp_atr=1.5|threshold=2|adx_max=none|adx_min=none|rsi2=none|trend=both|max_bars=24,long,36251,36252,36252,2024-05-16 13:45:00+00:00,2024-05-16 14:00:00+00:00,2024-05-16 14:00:00+00:00,40047.0,40088.31940760504,41.31940760503494,38.31940760503494,1.2544708544253684,41.31940760503494,27.54627173668996,3.0,tp,1,75.0,0.5,1436.9777851888102,1145.4851901258735,1549.4777851888102,2024-05-16,YM	reddit_ema_pullback	reddit_ema_pullback|ny|range=15|entry=150|rr=1.5|sl_atr=1|tp_atr=1.5|threshold=2|adx_max=none|adx_min=none|rsi2=none|trend=both|max_bars=24,reddit_research,,
futures,NQ,reddit_orb_retest,reddit_orb_retest|ny|range=15|entry=150|rr=2|sl_atr=1|tp_atr=1.5|threshold=2|adx_max=none|adx_min=none|rsi2=none|trend=all|max_bars=24,long,36253,36254,36265,2024-05-16 14:15:00+00:00,2024-05-16 14:30:00+00:00,2024-05-16 17:15:00+00:00,18716.5,18672.0,-178.0,-181.0,-1.0,356.0,178.0,3.0,sl,11,8.0,0.5,-724.0,724.0,1424.0,2024-05-16,NQ	reddit_orb_retest	reddit_orb_retest|ny|range=15|entry=150|rr=2|sl_atr=1|tp_atr=1.5|threshold=2|adx_max=none|adx_min=none|rsi2=none|trend=all|max_bars=24,reddit_research,,
futures,NQ,reddit_orb_retest,reddit_orb_retest|ny|range=15|entry=150|rr=2|sl_atr=1|tp_atr=1.5|threshold=2|adx_max=none|adx_min=none|rsi2=none|trend=all|max_bars=24,short,36344,36345,36346,2024-05-17 14:00:00+00:00,2024-05-17 14:15:00+00:00,2024-05-17 14:30:00+00:00,18637.0,18667.5,-122.0,-125.0,-1.0,244.0,122.0,3.0,sl,1,8.0,0.5,-500.0,500.0,976.0,2024-05-17,NQ	reddit_orb_retest	reddit_orb_retest|ny|range=15|entry=150|rr=2|sl_atr=1|tp_atr=1.5|threshold=2|adx_max=none|adx_min=none|rsi2=none|trend=all|max_bars=24,reddit_research,,
futures,NQ,reddit_orb_retest,reddit_orb_retest|ny|range=15|entry=150|rr=2|sl_atr=1|tp_atr=1.5|threshold=2|adx_max=none|adx_min=none|rsi2=none|trend=all|max_bars=24,long,36529,36530,36552,2024-05-21 14:15:00+00:00,2024-05-21 14:30:00+00:00,2024-05-21 20:00:00+00:00,18730.75,18799.25,274.0,271.0,1.266355140186916,422.0,211.0,3.0,session_close,22,8.0,0.5,1084.0,856.0,1688.0,2024-05-21,NQ	reddit_orb_retest	reddit_orb_retest|ny|range=15|entry=150|rr=2|sl_atr=1|tp_atr=1.5|threshold=2|adx_max=none|adx_min=none|rsi2=none|trend=all|max_bars=24,reddit_research,,
futures,RTY,reddit_orb_retest,reddit_orb_retest|ny|range=15|entry=150|rr=2|sl_atr=1|tp_atr=1.5|threshold=2|adx_max=none|adx_min=none|rsi2=none|trend=all|max_bars=24,long,36532,36533,36552,2024-05-21 15:00:00+00:00,2024-05-21 15:15:00+00:00,2024-05-21 20:00:00+00:00,2108.3,2107.1,-12.000000000002728,-15.000000000002728,-0.1595744680851292,182.00000000000728,91.00000000000364,3.0,session_close,19,25.0,0.5,-187.5000000000341,1175.0000000000457,2275.000000000091,2024-05-21,RTY	reddit_orb_retest	reddit_orb_retest|ny|range=15|entry=150|rr=2|sl_atr=1|tp_atr=1.5|threshold=2|adx_max=none|adx_min=none|rsi2=none|trend=all|max_bars=24,reddit_research,,
futures,ES,reddit_orb_retest,reddit_orb_retest|ny|range=15|entry=150|rr=2|sl_atr=1|tp_atr=1.5|threshold=2|adx_max=none|adx_min=none|rsi2=none|trend=all|max_bars=24,long,36621,36622,36628,2024-05-22 14:00:00+00:00,2024-05-22 14:15:00+00:00,2024-05-22 15:45:00+00:00,5342.75,5337.25,-22.0,-25.0,-1.0,44.0,22.0,3.0,sl,6,30.0,1.25,-937.5,937.5,1650.0,2024-05-22,ES	reddit_orb_retest	reddit_orb_retest|ny|range=15|entry=150|rr=2|sl_atr=1|tp_atr=1.5|threshold=2|adx_max=none|adx_min=none|rsi2=none|trend=all|max_bars=24,reddit_research,,
futures,YM,reddit_ema_pullback,reddit_ema_pullback|ny|range=15|entry=150|rr=1.5|sl_atr=1|tp_atr=1.5|threshold=2|adx_max=none|adx_min=none|rsi2=none|trend=both|max_bars=24,short,36625,36626,36627,2024-05-22 15:15:00+00:00,2024-05-22 15:30:00+00:00,2024-05-22 15:45:00+00:00,39946.0,39904.3528027276,41.64719727239572,38.64719727239572,1.2562148805355615,41.64719727239572,27.764798181597143,3.0,tp,1,75.0,0.5,1449.269897714839,1153.6799318098929,1561.769897714839,2024-05-22,YM	reddit_ema_pullback	reddit_ema_pullback|ny|range=15|entry=150|rr=1.5|sl_atr=1|tp_atr=1.5|threshold=2|adx_max=none|adx_min=none|rsi2=none|trend=both|max_bars=24,reddit_research,,
futures,NQ,reddit_orb_retest,reddit_orb_retest|ny|range=15|entry=150|rr=2|sl_atr=1|tp_atr=1.5|threshold=2|adx_max=none|adx_min=none|rsi2=none|trend=all|max_bars=24,long,36628,36629,36634,2024-05-22 16:00:00+00:00,2024-05-22 16:15:00+00:00,2024-05-22 17:30:00+00:00,18829.5,18788.75,-163.0,-166.0,-1.0,326.0,163.0,3.0,sl,5,8.0,0.5,-664.0,664.0,1304.0,2024-05-22,NQ	reddit_orb_retest	reddit_orb_retest|ny|range=15|entry=150|rr=2|sl_atr=1|tp_atr=1.5|threshold=2|adx_max=none|adx_min=none|rsi2=none|trend=all|max_bars=24,reddit_research,,
futures,YM,reddit_ema_pullback,reddit_ema_pullback|ny|range=15|entry=150|rr=1.5|sl_atr=1|tp_atr=1.5|threshold=2|adx_max=none|adx_min=none|rsi2=none|trend=both|max_bars=24,short,36895,36896,36899,2024-05-27 13:45:00+00:00,2024-05-27 14:00:00+00:00,2024-05-27 14:45:00+00:00,39108.0,39128.74723129224,-20.74723129224003,-23.74723129224003,-1.0,31.120846938356408,20.74723129224003,3.0,sl,3,75.0,0.5,-890.5211734590011,890.5211734590011,1167.0317601883653,2024-05-27,YM	reddit_ema_pullback	reddit_ema_pullback|ny|range=15|entry=150|rr=1.5|sl_atr=1|tp_atr=1.5|threshold=2|adx_max=none|adx_min=none|rsi2=none|trend=both|max_bars=24,reddit_research,,
futures,RTY,reddit_orb_retest,reddit_orb_retest|ny|range=15|entry=150|rr=2|sl_atr=1|tp_atr=1.5|threshold=2|adx_max=none|adx_min=none|rsi2=none|trend=all|max_bars=24,short,36896,36897,36899,2024-05-27 14:00:00+00:00,2024-05-27 14:15:00+00:00,2024-05-27 14:45:00+00:00,2078.7,2082.5,-38.00000000000182,-41.00000000000182,-1.0,76.00000000000364,38.00000000000182,3.0,sl,2,25.0,0.5,-512.5000000000227,512.5000000000227,950.0000000000456,2024-05-27,RTY	reddit_orb_retest	reddit_orb_retest|ny|range=15|entry=150|rr=2|sl_atr=1|tp_atr=1.5|threshold=2|adx_max=none|adx_min=none|rsi2=none|trend=all|max_bars=24,reddit_research,,
futures,ES,reddit_orb_retest,reddit_orb_retest|ny|range=15|entry=150|rr=2|sl_atr=1|tp_atr=1.5|threshold=2|adx_max=none|adx_min=none|rsi2=none|trend=all|max_bars=24,short,36977,36978,36990,2024-05-28 15:00:00+00:00,2024-05-28 15:15:00+00:00,2024-05-28 18:15:00+00:00,5324.0,5309.5,58.0,55.0,1.71875,58.0,29.0,3.0,tp,12,30.0,1.25,2062.5,1200.0,2175.0,2024-05-28,ES	reddit_orb_retest	reddit_orb_retest|ny|range=15|entry=150|rr=2|sl_atr=1|tp_atr=1.5|threshold=2|adx_max=none|adx_min=none|rsi2=none|trend=all|max_bars=24,reddit_research,,
futures,NQ,reddit_orb_retest,reddit_orb_retest|ny|range=15|entry=150|rr=2|sl_atr=1|tp_atr=1.5|threshold=2|adx_max=none|adx_min=none|rsi2=none|trend=all|max_bars=24,long,37064,37065,37088,2024-05-29 14:00:00+00:00,2024-05-29 14:15:00+00:00,2024-05-29 20:00:00+00:00,18837.5,18797.0,-162.0,-165.0,-0.5339805825242718,612.0,306.0,3.0,session_close,23,8.0,0.5,-660.0,1236.0,2448.0,2024-05-29,NQ	reddit_orb_retest	reddit_orb_retest|ny|range=15|entry=150|rr=2|sl_atr=1|tp_atr=1.5|threshold=2|adx_max=none|adx_min=none|rsi2=none|trend=all|max_bars=24,reddit_research,,
futures,RTY,reddit_orb_retest,reddit_orb_retest|ny|range=15|entry=150|rr=2|sl_atr=1|tp_atr=1.5|threshold=2|adx_max=none|adx_min=none|rsi2=none|trend=all|max_bars=24,long,37158,37159,37180,2024-05-30 14:30:00+00:00,2024-05-30 14:45:00+00:00,2024-05-30 20:00:00+00:00,2060.1,2058.9,-11.99999999999818,-14.99999999999818,-0.1923076923076689,150.0,75.0,3.0,session_close,21,25.0,0.5,-187.4999999999773,975.0,1875.0,2024-05-30,RTY	reddit_orb_retest	reddit_orb_retest|ny|range=15|entry=150|rr=2|sl_atr=1|tp_atr=1.5|threshold=2|adx_max=none|adx_min=none|rsi2=none|trend=all|max_bars=24,reddit_research,,
futures,NQ,reddit_orb_retest,reddit_orb_retest|ny|range=15|entry=150|rr=2|sl_atr=1|tp_atr=1.5|threshold=2|adx_max=none|adx_min=none|rsi2=none|trend=all|max_bars=24,short,37340,37341,37343,2024-06-03 14:00:00+00:00,2024-06-03 14:15:00+00:00,2024-06-03 14:45:00+00:00,18694.75,18584.75,440.0,437.0,1.9596412556053813,440.0,220.0,3.0,tp,2,8.0,0.5,1748.0,892.0,1760.0,2024-06-03,NQ	reddit_orb_retest	reddit_orb_retest|ny|range=15|entry=150|rr=2|sl_atr=1|tp_atr=1.5|threshold=2|adx_max=none|adx_min=none|rsi2=none|trend=all|max_bars=24,reddit_research,,
futures,YM,reddit_capitulation_reversion,reddit_capitulation_reversion|ny|range=15|entry=150|rr=2.5|sl_atr=1|tp_atr=1.5|threshold=1.75|adx_max=none|adx_min=none|rsi2=10.0|trend=long_only|max_bars=24,long,37343,37344,37348,2024-06-03 14:45:00+00:00,2024-06-03 15:00:00+00:00,2024-06-03 16:00:00+00:00,38592.0,38476.224,-115.77599999999802,-118.77599999999802,-1.0,289.4400000000023,115.77599999999802,3.0,sl,4,20.0,0.5,-1187.7599999999802,1187.7599999999802,2894.4000000000237,2024-06-03,YM	reddit_capitulation_reversion	reddit_capitulation_reversion|ny|range=15|entry=150|rr=2.5|sl_atr=1|tp_atr=1.5|threshold=1.75|adx_max=none|adx_min=none|rsi2=10.0|trend=long_only|max_bars=24,reddit_research,,
futures,NQ,reddit_orb_retest,reddit_orb_retest|ny|range=15|entry=150|rr=2|sl_atr=1|tp_atr=1.5|threshold=2|adx_max=none|adx_min=none|rsi2=none|trend=all|max_bars=24,short,37440,37441,37443,2024-06-04 16:00:00+00:00,2024-06-04 16:15:00+00:00,2024-06-04 16:45:00+00:00,18581.25,18650.75,-278.0,-281.0,-1.0,556.0,278.0,3.0,sl,2,8.0,0.5,-1124.0,1124.0,2224.0,2024-06-04,NQ	reddit_orb_retest	reddit_orb_retest|ny|range=15|entry=150|rr=2|sl_atr=1|tp_atr=1.5|threshold=2|adx_max=none|adx_min=none|rsi2=none|trend=all|max_bars=24,reddit_research,,
futures,YM,reddit_capitulation_reversion,reddit_capitulation_reversion|ny|range=15|entry=150|rr=2.5|sl_atr=1|tp_atr=1.5|threshold=1.75|adx_max=none|adx_min=none|rsi2=10.0|trend=long_only|max_bars=24,long,37523,37524,37548,2024-06-05 13:45:00+00:00,2024-06-05 14:00:00+00:00,2024-06-05 20:00:00+00:00,38739.0,38873.0,134.0,131.0,1.098836575320662,290.5425000000032,116.21699999999691,3.0,session_close,24,20.0,0.5,1310.0,1192.1699999999691,2905.425000000032,2024-06-05,YM	reddit_capitulation_reversion	reddit_capitulation_reversion|ny|range=15|entry=150|rr=2.5|sl_atr=1|tp_atr=1.5|threshold=1.75|adx_max=none|adx_min=none|rsi2=10.0|trend=long_only|max_bars=24,reddit_research,,
futures,NQ,reddit_orb_retest,reddit_orb_retest|ny|range=15|entry=150|rr=2|sl_atr=1|tp_atr=1.5|threshold=2|adx_max=none|adx_min=none|rsi2=none|trend=all|max_bars=24,short,37617,37618,37640,2024-06-06 14:15:00+00:00,2024-06-06 14:30:00+00:00,2024-06-06 20:00:00+00:00,19080.5,19065.75,59.0,56.0,0.3888888888888889,282.0,141.0,3.0,session_close,22,8.0,0.5,224.0,576.0,1128.0,2024-06-06,NQ	reddit_orb_retest	reddit_orb_retest|ny|range=15|entry=150|rr=2|sl_atr=1|tp_atr=1.5|threshold=2|adx_max=none|adx_min=none|rsi2=none|trend=all|max_bars=24,reddit_research,,
futures,YM,reddit_capitulation_reversion,reddit_capitulation_reversion|ny|range=15|entry=150|rr=2.5|sl_atr=1|tp_atr=1.5|threshold=1.75|adx_max=none|adx_min=none|rsi2=10.0|trend=long_only|max_bars=24,long,37632,37633,37640,2024-06-06 18:00:00+00:00,2024-06-06 18:15:00+00:00,2024-06-06 20:00:00+00:00,38836.0,38952.0,116.0,113.0,0.94554339458445,291.2699999999968,116.50800000000164,3.0,session_close,7,20.0,0.5,1130.0,1195.0800000000163,2912.699999999968,2024-06-06,YM	reddit_capitulation_reversion	reddit_capitulation_reversion|ny|range=15|entry=150|rr=2.5|sl_atr=1|tp_atr=1.5|threshold=1.75|adx_max=none|adx_min=none|rsi2=10.0|trend=long_only|max_bars=24,reddit_research,,
futures,NQ,reddit_orb_retest,reddit_orb_retest|ny|range=15|entry=150|rr=2|sl_atr=1|tp_atr=1.5|threshold=2|adx_max=none|adx_min=none|rsi2=none|trend=all|max_bars=24,long,37713,37714,37732,2024-06-07 15:15:00+00:00,2024-06-07 15:30:00+00:00,2024-06-07 20:00:00+00:00,19066.25,19025.0,-165.0,-168.0,-0.5637583892617449,590.0,295.0,3.0,session_close,18,8.0,0.5,-672.0,1192.0,2360.0,2024-06-07,NQ	reddit_orb_retest	reddit_orb_retest|ny|range=15|entry=150|rr=2|sl_atr=1|tp_atr=1.5|threshold=2|adx_max=none|adx_min=none|rsi2=none|trend=all|max_bars=24,reddit_research,,
futures,NQ,reddit_orb_retest,reddit_orb_retest|ny|range=15|entry=150|rr=2|sl_atr=1|tp_atr=1.5|threshold=2|adx_max=none|adx_min=none|rsi2=none|trend=all|max_bars=24,long,37802,37803,37824,2024-06-10 14:30:00+00:00,2024-06-10 14:45:00+00:00,2024-06-10 20:00:00+00:00,19033.25,19089.75,226.0,223.0,0.9911111111111112,444.0,222.0,3.0,session_close,21,8.0,0.5,892.0,900.0,1776.0,2024-06-10,NQ	reddit_orb_retest	reddit_orb_retest|ny|range=15|entry=150|rr=2|sl_atr=1|tp_atr=1.5|threshold=2|adx_max=none|adx_min=none|rsi2=none|trend=all|max_bars=24,reddit_research,,
futures,NQ,reddit_orb_retest,reddit_orb_retest|ny|range=15|entry=150|rr=2|sl_atr=1|tp_atr=1.5|threshold=2|adx_max=none|adx_min=none|rsi2=none|trend=all|max_bars=24,long,38169,38170,38192,2024-06-14 14:15:00+00:00,2024-06-14 14:30:00+00:00,2024-06-14 20:00:00+00:00,19624.25,19686.25,248.0,245.0,0.904059040590406,536.0,268.0,3.0,session_close,22,8.0,0.5,980.0,1084.0,2144.0,2024-06-14,NQ	reddit_orb_retest	reddit_orb_retest|ny|range=15|entry=150|rr=2|sl_atr=1|tp_atr=1.5|threshold=2|adx_max=none|adx_min=none|rsi2=none|trend=all|max_bars=24,reddit_research,,
futures,NQ,reddit_orb_retest,reddit_orb_retest|ny|range=15|entry=150|rr=2|sl_atr=1|tp_atr=1.5|threshold=2|adx_max=none|adx_min=none|rsi2=none|trend=all|max_bars=24,short,38353,38354,38367,2024-06-18 14:15:00+00:00,2024-06-18 14:30:00+00:00,2024-06-18 17:45:00+00:00,19905.25,19944.25,-156.0,-159.0,-1.0,312.0,156.0,3.0,sl,13,8.0,0.5,-636.0,636.0,1248.0,2024-06-18,NQ	reddit_orb_retest	reddit_orb_retest|ny|range=15|entry=150|rr=2|sl_atr=1|tp_atr=1.5|threshold=2|adx_max=none|adx_min=none|rsi2=none|trend=all|max_bars=24,reddit_research,,
futures,ES,reddit_orb_retest,reddit_orb_retest|ny|range=15|entry=150|rr=2|sl_atr=1|tp_atr=1.5|threshold=2|adx_max=none|adx_min=none|rsi2=none|trend=all|max_bars=24,short,38445,38446,38457,2024-06-19 14:00:00+00:00,2024-06-19 14:15:00+00:00,2024-06-19 22:00:00+00:00,5563.25,5562.5,3.0,0.0,0.0,26.0,13.0,3.0,session_close,11,30.0,1.25,0.0,600.0,975.0,2024-06-19,ES	reddit_orb_retest	reddit_orb_retest|ny|range=15|entry=150|rr=2|sl_atr=1|tp_atr=1.5|threshold=2|adx_max=none|adx_min=none|rsi2=none|trend=all|max_bars=24,reddit_research,,
futures,GC,reddit_orb_breakout,reddit_orb_breakout|ny|range=15|entry=150|rr=1.5|sl_atr=1|tp_atr=1.5|threshold=2|adx_max=none|adx_min=none|rsi2=none|trend=all|max_bars=24,short,38366,38367,38374,2024-06-19 14:00:00+00:00,2024-06-19 14:15:00+00:00,2024-06-19 16:00:00+00:00,2341.2,2345.1,-39.00000000000091,-42.00000000000091,-1.0,58.50000000000364,39.00000000000091,3.0,sl,7,25.0,1.0,-1050.0000000000227,1050.0000000000227,1462.500000000091,2024-06-19,GC	reddit_orb_breakout	reddit_orb_breakout|ny|range=15|entry=150|rr=1.5|sl_atr=1|tp_atr=1.5|threshold=2|adx_max=none|adx_min=none|rsi2=none|trend=all|max_bars=24,reddit_research,,
futures,YM,reddit_capitulation_reversion,reddit_capitulation_reversion|ny|range=15|entry=150|rr=2.5|sl_atr=1|tp_atr=1.5|threshold=1.75|adx_max=none|adx_min=none|rsi2=10.0|trend=long_only|max_bars=24,long,38445,38446,38456,2024-06-19 14:15:00+00:00,2024-06-19 14:30:00+00:00,2024-06-19 22:00:00+00:00,39224.0,39228.0,4.0,1.0,0.0082869265446832,294.1800000000003,117.67199999999866,3.0,session_close,10,20.0,0.5,10.0,1206.7199999999866,2941.800000000003,2024-06-19,YM	reddit_capitulation_reversion	reddit_capitulation_reversion|ny|range=15|entry=150|rr=2.5|sl_atr=1|tp_atr=1.5|threshold=1.75|adx_max=none|adx_min=none|rsi2=10.0|trend=long_only|max_bars=24,reddit_research,,
futures,RTY,reddit_orb_retest,reddit_orb_retest|ny|range=15|entry=150|rr=2|sl_atr=1|tp_atr=1.5|threshold=2|adx_max=none|adx_min=none|rsi2=none|trend=all|max_bars=24,short,38447,38448,38455,2024-06-19 15:00:00+00:00,2024-06-19 15:15:00+00:00,2024-06-19 22:00:00+00:00,2043.8,2046.9,-31.000000000001364,-34.000000000001364,-0.8095238095238245,78.00000000000182,39.00000000000091,3.0,session_close,7,25.0,0.5,-425.00000000001705,525.0000000000114,975.0000000000229,2024-06-19,RTY	reddit_orb_retest	reddit_orb_retest|ny|range=15|entry=150|rr=2|sl_atr=1|tp_atr=1.5|threshold=2|adx_max=none|adx_min=none|rsi2=none|trend=all|max_bars=24,reddit_research,,
futures,NQ,reddit_orb_retest,reddit_orb_retest|ny|range=15|entry=150|rr=2|sl_atr=1|tp_atr=1.5|threshold=2|adx_max=none|adx_min=none|rsi2=none|trend=all|max_bars=24,short,38525,38526,38530,2024-06-20 15:15:00+00:00,2024-06-20 15:30:00+00:00,2024-06-20 16:30:00+00:00,20189.75,20046.25,574.0,571.0,1.9689655172413796,574.0,287.0,3.0,tp,4,8.0,0.5,2284.0,1160.0,2296.0,2024-06-20,NQ	reddit_orb_retest	reddit_orb_retest|ny|range=15|entry=150|rr=2|sl_atr=1|tp_atr=1.5|threshold=2|adx_max=none|adx_min=none|rsi2=none|trend=all|max_bars=24,reddit_research,,
futures,NQ,reddit_orb_retest,reddit_orb_retest|ny|range=15|entry=150|rr=2|sl_atr=1|tp_atr=1.5|threshold=2|adx_max=none|adx_min=none|rsi2=none|trend=all|max_bars=24,short,38613,38614,38617,2024-06-21 14:15:00+00:00,2024-06-21 14:30:00+00:00,2024-06-21 15:15:00+00:00,19965.0,20028.0,-252.0,-255.0,-1.0,504.0,252.0,3.0,sl,3,8.0,0.5,-1020.0,1020.0,2016.0,2024-06-21,NQ	reddit_orb_retest	reddit_orb_retest|ny|range=15|entry=150|rr=2|sl_atr=1|tp_atr=1.5|threshold=2|adx_max=none|adx_min=none|rsi2=none|trend=all|max_bars=24,reddit_research,,
futures,RTY,reddit_orb_retest,reddit_orb_retest|ny|range=15|entry=150|rr=2|sl_atr=1|tp_atr=1.5|threshold=2|adx_max=none|adx_min=none|rsi2=none|trend=all|max_bars=24,long,38887,38888,38911,2024-06-26 14:00:00+00:00,2024-06-26 14:15:00+00:00,2024-06-26 20:00:00+00:00,2036.1,2038.8,27.00000000000045,24.00000000000045,0.2424242424242492,191.99999999999815,95.99999999999908,3.0,session_close,23,25.0,0.5,300.0000000000057,1237.4999999999886,2399.9999999999773,2024-06-26,RTY	reddit_orb_retest	reddit_orb_retest|ny|range=15|entry=150|rr=2|sl_atr=1|tp_atr=1.5|threshold=2|adx_max=none|adx_min=none|rsi2=none|trend=all|max_bars=24,reddit_research,,
futures,NQ,reddit_orb_retest,reddit_orb_retest|ny|range=15|entry=150|rr=2|sl_atr=1|tp_atr=1.5|threshold=2|adx_max=none|adx_min=none|rsi2=none|trend=all|max_bars=24,long,38889,38890,38892,2024-06-26 14:15:00+00:00,2024-06-26 14:30:00+00:00,2024-06-26 15:00:00+00:00,19959.25,19919.25,-160.0,-163.0,-1.0,320.0,160.0,3.0,sl,2,8.0,0.5,-652.0,652.0,1280.0,2024-06-26,NQ	reddit_orb_retest	reddit_orb_retest|ny|range=15|entry=150|rr=2|sl_atr=1|tp_atr=1.5|threshold=2|adx_max=none|adx_min=none|rsi2=none|trend=all|max_bars=24,reddit_research,,
futures,SI,reddit_capitulation_reversion,reddit_capitulation_reversion|ny|range=15|entry=150|rr=2.5|sl_atr=1|tp_atr=1.5|threshold=1.75|adx_max=none|adx_min=none|rsi2=10.0|trend=both|max_bars=24,long,38878,38879,38898,2024-06-28 14:30:00+00:00,2024-06-28 14:45:00+00:00,2024-06-28 19:30:00+00:00,29.465,29.376605,-17.67899999999969,-20.67899999999969,-1.0,44.197499999999934,17.67899999999969,3.0,sl,19,12.0,5.0,-1240.7399999999814,1240.7399999999814,2651.849999999996,2024-06-28,SI	reddit_capitulation_reversion	reddit_capitulation_reversion|ny|range=15|entry=150|rr=2.5|sl_atr=1|tp_atr=1.5|threshold=1.75|adx_max=none|adx_min=none|rsi2=10.0|trend=both|max_bars=24,reddit_research,,
futures,NQ,reddit_orb_retest,reddit_orb_retest|ny|range=15|entry=150|rr=2|sl_atr=1|tp_atr=1.5|threshold=2|adx_max=none|adx_min=none|rsi2=none|trend=all|max_bars=24,long,39079,39080,39081,2024-06-28 15:45:00+00:00,2024-06-28 16:00:00+00:00,2024-06-28 16:15:00+00:00,20109.0,20039.25,-279.0,-282.0,-1.0,558.0,279.0,3.0,sl,1,8.0,0.5,-1128.0,1128.0,2232.0,2024-06-28,NQ	reddit_orb_retest	reddit_orb_retest|ny|range=15|entry=150|rr=2|sl_atr=1|tp_atr=1.5|threshold=2|adx_max=none|adx_min=none|rsi2=none|trend=all|max_bars=24,reddit_research,,
futures,NQ,reddit_orb_retest,reddit_orb_retest|ny|range=15|entry=150|rr=2|sl_atr=1|tp_atr=1.5|threshold=2|adx_max=none|adx_min=none|rsi2=none|trend=all|max_bars=24,long,39348,39349,39357,2024-07-03 14:00:00+00:00,2024-07-03 14:15:00+00:00,2024-07-03 16:15:00+00:00,20283.25,20417.75,538.0,535.0,1.9669117647058825,538.0,269.0,3.0,tp,8,8.0,0.5,2140.0,1088.0,2152.0,2024-07-03,NQ	reddit_orb_retest	reddit_orb_retest|ny|range=15|entry=150|rr=2|sl_atr=1|tp_atr=1.5|threshold=2|adx_max=none|adx_min=none|rsi2=none|trend=all|max_bars=24,reddit_research,,
futures,YM,reddit_capitulation_reversion,reddit_capitulation_reversion|ny|range=15|entry=150|rr=2.5|sl_atr=1|tp_atr=1.5|threshold=1.75|adx_max=none|adx_min=none|rsi2=10.0|trend=long_only|max_bars=24,long,39350,39351,39361,2024-07-03 14:30:00+00:00,2024-07-03 14:45:00+00:00,2024-07-03 22:00:00+00:00,39628.0,39631.0,3.0,0.0,0.0,297.2099999999991,118.8839999999982,3.0,session_close,10,20.0,0.5,0.0,1218.839999999982,2972.0999999999917,2024-07-03,YM	reddit_capitulation_reversion	reddit_capitulation_reversion|ny|range=15|entry=150|rr=2.5|sl_atr=1|tp_atr=1.5|threshold=1.75|adx_max=none|adx_min=none|rsi2=10.0|trend=long_only|max_bars=24,reddit_research,,
futures,GC,reddit_ema_pullback,reddit_ema_pullback|ny|range=15|entry=150|rr=1.5|sl_atr=1|tp_atr=1.5|threshold=2|adx_max=none|adx_min=none|rsi2=none|trend=both|max_bars=24,long,39366,39367,39369,2024-07-04 13:30:00+00:00,2024-07-04 13:45:00+00:00,2024-07-04 14:15:00+00:00,2366.5,2369.034690320999,25.34690320998834,22.34690320998834,1.1230764739359909,25.34690320998834,16.89793547332556,3.0,tp,2,35.0,1.0,782.1416123495919,696.4277415663946,887.1416123495919,2024-07-04,GC	reddit_ema_pullback	reddit_ema_pullback|ny|range=15|entry=150|rr=1.5|sl_atr=1|tp_atr=1.5|threshold=2|adx_max=none|adx_min=none|rsi2=none|trend=both|max_bars=24,reddit_research,,
futures,GC,reddit_orb_breakout,reddit_orb_breakout|ny|range=15|entry=150|rr=1.5|sl_atr=1|tp_atr=1.5|threshold=2|adx_max=none|adx_min=none|rsi2=none|trend=all|max_bars=24,long,39367,39368,39373,2024-07-04 13:45:00+00:00,2024-07-04 14:00:00+00:00,2024-07-04 15:15:00+00:00,2367.9,2365.6,-23.00000000000182,-26.00000000000182,-1.0,34.50000000000273,23.00000000000182,3.0,sl,5,25.0,1.0,-650.0000000000455,650.0000000000455,862.5000000000682,2024-07-04,GC	reddit_orb_breakout	reddit_orb_breakout|ny|range=15|entry=150|rr=1.5|sl_atr=1|tp_atr=1.5|threshold=2|adx_max=none|adx_min=none|rsi2=none|trend=all|max_bars=24,reddit_research,,
futures,YM,reddit_capitulation_reversion,reddit_capitulation_reversion|ny|range=15|entry=150|rr=2.5|sl_atr=1|tp_atr=1.5|threshold=1.75|adx_max=none|adx_min=none|rsi2=10.0|trend=long_only|max_bars=24,long,39424,39425,39437,2024-07-04 13:45:00+00:00,2024-07-04 14:00:00+00:00,2024-07-04 22:00:00+00:00,39662.0,39658.0,-4.0,-7.0,-0.057383634187531,297.4649999999965,118.98599999999716,3.0,session_close,12,20.0,0.5,-70.0,1219.8599999999717,2974.649999999965,2024-07-04,YM	reddit_capitulation_reversion	reddit_capitulation_reversion|ny|range=15|entry=150|rr=2.5|sl_atr=1|tp_atr=1.5|threshold=1.75|adx_max=none|adx_min=none|rsi2=10.0|trend=long_only|max_bars=24,reddit_research,,
futures,RTY,reddit_orb_retest,reddit_orb_retest|ny|range=15|entry=150|rr=2|sl_atr=1|tp_atr=1.5|threshold=2|adx_max=none|adx_min=none|rsi2=none|trend=all|max_bars=24,short,39425,39426,39430,2024-07-04 14:15:00+00:00,2024-07-04 14:30:00+00:00,2024-07-04 15:30:00+00:00,2053.0,2055.2,-21.99999999999818,-24.99999999999818,-1.0,43.99999999999636,21.99999999999818,3.0,sl,4,25.0,0.5,-312.49999999997726,312.49999999997726,549.9999999999545,2024-07-04,RTY	reddit_orb_retest	reddit_orb_retest|ny|range=15|entry=150|rr=2|sl_atr=1|tp_atr=1.5|threshold=2|adx_max=none|adx_min=none|rsi2=none|trend=all|max_bars=24,reddit_research,,
futures,NQ,reddit_orb_retest,reddit_orb_retest|ny|range=15|entry=150|rr=2|sl_atr=1|tp_atr=1.5|threshold=2|adx_max=none|adx_min=none|rsi2=none|trend=all|max_bars=24,short,39429,39430,39437,2024-07-04 15:00:00+00:00,2024-07-04 15:15:00+00:00,2024-07-04 22:00:00+00:00,20386.75,20384.0,11.0,8.0,0.0987654320987654,156.0,78.0,3.0,session_close,7,8.0,0.5,32.0,324.0,624.0,2024-07-04,NQ	reddit_orb_retest	reddit_orb_retest|ny|range=15|entry=150|rr=2|sl_atr=1|tp_atr=1.5|threshold=2|adx_max=none|adx_min=none|rsi2=none|trend=all|max_bars=24,reddit_research,,
futures,YM,reddit_ema_pullback,reddit_ema_pullback|ny|range=15|entry=150|rr=1.5|sl_atr=1|tp_atr=1.5|threshold=2|adx_max=none|adx_min=none|rsi2=none|trend=both|max_bars=24,long,39429,39430,39437,2024-07-04 15:00:00+00:00,2024-07-04 15:15:00+00:00,2024-07-04 22:00:00+00:00,39684.0,39658.0,-26.0,-29.0,-1.2112033315980215,31.41469645530742,20.943130970204948,3.0,session_close,7,75.0,0.5,-1087.5,897.8674113826855,1178.0511170740283,2024-07-04,YM	reddit_ema_pullback	reddit_ema_pullback|ny|range=15|entry=150|rr=1.5|sl_atr=1|tp_atr=1.5|threshold=2|adx_max=none|adx_min=none|rsi2=none|trend=both|max_bars=24,reddit_research,,
futures,NQ,reddit_orb_retest,reddit_orb_retest|ny|range=15|entry=150|rr=2|sl_atr=1|tp_atr=1.5|threshold=2|adx_max=none|adx_min=none|rsi2=none|trend=all|max_bars=24,long,39502,39503,39525,2024-07-05 14:15:00+00:00,2024-07-05 14:30:00+00:00,2024-07-05 20:00:00+00:00,20517.25,20612.75,382.0,379.0,1.2186495176848875,616.0,308.0,3.0,session_close,22,8.0,0.5,1516.0,1244.0,2464.0,2024-07-05,NQ	reddit_orb_retest	reddit_orb_retest|ny|range=15|entry=150|rr=2|sl_atr=1|tp_atr=1.5|threshold=2|adx_max=none|adx_min=none|rsi2=none|trend=all|max_bars=24,reddit_research,,
futures,NQ,reddit_orb_retest,reddit_orb_retest|ny|range=15|entry=150|rr=2|sl_atr=1|tp_atr=1.5|threshold=2|adx_max=none|adx_min=none|rsi2=none|trend=all|max_bars=24,short,39688,39689,39709,2024-07-09 14:45:00+00:00,2024-07-09 15:00:00+00:00,2024-07-09 20:00:00+00:00,20708.25,20675.25,132.0,129.0,0.5657894736842105,450.0,225.0,3.0,session_close,20,8.0,0.5,516.0,912.0,1800.0,2024-07-09,NQ	reddit_orb_retest	reddit_orb_retest|ny|range=15|entry=150|rr=2|sl_atr=1|tp_atr=1.5|threshold=2|adx_max=none|adx_min=none|rsi2=none|trend=all|max_bars=24,reddit_research,,
futures,ES,reddit_orb_retest,reddit_orb_retest|ny|range=15|entry=150|rr=2|sl_atr=1|tp_atr=1.5|threshold=2|adx_max=none|adx_min=none|rsi2=none|trend=all|max_bars=24,short,39691,39692,39694,2024-07-09 15:15:00+00:00,2024-07-09 15:30:00+00:00,2024-07-09 16:00:00+00:00,5634.25,5640.5,-25.0,-28.0,-1.0,50.0,25.0,3.0,sl,2,30.0,1.25,-1050.0,1050.0,1875.0,2024-07-09,ES	reddit_orb_retest	reddit_orb_retest|ny|range=15|entry=150|rr=2|sl_atr=1|tp_atr=1.5|threshold=2|adx_max=none|adx_min=none|rsi2=none|trend=all|max_bars=24,reddit_research,,
futures,ES,reddit_orb_retest,reddit_orb_retest|ny|range=15|entry=150|rr=2|sl_atr=1|tp_atr=1.5|threshold=2|adx_max=none|adx_min=none|rsi2=none|trend=all|max_bars=24,long,39779,39780,39782,2024-07-10 14:15:00+00:00,2024-07-10 14:30:00+00:00,2024-07-10 15:00:00+00:00,5646.25,5640.5,-23.0,-26.0,-1.0,46.0,23.0,3.0,sl,2,30.0,1.25,-975.0,975.0,1725.0,2024-07-10,ES	reddit_orb_retest	reddit_orb_retest|ny|range=15|entry=150|rr=2|sl_atr=1|tp_atr=1.5|threshold=2|adx_max=none|adx_min=none|rsi2=none|trend=all|max_bars=24,reddit_research,,
futures,HG,reddit_capitulation_reversion,reddit_capitulation_reversion|ny|range=15|entry=150|rr=2.5|sl_atr=1|tp_atr=1.5|threshold=1.75|adx_max=none|adx_min=none|rsi2=10.0|trend=both|max_bars=24,short,41103,41104,41110,2024-07-30 16:15:00+00:00,2024-07-30 16:30:00+00:00,2024-07-30 18:00:00+00:00,4.082,4.094246,-24.4920000000004,-27.4920000000004,-1.0,61.23000000000012,24.4920000000004,3.0,sl,6,35.0,1.25,-1202.7750000000178,1202.7750000000178,2678.812500000005,2024-07-30,HG	reddit_capitulation_reversion	reddit_capitulation_reversion|ny|range=15|entry=150|rr=2.5|sl_atr=1|tp_atr=1.5|threshold=1.75|adx_max=none|adx_min=none|rsi2=10.0|trend=both|max_bars=24,reddit_research,,
futures,HG,reddit_capitulation_reversion,reddit_capitulation_reversion|ny|range=15|entry=150|rr=2.5|sl_atr=1|tp_atr=1.5|threshold=1.75|adx_max=none|adx_min=none|rsi2=10.0|trend=both|max_bars=24,short,41466,41467,41469,2024-08-05 15:00:00+00:00,2024-08-05 15:15:00+00:00,2024-08-05 15:45:00+00:00,4.0385,4.00821125,60.57750000000084,57.57750000000084,2.1144100473724845,60.57750000000084,24.231000000000336,3.0,tp,2,35.0,1.25,2519.015625000037,1191.3562500000146,2650.265625000037,2024-08-05,HG	reddit_capitulation_reversion	reddit_capitulation_reversion|ny|range=15|entry=150|rr=2.5|sl_atr=1|tp_atr=1.5|threshold=1.75|adx_max=none|adx_min=none|rsi2=10.0|trend=both|max_bars=24,reddit_research,,
futures,HG,reddit_capitulation_reversion,reddit_capitulation_reversion|ny|range=15|entry=150|rr=2.5|sl_atr=1|tp_atr=1.5|threshold=1.75|adx_max=none|adx_min=none|rsi2=10.0|trend=both|max_bars=24,short,41554,41555,41560,2024-08-06 14:00:00+00:00,2024-08-06 14:15:00+00:00,2024-08-06 15:30:00+00:00,4.027,4.039081,-24.16200000000046,-27.16200000000046,-1.0,60.40500000000026,24.16200000000046,3.0,sl,5,35.0,1.25,-1188.33750000002,1188.33750000002,2642.718750000012,2024-08-06,HG	reddit_capitulation_reversion	reddit_capitulation_reversion|ny|range=15|entry=150|rr=2.5|sl_atr=1|tp_atr=1.5|threshold=1.75|adx_max=none|adx_min=none|rsi2=10.0|trend=both|max_bars=24,reddit_research,,
futures,SI,reddit_capitulation_reversion,reddit_capitulation_reversion|ny|range=15|entry=150|rr=2.5|sl_atr=1|tp_atr=1.5|threshold=1.75|adx_max=none|adx_min=none|rsi2=10.0|trend=both|max_bars=24,short,41350,41351,41356,2024-08-06 14:00:00+00:00,2024-08-06 14:15:00+00:00,2024-08-06 15:30:00+00:00,27.285,27.0803625,40.927500000000094,37.927500000000094,1.957952609570995,40.927500000000094,16.37100000000018,3.0,tp,5,12.0,5.0,2275.650000000005,1162.260000000011,2455.650000000005,2024-08-06,SI	reddit_capitulation_reversion	reddit_capitulation_reversion|ny|range=15|entry=150|rr=2.5|sl_atr=1|tp_atr=1.5|threshold=1.75|adx_max=none|adx_min=none|rsi2=10.0|trend=both|max_bars=24,reddit_research,,
futures,YM,reddit_capitulation_reversion,reddit_capitulation_reversion|ny|range=15|entry=150|rr=2.5|sl_atr=1|tp_atr=1.5|threshold=1.75|adx_max=none|adx_min=none|rsi2=10.0|trend=long_only|max_bars=24,long,41799,41800,41814,2024-08-09 13:30:00+00:00,2024-08-09 13:45:00+00:00,2024-08-09 17:15:00+00:00,39401.0,39696.5075,295.5074999999997,292.5074999999997,2.4133684809781646,295.5074999999997,118.20300000000134,3.0,tp,14,20.0,0.5,2925.074999999997,1212.0300000000134,2955.074999999997,2024-08-09,YM	reddit_capitulation_reversion	reddit_capitulation_reversion|ny|range=15|entry=150|rr=2.5|sl_atr=1|tp_atr=1.5|threshold=1.75|adx_max=none|adx_min=none|rsi2=10.0|trend=long_only|max_bars=24,reddit_research,,
futures,HG,reddit_orb_breakout,reddit_orb_breakout|london|range=15|entry=150|rr=1.5|sl_atr=1|tp_atr=1.5|threshold=2|adx_max=none|adx_min=none|rsi2=none|trend=all|max_bars=24,long,41896,41897,41898,2024-08-12 07:30:00+00:00,2024-08-12 07:45:00+00:00,2024-08-12 08:00:00+00:00,4.0275,4.04025,25.49999999999919,22.49999999999919,1.1249999999999898,25.49999999999919,16.99999999999946,3.0,tp,1,50.0,1.25,1406.2499999999493,1249.9999999999663,1593.7499999999493,2024-08-12,HG	reddit_orb_breakout	reddit_orb_breakout|london|range=15|entry=150|rr=1.5|sl_atr=1|tp_atr=1.5|threshold=2|adx_max=none|adx_min=none|rsi2=none|trend=all|max_bars=24,reddit_research,,
futures,NQ,reddit_orb_retest,reddit_orb_retest|ny|range=15|entry=150|rr=2|sl_atr=1|tp_atr=1.5|threshold=2|adx_max=none|adx_min=none|rsi2=none|trend=all|max_bars=24,long,41985,41986,41996,2024-08-13 14:00:00+00:00,2024-08-13 14:15:00+00:00,2024-08-13 16:45:00+00:00,18890.5,19039.0,594.0,591.0,1.97,594.0,297.0,3.0,tp,10,8.0,0.5,2364.0,1200.0,2376.0,2024-08-13,NQ	reddit_orb_retest	reddit_orb_retest|ny|range=15|entry=150|rr=2|sl_atr=1|tp_atr=1.5|threshold=2|adx_max=none|adx_min=none|rsi2=none|trend=all|max_bars=24,reddit_research,,
futures,SI,reddit_capitulation_reversion,reddit_capitulation_reversion|ny|range=15|entry=150|rr=2.5|sl_atr=1|tp_atr=1.5|threshold=1.75|adx_max=none|adx_min=none|rsi2=10.0|trend=both|max_bars=24,long,42272,42273,42274,2024-08-20 14:30:00+00:00,2024-08-20 14:45:00+00:00,2024-08-20 15:00:00+00:00,29.59,29.50123,-17.754000000000048,-20.754000000000048,-1.0,44.38499999999976,17.754000000000048,3.0,sl,1,12.0,5.0,-1245.240000000003,1245.240000000003,2663.099999999986,2024-08-20,SI	reddit_capitulation_reversion	reddit_capitulation_reversion|ny|range=15|entry=150|rr=2.5|sl_atr=1|tp_atr=1.5|threshold=1.75|adx_max=none|adx_min=none|rsi2=10.0|trend=both|max_bars=24,reddit_research,,
futures,YM,reddit_ema_pullback,reddit_ema_pullback|ny|range=15|entry=150|rr=1.5|sl_atr=1|tp_atr=1.5|threshold=2|adx_max=none|adx_min=none|rsi2=none|trend=both|max_bars=24,long,42536,42537,42537,2024-08-21 13:45:00+00:00,2024-08-21 14:00:00+00:00,2024-08-21 14:00:00+00:00,41018.0,40989.041140442736,-28.95885955726408,-31.95885955726408,-1.0,43.43828933589248,28.95885955726408,3.0,sl,1,75.0,0.5,-1198.457233397403,1198.457233397403,1628.935850095968,2024-08-21,YM	reddit_ema_pullback	reddit_ema_pullback|ny|range=15|entry=150|rr=1.5|sl_atr=1|tp_atr=1.5|threshold=2|adx_max=none|adx_min=none|rsi2=none|trend=both|max_bars=24,reddit_research,,
futures,NQ,reddit_orb_retest,reddit_orb_retest|ny|range=15|entry=150|rr=2|sl_atr=1|tp_atr=1.5|threshold=2|adx_max=none|adx_min=none|rsi2=none|trend=all|max_bars=24,long,42537,42538,42539,2024-08-21 14:00:00+00:00,2024-08-21 14:15:00+00:00,2024-08-21 14:30:00+00:00,19867.25,19975.75,434.0,431.0,1.959090909090909,434.0,217.0,3.0,tp,1,8.0,0.5,1724.0,880.0,1736.0,2024-08-21,NQ	reddit_orb_retest	reddit_orb_retest|ny|range=15|entry=150|rr=2|sl_atr=1|tp_atr=1.5|threshold=2|adx_max=none|adx_min=none|rsi2=none|trend=all|max_bars=24,reddit_research,,
futures,NQ,reddit_orb_retest,reddit_orb_retest|ny|range=15|entry=150|rr=2|sl_atr=1|tp_atr=1.5|threshold=2|adx_max=none|adx_min=none|rsi2=none|trend=all|max_bars=24,long,42726,42727,42729,2024-08-23 15:15:00+00:00,2024-08-23 15:30:00+00:00,2024-08-23 16:00:00+00:00,19770.25,19706.5,-255.0,-258.0,-1.0,510.0,255.0,3.0,sl,2,8.0,0.5,-1032.0,1032.0,2040.0,2024-08-23,NQ	reddit_orb_retest	reddit_orb_retest|ny|range=15|entry=150|rr=2|sl_atr=1|tp_atr=1.5|threshold=2|adx_max=none|adx_min=none|rsi2=none|trend=all|max_bars=24,reddit_research,,
futures,NQ,reddit_orb_retest,reddit_orb_retest|ny|range=15|entry=150|rr=2|sl_atr=1|tp_atr=1.5|threshold=2|adx_max=none|adx_min=none|rsi2=none|trend=all|max_bars=24,short,42998,42999,43001,2024-08-28 14:15:00+00:00,2024-08-28 14:30:00+00:00,2024-08-28 15:00:00+00:00,19580.25,19427.75,610.0,607.0,1.9707792207792207,610.0,305.0,3.0,tp,2,8.0,0.5,2428.0,1232.0,2440.0,2024-08-28,NQ	reddit_orb_retest	reddit_orb_retest|ny|range=15|entry=150|rr=2|sl_atr=1|tp_atr=1.5|threshold=2|adx_max=none|adx_min=none|rsi2=none|trend=all|max_bars=24,reddit_research,,
futures,YM,reddit_ema_pullback,reddit_ema_pullback|ny|range=15|entry=150|rr=1.5|sl_atr=1|tp_atr=1.5|threshold=2|adx_max=none|adx_min=none|rsi2=none|trend=both|max_bars=24,long,43271,43272,43272,2024-09-02 13:30:00+00:00,2024-09-02 13:45:00+00:00,2024-09-02 13:45:00+00:00,41615.0,41597.48092060301,-17.51907939699595,-20.51907939699595,-1.0,26.2786190955012,17.51907939699595,3.0,sl,1,75.0,0.5,-769.4654773873481,769.4654773873481,985.448216081295,2024-09-02,YM	reddit_ema_pullback	reddit_ema_pullback|ny|range=15|entry=150|rr=1.5|sl_atr=1|tp_atr=1.5|threshold=2|adx_max=none|adx_min=none|rsi2=none|trend=both|max_bars=24,reddit_research,,
futures,GC,reddit_ema_pullback,reddit_ema_pullback|ny|range=15|entry=150|rr=1.5|sl_atr=1|tp_atr=1.5|threshold=2|adx_max=none|adx_min=none|rsi2=none|trend=both|max_bars=24,short,43216,43217,43220,2024-09-02 13:45:00+00:00,2024-09-02 14:00:00+00:00,2024-09-02 14:45:00+00:00,2532.0,2534.614735798146,-26.1473579814583,-29.1473579814583,-1.0,39.22103697218972,26.1473579814583,3.0,sl,3,35.0,1.0,-1020.1575293510404,1020.1575293510404,1372.7362940266405,2024-09-02,GC	reddit_ema_pullback	reddit_ema_pullback|ny|range=15|entry=150|rr=1.5|sl_atr=1|tp_atr=1.5|threshold=2|adx_max=none|adx_min=none|rsi2=none|trend=both|max_bars=24,reddit_research,,
futures,GC,reddit_orb_breakout,reddit_orb_breakout|ny|range=15|entry=150|rr=1.5|sl_atr=1|tp_atr=1.5|threshold=2|adx_max=none|adx_min=none|rsi2=none|trend=all|max_bars=24,short,43217,43218,43220,2024-09-02 14:00:00+00:00,2024-09-02 14:15:00+00:00,2024-09-02 14:45:00+00:00,2530.8,2534.1,-32.99999999999727,-35.99999999999727,-1.0,49.49999999999818,32.99999999999727,3.0,sl,2,25.0,1.0,-899.9999999999318,899.9999999999318,1237.4999999999543,2024-09-02,GC	reddit_orb_breakout	reddit_orb_breakout|ny|range=15|entry=150|rr=1.5|sl_atr=1|tp_atr=1.5|threshold=2|adx_max=none|adx_min=none|rsi2=none|trend=all|max_bars=24,reddit_research,,
futures,HG,reddit_capitulation_reversion,reddit_capitulation_reversion|ny|range=15|entry=150|rr=2.5|sl_atr=1|tp_atr=1.5|threshold=1.75|adx_max=none|adx_min=none|rsi2=10.0|trend=both|max_bars=24,short,43478,43479,43482,2024-09-04 14:30:00+00:00,2024-09-04 14:45:00+00:00,2024-09-04 15:30:00+00:00,4.112,4.08116,61.680000000000845,58.680000000000845,2.120555073720706,61.680000000000845,24.672000000000693,3.0,tp,3,35.0,1.25,2567.2500000000373,1210.6500000000306,2698.5000000000373,2024-09-04,HG	reddit_capitulation_reversion	reddit_capitulation_reversion|ny|range=15|entry=150|rr=2.5|sl_atr=1|tp_atr=1.5|threshold=1.75|adx_max=none|adx_min=none|rsi2=10.0|trend=both|max_bars=24,reddit_research,,
futures,GC,reddit_orb_breakout,reddit_orb_breakout|ny|range=15|entry=150|rr=1.5|sl_atr=1|tp_atr=1.5|threshold=2|adx_max=none|adx_min=none|rsi2=none|trend=all|max_bars=24,short,43482,43483,43483,2024-09-05 13:45:00+00:00,2024-09-05 14:00:00+00:00,2024-09-05 14:00:00+00:00,2544.9,2537.8500000000004,70.49999999999727,67.49999999999727,1.3499999999999943,70.49999999999727,46.99999999999818,3.0,tp,1,25.0,1.0,1687.4999999999318,1249.9999999999543,1762.4999999999318,2024-09-05,GC	reddit_orb_breakout	reddit_orb_breakout|ny|range=15|entry=150|rr=1.5|sl_atr=1|tp_atr=1.5|threshold=2|adx_max=none|adx_min=none|rsi2=none|trend=all|max_bars=24,reddit_research,,
futures,GC,reddit_orb_breakout,reddit_orb_breakout|ny|range=15|entry=150|rr=1.5|sl_atr=1|tp_atr=1.5|threshold=2|adx_max=none|adx_min=none|rsi2=none|trend=all|max_bars=24,short,43666,43667,43669,2024-09-09 13:45:00+00:00,2024-09-09 14:00:00+00:00,2024-09-09 14:30:00+00:00,2528.9,2522.75,61.50000000000091,58.50000000000091,1.3295454545455028,61.50000000000091,40.99999999999909,3.0,tp,2,25.0,1.0,1462.5000000000227,1099.9999999999773,1537.5000000000227,2024-09-09,GC	reddit_orb_breakout	reddit_orb_breakout|ny|range=15|entry=150|rr=1.5|sl_atr=1|tp_atr=1.5|threshold=2|adx_max=none|adx_min=none|rsi2=none|trend=all|max_bars=24,reddit_research,,
futures,HG,reddit_capitulation_reversion,reddit_capitulation_reversion|ny|range=15|entry=150|rr=2.5|sl_atr=1|tp_atr=1.5|threshold=1.75|adx_max=none|adx_min=none|rsi2=10.0|trend=both|max_bars=24,long,44027,44028,44048,2024-09-12 13:45:00+00:00,2024-09-12 14:00:00+00:00,2024-09-12 19:00:00+00:00,4.1765,4.20782375,62.64750000000063,59.64750000000063,2.125788517053328,62.64750000000063,25.05900000000061,3.0,tp,20,35.0,1.25,2609.5781250000277,1227.5812500000266,2740.8281250000277,2024-09-12,HG	reddit_capitulation_reversion	reddit_capitulation_reversion|ny|range=15|entry=150|rr=2.5|sl_atr=1|tp_atr=1.5|threshold=1.75|adx_max=none|adx_min=none|rsi2=10.0|trend=both|max_bars=24,reddit_research,,
futures,NQ,reddit_orb_retest,reddit_orb_retest|ny|range=15|entry=150|rr=2|sl_atr=1|tp_atr=1.5|threshold=2|adx_max=none|adx_min=none|rsi2=none|trend=all|max_bars=24,long,44639,44640,44649,2024-09-23 14:30:00+00:00,2024-09-23 14:45:00+00:00,2024-09-23 17:00:00+00:00,20104.5,20031.25,-293.0,-296.0,-1.0,586.0,293.0,3.0,sl,9,8.0,0.5,-1184.0,1184.0,2344.0,2024-09-23,NQ	reddit_orb_retest	reddit_orb_retest|ny|range=15|entry=150|rr=2|sl_atr=1|tp_atr=1.5|threshold=2|adx_max=none|adx_min=none|rsi2=none|trend=all|max_bars=24,reddit_research,,
futures,GC,reddit_orb_breakout,reddit_orb_breakout|ny|range=15|entry=150|rr=1.5|sl_atr=1|tp_atr=1.5|threshold=2|adx_max=none|adx_min=none|rsi2=none|trend=all|max_bars=24,long,44679,44680,44681,2024-09-24 14:00:00+00:00,2024-09-24 14:15:00+00:00,2024-09-24 14:30:00+00:00,2660.8,2666.6500000000005,58.50000000000364,55.50000000000364,1.3214285714286294,58.50000000000364,39.00000000000091,3.0,tp,1,25.0,1.0,1387.500000000091,1050.0000000000227,1462.500000000091,2024-09-24,GC	reddit_orb_breakout	reddit_orb_breakout|ny|range=15|entry=150|rr=1.5|sl_atr=1|tp_atr=1.5|threshold=2|adx_max=none|adx_min=none|rsi2=none|trend=all|max_bars=24,reddit_research,,
futures,GC,reddit_orb_breakout,reddit_orb_breakout|ny|range=15|entry=150|rr=1.5|sl_atr=1|tp_atr=1.5|threshold=2|adx_max=none|adx_min=none|rsi2=none|trend=all|max_bars=24,short,45322,45323,45323,2024-10-03 13:45:00+00:00,2024-10-03 14:00:00+00:00,2024-10-03 14:00:00+00:00,2667.3,2671.6,-42.99999999999727,-45.99999999999727,-1.0,64.49999999999818,42.99999999999727,3.0,same_bar_sl,1,25.0,1.0,-1149.9999999999318,1149.9999999999318,1612.4999999999543,2024-10-03,GC	reddit_orb_breakout	reddit_orb_breakout|ny|range=15|entry=150|rr=1.5|sl_atr=1|tp_atr=1.5|threshold=2|adx_max=none|adx_min=none|rsi2=none|trend=all|max_bars=24,reddit_research,,
futures,NQ,reddit_orb_retest,reddit_orb_retest|ny|range=15|entry=150|rr=2|sl_atr=1|tp_atr=1.5|threshold=2|adx_max=none|adx_min=none|rsi2=none|trend=all|max_bars=24,long,45560,45561,45565,2024-10-07 14:45:00+00:00,2024-10-07 15:00:00+00:00,2024-10-07 16:00:00+00:00,20165.75,20107.75,-232.0,-235.0,-1.0,464.0,232.0,3.0,sl,4,8.0,0.5,-940.0,940.0,1856.0,2024-10-07,NQ	reddit_orb_retest	reddit_orb_retest|ny|range=15|entry=150|rr=2|sl_atr=1|tp_atr=1.5|threshold=2|adx_max=none|adx_min=none|rsi2=none|trend=all|max_bars=24,reddit_research,,
futures,RTY,reddit_orb_retest,reddit_orb_retest|ny|range=15|entry=150|rr=2|sl_atr=1|tp_atr=1.5|threshold=2|adx_max=none|adx_min=none|rsi2=none|trend=all|max_bars=24,long,45741,45742,45746,2024-10-09 14:15:00+00:00,2024-10-09 14:30:00+00:00,2024-10-09 15:30:00+00:00,2215.2,2232.7999999999997,175.99999999999454,172.99999999999454,1.901098901098898,175.99999999999454,87.99999999999727,3.0,tp,4,25.0,0.5,2162.499999999932,1137.499999999966,2199.999999999932,2024-10-09,RTY	reddit_orb_retest	reddit_orb_retest|ny|range=15|entry=150|rr=2|sl_atr=1|tp_atr=1.5|threshold=2|adx_max=none|adx_min=none|rsi2=none|trend=all|max_bars=24,reddit_research,,
futures,NQ,reddit_orb_retest,reddit_orb_retest|ny|range=15|entry=150|rr=2|sl_atr=1|tp_atr=1.5|threshold=2|adx_max=none|adx_min=none|rsi2=none|trend=all|max_bars=24,long,45834,45835,45857,2024-10-10 14:15:00+00:00,2024-10-10 14:30:00+00:00,2024-10-10 20:00:00+00:00,20403.0,20423.5,82.0,79.0,0.3122529644268774,500.0,250.0,3.0,session_close,22,8.0,0.5,316.0,1012.0,2000.0,2024-10-10,NQ	reddit_orb_retest	reddit_orb_retest|ny|range=15|entry=150|rr=2|sl_atr=1|tp_atr=1.5|threshold=2|adx_max=none|adx_min=none|rsi2=none|trend=all|max_bars=24,reddit_research,,
futures,NQ,reddit_orb_retest,reddit_orb_retest|ny|range=15|entry=150|rr=2|sl_atr=1|tp_atr=1.5|threshold=2|adx_max=none|adx_min=none|rsi2=none|trend=all|max_bars=24,short,46664,46665,46671,2024-10-23 14:45:00+00:00,2024-10-23 15:00:00+00:00,2024-10-23 16:30:00+00:00,20392.5,20252.0,562.0,559.0,1.9683098591549293,562.0,281.0,3.0,tp,6,8.0,0.5,2236.0,1136.0,2248.0,2024-10-23,NQ	reddit_orb_retest	reddit_orb_retest|ny|range=15|entry=150|rr=2|sl_atr=1|tp_atr=1.5|threshold=2|adx_max=none|adx_min=none|rsi2=none|trend=all|max_bars=24,reddit_research,,
futures,NQ,reddit_orb_retest,reddit_orb_retest|ny|range=15|entry=150|rr=2|sl_atr=1|tp_atr=1.5|threshold=2|adx_max=none|adx_min=none|rsi2=none|trend=all|max_bars=24,short,47767,47768,47772,2024-11-08 15:30:00+00:00,2024-11-08 15:45:00+00:00,2024-11-08 16:45:00+00:00,21181.0,21232.25,-205.0,-208.0,-1.0,410.0,205.0,3.0,sl,4,8.0,0.5,-832.0,832.0,1640.0,2024-11-08,NQ	reddit_orb_retest	reddit_orb_retest|ny|range=15|entry=150|rr=2|sl_atr=1|tp_atr=1.5|threshold=2|adx_max=none|adx_min=none|rsi2=none|trend=all|max_bars=24,reddit_research,,
futures,NQ,reddit_orb_retest,reddit_orb_retest|ny|range=15|entry=150|rr=2|sl_atr=1|tp_atr=1.5|threshold=2|adx_max=none|adx_min=none|rsi2=none|trend=all|max_bars=24,short,47954,47955,47961,2024-11-12 16:15:00+00:00,2024-11-12 16:30:00+00:00,2024-11-12 18:00:00+00:00,21181.25,21060.75,482.0,479.0,1.963114754098361,482.0,241.0,3.0,tp,6,8.0,0.5,1916.0,976.0,1928.0,2024-11-12,NQ	reddit_orb_retest	reddit_orb_retest|ny|range=15|entry=150|rr=2|sl_atr=1|tp_atr=1.5|threshold=2|adx_max=none|adx_min=none|rsi2=none|trend=all|max_bars=24,reddit_research,,
futures,NQ,reddit_orb_retest,reddit_orb_retest|ny|range=15|entry=150|rr=2|sl_atr=1|tp_atr=1.5|threshold=2|adx_max=none|adx_min=none|rsi2=none|trend=all|max_bars=24,short,48043,48044,48049,2024-11-13 15:30:00+00:00,2024-11-13 15:45:00+00:00,2024-11-13 17:00:00+00:00,21123.75,21184.5,-243.0,-246.0,-1.0,486.0,243.0,3.0,sl,5,8.0,0.5,-984.0,984.0,1944.0,2024-11-13,NQ	reddit_orb_retest	reddit_orb_retest|ny|range=15|entry=150|rr=2|sl_atr=1|tp_atr=1.5|threshold=2|adx_max=none|adx_min=none|rsi2=none|trend=all|max_bars=24,reddit_research,,
futures,GC,reddit_orb_breakout,reddit_orb_breakout|ny|range=15|entry=150|rr=1.5|sl_atr=1|tp_atr=1.5|threshold=2|adx_max=none|adx_min=none|rsi2=none|trend=all|max_bars=24,short,48989,48990,48998,2024-11-28 14:45:00+00:00,2024-11-28 15:00:00+00:00,2024-11-28 23:15:00+00:00,2640.8,2637.9,29.00000000000091,26.00000000000091,0.5200000000000371,70.49999999999727,46.99999999999818,3.0,session_close,8,25.0,1.0,650.0000000000227,1249.9999999999543,1762.4999999999318,2024-11-28,GC	reddit_orb_breakout	reddit_orb_breakout|ny|range=15|entry=150|rr=1.5|sl_atr=1|tp_atr=1.5|threshold=2|adx_max=none|adx_min=none|rsi2=none|trend=all|max_bars=24,reddit_research,,
futures,YM,reddit_ema_pullback,reddit_ema_pullback|ny|range=15|entry=150|rr=1.5|sl_atr=1|tp_atr=1.5|threshold=2|adx_max=none|adx_min=none|rsi2=none|trend=both|max_bars=24,long,49052,49053,49055,2024-11-28 14:45:00+00:00,2024-11-28 15:00:00+00:00,2024-11-28 15:30:00+00:00,44903.0,44937.54757532319,34.54757532318763,31.54757532318763,1.21188992128472,34.54757532318763,23.031716882127512,3.0,tp,2,75.0,0.5,1183.034074619536,976.1893830797816,1295.534074619536,2024-11-28,YM	reddit_ema_pullback	reddit_ema_pullback|ny|range=15|entry=150|rr=1.5|sl_atr=1|tp_atr=1.5|threshold=2|adx_max=none|adx_min=none|rsi2=none|trend=both|max_bars=24,reddit_research,,
futures,ES,reddit_orb_retest,reddit_orb_retest|ny|range=15|entry=150|rr=2|sl_atr=1|tp_atr=1.5|threshold=2|adx_max=none|adx_min=none|rsi2=none|trend=all|max_bars=24,long,49054,49055,49066,2024-11-28 15:00:00+00:00,2024-11-28 15:15:00+00:00,2024-11-28 23:00:00+00:00,6028.5,6027.25,-5.0,-8.0,-0.4444444444444444,30.0,15.0,3.0,session_close,11,30.0,1.25,-300.0,675.0,1125.0,2024-11-28,ES	reddit_orb_retest	reddit_orb_retest|ny|range=15|entry=150|rr=2|sl_atr=1|tp_atr=1.5|threshold=2|adx_max=none|adx_min=none|rsi2=none|trend=all|max_bars=24,reddit_research,,
futures,RTY,reddit_orb_retest,reddit_orb_retest|ny|range=15|entry=150|rr=2|sl_atr=1|tp_atr=1.5|threshold=2|adx_max=none|adx_min=none|rsi2=none|trend=all|max_bars=24,long,49056,49057,49064,2024-11-28 16:00:00+00:00,2024-11-28 16:15:00+00:00,2024-11-28 23:00:00+00:00,2453.3,2453.8,5.0,2.0,0.0270270270270257,142.00000000000728,71.00000000000364,3.0,session_close,7,25.0,0.5,25.0,925.0000000000456,1775.000000000091,2024-11-28,RTY	reddit_orb_retest	reddit_orb_retest|ny|range=15|entry=150|rr=2|sl_atr=1|tp_atr=1.5|threshold=2|adx_max=none|adx_min=none|rsi2=none|trend=all|max_bars=24,reddit_research,,
futures,NQ,reddit_orb_retest,reddit_orb_retest|ny|range=15|entry=150|rr=2|sl_atr=1|tp_atr=1.5|threshold=2|adx_max=none|adx_min=none|rsi2=none|trend=all|max_bars=24,long,49058,49059,49065,2024-11-28 16:15:00+00:00,2024-11-28 16:30:00+00:00,2024-11-28 23:00:00+00:00,20893.75,20878.75,-60.0,-63.0,-0.7682926829268293,158.0,79.0,3.0,session_close,6,8.0,0.5,-252.0,328.0,632.0,2024-11-28,NQ	reddit_orb_retest	reddit_orb_retest|ny|range=15|entry=150|rr=2|sl_atr=1|tp_atr=1.5|threshold=2|adx_max=none|adx_min=none|rsi2=none|trend=all|max_bars=24,reddit_research,,
futures,NQ,reddit_orb_retest,reddit_orb_retest|ny|range=15|entry=150|rr=2|sl_atr=1|tp_atr=1.5|threshold=2|adx_max=none|adx_min=none|rsi2=none|trend=all|max_bars=24,long,49301,49302,49322,2024-12-03 15:45:00+00:00,2024-12-03 16:00:00+00:00,2024-12-03 21:00:00+00:00,21207.25,21310.25,412.0,409.0,1.3864406779661016,584.0,292.0,3.0,session_close,20,8.0,0.5,1636.0,1180.0,2336.0,2024-12-03,NQ	reddit_orb_retest	reddit_orb_retest|ny|range=15|entry=150|rr=2|sl_atr=1|tp_atr=1.5|threshold=2|adx_max=none|adx_min=none|rsi2=none|trend=all|max_bars=24,reddit_research,,
futures,GC,reddit_orb_breakout,reddit_orb_breakout|ny|range=15|entry=150|rr=1.5|sl_atr=1|tp_atr=1.5|threshold=2|adx_max=none|adx_min=none|rsi2=none|trend=all|max_bars=24,short,49326,49327,49328,2024-12-04 14:45:00+00:00,2024-12-04 15:00:00+00:00,2024-12-04 15:15:00+00:00,2672.6,2676.8,-42.00000000000273,-45.00000000000273,-1.0,63.00000000000637,42.00000000000273,3.0,sl,1,25.0,1.0,-1125.0000000000682,1125.0000000000682,1575.0000000001592,2024-12-04,GC	reddit_orb_breakout	reddit_orb_breakout|ny|range=15|entry=150|rr=1.5|sl_atr=1|tp_atr=1.5|threshold=2|adx_max=none|adx_min=none|rsi2=none|trend=all|max_bars=24,reddit_research,,
futures,NQ,reddit_orb_retest,reddit_orb_retest|ny|range=15|entry=150|rr=2|sl_atr=1|tp_atr=1.5|threshold=2|adx_max=none|adx_min=none|rsi2=none|trend=all|max_bars=24,long,49391,49392,49414,2024-12-04 15:15:00+00:00,2024-12-04 15:30:00+00:00,2024-12-04 21:00:00+00:00,21456.75,21519.5,251.0,248.0,0.8953068592057761,548.0,274.0,3.0,session_close,22,8.0,0.5,992.0,1108.0,2192.0,2024-12-04,NQ	reddit_orb_retest	reddit_orb_retest|ny|range=15|entry=150|rr=2|sl_atr=1|tp_atr=1.5|threshold=2|adx_max=none|adx_min=none|rsi2=none|trend=all|max_bars=24,reddit_research,,
futures,NQ,reddit_orb_retest,reddit_orb_retest|ny|range=15|entry=150|rr=2|sl_atr=1|tp_atr=1.5|threshold=2|adx_max=none|adx_min=none|rsi2=none|trend=all|max_bars=24,short,49483,49484,49490,2024-12-05 15:15:00+00:00,2024-12-05 15:30:00+00:00,2024-12-05 17:00:00+00:00,21517.75,21551.5,-135.0,-138.0,-1.0,270.0,135.0,3.0,sl,6,8.0,0.5,-552.0,552.0,1080.0,2024-12-05,NQ	reddit_orb_retest	reddit_orb_retest|ny|range=15|entry=150|rr=2|sl_atr=1|tp_atr=1.5|threshold=2|adx_max=none|adx_min=none|rsi2=none|trend=all|max_bars=24,reddit_research,,
futures,GC,reddit_orb_breakout,reddit_orb_breakout|ny|range=15|entry=150|rr=1.5|sl_atr=1|tp_atr=1.5|threshold=2|adx_max=none|adx_min=none|rsi2=none|trend=all|max_bars=24,short,50247,50248,50252,2024-12-18 15:00:00+00:00,2024-12-18 15:15:00+00:00,2024-12-18 16:15:00+00:00,2653.0,2656.1,-30.99999999999909,-33.99999999999909,-1.0,46.49999999999636,30.99999999999909,3.0,sl,4,25.0,1.0,-849.9999999999773,849.9999999999773,1162.499999999909,2024-12-18,GC	reddit_orb_breakout	reddit_orb_breakout|ny|range=15|entry=150|rr=1.5|sl_atr=1|tp_atr=1.5|threshold=2|adx_max=none|adx_min=none|rsi2=none|trend=all|max_bars=24,reddit_research,,
futures,HG,reddit_capitulation_reversion,reddit_capitulation_reversion|ny|range=15|entry=150|rr=2.5|sl_atr=1|tp_atr=1.5|threshold=1.75|adx_max=none|adx_min=none|rsi2=10.0|trend=both|max_bars=24,short,50543,50544,50554,2024-12-20 15:30:00+00:00,2024-12-20 15:45:00+00:00,2024-12-20 18:15:00+00:00,4.0965,4.108789499999999,-24.57899999999924,-27.57899999999924,-1.0,61.44749999999988,24.57899999999924,3.0,sl,10,35.0,1.25,-1206.5812499999668,1206.5812499999668,2688.3281249999945,2024-12-20,HG	reddit_capitulation_reversion	reddit_capitulation_reversion|ny|range=15|entry=150|rr=2.5|sl_atr=1|tp_atr=1.5|threshold=1.75|adx_max=none|adx_min=none|rsi2=10.0|trend=both|max_bars=24,reddit_research,,
futures,GC,reddit_orb_breakout,reddit_orb_breakout|ny|range=15|entry=150|rr=1.5|sl_atr=1|tp_atr=1.5|threshold=2|adx_max=none|adx_min=none|rsi2=none|trend=all|max_bars=24,short,50522,50523,50524,2024-12-23 14:45:00+00:00,2024-12-23 15:00:00+00:00,2024-12-23 15:15:00+00:00,2629.8,2625.0000000000005,47.99999999999727,44.99999999999727,1.2857142857142745,47.99999999999727,31.99999999999818,3.0,tp,1,25.0,1.0,1124.9999999999318,874.9999999999545,1199.9999999999318,2024-12-23,GC	reddit_orb_breakout	reddit_orb_breakout|ny|range=15|entry=150|rr=1.5|sl_atr=1|tp_atr=1.5|threshold=2|adx_max=none|adx_min=none|rsi2=none|trend=all|max_bars=24,reddit_research,,
futures,NQ,reddit_orb_retest,reddit_orb_retest|ny|range=15|entry=150|rr=2|sl_atr=1|tp_atr=1.5|threshold=2|adx_max=none|adx_min=none|rsi2=none|trend=all|max_bars=24,short,50590,50591,50592,2024-12-23 16:00:00+00:00,2024-12-23 16:15:00+00:00,2024-12-23 16:30:00+00:00,21606.75,21675.5,-275.0,-278.0,-1.0,550.0,275.0,3.0,sl,1,8.0,0.5,-1112.0,1112.0,2200.0,2024-12-23,NQ	reddit_orb_retest	reddit_orb_retest|ny|range=15|entry=150|rr=2|sl_atr=1|tp_atr=1.5|threshold=2|adx_max=none|adx_min=none|rsi2=none|trend=all|max_bars=24,reddit_research,,
futures,YM,reddit_ema_pullback,reddit_ema_pullback|ny|range=15|entry=150|rr=1.5|sl_atr=1|tp_atr=1.5|threshold=2|adx_max=none|adx_min=none|rsi2=none|trend=both|max_bars=24,long,50677,50678,50678,2024-12-24 14:45:00+00:00,2024-12-24 15:00:00+00:00,2024-12-24 15:00:00+00:00,43315.0,43357.72115152551,42.72115152551123,39.72115152551123,1.26175930411359,42.72115152551123,28.48076768367173,3.0,tp,1,75.0,0.5,1489.5431822066712,1180.5287881376898,1602.0431822066712,2024-12-24,YM	reddit_ema_pullback	reddit_ema_pullback|ny|range=15|entry=150|rr=1.5|sl_atr=1|tp_atr=1.5|threshold=2|adx_max=none|adx_min=none|rsi2=none|trend=both|max_bars=24,reddit_research,,
futures,HG,reddit_orb_breakout,reddit_orb_breakout|london|range=15|entry=150|rr=1.5|sl_atr=1|tp_atr=1.5|threshold=2|adx_max=none|adx_min=none|rsi2=none|trend=all|max_bars=24,short,50778,50779,50779,2024-12-26 08:30:00+00:00,2024-12-26 08:45:00+00:00,2024-12-26 08:45:00+00:00,4.0895,4.098,-16.99999999999946,-19.99999999999946,-1.0,25.49999999999919,16.99999999999946,3.0,sl,1,50.0,1.25,-1249.9999999999663,1249.9999999999663,1593.7499999999493,2024-12-26,HG	reddit_orb_breakout	reddit_orb_breakout|london|range=15|entry=150|rr=1.5|sl_atr=1|tp_atr=1.5|threshold=2|adx_max=none|adx_min=none|rsi2=none|trend=all|max_bars=24,reddit_research,,
futures,HG,reddit_orb_breakout,reddit_orb_breakout|london|range=15|entry=150|rr=1.5|sl_atr=1|tp_atr=1.5|threshold=2|adx_max=none|adx_min=none|rsi2=none|trend=all|max_bars=24,short,50961,50962,50966,2024-12-30 08:15:00+00:00,2024-12-30 08:30:00+00:00,2024-12-30 09:30:00+00:00,4.121,4.109000000000002,23.99999999999736,20.99999999999736,1.1052631578947003,23.99999999999736,15.999999999998238,3.0,tp,4,50.0,1.25,1312.4999999998347,1187.49999999989,1499.9999999998347,2024-12-30,HG	reddit_orb_breakout	reddit_orb_breakout|london|range=15|entry=150|rr=1.5|sl_atr=1|tp_atr=1.5|threshold=2|adx_max=none|adx_min=none|rsi2=none|trend=all|max_bars=24,reddit_research,,
futures,NQ,reddit_orb_retest,reddit_orb_retest|ny|range=15|entry=150|rr=2|sl_atr=1|tp_atr=1.5|threshold=2|adx_max=none|adx_min=none|rsi2=none|trend=all|max_bars=24,short,52202,52203,52209,2025-01-20 16:15:00+00:00,2025-01-20 16:30:00+00:00,2025-01-20 23:00:00+00:00,21707.75,21712.5,-19.0,-22.0,-0.0766550522648083,568.0,284.0,3.0,session_close,6,8.0,0.5,-88.0,1148.0,2272.0,2025-01-20,NQ	reddit_orb_retest	reddit_orb_retest|ny|range=15|entry=150|rr=2|sl_atr=1|tp_atr=1.5|threshold=2|adx_max=none|adx_min=none|rsi2=none|trend=all|max_bars=24,reddit_research,,
futures,NQ,reddit_orb_retest,reddit_orb_retest|ny|range=15|entry=150|rr=2|sl_atr=1|tp_atr=1.5|threshold=2|adx_max=none|adx_min=none|rsi2=none|trend=all|max_bars=24,long,52461,52462,52481,2025-01-23 16:00:00+00:00,2025-01-23 16:15:00+00:00,2025-01-23 21:00:00+00:00,21939.25,22025.25,344.0,341.0,1.152027027027027,586.0,293.0,3.0,session_close,19,8.0,0.5,1364.0,1184.0,2344.0,2025-01-23,NQ	reddit_orb_retest	reddit_orb_retest|ny|range=15|entry=150|rr=2|sl_atr=1|tp_atr=1.5|threshold=2|adx_max=none|adx_min=none|rsi2=none|trend=all|max_bars=24,reddit_research,,
futures,GC,reddit_orb_breakout,reddit_orb_breakout|ny|range=15|entry=150|rr=1.5|sl_atr=1|tp_atr=1.5|threshold=2|adx_max=none|adx_min=none|rsi2=none|trend=all|max_bars=24,long,52709,52710,52716,2025-01-28 15:15:00+00:00,2025-01-28 15:30:00+00:00,2025-01-28 17:00:00+00:00,2761.5,2767.65,61.49999999999636,58.49999999999636,1.3295454545453993,61.49999999999636,40.99999999999909,3.0,tp,6,25.0,1.0,1462.499999999909,1099.9999999999773,1537.499999999909,2025-01-28,GC	reddit_orb_breakout	reddit_orb_breakout|ny|range=15|entry=150|rr=1.5|sl_atr=1|tp_atr=1.5|threshold=2|adx_max=none|adx_min=none|rsi2=none|trend=all|max_bars=24,reddit_research,,
futures,NQ,reddit_orb_retest,reddit_orb_retest|ny|range=15|entry=150|rr=2|sl_atr=1|tp_atr=1.5|threshold=2|adx_max=none|adx_min=none|rsi2=none|trend=all|max_bars=24,long,53288,53289,53293,2025-02-05 15:45:00+00:00,2025-02-05 16:00:00+00:00,2025-02-05 17:00:00+00:00,21591.25,21735.75,578.0,575.0,1.9691780821917808,578.0,289.0,3.0,tp,4,8.0,0.5,2300.0,1168.0,2312.0,2025-02-05,NQ	reddit_orb_retest	reddit_orb_retest|ny|range=15|entry=150|rr=2|sl_atr=1|tp_atr=1.5|threshold=2|adx_max=none|adx_min=none|rsi2=none|trend=all|max_bars=24,reddit_research,,
futures,RTY,reddit_orb_retest,reddit_orb_retest|ny|range=15|entry=150|rr=2|sl_atr=1|tp_atr=1.5|threshold=2|adx_max=none|adx_min=none|rsi2=none|trend=all|max_bars=24,long,53287,53288,53308,2025-02-05 15:45:00+00:00,2025-02-05 16:00:00+00:00,2025-02-05 21:00:00+00:00,2314.2,2324.5,103.00000000000182,100.00000000000182,1.190476190476225,161.99999999999818,80.99999999999909,3.0,session_close,20,25.0,0.5,1250.0000000000227,1049.9999999999886,2024.9999999999773,2025-02-05,RTY	reddit_orb_retest	reddit_orb_retest|ny|range=15|entry=150|rr=2|sl_atr=1|tp_atr=1.5|threshold=2|adx_max=none|adx_min=none|rsi2=none|trend=all|max_bars=24,reddit_research,,
futures,RTY,reddit_orb_retest,reddit_orb_retest|ny|range=15|entry=150|rr=2|sl_atr=1|tp_atr=1.5|threshold=2|adx_max=none|adx_min=none|rsi2=none|trend=all|max_bars=24,long,53653,53654,53676,2025-02-11 15:15:00+00:00,2025-02-11 15:30:00+00:00,2025-02-11 21:00:00+00:00,2283.5,2285.9,24.00000000000091,21.00000000000091,0.2413793103448355,168.00000000000182,84.00000000000091,3.0,session_close,22,25.0,0.5,262.50000000001137,1087.5000000000114,2100.0000000000227,2025-02-11,RTY	reddit_orb_retest	reddit_orb_retest|ny|range=15|entry=150|rr=2|sl_atr=1|tp_atr=1.5|threshold=2|adx_max=none|adx_min=none|rsi2=none|trend=all|max_bars=24,reddit_research,,
futures,NQ,reddit_orb_retest,reddit_orb_retest|ny|range=15|entry=150|rr=2|sl_atr=1|tp_atr=1.5|threshold=2|adx_max=none|adx_min=none|rsi2=none|trend=all|max_bars=24,long,53930,53931,53953,2025-02-14 15:15:00+00:00,2025-02-14 15:30:00+00:00,2025-02-14 21:00:00+00:00,22138.75,22214.5,303.0,300.0,1.5151515151515151,390.0,195.0,3.0,session_close,22,8.0,0.5,1200.0,792.0,1560.0,2025-02-14,NQ	reddit_orb_retest	reddit_orb_retest|ny|range=15|entry=150|rr=2|sl_atr=1|tp_atr=1.5|threshold=2|adx_max=none|adx_min=none|rsi2=none|trend=all|max_bars=24,reddit_research,,
futures,YM,reddit_ema_pullback,reddit_ema_pullback|ny|range=15|entry=150|rr=1.5|sl_atr=1|tp_atr=1.5|threshold=2|adx_max=none|adx_min=none|rsi2=none|trend=both|max_bars=24,long,54025,54026,54027,2025-02-17 16:00:00+00:00,2025-02-17 16:15:00+00:00,2025-02-17 16:30:00+00:00,44710.0,44738.86000726733,28.86000726732891,25.86000726732891,1.1627698576368883,28.86000726732891,19.240004844883515,3.0,tp,1,75.0,0.5,969.750272524834,834.0001816831318,1082.250272524834,2025-02-17,YM	reddit_ema_pullback	reddit_ema_pullback|ny|range=15|entry=150|rr=1.5|sl_atr=1|tp_atr=1.5|threshold=2|adx_max=none|adx_min=none|rsi2=none|trend=both|max_bars=24,reddit_research,,
futures,NQ,reddit_orb_retest,reddit_orb_retest|ny|range=15|entry=150|rr=2|sl_atr=1|tp_atr=1.5|threshold=2|adx_max=none|adx_min=none|rsi2=none|trend=all|max_bars=24,long,54026,54027,54033,2025-02-17 16:15:00+00:00,2025-02-17 16:30:00+00:00,2025-02-17 23:00:00+00:00,22247.25,22219.25,-112.0,-115.0,-0.5180180180180181,438.0,219.0,3.0,session_close,6,8.0,0.5,-460.0,888.0,1752.0,2025-02-17,NQ	reddit_orb_retest	reddit_orb_retest|ny|range=15|entry=150|rr=2|sl_atr=1|tp_atr=1.5|threshold=2|adx_max=none|adx_min=none|rsi2=none|trend=all|max_bars=24,reddit_research,,
futures,HG,reddit_orb_breakout,reddit_orb_breakout|london|range=15|entry=150|rr=1.5|sl_atr=1|tp_atr=1.5|threshold=2|adx_max=none|adx_min=none|rsi2=none|trend=all|max_bars=24,long,56185,56186,56189,2025-03-20 07:15:00+00:00,2025-03-20 07:30:00+00:00,2025-03-20 08:15:00+00:00,5.1345,5.1265,-16.000000000000014,-19.00000000000001,-1.0,23.999999999999133,16.000000000000014,3.0,sl,3,50.0,1.25,-1187.500000000001,1187.500000000001,1499.999999999946,2025-03-20,HG	reddit_orb_breakout	reddit_orb_breakout|london|range=15|entry=150|rr=1.5|sl_atr=1|tp_atr=1.5|threshold=2|adx_max=none|adx_min=none|rsi2=none|trend=all|max_bars=24,reddit_research,,
futures,NQ,reddit_orb_retest,reddit_orb_retest|ny|range=15|entry=150|rr=2|sl_atr=1|tp_atr=1.5|threshold=2|adx_max=none|adx_min=none|rsi2=none|trend=all|max_bars=24,long,58974,58975,58997,2025-05-05 14:15:00+00:00,2025-05-05 14:30:00+00:00,2025-05-05 20:00:00+00:00,20059.75,20036.75,-92.0,-95.0,-0.3156146179401993,596.0,298.0,3.0,session_close,22,8.0,0.5,-380.0,1204.0,2384.0,2025-05-05,NQ	reddit_orb_retest	reddit_orb_retest|ny|range=15|entry=150|rr=2|sl_atr=1|tp_atr=1.5|threshold=2|adx_max=none|adx_min=none|rsi2=none|trend=all|max_bars=24,reddit_research,,
futures,RTY,reddit_orb_retest,reddit_orb_retest|ny|range=15|entry=150|rr=2|sl_atr=1|tp_atr=1.5|threshold=2|adx_max=none|adx_min=none|rsi2=none|trend=all|max_bars=24,long,59806,59807,59820,2025-05-16 15:30:00+00:00,2025-05-16 15:45:00+00:00,2025-05-16 19:00:00+00:00,2105.8,2121.000000000001,152.00000000000728,149.00000000000728,1.8860759493670936,152.00000000000728,76.00000000000364,3.0,tp,13,25.0,0.5,1862.500000000091,987.5000000000456,1900.000000000091,2025-05-16,RTY	reddit_orb_retest	reddit_orb_retest|ny|range=15|entry=150|rr=2|sl_atr=1|tp_atr=1.5|threshold=2|adx_max=none|adx_min=none|rsi2=none|trend=all|max_bars=24,reddit_research,,
futures,RTY,reddit_orb_retest,reddit_orb_retest|ny|range=15|entry=150|rr=2|sl_atr=1|tp_atr=1.5|threshold=2|adx_max=none|adx_min=none|rsi2=none|trend=all|max_bars=24,long,59986,59987,60004,2025-05-20 14:30:00+00:00,2025-05-20 14:45:00+00:00,2025-05-20 19:00:00+00:00,2111.5,2102.0,-95.0,-98.0,-1.0,190.0,95.0,3.0,sl,17,25.0,0.5,-1225.0,1225.0,2375.0,2025-05-20,RTY	reddit_orb_retest	reddit_orb_retest|ny|range=15|entry=150|rr=2|sl_atr=1|tp_atr=1.5|threshold=2|adx_max=none|adx_min=none|rsi2=none|trend=all|max_bars=24,reddit_research,,
futures,NQ,reddit_orb_retest,reddit_orb_retest|ny|range=15|entry=150|rr=2|sl_atr=1|tp_atr=1.5|threshold=2|adx_max=none|adx_min=none|rsi2=none|trend=all|max_bars=24,long,61262,61263,61281,2025-06-09 15:15:00+00:00,2025-06-09 15:30:00+00:00,2025-06-09 20:00:00+00:00,21825.0,21804.0,-84.0,-87.0,-0.29,594.0,297.0,3.0,session_close,18,8.0,0.5,-348.0,1200.0,2376.0,2025-06-09,NQ	reddit_orb_retest	reddit_orb_retest|ny|range=15|entry=150|rr=2|sl_atr=1|tp_atr=1.5|threshold=2|adx_max=none|adx_min=none|rsi2=none|trend=all|max_bars=24,reddit_research,,
futures,RTY,reddit_orb_retest,reddit_orb_retest|ny|range=15|entry=150|rr=2|sl_atr=1|tp_atr=1.5|threshold=2|adx_max=none|adx_min=none|rsi2=none|trend=all|max_bars=24,long,61352,61353,61364,2025-06-10 15:00:00+00:00,2025-06-10 15:15:00+00:00,2025-06-10 18:00:00+00:00,2162.3,2154.2,-81.00000000000364,-84.00000000000364,-1.0,162.00000000000728,81.00000000000364,3.0,sl,11,25.0,0.5,-1050.0000000000457,1050.0000000000457,2025.000000000091,2025-06-10,RTY	reddit_orb_retest	reddit_orb_retest|ny|range=15|entry=150|rr=2|sl_atr=1|tp_atr=1.5|threshold=2|adx_max=none|adx_min=none|rsi2=none|trend=all|max_bars=24,reddit_research,,
futures,RTY,reddit_orb_retest,reddit_orb_retest|ny|range=15|entry=150|rr=2|sl_atr=1|tp_atr=1.5|threshold=2|adx_max=none|adx_min=none|rsi2=none|trend=all|max_bars=24,short,61994,61995,62004,2025-06-19 14:30:00+00:00,2025-06-19 14:45:00+00:00,2025-06-19 22:00:00+00:00,2097.4,2109.5,-120.99999999999908,-123.99999999999908,-1.3478260869564986,178.00000000000182,89.00000000000091,3.0,session_close,9,25.0,0.5,-1549.9999999999886,1150.0000000000114,2225.0000000000227,2025-06-19,RTY	reddit_orb_retest	reddit_orb_retest|ny|range=15|entry=150|rr=2|sl_atr=1|tp_atr=1.5|threshold=2|adx_max=none|adx_min=none|rsi2=none|trend=all|max_bars=24,reddit_research,,
futures,NQ,reddit_orb_retest,reddit_orb_retest|ny|range=15|entry=150|rr=2|sl_atr=1|tp_atr=1.5|threshold=2|adx_max=none|adx_min=none|rsi2=none|trend=all|max_bars=24,short,62346,62347,62369,2025-06-25 14:15:00+00:00,2025-06-25 14:30:00+00:00,2025-06-25 20:00:00+00:00,22488.5,22467.25,85.0,82.0,0.3388429752066115,478.0,239.0,3.0,session_close,22,8.0,0.5,328.0,968.0,1912.0,2025-06-25,NQ	reddit_orb_retest	reddit_orb_retest|ny|range=15|entry=150|rr=2|sl_atr=1|tp_atr=1.5|threshold=2|adx_max=none|adx_min=none|rsi2=none|trend=all|max_bars=24,reddit_research,,
futures,NQ,reddit_orb_retest,reddit_orb_retest|ny|range=15|entry=150|rr=2|sl_atr=1|tp_atr=1.5|threshold=2|adx_max=none|adx_min=none|rsi2=none|trend=all|max_bars=24,long,62440,62441,62461,2025-06-26 14:45:00+00:00,2025-06-26 15:00:00+00:00,2025-06-26 20:00:00+00:00,22570.25,22653.0,331.0,328.0,1.0789473684210529,602.0,301.0,3.0,session_close,20,8.0,0.5,1312.0,1216.0,2408.0,2025-06-26,NQ	reddit_orb_retest	reddit_orb_retest|ny|range=15|entry=150|rr=2|sl_atr=1|tp_atr=1.5|threshold=2|adx_max=none|adx_min=none|rsi2=none|trend=all|max_bars=24,reddit_research,,
futures,RTY,reddit_orb_retest,reddit_orb_retest|ny|range=15|entry=150|rr=2|sl_atr=1|tp_atr=1.5|threshold=2|adx_max=none|adx_min=none|rsi2=none|trend=all|max_bars=24,short,62626,62627,62644,2025-06-30 15:30:00+00:00,2025-06-30 15:45:00+00:00,2025-06-30 20:00:00+00:00,2191.2,2187.7,35.0,32.0,0.3516483516483446,176.00000000000364,88.00000000000182,3.0,session_close,17,25.0,0.5,400.0,1137.5000000000227,2200.000000000045,2025-06-30,RTY	reddit_orb_retest	reddit_orb_retest|ny|range=15|entry=150|rr=2|sl_atr=1|tp_atr=1.5|threshold=2|adx_max=none|adx_min=none|rsi2=none|trend=all|max_bars=24,reddit_research,,
futures,NQ,reddit_orb_retest,reddit_orb_retest|ny|range=15|entry=150|rr=2|sl_atr=1|tp_atr=1.5|threshold=2|adx_max=none|adx_min=none|rsi2=none|trend=all|max_bars=24,long,62976,62977,62986,2025-07-04 14:30:00+00:00,2025-07-04 14:45:00+00:00,2025-07-06 22:00:00+00:00,22942.25,22992.25,200.0,197.0,0.8954545454545455,434.0,217.0,3.0,session_close,9,8.0,0.5,788.0,880.0,1736.0,2025-07-04,NQ	reddit_orb_retest	reddit_orb_retest|ny|range=15|entry=150|rr=2|sl_atr=1|tp_atr=1.5|threshold=2|adx_max=none|adx_min=none|rsi2=none|trend=all|max_bars=24,reddit_research,,
futures,RTY,reddit_orb_retest,reddit_orb_retest|ny|range=15|entry=150|rr=2|sl_atr=1|tp_atr=1.5|threshold=2|adx_max=none|adx_min=none|rsi2=none|trend=all|max_bars=24,long,62978,62979,62985,2025-07-04 15:15:00+00:00,2025-07-04 15:30:00+00:00,2025-07-06 22:00:00+00:00,2240.4,2254.0,135.9999999999991,132.9999999999991,2.6599999999998367,94.00000000000546,47.00000000000273,3.0,session_close,6,25.0,0.5,1662.4999999999886,625.0000000000341,1175.0000000000682,2025-07-04,RTY	reddit_orb_retest	reddit_orb_retest|ny|range=15|entry=150|rr=2|sl_atr=1|tp_atr=1.5|threshold=2|adx_max=none|adx_min=none|rsi2=none|trend=all|max_bars=24,reddit_research,,
futures,NQ,reddit_orb_retest,reddit_orb_retest|ny|range=15|entry=150|rr=2|sl_atr=1|tp_atr=1.5|threshold=2|adx_max=none|adx_min=none|rsi2=none|trend=all|max_bars=24,short,63142,63143,63151,2025-07-08 14:00:00+00:00,2025-07-08 14:15:00+00:00,2025-07-08 16:15:00+00:00,22881.75,22943.5,-247.0,-250.0,-1.0,494.0,247.0,3.0,sl,8,8.0,0.5,-1000.0,1000.0,1976.0,2025-07-08,NQ	reddit_orb_retest	reddit_orb_retest|ny|range=15|entry=150|rr=2|sl_atr=1|tp_atr=1.5|threshold=2|adx_max=none|adx_min=none|rsi2=none|trend=all|max_bars=24,reddit_research,,
futures,RTY,reddit_orb_retest,reddit_orb_retest|ny|range=15|entry=150|rr=2|sl_atr=1|tp_atr=1.5|threshold=2|adx_max=none|adx_min=none|rsi2=none|trend=all|max_bars=24,long,63969,63970,63978,2025-07-21 14:00:00+00:00,2025-07-21 14:15:00+00:00,2025-07-21 16:15:00+00:00,2266.7,2260.6,-60.99999999999909,-63.99999999999909,-1.0,121.99999999999818,60.99999999999909,3.0,sl,8,25.0,0.5,-799.9999999999886,799.9999999999886,1524.9999999999773,2025-07-21,RTY	reddit_orb_retest	reddit_orb_retest|ny|range=15|entry=150|rr=2|sl_atr=1|tp_atr=1.5|threshold=2|adx_max=none|adx_min=none|rsi2=none|trend=all|max_bars=24,reddit_research,,
futures,NQ,reddit_orb_retest,reddit_orb_retest|ny|range=15|entry=150|rr=2|sl_atr=1|tp_atr=1.5|threshold=2|adx_max=none|adx_min=none|rsi2=none|trend=all|max_bars=24,short,64247,64248,64253,2025-07-24 14:15:00+00:00,2025-07-24 14:30:00+00:00,2025-07-24 15:45:00+00:00,23332.5,23399.5,-268.0,-271.0,-1.0,536.0,268.0,3.0,sl,5,8.0,0.5,-1084.0,1084.0,2144.0,2025-07-24,NQ	reddit_orb_retest	reddit_orb_retest|ny|range=15|entry=150|rr=2|sl_atr=1|tp_atr=1.5|threshold=2|adx_max=none|adx_min=none|rsi2=none|trend=all|max_bars=24,reddit_research,,
futures,RTY,reddit_orb_retest,reddit_orb_retest|ny|range=15|entry=150|rr=2|sl_atr=1|tp_atr=1.5|threshold=2|adx_max=none|adx_min=none|rsi2=none|trend=all|max_bars=24,short,64250,64251,64269,2025-07-24 15:15:00+00:00,2025-07-24 15:30:00+00:00,2025-07-24 20:00:00+00:00,2276.3,2266.0,103.00000000000182,100.00000000000182,1.1494252873563908,167.99999999999272,83.99999999999636,3.0,session_close,18,25.0,0.5,1250.0000000000227,1087.4999999999543,2099.999999999909,2025-07-24,RTY	reddit_orb_retest	reddit_orb_retest|ny|range=15|entry=150|rr=2|sl_atr=1|tp_atr=1.5|threshold=2|adx_max=none|adx_min=none|rsi2=none|trend=all|max_bars=24,reddit_research,,
futures,NQ,reddit_orb_retest,reddit_orb_retest|ny|range=15|entry=150|rr=2|sl_atr=1|tp_atr=1.5|threshold=2|adx_max=none|adx_min=none|rsi2=none|trend=all|max_bars=24,long,64430,64431,64435,2025-07-28 14:00:00+00:00,2025-07-28 14:15:00+00:00,2025-07-28 15:15:00+00:00,23515.75,23464.75,-204.0,-207.0,-1.0,408.0,204.0,3.0,sl,4,8.0,0.5,-828.0,828.0,1632.0,2025-07-28,NQ	reddit_orb_retest	reddit_orb_retest|ny|range=15|entry=150|rr=2|sl_atr=1|tp_atr=1.5|threshold=2|adx_max=none|adx_min=none|rsi2=none|trend=all|max_bars=24,reddit_research,,
futures,RTY,reddit_orb_retest,reddit_orb_retest|ny|range=15|entry=150|rr=2|sl_atr=1|tp_atr=1.5|threshold=2|adx_max=none|adx_min=none|rsi2=none|trend=all|max_bars=24,long,64620,64621,64631,2025-07-30 15:45:00+00:00,2025-07-30 16:00:00+00:00,2025-07-30 18:30:00+00:00,2266.2,2259.8,-63.99999999999636,-66.99999999999636,-1.0,127.99999999999272,63.99999999999636,3.0,sl,10,25.0,0.5,-837.4999999999545,837.4999999999545,1599.999999999909,2025-07-30,RTY	reddit_orb_retest	reddit_orb_retest|ny|range=15|entry=150|rr=2|sl_atr=1|tp_atr=1.5|threshold=2|adx_max=none|adx_min=none|rsi2=none|trend=all|max_bars=24,reddit_research,,
futures,NQ,reddit_orb_retest,reddit_orb_retest|ny|range=15|entry=150|rr=2|sl_atr=1|tp_atr=1.5|threshold=2|adx_max=none|adx_min=none|rsi2=none|trend=all|max_bars=24,long,65350,65351,65366,2025-08-11 14:00:00+00:00,2025-08-11 14:15:00+00:00,2025-08-11 18:00:00+00:00,23746.25,23680.75,-262.0,-265.0,-1.0,524.0,262.0,3.0,sl,15,8.0,0.5,-1060.0,1060.0,2096.0,2025-08-11,NQ	reddit_orb_retest	reddit_orb_retest|ny|range=15|entry=150|rr=2|sl_atr=1|tp_atr=1.5|threshold=2|adx_max=none|adx_min=none|rsi2=none|trend=all|max_bars=24,reddit_research,,
futures,RTY,reddit_orb_retest,reddit_orb_retest|ny|range=15|entry=150|rr=2|sl_atr=1|tp_atr=1.5|threshold=2|adx_max=none|adx_min=none|rsi2=none|trend=all|max_bars=24,long,65535,65536,65551,2025-08-13 14:30:00+00:00,2025-08-13 14:45:00+00:00,2025-08-13 18:30:00+00:00,2309.7,2327.0999999999995,173.99999999999636,170.99999999999636,1.899999999999998,173.99999999999636,86.99999999999818,3.0,tp,15,25.0,0.5,2137.4999999999545,1124.9999999999773,2174.9999999999545,2025-08-13,RTY	reddit_orb_retest	reddit_orb_retest|ny|range=15|entry=150|rr=2|sl_atr=1|tp_atr=1.5|threshold=2|adx_max=none|adx_min=none|rsi2=none|trend=all|max_bars=24,reddit_research,,
futures,RTY,reddit_orb_retest,reddit_orb_retest|ny|range=15|entry=150|rr=2|sl_atr=1|tp_atr=1.5|threshold=2|adx_max=none|adx_min=none|rsi2=none|trend=all|max_bars=24,long,65810,65811,65833,2025-08-18 14:15:00+00:00,2025-08-18 14:30:00+00:00,2025-08-18 20:00:00+00:00,2298.3,2301.8,35.0,32.0,0.4102564102564102,150.0,75.0,3.0,session_close,22,25.0,0.5,400.0,975.0,1875.0,2025-08-18,RTY	reddit_orb_retest	reddit_orb_retest|ny|range=15|entry=150|rr=2|sl_atr=1|tp_atr=1.5|threshold=2|adx_max=none|adx_min=none|rsi2=none|trend=all|max_bars=24,reddit_research,,
futures,NQ,reddit_orb_retest,reddit_orb_retest|ny|range=15|entry=150|rr=2|sl_atr=1|tp_atr=1.5|threshold=2|adx_max=none|adx_min=none|rsi2=none|trend=all|max_bars=24,short,65812,65813,65834,2025-08-18 14:30:00+00:00,2025-08-18 14:45:00+00:00,2025-08-18 20:00:00+00:00,23751.75,23797.5,-183.0,-186.0,-0.7018867924528301,524.0,262.0,3.0,session_close,21,8.0,0.5,-744.0,1060.0,2096.0,2025-08-18,NQ	reddit_orb_retest	reddit_orb_retest|ny|range=15|entry=150|rr=2|sl_atr=1|tp_atr=1.5|threshold=2|adx_max=none|adx_min=none|rsi2=none|trend=all|max_bars=24,reddit_research,,
futures,HG,reddit_orb_breakout,reddit_orb_breakout|london|range=15|entry=150|rr=1.5|sl_atr=1|tp_atr=1.5|threshold=2|adx_max=none|adx_min=none|rsi2=none|trend=all|max_bars=24,short,66268,66269,66269,2025-08-22 07:30:00+00:00,2025-08-22 07:45:00+00:00,2025-08-22 07:45:00+00:00,4.4335,4.4385,-9.999999999999789,-12.999999999999789,-1.0,15.000000000000568,9.999999999999789,3.0,sl,1,50.0,1.25,-812.4999999999867,812.4999999999867,937.5000000000356,2025-08-22,HG	reddit_orb_breakout	reddit_orb_breakout|london|range=15|entry=150|rr=1.5|sl_atr=1|tp_atr=1.5|threshold=2|adx_max=none|adx_min=none|rsi2=none|trend=all|max_bars=24,reddit_research,,
futures,HG,reddit_orb_breakout,reddit_orb_breakout|london|range=15|entry=150|rr=1.5|sl_atr=1|tp_atr=1.5|threshold=2|adx_max=none|adx_min=none|rsi2=none|trend=all|max_bars=24,short,66360,66361,66363,2025-08-25 07:30:00+00:00,2025-08-25 07:45:00+00:00,2025-08-25 08:15:00+00:00,4.479,4.4670000000000005,23.999999999999133,20.999999999999133,1.1052631578946903,23.999999999999133,16.000000000000014,3.0,tp,2,50.0,1.25,1312.499999999946,1187.500000000001,1499.999999999946,2025-08-25,HG	reddit_orb_breakout	reddit_orb_breakout|london|range=15|entry=150|rr=1.5|sl_atr=1|tp_atr=1.5|threshold=2|adx_max=none|adx_min=none|rsi2=none|trend=all|max_bars=24,reddit_research,,
futures,GC,reddit_ema_pullback,reddit_ema_pullback|ny|range=15|entry=150|rr=1.5|sl_atr=1|tp_atr=1.5|threshold=2|adx_max=none|adx_min=none|rsi2=none|trend=both|max_bars=24,long,66260,66261,66262,2025-08-25 13:30:00+00:00,2025-08-25 13:45:00+00:00,2025-08-25 14:00:00+00:00,3413.2,3417.3853597531,41.85359753099874,38.85359753099874,1.257300390924855,41.85359753099874,27.90239835399916,3.0,tp,1,35.0,1.0,1359.875913584956,1081.5839423899706,1464.875913584956,2025-08-25,GC	reddit_ema_pullback	reddit_ema_pullback|ny|range=15|entry=150|rr=1.5|sl_atr=1|tp_atr=1.5|threshold=2|adx_max=none|adx_min=none|rsi2=none|trend=both|max_bars=24,reddit_research,,
futures,RTY,reddit_orb_retest,reddit_orb_retest|ny|range=15|entry=150|rr=2|sl_atr=1|tp_atr=1.5|threshold=2|adx_max=none|adx_min=none|rsi2=none|trend=all|max_bars=24,short,66275,66276,66293,2025-08-25 15:30:00+00:00,2025-08-25 15:45:00+00:00,2025-08-25 20:00:00+00:00,2355.3,2345.2,101.00000000000364,98.00000000000364,1.2098765432099623,155.99999999999454,77.99999999999727,3.0,session_close,17,25.0,0.5,1225.0000000000457,1012.499999999966,1949.999999999932,2025-08-25,RTY	reddit_orb_retest	reddit_orb_retest|ny|range=15|entry=150|rr=2|sl_atr=1|tp_atr=1.5|threshold=2|adx_max=none|adx_min=none|rsi2=none|trend=all|max_bars=24,reddit_research,,
futures,NQ,reddit_orb_retest,reddit_orb_retest|ny|range=15|entry=150|rr=2|sl_atr=1|tp_atr=1.5|threshold=2|adx_max=none|adx_min=none|rsi2=none|trend=all|max_bars=24,long,66730,66731,66742,2025-09-01 14:00:00+00:00,2025-09-01 14:15:00+00:00,2025-09-01 22:00:00+00:00,23486.25,23492.0,23.0,20.0,0.1104972375690607,356.0,178.0,3.0,session_close,11,8.0,0.5,80.0,724.0,1424.0,2025-09-01,NQ	reddit_orb_retest	reddit_orb_retest|ny|range=15|entry=150|rr=2|sl_atr=1|tp_atr=1.5|threshold=2|adx_max=none|adx_min=none|rsi2=none|trend=all|max_bars=24,reddit_research,,
futures,NQ,reddit_orb_retest,reddit_orb_retest|ny|range=15|entry=150|rr=2|sl_atr=1|tp_atr=1.5|threshold=2|adx_max=none|adx_min=none|rsi2=none|trend=all|max_bars=24,short,67267,67268,67287,2025-09-09 14:15:00+00:00,2025-09-09 14:30:00+00:00,2025-09-09 19:15:00+00:00,23810.25,23857.75,-190.0,-193.0,-1.0,380.0,190.0,3.0,sl,19,8.0,0.5,-772.0,772.0,1520.0,2025-09-09,NQ	reddit_orb_retest	reddit_orb_retest|ny|range=15|entry=150|rr=2|sl_atr=1|tp_atr=1.5|threshold=2|adx_max=none|adx_min=none|rsi2=none|trend=all|max_bars=24,reddit_research,,
futures,HG,reddit_orb_breakout,reddit_orb_breakout|london|range=15|entry=150|rr=1.5|sl_atr=1|tp_atr=1.5|threshold=2|adx_max=none|adx_min=none|rsi2=none|trend=all|max_bars=24,long,67727,67728,67728,2025-09-15 07:15:00+00:00,2025-09-15 07:30:00+00:00,2025-09-15 07:30:00+00:00,4.664,4.656,-16.000000000000014,-19.00000000000001,-1.0,24.00000000000091,16.000000000000014,3.0,sl,1,50.0,1.25,-1187.500000000001,1187.500000000001,1500.0000000000568,2025-09-15,HG	reddit_orb_breakout	reddit_orb_breakout|london|range=15|entry=150|rr=1.5|sl_atr=1|tp_atr=1.5|threshold=2|adx_max=none|adx_min=none|rsi2=none|trend=all|max_bars=24,reddit_research,,
futures,NQ,reddit_orb_retest,reddit_orb_retest|ny|range=15|entry=150|rr=2|sl_atr=1|tp_atr=1.5|threshold=2|adx_max=none|adx_min=none|rsi2=none|trend=all|max_bars=24,short,67726,67727,67750,2025-09-16 14:00:00+00:00,2025-09-16 14:15:00+00:00,2025-09-16 20:00:00+00:00,24295.0,24296.5,-6.0,-9.0,-0.0365853658536585,486.0,243.0,3.0,session_close,23,8.0,0.5,-36.0,984.0,1944.0,2025-09-16,NQ	reddit_orb_retest	reddit_orb_retest|ny|range=15|entry=150|rr=2|sl_atr=1|tp_atr=1.5|threshold=2|adx_max=none|adx_min=none|rsi2=none|trend=all|max_bars=24,reddit_research,,
futures,NQ,reddit_orb_retest,reddit_orb_retest|ny|range=15|entry=150|rr=2|sl_atr=1|tp_atr=1.5|threshold=2|adx_max=none|adx_min=none|rsi2=none|trend=all|max_bars=24,long,68002,68003,68005,2025-09-19 14:00:00+00:00,2025-09-19 14:15:00+00:00,2025-09-19 14:45:00+00:00,24789.5,24737.5,-208.0,-211.0,-1.0,416.0,208.0,3.0,sl,2,8.0,0.5,-844.0,844.0,1664.0,2025-09-19,NQ	reddit_orb_retest	reddit_orb_retest|ny|range=15|entry=150|rr=2|sl_atr=1|tp_atr=1.5|threshold=2|adx_max=none|adx_min=none|rsi2=none|trend=all|max_bars=24,reddit_research,,
futures,NQ,reddit_orb_retest,reddit_orb_retest|ny|range=15|entry=150|rr=2|sl_atr=1|tp_atr=1.5|threshold=2|adx_max=none|adx_min=none|rsi2=none|trend=all|max_bars=24,long,68094,68095,68103,2025-09-22 14:00:00+00:00,2025-09-22 14:15:00+00:00,2025-09-22 16:15:00+00:00,24863.5,24962.0,394.0,391.0,1.955,394.0,197.0,3.0,tp,8,8.0,0.5,1564.0,800.0,1576.0,2025-09-22,NQ	reddit_orb_retest	reddit_orb_retest|ny|range=15|entry=150|rr=2|sl_atr=1|tp_atr=1.5|threshold=2|adx_max=none|adx_min=none|rsi2=none|trend=all|max_bars=24,reddit_research,,
futures,HG,reddit_orb_breakout,reddit_orb_breakout|london|range=15|entry=150|rr=1.5|sl_atr=1|tp_atr=1.5|threshold=2|adx_max=none|adx_min=none|rsi2=none|trend=all|max_bars=24,short,68371,68372,68383,2025-09-24 07:15:00+00:00,2025-09-24 07:30:00+00:00,2025-09-24 10:15:00+00:00,4.6315,4.6195,23.999999999999133,20.999999999999133,1.1052631578946903,23.999999999999133,16.000000000000014,3.0,tp,11,50.0,1.25,1312.499999999946,1187.500000000001,1499.999999999946,2025-09-24,HG	reddit_orb_breakout	reddit_orb_breakout|london|range=15|entry=150|rr=1.5|sl_atr=1|tp_atr=1.5|threshold=2|adx_max=none|adx_min=none|rsi2=none|trend=all|max_bars=24,reddit_research,,
futures,NQ,reddit_orb_retest,reddit_orb_retest|ny|range=15|entry=150|rr=2|sl_atr=1|tp_atr=1.5|threshold=2|adx_max=none|adx_min=none|rsi2=none|trend=all|max_bars=24,short,68924,68925,68937,2025-10-03 14:30:00+00:00,2025-10-03 14:45:00+00:00,2025-10-03 17:45:00+00:00,25110.75,25001.25,438.0,435.0,1.9594594594594597,438.0,219.0,3.0,tp,12,8.0,0.5,1740.0,888.0,1752.0,2025-10-03,NQ	reddit_orb_retest	reddit_orb_retest|ny|range=15|entry=150|rr=2|sl_atr=1|tp_atr=1.5|threshold=2|adx_max=none|adx_min=none|rsi2=none|trend=all|max_bars=24,reddit_research,,
futures,NQ,reddit_orb_retest,reddit_orb_retest|ny|range=15|entry=150|rr=2|sl_atr=1|tp_atr=1.5|threshold=2|adx_max=none|adx_min=none|rsi2=none|trend=all|max_bars=24,short,69108,69109,69110,2025-10-07 14:30:00+00:00,2025-10-07 14:45:00+00:00,2025-10-07 15:00:00+00:00,25198.5,25069.0,518.0,515.0,1.965648854961832,518.0,259.0,3.0,tp,1,8.0,0.5,2060.0,1048.0,2072.0,2025-10-07,NQ	reddit_orb_retest	reddit_orb_retest|ny|range=15|entry=150|rr=2|sl_atr=1|tp_atr=1.5|threshold=2|adx_max=none|adx_min=none|rsi2=none|trend=all|max_bars=24,reddit_research,,
futures,NQ,reddit_orb_retest,reddit_orb_retest|ny|range=15|entry=150|rr=2|sl_atr=1|tp_atr=1.5|threshold=2|adx_max=none|adx_min=none|rsi2=none|trend=all|max_bars=24,short,70489,70490,70495,2025-10-28 14:45:00+00:00,2025-10-28 15:00:00+00:00,2025-10-28 16:15:00+00:00,26035.5,26094.75,-237.0,-240.0,-1.0,474.0,237.0,3.0,sl,5,8.0,0.5,-960.0,960.0,1896.0,2025-10-28,NQ	reddit_orb_retest	reddit_orb_retest|ny|range=15|entry=150|rr=2|sl_atr=1|tp_atr=1.5|threshold=2|adx_max=none|adx_min=none|rsi2=none|trend=all|max_bars=24,reddit_research,,
futures,NQ,reddit_orb_retest,reddit_orb_retest|ny|range=15|entry=150|rr=2|sl_atr=1|tp_atr=1.5|threshold=2|adx_max=none|adx_min=none|rsi2=none|trend=all|max_bars=24,long,70579,70580,70581,2025-10-29 14:15:00+00:00,2025-10-29 14:30:00+00:00,2025-10-29 14:45:00+00:00,26298.25,26254.75,-174.0,-177.0,-1.0,348.0,174.0,3.0,sl,1,8.0,0.5,-708.0,708.0,1392.0,2025-10-29,NQ	reddit_orb_retest	reddit_orb_retest|ny|range=15|entry=150|rr=2|sl_atr=1|tp_atr=1.5|threshold=2|adx_max=none|adx_min=none|rsi2=none|trend=all|max_bars=24,reddit_research,,
futures,HG,reddit_orb_breakout,reddit_orb_breakout|london|range=15|entry=150|rr=1.5|sl_atr=1|tp_atr=1.5|threshold=2|adx_max=none|adx_min=none|rsi2=none|trend=all|max_bars=24,short,72420,72421,72422,2025-11-25 08:30:00+00:00,2025-11-25 08:45:00+00:00,2025-11-25 09:00:00+00:00,5.0355,5.044,-16.99999999999946,-19.99999999999946,-1.0,25.49999999999919,16.99999999999946,3.0,sl,1,50.0,1.25,-1249.9999999999663,1249.9999999999663,1593.7499999999493,2025-11-25,HG	reddit_orb_breakout	reddit_orb_breakout|london|range=15|entry=150|rr=1.5|sl_atr=1|tp_atr=1.5|threshold=2|adx_max=none|adx_min=none|rsi2=none|trend=all|max_bars=24,reddit_research,,
futures,YM,reddit_ema_pullback,reddit_ema_pullback|ny|range=15|entry=150|rr=1.5|sl_atr=1|tp_atr=1.5|threshold=2|adx_max=none|adx_min=none|rsi2=none|trend=both|max_bars=24,long,72510,72511,72512,2025-11-27 15:00:00+00:00,2025-11-27 15:15:00+00:00,2025-11-27 15:30:00+00:00,47509.0,47487.945971165485,-21.05402883451461,-24.05402883451461,-1.0,31.58104325176828,21.05402883451461,3.0,sl,1,75.0,0.5,-902.026081294298,902.026081294298,1184.2891219413104,2025-11-27,YM	reddit_ema_pullback	reddit_ema_pullback|ny|range=15|entry=150|rr=1.5|sl_atr=1|tp_atr=1.5|threshold=2|adx_max=none|adx_min=none|rsi2=none|trend=both|max_bars=24,reddit_research,,
futures,RTY,reddit_orb_retest,reddit_orb_retest|ny|range=15|entry=150|rr=2|sl_atr=1|tp_atr=1.5|threshold=2|adx_max=none|adx_min=none|rsi2=none|trend=all|max_bars=24,long,72512,72513,72520,2025-11-27 16:00:00+00:00,2025-11-27 16:15:00+00:00,2025-11-27 23:00:00+00:00,2489.2,2493.2,40.0,37.0,1.2333333333334082,53.99999999999636,26.99999999999818,3.0,session_close,7,25.0,0.5,462.5,374.99999999997726,674.9999999999545,2025-11-27,RTY	reddit_orb_retest	reddit_orb_retest|ny|range=15|entry=150|rr=2|sl_atr=1|tp_atr=1.5|threshold=2|adx_max=none|adx_min=none|rsi2=none|trend=all|max_bars=24,reddit_research,,
futures,NQ,reddit_orb_retest,reddit_orb_retest|ny|range=15|entry=150|rr=2|sl_atr=1|tp_atr=1.5|threshold=2|adx_max=none|adx_min=none|rsi2=none|trend=all|max_bars=24,long,74187,74188,74197,2025-12-24 15:45:00+00:00,2025-12-24 16:00:00+00:00,2025-12-25 23:00:00+00:00,25829.0,25892.0,252.0,249.0,1.360655737704918,360.0,180.0,3.0,session_close,9,8.0,0.5,996.0,732.0,1440.0,2025-12-24,NQ	reddit_orb_retest	reddit_orb_retest|ny|range=15|entry=150|rr=2|sl_atr=1|tp_atr=1.5|threshold=2|adx_max=none|adx_min=none|rsi2=none|trend=all|max_bars=24,reddit_research,,
futures,NQ,reddit_orb_retest,reddit_orb_retest|ny|range=15|entry=150|rr=2|sl_atr=1|tp_atr=1.5|threshold=2|adx_max=none|adx_min=none|rsi2=none|trend=all|max_bars=24,long,74448,74449,74468,2025-12-30 15:45:00+00:00,2025-12-30 16:00:00+00:00,2025-12-30 20:45:00+00:00,25744.5,25681.75,-251.0,-254.0,-1.0,502.0,251.0,3.0,sl,19,8.0,0.5,-1016.0,1016.0,2008.0,2025-12-30,NQ	reddit_orb_retest	reddit_orb_retest|ny|range=15|entry=150|rr=2|sl_atr=1|tp_atr=1.5|threshold=2|adx_max=none|adx_min=none|rsi2=none|trend=all|max_bars=24,reddit_research,,
