market,symbol,phase,side,signal_index,entry_index,exit_index,signal_time,entry_time,exit_time,entry_price,exit_price,gross_units,net_units,r_multiple,tp_units,sl_units,cost_units,exit_reason,bars_held,key,size_multiplier,dollars_per_unit,pnl_dollars,risk_dollars,target_dollars,session_key,source,strategy,variant_id,dedupe,selection_key
futures,GC,ict_sweep_fvg,long,1197,1204,1205,2024-01-02 00:15:00+00:00,2024-01-02 02:00:00+00:00,2024-01-02 02:15:00+00:00,2073.6,2075.9,23.00000000000182,20.00000000000182,0.7692307692309199,23.00000000000182,22.99999999999727,3.0,tp,1,GC:ict_sweep_fvg,15.0,1.0,300.0000000000273,389.9999999999591,345.0000000000273,2024-01-02,precision_sprint,ict_sweep_fvg,precision_sprint,GC|ict_sweep_fvg|2024-01-02 02:00:00+00:00|long,
futures,NQ,ict_sweep_fvg,long,1227,1232,1232,2024-01-02 07:45:00+00:00,2024-01-02 09:00:00+00:00,2024-01-02 09:00:00+00:00,17018.5,17011.5,-28.0,-31.0,-1.0,28.0,28.0,3.0,sl,0,NQ:ict_sweep_fvg,15.0,0.5,-232.5,232.5,210.0,2024-01-02,precision_sprint,ict_sweep_fvg,precision_sprint,NQ|ict_sweep_fvg|2024-01-02 09:00:00+00:00|long,
futures,GC,ict_sweep_fvg,short,1254,1260,1260,2024-01-02 14:30:00+00:00,2024-01-02 16:00:00+00:00,2024-01-02 16:00:00+00:00,2075.2000000000003,2071.0,42.00000000000273,39.00000000000273,1.0000000000001166,42.00000000000273,41.99999999999818,3.0,tp,0,GC:ict_sweep_fvg,15.0,1.0,585.0000000000409,674.9999999999727,630.0000000000409,2024-01-02,precision_sprint,ict_sweep_fvg,precision_sprint,GC|ict_sweep_fvg|2024-01-02 16:00:00+00:00|short,
futures,HG,,short,27440,27441,27460,2024-01-02 16:00:00+00:00,2024-01-02 16:15:00+00:00,2024-01-02 21:00:00+00:00,3.8875,3.8675,40.00000000000004,37.00000000000004,1.40550807217475,58.31250000000043,23.32499999999981,3.0,session_close,19,,35.0,1.25,1618.7500000000016,1151.718749999992,2551.171875000019,2024-01-02,reddit_research,reddit_capitulation_reversion,reddit_capitulation_reversion|ny|range=15|entry=150|rr=2.5|sl_atr=1|tp_atr=1.5|threshold=1.75|adx_max=none|adx_min=none|rsi2=10.0|trend=both|max_bars=24,HG|reddit_capitulation_reversion|2024-01-02 16:15:00+00:00|short,HG	reddit_capitulation_reversion	reddit_capitulation_reversion|ny|range=15|entry=150|rr=2.5|sl_atr=1|tp_atr=1.5|threshold=1.75|adx_max=none|adx_min=none|rsi2=10.0|trend=both|max_bars=24
futures,RTY,ict_sweep_fvg,long,1263,1267,1267,2024-01-02 16:45:00+00:00,2024-01-02 17:45:00+00:00,2024-01-02 17:45:00+00:00,2047.7,2044.9,-27.999999999999545,-30.999999999999545,-1.0,27.999999999999545,27.999999999999545,3.0,sl,0,RTY:ict_sweep_fvg,40.0,0.5,-619.9999999999909,619.9999999999909,559.9999999999909,2024-01-02,precision_sprint,ict_sweep_fvg,precision_sprint,RTY|ict_sweep_fvg|2024-01-02 17:45:00+00:00|long,
futures,YM,ict_sweep_fvg,long,1263,1270,1270,2024-01-02 16:45:00+00:00,2024-01-02 18:30:00+00:00,2024-01-02 18:30:00+00:00,37991.0,38018.0,27.0,24.0,0.8,27.0,27.0,3.0,tp,0,YM:ict_sweep_fvg,35.0,0.5,420.0,525.0,472.5,2024-01-02,precision_sprint,ict_sweep_fvg,precision_sprint,YM|ict_sweep_fvg|2024-01-02 18:30:00+00:00|long,
futures,NQ,,short,27545,27546,27568,2024-01-03 15:15:00+00:00,2024-01-03 15:30:00+00:00,2024-01-03 21:00:00+00:00,16579.5,16537.75,167.0,164.0,0.6456692913385826,502.0,251.0,3.0,session_close,22,,8.0,0.5,656.0,1016.0,2008.0,2024-01-03,reddit_research,reddit_orb_retest,reddit_orb_retest|ny|range=15|entry=150|rr=2|sl_atr=1|tp_atr=1.5|threshold=2|adx_max=none|adx_min=none|rsi2=none|trend=all|max_bars=24,NQ|reddit_orb_retest|2024-01-03 15:30:00+00:00|short,NQ	reddit_orb_retest	reddit_orb_retest|ny|range=15|entry=150|rr=2|sl_atr=1|tp_atr=1.5|threshold=2|adx_max=none|adx_min=none|rsi2=none|trend=all|max_bars=24
futures,HG,,short,27533,27534,27552,2024-01-03 16:15:00+00:00,2024-01-03 16:30:00+00:00,2024-01-03 21:00:00+00:00,3.87,3.872,-3.99999999999956,-6.99999999999956,-0.2669717772692409,58.04999999999971,23.22000000000024,3.0,session_close,18,,35.0,1.25,-306.2499999999808,1147.1250000000107,2539.687499999988,2024-01-03,reddit_research,reddit_capitulation_reversion,reddit_capitulation_reversion|ny|range=15|entry=150|rr=2.5|sl_atr=1|tp_atr=1.5|threshold=1.75|adx_max=none|adx_min=none|rsi2=10.0|trend=both|max_bars=24,HG|reddit_capitulation_reversion|2024-01-03 16:30:00+00:00|short,HG	reddit_capitulation_reversion	reddit_capitulation_reversion|ny|range=15|entry=150|rr=2.5|sl_atr=1|tp_atr=1.5|threshold=1.75|adx_max=none|adx_min=none|rsi2=10.0|trend=both|max_bars=24
futures,YM,ict_sweep_fvg,long,1358,1364,1364,2024-01-03 17:30:00+00:00,2024-01-03 19:00:00+00:00,2024-01-03 19:00:00+00:00,37769.0,37745.0,-24.0,-27.0,-1.0,24.0,24.0,3.0,sl,0,YM:ict_sweep_fvg,35.0,0.5,-472.5,472.5,420.0,2024-01-03,precision_sprint,ict_sweep_fvg,precision_sprint,YM|ict_sweep_fvg|2024-01-03 19:00:00+00:00|long,
futures,NQ,,long,27637,27638,27659,2024-01-04 15:15:00+00:00,2024-01-04 15:30:00+00:00,2024-01-04 20:45:00+00:00,16507.25,16443.25,-256.0,-259.0,-1.0,512.0,256.0,3.0,sl,21,,8.0,0.5,-1036.0,1036.0,2048.0,2024-01-04,reddit_research,reddit_orb_retest,reddit_orb_retest|ny|range=15|entry=150|rr=2|sl_atr=1|tp_atr=1.5|threshold=2|adx_max=none|adx_min=none|rsi2=none|trend=all|max_bars=24,NQ|reddit_orb_retest|2024-01-04 15:30:00+00:00|long,NQ	reddit_orb_retest	reddit_orb_retest|ny|range=15|entry=150|rr=2|sl_atr=1|tp_atr=1.5|threshold=2|adx_max=none|adx_min=none|rsi2=none|trend=all|max_bars=24
futures,GC,,short,27565,27566,27581,2024-01-04 17:00:00+00:00,2024-01-04 17:15:00+00:00,2024-01-04 21:00:00+00:00,2050.9,2050.8,0.9999999999990904,-2.000000000000909,-0.0676265572364269,39.86127052147594,26.574180347652145,3.0,session_close,15,,35.0,1.0,-70.00000000003183,1035.096312167825,1395.144468251658,2024-01-04,reddit_research,reddit_ema_pullback,reddit_ema_pullback|ny|range=15|entry=150|rr=1.5|sl_atr=1|tp_atr=1.5|threshold=2|adx_max=none|adx_min=none|rsi2=none|trend=both|max_bars=24,GC|reddit_ema_pullback|2024-01-04 17:15:00+00:00|short,GC	reddit_ema_pullback	reddit_ema_pullback|ny|range=15|entry=150|rr=1.5|sl_atr=1|tp_atr=1.5|threshold=2|adx_max=none|adx_min=none|rsi2=none|trend=both|max_bars=24
futures,CL,ict_sweep_fvg,short,1531,1536,1536,2024-01-05 14:45:00+00:00,2024-01-05 16:00:00+00:00,2024-01-05 16:00:00+00:00,73.96000000000001,73.79,17.00000000000017,14.00000000000017,1.0000000000001017,17.00000000000017,16.99999999999875,3.0,tp,0,CL:ict_sweep_fvg,35.0,1.0,490.000000000006,699.9999999999562,595.0000000000059,2024-01-05,precision_sprint,ict_sweep_fvg,precision_sprint,CL|ict_sweep_fvg|2024-01-05 16:00:00+00:00|short,
futures,NQ,ict_sweep_fvg,long,1529,1544,1544,2024-01-05 14:15:00+00:00,2024-01-05 18:00:00+00:00,2024-01-05 18:00:00+00:00,16441.0,16463.5,90.0,87.0,0.935483870967742,90.0,90.0,3.0,tp,0,NQ:ict_sweep_fvg,15.0,0.5,652.5,697.5,675.0,2024-01-05,precision_sprint,ict_sweep_fvg,precision_sprint,NQ|ict_sweep_fvg|2024-01-05 18:00:00+00:00|long,
futures,GC,ict_sweep_fvg,short,1538,1548,1551,2024-01-05 16:30:00+00:00,2024-01-05 19:00:00+00:00,2024-01-05 19:45:00+00:00,2055.6,2052.3,32.99999999999727,29.99999999999727,0.9999999999998485,32.99999999999727,33.00000000000182,3.0,tp,3,GC:ict_sweep_fvg,15.0,1.0,449.9999999999591,540.0000000000273,494.9999999999591,2024-01-05,precision_sprint,ict_sweep_fvg,precision_sprint,GC|ict_sweep_fvg|2024-01-05 19:00:00+00:00|short,
futures,RTY,ict_sweep_fvg,long,1542,1550,1550,2024-01-05 17:30:00+00:00,2024-01-05 19:30:00+00:00,2024-01-05 19:30:00+00:00,1968.8,1972.3,35.0,32.0,0.8421052631578947,35.0,35.0,3.0,tp,0,RTY:ict_sweep_fvg,40.0,0.5,640.0,760.0,700.0,2024-01-05,precision_sprint,ict_sweep_fvg,precision_sprint,RTY|ict_sweep_fvg|2024-01-05 19:30:00+00:00|long,
futures,YM,ict_sweep_fvg,long,1554,1560,1560,2024-01-05 20:30:00+00:00,2024-01-07 23:00:00+00:00,2024-01-07 23:00:00+00:00,37665.0,37705.0,40.0,37.0,0.8604651162790697,40.0,40.0,3.0,tp,0,YM:ict_sweep_fvg,35.0,0.5,647.5,752.5,700.0,2024-01-08,precision_sprint,ict_sweep_fvg,precision_sprint,YM|ict_sweep_fvg|2024-01-07 23:00:00+00:00|long,
futures,HG,,short,27806,27807,27828,2024-01-08 15:30:00+00:00,2024-01-08 15:45:00+00:00,2024-01-08 21:00:00+00:00,3.823,3.824,-1.99999999999978,-4.99999999999978,-0.1927673683398796,57.34499999999976,22.937999999999903,3.0,session_close,21,,35.0,1.25,-218.7499999999904,1134.7874999999958,2508.843749999989,2024-01-08,reddit_research,reddit_capitulation_reversion,reddit_capitulation_reversion|ny|range=15|entry=150|rr=2.5|sl_atr=1|tp_atr=1.5|threshold=1.75|adx_max=none|adx_min=none|rsi2=10.0|trend=both|max_bars=24,HG|reddit_capitulation_reversion|2024-01-08 15:45:00+00:00|short,HG	reddit_capitulation_reversion	reddit_capitulation_reversion|ny|range=15|entry=150|rr=2.5|sl_atr=1|tp_atr=1.5|threshold=1.75|adx_max=none|adx_min=none|rsi2=10.0|trend=both|max_bars=24
futures,GC,,short,27749,27750,27764,2024-01-08 17:00:00+00:00,2024-01-08 17:15:00+00:00,2024-01-08 20:45:00+00:00,2037.2,2032.30553482841,48.944651715899,45.944651715899,1.2895018558675857,48.944651715899,32.62976781059933,3.0,tp,14,,35.0,1.0,1608.062810056465,1247.0418733709766,1713.062810056465,2024-01-08,reddit_research,reddit_ema_pullback,reddit_ema_pullback|ny|range=15|entry=150|rr=1.5|sl_atr=1|tp_atr=1.5|threshold=2|adx_max=none|adx_min=none|rsi2=none|trend=both|max_bars=24,GC|reddit_ema_pullback|2024-01-08 17:15:00+00:00|short,GC	reddit_ema_pullback	reddit_ema_pullback|ny|range=15|entry=150|rr=1.5|sl_atr=1|tp_atr=1.5|threshold=2|adx_max=none|adx_min=none|rsi2=none|trend=both|max_bars=24
futures,CL,momentum,long,320609,320610,320618,2024-01-09 14:15:00+00:00,2024-01-09 14:30:00+00:00,2024-01-09 16:30:00+00:00,72.07,72.55,48.0000000000004,45.0000000000004,0.0894632206759451,500.0,500.0,3.0,signal,8,CL:momentum,2.0,1.0,90.0000000000008,1006.0,1000.0,2024-01-09,precision_sprint,momentum,precision_sprint,CL|momentum|2024-01-09 14:30:00+00:00|long,
futures,GC,,short,27832,27833,27836,2024-01-09 14:45:00+00:00,2024-01-09 15:00:00+00:00,2024-01-09 15:45:00+00:00,2040.6,2035.8,48.00000000000182,45.00000000000182,1.285714285714321,48.00000000000182,32.000000000000455,3.0,tp,3,,25.0,1.0,1125.0000000000457,875.0000000000114,1200.0000000000457,2024-01-09,reddit_research,reddit_orb_breakout,reddit_orb_breakout|ny|range=15|entry=150|rr=1.5|sl_atr=1|tp_atr=1.5|threshold=2|adx_max=none|adx_min=none|rsi2=none|trend=all|max_bars=24,GC|reddit_orb_breakout|2024-01-09 15:00:00+00:00|short,GC	reddit_orb_breakout	reddit_orb_breakout|ny|range=15|entry=150|rr=1.5|sl_atr=1|tp_atr=1.5|threshold=2|adx_max=none|adx_min=none|rsi2=none|trend=all|max_bars=24
futures,ES,,long,27916,27917,27918,2024-01-09 15:45:00+00:00,2024-01-09 16:00:00+00:00,2024-01-09 16:15:00+00:00,4776.5,4787.5,44.0,41.0,1.64,44.0,22.0,3.0,tp,1,,30.0,1.25,1537.5,937.5,1650.0,2024-01-09,reddit_research,reddit_orb_retest,reddit_orb_retest|ny|range=15|entry=150|rr=2|sl_atr=1|tp_atr=1.5|threshold=2|adx_max=none|adx_min=none|rsi2=none|trend=all|max_bars=24,ES|reddit_orb_retest|2024-01-09 16:00:00+00:00|long,ES	reddit_orb_retest	reddit_orb_retest|ny|range=15|entry=150|rr=2|sl_atr=1|tp_atr=1.5|threshold=2|adx_max=none|adx_min=none|rsi2=none|trend=all|max_bars=24
futures,RTY,,long,27916,27917,27936,2024-01-09 16:00:00+00:00,2024-01-09 16:15:00+00:00,2024-01-09 21:00:00+00:00,1977.7,1983.2,55.0,52.0,0.5909090909090909,170.0,85.0,3.0,session_close,19,,25.0,0.5,650.0,1100.0,2125.0,2024-01-09,reddit_research,reddit_orb_retest,reddit_orb_retest|ny|range=15|entry=150|rr=2|sl_atr=1|tp_atr=1.5|threshold=2|adx_max=none|adx_min=none|rsi2=none|trend=all|max_bars=24,RTY|reddit_orb_retest|2024-01-09 16:15:00+00:00|long,RTY	reddit_orb_retest	reddit_orb_retest|ny|range=15|entry=150|rr=2|sl_atr=1|tp_atr=1.5|threshold=2|adx_max=none|adx_min=none|rsi2=none|trend=all|max_bars=24
futures,NQ,ict_sweep_fvg,short,1793,1806,1806,2024-01-10 11:15:00+00:00,2024-01-10 14:30:00+00:00,2024-01-10 14:30:00+00:00,16869.5,16854.5,60.0,57.0,1.0,60.0,60.0,3.0,tp,0,NQ:ict_sweep_fvg,15.0,0.5,427.5,472.5,450.0,2024-01-10,precision_sprint,ict_sweep_fvg,precision_sprint,NQ|ict_sweep_fvg|2024-01-10 14:30:00+00:00|short,
futures,YM,ict_sweep_fvg,short,1878,1894,1894,2024-01-11 09:30:00+00:00,2024-01-11 13:30:00+00:00,2024-01-11 13:30:00+00:00,37977.0,38000.0,-23.0,-26.0,-1.3,23.0,23.0,3.0,sl,0,YM:ict_sweep_fvg,35.0,0.5,-455.0,455.0,402.5,2024-01-11,precision_sprint,ict_sweep_fvg,precision_sprint,YM|ict_sweep_fvg|2024-01-11 13:30:00+00:00|short,
futures,6B,mean_reversion,long,319761,319762,319766,2024-01-11 18:30:00+00:00,2024-01-11 18:45:00+00:00,2024-01-11 19:45:00+00:00,1.2744,1.2765,20.999999999999908,17.999999999999908,0.0886699507389158,500.0,200.0,3.0,signal,4,6B:mean_reversion,9.0,0.625,101.24999999999947,1141.875,2812.5,2024-01-11,precision_sprint,mean_reversion,precision_sprint,6B|mean_reversion|2024-01-11 18:45:00+00:00|long,
futures,CL,ict_sweep_fvg,short,1939,1944,1945,2024-01-12 01:45:00+00:00,2024-01-12 03:00:00+00:00,2024-01-12 03:15:00+00:00,73.8,73.62,17.99999999999926,14.99999999999926,0.9999999999999052,17.99999999999926,18.000000000000682,3.0,tp,1,CL:ict_sweep_fvg,35.0,1.0,524.9999999999741,735.0000000000239,629.9999999999741,2024-01-12,precision_sprint,ict_sweep_fvg,precision_sprint,CL|ict_sweep_fvg|2024-01-12 03:00:00+00:00|short,
futures,GC,ict_sweep_fvg,short,1980,1986,1986,2024-01-12 12:00:00+00:00,2024-01-12 13:30:00+00:00,2024-01-12 13:30:00+00:00,2056.0,2058.8,-28.00000000000182,-31.00000000000182,-1.2399999999999824,27.99999999999727,28.00000000000182,3.0,sl,0,GC:ict_sweep_fvg,15.0,1.0,-465.0000000000273,465.0000000000273,419.9999999999591,2024-01-12,precision_sprint,ict_sweep_fvg,precision_sprint,GC|ict_sweep_fvg|2024-01-12 13:30:00+00:00|short,
futures,NQ,,short,28189,28190,28212,2024-01-12 15:15:00+00:00,2024-01-12 15:30:00+00:00,2024-01-12 21:00:00+00:00,16966.25,16961.5,19.0,16.0,0.0544217687074829,582.0,291.0,3.0,session_close,22,,8.0,0.5,64.0,1176.0,2328.0,2024-01-12,reddit_research,reddit_orb_retest,reddit_orb_retest|ny|range=15|entry=150|rr=2|sl_atr=1|tp_atr=1.5|threshold=2|adx_max=none|adx_min=none|rsi2=none|trend=all|max_bars=24,NQ|reddit_orb_retest|2024-01-12 15:30:00+00:00|short,NQ	reddit_orb_retest	reddit_orb_retest|ny|range=15|entry=150|rr=2|sl_atr=1|tp_atr=1.5|threshold=2|adx_max=none|adx_min=none|rsi2=none|trend=all|max_bars=24
futures,YM,ict_sweep_fvg,short,2058,2061,2061,2024-01-15 08:30:00+00:00,2024-01-15 09:15:00+00:00,2024-01-15 09:15:00+00:00,37771.0,37789.0,-18.0,-21.0,-1.4,18.0,18.0,3.0,sl,0,YM:ict_sweep_fvg,35.0,0.5,-367.5,367.5,315.0,2024-01-15,precision_sprint,ict_sweep_fvg,precision_sprint,YM|ict_sweep_fvg|2024-01-15 09:15:00+00:00|short,
futures,NQ,ict_sweep_fvg,short,2068,2070,2070,2024-01-15 11:00:00+00:00,2024-01-15 11:30:00+00:00,2024-01-15 11:30:00+00:00,16965.0,16972.0,-28.0,-31.0,-1.24,28.0,28.0,3.0,sl,0,NQ:ict_sweep_fvg,15.0,0.5,-232.5,232.5,210.0,2024-01-15,precision_sprint,ict_sweep_fvg,precision_sprint,NQ|ict_sweep_fvg|2024-01-15 11:30:00+00:00|short,
futures,NQ,ict_sweep_fvg,short,2075,2077,2077,2024-01-15 12:45:00+00:00,2024-01-15 13:15:00+00:00,2024-01-15 13:15:00+00:00,16968.5,16961.25,29.0,26.0,1.0,29.0,29.0,3.0,tp,0,NQ:ict_sweep_fvg,15.0,0.5,195.0,240.0,217.5,2024-01-15,precision_sprint,ict_sweep_fvg,precision_sprint,NQ|ict_sweep_fvg|2024-01-15 13:15:00+00:00|short,
futures,GC,,short,28201,28202,28204,2024-01-15 15:00:00+00:00,2024-01-15 15:15:00+00:00,2024-01-15 15:45:00+00:00,2054.6,2057.3,-27.00000000000273,-30.00000000000273,-1.0,40.50000000000637,27.00000000000273,3.0,sl,2,,25.0,1.0,-750.0000000000682,750.0000000000682,1012.5000000001592,2024-01-15,reddit_research,reddit_orb_breakout,reddit_orb_breakout|ny|range=15|entry=150|rr=1.5|sl_atr=1|tp_atr=1.5|threshold=2|adx_max=none|adx_min=none|rsi2=none|trend=all|max_bars=24,GC|reddit_orb_breakout|2024-01-15 15:15:00+00:00|short,GC	reddit_orb_breakout	reddit_orb_breakout|ny|range=15|entry=150|rr=1.5|sl_atr=1|tp_atr=1.5|threshold=2|adx_max=none|adx_min=none|rsi2=none|trend=all|max_bars=24
futures,RTY,,long,28284,28285,28292,2024-01-15 16:00:00+00:00,2024-01-15 16:15:00+00:00,2024-01-15 23:00:00+00:00,1963.2,1965.0,17.999999999999545,14.999999999999543,0.2307692307692221,124.00000000000092,62.000000000000455,3.0,session_close,7,,25.0,0.5,187.49999999999432,812.5000000000057,1550.0000000000114,2024-01-15,reddit_research,reddit_orb_retest,reddit_orb_retest|ny|range=15|entry=150|rr=2|sl_atr=1|tp_atr=1.5|threshold=2|adx_max=none|adx_min=none|rsi2=none|trend=all|max_bars=24,RTY|reddit_orb_retest|2024-01-15 16:15:00+00:00|long,RTY	reddit_orb_retest	reddit_orb_retest|ny|range=15|entry=150|rr=2|sl_atr=1|tp_atr=1.5|threshold=2|adx_max=none|adx_min=none|rsi2=none|trend=all|max_bars=24
futures,YM,,short,28285,28286,28292,2024-01-15 16:15:00+00:00,2024-01-15 16:30:00+00:00,2024-01-15 23:00:00+00:00,37768.0,37762.0,6.0,3.0,0.0999873868075482,40.50567665261042,27.00378443507361,3.0,session_close,6,,75.0,0.5,112.5,1125.1419163152605,1518.9628744728907,2024-01-15,reddit_research,reddit_ema_pullback,reddit_ema_pullback|ny|range=15|entry=150|rr=1.5|sl_atr=1|tp_atr=1.5|threshold=2|adx_max=none|adx_min=none|rsi2=none|trend=both|max_bars=24,YM|reddit_ema_pullback|2024-01-15 16:30:00+00:00|short,YM	reddit_ema_pullback	reddit_ema_pullback|ny|range=15|entry=150|rr=1.5|sl_atr=1|tp_atr=1.5|threshold=2|adx_max=none|adx_min=none|rsi2=none|trend=both|max_bars=24
futures,ES,,long,28289,28290,28293,2024-01-15 17:00:00+00:00,2024-01-15 17:15:00+00:00,2024-01-15 23:00:00+00:00,4813.0,4812.25,-3.0,-6.0,-0.4,24.0,12.0,3.0,session_close,3,,30.0,1.25,-225.0,562.5,900.0,2024-01-15,reddit_research,reddit_orb_retest,reddit_orb_retest|ny|range=15|entry=150|rr=2|sl_atr=1|tp_atr=1.5|threshold=2|adx_max=none|adx_min=none|rsi2=none|trend=all|max_bars=24,ES|reddit_orb_retest|2024-01-15 17:15:00+00:00|long,ES	reddit_orb_retest	reddit_orb_retest|ny|range=15|entry=150|rr=2|sl_atr=1|tp_atr=1.5|threshold=2|adx_max=none|adx_min=none|rsi2=none|trend=all|max_bars=24
futures,NQ,ict_sweep_fvg,long,2083,2097,2097,2024-01-15 14:45:00+00:00,2024-01-15 23:15:00+00:00,2024-01-15 23:15:00+00:00,16948.0,16960.0,48.0,45.0,0.8823529411764706,48.0,48.0,3.0,tp,0,NQ:ict_sweep_fvg,15.0,0.5,337.5,382.5,360.0,2024-01-16,precision_sprint,ict_sweep_fvg,precision_sprint,NQ|ict_sweep_fvg|2024-01-15 23:15:00+00:00|long,
futures,YM,ict_sweep_fvg,long,2080,2099,2100,2024-01-15 14:00:00+00:00,2024-01-15 23:45:00+00:00,2024-01-16 00:00:00+00:00,37735.0,37711.0,-24.0,-27.0,-1.0,24.0,24.0,3.0,sl,1,YM:ict_sweep_fvg,35.0,0.5,-472.5,472.5,420.0,2024-01-16,precision_sprint,ict_sweep_fvg,precision_sprint,YM|ict_sweep_fvg|2024-01-15 23:45:00+00:00|long,
futures,CL,ict_sweep_fvg,short,2160,2163,2163,2024-01-16 13:30:00+00:00,2024-01-16 14:15:00+00:00,2024-01-16 14:15:00+00:00,73.0,72.79,20.99999999999937,17.999999999999375,0.9999999999999212,20.99999999999937,21.0000000000008,3.0,tp,0,CL:ict_sweep_fvg,35.0,1.0,629.9999999999782,840.000000000028,734.999999999978,2024-01-16,precision_sprint,ict_sweep_fvg,precision_sprint,CL|ict_sweep_fvg|2024-01-16 14:15:00+00:00|short,
futures,CL,momentum,short,321068,321069,321074,2024-01-16 16:30:00+00:00,2024-01-16 16:45:00+00:00,2024-01-16 18:00:00+00:00,72.75,72.12,62.999999999999545,59.999999999999545,0.1192842942345915,500.0,500.0,3.0,signal,5,CL:momentum,2.0,1.0,119.99999999999908,1006.0,1000.0,2024-01-16,precision_sprint,momentum,precision_sprint,CL|momentum|2024-01-16 16:45:00+00:00|short,
futures,NQ,ict_sweep_fvg,long,2160,2168,2168,2024-01-16 15:00:00+00:00,2024-01-16 17:00:00+00:00,2024-01-16 17:00:00+00:00,16925.25,16958.5,133.0,130.0,0.9558823529411764,133.0,133.0,3.0,tp,0,NQ:ict_sweep_fvg,15.0,0.5,975.0,1020.0,997.5,2024-01-16,precision_sprint,ict_sweep_fvg,precision_sprint,NQ|ict_sweep_fvg|2024-01-16 17:00:00+00:00|long,
futures,NQ,momentum,long,318563,318564,318578,2024-01-16 17:00:00+00:00,2024-01-16 17:15:00+00:00,2024-01-16 20:45:00+00:00,16932.0,16969.5,150.0,147.0,0.2922465208747515,150.0,500.0,3.0,tp,14,NQ:momentum,4.0,0.5,294.0,1006.0,300.0,2024-01-16,precision_sprint,momentum,precision_sprint,NQ|momentum|2024-01-16 17:15:00+00:00|long,
futures,YM,ict_sweep_fvg,long,2237,2246,2246,2024-01-17 11:15:00+00:00,2024-01-17 13:30:00+00:00,2024-01-17 13:30:00+00:00,37389.0,37414.0,25.0,22.0,0.7857142857142857,25.0,25.0,3.0,tp,0,YM:ict_sweep_fvg,35.0,0.5,385.0,490.0,437.5,2024-01-17,precision_sprint,ict_sweep_fvg,precision_sprint,YM|ict_sweep_fvg|2024-01-17 13:30:00+00:00|long,
futures,YM,ict_sweep_fvg,long,2250,2266,2266,2024-01-17 14:30:00+00:00,2024-01-17 18:30:00+00:00,2024-01-17 18:30:00+00:00,37376.0,37341.0,-35.0,-38.0,-1.0,35.0,35.0,3.0,sl,0,YM:ict_sweep_fvg,35.0,0.5,-665.0,665.0,612.5,2024-01-17,precision_sprint,ict_sweep_fvg,precision_sprint,YM|ict_sweep_fvg|2024-01-17 18:30:00+00:00|long,
futures,HG,,short,28503,28504,28510,2024-01-18 08:15:00+00:00,2024-01-18 08:30:00+00:00,2024-01-18 10:00:00+00:00,3.74,3.7272500000000006,25.49999999999919,22.49999999999919,1.1249999999999898,25.49999999999919,16.99999999999946,3.0,tp,6,,50.0,1.25,1406.2499999999493,1249.9999999999663,1593.7499999999493,2024-01-18,reddit_research,reddit_orb_breakout,reddit_orb_breakout|london|range=15|entry=150|rr=1.5|sl_atr=1|tp_atr=1.5|threshold=2|adx_max=none|adx_min=none|rsi2=none|trend=all|max_bars=24,HG|reddit_orb_breakout|2024-01-18 08:30:00+00:00|short,HG	reddit_orb_breakout	reddit_orb_breakout|london|range=15|entry=150|rr=1.5|sl_atr=1|tp_atr=1.5|threshold=2|adx_max=none|adx_min=none|rsi2=none|trend=all|max_bars=24
futures,CL,momentum,long,321234,321235,321243,2024-01-18 12:00:00+00:00,2024-01-18 12:15:00+00:00,2024-01-18 14:15:00+00:00,72.57,73.25,68.00000000000068,65.00000000000068,0.1292246520874765,500.0,500.0,3.0,signal,8,CL:momentum,2.0,1.0,130.00000000000136,1006.0,1000.0,2024-01-18,precision_sprint,momentum,precision_sprint,CL|momentum|2024-01-18 12:15:00+00:00|long,
futures,GC,,long,28468,28469,28480,2024-01-18 15:15:00+00:00,2024-01-18 15:30:00+00:00,2024-01-18 18:15:00+00:00,2016.1,2020.9,47.99999999999727,44.99999999999727,1.2857142857142745,47.99999999999727,31.99999999999818,3.0,tp,11,,25.0,1.0,1124.9999999999318,874.9999999999545,1199.9999999999318,2024-01-18,reddit_research,reddit_orb_breakout,reddit_orb_breakout|ny|range=15|entry=150|rr=1.5|sl_atr=1|tp_atr=1.5|threshold=2|adx_max=none|adx_min=none|rsi2=none|trend=all|max_bars=24,GC|reddit_orb_breakout|2024-01-18 15:30:00+00:00|long,GC	reddit_orb_breakout	reddit_orb_breakout|ny|range=15|entry=150|rr=1.5|sl_atr=1|tp_atr=1.5|threshold=2|adx_max=none|adx_min=none|rsi2=none|trend=all|max_bars=24
futures,NQ,,long,28543,28544,28548,2024-01-18 15:45:00+00:00,2024-01-18 16:00:00+00:00,2024-01-18 17:00:00+00:00,17056.0,16994.75,-245.0,-248.0,-1.0,490.0,245.0,3.0,sl,4,,8.0,0.5,-992.0,992.0,1960.0,2024-01-18,reddit_research,reddit_orb_retest,reddit_orb_retest|ny|range=15|entry=150|rr=2|sl_atr=1|tp_atr=1.5|threshold=2|adx_max=none|adx_min=none|rsi2=none|trend=all|max_bars=24,NQ|reddit_orb_retest|2024-01-18 16:00:00+00:00|long,NQ	reddit_orb_retest	reddit_orb_retest|ny|range=15|entry=150|rr=2|sl_atr=1|tp_atr=1.5|threshold=2|adx_max=none|adx_min=none|rsi2=none|trend=all|max_bars=24
futures,NQ,ict_sweep_fvg,short,2356,2358,2358,2024-01-18 18:00:00+00:00,2024-01-18 18:30:00+00:00,2024-01-18 18:30:00+00:00,16985.0,17003.0,-72.0,-75.0,-1.0869565217391304,72.0,72.0,3.0,sl,0,NQ:ict_sweep_fvg,15.0,0.5,-562.5,562.5,540.0,2024-01-18,precision_sprint,ict_sweep_fvg,precision_sprint,NQ|ict_sweep_fvg|2024-01-18 18:30:00+00:00|short,
futures,RTY,ict_sweep_fvg,short,2408,2411,2411,2024-01-19 08:00:00+00:00,2024-01-19 08:45:00+00:00,2024-01-19 08:45:00+00:00,1940.8,1939.0,18.00000000000182,15.00000000000182,1.0000000000001517,18.00000000000182,17.999999999999545,3.0,tp,0,RTY:ict_sweep_fvg,40.0,0.5,300.00000000003644,419.9999999999909,360.0000000000364,2024-01-19,precision_sprint,ict_sweep_fvg,precision_sprint,RTY|ict_sweep_fvg|2024-01-19 08:45:00+00:00|short,
futures,RTY,ict_sweep_fvg,short,2425,2427,2427,2024-01-19 12:15:00+00:00,2024-01-19 12:45:00+00:00,2024-01-19 12:45:00+00:00,1941.2,1939.9,12.999999999999543,9.999999999999543,1.0,12.999999999999543,12.999999999999543,3.0,tp,0,RTY:ict_sweep_fvg,40.0,0.5,199.99999999999088,319.99999999999085,259.99999999999085,2024-01-19,precision_sprint,ict_sweep_fvg,precision_sprint,RTY|ict_sweep_fvg|2024-01-19 12:45:00+00:00|short,
futures,CL,ict_sweep_fvg,short,2424,2439,2439,2024-01-19 10:30:00+00:00,2024-01-19 14:15:00+00:00,2024-01-19 14:15:00+00:00,74.42,74.29,12.999999999999543,9.999999999999543,1.0,12.999999999999543,12.999999999999543,3.0,tp,0,CL:ict_sweep_fvg,35.0,1.0,349.999999999984,559.999999999984,454.999999999984,2024-01-19,precision_sprint,ict_sweep_fvg,precision_sprint,CL|ict_sweep_fvg|2024-01-19 14:15:00+00:00|short,
futures,HG,,long,28620,28621,28639,2024-01-19 14:30:00+00:00,2024-01-19 14:45:00+00:00,2024-01-19 19:15:00+00:00,3.762,3.790215,56.42999999999976,53.42999999999976,2.089394650398843,56.42999999999976,22.57200000000026,3.0,tp,18,,35.0,1.25,2337.562499999989,1118.7750000000112,2468.812499999989,2024-01-19,reddit_research,reddit_capitulation_reversion,reddit_capitulation_reversion|ny|range=15|entry=150|rr=2.5|sl_atr=1|tp_atr=1.5|threshold=1.75|adx_max=none|adx_min=none|rsi2=10.0|trend=both|max_bars=24,HG|reddit_capitulation_reversion|2024-01-19 14:45:00+00:00|long,HG	reddit_capitulation_reversion	reddit_capitulation_reversion|ny|range=15|entry=150|rr=2.5|sl_atr=1|tp_atr=1.5|threshold=1.75|adx_max=none|adx_min=none|rsi2=10.0|trend=both|max_bars=24
futures,YM,,long,28630,28631,28645,2024-01-19 14:30:00+00:00,2024-01-19 14:45:00+00:00,2024-01-19 18:15:00+00:00,37668.0,37950.51,282.51000000000204,279.51000000000204,2.409485879797249,282.51000000000204,113.0040000000008,3.0,tp,14,,20.0,0.5,2795.1000000000204,1160.040000000008,2825.1000000000204,2024-01-19,reddit_research,reddit_capitulation_reversion,reddit_capitulation_reversion|ny|range=15|entry=150|rr=2.5|sl_atr=1|tp_atr=1.5|threshold=1.75|adx_max=none|adx_min=none|rsi2=10.0|trend=long_only|max_bars=24,YM|reddit_capitulation_reversion|2024-01-19 14:45:00+00:00|long,YM	reddit_capitulation_reversion	reddit_capitulation_reversion|ny|range=15|entry=150|rr=2.5|sl_atr=1|tp_atr=1.5|threshold=1.75|adx_max=none|adx_min=none|rsi2=10.0|trend=long_only|max_bars=24
futures,NQ,,long,28634,28635,28645,2024-01-19 15:30:00+00:00,2024-01-19 15:45:00+00:00,2024-01-19 18:15:00+00:00,17226.5,17347.0,482.0,479.0,1.963114754098361,482.0,241.0,3.0,tp,10,,8.0,0.5,1916.0,976.0,1928.0,2024-01-19,reddit_research,reddit_orb_retest,reddit_orb_retest|ny|range=15|entry=150|rr=2|sl_atr=1|tp_atr=1.5|threshold=2|adx_max=none|adx_min=none|rsi2=none|trend=all|max_bars=24,NQ|reddit_orb_retest|2024-01-19 15:45:00+00:00|long,NQ	reddit_orb_retest	reddit_orb_retest|ny|range=15|entry=150|rr=2|sl_atr=1|tp_atr=1.5|threshold=2|adx_max=none|adx_min=none|rsi2=none|trend=all|max_bars=24
futures,GC,ict_sweep_fvg,short,2447,2451,2451,2024-01-19 16:15:00+00:00,2024-01-19 17:15:00+00:00,2024-01-19 17:15:00+00:00,2028.5,2027.2,12.999999999999543,9.999999999999543,0.9999999999997726,12.999999999999543,13.00000000000182,3.0,tp,0,GC:ict_sweep_fvg,15.0,1.0,149.99999999999315,240.00000000002728,194.99999999999315,2024-01-19,precision_sprint,ict_sweep_fvg,precision_sprint,GC|ict_sweep_fvg|2024-01-19 17:15:00+00:00|short,
futures,GC,,long,28568,28569,28583,2024-01-19 17:15:00+00:00,2024-01-19 17:30:00+00:00,2024-01-19 21:00:00+00:00,2029.4,2031.6,21.99999999999818,18.99999999999818,0.6078130083809062,42.38942093542164,28.25961395694776,3.0,session_close,14,,35.0,1.0,664.9999999999363,1094.0864884931716,1483.6297327397574,2024-01-19,reddit_research,reddit_ema_pullback,reddit_ema_pullback|ny|range=15|entry=150|rr=1.5|sl_atr=1|tp_atr=1.5|threshold=2|adx_max=none|adx_min=none|rsi2=none|trend=both|max_bars=24,GC|reddit_ema_pullback|2024-01-19 17:30:00+00:00|long,GC	reddit_ema_pullback	reddit_ema_pullback|ny|range=15|entry=150|rr=1.5|sl_atr=1|tp_atr=1.5|threshold=2|adx_max=none|adx_min=none|rsi2=none|trend=both|max_bars=24
futures,GC,ict_sweep_fvg,long,2476,2487,2488,2024-01-22 00:30:00+00:00,2024-01-22 03:15:00+00:00,2024-01-22 03:30:00+00:00,2028.8,2027.8,-10.0,-13.0,-1.0,10.0,10.0,3.0,sl,1,GC:ict_sweep_fvg,15.0,1.0,-195.0,195.0,150.0,2024-01-22,precision_sprint,ict_sweep_fvg,precision_sprint,GC|ict_sweep_fvg|2024-01-22 03:15:00+00:00|long,
futures,CL,ict_sweep_fvg,long,2485,2490,2490,2024-01-22 02:45:00+00:00,2024-01-22 04:00:00+00:00,2024-01-22 04:00:00+00:00,73.08,73.2,12.000000000000457,9.000000000000455,0.6000000000000689,12.000000000000457,11.999999999999034,3.0,tp,0,CL:ict_sweep_fvg,35.0,1.0,315.0000000000159,524.9999999999661,420.000000000016,2024-01-22,precision_sprint,ict_sweep_fvg,precision_sprint,CL|ict_sweep_fvg|2024-01-22 04:00:00+00:00|long,
futures,CL,momentum,short,321410,321411,321826,2024-01-22 10:00:00+00:00,2024-01-22 10:15:00+00:00,2024-01-28 23:00:00+00:00,73.38,78.38,-500.0,-503.0,-1.0,500.0,500.0,3.0,sl,415,CL:momentum,2.0,1.0,-1006.0,1006.0,1000.0,2024-01-22,precision_sprint,momentum,precision_sprint,CL|momentum|2024-01-22 10:15:00+00:00|short,
futures,GC,,short,28655,28656,28675,2024-01-22 16:00:00+00:00,2024-01-22 16:15:00+00:00,2024-01-22 21:00:00+00:00,2023.5,2021.8,17.000000000000455,14.000000000000457,0.4086344530330249,46.89067409547079,31.26044939697977,3.0,session_close,19,,35.0,1.0,490.0000000000159,1199.1157288942918,1641.1735933414775,2024-01-22,reddit_research,reddit_ema_pullback,reddit_ema_pullback|ny|range=15|entry=150|rr=1.5|sl_atr=1|tp_atr=1.5|threshold=2|adx_max=none|adx_min=none|rsi2=none|trend=both|max_bars=24,GC|reddit_ema_pullback|2024-01-22 16:15:00+00:00|short,GC	reddit_ema_pullback	reddit_ema_pullback|ny|range=15|entry=150|rr=1.5|sl_atr=1|tp_atr=1.5|threshold=2|adx_max=none|adx_min=none|rsi2=none|trend=both|max_bars=24
futures,HG,,long,28815,28816,28830,2024-01-23 17:15:00+00:00,2024-01-23 17:30:00+00:00,2024-01-23 21:00:00+00:00,3.785,3.806,41.999999999999815,38.999999999999815,1.516919486581089,56.77500000000002,22.710000000000008,3.0,session_close,14,,35.0,1.25,1706.249999999992,1124.8125000000005,2483.906250000001,2024-01-23,reddit_research,reddit_capitulation_reversion,reddit_capitulation_reversion|ny|range=15|entry=150|rr=2.5|sl_atr=1|tp_atr=1.5|threshold=1.75|adx_max=none|adx_min=none|rsi2=10.0|trend=both|max_bars=24,HG|reddit_capitulation_reversion|2024-01-23 17:30:00+00:00|long,HG	reddit_capitulation_reversion	reddit_capitulation_reversion|ny|range=15|entry=150|rr=2.5|sl_atr=1|tp_atr=1.5|threshold=1.75|adx_max=none|adx_min=none|rsi2=10.0|trend=both|max_bars=24
futures,SI,,long,28768,28769,28780,2024-01-24 14:45:00+00:00,2024-01-24 15:00:00+00:00,2024-01-24 17:45:00+00:00,22.78,22.950850000000003,34.1700000000003,31.1700000000003,1.870050395968359,34.1700000000003,13.667999999999836,3.0,tp,11,,12.0,5.0,1870.200000000018,1000.0799999999902,2050.200000000018,2024-01-24,reddit_research,reddit_capitulation_reversion,reddit_capitulation_reversion|ny|range=15|entry=150|rr=2.5|sl_atr=1|tp_atr=1.5|threshold=1.75|adx_max=none|adx_min=none|rsi2=10.0|trend=both|max_bars=24,SI|reddit_capitulation_reversion|2024-01-24 15:00:00+00:00|long,SI	reddit_capitulation_reversion	reddit_capitulation_reversion|ny|range=15|entry=150|rr=2.5|sl_atr=1|tp_atr=1.5|threshold=1.75|adx_max=none|adx_min=none|rsi2=10.0|trend=both|max_bars=24
futures,YM,ict_sweep_fvg,short,2709,2714,2714,2024-01-24 14:15:00+00:00,2024-01-24 15:30:00+00:00,2024-01-24 15:30:00+00:00,38200.0,38166.0,34.0,31.0,1.0,34.0,34.0,3.0,tp,0,YM:ict_sweep_fvg,35.0,0.5,542.5,647.5,595.0,2024-01-24,precision_sprint,ict_sweep_fvg,precision_sprint,YM|ict_sweep_fvg|2024-01-24 15:30:00+00:00|short,
futures,NQ,,long,28913,28914,28925,2024-01-24 16:15:00+00:00,2024-01-24 16:30:00+00:00,2024-01-24 19:15:00+00:00,17708.75,17637.5,-285.0,-288.0,-1.0,570.0,285.0,3.0,sl,11,,8.0,0.5,-1152.0,1152.0,2280.0,2024-01-24,reddit_research,reddit_orb_retest,reddit_orb_retest|ny|range=15|entry=150|rr=2|sl_atr=1|tp_atr=1.5|threshold=2|adx_max=none|adx_min=none|rsi2=none|trend=all|max_bars=24,NQ|reddit_orb_retest|2024-01-24 16:30:00+00:00|long,NQ	reddit_orb_retest	reddit_orb_retest|ny|range=15|entry=150|rr=2|sl_atr=1|tp_atr=1.5|threshold=2|adx_max=none|adx_min=none|rsi2=none|trend=all|max_bars=24
futures,CL,ict_sweep_fvg,short,2730,2736,2736,2024-01-24 18:00:00+00:00,2024-01-24 19:30:00+00:00,2024-01-24 19:30:00+00:00,75.21000000000001,75.07000000000001,14.000000000000057,11.000000000000057,1.0,14.000000000000057,14.000000000000057,3.0,tp,0,CL:ict_sweep_fvg,35.0,1.0,385.000000000002,595.000000000002,490.000000000002,2024-01-24,precision_sprint,ict_sweep_fvg,precision_sprint,CL|ict_sweep_fvg|2024-01-24 19:30:00+00:00|short,
futures,HG,,long,28993,28994,29014,2024-01-25 15:45:00+00:00,2024-01-25 16:00:00+00:00,2024-01-25 21:00:00+00:00,3.8635,3.868,8.999999999999453,5.999999999999453,0.2291738283487806,57.95249999999985,23.18100000000012,3.0,session_close,20,,35.0,1.25,262.49999999997607,1145.4187500000053,2535.4218749999936,2024-01-25,reddit_research,reddit_capitulation_reversion,reddit_capitulation_reversion|ny|range=15|entry=150|rr=2.5|sl_atr=1|tp_atr=1.5|threshold=1.75|adx_max=none|adx_min=none|rsi2=10.0|trend=both|max_bars=24,HG|reddit_capitulation_reversion|2024-01-25 16:00:00+00:00|long,HG	reddit_capitulation_reversion	reddit_capitulation_reversion|ny|range=15|entry=150|rr=2.5|sl_atr=1|tp_atr=1.5|threshold=1.75|adx_max=none|adx_min=none|rsi2=10.0|trend=both|max_bars=24
futures,YM,ict_sweep_fvg,long,2797,2814,2816,2024-01-25 13:15:00+00:00,2024-01-25 17:30:00+00:00,2024-01-25 18:00:00+00:00,37962.0,38012.0,50.0,47.0,0.8867924528301887,50.0,50.0,3.0,tp,2,YM:ict_sweep_fvg,35.0,0.5,822.5,927.5,875.0,2024-01-25,precision_sprint,ict_sweep_fvg,precision_sprint,YM|ict_sweep_fvg|2024-01-25 17:30:00+00:00|long,
futures,6B,mean_reversion,long,320734,320735,320745,2024-01-26 08:45:00+00:00,2024-01-26 09:00:00+00:00,2024-01-26 11:30:00+00:00,1.2709,1.2747,38.000000000000256,35.000000000000256,0.1724137931034495,500.0,200.0,3.0,signal,10,6B:mean_reversion,9.0,0.625,196.87500000000145,1141.875,2812.5,2024-01-26,precision_sprint,mean_reversion,precision_sprint,6B|mean_reversion|2024-01-26 09:00:00+00:00|long,
futures,GC,,short,29019,29020,29043,2024-01-26 15:00:00+00:00,2024-01-26 15:15:00+00:00,2024-01-26 21:00:00+00:00,2018.4,2018.7,-2.9999999999995453,-5.999999999999545,-0.1363636363636288,61.49999999999864,40.99999999999909,3.0,session_close,23,,25.0,1.0,-149.99999999998863,1099.9999999999773,1537.499999999966,2024-01-26,reddit_research,reddit_orb_breakout,reddit_orb_breakout|ny|range=15|entry=150|rr=1.5|sl_atr=1|tp_atr=1.5|threshold=2|adx_max=none|adx_min=none|rsi2=none|trend=all|max_bars=24,GC|reddit_orb_breakout|2024-01-26 15:15:00+00:00|short,GC	reddit_orb_breakout	reddit_orb_breakout|ny|range=15|entry=150|rr=1.5|sl_atr=1|tp_atr=1.5|threshold=2|adx_max=none|adx_min=none|rsi2=none|trend=all|max_bars=24
futures,NQ,ict_sweep_fvg,long,2894,2907,2907,2024-01-26 14:30:00+00:00,2024-01-26 17:45:00+00:00,2024-01-26 17:45:00+00:00,17535.0,17527.25,-31.0,-34.0,-1.0,31.0,31.0,3.0,sl,0,NQ:ict_sweep_fvg,15.0,0.5,-255.0,255.0,232.5,2024-01-26,precision_sprint,ict_sweep_fvg,precision_sprint,NQ|ict_sweep_fvg|2024-01-26 17:45:00+00:00|long,
futures,CL,ict_sweep_fvg,short,2903,2915,2915,2024-01-26 15:15:00+00:00,2024-01-26 18:15:00+00:00,2024-01-26 18:15:00+00:00,77.33,77.58,-25.0,-28.0,-1.2727272727272727,25.0,25.0,3.0,sl,0,CL:ict_sweep_fvg,35.0,1.0,-980.0,980.0,875.0,2024-01-26,precision_sprint,ict_sweep_fvg,precision_sprint,CL|ict_sweep_fvg|2024-01-26 18:15:00+00:00|short,
futures,YM,ict_sweep_fvg,short,2966,2969,2969,2024-01-29 09:30:00+00:00,2024-01-29 10:15:00+00:00,2024-01-29 10:15:00+00:00,38220.0,38209.0,11.0,8.0,1.0,11.0,11.0,3.0,tp,0,YM:ict_sweep_fvg,35.0,0.5,140.0,245.0,192.5,2024-01-29,precision_sprint,ict_sweep_fvg,precision_sprint,YM|ict_sweep_fvg|2024-01-29 10:15:00+00:00|short,
futures,GC,,long,29117,29118,29121,2024-01-29 16:30:00+00:00,2024-01-29 16:45:00+00:00,2024-01-29 17:30:00+00:00,2026.1,2030.0437880047,39.43788004700082,36.43788004700082,1.2439566954990924,39.43788004700082,26.29192003133312,3.0,tp,3,,35.0,1.0,1275.3258016450286,1025.2172010966592,1380.3258016450286,2024-01-29,reddit_research,reddit_ema_pullback,reddit_ema_pullback|ny|range=15|entry=150|rr=1.5|sl_atr=1|tp_atr=1.5|threshold=2|adx_max=none|adx_min=none|rsi2=none|trend=both|max_bars=24,GC|reddit_ema_pullback|2024-01-29 16:45:00+00:00|long,GC	reddit_ema_pullback	reddit_ema_pullback|ny|range=15|entry=150|rr=1.5|sl_atr=1|tp_atr=1.5|threshold=2|adx_max=none|adx_min=none|rsi2=none|trend=both|max_bars=24
futures,NQ,,long,29193,29194,29208,2024-01-29 17:15:00+00:00,2024-01-29 17:30:00+00:00,2024-01-29 21:00:00+00:00,17594.5,17698.0,414.0,411.0,1.568702290076336,518.0,259.0,3.0,session_close,14,,8.0,0.5,1644.0,1048.0,2072.0,2024-01-29,reddit_research,reddit_orb_retest,reddit_orb_retest|ny|range=15|entry=150|rr=2|sl_atr=1|tp_atr=1.5|threshold=2|adx_max=none|adx_min=none|rsi2=none|trend=all|max_bars=24,NQ|reddit_orb_retest|2024-01-29 17:30:00+00:00|long,NQ	reddit_orb_retest	reddit_orb_retest|ny|range=15|entry=150|rr=2|sl_atr=1|tp_atr=1.5|threshold=2|adx_max=none|adx_min=none|rsi2=none|trend=all|max_bars=24
futures,GC,ict_sweep_fvg,short,3004,3014,3014,2024-01-29 17:30:00+00:00,2024-01-29 20:00:00+00:00,2024-01-29 20:00:00+00:00,2028.8,2027.1,17.000000000000455,14.000000000000457,1.0000000000001623,17.000000000000455,16.99999999999818,3.0,tp,0,GC:ict_sweep_fvg,15.0,1.0,210.00000000000685,299.9999999999727,255.0000000000068,2024-01-29,precision_sprint,ict_sweep_fvg,precision_sprint,GC|ict_sweep_fvg|2024-01-29 20:00:00+00:00|short,
futures,CL,momentum,short,321960,321961,321972,2024-01-30 09:30:00+00:00,2024-01-30 09:45:00+00:00,2024-01-30 12:30:00+00:00,77.12,76.41,71.0000000000008,68.0000000000008,0.1351888667992063,500.0,500.0,3.0,signal,11,CL:momentum,2.0,1.0,136.0000000000016,1006.0,1000.0,2024-01-30,precision_sprint,momentum,precision_sprint,CL|momentum|2024-01-30 09:45:00+00:00|short,
futures,YM,,long,29274,29275,29275,2024-01-30 14:30:00+00:00,2024-01-30 14:45:00+00:00,2024-01-30 14:45:00+00:00,38443.0,38474.48158171728,31.48158171727846,28.48158171727846,1.187340037233853,31.48158171727846,20.98772114484745,3.0,tp,1,,75.0,0.5,1068.0593143979422,899.5395429317796,1180.5593143979422,2024-01-30,reddit_research,reddit_ema_pullback,reddit_ema_pullback|ny|range=15|entry=150|rr=1.5|sl_atr=1|tp_atr=1.5|threshold=2|adx_max=none|adx_min=none|rsi2=none|trend=both|max_bars=24,YM|reddit_ema_pullback|2024-01-30 14:45:00+00:00|long,YM	reddit_ema_pullback	reddit_ema_pullback|ny|range=15|entry=150|rr=1.5|sl_atr=1|tp_atr=1.5|threshold=2|adx_max=none|adx_min=none|rsi2=none|trend=both|max_bars=24
futures,NQ,,short,29278,29279,29292,2024-01-30 15:30:00+00:00,2024-01-30 15:45:00+00:00,2024-01-30 19:00:00+00:00,17640.25,17551.25,356.0,353.0,1.950276243093923,356.0,178.0,3.0,tp,13,,8.0,0.5,1412.0,724.0,1424.0,2024-01-30,reddit_research,reddit_orb_retest,reddit_orb_retest|ny|range=15|entry=150|rr=2|sl_atr=1|tp_atr=1.5|threshold=2|adx_max=none|adx_min=none|rsi2=none|trend=all|max_bars=24,NQ|reddit_orb_retest|2024-01-30 15:45:00+00:00|short,NQ	reddit_orb_retest	reddit_orb_retest|ny|range=15|entry=150|rr=2|sl_atr=1|tp_atr=1.5|threshold=2|adx_max=none|adx_min=none|rsi2=none|trend=all|max_bars=24
futures,6B,mean_reversion,long,320950,320951,321034,2024-01-30 16:45:00+00:00,2024-01-30 17:00:00+00:00,2024-01-31 14:45:00+00:00,1.2686,1.2735,49.00000000000127,46.00000000000127,0.2266009852216811,500.0,200.0,3.0,signal,83,6B:mean_reversion,9.0,0.625,258.7500000000072,1141.875,2812.5,2024-01-30,precision_sprint,mean_reversion,precision_sprint,6B|mean_reversion|2024-01-30 17:00:00+00:00|long,
futures,GC,,long,29210,29211,29215,2024-01-30 16:45:00+00:00,2024-01-30 17:00:00+00:00,2024-01-30 18:00:00+00:00,2034.8,2031.97253208245,-28.274679175499383,-31.274679175499383,-1.0,42.41201876324794,28.274679175499383,3.0,sl,4,,35.0,1.0,-1094.6137711424783,1094.6137711424783,1484.420656713678,2024-01-30,reddit_research,reddit_ema_pullback,reddit_ema_pullback|ny|range=15|entry=150|rr=1.5|sl_atr=1|tp_atr=1.5|threshold=2|adx_max=none|adx_min=none|rsi2=none|trend=both|max_bars=24,GC|reddit_ema_pullback|2024-01-30 17:00:00+00:00|long,GC	reddit_ema_pullback	reddit_ema_pullback|ny|range=15|entry=150|rr=1.5|sl_atr=1|tp_atr=1.5|threshold=2|adx_max=none|adx_min=none|rsi2=none|trend=both|max_bars=24
futures,CL,momentum,short,322070,322071,322075,2024-01-31 14:00:00+00:00,2024-01-31 14:15:00+00:00,2024-01-31 15:15:00+00:00,77.42,76.41,101.00000000000053,98.00000000000053,0.194831013916502,500.0,500.0,3.0,signal,4,CL:momentum,2.0,1.0,196.00000000000105,1006.0,1000.0,2024-01-31,precision_sprint,momentum,precision_sprint,CL|momentum|2024-01-31 14:15:00+00:00|short,
futures,SI,,short,29319,29320,29324,2024-02-01 14:30:00+00:00,2024-02-01 14:45:00+00:00,2024-02-01 15:45:00+00:00,23.045,23.114135,-13.826999999999856,-16.826999999999856,-1.0,34.567499999999995,13.826999999999856,3.0,sl,4,,12.0,5.0,-1009.6199999999914,1009.6199999999914,2074.05,2024-02-01,reddit_research,reddit_capitulation_reversion,reddit_capitulation_reversion|ny|range=15|entry=150|rr=2.5|sl_atr=1|tp_atr=1.5|threshold=1.75|adx_max=none|adx_min=none|rsi2=10.0|trend=both|max_bars=24,SI|reddit_capitulation_reversion|2024-02-01 14:45:00+00:00|short,SI	reddit_capitulation_reversion	reddit_capitulation_reversion|ny|range=15|entry=150|rr=2.5|sl_atr=1|tp_atr=1.5|threshold=1.75|adx_max=none|adx_min=none|rsi2=10.0|trend=both|max_bars=24
futures,GC,,short,29381,29382,29382,2024-02-01 14:45:00+00:00,2024-02-01 15:00:00+00:00,2024-02-01 15:00:00+00:00,2063.4,2057.7000000000007,56.99999999999363,53.99999999999363,1.3170731707316397,56.99999999999363,37.99999999999727,3.0,tp,1,,25.0,1.0,1349.9999999998408,1024.9999999999318,1424.9999999998408,2024-02-01,reddit_research,reddit_orb_breakout,reddit_orb_breakout|ny|range=15|entry=150|rr=1.5|sl_atr=1|tp_atr=1.5|threshold=2|adx_max=none|adx_min=none|rsi2=none|trend=all|max_bars=24,GC|reddit_orb_breakout|2024-02-01 15:00:00+00:00|short,GC	reddit_orb_breakout	reddit_orb_breakout|ny|range=15|entry=150|rr=1.5|sl_atr=1|tp_atr=1.5|threshold=2|adx_max=none|adx_min=none|rsi2=none|trend=all|max_bars=24
futures,NQ,,long,29461,29462,29463,2024-02-01 15:15:00+00:00,2024-02-01 15:30:00+00:00,2024-02-01 15:45:00+00:00,17368.25,17294.25,-296.0,-299.0,-1.0,592.0,296.0,3.0,sl,1,,8.0,0.5,-1196.0,1196.0,2368.0,2024-02-01,reddit_research,reddit_orb_retest,reddit_orb_retest|ny|range=15|entry=150|rr=2|sl_atr=1|tp_atr=1.5|threshold=2|adx_max=none|adx_min=none|rsi2=none|trend=all|max_bars=24,NQ|reddit_orb_retest|2024-02-01 15:30:00+00:00|long,NQ	reddit_orb_retest	reddit_orb_retest|ny|range=15|entry=150|rr=2|sl_atr=1|tp_atr=1.5|threshold=2|adx_max=none|adx_min=none|rsi2=none|trend=all|max_bars=24
futures,NQ,momentum,short,319667,319668,319668,2024-02-01 17:00:00+00:00,2024-02-01 17:15:00+00:00,2024-02-01 17:15:00+00:00,17379.5,17342.0,150.0,147.0,0.2922465208747515,150.0,500.0,3.0,tp,1,NQ:momentum,4.0,0.5,294.0,1006.0,300.0,2024-02-01,precision_sprint,momentum,precision_sprint,NQ|momentum|2024-02-01 17:15:00+00:00|short,
futures,RTY,,long,29553,29554,29569,2024-02-02 15:15:00+00:00,2024-02-02 15:30:00+00:00,2024-02-02 19:15:00+00:00,1959.1,1976.9,177.99999999999727,174.99999999999727,1.9021739130434767,177.99999999999727,88.99999999999864,3.0,tp,15,,25.0,0.5,2187.499999999966,1149.999999999983,2224.999999999966,2024-02-02,reddit_research,reddit_orb_retest,reddit_orb_retest|ny|range=15|entry=150|rr=2|sl_atr=1|tp_atr=1.5|threshold=2|adx_max=none|adx_min=none|rsi2=none|trend=all|max_bars=24,RTY|reddit_orb_retest|2024-02-02 15:30:00+00:00|long,RTY	reddit_orb_retest	reddit_orb_retest|ny|range=15|entry=150|rr=2|sl_atr=1|tp_atr=1.5|threshold=2|adx_max=none|adx_min=none|rsi2=none|trend=all|max_bars=24
futures,YM,ict_sweep_fvg,short,3349,3359,3359,2024-02-02 13:15:00+00:00,2024-02-02 15:45:00+00:00,2024-02-02 15:45:00+00:00,38619.0,38573.0,46.0,43.0,1.0,46.0,46.0,3.0,tp,0,YM:ict_sweep_fvg,35.0,0.5,752.5,857.5,805.0,2024-02-02,precision_sprint,ict_sweep_fvg,precision_sprint,YM|ict_sweep_fvg|2024-02-02 15:45:00+00:00|short,
futures,YM,ict_sweep_fvg,long,3434,3440,3443,2024-02-05 11:30:00+00:00,2024-02-05 13:00:00+00:00,2024-02-05 13:45:00+00:00,38688.0,38641.0,-47.0,-50.0,-1.0,47.0,47.0,3.0,sl,3,YM:ict_sweep_fvg,35.0,0.5,-875.0,875.0,822.5,2024-02-05,precision_sprint,ict_sweep_fvg,precision_sprint,YM|ict_sweep_fvg|2024-02-05 13:00:00+00:00|long,
futures,NQ,ict_sweep_fvg,long,3428,3443,3443,2024-02-05 10:00:00+00:00,2024-02-05 13:45:00+00:00,2024-02-05 13:45:00+00:00,17695.0,17706.5,46.0,43.0,0.8775510204081632,46.0,46.0,3.0,tp,0,NQ:ict_sweep_fvg,15.0,0.5,322.5,367.5,345.0,2024-02-05,precision_sprint,ict_sweep_fvg,precision_sprint,NQ|ict_sweep_fvg|2024-02-05 13:45:00+00:00|long,
futures,NQ,momentum,long,319844,319845,319851,2024-02-05 15:15:00+00:00,2024-02-05 15:30:00+00:00,2024-02-05 17:00:00+00:00,17626.25,17659.75,134.0,131.0,0.2604373757455268,150.0,500.0,3.0,signal,6,NQ:momentum,4.0,0.5,262.0,1006.0,300.0,2024-02-05,precision_sprint,momentum,precision_sprint,NQ|momentum|2024-02-05 15:30:00+00:00|long,
futures,NQ,ict_sweep_fvg,short,3445,3458,3466,2024-02-05 14:15:00+00:00,2024-02-05 17:30:00+00:00,2024-02-05 19:30:00+00:00,17697.0,17725.25,-113.0,-116.0,-1.0545454545454545,113.0,113.0,3.0,sl,8,NQ:ict_sweep_fvg,15.0,0.5,-870.0,870.0,847.5,2024-02-05,precision_sprint,ict_sweep_fvg,precision_sprint,NQ|ict_sweep_fvg|2024-02-05 17:30:00+00:00|short,
futures,NQ,ict_sweep_fvg,long,3462,3468,3468,2024-02-05 18:30:00+00:00,2024-02-05 20:00:00+00:00,2024-02-05 20:00:00+00:00,17697.25,17716.0,75.0,72.0,0.9230769230769232,75.0,75.0,3.0,tp,0,NQ:ict_sweep_fvg,15.0,0.5,540.0,585.0,562.5,2024-02-05,precision_sprint,ict_sweep_fvg,precision_sprint,NQ|ict_sweep_fvg|2024-02-05 20:00:00+00:00|long,
futures,HG,,short,29699,29700,29710,2024-02-06 08:15:00+00:00,2024-02-06 08:30:00+00:00,2024-02-06 11:00:00+00:00,3.7765,3.76675,19.49999999999985,16.49999999999985,1.0312499999999971,19.49999999999985,12.9999999999999,3.0,tp,10,,50.0,1.25,1031.249999999991,999.9999999999936,1218.749999999991,2024-02-06,reddit_research,reddit_orb_breakout,reddit_orb_breakout|london|range=15|entry=150|rr=1.5|sl_atr=1|tp_atr=1.5|threshold=2|adx_max=none|adx_min=none|rsi2=none|trend=all|max_bars=24,HG|reddit_orb_breakout|2024-02-06 08:30:00+00:00|short,HG	reddit_orb_breakout	reddit_orb_breakout|london|range=15|entry=150|rr=1.5|sl_atr=1|tp_atr=1.5|threshold=2|adx_max=none|adx_min=none|rsi2=none|trend=all|max_bars=24
futures,HG,,short,29724,29725,29749,2024-02-06 14:30:00+00:00,2024-02-06 14:45:00+00:00,2024-02-06 20:45:00+00:00,3.7965,3.784,25.000000000000355,22.000000000000355,0.853407812560629,56.94749999999971,22.778999999999883,3.0,timeout,24,,35.0,1.25,962.5000000000156,1127.831249999995,2491.453124999988,2024-02-06,reddit_research,reddit_capitulation_reversion,reddit_capitulation_reversion|ny|range=15|entry=150|rr=2.5|sl_atr=1|tp_atr=1.5|threshold=1.75|adx_max=none|adx_min=none|rsi2=10.0|trend=both|max_bars=24,HG|reddit_capitulation_reversion|2024-02-06 14:45:00+00:00|short,HG	reddit_capitulation_reversion	reddit_capitulation_reversion|ny|range=15|entry=150|rr=2.5|sl_atr=1|tp_atr=1.5|threshold=1.75|adx_max=none|adx_min=none|rsi2=10.0|trend=both|max_bars=24
futures,GC,,long,29657,29658,29658,2024-02-06 14:45:00+00:00,2024-02-06 15:00:00+00:00,2024-02-06 15:00:00+00:00,2046.8,2052.5,57.000000000000455,54.000000000000455,1.317073170731733,57.000000000000455,37.999999999999545,3.0,tp,1,,25.0,1.0,1350.0000000000114,1024.9999999999886,1425.0000000000114,2024-02-06,reddit_research,reddit_orb_breakout,reddit_orb_breakout|ny|range=15|entry=150|rr=1.5|sl_atr=1|tp_atr=1.5|threshold=2|adx_max=none|adx_min=none|rsi2=none|trend=all|max_bars=24,GC|reddit_orb_breakout|2024-02-06 15:00:00+00:00|long,GC	reddit_orb_breakout	reddit_orb_breakout|ny|range=15|entry=150|rr=1.5|sl_atr=1|tp_atr=1.5|threshold=2|adx_max=none|adx_min=none|rsi2=none|trend=all|max_bars=24
futures,SI,,short,29599,29600,29621,2024-02-06 15:30:00+00:00,2024-02-06 15:45:00+00:00,2024-02-06 21:00:00+00:00,22.555,22.5,10.999999999999943,7.999999999999943,0.4838807234016684,33.832499999999754,13.533000000000328,3.0,session_close,21,,12.0,5.0,479.9999999999966,991.9800000000196,2029.9499999999853,2024-02-06,reddit_research,reddit_capitulation_reversion,reddit_capitulation_reversion|ny|range=15|entry=150|rr=2.5|sl_atr=1|tp_atr=1.5|threshold=1.75|adx_max=none|adx_min=none|rsi2=10.0|trend=both|max_bars=24,SI|reddit_capitulation_reversion|2024-02-06 15:45:00+00:00|short,SI	reddit_capitulation_reversion	reddit_capitulation_reversion|ny|range=15|entry=150|rr=2.5|sl_atr=1|tp_atr=1.5|threshold=1.75|adx_max=none|adx_min=none|rsi2=10.0|trend=both|max_bars=24
futures,CL,momentum,long,322455,322456,322609,2024-02-06 18:15:00+00:00,2024-02-06 18:30:00+00:00,2024-02-08 10:45:00+00:00,73.11,74.38,126.9999999999996,123.9999999999996,0.2465208747514902,500.0,500.0,3.0,signal,153,CL:momentum,2.0,1.0,247.9999999999992,1006.0,1000.0,2024-02-06,precision_sprint,momentum,precision_sprint,CL|momentum|2024-02-06 18:30:00+00:00|long,
futures,YM,ict_sweep_fvg,short,3586,3600,3600,2024-02-07 03:30:00+00:00,2024-02-07 07:00:00+00:00,2024-02-07 07:00:00+00:00,38634.0,38627.0,7.0,4.0,1.0,7.0,7.0,3.0,tp,0,YM:ict_sweep_fvg,35.0,0.5,70.0,175.0,122.5,2024-02-07,precision_sprint,ict_sweep_fvg,precision_sprint,YM|ict_sweep_fvg|2024-02-07 07:00:00+00:00|short,
futures,HG,,short,29791,29792,29794,2024-02-07 08:15:00+00:00,2024-02-07 08:30:00+00:00,2024-02-07 09:00:00+00:00,3.7835,3.7715,24.00000000000002,21.00000000000002,1.1052631578947372,24.00000000000002,16.000000000000014,3.0,tp,2,,50.0,1.25,1312.5000000000014,1187.500000000001,1500.0000000000014,2024-02-07,reddit_research,reddit_orb_breakout,reddit_orb_breakout|london|range=15|entry=150|rr=1.5|sl_atr=1|tp_atr=1.5|threshold=2|adx_max=none|adx_min=none|rsi2=none|trend=all|max_bars=24,HG|reddit_orb_breakout|2024-02-07 08:30:00+00:00|short,HG	reddit_orb_breakout	reddit_orb_breakout|london|range=15|entry=150|rr=1.5|sl_atr=1|tp_atr=1.5|threshold=2|adx_max=none|adx_min=none|rsi2=none|trend=all|max_bars=24
futures,HG,,short,29883,29884,29887,2024-02-08 08:15:00+00:00,2024-02-08 08:30:00+00:00,2024-02-08 09:15:00+00:00,3.748,3.7375000000000007,20.99999999999902,17.99999999999902,1.0588235294117478,20.99999999999902,13.999999999999346,3.0,tp,3,,50.0,1.25,1124.9999999999386,1062.499999999959,1312.4999999999386,2024-02-08,reddit_research,reddit_orb_breakout,reddit_orb_breakout|london|range=15|entry=150|rr=1.5|sl_atr=1|tp_atr=1.5|threshold=2|adx_max=none|adx_min=none|rsi2=none|trend=all|max_bars=24,HG|reddit_orb_breakout|2024-02-08 08:30:00+00:00|short,HG	reddit_orb_breakout	reddit_orb_breakout|london|range=15|entry=150|rr=1.5|sl_atr=1|tp_atr=1.5|threshold=2|adx_max=none|adx_min=none|rsi2=none|trend=all|max_bars=24
futures,GC,ict_sweep_fvg,long,3703,3710,3711,2024-02-08 09:30:00+00:00,2024-02-08 11:15:00+00:00,2024-02-08 11:30:00+00:00,2046.4,2044.4,-20.0,-23.0,-1.0,20.0,20.0,3.0,sl,1,GC:ict_sweep_fvg,15.0,1.0,-345.0,345.0,300.0,2024-02-08,precision_sprint,ict_sweep_fvg,precision_sprint,GC|ict_sweep_fvg|2024-02-08 11:15:00+00:00|long,
futures,6B,mean_reversion,long,321586,321587,321612,2024-02-08 14:45:00+00:00,2024-02-08 15:00:00+00:00,2024-02-08 21:15:00+00:00,1.2612,1.2621,8.999999999999009,5.999999999999009,0.0295566502463005,500.0,200.0,3.0,signal,25,6B:mean_reversion,9.0,0.625,33.74999999999442,1141.875,2812.5,2024-02-08,precision_sprint,mean_reversion,precision_sprint,6B|mean_reversion|2024-02-08 15:00:00+00:00|long,
futures,YM,,long,29922,29923,29944,2024-02-08 15:30:00+00:00,2024-02-08 15:45:00+00:00,2024-02-08 21:00:00+00:00,38704.0,38820.0,116.0,113.0,0.9486869500973796,290.27999999999884,116.112000000001,3.0,session_close,21,,20.0,0.5,1130.0,1191.12000000001,2902.7999999999884,2024-02-08,reddit_research,reddit_capitulation_reversion,reddit_capitulation_reversion|ny|range=15|entry=150|rr=2.5|sl_atr=1|tp_atr=1.5|threshold=1.75|adx_max=none|adx_min=none|rsi2=10.0|trend=long_only|max_bars=24,YM|reddit_capitulation_reversion|2024-02-08 15:45:00+00:00|long,YM	reddit_capitulation_reversion	reddit_capitulation_reversion|ny|range=15|entry=150|rr=2.5|sl_atr=1|tp_atr=1.5|threshold=1.75|adx_max=none|adx_min=none|rsi2=10.0|trend=long_only|max_bars=24
futures,NQ,ict_sweep_fvg,short,3734,3736,3736,2024-02-08 17:30:00+00:00,2024-02-08 18:00:00+00:00,2024-02-08 18:00:00+00:00,17879.75,17866.75,52.0,49.0,1.0,52.0,52.0,3.0,tp,0,NQ:ict_sweep_fvg,15.0,0.5,367.5,412.5,390.0,2024-02-08,precision_sprint,ict_sweep_fvg,precision_sprint,NQ|ict_sweep_fvg|2024-02-08 18:00:00+00:00|short,
futures,YM,,long,30010,30011,30019,2024-02-09 14:30:00+00:00,2024-02-09 14:45:00+00:00,2024-02-09 16:45:00+00:00,38778.0,38661.666,-116.33400000000256,-119.33400000000256,-1.0,290.8349999999991,116.33400000000256,3.0,sl,8,,20.0,0.5,-1193.3400000000256,1193.3400000000256,2908.349999999992,2024-02-09,reddit_research,reddit_capitulation_reversion,reddit_capitulation_reversion|ny|range=15|entry=150|rr=2.5|sl_atr=1|tp_atr=1.5|threshold=1.75|adx_max=none|adx_min=none|rsi2=10.0|trend=long_only|max_bars=24,YM|reddit_capitulation_reversion|2024-02-09 14:45:00+00:00|long,YM	reddit_capitulation_reversion	reddit_capitulation_reversion|ny|range=15|entry=150|rr=2.5|sl_atr=1|tp_atr=1.5|threshold=1.75|adx_max=none|adx_min=none|rsi2=10.0|trend=long_only|max_bars=24
futures,GC,,short,29937,29938,29958,2024-02-09 15:45:00+00:00,2024-02-09 16:00:00+00:00,2024-02-09 21:00:00+00:00,2036.9,2039.6,-26.99999999999818,-29.99999999999818,-0.7142857142856942,58.49999999999909,38.99999999999864,3.0,session_close,20,,25.0,1.0,-749.9999999999545,1049.999999999966,1462.4999999999773,2024-02-09,reddit_research,reddit_orb_breakout,reddit_orb_breakout|ny|range=15|entry=150|rr=1.5|sl_atr=1|tp_atr=1.5|threshold=2|adx_max=none|adx_min=none|rsi2=none|trend=all|max_bars=24,GC|reddit_orb_breakout|2024-02-09 16:00:00+00:00|short,GC	reddit_orb_breakout	reddit_orb_breakout|ny|range=15|entry=150|rr=1.5|sl_atr=1|tp_atr=1.5|threshold=2|adx_max=none|adx_min=none|rsi2=none|trend=all|max_bars=24
futures,6B,mean_reversion,short,321747,321748,321762,2024-02-12 09:00:00+00:00,2024-02-12 09:15:00+00:00,2024-02-12 12:45:00+00:00,1.263,1.2613,16.999999999998128,13.999999999998128,0.06896551724137,500.0,200.0,3.0,signal,14,6B:mean_reversion,9.0,0.625,78.74999999998947,1141.875,2812.5,2024-02-12,precision_sprint,mean_reversion,precision_sprint,6B|mean_reversion|2024-02-12 09:15:00+00:00|short,
futures,CL,ict_sweep_fvg,short,3892,3910,3910,2024-02-12 09:30:00+00:00,2024-02-12 14:00:00+00:00,2024-02-12 14:00:00+00:00,76.43,76.23,20.000000000000284,17.000000000000284,1.0000000000000837,20.000000000000284,19.999999999998863,3.0,tp,0,CL:ict_sweep_fvg,35.0,1.0,595.00000000001,804.9999999999602,700.00000000001,2024-02-12,precision_sprint,ict_sweep_fvg,precision_sprint,CL|ict_sweep_fvg|2024-02-12 14:00:00+00:00|short,
futures,HG,,long,30251,30252,30253,2024-02-14 08:15:00+00:00,2024-02-14 08:30:00+00:00,2024-02-14 08:45:00+00:00,3.6985,3.70525,13.500000000000512,10.500000000000512,0.8750000000000178,13.500000000000512,9.000000000000341,3.0,tp,1,,50.0,1.25,656.250000000032,750.0000000000214,843.750000000032,2024-02-14,reddit_research,reddit_orb_breakout,reddit_orb_breakout|london|range=15|entry=150|rr=1.5|sl_atr=1|tp_atr=1.5|threshold=2|adx_max=none|adx_min=none|rsi2=none|trend=all|max_bars=24,HG|reddit_orb_breakout|2024-02-14 08:30:00+00:00|long,HG	reddit_orb_breakout	reddit_orb_breakout|london|range=15|entry=150|rr=1.5|sl_atr=1|tp_atr=1.5|threshold=2|adx_max=none|adx_min=none|rsi2=none|trend=all|max_bars=24
futures,CL,momentum,long,322996,322997,323093,2024-02-14 15:30:00+00:00,2024-02-14 15:45:00+00:00,2024-02-15 16:45:00+00:00,77.36,78.35,98.99999999999947,95.99999999999947,0.1908548707753469,500.0,500.0,3.0,signal,96,CL:momentum,2.0,1.0,191.99999999999892,1006.0,1000.0,2024-02-14,precision_sprint,momentum,precision_sprint,CL|momentum|2024-02-14 15:45:00+00:00|long,
futures,CL,ict_sweep_fvg,long,4165,4169,4169,2024-02-15 08:45:00+00:00,2024-02-15 09:45:00+00:00,2024-02-15 09:45:00+00:00,76.35000000000001,76.22,-13.000000000000966,-16.000000000000966,-1.0,12.999999999999543,13.000000000000966,3.0,sl,0,CL:ict_sweep_fvg,35.0,1.0,-560.0000000000339,560.0000000000339,454.999999999984,2024-02-15,precision_sprint,ict_sweep_fvg,precision_sprint,CL|ict_sweep_fvg|2024-02-15 09:45:00+00:00|long,
futures,NQ,ict_sweep_fvg,short,4182,4194,4197,2024-02-15 14:30:00+00:00,2024-02-15 17:30:00+00:00,2024-02-15 18:15:00+00:00,17876.0,17903.5,-110.0,-113.0,-1.0560747663551402,110.0,110.0,3.0,sl,3,NQ:ict_sweep_fvg,15.0,0.5,-847.5,847.5,825.0,2024-02-15,precision_sprint,ict_sweep_fvg,precision_sprint,NQ|ict_sweep_fvg|2024-02-15 17:30:00+00:00|short,
futures,6B,mean_reversion,long,322141,322142,322146,2024-02-16 15:30:00+00:00,2024-02-16 15:45:00+00:00,2024-02-16 16:45:00+00:00,1.2586,1.2595,9.00000000000123,6.000000000001229,0.0295566502463114,500.0,200.0,3.0,signal,4,6B:mean_reversion,9.0,0.625,33.750000000006914,1141.875,2812.5,2024-02-16,precision_sprint,mean_reversion,precision_sprint,6B|mean_reversion|2024-02-16 15:45:00+00:00|long,
futures,NQ,,short,30478,30479,30494,2024-02-16 16:30:00+00:00,2024-02-16 16:45:00+00:00,2024-02-16 20:30:00+00:00,17871.5,17754.5,468.0,465.0,1.962025316455696,468.0,234.0,3.0,tp,15,,8.0,0.5,1860.0,948.0,1872.0,2024-02-16,reddit_research,reddit_orb_retest,reddit_orb_retest|ny|range=15|entry=150|rr=2|sl_atr=1|tp_atr=1.5|threshold=2|adx_max=none|adx_min=none|rsi2=none|trend=all|max_bars=24,NQ|reddit_orb_retest|2024-02-16 16:45:00+00:00|short,NQ	reddit_orb_retest	reddit_orb_retest|ny|range=15|entry=150|rr=2|sl_atr=1|tp_atr=1.5|threshold=2|adx_max=none|adx_min=none|rsi2=none|trend=all|max_bars=24
futures,YM,,long,30491,30492,30496,2024-02-16 19:45:00+00:00,2024-02-16 20:00:00+00:00,2024-02-16 21:00:00+00:00,38745.0,38671.0,-74.0,-77.0,-0.6457835367132102,290.58750000000146,116.23500000000058,3.0,session_close,4,,20.0,0.5,-770.0,1192.3500000000058,2905.8750000000146,2024-02-16,reddit_research,reddit_capitulation_reversion,reddit_capitulation_reversion|ny|range=15|entry=150|rr=2.5|sl_atr=1|tp_atr=1.5|threshold=1.75|adx_max=none|adx_min=none|rsi2=10.0|trend=long_only|max_bars=24,YM|reddit_capitulation_reversion|2024-02-16 20:00:00+00:00|long,YM	reddit_capitulation_reversion	reddit_capitulation_reversion|ny|range=15|entry=150|rr=2.5|sl_atr=1|tp_atr=1.5|threshold=1.75|adx_max=none|adx_min=none|rsi2=10.0|trend=long_only|max_bars=24
futures,NQ,ict_sweep_fvg,short,4313,4327,4336,2024-02-19 01:15:00+00:00,2024-02-19 04:45:00+00:00,2024-02-19 07:00:00+00:00,17783.0,17767.5,62.0,59.0,1.0,62.0,62.0,3.0,tp,9,NQ:ict_sweep_fvg,15.0,0.5,442.5,487.5,465.0,2024-02-19,precision_sprint,ict_sweep_fvg,precision_sprint,NQ|ict_sweep_fvg|2024-02-19 04:45:00+00:00|short,
futures,GC,,long,30485,30486,30486,2024-02-19 14:45:00+00:00,2024-02-19 15:00:00+00:00,2024-02-19 15:00:00+00:00,2028.8,2027.7,-10.99999999999909,-13.99999999999909,-1.0,16.499999999998636,10.99999999999909,3.0,sl,1,,25.0,1.0,-349.99999999997726,349.99999999997726,412.4999999999659,2024-02-19,reddit_research,reddit_orb_breakout,reddit_orb_breakout|ny|range=15|entry=150|rr=1.5|sl_atr=1|tp_atr=1.5|threshold=2|adx_max=none|adx_min=none|rsi2=none|trend=all|max_bars=24,GC|reddit_orb_breakout|2024-02-19 15:00:00+00:00|long,GC	reddit_orb_breakout	reddit_orb_breakout|ny|range=15|entry=150|rr=1.5|sl_atr=1|tp_atr=1.5|threshold=2|adx_max=none|adx_min=none|rsi2=none|trend=all|max_bars=24
futures,NQ,,short,30566,30567,30576,2024-02-19 15:30:00+00:00,2024-02-19 15:45:00+00:00,2024-02-19 23:00:00+00:00,17777.5,17764.0,54.0,51.0,0.4146341463414634,240.0,120.0,3.0,session_close,9,,8.0,0.5,204.0,492.0,960.0,2024-02-19,reddit_research,reddit_orb_retest,reddit_orb_retest|ny|range=15|entry=150|rr=2|sl_atr=1|tp_atr=1.5|threshold=2|adx_max=none|adx_min=none|rsi2=none|trend=all|max_bars=24,NQ|reddit_orb_retest|2024-02-19 15:45:00+00:00|short,NQ	reddit_orb_retest	reddit_orb_retest|ny|range=15|entry=150|rr=2|sl_atr=1|tp_atr=1.5|threshold=2|adx_max=none|adx_min=none|rsi2=none|trend=all|max_bars=24
futures,ES,,short,30573,30574,30577,2024-02-19 17:00:00+00:00,2024-02-19 17:15:00+00:00,2024-02-19 23:00:00+00:00,5024.25,5019.75,18.0,15.0,0.75,34.0,17.0,3.0,session_close,3,,30.0,1.25,562.5,750.0,1275.0,2024-02-19,reddit_research,reddit_orb_retest,reddit_orb_retest|ny|range=15|entry=150|rr=2|sl_atr=1|tp_atr=1.5|threshold=2|adx_max=none|adx_min=none|rsi2=none|trend=all|max_bars=24,ES|reddit_orb_retest|2024-02-19 17:15:00+00:00|short,ES	reddit_orb_retest	reddit_orb_retest|ny|range=15|entry=150|rr=2|sl_atr=1|tp_atr=1.5|threshold=2|adx_max=none|adx_min=none|rsi2=none|trend=all|max_bars=24
futures,GC,ict_sweep_fvg,short,4369,4378,4379,2024-02-19 15:00:00+00:00,2024-02-19 17:15:00+00:00,2024-02-19 17:30:00+00:00,2028.1,2029.1,-10.0,-13.0,-1.8571428571428568,10.0,10.0,3.0,sl,1,GC:ict_sweep_fvg,15.0,1.0,-195.0,195.0,150.0,2024-02-19,precision_sprint,ict_sweep_fvg,precision_sprint,GC|ict_sweep_fvg|2024-02-19 17:15:00+00:00|short,
futures,CL,ict_sweep_fvg,short,4389,4400,4400,2024-02-19 18:45:00+00:00,2024-02-20 01:00:00+00:00,2024-02-20 01:00:00+00:00,78.3,78.22,7.999999999999829,4.9999999999998295,1.0,7.999999999999829,7.999999999999829,3.0,tp,0,CL:ict_sweep_fvg,35.0,1.0,174.99999999999403,384.999999999994,279.999999999994,2024-02-20,precision_sprint,ict_sweep_fvg,precision_sprint,CL|ict_sweep_fvg|2024-02-20 01:00:00+00:00|short,
futures,RTY,ict_sweep_fvg,long,4407,4417,4417,2024-02-20 05:45:00+00:00,2024-02-20 08:15:00+00:00,2024-02-20 08:15:00+00:00,2022.0,2021.0,-10.0,-13.0,-1.0,10.0,10.0,3.0,sl,0,RTY:ict_sweep_fvg,40.0,0.5,-260.0,260.0,200.0,2024-02-20,precision_sprint,ict_sweep_fvg,precision_sprint,RTY|ict_sweep_fvg|2024-02-20 08:15:00+00:00|long,
futures,CL,momentum,long,323327,323328,323537,2024-02-20 08:45:00+00:00,2024-02-20 09:00:00+00:00,2024-02-22 15:15:00+00:00,78.1,78.24,14.000000000000057,11.000000000000057,0.021868787276342,500.0,500.0,3.0,signal,209,CL:momentum,2.0,1.0,22.000000000000117,1006.0,1000.0,2024-02-20,precision_sprint,momentum,precision_sprint,CL|momentum|2024-02-20 09:00:00+00:00|long,
futures,RTY,ict_sweep_fvg,long,4419,4421,4421,2024-02-20 08:45:00+00:00,2024-02-20 09:15:00+00:00,2024-02-20 09:15:00+00:00,2022.1,2023.8,17.000000000000455,14.000000000000457,0.7000000000000068,17.000000000000455,17.000000000000455,3.0,tp,0,RTY:ict_sweep_fvg,40.0,0.5,280.00000000000915,400.0000000000091,340.0000000000091,2024-02-20,precision_sprint,ict_sweep_fvg,precision_sprint,RTY|ict_sweep_fvg|2024-02-20 09:15:00+00:00|long,
futures,6B,mean_reversion,short,322308,322309,322310,2024-02-20 11:15:00+00:00,2024-02-20 11:30:00+00:00,2024-02-20 11:45:00+00:00,1.2592,1.2592,-0.0,-3.0,-0.0147783251231527,500.0,200.0,3.0,signal,1,6B:mean_reversion,9.0,0.625,-16.875,1141.875,2812.5,2024-02-20,precision_sprint,mean_reversion,precision_sprint,6B|mean_reversion|2024-02-20 11:30:00+00:00|short,
futures,RTY,ict_sweep_fvg,long,4429,4435,4436,2024-02-20 11:15:00+00:00,2024-02-20 12:45:00+00:00,2024-02-20 13:00:00+00:00,2023.2,2024.8,16.000000000001364,13.000000000001364,0.6842105263158941,16.000000000001364,15.99999999999909,3.0,tp,1,RTY:ict_sweep_fvg,40.0,0.5,260.0000000000273,379.9999999999818,320.0000000000273,2024-02-20,precision_sprint,ict_sweep_fvg,precision_sprint,RTY|ict_sweep_fvg|2024-02-20 12:45:00+00:00|long,
futures,CL,ict_sweep_fvg,long,4449,4456,4456,2024-02-20 13:15:00+00:00,2024-02-20 15:00:00+00:00,2024-02-20 15:00:00+00:00,77.71000000000001,77.59,-12.000000000000457,-15.000000000000457,-1.0,11.999999999999034,12.000000000000457,3.0,sl,0,CL:ict_sweep_fvg,35.0,1.0,-525.000000000016,525.000000000016,419.9999999999662,2024-02-20,precision_sprint,ict_sweep_fvg,precision_sprint,CL|ict_sweep_fvg|2024-02-20 15:00:00+00:00|long,
futures,YM,ict_sweep_fvg,long,4442,4444,4444,2024-02-20 14:30:00+00:00,2024-02-20 15:00:00+00:00,2024-02-20 15:00:00+00:00,38625.0,38664.0,39.0,36.0,0.8571428571428571,39.0,39.0,3.0,tp,0,YM:ict_sweep_fvg,35.0,0.5,630.0,735.0,682.5,2024-02-20,precision_sprint,ict_sweep_fvg,precision_sprint,YM|ict_sweep_fvg|2024-02-20 15:00:00+00:00|long,
futures,SI,,long,30509,30510,30531,2024-02-20 15:30:00+00:00,2024-02-20 15:45:00+00:00,2024-02-20 21:00:00+00:00,23.07,23.05,-3.9999999999999134,-6.999999999999915,-0.4156275976724716,34.60499999999982,13.842000000000354,3.0,session_close,21,,12.0,5.0,-419.9999999999949,1010.5200000000212,2076.2999999999893,2024-02-20,reddit_research,reddit_capitulation_reversion,reddit_capitulation_reversion|ny|range=15|entry=150|rr=2.5|sl_atr=1|tp_atr=1.5|threshold=1.75|adx_max=none|adx_min=none|rsi2=10.0|trend=both|max_bars=24,SI|reddit_capitulation_reversion|2024-02-20 15:45:00+00:00|long,SI	reddit_capitulation_reversion	reddit_capitulation_reversion|ny|range=15|entry=150|rr=2.5|sl_atr=1|tp_atr=1.5|threshold=1.75|adx_max=none|adx_min=none|rsi2=10.0|trend=both|max_bars=24
futures,GC,,long,30660,30661,30662,2024-02-21 15:00:00+00:00,2024-02-21 15:15:00+00:00,2024-02-21 15:30:00+00:00,2040.7,2038.839010428122,-18.60989571878008,-21.60989571878008,-1.0,27.91484357817125,18.60989571878008,3.0,sl,1,,35.0,1.0,-756.3463501573028,756.3463501573028,977.019525235994,2024-02-21,reddit_research,reddit_ema_pullback,reddit_ema_pullback|ny|range=15|entry=150|rr=1.5|sl_atr=1|tp_atr=1.5|threshold=2|adx_max=none|adx_min=none|rsi2=none|trend=both|max_bars=24,GC|reddit_ema_pullback|2024-02-21 15:15:00+00:00|long,GC	reddit_ema_pullback	reddit_ema_pullback|ny|range=15|entry=150|rr=1.5|sl_atr=1|tp_atr=1.5|threshold=2|adx_max=none|adx_min=none|rsi2=none|trend=both|max_bars=24
futures,GC,,long,30660,30661,30663,2024-02-21 15:00:00+00:00,2024-02-21 15:15:00+00:00,2024-02-21 15:45:00+00:00,2040.7,2038.0,-27.00000000000045,-30.00000000000045,-1.0,40.499999999999545,27.00000000000045,3.0,sl,2,,25.0,1.0,-750.0000000000114,750.0000000000114,1012.4999999999886,2024-02-21,reddit_research,reddit_orb_breakout,reddit_orb_breakout|ny|range=15|entry=150|rr=1.5|sl_atr=1|tp_atr=1.5|threshold=2|adx_max=none|adx_min=none|rsi2=none|trend=all|max_bars=24,GC|reddit_orb_breakout|2024-02-21 15:15:00+00:00|long,GC	reddit_orb_breakout	reddit_orb_breakout|ny|range=15|entry=150|rr=1.5|sl_atr=1|tp_atr=1.5|threshold=2|adx_max=none|adx_min=none|rsi2=none|trend=all|max_bars=24
futures,NQ,ict_sweep_fvg,long,4558,4561,4561,2024-02-21 20:30:00+00:00,2024-02-21 21:15:00+00:00,2024-02-21 21:15:00+00:00,17456.0,17419.5,-146.0,-149.0,-1.0,146.0,146.0,3.0,sl,0,NQ:ict_sweep_fvg,15.0,0.5,-1117.5,1117.5,1095.0,2024-02-21,precision_sprint,ict_sweep_fvg,precision_sprint,NQ|ict_sweep_fvg|2024-02-21 21:15:00+00:00|long,
futures,RTY,ict_sweep_fvg,short,4604,4613,4613,2024-02-22 09:00:00+00:00,2024-02-22 11:15:00+00:00,2024-02-22 11:15:00+00:00,2013.4,2010.6,27.999999999999545,24.999999999999545,1.0,27.999999999999545,27.999999999999545,3.0,tp,0,RTY:ict_sweep_fvg,40.0,0.5,499.9999999999909,619.9999999999909,559.9999999999909,2024-02-22,precision_sprint,ict_sweep_fvg,precision_sprint,RTY|ict_sweep_fvg|2024-02-22 11:15:00+00:00|short,
futures,CL,ict_sweep_fvg,short,4623,4638,4638,2024-02-22 10:45:00+00:00,2024-02-22 14:30:00+00:00,2024-02-22 14:30:00+00:00,78.10000000000001,77.97,13.000000000000966,10.000000000000966,1.000000000000142,13.000000000000966,12.999999999999543,3.0,tp,0,CL:ict_sweep_fvg,35.0,1.0,350.0000000000338,559.999999999984,455.0000000000338,2024-02-22,precision_sprint,ict_sweep_fvg,precision_sprint,CL|ict_sweep_fvg|2024-02-22 14:30:00+00:00|short,
futures,RTY,ict_sweep_fvg,short,4615,4627,4627,2024-02-22 11:45:00+00:00,2024-02-22 14:45:00+00:00,2024-02-22 14:45:00+00:00,2014.4,2016.4,-20.0,-23.0,-1.3529411764705883,20.0,20.0,3.0,sl,0,RTY:ict_sweep_fvg,40.0,0.5,-460.0,460.0,400.0,2024-02-22,precision_sprint,ict_sweep_fvg,precision_sprint,RTY|ict_sweep_fvg|2024-02-22 14:45:00+00:00|short,
futures,NQ,,long,30824,30825,30841,2024-02-22 15:00:00+00:00,2024-02-22 15:15:00+00:00,2024-02-22 19:15:00+00:00,17936.0,18080.0,576.0,573.0,1.9690721649484533,576.0,288.0,3.0,tp,16,,8.0,0.5,2292.0,1164.0,2304.0,2024-02-22,reddit_research,reddit_orb_retest,reddit_orb_retest|ny|range=15|entry=150|rr=2|sl_atr=1|tp_atr=1.5|threshold=2|adx_max=none|adx_min=none|rsi2=none|trend=all|max_bars=24,NQ|reddit_orb_retest|2024-02-22 15:15:00+00:00|long,NQ	reddit_orb_retest	reddit_orb_retest|ny|range=15|entry=150|rr=2|sl_atr=1|tp_atr=1.5|threshold=2|adx_max=none|adx_min=none|rsi2=none|trend=all|max_bars=24
futures,RTY,,long,30831,30832,30848,2024-02-22 16:45:00+00:00,2024-02-22 17:00:00+00:00,2024-02-22 21:00:00+00:00,2012.3,2014.8,25.0,22.0,0.2244897959183673,190.0,95.0,3.0,session_close,16,,25.0,0.5,275.0,1225.0,2375.0,2024-02-22,reddit_research,reddit_orb_retest,reddit_orb_retest|ny|range=15|entry=150|rr=2|sl_atr=1|tp_atr=1.5|threshold=2|adx_max=none|adx_min=none|rsi2=none|trend=all|max_bars=24,RTY|reddit_orb_retest|2024-02-22 17:00:00+00:00|long,RTY	reddit_orb_retest	reddit_orb_retest|ny|range=15|entry=150|rr=2|sl_atr=1|tp_atr=1.5|threshold=2|adx_max=none|adx_min=none|rsi2=none|trend=all|max_bars=24
futures,GC,,long,30843,30844,30848,2024-02-23 14:45:00+00:00,2024-02-23 15:00:00+00:00,2024-02-23 16:00:00+00:00,2037.1,2042.2,50.99999999999909,47.99999999999909,1.2972972972973205,50.99999999999909,33.99999999999864,3.0,tp,4,,25.0,1.0,1199.9999999999773,924.999999999966,1274.9999999999773,2024-02-23,reddit_research,reddit_orb_breakout,reddit_orb_breakout|ny|range=15|entry=150|rr=1.5|sl_atr=1|tp_atr=1.5|threshold=2|adx_max=none|adx_min=none|rsi2=none|trend=all|max_bars=24,GC|reddit_orb_breakout|2024-02-23 15:00:00+00:00|long,GC	reddit_orb_breakout	reddit_orb_breakout|ny|range=15|entry=150|rr=1.5|sl_atr=1|tp_atr=1.5|threshold=2|adx_max=none|adx_min=none|rsi2=none|trend=all|max_bars=24
futures,YM,ict_sweep_fvg,short,4735,4740,4741,2024-02-23 18:45:00+00:00,2024-02-23 20:00:00+00:00,2024-02-23 20:15:00+00:00,39201.0,39226.0,-25.0,-28.0,-1.2727272727272727,25.0,25.0,3.0,sl,1,YM:ict_sweep_fvg,35.0,0.5,-490.0,490.0,437.5,2024-02-23,precision_sprint,ict_sweep_fvg,precision_sprint,YM|ict_sweep_fvg|2024-02-23 20:00:00+00:00|short,
futures,NQ,ict_sweep_fvg,long,4757,4760,4760,2024-02-26 01:15:00+00:00,2024-02-26 02:00:00+00:00,2024-02-26 02:00:00+00:00,17935.5,17945.0,38.0,35.0,0.8536585365853658,38.0,38.0,3.0,tp,0,NQ:ict_sweep_fvg,15.0,0.5,262.5,307.5,285.0,2024-02-26,precision_sprint,ict_sweep_fvg,precision_sprint,NQ|ict_sweep_fvg|2024-02-26 02:00:00+00:00|long,
futures,6B,mean_reversion,short,322690,322691,322829,2024-02-26 14:45:00+00:00,2024-02-26 15:00:00+00:00,2024-02-28 03:30:00+00:00,1.2682,1.2669,13.000000000000789,10.000000000000789,0.0492610837438462,500.0,200.0,3.0,signal,138,6B:mean_reversion,9.0,0.625,56.250000000004434,1141.875,2812.5,2024-02-26,precision_sprint,mean_reversion,precision_sprint,6B|mean_reversion|2024-02-26 15:00:00+00:00|short,
futures,CL,momentum,short,323719,323720,324261,2024-02-26 14:45:00+00:00,2024-02-26 15:00:00+00:00,2024-03-05 12:15:00+00:00,76.93,78.16,-122.99999999999898,-125.99999999999898,-0.2504970178926421,500.0,500.0,3.0,signal,541,CL:momentum,2.0,1.0,-251.99999999999795,1006.0,1000.0,2024-02-26,precision_sprint,momentum,precision_sprint,CL|momentum|2024-02-26 15:00:00+00:00|short,
futures,GC,,long,30938,30939,30957,2024-02-26 15:30:00+00:00,2024-02-26 15:45:00+00:00,2024-02-26 20:15:00+00:00,2037.7,2042.05,43.50000000000136,40.50000000000136,1.2656250000000069,43.50000000000136,29.00000000000091,3.0,tp,18,,25.0,1.0,1012.500000000034,800.0000000000227,1087.500000000034,2024-02-26,reddit_research,reddit_orb_breakout,reddit_orb_breakout|ny|range=15|entry=150|rr=1.5|sl_atr=1|tp_atr=1.5|threshold=2|adx_max=none|adx_min=none|rsi2=none|trend=all|max_bars=24,GC|reddit_orb_breakout|2024-02-26 15:45:00+00:00|long,GC	reddit_orb_breakout	reddit_orb_breakout|ny|range=15|entry=150|rr=1.5|sl_atr=1|tp_atr=1.5|threshold=2|adx_max=none|adx_min=none|rsi2=none|trend=all|max_bars=24
futures,YM,ict_sweep_fvg,short,4822,4828,4835,2024-02-26 17:30:00+00:00,2024-02-26 19:00:00+00:00,2024-02-26 20:45:00+00:00,39165.0,39124.0,41.0,38.0,1.0,41.0,41.0,3.0,tp,7,YM:ict_sweep_fvg,35.0,0.5,665.0,770.0,717.5,2024-02-26,precision_sprint,ict_sweep_fvg,precision_sprint,YM|ict_sweep_fvg|2024-02-26 19:00:00+00:00|short,
futures,GC,ict_sweep_fvg,short,4887,4898,4898,2024-02-27 09:00:00+00:00,2024-02-27 11:45:00+00:00,2024-02-27 11:45:00+00:00,2047.2,2047.8,-6.000000000001364,-9.000000000001364,-2.9999999999990905,5.9999999999990905,6.000000000001364,3.0,sl,0,GC:ict_sweep_fvg,15.0,1.0,-135.00000000002046,135.00000000002046,89.99999999998636,2024-02-27,precision_sprint,ict_sweep_fvg,precision_sprint,GC|ict_sweep_fvg|2024-02-27 11:45:00+00:00|short,
futures,GC,,short,31030,31031,31049,2024-02-27 15:30:00+00:00,2024-02-27 15:45:00+00:00,2024-02-27 20:15:00+00:00,2042.8,2038.15,46.50000000000318,43.50000000000318,1.2794117647059249,46.50000000000318,31.000000000001364,3.0,tp,18,,25.0,1.0,1087.5000000000796,850.0000000000341,1162.5000000000796,2024-02-27,reddit_research,reddit_orb_breakout,reddit_orb_breakout|ny|range=15|entry=150|rr=1.5|sl_atr=1|tp_atr=1.5|threshold=2|adx_max=none|adx_min=none|rsi2=none|trend=all|max_bars=24,GC|reddit_orb_breakout|2024-02-27 15:45:00+00:00|short,GC	reddit_orb_breakout	reddit_orb_breakout|ny|range=15|entry=150|rr=1.5|sl_atr=1|tp_atr=1.5|threshold=2|adx_max=none|adx_min=none|rsi2=none|trend=all|max_bars=24
futures,GC,,short,31119,31120,31122,2024-02-28 14:45:00+00:00,2024-02-28 15:00:00+00:00,2024-02-28 15:30:00+00:00,2040.9,2043.3,-23.99999999999864,-26.99999999999864,-1.0,35.99999999999909,23.99999999999864,3.0,sl,2,,25.0,1.0,-674.9999999999659,674.9999999999659,899.9999999999773,2024-02-28,reddit_research,reddit_orb_breakout,reddit_orb_breakout|ny|range=15|entry=150|rr=1.5|sl_atr=1|tp_atr=1.5|threshold=2|adx_max=none|adx_min=none|rsi2=none|trend=all|max_bars=24,GC|reddit_orb_breakout|2024-02-28 15:00:00+00:00|short,GC	reddit_orb_breakout	reddit_orb_breakout|ny|range=15|entry=150|rr=1.5|sl_atr=1|tp_atr=1.5|threshold=2|adx_max=none|adx_min=none|rsi2=none|trend=all|max_bars=24
futures,GC,ict_sweep_fvg,long,4993,5004,5004,2024-02-28 12:30:00+00:00,2024-02-28 15:15:00+00:00,2024-02-28 15:15:00+00:00,2039.6,2041.4,17.999999999999545,14.999999999999543,0.7142857142857081,17.999999999999545,17.999999999999545,3.0,tp,0,GC:ict_sweep_fvg,15.0,1.0,224.99999999999315,314.9999999999932,269.9999999999932,2024-02-28,precision_sprint,ict_sweep_fvg,precision_sprint,GC|ict_sweep_fvg|2024-02-28 15:15:00+00:00|long,
futures,NQ,momentum,short,321397,321398,321400,2024-02-28 16:30:00+00:00,2024-02-28 16:45:00+00:00,2024-02-28 17:15:00+00:00,17969.0,17931.5,150.0,147.0,0.2922465208747515,150.0,500.0,3.0,tp,2,NQ:momentum,4.0,0.5,294.0,1006.0,300.0,2024-02-28,precision_sprint,momentum,precision_sprint,NQ|momentum|2024-02-28 16:45:00+00:00|short,
futures,CL,ict_sweep_fvg,short,5012,5017,5020,2024-02-28 16:00:00+00:00,2024-02-28 17:15:00+00:00,2024-02-28 18:00:00+00:00,78.87,78.58,29.000000000000625,26.000000000000625,1.0000000000000546,29.000000000000625,28.999999999999204,3.0,tp,3,CL:ict_sweep_fvg,35.0,1.0,910.0000000000218,1119.9999999999725,1015.0000000000218,2024-02-28,precision_sprint,ict_sweep_fvg,precision_sprint,CL|ict_sweep_fvg|2024-02-28 17:15:00+00:00|short,
futures,NQ,ict_sweep_fvg,long,4998,5006,5006,2024-02-28 15:30:00+00:00,2024-02-28 17:30:00+00:00,2024-02-28 17:30:00+00:00,17920.25,17900.25,-80.0,-83.0,-1.0,80.0,80.0,3.0,sl,0,NQ:ict_sweep_fvg,15.0,0.5,-622.5,622.5,600.0,2024-02-28,precision_sprint,ict_sweep_fvg,precision_sprint,NQ|ict_sweep_fvg|2024-02-28 17:30:00+00:00|long,
futures,YM,ict_sweep_fvg,long,4998,5008,5008,2024-02-28 15:30:00+00:00,2024-02-28 18:00:00+00:00,2024-02-28 18:00:00+00:00,38906.0,38929.0,23.0,20.0,0.7692307692307693,23.0,23.0,3.0,tp,0,YM:ict_sweep_fvg,35.0,0.5,350.0,455.0,402.5,2024-02-28,precision_sprint,ict_sweep_fvg,precision_sprint,YM|ict_sweep_fvg|2024-02-28 18:00:00+00:00|long,
futures,NQ,ict_sweep_fvg,long,5007,5012,5012,2024-02-28 17:45:00+00:00,2024-02-28 19:00:00+00:00,2024-02-28 19:00:00+00:00,17912.25,17907.75,-18.0,-21.0,-1.0,18.0,18.0,3.0,sl,0,NQ:ict_sweep_fvg,15.0,0.5,-157.5,157.5,135.0,2024-02-28,precision_sprint,ict_sweep_fvg,precision_sprint,NQ|ict_sweep_fvg|2024-02-28 19:00:00+00:00|long,
futures,NQ,,short,31285,31286,31290,2024-02-29 15:15:00+00:00,2024-02-29 15:30:00+00:00,2024-02-29 16:30:00+00:00,18017.5,17907.5,440.0,437.0,1.9596412556053813,440.0,220.0,3.0,tp,4,,8.0,0.5,1748.0,892.0,1760.0,2024-02-29,reddit_research,reddit_orb_retest,reddit_orb_retest|ny|range=15|entry=150|rr=2|sl_atr=1|tp_atr=1.5|threshold=2|adx_max=none|adx_min=none|rsi2=none|trend=all|max_bars=24,NQ|reddit_orb_retest|2024-02-29 15:30:00+00:00|short,NQ	reddit_orb_retest	reddit_orb_retest|ny|range=15|entry=150|rr=2|sl_atr=1|tp_atr=1.5|threshold=2|adx_max=none|adx_min=none|rsi2=none|trend=all|max_bars=24
futures,NQ,momentum,long,321489,321490,321490,2024-02-29 16:30:00+00:00,2024-02-29 16:45:00+00:00,2024-02-29 16:45:00+00:00,17936.75,17974.25,150.0,147.0,0.2922465208747515,150.0,500.0,3.0,tp,1,NQ:momentum,4.0,0.5,294.0,1006.0,300.0,2024-02-29,precision_sprint,momentum,precision_sprint,NQ|momentum|2024-02-29 16:45:00+00:00|long,
futures,NQ,ict_sweep_fvg,short,5160,5171,5178,2024-03-01 10:00:00+00:00,2024-03-01 12:45:00+00:00,2024-03-01 14:30:00+00:00,18099.0,18128.25,-117.0,-120.0,-1.0526315789473684,117.0,117.0,3.0,sl,7,NQ:ict_sweep_fvg,15.0,0.5,-900.0,900.0,877.5,2024-03-01,precision_sprint,ict_sweep_fvg,precision_sprint,NQ|ict_sweep_fvg|2024-03-01 12:45:00+00:00|short,
futures,NQ,,long,31378,31379,31390,2024-03-01 15:30:00+00:00,2024-03-01 15:45:00+00:00,2024-03-01 18:30:00+00:00,18169.75,18321.75,608.0,605.0,1.970684039087948,608.0,304.0,3.0,tp,11,,8.0,0.5,2420.0,1228.0,2432.0,2024-03-01,reddit_research,reddit_orb_retest,reddit_orb_retest|ny|range=15|entry=150|rr=2|sl_atr=1|tp_atr=1.5|threshold=2|adx_max=none|adx_min=none|rsi2=none|trend=all|max_bars=24,NQ|reddit_orb_retest|2024-03-01 15:45:00+00:00|long,NQ	reddit_orb_retest	reddit_orb_retest|ny|range=15|entry=150|rr=2|sl_atr=1|tp_atr=1.5|threshold=2|adx_max=none|adx_min=none|rsi2=none|trend=all|max_bars=24
futures,GC,ict_sweep_fvg,long,5246,5256,5257,2024-03-04 06:45:00+00:00,2024-03-04 09:15:00+00:00,2024-03-04 09:30:00+00:00,2091.4,2092.7000000000003,13.00000000000182,10.00000000000182,0.6250000000000426,13.00000000000182,13.00000000000182,3.0,tp,1,GC:ict_sweep_fvg,15.0,1.0,150.0000000000273,240.00000000002728,195.0000000000273,2024-03-04,precision_sprint,ict_sweep_fvg,precision_sprint,GC|ict_sweep_fvg|2024-03-04 09:15:00+00:00|long,
futures,CL,ict_sweep_fvg,long,5253,5262,5262,2024-03-04 07:15:00+00:00,2024-03-04 09:30:00+00:00,2024-03-04 09:30:00+00:00,79.9,80.02,11.999999999999034,8.999999999999034,0.5999999999999174,11.999999999999034,12.000000000000457,3.0,tp,0,CL:ict_sweep_fvg,35.0,1.0,314.9999999999662,525.000000000016,419.9999999999662,2024-03-04,precision_sprint,ict_sweep_fvg,precision_sprint,CL|ict_sweep_fvg|2024-03-04 09:30:00+00:00|long,
futures,NQ,ict_sweep_fvg,long,5259,5264,5264,2024-03-04 11:45:00+00:00,2024-03-04 13:00:00+00:00,2024-03-04 13:00:00+00:00,18330.75,18337.25,26.0,23.0,0.7931034482758621,26.0,26.0,3.0,tp,0,NQ:ict_sweep_fvg,15.0,0.5,172.5,217.5,195.0,2024-03-04,precision_sprint,ict_sweep_fvg,precision_sprint,NQ|ict_sweep_fvg|2024-03-04 13:00:00+00:00|long,
futures,CL,ict_sweep_fvg,long,5279,5283,5283,2024-03-04 13:45:00+00:00,2024-03-04 14:45:00+00:00,2024-03-04 14:45:00+00:00,79.92,79.76,-15.99999999999966,-18.99999999999966,-1.0,15.99999999999966,15.99999999999966,3.0,sl,0,CL:ict_sweep_fvg,35.0,1.0,-664.9999999999881,664.9999999999881,559.9999999999882,2024-03-04,precision_sprint,ict_sweep_fvg,precision_sprint,CL|ict_sweep_fvg|2024-03-04 14:45:00+00:00|long,
futures,ES,,long,31472,31473,31487,2024-03-04 15:45:00+00:00,2024-03-04 16:00:00+00:00,2024-03-04 19:30:00+00:00,5142.0,5155.5,54.0,51.0,1.7,54.0,27.0,3.0,tp,14,,30.0,1.25,1912.5,1125.0,2025.0,2024-03-04,reddit_research,reddit_orb_retest,reddit_orb_retest|ny|range=15|entry=150|rr=2|sl_atr=1|tp_atr=1.5|threshold=2|adx_max=none|adx_min=none|rsi2=none|trend=all|max_bars=24,ES|reddit_orb_retest|2024-03-04 16:00:00+00:00|long,ES	reddit_orb_retest	reddit_orb_retest|ny|range=15|entry=150|rr=2|sl_atr=1|tp_atr=1.5|threshold=2|adx_max=none|adx_min=none|rsi2=none|trend=all|max_bars=24
futures,RTY,,short,31473,31474,31492,2024-03-04 16:15:00+00:00,2024-03-04 16:30:00+00:00,2024-03-04 21:00:00+00:00,2087.3,2073.5,138.00000000000182,135.00000000000182,1.4210526315789938,183.9999999999964,91.99999999999818,3.0,session_close,18,,25.0,0.5,1687.5000000000227,1187.4999999999773,2299.9999999999545,2024-03-04,reddit_research,reddit_orb_retest,reddit_orb_retest|ny|range=15|entry=150|rr=2|sl_atr=1|tp_atr=1.5|threshold=2|adx_max=none|adx_min=none|rsi2=none|trend=all|max_bars=24,RTY|reddit_orb_retest|2024-03-04 16:30:00+00:00|short,RTY	reddit_orb_retest	reddit_orb_retest|ny|range=15|entry=150|rr=2|sl_atr=1|tp_atr=1.5|threshold=2|adx_max=none|adx_min=none|rsi2=none|trend=all|max_bars=24
futures,RTY,ict_sweep_fvg,long,5335,5337,5337,2024-03-05 07:45:00+00:00,2024-03-05 08:15:00+00:00,2024-03-05 08:15:00+00:00,2069.8,2071.2000000000003,14.00000000000091,11.00000000000091,0.6470588235294307,14.00000000000091,14.00000000000091,3.0,tp,0,RTY:ict_sweep_fvg,40.0,0.5,220.0000000000182,340.0000000000182,280.0000000000182,2024-03-05,precision_sprint,ict_sweep_fvg,precision_sprint,RTY|ict_sweep_fvg|2024-03-05 08:15:00+00:00|long,
futures,RTY,ict_sweep_fvg,short,5467,5472,5472,2024-03-06 17:45:00+00:00,2024-03-06 19:00:00+00:00,2024-03-06 19:00:00+00:00,2073.4,2068.9,45.0,42.0,1.0,45.0,45.0,3.0,tp,0,RTY:ict_sweep_fvg,40.0,0.5,840.0,960.0,900.0,2024-03-06,precision_sprint,ict_sweep_fvg,precision_sprint,RTY|ict_sweep_fvg|2024-03-06 19:00:00+00:00|short,
futures,HG,,long,31738,31739,31763,2024-03-07 14:30:00+00:00,2024-03-07 14:45:00+00:00,2024-03-07 20:45:00+00:00,3.916,3.9245,17.000000000000348,14.000000000000348,0.5283816425120956,58.74000000000024,23.49599999999974,3.0,timeout,24,,35.0,1.25,612.5000000000151,1159.199999999989,2569.8750000000105,2024-03-07,reddit_research,reddit_capitulation_reversion,reddit_capitulation_reversion|ny|range=15|entry=150|rr=2.5|sl_atr=1|tp_atr=1.5|threshold=1.75|adx_max=none|adx_min=none|rsi2=10.0|trend=both|max_bars=24,HG|reddit_capitulation_reversion|2024-03-07 14:45:00+00:00|long,HG	reddit_capitulation_reversion	reddit_capitulation_reversion|ny|range=15|entry=150|rr=2.5|sl_atr=1|tp_atr=1.5|threshold=1.75|adx_max=none|adx_min=none|rsi2=10.0|trend=both|max_bars=24
futures,CL,momentum,short,324462,324463,324630,2024-03-07 16:30:00+00:00,2024-03-07 16:45:00+00:00,2024-03-11 11:30:00+00:00,78.88,77.73,114.99999999999916,111.99999999999916,0.2226640159045708,500.0,500.0,3.0,signal,167,CL:momentum,2.0,1.0,223.99999999999832,1006.0,1000.0,2024-03-07,precision_sprint,momentum,precision_sprint,CL|momentum|2024-03-07 16:45:00+00:00|short,
futures,GC,ict_sweep_fvg,long,5695,5706,5706,2024-03-11 03:00:00+00:00,2024-03-11 05:45:00+00:00,2024-03-11 05:45:00+00:00,2184.8,2183.5,-13.00000000000182,-16.00000000000182,-1.0,12.999999999997272,13.00000000000182,3.0,sl,0,GC:ict_sweep_fvg,15.0,1.0,-240.00000000002728,240.00000000002728,194.99999999995907,2024-03-11,precision_sprint,ict_sweep_fvg,precision_sprint,GC|ict_sweep_fvg|2024-03-11 05:45:00+00:00|long,
futures,RTY,ict_sweep_fvg,long,5696,5711,5711,2024-03-11 05:00:00+00:00,2024-03-11 08:45:00+00:00,2024-03-11 08:45:00+00:00,2079.1,2080.2000000000003,11.000000000003638,8.000000000003638,0.5714285714288684,11.000000000003638,10.99999999999909,3.0,tp,0,RTY:ict_sweep_fvg,40.0,0.5,160.00000000007276,279.9999999999818,220.0000000000728,2024-03-11,precision_sprint,ict_sweep_fvg,precision_sprint,RTY|ict_sweep_fvg|2024-03-11 08:45:00+00:00|long,
futures,GC,ict_sweep_fvg,short,5748,5751,5751,2024-03-11 16:15:00+00:00,2024-03-11 17:00:00+00:00,2024-03-11 17:00:00+00:00,2189.5,2188.0,15.0,12.0,1.0,15.0,15.0,3.0,tp,0,GC:ict_sweep_fvg,15.0,1.0,180.0,270.0,225.0,2024-03-11,precision_sprint,ict_sweep_fvg,precision_sprint,GC|ict_sweep_fvg|2024-03-11 17:00:00+00:00|short,
futures,HG,,long,31990,31991,31994,2024-03-12 07:30:00+00:00,2024-03-12 07:45:00+00:00,2024-03-12 08:30:00+00:00,3.933,3.9255,-14.99999999999968,-17.99999999999968,-1.0,22.49999999999908,14.99999999999968,3.0,sl,3,,50.0,1.25,-1124.99999999998,1124.99999999998,1406.2499999999422,2024-03-12,reddit_research,reddit_orb_breakout,reddit_orb_breakout|london|range=15|entry=150|rr=1.5|sl_atr=1|tp_atr=1.5|threshold=2|adx_max=none|adx_min=none|rsi2=none|trend=all|max_bars=24,HG|reddit_orb_breakout|2024-03-12 07:45:00+00:00|long,HG	reddit_orb_breakout	reddit_orb_breakout|london|range=15|entry=150|rr=1.5|sl_atr=1|tp_atr=1.5|threshold=2|adx_max=none|adx_min=none|rsi2=none|trend=all|max_bars=24
futures,CL,momentum,short,324733,324734,324748,2024-03-12 14:15:00+00:00,2024-03-12 14:30:00+00:00,2024-03-12 18:00:00+00:00,78.3,77.75,54.99999999999972,51.99999999999972,0.1033797216699795,500.0,500.0,3.0,signal,14,CL:momentum,2.0,1.0,103.99999999999945,1006.0,1000.0,2024-03-12,precision_sprint,momentum,precision_sprint,CL|momentum|2024-03-12 14:30:00+00:00|short,
futures,CL,ict_sweep_fvg,short,5971,5978,5978,2024-03-14 01:45:00+00:00,2024-03-14 03:30:00+00:00,2024-03-14 03:30:00+00:00,79.88,79.82000000000001,5.999999999998806,2.9999999999988063,0.9999999999995264,5.999999999998806,6.000000000000227,3.0,tp,0,CL:ict_sweep_fvg,35.0,1.0,104.99999999995822,315.000000000008,209.99999999995825,2024-03-14,precision_sprint,ict_sweep_fvg,precision_sprint,CL|ict_sweep_fvg|2024-03-14 03:30:00+00:00|short,
futures,YM,,long,32202,32203,32203,2024-03-14 13:30:00+00:00,2024-03-14 13:45:00+00:00,2024-03-14 13:45:00+00:00,39553.0,39434.341,-118.65899999999964,-121.65899999999964,-1.0,296.6474999999991,118.65899999999964,3.0,sl,1,,20.0,0.5,-1216.5899999999965,1216.5899999999965,2966.474999999992,2024-03-14,reddit_research,reddit_capitulation_reversion,reddit_capitulation_reversion|ny|range=15|entry=150|rr=2.5|sl_atr=1|tp_atr=1.5|threshold=1.75|adx_max=none|adx_min=none|rsi2=10.0|trend=long_only|max_bars=24,YM|reddit_capitulation_reversion|2024-03-14 13:45:00+00:00|long,YM	reddit_capitulation_reversion	reddit_capitulation_reversion|ny|range=15|entry=150|rr=2.5|sl_atr=1|tp_atr=1.5|threshold=1.75|adx_max=none|adx_min=none|rsi2=10.0|trend=long_only|max_bars=24
futures,HG,,long,32205,32206,32224,2024-03-14 15:15:00+00:00,2024-03-14 15:30:00+00:00,2024-03-14 20:00:00+00:00,4.027,4.0525,51.00000000000016,48.00000000000016,1.7671747294013451,60.404999999999376,24.16200000000046,3.0,session_close,18,,35.0,1.25,2100.000000000007,1188.33750000002,2642.7187499999727,2024-03-14,reddit_research,reddit_capitulation_reversion,reddit_capitulation_reversion|ny|range=15|entry=150|rr=2.5|sl_atr=1|tp_atr=1.5|threshold=1.75|adx_max=none|adx_min=none|rsi2=10.0|trend=both|max_bars=24,HG|reddit_capitulation_reversion|2024-03-14 15:30:00+00:00|long,HG	reddit_capitulation_reversion	reddit_capitulation_reversion|ny|range=15|entry=150|rr=2.5|sl_atr=1|tp_atr=1.5|threshold=1.75|adx_max=none|adx_min=none|rsi2=10.0|trend=both|max_bars=24
futures,NQ,ict_sweep_fvg,long,6023,6027,6027,2024-03-14 17:45:00+00:00,2024-03-14 18:45:00+00:00,2024-03-14 18:45:00+00:00,18262.75,18292.25,118.0,115.0,0.950413223140496,118.0,118.0,3.0,tp,0,NQ:ict_sweep_fvg,15.0,0.5,862.5,907.5,885.0,2024-03-14,precision_sprint,ict_sweep_fvg,precision_sprint,NQ|ict_sweep_fvg|2024-03-14 18:45:00+00:00|long,
futures,GC,,long,32223,32224,32227,2024-03-15 13:45:00+00:00,2024-03-15 14:00:00+00:00,2024-03-15 14:45:00+00:00,2164.3,2170.1500000000005,58.50000000000364,55.50000000000364,1.3214285714286294,58.50000000000364,39.00000000000091,3.0,tp,3,,25.0,1.0,1387.500000000091,1050.0000000000227,1462.500000000091,2024-03-15,reddit_research,reddit_orb_breakout,reddit_orb_breakout|ny|range=15|entry=150|rr=1.5|sl_atr=1|tp_atr=1.5|threshold=2|adx_max=none|adx_min=none|rsi2=none|trend=all|max_bars=24,GC|reddit_orb_breakout|2024-03-15 14:00:00+00:00|long,GC	reddit_orb_breakout	reddit_orb_breakout|ny|range=15|entry=150|rr=1.5|sl_atr=1|tp_atr=1.5|threshold=2|adx_max=none|adx_min=none|rsi2=none|trend=all|max_bars=24
futures,CL,momentum,long,325044,325045,325079,2024-03-18 00:00:00+00:00,2024-03-18 00:15:00+00:00,2024-03-18 08:45:00+00:00,80.6,81.5,90.00000000000057,87.00000000000057,0.1729622266401601,500.0,500.0,3.0,signal,34,CL:momentum,2.0,1.0,174.00000000000114,1006.0,1000.0,2024-03-18,precision_sprint,momentum,precision_sprint,CL|momentum|2024-03-18 00:15:00+00:00|long,
futures,YM,ict_sweep_fvg,short,6165,6171,6171,2024-03-18 07:15:00+00:00,2024-03-18 08:45:00+00:00,2024-03-18 08:45:00+00:00,39152.0,39141.0,11.0,8.0,1.0,11.0,11.0,3.0,tp,0,YM:ict_sweep_fvg,35.0,0.5,140.0,245.0,192.5,2024-03-18,precision_sprint,ict_sweep_fvg,precision_sprint,YM|ict_sweep_fvg|2024-03-18 08:45:00+00:00|short,
futures,RTY,ict_sweep_fvg,short,6175,6180,6180,2024-03-18 09:45:00+00:00,2024-03-18 11:00:00+00:00,2024-03-18 11:00:00+00:00,2065.5,2063.9,15.99999999999909,12.99999999999909,1.0,15.99999999999909,15.99999999999909,3.0,tp,0,RTY:ict_sweep_fvg,40.0,0.5,259.9999999999818,379.9999999999818,319.9999999999818,2024-03-18,precision_sprint,ict_sweep_fvg,precision_sprint,RTY|ict_sweep_fvg|2024-03-18 11:00:00+00:00|short,
futures,GC,,long,32316,32317,32324,2024-03-18 14:00:00+00:00,2024-03-18 14:15:00+00:00,2024-03-18 16:00:00+00:00,2161.8,2159.1,-27.00000000000273,-30.00000000000273,-1.0,40.50000000000182,27.00000000000273,3.0,sl,7,,25.0,1.0,-750.0000000000682,750.0000000000682,1012.5000000000456,2024-03-18,reddit_research,reddit_orb_breakout,reddit_orb_breakout|ny|range=15|entry=150|rr=1.5|sl_atr=1|tp_atr=1.5|threshold=2|adx_max=none|adx_min=none|rsi2=none|trend=all|max_bars=24,GC|reddit_orb_breakout|2024-03-18 14:15:00+00:00|long,GC	reddit_orb_breakout	reddit_orb_breakout|ny|range=15|entry=150|rr=1.5|sl_atr=1|tp_atr=1.5|threshold=2|adx_max=none|adx_min=none|rsi2=none|trend=all|max_bars=24
futures,SI,,long,32249,32250,32269,2024-03-18 15:00:00+00:00,2024-03-18 15:15:00+00:00,2024-03-18 20:00:00+00:00,25.26,25.24,-4.000000000000625,-7.000000000000625,-0.3855474774179605,37.89000000000016,15.156000000000349,3.0,session_close,19,,12.0,5.0,-420.0000000000375,1089.3600000000208,2273.4000000000096,2024-03-18,reddit_research,reddit_capitulation_reversion,reddit_capitulation_reversion|ny|range=15|entry=150|rr=2.5|sl_atr=1|tp_atr=1.5|threshold=1.75|adx_max=none|adx_min=none|rsi2=10.0|trend=both|max_bars=24,SI|reddit_capitulation_reversion|2024-03-18 15:15:00+00:00|long,SI	reddit_capitulation_reversion	reddit_capitulation_reversion|ny|range=15|entry=150|rr=2.5|sl_atr=1|tp_atr=1.5|threshold=1.75|adx_max=none|adx_min=none|rsi2=10.0|trend=both|max_bars=24
futures,HG,,long,32449,32450,32456,2024-03-19 07:15:00+00:00,2024-03-19 07:30:00+00:00,2024-03-19 09:00:00+00:00,4.11,4.1025,-15.000000000000568,-18.00000000000057,-1.0,22.500000000000853,15.000000000000568,3.0,sl,6,,50.0,1.25,-1125.0000000000357,1125.0000000000357,1406.2500000000532,2024-03-19,reddit_research,reddit_orb_breakout,reddit_orb_breakout|london|range=15|entry=150|rr=1.5|sl_atr=1|tp_atr=1.5|threshold=2|adx_max=none|adx_min=none|rsi2=none|trend=all|max_bars=24,HG|reddit_orb_breakout|2024-03-19 07:30:00+00:00|long,HG	reddit_orb_breakout	reddit_orb_breakout|london|range=15|entry=150|rr=1.5|sl_atr=1|tp_atr=1.5|threshold=2|adx_max=none|adx_min=none|rsi2=none|trend=all|max_bars=24
futures,YM,,long,32572,32573,32573,2024-03-20 14:00:00+00:00,2024-03-20 14:15:00+00:00,2024-03-20 14:15:00+00:00,39518.0,39557.773798007685,39.7737980076854,36.7737980076854,1.2458993692375988,39.7737980076854,26.515865338456933,3.0,tp,1,,75.0,0.5,1379.0174252882025,1106.844950192135,1491.5174252882025,2024-03-20,reddit_research,reddit_ema_pullback,reddit_ema_pullback|ny|range=15|entry=150|rr=1.5|sl_atr=1|tp_atr=1.5|threshold=2|adx_max=none|adx_min=none|rsi2=none|trend=both|max_bars=24,YM|reddit_ema_pullback|2024-03-20 14:15:00+00:00|long,YM	reddit_ema_pullback	reddit_ema_pullback|ny|range=15|entry=150|rr=1.5|sl_atr=1|tp_atr=1.5|threshold=2|adx_max=none|adx_min=none|rsi2=none|trend=both|max_bars=24
futures,GC,,short,32503,32504,32516,2024-03-20 14:45:00+00:00,2024-03-20 15:00:00+00:00,2024-03-20 18:00:00+00:00,2160.1,2163.13636296384,-30.3636296384002,-33.3636296384002,-1.0,45.54544445759802,30.3636296384002,3.0,sl,12,,35.0,1.0,-1167.727037344007,1167.727037344007,1594.0905560159308,2024-03-20,reddit_research,reddit_ema_pullback,reddit_ema_pullback|ny|range=15|entry=150|rr=1.5|sl_atr=1|tp_atr=1.5|threshold=2|adx_max=none|adx_min=none|rsi2=none|trend=both|max_bars=24,GC|reddit_ema_pullback|2024-03-20 15:00:00+00:00|short,GC	reddit_ema_pullback	reddit_ema_pullback|ny|range=15|entry=150|rr=1.5|sl_atr=1|tp_atr=1.5|threshold=2|adx_max=none|adx_min=none|rsi2=none|trend=both|max_bars=24
futures,GC,ict_sweep_fvg,short,6384,6399,6399,2024-03-20 14:15:00+00:00,2024-03-20 18:00:00+00:00,2024-03-20 18:00:00+00:00,2164.7000000000003,2167.4,-26.99999999999818,-29.99999999999818,-1.2500000000000189,27.00000000000273,26.99999999999818,3.0,sl,0,GC:ict_sweep_fvg,15.0,1.0,-449.9999999999727,449.9999999999727,405.0000000000409,2024-03-20,precision_sprint,ict_sweep_fvg,precision_sprint,GC|ict_sweep_fvg|2024-03-20 18:00:00+00:00|short,
futures,CL,ict_sweep_fvg,long,6470,6480,6480,2024-03-21 11:30:00+00:00,2024-03-21 14:00:00+00:00,2024-03-21 14:00:00+00:00,80.82000000000001,80.89,6.999999999999318,3.999999999999318,0.3999999999999022,6.999999999999318,7.000000000000739,3.0,tp,0,CL:ict_sweep_fvg,35.0,1.0,139.99999999997613,350.00000000002586,244.99999999997613,2024-03-21,precision_sprint,ict_sweep_fvg,precision_sprint,CL|ict_sweep_fvg|2024-03-21 14:00:00+00:00|long,
futures,NQ,,short,32664,32665,32688,2024-03-21 14:00:00+00:00,2024-03-21 14:15:00+00:00,2024-03-21 20:00:00+00:00,18646.25,18575.0,285.0,282.0,1.110236220472441,502.0,251.0,3.0,session_close,23,,8.0,0.5,1128.0,1016.0,2008.0,2024-03-21,reddit_research,reddit_orb_retest,reddit_orb_retest|ny|range=15|entry=150|rr=2|sl_atr=1|tp_atr=1.5|threshold=2|adx_max=none|adx_min=none|rsi2=none|trend=all|max_bars=24,NQ|reddit_orb_retest|2024-03-21 14:15:00+00:00|short,NQ	reddit_orb_retest	reddit_orb_retest|ny|range=15|entry=150|rr=2|sl_atr=1|tp_atr=1.5|threshold=2|adx_max=none|adx_min=none|rsi2=none|trend=all|max_bars=24
futures,NQ,ict_sweep_fvg,long,6519,6532,6532,2024-03-22 03:45:00+00:00,2024-03-22 07:00:00+00:00,2024-03-22 07:00:00+00:00,18553.75,18563.5,39.0,36.0,0.8571428571428571,39.0,39.0,3.0,tp,0,NQ:ict_sweep_fvg,15.0,0.5,270.0,315.0,292.5,2024-03-22,precision_sprint,ict_sweep_fvg,precision_sprint,NQ|ict_sweep_fvg|2024-03-22 07:00:00+00:00|long,
futures,NQ,ict_sweep_fvg,long,6534,6550,6550,2024-03-22 07:30:00+00:00,2024-03-22 11:30:00+00:00,2024-03-22 11:30:00+00:00,18549.25,18561.25,48.0,45.0,0.8823529411764706,48.0,48.0,3.0,tp,0,NQ:ict_sweep_fvg,15.0,0.5,337.5,382.5,360.0,2024-03-22,precision_sprint,ict_sweep_fvg,precision_sprint,NQ|ict_sweep_fvg|2024-03-22 11:30:00+00:00|long,
futures,NQ,momentum,long,322946,322947,322955,2024-03-22 11:45:00+00:00,2024-03-22 12:00:00+00:00,2024-03-22 14:00:00+00:00,18510.75,18548.25,150.0,147.0,0.2922465208747515,150.0,500.0,3.0,tp,8,NQ:momentum,4.0,0.5,294.0,1006.0,300.0,2024-03-22,precision_sprint,momentum,precision_sprint,NQ|momentum|2024-03-22 12:00:00+00:00|long,
futures,SI,,short,32611,32612,32622,2024-03-22 13:30:00+00:00,2024-03-22 13:45:00+00:00,2024-03-22 16:15:00+00:00,25.05,24.862125,37.57500000000036,34.57500000000036,1.917637271214647,37.57500000000036,15.030000000000143,3.0,tp,10,,12.0,5.0,2074.5000000000214,1081.8000000000086,2254.5000000000214,2024-03-22,reddit_research,reddit_capitulation_reversion,reddit_capitulation_reversion|ny|range=15|entry=150|rr=2.5|sl_atr=1|tp_atr=1.5|threshold=1.75|adx_max=none|adx_min=none|rsi2=10.0|trend=both|max_bars=24,SI|reddit_capitulation_reversion|2024-03-22 13:45:00+00:00|short,SI	reddit_capitulation_reversion	reddit_capitulation_reversion|ny|range=15|entry=150|rr=2.5|sl_atr=1|tp_atr=1.5|threshold=1.75|adx_max=none|adx_min=none|rsi2=10.0|trend=both|max_bars=24
futures,GC,,short,32687,32688,32688,2024-03-22 14:45:00+00:00,2024-03-22 15:00:00+00:00,2024-03-22 15:00:00+00:00,2175.5,2170.667902012844,48.32097987156431,45.32097987156431,1.2870164463561304,48.32097987156431,32.213986581041354,3.0,tp,1,,35.0,1.0,1586.234295504751,1232.4895303364474,1691.234295504751,2024-03-22,reddit_research,reddit_ema_pullback,reddit_ema_pullback|ny|range=15|entry=150|rr=1.5|sl_atr=1|tp_atr=1.5|threshold=2|adx_max=none|adx_min=none|rsi2=none|trend=both|max_bars=24,GC|reddit_ema_pullback|2024-03-22 15:00:00+00:00|short,GC	reddit_ema_pullback	reddit_ema_pullback|ny|range=15|entry=150|rr=1.5|sl_atr=1|tp_atr=1.5|threshold=2|adx_max=none|adx_min=none|rsi2=none|trend=both|max_bars=24
futures,GC,ict_sweep_fvg,long,6556,6572,6572,2024-03-22 11:15:00+00:00,2024-03-22 15:15:00+00:00,2024-03-22 15:15:00+00:00,2169.2000000000003,2170.7000000000003,15.0,12.0,0.6666666666666666,15.0,15.0,3.0,tp,0,GC:ict_sweep_fvg,15.0,1.0,180.0,270.0,225.0,2024-03-22,precision_sprint,ict_sweep_fvg,precision_sprint,GC|ict_sweep_fvg|2024-03-22 15:15:00+00:00|long,
futures,NQ,,long,32763,32764,32780,2024-03-22 15:45:00+00:00,2024-03-22 16:00:00+00:00,2024-03-22 20:00:00+00:00,18559.0,18562.25,13.0,10.0,0.045662100456621,432.0,216.0,3.0,session_close,16,,8.0,0.5,40.0,876.0,1728.0,2024-03-22,reddit_research,reddit_orb_retest,reddit_orb_retest|ny|range=15|entry=150|rr=2|sl_atr=1|tp_atr=1.5|threshold=2|adx_max=none|adx_min=none|rsi2=none|trend=all|max_bars=24,NQ|reddit_orb_retest|2024-03-22 16:00:00+00:00|long,NQ	reddit_orb_retest	reddit_orb_retest|ny|range=15|entry=150|rr=2|sl_atr=1|tp_atr=1.5|threshold=2|adx_max=none|adx_min=none|rsi2=none|trend=all|max_bars=24
futures,NQ,ict_sweep_fvg,long,6569,6580,6580,2024-03-22 16:15:00+00:00,2024-03-22 19:00:00+00:00,2024-03-22 19:00:00+00:00,18550.75,18569.75,76.0,73.0,0.9240506329113924,76.0,76.0,3.0,tp,0,NQ:ict_sweep_fvg,15.0,0.5,547.5,592.5,570.0,2024-03-22,precision_sprint,ict_sweep_fvg,precision_sprint,NQ|ict_sweep_fvg|2024-03-22 19:00:00+00:00|long,
futures,GC,ict_sweep_fvg,short,6603,6608,6608,2024-03-25 00:00:00+00:00,2024-03-25 01:15:00+00:00,2024-03-25 01:15:00+00:00,2168.9,2170.6,-16.99999999999818,-19.99999999999818,-1.4285714285714843,16.99999999999818,16.99999999999818,3.0,sl,0,GC:ict_sweep_fvg,15.0,1.0,-299.9999999999727,299.9999999999727,254.99999999997272,2024-03-25,precision_sprint,ict_sweep_fvg,precision_sprint,GC|ict_sweep_fvg|2024-03-25 01:15:00+00:00|short,
futures,HG,,long,32817,32818,32820,2024-03-25 07:15:00+00:00,2024-03-25 07:30:00+00:00,2024-03-25 08:00:00+00:00,4.022,4.031000000000001,18.000000000000682,15.000000000000682,1.000000000000015,18.000000000000682,12.000000000000457,3.0,tp,2,,50.0,1.25,937.5000000000426,937.5000000000284,1125.0000000000427,2024-03-25,reddit_research,reddit_orb_breakout,reddit_orb_breakout|london|range=15|entry=150|rr=1.5|sl_atr=1|tp_atr=1.5|threshold=2|adx_max=none|adx_min=none|rsi2=none|trend=all|max_bars=24,HG|reddit_orb_breakout|2024-03-25 07:30:00+00:00|long,HG	reddit_orb_breakout	reddit_orb_breakout|london|range=15|entry=150|rr=1.5|sl_atr=1|tp_atr=1.5|threshold=2|adx_max=none|adx_min=none|rsi2=none|trend=all|max_bars=24
futures,YM,,short,32846,32847,32847,2024-03-25 13:30:00+00:00,2024-03-25 13:45:00+00:00,2024-03-25 13:45:00+00:00,39783.0,39744.30447188218,38.69552811781614,35.69552811781614,1.2395563733053332,38.69552811781614,25.797018745208334,3.0,tp,1,,75.0,0.5,1338.5823044181052,1079.8882029453123,1451.0823044181052,2024-03-25,reddit_research,reddit_ema_pullback,reddit_ema_pullback|ny|range=15|entry=150|rr=1.5|sl_atr=1|tp_atr=1.5|threshold=2|adx_max=none|adx_min=none|rsi2=none|trend=both|max_bars=24,YM|reddit_ema_pullback|2024-03-25 13:45:00+00:00|short,YM	reddit_ema_pullback	reddit_ema_pullback|ny|range=15|entry=150|rr=1.5|sl_atr=1|tp_atr=1.5|threshold=2|adx_max=none|adx_min=none|rsi2=none|trend=both|max_bars=24
futures,NQ,momentum,short,323049,323050,323161,2024-03-25 14:30:00+00:00,2024-03-25 14:45:00+00:00,2024-03-26 19:30:00+00:00,18519.0,18481.5,150.0,147.0,0.2922465208747515,150.0,500.0,3.0,tp,111,NQ:momentum,4.0,0.5,294.0,1006.0,300.0,2024-03-25,precision_sprint,momentum,precision_sprint,NQ|momentum|2024-03-25 14:45:00+00:00|short,
futures,HG,,short,32909,32910,32912,2024-03-26 07:15:00+00:00,2024-03-26 07:30:00+00:00,2024-03-26 08:00:00+00:00,3.9975,3.98625,22.499999999999964,19.499999999999964,1.0833333333333506,22.499999999999964,14.99999999999968,3.0,tp,2,,50.0,1.25,1218.749999999998,1124.99999999998,1406.249999999998,2024-03-26,reddit_research,reddit_orb_breakout,reddit_orb_breakout|london|range=15|entry=150|rr=1.5|sl_atr=1|tp_atr=1.5|threshold=2|adx_max=none|adx_min=none|rsi2=none|trend=all|max_bars=24,HG|reddit_orb_breakout|2024-03-26 07:30:00+00:00|short,HG	reddit_orb_breakout	reddit_orb_breakout|london|range=15|entry=150|rr=1.5|sl_atr=1|tp_atr=1.5|threshold=2|adx_max=none|adx_min=none|rsi2=none|trend=all|max_bars=24
futures,NQ,ict_sweep_fvg,short,6716,6723,6725,2024-03-26 07:00:00+00:00,2024-03-26 08:45:00+00:00,2024-03-26 09:15:00+00:00,18595.75,18609.25,-54.0,-57.0,-1.1176470588235294,54.0,54.0,3.0,sl,2,NQ:ict_sweep_fvg,15.0,0.5,-427.5,427.5,405.0,2024-03-26,precision_sprint,ict_sweep_fvg,precision_sprint,NQ|ict_sweep_fvg|2024-03-26 08:45:00+00:00|short,
futures,CL,momentum,long,325637,325638,325643,2024-03-26 10:15:00+00:00,2024-03-26 10:30:00+00:00,2024-03-26 11:45:00+00:00,81.65,82.24,58.99999999999892,55.99999999999892,0.1113320079522841,500.0,500.0,3.0,signal,5,CL:momentum,2.0,1.0,111.99999999999784,1006.0,1000.0,2024-03-26,precision_sprint,momentum,precision_sprint,CL|momentum|2024-03-26 10:30:00+00:00|long,
futures,NQ,ict_sweep_fvg,short,6744,6752,6753,2024-03-26 14:00:00+00:00,2024-03-26 16:00:00+00:00,2024-03-26 16:15:00+00:00,18586.5,18564.25,89.0,86.0,1.0,89.0,89.0,3.0,tp,1,NQ:ict_sweep_fvg,15.0,0.5,645.0,690.0,667.5,2024-03-26,precision_sprint,ict_sweep_fvg,precision_sprint,NQ|ict_sweep_fvg|2024-03-26 16:00:00+00:00|short,
futures,NQ,momentum,short,323254,323255,323304,2024-03-27 19:45:00+00:00,2024-03-27 20:00:00+00:00,2024-03-28 09:15:00+00:00,18506.75,18469.25,150.0,147.0,0.2922465208747515,150.0,500.0,3.0,tp,49,NQ:momentum,4.0,0.5,294.0,1006.0,300.0,2024-03-27,precision_sprint,momentum,precision_sprint,NQ|momentum|2024-03-27 20:00:00+00:00|short,
futures,NQ,,long,33126,33127,33137,2024-03-28 14:30:00+00:00,2024-03-28 14:45:00+00:00,2024-03-28 17:15:00+00:00,18512.5,18457.25,-221.0,-224.0,-1.0,442.0,221.0,3.0,sl,10,,8.0,0.5,-896.0,896.0,1768.0,2024-03-28,reddit_research,reddit_orb_retest,reddit_orb_retest|ny|range=15|entry=150|rr=2|sl_atr=1|tp_atr=1.5|threshold=2|adx_max=none|adx_min=none|rsi2=none|trend=all|max_bars=24,NQ|reddit_orb_retest|2024-03-28 14:45:00+00:00|long,NQ	reddit_orb_retest	reddit_orb_retest|ny|range=15|entry=150|rr=2|sl_atr=1|tp_atr=1.5|threshold=2|adx_max=none|adx_min=none|rsi2=none|trend=all|max_bars=24
futures,ES,,long,33128,33129,33139,2024-03-28 14:45:00+00:00,2024-03-28 15:00:00+00:00,2024-03-28 17:30:00+00:00,5312.5,5305.0,-30.0,-33.0,-1.0,60.0,30.0,3.0,sl,10,,30.0,1.25,-1237.5,1237.5,2250.0,2024-03-28,reddit_research,reddit_orb_retest,reddit_orb_retest|ny|range=15|entry=150|rr=2|sl_atr=1|tp_atr=1.5|threshold=2|adx_max=none|adx_min=none|rsi2=none|trend=all|max_bars=24,ES|reddit_orb_retest|2024-03-28 15:00:00+00:00|long,ES	reddit_orb_retest	reddit_orb_retest|ny|range=15|entry=150|rr=2|sl_atr=1|tp_atr=1.5|threshold=2|adx_max=none|adx_min=none|rsi2=none|trend=all|max_bars=24
futures,YM,ict_sweep_fvg,short,6951,6956,6956,2024-03-28 19:45:00+00:00,2024-03-31 22:00:00+00:00,2024-03-31 22:00:00+00:00,40198.0,40224.0,-26.0,-29.0,-1.2608695652173914,26.0,26.0,3.0,sl,0,YM:ict_sweep_fvg,35.0,0.5,-507.5,507.5,455.0,2024-04-01,precision_sprint,ict_sweep_fvg,precision_sprint,YM|ict_sweep_fvg|2024-03-31 22:00:00+00:00|short,
futures,HG,,long,33186,33187,33187,2024-04-01 07:30:00+00:00,2024-04-01 07:45:00+00:00,2024-04-01 07:45:00+00:00,4.0595,4.054,-10.999999999999233,-13.999999999999233,-1.0,16.49999999999885,10.999999999999233,3.0,sl,1,,50.0,1.25,-874.999999999952,874.999999999952,1031.249999999928,2024-04-01,reddit_research,reddit_orb_breakout,reddit_orb_breakout|london|range=15|entry=150|rr=1.5|sl_atr=1|tp_atr=1.5|threshold=2|adx_max=none|adx_min=none|rsi2=none|trend=all|max_bars=24,HG|reddit_orb_breakout|2024-04-01 07:45:00+00:00|long,HG	reddit_orb_breakout	reddit_orb_breakout|london|range=15|entry=150|rr=1.5|sl_atr=1|tp_atr=1.5|threshold=2|adx_max=none|adx_min=none|rsi2=none|trend=all|max_bars=24
futures,GC,ict_sweep_fvg,short,7012,7014,7014,2024-04-01 11:45:00+00:00,2024-04-01 12:15:00+00:00,2024-04-01 12:15:00+00:00,2268.2000000000003,2266.4,18.00000000000182,15.00000000000182,1.000000000000303,18.00000000000182,17.99999999999727,3.0,tp,0,GC:ict_sweep_fvg,15.0,1.0,225.0000000000273,314.9999999999591,270.0000000000273,2024-04-01,precision_sprint,ict_sweep_fvg,precision_sprint,GC|ict_sweep_fvg|2024-04-01 12:15:00+00:00|short,
futures,GC,ict_sweep_fvg,short,7095,7099,7101,2024-04-02 09:30:00+00:00,2024-04-02 10:30:00+00:00,2024-04-02 11:00:00+00:00,2284.0,2280.4,35.99999999999909,32.99999999999909,1.0,35.99999999999909,35.99999999999909,3.0,tp,2,GC:ict_sweep_fvg,15.0,1.0,494.9999999999864,584.9999999999864,539.9999999999864,2024-04-02,precision_sprint,ict_sweep_fvg,precision_sprint,GC|ict_sweep_fvg|2024-04-02 10:30:00+00:00|short,
futures,NQ,,short,33311,33312,33320,2024-04-02 14:45:00+00:00,2024-04-02 15:00:00+00:00,2024-04-02 17:00:00+00:00,18216.0,18292.0,-304.0,-307.0,-1.0,608.0,304.0,3.0,sl,8,,8.0,0.5,-1228.0,1228.0,2432.0,2024-04-02,reddit_research,reddit_orb_retest,reddit_orb_retest|ny|range=15|entry=150|rr=2|sl_atr=1|tp_atr=1.5|threshold=2|adx_max=none|adx_min=none|rsi2=none|trend=all|max_bars=24,NQ|reddit_orb_retest|2024-04-02 15:00:00+00:00|short,NQ	reddit_orb_retest	reddit_orb_retest|ny|range=15|entry=150|rr=2|sl_atr=1|tp_atr=1.5|threshold=2|adx_max=none|adx_min=none|rsi2=none|trend=all|max_bars=24
futures,GC,ict_sweep_fvg,short,7115,7129,7136,2024-04-02 14:30:00+00:00,2024-04-02 18:00:00+00:00,2024-04-02 19:45:00+00:00,2291.6,2297.5,-59.00000000000091,-62.00000000000091,-1.1071428571428554,58.99999999999636,59.00000000000091,3.0,sl,7,GC:ict_sweep_fvg,15.0,1.0,-930.0000000000136,930.0000000000136,884.9999999999454,2024-04-02,precision_sprint,ict_sweep_fvg,precision_sprint,GC|ict_sweep_fvg|2024-04-02 18:00:00+00:00|short,
futures,NQ,momentum,short,323599,323600,323620,2024-04-03 14:00:00+00:00,2024-04-03 14:15:00+00:00,2024-04-03 19:15:00+00:00,18370.25,18332.75,150.0,147.0,0.2922465208747515,150.0,500.0,3.0,tp,20,NQ:momentum,4.0,0.5,294.0,1006.0,300.0,2024-04-03,precision_sprint,momentum,precision_sprint,NQ|momentum|2024-04-03 14:15:00+00:00|short,
futures,NQ,,short,33492,33493,33508,2024-04-04 14:00:00+00:00,2024-04-04 14:15:00+00:00,2024-04-04 18:00:00+00:00,18518.25,18418.75,398.0,395.0,1.955445544554456,398.0,199.0,3.0,tp,15,,8.0,0.5,1580.0,808.0,1592.0,2024-04-04,reddit_research,reddit_orb_retest,reddit_orb_retest|ny|range=15|entry=150|rr=2|sl_atr=1|tp_atr=1.5|threshold=2|adx_max=none|adx_min=none|rsi2=none|trend=all|max_bars=24,NQ|reddit_orb_retest|2024-04-04 14:15:00+00:00|short,NQ	reddit_orb_retest	reddit_orb_retest|ny|range=15|entry=150|rr=2|sl_atr=1|tp_atr=1.5|threshold=2|adx_max=none|adx_min=none|rsi2=none|trend=all|max_bars=24
futures,HG,,long,33506,33507,33509,2024-04-04 18:30:00+00:00,2024-04-04 18:45:00+00:00,2024-04-04 19:15:00+00:00,4.223,4.210331,-25.33799999999964,-28.33799999999964,-1.0,63.34499999999999,25.33799999999964,3.0,sl,2,,35.0,1.25,-1239.787499999984,1239.787499999984,2771.343749999999,2024-04-04,reddit_research,reddit_capitulation_reversion,reddit_capitulation_reversion|ny|range=15|entry=150|rr=2.5|sl_atr=1|tp_atr=1.5|threshold=1.75|adx_max=none|adx_min=none|rsi2=10.0|trend=both|max_bars=24,HG|reddit_capitulation_reversion|2024-04-04 18:45:00+00:00|long,HG	reddit_capitulation_reversion	reddit_capitulation_reversion|ny|range=15|entry=150|rr=2.5|sl_atr=1|tp_atr=1.5|threshold=1.75|adx_max=none|adx_min=none|rsi2=10.0|trend=both|max_bars=24
futures,NQ,ict_sweep_fvg,long,7472,7478,7478,2024-04-08 12:00:00+00:00,2024-04-08 13:30:00+00:00,2024-04-08 13:30:00+00:00,18297.75,18284.75,-52.0,-55.0,-1.0,52.0,52.0,3.0,sl,0,NQ:ict_sweep_fvg,15.0,0.5,-412.5,412.5,390.0,2024-04-08,precision_sprint,ict_sweep_fvg,precision_sprint,NQ|ict_sweep_fvg|2024-04-08 13:30:00+00:00|long,
futures,RTY,ict_sweep_fvg,long,7471,7480,7480,2024-04-08 11:45:00+00:00,2024-04-08 14:00:00+00:00,2024-04-08 14:00:00+00:00,2087.3,2084.7000000000003,-25.99999999999909,-28.99999999999909,-1.0,25.99999999999909,25.99999999999909,3.0,sl,0,RTY:ict_sweep_fvg,40.0,0.5,-579.9999999999818,579.9999999999818,519.9999999999818,2024-04-08,precision_sprint,ict_sweep_fvg,precision_sprint,RTY|ict_sweep_fvg|2024-04-08 14:00:00+00:00|long,
futures,HG,,long,33672,33673,33683,2024-04-08 14:00:00+00:00,2024-04-08 14:15:00+00:00,2024-04-08 16:45:00+00:00,4.2445,4.27633375,63.66749999999932,60.66749999999932,2.131151860048394,63.66749999999932,25.467000000000795,3.0,tp,10,,35.0,1.25,2654.2031249999704,1245.4312500000349,2785.4531249999704,2024-04-08,reddit_research,reddit_capitulation_reversion,reddit_capitulation_reversion|ny|range=15|entry=150|rr=2.5|sl_atr=1|tp_atr=1.5|threshold=1.75|adx_max=none|adx_min=none|rsi2=10.0|trend=both|max_bars=24,HG|reddit_capitulation_reversion|2024-04-08 14:15:00+00:00|long,HG	reddit_capitulation_reversion	reddit_capitulation_reversion|ny|range=15|entry=150|rr=2.5|sl_atr=1|tp_atr=1.5|threshold=1.75|adx_max=none|adx_min=none|rsi2=10.0|trend=both|max_bars=24
futures,SI,,long,33533,33534,33535,2024-04-08 14:00:00+00:00,2024-04-08 14:15:00+00:00,2024-04-08 14:30:00+00:00,27.43,27.635725,41.14500000000021,38.14500000000021,1.960376194881285,41.14500000000021,16.458000000000084,3.0,tp,1,,12.0,5.0,2288.700000000013,1167.480000000005,2468.700000000013,2024-04-08,reddit_research,reddit_capitulation_reversion,reddit_capitulation_reversion|ny|range=15|entry=150|rr=2.5|sl_atr=1|tp_atr=1.5|threshold=1.75|adx_max=none|adx_min=none|rsi2=10.0|trend=both|max_bars=24,SI|reddit_capitulation_reversion|2024-04-08 14:15:00+00:00|long,SI	reddit_capitulation_reversion	reddit_capitulation_reversion|ny|range=15|entry=150|rr=2.5|sl_atr=1|tp_atr=1.5|threshold=1.75|adx_max=none|adx_min=none|rsi2=10.0|trend=both|max_bars=24
futures,GC,ict_sweep_fvg,short,7477,7485,7488,2024-04-08 13:00:00+00:00,2024-04-08 15:00:00+00:00,2024-04-08 15:45:00+00:00,2349.5,2344.9,45.99999999999909,42.99999999999909,1.0,45.99999999999909,45.99999999999909,3.0,tp,3,GC:ict_sweep_fvg,15.0,1.0,644.9999999999864,734.9999999999864,689.9999999999864,2024-04-08,precision_sprint,ict_sweep_fvg,precision_sprint,GC|ict_sweep_fvg|2024-04-08 15:00:00+00:00|short,
futures,NQ,ict_sweep_fvg,long,7480,7486,7486,2024-04-08 14:00:00+00:00,2024-04-08 15:30:00+00:00,2024-04-08 15:30:00+00:00,18305.25,18335.0,119.0,116.0,0.9508196721311476,119.0,119.0,3.0,tp,0,NQ:ict_sweep_fvg,15.0,0.5,870.0,915.0,892.5,2024-04-08,precision_sprint,ict_sweep_fvg,precision_sprint,NQ|ict_sweep_fvg|2024-04-08 15:30:00+00:00|long,
futures,CL,ict_sweep_fvg,long,7494,7499,7499,2024-04-08 14:30:00+00:00,2024-04-08 15:45:00+00:00,2024-04-08 15:45:00+00:00,85.8,85.57000000000001,-22.999999999998977,-25.999999999998977,-1.0,23.0000000000004,22.999999999998977,3.0,sl,0,CL:ict_sweep_fvg,35.0,1.0,-909.9999999999642,909.9999999999642,805.0000000000141,2024-04-08,precision_sprint,ict_sweep_fvg,precision_sprint,CL|ict_sweep_fvg|2024-04-08 15:45:00+00:00|long,
futures,NQ,momentum,long,323883,323884,323886,2024-04-08 16:00:00+00:00,2024-04-08 16:15:00+00:00,2024-04-08 16:45:00+00:00,18277.0,18314.5,150.0,147.0,0.2922465208747515,150.0,500.0,3.0,tp,2,NQ:momentum,4.0,0.5,294.0,1006.0,300.0,2024-04-08,precision_sprint,momentum,precision_sprint,NQ|momentum|2024-04-08 16:15:00+00:00|long,
futures,SI,,long,33627,33628,33630,2024-04-09 14:30:00+00:00,2024-04-09 14:45:00+00:00,2024-04-09 15:15:00+00:00,27.955,27.871135,-16.772999999999882,-19.77299999999988,-1.0,41.93250000000006,16.772999999999882,3.0,sl,2,,12.0,5.0,-1186.3799999999928,1186.3799999999928,2515.9500000000035,2024-04-09,reddit_research,reddit_capitulation_reversion,reddit_capitulation_reversion|ny|range=15|entry=150|rr=2.5|sl_atr=1|tp_atr=1.5|threshold=1.75|adx_max=none|adx_min=none|rsi2=10.0|trend=both|max_bars=24,SI|reddit_capitulation_reversion|2024-04-09 14:45:00+00:00|long,SI	reddit_capitulation_reversion	reddit_capitulation_reversion|ny|range=15|entry=150|rr=2.5|sl_atr=1|tp_atr=1.5|threshold=1.75|adx_max=none|adx_min=none|rsi2=10.0|trend=both|max_bars=24
futures,RTY,ict_sweep_fvg,short,7644,7654,7654,2024-04-10 09:00:00+00:00,2024-04-10 11:30:00+00:00,2024-04-10 11:30:00+00:00,2106.0,2107.6,-15.99999999999909,-18.99999999999909,-1.461538461538494,15.99999999999909,15.99999999999909,3.0,sl,0,RTY:ict_sweep_fvg,40.0,0.5,-379.9999999999818,379.9999999999818,319.9999999999818,2024-04-10,precision_sprint,ict_sweep_fvg,precision_sprint,RTY|ict_sweep_fvg|2024-04-10 11:30:00+00:00|short,
futures,NQ,ict_sweep_fvg,short,7643,7656,7656,2024-04-10 08:45:00+00:00,2024-04-10 12:00:00+00:00,2024-04-10 12:00:00+00:00,18394.75,18380.25,58.0,55.0,1.0,58.0,58.0,3.0,tp,0,NQ:ict_sweep_fvg,15.0,0.5,412.5,457.5,435.0,2024-04-10,precision_sprint,ict_sweep_fvg,precision_sprint,NQ|ict_sweep_fvg|2024-04-10 12:00:00+00:00|short,
futures,GC,ict_sweep_fvg,long,7665,7669,7669,2024-04-10 14:00:00+00:00,2024-04-10 15:00:00+00:00,2024-04-10 15:00:00+00:00,2356.6,2350.5,-60.99999999999909,-63.99999999999909,-1.0,61.00000000000364,60.99999999999909,3.0,sl,0,GC:ict_sweep_fvg,15.0,1.0,-959.9999999999864,959.9999999999864,915.0000000000546,2024-04-10,precision_sprint,ict_sweep_fvg,precision_sprint,GC|ict_sweep_fvg|2024-04-10 15:00:00+00:00|long,
futures,CL,ict_sweep_fvg,short,7726,7743,7743,2024-04-11 03:30:00+00:00,2024-04-11 07:45:00+00:00,2024-04-11 07:45:00+00:00,86.42,86.38,4.000000000000625,1.0000000000006253,1.0,4.000000000000625,4.000000000000625,3.0,tp,0,CL:ict_sweep_fvg,35.0,1.0,35.000000000021885,245.00000000002188,140.00000000002188,2024-04-11,precision_sprint,ict_sweep_fvg,precision_sprint,CL|ict_sweep_fvg|2024-04-11 07:45:00+00:00|short,
futures,CL,momentum,long,326648,326649,326750,2024-04-11 10:00:00+00:00,2024-04-11 10:15:00+00:00,2024-04-12 12:30:00+00:00,85.86,86.48,62.000000000000455,59.000000000000455,0.1172962226640168,500.0,500.0,3.0,signal,101,CL:momentum,2.0,1.0,118.00000000000092,1006.0,1000.0,2024-04-11,precision_sprint,momentum,precision_sprint,CL|momentum|2024-04-11 10:15:00+00:00|long,
futures,NQ,momentum,short,324146,324147,324151,2024-04-11 12:45:00+00:00,2024-04-11 13:00:00+00:00,2024-04-11 14:00:00+00:00,18246.5,18209.0,150.0,147.0,0.2922465208747515,150.0,500.0,3.0,tp,4,NQ:momentum,4.0,0.5,294.0,1006.0,300.0,2024-04-11,precision_sprint,momentum,precision_sprint,NQ|momentum|2024-04-11 13:00:00+00:00|short,
futures,YM,ict_sweep_fvg,long,7748,7756,7756,2024-04-11 12:00:00+00:00,2024-04-11 14:00:00+00:00,2024-04-11 14:00:00+00:00,38615.0,38570.0,-45.0,-48.0,-1.0,45.0,45.0,3.0,sl,0,YM:ict_sweep_fvg,35.0,0.5,-840.0,840.0,787.5,2024-04-11,precision_sprint,ict_sweep_fvg,precision_sprint,YM|ict_sweep_fvg|2024-04-11 14:00:00+00:00|long,
futures,RTY,ict_sweep_fvg,long,7871,7876,7876,2024-04-12 19:45:00+00:00,2024-04-14 22:00:00+00:00,2024-04-14 22:00:00+00:00,2017.2,2019.2,20.0,17.0,0.7391304347826086,20.0,20.0,3.0,tp,0,RTY:ict_sweep_fvg,40.0,0.5,340.0,460.0,400.0,2024-04-15,precision_sprint,ict_sweep_fvg,precision_sprint,RTY|ict_sweep_fvg|2024-04-14 22:00:00+00:00|long,
futures,YM,ict_sweep_fvg,long,7995,8001,8001,2024-04-16 04:45:00+00:00,2024-04-16 06:15:00+00:00,2024-04-16 06:15:00+00:00,37914.0,37935.0,21.0,18.0,0.75,21.0,21.0,3.0,tp,0,YM:ict_sweep_fvg,35.0,0.5,315.0,420.0,367.5,2024-04-16,precision_sprint,ict_sweep_fvg,precision_sprint,YM|ict_sweep_fvg|2024-04-16 06:15:00+00:00|long,
futures,CL,ict_sweep_fvg,long,8123,8129,8129,2024-04-17 10:45:00+00:00,2024-04-17 12:15:00+00:00,2024-04-17 12:15:00+00:00,84.67,84.79,12.000000000000457,9.000000000000455,0.6000000000000121,12.000000000000457,12.000000000000457,3.0,tp,0,CL:ict_sweep_fvg,35.0,1.0,315.0000000000159,525.000000000016,420.000000000016,2024-04-17,precision_sprint,ict_sweep_fvg,precision_sprint,CL|ict_sweep_fvg|2024-04-17 12:15:00+00:00|long,
futures,6B,mean_reversion,long,326015,326016,326044,2024-04-17 18:00:00+00:00,2024-04-17 18:15:00+00:00,2024-04-18 02:15:00+00:00,1.2462,1.2468,5.999999999999339,2.999999999999339,0.0147783251231494,500.0,200.0,3.0,signal,28,6B:mean_reversion,9.0,0.625,16.874999999996284,1141.875,2812.5,2024-04-17,precision_sprint,mean_reversion,precision_sprint,6B|mean_reversion|2024-04-17 18:15:00+00:00|long,
futures,RTY,ict_sweep_fvg,long,8136,8144,8145,2024-04-17 17:00:00+00:00,2024-04-17 19:00:00+00:00,2024-04-17 19:15:00+00:00,1968.6,1964.3,-42.999999999999545,-45.999999999999545,-1.0,42.999999999999545,42.999999999999545,3.0,sl,1,RTY:ict_sweep_fvg,40.0,0.5,-919.9999999999908,919.9999999999908,859.9999999999909,2024-04-17,precision_sprint,ict_sweep_fvg,precision_sprint,RTY|ict_sweep_fvg|2024-04-17 19:00:00+00:00|long,
futures,CL,ict_sweep_fvg,long,8223,8226,8226,2024-04-18 12:45:00+00:00,2024-04-18 13:30:00+00:00,2024-04-18 13:30:00+00:00,82.67,82.93,26.00000000000051,23.00000000000051,0.7931034482758658,26.00000000000051,26.00000000000051,3.0,tp,0,CL:ict_sweep_fvg,35.0,1.0,805.000000000018,1015.000000000018,910.000000000018,2024-04-18,precision_sprint,ict_sweep_fvg,precision_sprint,CL|ict_sweep_fvg|2024-04-18 13:30:00+00:00|long,
futures,CL,ict_sweep_fvg,long,8235,8244,8247,2024-04-18 15:45:00+00:00,2024-04-18 18:00:00+00:00,2024-04-18 18:45:00+00:00,82.72,82.95,23.0000000000004,20.0000000000004,0.7692307692307727,23.0000000000004,23.0000000000004,3.0,tp,3,CL:ict_sweep_fvg,35.0,1.0,700.0000000000141,910.000000000014,805.0000000000141,2024-04-18,precision_sprint,ict_sweep_fvg,precision_sprint,CL|ict_sweep_fvg|2024-04-18 18:00:00+00:00|long,
futures,RTY,ict_sweep_fvg,long,8297,8304,8304,2024-04-19 11:15:00+00:00,2024-04-19 13:00:00+00:00,2024-04-19 13:00:00+00:00,1949.5,1952.7,32.000000000000455,29.00000000000045,0.8285714285714846,32.000000000000455,31.99999999999818,3.0,tp,0,RTY:ict_sweep_fvg,40.0,0.5,580.000000000009,699.9999999999636,640.0000000000091,2024-04-19,precision_sprint,ict_sweep_fvg,precision_sprint,RTY|ict_sweep_fvg|2024-04-19 13:00:00+00:00|long,
futures,NQ,ict_sweep_fvg,long,8297,8306,8306,2024-04-19 11:15:00+00:00,2024-04-19 13:30:00+00:00,2024-04-19 13:30:00+00:00,17456.75,17435.25,-86.0,-89.0,-1.0,86.0,86.0,3.0,sl,0,NQ:ict_sweep_fvg,15.0,0.5,-667.5,667.5,645.0,2024-04-19,precision_sprint,ict_sweep_fvg,precision_sprint,NQ|ict_sweep_fvg|2024-04-19 13:30:00+00:00|long,
futures,RTY,ict_sweep_fvg,long,8318,8324,8324,2024-04-19 16:30:00+00:00,2024-04-19 18:00:00+00:00,2024-04-19 18:00:00+00:00,1954.0,1958.0,40.0,37.0,0.8604651162790697,40.0,40.0,3.0,tp,0,RTY:ict_sweep_fvg,40.0,0.5,740.0,860.0,800.0,2024-04-19,precision_sprint,ict_sweep_fvg,precision_sprint,RTY|ict_sweep_fvg|2024-04-19 18:00:00+00:00|long,
futures,GC,ict_sweep_fvg,short,8331,8336,8336,2024-04-19 19:30:00+00:00,2024-04-19 20:45:00+00:00,2024-04-19 20:45:00+00:00,2407.1,2404.7000000000003,23.99999999999636,20.99999999999636,0.9999999999997836,23.99999999999636,24.00000000000091,3.0,tp,0,GC:ict_sweep_fvg,15.0,1.0,314.9999999999454,405.0000000000136,359.9999999999454,2024-04-19,precision_sprint,ict_sweep_fvg,precision_sprint,GC|ict_sweep_fvg|2024-04-19 20:45:00+00:00|short,
futures,YM,,long,34594,34595,34611,2024-04-22 13:30:00+00:00,2024-04-22 13:45:00+00:00,2024-04-22 17:45:00+00:00,38270.0,38557.025,287.02500000000146,284.02500000000146,2.410873440285265,287.02500000000146,114.80999999999769,3.0,tp,16,,20.0,0.5,2840.2500000000146,1178.0999999999767,2870.2500000000146,2024-04-22,reddit_research,reddit_capitulation_reversion,reddit_capitulation_reversion|ny|range=15|entry=150|rr=2.5|sl_atr=1|tp_atr=1.5|threshold=1.75|adx_max=none|adx_min=none|rsi2=10.0|trend=long_only|max_bars=24,YM|reddit_capitulation_reversion|2024-04-22 13:45:00+00:00|long,YM	reddit_capitulation_reversion	reddit_capitulation_reversion|ny|range=15|entry=150|rr=2.5|sl_atr=1|tp_atr=1.5|threshold=1.75|adx_max=none|adx_min=none|rsi2=10.0|trend=long_only|max_bars=24
futures,YM,ict_sweep_fvg,short,8400,8407,8407,2024-04-22 14:00:00+00:00,2024-04-22 15:45:00+00:00,2024-04-22 15:45:00+00:00,38319.0,38279.0,40.0,37.0,1.0,40.0,40.0,3.0,tp,0,YM:ict_sweep_fvg,35.0,0.5,647.5,752.5,700.0,2024-04-22,precision_sprint,ict_sweep_fvg,precision_sprint,YM|ict_sweep_fvg|2024-04-22 15:45:00+00:00|short,
futures,RTY,ict_sweep_fvg,short,8400,8408,8408,2024-04-22 14:00:00+00:00,2024-04-22 16:00:00+00:00,2024-04-22 16:00:00+00:00,1970.9,1973.4,-25.0,-28.0,-1.2727272727272727,25.0,25.0,3.0,sl,0,RTY:ict_sweep_fvg,40.0,0.5,-560.0,560.0,500.0,2024-04-22,precision_sprint,ict_sweep_fvg,precision_sprint,RTY|ict_sweep_fvg|2024-04-22 16:00:00+00:00|short,
futures,NQ,ict_sweep_fvg,short,8400,8409,8410,2024-04-22 14:00:00+00:00,2024-04-22 16:15:00+00:00,2024-04-22 16:30:00+00:00,17275.25,17236.25,156.0,153.0,1.0,156.0,156.0,3.0,tp,1,NQ:ict_sweep_fvg,15.0,0.5,1147.5,1192.5,1170.0,2024-04-22,precision_sprint,ict_sweep_fvg,precision_sprint,NQ|ict_sweep_fvg|2024-04-22 16:15:00+00:00|short,
futures,NQ,,short,34605,34606,34608,2024-04-22 16:15:00+00:00,2024-04-22 16:30:00+00:00,2024-04-22 17:00:00+00:00,17259.25,17307.5,-193.0,-196.0,-1.0,386.0,193.0,3.0,sl,2,,8.0,0.5,-784.0,784.0,1544.0,2024-04-22,reddit_research,reddit_orb_retest,reddit_orb_retest|ny|range=15|entry=150|rr=2|sl_atr=1|tp_atr=1.5|threshold=2|adx_max=none|adx_min=none|rsi2=none|trend=all|max_bars=24,NQ|reddit_orb_retest|2024-04-22 16:30:00+00:00|short,NQ	reddit_orb_retest	reddit_orb_retest|ny|range=15|entry=150|rr=2|sl_atr=1|tp_atr=1.5|threshold=2|adx_max=none|adx_min=none|rsi2=none|trend=all|max_bars=24
futures,CL,ict_sweep_fvg,long,8417,8427,8427,2024-04-22 15:15:00+00:00,2024-04-22 17:45:00+00:00,2024-04-22 17:45:00+00:00,81.66,81.89,23.0000000000004,20.0000000000004,0.7692307692308148,23.0000000000004,22.999999999998977,3.0,tp,0,CL:ict_sweep_fvg,35.0,1.0,700.0000000000141,909.9999999999642,805.0000000000141,2024-04-22,precision_sprint,ict_sweep_fvg,precision_sprint,CL|ict_sweep_fvg|2024-04-22 17:45:00+00:00|long,
futures,NQ,momentum,short,324810,324811,324817,2024-04-22 17:45:00+00:00,2024-04-22 18:00:00+00:00,2024-04-22 19:30:00+00:00,17397.25,17359.75,150.0,147.0,0.2922465208747515,150.0,500.0,3.0,tp,6,NQ:momentum,4.0,0.5,294.0,1006.0,300.0,2024-04-22,precision_sprint,momentum,precision_sprint,NQ|momentum|2024-04-22 18:00:00+00:00|short,
futures,CL,ict_sweep_fvg,short,8453,8458,8458,2024-04-23 01:15:00+00:00,2024-04-23 02:30:00+00:00,2024-04-23 02:30:00+00:00,82.24,82.10000000000001,13.999999999998636,10.999999999998636,0.9999999999998708,13.999999999998636,14.000000000000057,3.0,tp,0,CL:ict_sweep_fvg,35.0,1.0,384.99999999995225,595.000000000002,489.99999999995225,2024-04-23,precision_sprint,ict_sweep_fvg,precision_sprint,CL|ict_sweep_fvg|2024-04-23 02:30:00+00:00|short,
futures,CL,ict_sweep_fvg,short,8470,8478,8478,2024-04-23 05:30:00+00:00,2024-04-23 07:30:00+00:00,2024-04-23 07:30:00+00:00,82.29,82.39,-9.999999999999432,-12.999999999999432,-1.8571428571429267,10.000000000000853,9.999999999999432,3.0,sl,0,CL:ict_sweep_fvg,35.0,1.0,-454.9999999999801,454.9999999999801,350.00000000002984,2024-04-23,precision_sprint,ict_sweep_fvg,precision_sprint,CL|ict_sweep_fvg|2024-04-23 07:30:00+00:00|short,
futures,CL,momentum,long,327382,327383,327603,2024-04-23 09:30:00+00:00,2024-04-23 09:45:00+00:00,2024-04-25 18:45:00+00:00,82.04,83.61,156.99999999999932,153.99999999999932,0.3061630218687859,500.0,500.0,3.0,signal,220,CL:momentum,2.0,1.0,307.99999999999864,1006.0,1000.0,2024-04-23,precision_sprint,momentum,precision_sprint,CL|momentum|2024-04-23 09:45:00+00:00|long,
futures,SI,,short,34544,34545,34548,2024-04-23 13:45:00+00:00,2024-04-23 14:00:00+00:00,2024-04-23 14:45:00+00:00,27.34,27.13495,41.00999999999999,38.00999999999999,1.9588744588744589,41.00999999999999,16.403999999999996,3.0,tp,3,,12.0,5.0,2280.5999999999995,1164.2399999999998,2460.5999999999995,2024-04-23,reddit_research,reddit_capitulation_reversion,reddit_capitulation_reversion|ny|range=15|entry=150|rr=2.5|sl_atr=1|tp_atr=1.5|threshold=1.75|adx_max=none|adx_min=none|rsi2=10.0|trend=both|max_bars=24,SI|reddit_capitulation_reversion|2024-04-23 14:00:00+00:00|short,SI	reddit_capitulation_reversion	reddit_capitulation_reversion|ny|range=15|entry=150|rr=2.5|sl_atr=1|tp_atr=1.5|threshold=1.75|adx_max=none|adx_min=none|rsi2=10.0|trend=both|max_bars=24
futures,YM,ict_sweep_fvg,short,8498,8500,8500,2024-04-23 15:30:00+00:00,2024-04-23 16:00:00+00:00,2024-04-23 16:00:00+00:00,38676.0,38656.0,20.0,17.0,1.0,20.0,20.0,3.0,tp,0,YM:ict_sweep_fvg,35.0,0.5,297.5,402.5,350.0,2024-04-23,precision_sprint,ict_sweep_fvg,precision_sprint,YM|ict_sweep_fvg|2024-04-23 16:00:00+00:00|short,
futures,NQ,ict_sweep_fvg,short,8579,8581,8581,2024-04-24 12:45:00+00:00,2024-04-24 13:15:00+00:00,2024-04-24 13:15:00+00:00,17715.25,17726.75,-46.0,-49.0,-1.1395348837209305,46.0,46.0,3.0,sl,0,NQ:ict_sweep_fvg,15.0,0.5,-367.5,367.5,345.0,2024-04-24,precision_sprint,ict_sweep_fvg,precision_sprint,NQ|ict_sweep_fvg|2024-04-24 13:15:00+00:00|short,
futures,RTY,ict_sweep_fvg,short,8661,8670,8670,2024-04-25 10:15:00+00:00,2024-04-25 12:30:00+00:00,2024-04-25 12:30:00+00:00,2017.5,2019.5,-20.0,-23.0,-1.3529411764705883,20.0,20.0,3.0,sl,0,RTY:ict_sweep_fvg,40.0,0.5,-460.0,460.0,400.0,2024-04-25,precision_sprint,ict_sweep_fvg,precision_sprint,RTY|ict_sweep_fvg|2024-04-25 12:30:00+00:00|short,
futures,CL,ict_sweep_fvg,short,8781,8785,8785,2024-04-26 14:15:00+00:00,2024-04-26 15:15:00+00:00,2024-04-26 15:15:00+00:00,83.87,84.09,-21.999999999999886,-24.999999999999886,-1.3157894736842124,21.999999999999886,21.999999999999886,3.0,sl,0,CL:ict_sweep_fvg,35.0,1.0,-874.999999999996,874.999999999996,769.999999999996,2024-04-26,precision_sprint,ict_sweep_fvg,precision_sprint,CL|ict_sweep_fvg|2024-04-26 15:15:00+00:00|short,
futures,YM,ict_sweep_fvg,short,8830,8835,8835,2024-04-29 06:30:00+00:00,2024-04-29 07:45:00+00:00,2024-04-29 07:45:00+00:00,38525.0,38514.0,11.0,8.0,1.0,11.0,11.0,3.0,tp,0,YM:ict_sweep_fvg,35.0,0.5,140.0,245.0,192.5,2024-04-29,precision_sprint,ict_sweep_fvg,precision_sprint,YM|ict_sweep_fvg|2024-04-29 07:45:00+00:00|short,
futures,RTY,ict_sweep_fvg,short,8824,8837,8837,2024-04-29 05:00:00+00:00,2024-04-29 08:15:00+00:00,2024-04-29 08:15:00+00:00,2020.4,2019.1,12.999999999999543,9.999999999999543,1.0,12.999999999999543,12.999999999999543,3.0,tp,0,RTY:ict_sweep_fvg,40.0,0.5,199.99999999999088,319.99999999999085,259.99999999999085,2024-04-29,precision_sprint,ict_sweep_fvg,precision_sprint,RTY|ict_sweep_fvg|2024-04-29 08:15:00+00:00|short,
futures,CL,momentum,short,327745,327746,327771,2024-04-29 08:15:00+00:00,2024-04-29 08:30:00+00:00,2024-04-29 14:45:00+00:00,83.45,82.6,85.00000000000085,82.00000000000085,0.163021868787278,500.0,500.0,3.0,signal,25,CL:momentum,2.0,1.0,164.0000000000017,1006.0,1000.0,2024-04-29,precision_sprint,momentum,precision_sprint,CL|momentum|2024-04-29 08:30:00+00:00|short,
futures,GC,ict_sweep_fvg,short,8852,8861,8861,2024-04-29 11:45:00+00:00,2024-04-29 14:00:00+00:00,2024-04-29 14:00:00+00:00,2349.7000000000003,2348.2000000000003,15.0,12.0,1.0,15.0,15.0,3.0,tp,0,GC:ict_sweep_fvg,15.0,1.0,180.0,270.0,225.0,2024-04-29,precision_sprint,ict_sweep_fvg,precision_sprint,GC|ict_sweep_fvg|2024-04-29 14:00:00+00:00|short,
futures,YM,ict_sweep_fvg,long,8866,8878,8878,2024-04-29 15:30:00+00:00,2024-04-29 18:30:00+00:00,2024-04-29 18:30:00+00:00,38497.0,38471.0,-26.0,-29.0,-1.0,26.0,26.0,3.0,sl,0,YM:ict_sweep_fvg,35.0,0.5,-507.5,507.5,455.0,2024-04-29,precision_sprint,ict_sweep_fvg,precision_sprint,YM|ict_sweep_fvg|2024-04-29 18:30:00+00:00|long,
futures,SI,,short,35044,35045,35046,2024-05-01 14:00:00+00:00,2024-05-01 14:15:00+00:00,2024-05-01 14:30:00+00:00,26.87,26.668475,40.30500000000004,37.30500000000004,1.950894257922812,40.30500000000004,16.122000000000014,3.0,tp,1,,12.0,5.0,2238.300000000002,1147.3200000000008,2418.300000000002,2024-05-01,reddit_research,reddit_capitulation_reversion,reddit_capitulation_reversion|ny|range=15|entry=150|rr=2.5|sl_atr=1|tp_atr=1.5|threshold=1.75|adx_max=none|adx_min=none|rsi2=10.0|trend=both|max_bars=24,SI|reddit_capitulation_reversion|2024-05-01 14:15:00+00:00|short,SI	reddit_capitulation_reversion	reddit_capitulation_reversion|ny|range=15|entry=150|rr=2.5|sl_atr=1|tp_atr=1.5|threshold=1.75|adx_max=none|adx_min=none|rsi2=10.0|trend=both|max_bars=24
futures,NQ,,short,35241,35242,35256,2024-05-01 14:15:00+00:00,2024-05-01 14:30:00+00:00,2024-05-01 18:00:00+00:00,17468.25,17517.5,-197.0,-200.0,-1.0,394.0,197.0,3.0,sl,14,,8.0,0.5,-800.0,800.0,1576.0,2024-05-01,reddit_research,reddit_orb_retest,reddit_orb_retest|ny|range=15|entry=150|rr=2|sl_atr=1|tp_atr=1.5|threshold=2|adx_max=none|adx_min=none|rsi2=none|trend=all|max_bars=24,NQ|reddit_orb_retest|2024-05-01 14:30:00+00:00|short,NQ	reddit_orb_retest	reddit_orb_retest|ny|range=15|entry=150|rr=2|sl_atr=1|tp_atr=1.5|threshold=2|adx_max=none|adx_min=none|rsi2=none|trend=all|max_bars=24
futures,RTY,ict_sweep_fvg,long,9052,9057,9057,2024-05-01 16:00:00+00:00,2024-05-01 17:15:00+00:00,2024-05-01 17:15:00+00:00,1980.7,1983.8,31.000000000001364,28.000000000001364,0.823529411764768,31.000000000001364,30.99999999999909,3.0,tp,0,RTY:ict_sweep_fvg,40.0,0.5,560.0000000000273,679.9999999999818,620.0000000000273,2024-05-01,precision_sprint,ict_sweep_fvg,precision_sprint,RTY|ict_sweep_fvg|2024-05-01 17:15:00+00:00|long,
futures,NQ,ict_sweep_fvg,long,9059,9062,9062,2024-05-01 17:45:00+00:00,2024-05-01 18:30:00+00:00,2024-05-01 18:30:00+00:00,17479.75,17516.0,145.0,142.0,0.9594594594594594,145.0,145.0,3.0,tp,0,NQ:ict_sweep_fvg,15.0,0.5,1065.0,1110.0,1087.5,2024-05-01,precision_sprint,ict_sweep_fvg,precision_sprint,NQ|ict_sweep_fvg|2024-05-01 18:30:00+00:00|long,
futures,YM,ict_sweep_fvg,short,9214,9217,9217,2024-05-03 10:30:00+00:00,2024-05-03 11:15:00+00:00,2024-05-03 11:15:00+00:00,38686.0,38669.0,17.0,14.0,1.0,17.0,17.0,3.0,tp,0,YM:ict_sweep_fvg,35.0,0.5,245.0,350.0,297.5,2024-05-03,precision_sprint,ict_sweep_fvg,precision_sprint,YM|ict_sweep_fvg|2024-05-03 11:15:00+00:00|short,
futures,NQ,,long,35426,35427,35428,2024-05-03 14:30:00+00:00,2024-05-03 14:45:00+00:00,2024-05-03 15:00:00+00:00,17982.75,17910.5,-289.0,-292.0,-1.0,578.0,289.0,3.0,sl,1,,8.0,0.5,-1168.0,1168.0,2312.0,2024-05-03,reddit_research,reddit_orb_retest,reddit_orb_retest|ny|range=15|entry=150|rr=2|sl_atr=1|tp_atr=1.5|threshold=2|adx_max=none|adx_min=none|rsi2=none|trend=all|max_bars=24,NQ|reddit_orb_retest|2024-05-03 14:45:00+00:00|long,NQ	reddit_orb_retest	reddit_orb_retest|ny|range=15|entry=150|rr=2|sl_atr=1|tp_atr=1.5|threshold=2|adx_max=none|adx_min=none|rsi2=none|trend=all|max_bars=24
futures,HG,,long,35486,35487,35493,2024-05-06 07:30:00+00:00,2024-05-06 07:45:00+00:00,2024-05-06 09:15:00+00:00,4.61,4.622,23.999999999999133,20.999999999999133,1.1052631578946903,23.999999999999133,16.000000000000014,3.0,tp,6,,50.0,1.25,1312.499999999946,1187.500000000001,1499.999999999946,2024-05-06,reddit_research,reddit_orb_breakout,reddit_orb_breakout|london|range=15|entry=150|rr=1.5|sl_atr=1|tp_atr=1.5|threshold=2|adx_max=none|adx_min=none|rsi2=none|trend=all|max_bars=24,HG|reddit_orb_breakout|2024-05-06 07:45:00+00:00|long,HG	reddit_orb_breakout	reddit_orb_breakout|london|range=15|entry=150|rr=1.5|sl_atr=1|tp_atr=1.5|threshold=2|adx_max=none|adx_min=none|rsi2=none|trend=all|max_bars=24
futures,NQ,ict_sweep_fvg,long,9288,9295,9295,2024-05-06 06:00:00+00:00,2024-05-06 07:45:00+00:00,2024-05-06 07:45:00+00:00,18000.75,18006.25,22.0,19.0,0.76,22.0,22.0,3.0,tp,0,NQ:ict_sweep_fvg,15.0,0.5,142.5,187.5,165.0,2024-05-06,precision_sprint,ict_sweep_fvg,precision_sprint,NQ|ict_sweep_fvg|2024-05-06 07:45:00+00:00|long,
futures,YM,,long,35520,35521,35540,2024-05-06 15:00:00+00:00,2024-05-06 15:15:00+00:00,2024-05-06 20:00:00+00:00,38890.0,38989.0,99.0,96.0,0.802206066683391,291.6750000000029,116.66999999999824,3.0,session_close,19,,20.0,0.5,960.0,1196.6999999999823,2916.750000000029,2024-05-06,reddit_research,reddit_capitulation_reversion,reddit_capitulation_reversion|ny|range=15|entry=150|rr=2.5|sl_atr=1|tp_atr=1.5|threshold=1.75|adx_max=none|adx_min=none|rsi2=10.0|trend=long_only|max_bars=24,YM|reddit_capitulation_reversion|2024-05-06 15:15:00+00:00|long,YM	reddit_capitulation_reversion	reddit_capitulation_reversion|ny|range=15|entry=150|rr=2.5|sl_atr=1|tp_atr=1.5|threshold=1.75|adx_max=none|adx_min=none|rsi2=10.0|trend=long_only|max_bars=24
futures,YM,ict_sweep_fvg,short,9324,9331,9331,2024-05-06 15:00:00+00:00,2024-05-06 16:45:00+00:00,2024-05-06 16:45:00+00:00,38907.0,38882.0,25.0,22.0,1.0,25.0,25.0,3.0,tp,0,YM:ict_sweep_fvg,35.0,0.5,385.0,490.0,437.5,2024-05-06,precision_sprint,ict_sweep_fvg,precision_sprint,YM|ict_sweep_fvg|2024-05-06 16:45:00+00:00|short,
futures,NQ,,short,35609,35610,35611,2024-05-07 14:15:00+00:00,2024-05-07 14:30:00+00:00,2024-05-07 14:45:00+00:00,18188.25,18236.0,-191.0,-194.0,-1.0,382.0,191.0,3.0,sl,1,,8.0,0.5,-776.0,776.0,1528.0,2024-05-07,reddit_research,reddit_orb_retest,reddit_orb_retest|ny|range=15|entry=150|rr=2|sl_atr=1|tp_atr=1.5|threshold=2|adx_max=none|adx_min=none|rsi2=none|trend=all|max_bars=24,NQ|reddit_orb_retest|2024-05-07 14:30:00+00:00|short,NQ	reddit_orb_retest	reddit_orb_retest|ny|range=15|entry=150|rr=2|sl_atr=1|tp_atr=1.5|threshold=2|adx_max=none|adx_min=none|rsi2=none|trend=all|max_bars=24
futures,RTY,,long,35609,35610,35632,2024-05-07 14:15:00+00:00,2024-05-07 14:30:00+00:00,2024-05-07 20:00:00+00:00,2080.5,2074.5,-60.0,-63.0,-0.7078651685393331,171.99999999999818,85.99999999999909,3.0,session_close,22,,25.0,0.5,-787.5,1112.4999999999886,2149.9999999999773,2024-05-07,reddit_research,reddit_orb_retest,reddit_orb_retest|ny|range=15|entry=150|rr=2|sl_atr=1|tp_atr=1.5|threshold=2|adx_max=none|adx_min=none|rsi2=none|trend=all|max_bars=24,RTY|reddit_orb_retest|2024-05-07 14:30:00+00:00|long,RTY	reddit_orb_retest	reddit_orb_retest|ny|range=15|entry=150|rr=2|sl_atr=1|tp_atr=1.5|threshold=2|adx_max=none|adx_min=none|rsi2=none|trend=all|max_bars=24
futures,YM,ict_sweep_fvg,short,9437,9443,9453,2024-05-07 20:15:00+00:00,2024-05-07 22:45:00+00:00,2024-05-08 01:15:00+00:00,39024.0,39010.0,14.0,11.0,1.0,14.0,14.0,3.0,tp,10,YM:ict_sweep_fvg,35.0,0.5,192.5,297.5,245.0,2024-05-08,precision_sprint,ict_sweep_fvg,precision_sprint,YM|ict_sweep_fvg|2024-05-07 22:45:00+00:00|short,
futures,NQ,ict_sweep_fvg,short,9435,9448,9448,2024-05-07 19:45:00+00:00,2024-05-08 00:00:00+00:00,2024-05-08 00:00:00+00:00,18211.75,18202.5,37.0,34.0,1.0,37.0,37.0,3.0,tp,0,NQ:ict_sweep_fvg,15.0,0.5,255.0,300.0,277.5,2024-05-08,precision_sprint,ict_sweep_fvg,precision_sprint,NQ|ict_sweep_fvg|2024-05-08 00:00:00+00:00|short,
futures,GC,ict_sweep_fvg,long,9487,9502,9502,2024-05-08 09:30:00+00:00,2024-05-08 13:15:00+00:00,2024-05-08 13:15:00+00:00,2318.4,2316.0,-24.00000000000091,-27.00000000000091,-1.0,24.00000000000091,24.00000000000091,3.0,sl,0,GC:ict_sweep_fvg,15.0,1.0,-405.0000000000136,405.0000000000136,360.00000000001364,2024-05-08,precision_sprint,ict_sweep_fvg,precision_sprint,GC|ict_sweep_fvg|2024-05-08 13:15:00+00:00|long,
futures,RTY,,long,35700,35701,35724,2024-05-08 14:00:00+00:00,2024-05-08 14:15:00+00:00,2024-05-08 20:00:00+00:00,2059.4,2062.7,32.99999999999727,29.99999999999727,0.3797468354430078,151.99999999999818,75.99999999999909,3.0,session_close,23,,25.0,0.5,374.9999999999659,987.4999999999886,1899.9999999999773,2024-05-08,reddit_research,reddit_orb_retest,reddit_orb_retest|ny|range=15|entry=150|rr=2|sl_atr=1|tp_atr=1.5|threshold=2|adx_max=none|adx_min=none|rsi2=none|trend=all|max_bars=24,RTY|reddit_orb_retest|2024-05-08 14:15:00+00:00|long,RTY	reddit_orb_retest	reddit_orb_retest|ny|range=15|entry=150|rr=2|sl_atr=1|tp_atr=1.5|threshold=2|adx_max=none|adx_min=none|rsi2=none|trend=all|max_bars=24
futures,NQ,ict_sweep_fvg,long,9503,9516,9520,2024-05-08 13:45:00+00:00,2024-05-08 17:00:00+00:00,2024-05-08 18:00:00+00:00,18151.5,18181.25,119.0,116.0,0.9508196721311476,119.0,119.0,3.0,tp,4,NQ:ict_sweep_fvg,15.0,0.5,870.0,915.0,892.5,2024-05-08,precision_sprint,ict_sweep_fvg,precision_sprint,NQ|ict_sweep_fvg|2024-05-08 17:00:00+00:00|long,
futures,NQ,ict_sweep_fvg,long,9518,9524,9524,2024-05-08 17:30:00+00:00,2024-05-08 19:00:00+00:00,2024-05-08 19:00:00+00:00,18155.25,18169.75,58.0,55.0,0.9016393442622952,58.0,58.0,3.0,tp,0,NQ:ict_sweep_fvg,15.0,0.5,412.5,457.5,435.0,2024-05-08,precision_sprint,ict_sweep_fvg,precision_sprint,NQ|ict_sweep_fvg|2024-05-08 19:00:00+00:00|long,
futures,CL,ict_sweep_fvg,short,9604,9606,9606,2024-05-09 13:00:00+00:00,2024-05-09 13:30:00+00:00,2024-05-09 13:30:00+00:00,79.41,79.2,20.99999999999937,17.999999999999375,0.9999999999999212,20.99999999999937,21.0000000000008,3.0,tp,0,CL:ict_sweep_fvg,35.0,1.0,629.9999999999782,840.000000000028,734.999999999978,2024-05-09,precision_sprint,ict_sweep_fvg,precision_sprint,CL|ict_sweep_fvg|2024-05-09 13:30:00+00:00|short,
futures,CL,ict_sweep_fvg,short,9610,9617,9617,2024-05-09 14:30:00+00:00,2024-05-09 16:15:00+00:00,2024-05-09 16:15:00+00:00,79.38,79.26,11.999999999999034,8.999999999999034,0.999999999999842,11.999999999999034,12.000000000000457,3.0,tp,0,CL:ict_sweep_fvg,35.0,1.0,314.9999999999662,525.000000000016,419.9999999999662,2024-05-09,precision_sprint,ict_sweep_fvg,precision_sprint,CL|ict_sweep_fvg|2024-05-09 16:15:00+00:00|short,
futures,SI,,long,35689,35690,35712,2024-05-10 14:15:00+00:00,2024-05-10 14:30:00+00:00,2024-05-10 20:00:00+00:00,28.345,28.435,17.99999999999997,14.999999999999972,0.7497375918428438,42.5175000000003,17.00700000000026,3.0,session_close,22,,12.0,5.0,899.9999999999983,1200.4200000000155,2551.050000000018,2024-05-10,reddit_research,reddit_capitulation_reversion,reddit_capitulation_reversion|ny|range=15|entry=150|rr=2.5|sl_atr=1|tp_atr=1.5|threshold=1.75|adx_max=none|adx_min=none|rsi2=10.0|trend=both|max_bars=24,SI|reddit_capitulation_reversion|2024-05-10 14:30:00+00:00|long,SI	reddit_capitulation_reversion	reddit_capitulation_reversion|ny|range=15|entry=150|rr=2.5|sl_atr=1|tp_atr=1.5|threshold=1.75|adx_max=none|adx_min=none|rsi2=10.0|trend=both|max_bars=24
futures,CL,momentum,long,328599,328600,328706,2024-05-10 14:45:00+00:00,2024-05-10 15:00:00+00:00,2024-05-13 18:30:00+00:00,79.34,79.12,-21.999999999999886,-24.999999999999886,-0.0497017892644132,500.0,500.0,3.0,signal,106,CL:momentum,2.0,1.0,-49.99999999999977,1006.0,1000.0,2024-05-10,precision_sprint,momentum,precision_sprint,CL|momentum|2024-05-10 15:00:00+00:00|long,
futures,NQ,momentum,long,326086,326087,326099,2024-05-10 14:45:00+00:00,2024-05-10 15:00:00+00:00,2024-05-10 18:00:00+00:00,18219.0,18256.5,150.0,147.0,0.2922465208747515,150.0,500.0,3.0,tp,12,NQ:momentum,4.0,0.5,294.0,1006.0,300.0,2024-05-10,precision_sprint,momentum,precision_sprint,NQ|momentum|2024-05-10 15:00:00+00:00|long,
futures,YM,,long,35981,35982,35988,2024-05-13 15:15:00+00:00,2024-05-13 15:30:00+00:00,2024-05-13 17:00:00+00:00,39643.0,39524.071,-118.92899999999644,-121.92899999999644,-1.0,297.32250000000204,118.92899999999644,3.0,sl,6,,20.0,0.5,-1219.2899999999645,1219.2899999999645,2973.2250000000204,2024-05-13,reddit_research,reddit_capitulation_reversion,reddit_capitulation_reversion|ny|range=15|entry=150|rr=2.5|sl_atr=1|tp_atr=1.5|threshold=1.75|adx_max=none|adx_min=none|rsi2=10.0|trend=long_only|max_bars=24,YM|reddit_capitulation_reversion|2024-05-13 15:30:00+00:00|long,YM	reddit_capitulation_reversion	reddit_capitulation_reversion|ny|range=15|entry=150|rr=2.5|sl_atr=1|tp_atr=1.5|threshold=1.75|adx_max=none|adx_min=none|rsi2=10.0|trend=long_only|max_bars=24
futures,CL,momentum,long,328770,328771,328955,2024-05-14 11:30:00+00:00,2024-05-14 11:45:00+00:00,2024-05-16 11:45:00+00:00,78.93,78.69,-24.00000000000091,-27.00000000000091,-0.0536779324055684,500.0,500.0,3.0,signal,184,CL:momentum,2.0,1.0,-54.00000000000182,1006.0,1000.0,2024-05-14,precision_sprint,momentum,precision_sprint,CL|momentum|2024-05-14 11:45:00+00:00|long,
futures,NQ,,long,36071,36072,36092,2024-05-14 14:45:00+00:00,2024-05-14 15:00:00+00:00,2024-05-14 20:00:00+00:00,18339.0,18412.5,294.0,291.0,0.9797979797979798,588.0,294.0,3.0,session_close,20,,8.0,0.5,1164.0,1188.0,2352.0,2024-05-14,reddit_research,reddit_orb_retest,reddit_orb_retest|ny|range=15|entry=150|rr=2|sl_atr=1|tp_atr=1.5|threshold=2|adx_max=none|adx_min=none|rsi2=none|trend=all|max_bars=24,NQ|reddit_orb_retest|2024-05-14 15:00:00+00:00|long,NQ	reddit_orb_retest	reddit_orb_retest|ny|range=15|entry=150|rr=2|sl_atr=1|tp_atr=1.5|threshold=2|adx_max=none|adx_min=none|rsi2=none|trend=all|max_bars=24
futures,GC,ict_sweep_fvg,short,9926,9933,9933,2024-05-15 04:15:00+00:00,2024-05-15 06:00:00+00:00,2024-05-15 06:00:00+00:00,2364.8,2363.3,15.0,12.0,1.0,15.0,15.0,3.0,tp,0,GC:ict_sweep_fvg,15.0,1.0,180.0,270.0,225.0,2024-05-15,precision_sprint,ict_sweep_fvg,precision_sprint,GC|ict_sweep_fvg|2024-05-15 06:00:00+00:00|short,
futures,CL,ict_sweep_fvg,long,9969,9971,9971,2024-05-15 12:15:00+00:00,2024-05-15 12:45:00+00:00,2024-05-15 12:45:00+00:00,77.75,77.96000000000001,21.0000000000008,18.000000000000796,0.7500000000000527,21.0000000000008,20.99999999999937,3.0,tp,0,CL:ict_sweep_fvg,35.0,1.0,630.0000000000279,839.999999999978,735.000000000028,2024-05-15,precision_sprint,ict_sweep_fvg,precision_sprint,CL|ict_sweep_fvg|2024-05-15 12:45:00+00:00|long,
futures,GC,ict_sweep_fvg,short,10008,10023,10024,2024-05-16 01:45:00+00:00,2024-05-16 05:30:00+00:00,2024-05-16 05:45:00+00:00,2397.0,2394.7000000000003,22.99999999999727,19.99999999999727,0.9999999999997726,22.99999999999727,23.00000000000182,3.0,tp,1,GC:ict_sweep_fvg,15.0,1.0,299.9999999999591,390.0000000000273,344.9999999999591,2024-05-16,precision_sprint,ict_sweep_fvg,precision_sprint,GC|ict_sweep_fvg|2024-05-16 05:30:00+00:00|short,
futures,NQ,ict_sweep_fvg,short,10023,10026,10026,2024-05-16 05:45:00+00:00,2024-05-16 06:30:00+00:00,2024-05-16 06:30:00+00:00,18723.0,18715.75,29.0,26.0,1.0,29.0,29.0,3.0,tp,0,NQ:ict_sweep_fvg,15.0,0.5,195.0,240.0,217.5,2024-05-16,precision_sprint,ict_sweep_fvg,precision_sprint,NQ|ict_sweep_fvg|2024-05-16 06:30:00+00:00|short,
futures,YM,,long,36251,36252,36252,2024-05-16 13:45:00+00:00,2024-05-16 14:00:00+00:00,2024-05-16 14:00:00+00:00,40047.0,40088.31940760504,41.31940760503494,38.31940760503494,1.2544708544253684,41.31940760503494,27.54627173668996,3.0,tp,1,,75.0,0.5,1436.9777851888102,1145.4851901258735,1549.4777851888102,2024-05-16,reddit_research,reddit_ema_pullback,reddit_ema_pullback|ny|range=15|entry=150|rr=1.5|sl_atr=1|tp_atr=1.5|threshold=2|adx_max=none|adx_min=none|rsi2=none|trend=both|max_bars=24,YM|reddit_ema_pullback|2024-05-16 14:00:00+00:00|long,YM	reddit_ema_pullback	reddit_ema_pullback|ny|range=15|entry=150|rr=1.5|sl_atr=1|tp_atr=1.5|threshold=2|adx_max=none|adx_min=none|rsi2=none|trend=both|max_bars=24
futures,NQ,ict_sweep_fvg,short,10050,10057,10057,2024-05-16 12:30:00+00:00,2024-05-16 14:15:00+00:00,2024-05-16 14:15:00+00:00,18720.75,18706.25,58.0,55.0,1.0,58.0,58.0,3.0,tp,0,NQ:ict_sweep_fvg,15.0,0.5,412.5,457.5,435.0,2024-05-16,precision_sprint,ict_sweep_fvg,precision_sprint,NQ|ict_sweep_fvg|2024-05-16 14:15:00+00:00|short,
futures,NQ,,long,36253,36254,36265,2024-05-16 14:15:00+00:00,2024-05-16 14:30:00+00:00,2024-05-16 17:15:00+00:00,18716.5,18672.0,-178.0,-181.0,-1.0,356.0,178.0,3.0,sl,11,,8.0,0.5,-724.0,724.0,1424.0,2024-05-16,reddit_research,reddit_orb_retest,reddit_orb_retest|ny|range=15|entry=150|rr=2|sl_atr=1|tp_atr=1.5|threshold=2|adx_max=none|adx_min=none|rsi2=none|trend=all|max_bars=24,NQ|reddit_orb_retest|2024-05-16 14:30:00+00:00|long,NQ	reddit_orb_retest	reddit_orb_retest|ny|range=15|entry=150|rr=2|sl_atr=1|tp_atr=1.5|threshold=2|adx_max=none|adx_min=none|rsi2=none|trend=all|max_bars=24
futures,YM,ict_sweep_fvg,short,10069,10075,10078,2024-05-16 17:15:00+00:00,2024-05-16 18:45:00+00:00,2024-05-16 19:30:00+00:00,40113.0,40082.0,31.0,28.0,1.0,31.0,31.0,3.0,tp,3,YM:ict_sweep_fvg,35.0,0.5,490.0,595.0,542.5,2024-05-16,precision_sprint,ict_sweep_fvg,precision_sprint,YM|ict_sweep_fvg|2024-05-16 18:45:00+00:00|short,
futures,NQ,,short,36344,36345,36346,2024-05-17 14:00:00+00:00,2024-05-17 14:15:00+00:00,2024-05-17 14:30:00+00:00,18637.0,18667.5,-122.0,-125.0,-1.0,244.0,122.0,3.0,sl,1,,8.0,0.5,-500.0,500.0,976.0,2024-05-17,reddit_research,reddit_orb_retest,reddit_orb_retest|ny|range=15|entry=150|rr=2|sl_atr=1|tp_atr=1.5|threshold=2|adx_max=none|adx_min=none|rsi2=none|trend=all|max_bars=24,NQ|reddit_orb_retest|2024-05-17 14:15:00+00:00|short,NQ	reddit_orb_retest	reddit_orb_retest|ny|range=15|entry=150|rr=2|sl_atr=1|tp_atr=1.5|threshold=2|adx_max=none|adx_min=none|rsi2=none|trend=all|max_bars=24
futures,NQ,ict_sweep_fvg,long,10147,10152,10152,2024-05-17 13:45:00+00:00,2024-05-17 15:00:00+00:00,2024-05-17 15:00:00+00:00,18636.75,18653.25,66.0,63.0,0.9130434782608696,66.0,66.0,3.0,tp,0,NQ:ict_sweep_fvg,15.0,0.5,472.5,517.5,495.0,2024-05-17,precision_sprint,ict_sweep_fvg,precision_sprint,NQ|ict_sweep_fvg|2024-05-17 15:00:00+00:00|long,
futures,CL,ict_sweep_fvg,short,10155,10166,10169,2024-05-17 12:45:00+00:00,2024-05-17 15:30:00+00:00,2024-05-17 16:15:00+00:00,79.66,79.44,21.999999999999886,18.999999999999886,1.0,21.999999999999886,21.999999999999886,3.0,tp,3,CL:ict_sweep_fvg,35.0,1.0,664.999999999996,874.999999999996,769.999999999996,2024-05-17,precision_sprint,ict_sweep_fvg,precision_sprint,CL|ict_sweep_fvg|2024-05-17 15:30:00+00:00|short,
futures,RTY,ict_sweep_fvg,short,10183,10186,10188,2024-05-19 23:45:00+00:00,2024-05-20 00:30:00+00:00,2024-05-20 01:00:00+00:00,2108.9,2107.4,15.0,12.0,1.0,15.0,15.0,3.0,tp,2,RTY:ict_sweep_fvg,40.0,0.5,240.0,360.0,300.0,2024-05-20,precision_sprint,ict_sweep_fvg,precision_sprint,RTY|ict_sweep_fvg|2024-05-20 00:30:00+00:00|short,
futures,RTY,ict_sweep_fvg,long,10213,10220,10220,2024-05-20 07:15:00+00:00,2024-05-20 09:00:00+00:00,2024-05-20 09:00:00+00:00,2105.1,2106.4,13.00000000000182,10.00000000000182,0.6250000000002203,13.00000000000182,12.999999999997272,3.0,tp,0,RTY:ict_sweep_fvg,40.0,0.5,200.0000000000364,319.99999999994543,260.00000000003644,2024-05-20,precision_sprint,ict_sweep_fvg,precision_sprint,RTY|ict_sweep_fvg|2024-05-20 09:00:00+00:00|long,
futures,CL,momentum,long,329128,329129,329148,2024-05-20 09:00:00+00:00,2024-05-20 09:15:00+00:00,2024-05-20 14:00:00+00:00,79.39,79.56,17.00000000000017,14.00000000000017,0.0278330019880719,500.0,500.0,3.0,signal,19,CL:momentum,2.0,1.0,28.00000000000034,1006.0,1000.0,2024-05-20,precision_sprint,momentum,precision_sprint,CL|momentum|2024-05-20 09:15:00+00:00|long,
futures,CL,ict_sweep_fvg,long,10237,10240,10240,2024-05-20 10:15:00+00:00,2024-05-20 11:00:00+00:00,2024-05-20 11:00:00+00:00,79.32000000000001,79.24,-8.00000000000125,-11.00000000000125,-1.0,7.999999999999829,8.00000000000125,3.0,sl,0,CL:ict_sweep_fvg,35.0,1.0,-385.00000000004377,385.00000000004377,279.999999999994,2024-05-20,precision_sprint,ict_sweep_fvg,precision_sprint,CL|ict_sweep_fvg|2024-05-20 11:00:00+00:00|long,
futures,NQ,momentum,long,326632,326633,326633,2024-05-20 13:15:00+00:00,2024-05-20 13:30:00+00:00,2024-05-20 13:30:00+00:00,18643.5,18681.0,150.0,147.0,0.2922465208747515,150.0,500.0,3.0,tp,1,NQ:momentum,4.0,0.5,294.0,1006.0,300.0,2024-05-20,precision_sprint,momentum,precision_sprint,NQ|momentum|2024-05-20 13:30:00+00:00|long,
futures,CL,ict_sweep_fvg,long,10251,10255,10259,2024-05-20 13:45:00+00:00,2024-05-20 14:45:00+00:00,2024-05-20 15:45:00+00:00,79.48,79.2,-28.00000000000012,-31.00000000000012,-1.0,28.00000000000012,28.00000000000012,3.0,sl,4,CL:ict_sweep_fvg,35.0,1.0,-1085.000000000004,1085.000000000004,980.000000000004,2024-05-20,precision_sprint,ict_sweep_fvg,precision_sprint,CL|ict_sweep_fvg|2024-05-20 14:45:00+00:00|long,
futures,GC,ict_sweep_fvg,short,10233,10246,10247,2024-05-20 12:00:00+00:00,2024-05-20 15:15:00+00:00,2024-05-20 15:30:00+00:00,2430.0,2425.2000000000003,47.99999999999727,44.99999999999727,0.999999999999899,47.99999999999727,48.00000000000182,3.0,tp,1,GC:ict_sweep_fvg,15.0,1.0,674.9999999999591,765.0000000000273,719.9999999999591,2024-05-20,precision_sprint,ict_sweep_fvg,precision_sprint,GC|ict_sweep_fvg|2024-05-20 15:15:00+00:00|short,
futures,YM,ict_sweep_fvg,long,10240,10249,10253,2024-05-20 14:00:00+00:00,2024-05-20 16:15:00+00:00,2024-05-20 17:15:00+00:00,40119.0,40090.0,-29.0,-32.0,-1.0,29.0,29.0,3.0,sl,4,YM:ict_sweep_fvg,35.0,0.5,-560.0,560.0,507.5,2024-05-20,precision_sprint,ict_sweep_fvg,precision_sprint,YM|ict_sweep_fvg|2024-05-20 16:15:00+00:00|long,
futures,NQ,momentum,long,326723,326724,326729,2024-05-21 13:00:00+00:00,2024-05-21 13:15:00+00:00,2024-05-21 14:30:00+00:00,18704.0,18741.5,150.0,147.0,0.2922465208747515,150.0,500.0,3.0,tp,5,NQ:momentum,4.0,0.5,294.0,1006.0,300.0,2024-05-21,precision_sprint,momentum,precision_sprint,NQ|momentum|2024-05-21 13:15:00+00:00|long,
futures,NQ,,long,36529,36530,36552,2024-05-21 14:15:00+00:00,2024-05-21 14:30:00+00:00,2024-05-21 20:00:00+00:00,18730.75,18799.25,274.0,271.0,1.266355140186916,422.0,211.0,3.0,session_close,22,,8.0,0.5,1084.0,856.0,1688.0,2024-05-21,reddit_research,reddit_orb_retest,reddit_orb_retest|ny|range=15|entry=150|rr=2|sl_atr=1|tp_atr=1.5|threshold=2|adx_max=none|adx_min=none|rsi2=none|trend=all|max_bars=24,NQ|reddit_orb_retest|2024-05-21 14:30:00+00:00|long,NQ	reddit_orb_retest	reddit_orb_retest|ny|range=15|entry=150|rr=2|sl_atr=1|tp_atr=1.5|threshold=2|adx_max=none|adx_min=none|rsi2=none|trend=all|max_bars=24
futures,CL,ict_sweep_fvg,long,10345,10347,10347,2024-05-21 14:15:00+00:00,2024-05-21 14:45:00+00:00,2024-05-21 14:45:00+00:00,78.66,78.8,14.000000000000057,11.000000000000057,0.6470588235294129,14.000000000000057,14.000000000000057,3.0,tp,0,CL:ict_sweep_fvg,35.0,1.0,385.000000000002,595.000000000002,490.000000000002,2024-05-21,precision_sprint,ict_sweep_fvg,precision_sprint,CL|ict_sweep_fvg|2024-05-21 14:45:00+00:00|long,
futures,RTY,,long,36532,36533,36552,2024-05-21 15:00:00+00:00,2024-05-21 15:15:00+00:00,2024-05-21 20:00:00+00:00,2108.3,2107.1,-12.000000000002728,-15.000000000002728,-0.1595744680851292,182.00000000000728,91.00000000000364,3.0,session_close,19,,25.0,0.5,-187.5000000000341,1175.0000000000457,2275.000000000091,2024-05-21,reddit_research,reddit_orb_retest,reddit_orb_retest|ny|range=15|entry=150|rr=2|sl_atr=1|tp_atr=1.5|threshold=2|adx_max=none|adx_min=none|rsi2=none|trend=all|max_bars=24,RTY|reddit_orb_retest|2024-05-21 15:15:00+00:00|long,RTY	reddit_orb_retest	reddit_orb_retest|ny|range=15|entry=150|rr=2|sl_atr=1|tp_atr=1.5|threshold=2|adx_max=none|adx_min=none|rsi2=none|trend=all|max_bars=24
futures,ES,,long,36621,36622,36628,2024-05-22 14:00:00+00:00,2024-05-22 14:15:00+00:00,2024-05-22 15:45:00+00:00,5342.75,5337.25,-22.0,-25.0,-1.0,44.0,22.0,3.0,sl,6,,30.0,1.25,-937.5,937.5,1650.0,2024-05-22,reddit_research,reddit_orb_retest,reddit_orb_retest|ny|range=15|entry=150|rr=2|sl_atr=1|tp_atr=1.5|threshold=2|adx_max=none|adx_min=none|rsi2=none|trend=all|max_bars=24,ES|reddit_orb_retest|2024-05-22 14:15:00+00:00|long,ES	reddit_orb_retest	reddit_orb_retest|ny|range=15|entry=150|rr=2|sl_atr=1|tp_atr=1.5|threshold=2|adx_max=none|adx_min=none|rsi2=none|trend=all|max_bars=24
futures,YM,,short,36625,36626,36627,2024-05-22 15:15:00+00:00,2024-05-22 15:30:00+00:00,2024-05-22 15:45:00+00:00,39946.0,39904.3528027276,41.64719727239572,38.64719727239572,1.2562148805355615,41.64719727239572,27.764798181597143,3.0,tp,1,,75.0,0.5,1449.269897714839,1153.6799318098929,1561.769897714839,2024-05-22,reddit_research,reddit_ema_pullback,reddit_ema_pullback|ny|range=15|entry=150|rr=1.5|sl_atr=1|tp_atr=1.5|threshold=2|adx_max=none|adx_min=none|rsi2=none|trend=both|max_bars=24,YM|reddit_ema_pullback|2024-05-22 15:30:00+00:00|short,YM	reddit_ema_pullback	reddit_ema_pullback|ny|range=15|entry=150|rr=1.5|sl_atr=1|tp_atr=1.5|threshold=2|adx_max=none|adx_min=none|rsi2=none|trend=both|max_bars=24
futures,CL,ict_sweep_fvg,long,10435,10444,10444,2024-05-22 13:45:00+00:00,2024-05-22 16:00:00+00:00,2024-05-22 16:00:00+00:00,77.67,77.88,20.99999999999937,17.999999999999375,0.7499999999999934,20.99999999999937,20.99999999999937,3.0,tp,0,CL:ict_sweep_fvg,35.0,1.0,629.9999999999782,839.999999999978,734.999999999978,2024-05-22,precision_sprint,ict_sweep_fvg,precision_sprint,CL|ict_sweep_fvg|2024-05-22 16:00:00+00:00|long,
futures,NQ,,long,36628,36629,36634,2024-05-22 16:00:00+00:00,2024-05-22 16:15:00+00:00,2024-05-22 17:30:00+00:00,18829.5,18788.75,-163.0,-166.0,-1.0,326.0,163.0,3.0,sl,5,,8.0,0.5,-664.0,664.0,1304.0,2024-05-22,reddit_research,reddit_orb_retest,reddit_orb_retest|ny|range=15|entry=150|rr=2|sl_atr=1|tp_atr=1.5|threshold=2|adx_max=none|adx_min=none|rsi2=none|trend=all|max_bars=24,NQ|reddit_orb_retest|2024-05-22 16:15:00+00:00|long,NQ	reddit_orb_retest	reddit_orb_retest|ny|range=15|entry=150|rr=2|sl_atr=1|tp_atr=1.5|threshold=2|adx_max=none|adx_min=none|rsi2=none|trend=all|max_bars=24
futures,NQ,momentum,long,326833,326834,326843,2024-05-22 17:30:00+00:00,2024-05-22 17:45:00+00:00,2024-05-22 20:00:00+00:00,18758.25,18793.75,142.0,139.0,0.2763419483101391,150.0,500.0,3.0,signal,9,NQ:momentum,4.0,0.5,278.0,1006.0,300.0,2024-05-22,precision_sprint,momentum,precision_sprint,NQ|momentum|2024-05-22 17:45:00+00:00|long,
futures,CL,momentum,short,329402,329403,329429,2024-05-23 08:30:00+00:00,2024-05-23 08:45:00+00:00,2024-05-23 15:15:00+00:00,77.73,77.27,46.0000000000008,43.0000000000008,0.0854870775347928,500.0,500.0,3.0,signal,26,CL:momentum,2.0,1.0,86.0000000000016,1006.0,1000.0,2024-05-23,precision_sprint,momentum,precision_sprint,CL|momentum|2024-05-23 08:45:00+00:00|short,
futures,CL,ict_sweep_fvg,long,10608,10614,10614,2024-05-24 11:00:00+00:00,2024-05-24 12:30:00+00:00,2024-05-24 12:30:00+00:00,76.48,76.61,12.999999999999543,9.999999999999543,0.6249999999999893,12.999999999999543,12.999999999999543,3.0,tp,0,CL:ict_sweep_fvg,35.0,1.0,349.999999999984,559.999999999984,454.999999999984,2024-05-24,precision_sprint,ict_sweep_fvg,precision_sprint,CL|ict_sweep_fvg|2024-05-24 12:30:00+00:00|long,
futures,YM,,short,36895,36896,36899,2024-05-27 13:45:00+00:00,2024-05-27 14:00:00+00:00,2024-05-27 14:45:00+00:00,39108.0,39128.74723129224,-20.74723129224003,-23.74723129224003,-1.0,31.120846938356408,20.74723129224003,3.0,sl,3,,75.0,0.5,-890.5211734590011,890.5211734590011,1167.0317601883653,2024-05-27,reddit_research,reddit_ema_pullback,reddit_ema_pullback|ny|range=15|entry=150|rr=1.5|sl_atr=1|tp_atr=1.5|threshold=2|adx_max=none|adx_min=none|rsi2=none|trend=both|max_bars=24,YM|reddit_ema_pullback|2024-05-27 14:00:00+00:00|short,YM	reddit_ema_pullback	reddit_ema_pullback|ny|range=15|entry=150|rr=1.5|sl_atr=1|tp_atr=1.5|threshold=2|adx_max=none|adx_min=none|rsi2=none|trend=both|max_bars=24
futures,RTY,,short,36896,36897,36899,2024-05-27 14:00:00+00:00,2024-05-27 14:15:00+00:00,2024-05-27 14:45:00+00:00,2078.7,2082.5,-38.00000000000182,-41.00000000000182,-1.0,76.00000000000364,38.00000000000182,3.0,sl,2,,25.0,0.5,-512.5000000000227,512.5000000000227,950.0000000000456,2024-05-27,reddit_research,reddit_orb_retest,reddit_orb_retest|ny|range=15|entry=150|rr=2|sl_atr=1|tp_atr=1.5|threshold=2|adx_max=none|adx_min=none|rsi2=none|trend=all|max_bars=24,RTY|reddit_orb_retest|2024-05-27 14:15:00+00:00|short,RTY	reddit_orb_retest	reddit_orb_retest|ny|range=15|entry=150|rr=2|sl_atr=1|tp_atr=1.5|threshold=2|adx_max=none|adx_min=none|rsi2=none|trend=all|max_bars=24
futures,ES,,short,36977,36978,36990,2024-05-28 15:00:00+00:00,2024-05-28 15:15:00+00:00,2024-05-28 18:15:00+00:00,5324.0,5309.5,58.0,55.0,1.71875,58.0,29.0,3.0,tp,12,,30.0,1.25,2062.5,1200.0,2175.0,2024-05-28,reddit_research,reddit_orb_retest,reddit_orb_retest|ny|range=15|entry=150|rr=2|sl_atr=1|tp_atr=1.5|threshold=2|adx_max=none|adx_min=none|rsi2=none|trend=all|max_bars=24,ES|reddit_orb_retest|2024-05-28 15:15:00+00:00|short,ES	reddit_orb_retest	reddit_orb_retest|ny|range=15|entry=150|rr=2|sl_atr=1|tp_atr=1.5|threshold=2|adx_max=none|adx_min=none|rsi2=none|trend=all|max_bars=24
futures,GC,ict_sweep_fvg,short,10781,10788,10795,2024-05-28 13:30:00+00:00,2024-05-28 15:15:00+00:00,2024-05-28 17:00:00+00:00,2359.3,2354.7000000000003,45.99999999999909,42.99999999999909,1.0,45.99999999999909,45.99999999999909,3.0,tp,7,GC:ict_sweep_fvg,15.0,1.0,644.9999999999864,734.9999999999864,689.9999999999864,2024-05-28,precision_sprint,ict_sweep_fvg,precision_sprint,GC|ict_sweep_fvg|2024-05-28 15:15:00+00:00|short,
futures,GC,ict_sweep_fvg,short,10792,10797,10797,2024-05-28 16:15:00+00:00,2024-05-28 17:30:00+00:00,2024-05-28 17:30:00+00:00,2360.6,2358.8,17.99999999999727,14.999999999997272,0.9999999999996968,17.99999999999727,18.00000000000182,3.0,tp,0,GC:ict_sweep_fvg,15.0,1.0,224.99999999995907,315.0000000000273,269.9999999999591,2024-05-28,precision_sprint,ict_sweep_fvg,precision_sprint,GC|ict_sweep_fvg|2024-05-28 17:30:00+00:00|short,
futures,NQ,,long,37064,37065,37088,2024-05-29 14:00:00+00:00,2024-05-29 14:15:00+00:00,2024-05-29 20:00:00+00:00,18837.5,18797.0,-162.0,-165.0,-0.5339805825242718,612.0,306.0,3.0,session_close,23,,8.0,0.5,-660.0,1236.0,2448.0,2024-05-29,reddit_research,reddit_orb_retest,reddit_orb_retest|ny|range=15|entry=150|rr=2|sl_atr=1|tp_atr=1.5|threshold=2|adx_max=none|adx_min=none|rsi2=none|trend=all|max_bars=24,NQ|reddit_orb_retest|2024-05-29 14:15:00+00:00|long,NQ	reddit_orb_retest	reddit_orb_retest|ny|range=15|entry=150|rr=2|sl_atr=1|tp_atr=1.5|threshold=2|adx_max=none|adx_min=none|rsi2=none|trend=all|max_bars=24
futures,NQ,ict_sweep_fvg,long,10868,10872,10872,2024-05-29 14:00:00+00:00,2024-05-29 15:00:00+00:00,2024-05-29 15:00:00+00:00,18830.5,18850.75,81.0,78.0,0.9285714285714286,81.0,81.0,3.0,tp,0,NQ:ict_sweep_fvg,15.0,0.5,585.0,630.0,607.5,2024-05-29,precision_sprint,ict_sweep_fvg,precision_sprint,NQ|ict_sweep_fvg|2024-05-29 15:00:00+00:00|long,
futures,GC,ict_sweep_fvg,long,10886,10893,10893,2024-05-29 16:45:00+00:00,2024-05-29 18:30:00+00:00,2024-05-29 18:30:00+00:00,2340.4,2339.2000000000003,-11.99999999999818,-14.99999999999818,-1.0,11.99999999999818,11.99999999999818,3.0,sl,0,GC:ict_sweep_fvg,15.0,1.0,-224.9999999999727,224.9999999999727,179.9999999999727,2024-05-29,precision_sprint,ict_sweep_fvg,precision_sprint,GC|ict_sweep_fvg|2024-05-29 18:30:00+00:00|long,
futures,CL,momentum,short,329853,329854,329869,2024-05-30 08:45:00+00:00,2024-05-30 09:00:00+00:00,2024-05-30 12:45:00+00:00,79.21,78.78,42.99999999999926,39.99999999999926,0.0795228628230601,500.0,500.0,3.0,signal,15,CL:momentum,2.0,1.0,79.99999999999852,1006.0,1000.0,2024-05-30,precision_sprint,momentum,precision_sprint,CL|momentum|2024-05-30 09:00:00+00:00|short,
futures,CL,ict_sweep_fvg,long,10955,10961,10961,2024-05-30 08:15:00+00:00,2024-05-30 09:45:00+00:00,2024-05-30 09:45:00+00:00,78.92,79.07000000000001,15.000000000000568,12.000000000000568,0.6666666666666772,15.000000000000568,15.000000000000568,3.0,tp,0,CL:ict_sweep_fvg,35.0,1.0,420.0000000000199,630.0000000000199,525.0000000000199,2024-05-30,precision_sprint,ict_sweep_fvg,precision_sprint,CL|ict_sweep_fvg|2024-05-30 09:45:00+00:00|long,
futures,RTY,,long,37158,37159,37180,2024-05-30 14:30:00+00:00,2024-05-30 14:45:00+00:00,2024-05-30 20:00:00+00:00,2060.1,2058.9,-11.99999999999818,-14.99999999999818,-0.1923076923076689,150.0,75.0,3.0,session_close,21,,25.0,0.5,-187.4999999999773,975.0,1875.0,2024-05-30,reddit_research,reddit_orb_retest,reddit_orb_retest|ny|range=15|entry=150|rr=2|sl_atr=1|tp_atr=1.5|threshold=2|adx_max=none|adx_min=none|rsi2=none|trend=all|max_bars=24,RTY|reddit_orb_retest|2024-05-30 14:45:00+00:00|long,RTY	reddit_orb_retest	reddit_orb_retest|ny|range=15|entry=150|rr=2|sl_atr=1|tp_atr=1.5|threshold=2|adx_max=none|adx_min=none|rsi2=none|trend=all|max_bars=24
futures,NQ,ict_sweep_fvg,long,11028,11032,11037,2024-05-31 08:00:00+00:00,2024-05-31 09:00:00+00:00,2024-05-31 10:15:00+00:00,18534.0,18517.75,-65.0,-68.0,-1.0,65.0,65.0,3.0,sl,5,NQ:ict_sweep_fvg,15.0,0.5,-510.0,510.0,487.5,2024-05-31,precision_sprint,ict_sweep_fvg,precision_sprint,NQ|ict_sweep_fvg|2024-05-31 09:00:00+00:00|long,
futures,NQ,momentum,short,327441,327442,327444,2024-05-31 12:30:00+00:00,2024-05-31 12:45:00+00:00,2024-05-31 13:15:00+00:00,18657.75,18620.25,150.0,147.0,0.2922465208747515,150.0,500.0,3.0,tp,2,NQ:momentum,4.0,0.5,294.0,1006.0,300.0,2024-05-31,precision_sprint,momentum,precision_sprint,NQ|momentum|2024-05-31 12:45:00+00:00|short,
futures,CL,momentum,short,329961,329962,329967,2024-05-31 12:45:00+00:00,2024-05-31 13:00:00+00:00,2024-05-31 14:15:00+00:00,78.5,77.58,92.00000000000016,89.00000000000017,0.1769383697813124,500.0,500.0,3.0,signal,5,CL:momentum,2.0,1.0,178.00000000000034,1006.0,1000.0,2024-05-31,precision_sprint,momentum,precision_sprint,CL|momentum|2024-05-31 13:00:00+00:00|short,
futures,6B,mean_reversion,short,328946,328947,329015,2024-05-31 14:45:00+00:00,2024-05-31 15:00:00+00:00,2024-06-03 09:00:00+00:00,1.2732,1.2706,26.000000000001577,23.000000000001577,0.1133004926108452,500.0,200.0,3.0,signal,68,6B:mean_reversion,9.0,0.625,129.37500000000887,1141.875,2812.5,2024-05-31,precision_sprint,mean_reversion,precision_sprint,6B|mean_reversion|2024-05-31 15:00:00+00:00|short,
futures,GC,ict_sweep_fvg,short,11078,11093,11093,2024-05-31 20:15:00+00:00,2024-06-03 01:00:00+00:00,2024-06-03 01:00:00+00:00,2348.9,2347.5,14.00000000000091,11.00000000000091,1.0,14.00000000000091,14.00000000000091,3.0,tp,0,GC:ict_sweep_fvg,15.0,1.0,165.00000000001364,255.00000000001364,210.00000000001364,2024-06-03,precision_sprint,ict_sweep_fvg,precision_sprint,GC|ict_sweep_fvg|2024-06-03 01:00:00+00:00|short,
futures,6B,mean_reversion,long,329023,329024,329036,2024-06-03 11:00:00+00:00,2024-06-03 11:15:00+00:00,2024-06-03 14:15:00+00:00,1.2726,1.2782,56.00000000000049,53.00000000000049,0.2610837438423669,500.0,200.0,3.0,signal,12,6B:mean_reversion,9.0,0.625,298.1250000000028,1141.875,2812.5,2024-06-03,precision_sprint,mean_reversion,precision_sprint,6B|mean_reversion|2024-06-03 11:15:00+00:00|long,
futures,NQ,,short,37340,37341,37343,2024-06-03 14:00:00+00:00,2024-06-03 14:15:00+00:00,2024-06-03 14:45:00+00:00,18694.75,18584.75,440.0,437.0,1.9596412556053813,440.0,220.0,3.0,tp,2,,8.0,0.5,1748.0,892.0,1760.0,2024-06-03,reddit_research,reddit_orb_retest,reddit_orb_retest|ny|range=15|entry=150|rr=2|sl_atr=1|tp_atr=1.5|threshold=2|adx_max=none|adx_min=none|rsi2=none|trend=all|max_bars=24,NQ|reddit_orb_retest|2024-06-03 14:15:00+00:00|short,NQ	reddit_orb_retest	reddit_orb_retest|ny|range=15|entry=150|rr=2|sl_atr=1|tp_atr=1.5|threshold=2|adx_max=none|adx_min=none|rsi2=none|trend=all|max_bars=24
futures,YM,,long,37343,37344,37348,2024-06-03 14:45:00+00:00,2024-06-03 15:00:00+00:00,2024-06-03 16:00:00+00:00,38592.0,38476.224,-115.77599999999802,-118.77599999999802,-1.0,289.4400000000023,115.77599999999802,3.0,sl,4,,20.0,0.5,-1187.7599999999802,1187.7599999999802,2894.400000000024,2024-06-03,reddit_research,reddit_capitulation_reversion,reddit_capitulation_reversion|ny|range=15|entry=150|rr=2.5|sl_atr=1|tp_atr=1.5|threshold=1.75|adx_max=none|adx_min=none|rsi2=10.0|trend=long_only|max_bars=24,YM|reddit_capitulation_reversion|2024-06-03 15:00:00+00:00|long,YM	reddit_capitulation_reversion	reddit_capitulation_reversion|ny|range=15|entry=150|rr=2.5|sl_atr=1|tp_atr=1.5|threshold=1.75|adx_max=none|adx_min=none|rsi2=10.0|trend=long_only|max_bars=24
futures,NQ,ict_sweep_fvg,short,11152,11162,11162,2024-06-03 16:00:00+00:00,2024-06-03 18:30:00+00:00,2024-06-03 18:30:00+00:00,18580.25,18541.5,155.0,152.0,1.0,155.0,155.0,3.0,tp,0,NQ:ict_sweep_fvg,15.0,0.5,1140.0,1185.0,1162.5,2024-06-03,precision_sprint,ict_sweep_fvg,precision_sprint,NQ|ict_sweep_fvg|2024-06-03 18:30:00+00:00|short,
futures,NQ,,short,37440,37441,37443,2024-06-04 16:00:00+00:00,2024-06-04 16:15:00+00:00,2024-06-04 16:45:00+00:00,18581.25,18650.75,-278.0,-281.0,-1.0,556.0,278.0,3.0,sl,2,,8.0,0.5,-1124.0,1124.0,2224.0,2024-06-04,reddit_research,reddit_orb_retest,reddit_orb_retest|ny|range=15|entry=150|rr=2|sl_atr=1|tp_atr=1.5|threshold=2|adx_max=none|adx_min=none|rsi2=none|trend=all|max_bars=24,NQ|reddit_orb_retest|2024-06-04 16:15:00+00:00|short,NQ	reddit_orb_retest	reddit_orb_retest|ny|range=15|entry=150|rr=2|sl_atr=1|tp_atr=1.5|threshold=2|adx_max=none|adx_min=none|rsi2=none|trend=all|max_bars=24
futures,YM,,long,37523,37524,37548,2024-06-05 13:45:00+00:00,2024-06-05 14:00:00+00:00,2024-06-05 20:00:00+00:00,38739.0,38873.0,134.0,131.0,1.098836575320662,290.5425000000032,116.21699999999691,3.0,session_close,24,,20.0,0.5,1310.0,1192.1699999999691,2905.425000000032,2024-06-05,reddit_research,reddit_capitulation_reversion,reddit_capitulation_reversion|ny|range=15|entry=150|rr=2.5|sl_atr=1|tp_atr=1.5|threshold=1.75|adx_max=none|adx_min=none|rsi2=10.0|trend=long_only|max_bars=24,YM|reddit_capitulation_reversion|2024-06-05 14:00:00+00:00|long,YM	reddit_capitulation_reversion	reddit_capitulation_reversion|ny|range=15|entry=150|rr=2.5|sl_atr=1|tp_atr=1.5|threshold=1.75|adx_max=none|adx_min=none|rsi2=10.0|trend=long_only|max_bars=24
futures,YM,ict_sweep_fvg,short,11326,11334,11337,2024-06-05 13:30:00+00:00,2024-06-05 15:30:00+00:00,2024-06-05 16:15:00+00:00,38847.0,38797.0,50.0,47.0,1.0,50.0,50.0,3.0,tp,3,YM:ict_sweep_fvg,35.0,0.5,822.5,927.5,875.0,2024-06-05,precision_sprint,ict_sweep_fvg,precision_sprint,YM|ict_sweep_fvg|2024-06-05 15:30:00+00:00|short,
futures,CL,momentum,short,330251,330252,330683,2024-06-05 16:15:00+00:00,2024-06-05 16:30:00+00:00,2024-06-12 09:15:00+00:00,73.91,78.91,-500.0,-503.0,-1.0,500.0,500.0,3.0,sl,431,CL:momentum,2.0,1.0,-1006.0,1006.0,1000.0,2024-06-05,precision_sprint,momentum,precision_sprint,CL|momentum|2024-06-05 16:30:00+00:00|short,
futures,CL,ict_sweep_fvg,short,11418,11422,11424,2024-06-06 09:00:00+00:00,2024-06-06 10:00:00+00:00,2024-06-06 10:30:00+00:00,74.44,74.31,12.999999999999543,9.999999999999543,0.999999999999858,12.999999999999543,13.000000000000966,3.0,tp,2,CL:ict_sweep_fvg,35.0,1.0,349.999999999984,560.0000000000339,454.999999999984,2024-06-06,precision_sprint,ict_sweep_fvg,precision_sprint,CL|ict_sweep_fvg|2024-06-06 10:00:00+00:00|short,
futures,NQ,,short,37617,37618,37640,2024-06-06 14:15:00+00:00,2024-06-06 14:30:00+00:00,2024-06-06 20:00:00+00:00,19080.5,19065.75,59.0,56.0,0.3888888888888889,282.0,141.0,3.0,session_close,22,,8.0,0.5,224.0,576.0,1128.0,2024-06-06,reddit_research,reddit_orb_retest,reddit_orb_retest|ny|range=15|entry=150|rr=2|sl_atr=1|tp_atr=1.5|threshold=2|adx_max=none|adx_min=none|rsi2=none|trend=all|max_bars=24,NQ|reddit_orb_retest|2024-06-06 14:30:00+00:00|short,NQ	reddit_orb_retest	reddit_orb_retest|ny|range=15|entry=150|rr=2|sl_atr=1|tp_atr=1.5|threshold=2|adx_max=none|adx_min=none|rsi2=none|trend=all|max_bars=24
futures,YM,,long,37632,37633,37640,2024-06-06 18:00:00+00:00,2024-06-06 18:15:00+00:00,2024-06-06 20:00:00+00:00,38836.0,38952.0,116.0,113.0,0.94554339458445,291.2699999999968,116.50800000000164,3.0,session_close,7,,20.0,0.5,1130.0,1195.0800000000163,2912.699999999968,2024-06-06,reddit_research,reddit_capitulation_reversion,reddit_capitulation_reversion|ny|range=15|entry=150|rr=2.5|sl_atr=1|tp_atr=1.5|threshold=1.75|adx_max=none|adx_min=none|rsi2=10.0|trend=long_only|max_bars=24,YM|reddit_capitulation_reversion|2024-06-06 18:15:00+00:00|long,YM	reddit_capitulation_reversion	reddit_capitulation_reversion|ny|range=15|entry=150|rr=2.5|sl_atr=1|tp_atr=1.5|threshold=1.75|adx_max=none|adx_min=none|rsi2=10.0|trend=long_only|max_bars=24
futures,CL,ict_sweep_fvg,short,11478,11489,11498,2024-06-07 01:00:00+00:00,2024-06-07 03:45:00+00:00,2024-06-07 06:00:00+00:00,75.77,75.64,12.999999999999543,9.999999999999543,0.999999999999858,12.999999999999543,13.000000000000966,3.0,tp,9,CL:ict_sweep_fvg,35.0,1.0,349.999999999984,560.0000000000339,454.999999999984,2024-06-07,precision_sprint,ict_sweep_fvg,precision_sprint,CL|ict_sweep_fvg|2024-06-07 03:45:00+00:00|short,
futures,CL,ict_sweep_fvg,short,11524,11527,11527,2024-06-07 12:30:00+00:00,2024-06-07 13:15:00+00:00,2024-06-07 13:15:00+00:00,75.84,75.66,18.000000000000682,15.000000000000682,1.0000000000000948,18.000000000000682,17.99999999999926,3.0,tp,0,CL:ict_sweep_fvg,35.0,1.0,525.0000000000239,734.9999999999741,630.0000000000239,2024-06-07,precision_sprint,ict_sweep_fvg,precision_sprint,CL|ict_sweep_fvg|2024-06-07 13:15:00+00:00|short,
futures,YM,ict_sweep_fvg,long,11508,11510,11510,2024-06-07 13:00:00+00:00,2024-06-07 13:30:00+00:00,2024-06-07 13:30:00+00:00,38835.0,38797.0,-38.0,-41.0,-1.0,38.0,38.0,3.0,sl,0,YM:ict_sweep_fvg,35.0,0.5,-717.5,717.5,665.0,2024-06-07,precision_sprint,ict_sweep_fvg,precision_sprint,YM|ict_sweep_fvg|2024-06-07 13:30:00+00:00|long,
futures,NQ,,long,37713,37714,37732,2024-06-07 15:15:00+00:00,2024-06-07 15:30:00+00:00,2024-06-07 20:00:00+00:00,19066.25,19025.0,-165.0,-168.0,-0.5637583892617449,590.0,295.0,3.0,session_close,18,,8.0,0.5,-672.0,1192.0,2360.0,2024-06-07,reddit_research,reddit_orb_retest,reddit_orb_retest|ny|range=15|entry=150|rr=2|sl_atr=1|tp_atr=1.5|threshold=2|adx_max=none|adx_min=none|rsi2=none|trend=all|max_bars=24,NQ|reddit_orb_retest|2024-06-07 15:30:00+00:00|long,NQ	reddit_orb_retest	reddit_orb_retest|ny|range=15|entry=150|rr=2|sl_atr=1|tp_atr=1.5|threshold=2|adx_max=none|adx_min=none|rsi2=none|trend=all|max_bars=24
futures,NQ,ict_sweep_fvg,long,11589,11599,11599,2024-06-10 10:15:00+00:00,2024-06-10 12:45:00+00:00,2024-06-10 12:45:00+00:00,19008.25,18995.5,-51.0,-54.0,-1.0,51.0,51.0,3.0,sl,0,NQ:ict_sweep_fvg,15.0,0.5,-405.0,405.0,382.5,2024-06-10,precision_sprint,ict_sweep_fvg,precision_sprint,NQ|ict_sweep_fvg|2024-06-10 12:45:00+00:00|long,
futures,NQ,,long,37802,37803,37824,2024-06-10 14:30:00+00:00,2024-06-10 14:45:00+00:00,2024-06-10 20:00:00+00:00,19033.25,19089.75,226.0,223.0,0.9911111111111112,444.0,222.0,3.0,session_close,21,,8.0,0.5,892.0,900.0,1776.0,2024-06-10,reddit_research,reddit_orb_retest,reddit_orb_retest|ny|range=15|entry=150|rr=2|sl_atr=1|tp_atr=1.5|threshold=2|adx_max=none|adx_min=none|rsi2=none|trend=all|max_bars=24,NQ|reddit_orb_retest|2024-06-10 14:45:00+00:00|long,NQ	reddit_orb_retest	reddit_orb_retest|ny|range=15|entry=150|rr=2|sl_atr=1|tp_atr=1.5|threshold=2|adx_max=none|adx_min=none|rsi2=none|trend=all|max_bars=24
futures,YM,ict_sweep_fvg,short,11604,11619,11619,2024-06-10 14:00:00+00:00,2024-06-10 17:45:00+00:00,2024-06-10 17:45:00+00:00,38876.0,38916.0,-40.0,-43.0,-1.162162162162162,40.0,40.0,3.0,sl,0,YM:ict_sweep_fvg,35.0,0.5,-752.5,752.5,700.0,2024-06-10,precision_sprint,ict_sweep_fvg,precision_sprint,YM|ict_sweep_fvg|2024-06-10 17:45:00+00:00|short,
futures,NQ,ict_sweep_fvg,short,11700,11708,11708,2024-06-11 15:00:00+00:00,2024-06-11 17:00:00+00:00,2024-06-11 17:00:00+00:00,19115.25,19137.25,-88.0,-91.0,-1.0705882352941176,88.0,88.0,3.0,sl,0,NQ:ict_sweep_fvg,15.0,0.5,-682.5,682.5,660.0,2024-06-11,precision_sprint,ict_sweep_fvg,precision_sprint,NQ|ict_sweep_fvg|2024-06-11 17:00:00+00:00|short,
futures,YM,ict_sweep_fvg,long,11712,11719,11719,2024-06-11 18:00:00+00:00,2024-06-11 19:45:00+00:00,2024-06-11 19:45:00+00:00,38723.0,38749.0,26.0,23.0,0.7931034482758621,26.0,26.0,3.0,tp,0,YM:ict_sweep_fvg,35.0,0.5,402.5,507.5,455.0,2024-06-11,precision_sprint,ict_sweep_fvg,precision_sprint,YM|ict_sweep_fvg|2024-06-11 19:45:00+00:00|long,
futures,NQ,ict_sweep_fvg,short,11756,11769,11769,2024-06-12 06:00:00+00:00,2024-06-12 09:15:00+00:00,2024-06-12 09:15:00+00:00,19270.0,19269.0,4.0,1.0,1.0,4.0,4.0,3.0,tp,0,NQ:ict_sweep_fvg,15.0,0.5,7.5,52.5,30.0,2024-06-12,precision_sprint,ict_sweep_fvg,precision_sprint,NQ|ict_sweep_fvg|2024-06-12 09:15:00+00:00|short,
futures,CL,ict_sweep_fvg,short,11809,11814,11816,2024-06-12 14:45:00+00:00,2024-06-12 16:00:00+00:00,2024-06-12 16:30:00+00:00,78.34,78.53,-18.999999999999773,-21.999999999999773,-1.375000000000005,18.999999999999773,18.999999999999773,3.0,sl,2,CL:ict_sweep_fvg,35.0,1.0,-769.999999999992,769.999999999992,664.999999999992,2024-06-12,precision_sprint,ict_sweep_fvg,precision_sprint,CL|ict_sweep_fvg|2024-06-12 16:00:00+00:00|short,
futures,GC,ict_sweep_fvg,short,11821,11826,11826,2024-06-12 23:00:00+00:00,2024-06-13 00:15:00+00:00,2024-06-13 00:15:00+00:00,2336.6,2335.2000000000003,13.999999999996362,10.999999999996362,0.9999999999995866,13.999999999996362,14.00000000000091,3.0,tp,0,GC:ict_sweep_fvg,15.0,1.0,164.99999999994543,255.00000000001364,209.99999999994543,2024-06-13,precision_sprint,ict_sweep_fvg,precision_sprint,GC|ict_sweep_fvg|2024-06-13 00:15:00+00:00|short,
futures,GC,ict_sweep_fvg,long,11830,11835,11835,2024-06-13 01:15:00+00:00,2024-06-13 02:30:00+00:00,2024-06-13 02:30:00+00:00,2326.2000000000003,2326.3,0.9999999999990904,-2.000000000000909,-0.4999999999997726,0.9999999999990904,1.000000000003638,3.0,tp,0,GC:ict_sweep_fvg,15.0,1.0,-30.000000000013635,60.00000000005457,14.999999999986356,2024-06-13,precision_sprint,ict_sweep_fvg,precision_sprint,GC|ict_sweep_fvg|2024-06-13 02:30:00+00:00|long,
futures,CL,momentum,long,330775,330776,330790,2024-06-13 09:15:00+00:00,2024-06-13 09:30:00+00:00,2024-06-13 13:00:00+00:00,77.95,78.24,28.999999999999204,25.999999999999204,0.0516898608349884,500.0,500.0,3.0,signal,14,CL:momentum,2.0,1.0,51.99999999999841,1006.0,1000.0,2024-06-13,precision_sprint,momentum,precision_sprint,CL|momentum|2024-06-13 09:30:00+00:00|long,
futures,GC,ict_sweep_fvg,long,11875,11880,11880,2024-06-13 12:30:00+00:00,2024-06-13 13:45:00+00:00,2024-06-13 13:45:00+00:00,2326.9,2333.5,65.99999999999909,62.99999999999909,0.9130434782608684,65.99999999999909,65.99999999999909,3.0,tp,0,GC:ict_sweep_fvg,15.0,1.0,944.9999999999864,1034.9999999999864,989.9999999999864,2024-06-13,precision_sprint,ict_sweep_fvg,precision_sprint,GC|ict_sweep_fvg|2024-06-13 13:45:00+00:00|long,
futures,CL,momentum,short,330836,330837,331541,2024-06-14 01:30:00+00:00,2024-06-14 01:45:00+00:00,2024-06-25 19:15:00+00:00,78.25,80.71,-245.99999999999932,-248.99999999999932,-0.4950298210735574,500.0,500.0,3.0,signal,704,CL:momentum,2.0,1.0,-497.9999999999987,1006.0,1000.0,2024-06-14,precision_sprint,momentum,precision_sprint,CL|momentum|2024-06-14 01:45:00+00:00|short,
futures,NQ,,long,38169,38170,38192,2024-06-14 14:15:00+00:00,2024-06-14 14:30:00+00:00,2024-06-14 20:00:00+00:00,19624.25,19686.25,248.0,245.0,0.904059040590406,536.0,268.0,3.0,session_close,22,,8.0,0.5,980.0,1084.0,2144.0,2024-06-14,reddit_research,reddit_orb_retest,reddit_orb_retest|ny|range=15|entry=150|rr=2|sl_atr=1|tp_atr=1.5|threshold=2|adx_max=none|adx_min=none|rsi2=none|trend=all|max_bars=24,NQ|reddit_orb_retest|2024-06-14 14:30:00+00:00|long,NQ	reddit_orb_retest	reddit_orb_retest|ny|range=15|entry=150|rr=2|sl_atr=1|tp_atr=1.5|threshold=2|adx_max=none|adx_min=none|rsi2=none|trend=all|max_bars=24
futures,CL,ict_sweep_fvg,short,11990,12002,12004,2024-06-14 14:00:00+00:00,2024-06-14 17:00:00+00:00,2024-06-14 17:30:00+00:00,78.83,78.65,17.99999999999926,14.99999999999926,0.9999999999999052,17.99999999999926,18.000000000000682,3.0,tp,2,CL:ict_sweep_fvg,35.0,1.0,524.9999999999741,735.0000000000239,629.9999999999741,2024-06-14,precision_sprint,ict_sweep_fvg,precision_sprint,CL|ict_sweep_fvg|2024-06-14 17:00:00+00:00|short,
futures,YM,ict_sweep_fvg,long,12028,12032,12032,2024-06-17 05:00:00+00:00,2024-06-17 06:00:00+00:00,2024-06-17 06:00:00+00:00,38581.0,38592.0,11.0,8.0,0.5714285714285714,11.0,11.0,3.0,tp,0,YM:ict_sweep_fvg,35.0,0.5,140.0,245.0,192.5,2024-06-17,precision_sprint,ict_sweep_fvg,precision_sprint,YM|ict_sweep_fvg|2024-06-17 06:00:00+00:00|long,
futures,NQ,,short,38353,38354,38367,2024-06-18 14:15:00+00:00,2024-06-18 14:30:00+00:00,2024-06-18 17:45:00+00:00,19905.25,19944.25,-156.0,-159.0,-1.0,312.0,156.0,3.0,sl,13,,8.0,0.5,-636.0,636.0,1248.0,2024-06-18,reddit_research,reddit_orb_retest,reddit_orb_retest|ny|range=15|entry=150|rr=2|sl_atr=1|tp_atr=1.5|threshold=2|adx_max=none|adx_min=none|rsi2=none|trend=all|max_bars=24,NQ|reddit_orb_retest|2024-06-18 14:30:00+00:00|short,NQ	reddit_orb_retest	reddit_orb_retest|ny|range=15|entry=150|rr=2|sl_atr=1|tp_atr=1.5|threshold=2|adx_max=none|adx_min=none|rsi2=none|trend=all|max_bars=24
futures,ES,,short,38445,38446,38457,2024-06-19 14:00:00+00:00,2024-06-19 14:15:00+00:00,2024-06-19 22:00:00+00:00,5563.25,5562.5,3.0,0.0,0.0,26.0,13.0,3.0,session_close,11,,30.0,1.25,0.0,600.0,975.0,2024-06-19,reddit_research,reddit_orb_retest,reddit_orb_retest|ny|range=15|entry=150|rr=2|sl_atr=1|tp_atr=1.5|threshold=2|adx_max=none|adx_min=none|rsi2=none|trend=all|max_bars=24,ES|reddit_orb_retest|2024-06-19 14:15:00+00:00|short,ES	reddit_orb_retest	reddit_orb_retest|ny|range=15|entry=150|rr=2|sl_atr=1|tp_atr=1.5|threshold=2|adx_max=none|adx_min=none|rsi2=none|trend=all|max_bars=24
futures,GC,,short,38366,38367,38374,2024-06-19 14:00:00+00:00,2024-06-19 14:15:00+00:00,2024-06-19 16:00:00+00:00,2341.2,2345.1,-39.00000000000091,-42.00000000000091,-1.0,58.50000000000364,39.00000000000091,3.0,sl,7,,25.0,1.0,-1050.0000000000227,1050.0000000000227,1462.500000000091,2024-06-19,reddit_research,reddit_orb_breakout,reddit_orb_breakout|ny|range=15|entry=150|rr=1.5|sl_atr=1|tp_atr=1.5|threshold=2|adx_max=none|adx_min=none|rsi2=none|trend=all|max_bars=24,GC|reddit_orb_breakout|2024-06-19 14:15:00+00:00|short,GC	reddit_orb_breakout	reddit_orb_breakout|ny|range=15|entry=150|rr=1.5|sl_atr=1|tp_atr=1.5|threshold=2|adx_max=none|adx_min=none|rsi2=none|trend=all|max_bars=24
futures,YM,,long,38445,38446,38456,2024-06-19 14:15:00+00:00,2024-06-19 14:30:00+00:00,2024-06-19 22:00:00+00:00,39224.0,39228.0,4.0,1.0,0.0082869265446832,294.1800000000003,117.67199999999866,3.0,session_close,10,,20.0,0.5,10.0,1206.7199999999866,2941.800000000003,2024-06-19,reddit_research,reddit_capitulation_reversion,reddit_capitulation_reversion|ny|range=15|entry=150|rr=2.5|sl_atr=1|tp_atr=1.5|threshold=1.75|adx_max=none|adx_min=none|rsi2=10.0|trend=long_only|max_bars=24,YM|reddit_capitulation_reversion|2024-06-19 14:30:00+00:00|long,YM	reddit_capitulation_reversion	reddit_capitulation_reversion|ny|range=15|entry=150|rr=2.5|sl_atr=1|tp_atr=1.5|threshold=1.75|adx_max=none|adx_min=none|rsi2=10.0|trend=long_only|max_bars=24
futures,RTY,,short,38447,38448,38455,2024-06-19 15:00:00+00:00,2024-06-19 15:15:00+00:00,2024-06-19 22:00:00+00:00,2043.8,2046.9,-31.000000000001364,-34.000000000001364,-0.8095238095238245,78.00000000000182,39.00000000000091,3.0,session_close,7,,25.0,0.5,-425.00000000001705,525.0000000000114,975.0000000000229,2024-06-19,reddit_research,reddit_orb_retest,reddit_orb_retest|ny|range=15|entry=150|rr=2|sl_atr=1|tp_atr=1.5|threshold=2|adx_max=none|adx_min=none|rsi2=none|trend=all|max_bars=24,RTY|reddit_orb_retest|2024-06-19 15:15:00+00:00|short,RTY	reddit_orb_retest	reddit_orb_retest|ny|range=15|entry=150|rr=2|sl_atr=1|tp_atr=1.5|threshold=2|adx_max=none|adx_min=none|rsi2=none|trend=all|max_bars=24
futures,NQ,,short,38525,38526,38530,2024-06-20 15:15:00+00:00,2024-06-20 15:30:00+00:00,2024-06-20 16:30:00+00:00,20189.75,20046.25,574.0,571.0,1.96896551724138,574.0,287.0,3.0,tp,4,,8.0,0.5,2284.0,1160.0,2296.0,2024-06-20,reddit_research,reddit_orb_retest,reddit_orb_retest|ny|range=15|entry=150|rr=2|sl_atr=1|tp_atr=1.5|threshold=2|adx_max=none|adx_min=none|rsi2=none|trend=all|max_bars=24,NQ|reddit_orb_retest|2024-06-20 15:30:00+00:00|short,NQ	reddit_orb_retest	reddit_orb_retest|ny|range=15|entry=150|rr=2|sl_atr=1|tp_atr=1.5|threshold=2|adx_max=none|adx_min=none|rsi2=none|trend=all|max_bars=24
futures,RTY,ict_sweep_fvg,long,12319,12332,12332,2024-06-20 13:00:00+00:00,2024-06-20 16:15:00+00:00,2024-06-20 16:15:00+00:00,2044.5,2048.5,40.0,37.0,0.8604651162790697,40.0,40.0,3.0,tp,0,RTY:ict_sweep_fvg,40.0,0.5,740.0,860.0,800.0,2024-06-20,precision_sprint,ict_sweep_fvg,precision_sprint,RTY|ict_sweep_fvg|2024-06-20 16:15:00+00:00|long,
futures,RTY,ict_sweep_fvg,long,12338,12343,12343,2024-06-20 17:45:00+00:00,2024-06-20 19:00:00+00:00,2024-06-20 19:00:00+00:00,2040.1,2037.8,-22.999999999999545,-25.999999999999545,-1.0,22.999999999999545,22.999999999999545,3.0,sl,0,RTY:ict_sweep_fvg,40.0,0.5,-519.9999999999909,519.9999999999909,459.9999999999909,2024-06-20,precision_sprint,ict_sweep_fvg,precision_sprint,RTY|ict_sweep_fvg|2024-06-20 19:00:00+00:00|long,
futures,GC,ict_sweep_fvg,short,12402,12413,12413,2024-06-21 08:45:00+00:00,2024-06-21 11:30:00+00:00,2024-06-21 11:30:00+00:00,2379.7000000000003,2380.4,-6.999999999998181,-9.99999999999818,-2.500000000000682,7.0000000000027285,6.999999999998181,3.0,sl,0,GC:ict_sweep_fvg,15.0,1.0,-149.9999999999727,149.99999999997272,105.00000000004091,2024-06-21,precision_sprint,ict_sweep_fvg,precision_sprint,GC|ict_sweep_fvg|2024-06-21 11:30:00+00:00|short,
futures,NQ,,short,38613,38614,38617,2024-06-21 14:15:00+00:00,2024-06-21 14:30:00+00:00,2024-06-21 15:15:00+00:00,19965.0,20028.0,-252.0,-255.0,-1.0,504.0,252.0,3.0,sl,3,,8.0,0.5,-1020.0,1020.0,2016.0,2024-06-21,reddit_research,reddit_orb_retest,reddit_orb_retest|ny|range=15|entry=150|rr=2|sl_atr=1|tp_atr=1.5|threshold=2|adx_max=none|adx_min=none|rsi2=none|trend=all|max_bars=24,NQ|reddit_orb_retest|2024-06-21 14:30:00+00:00|short,NQ	reddit_orb_retest	reddit_orb_retest|ny|range=15|entry=150|rr=2|sl_atr=1|tp_atr=1.5|threshold=2|adx_max=none|adx_min=none|rsi2=none|trend=all|max_bars=24
futures,NQ,momentum,short,328818,328819,328821,2024-06-21 15:45:00+00:00,2024-06-21 16:00:00+00:00,2024-06-21 16:30:00+00:00,20067.5,20030.0,150.0,147.0,0.2922465208747515,150.0,500.0,3.0,tp,2,NQ:momentum,4.0,0.5,294.0,1006.0,300.0,2024-06-21,precision_sprint,momentum,precision_sprint,NQ|momentum|2024-06-21 16:00:00+00:00|short,
futures,GC,ict_sweep_fvg,short,12466,12469,12469,2024-06-24 01:45:00+00:00,2024-06-24 02:30:00+00:00,2024-06-24 02:30:00+00:00,2336.7000000000003,2334.6,21.00000000000364,18.000000000003638,1.000000000000253,21.00000000000364,20.99999999999909,3.0,tp,0,GC:ict_sweep_fvg,15.0,1.0,270.00000000005457,359.9999999999864,315.0000000000546,2024-06-24,precision_sprint,ict_sweep_fvg,precision_sprint,GC|ict_sweep_fvg|2024-06-24 02:30:00+00:00|short,
futures,YM,ict_sweep_fvg,long,12612,12628,12629,2024-06-25 17:00:00+00:00,2024-06-25 22:00:00+00:00,2024-06-25 22:15:00+00:00,39463.0,39486.0,23.0,20.0,0.7692307692307693,23.0,23.0,3.0,tp,1,YM:ict_sweep_fvg,35.0,0.5,350.0,455.0,402.5,2024-06-26,precision_sprint,ict_sweep_fvg,precision_sprint,YM|ict_sweep_fvg|2024-06-25 22:00:00+00:00|long,
futures,CL,momentum,long,331587,331588,331594,2024-06-26 07:45:00+00:00,2024-06-26 08:00:00+00:00,2024-06-26 09:30:00+00:00,81.09,81.4,31.000000000000227,28.000000000000227,0.0556660039761435,500.0,500.0,3.0,signal,6,CL:momentum,2.0,1.0,56.000000000000455,1006.0,1000.0,2024-06-26,precision_sprint,momentum,precision_sprint,CL|momentum|2024-06-26 08:00:00+00:00|long,
futures,NQ,ict_sweep_fvg,short,12682,12691,12691,2024-06-26 11:30:00+00:00,2024-06-26 13:45:00+00:00,2024-06-26 13:45:00+00:00,19990.25,19996.5,-25.0,-28.0,-1.2727272727272727,25.0,25.0,3.0,sl,0,NQ:ict_sweep_fvg,15.0,0.5,-210.0,210.0,187.5,2024-06-26,precision_sprint,ict_sweep_fvg,precision_sprint,NQ|ict_sweep_fvg|2024-06-26 13:45:00+00:00|short,
futures,RTY,,long,38887,38888,38911,2024-06-26 14:00:00+00:00,2024-06-26 14:15:00+00:00,2024-06-26 20:00:00+00:00,2036.1,2038.8,27.00000000000045,24.00000000000045,0.2424242424242492,191.99999999999812,95.99999999999908,3.0,session_close,23,,25.0,0.5,300.0000000000057,1237.4999999999886,2399.9999999999773,2024-06-26,reddit_research,reddit_orb_retest,reddit_orb_retest|ny|range=15|entry=150|rr=2|sl_atr=1|tp_atr=1.5|threshold=2|adx_max=none|adx_min=none|rsi2=none|trend=all|max_bars=24,RTY|reddit_orb_retest|2024-06-26 14:15:00+00:00|long,RTY	reddit_orb_retest	reddit_orb_retest|ny|range=15|entry=150|rr=2|sl_atr=1|tp_atr=1.5|threshold=2|adx_max=none|adx_min=none|rsi2=none|trend=all|max_bars=24
futures,CL,ict_sweep_fvg,long,12714,12718,12718,2024-06-26 13:30:00+00:00,2024-06-26 14:30:00+00:00,2024-06-26 14:30:00+00:00,80.7,80.47,-23.0000000000004,-26.0000000000004,-1.0,23.0000000000004,23.0000000000004,3.0,sl,0,CL:ict_sweep_fvg,35.0,1.0,-910.000000000014,910.000000000014,805.0000000000141,2024-06-26,precision_sprint,ict_sweep_fvg,precision_sprint,CL|ict_sweep_fvg|2024-06-26 14:30:00+00:00|long,
futures,NQ,,long,38889,38890,38892,2024-06-26 14:15:00+00:00,2024-06-26 14:30:00+00:00,2024-06-26 15:00:00+00:00,19959.25,19919.25,-160.0,-163.0,-1.0,320.0,160.0,3.0,sl,2,,8.0,0.5,-652.0,652.0,1280.0,2024-06-26,reddit_research,reddit_orb_retest,reddit_orb_retest|ny|range=15|entry=150|rr=2|sl_atr=1|tp_atr=1.5|threshold=2|adx_max=none|adx_min=none|rsi2=none|trend=all|max_bars=24,NQ|reddit_orb_retest|2024-06-26 14:30:00+00:00|long,NQ	reddit_orb_retest	reddit_orb_retest|ny|range=15|entry=150|rr=2|sl_atr=1|tp_atr=1.5|threshold=2|adx_max=none|adx_min=none|rsi2=none|trend=all|max_bars=24
futures,RTY,ict_sweep_fvg,long,12697,12701,12704,2024-06-26 15:30:00+00:00,2024-06-26 16:30:00+00:00,2024-06-26 17:15:00+00:00,2037.9,2034.9,-30.0,-33.0,-1.0,30.0,30.0,3.0,sl,3,RTY:ict_sweep_fvg,40.0,0.5,-660.0,660.0,600.0,2024-06-26,precision_sprint,ict_sweep_fvg,precision_sprint,RTY|ict_sweep_fvg|2024-06-26 16:30:00+00:00|long,
futures,CL,ict_sweep_fvg,long,12724,12737,12742,2024-06-26 16:00:00+00:00,2024-06-26 19:15:00+00:00,2024-06-26 20:30:00+00:00,80.66,80.81,15.000000000000568,12.000000000000568,0.6666666666667298,15.000000000000568,14.999999999999147,3.0,tp,5,CL:ict_sweep_fvg,35.0,1.0,420.0000000000199,629.9999999999702,525.0000000000199,2024-06-26,precision_sprint,ict_sweep_fvg,precision_sprint,CL|ict_sweep_fvg|2024-06-26 19:15:00+00:00|long,
futures,CL,ict_sweep_fvg,short,12789,12802,12802,2024-06-27 09:15:00+00:00,2024-06-27 12:30:00+00:00,2024-06-27 12:30:00+00:00,81.54,81.41,13.000000000000966,10.000000000000966,1.000000000000142,13.000000000000966,12.999999999999543,3.0,tp,0,CL:ict_sweep_fvg,35.0,1.0,350.0000000000338,559.999999999984,455.0000000000338,2024-06-27,precision_sprint,ict_sweep_fvg,precision_sprint,CL|ict_sweep_fvg|2024-06-27 12:30:00+00:00|short,
futures,NQ,ict_sweep_fvg,short,12786,12798,12799,2024-06-27 14:30:00+00:00,2024-06-27 17:30:00+00:00,2024-06-27 17:45:00+00:00,20060.0,20035.25,99.0,96.0,1.0,99.0,99.0,3.0,tp,1,NQ:ict_sweep_fvg,15.0,0.5,720.0,765.0,742.5,2024-06-27,precision_sprint,ict_sweep_fvg,precision_sprint,NQ|ict_sweep_fvg|2024-06-27 17:30:00+00:00|short,
futures,YM,ict_sweep_fvg,short,12799,12808,12810,2024-06-27 17:45:00+00:00,2024-06-27 20:00:00+00:00,2024-06-27 20:30:00+00:00,39578.0,39532.0,46.0,43.0,1.0,46.0,46.0,3.0,tp,2,YM:ict_sweep_fvg,35.0,0.5,752.5,857.5,805.0,2024-06-27,precision_sprint,ict_sweep_fvg,precision_sprint,YM|ict_sweep_fvg|2024-06-27 20:00:00+00:00|short,
futures,RTY,ict_sweep_fvg,short,12821,12825,12825,2024-06-28 00:30:00+00:00,2024-06-28 01:30:00+00:00,2024-06-28 01:30:00+00:00,2065.2000000000003,2064.2000000000003,10.0,7.0,1.0,10.0,10.0,3.0,tp,0,RTY:ict_sweep_fvg,40.0,0.5,140.0,260.0,200.0,2024-06-28,precision_sprint,ict_sweep_fvg,precision_sprint,RTY|ict_sweep_fvg|2024-06-28 01:30:00+00:00|short,
futures,NQ,ict_sweep_fvg,short,12870,12875,12875,2024-06-28 12:30:00+00:00,2024-06-28 13:45:00+00:00,2024-06-28 13:45:00+00:00,20148.5,20118.75,119.0,116.0,1.0,119.0,119.0,3.0,tp,0,NQ:ict_sweep_fvg,15.0,0.5,870.0,915.0,892.5,2024-06-28,precision_sprint,ict_sweep_fvg,precision_sprint,NQ|ict_sweep_fvg|2024-06-28 13:45:00+00:00|short,
futures,SI,,long,38878,38879,38898,2024-06-28 14:30:00+00:00,2024-06-28 14:45:00+00:00,2024-06-28 19:30:00+00:00,29.465,29.376605,-17.67899999999969,-20.67899999999969,-1.0,44.197499999999934,17.67899999999969,3.0,sl,19,,12.0,5.0,-1240.7399999999814,1240.7399999999814,2651.849999999996,2024-06-28,reddit_research,reddit_capitulation_reversion,reddit_capitulation_reversion|ny|range=15|entry=150|rr=2.5|sl_atr=1|tp_atr=1.5|threshold=1.75|adx_max=none|adx_min=none|rsi2=10.0|trend=both|max_bars=24,SI|reddit_capitulation_reversion|2024-06-28 14:45:00+00:00|long,SI	reddit_capitulation_reversion	reddit_capitulation_reversion|ny|range=15|entry=150|rr=2.5|sl_atr=1|tp_atr=1.5|threshold=1.75|adx_max=none|adx_min=none|rsi2=10.0|trend=both|max_bars=24
futures,NQ,,long,39079,39080,39081,2024-06-28 15:45:00+00:00,2024-06-28 16:00:00+00:00,2024-06-28 16:15:00+00:00,20109.0,20039.25,-279.0,-282.0,-1.0,558.0,279.0,3.0,sl,1,,8.0,0.5,-1128.0,1128.0,2232.0,2024-06-28,reddit_research,reddit_orb_retest,reddit_orb_retest|ny|range=15|entry=150|rr=2|sl_atr=1|tp_atr=1.5|threshold=2|adx_max=none|adx_min=none|rsi2=none|trend=all|max_bars=24,NQ|reddit_orb_retest|2024-06-28 16:00:00+00:00|long,NQ	reddit_orb_retest	reddit_orb_retest|ny|range=15|entry=150|rr=2|sl_atr=1|tp_atr=1.5|threshold=2|adx_max=none|adx_min=none|rsi2=none|trend=all|max_bars=24
futures,GC,ict_sweep_fvg,long,12921,12935,12935,2024-07-01 00:30:00+00:00,2024-07-01 04:00:00+00:00,2024-07-01 04:00:00+00:00,2334.3,2336.0,16.99999999999818,13.99999999999818,0.6999999999998135,16.99999999999818,17.00000000000273,3.0,tp,0,GC:ict_sweep_fvg,15.0,1.0,209.9999999999727,300.0000000000409,254.99999999997272,2024-07-01,precision_sprint,ict_sweep_fvg,precision_sprint,GC|ict_sweep_fvg|2024-07-01 04:00:00+00:00|long,
futures,GC,ict_sweep_fvg,long,12943,12951,12952,2024-07-01 06:00:00+00:00,2024-07-01 08:00:00+00:00,2024-07-01 08:15:00+00:00,2332.9,2334.9,20.0,17.0,0.7391304347826086,20.0,20.0,3.0,tp,1,GC:ict_sweep_fvg,15.0,1.0,255.0,345.0,300.0,2024-07-01,precision_sprint,ict_sweep_fvg,precision_sprint,GC|ict_sweep_fvg|2024-07-01 08:00:00+00:00|long,
futures,RTY,ict_sweep_fvg,short,12944,12950,12950,2024-07-01 08:15:00+00:00,2024-07-01 09:45:00+00:00,2024-07-01 09:45:00+00:00,2073.0,2071.1,19.00000000000091,16.00000000000091,1.0,19.00000000000091,19.00000000000091,3.0,tp,0,RTY:ict_sweep_fvg,40.0,0.5,320.0000000000182,440.0000000000182,380.0000000000182,2024-07-01,precision_sprint,ict_sweep_fvg,precision_sprint,RTY|ict_sweep_fvg|2024-07-01 09:45:00+00:00|short,
futures,RTY,ict_sweep_fvg,short,12951,12954,12954,2024-07-01 10:00:00+00:00,2024-07-01 10:45:00+00:00,2024-07-01 10:45:00+00:00,2073.2000000000003,2070.9,23.00000000000182,20.00000000000182,1.0000000000002274,23.00000000000182,22.99999999999727,3.0,tp,0,RTY:ict_sweep_fvg,40.0,0.5,400.0000000000364,519.9999999999454,460.0000000000364,2024-07-01,precision_sprint,ict_sweep_fvg,precision_sprint,RTY|ict_sweep_fvg|2024-07-01 10:45:00+00:00|short,
futures,YM,ict_sweep_fvg,short,12939,12957,12957,2024-07-01 06:45:00+00:00,2024-07-01 11:15:00+00:00,2024-07-01 11:15:00+00:00,39565.0,39566.0,-1.0,-4.0,-2.0,1.0,1.0,3.0,sl,0,YM:ict_sweep_fvg,35.0,0.5,-70.0,70.0,17.5,2024-07-01,precision_sprint,ict_sweep_fvg,precision_sprint,YM|ict_sweep_fvg|2024-07-01 11:15:00+00:00|short,
futures,YM,ict_sweep_fvg,short,12961,12965,12965,2024-07-01 12:15:00+00:00,2024-07-01 13:15:00+00:00,2024-07-01 13:15:00+00:00,39547.0,39564.0,-17.0,-20.0,-1.4285714285714286,17.0,17.0,3.0,sl,0,YM:ict_sweep_fvg,35.0,0.5,-350.0,350.0,297.5,2024-07-01,precision_sprint,ict_sweep_fvg,precision_sprint,YM|ict_sweep_fvg|2024-07-01 13:15:00+00:00|short,
futures,NQ,ict_sweep_fvg,long,12953,12966,12966,2024-07-01 10:15:00+00:00,2024-07-01 13:30:00+00:00,2024-07-01 13:30:00+00:00,19942.0,19930.75,-45.0,-48.0,-1.0,45.0,45.0,3.0,sl,0,NQ:ict_sweep_fvg,15.0,0.5,-360.0,360.0,337.5,2024-07-01,precision_sprint,ict_sweep_fvg,precision_sprint,NQ|ict_sweep_fvg|2024-07-01 13:30:00+00:00|long,
futures,GC,ict_sweep_fvg,short,12974,12984,13026,2024-07-01 13:45:00+00:00,2024-07-01 16:15:00+00:00,2024-07-02 03:45:00+00:00,2339.7000000000003,2335.3,44.00000000000091,41.00000000000091,1.000000000000111,44.00000000000091,43.99999999999636,3.0,tp,42,GC:ict_sweep_fvg,15.0,1.0,615.0000000000136,704.9999999999454,660.0000000000136,2024-07-01,precision_sprint,ict_sweep_fvg,precision_sprint,GC|ict_sweep_fvg|2024-07-01 16:15:00+00:00|short,
futures,GC,ict_sweep_fvg,long,13059,13075,13075,2024-07-02 12:00:00+00:00,2024-07-02 16:00:00+00:00,2024-07-02 16:00:00+00:00,2330.5,2333.7000000000003,32.00000000000273,29.00000000000273,0.8285714285715496,32.00000000000273,31.99999999999818,3.0,tp,0,GC:ict_sweep_fvg,15.0,1.0,435.0000000000409,524.9999999999727,480.0000000000409,2024-07-02,precision_sprint,ict_sweep_fvg,precision_sprint,GC|ict_sweep_fvg|2024-07-02 16:00:00+00:00|long,
futures,YM,ict_sweep_fvg,long,13055,13071,13072,2024-07-02 12:45:00+00:00,2024-07-02 16:45:00+00:00,2024-07-02 17:00:00+00:00,39430.0,39486.0,56.0,53.0,0.8983050847457628,56.0,56.0,3.0,tp,1,YM:ict_sweep_fvg,35.0,0.5,927.5,1032.5,980.0,2024-07-02,precision_sprint,ict_sweep_fvg,precision_sprint,YM|ict_sweep_fvg|2024-07-02 16:45:00+00:00|long,
futures,NQ,,long,39348,39349,39357,2024-07-03 14:00:00+00:00,2024-07-03 14:15:00+00:00,2024-07-03 16:15:00+00:00,20283.25,20417.75,538.0,535.0,1.9669117647058825,538.0,269.0,3.0,tp,8,,8.0,0.5,2140.0,1088.0,2152.0,2024-07-03,reddit_research,reddit_orb_retest,reddit_orb_retest|ny|range=15|entry=150|rr=2|sl_atr=1|tp_atr=1.5|threshold=2|adx_max=none|adx_min=none|rsi2=none|trend=all|max_bars=24,NQ|reddit_orb_retest|2024-07-03 14:15:00+00:00|long,NQ	reddit_orb_retest	reddit_orb_retest|ny|range=15|entry=150|rr=2|sl_atr=1|tp_atr=1.5|threshold=2|adx_max=none|adx_min=none|rsi2=none|trend=all|max_bars=24
futures,YM,,long,39350,39351,39361,2024-07-03 14:30:00+00:00,2024-07-03 14:45:00+00:00,2024-07-03 22:00:00+00:00,39628.0,39631.0,3.0,0.0,0.0,297.2099999999991,118.8839999999982,3.0,session_close,10,,20.0,0.5,0.0,1218.839999999982,2972.099999999992,2024-07-03,reddit_research,reddit_capitulation_reversion,reddit_capitulation_reversion|ny|range=15|entry=150|rr=2.5|sl_atr=1|tp_atr=1.5|threshold=1.75|adx_max=none|adx_min=none|rsi2=10.0|trend=long_only|max_bars=24,YM|reddit_capitulation_reversion|2024-07-03 14:45:00+00:00|long,YM	reddit_capitulation_reversion	reddit_capitulation_reversion|ny|range=15|entry=150|rr=2.5|sl_atr=1|tp_atr=1.5|threshold=1.75|adx_max=none|adx_min=none|rsi2=10.0|trend=long_only|max_bars=24
futures,YM,ict_sweep_fvg,short,13154,13163,13163,2024-07-03 14:30:00+00:00,2024-07-03 16:45:00+00:00,2024-07-03 16:45:00+00:00,39663.0,39627.0,36.0,33.0,1.0,36.0,36.0,3.0,tp,0,YM:ict_sweep_fvg,35.0,0.5,577.5,682.5,630.0,2024-07-03,precision_sprint,ict_sweep_fvg,precision_sprint,YM|ict_sweep_fvg|2024-07-03 16:45:00+00:00|short,
futures,GC,,long,39366,39367,39369,2024-07-04 13:30:00+00:00,2024-07-04 13:45:00+00:00,2024-07-04 14:15:00+00:00,2366.5,2369.034690320999,25.34690320998834,22.34690320998834,1.1230764739359909,25.34690320998834,16.89793547332556,3.0,tp,2,,35.0,1.0,782.1416123495919,696.4277415663946,887.1416123495919,2024-07-04,reddit_research,reddit_ema_pullback,reddit_ema_pullback|ny|range=15|entry=150|rr=1.5|sl_atr=1|tp_atr=1.5|threshold=2|adx_max=none|adx_min=none|rsi2=none|trend=both|max_bars=24,GC|reddit_ema_pullback|2024-07-04 13:45:00+00:00|long,GC	reddit_ema_pullback	reddit_ema_pullback|ny|range=15|entry=150|rr=1.5|sl_atr=1|tp_atr=1.5|threshold=2|adx_max=none|adx_min=none|rsi2=none|trend=both|max_bars=24
futures,GC,,long,39367,39368,39373,2024-07-04 13:45:00+00:00,2024-07-04 14:00:00+00:00,2024-07-04 15:15:00+00:00,2367.9,2365.6,-23.00000000000182,-26.00000000000182,-1.0,34.50000000000273,23.00000000000182,3.0,sl,5,,25.0,1.0,-650.0000000000455,650.0000000000455,862.5000000000682,2024-07-04,reddit_research,reddit_orb_breakout,reddit_orb_breakout|ny|range=15|entry=150|rr=1.5|sl_atr=1|tp_atr=1.5|threshold=2|adx_max=none|adx_min=none|rsi2=none|trend=all|max_bars=24,GC|reddit_orb_breakout|2024-07-04 14:00:00+00:00|long,GC	reddit_orb_breakout	reddit_orb_breakout|ny|range=15|entry=150|rr=1.5|sl_atr=1|tp_atr=1.5|threshold=2|adx_max=none|adx_min=none|rsi2=none|trend=all|max_bars=24
futures,YM,,long,39424,39425,39437,2024-07-04 13:45:00+00:00,2024-07-04 14:00:00+00:00,2024-07-04 22:00:00+00:00,39662.0,39658.0,-4.0,-7.0,-0.057383634187531,297.4649999999965,118.98599999999716,3.0,session_close,12,,20.0,0.5,-70.0,1219.8599999999717,2974.649999999965,2024-07-04,reddit_research,reddit_capitulation_reversion,reddit_capitulation_reversion|ny|range=15|entry=150|rr=2.5|sl_atr=1|tp_atr=1.5|threshold=1.75|adx_max=none|adx_min=none|rsi2=10.0|trend=long_only|max_bars=24,YM|reddit_capitulation_reversion|2024-07-04 14:00:00+00:00|long,YM	reddit_capitulation_reversion	reddit_capitulation_reversion|ny|range=15|entry=150|rr=2.5|sl_atr=1|tp_atr=1.5|threshold=1.75|adx_max=none|adx_min=none|rsi2=10.0|trend=long_only|max_bars=24
futures,RTY,,short,39425,39426,39430,2024-07-04 14:15:00+00:00,2024-07-04 14:30:00+00:00,2024-07-04 15:30:00+00:00,2053.0,2055.2,-21.99999999999818,-24.99999999999818,-1.0,43.99999999999636,21.99999999999818,3.0,sl,4,,25.0,0.5,-312.49999999997726,312.49999999997726,549.9999999999545,2024-07-04,reddit_research,reddit_orb_retest,reddit_orb_retest|ny|range=15|entry=150|rr=2|sl_atr=1|tp_atr=1.5|threshold=2|adx_max=none|adx_min=none|rsi2=none|trend=all|max_bars=24,RTY|reddit_orb_retest|2024-07-04 14:30:00+00:00|short,RTY	reddit_orb_retest	reddit_orb_retest|ny|range=15|entry=150|rr=2|sl_atr=1|tp_atr=1.5|threshold=2|adx_max=none|adx_min=none|rsi2=none|trend=all|max_bars=24
futures,NQ,,short,39429,39430,39437,2024-07-04 15:00:00+00:00,2024-07-04 15:15:00+00:00,2024-07-04 22:00:00+00:00,20386.75,20384.0,11.0,8.0,0.0987654320987654,156.0,78.0,3.0,session_close,7,,8.0,0.5,32.0,324.0,624.0,2024-07-04,reddit_research,reddit_orb_retest,reddit_orb_retest|ny|range=15|entry=150|rr=2|sl_atr=1|tp_atr=1.5|threshold=2|adx_max=none|adx_min=none|rsi2=none|trend=all|max_bars=24,NQ|reddit_orb_retest|2024-07-04 15:15:00+00:00|short,NQ	reddit_orb_retest	reddit_orb_retest|ny|range=15|entry=150|rr=2|sl_atr=1|tp_atr=1.5|threshold=2|adx_max=none|adx_min=none|rsi2=none|trend=all|max_bars=24
futures,YM,,long,39429,39430,39437,2024-07-04 15:00:00+00:00,2024-07-04 15:15:00+00:00,2024-07-04 22:00:00+00:00,39684.0,39658.0,-26.0,-29.0,-1.2112033315980215,31.41469645530742,20.943130970204948,3.0,session_close,7,,75.0,0.5,-1087.5,897.8674113826855,1178.0511170740283,2024-07-04,reddit_research,reddit_ema_pullback,reddit_ema_pullback|ny|range=15|entry=150|rr=1.5|sl_atr=1|tp_atr=1.5|threshold=2|adx_max=none|adx_min=none|rsi2=none|trend=both|max_bars=24,YM|reddit_ema_pullback|2024-07-04 15:15:00+00:00|long,YM	reddit_ema_pullback	reddit_ema_pullback|ny|range=15|entry=150|rr=1.5|sl_atr=1|tp_atr=1.5|threshold=2|adx_max=none|adx_min=none|rsi2=none|trend=both|max_bars=24
futures,NQ,,long,39502,39503,39525,2024-07-05 14:15:00+00:00,2024-07-05 14:30:00+00:00,2024-07-05 20:00:00+00:00,20517.25,20612.75,382.0,379.0,1.2186495176848875,616.0,308.0,3.0,session_close,22,,8.0,0.5,1516.0,1244.0,2464.0,2024-07-05,reddit_research,reddit_orb_retest,reddit_orb_retest|ny|range=15|entry=150|rr=2|sl_atr=1|tp_atr=1.5|threshold=2|adx_max=none|adx_min=none|rsi2=none|trend=all|max_bars=24,NQ|reddit_orb_retest|2024-07-05 14:30:00+00:00|long,NQ	reddit_orb_retest	reddit_orb_retest|ny|range=15|entry=150|rr=2|sl_atr=1|tp_atr=1.5|threshold=2|adx_max=none|adx_min=none|rsi2=none|trend=all|max_bars=24
futures,CL,ict_sweep_fvg,long,13399,13407,13409,2024-07-08 03:15:00+00:00,2024-07-08 05:15:00+00:00,2024-07-08 05:45:00+00:00,82.87,82.79,-7.999999999999829,-10.99999999999983,-1.0,7.999999999999829,7.999999999999829,3.0,sl,2,CL:ict_sweep_fvg,35.0,1.0,-384.999999999994,384.999999999994,279.999999999994,2024-07-08,precision_sprint,ict_sweep_fvg,precision_sprint,CL|ict_sweep_fvg|2024-07-08 05:15:00+00:00|long,
futures,NQ,ict_sweep_fvg,short,13475,13487,13487,2024-07-09 10:30:00+00:00,2024-07-09 13:30:00+00:00,2024-07-09 13:30:00+00:00,20737.25,20744.5,-29.0,-32.0,-1.2307692307692308,29.0,29.0,3.0,sl,0,NQ:ict_sweep_fvg,15.0,0.5,-240.0,240.0,217.5,2024-07-09,precision_sprint,ict_sweep_fvg,precision_sprint,NQ|ict_sweep_fvg|2024-07-09 13:30:00+00:00|short,
futures,NQ,,short,39688,39689,39709,2024-07-09 14:45:00+00:00,2024-07-09 15:00:00+00:00,2024-07-09 20:00:00+00:00,20708.25,20675.25,132.0,129.0,0.5657894736842105,450.0,225.0,3.0,session_close,20,,8.0,0.5,516.0,912.0,1800.0,2024-07-09,reddit_research,reddit_orb_retest,reddit_orb_retest|ny|range=15|entry=150|rr=2|sl_atr=1|tp_atr=1.5|threshold=2|adx_max=none|adx_min=none|rsi2=none|trend=all|max_bars=24,NQ|reddit_orb_retest|2024-07-09 15:00:00+00:00|short,NQ	reddit_orb_retest	reddit_orb_retest|ny|range=15|entry=150|rr=2|sl_atr=1|tp_atr=1.5|threshold=2|adx_max=none|adx_min=none|rsi2=none|trend=all|max_bars=24
futures,CL,ict_sweep_fvg,long,13535,13539,13539,2024-07-09 14:15:00+00:00,2024-07-09 15:15:00+00:00,2024-07-09 15:15:00+00:00,82.05,81.89,-15.99999999999966,-18.99999999999966,-1.0,16.00000000000108,15.99999999999966,3.0,sl,0,CL:ict_sweep_fvg,35.0,1.0,-664.9999999999881,664.9999999999881,560.0000000000377,2024-07-09,precision_sprint,ict_sweep_fvg,precision_sprint,CL|ict_sweep_fvg|2024-07-09 15:15:00+00:00|long,
futures,ES,,short,39691,39692,39694,2024-07-09 15:15:00+00:00,2024-07-09 15:30:00+00:00,2024-07-09 16:00:00+00:00,5634.25,5640.5,-25.0,-28.0,-1.0,50.0,25.0,3.0,sl,2,,30.0,1.25,-1050.0,1050.0,1875.0,2024-07-09,reddit_research,reddit_orb_retest,reddit_orb_retest|ny|range=15|entry=150|rr=2|sl_atr=1|tp_atr=1.5|threshold=2|adx_max=none|adx_min=none|rsi2=none|trend=all|max_bars=24,ES|reddit_orb_retest|2024-07-09 15:30:00+00:00|short,ES	reddit_orb_retest	reddit_orb_retest|ny|range=15|entry=150|rr=2|sl_atr=1|tp_atr=1.5|threshold=2|adx_max=none|adx_min=none|rsi2=none|trend=all|max_bars=24
futures,YM,ict_sweep_fvg,long,13496,13508,13509,2024-07-09 15:45:00+00:00,2024-07-09 18:45:00+00:00,2024-07-09 19:00:00+00:00,39594.0,39555.0,-39.0,-42.0,-1.0,39.0,39.0,3.0,sl,1,YM:ict_sweep_fvg,35.0,0.5,-735.0,735.0,682.5,2024-07-09,precision_sprint,ict_sweep_fvg,precision_sprint,YM|ict_sweep_fvg|2024-07-09 18:45:00+00:00|long,
futures,CL,ict_sweep_fvg,long,13603,13613,13615,2024-07-10 08:15:00+00:00,2024-07-10 10:45:00+00:00,2024-07-10 11:15:00+00:00,81.32000000000001,81.14,-18.000000000000682,-21.00000000000068,-1.0,17.99999999999926,18.000000000000682,3.0,sl,2,CL:ict_sweep_fvg,35.0,1.0,-735.0000000000238,735.0000000000239,629.9999999999741,2024-07-10,precision_sprint,ict_sweep_fvg,precision_sprint,CL|ict_sweep_fvg|2024-07-10 10:45:00+00:00|long,
futures,ES,,long,39779,39780,39782,2024-07-10 14:15:00+00:00,2024-07-10 14:30:00+00:00,2024-07-10 15:00:00+00:00,5646.25,5640.5,-23.0,-26.0,-1.0,46.0,23.0,3.0,sl,2,,30.0,1.25,-975.0,975.0,1725.0,2024-07-10,reddit_research,reddit_orb_retest,reddit_orb_retest|ny|range=15|entry=150|rr=2|sl_atr=1|tp_atr=1.5|threshold=2|adx_max=none|adx_min=none|rsi2=none|trend=all|max_bars=24,ES|reddit_orb_retest|2024-07-10 14:30:00+00:00|long,ES	reddit_orb_retest	reddit_orb_retest|ny|range=15|entry=150|rr=2|sl_atr=1|tp_atr=1.5|threshold=2|adx_max=none|adx_min=none|rsi2=none|trend=all|max_bars=24
futures,CL,ict_sweep_fvg,short,13635,13650,13666,2024-07-10 16:15:00+00:00,2024-07-10 20:00:00+00:00,2024-07-11 01:00:00+00:00,82.44,82.61,-17.00000000000017,-20.00000000000017,-1.4285714285714233,17.00000000000017,17.00000000000017,3.0,sl,16,CL:ict_sweep_fvg,35.0,1.0,-700.0000000000059,700.0000000000059,595.0000000000059,2024-07-10,precision_sprint,ict_sweep_fvg,precision_sprint,CL|ict_sweep_fvg|2024-07-10 20:00:00+00:00|short,
futures,CL,momentum,long,332595,332596,332617,2024-07-11 09:15:00+00:00,2024-07-11 09:30:00+00:00,2024-07-11 14:45:00+00:00,82.15,82.49,33.99999999999892,30.99999999999892,0.0616302186878706,500.0,500.0,3.0,signal,21,CL:momentum,2.0,1.0,61.99999999999784,1006.0,1000.0,2024-07-11,precision_sprint,momentum,precision_sprint,CL|momentum|2024-07-11 09:30:00+00:00|long,
futures,CL,ict_sweep_fvg,short,13725,13730,13730,2024-07-11 15:45:00+00:00,2024-07-11 17:00:00+00:00,2024-07-11 17:00:00+00:00,82.49,82.27,21.999999999999886,18.999999999999886,0.9999999999999252,21.999999999999886,22.000000000001307,3.0,tp,0,CL:ict_sweep_fvg,35.0,1.0,664.999999999996,875.0000000000457,769.999999999996,2024-07-11,precision_sprint,ict_sweep_fvg,precision_sprint,CL|ict_sweep_fvg|2024-07-11 17:00:00+00:00|short,
futures,CL,ict_sweep_fvg,short,13755,13763,13768,2024-07-12 00:15:00+00:00,2024-07-12 02:15:00+00:00,2024-07-12 03:30:00+00:00,83.06,82.94,12.000000000000457,9.000000000000455,1.0,12.000000000000457,12.000000000000457,3.0,tp,5,CL:ict_sweep_fvg,35.0,1.0,315.0000000000159,525.000000000016,420.000000000016,2024-07-12,precision_sprint,ict_sweep_fvg,precision_sprint,CL|ict_sweep_fvg|2024-07-12 02:15:00+00:00|short,
futures,CL,momentum,short,332777,332778,332798,2024-07-15 08:45:00+00:00,2024-07-15 09:00:00+00:00,2024-07-15 14:00:00+00:00,82.4,81.84,56.00000000000023,53.00000000000023,0.1053677932405571,500.0,500.0,3.0,signal,20,CL:momentum,2.0,1.0,106.00000000000044,1006.0,1000.0,2024-07-15,precision_sprint,momentum,precision_sprint,CL|momentum|2024-07-15 09:00:00+00:00|short,
futures,GC,ict_sweep_fvg,short,13971,13975,13975,2024-07-16 12:30:00+00:00,2024-07-16 13:30:00+00:00,2024-07-16 13:30:00+00:00,2443.9,2448.2000000000003,-43.00000000000182,-46.00000000000182,-1.1499999999999932,43.00000000000182,43.00000000000182,3.0,sl,0,GC:ict_sweep_fvg,15.0,1.0,-690.0000000000273,690.0000000000273,645.0000000000273,2024-07-16,precision_sprint,ict_sweep_fvg,precision_sprint,GC|ict_sweep_fvg|2024-07-16 13:30:00+00:00|short,
futures,RTY,ict_sweep_fvg,short,14025,14039,14039,2024-07-17 10:15:00+00:00,2024-07-17 13:45:00+00:00,2024-07-17 13:45:00+00:00,2287.2000000000003,2290.5,-32.99999999999727,-35.99999999999727,-1.2000000000000182,33.00000000000182,32.99999999999727,3.0,sl,0,RTY:ict_sweep_fvg,40.0,0.5,-719.9999999999454,719.9999999999454,660.0000000000364,2024-07-17,precision_sprint,ict_sweep_fvg,precision_sprint,RTY|ict_sweep_fvg|2024-07-17 13:45:00+00:00|short,
futures,RTY,ict_sweep_fvg,long,14231,14237,14237,2024-07-19 15:45:00+00:00,2024-07-19 17:15:00+00:00,2024-07-19 17:15:00+00:00,2200.4,2205.6,51.99999999999818,48.99999999999818,0.8909090909090873,51.99999999999818,51.99999999999818,3.0,tp,0,RTY:ict_sweep_fvg,40.0,0.5,979.9999999999636,1099.9999999999636,1039.9999999999636,2024-07-19,precision_sprint,ict_sweep_fvg,precision_sprint,RTY|ict_sweep_fvg|2024-07-19 17:15:00+00:00|long,
futures,CL,ict_sweep_fvg,short,14329,14335,14335,2024-07-22 05:45:00+00:00,2024-07-22 07:15:00+00:00,2024-07-22 07:15:00+00:00,79.05,78.98,6.999999999999318,3.999999999999318,0.9999999999996448,6.999999999999318,7.000000000000739,3.0,tp,0,CL:ict_sweep_fvg,35.0,1.0,139.99999999997613,350.00000000002586,244.99999999997613,2024-07-22,precision_sprint,ict_sweep_fvg,precision_sprint,CL|ict_sweep_fvg|2024-07-22 07:15:00+00:00|short,
futures,RTY,ict_sweep_fvg,short,14397,14407,14407,2024-07-23 11:15:00+00:00,2024-07-23 13:45:00+00:00,2024-07-23 13:45:00+00:00,2243.6,2240.1,35.0,32.0,1.0,35.0,35.0,3.0,tp,0,RTY:ict_sweep_fvg,40.0,0.5,640.0,760.0,700.0,2024-07-23,precision_sprint,ict_sweep_fvg,precision_sprint,RTY|ict_sweep_fvg|2024-07-23 13:45:00+00:00|short,
futures,NQ,momentum,long,330814,330815,330828,2024-07-23 16:30:00+00:00,2024-07-23 16:45:00+00:00,2024-07-23 20:00:00+00:00,19960.25,19997.75,150.0,147.0,0.2922465208747515,150.0,500.0,3.0,tp,13,NQ:momentum,4.0,0.5,294.0,1006.0,300.0,2024-07-23,precision_sprint,momentum,precision_sprint,NQ|momentum|2024-07-23 16:45:00+00:00|long,
futures,YM,ict_sweep_fvg,short,14418,14425,14431,2024-07-23 16:15:00+00:00,2024-07-23 18:00:00+00:00,2024-07-23 19:30:00+00:00,40730.0,40684.0,46.0,43.0,1.0,46.0,46.0,3.0,tp,6,YM:ict_sweep_fvg,35.0,0.5,752.5,857.5,805.0,2024-07-23,precision_sprint,ict_sweep_fvg,precision_sprint,YM|ict_sweep_fvg|2024-07-23 18:00:00+00:00|short,
futures,CL,ict_sweep_fvg,long,14613,14616,14616,2024-07-25 07:45:00+00:00,2024-07-25 08:30:00+00:00,2024-07-25 08:30:00+00:00,77.01,77.14,12.999999999999543,9.999999999999543,0.6249999999999338,12.999999999999543,13.000000000000966,3.0,tp,0,CL:ict_sweep_fvg,35.0,1.0,349.999999999984,560.0000000000339,454.999999999984,2024-07-25,precision_sprint,ict_sweep_fvg,precision_sprint,CL|ict_sweep_fvg|2024-07-25 08:30:00+00:00|long,
futures,NQ,ict_sweep_fvg,long,14571,14576,14577,2024-07-25 08:30:00+00:00,2024-07-25 09:45:00+00:00,2024-07-25 10:00:00+00:00,19154.5,19133.25,-85.0,-88.0,-1.0,85.0,85.0,3.0,sl,1,NQ:ict_sweep_fvg,15.0,0.5,-660.0,660.0,637.5,2024-07-25,precision_sprint,ict_sweep_fvg,precision_sprint,NQ|ict_sweep_fvg|2024-07-25 09:45:00+00:00|long,
futures,RTY,ict_sweep_fvg,long,14575,14578,14578,2024-07-25 09:45:00+00:00,2024-07-25 10:30:00+00:00,2024-07-25 10:30:00+00:00,2212.6,2214.9,23.00000000000182,20.00000000000182,0.7692307692309199,23.00000000000182,22.99999999999727,3.0,tp,0,RTY:ict_sweep_fvg,40.0,0.5,400.0000000000364,519.9999999999454,460.0000000000364,2024-07-25,precision_sprint,ict_sweep_fvg,precision_sprint,RTY|ict_sweep_fvg|2024-07-25 10:30:00+00:00|long,
futures,NQ,ict_sweep_fvg,long,14596,14599,14599,2024-07-25 14:45:00+00:00,2024-07-25 15:30:00+00:00,2024-07-25 15:30:00+00:00,19159.25,19197.5,153.0,150.0,0.9615384615384616,153.0,153.0,3.0,tp,0,NQ:ict_sweep_fvg,15.0,0.5,1125.0,1170.0,1147.5,2024-07-25,precision_sprint,ict_sweep_fvg,precision_sprint,NQ|ict_sweep_fvg|2024-07-25 15:30:00+00:00|long,
futures,NQ,momentum,short,331090,331091,331094,2024-07-26 16:30:00+00:00,2024-07-26 16:45:00+00:00,2024-07-26 17:30:00+00:00,19275.5,19238.0,150.0,147.0,0.2922465208747515,150.0,500.0,3.0,tp,3,NQ:momentum,4.0,0.5,294.0,1006.0,300.0,2024-07-26,precision_sprint,momentum,precision_sprint,NQ|momentum|2024-07-26 16:45:00+00:00|short,
futures,CL,ict_sweep_fvg,long,14778,14795,14795,2024-07-29 03:00:00+00:00,2024-07-29 07:15:00+00:00,2024-07-29 07:15:00+00:00,77.19,77.11,-7.999999999999829,-10.99999999999983,-1.0,7.999999999999829,7.999999999999829,3.0,sl,0,CL:ict_sweep_fvg,35.0,1.0,-384.999999999994,384.999999999994,279.999999999994,2024-07-29,precision_sprint,ict_sweep_fvg,precision_sprint,CL|ict_sweep_fvg|2024-07-29 07:15:00+00:00|long,
futures,RTY,ict_sweep_fvg,short,14748,14755,14756,2024-07-29 07:00:00+00:00,2024-07-29 08:45:00+00:00,2024-07-29 09:00:00+00:00,2288.2000000000003,2285.3,29.00000000000091,26.00000000000091,1.000000000000175,29.00000000000091,28.99999999999636,3.0,tp,1,RTY:ict_sweep_fvg,40.0,0.5,520.0000000000182,639.9999999999271,580.0000000000182,2024-07-29,precision_sprint,ict_sweep_fvg,precision_sprint,RTY|ict_sweep_fvg|2024-07-29 08:45:00+00:00|short,
futures,GC,ict_sweep_fvg,long,14782,14795,14795,2024-07-29 08:15:00+00:00,2024-07-29 11:30:00+00:00,2024-07-29 11:30:00+00:00,2387.3,2389.2000000000003,19.00000000000091,16.00000000000091,0.7272727272727385,19.00000000000091,19.00000000000091,3.0,tp,0,GC:ict_sweep_fvg,15.0,1.0,240.00000000001364,330.00000000001364,285.00000000001364,2024-07-29,precision_sprint,ict_sweep_fvg,precision_sprint,GC|ict_sweep_fvg|2024-07-29 11:30:00+00:00|long,
futures,CL,momentum,short,333715,333716,333721,2024-07-29 13:15:00+00:00,2024-07-29 13:30:00+00:00,2024-07-29 14:45:00+00:00,77.38,76.34,103.9999999999992,100.9999999999992,0.200795228628229,500.0,500.0,3.0,signal,5,CL:momentum,2.0,1.0,201.9999999999984,1006.0,1000.0,2024-07-29,precision_sprint,momentum,precision_sprint,CL|momentum|2024-07-29 13:30:00+00:00|short,
futures,RTY,ict_sweep_fvg,short,14772,14776,14776,2024-07-29 13:00:00+00:00,2024-07-29 14:00:00+00:00,2024-07-29 14:00:00+00:00,2285.9,2282.3,35.99999999999909,32.99999999999909,1.0,35.99999999999909,35.99999999999909,3.0,tp,0,RTY:ict_sweep_fvg,40.0,0.5,659.9999999999818,779.9999999999818,719.9999999999818,2024-07-29,precision_sprint,ict_sweep_fvg,precision_sprint,RTY|ict_sweep_fvg|2024-07-29 14:00:00+00:00|short,
futures,NQ,ict_sweep_fvg,short,14793,14797,14797,2024-07-29 18:00:00+00:00,2024-07-29 19:00:00+00:00,2024-07-29 19:00:00+00:00,19244.0,19230.25,55.0,52.0,1.0,55.0,55.0,3.0,tp,0,NQ:ict_sweep_fvg,15.0,0.5,390.0,435.0,412.5,2024-07-29,precision_sprint,ict_sweep_fvg,precision_sprint,NQ|ict_sweep_fvg|2024-07-29 19:00:00+00:00|short,
futures,HG,,short,41103,41104,41110,2024-07-30 16:15:00+00:00,2024-07-30 16:30:00+00:00,2024-07-30 18:00:00+00:00,4.082,4.094246,-24.4920000000004,-27.4920000000004,-1.0,61.23000000000012,24.4920000000004,3.0,sl,6,,35.0,1.25,-1202.7750000000178,1202.7750000000178,2678.812500000005,2024-07-30,reddit_research,reddit_capitulation_reversion,reddit_capitulation_reversion|ny|range=15|entry=150|rr=2.5|sl_atr=1|tp_atr=1.5|threshold=1.75|adx_max=none|adx_min=none|rsi2=10.0|trend=both|max_bars=24,HG|reddit_capitulation_reversion|2024-07-30 16:30:00+00:00|short,HG	reddit_capitulation_reversion	reddit_capitulation_reversion|ny|range=15|entry=150|rr=2.5|sl_atr=1|tp_atr=1.5|threshold=1.75|adx_max=none|adx_min=none|rsi2=10.0|trend=both|max_bars=24
futures,YM,ict_sweep_fvg,short,14945,14955,14955,2024-07-31 10:00:00+00:00,2024-07-31 12:30:00+00:00,2024-07-31 12:30:00+00:00,41081.0,41045.0,36.0,33.0,1.0,36.0,36.0,3.0,tp,0,YM:ict_sweep_fvg,35.0,0.5,577.5,682.5,630.0,2024-07-31,precision_sprint,ict_sweep_fvg,precision_sprint,YM|ict_sweep_fvg|2024-07-31 12:30:00+00:00|short,
futures,NQ,ict_sweep_fvg,short,14999,15010,15015,2024-08-01 00:30:00+00:00,2024-08-01 03:15:00+00:00,2024-08-01 04:30:00+00:00,19681.25,19663.75,70.0,67.0,1.0,70.0,70.0,3.0,tp,5,NQ:ict_sweep_fvg,15.0,0.5,502.5,547.5,525.0,2024-08-01,precision_sprint,ict_sweep_fvg,precision_sprint,NQ|ict_sweep_fvg|2024-08-01 03:15:00+00:00|short,
futures,CL,ict_sweep_fvg,short,15046,15059,15070,2024-08-01 01:00:00+00:00,2024-08-01 04:15:00+00:00,2024-08-01 07:00:00+00:00,78.61,78.47,14.000000000000057,11.000000000000057,1.0,14.000000000000057,14.000000000000057,3.0,tp,11,CL:ict_sweep_fvg,35.0,1.0,385.000000000002,595.000000000002,490.000000000002,2024-08-01,precision_sprint,ict_sweep_fvg,precision_sprint,CL|ict_sweep_fvg|2024-08-01 04:15:00+00:00|short,
futures,CL,ict_sweep_fvg,short,15086,15094,15094,2024-08-01 11:00:00+00:00,2024-08-01 13:00:00+00:00,2024-08-01 13:00:00+00:00,78.64,78.53,10.999999999999943,7.999999999999943,1.0,10.999999999999943,10.999999999999943,3.0,tp,0,CL:ict_sweep_fvg,35.0,1.0,279.999999999998,489.999999999998,384.999999999998,2024-08-01,precision_sprint,ict_sweep_fvg,precision_sprint,CL|ict_sweep_fvg|2024-08-01 13:00:00+00:00|short,
futures,GC,ict_sweep_fvg,long,15189,15204,15204,2024-08-02 19:15:00+00:00,2024-08-05 00:00:00+00:00,2024-08-05 00:00:00+00:00,2472.9,2475.7000000000003,28.00000000000182,25.00000000000182,0.8064516129033554,28.00000000000182,27.99999999999727,3.0,tp,0,GC:ict_sweep_fvg,15.0,1.0,375.0000000000273,464.9999999999591,420.0000000000273,2024-08-05,precision_sprint,ict_sweep_fvg,precision_sprint,GC|ict_sweep_fvg|2024-08-05 00:00:00+00:00|long,
futures,RTY,ict_sweep_fvg,long,15186,15188,15188,2024-08-05 01:30:00+00:00,2024-08-05 02:00:00+00:00,2024-08-05 02:00:00+00:00,2077.8,2083.1,52.99999999999727,49.99999999999727,0.8928571428570651,52.99999999999727,53.00000000000182,3.0,tp,0,RTY:ict_sweep_fvg,40.0,0.5,999.9999999999454,1120.0000000000364,1059.9999999999454,2024-08-05,precision_sprint,ict_sweep_fvg,precision_sprint,RTY|ict_sweep_fvg|2024-08-05 02:00:00+00:00|long,
futures,6B,mean_reversion,long,333143,333144,333210,2024-08-05 07:15:00+00:00,2024-08-05 07:30:00+00:00,2024-08-06 01:00:00+00:00,1.2793,1.2809,15.999999999998238,12.999999999998238,0.0640394088669863,500.0,200.0,3.0,signal,66,6B:mean_reversion,9.0,0.625,73.12499999999008,1141.875,2812.5,2024-08-05,precision_sprint,mean_reversion,precision_sprint,6B|mean_reversion|2024-08-05 07:30:00+00:00|long,
futures,HG,,short,41466,41467,41469,2024-08-05 15:00:00+00:00,2024-08-05 15:15:00+00:00,2024-08-05 15:45:00+00:00,4.0385,4.00821125,60.57750000000084,57.57750000000084,2.1144100473724845,60.57750000000084,24.231000000000336,3.0,tp,2,,35.0,1.25,2519.015625000037,1191.3562500000146,2650.265625000037,2024-08-05,reddit_research,reddit_capitulation_reversion,reddit_capitulation_reversion|ny|range=15|entry=150|rr=2.5|sl_atr=1|tp_atr=1.5|threshold=1.75|adx_max=none|adx_min=none|rsi2=10.0|trend=both|max_bars=24,HG|reddit_capitulation_reversion|2024-08-05 15:15:00+00:00|short,HG	reddit_capitulation_reversion	reddit_capitulation_reversion|ny|range=15|entry=150|rr=2.5|sl_atr=1|tp_atr=1.5|threshold=1.75|adx_max=none|adx_min=none|rsi2=10.0|trend=both|max_bars=24
futures,NQ,ict_sweep_fvg,long,15271,15274,15274,2024-08-05 23:30:00+00:00,2024-08-06 00:15:00+00:00,2024-08-06 00:15:00+00:00,18233.75,18256.5,91.0,88.0,0.9361702127659576,91.0,91.0,3.0,tp,0,NQ:ict_sweep_fvg,15.0,0.5,660.0,705.0,682.5,2024-08-06,precision_sprint,ict_sweep_fvg,precision_sprint,NQ|ict_sweep_fvg|2024-08-06 00:15:00+00:00|long,
futures,RTY,ict_sweep_fvg,long,15271,15278,15278,2024-08-05 23:45:00+00:00,2024-08-06 01:30:00+00:00,2024-08-06 01:30:00+00:00,2075.6,2076.8,12.000000000002728,9.000000000002728,0.6000000000002547,12.000000000002728,11.99999999999818,3.0,tp,0,RTY:ict_sweep_fvg,40.0,0.5,180.00000000005457,299.9999999999636,240.00000000005457,2024-08-06,precision_sprint,ict_sweep_fvg,precision_sprint,RTY|ict_sweep_fvg|2024-08-06 01:30:00+00:00|long,
futures,CL,ict_sweep_fvg,short,15326,15336,15338,2024-08-06 02:00:00+00:00,2024-08-06 04:30:00+00:00,2024-08-06 05:00:00+00:00,74.22,74.09,12.999999999999543,9.999999999999543,0.999999999999858,12.999999999999543,13.000000000000966,3.0,tp,2,CL:ict_sweep_fvg,35.0,1.0,349.999999999984,560.0000000000339,454.999999999984,2024-08-06,precision_sprint,ict_sweep_fvg,precision_sprint,CL|ict_sweep_fvg|2024-08-06 04:30:00+00:00|short,
futures,HG,,short,41554,41555,41560,2024-08-06 14:00:00+00:00,2024-08-06 14:15:00+00:00,2024-08-06 15:30:00+00:00,4.027,4.039081,-24.16200000000046,-27.16200000000046,-1.0,60.40500000000026,24.16200000000046,3.0,sl,5,,35.0,1.25,-1188.33750000002,1188.33750000002,2642.718750000012,2024-08-06,reddit_research,reddit_capitulation_reversion,reddit_capitulation_reversion|ny|range=15|entry=150|rr=2.5|sl_atr=1|tp_atr=1.5|threshold=1.75|adx_max=none|adx_min=none|rsi2=10.0|trend=both|max_bars=24,HG|reddit_capitulation_reversion|2024-08-06 14:15:00+00:00|short,HG	reddit_capitulation_reversion	reddit_capitulation_reversion|ny|range=15|entry=150|rr=2.5|sl_atr=1|tp_atr=1.5|threshold=1.75|adx_max=none|adx_min=none|rsi2=10.0|trend=both|max_bars=24
futures,SI,,short,41350,41351,41356,2024-08-06 14:00:00+00:00,2024-08-06 14:15:00+00:00,2024-08-06 15:30:00+00:00,27.285,27.0803625,40.927500000000094,37.927500000000094,1.957952609570995,40.927500000000094,16.37100000000018,3.0,tp,5,,12.0,5.0,2275.650000000005,1162.260000000011,2455.650000000005,2024-08-06,reddit_research,reddit_capitulation_reversion,reddit_capitulation_reversion|ny|range=15|entry=150|rr=2.5|sl_atr=1|tp_atr=1.5|threshold=1.75|adx_max=none|adx_min=none|rsi2=10.0|trend=both|max_bars=24,SI|reddit_capitulation_reversion|2024-08-06 14:15:00+00:00|short,SI	reddit_capitulation_reversion	reddit_capitulation_reversion|ny|range=15|entry=150|rr=2.5|sl_atr=1|tp_atr=1.5|threshold=1.75|adx_max=none|adx_min=none|rsi2=10.0|trend=both|max_bars=24
futures,NQ,momentum,short,331727,331728,331728,2024-08-06 14:45:00+00:00,2024-08-06 15:00:00+00:00,2024-08-06 15:00:00+00:00,18301.75,18264.25,150.0,147.0,0.2922465208747515,150.0,500.0,3.0,tp,1,NQ:momentum,4.0,0.5,294.0,1006.0,300.0,2024-08-06,precision_sprint,momentum,precision_sprint,NQ|momentum|2024-08-06 15:00:00+00:00|short,
futures,NQ,momentum,short,331902,331903,331906,2024-08-08 12:30:00+00:00,2024-08-08 12:45:00+00:00,2024-08-08 13:30:00+00:00,18171.0,18133.5,150.0,147.0,0.2922465208747515,150.0,500.0,3.0,tp,3,NQ:momentum,4.0,0.5,294.0,1006.0,300.0,2024-08-08,precision_sprint,momentum,precision_sprint,NQ|momentum|2024-08-08 12:45:00+00:00|short,
futures,6B,mean_reversion,long,333445,333446,333457,2024-08-08 13:45:00+00:00,2024-08-08 14:00:00+00:00,2024-08-08 16:45:00+00:00,1.271,1.2743,33.0000000000008,30.000000000000803,0.147783251231531,500.0,200.0,3.0,signal,11,6B:mean_reversion,9.0,0.625,168.75000000000452,1141.875,2812.5,2024-08-08,precision_sprint,mean_reversion,precision_sprint,6B|mean_reversion|2024-08-08 14:00:00+00:00|long,
futures,YM,,long,41799,41800,41814,2024-08-09 13:30:00+00:00,2024-08-09 13:45:00+00:00,2024-08-09 17:15:00+00:00,39401.0,39696.5075,295.5074999999997,292.5074999999997,2.4133684809781646,295.5074999999997,118.20300000000134,3.0,tp,14,,20.0,0.5,2925.074999999997,1212.0300000000134,2955.074999999997,2024-08-09,reddit_research,reddit_capitulation_reversion,reddit_capitulation_reversion|ny|range=15|entry=150|rr=2.5|sl_atr=1|tp_atr=1.5|threshold=1.75|adx_max=none|adx_min=none|rsi2=10.0|trend=long_only|max_bars=24,YM|reddit_capitulation_reversion|2024-08-09 13:45:00+00:00|long,YM	reddit_capitulation_reversion	reddit_capitulation_reversion|ny|range=15|entry=150|rr=2.5|sl_atr=1|tp_atr=1.5|threshold=1.75|adx_max=none|adx_min=none|rsi2=10.0|trend=long_only|max_bars=24
futures,YM,ict_sweep_fvg,short,15620,15627,15628,2024-08-09 17:45:00+00:00,2024-08-09 19:30:00+00:00,2024-08-09 19:45:00+00:00,39643.0,39600.0,43.0,40.0,1.0,43.0,43.0,3.0,tp,1,YM:ict_sweep_fvg,35.0,0.5,700.0,805.0,752.5,2024-08-09,precision_sprint,ict_sweep_fvg,precision_sprint,YM|ict_sweep_fvg|2024-08-09 19:30:00+00:00|short,
futures,HG,,long,41896,41897,41898,2024-08-12 07:30:00+00:00,2024-08-12 07:45:00+00:00,2024-08-12 08:00:00+00:00,4.0275,4.04025,25.49999999999919,22.49999999999919,1.1249999999999898,25.49999999999919,16.99999999999946,3.0,tp,1,,50.0,1.25,1406.2499999999493,1249.9999999999663,1593.7499999999493,2024-08-12,reddit_research,reddit_orb_breakout,reddit_orb_breakout|london|range=15|entry=150|rr=1.5|sl_atr=1|tp_atr=1.5|threshold=2|adx_max=none|adx_min=none|rsi2=none|trend=all|max_bars=24,HG|reddit_orb_breakout|2024-08-12 07:45:00+00:00|long,HG	reddit_orb_breakout	reddit_orb_breakout|london|range=15|entry=150|rr=1.5|sl_atr=1|tp_atr=1.5|threshold=2|adx_max=none|adx_min=none|rsi2=none|trend=all|max_bars=24
futures,NQ,ict_sweep_fvg,short,15675,15682,15682,2024-08-12 08:30:00+00:00,2024-08-12 10:15:00+00:00,2024-08-12 10:15:00+00:00,18663.5,18648.5,60.0,57.0,1.0,60.0,60.0,3.0,tp,0,NQ:ict_sweep_fvg,15.0,0.5,427.5,472.5,450.0,2024-08-12,precision_sprint,ict_sweep_fvg,precision_sprint,NQ|ict_sweep_fvg|2024-08-12 10:15:00+00:00|short,
futures,YM,ict_sweep_fvg,short,15673,15683,15685,2024-08-12 08:00:00+00:00,2024-08-12 10:30:00+00:00,2024-08-12 11:00:00+00:00,39665.0,39692.0,-27.0,-30.0,-1.25,27.0,27.0,3.0,sl,2,YM:ict_sweep_fvg,35.0,0.5,-525.0,525.0,472.5,2024-08-12,precision_sprint,ict_sweep_fvg,precision_sprint,YM|ict_sweep_fvg|2024-08-12 10:30:00+00:00|short,
futures,RTY,ict_sweep_fvg,short,15671,15689,15689,2024-08-12 07:45:00+00:00,2024-08-12 12:15:00+00:00,2024-08-12 12:15:00+00:00,2091.0,2088.1,29.00000000000091,26.00000000000091,1.0,29.00000000000091,29.00000000000091,3.0,tp,0,RTY:ict_sweep_fvg,40.0,0.5,520.0000000000182,640.0000000000182,580.0000000000182,2024-08-12,precision_sprint,ict_sweep_fvg,precision_sprint,RTY|ict_sweep_fvg|2024-08-12 12:15:00+00:00|short,
futures,6B,mean_reversion,short,333639,333640,334065,2024-08-12 16:15:00+00:00,2024-08-12 16:30:00+00:00,2024-08-19 07:45:00+00:00,1.2773,1.2973,-200.0,-203.0,-1.0,500.0,200.0,3.0,sl,425,6B:mean_reversion,9.0,0.625,-1141.875,1141.875,2812.5,2024-08-12,precision_sprint,mean_reversion,precision_sprint,6B|mean_reversion|2024-08-12 16:30:00+00:00|short,
futures,NQ,ict_sweep_fvg,short,15766,15771,15771,2024-08-13 08:15:00+00:00,2024-08-13 09:30:00+00:00,2024-08-13 09:30:00+00:00,18759.5,18749.0,42.0,39.0,1.0,42.0,42.0,3.0,tp,0,NQ:ict_sweep_fvg,15.0,0.5,292.5,337.5,315.0,2024-08-13,precision_sprint,ict_sweep_fvg,precision_sprint,NQ|ict_sweep_fvg|2024-08-13 09:30:00+00:00|short,
futures,NQ,,long,41985,41986,41996,2024-08-13 14:00:00+00:00,2024-08-13 14:15:00+00:00,2024-08-13 16:45:00+00:00,18890.5,19039.0,594.0,591.0,1.97,594.0,297.0,3.0,tp,10,,8.0,0.5,2364.0,1200.0,2376.0,2024-08-13,reddit_research,reddit_orb_retest,reddit_orb_retest|ny|range=15|entry=150|rr=2|sl_atr=1|tp_atr=1.5|threshold=2|adx_max=none|adx_min=none|rsi2=none|trend=all|max_bars=24,NQ|reddit_orb_retest|2024-08-13 14:15:00+00:00|long,NQ	reddit_orb_retest	reddit_orb_retest|ny|range=15|entry=150|rr=2|sl_atr=1|tp_atr=1.5|threshold=2|adx_max=none|adx_min=none|rsi2=none|trend=all|max_bars=24
futures,YM,ict_sweep_fvg,short,15863,15875,15875,2024-08-14 09:30:00+00:00,2024-08-14 12:30:00+00:00,2024-08-14 12:30:00+00:00,39917.0,39929.0,-12.0,-15.0,-1.6666666666666667,12.0,12.0,3.0,sl,0,YM:ict_sweep_fvg,35.0,0.5,-262.5,262.5,210.0,2024-08-14,precision_sprint,ict_sweep_fvg,precision_sprint,YM|ict_sweep_fvg|2024-08-14 12:30:00+00:00|short,
futures,CL,momentum,short,334816,334817,334823,2024-08-14 12:30:00+00:00,2024-08-14 12:45:00+00:00,2024-08-14 14:15:00+00:00,78.6,78.15,44.99999999999886,41.99999999999886,0.0834990059642124,500.0,500.0,3.0,signal,6,CL:momentum,2.0,1.0,83.99999999999773,1006.0,1000.0,2024-08-14,precision_sprint,momentum,precision_sprint,CL|momentum|2024-08-14 12:45:00+00:00|short,
futures,CL,ict_sweep_fvg,long,15916,15924,15924,2024-08-14 11:30:00+00:00,2024-08-14 13:30:00+00:00,2024-08-14 13:30:00+00:00,78.24,78.43,19.0000000000012,16.000000000001194,0.727272727272789,19.0000000000012,18.999999999999773,3.0,tp,0,CL:ict_sweep_fvg,35.0,1.0,560.0000000000418,769.999999999992,665.000000000042,2024-08-14,precision_sprint,ict_sweep_fvg,precision_sprint,CL|ict_sweep_fvg|2024-08-14 13:30:00+00:00|long,
futures,CL,momentum,short,334906,334907,334986,2024-08-15 12:00:00+00:00,2024-08-15 12:15:00+00:00,2024-08-16 09:00:00+00:00,77.88,77.33,54.99999999999972,51.99999999999972,0.1033797216699795,500.0,500.0,3.0,signal,79,CL:momentum,2.0,1.0,103.99999999999945,1006.0,1000.0,2024-08-15,precision_sprint,momentum,precision_sprint,CL|momentum|2024-08-15 12:15:00+00:00|short,
futures,CL,ict_sweep_fvg,long,16171,16176,16176,2024-08-19 06:15:00+00:00,2024-08-19 07:30:00+00:00,2024-08-19 07:30:00+00:00,75.14,75.25,10.999999999999943,7.999999999999943,0.5714285714285697,10.999999999999943,10.999999999999943,3.0,tp,0,CL:ict_sweep_fvg,35.0,1.0,279.999999999998,489.999999999998,384.999999999998,2024-08-19,precision_sprint,ict_sweep_fvg,precision_sprint,CL|ict_sweep_fvg|2024-08-19 07:30:00+00:00|long,
futures,YM,ict_sweep_fvg,long,16135,16137,16137,2024-08-19 08:30:00+00:00,2024-08-19 09:00:00+00:00,2024-08-19 09:00:00+00:00,40808.0,40821.0,13.0,10.0,0.625,13.0,13.0,3.0,tp,0,YM:ict_sweep_fvg,35.0,0.5,175.0,280.0,227.5,2024-08-19,precision_sprint,ict_sweep_fvg,precision_sprint,YM|ict_sweep_fvg|2024-08-19 09:00:00+00:00|long,
futures,CL,ict_sweep_fvg,long,16195,16202,16202,2024-08-19 12:15:00+00:00,2024-08-19 14:00:00+00:00,2024-08-19 14:00:00+00:00,75.05,75.26,21.0000000000008,18.000000000000796,0.7500000000000527,21.0000000000008,20.99999999999937,3.0,tp,0,CL:ict_sweep_fvg,35.0,1.0,630.0000000000279,839.999999999978,735.000000000028,2024-08-19,precision_sprint,ict_sweep_fvg,precision_sprint,CL|ict_sweep_fvg|2024-08-19 14:00:00+00:00|long,
futures,NQ,ict_sweep_fvg,short,16226,16230,16233,2024-08-20 08:15:00+00:00,2024-08-20 09:15:00+00:00,2024-08-20 10:00:00+00:00,19888.25,19871.75,66.0,63.0,1.0,66.0,66.0,3.0,tp,3,NQ:ict_sweep_fvg,15.0,0.5,472.5,517.5,495.0,2024-08-20,precision_sprint,ict_sweep_fvg,precision_sprint,NQ|ict_sweep_fvg|2024-08-20 09:15:00+00:00|short,
futures,CL,ict_sweep_fvg,long,16277,16284,16284,2024-08-20 09:45:00+00:00,2024-08-20 11:30:00+00:00,2024-08-20 11:30:00+00:00,73.52,73.65,13.000000000000966,10.000000000000966,0.6250000000000782,13.000000000000966,12.999999999999543,3.0,tp,0,CL:ict_sweep_fvg,35.0,1.0,350.0000000000338,559.999999999984,455.0000000000338,2024-08-20,precision_sprint,ict_sweep_fvg,precision_sprint,CL|ict_sweep_fvg|2024-08-20 11:30:00+00:00|long,
futures,SI,,long,42272,42273,42274,2024-08-20 14:30:00+00:00,2024-08-20 14:45:00+00:00,2024-08-20 15:00:00+00:00,29.59,29.50123,-17.754000000000048,-20.754000000000048,-1.0,44.38499999999976,17.754000000000048,3.0,sl,1,,12.0,5.0,-1245.240000000003,1245.240000000003,2663.099999999986,2024-08-20,reddit_research,reddit_capitulation_reversion,reddit_capitulation_reversion|ny|range=15|entry=150|rr=2.5|sl_atr=1|tp_atr=1.5|threshold=1.75|adx_max=none|adx_min=none|rsi2=10.0|trend=both|max_bars=24,SI|reddit_capitulation_reversion|2024-08-20 14:45:00+00:00|long,SI	reddit_capitulation_reversion	reddit_capitulation_reversion|ny|range=15|entry=150|rr=2.5|sl_atr=1|tp_atr=1.5|threshold=1.75|adx_max=none|adx_min=none|rsi2=10.0|trend=both|max_bars=24
futures,YM,,long,42536,42537,42537,2024-08-21 13:45:00+00:00,2024-08-21 14:00:00+00:00,2024-08-21 14:00:00+00:00,41018.0,40989.041140442736,-28.95885955726408,-31.95885955726408,-1.0,43.43828933589248,28.95885955726408,3.0,sl,1,,75.0,0.5,-1198.457233397403,1198.457233397403,1628.935850095968,2024-08-21,reddit_research,reddit_ema_pullback,reddit_ema_pullback|ny|range=15|entry=150|rr=1.5|sl_atr=1|tp_atr=1.5|threshold=2|adx_max=none|adx_min=none|rsi2=none|trend=both|max_bars=24,YM|reddit_ema_pullback|2024-08-21 14:00:00+00:00|long,YM	reddit_ema_pullback	reddit_ema_pullback|ny|range=15|entry=150|rr=1.5|sl_atr=1|tp_atr=1.5|threshold=2|adx_max=none|adx_min=none|rsi2=none|trend=both|max_bars=24
futures,NQ,,long,42537,42538,42539,2024-08-21 14:00:00+00:00,2024-08-21 14:15:00+00:00,2024-08-21 14:30:00+00:00,19867.25,19975.75,434.0,431.0,1.959090909090909,434.0,217.0,3.0,tp,1,,8.0,0.5,1724.0,880.0,1736.0,2024-08-21,reddit_research,reddit_orb_retest,reddit_orb_retest|ny|range=15|entry=150|rr=2|sl_atr=1|tp_atr=1.5|threshold=2|adx_max=none|adx_min=none|rsi2=none|trend=all|max_bars=24,NQ|reddit_orb_retest|2024-08-21 14:15:00+00:00|long,NQ	reddit_orb_retest	reddit_orb_retest|ny|range=15|entry=150|rr=2|sl_atr=1|tp_atr=1.5|threshold=2|adx_max=none|adx_min=none|rsi2=none|trend=all|max_bars=24
futures,CL,momentum,short,335376,335377,335719,2024-08-22 14:30:00+00:00,2024-08-22 14:45:00+00:00,2024-08-28 08:15:00+00:00,72.72,75.13,-240.9999999999997,-243.9999999999997,-0.4850894632206752,500.0,500.0,3.0,signal,342,CL:momentum,2.0,1.0,-487.9999999999994,1006.0,1000.0,2024-08-22,precision_sprint,momentum,precision_sprint,CL|momentum|2024-08-22 14:45:00+00:00|short,
futures,NQ,ict_sweep_fvg,long,16442,16444,16444,2024-08-22 16:15:00+00:00,2024-08-22 16:45:00+00:00,2024-08-22 16:45:00+00:00,19761.75,19732.25,-118.0,-121.0,-1.0,118.0,118.0,3.0,sl,0,NQ:ict_sweep_fvg,15.0,0.5,-907.5,907.5,885.0,2024-08-22,precision_sprint,ict_sweep_fvg,precision_sprint,NQ|ict_sweep_fvg|2024-08-22 16:45:00+00:00|long,
futures,YM,ict_sweep_fvg,long,16441,16444,16444,2024-08-22 16:00:00+00:00,2024-08-22 16:45:00+00:00,2024-08-22 16:45:00+00:00,40863.0,40824.0,-39.0,-42.0,-1.0,39.0,39.0,3.0,sl,0,YM:ict_sweep_fvg,35.0,0.5,-735.0,735.0,682.5,2024-08-22,precision_sprint,ict_sweep_fvg,precision_sprint,YM|ict_sweep_fvg|2024-08-22 16:45:00+00:00|long,
futures,NQ,,long,42726,42727,42729,2024-08-23 15:15:00+00:00,2024-08-23 15:30:00+00:00,2024-08-23 16:00:00+00:00,19770.25,19706.5,-255.0,-258.0,-1.0,510.0,255.0,3.0,sl,2,,8.0,0.5,-1032.0,1032.0,2040.0,2024-08-23,reddit_research,reddit_orb_retest,reddit_orb_retest|ny|range=15|entry=150|rr=2|sl_atr=1|tp_atr=1.5|threshold=2|adx_max=none|adx_min=none|rsi2=none|trend=all|max_bars=24,NQ|reddit_orb_retest|2024-08-23 15:30:00+00:00|long,NQ	reddit_orb_retest	reddit_orb_retest|ny|range=15|entry=150|rr=2|sl_atr=1|tp_atr=1.5|threshold=2|adx_max=none|adx_min=none|rsi2=none|trend=all|max_bars=24
futures,YM,ict_sweep_fvg,short,16532,16539,16546,2024-08-23 15:45:00+00:00,2024-08-23 17:30:00+00:00,2024-08-23 19:15:00+00:00,41168.0,41232.0,-64.0,-67.0,-1.098360655737705,64.0,64.0,3.0,sl,7,YM:ict_sweep_fvg,35.0,0.5,-1172.5,1172.5,1120.0,2024-08-23,precision_sprint,ict_sweep_fvg,precision_sprint,YM|ict_sweep_fvg|2024-08-23 17:30:00+00:00|short,
futures,GC,ict_sweep_fvg,short,16555,16563,16563,2024-08-23 15:45:00+00:00,2024-08-23 17:45:00+00:00,2024-08-23 17:45:00+00:00,2548.7000000000003,2545.6000000000004,30.99999999999909,27.99999999999909,1.0,30.99999999999909,30.99999999999909,3.0,tp,0,GC:ict_sweep_fvg,15.0,1.0,419.9999999999864,509.9999999999864,464.9999999999864,2024-08-23,precision_sprint,ict_sweep_fvg,precision_sprint,GC|ict_sweep_fvg|2024-08-23 17:45:00+00:00|short,
futures,GC,ict_sweep_fvg,short,16644,16647,16647,2024-08-26 15:00:00+00:00,2024-08-26 15:45:00+00:00,2024-08-26 15:45:00+00:00,2550.8,2552.6000000000004,-18.00000000000182,-21.00000000000182,-1.3999999999999515,18.00000000000182,18.00000000000182,3.0,sl,0,GC:ict_sweep_fvg,15.0,1.0,-315.0000000000273,315.0000000000273,270.0000000000273,2024-08-26,precision_sprint,ict_sweep_fvg,precision_sprint,GC|ict_sweep_fvg|2024-08-26 15:45:00+00:00|short,
futures,YM,ict_sweep_fvg,short,16631,16635,16645,2024-08-26 17:30:00+00:00,2024-08-26 18:30:00+00:00,2024-08-26 22:00:00+00:00,41323.0,41283.0,40.0,37.0,1.0,40.0,40.0,3.0,tp,10,YM:ict_sweep_fvg,35.0,0.5,647.5,752.5,700.0,2024-08-26,precision_sprint,ict_sweep_fvg,precision_sprint,YM|ict_sweep_fvg|2024-08-26 18:30:00+00:00|short,
futures,RTY,ict_sweep_fvg,short,16629,16636,16637,2024-08-26 17:15:00+00:00,2024-08-26 19:00:00+00:00,2024-08-26 19:15:00+00:00,2235.3,2231.9,34.00000000000091,31.00000000000091,1.0,34.00000000000091,34.00000000000091,3.0,tp,1,RTY:ict_sweep_fvg,40.0,0.5,620.0000000000182,740.0000000000182,680.0000000000182,2024-08-26,precision_sprint,ict_sweep_fvg,precision_sprint,RTY|ict_sweep_fvg|2024-08-26 19:00:00+00:00|short,
futures,GC,ict_sweep_fvg,long,16696,16706,16706,2024-08-27 05:00:00+00:00,2024-08-27 07:30:00+00:00,2024-08-27 07:30:00+00:00,2542.9,2544.2000000000003,13.00000000000182,10.00000000000182,0.6250000000002203,13.00000000000182,12.999999999997272,3.0,tp,0,GC:ict_sweep_fvg,15.0,1.0,150.0000000000273,239.99999999995907,195.0000000000273,2024-08-27,precision_sprint,ict_sweep_fvg,precision_sprint,GC|ict_sweep_fvg|2024-08-27 07:30:00+00:00|long,
futures,GC,ict_sweep_fvg,long,16730,16732,16732,2024-08-27 13:30:00+00:00,2024-08-27 14:00:00+00:00,2024-08-27 14:00:00+00:00,2543.6000000000004,2546.5,28.99999999999636,25.99999999999636,0.8124999999998632,28.99999999999636,29.00000000000091,3.0,tp,0,GC:ict_sweep_fvg,15.0,1.0,389.9999999999454,480.0000000000136,434.9999999999454,2024-08-27,precision_sprint,ict_sweep_fvg,precision_sprint,GC|ict_sweep_fvg|2024-08-27 14:00:00+00:00|long,
futures,GC,ict_sweep_fvg,long,16820,16822,16822,2024-08-28 13:00:00+00:00,2024-08-28 13:30:00+00:00,2024-08-28 13:30:00+00:00,2537.8,2534.5,-33.00000000000182,-36.00000000000182,-1.0,33.00000000000182,33.00000000000182,3.0,sl,0,GC:ict_sweep_fvg,15.0,1.0,-540.0000000000273,540.0000000000273,495.0000000000273,2024-08-28,precision_sprint,ict_sweep_fvg,precision_sprint,GC|ict_sweep_fvg|2024-08-28 13:30:00+00:00|long,
futures,NQ,,short,42998,42999,43001,2024-08-28 14:15:00+00:00,2024-08-28 14:30:00+00:00,2024-08-28 15:00:00+00:00,19580.25,19427.75,610.0,607.0,1.9707792207792207,610.0,305.0,3.0,tp,2,,8.0,0.5,2428.0,1232.0,2440.0,2024-08-28,reddit_research,reddit_orb_retest,reddit_orb_retest|ny|range=15|entry=150|rr=2|sl_atr=1|tp_atr=1.5|threshold=2|adx_max=none|adx_min=none|rsi2=none|trend=all|max_bars=24,NQ|reddit_orb_retest|2024-08-28 14:30:00+00:00|short,NQ	reddit_orb_retest	reddit_orb_retest|ny|range=15|entry=150|rr=2|sl_atr=1|tp_atr=1.5|threshold=2|adx_max=none|adx_min=none|rsi2=none|trend=all|max_bars=24
futures,RTY,ict_sweep_fvg,long,16797,16805,16805,2024-08-28 13:15:00+00:00,2024-08-28 15:15:00+00:00,2024-08-28 15:15:00+00:00,2200.3,2198.5,-18.00000000000182,-21.00000000000182,-1.0,17.99999999999727,18.00000000000182,3.0,sl,0,RTY:ict_sweep_fvg,40.0,0.5,-420.0000000000364,420.0000000000364,359.99999999994543,2024-08-28,precision_sprint,ict_sweep_fvg,precision_sprint,RTY|ict_sweep_fvg|2024-08-28 15:15:00+00:00|long,
futures,GC,ict_sweep_fvg,long,16841,16850,16850,2024-08-28 18:15:00+00:00,2024-08-28 20:30:00+00:00,2024-08-28 20:30:00+00:00,2539.3,2537.8,-15.0,-18.0,-1.0,15.0,15.0,3.0,sl,0,GC:ict_sweep_fvg,15.0,1.0,-270.0,270.0,225.0,2024-08-28,precision_sprint,ict_sweep_fvg,precision_sprint,GC|ict_sweep_fvg|2024-08-28 20:30:00+00:00|long,
futures,6B,mean_reversion,long,334834,334835,335197,2024-08-29 16:00:00+00:00,2024-08-29 16:15:00+00:00,2024-09-04 14:45:00+00:00,1.3185,1.3171,-14.00000000000068,-17.00000000000068,-0.0837438423645353,500.0,200.0,3.0,signal,362,6B:mean_reversion,9.0,0.625,-95.62500000000382,1141.875,2812.5,2024-08-29,precision_sprint,mean_reversion,precision_sprint,6B|mean_reversion|2024-08-29 16:15:00+00:00|long,
futures,NQ,momentum,long,333305,333306,333306,2024-08-29 18:15:00+00:00,2024-08-29 18:30:00+00:00,2024-08-29 18:30:00+00:00,19498.25,19373.25,-500.0,-503.0,-1.0,150.0,500.0,3.0,sl,1,NQ:momentum,4.0,0.5,-1006.0,1006.0,300.0,2024-08-29,precision_sprint,momentum,precision_sprint,NQ|momentum|2024-08-29 18:30:00+00:00|long,
futures,CL,ict_sweep_fvg,short,17105,17110,17110,2024-09-02 09:45:00+00:00,2024-09-02 11:00:00+00:00,2024-09-02 11:00:00+00:00,73.64,73.49,15.000000000000568,12.000000000000568,1.0,15.000000000000568,15.000000000000568,3.0,tp,0,CL:ict_sweep_fvg,35.0,1.0,420.0000000000199,630.0000000000199,525.0000000000199,2024-09-02,precision_sprint,ict_sweep_fvg,precision_sprint,CL|ict_sweep_fvg|2024-09-02 11:00:00+00:00|short,
futures,YM,,long,43271,43272,43272,2024-09-02 13:30:00+00:00,2024-09-02 13:45:00+00:00,2024-09-02 13:45:00+00:00,41615.0,41597.48092060301,-17.51907939699595,-20.51907939699595,-1.0,26.2786190955012,17.51907939699595,3.0,sl,1,,75.0,0.5,-769.4654773873481,769.4654773873481,985.448216081295,2024-09-02,reddit_research,reddit_ema_pullback,reddit_ema_pullback|ny|range=15|entry=150|rr=1.5|sl_atr=1|tp_atr=1.5|threshold=2|adx_max=none|adx_min=none|rsi2=none|trend=both|max_bars=24,YM|reddit_ema_pullback|2024-09-02 13:45:00+00:00|long,YM	reddit_ema_pullback	reddit_ema_pullback|ny|range=15|entry=150|rr=1.5|sl_atr=1|tp_atr=1.5|threshold=2|adx_max=none|adx_min=none|rsi2=none|trend=both|max_bars=24
futures,GC,,short,43216,43217,43220,2024-09-02 13:45:00+00:00,2024-09-02 14:00:00+00:00,2024-09-02 14:45:00+00:00,2532.0,2534.614735798146,-26.1473579814583,-29.1473579814583,-1.0,39.22103697218972,26.1473579814583,3.0,sl,3,,35.0,1.0,-1020.1575293510404,1020.1575293510404,1372.7362940266405,2024-09-02,reddit_research,reddit_ema_pullback,reddit_ema_pullback|ny|range=15|entry=150|rr=1.5|sl_atr=1|tp_atr=1.5|threshold=2|adx_max=none|adx_min=none|rsi2=none|trend=both|max_bars=24,GC|reddit_ema_pullback|2024-09-02 14:00:00+00:00|short,GC	reddit_ema_pullback	reddit_ema_pullback|ny|range=15|entry=150|rr=1.5|sl_atr=1|tp_atr=1.5|threshold=2|adx_max=none|adx_min=none|rsi2=none|trend=both|max_bars=24
futures,GC,,short,43217,43218,43220,2024-09-02 14:00:00+00:00,2024-09-02 14:15:00+00:00,2024-09-02 14:45:00+00:00,2530.8,2534.1,-32.99999999999727,-35.99999999999727,-1.0,49.49999999999818,32.99999999999727,3.0,sl,2,,25.0,1.0,-899.9999999999318,899.9999999999318,1237.4999999999543,2024-09-02,reddit_research,reddit_orb_breakout,reddit_orb_breakout|ny|range=15|entry=150|rr=1.5|sl_atr=1|tp_atr=1.5|threshold=2|adx_max=none|adx_min=none|rsi2=none|trend=all|max_bars=24,GC|reddit_orb_breakout|2024-09-02 14:15:00+00:00|short,GC	reddit_orb_breakout	reddit_orb_breakout|ny|range=15|entry=150|rr=1.5|sl_atr=1|tp_atr=1.5|threshold=2|adx_max=none|adx_min=none|rsi2=none|trend=all|max_bars=24
futures,CL,momentum,short,336025,336026,336041,2024-09-02 15:45:00+00:00,2024-09-02 16:00:00+00:00,2024-09-02 23:15:00+00:00,74.32,73.57,75.0,72.0,0.1431411530815109,500.0,500.0,3.0,signal,15,CL:momentum,2.0,1.0,144.0,1006.0,1000.0,2024-09-02,precision_sprint,momentum,precision_sprint,CL|momentum|2024-09-02 16:00:00+00:00|short,
futures,YM,ict_sweep_fvg,long,17079,17086,17087,2024-09-02 14:30:00+00:00,2024-09-02 16:15:00+00:00,2024-09-02 16:30:00+00:00,41600.0,41623.0,23.0,20.0,0.7692307692307693,23.0,23.0,3.0,tp,1,YM:ict_sweep_fvg,35.0,0.5,350.0,455.0,402.5,2024-09-02,precision_sprint,ict_sweep_fvg,precision_sprint,YM|ict_sweep_fvg|2024-09-02 16:15:00+00:00|long,
futures,RTY,ict_sweep_fvg,long,17078,17087,17087,2024-09-02 14:30:00+00:00,2024-09-02 16:45:00+00:00,2024-09-02 16:45:00+00:00,2219.2000000000003,2217.5,-17.00000000000273,-20.00000000000273,-1.0,16.99999999999818,17.00000000000273,3.0,sl,0,RTY:ict_sweep_fvg,40.0,0.5,-400.00000000005457,400.00000000005457,339.9999999999636,2024-09-02,precision_sprint,ict_sweep_fvg,precision_sprint,RTY|ict_sweep_fvg|2024-09-02 16:45:00+00:00|long,
futures,CL,ict_sweep_fvg,long,17276,17278,17278,2024-09-04 09:00:00+00:00,2024-09-04 09:30:00+00:00,2024-09-04 09:30:00+00:00,70.07000000000001,70.27,19.999999999998863,16.999999999998863,0.7391304347825501,19.999999999998863,20.000000000000284,3.0,tp,0,CL:ict_sweep_fvg,35.0,1.0,594.9999999999602,805.00000000001,699.9999999999602,2024-09-04,precision_sprint,ict_sweep_fvg,precision_sprint,CL|ict_sweep_fvg|2024-09-04 09:30:00+00:00|long,
futures,NQ,ict_sweep_fvg,long,17243,17245,17245,2024-09-04 13:30:00+00:00,2024-09-04 14:00:00+00:00,2024-09-04 14:00:00+00:00,18898.75,18859.75,-156.0,-159.0,-1.0,156.0,156.0,3.0,sl,0,NQ:ict_sweep_fvg,15.0,0.5,-1192.5,1192.5,1170.0,2024-09-04,precision_sprint,ict_sweep_fvg,precision_sprint,NQ|ict_sweep_fvg|2024-09-04 14:00:00+00:00|long,
futures,HG,,short,43478,43479,43482,2024-09-04 14:30:00+00:00,2024-09-04 14:45:00+00:00,2024-09-04 15:30:00+00:00,4.112,4.08116,61.680000000000845,58.680000000000845,2.120555073720706,61.680000000000845,24.672000000000693,3.0,tp,3,,35.0,1.25,2567.2500000000373,1210.6500000000306,2698.5000000000373,2024-09-04,reddit_research,reddit_capitulation_reversion,reddit_capitulation_reversion|ny|range=15|entry=150|rr=2.5|sl_atr=1|tp_atr=1.5|threshold=1.75|adx_max=none|adx_min=none|rsi2=10.0|trend=both|max_bars=24,HG|reddit_capitulation_reversion|2024-09-04 14:45:00+00:00|short,HG	reddit_capitulation_reversion	reddit_capitulation_reversion|ny|range=15|entry=150|rr=2.5|sl_atr=1|tp_atr=1.5|threshold=1.75|adx_max=none|adx_min=none|rsi2=10.0|trend=both|max_bars=24
futures,RTY,ict_sweep_fvg,long,17243,17260,17260,2024-09-04 13:45:00+00:00,2024-09-04 18:00:00+00:00,2024-09-04 18:00:00+00:00,2145.4,2149.6,41.99999999999818,38.99999999999818,0.8666666666666613,41.99999999999818,41.99999999999818,3.0,tp,0,RTY:ict_sweep_fvg,40.0,0.5,779.9999999999636,899.9999999999636,839.9999999999636,2024-09-04,precision_sprint,ict_sweep_fvg,precision_sprint,RTY|ict_sweep_fvg|2024-09-04 18:00:00+00:00|long,
futures,NQ,ict_sweep_fvg,long,17280,17293,17293,2024-09-04 23:45:00+00:00,2024-09-05 03:00:00+00:00,2024-09-05 03:00:00+00:00,18926.25,18952.25,104.0,101.0,0.9439252336448598,104.0,104.0,3.0,tp,0,NQ:ict_sweep_fvg,15.0,0.5,757.5,802.5,780.0,2024-09-05,precision_sprint,ict_sweep_fvg,precision_sprint,NQ|ict_sweep_fvg|2024-09-05 03:00:00+00:00|long,
futures,GC,,short,43482,43483,43483,2024-09-05 13:45:00+00:00,2024-09-05 14:00:00+00:00,2024-09-05 14:00:00+00:00,2544.9,2537.8500000000004,70.49999999999727,67.49999999999727,1.3499999999999943,70.49999999999727,46.99999999999818,3.0,tp,1,,25.0,1.0,1687.4999999999318,1249.9999999999543,1762.4999999999318,2024-09-05,reddit_research,reddit_orb_breakout,reddit_orb_breakout|ny|range=15|entry=150|rr=1.5|sl_atr=1|tp_atr=1.5|threshold=2|adx_max=none|adx_min=none|rsi2=none|trend=all|max_bars=24,GC|reddit_orb_breakout|2024-09-05 14:00:00+00:00|short,GC	reddit_orb_breakout	reddit_orb_breakout|ny|range=15|entry=150|rr=1.5|sl_atr=1|tp_atr=1.5|threshold=2|adx_max=none|adx_min=none|rsi2=none|trend=all|max_bars=24
futures,CL,momentum,short,336287,336288,336292,2024-09-05 14:45:00+00:00,2024-09-05 15:00:00+00:00,2024-09-05 16:00:00+00:00,70.56,69.42,114.00000000000006,111.00000000000006,0.2206759443339961,500.0,500.0,3.0,signal,4,CL:momentum,2.0,1.0,222.0000000000001,1006.0,1000.0,2024-09-05,precision_sprint,momentum,precision_sprint,CL|momentum|2024-09-05 15:00:00+00:00|short,
futures,RTY,ict_sweep_fvg,long,17347,17357,17357,2024-09-05 16:45:00+00:00,2024-09-05 19:15:00+00:00,2024-09-05 19:15:00+00:00,2136.3,2138.9,25.99999999999909,22.99999999999909,0.7931034482758555,25.99999999999909,25.99999999999909,3.0,tp,0,RTY:ict_sweep_fvg,40.0,0.5,459.9999999999818,579.9999999999818,519.9999999999818,2024-09-05,precision_sprint,ict_sweep_fvg,precision_sprint,RTY|ict_sweep_fvg|2024-09-05 19:15:00+00:00|long,
futures,NQ,momentum,short,333819,333820,333822,2024-09-06 12:45:00+00:00,2024-09-06 13:00:00+00:00,2024-09-06 13:30:00+00:00,18933.25,18895.75,150.0,147.0,0.2922465208747515,150.0,500.0,3.0,tp,2,NQ:momentum,4.0,0.5,294.0,1006.0,300.0,2024-09-06,precision_sprint,momentum,precision_sprint,NQ|momentum|2024-09-06 13:00:00+00:00|short,
futures,CL,ict_sweep_fvg,short,17538,17542,17542,2024-09-09 05:30:00+00:00,2024-09-09 06:30:00+00:00,2024-09-09 06:30:00+00:00,68.44,68.33,10.999999999999943,7.999999999999943,1.0,10.999999999999943,10.999999999999943,3.0,tp,0,CL:ict_sweep_fvg,35.0,1.0,279.999999999998,489.999999999998,384.999999999998,2024-09-09,precision_sprint,ict_sweep_fvg,precision_sprint,CL|ict_sweep_fvg|2024-09-09 06:30:00+00:00|short,
futures,CL,ict_sweep_fvg,short,17557,17559,17559,2024-09-09 10:15:00+00:00,2024-09-09 10:45:00+00:00,2024-09-09 10:45:00+00:00,68.28,68.15,12.999999999999543,9.999999999999543,1.0,12.999999999999543,12.999999999999543,3.0,tp,0,CL:ict_sweep_fvg,35.0,1.0,349.999999999984,559.999999999984,454.999999999984,2024-09-09,precision_sprint,ict_sweep_fvg,precision_sprint,CL|ict_sweep_fvg|2024-09-09 10:45:00+00:00|short,
futures,GC,,short,43666,43667,43669,2024-09-09 13:45:00+00:00,2024-09-09 14:00:00+00:00,2024-09-09 14:30:00+00:00,2528.9,2522.75,61.50000000000091,58.50000000000091,1.3295454545455028,61.50000000000091,40.99999999999909,3.0,tp,2,,25.0,1.0,1462.5000000000227,1099.9999999999773,1537.5000000000227,2024-09-09,reddit_research,reddit_orb_breakout,reddit_orb_breakout|ny|range=15|entry=150|rr=1.5|sl_atr=1|tp_atr=1.5|threshold=2|adx_max=none|adx_min=none|rsi2=none|trend=all|max_bars=24,GC|reddit_orb_breakout|2024-09-09 14:00:00+00:00|short,GC	reddit_orb_breakout	reddit_orb_breakout|ny|range=15|entry=150|rr=1.5|sl_atr=1|tp_atr=1.5|threshold=2|adx_max=none|adx_min=none|rsi2=none|trend=all|max_bars=24
futures,CL,ict_sweep_fvg,short,17567,17573,17573,2024-09-09 12:45:00+00:00,2024-09-09 14:15:00+00:00,2024-09-09 14:15:00+00:00,68.23,68.0,23.0000000000004,20.0000000000004,1.0,23.0000000000004,23.0000000000004,3.0,tp,0,CL:ict_sweep_fvg,35.0,1.0,700.0000000000141,910.000000000014,805.0000000000141,2024-09-09,precision_sprint,ict_sweep_fvg,precision_sprint,CL|ict_sweep_fvg|2024-09-09 14:15:00+00:00|short,
futures,GC,ict_sweep_fvg,short,17616,17625,17625,2024-09-10 07:30:00+00:00,2024-09-10 09:45:00+00:00,2024-09-10 09:45:00+00:00,2534.8,2532.7000000000003,20.99999999999909,17.99999999999909,1.0,20.99999999999909,20.99999999999909,3.0,tp,0,GC:ict_sweep_fvg,15.0,1.0,269.9999999999864,359.9999999999864,314.9999999999864,2024-09-10,precision_sprint,ict_sweep_fvg,precision_sprint,GC|ict_sweep_fvg|2024-09-10 09:45:00+00:00|short,
futures,GC,ict_sweep_fvg,short,17641,17645,17645,2024-09-10 13:45:00+00:00,2024-09-10 14:45:00+00:00,2024-09-10 14:45:00+00:00,2537.1000000000004,2534.7000000000003,24.00000000000091,21.00000000000091,1.0000000000002165,24.00000000000091,23.99999999999636,3.0,tp,0,GC:ict_sweep_fvg,15.0,1.0,315.00000000001364,404.9999999999454,360.00000000001364,2024-09-10,precision_sprint,ict_sweep_fvg,precision_sprint,GC|ict_sweep_fvg|2024-09-10 14:45:00+00:00|short,
futures,CL,momentum,short,336659,336660,337149,2024-09-11 15:45:00+00:00,2024-09-11 16:00:00+00:00,2024-09-19 00:15:00+00:00,67.3,69.55,-225.0,-228.0,-0.4532803180914513,500.0,500.0,3.0,signal,489,CL:momentum,2.0,1.0,-456.0,1006.0,1000.0,2024-09-11,precision_sprint,momentum,precision_sprint,CL|momentum|2024-09-11 16:00:00+00:00|short,
futures,NQ,ict_sweep_fvg,short,17703,17713,17713,2024-09-11 13:30:00+00:00,2024-09-11 16:00:00+00:00,2024-09-11 16:00:00+00:00,18867.25,18827.75,158.0,155.0,1.0,158.0,158.0,3.0,tp,0,NQ:ict_sweep_fvg,15.0,0.5,1162.5,1207.5,1185.0,2024-09-11,precision_sprint,ict_sweep_fvg,precision_sprint,NQ|ict_sweep_fvg|2024-09-11 16:00:00+00:00|short,
futures,HG,,long,44027,44028,44048,2024-09-12 13:45:00+00:00,2024-09-12 14:00:00+00:00,2024-09-12 19:00:00+00:00,4.1765,4.20782375,62.64750000000063,59.64750000000063,2.125788517053328,62.64750000000063,25.05900000000061,3.0,tp,20,,35.0,1.25,2609.578125000028,1227.5812500000266,2740.828125000028,2024-09-12,reddit_research,reddit_capitulation_reversion,reddit_capitulation_reversion|ny|range=15|entry=150|rr=2.5|sl_atr=1|tp_atr=1.5|threshold=1.75|adx_max=none|adx_min=none|rsi2=10.0|trend=both|max_bars=24,HG|reddit_capitulation_reversion|2024-09-12 14:00:00+00:00|long,HG	reddit_capitulation_reversion	reddit_capitulation_reversion|ny|range=15|entry=150|rr=2.5|sl_atr=1|tp_atr=1.5|threshold=1.75|adx_max=none|adx_min=none|rsi2=10.0|trend=both|max_bars=24
futures,YM,ict_sweep_fvg,short,17792,17808,17808,2024-09-12 12:45:00+00:00,2024-09-12 16:45:00+00:00,2024-09-12 16:45:00+00:00,40948.0,40993.0,-45.0,-48.0,-1.1428571428571428,45.0,45.0,3.0,sl,0,YM:ict_sweep_fvg,35.0,0.5,-840.0,840.0,787.5,2024-09-12,precision_sprint,ict_sweep_fvg,precision_sprint,YM|ict_sweep_fvg|2024-09-12 16:45:00+00:00|short,
futures,NQ,ict_sweep_fvg,short,17855,17862,17862,2024-09-13 05:30:00+00:00,2024-09-13 07:15:00+00:00,2024-09-13 07:15:00+00:00,19471.25,19453.75,70.0,67.0,1.0,70.0,70.0,3.0,tp,0,NQ:ict_sweep_fvg,15.0,0.5,502.5,547.5,525.0,2024-09-13,precision_sprint,ict_sweep_fvg,precision_sprint,NQ|ict_sweep_fvg|2024-09-13 07:15:00+00:00|short,
futures,RTY,ict_sweep_fvg,short,17972,17978,17978,2024-09-16 12:00:00+00:00,2024-09-16 13:30:00+00:00,2024-09-16 13:30:00+00:00,2195.8,2192.3,35.0,32.0,1.0,35.0,35.0,3.0,tp,0,RTY:ict_sweep_fvg,40.0,0.5,640.0,760.0,700.0,2024-09-16,precision_sprint,ict_sweep_fvg,precision_sprint,RTY|ict_sweep_fvg|2024-09-16 13:30:00+00:00|short,
futures,GC,ict_sweep_fvg,long,18067,18083,18083,2024-09-17 05:15:00+00:00,2024-09-17 09:15:00+00:00,2024-09-17 09:15:00+00:00,2602.8,2601.2000000000003,-15.99999999999909,-18.99999999999909,-1.0,15.99999999999909,15.99999999999909,3.0,sl,0,GC:ict_sweep_fvg,15.0,1.0,-284.9999999999864,284.9999999999864,239.9999999999864,2024-09-17,precision_sprint,ict_sweep_fvg,precision_sprint,GC|ict_sweep_fvg|2024-09-17 09:15:00+00:00|long,
futures,NQ,ict_sweep_fvg,short,18056,18064,18064,2024-09-17 09:45:00+00:00,2024-09-17 11:45:00+00:00,2024-09-17 11:45:00+00:00,19542.25,19553.75,-46.0,-49.0,-1.1395348837209305,46.0,46.0,3.0,sl,0,NQ:ict_sweep_fvg,15.0,0.5,-367.5,367.5,345.0,2024-09-17,precision_sprint,ict_sweep_fvg,precision_sprint,NQ|ict_sweep_fvg|2024-09-17 11:45:00+00:00|short,
futures,GC,ict_sweep_fvg,long,18091,18096,18096,2024-09-17 11:15:00+00:00,2024-09-17 12:30:00+00:00,2024-09-17 12:30:00+00:00,2602.6000000000004,2600.6000000000004,-20.0,-23.0,-1.0,20.0,20.0,3.0,sl,0,GC:ict_sweep_fvg,15.0,1.0,-345.0,345.0,300.0,2024-09-17,precision_sprint,ict_sweep_fvg,precision_sprint,GC|ict_sweep_fvg|2024-09-17 12:30:00+00:00|long,
futures,NQ,momentum,long,334477,334478,334504,2024-09-17 16:15:00+00:00,2024-09-17 16:30:00+00:00,2024-09-18 00:00:00+00:00,19457.25,19494.75,150.0,147.0,0.2922465208747515,150.0,500.0,3.0,tp,26,NQ:momentum,4.0,0.5,294.0,1006.0,300.0,2024-09-17,precision_sprint,momentum,precision_sprint,NQ|momentum|2024-09-17 16:30:00+00:00|long,
futures,RTY,ict_sweep_fvg,short,18168,18178,18178,2024-09-18 15:00:00+00:00,2024-09-18 17:30:00+00:00,2024-09-18 17:30:00+00:00,2232.4,2228.6,38.00000000000182,35.00000000000182,1.0,38.00000000000182,38.00000000000182,3.0,tp,0,RTY:ict_sweep_fvg,40.0,0.5,700.0000000000364,820.0000000000364,760.0000000000364,2024-09-18,precision_sprint,ict_sweep_fvg,precision_sprint,RTY|ict_sweep_fvg|2024-09-18 17:30:00+00:00|short,
futures,CL,momentum,long,337190,337191,337200,2024-09-19 10:30:00+00:00,2024-09-19 10:45:00+00:00,2024-09-19 13:00:00+00:00,70.37,71.08,70.99999999999937,67.99999999999937,0.1351888667992035,500.0,500.0,3.0,signal,9,CL:momentum,2.0,1.0,135.99999999999875,1006.0,1000.0,2024-09-19,precision_sprint,momentum,precision_sprint,CL|momentum|2024-09-19 10:45:00+00:00|long,
futures,YM,ict_sweep_fvg,short,18257,18266,18266,2024-09-19 14:00:00+00:00,2024-09-19 16:15:00+00:00,2024-09-19 16:15:00+00:00,42399.0,42441.0,-42.0,-45.0,-1.1538461538461535,42.0,42.0,3.0,sl,0,YM:ict_sweep_fvg,35.0,0.5,-787.5,787.5,735.0,2024-09-19,precision_sprint,ict_sweep_fvg,precision_sprint,YM|ict_sweep_fvg|2024-09-19 16:15:00+00:00|short,
futures,NQ,momentum,long,334747,334748,334750,2024-09-20 14:45:00+00:00,2024-09-20 15:00:00+00:00,2024-09-20 15:30:00+00:00,19942.0,19979.5,150.0,147.0,0.2922465208747515,150.0,500.0,3.0,tp,2,NQ:momentum,4.0,0.5,294.0,1006.0,300.0,2024-09-20,precision_sprint,momentum,precision_sprint,NQ|momentum|2024-09-20 15:00:00+00:00|long,
futures,CL,momentum,long,337360,337361,337388,2024-09-23 07:00:00+00:00,2024-09-23 07:15:00+00:00,2024-09-23 14:00:00+00:00,71.1,71.67,57.00000000000074,54.00000000000074,0.1073558648111346,500.0,500.0,3.0,signal,27,CL:momentum,2.0,1.0,108.00000000000148,1006.0,1000.0,2024-09-23,precision_sprint,momentum,precision_sprint,CL|momentum|2024-09-23 07:15:00+00:00|long,
futures,NQ,momentum,long,334809,334810,334810,2024-09-23 07:15:00+00:00,2024-09-23 07:30:00+00:00,2024-09-23 07:30:00+00:00,20008.5,20046.0,150.0,147.0,0.2922465208747515,150.0,500.0,3.0,tp,1,NQ:momentum,4.0,0.5,294.0,1006.0,300.0,2024-09-23,precision_sprint,momentum,precision_sprint,NQ|momentum|2024-09-23 07:30:00+00:00|long,
futures,NQ,ict_sweep_fvg,short,18413,18416,18425,2024-09-23 07:00:00+00:00,2024-09-23 07:45:00+00:00,2024-09-23 10:00:00+00:00,20049.25,20088.75,-158.0,-161.0,-1.038709677419355,158.0,158.0,3.0,sl,9,NQ:ict_sweep_fvg,15.0,0.5,-1207.5,1207.5,1185.0,2024-09-23,precision_sprint,ict_sweep_fvg,precision_sprint,NQ|ict_sweep_fvg|2024-09-23 07:45:00+00:00|short,
futures,YM,ict_sweep_fvg,short,18412,18420,18420,2024-09-23 06:45:00+00:00,2024-09-23 08:45:00+00:00,2024-09-23 08:45:00+00:00,42457.0,42426.0,31.0,28.0,1.0,31.0,31.0,3.0,tp,0,YM:ict_sweep_fvg,35.0,0.5,490.0,595.0,542.5,2024-09-23,precision_sprint,ict_sweep_fvg,precision_sprint,YM|ict_sweep_fvg|2024-09-23 08:45:00+00:00|short,
futures,GC,ict_sweep_fvg,short,18442,18454,18460,2024-09-23 07:00:00+00:00,2024-09-23 10:00:00+00:00,2024-09-23 11:30:00+00:00,2647.6000000000004,2649.9,-22.99999999999727,-25.99999999999727,-1.300000000000041,23.00000000000182,22.99999999999727,3.0,sl,6,GC:ict_sweep_fvg,15.0,1.0,-389.9999999999591,389.9999999999591,345.0000000000273,2024-09-23,precision_sprint,ict_sweep_fvg,precision_sprint,GC|ict_sweep_fvg|2024-09-23 10:00:00+00:00|short,
futures,CL,ict_sweep_fvg,short,18463,18478,18478,2024-09-23 06:45:00+00:00,2024-09-23 10:30:00+00:00,2024-09-23 10:30:00+00:00,71.34,71.22,12.000000000000457,9.000000000000455,1.0,12.000000000000457,12.000000000000457,3.0,tp,0,CL:ict_sweep_fvg,35.0,1.0,315.0000000000159,525.000000000016,420.000000000016,2024-09-23,precision_sprint,ict_sweep_fvg,precision_sprint,CL|ict_sweep_fvg|2024-09-23 10:30:00+00:00|short,
futures,RTY,ict_sweep_fvg,short,18411,18426,18436,2024-09-23 06:45:00+00:00,2024-09-23 10:30:00+00:00,2024-09-23 13:00:00+00:00,2261.1,2264.3,-32.00000000000273,-35.00000000000273,-1.2068965517241184,31.99999999999818,32.00000000000273,3.0,sl,10,RTY:ict_sweep_fvg,40.0,0.5,-700.0000000000546,700.0000000000546,639.9999999999636,2024-09-23,precision_sprint,ict_sweep_fvg,precision_sprint,RTY|ict_sweep_fvg|2024-09-23 10:30:00+00:00|short,
futures,NQ,,long,44639,44640,44649,2024-09-23 14:30:00+00:00,2024-09-23 14:45:00+00:00,2024-09-23 17:00:00+00:00,20104.5,20031.25,-293.0,-296.0,-1.0,586.0,293.0,3.0,sl,9,,8.0,0.5,-1184.0,1184.0,2344.0,2024-09-23,reddit_research,reddit_orb_retest,reddit_orb_retest|ny|range=15|entry=150|rr=2|sl_atr=1|tp_atr=1.5|threshold=2|adx_max=none|adx_min=none|rsi2=none|trend=all|max_bars=24,NQ|reddit_orb_retest|2024-09-23 14:45:00+00:00|long,NQ	reddit_orb_retest	reddit_orb_retest|ny|range=15|entry=150|rr=2|sl_atr=1|tp_atr=1.5|threshold=2|adx_max=none|adx_min=none|rsi2=none|trend=all|max_bars=24
futures,CL,momentum,long,337392,337393,337460,2024-09-23 15:00:00+00:00,2024-09-23 15:15:00+00:00,2024-09-24 09:00:00+00:00,70.92,71.9,98.0000000000004,95.0000000000004,0.1888667992047721,500.0,500.0,3.0,signal,67,CL:momentum,2.0,1.0,190.0000000000008,1006.0,1000.0,2024-09-23,precision_sprint,momentum,precision_sprint,CL|momentum|2024-09-23 15:15:00+00:00|long,
futures,YM,ict_sweep_fvg,short,18520,18523,18529,2024-09-24 10:45:00+00:00,2024-09-24 11:30:00+00:00,2024-09-24 13:00:00+00:00,42545.0,42577.0,-32.0,-35.0,-1.206896551724138,32.0,32.0,3.0,sl,6,YM:ict_sweep_fvg,35.0,0.5,-612.5,612.5,560.0,2024-09-24,precision_sprint,ict_sweep_fvg,precision_sprint,YM|ict_sweep_fvg|2024-09-24 11:30:00+00:00|short,
futures,GC,ict_sweep_fvg,short,18548,18558,18558,2024-09-24 10:30:00+00:00,2024-09-24 13:00:00+00:00,2024-09-24 13:00:00+00:00,2658.7000000000003,2661.1000000000004,-24.00000000000091,-27.00000000000091,-1.2857142857142734,24.00000000000091,24.00000000000091,3.0,sl,0,GC:ict_sweep_fvg,15.0,1.0,-405.0000000000136,405.0000000000136,360.00000000001364,2024-09-24,precision_sprint,ict_sweep_fvg,precision_sprint,GC|ict_sweep_fvg|2024-09-24 13:00:00+00:00|short,
futures,GC,,long,44679,44680,44681,2024-09-24 14:00:00+00:00,2024-09-24 14:15:00+00:00,2024-09-24 14:30:00+00:00,2660.8,2666.6500000000005,58.50000000000364,55.50000000000364,1.3214285714286294,58.50000000000364,39.00000000000091,3.0,tp,1,,25.0,1.0,1387.500000000091,1050.0000000000227,1462.500000000091,2024-09-24,reddit_research,reddit_orb_breakout,reddit_orb_breakout|ny|range=15|entry=150|rr=1.5|sl_atr=1|tp_atr=1.5|threshold=2|adx_max=none|adx_min=none|rsi2=none|trend=all|max_bars=24,GC|reddit_orb_breakout|2024-09-24 14:15:00+00:00|long,GC	reddit_orb_breakout	reddit_orb_breakout|ny|range=15|entry=150|rr=1.5|sl_atr=1|tp_atr=1.5|threshold=2|adx_max=none|adx_min=none|rsi2=none|trend=all|max_bars=24
futures,NQ,ict_sweep_fvg,short,18549,18555,18555,2024-09-24 18:00:00+00:00,2024-09-24 19:30:00+00:00,2024-09-24 19:30:00+00:00,20163.75,20151.5,49.0,46.0,1.0,49.0,49.0,3.0,tp,0,NQ:ict_sweep_fvg,15.0,0.5,345.0,390.0,367.5,2024-09-24,precision_sprint,ict_sweep_fvg,precision_sprint,NQ|ict_sweep_fvg|2024-09-24 19:30:00+00:00|short,
futures,CL,ict_sweep_fvg,long,18672,18682,18682,2024-09-25 13:00:00+00:00,2024-09-25 15:30:00+00:00,2024-09-25 15:30:00+00:00,70.33,70.56,23.0000000000004,20.0000000000004,0.7692307692308148,23.0000000000004,22.999999999998977,3.0,tp,0,CL:ict_sweep_fvg,35.0,1.0,700.0000000000141,909.9999999999642,805.0000000000141,2024-09-25,precision_sprint,ict_sweep_fvg,precision_sprint,CL|ict_sweep_fvg|2024-09-25 15:30:00+00:00|long,
futures,NQ,ict_sweep_fvg,short,18634,18640,18640,2024-09-25 16:15:00+00:00,2024-09-25 17:45:00+00:00,2024-09-25 17:45:00+00:00,20192.25,20168.25,96.0,93.0,1.0,96.0,96.0,3.0,tp,0,NQ:ict_sweep_fvg,15.0,0.5,697.5,742.5,720.0,2024-09-25,precision_sprint,ict_sweep_fvg,precision_sprint,NQ|ict_sweep_fvg|2024-09-25 17:45:00+00:00|short,
futures,GC,ict_sweep_fvg,long,18865,18880,18880,2024-09-27 20:45:00+00:00,2024-09-30 01:30:00+00:00,2024-09-30 01:30:00+00:00,2678.5,2681.5,30.0,27.0,0.8181818181818182,30.0,30.0,3.0,tp,0,GC:ict_sweep_fvg,15.0,1.0,405.0,495.0,450.0,2024-09-30,precision_sprint,ict_sweep_fvg,precision_sprint,GC|ict_sweep_fvg|2024-09-30 01:30:00+00:00|long,
futures,CL,ict_sweep_fvg,short,18902,18907,18918,2024-09-30 01:30:00+00:00,2024-09-30 02:45:00+00:00,2024-09-30 05:30:00+00:00,68.58,68.8,-21.999999999999886,-24.999999999999886,-1.3157894736842124,21.999999999999886,21.999999999999886,3.0,sl,11,CL:ict_sweep_fvg,35.0,1.0,-874.999999999996,874.999999999996,769.999999999996,2024-09-30,precision_sprint,ict_sweep_fvg,precision_sprint,CL|ict_sweep_fvg|2024-09-30 02:45:00+00:00|short,
futures,CL,momentum,long,337823,337824,337943,2024-09-30 07:45:00+00:00,2024-09-30 08:00:00+00:00,2024-10-01 14:45:00+00:00,68.57,70.21,164.00000000000006,161.00000000000006,0.3200795228628231,500.0,500.0,3.0,signal,119,CL:momentum,2.0,1.0,322.0000000000001,1006.0,1000.0,2024-09-30,precision_sprint,momentum,precision_sprint,CL|momentum|2024-09-30 08:00:00+00:00|long,
futures,NQ,ict_sweep_fvg,long,18871,18882,18882,2024-09-30 06:30:00+00:00,2024-09-30 09:15:00+00:00,2024-09-30 09:15:00+00:00,20171.75,20197.25,102.0,99.0,0.9428571428571428,102.0,102.0,3.0,tp,0,NQ:ict_sweep_fvg,15.0,0.5,742.5,787.5,765.0,2024-09-30,precision_sprint,ict_sweep_fvg,precision_sprint,NQ|ict_sweep_fvg|2024-09-30 09:15:00+00:00|long,
futures,6B,mean_reversion,short,336827,336828,336868,2024-09-30 09:45:00+00:00,2024-09-30 10:00:00+00:00,2024-09-30 20:00:00+00:00,1.3392,1.337,21.9999999999998,18.9999999999998,0.0935960591132994,500.0,200.0,3.0,signal,40,6B:mean_reversion,9.0,0.625,106.87499999999888,1141.875,2812.5,2024-09-30,precision_sprint,mean_reversion,precision_sprint,6B|mean_reversion|2024-09-30 10:00:00+00:00|short,
futures,CL,ict_sweep_fvg,long,18943,18948,18948,2024-09-30 11:45:00+00:00,2024-09-30 13:00:00+00:00,2024-09-30 13:00:00+00:00,67.86,68.03,17.00000000000017,14.00000000000017,0.7000000000000025,17.00000000000017,17.00000000000017,3.0,tp,0,CL:ict_sweep_fvg,35.0,1.0,490.000000000006,700.0000000000059,595.0000000000059,2024-09-30,precision_sprint,ict_sweep_fvg,precision_sprint,CL|ict_sweep_fvg|2024-09-30 13:00:00+00:00|long,
futures,RTY,ict_sweep_fvg,short,18903,18911,18911,2024-09-30 14:45:00+00:00,2024-09-30 16:45:00+00:00,2024-09-30 16:45:00+00:00,2253.4,2251.1,23.00000000000182,20.00000000000182,1.0,23.00000000000182,23.00000000000182,3.0,tp,0,RTY:ict_sweep_fvg,40.0,0.5,400.0000000000364,520.0000000000364,460.0000000000364,2024-09-30,precision_sprint,ict_sweep_fvg,precision_sprint,RTY|ict_sweep_fvg|2024-09-30 16:45:00+00:00|short,
futures,NQ,ict_sweep_fvg,long,18902,18917,18917,2024-09-30 14:15:00+00:00,2024-09-30 18:00:00+00:00,2024-09-30 18:00:00+00:00,20157.0,20186.75,119.0,116.0,0.9508196721311476,119.0,119.0,3.0,tp,0,NQ:ict_sweep_fvg,15.0,0.5,870.0,915.0,892.5,2024-09-30,precision_sprint,ict_sweep_fvg,precision_sprint,NQ|ict_sweep_fvg|2024-09-30 18:00:00+00:00|long,
futures,CL,ict_sweep_fvg,long,18951,18969,18969,2024-09-30 13:45:00+00:00,2024-09-30 18:15:00+00:00,2024-09-30 18:15:00+00:00,68.05,68.31,26.00000000000051,23.00000000000051,0.7931034482759046,26.00000000000051,25.99999999999909,3.0,tp,0,CL:ict_sweep_fvg,35.0,1.0,805.000000000018,1014.9999999999682,910.000000000018,2024-09-30,precision_sprint,ict_sweep_fvg,precision_sprint,CL|ict_sweep_fvg|2024-09-30 18:15:00+00:00|long,
futures,RTY,ict_sweep_fvg,long,19161,19174,19174,2024-10-03 10:15:00+00:00,2024-10-03 13:30:00+00:00,2024-10-03 13:30:00+00:00,2198.8,2200.8,20.0,17.0,0.7391304347826086,20.0,20.0,3.0,tp,0,RTY:ict_sweep_fvg,40.0,0.5,340.0,460.0,400.0,2024-10-03,precision_sprint,ict_sweep_fvg,precision_sprint,RTY|ict_sweep_fvg|2024-10-03 13:30:00+00:00|long,
futures,GC,,short,45322,45323,45323,2024-10-03 13:45:00+00:00,2024-10-03 14:00:00+00:00,2024-10-03 14:00:00+00:00,2667.3,2671.6,-42.99999999999727,-45.99999999999727,-1.0,64.49999999999818,42.99999999999727,3.0,same_bar_sl,1,,25.0,1.0,-1149.9999999999318,1149.9999999999318,1612.4999999999543,2024-10-03,reddit_research,reddit_orb_breakout,reddit_orb_breakout|ny|range=15|entry=150|rr=1.5|sl_atr=1|tp_atr=1.5|threshold=2|adx_max=none|adx_min=none|rsi2=none|trend=all|max_bars=24,GC|reddit_orb_breakout|2024-10-03 14:00:00+00:00|short,GC	reddit_orb_breakout	reddit_orb_breakout|ny|range=15|entry=150|rr=1.5|sl_atr=1|tp_atr=1.5|threshold=2|adx_max=none|adx_min=none|rsi2=none|trend=all|max_bars=24
futures,NQ,momentum,short,335572,335573,335573,2024-10-03 14:00:00+00:00,2024-10-03 14:15:00+00:00,2024-10-03 14:15:00+00:00,20026.0,19988.5,150.0,147.0,0.2922465208747515,150.0,500.0,3.0,tp,1,NQ:momentum,4.0,0.5,294.0,1006.0,300.0,2024-10-03,precision_sprint,momentum,precision_sprint,NQ|momentum|2024-10-03 14:15:00+00:00|short,
futures,YM,ict_sweep_fvg,long,19182,19187,19187,2024-10-03 15:15:00+00:00,2024-10-03 16:30:00+00:00,2024-10-03 16:30:00+00:00,42287.0,42320.0,33.0,30.0,0.8333333333333334,33.0,33.0,3.0,tp,0,YM:ict_sweep_fvg,35.0,0.5,525.0,630.0,577.5,2024-10-03,precision_sprint,ict_sweep_fvg,precision_sprint,YM|ict_sweep_fvg|2024-10-03 16:30:00+00:00|long,
futures,RTY,ict_sweep_fvg,long,19181,19187,19187,2024-10-03 15:15:00+00:00,2024-10-03 16:45:00+00:00,2024-10-03 16:45:00+00:00,2197.8,2194.8,-30.0,-33.0,-1.0,30.0,30.0,3.0,sl,0,RTY:ict_sweep_fvg,40.0,0.5,-660.0,660.0,600.0,2024-10-03,precision_sprint,ict_sweep_fvg,precision_sprint,RTY|ict_sweep_fvg|2024-10-03 16:45:00+00:00|long,
futures,NQ,ict_sweep_fvg,short,19301,19310,19312,2024-10-06 23:00:00+00:00,2024-10-07 01:15:00+00:00,2024-10-07 01:45:00+00:00,20246.25,20227.75,74.0,71.0,1.0,74.0,74.0,3.0,tp,2,NQ:ict_sweep_fvg,15.0,0.5,532.5,577.5,555.0,2024-10-07,precision_sprint,ict_sweep_fvg,precision_sprint,NQ|ict_sweep_fvg|2024-10-07 01:15:00+00:00|short,
futures,RTY,ict_sweep_fvg,long,19307,19311,19311,2024-10-07 00:45:00+00:00,2024-10-07 01:45:00+00:00,2024-10-07 01:45:00+00:00,2231.9,2233.9,20.0,17.0,0.7391304347826086,20.0,20.0,3.0,tp,0,RTY:ict_sweep_fvg,40.0,0.5,340.0,460.0,400.0,2024-10-07,precision_sprint,ict_sweep_fvg,precision_sprint,RTY|ict_sweep_fvg|2024-10-07 01:45:00+00:00|long,
futures,GC,ict_sweep_fvg,short,19383,19387,19387,2024-10-07 12:15:00+00:00,2024-10-07 13:15:00+00:00,2024-10-07 13:15:00+00:00,2671.9,2667.2000000000003,46.99999999999818,43.99999999999818,0.9999999999998966,46.99999999999818,47.00000000000273,3.0,tp,0,GC:ict_sweep_fvg,15.0,1.0,659.9999999999727,750.0000000000409,704.9999999999727,2024-10-07,precision_sprint,ict_sweep_fvg,precision_sprint,GC|ict_sweep_fvg|2024-10-07 13:15:00+00:00|short,
futures,NQ,,long,45560,45561,45565,2024-10-07 14:45:00+00:00,2024-10-07 15:00:00+00:00,2024-10-07 16:00:00+00:00,20165.75,20107.75,-232.0,-235.0,-1.0,464.0,232.0,3.0,sl,4,,8.0,0.5,-940.0,940.0,1856.0,2024-10-07,reddit_research,reddit_orb_retest,reddit_orb_retest|ny|range=15|entry=150|rr=2|sl_atr=1|tp_atr=1.5|threshold=2|adx_max=none|adx_min=none|rsi2=none|trend=all|max_bars=24,NQ|reddit_orb_retest|2024-10-07 15:00:00+00:00|long,NQ	reddit_orb_retest	reddit_orb_retest|ny|range=15|entry=150|rr=2|sl_atr=1|tp_atr=1.5|threshold=2|adx_max=none|adx_min=none|rsi2=none|trend=all|max_bars=24
futures,GC,ict_sweep_fvg,long,19438,19453,19454,2024-10-08 03:00:00+00:00,2024-10-08 06:45:00+00:00,2024-10-08 07:00:00+00:00,2656.9,2654.4,-25.0,-28.0,-1.0,25.0,25.0,3.0,sl,1,GC:ict_sweep_fvg,15.0,1.0,-420.0,420.0,375.0,2024-10-08,precision_sprint,ict_sweep_fvg,precision_sprint,GC|ict_sweep_fvg|2024-10-08 06:45:00+00:00|long,
futures,6B,mean_reversion,long,337373,337374,337679,2024-10-08 08:15:00+00:00,2024-10-08 08:30:00+00:00,2024-10-11 15:45:00+00:00,1.3093,1.3079,-13.999999999998458,-16.999999999998458,-0.0837438423645244,500.0,200.0,3.0,signal,305,6B:mean_reversion,9.0,0.625,-95.62499999999132,1141.875,2812.5,2024-10-08,precision_sprint,mean_reversion,precision_sprint,6B|mean_reversion|2024-10-08 08:30:00+00:00|long,
futures,GC,ict_sweep_fvg,long,19464,19479,19479,2024-10-08 09:30:00+00:00,2024-10-08 13:15:00+00:00,2024-10-08 13:15:00+00:00,2657.7000000000003,2656.2000000000003,-15.0,-18.0,-1.0,15.0,15.0,3.0,sl,0,GC:ict_sweep_fvg,15.0,1.0,-270.0,270.0,225.0,2024-10-08,precision_sprint,ict_sweep_fvg,precision_sprint,GC|ict_sweep_fvg|2024-10-08 13:15:00+00:00|long,
futures,RTY,,long,45741,45742,45746,2024-10-09 14:15:00+00:00,2024-10-09 14:30:00+00:00,2024-10-09 15:30:00+00:00,2215.2,2232.8,175.99999999999454,172.99999999999454,1.901098901098898,175.99999999999454,87.99999999999727,3.0,tp,4,,25.0,0.5,2162.499999999932,1137.499999999966,2199.999999999932,2024-10-09,reddit_research,reddit_orb_retest,reddit_orb_retest|ny|range=15|entry=150|rr=2|sl_atr=1|tp_atr=1.5|threshold=2|adx_max=none|adx_min=none|rsi2=none|trend=all|max_bars=24,RTY|reddit_orb_retest|2024-10-09 14:30:00+00:00|long,RTY	reddit_orb_retest	reddit_orb_retest|ny|range=15|entry=150|rr=2|sl_atr=1|tp_atr=1.5|threshold=2|adx_max=none|adx_min=none|rsi2=none|trend=all|max_bars=24
futures,GC,ict_sweep_fvg,long,19576,19584,19620,2024-10-09 14:30:00+00:00,2024-10-09 16:30:00+00:00,2024-10-10 02:30:00+00:00,2626.3,2629.9,35.99999999999909,32.99999999999909,0.8461538461538426,35.99999999999909,35.99999999999909,3.0,tp,36,GC:ict_sweep_fvg,15.0,1.0,494.9999999999864,584.9999999999864,539.9999999999864,2024-10-09,precision_sprint,ict_sweep_fvg,precision_sprint,GC|ict_sweep_fvg|2024-10-09 16:30:00+00:00|long,
futures,NQ,,long,45834,45835,45857,2024-10-10 14:15:00+00:00,2024-10-10 14:30:00+00:00,2024-10-10 20:00:00+00:00,20403.0,20423.5,82.0,79.0,0.3122529644268774,500.0,250.0,3.0,session_close,22,,8.0,0.5,316.0,1012.0,2000.0,2024-10-10,reddit_research,reddit_orb_retest,reddit_orb_retest|ny|range=15|entry=150|rr=2|sl_atr=1|tp_atr=1.5|threshold=2|adx_max=none|adx_min=none|rsi2=none|trend=all|max_bars=24,NQ|reddit_orb_retest|2024-10-10 14:30:00+00:00|long,NQ	reddit_orb_retest	reddit_orb_retest|ny|range=15|entry=150|rr=2|sl_atr=1|tp_atr=1.5|threshold=2|adx_max=none|adx_min=none|rsi2=none|trend=all|max_bars=24
futures,GC,ict_sweep_fvg,short,19676,19680,19680,2024-10-10 16:30:00+00:00,2024-10-10 17:30:00+00:00,2024-10-10 17:30:00+00:00,2642.9,2639.9,30.0,27.0,1.0,30.0,30.0,3.0,tp,0,GC:ict_sweep_fvg,15.0,1.0,405.0,495.0,450.0,2024-10-10,precision_sprint,ict_sweep_fvg,precision_sprint,GC|ict_sweep_fvg|2024-10-10 17:30:00+00:00|short,
futures,CL,momentum,long,338646,338647,338843,2024-10-11 06:30:00+00:00,2024-10-11 06:45:00+00:00,2024-10-15 09:45:00+00:00,74.89,69.89,-500.0,-503.0,-1.0,500.0,500.0,3.0,sl,196,CL:momentum,2.0,1.0,-1006.0,1006.0,1000.0,2024-10-11,precision_sprint,momentum,precision_sprint,CL|momentum|2024-10-11 06:45:00+00:00|long,
futures,YM,ict_sweep_fvg,short,19893,19902,19902,2024-10-15 09:00:00+00:00,2024-10-15 11:15:00+00:00,2024-10-15 11:15:00+00:00,43402.0,43371.0,31.0,28.0,1.0,31.0,31.0,3.0,tp,0,YM:ict_sweep_fvg,35.0,0.5,490.0,595.0,542.5,2024-10-15,precision_sprint,ict_sweep_fvg,precision_sprint,YM|ict_sweep_fvg|2024-10-15 11:15:00+00:00|short,
futures,GC,ict_sweep_fvg,short,19952,19959,19959,2024-10-15 16:30:00+00:00,2024-10-15 18:15:00+00:00,2024-10-15 18:15:00+00:00,2682.4,2680.4,20.0,17.0,1.0,20.0,20.0,3.0,tp,0,GC:ict_sweep_fvg,15.0,1.0,255.0,345.0,300.0,2024-10-15,precision_sprint,ict_sweep_fvg,precision_sprint,GC|ict_sweep_fvg|2024-10-15 18:15:00+00:00|short,
futures,NQ,momentum,short,336460,336461,336476,2024-10-17 06:00:00+00:00,2024-10-17 06:15:00+00:00,2024-10-17 10:00:00+00:00,20382.25,20507.25,-500.0,-503.0,-1.0,150.0,500.0,3.0,sl,15,NQ:momentum,4.0,0.5,-1006.0,1006.0,300.0,2024-10-17,precision_sprint,momentum,precision_sprint,NQ|momentum|2024-10-17 06:15:00+00:00|short,
futures,YM,ict_sweep_fvg,short,20081,20084,20084,2024-10-17 10:00:00+00:00,2024-10-17 10:45:00+00:00,2024-10-17 10:45:00+00:00,43357.0,43378.0,-21.0,-24.0,-1.3333333333333333,21.0,21.0,3.0,sl,0,YM:ict_sweep_fvg,35.0,0.5,-420.0,420.0,367.5,2024-10-17,precision_sprint,ict_sweep_fvg,precision_sprint,YM|ict_sweep_fvg|2024-10-17 10:45:00+00:00|short,
futures,GC,ict_sweep_fvg,short,20114,20123,20123,2024-10-17 11:00:00+00:00,2024-10-17 13:15:00+00:00,2024-10-17 13:15:00+00:00,2701.3,2698.7000000000003,25.99999999999909,22.99999999999909,1.0,25.99999999999909,25.99999999999909,3.0,tp,0,GC:ict_sweep_fvg,15.0,1.0,344.9999999999864,434.9999999999864,389.9999999999864,2024-10-17,precision_sprint,ict_sweep_fvg,precision_sprint,GC|ict_sweep_fvg|2024-10-17 13:15:00+00:00|short,
futures,CL,momentum,short,339046,339047,339122,2024-10-17 14:30:00+00:00,2024-10-17 14:45:00+00:00,2024-10-18 10:30:00+00:00,70.82,70.23,58.99999999999892,55.99999999999892,0.1113320079522841,500.0,500.0,3.0,signal,75,CL:momentum,2.0,1.0,111.99999999999784,1006.0,1000.0,2024-10-17,precision_sprint,momentum,precision_sprint,CL|momentum|2024-10-17 14:45:00+00:00|short,
futures,6B,mean_reversion,short,338134,338135,338208,2024-10-18 14:30:00+00:00,2024-10-18 14:45:00+00:00,2024-10-21 10:00:00+00:00,1.304,1.3018,21.9999999999998,18.9999999999998,0.0935960591132994,500.0,200.0,3.0,signal,73,6B:mean_reversion,9.0,0.625,106.87499999999888,1141.875,2812.5,2024-10-18,precision_sprint,mean_reversion,precision_sprint,6B|mean_reversion|2024-10-18 14:45:00+00:00|short,
futures,CL,ict_sweep_fvg,long,20248,20256,20256,2024-10-18 16:00:00+00:00,2024-10-18 18:00:00+00:00,2024-10-18 18:00:00+00:00,69.4,69.68,28.00000000000012,25.00000000000012,0.8064516129032265,28.00000000000012,28.00000000000012,3.0,tp,0,CL:ict_sweep_fvg,35.0,1.0,875.0000000000041,1085.000000000004,980.000000000004,2024-10-18,precision_sprint,ict_sweep_fvg,precision_sprint,CL|ict_sweep_fvg|2024-10-18 18:00:00+00:00|long,
futures,YM,ict_sweep_fvg,short,20208,20213,20213,2024-10-18 18:45:00+00:00,2024-10-18 20:00:00+00:00,2024-10-18 20:00:00+00:00,43537.0,43516.0,21.0,18.0,1.0,21.0,21.0,3.0,tp,0,YM:ict_sweep_fvg,35.0,0.5,315.0,420.0,367.5,2024-10-18,precision_sprint,ict_sweep_fvg,precision_sprint,YM|ict_sweep_fvg|2024-10-18 20:00:00+00:00|short,
futures,CL,ict_sweep_fvg,short,20280,20284,20284,2024-10-21 01:00:00+00:00,2024-10-21 02:00:00+00:00,2024-10-21 02:00:00+00:00,68.9,68.74,16.00000000000108,13.00000000000108,1.0000000000001092,16.00000000000108,15.99999999999966,3.0,tp,0,CL:ict_sweep_fvg,35.0,1.0,455.0000000000378,664.9999999999881,560.0000000000377,2024-10-21,precision_sprint,ict_sweep_fvg,precision_sprint,CL|ict_sweep_fvg|2024-10-21 02:00:00+00:00|short,
futures,GC,ict_sweep_fvg,long,20318,20326,20326,2024-10-21 16:00:00+00:00,2024-10-21 18:00:00+00:00,2024-10-21 18:00:00+00:00,2734.9,2734.0,-9.00000000000091,-12.00000000000091,-1.0,9.00000000000091,9.00000000000091,3.0,sl,0,GC:ict_sweep_fvg,15.0,1.0,-180.00000000001364,180.00000000001364,135.00000000001364,2024-10-21,precision_sprint,ict_sweep_fvg,precision_sprint,GC|ict_sweep_fvg|2024-10-21 18:00:00+00:00|long,
futures,NQ,ict_sweep_fvg,long,20304,20317,20317,2024-10-21 19:45:00+00:00,2024-10-22 00:00:00+00:00,2024-10-22 00:00:00+00:00,20491.25,20513.25,88.0,85.0,0.934065934065934,88.0,88.0,3.0,tp,0,NQ:ict_sweep_fvg,15.0,0.5,637.5,682.5,660.0,2024-10-22,precision_sprint,ict_sweep_fvg,precision_sprint,NQ|ict_sweep_fvg|2024-10-22 00:00:00+00:00|long,
futures,NQ,momentum,short,336767,336768,336784,2024-10-22 13:45:00+00:00,2024-10-22 14:00:00+00:00,2024-10-22 18:00:00+00:00,20461.0,20586.0,-500.0,-503.0,-1.0,150.0,500.0,3.0,sl,16,NQ:momentum,4.0,0.5,-1006.0,1006.0,300.0,2024-10-22,precision_sprint,momentum,precision_sprint,NQ|momentum|2024-10-22 14:00:00+00:00|short,
futures,GC,ict_sweep_fvg,short,20408,20412,20413,2024-10-22 15:30:00+00:00,2024-10-22 16:30:00+00:00,2024-10-22 16:45:00+00:00,2755.4,2757.2000000000003,-18.00000000000182,-21.00000000000182,-1.3999999999999515,17.99999999999727,18.00000000000182,3.0,sl,1,GC:ict_sweep_fvg,15.0,1.0,-315.0000000000273,315.0000000000273,269.9999999999591,2024-10-22,precision_sprint,ict_sweep_fvg,precision_sprint,GC|ict_sweep_fvg|2024-10-22 16:30:00+00:00|short,
futures,YM,ict_sweep_fvg,long,20382,20397,20397,2024-10-22 16:15:00+00:00,2024-10-22 20:00:00+00:00,2024-10-22 20:00:00+00:00,43121.0,43102.0,-19.0,-22.0,-1.0,19.0,19.0,3.0,sl,0,YM:ict_sweep_fvg,35.0,0.5,-385.0,385.0,332.5,2024-10-22,precision_sprint,ict_sweep_fvg,precision_sprint,YM|ict_sweep_fvg|2024-10-22 20:00:00+00:00|long,
futures,NQ,,short,46664,46665,46671,2024-10-23 14:45:00+00:00,2024-10-23 15:00:00+00:00,2024-10-23 16:30:00+00:00,20392.5,20252.0,562.0,559.0,1.9683098591549293,562.0,281.0,3.0,tp,6,,8.0,0.5,2236.0,1136.0,2248.0,2024-10-23,reddit_research,reddit_orb_retest,reddit_orb_retest|ny|range=15|entry=150|rr=2|sl_atr=1|tp_atr=1.5|threshold=2|adx_max=none|adx_min=none|rsi2=none|trend=all|max_bars=24,NQ|reddit_orb_retest|2024-10-23 15:00:00+00:00|short,NQ	reddit_orb_retest	reddit_orb_retest|ny|range=15|entry=150|rr=2|sl_atr=1|tp_atr=1.5|threshold=2|adx_max=none|adx_min=none|rsi2=none|trend=all|max_bars=24
futures,YM,ict_sweep_fvg,short,20731,20735,20735,2024-10-28 11:30:00+00:00,2024-10-28 12:30:00+00:00,2024-10-28 12:30:00+00:00,42476.0,42459.0,17.0,14.0,1.0,17.0,17.0,3.0,tp,0,YM:ict_sweep_fvg,35.0,0.5,245.0,350.0,297.5,2024-10-28,precision_sprint,ict_sweep_fvg,precision_sprint,YM|ict_sweep_fvg|2024-10-28 12:30:00+00:00|short,
futures,NQ,ict_sweep_fvg,short,20739,20742,20743,2024-10-28 13:30:00+00:00,2024-10-28 14:15:00+00:00,2024-10-28 14:30:00+00:00,20597.75,20568.5,117.0,114.0,1.0,117.0,117.0,3.0,tp,1,NQ:ict_sweep_fvg,15.0,0.5,855.0,900.0,877.5,2024-10-28,precision_sprint,ict_sweep_fvg,precision_sprint,NQ|ict_sweep_fvg|2024-10-28 14:15:00+00:00|short,
futures,RTY,ict_sweep_fvg,short,20806,20811,20811,2024-10-29 07:30:00+00:00,2024-10-29 08:45:00+00:00,2024-10-29 08:45:00+00:00,2259.8,2256.7000000000003,30.99999999999909,27.99999999999909,1.0,30.99999999999909,30.99999999999909,3.0,tp,0,RTY:ict_sweep_fvg,40.0,0.5,559.9999999999818,679.9999999999818,619.9999999999818,2024-10-29,precision_sprint,ict_sweep_fvg,precision_sprint,RTY|ict_sweep_fvg|2024-10-29 08:45:00+00:00|short,
futures,YM,ict_sweep_fvg,long,20832,20843,20844,2024-10-29 13:45:00+00:00,2024-10-29 16:30:00+00:00,2024-10-29 16:45:00+00:00,42462.0,42527.0,65.0,62.0,0.9117647058823528,65.0,65.0,3.0,tp,1,YM:ict_sweep_fvg,35.0,0.5,1085.0,1190.0,1137.5,2024-10-29,precision_sprint,ict_sweep_fvg,precision_sprint,YM|ict_sweep_fvg|2024-10-29 16:30:00+00:00|long,
futures,6B,mean_reversion,short,338849,338850,338863,2024-10-30 09:15:00+00:00,2024-10-30 09:30:00+00:00,2024-10-30 12:45:00+00:00,1.3001,1.2952,49.00000000000127,46.00000000000127,0.2266009852216811,500.0,200.0,3.0,signal,13,6B:mean_reversion,9.0,0.625,258.7500000000072,1141.875,2812.5,2024-10-30,precision_sprint,mean_reversion,precision_sprint,6B|mean_reversion|2024-10-30 09:30:00+00:00|short,
futures,CL,ict_sweep_fvg,short,20989,20993,20993,2024-10-30 17:15:00+00:00,2024-10-30 18:15:00+00:00,2024-10-30 18:15:00+00:00,68.55,68.68,-13.000000000000966,-16.000000000000966,-1.599999999999942,12.999999999999543,13.000000000000966,3.0,sl,0,CL:ict_sweep_fvg,35.0,1.0,-560.0000000000339,560.0000000000339,454.999999999984,2024-10-30,precision_sprint,ict_sweep_fvg,precision_sprint,CL|ict_sweep_fvg|2024-10-30 18:15:00+00:00|short,
futures,NQ,ict_sweep_fvg,long,20961,20976,20981,2024-10-31 00:00:00+00:00,2024-10-31 03:45:00+00:00,2024-10-31 05:00:00+00:00,20418.75,20400.75,-72.0,-75.0,-1.0,72.0,72.0,3.0,sl,5,NQ:ict_sweep_fvg,15.0,0.5,-562.5,562.5,540.0,2024-10-31,precision_sprint,ict_sweep_fvg,precision_sprint,NQ|ict_sweep_fvg|2024-10-31 03:45:00+00:00|long,
futures,CL,momentum,long,339941,339942,339947,2024-10-31 08:15:00+00:00,2024-10-31 08:30:00+00:00,2024-10-31 09:45:00+00:00,68.35,69.06,71.0000000000008,68.0000000000008,0.1351888667992063,500.0,500.0,3.0,signal,5,CL:momentum,2.0,1.0,136.0000000000016,1006.0,1000.0,2024-10-31,precision_sprint,momentum,precision_sprint,CL|momentum|2024-10-31 08:30:00+00:00|long,
futures,RTY,ict_sweep_fvg,long,21084,21087,21087,2024-11-01 08:00:00+00:00,2024-11-01 08:45:00+00:00,2024-11-01 08:45:00+00:00,2204.6,2206.7000000000003,21.00000000000364,18.000000000003638,0.75000000000018,21.00000000000364,20.99999999999909,3.0,tp,0,RTY:ict_sweep_fvg,40.0,0.5,360.0000000000728,479.9999999999818,420.0000000000728,2024-11-01,precision_sprint,ict_sweep_fvg,precision_sprint,RTY|ict_sweep_fvg|2024-11-01 08:45:00+00:00|long,
futures,YM,ict_sweep_fvg,short,21171,21173,21173,2024-11-04 07:30:00+00:00,2024-11-04 08:00:00+00:00,2024-11-04 08:00:00+00:00,42159.0,42138.0,21.0,18.0,1.0,21.0,21.0,3.0,tp,0,YM:ict_sweep_fvg,35.0,0.5,315.0,420.0,367.5,2024-11-04,precision_sprint,ict_sweep_fvg,precision_sprint,YM|ict_sweep_fvg|2024-11-04 08:00:00+00:00|short,
futures,GC,ict_sweep_fvg,short,21199,21208,21209,2024-11-04 07:15:00+00:00,2024-11-04 09:30:00+00:00,2024-11-04 09:45:00+00:00,2750.9,2752.4,-15.0,-18.0,-1.5,15.0,15.0,3.0,sl,1,GC:ict_sweep_fvg,15.0,1.0,-270.0,270.0,225.0,2024-11-04,precision_sprint,ict_sweep_fvg,precision_sprint,GC|ict_sweep_fvg|2024-11-04 09:30:00+00:00|short,
futures,NQ,ict_sweep_fvg,short,21190,21192,21192,2024-11-04 12:15:00+00:00,2024-11-04 12:45:00+00:00,2024-11-04 12:45:00+00:00,20152.25,20130.5,87.0,84.0,1.0,87.0,87.0,3.0,tp,0,NQ:ict_sweep_fvg,15.0,0.5,630.0,675.0,652.5,2024-11-04,precision_sprint,ict_sweep_fvg,precision_sprint,NQ|ict_sweep_fvg|2024-11-04 12:45:00+00:00|short,
futures,NQ,ict_sweep_fvg,short,21193,21202,21202,2024-11-04 13:00:00+00:00,2024-11-04 15:15:00+00:00,2024-11-04 15:15:00+00:00,20161.25,20179.5,-73.0,-76.0,-1.0857142857142856,73.0,73.0,3.0,sl,0,NQ:ict_sweep_fvg,15.0,0.5,-570.0,570.0,547.5,2024-11-04,precision_sprint,ict_sweep_fvg,precision_sprint,NQ|ict_sweep_fvg|2024-11-04 15:15:00+00:00|short,
futures,CL,ict_sweep_fvg,short,21254,21256,21256,2024-11-04 15:30:00+00:00,2024-11-04 16:00:00+00:00,2024-11-04 16:00:00+00:00,71.03,70.86,17.00000000000017,14.00000000000017,1.0,17.00000000000017,17.00000000000017,3.0,tp,0,CL:ict_sweep_fvg,35.0,1.0,490.000000000006,700.0000000000059,595.0000000000059,2024-11-04,precision_sprint,ict_sweep_fvg,precision_sprint,CL|ict_sweep_fvg|2024-11-04 16:00:00+00:00|short,
futures,NQ,ict_sweep_fvg,short,21207,21212,21213,2024-11-04 16:30:00+00:00,2024-11-04 17:45:00+00:00,2024-11-04 18:00:00+00:00,20143.5,20105.25,153.0,150.0,1.0,153.0,153.0,3.0,tp,1,NQ:ict_sweep_fvg,15.0,0.5,1125.0,1170.0,1147.5,2024-11-04,precision_sprint,ict_sweep_fvg,precision_sprint,NQ|ict_sweep_fvg|2024-11-04 17:45:00+00:00|short,
futures,GC,ict_sweep_fvg,long,21276,21286,21286,2024-11-05 03:30:00+00:00,2024-11-05 06:00:00+00:00,2024-11-05 06:00:00+00:00,2740.6000000000004,2742.4,17.99999999999727,14.999999999997272,0.7142857142855225,17.99999999999727,18.00000000000182,3.0,tp,0,GC:ict_sweep_fvg,15.0,1.0,224.99999999995907,315.0000000000273,269.9999999999591,2024-11-05,precision_sprint,ict_sweep_fvg,precision_sprint,GC|ict_sweep_fvg|2024-11-05 06:00:00+00:00|long,
futures,CL,momentum,short,340416,340417,340517,2024-11-07 13:00:00+00:00,2024-11-07 13:15:00+00:00,2024-11-08 15:15:00+00:00,71.44,70.33,110.99999999999994,107.99999999999994,0.2147117296222662,500.0,500.0,3.0,signal,100,CL:momentum,2.0,1.0,215.9999999999999,1006.0,1000.0,2024-11-07,precision_sprint,momentum,precision_sprint,CL|momentum|2024-11-07 13:15:00+00:00|short,
futures,YM,ict_sweep_fvg,short,21470,21475,21475,2024-11-07 13:15:00+00:00,2024-11-07 14:30:00+00:00,2024-11-07 14:30:00+00:00,43951.0,43914.0,37.0,34.0,1.0,37.0,37.0,3.0,tp,0,YM:ict_sweep_fvg,35.0,0.5,595.0,700.0,647.5,2024-11-07,precision_sprint,ict_sweep_fvg,precision_sprint,YM|ict_sweep_fvg|2024-11-07 14:30:00+00:00|short,
futures,NQ,,short,47767,47768,47772,2024-11-08 15:30:00+00:00,2024-11-08 15:45:00+00:00,2024-11-08 16:45:00+00:00,21181.0,21232.25,-205.0,-208.0,-1.0,410.0,205.0,3.0,sl,4,,8.0,0.5,-832.0,832.0,1640.0,2024-11-08,reddit_research,reddit_orb_retest,reddit_orb_retest|ny|range=15|entry=150|rr=2|sl_atr=1|tp_atr=1.5|threshold=2|adx_max=none|adx_min=none|rsi2=none|trend=all|max_bars=24,NQ|reddit_orb_retest|2024-11-08 15:45:00+00:00|short,NQ	reddit_orb_retest	reddit_orb_retest|ny|range=15|entry=150|rr=2|sl_atr=1|tp_atr=1.5|threshold=2|adx_max=none|adx_min=none|rsi2=none|trend=all|max_bars=24
futures,CL,ict_sweep_fvg,long,21673,21689,21689,2024-11-11 05:15:00+00:00,2024-11-11 09:15:00+00:00,2024-11-11 09:15:00+00:00,70.09,70.06,-3.0000000000001137,-6.000000000000114,-1.0,3.0000000000001137,3.0000000000001137,3.0,sl,0,CL:ict_sweep_fvg,35.0,1.0,-210.000000000004,210.000000000004,105.00000000000398,2024-11-11,precision_sprint,ict_sweep_fvg,precision_sprint,CL|ict_sweep_fvg|2024-11-11 09:15:00+00:00|long,
futures,NQ,,short,47954,47955,47961,2024-11-12 16:15:00+00:00,2024-11-12 16:30:00+00:00,2024-11-12 18:00:00+00:00,21181.25,21060.75,482.0,479.0,1.963114754098361,482.0,241.0,3.0,tp,6,,8.0,0.5,1916.0,976.0,1928.0,2024-11-12,reddit_research,reddit_orb_retest,reddit_orb_retest|ny|range=15|entry=150|rr=2|sl_atr=1|tp_atr=1.5|threshold=2|adx_max=none|adx_min=none|rsi2=none|trend=all|max_bars=24,NQ|reddit_orb_retest|2024-11-12 16:30:00+00:00|short,NQ	reddit_orb_retest	reddit_orb_retest|ny|range=15|entry=150|rr=2|sl_atr=1|tp_atr=1.5|threshold=2|adx_max=none|adx_min=none|rsi2=none|trend=all|max_bars=24
futures,NQ,momentum,short,338164,338165,338178,2024-11-12 19:00:00+00:00,2024-11-12 19:15:00+00:00,2024-11-12 23:30:00+00:00,21184.75,21147.25,150.0,147.0,0.2922465208747515,150.0,500.0,3.0,tp,13,NQ:momentum,4.0,0.5,294.0,1006.0,300.0,2024-11-12,precision_sprint,momentum,precision_sprint,NQ|momentum|2024-11-12 19:15:00+00:00|short,
futures,YM,ict_sweep_fvg,long,21767,21773,21774,2024-11-12 18:30:00+00:00,2024-11-12 20:00:00+00:00,2024-11-12 20:15:00+00:00,44170.0,44128.0,-42.0,-45.0,-1.0,42.0,42.0,3.0,sl,1,YM:ict_sweep_fvg,35.0,0.5,-787.5,787.5,735.0,2024-11-12,precision_sprint,ict_sweep_fvg,precision_sprint,YM|ict_sweep_fvg|2024-11-12 20:00:00+00:00|long,
futures,CL,momentum,short,340768,340769,340781,2024-11-13 09:00:00+00:00,2024-11-13 09:15:00+00:00,2024-11-13 12:15:00+00:00,68.63,68.26,36.99999999999904,33.999999999999034,0.0675944333996004,500.0,500.0,3.0,signal,12,CL:momentum,2.0,1.0,67.99999999999807,1006.0,1000.0,2024-11-13,precision_sprint,momentum,precision_sprint,CL|momentum|2024-11-13 09:15:00+00:00|short,
futures,NQ,,short,48043,48044,48049,2024-11-13 15:30:00+00:00,2024-11-13 15:45:00+00:00,2024-11-13 17:00:00+00:00,21123.75,21184.5,-243.0,-246.0,-1.0,486.0,243.0,3.0,sl,5,,8.0,0.5,-984.0,984.0,1944.0,2024-11-13,reddit_research,reddit_orb_retest,reddit_orb_retest|ny|range=15|entry=150|rr=2|sl_atr=1|tp_atr=1.5|threshold=2|adx_max=none|adx_min=none|rsi2=none|trend=all|max_bars=24,NQ|reddit_orb_retest|2024-11-13 15:45:00+00:00|short,NQ	reddit_orb_retest	reddit_orb_retest|ny|range=15|entry=150|rr=2|sl_atr=1|tp_atr=1.5|threshold=2|adx_max=none|adx_min=none|rsi2=none|trend=all|max_bars=24
futures,CL,momentum,short,340858,340859,340972,2024-11-14 08:30:00+00:00,2024-11-14 08:45:00+00:00,2024-11-15 14:00:00+00:00,68.46,68.0,45.999999999999375,42.999999999999375,0.08548707753479,500.0,500.0,3.0,signal,113,CL:momentum,2.0,1.0,85.99999999999875,1006.0,1000.0,2024-11-14,precision_sprint,momentum,precision_sprint,CL|momentum|2024-11-14 08:45:00+00:00|short,
futures,GC,ict_sweep_fvg,long,21967,21977,21977,2024-11-14 15:15:00+00:00,2024-11-14 17:45:00+00:00,2024-11-14 17:45:00+00:00,2573.1000000000004,2576.9,37.99999999999727,34.99999999999727,0.8536585365852615,37.99999999999727,38.00000000000182,3.0,tp,0,GC:ict_sweep_fvg,15.0,1.0,524.9999999999591,615.0000000000273,569.9999999999591,2024-11-14,precision_sprint,ict_sweep_fvg,precision_sprint,GC|ict_sweep_fvg|2024-11-14 17:45:00+00:00|long,
futures,CL,ict_sweep_fvg,long,22063,22075,22075,2024-11-15 10:45:00+00:00,2024-11-15 13:45:00+00:00,2024-11-15 13:45:00+00:00,68.03,68.25,21.999999999999886,18.999999999999886,0.7599999999999989,21.999999999999886,21.999999999999886,3.0,tp,0,CL:ict_sweep_fvg,35.0,1.0,664.999999999996,874.999999999996,769.999999999996,2024-11-15,precision_sprint,ict_sweep_fvg,precision_sprint,CL|ict_sweep_fvg|2024-11-15 13:45:00+00:00|long,
futures,CL,ict_sweep_fvg,long,22082,22086,22086,2024-11-15 15:30:00+00:00,2024-11-15 16:30:00+00:00,2024-11-15 16:30:00+00:00,68.06,67.82000000000001,-23.99999999999949,-26.99999999999949,-1.0,23.99999999999949,23.99999999999949,3.0,sl,0,CL:ict_sweep_fvg,35.0,1.0,-944.999999999982,944.999999999982,839.999999999982,2024-11-15,precision_sprint,ict_sweep_fvg,precision_sprint,CL|ict_sweep_fvg|2024-11-15 16:30:00+00:00|long,
futures,NQ,ict_sweep_fvg,short,22110,22115,22115,2024-11-18 12:15:00+00:00,2024-11-18 13:30:00+00:00,2024-11-18 13:30:00+00:00,20549.25,20524.75,98.0,95.0,1.0,98.0,98.0,3.0,tp,0,NQ:ict_sweep_fvg,15.0,0.5,712.5,757.5,735.0,2024-11-18,precision_sprint,ict_sweep_fvg,precision_sprint,NQ|ict_sweep_fvg|2024-11-18 13:30:00+00:00|short,
futures,YM,ict_sweep_fvg,long,22123,22135,22135,2024-11-18 15:30:00+00:00,2024-11-18 18:30:00+00:00,2024-11-18 18:30:00+00:00,43516.0,43483.0,-33.0,-36.0,-1.0,33.0,33.0,3.0,sl,0,YM:ict_sweep_fvg,35.0,0.5,-630.0,630.0,577.5,2024-11-18,precision_sprint,ict_sweep_fvg,precision_sprint,YM|ict_sweep_fvg|2024-11-18 18:30:00+00:00|long,
futures,RTY,ict_sweep_fvg,long,22138,22148,22148,2024-11-18 19:30:00+00:00,2024-11-18 23:00:00+00:00,2024-11-18 23:00:00+00:00,2314.0,2317.3,33.00000000000182,30.00000000000182,0.8333333333334471,33.00000000000182,32.99999999999727,3.0,tp,0,RTY:ict_sweep_fvg,40.0,0.5,600.0000000000364,719.9999999999454,660.0000000000364,2024-11-19,precision_sprint,ict_sweep_fvg,precision_sprint,RTY|ict_sweep_fvg|2024-11-18 23:00:00+00:00|long,
futures,CL,ict_sweep_fvg,short,22275,22281,22281,2024-11-19 17:30:00+00:00,2024-11-19 19:00:00+00:00,2024-11-19 19:00:00+00:00,69.37,69.25,12.000000000000457,9.000000000000455,1.000000000000158,12.000000000000457,11.999999999999034,3.0,tp,0,CL:ict_sweep_fvg,35.0,1.0,315.0000000000159,524.9999999999661,420.000000000016,2024-11-19,precision_sprint,ict_sweep_fvg,precision_sprint,CL|ict_sweep_fvg|2024-11-19 19:00:00+00:00|short,
futures,YM,ict_sweep_fvg,long,22224,22230,22230,2024-11-19 17:45:00+00:00,2024-11-19 19:15:00+00:00,2024-11-19 19:15:00+00:00,43423.0,43468.0,45.0,42.0,0.875,45.0,45.0,3.0,tp,0,YM:ict_sweep_fvg,35.0,0.5,735.0,840.0,787.5,2024-11-19,precision_sprint,ict_sweep_fvg,precision_sprint,YM|ict_sweep_fvg|2024-11-19 19:15:00+00:00|long,
futures,CL,ict_sweep_fvg,short,22351,22356,22356,2024-11-20 14:30:00+00:00,2024-11-20 15:45:00+00:00,2024-11-20 15:45:00+00:00,69.67,69.49,18.000000000000682,15.000000000000682,1.0,18.000000000000682,18.000000000000682,3.0,tp,0,CL:ict_sweep_fvg,35.0,1.0,525.0000000000239,735.0000000000239,630.0000000000239,2024-11-20,precision_sprint,ict_sweep_fvg,precision_sprint,CL|ict_sweep_fvg|2024-11-20 15:45:00+00:00|short,
futures,GC,ict_sweep_fvg,short,22370,22384,22386,2024-11-21 01:00:00+00:00,2024-11-21 04:30:00+00:00,2024-11-21 05:00:00+00:00,2661.0,2658.6000000000004,23.99999999999636,20.99999999999636,0.9999999999997836,23.99999999999636,24.00000000000091,3.0,tp,2,GC:ict_sweep_fvg,15.0,1.0,314.9999999999454,405.0000000000136,359.9999999999454,2024-11-21,precision_sprint,ict_sweep_fvg,precision_sprint,GC|ict_sweep_fvg|2024-11-21 04:30:00+00:00|short,
futures,NQ,momentum,long,338790,338791,338791,2024-11-21 14:30:00+00:00,2024-11-21 14:45:00+00:00,2024-11-21 14:45:00+00:00,20695.25,20732.75,150.0,147.0,0.2922465208747515,150.0,500.0,3.0,tp,1,NQ:momentum,4.0,0.5,294.0,1006.0,300.0,2024-11-21,precision_sprint,momentum,precision_sprint,NQ|momentum|2024-11-21 14:45:00+00:00|long,
futures,CL,ict_sweep_fvg,short,22519,22535,22535,2024-11-22 10:30:00+00:00,2024-11-22 14:30:00+00:00,2024-11-22 14:30:00+00:00,70.27,70.02,25.0,22.0,1.0,25.0,25.0,3.0,tp,0,CL:ict_sweep_fvg,35.0,1.0,770.0,980.0,875.0,2024-11-22,precision_sprint,ict_sweep_fvg,precision_sprint,CL|ict_sweep_fvg|2024-11-22 14:30:00+00:00|short,
futures,CL,ict_sweep_fvg,long,22738,22741,22747,2024-11-26 19:15:00+00:00,2024-11-26 20:00:00+00:00,2024-11-26 21:30:00+00:00,68.64,68.77,12.999999999999543,9.999999999999543,0.6249999999999893,12.999999999999543,12.999999999999543,3.0,tp,6,CL:ict_sweep_fvg,35.0,1.0,349.999999999984,559.999999999984,454.999999999984,2024-11-26,precision_sprint,ict_sweep_fvg,precision_sprint,CL|ict_sweep_fvg|2024-11-26 20:00:00+00:00|long,
futures,CL,ict_sweep_fvg,long,22744,22757,22757,2024-11-26 20:45:00+00:00,2024-11-27 01:00:00+00:00,2024-11-27 01:00:00+00:00,68.7,68.83,12.999999999999543,9.999999999999543,0.6249999999999893,12.999999999999543,12.999999999999543,3.0,tp,0,CL:ict_sweep_fvg,35.0,1.0,349.999999999984,559.999999999984,454.999999999984,2024-11-27,precision_sprint,ict_sweep_fvg,precision_sprint,CL|ict_sweep_fvg|2024-11-27 01:00:00+00:00|long,
futures,RTY,ict_sweep_fvg,short,22759,22762,22762,2024-11-27 13:45:00+00:00,2024-11-27 14:30:00+00:00,2024-11-27 14:30:00+00:00,2452.2000000000003,2454.1,-18.99999999999636,-21.99999999999636,-1.3750000000000853,19.00000000000091,18.99999999999636,3.0,sl,0,RTY:ict_sweep_fvg,40.0,0.5,-439.9999999999272,439.9999999999272,380.0000000000182,2024-11-27,precision_sprint,ict_sweep_fvg,precision_sprint,RTY|ict_sweep_fvg|2024-11-27 14:30:00+00:00|short,
futures,YM,ict_sweep_fvg,short,22761,22763,22763,2024-11-27 14:00:00+00:00,2024-11-27 14:30:00+00:00,2024-11-27 14:30:00+00:00,45005.0,45020.0,-15.0,-18.0,-1.5,15.0,15.0,3.0,sl,0,YM:ict_sweep_fvg,35.0,0.5,-315.0,315.0,262.5,2024-11-27,precision_sprint,ict_sweep_fvg,precision_sprint,YM|ict_sweep_fvg|2024-11-27 14:30:00+00:00|short,
futures,CL,momentum,short,341780,341781,341856,2024-11-28 09:45:00+00:00,2024-11-28 10:00:00+00:00,2024-11-29 08:15:00+00:00,68.94,68.75,18.999999999999773,15.999999999999773,0.0318091451292242,500.0,500.0,3.0,signal,75,CL:momentum,2.0,1.0,31.999999999999545,1006.0,1000.0,2024-11-28,precision_sprint,momentum,precision_sprint,CL|momentum|2024-11-28 10:00:00+00:00|short,
futures,GC,,short,48989,48990,48998,2024-11-28 14:45:00+00:00,2024-11-28 15:00:00+00:00,2024-11-28 23:15:00+00:00,2640.8,2637.9,29.00000000000091,26.00000000000091,0.5200000000000371,70.49999999999727,46.99999999999818,3.0,session_close,8,,25.0,1.0,650.0000000000227,1249.9999999999543,1762.4999999999318,2024-11-28,reddit_research,reddit_orb_breakout,reddit_orb_breakout|ny|range=15|entry=150|rr=1.5|sl_atr=1|tp_atr=1.5|threshold=2|adx_max=none|adx_min=none|rsi2=none|trend=all|max_bars=24,GC|reddit_orb_breakout|2024-11-28 15:00:00+00:00|short,GC	reddit_orb_breakout	reddit_orb_breakout|ny|range=15|entry=150|rr=1.5|sl_atr=1|tp_atr=1.5|threshold=2|adx_max=none|adx_min=none|rsi2=none|trend=all|max_bars=24
futures,YM,,long,49052,49053,49055,2024-11-28 14:45:00+00:00,2024-11-28 15:00:00+00:00,2024-11-28 15:30:00+00:00,44903.0,44937.54757532319,34.54757532318763,31.54757532318763,1.21188992128472,34.54757532318763,23.031716882127512,3.0,tp,2,,75.0,0.5,1183.034074619536,976.1893830797816,1295.534074619536,2024-11-28,reddit_research,reddit_ema_pullback,reddit_ema_pullback|ny|range=15|entry=150|rr=1.5|sl_atr=1|tp_atr=1.5|threshold=2|adx_max=none|adx_min=none|rsi2=none|trend=both|max_bars=24,YM|reddit_ema_pullback|2024-11-28 15:00:00+00:00|long,YM	reddit_ema_pullback	reddit_ema_pullback|ny|range=15|entry=150|rr=1.5|sl_atr=1|tp_atr=1.5|threshold=2|adx_max=none|adx_min=none|rsi2=none|trend=both|max_bars=24
futures,ES,,long,49054,49055,49066,2024-11-28 15:00:00+00:00,2024-11-28 15:15:00+00:00,2024-11-28 23:00:00+00:00,6028.5,6027.25,-5.0,-8.0,-0.4444444444444444,30.0,15.0,3.0,session_close,11,,30.0,1.25,-300.0,675.0,1125.0,2024-11-28,reddit_research,reddit_orb_retest,reddit_orb_retest|ny|range=15|entry=150|rr=2|sl_atr=1|tp_atr=1.5|threshold=2|adx_max=none|adx_min=none|rsi2=none|trend=all|max_bars=24,ES|reddit_orb_retest|2024-11-28 15:15:00+00:00|long,ES	reddit_orb_retest	reddit_orb_retest|ny|range=15|entry=150|rr=2|sl_atr=1|tp_atr=1.5|threshold=2|adx_max=none|adx_min=none|rsi2=none|trend=all|max_bars=24
futures,RTY,,long,49056,49057,49064,2024-11-28 16:00:00+00:00,2024-11-28 16:15:00+00:00,2024-11-28 23:00:00+00:00,2453.3,2453.8,5.0,2.0,0.0270270270270257,142.00000000000728,71.00000000000364,3.0,session_close,7,,25.0,0.5,25.0,925.0000000000456,1775.000000000091,2024-11-28,reddit_research,reddit_orb_retest,reddit_orb_retest|ny|range=15|entry=150|rr=2|sl_atr=1|tp_atr=1.5|threshold=2|adx_max=none|adx_min=none|rsi2=none|trend=all|max_bars=24,RTY|reddit_orb_retest|2024-11-28 16:15:00+00:00|long,RTY	reddit_orb_retest	reddit_orb_retest|ny|range=15|entry=150|rr=2|sl_atr=1|tp_atr=1.5|threshold=2|adx_max=none|adx_min=none|rsi2=none|trend=all|max_bars=24
futures,NQ,,long,49058,49059,49065,2024-11-28 16:15:00+00:00,2024-11-28 16:30:00+00:00,2024-11-28 23:00:00+00:00,20893.75,20878.75,-60.0,-63.0,-0.7682926829268293,158.0,79.0,3.0,session_close,6,,8.0,0.5,-252.0,328.0,632.0,2024-11-28,reddit_research,reddit_orb_retest,reddit_orb_retest|ny|range=15|entry=150|rr=2|sl_atr=1|tp_atr=1.5|threshold=2|adx_max=none|adx_min=none|rsi2=none|trend=all|max_bars=24,NQ|reddit_orb_retest|2024-11-28 16:30:00+00:00|long,NQ	reddit_orb_retest	reddit_orb_retest|ny|range=15|entry=150|rr=2|sl_atr=1|tp_atr=1.5|threshold=2|adx_max=none|adx_min=none|rsi2=none|trend=all|max_bars=24
futures,NQ,ict_sweep_fvg,short,22900,22905,22905,2024-11-29 06:45:00+00:00,2024-11-29 08:00:00+00:00,2024-11-29 08:00:00+00:00,20899.5,20887.75,47.0,44.0,1.0,47.0,47.0,3.0,tp,0,NQ:ict_sweep_fvg,15.0,0.5,330.0,375.0,352.5,2024-11-29,precision_sprint,ict_sweep_fvg,precision_sprint,NQ|ict_sweep_fvg|2024-11-29 08:00:00+00:00|short,
futures,CL,ict_sweep_fvg,long,22971,22974,22975,2024-11-29 11:00:00+00:00,2024-11-29 11:45:00+00:00,2024-11-29 12:00:00+00:00,68.34,68.45,10.999999999999943,7.999999999999943,0.5714285714285697,10.999999999999943,10.999999999999943,3.0,tp,1,CL:ict_sweep_fvg,35.0,1.0,279.999999999998,489.999999999998,384.999999999998,2024-11-29,precision_sprint,ict_sweep_fvg,precision_sprint,CL|ict_sweep_fvg|2024-11-29 11:45:00+00:00|long,
futures,YM,ict_sweep_fvg,short,22923,22929,22929,2024-11-29 12:30:00+00:00,2024-11-29 14:00:00+00:00,2024-11-29 14:00:00+00:00,44952.0,44922.0,30.0,27.0,1.0,30.0,30.0,3.0,tp,0,YM:ict_sweep_fvg,35.0,0.5,472.5,577.5,525.0,2024-11-29,precision_sprint,ict_sweep_fvg,precision_sprint,YM|ict_sweep_fvg|2024-11-29 14:00:00+00:00|short,
futures,RTY,ict_sweep_fvg,short,22922,22930,22930,2024-11-29 12:30:00+00:00,2024-11-29 14:30:00+00:00,2024-11-29 14:30:00+00:00,2456.3,2452.2000000000003,40.99999999999909,37.99999999999909,1.0,40.99999999999909,40.99999999999909,3.0,tp,0,RTY:ict_sweep_fvg,40.0,0.5,759.9999999999818,879.9999999999818,819.9999999999818,2024-11-29,precision_sprint,ict_sweep_fvg,precision_sprint,RTY|ict_sweep_fvg|2024-11-29 14:30:00+00:00|short,
futures,CL,momentum,long,341889,341890,342050,2024-11-29 16:30:00+00:00,2024-11-29 16:45:00+00:00,2024-12-03 13:00:00+00:00,69.05,69.25,20.000000000000284,17.000000000000284,0.0337972166998017,500.0,500.0,3.0,signal,160,CL:momentum,2.0,1.0,34.00000000000057,1006.0,1000.0,2024-11-29,precision_sprint,momentum,precision_sprint,CL|momentum|2024-11-29 16:45:00+00:00|long,
futures,GC,ict_sweep_fvg,long,23019,23025,23025,2024-12-02 13:15:00+00:00,2024-12-02 14:45:00+00:00,2024-12-02 14:45:00+00:00,2665.7000000000003,2668.5,27.99999999999727,24.99999999999727,0.8064516129030904,27.99999999999727,28.00000000000182,3.0,tp,0,GC:ict_sweep_fvg,15.0,1.0,374.9999999999591,465.0000000000273,419.9999999999591,2024-12-02,precision_sprint,ict_sweep_fvg,precision_sprint,GC|ict_sweep_fvg|2024-12-02 14:45:00+00:00|long,
futures,CL,ict_sweep_fvg,short,23068,23071,23071,2024-12-02 14:30:00+00:00,2024-12-02 15:15:00+00:00,2024-12-02 15:15:00+00:00,68.71000000000001,68.47,24.00000000000091,21.00000000000091,1.0000000000000675,24.00000000000091,23.99999999999949,3.0,tp,0,CL:ict_sweep_fvg,35.0,1.0,735.0000000000318,944.999999999982,840.0000000000318,2024-12-02,precision_sprint,ict_sweep_fvg,precision_sprint,CL|ict_sweep_fvg|2024-12-02 15:15:00+00:00|short,
futures,CL,ict_sweep_fvg,short,23160,23162,23162,2024-12-03 14:30:00+00:00,2024-12-03 15:00:00+00:00,2024-12-03 15:00:00+00:00,69.04,69.17,-12.999999999999543,-15.999999999999543,-1.6000000000000272,13.000000000000966,12.999999999999543,3.0,sl,0,CL:ict_sweep_fvg,35.0,1.0,-559.999999999984,559.999999999984,455.0000000000338,2024-12-03,precision_sprint,ict_sweep_fvg,precision_sprint,CL|ict_sweep_fvg|2024-12-03 15:00:00+00:00|short,
futures,NQ,,long,49301,49302,49322,2024-12-03 15:45:00+00:00,2024-12-03 16:00:00+00:00,2024-12-03 21:00:00+00:00,21207.25,21310.25,412.0,409.0,1.3864406779661016,584.0,292.0,3.0,session_close,20,,8.0,0.5,1636.0,1180.0,2336.0,2024-12-03,reddit_research,reddit_orb_retest,reddit_orb_retest|ny|range=15|entry=150|rr=2|sl_atr=1|tp_atr=1.5|threshold=2|adx_max=none|adx_min=none|rsi2=none|trend=all|max_bars=24,NQ|reddit_orb_retest|2024-12-03 16:00:00+00:00|long,NQ	reddit_orb_retest	reddit_orb_retest|ny|range=15|entry=150|rr=2|sl_atr=1|tp_atr=1.5|threshold=2|adx_max=none|adx_min=none|rsi2=none|trend=all|max_bars=24
futures,6B,mean_reversion,long,341073,341074,341081,2024-12-03 16:30:00+00:00,2024-12-03 16:45:00+00:00,2024-12-03 18:30:00+00:00,1.2664,1.2697,33.0000000000008,30.000000000000803,0.147783251231531,500.0,200.0,3.0,signal,7,6B:mean_reversion,9.0,0.625,168.75000000000452,1141.875,2812.5,2024-12-03,precision_sprint,mean_reversion,precision_sprint,6B|mean_reversion|2024-12-03 16:45:00+00:00|long,
futures,RTY,ict_sweep_fvg,long,23111,23115,23115,2024-12-03 17:30:00+00:00,2024-12-03 18:30:00+00:00,2024-12-03 18:30:00+00:00,2424.6,2422.3,-22.99999999999727,-25.99999999999727,-1.0,23.00000000000182,22.99999999999727,3.0,sl,0,RTY:ict_sweep_fvg,40.0,0.5,-519.9999999999454,519.9999999999454,460.0000000000364,2024-12-03,precision_sprint,ict_sweep_fvg,precision_sprint,RTY|ict_sweep_fvg|2024-12-03 18:30:00+00:00|long,
futures,YM,ict_sweep_fvg,long,23112,23116,23117,2024-12-03 17:30:00+00:00,2024-12-03 18:30:00+00:00,2024-12-03 18:45:00+00:00,44826.0,44799.0,-27.0,-30.0,-1.0,27.0,27.0,3.0,sl,1,YM:ict_sweep_fvg,35.0,0.5,-525.0,525.0,472.5,2024-12-03,precision_sprint,ict_sweep_fvg,precision_sprint,YM|ict_sweep_fvg|2024-12-03 18:30:00+00:00|long,
futures,YM,ict_sweep_fvg,long,23119,23124,23124,2024-12-03 19:15:00+00:00,2024-12-03 20:30:00+00:00,2024-12-03 20:30:00+00:00,44814.0,44832.0,18.0,15.0,0.7142857142857143,18.0,18.0,3.0,tp,0,YM:ict_sweep_fvg,35.0,0.5,262.5,367.5,315.0,2024-12-03,precision_sprint,ict_sweep_fvg,precision_sprint,YM|ict_sweep_fvg|2024-12-03 20:30:00+00:00|long,
futures,GC,,short,49326,49327,49328,2024-12-04 14:45:00+00:00,2024-12-04 15:00:00+00:00,2024-12-04 15:15:00+00:00,2672.6,2676.8,-42.00000000000273,-45.00000000000273,-1.0,63.00000000000637,42.00000000000273,3.0,sl,1,,25.0,1.0,-1125.0000000000682,1125.0000000000682,1575.0000000001592,2024-12-04,reddit_research,reddit_orb_breakout,reddit_orb_breakout|ny|range=15|entry=150|rr=1.5|sl_atr=1|tp_atr=1.5|threshold=2|adx_max=none|adx_min=none|rsi2=none|trend=all|max_bars=24,GC|reddit_orb_breakout|2024-12-04 15:00:00+00:00|short,GC	reddit_orb_breakout	reddit_orb_breakout|ny|range=15|entry=150|rr=1.5|sl_atr=1|tp_atr=1.5|threshold=2|adx_max=none|adx_min=none|rsi2=none|trend=all|max_bars=24
futures,NQ,,long,49391,49392,49414,2024-12-04 15:15:00+00:00,2024-12-04 15:30:00+00:00,2024-12-04 21:00:00+00:00,21456.75,21519.5,251.0,248.0,0.8953068592057761,548.0,274.0,3.0,session_close,22,,8.0,0.5,992.0,1108.0,2192.0,2024-12-04,reddit_research,reddit_orb_retest,reddit_orb_retest|ny|range=15|entry=150|rr=2|sl_atr=1|tp_atr=1.5|threshold=2|adx_max=none|adx_min=none|rsi2=none|trend=all|max_bars=24,NQ|reddit_orb_retest|2024-12-04 15:30:00+00:00|long,NQ	reddit_orb_retest	reddit_orb_retest|ny|range=15|entry=150|rr=2|sl_atr=1|tp_atr=1.5|threshold=2|adx_max=none|adx_min=none|rsi2=none|trend=all|max_bars=24
futures,YM,ict_sweep_fvg,short,23204,23209,23209,2024-12-04 17:30:00+00:00,2024-12-04 18:45:00+00:00,2024-12-04 18:45:00+00:00,44976.0,44998.0,-22.0,-25.0,-1.3157894736842106,22.0,22.0,3.0,sl,0,YM:ict_sweep_fvg,35.0,0.5,-437.5,437.5,385.0,2024-12-04,precision_sprint,ict_sweep_fvg,precision_sprint,YM|ict_sweep_fvg|2024-12-04 18:45:00+00:00|short,
futures,CL,ict_sweep_fvg,long,23338,23348,23349,2024-12-05 13:00:00+00:00,2024-12-05 15:30:00+00:00,2024-12-05 15:45:00+00:00,68.66,68.88,21.999999999999886,18.999999999999886,0.7599999999999989,21.999999999999886,21.999999999999886,3.0,tp,1,CL:ict_sweep_fvg,35.0,1.0,664.999999999996,874.999999999996,769.999999999996,2024-12-05,precision_sprint,ict_sweep_fvg,precision_sprint,CL|ict_sweep_fvg|2024-12-05 15:30:00+00:00|long,
futures,NQ,,short,49483,49484,49490,2024-12-05 15:15:00+00:00,2024-12-05 15:30:00+00:00,2024-12-05 17:00:00+00:00,21517.75,21551.5,-135.0,-138.0,-1.0,270.0,135.0,3.0,sl,6,,8.0,0.5,-552.0,552.0,1080.0,2024-12-05,reddit_research,reddit_orb_retest,reddit_orb_retest|ny|range=15|entry=150|rr=2|sl_atr=1|tp_atr=1.5|threshold=2|adx_max=none|adx_min=none|rsi2=none|trend=all|max_bars=24,NQ|reddit_orb_retest|2024-12-05 15:30:00+00:00|short,NQ	reddit_orb_retest	reddit_orb_retest|ny|range=15|entry=150|rr=2|sl_atr=1|tp_atr=1.5|threshold=2|adx_max=none|adx_min=none|rsi2=none|trend=all|max_bars=24
futures,GC,ict_sweep_fvg,long,23430,23442,23452,2024-12-09 01:00:00+00:00,2024-12-09 04:00:00+00:00,2024-12-09 06:30:00+00:00,2659.1000000000004,2665.0,58.99999999999636,55.99999999999636,0.9032258064515408,58.99999999999636,59.00000000000091,3.0,tp,10,GC:ict_sweep_fvg,15.0,1.0,839.9999999999454,930.0000000000136,884.9999999999454,2024-12-09,precision_sprint,ict_sweep_fvg,precision_sprint,GC|ict_sweep_fvg|2024-12-09 04:00:00+00:00|long,
futures,CL,momentum,short,342398,342399,342503,2024-12-09 08:00:00+00:00,2024-12-09 08:15:00+00:00,2024-12-10 11:15:00+00:00,68.06,67.87,18.999999999999773,15.999999999999773,0.0318091451292242,500.0,500.0,3.0,signal,104,CL:momentum,2.0,1.0,31.999999999999545,1006.0,1000.0,2024-12-09,precision_sprint,momentum,precision_sprint,CL|momentum|2024-12-09 08:15:00+00:00|short,
futures,6B,mean_reversion,short,341425,341426,341505,2024-12-09 12:30:00+00:00,2024-12-09 12:45:00+00:00,2024-12-10 09:30:00+00:00,1.2755,1.2741,14.00000000000068,11.00000000000068,0.0541871921182299,500.0,200.0,3.0,signal,79,6B:mean_reversion,9.0,0.625,61.87500000000383,1141.875,2812.5,2024-12-09,precision_sprint,mean_reversion,precision_sprint,6B|mean_reversion|2024-12-09 12:45:00+00:00|short,
futures,RTY,ict_sweep_fvg,short,23471,23475,23475,2024-12-09 15:30:00+00:00,2024-12-09 16:30:00+00:00,2024-12-09 16:30:00+00:00,2416.7000000000003,2411.9,48.00000000000182,45.00000000000182,1.000000000000101,48.00000000000182,47.99999999999727,3.0,tp,0,RTY:ict_sweep_fvg,40.0,0.5,900.0000000000364,1019.9999999999454,960.0000000000364,2024-12-09,precision_sprint,ict_sweep_fvg,precision_sprint,RTY|ict_sweep_fvg|2024-12-09 16:30:00+00:00|short,
futures,YM,ict_sweep_fvg,short,23471,23477,23479,2024-12-09 15:15:00+00:00,2024-12-09 16:45:00+00:00,2024-12-09 17:15:00+00:00,44710.0,44657.0,53.0,50.0,1.0,53.0,53.0,3.0,tp,2,YM:ict_sweep_fvg,35.0,0.5,875.0,980.0,927.5,2024-12-09,precision_sprint,ict_sweep_fvg,precision_sprint,YM|ict_sweep_fvg|2024-12-09 16:45:00+00:00|short,
futures,RTY,ict_sweep_fvg,long,23512,23527,23527,2024-12-10 02:45:00+00:00,2024-12-10 06:30:00+00:00,2024-12-10 06:30:00+00:00,2397.4,2398.2000000000003,8.000000000001819,5.000000000001819,0.4545454545455447,8.000000000001819,8.000000000001819,3.0,tp,0,RTY:ict_sweep_fvg,40.0,0.5,100.00000000003638,220.0000000000364,160.00000000003638,2024-12-10,precision_sprint,ict_sweep_fvg,precision_sprint,RTY|ict_sweep_fvg|2024-12-10 06:30:00+00:00|long,
futures,YM,ict_sweep_fvg,long,23542,23545,23545,2024-12-10 10:00:00+00:00,2024-12-10 10:45:00+00:00,2024-12-10 10:45:00+00:00,44455.0,44466.0,11.0,8.0,0.5714285714285714,11.0,11.0,3.0,tp,0,YM:ict_sweep_fvg,35.0,0.5,140.0,245.0,192.5,2024-12-10,precision_sprint,ict_sweep_fvg,precision_sprint,YM|ict_sweep_fvg|2024-12-10 10:45:00+00:00|long,
futures,RTY,ict_sweep_fvg,long,23564,23566,23566,2024-12-10 15:45:00+00:00,2024-12-10 16:15:00+00:00,2024-12-10 16:15:00+00:00,2398.9,2401.5,25.99999999999909,22.99999999999909,0.7931034482758555,25.99999999999909,25.99999999999909,3.0,tp,0,RTY:ict_sweep_fvg,40.0,0.5,459.9999999999818,579.9999999999818,519.9999999999818,2024-12-10,precision_sprint,ict_sweep_fvg,precision_sprint,RTY|ict_sweep_fvg|2024-12-10 16:15:00+00:00|long,
futures,6B,mean_reversion,long,341533,341534,341538,2024-12-10 16:30:00+00:00,2024-12-10 16:45:00+00:00,2024-12-10 17:45:00+00:00,1.2751,1.2753,2.000000000002,-0.9999999999979998,-0.0049261083743743,500.0,200.0,3.0,signal,4,6B:mean_reversion,9.0,0.625,-5.6249999999887486,1141.875,2812.5,2024-12-10,precision_sprint,mean_reversion,precision_sprint,6B|mean_reversion|2024-12-10 16:45:00+00:00|long,
futures,YM,ict_sweep_fvg,long,23564,23571,23571,2024-12-10 15:30:00+00:00,2024-12-10 17:15:00+00:00,2024-12-10 17:15:00+00:00,44446.0,44478.0,32.0,29.0,0.8285714285714286,32.0,32.0,3.0,tp,0,YM:ict_sweep_fvg,35.0,0.5,507.5,612.5,560.0,2024-12-10,precision_sprint,ict_sweep_fvg,precision_sprint,YM|ict_sweep_fvg|2024-12-10 17:15:00+00:00|long,
futures,CL,ict_sweep_fvg,short,23682,23691,23691,2024-12-11 07:00:00+00:00,2024-12-11 09:15:00+00:00,2024-12-11 09:15:00+00:00,69.05,69.15,-10.000000000000853,-13.000000000000853,-1.8571428571427528,9.999999999999432,10.000000000000853,3.0,sl,0,CL:ict_sweep_fvg,35.0,1.0,-455.0000000000298,455.0000000000298,349.9999999999801,2024-12-11,precision_sprint,ict_sweep_fvg,precision_sprint,CL|ict_sweep_fvg|2024-12-11 09:15:00+00:00|short,
futures,YM,ict_sweep_fvg,long,23658,23669,23669,2024-12-11 16:00:00+00:00,2024-12-11 18:45:00+00:00,2024-12-11 18:45:00+00:00,44292.0,44335.0,43.0,40.0,0.8695652173913043,43.0,43.0,3.0,tp,0,YM:ict_sweep_fvg,35.0,0.5,700.0,805.0,752.5,2024-12-11,precision_sprint,ict_sweep_fvg,precision_sprint,YM|ict_sweep_fvg|2024-12-11 18:45:00+00:00|long,
futures,CL,ict_sweep_fvg,short,23786,23794,23794,2024-12-12 10:00:00+00:00,2024-12-12 12:00:00+00:00,2024-12-12 12:00:00+00:00,70.49,70.39,9.999999999999432,6.999999999999432,0.9999999999997968,9.999999999999432,10.000000000000853,3.0,tp,0,CL:ict_sweep_fvg,35.0,1.0,244.9999999999801,455.0000000000298,349.9999999999801,2024-12-12,precision_sprint,ict_sweep_fvg,precision_sprint,CL|ict_sweep_fvg|2024-12-12 12:00:00+00:00|short,
futures,NQ,ict_sweep_fvg,short,23862,23866,23866,2024-12-13 21:00:00+00:00,2024-12-15 23:00:00+00:00,2024-12-15 23:00:00+00:00,21785.5,21772.75,51.0,48.0,1.0,51.0,51.0,3.0,tp,0,NQ:ict_sweep_fvg,15.0,0.5,360.0,405.0,382.5,2024-12-16,precision_sprint,ict_sweep_fvg,precision_sprint,NQ|ict_sweep_fvg|2024-12-15 23:00:00+00:00|short,
futures,CL,momentum,long,342862,342863,342884,2024-12-16 09:00:00+00:00,2024-12-16 09:15:00+00:00,2024-12-16 14:30:00+00:00,70.57,71.05,48.0000000000004,45.0000000000004,0.0894632206759451,500.0,500.0,3.0,signal,21,CL:momentum,2.0,1.0,90.0000000000008,1006.0,1000.0,2024-12-16,precision_sprint,momentum,precision_sprint,CL|momentum|2024-12-16 09:15:00+00:00|long,
futures,YM,ict_sweep_fvg,short,23927,23929,23929,2024-12-16 14:15:00+00:00,2024-12-16 14:45:00+00:00,2024-12-16 14:45:00+00:00,43902.0,43869.0,33.0,30.0,1.0,33.0,33.0,3.0,tp,0,YM:ict_sweep_fvg,35.0,0.5,525.0,630.0,577.5,2024-12-16,precision_sprint,ict_sweep_fvg,precision_sprint,YM|ict_sweep_fvg|2024-12-16 14:45:00+00:00|short,
futures,CL,momentum,long,342891,342892,342897,2024-12-16 16:15:00+00:00,2024-12-16 16:30:00+00:00,2024-12-16 17:45:00+00:00,70.51,70.95,43.99999999999977,40.99999999999977,0.0815109343936377,500.0,500.0,3.0,signal,5,CL:momentum,2.0,1.0,81.99999999999955,1006.0,1000.0,2024-12-16,precision_sprint,momentum,precision_sprint,CL|momentum|2024-12-16 16:30:00+00:00|long,
futures,NQ,momentum,long,340417,340418,340421,2024-12-17 15:00:00+00:00,2024-12-17 15:15:00+00:00,2024-12-17 16:00:00+00:00,21976.25,22013.75,150.0,147.0,0.2922465208747515,150.0,500.0,3.0,tp,3,NQ:momentum,4.0,0.5,294.0,1006.0,300.0,2024-12-17,precision_sprint,momentum,precision_sprint,NQ|momentum|2024-12-17 15:15:00+00:00|long,
futures,CL,momentum,short,343041,343042,343091,2024-12-18 07:45:00+00:00,2024-12-18 08:00:00+00:00,2024-12-18 20:15:00+00:00,70.04,69.6,44.0000000000012,41.0000000000012,0.0815109343936405,500.0,500.0,3.0,signal,49,CL:momentum,2.0,1.0,82.0000000000024,1006.0,1000.0,2024-12-18,precision_sprint,momentum,precision_sprint,CL|momentum|2024-12-18 08:00:00+00:00|short,
futures,NQ,momentum,long,340504,340505,340511,2024-12-18 13:45:00+00:00,2024-12-18 14:00:00+00:00,2024-12-18 15:30:00+00:00,21987.75,22025.25,150.0,147.0,0.2922465208747515,150.0,500.0,3.0,tp,6,NQ:momentum,4.0,0.5,294.0,1006.0,300.0,2024-12-18,precision_sprint,momentum,precision_sprint,NQ|momentum|2024-12-18 14:00:00+00:00|long,
futures,GC,,short,50247,50248,50252,2024-12-18 15:00:00+00:00,2024-12-18 15:15:00+00:00,2024-12-18 16:15:00+00:00,2653.0,2656.1,-30.99999999999909,-33.99999999999909,-1.0,46.49999999999636,30.99999999999909,3.0,sl,4,,25.0,1.0,-849.9999999999773,849.9999999999773,1162.499999999909,2024-12-18,reddit_research,reddit_orb_breakout,reddit_orb_breakout|ny|range=15|entry=150|rr=1.5|sl_atr=1|tp_atr=1.5|threshold=2|adx_max=none|adx_min=none|rsi2=none|trend=all|max_bars=24,GC|reddit_orb_breakout|2024-12-18 15:15:00+00:00|short,GC	reddit_orb_breakout	reddit_orb_breakout|ny|range=15|entry=150|rr=1.5|sl_atr=1|tp_atr=1.5|threshold=2|adx_max=none|adx_min=none|rsi2=none|trend=all|max_bars=24
futures,CL,momentum,short,343138,343139,343166,2024-12-19 09:00:00+00:00,2024-12-19 09:15:00+00:00,2024-12-19 16:00:00+00:00,69.97,69.67,29.99999999999972,26.99999999999972,0.053677932405566,500.0,500.0,3.0,signal,27,CL:momentum,2.0,1.0,53.99999999999944,1006.0,1000.0,2024-12-19,precision_sprint,momentum,precision_sprint,CL|momentum|2024-12-19 09:15:00+00:00|short,
futures,HG,,short,50543,50544,50554,2024-12-20 15:30:00+00:00,2024-12-20 15:45:00+00:00,2024-12-20 18:15:00+00:00,4.0965,4.108789499999999,-24.57899999999924,-27.57899999999924,-1.0,61.44749999999988,24.57899999999924,3.0,sl,10,,35.0,1.25,-1206.5812499999668,1206.5812499999668,2688.3281249999945,2024-12-20,reddit_research,reddit_capitulation_reversion,reddit_capitulation_reversion|ny|range=15|entry=150|rr=2.5|sl_atr=1|tp_atr=1.5|threshold=1.75|adx_max=none|adx_min=none|rsi2=10.0|trend=both|max_bars=24,HG|reddit_capitulation_reversion|2024-12-20 15:45:00+00:00|short,HG	reddit_capitulation_reversion	reddit_capitulation_reversion|ny|range=15|entry=150|rr=2.5|sl_atr=1|tp_atr=1.5|threshold=1.75|adx_max=none|adx_min=none|rsi2=10.0|trend=both|max_bars=24
futures,6B,mean_reversion,short,342286,342287,342338,2024-12-20 20:45:00+00:00,2024-12-20 21:00:00+00:00,2024-12-23 10:45:00+00:00,1.2567,1.2541,25.99999999999936,22.99999999999936,0.1133004926108342,500.0,200.0,3.0,signal,51,6B:mean_reversion,9.0,0.625,129.3749999999964,1141.875,2812.5,2024-12-20,precision_sprint,mean_reversion,precision_sprint,6B|mean_reversion|2024-12-20 21:00:00+00:00|short,
futures,CL,momentum,long,343327,343328,343436,2024-12-23 10:15:00+00:00,2024-12-23 10:30:00+00:00,2024-12-24 14:30:00+00:00,69.41,70.12,71.0000000000008,68.0000000000008,0.1351888667992063,500.0,500.0,3.0,signal,108,CL:momentum,2.0,1.0,136.0000000000016,1006.0,1000.0,2024-12-23,precision_sprint,momentum,precision_sprint,CL|momentum|2024-12-23 10:30:00+00:00|long,
futures,GC,,short,50522,50523,50524,2024-12-23 14:45:00+00:00,2024-12-23 15:00:00+00:00,2024-12-23 15:15:00+00:00,2629.8,2625.0000000000005,47.99999999999727,44.99999999999727,1.2857142857142745,47.99999999999727,31.99999999999818,3.0,tp,1,,25.0,1.0,1124.9999999999318,874.9999999999545,1199.9999999999318,2024-12-23,reddit_research,reddit_orb_breakout,reddit_orb_breakout|ny|range=15|entry=150|rr=1.5|sl_atr=1|tp_atr=1.5|threshold=2|adx_max=none|adx_min=none|rsi2=none|trend=all|max_bars=24,GC|reddit_orb_breakout|2024-12-23 15:00:00+00:00|short,GC	reddit_orb_breakout	reddit_orb_breakout|ny|range=15|entry=150|rr=1.5|sl_atr=1|tp_atr=1.5|threshold=2|adx_max=none|adx_min=none|rsi2=none|trend=all|max_bars=24
futures,NQ,,short,50590,50591,50592,2024-12-23 16:00:00+00:00,2024-12-23 16:15:00+00:00,2024-12-23 16:30:00+00:00,21606.75,21675.5,-275.0,-278.0,-1.0,550.0,275.0,3.0,sl,1,,8.0,0.5,-1112.0,1112.0,2200.0,2024-12-23,reddit_research,reddit_orb_retest,reddit_orb_retest|ny|range=15|entry=150|rr=2|sl_atr=1|tp_atr=1.5|threshold=2|adx_max=none|adx_min=none|rsi2=none|trend=all|max_bars=24,NQ|reddit_orb_retest|2024-12-23 16:15:00+00:00|short,NQ	reddit_orb_retest	reddit_orb_retest|ny|range=15|entry=150|rr=2|sl_atr=1|tp_atr=1.5|threshold=2|adx_max=none|adx_min=none|rsi2=none|trend=all|max_bars=24
futures,NQ,ict_sweep_fvg,short,24453,24458,24458,2024-12-24 07:45:00+00:00,2024-12-24 09:00:00+00:00,2024-12-24 09:00:00+00:00,21784.0,21769.25,59.0,56.0,1.0,59.0,59.0,3.0,tp,0,NQ:ict_sweep_fvg,15.0,0.5,420.0,465.0,442.5,2024-12-24,precision_sprint,ict_sweep_fvg,precision_sprint,NQ|ict_sweep_fvg|2024-12-24 09:00:00+00:00|short,
futures,CL,ict_sweep_fvg,short,24527,24531,24531,2024-12-24 11:15:00+00:00,2024-12-24 12:15:00+00:00,2024-12-24 12:15:00+00:00,69.83,69.68,14.999999999999147,11.999999999999147,0.9999999999998817,14.999999999999147,15.000000000000568,3.0,tp,0,CL:ict_sweep_fvg,35.0,1.0,419.99999999997016,630.0000000000199,524.9999999999702,2024-12-24,precision_sprint,ict_sweep_fvg,precision_sprint,CL|ict_sweep_fvg|2024-12-24 12:15:00+00:00|short,
futures,YM,,long,50677,50678,50678,2024-12-24 14:45:00+00:00,2024-12-24 15:00:00+00:00,2024-12-24 15:00:00+00:00,43315.0,43357.72115152551,42.72115152551123,39.72115152551123,1.26175930411359,42.72115152551123,28.48076768367173,3.0,tp,1,,75.0,0.5,1489.5431822066712,1180.5287881376898,1602.0431822066712,2024-12-24,reddit_research,reddit_ema_pullback,reddit_ema_pullback|ny|range=15|entry=150|rr=1.5|sl_atr=1|tp_atr=1.5|threshold=2|adx_max=none|adx_min=none|rsi2=none|trend=both|max_bars=24,YM|reddit_ema_pullback|2024-12-24 15:00:00+00:00|long,YM	reddit_ema_pullback	reddit_ema_pullback|ny|range=15|entry=150|rr=1.5|sl_atr=1|tp_atr=1.5|threshold=2|adx_max=none|adx_min=none|rsi2=none|trend=both|max_bars=24
futures,RTY,ict_sweep_fvg,long,24510,24515,24517,2024-12-26 03:00:00+00:00,2024-12-26 04:15:00+00:00,2024-12-26 04:45:00+00:00,2278.6,2277.8,-7.999999999997271,-10.999999999997272,-1.0,8.000000000001819,7.999999999997271,3.0,sl,2,RTY:ict_sweep_fvg,40.0,0.5,-219.99999999994543,219.99999999994543,160.00000000003638,2024-12-26,precision_sprint,ict_sweep_fvg,precision_sprint,RTY|ict_sweep_fvg|2024-12-26 04:15:00+00:00|long,
futures,HG,,short,50778,50779,50779,2024-12-26 08:30:00+00:00,2024-12-26 08:45:00+00:00,2024-12-26 08:45:00+00:00,4.0895,4.098,-16.99999999999946,-19.99999999999946,-1.0,25.49999999999919,16.99999999999946,3.0,sl,1,,50.0,1.25,-1249.9999999999663,1249.9999999999663,1593.7499999999493,2024-12-26,reddit_research,reddit_orb_breakout,reddit_orb_breakout|london|range=15|entry=150|rr=1.5|sl_atr=1|tp_atr=1.5|threshold=2|adx_max=none|adx_min=none|rsi2=none|trend=all|max_bars=24,HG|reddit_orb_breakout|2024-12-26 08:45:00+00:00|short,HG	reddit_orb_breakout	reddit_orb_breakout|london|range=15|entry=150|rr=1.5|sl_atr=1|tp_atr=1.5|threshold=2|adx_max=none|adx_min=none|rsi2=none|trend=all|max_bars=24
futures,YM,ict_sweep_fvg,long,24649,24651,24651,2024-12-27 14:30:00+00:00,2024-12-27 15:00:00+00:00,2024-12-27 15:00:00+00:00,43441.0,43382.0,-59.0,-62.0,-1.0,59.0,59.0,3.0,sl,0,YM:ict_sweep_fvg,35.0,0.5,-1085.0,1085.0,1032.5,2024-12-27,precision_sprint,ict_sweep_fvg,precision_sprint,YM|ict_sweep_fvg|2024-12-27 15:00:00+00:00|long,
futures,RTY,ict_sweep_fvg,long,24665,24672,24672,2024-12-27 18:45:00+00:00,2024-12-27 20:30:00+00:00,2024-12-27 20:30:00+00:00,2256.7000000000003,2261.0,42.99999999999727,39.99999999999727,0.8695652173912106,42.99999999999727,43.00000000000182,3.0,tp,0,RTY:ict_sweep_fvg,40.0,0.5,799.9999999999454,920.0000000000364,859.9999999999454,2024-12-27,precision_sprint,ict_sweep_fvg,precision_sprint,RTY|ict_sweep_fvg|2024-12-27 20:30:00+00:00|long,
futures,HG,,short,50961,50962,50966,2024-12-30 08:15:00+00:00,2024-12-30 08:30:00+00:00,2024-12-30 09:30:00+00:00,4.121,4.109000000000002,23.99999999999736,20.99999999999736,1.1052631578947003,23.99999999999736,15.999999999998238,3.0,tp,4,,50.0,1.25,1312.4999999998347,1187.49999999989,1499.9999999998347,2024-12-30,reddit_research,reddit_orb_breakout,reddit_orb_breakout|london|range=15|entry=150|rr=1.5|sl_atr=1|tp_atr=1.5|threshold=2|adx_max=none|adx_min=none|rsi2=none|trend=all|max_bars=24,HG|reddit_orb_breakout|2024-12-30 08:30:00+00:00|short,HG	reddit_orb_breakout	reddit_orb_breakout|london|range=15|entry=150|rr=1.5|sl_atr=1|tp_atr=1.5|threshold=2|adx_max=none|adx_min=none|rsi2=none|trend=all|max_bars=24
futures,CL,momentum,long,343676,343677,343690,2024-12-30 08:45:00+00:00,2024-12-30 09:00:00+00:00,2024-12-30 12:15:00+00:00,70.23,70.95,71.99999999999989,68.99999999999989,0.1371769383697811,500.0,500.0,3.0,signal,13,CL:momentum,2.0,1.0,137.99999999999977,1006.0,1000.0,2024-12-30,precision_sprint,momentum,precision_sprint,CL|momentum|2024-12-30 09:00:00+00:00|long,
futures,CL,ict_sweep_fvg,short,24779,24782,24782,2024-12-30 08:30:00+00:00,2024-12-30 09:15:00+00:00,2024-12-30 09:15:00+00:00,70.46000000000001,70.58,-11.999999999999034,-14.999999999999034,-1.6666666666667382,12.000000000000457,11.999999999999034,3.0,sl,0,CL:ict_sweep_fvg,35.0,1.0,-524.9999999999661,524.9999999999661,420.000000000016,2024-12-30,precision_sprint,ict_sweep_fvg,precision_sprint,CL|ict_sweep_fvg|2024-12-30 09:15:00+00:00|short,
futures,CL,momentum,long,343784,343785,343790,2024-12-31 12:45:00+00:00,2024-12-31 13:00:00+00:00,2024-12-31 14:15:00+00:00,70.98,71.49,50.99999999999909,47.99999999999909,0.0954274353876721,500.0,500.0,3.0,signal,5,CL:momentum,2.0,1.0,95.99999999999818,1006.0,1000.0,2024-12-31,precision_sprint,momentum,precision_sprint,CL|momentum|2024-12-31 13:00:00+00:00|long,
futures,CL,ict_sweep_fvg,short,24886,24893,24893,2024-12-31 12:15:00+00:00,2024-12-31 14:00:00+00:00,2024-12-31 14:00:00+00:00,71.5,71.34,15.99999999999966,12.99999999999966,1.0,15.99999999999966,15.99999999999966,3.0,tp,0,CL:ict_sweep_fvg,35.0,1.0,454.9999999999881,664.9999999999881,559.9999999999882,2024-12-31,precision_sprint,ict_sweep_fvg,precision_sprint,CL|ict_sweep_fvg|2024-12-31 14:00:00+00:00|short,
futures,CL,ict_sweep_fvg,short,24942,24957,24957,2025-01-02 03:15:00+00:00,2025-01-02 07:00:00+00:00,2025-01-02 07:00:00+00:00,72.06,72.02,4.000000000000625,1.0000000000006253,1.0,4.000000000000625,4.000000000000625,3.0,tp,0,CL:ict_sweep_fvg,35.0,1.0,35.000000000021885,245.00000000002188,140.00000000002188,2025-01-02,precision_sprint,ict_sweep_fvg,precision_sprint,CL|ict_sweep_fvg|2025-01-02 07:00:00+00:00|short,
futures,CL,ict_sweep_fvg,short,24959,24961,24961,2025-01-02 07:30:00+00:00,2025-01-02 08:00:00+00:00,2025-01-02 08:00:00+00:00,72.05,71.99,6.000000000000227,3.000000000000228,1.0,6.000000000000227,6.000000000000227,3.0,tp,0,CL:ict_sweep_fvg,35.0,1.0,105.00000000000796,315.000000000008,210.000000000008,2025-01-02,precision_sprint,ict_sweep_fvg,precision_sprint,CL|ict_sweep_fvg|2025-01-02 08:00:00+00:00|short,
futures,GC,ict_sweep_fvg,short,25005,25021,25026,2025-01-03 07:00:00+00:00,2025-01-03 11:00:00+00:00,2025-01-03 12:15:00+00:00,2672.7000000000003,2670.6000000000004,20.99999999999909,17.99999999999909,1.0,20.99999999999909,20.99999999999909,3.0,tp,5,GC:ict_sweep_fvg,15.0,1.0,269.9999999999864,359.9999999999864,314.9999999999864,2025-01-03,precision_sprint,ict_sweep_fvg,precision_sprint,GC|ict_sweep_fvg|2025-01-03 11:00:00+00:00|short,
futures,GC,ict_sweep_fvg,long,25070,25077,25077,2025-01-06 00:15:00+00:00,2025-01-06 02:00:00+00:00,2025-01-06 02:00:00+00:00,2653.3,2655.5,21.99999999999818,18.99999999999818,0.7599999999999826,21.99999999999818,21.99999999999818,3.0,tp,0,GC:ict_sweep_fvg,15.0,1.0,284.9999999999727,374.9999999999727,329.9999999999727,2025-01-06,precision_sprint,ict_sweep_fvg,precision_sprint,GC|ict_sweep_fvg|2025-01-06 02:00:00+00:00|long,
futures,GC,ict_sweep_fvg,long,25114,25122,25122,2025-01-06 11:15:00+00:00,2025-01-06 13:15:00+00:00,2025-01-06 13:15:00+00:00,2653.4,2657.9,45.0,42.0,0.875,45.0,45.0,3.0,tp,0,GC:ict_sweep_fvg,15.0,1.0,630.0,720.0,675.0,2025-01-06,precision_sprint,ict_sweep_fvg,precision_sprint,GC|ict_sweep_fvg|2025-01-06 13:15:00+00:00|long,
futures,YM,ict_sweep_fvg,short,25129,25139,25143,2025-01-06 19:30:00+00:00,2025-01-06 23:00:00+00:00,2025-01-07 00:00:00+00:00,43033.0,42994.0,39.0,36.0,1.0,39.0,39.0,3.0,tp,4,YM:ict_sweep_fvg,35.0,0.5,630.0,735.0,682.5,2025-01-07,precision_sprint,ict_sweep_fvg,precision_sprint,YM|ict_sweep_fvg|2025-01-06 23:00:00+00:00|short,
futures,NQ,ict_sweep_fvg,long,25215,25217,25217,2025-01-07 18:00:00+00:00,2025-01-07 18:30:00+00:00,2025-01-07 18:30:00+00:00,21462.0,21438.5,-94.0,-97.0,-1.0,94.0,94.0,3.0,sl,0,NQ:ict_sweep_fvg,15.0,0.5,-727.5,727.5,705.0,2025-01-07,precision_sprint,ict_sweep_fvg,precision_sprint,NQ|ict_sweep_fvg|2025-01-07 18:30:00+00:00|long,
futures,YM,ict_sweep_fvg,long,25214,25221,25221,2025-01-07 17:45:00+00:00,2025-01-07 19:30:00+00:00,2025-01-07 19:30:00+00:00,42867.0,42918.0,51.0,48.0,0.8888888888888888,51.0,51.0,3.0,tp,0,YM:ict_sweep_fvg,35.0,0.5,840.0,945.0,892.5,2025-01-07,precision_sprint,ict_sweep_fvg,precision_sprint,YM|ict_sweep_fvg|2025-01-07 19:30:00+00:00|long,
futures,CL,ict_sweep_fvg,short,25339,25348,25349,2025-01-08 10:30:00+00:00,2025-01-08 12:45:00+00:00,2025-01-08 13:00:00+00:00,74.89,74.67,21.999999999999886,18.999999999999886,1.0,21.999999999999886,21.999999999999886,3.0,tp,1,CL:ict_sweep_fvg,35.0,1.0,664.999999999996,874.999999999996,769.999999999996,2025-01-08,precision_sprint,ict_sweep_fvg,precision_sprint,CL|ict_sweep_fvg|2025-01-08 12:45:00+00:00|short,
futures,YM,ict_sweep_fvg,long,25306,25310,25310,2025-01-08 17:45:00+00:00,2025-01-08 18:45:00+00:00,2025-01-08 18:45:00+00:00,42679.0,42727.0,48.0,45.0,0.8823529411764706,48.0,48.0,3.0,tp,0,YM:ict_sweep_fvg,35.0,0.5,787.5,892.5,840.0,2025-01-08,precision_sprint,ict_sweep_fvg,precision_sprint,YM|ict_sweep_fvg|2025-01-08 18:45:00+00:00|long,
futures,CL,ict_sweep_fvg,long,25401,25410,25410,2025-01-09 03:00:00+00:00,2025-01-09 05:15:00+00:00,2025-01-09 05:15:00+00:00,73.14,73.2,6.000000000000227,3.000000000000228,0.3333333333333502,6.000000000000227,6.000000000000227,3.0,tp,0,CL:ict_sweep_fvg,35.0,1.0,105.00000000000796,315.000000000008,210.000000000008,2025-01-09,precision_sprint,ict_sweep_fvg,precision_sprint,CL|ict_sweep_fvg|2025-01-09 05:15:00+00:00|long,
futures,CL,ict_sweep_fvg,long,25411,25418,25418,2025-01-09 05:30:00+00:00,2025-01-09 07:15:00+00:00,2025-01-09 07:15:00+00:00,73.2,73.28,7.999999999999829,4.9999999999998295,0.4545454545454461,7.999999999999829,7.999999999999829,3.0,tp,0,CL:ict_sweep_fvg,35.0,1.0,174.99999999999403,384.999999999994,279.999999999994,2025-01-09,precision_sprint,ict_sweep_fvg,precision_sprint,CL|ict_sweep_fvg|2025-01-09 07:15:00+00:00|long,
futures,CL,ict_sweep_fvg,short,25485,25501,25504,2025-01-10 01:00:00+00:00,2025-01-10 05:00:00+00:00,2025-01-10 05:45:00+00:00,74.28,74.38,-9.999999999999432,-12.999999999999432,-1.8571428571429267,9.999999999999432,9.999999999999432,3.0,sl,3,CL:ict_sweep_fvg,35.0,1.0,-454.9999999999801,454.9999999999801,349.9999999999801,2025-01-10,precision_sprint,ict_sweep_fvg,precision_sprint,CL|ict_sweep_fvg|2025-01-10 05:00:00+00:00|short,
futures,RTY,ict_sweep_fvg,long,25428,25442,25442,2025-01-10 10:00:00+00:00,2025-01-10 13:30:00+00:00,2025-01-10 13:30:00+00:00,2239.4,2236.6,-28.00000000000182,-31.00000000000182,-1.0,28.00000000000182,28.00000000000182,3.0,sl,0,RTY:ict_sweep_fvg,40.0,0.5,-620.0000000000364,620.0000000000364,560.0000000000364,2025-01-10,precision_sprint,ict_sweep_fvg,precision_sprint,RTY|ict_sweep_fvg|2025-01-10 13:30:00+00:00|long,
futures,GC,ict_sweep_fvg,long,25542,25547,25547,2025-01-13 03:15:00+00:00,2025-01-13 04:30:00+00:00,2025-01-13 04:30:00+00:00,2714.6000000000004,2713.1000000000004,-15.0,-18.0,-1.0,15.0,15.0,3.0,sl,0,GC:ict_sweep_fvg,15.0,1.0,-270.0,270.0,225.0,2025-01-13,precision_sprint,ict_sweep_fvg,precision_sprint,GC|ict_sweep_fvg|2025-01-13 04:30:00+00:00|long,
futures,CL,ict_sweep_fvg,short,25609,25618,25619,2025-01-13 09:00:00+00:00,2025-01-13 11:15:00+00:00,2025-01-13 11:30:00+00:00,78.3,78.07000000000001,22.999999999998977,19.999999999998977,0.999999999999929,22.999999999998977,23.0000000000004,3.0,tp,1,CL:ict_sweep_fvg,35.0,1.0,699.9999999999642,910.000000000014,804.9999999999642,2025-01-13,precision_sprint,ict_sweep_fvg,precision_sprint,CL|ict_sweep_fvg|2025-01-13 11:15:00+00:00|short,
futures,RTY,ict_sweep_fvg,short,25613,25618,25618,2025-01-14 10:15:00+00:00,2025-01-14 11:30:00+00:00,2025-01-14 11:30:00+00:00,2221.5,2219.9,15.99999999999909,12.99999999999909,1.0,15.99999999999909,15.99999999999909,3.0,tp,0,RTY:ict_sweep_fvg,40.0,0.5,259.9999999999818,379.9999999999818,319.9999999999818,2025-01-14,precision_sprint,ict_sweep_fvg,precision_sprint,RTY|ict_sweep_fvg|2025-01-14 11:30:00+00:00|short,
futures,RTY,ict_sweep_fvg,short,25636,25646,25646,2025-01-14 16:00:00+00:00,2025-01-14 18:30:00+00:00,2025-01-14 18:30:00+00:00,2226.9,2230.8,-39.00000000000091,-42.00000000000091,-1.1666666666666623,39.00000000000091,39.00000000000091,3.0,sl,0,RTY:ict_sweep_fvg,40.0,0.5,-840.0000000000182,840.0000000000182,780.0000000000182,2025-01-14,precision_sprint,ict_sweep_fvg,precision_sprint,RTY|ict_sweep_fvg|2025-01-14 18:30:00+00:00|short,
futures,YM,ict_sweep_fvg,short,25637,25647,25647,2025-01-14 16:00:00+00:00,2025-01-14 18:30:00+00:00,2025-01-14 18:30:00+00:00,42633.0,42676.0,-43.0,-46.0,-1.15,43.0,43.0,3.0,sl,0,YM:ict_sweep_fvg,35.0,0.5,-805.0,805.0,752.5,2025-01-14,precision_sprint,ict_sweep_fvg,precision_sprint,YM|ict_sweep_fvg|2025-01-14 18:30:00+00:00|short,
futures,NQ,momentum,short,342053,342054,342057,2025-01-14 21:15:00+00:00,2025-01-14 21:30:00+00:00,2025-01-14 23:15:00+00:00,20984.5,20947.0,150.0,147.0,0.2922465208747515,150.0,500.0,3.0,tp,3,NQ:momentum,4.0,0.5,294.0,1006.0,300.0,2025-01-14,precision_sprint,momentum,precision_sprint,NQ|momentum|2025-01-14 21:30:00+00:00|short,
futures,CL,ict_sweep_fvg,long,25820,25824,25824,2025-01-15 15:45:00+00:00,2025-01-15 16:45:00+00:00,2025-01-15 16:45:00+00:00,77.66,77.94,28.00000000000012,25.00000000000012,0.8064516129032265,28.00000000000012,28.00000000000012,3.0,tp,0,CL:ict_sweep_fvg,35.0,1.0,875.0000000000041,1085.000000000004,980.000000000004,2025-01-15,precision_sprint,ict_sweep_fvg,precision_sprint,CL|ict_sweep_fvg|2025-01-15 16:45:00+00:00|long,
futures,CL,momentum,long,344791,344792,344801,2025-01-16 11:30:00+00:00,2025-01-16 11:45:00+00:00,2025-01-16 14:00:00+00:00,77.92,78.58,65.99999999999966,62.99999999999966,0.1252485089463214,500.0,500.0,3.0,signal,9,CL:momentum,2.0,1.0,125.99999999999932,1006.0,1000.0,2025-01-16,precision_sprint,momentum,precision_sprint,CL|momentum|2025-01-16 11:45:00+00:00|long,
futures,YM,ict_sweep_fvg,short,25800,25815,25815,2025-01-16 10:45:00+00:00,2025-01-16 14:30:00+00:00,2025-01-16 14:30:00+00:00,43518.0,43462.0,56.0,53.0,1.0,56.0,56.0,3.0,tp,0,YM:ict_sweep_fvg,35.0,0.5,927.5,1032.5,980.0,2025-01-16,precision_sprint,ict_sweep_fvg,precision_sprint,YM|ict_sweep_fvg|2025-01-16 14:30:00+00:00|short,
futures,NQ,ict_sweep_fvg,short,25815,25821,25821,2025-01-16 14:30:00+00:00,2025-01-16 16:00:00+00:00,2025-01-16 16:00:00+00:00,21460.0,21421.75,153.0,150.0,1.0,153.0,153.0,3.0,tp,0,NQ:ict_sweep_fvg,15.0,0.5,1125.0,1170.0,1147.5,2025-01-16,precision_sprint,ict_sweep_fvg,precision_sprint,NQ|ict_sweep_fvg|2025-01-16 16:00:00+00:00|short,
futures,CL,momentum,short,344979,344980,344984,2025-01-20 12:30:00+00:00,2025-01-20 12:45:00+00:00,2025-01-20 13:45:00+00:00,77.5,76.52,98.0000000000004,95.0000000000004,0.1888667992047721,500.0,500.0,3.0,signal,4,CL:momentum,2.0,1.0,190.0000000000008,1006.0,1000.0,2025-01-20,precision_sprint,momentum,precision_sprint,CL|momentum|2025-01-20 12:45:00+00:00|short,
futures,CL,ict_sweep_fvg,long,26081,26087,26087,2025-01-20 12:00:00+00:00,2025-01-20 13:30:00+00:00,2025-01-20 13:30:00+00:00,77.24,77.17,-6.999999999999318,-9.999999999999318,-1.0,7.000000000000739,6.999999999999318,3.0,sl,0,CL:ict_sweep_fvg,35.0,1.0,-349.9999999999761,349.9999999999761,245.00000000002584,2025-01-20,precision_sprint,ict_sweep_fvg,precision_sprint,CL|ict_sweep_fvg|2025-01-20 13:30:00+00:00|long,
futures,NQ,ict_sweep_fvg,short,25986,25995,25995,2025-01-20 11:15:00+00:00,2025-01-20 13:30:00+00:00,2025-01-20 13:30:00+00:00,21613.25,21624.25,-44.0,-47.0,-1.146341463414634,44.0,44.0,3.0,sl,0,NQ:ict_sweep_fvg,15.0,0.5,-352.5,352.5,330.0,2025-01-20,precision_sprint,ict_sweep_fvg,precision_sprint,NQ|ict_sweep_fvg|2025-01-20 13:30:00+00:00|short,
futures,YM,ict_sweep_fvg,short,25988,25995,25995,2025-01-20 11:45:00+00:00,2025-01-20 13:30:00+00:00,2025-01-20 13:30:00+00:00,43722.0,43735.0,-13.0,-16.0,-1.6,13.0,13.0,3.0,sl,0,YM:ict_sweep_fvg,35.0,0.5,-280.0,280.0,227.5,2025-01-20,precision_sprint,ict_sweep_fvg,precision_sprint,YM|ict_sweep_fvg|2025-01-20 13:30:00+00:00|short,
futures,NQ,,short,52202,52203,52209,2025-01-20 16:15:00+00:00,2025-01-20 16:30:00+00:00,2025-01-20 23:00:00+00:00,21707.75,21712.5,-19.0,-22.0,-0.0766550522648083,568.0,284.0,3.0,session_close,6,,8.0,0.5,-88.0,1148.0,2272.0,2025-01-20,reddit_research,reddit_orb_retest,reddit_orb_retest|ny|range=15|entry=150|rr=2|sl_atr=1|tp_atr=1.5|threshold=2|adx_max=none|adx_min=none|rsi2=none|trend=all|max_bars=24,NQ|reddit_orb_retest|2025-01-20 16:30:00+00:00|short,NQ	reddit_orb_retest	reddit_orb_retest|ny|range=15|entry=150|rr=2|sl_atr=1|tp_atr=1.5|threshold=2|adx_max=none|adx_min=none|rsi2=none|trend=all|max_bars=24
futures,CL,momentum,short,345019,345020,345050,2025-01-21 02:00:00+00:00,2025-01-21 02:15:00+00:00,2025-01-21 09:45:00+00:00,77.07,76.01,105.9999999999988,102.9999999999988,0.2047713717693813,500.0,500.0,3.0,signal,30,CL:momentum,2.0,1.0,205.9999999999976,1006.0,1000.0,2025-01-21,precision_sprint,momentum,precision_sprint,CL|momentum|2025-01-21 02:15:00+00:00|short,
futures,CL,momentum,short,345139,345140,345153,2025-01-22 09:00:00+00:00,2025-01-22 09:15:00+00:00,2025-01-22 12:30:00+00:00,76.19,75.84,34.99999999999943,31.99999999999943,0.0636182902584481,500.0,500.0,3.0,signal,13,CL:momentum,2.0,1.0,63.99999999999886,1006.0,1000.0,2025-01-22,precision_sprint,momentum,precision_sprint,CL|momentum|2025-01-22 09:15:00+00:00|short,
futures,CL,momentum,short,345172,345173,345178,2025-01-22 17:15:00+00:00,2025-01-22 17:30:00+00:00,2025-01-22 18:45:00+00:00,76.05,75.46,59.00000000000034,56.00000000000034,0.1113320079522869,500.0,500.0,3.0,signal,5,CL:momentum,2.0,1.0,112.00000000000068,1006.0,1000.0,2025-01-22,precision_sprint,momentum,precision_sprint,CL|momentum|2025-01-22 17:30:00+00:00|short,
futures,CL,ict_sweep_fvg,long,26330,26340,26340,2025-01-23 07:45:00+00:00,2025-01-23 10:15:00+00:00,2025-01-23 10:15:00+00:00,75.22,75.31,9.000000000000341,6.000000000000341,0.5000000000000142,9.000000000000341,9.000000000000341,3.0,tp,0,CL:ict_sweep_fvg,35.0,1.0,210.00000000001197,420.000000000012,315.00000000001194,2025-01-23,precision_sprint,ict_sweep_fvg,precision_sprint,CL|ict_sweep_fvg|2025-01-23 10:15:00+00:00|long,
futures,NQ,,long,52461,52462,52481,2025-01-23 16:00:00+00:00,2025-01-23 16:15:00+00:00,2025-01-23 21:00:00+00:00,21939.25,22025.25,344.0,341.0,1.152027027027027,586.0,293.0,3.0,session_close,19,,8.0,0.5,1364.0,1184.0,2344.0,2025-01-23,reddit_research,reddit_orb_retest,reddit_orb_retest|ny|range=15|entry=150|rr=2|sl_atr=1|tp_atr=1.5|threshold=2|adx_max=none|adx_min=none|rsi2=none|trend=all|max_bars=24,NQ|reddit_orb_retest|2025-01-23 16:15:00+00:00|long,NQ	reddit_orb_retest	reddit_orb_retest|ny|range=15|entry=150|rr=2|sl_atr=1|tp_atr=1.5|threshold=2|adx_max=none|adx_min=none|rsi2=none|trend=all|max_bars=24
futures,NQ,momentum,long,342759,342760,342776,2025-01-24 17:45:00+00:00,2025-01-24 18:00:00+00:00,2025-01-26 23:00:00+00:00,21941.75,21816.75,-500.0,-503.0,-1.0,150.0,500.0,3.0,sl,16,NQ:momentum,4.0,0.5,-1006.0,1006.0,300.0,2025-01-24,precision_sprint,momentum,precision_sprint,NQ|momentum|2025-01-24 18:00:00+00:00|long,
futures,CL,ict_sweep_fvg,short,26527,26539,26539,2025-01-27 11:00:00+00:00,2025-01-27 14:00:00+00:00,2025-01-27 14:00:00+00:00,74.52,74.29,22.999999999998977,19.999999999998977,0.999999999999929,22.999999999998977,23.0000000000004,3.0,tp,0,CL:ict_sweep_fvg,35.0,1.0,699.9999999999642,910.000000000014,804.9999999999642,2025-01-27,precision_sprint,ict_sweep_fvg,precision_sprint,CL|ict_sweep_fvg|2025-01-27 14:00:00+00:00|short,
futures,GC,,long,52709,52710,52716,2025-01-28 15:15:00+00:00,2025-01-28 15:30:00+00:00,2025-01-28 17:00:00+00:00,2761.5,2767.65,61.49999999999636,58.49999999999636,1.3295454545453993,61.49999999999636,40.99999999999909,3.0,tp,6,,25.0,1.0,1462.499999999909,1099.9999999999773,1537.499999999909,2025-01-28,reddit_research,reddit_orb_breakout,reddit_orb_breakout|ny|range=15|entry=150|rr=1.5|sl_atr=1|tp_atr=1.5|threshold=2|adx_max=none|adx_min=none|rsi2=none|trend=all|max_bars=24,GC|reddit_orb_breakout|2025-01-28 15:30:00+00:00|long,GC	reddit_orb_breakout	reddit_orb_breakout|ny|range=15|entry=150|rr=1.5|sl_atr=1|tp_atr=1.5|threshold=2|adx_max=none|adx_min=none|rsi2=none|trend=all|max_bars=24
futures,NQ,momentum,short,342933,342934,342934,2025-01-28 15:15:00+00:00,2025-01-28 15:30:00+00:00,2025-01-28 15:30:00+00:00,21467.25,21429.75,150.0,147.0,0.2922465208747515,150.0,500.0,3.0,tp,1,NQ:momentum,4.0,0.5,294.0,1006.0,300.0,2025-01-28,precision_sprint,momentum,precision_sprint,NQ|momentum|2025-01-28 15:30:00+00:00|short,
futures,CL,momentum,short,345615,345616,345621,2025-01-29 13:00:00+00:00,2025-01-29 13:15:00+00:00,2025-01-29 14:30:00+00:00,73.63,73.11,51.9999999999996,48.9999999999996,0.0974155069582497,500.0,500.0,3.0,signal,5,CL:momentum,2.0,1.0,97.9999999999992,1006.0,1000.0,2025-01-29,precision_sprint,momentum,precision_sprint,CL|momentum|2025-01-29 13:15:00+00:00|short,
futures,NQ,ict_sweep_fvg,short,26621,26626,26626,2025-01-29 13:00:00+00:00,2025-01-29 14:15:00+00:00,2025-01-29 14:15:00+00:00,21623.75,21600.0,95.0,92.0,1.0,95.0,95.0,3.0,tp,0,NQ:ict_sweep_fvg,15.0,0.5,690.0,735.0,712.5,2025-01-29,precision_sprint,ict_sweep_fvg,precision_sprint,NQ|ict_sweep_fvg|2025-01-29 14:15:00+00:00|short,
futures,RTY,ict_sweep_fvg,short,26629,26646,26646,2025-01-29 15:15:00+00:00,2025-01-29 19:30:00+00:00,2025-01-29 19:30:00+00:00,2305.9,2301.1,48.00000000000182,45.00000000000182,1.0,48.00000000000182,48.00000000000182,3.0,tp,0,RTY:ict_sweep_fvg,40.0,0.5,900.0000000000364,1020.0000000000364,960.0000000000364,2025-01-29,precision_sprint,ict_sweep_fvg,precision_sprint,RTY|ict_sweep_fvg|2025-01-29 19:30:00+00:00|short,
futures,CL,ict_sweep_fvg,long,26802,26808,26808,2025-01-30 10:45:00+00:00,2025-01-30 12:15:00+00:00,2025-01-30 12:15:00+00:00,72.42,72.54,12.000000000000457,9.000000000000455,0.6000000000000121,12.000000000000457,12.000000000000457,3.0,tp,0,CL:ict_sweep_fvg,35.0,1.0,315.0000000000159,525.000000000016,420.000000000016,2025-01-30,precision_sprint,ict_sweep_fvg,precision_sprint,CL|ict_sweep_fvg|2025-01-30 12:15:00+00:00|long,
futures,CL,ict_sweep_fvg,long,26980,26985,26985,2025-02-03 09:15:00+00:00,2025-02-03 10:30:00+00:00,2025-02-03 10:30:00+00:00,73.91,74.11,20.000000000000284,17.000000000000284,0.7391304347826576,20.000000000000284,19.999999999998863,3.0,tp,0,CL:ict_sweep_fvg,35.0,1.0,595.00000000001,804.9999999999602,700.00000000001,2025-02-03,precision_sprint,ict_sweep_fvg,precision_sprint,CL|ict_sweep_fvg|2025-02-03 10:30:00+00:00|long,
futures,CL,momentum,long,345896,345897,346365,2025-02-03 14:15:00+00:00,2025-02-03 14:30:00+00:00,2025-02-10 16:30:00+00:00,73.45,72.2,-125.0,-128.0,-0.2544731610337972,500.0,500.0,3.0,signal,468,CL:momentum,2.0,1.0,-256.0,1006.0,1000.0,2025-02-03,precision_sprint,momentum,precision_sprint,CL|momentum|2025-02-03 14:30:00+00:00|long,
futures,NQ,momentum,short,343302,343303,343303,2025-02-03 15:30:00+00:00,2025-02-03 15:45:00+00:00,2025-02-03 15:45:00+00:00,21438.25,21400.75,150.0,147.0,0.2922465208747515,150.0,500.0,3.0,tp,1,NQ:momentum,4.0,0.5,294.0,1006.0,300.0,2025-02-03,precision_sprint,momentum,precision_sprint,NQ|momentum|2025-02-03 15:45:00+00:00|short,
futures,GC,ict_sweep_fvg,short,26957,26960,26960,2025-02-03 15:15:00+00:00,2025-02-03 16:00:00+00:00,2025-02-03 16:00:00+00:00,2861.1000000000004,2854.7000000000003,64.00000000000091,61.00000000000091,1.0000000000000746,64.00000000000091,63.99999999999636,3.0,tp,0,GC:ict_sweep_fvg,15.0,1.0,915.0000000000136,1004.9999999999454,960.0000000000136,2025-02-03,precision_sprint,ict_sweep_fvg,precision_sprint,GC|ict_sweep_fvg|2025-02-03 16:00:00+00:00|short,
futures,NQ,,long,53288,53289,53293,2025-02-05 15:45:00+00:00,2025-02-05 16:00:00+00:00,2025-02-05 17:00:00+00:00,21591.25,21735.75,578.0,575.0,1.9691780821917808,578.0,289.0,3.0,tp,4,,8.0,0.5,2300.0,1168.0,2312.0,2025-02-05,reddit_research,reddit_orb_retest,reddit_orb_retest|ny|range=15|entry=150|rr=2|sl_atr=1|tp_atr=1.5|threshold=2|adx_max=none|adx_min=none|rsi2=none|trend=all|max_bars=24,NQ|reddit_orb_retest|2025-02-05 16:00:00+00:00|long,NQ	reddit_orb_retest	reddit_orb_retest|ny|range=15|entry=150|rr=2|sl_atr=1|tp_atr=1.5|threshold=2|adx_max=none|adx_min=none|rsi2=none|trend=all|max_bars=24
futures,RTY,,long,53287,53288,53308,2025-02-05 15:45:00+00:00,2025-02-05 16:00:00+00:00,2025-02-05 21:00:00+00:00,2314.2,2324.5,103.00000000000182,100.00000000000182,1.190476190476225,161.99999999999818,80.99999999999909,3.0,session_close,20,,25.0,0.5,1250.0000000000227,1049.9999999999886,2024.9999999999773,2025-02-05,reddit_research,reddit_orb_retest,reddit_orb_retest|ny|range=15|entry=150|rr=2|sl_atr=1|tp_atr=1.5|threshold=2|adx_max=none|adx_min=none|rsi2=none|trend=all|max_bars=24,RTY|reddit_orb_retest|2025-02-05 16:00:00+00:00|long,RTY	reddit_orb_retest	reddit_orb_retest|ny|range=15|entry=150|rr=2|sl_atr=1|tp_atr=1.5|threshold=2|adx_max=none|adx_min=none|rsi2=none|trend=all|max_bars=24
futures,RTY,ict_sweep_fvg,short,27362,27374,27379,2025-02-10 14:30:00+00:00,2025-02-10 17:30:00+00:00,2025-02-10 18:45:00+00:00,2297.9,2302.7000000000003,-48.00000000000182,-51.00000000000182,-1.133333333333328,48.00000000000182,48.00000000000182,3.0,sl,5,RTY:ict_sweep_fvg,40.0,0.5,-1020.0000000000364,1020.0000000000364,960.0000000000364,2025-02-10,precision_sprint,ict_sweep_fvg,precision_sprint,RTY|ict_sweep_fvg|2025-02-10 17:30:00+00:00|short,
futures,RTY,,long,53653,53654,53676,2025-02-11 15:15:00+00:00,2025-02-11 15:30:00+00:00,2025-02-11 21:00:00+00:00,2283.5,2285.9,24.00000000000091,21.00000000000091,0.2413793103448355,168.00000000000182,84.00000000000091,3.0,session_close,22,,25.0,0.5,262.50000000001137,1087.5000000000114,2100.0000000000227,2025-02-11,reddit_research,reddit_orb_retest,reddit_orb_retest|ny|range=15|entry=150|rr=2|sl_atr=1|tp_atr=1.5|threshold=2|adx_max=none|adx_min=none|rsi2=none|trend=all|max_bars=24,RTY|reddit_orb_retest|2025-02-11 15:30:00+00:00|long,RTY	reddit_orb_retest	reddit_orb_retest|ny|range=15|entry=150|rr=2|sl_atr=1|tp_atr=1.5|threshold=2|adx_max=none|adx_min=none|rsi2=none|trend=all|max_bars=24
futures,RTY,ict_sweep_fvg,long,27459,27461,27461,2025-02-11 15:45:00+00:00,2025-02-11 16:15:00+00:00,2025-02-11 16:15:00+00:00,2286.4,2288.6,21.99999999999818,18.99999999999818,0.7599999999999826,21.99999999999818,21.99999999999818,3.0,tp,0,RTY:ict_sweep_fvg,40.0,0.5,379.9999999999636,499.9999999999636,439.9999999999636,2025-02-11,precision_sprint,ict_sweep_fvg,precision_sprint,RTY|ict_sweep_fvg|2025-02-11 16:15:00+00:00|long,
futures,CL,momentum,long,346516,346517,346717,2025-02-12 08:15:00+00:00,2025-02-12 08:30:00+00:00,2025-02-14 12:30:00+00:00,72.69,71.77,-92.00000000000016,-95.00000000000016,-0.1888667992047717,500.0,500.0,3.0,signal,200,CL:momentum,2.0,1.0,-190.0000000000003,1006.0,1000.0,2025-02-12,precision_sprint,momentum,precision_sprint,CL|momentum|2025-02-12 08:30:00+00:00|long,
futures,YM,ict_sweep_fvg,long,27556,27572,27572,2025-02-12 16:45:00+00:00,2025-02-12 20:45:00+00:00,2025-02-12 20:45:00+00:00,44401.0,44461.0,60.0,57.0,0.9047619047619048,60.0,60.0,3.0,tp,0,YM:ict_sweep_fvg,35.0,0.5,997.5,1102.5,1050.0,2025-02-12,precision_sprint,ict_sweep_fvg,precision_sprint,YM|ict_sweep_fvg|2025-02-12 20:45:00+00:00|long,
futures,NQ,momentum,long,344009,344010,344013,2025-02-13 08:15:00+00:00,2025-02-13 08:30:00+00:00,2025-02-13 09:15:00+00:00,21790.25,21827.75,150.0,147.0,0.2922465208747515,150.0,500.0,3.0,tp,3,NQ:momentum,4.0,0.5,294.0,1006.0,300.0,2025-02-13,precision_sprint,momentum,precision_sprint,NQ|momentum|2025-02-13 08:30:00+00:00|long,
futures,CL,ict_sweep_fvg,short,27806,27811,27811,2025-02-14 08:45:00+00:00,2025-02-14 10:00:00+00:00,2025-02-14 10:00:00+00:00,71.59,71.51,7.999999999999829,4.9999999999998295,1.0,7.999999999999829,7.999999999999829,3.0,tp,0,CL:ict_sweep_fvg,35.0,1.0,174.99999999999403,384.999999999994,279.999999999994,2025-02-14,precision_sprint,ict_sweep_fvg,precision_sprint,CL|ict_sweep_fvg|2025-02-14 10:00:00+00:00|short,
futures,CL,ict_sweep_fvg,short,27812,27818,27818,2025-02-14 10:15:00+00:00,2025-02-14 11:45:00+00:00,2025-02-14 11:45:00+00:00,71.51,71.64,-12.999999999999543,-15.999999999999543,-1.6000000000000272,13.000000000000966,12.999999999999543,3.0,sl,0,CL:ict_sweep_fvg,35.0,1.0,-559.999999999984,559.999999999984,455.0000000000338,2025-02-14,precision_sprint,ict_sweep_fvg,precision_sprint,CL|ict_sweep_fvg|2025-02-14 11:45:00+00:00|short,
futures,CL,momentum,long,346722,346723,346879,2025-02-14 13:45:00+00:00,2025-02-14 14:00:00+00:00,2025-02-18 09:30:00+00:00,71.46,71.75,29.000000000000625,26.000000000000625,0.0516898608349913,500.0,500.0,3.0,signal,156,CL:momentum,2.0,1.0,52.00000000000125,1006.0,1000.0,2025-02-14,precision_sprint,momentum,precision_sprint,CL|momentum|2025-02-14 14:00:00+00:00|long,
futures,NQ,,long,53930,53931,53953,2025-02-14 15:15:00+00:00,2025-02-14 15:30:00+00:00,2025-02-14 21:00:00+00:00,22138.75,22214.5,303.0,300.0,1.5151515151515151,390.0,195.0,3.0,session_close,22,,8.0,0.5,1200.0,792.0,1560.0,2025-02-14,reddit_research,reddit_orb_retest,reddit_orb_retest|ny|range=15|entry=150|rr=2|sl_atr=1|tp_atr=1.5|threshold=2|adx_max=none|adx_min=none|rsi2=none|trend=all|max_bars=24,NQ|reddit_orb_retest|2025-02-14 15:30:00+00:00|long,NQ	reddit_orb_retest	reddit_orb_retest|ny|range=15|entry=150|rr=2|sl_atr=1|tp_atr=1.5|threshold=2|adx_max=none|adx_min=none|rsi2=none|trend=all|max_bars=24
futures,YM,,long,54025,54026,54027,2025-02-17 16:00:00+00:00,2025-02-17 16:15:00+00:00,2025-02-17 16:30:00+00:00,44710.0,44738.86000726733,28.86000726732891,25.86000726732891,1.1627698576368883,28.86000726732891,19.240004844883515,3.0,tp,1,,75.0,0.5,969.750272524834,834.0001816831318,1082.250272524834,2025-02-17,reddit_research,reddit_ema_pullback,reddit_ema_pullback|ny|range=15|entry=150|rr=1.5|sl_atr=1|tp_atr=1.5|threshold=2|adx_max=none|adx_min=none|rsi2=none|trend=both|max_bars=24,YM|reddit_ema_pullback|2025-02-17 16:15:00+00:00|long,YM	reddit_ema_pullback	reddit_ema_pullback|ny|range=15|entry=150|rr=1.5|sl_atr=1|tp_atr=1.5|threshold=2|adx_max=none|adx_min=none|rsi2=none|trend=both|max_bars=24
futures,NQ,,long,54026,54027,54033,2025-02-17 16:15:00+00:00,2025-02-17 16:30:00+00:00,2025-02-17 23:00:00+00:00,22247.25,22219.25,-112.0,-115.0,-0.5180180180180181,438.0,219.0,3.0,session_close,6,,8.0,0.5,-460.0,888.0,1752.0,2025-02-17,reddit_research,reddit_orb_retest,reddit_orb_retest|ny|range=15|entry=150|rr=2|sl_atr=1|tp_atr=1.5|threshold=2|adx_max=none|adx_min=none|rsi2=none|trend=all|max_bars=24,NQ|reddit_orb_retest|2025-02-17 16:30:00+00:00|long,NQ	reddit_orb_retest	reddit_orb_retest|ny|range=15|entry=150|rr=2|sl_atr=1|tp_atr=1.5|threshold=2|adx_max=none|adx_min=none|rsi2=none|trend=all|max_bars=24
futures,RTY,ict_sweep_fvg,short,27821,27834,27834,2025-02-17 14:15:00+00:00,2025-02-17 17:30:00+00:00,2025-02-17 17:30:00+00:00,2289.6,2288.0,15.99999999999909,12.99999999999909,0.9999999999996502,15.99999999999909,16.000000000003638,3.0,tp,0,RTY:ict_sweep_fvg,40.0,0.5,259.9999999999818,380.0000000000728,319.9999999999818,2025-02-17,precision_sprint,ict_sweep_fvg,precision_sprint,RTY|ict_sweep_fvg|2025-02-17 17:30:00+00:00|short,
futures,NQ,ict_sweep_fvg,short,27835,27844,27844,2025-02-17 17:30:00+00:00,2025-02-18 00:45:00+00:00,2025-02-18 00:45:00+00:00,22232.5,22224.25,33.0,30.0,1.0,33.0,33.0,3.0,tp,0,NQ:ict_sweep_fvg,15.0,0.5,225.0,270.0,247.5,2025-02-18,precision_sprint,ict_sweep_fvg,precision_sprint,NQ|ict_sweep_fvg|2025-02-18 00:45:00+00:00|short,
futures,CL,ict_sweep_fvg,short,27991,28002,28002,2025-02-18 11:30:00+00:00,2025-02-18 14:15:00+00:00,2025-02-18 14:15:00+00:00,71.51,71.38,13.000000000000966,10.000000000000966,1.000000000000142,13.000000000000966,12.999999999999543,3.0,tp,0,CL:ict_sweep_fvg,35.0,1.0,350.0000000000338,559.999999999984,455.0000000000338,2025-02-18,precision_sprint,ict_sweep_fvg,precision_sprint,CL|ict_sweep_fvg|2025-02-18 14:15:00+00:00|short,
futures,NQ,ict_sweep_fvg,long,27901,27915,27915,2025-02-18 15:00:00+00:00,2025-02-18 18:30:00+00:00,2025-02-18 18:30:00+00:00,22150.0,22148.5,-6.0,-9.0,-1.0,6.0,6.0,3.0,sl,0,NQ:ict_sweep_fvg,15.0,0.5,-67.5,67.5,45.0,2025-02-18,precision_sprint,ict_sweep_fvg,precision_sprint,NQ|ict_sweep_fvg|2025-02-18 18:30:00+00:00|long,
futures,RTY,ict_sweep_fvg,short,27913,27915,27915,2025-02-18 18:15:00+00:00,2025-02-18 18:45:00+00:00,2025-02-18 18:45:00+00:00,2292.7000000000003,2291.3,14.00000000000091,11.00000000000091,1.0000000000004134,14.00000000000091,13.999999999996362,3.0,tp,0,RTY:ict_sweep_fvg,40.0,0.5,220.0000000000182,339.99999999992724,280.0000000000182,2025-02-18,precision_sprint,ict_sweep_fvg,precision_sprint,RTY|ict_sweep_fvg|2025-02-18 18:45:00+00:00|short,
futures,NQ,momentum,short,344393,344394,344425,2025-02-19 16:15:00+00:00,2025-02-19 16:30:00+00:00,2025-02-20 01:15:00+00:00,22218.0,22180.5,150.0,147.0,0.2922465208747515,150.0,500.0,3.0,tp,31,NQ:momentum,4.0,0.5,294.0,1006.0,300.0,2025-02-19,precision_sprint,momentum,precision_sprint,NQ|momentum|2025-02-19 16:30:00+00:00|short,
futures,CL,momentum,long,347060,347061,347065,2025-02-20 08:45:00+00:00,2025-02-20 09:00:00+00:00,2025-02-20 10:00:00+00:00,71.95,72.18,23.0000000000004,20.0000000000004,0.0397614314115316,500.0,500.0,3.0,signal,4,CL:momentum,2.0,1.0,40.0000000000008,1006.0,1000.0,2025-02-20,precision_sprint,momentum,precision_sprint,CL|momentum|2025-02-20 09:00:00+00:00|long,
futures,GC,ict_sweep_fvg,short,28134,28147,28147,2025-02-20 13:00:00+00:00,2025-02-20 16:15:00+00:00,2025-02-20 16:15:00+00:00,2960.7000000000003,2956.6000000000004,40.99999999999909,37.99999999999909,1.0,40.99999999999909,40.99999999999909,3.0,tp,0,GC:ict_sweep_fvg,15.0,1.0,569.9999999999864,659.9999999999864,614.9999999999864,2025-02-20,precision_sprint,ict_sweep_fvg,precision_sprint,GC|ict_sweep_fvg|2025-02-20 16:15:00+00:00|short,
futures,NQ,ict_sweep_fvg,short,28238,28244,28244,2025-02-24 07:15:00+00:00,2025-02-24 08:45:00+00:00,2025-02-24 08:45:00+00:00,21766.0,21777.5,-46.0,-49.0,-1.1395348837209305,46.0,46.0,3.0,sl,0,NQ:ict_sweep_fvg,15.0,0.5,-367.5,367.5,345.0,2025-02-24,precision_sprint,ict_sweep_fvg,precision_sprint,NQ|ict_sweep_fvg|2025-02-24 08:45:00+00:00|short,
futures,YM,ict_sweep_fvg,short,28267,28274,28274,2025-02-24 14:30:00+00:00,2025-02-24 16:15:00+00:00,2025-02-24 16:15:00+00:00,43664.0,43601.0,63.0,60.0,1.0,63.0,63.0,3.0,tp,0,YM:ict_sweep_fvg,35.0,0.5,1050.0,1155.0,1102.5,2025-02-24,precision_sprint,ict_sweep_fvg,precision_sprint,YM|ict_sweep_fvg|2025-02-24 16:15:00+00:00|short,
futures,RTY,ict_sweep_fvg,long,28278,28285,28287,2025-02-24 17:30:00+00:00,2025-02-24 19:15:00+00:00,2025-02-24 19:45:00+00:00,2199.4,2196.0,-34.00000000000091,-37.00000000000091,-1.0,34.00000000000091,34.00000000000091,3.0,sl,2,RTY:ict_sweep_fvg,40.0,0.5,-740.0000000000182,740.0000000000182,680.0000000000182,2025-02-24,precision_sprint,ict_sweep_fvg,precision_sprint,RTY|ict_sweep_fvg|2025-02-24 19:15:00+00:00|long,
futures,CL,momentum,short,347309,347310,347352,2025-02-25 02:00:00+00:00,2025-02-25 02:15:00+00:00,2025-02-25 12:45:00+00:00,71.11,70.26,84.99999999999943,81.99999999999943,0.1630218687872752,500.0,500.0,3.0,signal,42,CL:momentum,2.0,1.0,163.99999999999886,1006.0,1000.0,2025-02-25,precision_sprint,momentum,precision_sprint,CL|momentum|2025-02-25 02:15:00+00:00|short,
futures,CL,ict_sweep_fvg,short,28433,28438,28439,2025-02-25 07:00:00+00:00,2025-02-25 08:15:00+00:00,2025-02-25 08:30:00+00:00,71.01,70.92,9.000000000000341,6.000000000000341,1.0,9.000000000000341,9.000000000000341,3.0,tp,1,CL:ict_sweep_fvg,35.0,1.0,210.00000000001197,420.000000000012,315.00000000001194,2025-02-25,precision_sprint,ict_sweep_fvg,precision_sprint,CL|ict_sweep_fvg|2025-02-25 08:15:00+00:00|short,
futures,GC,ict_sweep_fvg,long,28409,28418,28418,2025-02-25 12:45:00+00:00,2025-02-25 15:00:00+00:00,2025-02-25 15:00:00+00:00,2941.1000000000004,2946.0,48.99999999999636,45.99999999999636,0.8846153846152992,48.99999999999636,49.00000000000091,3.0,tp,0,GC:ict_sweep_fvg,15.0,1.0,689.9999999999454,780.0000000000136,734.9999999999454,2025-02-25,precision_sprint,ict_sweep_fvg,precision_sprint,GC|ict_sweep_fvg|2025-02-25 15:00:00+00:00|long,
futures,6B,mean_reversion,short,346396,346397,346574,2025-02-25 16:30:00+00:00,2025-02-25 16:45:00+00:00,2025-02-27 15:00:00+00:00,1.2652,1.2628,24.0000000000018,21.0000000000018,0.1034482758620778,500.0,200.0,3.0,signal,177,6B:mean_reversion,9.0,0.625,118.12500000001012,1141.875,2812.5,2025-02-25,precision_sprint,mean_reversion,precision_sprint,6B|mean_reversion|2025-02-25 16:45:00+00:00|short,
futures,CL,momentum,short,347524,347525,347742,2025-02-27 09:45:00+00:00,2025-02-27 10:00:00+00:00,2025-03-03 18:15:00+00:00,69.31,68.31,100.0,97.0,0.1928429423459244,500.0,500.0,3.0,signal,217,CL:momentum,2.0,1.0,194.0,1006.0,1000.0,2025-02-27,precision_sprint,momentum,precision_sprint,CL|momentum|2025-02-27 10:00:00+00:00|short,
futures,RTY,ict_sweep_fvg,long,28636,28646,28646,2025-02-28 15:00:00+00:00,2025-02-28 17:30:00+00:00,2025-02-28 17:30:00+00:00,2146.0,2150.9,49.00000000000091,46.00000000000091,0.8846153846153866,49.00000000000091,49.00000000000091,3.0,tp,0,RTY:ict_sweep_fvg,40.0,0.5,920.0000000000182,1040.0000000000182,980.0000000000182,2025-02-28,precision_sprint,ict_sweep_fvg,precision_sprint,RTY|ict_sweep_fvg|2025-02-28 17:30:00+00:00|long,
futures,RTY,ict_sweep_fvg,long,28835,28842,28842,2025-03-04 18:45:00+00:00,2025-03-04 20:30:00+00:00,2025-03-04 20:30:00+00:00,2093.5,2098.3,48.00000000000182,45.00000000000182,0.8823529411765535,48.00000000000182,47.99999999999727,3.0,tp,0,RTY:ict_sweep_fvg,40.0,0.5,900.0000000000364,1019.9999999999454,960.0000000000364,2025-03-04,precision_sprint,ict_sweep_fvg,precision_sprint,RTY|ict_sweep_fvg|2025-03-04 20:30:00+00:00|long,
futures,NQ,momentum,short,345402,345403,345403,2025-03-06 15:30:00+00:00,2025-03-06 15:45:00+00:00,2025-03-06 15:45:00+00:00,20493.5,20456.0,150.0,147.0,0.2922465208747515,150.0,500.0,3.0,tp,1,NQ:momentum,4.0,0.5,294.0,1006.0,300.0,2025-03-06,precision_sprint,momentum,precision_sprint,NQ|momentum|2025-03-06 15:45:00+00:00|short,
futures,CL,momentum,short,348068,348069,348479,2025-03-07 07:45:00+00:00,2025-03-07 08:00:00+00:00,2025-03-13 17:30:00+00:00,66.87,66.54,32.99999999999983,29.99999999999983,0.0596421471172958,500.0,500.0,3.0,signal,410,CL:momentum,2.0,1.0,59.99999999999966,1006.0,1000.0,2025-03-07,precision_sprint,momentum,precision_sprint,CL|momentum|2025-03-07 08:00:00+00:00|short,
futures,NQ,ict_sweep_fvg,short,29150,29161,29161,2025-03-10 04:15:00+00:00,2025-03-10 07:00:00+00:00,2025-03-10 07:00:00+00:00,20134.5,20116.25,73.0,70.0,1.0,73.0,73.0,3.0,tp,0,NQ:ict_sweep_fvg,15.0,0.5,525.0,570.0,547.5,2025-03-10,precision_sprint,ict_sweep_fvg,precision_sprint,NQ|ict_sweep_fvg|2025-03-10 07:00:00+00:00|short,
futures,YM,ict_sweep_fvg,long,29170,29174,29177,2025-03-10 09:15:00+00:00,2025-03-10 10:15:00+00:00,2025-03-10 11:00:00+00:00,42452.0,42404.0,-48.0,-51.0,-1.0,48.0,48.0,3.0,sl,3,YM:ict_sweep_fvg,35.0,0.5,-892.5,892.5,840.0,2025-03-10,precision_sprint,ict_sweep_fvg,precision_sprint,YM|ict_sweep_fvg|2025-03-10 10:15:00+00:00|long,
futures,GC,ict_sweep_fvg,short,29576,29590,29590,2025-03-14 04:30:00+00:00,2025-03-14 08:00:00+00:00,2025-03-14 08:00:00+00:00,3002.1000000000004,3000.0,21.00000000000364,18.000000000003638,1.000000000000253,21.00000000000364,20.99999999999909,3.0,tp,0,GC:ict_sweep_fvg,15.0,1.0,270.00000000005457,359.9999999999864,315.0000000000546,2025-03-14,precision_sprint,ict_sweep_fvg,precision_sprint,GC|ict_sweep_fvg|2025-03-14 08:00:00+00:00|short,
futures,YM,ict_sweep_fvg,short,29569,29575,29575,2025-03-14 17:00:00+00:00,2025-03-14 18:30:00+00:00,2025-03-14 18:30:00+00:00,41477.0,41426.0,51.0,48.0,1.0,51.0,51.0,3.0,tp,0,YM:ict_sweep_fvg,35.0,0.5,840.0,945.0,892.5,2025-03-14,precision_sprint,ict_sweep_fvg,precision_sprint,YM|ict_sweep_fvg|2025-03-14 18:30:00+00:00|short,
futures,CL,ict_sweep_fvg,short,29708,29719,29719,2025-03-17 02:45:00+00:00,2025-03-17 05:30:00+00:00,2025-03-17 05:30:00+00:00,67.76,67.68,7.999999999999829,4.9999999999998295,1.0,7.999999999999829,7.999999999999829,3.0,tp,0,CL:ict_sweep_fvg,35.0,1.0,174.99999999999403,384.999999999994,279.999999999994,2025-03-17,precision_sprint,ict_sweep_fvg,precision_sprint,CL|ict_sweep_fvg|2025-03-17 05:30:00+00:00|short,
futures,GC,ict_sweep_fvg,long,29683,29699,29699,2025-03-17 08:15:00+00:00,2025-03-17 12:15:00+00:00,2025-03-17 12:15:00+00:00,2994.3,2997.2000000000003,29.00000000000091,26.00000000000091,0.8125000000000053,29.00000000000091,29.00000000000091,3.0,tp,0,GC:ict_sweep_fvg,15.0,1.0,390.0000000000136,480.0000000000136,435.0000000000136,2025-03-17,precision_sprint,ict_sweep_fvg,precision_sprint,GC|ict_sweep_fvg|2025-03-17 12:15:00+00:00|long,
futures,CL,momentum,long,348652,348653,348718,2025-03-17 14:45:00+00:00,2025-03-17 15:00:00+00:00,2025-03-18 08:15:00+00:00,67.42,68.21,78.9999999999992,75.9999999999992,0.1510934393638155,500.0,500.0,3.0,signal,65,CL:momentum,2.0,1.0,151.9999999999984,1006.0,1000.0,2025-03-17,precision_sprint,momentum,precision_sprint,CL|momentum|2025-03-17 15:00:00+00:00|long,
futures,CL,ict_sweep_fvg,short,29754,29768,29768,2025-03-17 14:15:00+00:00,2025-03-17 17:45:00+00:00,2025-03-17 17:45:00+00:00,67.75,67.59,15.99999999999966,12.99999999999966,1.0,15.99999999999966,15.99999999999966,3.0,tp,0,CL:ict_sweep_fvg,35.0,1.0,454.9999999999881,664.9999999999881,559.9999999999882,2025-03-17,precision_sprint,ict_sweep_fvg,precision_sprint,CL|ict_sweep_fvg|2025-03-17 17:45:00+00:00|short,
futures,GC,ict_sweep_fvg,short,29862,29879,29886,2025-03-19 07:00:00+00:00,2025-03-19 11:15:00+00:00,2025-03-19 13:00:00+00:00,3046.5,3043.2000000000003,32.99999999999727,29.99999999999727,0.9999999999998485,32.99999999999727,33.00000000000182,3.0,tp,7,GC:ict_sweep_fvg,15.0,1.0,449.9999999999591,540.0000000000273,494.9999999999591,2025-03-19,precision_sprint,ict_sweep_fvg,precision_sprint,GC|ict_sweep_fvg|2025-03-19 11:15:00+00:00|short,
futures,GC,ict_sweep_fvg,short,29932,29943,29943,2025-03-20 01:30:00+00:00,2025-03-20 04:15:00+00:00,2025-03-20 04:15:00+00:00,3061.5,3059.5,20.0,17.0,1.0,20.0,20.0,3.0,tp,0,GC:ict_sweep_fvg,15.0,1.0,255.0,345.0,300.0,2025-03-20,precision_sprint,ict_sweep_fvg,precision_sprint,GC|ict_sweep_fvg|2025-03-20 04:15:00+00:00|short,
futures,HG,,long,56185,56186,56189,2025-03-20 07:15:00+00:00,2025-03-20 07:30:00+00:00,2025-03-20 08:15:00+00:00,5.1345,5.1265,-16.000000000000014,-19.00000000000001,-1.0,23.999999999999133,16.000000000000014,3.0,sl,3,,50.0,1.25,-1187.500000000001,1187.500000000001,1499.999999999946,2025-03-20,reddit_research,reddit_orb_breakout,reddit_orb_breakout|london|range=15|entry=150|rr=1.5|sl_atr=1|tp_atr=1.5|threshold=2|adx_max=none|adx_min=none|rsi2=none|trend=all|max_bars=24,HG|reddit_orb_breakout|2025-03-20 07:30:00+00:00|long,HG	reddit_orb_breakout	reddit_orb_breakout|london|range=15|entry=150|rr=1.5|sl_atr=1|tp_atr=1.5|threshold=2|adx_max=none|adx_min=none|rsi2=none|trend=all|max_bars=24
futures,CL,momentum,long,348908,348909,348917,2025-03-20 09:45:00+00:00,2025-03-20 10:00:00+00:00,2025-03-20 12:00:00+00:00,67.06,67.23,17.00000000000017,14.00000000000017,0.0278330019880719,500.0,500.0,3.0,signal,8,CL:momentum,2.0,1.0,28.00000000000034,1006.0,1000.0,2025-03-20,precision_sprint,momentum,precision_sprint,CL|momentum|2025-03-20 10:00:00+00:00|long,
futures,6B,mean_reversion,short,348125,348126,348135,2025-03-24 11:30:00+00:00,2025-03-24 11:45:00+00:00,2025-03-24 14:00:00+00:00,1.2946,1.2916,29.99999999999892,26.99999999999892,0.133004926108369,500.0,200.0,3.0,signal,9,6B:mean_reversion,9.0,0.625,151.87499999999392,1141.875,2812.5,2025-03-24,precision_sprint,mean_reversion,precision_sprint,6B|mean_reversion|2025-03-24 11:45:00+00:00|short,
futures,GC,ict_sweep_fvg,short,30160,30162,30162,2025-03-24 12:30:00+00:00,2025-03-24 13:00:00+00:00,2025-03-24 13:00:00+00:00,3031.1000000000004,3029.2000000000003,19.00000000000091,16.00000000000091,1.0000000000002842,19.00000000000091,18.99999999999636,3.0,tp,0,GC:ict_sweep_fvg,15.0,1.0,240.00000000001364,329.9999999999454,285.00000000001364,2025-03-24,precision_sprint,ict_sweep_fvg,precision_sprint,GC|ict_sweep_fvg|2025-03-24 13:00:00+00:00|short,
futures,CL,ict_sweep_fvg,short,30208,30211,30211,2025-03-24 12:45:00+00:00,2025-03-24 13:30:00+00:00,2025-03-24 13:30:00+00:00,68.57000000000001,68.42,15.000000000000568,12.000000000000568,1.0000000000001183,15.000000000000568,14.999999999999147,3.0,tp,0,CL:ict_sweep_fvg,35.0,1.0,420.0000000000199,629.9999999999702,525.0000000000199,2025-03-24,precision_sprint,ict_sweep_fvg,precision_sprint,CL|ict_sweep_fvg|2025-03-24 13:30:00+00:00|short,
futures,YM,ict_sweep_fvg,short,30198,30203,30203,2025-03-25 13:15:00+00:00,2025-03-25 14:30:00+00:00,2025-03-25 14:30:00+00:00,42973.0,42936.0,37.0,34.0,1.0,37.0,37.0,3.0,tp,0,YM:ict_sweep_fvg,35.0,0.5,595.0,700.0,647.5,2025-03-25,precision_sprint,ict_sweep_fvg,precision_sprint,YM|ict_sweep_fvg|2025-03-25 14:30:00+00:00|short,
futures,6B,mean_reversion,short,348410,348411,348596,2025-03-27 13:45:00+00:00,2025-03-27 14:00:00+00:00,2025-03-31 14:15:00+00:00,1.2928,1.2926,1.99999999999978,-1.0000000000002205,-0.0049261083743853,500.0,200.0,3.0,signal,185,6B:mean_reversion,9.0,0.625,-5.62500000000124,1141.875,2812.5,2025-03-27,precision_sprint,mean_reversion,precision_sprint,6B|mean_reversion|2025-03-27 14:00:00+00:00|short,
futures,CL,momentum,short,349505,349506,349515,2025-03-30 22:00:00+00:00,2025-03-30 22:15:00+00:00,2025-03-31 00:30:00+00:00,69.68,69.1,58.00000000000125,55.00000000000125,0.1093439363817122,500.0,500.0,3.0,signal,9,CL:momentum,2.0,1.0,110.0000000000025,1006.0,1000.0,2025-03-31,precision_sprint,momentum,precision_sprint,CL|momentum|2025-03-30 22:15:00+00:00|short,
futures,CL,ict_sweep_fvg,long,30605,30618,30618,2025-03-28 20:00:00+00:00,2025-03-31 00:15:00+00:00,2025-03-31 00:15:00+00:00,69.21000000000001,69.09,-12.000000000000457,-15.000000000000457,-1.0,11.999999999999034,12.000000000000457,3.0,sl,0,CL:ict_sweep_fvg,35.0,1.0,-525.000000000016,525.000000000016,419.9999999999662,2025-03-31,precision_sprint,ict_sweep_fvg,precision_sprint,CL|ict_sweep_fvg|2025-03-31 00:15:00+00:00|long,
futures,NQ,ict_sweep_fvg,long,30517,30521,30521,2025-03-31 01:00:00+00:00,2025-03-31 02:00:00+00:00,2025-03-31 02:00:00+00:00,19229.25,19211.0,-73.0,-76.0,-1.0,73.0,73.0,3.0,sl,0,NQ:ict_sweep_fvg,15.0,0.5,-570.0,570.0,547.5,2025-03-31,precision_sprint,ict_sweep_fvg,precision_sprint,NQ|ict_sweep_fvg|2025-03-31 02:00:00+00:00|long,
futures,RTY,ict_sweep_fvg,long,30513,30528,30530,2025-03-31 00:15:00+00:00,2025-03-31 04:00:00+00:00,2025-03-31 04:30:00+00:00,2016.3,2019.5,31.99999999999818,28.99999999999818,0.8285714285713658,31.99999999999818,32.000000000000455,3.0,tp,2,RTY:ict_sweep_fvg,40.0,0.5,579.9999999999636,700.0000000000091,639.9999999999636,2025-03-31,precision_sprint,ict_sweep_fvg,precision_sprint,RTY|ict_sweep_fvg|2025-03-31 04:00:00+00:00|long,
futures,CL,ict_sweep_fvg,long,30640,30645,30645,2025-03-31 05:45:00+00:00,2025-03-31 07:00:00+00:00,2025-03-31 07:00:00+00:00,69.10000000000001,69.2,9.999999999999432,6.999999999999432,0.5384615384614594,9.999999999999432,10.000000000000853,3.0,tp,0,CL:ict_sweep_fvg,35.0,1.0,244.9999999999801,455.0000000000298,349.9999999999801,2025-03-31,precision_sprint,ict_sweep_fvg,precision_sprint,CL|ict_sweep_fvg|2025-03-31 07:00:00+00:00|long,
futures,YM,ict_sweep_fvg,short,30531,30545,30545,2025-03-31 04:30:00+00:00,2025-03-31 08:00:00+00:00,2025-03-31 08:00:00+00:00,41708.0,41698.0,10.0,7.0,1.0,10.0,10.0,3.0,tp,0,YM:ict_sweep_fvg,35.0,0.5,122.5,227.5,175.0,2025-03-31,precision_sprint,ict_sweep_fvg,precision_sprint,YM|ict_sweep_fvg|2025-03-31 08:00:00+00:00|short,
futures,NQ,ict_sweep_fvg,short,30645,30660,30660,2025-04-01 10:00:00+00:00,2025-04-01 13:45:00+00:00,2025-04-01 13:45:00+00:00,19461.5,19431.5,120.0,117.0,1.0,120.0,120.0,3.0,tp,0,NQ:ict_sweep_fvg,15.0,0.5,877.5,922.5,900.0,2025-04-01,precision_sprint,ict_sweep_fvg,precision_sprint,NQ|ict_sweep_fvg|2025-04-01 13:45:00+00:00|short,
futures,NQ,ict_sweep_fvg,short,30677,30681,30681,2025-04-01 18:00:00+00:00,2025-04-01 19:00:00+00:00,2025-04-01 19:00:00+00:00,19476.0,19437.5,154.0,151.0,1.0,154.0,154.0,3.0,tp,0,NQ:ict_sweep_fvg,15.0,0.5,1132.5,1177.5,1155.0,2025-04-01,precision_sprint,ict_sweep_fvg,precision_sprint,NQ|ict_sweep_fvg|2025-04-01 19:00:00+00:00|short,
futures,RTY,ict_sweep_fvg,long,30852,30854,30854,2025-04-03 16:00:00+00:00,2025-04-03 16:30:00+00:00,2025-04-03 16:30:00+00:00,1945.3,1949.1,37.999999999999545,34.999999999999545,0.8536585365853169,37.999999999999545,38.00000000000182,3.0,tp,0,RTY:ict_sweep_fvg,40.0,0.5,699.9999999999909,820.0000000000364,759.9999999999909,2025-04-03,precision_sprint,ict_sweep_fvg,precision_sprint,RTY|ict_sweep_fvg|2025-04-03 16:30:00+00:00|long,
futures,GC,ict_sweep_fvg,short,31040,31052,31052,2025-04-07 02:30:00+00:00,2025-04-07 05:30:00+00:00,2025-04-07 05:30:00+00:00,3058.3,3051.7000000000003,65.99999999999909,62.99999999999909,1.0,65.99999999999909,65.99999999999909,3.0,tp,0,GC:ict_sweep_fvg,15.0,1.0,944.9999999999864,1034.9999999999864,989.9999999999864,2025-04-07,precision_sprint,ict_sweep_fvg,precision_sprint,GC|ict_sweep_fvg|2025-04-07 05:30:00+00:00|short,
futures,GC,ict_sweep_fvg,short,31077,31087,31087,2025-04-07 11:45:00+00:00,2025-04-07 14:15:00+00:00,2025-04-07 14:15:00+00:00,3053.2000000000003,3048.3,49.00000000000091,46.00000000000091,1.0,49.00000000000091,49.00000000000091,3.0,tp,0,GC:ict_sweep_fvg,15.0,1.0,690.0000000000136,780.0000000000136,735.0000000000136,2025-04-07,precision_sprint,ict_sweep_fvg,precision_sprint,GC|ict_sweep_fvg|2025-04-07 14:15:00+00:00|short,
futures,CL,ict_sweep_fvg,long,31268,31275,31275,2025-04-09 01:45:00+00:00,2025-04-09 03:30:00+00:00,2025-04-09 03:30:00+00:00,57.35,57.53,17.99999999999997,14.999999999999972,0.7142857142857139,17.99999999999997,17.99999999999997,3.0,tp,0,CL:ict_sweep_fvg,35.0,1.0,524.999999999999,734.999999999999,629.999999999999,2025-04-09,precision_sprint,ict_sweep_fvg,precision_sprint,CL|ict_sweep_fvg|2025-04-09 03:30:00+00:00|long,
futures,CL,ict_sweep_fvg,long,31284,31294,31294,2025-04-09 05:45:00+00:00,2025-04-09 08:15:00+00:00,2025-04-09 08:15:00+00:00,57.36,57.61,25.0,22.0,0.7857142857142857,25.0,25.0,3.0,tp,0,CL:ict_sweep_fvg,35.0,1.0,770.0,980.0,875.0,2025-04-09,precision_sprint,ict_sweep_fvg,precision_sprint,CL|ict_sweep_fvg|2025-04-09 08:15:00+00:00|long,
futures,CL,momentum,long,350279,350280,350412,2025-04-10 07:30:00+00:00,2025-04-10 07:45:00+00:00,2025-04-11 17:45:00+00:00,60.73,61.54,81.00000000000023,78.00000000000023,0.1550695825049706,500.0,500.0,3.0,signal,132,CL:momentum,2.0,1.0,156.00000000000043,1006.0,1000.0,2025-04-10,precision_sprint,momentum,precision_sprint,CL|momentum|2025-04-10 07:45:00+00:00|long,
futures,NQ,momentum,long,347707,347708,347708,2025-04-10 15:45:00+00:00,2025-04-10 16:00:00+00:00,2025-04-10 16:00:00+00:00,18278.25,18315.75,150.0,147.0,0.2922465208747515,150.0,500.0,3.0,tp,1,NQ:momentum,4.0,0.5,294.0,1006.0,300.0,2025-04-10,precision_sprint,momentum,precision_sprint,NQ|momentum|2025-04-10 16:00:00+00:00|long,
futures,NQ,momentum,long,347891,347892,347892,2025-04-14 15:45:00+00:00,2025-04-14 16:00:00+00:00,2025-04-14 16:00:00+00:00,18829.25,18866.75,150.0,147.0,0.2922465208747515,150.0,500.0,3.0,tp,1,NQ:momentum,4.0,0.5,294.0,1006.0,300.0,2025-04-14,precision_sprint,momentum,precision_sprint,NQ|momentum|2025-04-14 16:00:00+00:00|long,
futures,CL,momentum,long,350586,350587,350675,2025-04-15 15:15:00+00:00,2025-04-15 15:30:00+00:00,2025-04-16 14:30:00+00:00,61.17,62.67,150.0,147.0,0.2922465208747515,500.0,500.0,3.0,signal,88,CL:momentum,2.0,1.0,294.0,1006.0,1000.0,2025-04-15,precision_sprint,momentum,precision_sprint,CL|momentum|2025-04-15 15:30:00+00:00|long,
futures,NQ,momentum,short,348046,348047,348047,2025-04-16 08:30:00+00:00,2025-04-16 08:45:00+00:00,2025-04-16 08:45:00+00:00,18805.25,18767.75,150.0,147.0,0.2922465208747515,150.0,500.0,3.0,tp,1,NQ:momentum,4.0,0.5,294.0,1006.0,300.0,2025-04-16,precision_sprint,momentum,precision_sprint,NQ|momentum|2025-04-16 08:45:00+00:00|short,
futures,NQ,momentum,short,348315,348316,348316,2025-04-22 06:45:00+00:00,2025-04-22 07:00:00+00:00,2025-04-22 07:00:00+00:00,18147.5,18110.0,150.0,147.0,0.2922465208747515,150.0,500.0,3.0,tp,1,NQ:momentum,4.0,0.5,294.0,1006.0,300.0,2025-04-22,precision_sprint,momentum,precision_sprint,NQ|momentum|2025-04-22 07:00:00+00:00|short,
futures,NQ,ict_sweep_fvg,short,31969,31972,31972,2025-04-22 19:00:00+00:00,2025-04-22 19:45:00+00:00,2025-04-22 19:45:00+00:00,18356.5,18396.25,-159.0,-162.0,-1.0384615384615383,159.0,159.0,3.0,sl,0,NQ:ict_sweep_fvg,15.0,0.5,-1215.0,1215.0,1192.5,2025-04-22,precision_sprint,ict_sweep_fvg,precision_sprint,NQ|ict_sweep_fvg|2025-04-22 19:45:00+00:00|short,
futures,CL,ict_sweep_fvg,long,32139,32145,32145,2025-04-23 12:30:00+00:00,2025-04-23 14:00:00+00:00,2025-04-23 14:00:00+00:00,62.92,62.63,-28.999999999999915,-31.999999999999915,-1.0,28.999999999999915,28.999999999999915,3.0,sl,0,CL:ict_sweep_fvg,35.0,1.0,-1119.999999999997,1119.999999999997,1014.999999999997,2025-04-23,precision_sprint,ict_sweep_fvg,precision_sprint,CL|ict_sweep_fvg|2025-04-23 14:00:00+00:00|long,
futures,CL,momentum,short,351105,351106,351212,2025-04-24 07:00:00+00:00,2025-04-24 07:15:00+00:00,2025-04-25 10:45:00+00:00,62.96,62.2,75.9999999999998,72.9999999999998,0.145129224652087,500.0,500.0,3.0,signal,106,CL:momentum,2.0,1.0,145.9999999999996,1006.0,1000.0,2025-04-24,precision_sprint,momentum,precision_sprint,CL|momentum|2025-04-24 07:15:00+00:00|short,
futures,YM,ict_sweep_fvg,long,32119,32122,32123,2025-04-24 10:30:00+00:00,2025-04-24 11:15:00+00:00,2025-04-24 11:30:00+00:00,39612.0,39562.0,-50.0,-53.0,-1.0,50.0,50.0,3.0,sl,1,YM:ict_sweep_fvg,35.0,0.5,-927.5,927.5,875.0,2025-04-24,precision_sprint,ict_sweep_fvg,precision_sprint,YM|ict_sweep_fvg|2025-04-24 11:15:00+00:00|long,
futures,RTY,ict_sweep_fvg,long,32118,32122,32122,2025-04-24 10:30:00+00:00,2025-04-24 11:30:00+00:00,2025-04-24 11:30:00+00:00,1919.6,1922.6,30.0,27.0,0.8181818181818182,30.0,30.0,3.0,tp,0,RTY:ict_sweep_fvg,40.0,0.5,540.0,660.0,600.0,2025-04-24,precision_sprint,ict_sweep_fvg,precision_sprint,RTY|ict_sweep_fvg|2025-04-24 11:30:00+00:00|long,
futures,CL,ict_sweep_fvg,short,32293,32300,32301,2025-04-25 05:00:00+00:00,2025-04-25 06:45:00+00:00,2025-04-25 07:00:00+00:00,63.190000000000005,63.04,15.000000000000568,12.000000000000568,1.0000000000000593,15.000000000000568,14.999999999999858,3.0,tp,1,CL:ict_sweep_fvg,35.0,1.0,420.0000000000199,629.999999999995,525.0000000000199,2025-04-25,precision_sprint,ict_sweep_fvg,precision_sprint,CL|ict_sweep_fvg|2025-04-25 06:45:00+00:00|short,
futures,GC,ict_sweep_fvg,long,32304,32315,32315,2025-04-25 19:30:00+00:00,2025-04-27 23:15:00+00:00,2025-04-27 23:15:00+00:00,3311.9,3318.1000000000004,62.00000000000273,59.00000000000273,0.9076923076923752,62.00000000000273,61.99999999999818,3.0,tp,0,GC:ict_sweep_fvg,15.0,1.0,885.0000000000409,974.9999999999728,930.0000000000408,2025-04-28,precision_sprint,ict_sweep_fvg,precision_sprint,GC|ict_sweep_fvg|2025-04-27 23:15:00+00:00|long,
futures,YM,ict_sweep_fvg,long,32287,32292,32293,2025-04-28 06:30:00+00:00,2025-04-28 07:45:00+00:00,2025-04-28 08:00:00+00:00,40144.0,40180.0,36.0,33.0,0.8461538461538461,36.0,36.0,3.0,tp,1,YM:ict_sweep_fvg,35.0,0.5,577.5,682.5,630.0,2025-04-28,precision_sprint,ict_sweep_fvg,precision_sprint,YM|ict_sweep_fvg|2025-04-28 07:45:00+00:00|long,
futures,YM,ict_sweep_fvg,short,32301,32307,32309,2025-04-28 10:00:00+00:00,2025-04-28 11:30:00+00:00,2025-04-28 12:00:00+00:00,40237.0,40211.0,26.0,23.0,1.0,26.0,26.0,3.0,tp,2,YM:ict_sweep_fvg,35.0,0.5,402.5,507.5,455.0,2025-04-28,precision_sprint,ict_sweep_fvg,precision_sprint,YM|ict_sweep_fvg|2025-04-28 11:30:00+00:00|short,
futures,NQ,momentum,long,348717,348718,348718,2025-04-28 15:15:00+00:00,2025-04-28 15:30:00+00:00,2025-04-28 15:30:00+00:00,19319.5,19357.0,150.0,147.0,0.2922465208747515,150.0,500.0,3.0,tp,1,NQ:momentum,4.0,0.5,294.0,1006.0,300.0,2025-04-28,precision_sprint,momentum,precision_sprint,NQ|momentum|2025-04-28 15:30:00+00:00|long,
futures,YM,ict_sweep_fvg,short,32394,32398,32402,2025-04-29 10:15:00+00:00,2025-04-29 11:15:00+00:00,2025-04-29 12:15:00+00:00,40520.0,40470.0,50.0,47.0,1.0,50.0,50.0,3.0,tp,4,YM:ict_sweep_fvg,35.0,0.5,822.5,927.5,875.0,2025-04-29,precision_sprint,ict_sweep_fvg,precision_sprint,YM|ict_sweep_fvg|2025-04-29 11:15:00+00:00|short,
futures,NQ,ict_sweep_fvg,short,32434,32436,32436,2025-04-29 20:15:00+00:00,2025-04-29 20:45:00+00:00,2025-04-29 20:45:00+00:00,19620.75,19598.25,90.0,87.0,1.0,90.0,90.0,3.0,tp,0,NQ:ict_sweep_fvg,15.0,0.5,652.5,697.5,675.0,2025-04-29,precision_sprint,ict_sweep_fvg,precision_sprint,NQ|ict_sweep_fvg|2025-04-29 20:45:00+00:00|short,
futures,NQ,ict_sweep_fvg,long,32505,32511,32511,2025-04-30 15:00:00+00:00,2025-04-30 16:30:00+00:00,2025-04-30 16:30:00+00:00,19360.5,19393.75,133.0,130.0,0.9558823529411764,133.0,133.0,3.0,tp,0,NQ:ict_sweep_fvg,15.0,0.5,975.0,1020.0,997.5,2025-04-30,precision_sprint,ict_sweep_fvg,precision_sprint,NQ|ict_sweep_fvg|2025-04-30 16:30:00+00:00|long,
futures,CL,ict_sweep_fvg,long,32694,32704,32705,2025-05-01 13:15:00+00:00,2025-05-01 15:45:00+00:00,2025-05-01 16:00:00+00:00,58.15,57.83,-32.00000000000003,-35.00000000000003,-1.0,32.00000000000003,32.00000000000003,3.0,sl,1,CL:ict_sweep_fvg,35.0,1.0,-1225.000000000001,1225.000000000001,1120.000000000001,2025-05-01,precision_sprint,ict_sweep_fvg,precision_sprint,CL|ict_sweep_fvg|2025-05-01 15:45:00+00:00|long,
futures,RTY,ict_sweep_fvg,short,32599,32604,32604,2025-05-01 15:45:00+00:00,2025-05-01 17:00:00+00:00,2025-05-01 17:00:00+00:00,1985.4,1981.8,35.99999999999909,32.99999999999909,1.0,35.99999999999909,35.99999999999909,3.0,tp,0,RTY:ict_sweep_fvg,40.0,0.5,659.9999999999818,779.9999999999818,719.9999999999818,2025-05-01,precision_sprint,ict_sweep_fvg,precision_sprint,RTY|ict_sweep_fvg|2025-05-01 17:00:00+00:00|short,
futures,NQ,,long,58974,58975,58997,2025-05-05 14:15:00+00:00,2025-05-05 14:30:00+00:00,2025-05-05 20:00:00+00:00,20059.75,20036.75,-92.0,-95.0,-0.3156146179401993,596.0,298.0,3.0,session_close,22,,8.0,0.5,-380.0,1204.0,2384.0,2025-05-05,reddit_research,reddit_orb_retest,reddit_orb_retest|ny|range=15|entry=150|rr=2|sl_atr=1|tp_atr=1.5|threshold=2|adx_max=none|adx_min=none|rsi2=none|trend=all|max_bars=24,NQ|reddit_orb_retest|2025-05-05 14:30:00+00:00|long,NQ	reddit_orb_retest	reddit_orb_retest|ny|range=15|entry=150|rr=2|sl_atr=1|tp_atr=1.5|threshold=2|adx_max=none|adx_min=none|rsi2=none|trend=all|max_bars=24
futures,CL,momentum,short,351817,351818,351978,2025-05-06 01:00:00+00:00,2025-05-06 01:15:00+00:00,2025-05-07 18:15:00+00:00,57.74,57.91,-16.99999999999946,-19.99999999999946,-0.0397614314115297,500.0,500.0,3.0,signal,160,CL:momentum,2.0,1.0,-39.99999999999892,1006.0,1000.0,2025-05-06,precision_sprint,momentum,precision_sprint,CL|momentum|2025-05-06 01:15:00+00:00|short,
futures,6B,mean_reversion,short,350994,350995,351009,2025-05-07 15:45:00+00:00,2025-05-07 16:00:00+00:00,2025-05-07 19:30:00+00:00,1.3345,1.33,44.99999999999948,41.99999999999948,0.2068965517241353,500.0,200.0,3.0,signal,14,6B:mean_reversion,9.0,0.625,236.2499999999971,1141.875,2812.5,2025-05-07,precision_sprint,mean_reversion,precision_sprint,6B|mean_reversion|2025-05-07 16:00:00+00:00|short,
futures,NQ,momentum,short,349378,349379,349379,2025-05-07 19:30:00+00:00,2025-05-07 19:45:00+00:00,2025-05-07 19:45:00+00:00,19984.25,19946.75,150.0,147.0,0.2922465208747515,150.0,500.0,3.0,tp,1,NQ:momentum,4.0,0.5,294.0,1006.0,300.0,2025-05-07,precision_sprint,momentum,precision_sprint,NQ|momentum|2025-05-07 19:45:00+00:00|short,
futures,NQ,momentum,long,349448,349449,349449,2025-05-08 14:00:00+00:00,2025-05-08 14:15:00+00:00,2025-05-08 14:15:00+00:00,20046.75,20084.25,150.0,147.0,0.2922465208747515,150.0,500.0,3.0,tp,1,NQ:momentum,4.0,0.5,294.0,1006.0,300.0,2025-05-08,precision_sprint,momentum,precision_sprint,NQ|momentum|2025-05-08 14:15:00+00:00|long,
futures,NQ,momentum,long,349542,349543,349544,2025-05-09 14:30:00+00:00,2025-05-09 14:45:00+00:00,2025-05-09 15:00:00+00:00,20110.25,20147.75,150.0,147.0,0.2922465208747515,150.0,500.0,3.0,tp,1,NQ:momentum,4.0,0.5,294.0,1006.0,300.0,2025-05-09,precision_sprint,momentum,precision_sprint,NQ|momentum|2025-05-09 14:45:00+00:00|long,
futures,NQ,ict_sweep_fvg,short,33433,33435,33435,2025-05-14 17:00:00+00:00,2025-05-14 17:30:00+00:00,2025-05-14 17:30:00+00:00,21343.75,21317.5,105.0,102.0,1.0,105.0,105.0,3.0,tp,0,NQ:ict_sweep_fvg,15.0,0.5,765.0,810.0,787.5,2025-05-14,precision_sprint,ict_sweep_fvg,precision_sprint,NQ|ict_sweep_fvg|2025-05-14 17:30:00+00:00|short,
futures,YM,ict_sweep_fvg,long,33480,33485,33485,2025-05-15 05:45:00+00:00,2025-05-15 07:00:00+00:00,2025-05-15 07:00:00+00:00,41900.0,41880.0,-20.0,-23.0,-1.0,20.0,20.0,3.0,sl,0,YM:ict_sweep_fvg,35.0,0.5,-402.5,402.5,350.0,2025-05-15,precision_sprint,ict_sweep_fvg,precision_sprint,YM|ict_sweep_fvg|2025-05-15 07:00:00+00:00|long,
futures,RTY,ict_sweep_fvg,long,33491,33496,33496,2025-05-15 08:45:00+00:00,2025-05-15 10:00:00+00:00,2025-05-15 10:00:00+00:00,2081.3,2083.1,17.99999999999727,14.999999999997272,0.7142857142855225,17.99999999999727,18.00000000000182,3.0,tp,0,RTY:ict_sweep_fvg,40.0,0.5,299.99999999994543,420.0000000000364,359.99999999994543,2025-05-15,precision_sprint,ict_sweep_fvg,precision_sprint,RTY|ict_sweep_fvg|2025-05-15 10:00:00+00:00|long,
futures,NQ,ict_sweep_fvg,long,33498,33506,33506,2025-05-15 10:15:00+00:00,2025-05-15 12:15:00+00:00,2025-05-15 12:15:00+00:00,21248.25,21269.0,83.0,80.0,0.9302325581395348,83.0,83.0,3.0,tp,0,NQ:ict_sweep_fvg,15.0,0.5,600.0,645.0,622.5,2025-05-15,precision_sprint,ict_sweep_fvg,precision_sprint,NQ|ict_sweep_fvg|2025-05-15 12:15:00+00:00|long,
futures,6B,mean_reversion,short,351540,351541,351634,2025-05-15 14:15:00+00:00,2025-05-15 14:30:00+00:00,2025-05-16 14:45:00+00:00,1.3282,1.326,21.9999999999998,18.9999999999998,0.0935960591132994,500.0,200.0,3.0,signal,93,6B:mean_reversion,9.0,0.625,106.87499999999888,1141.875,2812.5,2025-05-15,precision_sprint,mean_reversion,precision_sprint,6B|mean_reversion|2025-05-15 14:30:00+00:00|short,
futures,RTY,ict_sweep_fvg,short,33601,33603,33603,2025-05-16 13:15:00+00:00,2025-05-16 13:45:00+00:00,2025-05-16 13:45:00+00:00,2109.1,2104.4,46.99999999999818,43.99999999999818,0.9999999999998966,46.99999999999818,47.00000000000273,3.0,tp,0,RTY:ict_sweep_fvg,40.0,0.5,879.9999999999636,1000.0000000000546,939.9999999999636,2025-05-16,precision_sprint,ict_sweep_fvg,precision_sprint,RTY|ict_sweep_fvg|2025-05-16 13:45:00+00:00|short,
futures,YM,ict_sweep_fvg,short,33602,33604,33604,2025-05-16 13:15:00+00:00,2025-05-16 13:45:00+00:00,2025-05-16 13:45:00+00:00,42452.0,42401.0,51.0,48.0,1.0,51.0,51.0,3.0,tp,0,YM:ict_sweep_fvg,35.0,0.5,840.0,945.0,892.5,2025-05-16,precision_sprint,ict_sweep_fvg,precision_sprint,YM|ict_sweep_fvg|2025-05-16 13:45:00+00:00|short,
futures,NQ,momentum,long,350002,350003,350003,2025-05-16 14:30:00+00:00,2025-05-16 14:45:00+00:00,2025-05-16 14:45:00+00:00,21326.75,21364.25,150.0,147.0,0.2922465208747515,150.0,500.0,3.0,tp,1,NQ:momentum,4.0,0.5,294.0,1006.0,300.0,2025-05-16,precision_sprint,momentum,precision_sprint,NQ|momentum|2025-05-16 14:45:00+00:00|long,
futures,RTY,,long,59806,59807,59820,2025-05-16 15:30:00+00:00,2025-05-16 15:45:00+00:00,2025-05-16 19:00:00+00:00,2105.8,2121.000000000001,152.00000000000728,149.00000000000728,1.8860759493670936,152.00000000000728,76.00000000000364,3.0,tp,13,,25.0,0.5,1862.500000000091,987.5000000000456,1900.000000000091,2025-05-16,reddit_research,reddit_orb_retest,reddit_orb_retest|ny|range=15|entry=150|rr=2|sl_atr=1|tp_atr=1.5|threshold=2|adx_max=none|adx_min=none|rsi2=none|trend=all|max_bars=24,RTY|reddit_orb_retest|2025-05-16 15:45:00+00:00|long,RTY	reddit_orb_retest	reddit_orb_retest|ny|range=15|entry=150|rr=2|sl_atr=1|tp_atr=1.5|threshold=2|adx_max=none|adx_min=none|rsi2=none|trend=all|max_bars=24
futures,NQ,ict_sweep_fvg,long,33635,33641,33641,2025-05-18 22:30:00+00:00,2025-05-19 00:00:00+00:00,2025-05-19 00:00:00+00:00,21347.0,21377.0,120.0,117.0,0.951219512195122,120.0,120.0,3.0,tp,0,NQ:ict_sweep_fvg,15.0,0.5,877.5,922.5,900.0,2025-05-19,precision_sprint,ict_sweep_fvg,precision_sprint,NQ|ict_sweep_fvg|2025-05-19 00:00:00+00:00|long,
futures,RTY,,long,59986,59987,60004,2025-05-20 14:30:00+00:00,2025-05-20 14:45:00+00:00,2025-05-20 19:00:00+00:00,2111.5,2102.0,-95.0,-98.0,-1.0,190.0,95.0,3.0,sl,17,,25.0,0.5,-1225.0,1225.0,2375.0,2025-05-20,reddit_research,reddit_orb_retest,reddit_orb_retest|ny|range=15|entry=150|rr=2|sl_atr=1|tp_atr=1.5|threshold=2|adx_max=none|adx_min=none|rsi2=none|trend=all|max_bars=24,RTY|reddit_orb_retest|2025-05-20 14:45:00+00:00|long,RTY	reddit_orb_retest	reddit_orb_retest|ny|range=15|entry=150|rr=2|sl_atr=1|tp_atr=1.5|threshold=2|adx_max=none|adx_min=none|rsi2=none|trend=all|max_bars=24
futures,NQ,ict_sweep_fvg,long,33853,33859,33859,2025-05-21 07:00:00+00:00,2025-05-21 08:30:00+00:00,2025-05-21 08:30:00+00:00,21309.5,21293.0,-66.0,-69.0,-1.0,66.0,66.0,3.0,sl,0,NQ:ict_sweep_fvg,15.0,0.5,-517.5,517.5,495.0,2025-05-21,precision_sprint,ict_sweep_fvg,precision_sprint,NQ|ict_sweep_fvg|2025-05-21 08:30:00+00:00|long,
futures,CL,momentum,long,352867,352868,353328,2025-05-21 10:30:00+00:00,2025-05-21 10:45:00+00:00,2025-05-28 13:15:00+00:00,62.57,61.82,-75.0,-78.0,-0.1550695825049702,500.0,500.0,3.0,signal,460,CL:momentum,2.0,1.0,-156.0,1006.0,1000.0,2025-05-21,precision_sprint,momentum,precision_sprint,CL|momentum|2025-05-21 10:45:00+00:00|long,
futures,NQ,ict_sweep_fvg,long,33868,33875,33875,2025-05-21 10:45:00+00:00,2025-05-21 12:30:00+00:00,2025-05-21 12:30:00+00:00,21288.0,21300.75,51.0,48.0,0.8888888888888888,51.0,51.0,3.0,tp,0,NQ:ict_sweep_fvg,15.0,0.5,360.0,405.0,382.5,2025-05-21,precision_sprint,ict_sweep_fvg,precision_sprint,NQ|ict_sweep_fvg|2025-05-21 12:30:00+00:00|long,
futures,CL,ict_sweep_fvg,long,33993,33998,33998,2025-05-21 16:00:00+00:00,2025-05-21 17:15:00+00:00,2025-05-21 17:15:00+00:00,61.49,61.71,21.999999999999886,18.999999999999886,0.7599999999999989,21.999999999999886,21.999999999999886,3.0,tp,0,CL:ict_sweep_fvg,35.0,1.0,664.999999999996,874.999999999996,769.999999999996,2025-05-21,precision_sprint,ict_sweep_fvg,precision_sprint,CL|ict_sweep_fvg|2025-05-21 17:15:00+00:00|long,
futures,YM,ict_sweep_fvg,long,33968,33976,33976,2025-05-22 12:45:00+00:00,2025-05-22 14:45:00+00:00,2025-05-22 14:45:00+00:00,41805.0,41846.0,41.0,38.0,0.8636363636363636,41.0,41.0,3.0,tp,0,YM:ict_sweep_fvg,35.0,0.5,665.0,770.0,717.5,2025-05-22,precision_sprint,ict_sweep_fvg,precision_sprint,YM|ict_sweep_fvg|2025-05-22 14:45:00+00:00|long,
futures,RTY,ict_sweep_fvg,long,33984,33997,33999,2025-05-22 17:00:00+00:00,2025-05-22 20:15:00+00:00,2025-05-22 20:45:00+00:00,2048.8,2052.0,31.99999999999818,28.99999999999818,0.8285714285713658,31.99999999999818,32.000000000000455,3.0,tp,2,RTY:ict_sweep_fvg,40.0,0.5,579.9999999999636,700.0000000000091,639.9999999999636,2025-05-22,precision_sprint,ict_sweep_fvg,precision_sprint,RTY|ict_sweep_fvg|2025-05-22 20:15:00+00:00|long,
futures,CL,ict_sweep_fvg,short,34175,34182,34185,2025-05-23 15:30:00+00:00,2025-05-23 17:15:00+00:00,2025-05-23 18:00:00+00:00,61.66,61.49,17.00000000000017,14.00000000000017,1.0000000000000508,17.00000000000017,16.99999999999946,3.0,tp,3,CL:ict_sweep_fvg,35.0,1.0,490.000000000006,699.9999999999811,595.0000000000059,2025-05-23,precision_sprint,ict_sweep_fvg,precision_sprint,CL|ict_sweep_fvg|2025-05-23 17:15:00+00:00|short,
futures,YM,ict_sweep_fvg,long,34077,34086,34086,2025-05-23 17:00:00+00:00,2025-05-23 19:15:00+00:00,2025-05-23 19:15:00+00:00,41698.0,41745.0,47.0,44.0,0.88,47.0,47.0,3.0,tp,0,YM:ict_sweep_fvg,35.0,0.5,770.0,875.0,822.5,2025-05-23,precision_sprint,ict_sweep_fvg,precision_sprint,YM|ict_sweep_fvg|2025-05-23 19:15:00+00:00|long,
futures,CL,ict_sweep_fvg,long,34310,34317,34318,2025-05-27 05:45:00+00:00,2025-05-27 07:30:00+00:00,2025-05-27 07:45:00+00:00,61.22,61.33,10.999999999999943,7.999999999999943,0.5714285714285697,10.999999999999943,10.999999999999943,3.0,tp,1,CL:ict_sweep_fvg,35.0,1.0,279.999999999998,489.999999999998,384.999999999998,2025-05-27,precision_sprint,ict_sweep_fvg,precision_sprint,CL|ict_sweep_fvg|2025-05-27 07:30:00+00:00|long,
futures,CL,ict_sweep_fvg,long,34319,34333,34334,2025-05-27 08:00:00+00:00,2025-05-27 11:30:00+00:00,2025-05-27 11:45:00+00:00,61.34,61.21,-13.000000000000256,-16.000000000000256,-1.0,12.999999999999543,13.000000000000256,3.0,sl,1,CL:ict_sweep_fvg,35.0,1.0,-560.000000000009,560.000000000009,454.999999999984,2025-05-27,precision_sprint,ict_sweep_fvg,precision_sprint,CL|ict_sweep_fvg|2025-05-27 11:30:00+00:00|long,
futures,6B,mean_reversion,long,352369,352370,352470,2025-05-28 14:30:00+00:00,2025-05-28 14:45:00+00:00,2025-05-29 16:45:00+00:00,1.349,1.3502,12.0000000000009,9.000000000000899,0.0443349753694625,500.0,200.0,3.0,signal,100,6B:mean_reversion,9.0,0.625,50.62500000000505,1141.875,2812.5,2025-05-28,precision_sprint,mean_reversion,precision_sprint,6B|mean_reversion|2025-05-28 14:45:00+00:00|long,
futures,CL,momentum,long,353351,353352,353365,2025-05-28 19:00:00+00:00,2025-05-28 19:15:00+00:00,2025-05-28 23:30:00+00:00,61.53,62.39,85.99999999999994,82.99999999999994,0.1650099403578527,500.0,500.0,3.0,signal,13,CL:momentum,2.0,1.0,165.9999999999999,1006.0,1000.0,2025-05-28,precision_sprint,momentum,precision_sprint,CL|momentum|2025-05-28 19:15:00+00:00|long,
futures,NQ,ict_sweep_fvg,short,34344,34350,34350,2025-05-28 18:45:00+00:00,2025-05-28 20:15:00+00:00,2025-05-28 20:15:00+00:00,21465.5,21441.5,96.0,93.0,1.0,96.0,96.0,3.0,tp,0,NQ:ict_sweep_fvg,15.0,0.5,697.5,742.5,720.0,2025-05-28,precision_sprint,ict_sweep_fvg,precision_sprint,NQ|ict_sweep_fvg|2025-05-28 20:15:00+00:00|short,
futures,CL,ict_sweep_fvg,short,34452,34466,34468,2025-05-28 18:15:00+00:00,2025-05-28 22:45:00+00:00,2025-05-28 23:15:00+00:00,61.98,62.11,-12.999999999999543,-15.999999999999543,-1.6000000000000272,13.000000000000256,12.999999999999543,3.0,sl,2,CL:ict_sweep_fvg,35.0,1.0,-559.999999999984,559.999999999984,455.000000000009,2025-05-29,precision_sprint,ict_sweep_fvg,precision_sprint,CL|ict_sweep_fvg|2025-05-28 22:45:00+00:00|short,
futures,YM,ict_sweep_fvg,long,34427,34434,34434,2025-05-29 16:30:00+00:00,2025-05-29 18:15:00+00:00,2025-05-29 18:15:00+00:00,42125.0,42086.0,-39.0,-42.0,-1.0,39.0,39.0,3.0,sl,0,YM:ict_sweep_fvg,35.0,0.5,-735.0,735.0,682.5,2025-05-29,precision_sprint,ict_sweep_fvg,precision_sprint,YM|ict_sweep_fvg|2025-05-29 18:15:00+00:00|long,
futures,RTY,ict_sweep_fvg,long,34508,34517,34517,2025-05-30 14:00:00+00:00,2025-05-30 16:15:00+00:00,2025-05-30 16:15:00+00:00,2059.4,2063.8,44.00000000000091,41.00000000000091,0.8723404255319174,44.00000000000091,44.00000000000091,3.0,tp,0,RTY:ict_sweep_fvg,40.0,0.5,820.0000000000182,940.0000000000182,880.0000000000182,2025-05-30,precision_sprint,ict_sweep_fvg,precision_sprint,RTY|ict_sweep_fvg|2025-05-30 16:15:00+00:00|long,
futures,NQ,ict_sweep_fvg,long,34529,34537,34537,2025-05-30 19:00:00+00:00,2025-06-01 22:00:00+00:00,2025-06-01 22:00:00+00:00,21325.75,21295.5,-121.0,-124.0,-1.0,121.0,121.0,3.0,sl,0,NQ:ict_sweep_fvg,15.0,0.5,-930.0,930.0,907.5,2025-06-02,precision_sprint,ict_sweep_fvg,precision_sprint,NQ|ict_sweep_fvg|2025-06-01 22:00:00+00:00|long,
futures,CL,momentum,long,353785,353786,353791,2025-06-04 12:30:00+00:00,2025-06-04 12:45:00+00:00,2025-06-04 14:00:00+00:00,62.94,63.69,75.0,72.0,0.1431411530815109,500.0,500.0,3.0,signal,5,CL:momentum,2.0,1.0,144.0,1006.0,1000.0,2025-06-04,precision_sprint,momentum,precision_sprint,CL|momentum|2025-06-04 12:45:00+00:00|long,
futures,RTY,ict_sweep_fvg,short,34776,34781,34781,2025-06-04 12:00:00+00:00,2025-06-04 13:15:00+00:00,2025-06-04 13:15:00+00:00,2109.8,2106.8,30.0,27.0,1.0,30.0,30.0,3.0,tp,0,RTY:ict_sweep_fvg,40.0,0.5,540.0,660.0,600.0,2025-06-04,precision_sprint,ict_sweep_fvg,precision_sprint,RTY|ict_sweep_fvg|2025-06-04 13:15:00+00:00|short,
futures,YM,ict_sweep_fvg,short,34778,34782,34782,2025-06-04 12:15:00+00:00,2025-06-04 13:15:00+00:00,2025-06-04 13:15:00+00:00,42632.0,42593.0,39.0,36.0,1.0,39.0,39.0,3.0,tp,0,YM:ict_sweep_fvg,35.0,0.5,630.0,735.0,682.5,2025-06-04,precision_sprint,ict_sweep_fvg,precision_sprint,YM|ict_sweep_fvg|2025-06-04 13:15:00+00:00|short,
futures,NQ,ict_sweep_fvg,short,34856,34872,34872,2025-06-05 08:45:00+00:00,2025-06-05 12:45:00+00:00,2025-06-05 12:45:00+00:00,21806.25,21821.0,-59.0,-62.0,-1.1071428571428572,59.0,59.0,3.0,sl,0,NQ:ict_sweep_fvg,15.0,0.5,-465.0,465.0,442.5,2025-06-05,precision_sprint,ict_sweep_fvg,precision_sprint,NQ|ict_sweep_fvg|2025-06-05 12:45:00+00:00|short,
futures,RTY,ict_sweep_fvg,long,34879,34887,34887,2025-06-05 14:45:00+00:00,2025-06-05 16:45:00+00:00,2025-06-05 16:45:00+00:00,2099.1,2103.6,45.0,42.0,0.875,45.0,45.0,3.0,tp,0,RTY:ict_sweep_fvg,40.0,0.5,840.0,960.0,900.0,2025-06-05,precision_sprint,ict_sweep_fvg,precision_sprint,RTY|ict_sweep_fvg|2025-06-05 16:45:00+00:00|long,
futures,YM,ict_sweep_fvg,long,34888,34893,34893,2025-06-05 16:45:00+00:00,2025-06-05 18:00:00+00:00,2025-06-05 18:00:00+00:00,42476.0,42535.0,59.0,56.0,0.9032258064516128,59.0,59.0,3.0,tp,0,YM:ict_sweep_fvg,35.0,0.5,980.0,1085.0,1032.5,2025-06-05,precision_sprint,ict_sweep_fvg,precision_sprint,YM|ict_sweep_fvg|2025-06-05 18:00:00+00:00|long,
futures,YM,ict_sweep_fvg,long,35031,35034,35034,2025-06-09 06:30:00+00:00,2025-06-09 07:15:00+00:00,2025-06-09 07:15:00+00:00,42761.0,42779.0,18.0,15.0,0.7142857142857143,18.0,18.0,3.0,tp,0,YM:ict_sweep_fvg,35.0,0.5,262.5,367.5,315.0,2025-06-09,precision_sprint,ict_sweep_fvg,precision_sprint,YM|ict_sweep_fvg|2025-06-09 07:15:00+00:00|long,
futures,GC,ict_sweep_fvg,short,35099,35106,35107,2025-06-09 09:45:00+00:00,2025-06-09 11:30:00+00:00,2025-06-09 11:45:00+00:00,3340.5,3337.4,30.99999999999909,27.99999999999909,0.9999999999998376,30.99999999999909,31.00000000000364,3.0,tp,1,GC:ict_sweep_fvg,15.0,1.0,419.9999999999864,510.00000000005457,464.9999999999864,2025-06-09,precision_sprint,ict_sweep_fvg,precision_sprint,GC|ict_sweep_fvg|2025-06-09 11:30:00+00:00|short,
futures,NQ,,long,61262,61263,61281,2025-06-09 15:15:00+00:00,2025-06-09 15:30:00+00:00,2025-06-09 20:00:00+00:00,21825.0,21804.0,-84.0,-87.0,-0.29,594.0,297.0,3.0,session_close,18,,8.0,0.5,-348.0,1200.0,2376.0,2025-06-09,reddit_research,reddit_orb_retest,reddit_orb_retest|ny|range=15|entry=150|rr=2|sl_atr=1|tp_atr=1.5|threshold=2|adx_max=none|adx_min=none|rsi2=none|trend=all|max_bars=24,NQ|reddit_orb_retest|2025-06-09 15:30:00+00:00|long,NQ	reddit_orb_retest	reddit_orb_retest|ny|range=15|entry=150|rr=2|sl_atr=1|tp_atr=1.5|threshold=2|adx_max=none|adx_min=none|rsi2=none|trend=all|max_bars=24
futures,NQ,ict_sweep_fvg,short,35084,35089,35097,2025-06-09 19:45:00+00:00,2025-06-09 22:00:00+00:00,2025-06-10 00:00:00+00:00,21840.75,21822.25,74.0,71.0,1.0,74.0,74.0,3.0,tp,8,NQ:ict_sweep_fvg,15.0,0.5,532.5,577.5,555.0,2025-06-10,precision_sprint,ict_sweep_fvg,precision_sprint,NQ|ict_sweep_fvg|2025-06-09 22:00:00+00:00|short,
futures,NQ,momentum,long,351513,351514,351514,2025-06-10 05:15:00+00:00,2025-06-10 05:30:00+00:00,2025-06-10 05:30:00+00:00,21786.0,21823.5,150.0,147.0,0.2922465208747515,150.0,500.0,3.0,tp,1,NQ:momentum,4.0,0.5,294.0,1006.0,300.0,2025-06-10,precision_sprint,momentum,precision_sprint,NQ|momentum|2025-06-10 05:30:00+00:00|long,
futures,GC,ict_sweep_fvg,short,35198,35202,35202,2025-06-10 11:30:00+00:00,2025-06-10 12:30:00+00:00,2025-06-10 12:30:00+00:00,3360.4,3357.1000000000004,32.99999999999727,29.99999999999727,0.9999999999998485,32.99999999999727,33.00000000000182,3.0,tp,0,GC:ict_sweep_fvg,15.0,1.0,449.9999999999591,540.0000000000273,494.9999999999591,2025-06-10,precision_sprint,ict_sweep_fvg,precision_sprint,GC|ict_sweep_fvg|2025-06-10 12:30:00+00:00|short,
futures,RTY,,long,61352,61353,61364,2025-06-10 15:00:00+00:00,2025-06-10 15:15:00+00:00,2025-06-10 18:00:00+00:00,2162.3,2154.2,-81.00000000000364,-84.00000000000364,-1.0,162.00000000000728,81.00000000000364,3.0,sl,11,,25.0,0.5,-1050.0000000000457,1050.0000000000457,2025.000000000091,2025-06-10,reddit_research,reddit_orb_retest,reddit_orb_retest|ny|range=15|entry=150|rr=2|sl_atr=1|tp_atr=1.5|threshold=2|adx_max=none|adx_min=none|rsi2=none|trend=all|max_bars=24,RTY|reddit_orb_retest|2025-06-10 15:15:00+00:00|long,RTY	reddit_orb_retest	reddit_orb_retest|ny|range=15|entry=150|rr=2|sl_atr=1|tp_atr=1.5|threshold=2|adx_max=none|adx_min=none|rsi2=none|trend=all|max_bars=24
futures,RTY,ict_sweep_fvg,short,35167,35171,35171,2025-06-10 17:45:00+00:00,2025-06-10 18:45:00+00:00,2025-06-10 18:45:00+00:00,2157.0,2159.1,-20.99999999999909,-23.99999999999909,-1.33333333333335,20.99999999999909,20.99999999999909,3.0,sl,0,RTY:ict_sweep_fvg,40.0,0.5,-479.9999999999818,479.9999999999818,419.9999999999818,2025-06-10,precision_sprint,ict_sweep_fvg,precision_sprint,RTY|ict_sweep_fvg|2025-06-10 18:45:00+00:00|short,
futures,YM,ict_sweep_fvg,short,35166,35173,35173,2025-06-10 17:15:00+00:00,2025-06-10 19:00:00+00:00,2025-06-10 19:00:00+00:00,42929.0,42893.0,36.0,33.0,1.0,36.0,36.0,3.0,tp,0,YM:ict_sweep_fvg,35.0,0.5,577.5,682.5,630.0,2025-06-10,precision_sprint,ict_sweep_fvg,precision_sprint,YM|ict_sweep_fvg|2025-06-10 19:00:00+00:00|short,
futures,RTY,ict_sweep_fvg,short,35242,35244,35244,2025-06-11 13:30:00+00:00,2025-06-11 14:00:00+00:00,2025-06-11 14:00:00+00:00,2167.1,2164.0,30.99999999999909,27.99999999999909,0.9999999999998376,30.99999999999909,31.00000000000364,3.0,tp,0,RTY:ict_sweep_fvg,40.0,0.5,559.9999999999818,680.0000000000728,619.9999999999818,2025-06-11,precision_sprint,ict_sweep_fvg,precision_sprint,RTY|ict_sweep_fvg|2025-06-11 14:00:00+00:00|short,
futures,CL,ict_sweep_fvg,short,35358,35360,35360,2025-06-11 14:45:00+00:00,2025-06-11 15:15:00+00:00,2025-06-11 15:15:00+00:00,66.37,66.19,18.000000000000682,15.000000000000682,1.0000000000000948,18.000000000000682,17.99999999999926,3.0,tp,0,CL:ict_sweep_fvg,35.0,1.0,525.0000000000239,734.9999999999741,630.0000000000239,2025-06-11,precision_sprint,ict_sweep_fvg,precision_sprint,CL|ict_sweep_fvg|2025-06-11 15:15:00+00:00|short,
futures,RTY,ict_sweep_fvg,short,35250,35257,35257,2025-06-11 15:30:00+00:00,2025-06-11 17:15:00+00:00,2025-06-11 17:15:00+00:00,2169.1,2166.8,22.99999999999727,19.99999999999727,0.9999999999997726,22.99999999999727,23.00000000000182,3.0,tp,0,RTY:ict_sweep_fvg,40.0,0.5,399.99999999994543,520.0000000000364,459.99999999994543,2025-06-11,precision_sprint,ict_sweep_fvg,precision_sprint,RTY|ict_sweep_fvg|2025-06-11 17:15:00+00:00|short,
futures,GC,ict_sweep_fvg,short,35360,35362,35363,2025-06-12 06:00:00+00:00,2025-06-12 06:30:00+00:00,2025-06-12 06:45:00+00:00,3392.3,3395.4,-30.99999999999909,-33.99999999999909,-1.2142857142857213,30.99999999999909,30.99999999999909,3.0,sl,1,GC:ict_sweep_fvg,15.0,1.0,-509.9999999999864,509.9999999999864,464.9999999999864,2025-06-12,precision_sprint,ict_sweep_fvg,precision_sprint,GC|ict_sweep_fvg|2025-06-12 06:30:00+00:00|short,
futures,NQ,momentum,short,351728,351729,351736,2025-06-12 13:00:00+00:00,2025-06-12 13:15:00+00:00,2025-06-12 15:00:00+00:00,21838.5,21963.5,-500.0,-503.0,-1.0,150.0,500.0,3.0,sl,7,NQ:momentum,4.0,0.5,-1006.0,1006.0,300.0,2025-06-12,precision_sprint,momentum,precision_sprint,NQ|momentum|2025-06-12 13:15:00+00:00|short,
futures,6B,mean_reversion,long,353446,353447,353480,2025-06-13 07:45:00+00:00,2025-06-13 08:00:00+00:00,2025-06-13 16:15:00+00:00,1.3558,1.3597,39.00000000000014,36.00000000000014,0.1773399014778332,500.0,200.0,3.0,signal,33,6B:mean_reversion,9.0,0.625,202.5000000000008,1141.875,2812.5,2025-06-13,precision_sprint,mean_reversion,precision_sprint,6B|mean_reversion|2025-06-13 08:00:00+00:00|long,
futures,CL,momentum,short,354594,354595,354913,2025-06-17 07:45:00+00:00,2025-06-17 08:00:00+00:00,2025-06-22 22:00:00+00:00,71.16,76.16,-500.0,-503.0,-1.0,500.0,500.0,3.0,sl,318,CL:momentum,2.0,1.0,-1006.0,1006.0,1000.0,2025-06-17,precision_sprint,momentum,precision_sprint,CL|momentum|2025-06-17 08:00:00+00:00|short,
futures,GC,ict_sweep_fvg,long,35651,35661,35661,2025-06-17 09:45:00+00:00,2025-06-17 12:15:00+00:00,2025-06-17 12:15:00+00:00,3402.1000000000004,3405.6000000000004,35.0,32.0,0.8421052631578947,35.0,35.0,3.0,tp,0,GC:ict_sweep_fvg,15.0,1.0,480.0,570.0,525.0,2025-06-17,precision_sprint,ict_sweep_fvg,precision_sprint,GC|ict_sweep_fvg|2025-06-17 12:15:00+00:00|long,
futures,GC,ict_sweep_fvg,long,35679,35687,35687,2025-06-17 16:45:00+00:00,2025-06-17 18:45:00+00:00,2025-06-17 18:45:00+00:00,3401.8,3405.3,35.0,32.0,0.8421052631578947,35.0,35.0,3.0,tp,0,GC:ict_sweep_fvg,15.0,1.0,480.0,570.0,525.0,2025-06-17,precision_sprint,ict_sweep_fvg,precision_sprint,GC|ict_sweep_fvg|2025-06-17 18:45:00+00:00|long,
futures,RTY,,short,61994,61995,62004,2025-06-19 14:30:00+00:00,2025-06-19 14:45:00+00:00,2025-06-19 22:00:00+00:00,2097.4,2109.5,-120.99999999999908,-123.99999999999908,-1.3478260869564986,178.00000000000182,89.00000000000091,3.0,session_close,9,,25.0,0.5,-1549.9999999999886,1150.0000000000114,2225.0000000000227,2025-06-19,reddit_research,reddit_orb_retest,reddit_orb_retest|ny|range=15|entry=150|rr=2|sl_atr=1|tp_atr=1.5|threshold=2|adx_max=none|adx_min=none|rsi2=none|trend=all|max_bars=24,RTY|reddit_orb_retest|2025-06-19 14:45:00+00:00|short,RTY	reddit_orb_retest	reddit_orb_retest|ny|range=15|entry=150|rr=2|sl_atr=1|tp_atr=1.5|threshold=2|adx_max=none|adx_min=none|rsi2=none|trend=all|max_bars=24
futures,YM,ict_sweep_fvg,short,35849,35863,35863,2025-06-20 08:00:00+00:00,2025-06-20 11:30:00+00:00,2025-06-20 11:30:00+00:00,42475.0,42518.0,-43.0,-46.0,-1.15,43.0,43.0,3.0,sl,0,YM:ict_sweep_fvg,35.0,0.5,-805.0,805.0,752.5,2025-06-20,precision_sprint,ict_sweep_fvg,precision_sprint,YM|ict_sweep_fvg|2025-06-20 11:30:00+00:00|short,
futures,NQ,momentum,long,352270,352271,352274,2025-06-20 14:30:00+00:00,2025-06-20 14:45:00+00:00,2025-06-20 15:30:00+00:00,21880.25,21917.75,150.0,147.0,0.2922465208747515,150.0,500.0,3.0,tp,3,NQ:momentum,4.0,0.5,294.0,1006.0,300.0,2025-06-20,precision_sprint,momentum,precision_sprint,NQ|momentum|2025-06-20 14:45:00+00:00|long,
futures,YM,ict_sweep_fvg,short,35886,35890,35890,2025-06-20 17:15:00+00:00,2025-06-20 18:15:00+00:00,2025-06-20 18:15:00+00:00,42555.0,42491.0,64.0,61.0,1.0,64.0,64.0,3.0,tp,0,YM:ict_sweep_fvg,35.0,0.5,1067.5,1172.5,1120.0,2025-06-20,precision_sprint,ict_sweep_fvg,precision_sprint,YM|ict_sweep_fvg|2025-06-20 18:15:00+00:00|short,
futures,GC,ict_sweep_fvg,long,36014,36018,36018,2025-06-23 11:00:00+00:00,2025-06-23 12:00:00+00:00,2025-06-23 12:00:00+00:00,3387.9,3392.2000000000003,43.00000000000182,40.00000000000182,0.8695652173913955,43.00000000000182,42.99999999999727,3.0,tp,0,GC:ict_sweep_fvg,15.0,1.0,600.0000000000273,689.9999999999591,645.0000000000273,2025-06-23,precision_sprint,ict_sweep_fvg,precision_sprint,GC|ict_sweep_fvg|2025-06-23 12:00:00+00:00|long,
futures,RTY,ict_sweep_fvg,short,35950,35962,35962,2025-06-23 10:30:00+00:00,2025-06-23 13:30:00+00:00,2025-06-23 13:30:00+00:00,2121.1,2118.6,25.0,22.0,1.0,25.0,25.0,3.0,tp,0,RTY:ict_sweep_fvg,40.0,0.5,440.0,560.0,500.0,2025-06-23,precision_sprint,ict_sweep_fvg,precision_sprint,RTY|ict_sweep_fvg|2025-06-23 13:30:00+00:00|short,
futures,CL,momentum,short,354986,354987,354988,2025-06-23 16:15:00+00:00,2025-06-23 16:30:00+00:00,2025-06-23 16:45:00+00:00,74.16,71.94,221.9999999999999,218.9999999999999,0.4353876739562622,500.0,500.0,3.0,signal,1,CL:momentum,2.0,1.0,437.9999999999998,1006.0,1000.0,2025-06-23,precision_sprint,momentum,precision_sprint,CL|momentum|2025-06-23 16:30:00+00:00|short,
futures,NQ,momentum,long,352369,352370,352371,2025-06-23 16:15:00+00:00,2025-06-23 16:30:00+00:00,2025-06-23 16:45:00+00:00,21860.25,21897.75,150.0,147.0,0.2922465208747515,150.0,500.0,3.0,tp,1,NQ:momentum,4.0,0.5,294.0,1006.0,300.0,2025-06-23,precision_sprint,momentum,precision_sprint,NQ|momentum|2025-06-23 16:30:00+00:00|long,
futures,RTY,ict_sweep_fvg,short,35972,35976,35976,2025-06-23 16:00:00+00:00,2025-06-23 17:00:00+00:00,2025-06-23 17:00:00+00:00,2119.5,2115.4,40.99999999999909,37.99999999999909,1.0,40.99999999999909,40.99999999999909,3.0,tp,0,RTY:ict_sweep_fvg,40.0,0.5,759.9999999999818,879.9999999999818,819.9999999999818,2025-06-23,precision_sprint,ict_sweep_fvg,precision_sprint,RTY|ict_sweep_fvg|2025-06-23 17:00:00+00:00|short,
futures,NQ,,short,62346,62347,62369,2025-06-25 14:15:00+00:00,2025-06-25 14:30:00+00:00,2025-06-25 20:00:00+00:00,22488.5,22467.25,85.0,82.0,0.3388429752066115,478.0,239.0,3.0,session_close,22,,8.0,0.5,328.0,968.0,1912.0,2025-06-25,reddit_research,reddit_orb_retest,reddit_orb_retest|ny|range=15|entry=150|rr=2|sl_atr=1|tp_atr=1.5|threshold=2|adx_max=none|adx_min=none|rsi2=none|trend=all|max_bars=24,NQ|reddit_orb_retest|2025-06-25 14:30:00+00:00|short,NQ	reddit_orb_retest	reddit_orb_retest|ny|range=15|entry=150|rr=2|sl_atr=1|tp_atr=1.5|threshold=2|adx_max=none|adx_min=none|rsi2=none|trend=all|max_bars=24
futures,GC,ict_sweep_fvg,short,36288,36295,36295,2025-06-26 10:30:00+00:00,2025-06-26 12:15:00+00:00,2025-06-26 12:15:00+00:00,3354.1000000000004,3354.6000000000004,-5.0,-8.0,-4.0,5.0,5.0,3.0,sl,0,GC:ict_sweep_fvg,15.0,1.0,-120.0,120.0,75.0,2025-06-26,precision_sprint,ict_sweep_fvg,precision_sprint,GC|ict_sweep_fvg|2025-06-26 12:15:00+00:00|short,
futures,CL,momentum,short,355253,355254,355270,2025-06-26 14:00:00+00:00,2025-06-26 14:15:00+00:00,2025-06-26 18:15:00+00:00,65.7,65.03,67.00000000000017,64.00000000000017,0.1272365805168989,500.0,500.0,3.0,signal,16,CL:momentum,2.0,1.0,128.00000000000034,1006.0,1000.0,2025-06-26,precision_sprint,momentum,precision_sprint,CL|momentum|2025-06-26 14:15:00+00:00|short,
futures,NQ,,long,62440,62441,62461,2025-06-26 14:45:00+00:00,2025-06-26 15:00:00+00:00,2025-06-26 20:00:00+00:00,22570.25,22653.0,331.0,328.0,1.0789473684210529,602.0,301.0,3.0,session_close,20,,8.0,0.5,1312.0,1216.0,2408.0,2025-06-26,reddit_research,reddit_orb_retest,reddit_orb_retest|ny|range=15|entry=150|rr=2|sl_atr=1|tp_atr=1.5|threshold=2|adx_max=none|adx_min=none|rsi2=none|trend=all|max_bars=24,NQ|reddit_orb_retest|2025-06-26 15:00:00+00:00|long,NQ	reddit_orb_retest	reddit_orb_retest|ny|range=15|entry=150|rr=2|sl_atr=1|tp_atr=1.5|threshold=2|adx_max=none|adx_min=none|rsi2=none|trend=all|max_bars=24
futures,CL,ict_sweep_fvg,short,36364,36368,36368,2025-06-26 15:45:00+00:00,2025-06-26 16:45:00+00:00,2025-06-26 16:45:00+00:00,66.09,65.93,15.99999999999966,12.99999999999966,1.0,15.99999999999966,15.99999999999966,3.0,tp,0,CL:ict_sweep_fvg,35.0,1.0,454.9999999999881,664.9999999999881,559.9999999999882,2025-06-26,precision_sprint,ict_sweep_fvg,precision_sprint,CL|ict_sweep_fvg|2025-06-26 16:45:00+00:00|short,
futures,NQ,ict_sweep_fvg,short,36349,36355,36356,2025-06-27 18:00:00+00:00,2025-06-27 19:30:00+00:00,2025-06-27 19:45:00+00:00,22703.75,22742.75,-156.0,-159.0,-1.03921568627451,156.0,156.0,3.0,sl,1,NQ:ict_sweep_fvg,15.0,0.5,-1192.5,1192.5,1170.0,2025-06-27,precision_sprint,ict_sweep_fvg,precision_sprint,NQ|ict_sweep_fvg|2025-06-27 19:30:00+00:00|short,
futures,RTY,ict_sweep_fvg,short,36347,36360,36360,2025-06-27 17:45:00+00:00,2025-06-29 22:00:00+00:00,2025-06-29 22:00:00+00:00,2193.1,2189.7000000000003,33.99999999999636,30.99999999999636,0.9999999999998532,33.99999999999636,34.00000000000091,3.0,tp,0,RTY:ict_sweep_fvg,40.0,0.5,619.9999999999271,740.0000000000182,679.9999999999272,2025-06-30,precision_sprint,ict_sweep_fvg,precision_sprint,RTY|ict_sweep_fvg|2025-06-29 22:00:00+00:00|short,
futures,GC,ict_sweep_fvg,short,36474,36478,36478,2025-06-30 11:00:00+00:00,2025-06-30 12:00:00+00:00,2025-06-30 12:00:00+00:00,3292.7000000000003,3289.8,29.00000000000091,26.00000000000091,1.0,29.00000000000091,29.00000000000091,3.0,tp,0,GC:ict_sweep_fvg,15.0,1.0,390.0000000000136,480.0000000000136,435.0000000000136,2025-06-30,precision_sprint,ict_sweep_fvg,precision_sprint,GC|ict_sweep_fvg|2025-06-30 12:00:00+00:00|short,
futures,RTY,,short,62626,62627,62644,2025-06-30 15:30:00+00:00,2025-06-30 15:45:00+00:00,2025-06-30 20:00:00+00:00,2191.2,2187.7,35.0,32.0,0.3516483516483446,176.00000000000364,88.00000000000182,3.0,session_close,17,,25.0,0.5,400.0,1137.5000000000227,2200.000000000045,2025-06-30,reddit_research,reddit_orb_retest,reddit_orb_retest|ny|range=15|entry=150|rr=2|sl_atr=1|tp_atr=1.5|threshold=2|adx_max=none|adx_min=none|rsi2=none|trend=all|max_bars=24,RTY|reddit_orb_retest|2025-06-30 15:45:00+00:00|short,RTY	reddit_orb_retest	reddit_orb_retest|ny|range=15|entry=150|rr=2|sl_atr=1|tp_atr=1.5|threshold=2|adx_max=none|adx_min=none|rsi2=none|trend=all|max_bars=24
futures,YM,ict_sweep_fvg,long,36429,36440,36440,2025-06-30 15:00:00+00:00,2025-06-30 17:45:00+00:00,2025-06-30 17:45:00+00:00,44246.0,44196.0,-50.0,-53.0,-1.0,50.0,50.0,3.0,sl,0,YM:ict_sweep_fvg,35.0,0.5,-927.5,927.5,875.0,2025-06-30,precision_sprint,ict_sweep_fvg,precision_sprint,YM|ict_sweep_fvg|2025-06-30 17:45:00+00:00|long,
futures,CL,momentum,short,355498,355499,355504,2025-07-01 06:15:00+00:00,2025-07-01 06:30:00+00:00,2025-07-01 07:45:00+00:00,65.17,64.77,40.00000000000057,37.00000000000057,0.0735586481113331,500.0,500.0,3.0,signal,5,CL:momentum,2.0,1.0,74.00000000000114,1006.0,1000.0,2025-07-01,precision_sprint,momentum,precision_sprint,CL|momentum|2025-07-01 06:30:00+00:00|short,
futures,RTY,ict_sweep_fvg,long,36484,36491,36491,2025-07-01 06:00:00+00:00,2025-07-01 07:45:00+00:00,2025-07-01 07:45:00+00:00,2186.4,2187.0,5.9999999999990905,2.9999999999990905,0.333333333333266,5.9999999999990905,5.9999999999990905,3.0,tp,0,RTY:ict_sweep_fvg,40.0,0.5,59.99999999998181,179.9999999999818,119.9999999999818,2025-07-01,precision_sprint,ict_sweep_fvg,precision_sprint,RTY|ict_sweep_fvg|2025-07-01 07:45:00+00:00|long,
futures,CL,momentum,long,355529,355530,355537,2025-07-01 14:00:00+00:00,2025-07-01 14:15:00+00:00,2025-07-01 16:00:00+00:00,65.28,65.73,45.00000000000029,42.00000000000029,0.0834990059642152,500.0,500.0,3.0,signal,7,CL:momentum,2.0,1.0,84.00000000000058,1006.0,1000.0,2025-07-01,precision_sprint,momentum,precision_sprint,CL|momentum|2025-07-01 14:15:00+00:00|long,
futures,CL,ict_sweep_fvg,short,36629,36643,36643,2025-07-01 13:00:00+00:00,2025-07-01 16:30:00+00:00,2025-07-01 16:30:00+00:00,65.77,65.59,17.99999999999926,14.99999999999926,0.9999999999999052,17.99999999999926,18.000000000000682,3.0,tp,0,CL:ict_sweep_fvg,35.0,1.0,524.9999999999741,735.0000000000239,629.9999999999741,2025-07-01,precision_sprint,ict_sweep_fvg,precision_sprint,CL|ict_sweep_fvg|2025-07-01 16:30:00+00:00|short,
futures,YM,ict_sweep_fvg,short,36571,36577,36577,2025-07-02 04:30:00+00:00,2025-07-02 06:00:00+00:00,2025-07-02 06:00:00+00:00,44908.0,44891.0,17.0,14.0,1.0,17.0,17.0,3.0,tp,0,YM:ict_sweep_fvg,35.0,0.5,245.0,350.0,297.5,2025-07-02,precision_sprint,ict_sweep_fvg,precision_sprint,YM|ict_sweep_fvg|2025-07-02 06:00:00+00:00|short,
futures,CL,ict_sweep_fvg,short,36723,36729,36729,2025-07-02 13:30:00+00:00,2025-07-02 15:00:00+00:00,2025-07-02 15:00:00+00:00,65.98,65.84,14.000000000000057,11.000000000000057,1.0,14.000000000000057,14.000000000000057,3.0,tp,0,CL:ict_sweep_fvg,35.0,1.0,385.000000000002,595.000000000002,490.000000000002,2025-07-02,precision_sprint,ict_sweep_fvg,precision_sprint,CL|ict_sweep_fvg|2025-07-02 15:00:00+00:00|short,
futures,NQ,ict_sweep_fvg,short,36650,36658,36658,2025-07-03 01:15:00+00:00,2025-07-03 03:15:00+00:00,2025-07-03 03:15:00+00:00,22862.0,22872.25,-41.0,-44.0,-1.1578947368421053,41.0,41.0,3.0,sl,0,NQ:ict_sweep_fvg,15.0,0.5,-330.0,330.0,307.5,2025-07-03,precision_sprint,ict_sweep_fvg,precision_sprint,NQ|ict_sweep_fvg|2025-07-03 03:15:00+00:00|short,
futures,6B,mean_reversion,long,354754,354755,354819,2025-07-03 13:45:00+00:00,2025-07-03 14:00:00+00:00,2025-07-04 07:00:00+00:00,1.3665,1.3682,17.000000000000348,14.000000000000348,0.068965517241381,500.0,200.0,3.0,signal,64,6B:mean_reversion,9.0,0.625,78.75000000000195,1141.875,2812.5,2025-07-03,precision_sprint,mean_reversion,precision_sprint,6B|mean_reversion|2025-07-03 14:00:00+00:00|long,
futures,GC,ict_sweep_fvg,long,36758,36763,36763,2025-07-03 13:00:00+00:00,2025-07-03 14:15:00+00:00,2025-07-03 14:15:00+00:00,3335.9,3339.5,35.99999999999909,32.99999999999909,0.8461538461538426,35.99999999999909,35.99999999999909,3.0,tp,0,GC:ict_sweep_fvg,15.0,1.0,494.9999999999864,584.9999999999864,539.9999999999864,2025-07-03,precision_sprint,ict_sweep_fvg,precision_sprint,GC|ict_sweep_fvg|2025-07-03 14:15:00+00:00|long,
futures,CL,momentum,long,355784,355785,355879,2025-07-04 08:45:00+00:00,2025-07-04 09:00:00+00:00,2025-07-07 13:30:00+00:00,66.54,67.41,86.99999999999903,83.99999999999903,0.1669980119284275,500.0,500.0,3.0,signal,94,CL:momentum,2.0,1.0,167.99999999999807,1006.0,1000.0,2025-07-04,precision_sprint,momentum,precision_sprint,CL|momentum|2025-07-04 09:00:00+00:00|long,
futures,NQ,,long,62976,62977,62986,2025-07-04 14:30:00+00:00,2025-07-04 14:45:00+00:00,2025-07-06 22:00:00+00:00,22942.25,22992.25,200.0,197.0,0.8954545454545455,434.0,217.0,3.0,session_close,9,,8.0,0.5,788.0,880.0,1736.0,2025-07-04,reddit_research,reddit_orb_retest,reddit_orb_retest|ny|range=15|entry=150|rr=2|sl_atr=1|tp_atr=1.5|threshold=2|adx_max=none|adx_min=none|rsi2=none|trend=all|max_bars=24,NQ|reddit_orb_retest|2025-07-04 14:45:00+00:00|long,NQ	reddit_orb_retest	reddit_orb_retest|ny|range=15|entry=150|rr=2|sl_atr=1|tp_atr=1.5|threshold=2|adx_max=none|adx_min=none|rsi2=none|trend=all|max_bars=24
futures,RTY,,long,62978,62979,62985,2025-07-04 15:15:00+00:00,2025-07-04 15:30:00+00:00,2025-07-06 22:00:00+00:00,2240.4,2254.0,135.9999999999991,132.9999999999991,2.6599999999998367,94.00000000000546,47.00000000000273,3.0,session_close,6,,25.0,0.5,1662.4999999999886,625.0000000000341,1175.0000000000682,2025-07-04,reddit_research,reddit_orb_retest,reddit_orb_retest|ny|range=15|entry=150|rr=2|sl_atr=1|tp_atr=1.5|threshold=2|adx_max=none|adx_min=none|rsi2=none|trend=all|max_bars=24,RTY|reddit_orb_retest|2025-07-04 15:30:00+00:00|long,RTY	reddit_orb_retest	reddit_orb_retest|ny|range=15|entry=150|rr=2|sl_atr=1|tp_atr=1.5|threshold=2|adx_max=none|adx_min=none|rsi2=none|trend=all|max_bars=24
futures,NQ,ict_sweep_fvg,long,36810,36816,36816,2025-07-07 03:00:00+00:00,2025-07-07 04:30:00+00:00,2025-07-07 04:30:00+00:00,22952.0,22962.75,43.0,40.0,0.8695652173913043,43.0,43.0,3.0,tp,0,NQ:ict_sweep_fvg,15.0,0.5,300.0,345.0,322.5,2025-07-07,precision_sprint,ict_sweep_fvg,precision_sprint,NQ|ict_sweep_fvg|2025-07-07 04:30:00+00:00|long,
futures,NQ,ict_sweep_fvg,long,36837,36849,36849,2025-07-07 09:45:00+00:00,2025-07-07 12:45:00+00:00,2025-07-07 12:45:00+00:00,22950.0,22965.0,60.0,57.0,0.9047619047619048,60.0,60.0,3.0,tp,0,NQ:ict_sweep_fvg,15.0,0.5,427.5,472.5,450.0,2025-07-07,precision_sprint,ict_sweep_fvg,precision_sprint,NQ|ict_sweep_fvg|2025-07-07 12:45:00+00:00|long,
futures,YM,ict_sweep_fvg,short,36849,36852,36852,2025-07-07 12:45:00+00:00,2025-07-07 13:30:00+00:00,2025-07-07 13:30:00+00:00,45058.0,45030.0,28.0,25.0,1.0,28.0,28.0,3.0,tp,0,YM:ict_sweep_fvg,35.0,0.5,437.5,542.5,490.0,2025-07-07,precision_sprint,ict_sweep_fvg,precision_sprint,YM|ict_sweep_fvg|2025-07-07 13:30:00+00:00|short,
futures,RTY,ict_sweep_fvg,long,36850,36854,36854,2025-07-07 13:15:00+00:00,2025-07-07 14:15:00+00:00,2025-07-07 14:15:00+00:00,2248.0,2251.6,35.99999999999909,32.99999999999909,0.8461538461538426,35.99999999999909,35.99999999999909,3.0,tp,0,RTY:ict_sweep_fvg,40.0,0.5,659.9999999999818,779.9999999999818,719.9999999999818,2025-07-07,precision_sprint,ict_sweep_fvg,precision_sprint,RTY|ict_sweep_fvg|2025-07-07 14:15:00+00:00|long,
futures,NQ,,short,63142,63143,63151,2025-07-08 14:00:00+00:00,2025-07-08 14:15:00+00:00,2025-07-08 16:15:00+00:00,22881.75,22943.5,-247.0,-250.0,-1.0,494.0,247.0,3.0,sl,8,,8.0,0.5,-1000.0,1000.0,1976.0,2025-07-08,reddit_research,reddit_orb_retest,reddit_orb_retest|ny|range=15|entry=150|rr=2|sl_atr=1|tp_atr=1.5|threshold=2|adx_max=none|adx_min=none|rsi2=none|trend=all|max_bars=24,NQ|reddit_orb_retest|2025-07-08 14:15:00+00:00|short,NQ	reddit_orb_retest	reddit_orb_retest|ny|range=15|entry=150|rr=2|sl_atr=1|tp_atr=1.5|threshold=2|adx_max=none|adx_min=none|rsi2=none|trend=all|max_bars=24
futures,RTY,ict_sweep_fvg,short,37037,37045,37049,2025-07-09 14:00:00+00:00,2025-07-09 16:00:00+00:00,2025-07-09 17:00:00+00:00,2254.9,2258.5,-35.99999999999909,-38.99999999999909,-1.1818181818181868,35.99999999999909,35.99999999999909,3.0,sl,4,RTY:ict_sweep_fvg,40.0,0.5,-779.9999999999818,779.9999999999818,719.9999999999818,2025-07-09,precision_sprint,ict_sweep_fvg,precision_sprint,RTY|ict_sweep_fvg|2025-07-09 16:00:00+00:00|short,
futures,YM,ict_sweep_fvg,short,37038,37054,37062,2025-07-09 14:00:00+00:00,2025-07-09 18:00:00+00:00,2025-07-09 20:00:00+00:00,44686.0,44746.0,-60.0,-63.0,-1.105263157894737,60.0,60.0,3.0,sl,8,YM:ict_sweep_fvg,35.0,0.5,-1102.5,1102.5,1050.0,2025-07-09,precision_sprint,ict_sweep_fvg,precision_sprint,YM|ict_sweep_fvg|2025-07-09 18:00:00+00:00|short,
futures,RTY,ict_sweep_fvg,short,37123,37129,37129,2025-07-10 12:30:00+00:00,2025-07-10 14:00:00+00:00,2025-07-10 14:00:00+00:00,2272.3,2268.8,35.0,32.0,1.0,35.0,35.0,3.0,tp,0,RTY:ict_sweep_fvg,40.0,0.5,640.0,760.0,700.0,2025-07-10,precision_sprint,ict_sweep_fvg,precision_sprint,RTY|ict_sweep_fvg|2025-07-10 14:00:00+00:00|short,
futures,GC,ict_sweep_fvg,short,37214,37218,37218,2025-07-10 16:00:00+00:00,2025-07-10 17:00:00+00:00,2025-07-10 17:00:00+00:00,3326.8,3324.1000000000004,26.99999999999818,23.99999999999818,1.0,26.99999999999818,26.99999999999818,3.0,tp,0,GC:ict_sweep_fvg,15.0,1.0,359.9999999999727,449.9999999999727,404.9999999999727,2025-07-10,precision_sprint,ict_sweep_fvg,precision_sprint,GC|ict_sweep_fvg|2025-07-10 17:00:00+00:00|short,
futures,GC,ict_sweep_fvg,long,37370,37381,37381,2025-07-14 09:00:00+00:00,2025-07-14 11:45:00+00:00,2025-07-14 11:45:00+00:00,3378.6000000000004,3375.2000000000003,-34.00000000000091,-37.00000000000091,-1.0,33.99999999999636,34.00000000000091,3.0,sl,0,GC:ict_sweep_fvg,15.0,1.0,-555.0000000000136,555.0000000000136,509.99999999994543,2025-07-14,precision_sprint,ict_sweep_fvg,precision_sprint,GC|ict_sweep_fvg|2025-07-14 11:45:00+00:00|long,
futures,NQ,ict_sweep_fvg,short,37360,37363,37363,2025-07-15 02:30:00+00:00,2025-07-15 03:15:00+00:00,2025-07-15 03:15:00+00:00,23064.5,23075.25,-43.0,-46.0,-1.15,43.0,43.0,3.0,sl,0,NQ:ict_sweep_fvg,15.0,0.5,-345.0,345.0,322.5,2025-07-15,precision_sprint,ict_sweep_fvg,precision_sprint,NQ|ict_sweep_fvg|2025-07-15 03:15:00+00:00|short,
futures,RTY,ict_sweep_fvg,short,37358,37368,37368,2025-07-15 02:15:00+00:00,2025-07-15 04:45:00+00:00,2025-07-15 04:45:00+00:00,2262.1,2264.2000000000003,-21.00000000000364,-24.00000000000364,-1.333333333333266,20.99999999999909,21.00000000000364,3.0,sl,0,RTY:ict_sweep_fvg,40.0,0.5,-480.0000000000728,480.0000000000728,419.9999999999818,2025-07-15,precision_sprint,ict_sweep_fvg,precision_sprint,RTY|ict_sweep_fvg|2025-07-15 04:45:00+00:00|short,
futures,YM,ict_sweep_fvg,short,37378,37392,37393,2025-07-15 07:00:00+00:00,2025-07-15 10:30:00+00:00,2025-07-15 10:45:00+00:00,44698.0,44660.0,38.0,35.0,1.0,38.0,38.0,3.0,tp,1,YM:ict_sweep_fvg,35.0,0.5,612.5,717.5,665.0,2025-07-15,precision_sprint,ict_sweep_fvg,precision_sprint,YM|ict_sweep_fvg|2025-07-15 10:30:00+00:00|short,
futures,RTY,ict_sweep_fvg,short,37397,37399,37399,2025-07-15 12:00:00+00:00,2025-07-15 12:30:00+00:00,2025-07-15 12:30:00+00:00,2262.1,2263.9,-18.00000000000182,-21.00000000000182,-1.3999999999999515,17.99999999999727,18.00000000000182,3.0,sl,0,RTY:ict_sweep_fvg,40.0,0.5,-420.0000000000364,420.0000000000364,359.99999999994543,2025-07-15,precision_sprint,ict_sweep_fvg,precision_sprint,RTY|ict_sweep_fvg|2025-07-15 12:30:00+00:00|short,
futures,YM,ict_sweep_fvg,short,37395,37400,37400,2025-07-15 11:15:00+00:00,2025-07-15 12:30:00+00:00,2025-07-15 12:30:00+00:00,44691.0,44658.0,33.0,30.0,1.0,33.0,33.0,3.0,tp,0,YM:ict_sweep_fvg,35.0,0.5,525.0,630.0,577.5,2025-07-15,precision_sprint,ict_sweep_fvg,precision_sprint,YM|ict_sweep_fvg|2025-07-15 12:30:00+00:00|short,
futures,CL,ict_sweep_fvg,long,37640,37642,37642,2025-07-16 16:45:00+00:00,2025-07-16 17:15:00+00:00,2025-07-16 17:15:00+00:00,66.28,66.41,12.999999999999543,9.999999999999543,0.6249999999999893,12.999999999999543,12.999999999999543,3.0,tp,0,CL:ict_sweep_fvg,35.0,1.0,349.999999999984,559.999999999984,454.999999999984,2025-07-16,precision_sprint,ict_sweep_fvg,precision_sprint,CL|ict_sweep_fvg|2025-07-16 17:15:00+00:00|long,
futures,CL,ict_sweep_fvg,long,37758,37762,37762,2025-07-18 00:15:00+00:00,2025-07-18 01:15:00+00:00,2025-07-18 01:15:00+00:00,66.24,66.3,6.000000000000227,3.000000000000228,0.3333333333334028,6.000000000000227,5.999999999998806,3.0,tp,0,CL:ict_sweep_fvg,35.0,1.0,105.00000000000796,314.9999999999582,210.000000000008,2025-07-18,precision_sprint,ict_sweep_fvg,precision_sprint,CL|ict_sweep_fvg|2025-07-18 01:15:00+00:00|long,
futures,NQ,momentum,long,354078,354079,354083,2025-07-18 14:15:00+00:00,2025-07-18 14:30:00+00:00,2025-07-18 15:30:00+00:00,23194.0,23231.5,150.0,147.0,0.2922465208747515,150.0,500.0,3.0,tp,4,NQ:momentum,4.0,0.5,294.0,1006.0,300.0,2025-07-18,precision_sprint,momentum,precision_sprint,NQ|momentum|2025-07-18 14:30:00+00:00|long,
futures,NQ,ict_sweep_fvg,short,37769,37771,37771,2025-07-21 12:45:00+00:00,2025-07-21 13:15:00+00:00,2025-07-21 13:15:00+00:00,23255.0,23241.5,54.0,51.0,1.0,54.0,54.0,3.0,tp,0,NQ:ict_sweep_fvg,15.0,0.5,382.5,427.5,405.0,2025-07-21,precision_sprint,ict_sweep_fvg,precision_sprint,NQ|ict_sweep_fvg|2025-07-21 13:15:00+00:00|short,
futures,RTY,,long,63969,63970,63978,2025-07-21 14:00:00+00:00,2025-07-21 14:15:00+00:00,2025-07-21 16:15:00+00:00,2266.7,2260.6,-60.99999999999909,-63.99999999999909,-1.0,121.99999999999818,60.99999999999909,3.0,sl,8,,25.0,0.5,-799.9999999999886,799.9999999999886,1524.9999999999773,2025-07-21,reddit_research,reddit_orb_retest,reddit_orb_retest|ny|range=15|entry=150|rr=2|sl_atr=1|tp_atr=1.5|threshold=2|adx_max=none|adx_min=none|rsi2=none|trend=all|max_bars=24,RTY|reddit_orb_retest|2025-07-21 14:15:00+00:00|long,RTY	reddit_orb_retest	reddit_orb_retest|ny|range=15|entry=150|rr=2|sl_atr=1|tp_atr=1.5|threshold=2|adx_max=none|adx_min=none|rsi2=none|trend=all|max_bars=24
futures,YM,ict_sweep_fvg,short,37796,37802,37828,2025-07-21 19:30:00+00:00,2025-07-21 22:00:00+00:00,2025-07-22 04:30:00+00:00,44598.0,44565.0,33.0,30.0,1.0,33.0,33.0,3.0,tp,26,YM:ict_sweep_fvg,35.0,0.5,525.0,630.0,577.5,2025-07-22,precision_sprint,ict_sweep_fvg,precision_sprint,YM|ict_sweep_fvg|2025-07-21 22:00:00+00:00|short,
futures,RTY,ict_sweep_fvg,long,37837,37839,37839,2025-07-22 07:00:00+00:00,2025-07-22 07:30:00+00:00,2025-07-22 07:30:00+00:00,2241.2000000000003,2242.3,10.99999999999909,7.99999999999909,0.571428571428358,10.99999999999909,11.000000000003638,3.0,tp,0,RTY:ict_sweep_fvg,40.0,0.5,159.99999999998178,280.0000000000728,219.9999999999818,2025-07-22,precision_sprint,ict_sweep_fvg,precision_sprint,RTY|ict_sweep_fvg|2025-07-22 07:30:00+00:00|long,
futures,NQ,momentum,long,354239,354240,354249,2025-07-22 08:30:00+00:00,2025-07-22 08:45:00+00:00,2025-07-22 11:00:00+00:00,23281.0,23318.5,150.0,147.0,0.2922465208747515,150.0,500.0,3.0,tp,9,NQ:momentum,4.0,0.5,294.0,1006.0,300.0,2025-07-22,precision_sprint,momentum,precision_sprint,NQ|momentum|2025-07-22 08:45:00+00:00|long,
futures,6B,mean_reversion,short,355924,355925,356130,2025-07-22 11:15:00+00:00,2025-07-22 11:30:00+00:00,2025-07-24 16:45:00+00:00,1.3484,1.3516,-31.999999999998696,-34.99999999999869,-0.1724137931034418,500.0,200.0,3.0,signal,205,6B:mean_reversion,9.0,0.625,-196.87499999999264,1141.875,2812.5,2025-07-22,precision_sprint,mean_reversion,precision_sprint,6B|mean_reversion|2025-07-22 11:30:00+00:00|short,
futures,RTY,ict_sweep_fvg,long,37855,37864,37864,2025-07-22 11:30:00+00:00,2025-07-22 13:45:00+00:00,2025-07-22 13:45:00+00:00,2240.6,2238.6,-20.0,-23.0,-1.0,20.0,20.0,3.0,sl,0,RTY:ict_sweep_fvg,40.0,0.5,-460.0,460.0,400.0,2025-07-22,precision_sprint,ict_sweep_fvg,precision_sprint,RTY|ict_sweep_fvg|2025-07-22 13:45:00+00:00|long,
futures,CL,momentum,short,356913,356914,356956,2025-07-22 19:00:00+00:00,2025-07-22 19:15:00+00:00,2025-07-23 06:45:00+00:00,65.56,65.23,32.99999999999983,29.99999999999983,0.0596421471172958,500.0,500.0,3.0,signal,42,CL:momentum,2.0,1.0,59.99999999999966,1006.0,1000.0,2025-07-22,precision_sprint,momentum,precision_sprint,CL|momentum|2025-07-22 19:15:00+00:00|short,
futures,NQ,ict_sweep_fvg,long,37884,37889,37889,2025-07-22 18:30:00+00:00,2025-07-22 19:45:00+00:00,2025-07-22 19:45:00+00:00,23225.25,23237.25,48.0,45.0,0.8823529411764706,48.0,48.0,3.0,tp,0,NQ:ict_sweep_fvg,15.0,0.5,337.5,382.5,360.0,2025-07-22,precision_sprint,ict_sweep_fvg,precision_sprint,NQ|ict_sweep_fvg|2025-07-22 19:45:00+00:00|long,
futures,NQ,momentum,short,354296,354297,354297,2025-07-22 23:45:00+00:00,2025-07-23 00:00:00+00:00,2025-07-23 00:00:00+00:00,23261.75,23224.25,150.0,147.0,0.2922465208747515,150.0,500.0,3.0,tp,1,NQ:momentum,4.0,0.5,294.0,1006.0,300.0,2025-07-23,precision_sprint,momentum,precision_sprint,NQ|momentum|2025-07-23 00:00:00+00:00|short,
futures,NQ,ict_sweep_fvg,long,37898,37905,37907,2025-07-22 23:00:00+00:00,2025-07-23 00:45:00+00:00,2025-07-23 01:15:00+00:00,23203.25,23225.75,90.0,87.0,0.935483870967742,90.0,90.0,3.0,tp,2,NQ:ict_sweep_fvg,15.0,0.5,652.5,697.5,675.0,2025-07-23,precision_sprint,ict_sweep_fvg,precision_sprint,NQ|ict_sweep_fvg|2025-07-23 00:45:00+00:00|long,
futures,YM,ict_sweep_fvg,short,37899,37910,37922,2025-07-22 23:15:00+00:00,2025-07-23 02:00:00+00:00,2025-07-23 05:00:00+00:00,44821.0,44851.0,-30.0,-33.0,-1.2222222222222223,30.0,30.0,3.0,sl,12,YM:ict_sweep_fvg,35.0,0.5,-577.5,577.5,525.0,2025-07-23,precision_sprint,ict_sweep_fvg,precision_sprint,YM|ict_sweep_fvg|2025-07-23 02:00:00+00:00|short,
futures,NQ,momentum,short,354360,354361,354362,2025-07-23 15:45:00+00:00,2025-07-23 16:00:00+00:00,2025-07-23 16:15:00+00:00,23257.0,23219.5,150.0,147.0,0.2922465208747515,150.0,500.0,3.0,tp,1,NQ:momentum,4.0,0.5,294.0,1006.0,300.0,2025-07-23,precision_sprint,momentum,precision_sprint,NQ|momentum|2025-07-23 16:00:00+00:00|short,
futures,NQ,,short,64247,64248,64253,2025-07-24 14:15:00+00:00,2025-07-24 14:30:00+00:00,2025-07-24 15:45:00+00:00,23332.5,23399.5,-268.0,-271.0,-1.0,536.0,268.0,3.0,sl,5,,8.0,0.5,-1084.0,1084.0,2144.0,2025-07-24,reddit_research,reddit_orb_retest,reddit_orb_retest|ny|range=15|entry=150|rr=2|sl_atr=1|tp_atr=1.5|threshold=2|adx_max=none|adx_min=none|rsi2=none|trend=all|max_bars=24,NQ|reddit_orb_retest|2025-07-24 14:30:00+00:00|short,NQ	reddit_orb_retest	reddit_orb_retest|ny|range=15|entry=150|rr=2|sl_atr=1|tp_atr=1.5|threshold=2|adx_max=none|adx_min=none|rsi2=none|trend=all|max_bars=24
futures,RTY,,short,64250,64251,64269,2025-07-24 15:15:00+00:00,2025-07-24 15:30:00+00:00,2025-07-24 20:00:00+00:00,2276.3,2266.0,103.00000000000182,100.00000000000182,1.1494252873563908,167.99999999999272,83.99999999999636,3.0,session_close,18,,25.0,0.5,1250.0000000000227,1087.4999999999543,2099.999999999909,2025-07-24,reddit_research,reddit_orb_retest,reddit_orb_retest|ny|range=15|entry=150|rr=2|sl_atr=1|tp_atr=1.5|threshold=2|adx_max=none|adx_min=none|rsi2=none|trend=all|max_bars=24,RTY|reddit_orb_retest|2025-07-24 15:30:00+00:00|short,RTY	reddit_orb_retest	reddit_orb_retest|ny|range=15|entry=150|rr=2|sl_atr=1|tp_atr=1.5|threshold=2|adx_max=none|adx_min=none|rsi2=none|trend=all|max_bars=24
futures,CL,momentum,long,357087,357088,357095,2025-07-24 16:30:00+00:00,2025-07-24 16:45:00+00:00,2025-07-24 18:30:00+00:00,65.77,66.06,29.000000000000625,26.000000000000625,0.0516898608349913,500.0,500.0,3.0,signal,7,CL:momentum,2.0,1.0,52.00000000000125,1006.0,1000.0,2025-07-24,precision_sprint,momentum,precision_sprint,CL|momentum|2025-07-24 16:45:00+00:00|long,
futures,CL,ict_sweep_fvg,short,38228,38238,38238,2025-07-25 02:45:00+00:00,2025-07-25 05:15:00+00:00,2025-07-25 05:15:00+00:00,66.33,66.23,9.999999999999432,6.999999999999432,0.9999999999997968,9.999999999999432,10.000000000000853,3.0,tp,0,CL:ict_sweep_fvg,35.0,1.0,244.9999999999801,455.0000000000298,349.9999999999801,2025-07-25,precision_sprint,ict_sweep_fvg,precision_sprint,CL|ict_sweep_fvg|2025-07-25 05:15:00+00:00|short,
futures,CL,momentum,long,357167,357168,357253,2025-07-25 13:30:00+00:00,2025-07-25 13:45:00+00:00,2025-07-28 12:00:00+00:00,65.85,66.23,38.000000000000966,35.000000000000966,0.0695825049701808,500.0,500.0,3.0,signal,85,CL:momentum,2.0,1.0,70.00000000000193,1006.0,1000.0,2025-07-25,precision_sprint,momentum,precision_sprint,CL|momentum|2025-07-25 13:45:00+00:00|long,
futures,RTY,ict_sweep_fvg,long,38227,38230,38230,2025-07-28 12:30:00+00:00,2025-07-28 13:15:00+00:00,2025-07-28 13:15:00+00:00,2281.3,2283.6,22.99999999999727,19.99999999999727,0.7692307692306105,22.99999999999727,23.00000000000182,3.0,tp,0,RTY:ict_sweep_fvg,40.0,0.5,399.99999999994543,520.0000000000364,459.99999999994543,2025-07-28,precision_sprint,ict_sweep_fvg,precision_sprint,RTY|ict_sweep_fvg|2025-07-28 13:15:00+00:00|long,
futures,NQ,,long,64430,64431,64435,2025-07-28 14:00:00+00:00,2025-07-28 14:15:00+00:00,2025-07-28 15:15:00+00:00,23515.75,23464.75,-204.0,-207.0,-1.0,408.0,204.0,3.0,sl,4,,8.0,0.5,-828.0,828.0,1632.0,2025-07-28,reddit_research,reddit_orb_retest,reddit_orb_retest|ny|range=15|entry=150|rr=2|sl_atr=1|tp_atr=1.5|threshold=2|adx_max=none|adx_min=none|rsi2=none|trend=all|max_bars=24,NQ|reddit_orb_retest|2025-07-28 14:15:00+00:00|long,NQ	reddit_orb_retest	reddit_orb_retest|ny|range=15|entry=150|rr=2|sl_atr=1|tp_atr=1.5|threshold=2|adx_max=none|adx_min=none|rsi2=none|trend=all|max_bars=24
futures,CL,ict_sweep_fvg,short,38440,38450,38452,2025-07-29 09:45:00+00:00,2025-07-29 12:15:00+00:00,2025-07-29 12:45:00+00:00,67.07000000000001,67.23,-15.99999999999966,-18.99999999999966,-1.4615384615384737,16.00000000000108,15.99999999999966,3.0,sl,2,CL:ict_sweep_fvg,35.0,1.0,-664.9999999999881,664.9999999999881,560.0000000000377,2025-07-29,precision_sprint,ict_sweep_fvg,precision_sprint,CL|ict_sweep_fvg|2025-07-29 12:15:00+00:00|short,
futures,RTY,,long,64620,64621,64631,2025-07-30 15:45:00+00:00,2025-07-30 16:00:00+00:00,2025-07-30 18:30:00+00:00,2266.2,2259.8,-63.99999999999636,-66.99999999999636,-1.0,127.99999999999272,63.99999999999636,3.0,sl,10,,25.0,0.5,-837.4999999999545,837.4999999999545,1599.999999999909,2025-07-30,reddit_research,reddit_orb_retest,reddit_orb_retest|ny|range=15|entry=150|rr=2|sl_atr=1|tp_atr=1.5|threshold=2|adx_max=none|adx_min=none|rsi2=none|trend=all|max_bars=24,RTY|reddit_orb_retest|2025-07-30 16:00:00+00:00|long,RTY	reddit_orb_retest	reddit_orb_retest|ny|range=15|entry=150|rr=2|sl_atr=1|tp_atr=1.5|threshold=2|adx_max=none|adx_min=none|rsi2=none|trend=all|max_bars=24
futures,YM,ict_sweep_fvg,long,38424,38436,38436,2025-07-30 15:30:00+00:00,2025-07-30 18:30:00+00:00,2025-07-30 18:30:00+00:00,44750.0,44780.0,30.0,27.0,0.8181818181818182,30.0,30.0,3.0,tp,0,YM:ict_sweep_fvg,35.0,0.5,472.5,577.5,525.0,2025-07-30,precision_sprint,ict_sweep_fvg,precision_sprint,YM|ict_sweep_fvg|2025-07-30 18:30:00+00:00|long,
futures,NQ,momentum,long,354903,354904,354904,2025-07-31 13:30:00+00:00,2025-07-31 13:45:00+00:00,2025-07-31 13:45:00+00:00,23636.25,23673.75,150.0,147.0,0.2922465208747515,150.0,500.0,3.0,tp,1,NQ:momentum,4.0,0.5,294.0,1006.0,300.0,2025-07-31,precision_sprint,momentum,precision_sprint,NQ|momentum|2025-07-31 13:45:00+00:00|long,
futures,CL,momentum,short,357621,357622,357629,2025-08-01 12:00:00+00:00,2025-08-01 12:15:00+00:00,2025-08-01 14:00:00+00:00,69.07,68.45,61.99999999999904,58.99999999999904,0.1172962226640139,500.0,500.0,3.0,signal,7,CL:momentum,2.0,1.0,117.99999999999808,1006.0,1000.0,2025-08-01,precision_sprint,momentum,precision_sprint,CL|momentum|2025-08-01 12:15:00+00:00|short,
futures,CL,ict_sweep_fvg,long,38721,38732,38732,2025-08-01 11:00:00+00:00,2025-08-01 13:45:00+00:00,2025-08-01 13:45:00+00:00,68.66,68.53,-12.999999999999543,-15.999999999999543,-1.0,13.000000000000966,12.999999999999543,3.0,sl,0,CL:ict_sweep_fvg,35.0,1.0,-559.999999999984,559.999999999984,455.0000000000338,2025-08-01,precision_sprint,ict_sweep_fvg,precision_sprint,CL|ict_sweep_fvg|2025-08-01 13:45:00+00:00|long,
futures,GC,ict_sweep_fvg,long,38733,38738,38738,2025-08-04 06:00:00+00:00,2025-08-04 07:15:00+00:00,2025-08-04 07:15:00+00:00,3408.9,3406.8,-20.99999999999909,-23.99999999999909,-1.0,20.99999999999909,20.99999999999909,3.0,sl,0,GC:ict_sweep_fvg,15.0,1.0,-359.9999999999864,359.9999999999864,314.9999999999864,2025-08-04,precision_sprint,ict_sweep_fvg,precision_sprint,GC|ict_sweep_fvg|2025-08-04 07:15:00+00:00|long,
futures,6B,mean_reversion,short,356769,356770,357232,2025-08-04 15:30:00+00:00,2025-08-04 15:45:00+00:00,2025-08-11 16:15:00+00:00,1.3295,1.3425,-130.00000000000122,-133.00000000000122,-0.6551724137931094,500.0,200.0,3.0,signal,462,6B:mean_reversion,9.0,0.625,-748.1250000000069,1141.875,2812.5,2025-08-04,precision_sprint,mean_reversion,precision_sprint,6B|mean_reversion|2025-08-04 15:45:00+00:00|short,
futures,RTY,ict_sweep_fvg,short,38757,38762,38762,2025-08-05 07:00:00+00:00,2025-08-05 08:15:00+00:00,2025-08-05 08:15:00+00:00,2228.2000000000003,2226.0,22.00000000000273,19.00000000000273,1.0000000000002394,22.00000000000273,21.99999999999818,3.0,tp,0,RTY:ict_sweep_fvg,40.0,0.5,380.00000000005457,499.9999999999636,440.00000000005457,2025-08-05,precision_sprint,ict_sweep_fvg,precision_sprint,RTY|ict_sweep_fvg|2025-08-05 08:15:00+00:00|short,
futures,RTY,ict_sweep_fvg,short,38778,38784,38784,2025-08-05 12:15:00+00:00,2025-08-05 13:45:00+00:00,2025-08-05 13:45:00+00:00,2232.8,2235.4,-25.99999999999909,-28.99999999999909,-1.2608695652174016,25.99999999999909,25.99999999999909,3.0,sl,0,RTY:ict_sweep_fvg,40.0,0.5,-579.9999999999818,579.9999999999818,519.9999999999818,2025-08-05,precision_sprint,ict_sweep_fvg,precision_sprint,RTY|ict_sweep_fvg|2025-08-05 13:45:00+00:00|short,
futures,CL,ict_sweep_fvg,long,38922,38927,38927,2025-08-05 15:15:00+00:00,2025-08-05 16:30:00+00:00,2025-08-05 16:30:00+00:00,65.42,65.29,-12.999999999999543,-15.999999999999543,-1.0,12.999999999999543,12.999999999999543,3.0,sl,0,CL:ict_sweep_fvg,35.0,1.0,-559.999999999984,559.999999999984,454.999999999984,2025-08-05,precision_sprint,ict_sweep_fvg,precision_sprint,CL|ict_sweep_fvg|2025-08-05 16:30:00+00:00|long,
futures,RTY,ict_sweep_fvg,short,38785,38798,38802,2025-08-05 14:00:00+00:00,2025-08-05 17:15:00+00:00,2025-08-05 18:15:00+00:00,2229.6,2224.4,51.99999999999818,48.99999999999818,0.9999999999999072,51.99999999999818,52.00000000000273,3.0,tp,4,RTY:ict_sweep_fvg,40.0,0.5,979.9999999999636,1100.0000000000546,1039.9999999999636,2025-08-05,precision_sprint,ict_sweep_fvg,precision_sprint,RTY|ict_sweep_fvg|2025-08-05 17:15:00+00:00|short,
futures,RTY,ict_sweep_fvg,short,38801,38805,38805,2025-08-05 18:00:00+00:00,2025-08-05 19:00:00+00:00,2025-08-05 19:00:00+00:00,2230.4,2227.6,28.00000000000182,25.00000000000182,1.0,28.00000000000182,28.00000000000182,3.0,tp,0,RTY:ict_sweep_fvg,40.0,0.5,500.0000000000364,620.0000000000364,560.0000000000364,2025-08-05,precision_sprint,ict_sweep_fvg,precision_sprint,RTY|ict_sweep_fvg|2025-08-05 19:00:00+00:00|short,
futures,CL,momentum,short,357883,357884,357907,2025-08-06 08:30:00+00:00,2025-08-06 08:45:00+00:00,2025-08-06 14:30:00+00:00,66.14,65.72,42.00000000000017,39.00000000000017,0.0775347912524854,500.0,500.0,3.0,signal,23,CL:momentum,2.0,1.0,78.00000000000034,1006.0,1000.0,2025-08-06,precision_sprint,momentum,precision_sprint,CL|momentum|2025-08-06 08:45:00+00:00|short,
futures,NQ,ict_sweep_fvg,short,38931,38938,38938,2025-08-07 04:15:00+00:00,2025-08-07 06:00:00+00:00,2025-08-07 06:00:00+00:00,23488.75,23479.75,36.0,33.0,1.0,36.0,36.0,3.0,tp,0,NQ:ict_sweep_fvg,15.0,0.5,247.5,292.5,270.0,2025-08-07,precision_sprint,ict_sweep_fvg,precision_sprint,NQ|ict_sweep_fvg|2025-08-07 06:00:00+00:00|short,
futures,RTY,ict_sweep_fvg,long,38977,38979,38979,2025-08-07 16:00:00+00:00,2025-08-07 16:30:00+00:00,2025-08-07 16:30:00+00:00,2216.0,2219.3,33.00000000000182,30.00000000000182,0.8333333333334471,33.00000000000182,32.99999999999727,3.0,tp,0,RTY:ict_sweep_fvg,40.0,0.5,600.0000000000364,719.9999999999454,660.0000000000364,2025-08-07,precision_sprint,ict_sweep_fvg,precision_sprint,RTY|ict_sweep_fvg|2025-08-07 16:30:00+00:00|long,
futures,YM,ict_sweep_fvg,long,38998,39006,39006,2025-08-07 22:00:00+00:00,2025-08-08 00:00:00+00:00,2025-08-08 00:00:00+00:00,44129.0,44151.0,22.0,19.0,0.76,22.0,22.0,3.0,tp,0,YM:ict_sweep_fvg,35.0,0.5,332.5,437.5,385.0,2025-08-08,precision_sprint,ict_sweep_fvg,precision_sprint,YM|ict_sweep_fvg|2025-08-08 00:00:00+00:00|long,
futures,CL,ict_sweep_fvg,long,39198,39212,39218,2025-08-08 15:15:00+00:00,2025-08-08 18:45:00+00:00,2025-08-08 20:15:00+00:00,63.73,63.51,-22.0000000000006,-25.0000000000006,-1.0,21.999999999999886,22.0000000000006,3.0,sl,6,CL:ict_sweep_fvg,35.0,1.0,-875.000000000021,875.000000000021,769.999999999996,2025-08-08,precision_sprint,ict_sweep_fvg,precision_sprint,CL|ict_sweep_fvg|2025-08-08 18:45:00+00:00|long,
futures,RTY,ict_sweep_fvg,short,39125,39131,39131,2025-08-11 07:00:00+00:00,2025-08-11 08:30:00+00:00,2025-08-11 08:30:00+00:00,2235.9,2233.9,20.0,17.0,1.0,20.0,20.0,3.0,tp,0,RTY:ict_sweep_fvg,40.0,0.5,340.0,460.0,400.0,2025-08-11,precision_sprint,ict_sweep_fvg,precision_sprint,RTY|ict_sweep_fvg|2025-08-11 08:30:00+00:00|short,
futures,YM,ict_sweep_fvg,short,39127,39135,39135,2025-08-11 07:15:00+00:00,2025-08-11 09:15:00+00:00,2025-08-11 09:15:00+00:00,44371.0,44360.0,11.0,8.0,1.0,11.0,11.0,3.0,tp,0,YM:ict_sweep_fvg,35.0,0.5,140.0,245.0,192.5,2025-08-11,precision_sprint,ict_sweep_fvg,precision_sprint,YM|ict_sweep_fvg|2025-08-11 09:15:00+00:00|short,
futures,NQ,,long,65350,65351,65366,2025-08-11 14:00:00+00:00,2025-08-11 14:15:00+00:00,2025-08-11 18:00:00+00:00,23746.25,23680.75,-262.0,-265.0,-1.0,524.0,262.0,3.0,sl,15,,8.0,0.5,-1060.0,1060.0,2096.0,2025-08-11,reddit_research,reddit_orb_retest,reddit_orb_retest|ny|range=15|entry=150|rr=2|sl_atr=1|tp_atr=1.5|threshold=2|adx_max=none|adx_min=none|rsi2=none|trend=all|max_bars=24,NQ|reddit_orb_retest|2025-08-11 14:15:00+00:00|long,NQ	reddit_orb_retest	reddit_orb_retest|ny|range=15|entry=150|rr=2|sl_atr=1|tp_atr=1.5|threshold=2|adx_max=none|adx_min=none|rsi2=none|trend=all|max_bars=24
futures,RTY,ict_sweep_fvg,short,39153,39161,39161,2025-08-11 14:00:00+00:00,2025-08-11 16:00:00+00:00,2025-08-11 16:00:00+00:00,2233.6,2230.2000000000003,33.99999999999636,30.99999999999636,0.9999999999998532,33.99999999999636,34.00000000000091,3.0,tp,0,RTY:ict_sweep_fvg,40.0,0.5,619.9999999999271,740.0000000000182,679.9999999999272,2025-08-11,precision_sprint,ict_sweep_fvg,precision_sprint,RTY|ict_sweep_fvg|2025-08-11 16:00:00+00:00|short,
futures,6B,mean_reversion,long,357232,357233,357242,2025-08-11 16:15:00+00:00,2025-08-11 16:30:00+00:00,2025-08-11 18:45:00+00:00,1.3431,1.3435,3.99999999999956,0.9999999999995596,0.004926108374382,500.0,200.0,3.0,signal,9,6B:mean_reversion,9.0,0.625,5.624999999997523,1141.875,2812.5,2025-08-11,precision_sprint,mean_reversion,precision_sprint,6B|mean_reversion|2025-08-11 16:30:00+00:00|long,
futures,NQ,momentum,long,355640,355641,355641,2025-08-12 13:45:00+00:00,2025-08-12 14:00:00+00:00,2025-08-12 14:00:00+00:00,23653.75,23691.25,150.0,147.0,0.2922465208747515,150.0,500.0,3.0,tp,1,NQ:momentum,4.0,0.5,294.0,1006.0,300.0,2025-08-12,precision_sprint,momentum,precision_sprint,NQ|momentum|2025-08-12 14:00:00+00:00|long,
futures,CL,ict_sweep_fvg,long,39448,39453,39460,2025-08-13 08:45:00+00:00,2025-08-13 10:00:00+00:00,2025-08-13 11:45:00+00:00,62.690000000000005,62.85,15.99999999999966,12.99999999999966,0.6842105263157582,15.99999999999966,16.00000000000037,3.0,tp,7,CL:ict_sweep_fvg,35.0,1.0,454.9999999999881,665.000000000013,559.9999999999882,2025-08-13,precision_sprint,ict_sweep_fvg,precision_sprint,CL|ict_sweep_fvg|2025-08-13 10:00:00+00:00|long,
futures,CL,ict_sweep_fvg,long,39461,39468,39468,2025-08-13 12:00:00+00:00,2025-08-13 13:45:00+00:00,2025-08-13 13:45:00+00:00,62.870000000000005,62.97,9.999999999999432,6.999999999999432,0.5384615384614888,9.999999999999432,10.000000000000142,3.0,tp,0,CL:ict_sweep_fvg,35.0,1.0,244.9999999999801,455.000000000005,349.9999999999801,2025-08-13,precision_sprint,ict_sweep_fvg,precision_sprint,CL|ict_sweep_fvg|2025-08-13 13:45:00+00:00|long,
futures,RTY,,long,65535,65536,65551,2025-08-13 14:30:00+00:00,2025-08-13 14:45:00+00:00,2025-08-13 18:30:00+00:00,2309.7,2327.0999999999995,173.99999999999636,170.99999999999636,1.899999999999998,173.99999999999636,86.99999999999818,3.0,tp,15,,25.0,0.5,2137.4999999999545,1124.9999999999773,2174.9999999999545,2025-08-13,reddit_research,reddit_orb_retest,reddit_orb_retest|ny|range=15|entry=150|rr=2|sl_atr=1|tp_atr=1.5|threshold=2|adx_max=none|adx_min=none|rsi2=none|trend=all|max_bars=24,RTY|reddit_orb_retest|2025-08-13 14:45:00+00:00|long,RTY	reddit_orb_retest	reddit_orb_retest|ny|range=15|entry=150|rr=2|sl_atr=1|tp_atr=1.5|threshold=2|adx_max=none|adx_min=none|rsi2=none|trend=all|max_bars=24
futures,GC,ict_sweep_fvg,long,39478,39495,39495,2025-08-14 08:15:00+00:00,2025-08-14 12:30:00+00:00,2025-08-14 12:30:00+00:00,3394.5,3399.9,54.00000000000091,51.00000000000091,0.8947368421053362,54.00000000000091,53.99999999999636,3.0,tp,0,GC:ict_sweep_fvg,15.0,1.0,765.0000000000136,854.9999999999454,810.0000000000136,2025-08-14,precision_sprint,ict_sweep_fvg,precision_sprint,GC|ict_sweep_fvg|2025-08-14 12:30:00+00:00|long,
futures,NQ,ict_sweep_fvg,long,39428,39435,39435,2025-08-14 13:30:00+00:00,2025-08-14 15:15:00+00:00,2025-08-14 15:15:00+00:00,23876.25,23911.5,141.0,138.0,0.9583333333333334,141.0,141.0,3.0,tp,0,NQ:ict_sweep_fvg,15.0,0.5,1035.0,1080.0,1057.5,2025-08-14,precision_sprint,ict_sweep_fvg,precision_sprint,NQ|ict_sweep_fvg|2025-08-14 15:15:00+00:00|long,
futures,NQ,ict_sweep_fvg,long,39440,39447,39449,2025-08-14 16:30:00+00:00,2025-08-14 18:15:00+00:00,2025-08-14 18:45:00+00:00,23906.5,23930.0,94.0,91.0,0.9381443298969072,94.0,94.0,3.0,tp,2,NQ:ict_sweep_fvg,15.0,0.5,682.5,727.5,705.0,2025-08-14,precision_sprint,ict_sweep_fvg,precision_sprint,NQ|ict_sweep_fvg|2025-08-14 18:15:00+00:00|long,
futures,YM,ict_sweep_fvg,short,39521,39537,39538,2025-08-15 13:45:00+00:00,2025-08-15 17:45:00+00:00,2025-08-15 18:00:00+00:00,45168.0,45116.0,52.0,49.0,1.0,52.0,52.0,3.0,tp,1,YM:ict_sweep_fvg,35.0,0.5,857.5,962.5,910.0,2025-08-15,precision_sprint,ict_sweep_fvg,precision_sprint,YM|ict_sweep_fvg|2025-08-15 17:45:00+00:00|short,
futures,RTY,,long,65810,65811,65833,2025-08-18 14:15:00+00:00,2025-08-18 14:30:00+00:00,2025-08-18 20:00:00+00:00,2298.3,2301.8,35.0,32.0,0.4102564102564102,150.0,75.0,3.0,session_close,22,,25.0,0.5,400.0,975.0,1875.0,2025-08-18,reddit_research,reddit_orb_retest,reddit_orb_retest|ny|range=15|entry=150|rr=2|sl_atr=1|tp_atr=1.5|threshold=2|adx_max=none|adx_min=none|rsi2=none|trend=all|max_bars=24,RTY|reddit_orb_retest|2025-08-18 14:30:00+00:00|long,RTY	reddit_orb_retest	reddit_orb_retest|ny|range=15|entry=150|rr=2|sl_atr=1|tp_atr=1.5|threshold=2|adx_max=none|adx_min=none|rsi2=none|trend=all|max_bars=24
futures,NQ,,short,65812,65813,65834,2025-08-18 14:30:00+00:00,2025-08-18 14:45:00+00:00,2025-08-18 20:00:00+00:00,23751.75,23797.5,-183.0,-186.0,-0.7018867924528301,524.0,262.0,3.0,session_close,21,,8.0,0.5,-744.0,1060.0,2096.0,2025-08-18,reddit_research,reddit_orb_retest,reddit_orb_retest|ny|range=15|entry=150|rr=2|sl_atr=1|tp_atr=1.5|threshold=2|adx_max=none|adx_min=none|rsi2=none|trend=all|max_bars=24,NQ|reddit_orb_retest|2025-08-18 14:45:00+00:00|short,NQ	reddit_orb_retest	reddit_orb_retest|ny|range=15|entry=150|rr=2|sl_atr=1|tp_atr=1.5|threshold=2|adx_max=none|adx_min=none|rsi2=none|trend=all|max_bars=24
futures,CL,ict_sweep_fvg,long,39757,39765,39773,2025-08-18 17:00:00+00:00,2025-08-18 19:00:00+00:00,2025-08-18 22:00:00+00:00,62.53,62.32,-21.000000000000085,-24.000000000000085,-1.0,21.000000000000085,21.000000000000085,3.0,sl,8,CL:ict_sweep_fvg,35.0,1.0,-840.000000000003,840.000000000003,735.000000000003,2025-08-18,precision_sprint,ict_sweep_fvg,precision_sprint,CL|ict_sweep_fvg|2025-08-18 19:00:00+00:00|long,
futures,GC,ict_sweep_fvg,long,39721,39725,39725,2025-08-19 00:00:00+00:00,2025-08-19 01:00:00+00:00,2025-08-19 01:00:00+00:00,3374.5,3378.5,40.0,37.0,0.8604651162790697,40.0,40.0,3.0,tp,0,GC:ict_sweep_fvg,15.0,1.0,555.0,645.0,600.0,2025-08-19,precision_sprint,ict_sweep_fvg,precision_sprint,GC|ict_sweep_fvg|2025-08-19 01:00:00+00:00|long,
futures,CL,momentum,long,358808,358809,358833,2025-08-20 09:45:00+00:00,2025-08-20 10:00:00+00:00,2025-08-20 16:00:00+00:00,62.24,62.86,61.999999999999744,58.999999999999744,0.1172962226640153,500.0,500.0,3.0,signal,24,CL:momentum,2.0,1.0,117.99999999999947,1006.0,1000.0,2025-08-20,precision_sprint,momentum,precision_sprint,CL|momentum|2025-08-20 10:00:00+00:00|long,
futures,CL,ict_sweep_fvg,short,39908,39916,39922,2025-08-20 08:45:00+00:00,2025-08-20 10:45:00+00:00,2025-08-20 12:15:00+00:00,62.57,62.41,15.99999999999966,12.99999999999966,0.9999999999999454,15.99999999999966,16.00000000000037,3.0,tp,6,CL:ict_sweep_fvg,35.0,1.0,454.9999999999881,665.000000000013,559.9999999999882,2025-08-20,precision_sprint,ict_sweep_fvg,precision_sprint,CL|ict_sweep_fvg|2025-08-20 10:45:00+00:00|short,
futures,YM,ict_sweep_fvg,long,39800,39805,39805,2025-08-20 14:30:00+00:00,2025-08-20 15:45:00+00:00,2025-08-20 15:45:00+00:00,44894.0,44959.0,65.0,62.0,0.9117647058823528,65.0,65.0,3.0,tp,0,YM:ict_sweep_fvg,35.0,0.5,1085.0,1190.0,1137.5,2025-08-20,precision_sprint,ict_sweep_fvg,precision_sprint,YM|ict_sweep_fvg|2025-08-20 15:45:00+00:00|long,
futures,GC,ict_sweep_fvg,short,39873,39878,39884,2025-08-20 15:00:00+00:00,2025-08-20 16:15:00+00:00,2025-08-20 17:45:00+00:00,3388.7000000000003,3391.0,-22.99999999999727,-25.99999999999727,-1.300000000000041,23.00000000000182,22.99999999999727,3.0,sl,6,GC:ict_sweep_fvg,15.0,1.0,-389.9999999999591,389.9999999999591,345.0000000000273,2025-08-20,precision_sprint,ict_sweep_fvg,precision_sprint,GC|ict_sweep_fvg|2025-08-20 16:15:00+00:00|short,
futures,GC,ict_sweep_fvg,long,40024,40027,40027,2025-08-22 06:45:00+00:00,2025-08-22 07:30:00+00:00,2025-08-22 07:30:00+00:00,3369.9,3372.7000000000003,28.00000000000182,25.00000000000182,0.8064516129033554,28.00000000000182,27.99999999999727,3.0,tp,0,GC:ict_sweep_fvg,15.0,1.0,375.0000000000273,464.9999999999591,420.0000000000273,2025-08-22,precision_sprint,ict_sweep_fvg,precision_sprint,GC|ict_sweep_fvg|2025-08-22 07:30:00+00:00|long,
futures,HG,,short,66268,66269,66269,2025-08-22 07:30:00+00:00,2025-08-22 07:45:00+00:00,2025-08-22 07:45:00+00:00,4.4335,4.4385,-9.999999999999789,-12.999999999999789,-1.0,15.000000000000568,9.999999999999789,3.0,sl,1,,50.0,1.25,-812.4999999999867,812.4999999999867,937.5000000000356,2025-08-22,reddit_research,reddit_orb_breakout,reddit_orb_breakout|london|range=15|entry=150|rr=1.5|sl_atr=1|tp_atr=1.5|threshold=2|adx_max=none|adx_min=none|rsi2=none|trend=all|max_bars=24,HG|reddit_orb_breakout|2025-08-22 07:45:00+00:00|short,HG	reddit_orb_breakout	reddit_orb_breakout|london|range=15|entry=150|rr=1.5|sl_atr=1|tp_atr=1.5|threshold=2|adx_max=none|adx_min=none|rsi2=none|trend=all|max_bars=24
futures,CL,ict_sweep_fvg,long,40157,40170,40172,2025-08-25 02:00:00+00:00,2025-08-25 05:15:00+00:00,2025-08-25 05:45:00+00:00,63.67,63.75,7.999999999999829,4.9999999999998295,0.4545454545454461,7.999999999999829,7.999999999999829,3.0,tp,2,CL:ict_sweep_fvg,35.0,1.0,174.99999999999403,384.999999999994,279.999999999994,2025-08-25,precision_sprint,ict_sweep_fvg,precision_sprint,CL|ict_sweep_fvg|2025-08-25 05:15:00+00:00|long,
futures,HG,,short,66360,66361,66363,2025-08-25 07:30:00+00:00,2025-08-25 07:45:00+00:00,2025-08-25 08:15:00+00:00,4.479,4.4670000000000005,23.999999999999133,20.999999999999133,1.1052631578946903,23.999999999999133,16.000000000000014,3.0,tp,2,,50.0,1.25,1312.499999999946,1187.500000000001,1499.999999999946,2025-08-25,reddit_research,reddit_orb_breakout,reddit_orb_breakout|london|range=15|entry=150|rr=1.5|sl_atr=1|tp_atr=1.5|threshold=2|adx_max=none|adx_min=none|rsi2=none|trend=all|max_bars=24,HG|reddit_orb_breakout|2025-08-25 07:45:00+00:00|short,HG	reddit_orb_breakout	reddit_orb_breakout|london|range=15|entry=150|rr=1.5|sl_atr=1|tp_atr=1.5|threshold=2|adx_max=none|adx_min=none|rsi2=none|trend=all|max_bars=24
futures,GC,ict_sweep_fvg,long,40134,40139,40139,2025-08-25 11:15:00+00:00,2025-08-25 12:30:00+00:00,2025-08-25 12:30:00+00:00,3412.6000000000004,3410.8,-18.00000000000182,-21.00000000000182,-1.0,17.99999999999727,18.00000000000182,3.0,sl,0,GC:ict_sweep_fvg,15.0,1.0,-315.0000000000273,315.0000000000273,269.9999999999591,2025-08-25,precision_sprint,ict_sweep_fvg,precision_sprint,GC|ict_sweep_fvg|2025-08-25 12:30:00+00:00|long,
futures,GC,,long,66260,66261,66262,2025-08-25 13:30:00+00:00,2025-08-25 13:45:00+00:00,2025-08-25 14:00:00+00:00,3413.2,3417.3853597531,41.85359753099874,38.85359753099874,1.257300390924855,41.85359753099874,27.90239835399916,3.0,tp,1,,35.0,1.0,1359.875913584956,1081.5839423899706,1464.875913584956,2025-08-25,reddit_research,reddit_ema_pullback,reddit_ema_pullback|ny|range=15|entry=150|rr=1.5|sl_atr=1|tp_atr=1.5|threshold=2|adx_max=none|adx_min=none|rsi2=none|trend=both|max_bars=24,GC|reddit_ema_pullback|2025-08-25 13:45:00+00:00|long,GC	reddit_ema_pullback	reddit_ema_pullback|ny|range=15|entry=150|rr=1.5|sl_atr=1|tp_atr=1.5|threshold=2|adx_max=none|adx_min=none|rsi2=none|trend=both|max_bars=24
futures,GC,ict_sweep_fvg,long,40144,40146,40146,2025-08-25 13:45:00+00:00,2025-08-25 14:15:00+00:00,2025-08-25 14:15:00+00:00,3413.9,3416.4,25.0,22.0,0.7857142857142857,25.0,25.0,3.0,tp,0,GC:ict_sweep_fvg,15.0,1.0,330.0,420.0,375.0,2025-08-25,precision_sprint,ict_sweep_fvg,precision_sprint,GC|ict_sweep_fvg|2025-08-25 14:15:00+00:00|long,
futures,RTY,,short,66275,66276,66293,2025-08-25 15:30:00+00:00,2025-08-25 15:45:00+00:00,2025-08-25 20:00:00+00:00,2355.3,2345.2,101.00000000000364,98.00000000000364,1.2098765432099623,155.99999999999454,77.99999999999727,3.0,session_close,17,,25.0,0.5,1225.0000000000457,1012.499999999966,1949.999999999932,2025-08-25,reddit_research,reddit_orb_retest,reddit_orb_retest|ny|range=15|entry=150|rr=2|sl_atr=1|tp_atr=1.5|threshold=2|adx_max=none|adx_min=none|rsi2=none|trend=all|max_bars=24,RTY|reddit_orb_retest|2025-08-25 15:45:00+00:00|short,RTY	reddit_orb_retest	reddit_orb_retest|ny|range=15|entry=150|rr=2|sl_atr=1|tp_atr=1.5|threshold=2|adx_max=none|adx_min=none|rsi2=none|trend=all|max_bars=24
futures,NQ,ict_sweep_fvg,long,40077,40092,40097,2025-08-25 14:45:00+00:00,2025-08-25 18:30:00+00:00,2025-08-25 19:45:00+00:00,23553.5,23532.5,-84.0,-87.0,-1.0,84.0,84.0,3.0,sl,5,NQ:ict_sweep_fvg,15.0,0.5,-652.5,652.5,630.0,2025-08-25,precision_sprint,ict_sweep_fvg,precision_sprint,NQ|ict_sweep_fvg|2025-08-25 18:30:00+00:00|long,
futures,GC,ict_sweep_fvg,short,40206,40211,40211,2025-08-26 06:15:00+00:00,2025-08-26 07:30:00+00:00,2025-08-26 07:30:00+00:00,3421.1000000000004,3418.3,28.00000000000182,25.00000000000182,1.000000000000182,28.00000000000182,27.99999999999727,3.0,tp,0,GC:ict_sweep_fvg,15.0,1.0,375.0000000000273,464.9999999999591,420.0000000000273,2025-08-26,precision_sprint,ict_sweep_fvg,precision_sprint,GC|ict_sweep_fvg|2025-08-26 07:30:00+00:00|short,
futures,6B,mean_reversion,long,358212,358213,358233,2025-08-26 08:15:00+00:00,2025-08-26 08:30:00+00:00,2025-08-26 13:30:00+00:00,1.3471,1.3477,5.999999999999339,2.999999999999339,0.0147783251231494,500.0,200.0,3.0,signal,20,6B:mean_reversion,9.0,0.625,16.874999999996284,1141.875,2812.5,2025-08-26,precision_sprint,mean_reversion,precision_sprint,6B|mean_reversion|2025-08-26 08:30:00+00:00|long,
futures,CL,momentum,long,359172,359173,359352,2025-08-26 08:45:00+00:00,2025-08-26 09:00:00+00:00,2025-08-28 07:45:00+00:00,64.03,63.98,-5.000000000000426,-8.000000000000426,-0.0159045725646131,500.0,500.0,3.0,signal,179,CL:momentum,2.0,1.0,-16.000000000000853,1006.0,1000.0,2025-08-26,precision_sprint,momentum,precision_sprint,CL|momentum|2025-08-26 09:00:00+00:00|long,
futures,GC,ict_sweep_fvg,short,40219,40225,40225,2025-08-26 09:30:00+00:00,2025-08-26 11:00:00+00:00,2025-08-26 11:00:00+00:00,3419.4,3422.2000000000003,-28.00000000000182,-31.00000000000182,-1.2399999999999824,27.99999999999727,28.00000000000182,3.0,sl,0,GC:ict_sweep_fvg,15.0,1.0,-465.0000000000273,465.0000000000273,419.9999999999591,2025-08-26,precision_sprint,ict_sweep_fvg,precision_sprint,GC|ict_sweep_fvg|2025-08-26 11:00:00+00:00|short,
futures,YM,ict_sweep_fvg,short,40220,40230,40230,2025-08-27 04:30:00+00:00,2025-08-27 07:00:00+00:00,2025-08-27 07:00:00+00:00,45526.0,45514.0,12.0,9.0,1.0,12.0,12.0,3.0,tp,0,YM:ict_sweep_fvg,35.0,0.5,157.5,262.5,210.0,2025-08-27,precision_sprint,ict_sweep_fvg,precision_sprint,YM|ict_sweep_fvg|2025-08-27 07:00:00+00:00|short,
futures,NQ,momentum,long,356650,356651,356654,2025-08-27 13:15:00+00:00,2025-08-27 13:30:00+00:00,2025-08-27 14:15:00+00:00,23541.0,23578.5,150.0,147.0,0.2922465208747515,150.0,500.0,3.0,tp,3,NQ:momentum,4.0,0.5,294.0,1006.0,300.0,2025-08-27,precision_sprint,momentum,precision_sprint,NQ|momentum|2025-08-27 13:30:00+00:00|long,
futures,NQ,momentum,long,356680,356681,356701,2025-08-27 20:45:00+00:00,2025-08-27 22:00:00+00:00,2025-08-28 03:00:00+00:00,23542.25,23579.75,150.0,147.0,0.2922465208747515,150.0,500.0,3.0,tp,20,NQ:momentum,4.0,0.5,294.0,1006.0,300.0,2025-08-28,precision_sprint,momentum,precision_sprint,NQ|momentum|2025-08-27 22:00:00+00:00|long,
futures,CL,momentum,long,359356,359357,359383,2025-08-28 08:45:00+00:00,2025-08-28 09:00:00+00:00,2025-08-28 15:30:00+00:00,63.67,63.81,14.000000000000057,11.000000000000057,0.021868787276342,500.0,500.0,3.0,signal,26,CL:momentum,2.0,1.0,22.000000000000117,1006.0,1000.0,2025-08-28,precision_sprint,momentum,precision_sprint,CL|momentum|2025-08-28 09:00:00+00:00|long,
futures,YM,ict_sweep_fvg,short,40345,40359,40359,2025-08-28 12:45:00+00:00,2025-08-28 16:15:00+00:00,2025-08-28 16:15:00+00:00,45675.0,45632.0,43.0,40.0,1.0,43.0,43.0,3.0,tp,0,YM:ict_sweep_fvg,35.0,0.5,700.0,805.0,752.5,2025-08-28,precision_sprint,ict_sweep_fvg,precision_sprint,YM|ict_sweep_fvg|2025-08-28 16:15:00+00:00|short,
futures,CL,momentum,long,359471,359472,359542,2025-08-29 14:30:00+00:00,2025-08-29 14:45:00+00:00,2025-09-01 09:15:00+00:00,64.0,64.75,75.0,72.0,0.1431411530815109,500.0,500.0,3.0,signal,70,CL:momentum,2.0,1.0,144.0,1006.0,1000.0,2025-08-29,precision_sprint,momentum,precision_sprint,CL|momentum|2025-08-29 14:45:00+00:00|long,
futures,YM,ict_sweep_fvg,long,40511,40515,40517,2025-09-01 08:15:00+00:00,2025-09-01 09:15:00+00:00,2025-09-01 09:45:00+00:00,45637.0,45615.0,-22.0,-25.0,-1.0,22.0,22.0,3.0,sl,2,YM:ict_sweep_fvg,35.0,0.5,-437.5,437.5,385.0,2025-09-01,precision_sprint,ict_sweep_fvg,precision_sprint,YM|ict_sweep_fvg|2025-09-01 09:15:00+00:00|long,
futures,NQ,ict_sweep_fvg,long,40509,40523,40523,2025-09-01 07:45:00+00:00,2025-09-01 11:15:00+00:00,2025-09-01 11:15:00+00:00,23470.75,23484.25,54.0,51.0,0.8947368421052632,54.0,54.0,3.0,tp,0,NQ:ict_sweep_fvg,15.0,0.5,382.5,427.5,405.0,2025-09-01,precision_sprint,ict_sweep_fvg,precision_sprint,NQ|ict_sweep_fvg|2025-09-01 11:15:00+00:00|long,
futures,NQ,,long,66730,66731,66742,2025-09-01 14:00:00+00:00,2025-09-01 14:15:00+00:00,2025-09-01 22:00:00+00:00,23486.25,23492.0,23.0,20.0,0.1104972375690607,356.0,178.0,3.0,session_close,11,,8.0,0.5,80.0,724.0,1424.0,2025-09-01,reddit_research,reddit_orb_retest,reddit_orb_retest|ny|range=15|entry=150|rr=2|sl_atr=1|tp_atr=1.5|threshold=2|adx_max=none|adx_min=none|rsi2=none|trend=all|max_bars=24,NQ|reddit_orb_retest|2025-09-01 14:15:00+00:00|long,NQ	reddit_orb_retest	reddit_orb_retest|ny|range=15|entry=150|rr=2|sl_atr=1|tp_atr=1.5|threshold=2|adx_max=none|adx_min=none|rsi2=none|trend=all|max_bars=24
futures,RTY,ict_sweep_fvg,long,40538,40540,40540,2025-09-01 15:15:00+00:00,2025-09-01 15:45:00+00:00,2025-09-01 15:45:00+00:00,2371.2000000000003,2372.2000000000003,10.0,7.0,0.5384615384615384,10.0,10.0,3.0,tp,0,RTY:ict_sweep_fvg,40.0,0.5,140.0,260.0,200.0,2025-09-01,precision_sprint,ict_sweep_fvg,precision_sprint,RTY|ict_sweep_fvg|2025-09-01 15:45:00+00:00|long,
futures,GC,ict_sweep_fvg,short,40680,40682,40682,2025-09-02 12:15:00+00:00,2025-09-02 12:45:00+00:00,2025-09-02 12:45:00+00:00,3552.1000000000004,3546.3,58.00000000000182,55.00000000000182,1.0000000000000826,58.00000000000182,57.99999999999727,3.0,tp,0,GC:ict_sweep_fvg,15.0,1.0,825.0000000000273,914.9999999999592,870.0000000000273,2025-09-02,precision_sprint,ict_sweep_fvg,precision_sprint,GC|ict_sweep_fvg|2025-09-02 12:45:00+00:00|short,
futures,6B,mean_reversion,short,358962,358963,359189,2025-09-05 11:45:00+00:00,2025-09-05 12:00:00+00:00,2025-09-09 23:30:00+00:00,1.3465,1.3521,-56.00000000000049,-59.00000000000049,-0.2906403940886723,500.0,200.0,3.0,signal,226,6B:mean_reversion,9.0,0.625,-331.8750000000028,1141.875,2812.5,2025-09-05,precision_sprint,mean_reversion,precision_sprint,6B|mean_reversion|2025-09-05 12:00:00+00:00|short,
futures,RTY,ict_sweep_fvg,short,40876,40879,40879,2025-09-05 11:45:00+00:00,2025-09-05 12:30:00+00:00,2025-09-05 12:30:00+00:00,2387.3,2389.2000000000003,-19.00000000000091,-22.00000000000091,-1.374999999999979,19.00000000000091,19.00000000000091,3.0,sl,0,RTY:ict_sweep_fvg,40.0,0.5,-440.0000000000182,440.0000000000182,380.0000000000182,2025-09-05,precision_sprint,ict_sweep_fvg,precision_sprint,RTY|ict_sweep_fvg|2025-09-05 12:30:00+00:00|short,
futures,RTY,ict_sweep_fvg,short,40898,40903,40904,2025-09-05 17:15:00+00:00,2025-09-05 18:30:00+00:00,2025-09-05 18:45:00+00:00,2385.2000000000003,2388.3,-30.99999999999909,-33.99999999999909,-1.2142857142857213,31.00000000000364,30.99999999999909,3.0,sl,1,RTY:ict_sweep_fvg,40.0,0.5,-679.9999999999818,679.9999999999818,620.0000000000729,2025-09-05,precision_sprint,ict_sweep_fvg,precision_sprint,RTY|ict_sweep_fvg|2025-09-05 18:30:00+00:00|short,
futures,RTY,ict_sweep_fvg,short,40928,40933,40933,2025-09-08 01:45:00+00:00,2025-09-08 03:00:00+00:00,2025-09-08 03:00:00+00:00,2395.4,2393.8,15.99999999999909,12.99999999999909,1.0,15.99999999999909,15.99999999999909,3.0,tp,0,RTY:ict_sweep_fvg,40.0,0.5,259.9999999999818,379.9999999999818,319.9999999999818,2025-09-08,precision_sprint,ict_sweep_fvg,precision_sprint,RTY|ict_sweep_fvg|2025-09-08 03:00:00+00:00|short,
futures,YM,ict_sweep_fvg,short,40975,40981,40987,2025-09-08 13:15:00+00:00,2025-09-08 14:45:00+00:00,2025-09-08 16:15:00+00:00,45504.0,45440.0,64.0,61.0,1.0,64.0,64.0,3.0,tp,6,YM:ict_sweep_fvg,35.0,0.5,1067.5,1172.5,1120.0,2025-09-08,precision_sprint,ict_sweep_fvg,precision_sprint,YM|ict_sweep_fvg|2025-09-08 14:45:00+00:00|short,
futures,GC,ict_sweep_fvg,short,41115,41120,41120,2025-09-09 06:00:00+00:00,2025-09-09 07:15:00+00:00,2025-09-09 07:15:00+00:00,3690.3,3684.6,56.99999999999818,53.99999999999818,1.0,56.99999999999818,56.99999999999818,3.0,tp,0,GC:ict_sweep_fvg,15.0,1.0,809.9999999999727,899.9999999999727,854.9999999999727,2025-09-09,precision_sprint,ict_sweep_fvg,precision_sprint,GC|ict_sweep_fvg|2025-09-09 07:15:00+00:00|short,
futures,CL,momentum,long,360086,360087,360100,2025-09-09 09:45:00+00:00,2025-09-09 10:00:00+00:00,2025-09-09 13:15:00+00:00,62.7,63.26,55.99999999999952,52.99999999999952,0.1053677932405557,500.0,500.0,3.0,signal,13,CL:momentum,2.0,1.0,105.99999999999903,1006.0,1000.0,2025-09-09,precision_sprint,momentum,precision_sprint,CL|momentum|2025-09-09 10:00:00+00:00|long,
futures,NQ,,short,67267,67268,67287,2025-09-09 14:15:00+00:00,2025-09-09 14:30:00+00:00,2025-09-09 19:15:00+00:00,23810.25,23857.75,-190.0,-193.0,-1.0,380.0,190.0,3.0,sl,19,,8.0,0.5,-772.0,772.0,1520.0,2025-09-09,reddit_research,reddit_orb_retest,reddit_orb_retest|ny|range=15|entry=150|rr=2|sl_atr=1|tp_atr=1.5|threshold=2|adx_max=none|adx_min=none|rsi2=none|trend=all|max_bars=24,NQ|reddit_orb_retest|2025-09-09 14:30:00+00:00|short,NQ	reddit_orb_retest	reddit_orb_retest|ny|range=15|entry=150|rr=2|sl_atr=1|tp_atr=1.5|threshold=2|adx_max=none|adx_min=none|rsi2=none|trend=all|max_bars=24
futures,CL,momentum,long,360111,360112,360135,2025-09-09 16:00:00+00:00,2025-09-09 16:15:00+00:00,2025-09-09 23:00:00+00:00,62.8,63.05,25.0,22.0,0.0437375745526839,500.0,500.0,3.0,signal,23,CL:momentum,2.0,1.0,44.0,1006.0,1000.0,2025-09-09,precision_sprint,momentum,precision_sprint,CL|momentum|2025-09-09 16:15:00+00:00|long,
futures,RTY,ict_sweep_fvg,long,41082,41091,41091,2025-09-09 17:15:00+00:00,2025-09-09 19:30:00+00:00,2025-09-09 19:30:00+00:00,2379.0,2381.3,23.00000000000182,20.00000000000182,0.7692307692309199,23.00000000000182,22.99999999999727,3.0,tp,0,RTY:ict_sweep_fvg,40.0,0.5,400.0000000000364,519.9999999999454,460.0000000000364,2025-09-09,precision_sprint,ict_sweep_fvg,precision_sprint,RTY|ict_sweep_fvg|2025-09-09 19:30:00+00:00|long,
futures,NQ,ict_sweep_fvg,short,41139,41147,41151,2025-09-10 08:15:00+00:00,2025-09-10 10:15:00+00:00,2025-09-10 11:15:00+00:00,23919.0,23932.0,-52.0,-55.0,-1.1224489795918366,52.0,52.0,3.0,sl,4,NQ:ict_sweep_fvg,15.0,0.5,-412.5,412.5,390.0,2025-09-10,precision_sprint,ict_sweep_fvg,precision_sprint,NQ|ict_sweep_fvg|2025-09-10 10:15:00+00:00|short,
futures,CL,momentum,long,360265,360266,360374,2025-09-11 08:30:00+00:00,2025-09-11 08:45:00+00:00,2025-09-12 12:45:00+00:00,63.22,63.55,32.99999999999983,29.99999999999983,0.0596421471172958,500.0,500.0,3.0,signal,108,CL:momentum,2.0,1.0,59.99999999999966,1006.0,1000.0,2025-09-11,precision_sprint,momentum,precision_sprint,CL|momentum|2025-09-11 08:45:00+00:00|long,
futures,GC,ict_sweep_fvg,short,41426,41432,41432,2025-09-12 14:45:00+00:00,2025-09-12 16:15:00+00:00,2025-09-12 16:15:00+00:00,3685.3,3682.6,26.99999999999818,23.99999999999818,1.0,26.99999999999818,26.99999999999818,3.0,tp,0,GC:ict_sweep_fvg,15.0,1.0,359.9999999999727,449.9999999999727,404.9999999999727,2025-09-12,precision_sprint,ict_sweep_fvg,precision_sprint,GC|ict_sweep_fvg|2025-09-12 16:15:00+00:00|short,
futures,HG,,long,67727,67728,67728,2025-09-15 07:15:00+00:00,2025-09-15 07:30:00+00:00,2025-09-15 07:30:00+00:00,4.664,4.656,-16.000000000000014,-19.00000000000001,-1.0,24.00000000000091,16.000000000000014,3.0,sl,1,,50.0,1.25,-1187.500000000001,1187.500000000001,1500.0000000000568,2025-09-15,reddit_research,reddit_orb_breakout,reddit_orb_breakout|london|range=15|entry=150|rr=1.5|sl_atr=1|tp_atr=1.5|threshold=2|adx_max=none|adx_min=none|rsi2=none|trend=all|max_bars=24,HG|reddit_orb_breakout|2025-09-15 07:30:00+00:00|long,HG	reddit_orb_breakout	reddit_orb_breakout|london|range=15|entry=150|rr=1.5|sl_atr=1|tp_atr=1.5|threshold=2|adx_max=none|adx_min=none|rsi2=none|trend=all|max_bars=24
futures,GC,ict_sweep_fvg,long,41487,41497,41498,2025-09-15 07:00:00+00:00,2025-09-15 09:30:00+00:00,2025-09-15 09:45:00+00:00,3674.6,3677.6,30.0,27.0,0.8181818181818182,30.0,30.0,3.0,tp,1,GC:ict_sweep_fvg,15.0,1.0,405.0,495.0,450.0,2025-09-15,precision_sprint,ict_sweep_fvg,precision_sprint,GC|ict_sweep_fvg|2025-09-15 09:30:00+00:00|long,
futures,NQ,ict_sweep_fvg,short,41414,41423,41423,2025-09-15 08:00:00+00:00,2025-09-15 10:15:00+00:00,2025-09-15 10:15:00+00:00,24122.25,24102.5,79.0,76.0,1.0,79.0,79.0,3.0,tp,0,NQ:ict_sweep_fvg,15.0,0.5,570.0,615.0,592.5,2025-09-15,precision_sprint,ict_sweep_fvg,precision_sprint,NQ|ict_sweep_fvg|2025-09-15 10:15:00+00:00|short,
futures,GC,ict_sweep_fvg,long,41498,41502,41502,2025-09-15 09:45:00+00:00,2025-09-15 10:45:00+00:00,2025-09-15 10:45:00+00:00,3675.8,3678.3,25.0,22.0,0.7857142857142857,25.0,25.0,3.0,tp,0,GC:ict_sweep_fvg,15.0,1.0,330.0,420.0,375.0,2025-09-15,precision_sprint,ict_sweep_fvg,precision_sprint,GC|ict_sweep_fvg|2025-09-15 10:45:00+00:00|long,
futures,YM,ict_sweep_fvg,short,41443,41447,41447,2025-09-15 15:15:00+00:00,2025-09-15 16:15:00+00:00,2025-09-15 16:15:00+00:00,45897.0,45863.0,34.0,31.0,1.0,34.0,34.0,3.0,tp,0,YM:ict_sweep_fvg,35.0,0.5,542.5,647.5,595.0,2025-09-15,precision_sprint,ict_sweep_fvg,precision_sprint,YM|ict_sweep_fvg|2025-09-15 16:15:00+00:00|short,
futures,NQ,,short,67726,67727,67750,2025-09-16 14:00:00+00:00,2025-09-16 14:15:00+00:00,2025-09-16 20:00:00+00:00,24295.0,24296.5,-6.0,-9.0,-0.0365853658536585,486.0,243.0,3.0,session_close,23,,8.0,0.5,-36.0,984.0,1944.0,2025-09-16,reddit_research,reddit_orb_retest,reddit_orb_retest|ny|range=15|entry=150|rr=2|sl_atr=1|tp_atr=1.5|threshold=2|adx_max=none|adx_min=none|rsi2=none|trend=all|max_bars=24,NQ|reddit_orb_retest|2025-09-16 14:15:00+00:00|short,NQ	reddit_orb_retest	reddit_orb_retest|ny|range=15|entry=150|rr=2|sl_atr=1|tp_atr=1.5|threshold=2|adx_max=none|adx_min=none|rsi2=none|trend=all|max_bars=24
futures,GC,ict_sweep_fvg,short,41610,41612,41612,2025-09-16 14:45:00+00:00,2025-09-16 15:15:00+00:00,2025-09-16 15:15:00+00:00,3724.4,3720.9,35.0,32.0,1.0,35.0,35.0,3.0,tp,0,GC:ict_sweep_fvg,15.0,1.0,480.0,570.0,525.0,2025-09-16,precision_sprint,ict_sweep_fvg,precision_sprint,GC|ict_sweep_fvg|2025-09-16 15:15:00+00:00|short,
futures,RTY,ict_sweep_fvg,long,41545,41550,41550,2025-09-16 18:15:00+00:00,2025-09-16 19:30:00+00:00,2025-09-16 19:30:00+00:00,2398.8,2400.9,20.99999999999909,17.99999999999909,0.7499999999999906,20.99999999999909,20.99999999999909,3.0,tp,0,RTY:ict_sweep_fvg,40.0,0.5,359.9999999999818,479.9999999999818,419.9999999999818,2025-09-16,precision_sprint,ict_sweep_fvg,precision_sprint,RTY|ict_sweep_fvg|2025-09-16 19:30:00+00:00|long,
futures,NQ,momentum,long,357995,357996,357997,2025-09-17 08:30:00+00:00,2025-09-17 08:45:00+00:00,2025-09-17 09:00:00+00:00,24246.0,24283.5,150.0,147.0,0.2922465208747515,150.0,500.0,3.0,tp,1,NQ:momentum,4.0,0.5,294.0,1006.0,300.0,2025-09-17,precision_sprint,momentum,precision_sprint,NQ|momentum|2025-09-17 08:45:00+00:00|long,
futures,CL,ict_sweep_fvg,long,41803,41816,41816,2025-09-18 02:00:00+00:00,2025-09-18 05:15:00+00:00,2025-09-18 05:15:00+00:00,63.72,63.78,6.000000000000227,3.000000000000228,0.3333333333333765,6.000000000000227,5.999999999999517,3.0,tp,0,CL:ict_sweep_fvg,35.0,1.0,105.00000000000796,314.99999999998306,210.000000000008,2025-09-18,precision_sprint,ict_sweep_fvg,precision_sprint,CL|ict_sweep_fvg|2025-09-18 05:15:00+00:00|long,
futures,6B,mean_reversion,long,359765,359766,359779,2025-09-18 07:15:00+00:00,2025-09-18 07:30:00+00:00,2025-09-18 10:45:00+00:00,1.3622,1.365,27.999999999999137,24.999999999999137,0.1231527093596016,500.0,200.0,3.0,signal,13,6B:mean_reversion,9.0,0.625,140.62499999999514,1141.875,2812.5,2025-09-18,precision_sprint,mean_reversion,precision_sprint,6B|mean_reversion|2025-09-18 07:30:00+00:00|long,
futures,CL,ict_sweep_fvg,long,41827,41832,41833,2025-09-18 08:00:00+00:00,2025-09-18 09:15:00+00:00,2025-09-18 09:30:00+00:00,63.77,63.620000000000005,-14.999999999999858,-17.999999999999858,-1.0,14.999999999999858,14.999999999999858,3.0,sl,1,CL:ict_sweep_fvg,35.0,1.0,-629.999999999995,629.999999999995,524.999999999995,2025-09-18,precision_sprint,ict_sweep_fvg,precision_sprint,CL|ict_sweep_fvg|2025-09-18 09:15:00+00:00|long,
futures,CL,ict_sweep_fvg,long,41836,41855,41855,2025-09-18 10:15:00+00:00,2025-09-18 15:00:00+00:00,2025-09-18 15:00:00+00:00,63.75,63.93,17.99999999999997,14.999999999999972,0.7142857142857139,17.99999999999997,17.99999999999997,3.0,tp,0,CL:ict_sweep_fvg,35.0,1.0,524.999999999999,734.999999999999,629.999999999999,2025-09-18,precision_sprint,ict_sweep_fvg,precision_sprint,CL|ict_sweep_fvg|2025-09-18 15:00:00+00:00|long,
futures,RTY,ict_sweep_fvg,short,41748,41756,41756,2025-09-19 00:00:00+00:00,2025-09-19 02:00:00+00:00,2025-09-19 02:00:00+00:00,2496.2000000000003,2493.7000000000003,25.0,22.0,1.0,25.0,25.0,3.0,tp,0,RTY:ict_sweep_fvg,40.0,0.5,440.0,560.0,500.0,2025-09-19,precision_sprint,ict_sweep_fvg,precision_sprint,RTY|ict_sweep_fvg|2025-09-19 02:00:00+00:00|short,
futures,NQ,,long,68002,68003,68005,2025-09-19 14:00:00+00:00,2025-09-19 14:15:00+00:00,2025-09-19 14:45:00+00:00,24789.5,24737.5,-208.0,-211.0,-1.0,416.0,208.0,3.0,sl,2,,8.0,0.5,-844.0,844.0,1664.0,2025-09-19,reddit_research,reddit_orb_retest,reddit_orb_retest|ny|range=15|entry=150|rr=2|sl_atr=1|tp_atr=1.5|threshold=2|adx_max=none|adx_min=none|rsi2=none|trend=all|max_bars=24,NQ|reddit_orb_retest|2025-09-19 14:15:00+00:00|long,NQ	reddit_orb_retest	reddit_orb_retest|ny|range=15|entry=150|rr=2|sl_atr=1|tp_atr=1.5|threshold=2|adx_max=none|adx_min=none|rsi2=none|trend=all|max_bars=24
futures,RTY,ict_sweep_fvg,long,41873,41875,41875,2025-09-22 08:15:00+00:00,2025-09-22 08:45:00+00:00,2025-09-22 08:45:00+00:00,2466.0,2467.5,15.0,12.0,0.6666666666666666,15.0,15.0,3.0,tp,0,RTY:ict_sweep_fvg,40.0,0.5,240.0,360.0,300.0,2025-09-22,precision_sprint,ict_sweep_fvg,precision_sprint,RTY|ict_sweep_fvg|2025-09-22 08:45:00+00:00|long,
futures,NQ,,long,68094,68095,68103,2025-09-22 14:00:00+00:00,2025-09-22 14:15:00+00:00,2025-09-22 16:15:00+00:00,24863.5,24962.0,394.0,391.0,1.955,394.0,197.0,3.0,tp,8,,8.0,0.5,1564.0,800.0,1576.0,2025-09-22,reddit_research,reddit_orb_retest,reddit_orb_retest|ny|range=15|entry=150|rr=2|sl_atr=1|tp_atr=1.5|threshold=2|adx_max=none|adx_min=none|rsi2=none|trend=all|max_bars=24,NQ|reddit_orb_retest|2025-09-22 14:15:00+00:00|long,NQ	reddit_orb_retest	reddit_orb_retest|ny|range=15|entry=150|rr=2|sl_atr=1|tp_atr=1.5|threshold=2|adx_max=none|adx_min=none|rsi2=none|trend=all|max_bars=24
futures,YM,ict_sweep_fvg,short,41973,41981,41988,2025-09-23 09:45:00+00:00,2025-09-23 11:45:00+00:00,2025-09-23 13:30:00+00:00,46772.0,46791.0,-19.0,-22.0,-1.375,19.0,19.0,3.0,sl,7,YM:ict_sweep_fvg,35.0,0.5,-385.0,385.0,332.5,2025-09-23,precision_sprint,ict_sweep_fvg,precision_sprint,YM|ict_sweep_fvg|2025-09-23 11:45:00+00:00|short,
futures,YM,ict_sweep_fvg,short,41997,42001,42001,2025-09-23 15:45:00+00:00,2025-09-23 16:45:00+00:00,2025-09-23 16:45:00+00:00,46793.0,46761.0,32.0,29.0,1.0,32.0,32.0,3.0,tp,0,YM:ict_sweep_fvg,35.0,0.5,507.5,612.5,560.0,2025-09-23,precision_sprint,ict_sweep_fvg,precision_sprint,YM|ict_sweep_fvg|2025-09-23 16:45:00+00:00|short,
futures,HG,,short,68371,68372,68383,2025-09-24 07:15:00+00:00,2025-09-24 07:30:00+00:00,2025-09-24 10:15:00+00:00,4.6315,4.6195,23.999999999999133,20.999999999999133,1.1052631578946903,23.999999999999133,16.000000000000014,3.0,tp,11,,50.0,1.25,1312.499999999946,1187.500000000001,1499.999999999946,2025-09-24,reddit_research,reddit_orb_breakout,reddit_orb_breakout|london|range=15|entry=150|rr=1.5|sl_atr=1|tp_atr=1.5|threshold=2|adx_max=none|adx_min=none|rsi2=none|trend=all|max_bars=24,HG|reddit_orb_breakout|2025-09-24 07:30:00+00:00|short,HG	reddit_orb_breakout	reddit_orb_breakout|london|range=15|entry=150|rr=1.5|sl_atr=1|tp_atr=1.5|threshold=2|adx_max=none|adx_min=none|rsi2=none|trend=all|max_bars=24
futures,CL,momentum,long,361282,361283,361289,2025-09-26 09:45:00+00:00,2025-09-26 10:00:00+00:00,2025-09-26 11:30:00+00:00,64.73,65.03,29.99999999999972,26.99999999999972,0.053677932405566,500.0,500.0,3.0,signal,6,CL:momentum,2.0,1.0,53.99999999999944,1006.0,1000.0,2025-09-26,precision_sprint,momentum,precision_sprint,CL|momentum|2025-09-26 10:00:00+00:00|long,
futures,CL,momentum,long,361364,361365,361860,2025-09-29 07:15:00+00:00,2025-09-29 07:30:00+00:00,2025-10-06 16:15:00+00:00,64.95,61.87,-308.0000000000005,-311.0000000000005,-0.6182902584493052,500.0,500.0,3.0,signal,495,CL:momentum,2.0,1.0,-622.000000000001,1006.0,1000.0,2025-09-29,precision_sprint,momentum,precision_sprint,CL|momentum|2025-09-29 07:30:00+00:00|long,
futures,6B,mean_reversion,short,360436,360437,360715,2025-09-29 14:00:00+00:00,2025-09-29 14:15:00+00:00,2025-10-02 14:45:00+00:00,1.3432,1.3419,12.999999999998568,9.999999999998568,0.0492610837438353,500.0,200.0,3.0,signal,278,6B:mean_reversion,9.0,0.625,56.24999999999194,1141.875,2812.5,2025-09-29,precision_sprint,mean_reversion,precision_sprint,6B|mean_reversion|2025-09-29 14:15:00+00:00|short,
futures,YM,ict_sweep_fvg,long,42375,42378,42378,2025-09-29 18:15:00+00:00,2025-09-29 19:00:00+00:00,2025-09-29 19:00:00+00:00,46558.0,46537.0,-21.0,-24.0,-1.0,21.0,21.0,3.0,sl,0,YM:ict_sweep_fvg,35.0,0.5,-420.0,420.0,367.5,2025-09-29,precision_sprint,ict_sweep_fvg,precision_sprint,YM|ict_sweep_fvg|2025-09-29 19:00:00+00:00|long,
futures,RTY,ict_sweep_fvg,long,42386,42392,42392,2025-09-29 22:30:00+00:00,2025-09-30 00:00:00+00:00,2025-09-30 00:00:00+00:00,2448.9,2448.0,-9.00000000000091,-12.00000000000091,-1.0,9.00000000000091,9.00000000000091,3.0,sl,0,RTY:ict_sweep_fvg,40.0,0.5,-240.0000000000182,240.0000000000182,180.0000000000182,2025-09-30,precision_sprint,ict_sweep_fvg,precision_sprint,RTY|ict_sweep_fvg|2025-09-30 00:00:00+00:00|long,
futures,YM,ict_sweep_fvg,short,42393,42396,42397,2025-09-29 23:45:00+00:00,2025-09-30 00:30:00+00:00,2025-09-30 00:45:00+00:00,46609.0,46626.0,-17.0,-20.0,-1.4285714285714286,17.0,17.0,3.0,sl,1,YM:ict_sweep_fvg,35.0,0.5,-350.0,350.0,297.5,2025-09-30,precision_sprint,ict_sweep_fvg,precision_sprint,YM|ict_sweep_fvg|2025-09-30 00:30:00+00:00|short,
futures,YM,ict_sweep_fvg,long,42457,42463,42463,2025-09-30 15:45:00+00:00,2025-09-30 17:15:00+00:00,2025-09-30 17:15:00+00:00,46443.0,46471.0,28.0,25.0,0.8064516129032258,28.0,28.0,3.0,tp,0,YM:ict_sweep_fvg,35.0,0.5,437.5,542.5,490.0,2025-09-30,precision_sprint,ict_sweep_fvg,precision_sprint,YM|ict_sweep_fvg|2025-09-30 17:15:00+00:00|long,
futures,RTY,ict_sweep_fvg,long,42469,42485,42485,2025-09-30 19:15:00+00:00,2025-10-01 00:15:00+00:00,2025-10-01 00:15:00+00:00,2443.1,2444.8,17.00000000000273,14.000000000002728,0.7000000000002001,17.00000000000273,16.99999999999818,3.0,tp,0,RTY:ict_sweep_fvg,40.0,0.5,280.00000000005457,399.9999999999636,340.00000000005457,2025-10-01,precision_sprint,ict_sweep_fvg,precision_sprint,RTY|ict_sweep_fvg|2025-10-01 00:15:00+00:00|long,
futures,NQ,ict_sweep_fvg,long,42522,42528,42528,2025-10-01 09:00:00+00:00,2025-10-01 10:30:00+00:00,2025-10-01 10:30:00+00:00,24729.5,24745.5,64.0,61.0,0.9104477611940298,64.0,64.0,3.0,tp,0,NQ:ict_sweep_fvg,15.0,0.5,457.5,502.5,480.0,2025-10-01,precision_sprint,ict_sweep_fvg,precision_sprint,NQ|ict_sweep_fvg|2025-10-01 10:30:00+00:00|long,
futures,CL,ict_sweep_fvg,long,42663,42667,42667,2025-10-01 10:00:00+00:00,2025-10-01 11:00:00+00:00,2025-10-01 11:00:00+00:00,62.0,62.16,16.00000000000037,13.00000000000037,0.6842105263158212,16.00000000000037,15.99999999999966,3.0,tp,0,CL:ict_sweep_fvg,35.0,1.0,455.00000000001296,664.9999999999881,560.000000000013,2025-10-01,precision_sprint,ict_sweep_fvg,precision_sprint,CL|ict_sweep_fvg|2025-10-01 11:00:00+00:00|long,
futures,CL,ict_sweep_fvg,long,42687,42690,42693,2025-10-01 16:00:00+00:00,2025-10-01 16:45:00+00:00,2025-10-01 17:30:00+00:00,61.92,61.75,-17.00000000000017,-20.00000000000017,-1.0,17.00000000000017,17.00000000000017,3.0,sl,3,CL:ict_sweep_fvg,35.0,1.0,-700.0000000000059,700.0000000000059,595.0000000000059,2025-10-01,precision_sprint,ict_sweep_fvg,precision_sprint,CL|ict_sweep_fvg|2025-10-01 16:45:00+00:00|long,
futures,YM,ict_sweep_fvg,short,42551,42555,42555,2025-10-01 16:15:00+00:00,2025-10-01 17:15:00+00:00,2025-10-01 17:15:00+00:00,46712.0,46685.0,27.0,24.0,1.0,27.0,27.0,3.0,tp,0,YM:ict_sweep_fvg,35.0,0.5,420.0,525.0,472.5,2025-10-01,precision_sprint,ict_sweep_fvg,precision_sprint,YM|ict_sweep_fvg|2025-10-01 17:15:00+00:00|short,
futures,NQ,,short,68924,68925,68937,2025-10-03 14:30:00+00:00,2025-10-03 14:45:00+00:00,2025-10-03 17:45:00+00:00,25110.75,25001.25,438.0,435.0,1.95945945945946,438.0,219.0,3.0,tp,12,,8.0,0.5,1740.0,888.0,1752.0,2025-10-03,reddit_research,reddit_orb_retest,reddit_orb_retest|ny|range=15|entry=150|rr=2|sl_atr=1|tp_atr=1.5|threshold=2|adx_max=none|adx_min=none|rsi2=none|trend=all|max_bars=24,NQ|reddit_orb_retest|2025-10-03 14:45:00+00:00|short,NQ	reddit_orb_retest	reddit_orb_retest|ny|range=15|entry=150|rr=2|sl_atr=1|tp_atr=1.5|threshold=2|adx_max=none|adx_min=none|rsi2=none|trend=all|max_bars=24
futures,NQ,momentum,short,359153,359154,359200,2025-10-05 23:00:00+00:00,2025-10-05 23:15:00+00:00,2025-10-06 10:45:00+00:00,25058.75,25183.75,-500.0,-503.0,-1.0,150.0,500.0,3.0,sl,46,NQ:momentum,4.0,0.5,-1006.0,1006.0,300.0,2025-10-06,precision_sprint,momentum,precision_sprint,NQ|momentum|2025-10-05 23:15:00+00:00|short,
futures,NQ,ict_sweep_fvg,short,42791,42793,42793,2025-10-06 07:15:00+00:00,2025-10-06 07:45:00+00:00,2025-10-06 07:45:00+00:00,25087.25,25069.5,71.0,68.0,1.0,71.0,71.0,3.0,tp,0,NQ:ict_sweep_fvg,15.0,0.5,510.0,555.0,532.5,2025-10-06,precision_sprint,ict_sweep_fvg,precision_sprint,NQ|ict_sweep_fvg|2025-10-06 07:45:00+00:00|short,
futures,CL,ict_sweep_fvg,short,42942,42954,42954,2025-10-06 10:45:00+00:00,2025-10-06 13:45:00+00:00,2025-10-06 13:45:00+00:00,61.65,61.91,-26.00000000000051,-29.00000000000051,-1.2608695652173856,25.9999999999998,26.00000000000051,3.0,sl,0,CL:ict_sweep_fvg,35.0,1.0,-1015.000000000018,1015.000000000018,909.9999999999932,2025-10-06,precision_sprint,ict_sweep_fvg,precision_sprint,CL|ict_sweep_fvg|2025-10-06 13:45:00+00:00|short,
futures,CL,ict_sweep_fvg,short,42955,42960,42960,2025-10-06 14:00:00+00:00,2025-10-06 15:15:00+00:00,2025-10-06 15:15:00+00:00,61.72,61.52,19.999999999999574,16.999999999999574,0.9999999999999584,19.999999999999574,20.000000000000284,3.0,tp,0,CL:ict_sweep_fvg,35.0,1.0,594.9999999999851,805.00000000001,699.9999999999851,2025-10-06,precision_sprint,ict_sweep_fvg,precision_sprint,CL|ict_sweep_fvg|2025-10-06 15:15:00+00:00|short,
futures,CL,ict_sweep_fvg,short,42965,42969,42969,2025-10-06 16:30:00+00:00,2025-10-06 17:30:00+00:00,2025-10-06 17:30:00+00:00,61.81,61.68,13.000000000000256,10.000000000000256,1.0,13.000000000000256,13.000000000000256,3.0,tp,0,CL:ict_sweep_fvg,35.0,1.0,350.000000000009,560.000000000009,455.000000000009,2025-10-06,precision_sprint,ict_sweep_fvg,precision_sprint,CL|ict_sweep_fvg|2025-10-06 17:30:00+00:00|short,
futures,CL,momentum,long,361917,361918,361963,2025-10-07 07:30:00+00:00,2025-10-07 07:45:00+00:00,2025-10-07 19:00:00+00:00,61.6,61.98,37.999999999999545,34.999999999999545,0.069582504970178,500.0,500.0,3.0,signal,45,CL:momentum,2.0,1.0,69.99999999999909,1006.0,1000.0,2025-10-07,precision_sprint,momentum,precision_sprint,CL|momentum|2025-10-07 07:45:00+00:00|long,
futures,NQ,,short,69108,69109,69110,2025-10-07 14:30:00+00:00,2025-10-07 14:45:00+00:00,2025-10-07 15:00:00+00:00,25198.5,25069.0,518.0,515.0,1.965648854961832,518.0,259.0,3.0,tp,1,,8.0,0.5,2060.0,1048.0,2072.0,2025-10-07,reddit_research,reddit_orb_retest,reddit_orb_retest|ny|range=15|entry=150|rr=2|sl_atr=1|tp_atr=1.5|threshold=2|adx_max=none|adx_min=none|rsi2=none|trend=all|max_bars=24,NQ|reddit_orb_retest|2025-10-07 14:45:00+00:00|short,NQ	reddit_orb_retest	reddit_orb_retest|ny|range=15|entry=150|rr=2|sl_atr=1|tp_atr=1.5|threshold=2|adx_max=none|adx_min=none|rsi2=none|trend=all|max_bars=24
futures,GC,ict_sweep_fvg,short,42993,42997,42997,2025-10-07 15:30:00+00:00,2025-10-07 16:30:00+00:00,2025-10-07 16:30:00+00:00,4001.1,3993.6,75.0,72.0,1.0,75.0,75.0,3.0,tp,0,GC:ict_sweep_fvg,15.0,1.0,1080.0,1170.0,1125.0,2025-10-07,precision_sprint,ict_sweep_fvg,precision_sprint,GC|ict_sweep_fvg|2025-10-07 16:30:00+00:00|short,
futures,CL,momentum,long,362111,362112,362124,2025-10-09 10:00:00+00:00,2025-10-09 10:15:00+00:00,2025-10-09 13:15:00+00:00,62.13,62.81,67.99999999999997,64.99999999999997,0.1292246520874751,500.0,500.0,3.0,signal,12,CL:momentum,2.0,1.0,129.99999999999994,1006.0,1000.0,2025-10-09,precision_sprint,momentum,precision_sprint,CL|momentum|2025-10-09 10:15:00+00:00|long,
futures,NQ,momentum,long,359564,359565,359566,2025-10-10 09:45:00+00:00,2025-10-10 10:00:00+00:00,2025-10-10 10:15:00+00:00,25255.5,25293.0,150.0,147.0,0.2922465208747515,150.0,500.0,3.0,tp,1,NQ:momentum,4.0,0.5,294.0,1006.0,300.0,2025-10-10,precision_sprint,momentum,precision_sprint,NQ|momentum|2025-10-10 10:00:00+00:00|long,
futures,CL,ict_sweep_fvg,short,43406,43415,43415,2025-10-13 11:45:00+00:00,2025-10-13 14:00:00+00:00,2025-10-13 14:00:00+00:00,59.83,59.73,9.999999999999432,6.999999999999432,0.9999999999998984,9.999999999999432,10.000000000000142,3.0,tp,0,CL:ict_sweep_fvg,35.0,1.0,244.9999999999801,455.000000000005,349.9999999999801,2025-10-13,precision_sprint,ict_sweep_fvg,precision_sprint,CL|ict_sweep_fvg|2025-10-13 14:00:00+00:00|short,
futures,GC,ict_sweep_fvg,short,43437,43445,43445,2025-10-14 11:30:00+00:00,2025-10-14 13:30:00+00:00,2025-10-14 13:30:00+00:00,4143.6,4136.400000000001,71.99999999999818,68.99999999999818,1.0,71.99999999999818,71.99999999999818,3.0,tp,0,GC:ict_sweep_fvg,15.0,1.0,1034.9999999999727,1124.9999999999727,1079.9999999999727,2025-10-14,precision_sprint,ict_sweep_fvg,precision_sprint,GC|ict_sweep_fvg|2025-10-14 13:30:00+00:00|short,
futures,NQ,ict_sweep_fvg,long,43396,43406,43406,2025-10-14 20:30:00+00:00,2025-10-15 00:00:00+00:00,2025-10-15 00:00:00+00:00,24745.0,24775.0,120.0,117.0,0.951219512195122,120.0,120.0,3.0,tp,0,NQ:ict_sweep_fvg,15.0,0.5,877.5,922.5,900.0,2025-10-15,precision_sprint,ict_sweep_fvg,precision_sprint,NQ|ict_sweep_fvg|2025-10-15 00:00:00+00:00|long,
futures,6B,mean_reversion,short,361513,361514,361810,2025-10-15 07:15:00+00:00,2025-10-15 07:30:00+00:00,2025-10-20 12:30:00+00:00,1.3345,1.3414,-68.99999999999906,-71.99999999999906,-0.3546798029556604,500.0,200.0,3.0,signal,296,6B:mean_reversion,9.0,0.625,-404.9999999999948,1141.875,2812.5,2025-10-15,precision_sprint,mean_reversion,precision_sprint,6B|mean_reversion|2025-10-15 07:30:00+00:00|short,
futures,CL,momentum,short,362488,362489,362500,2025-10-15 12:15:00+00:00,2025-10-15 12:30:00+00:00,2025-10-15 15:15:00+00:00,59.17,58.41,76.00000000000051,73.00000000000051,0.1451292246520885,500.0,500.0,3.0,signal,11,CL:momentum,2.0,1.0,146.00000000000102,1006.0,1000.0,2025-10-15,precision_sprint,momentum,precision_sprint,CL|momentum|2025-10-15 12:30:00+00:00|short,
futures,GC,ict_sweep_fvg,short,43597,43599,43599,2025-10-16 05:30:00+00:00,2025-10-16 06:00:00+00:00,2025-10-16 06:00:00+00:00,4230.3,4236.2,-58.99999999999636,-61.99999999999636,-1.107142857142864,58.99999999999636,58.99999999999636,3.0,sl,0,GC:ict_sweep_fvg,15.0,1.0,-929.9999999999454,929.9999999999454,884.9999999999454,2025-10-16,precision_sprint,ict_sweep_fvg,precision_sprint,GC|ict_sweep_fvg|2025-10-16 06:00:00+00:00|short,
futures,NQ,momentum,long,359956,359957,359959,2025-10-16 15:45:00+00:00,2025-10-16 16:00:00+00:00,2025-10-16 16:30:00+00:00,24972.25,24847.25,-500.0,-503.0,-1.0,150.0,500.0,3.0,sl,2,NQ:momentum,4.0,0.5,-1006.0,1006.0,300.0,2025-10-16,precision_sprint,momentum,precision_sprint,NQ|momentum|2025-10-16 16:00:00+00:00|long,
futures,RTY,ict_sweep_fvg,long,43636,43641,43641,2025-10-17 12:00:00+00:00,2025-10-17 13:15:00+00:00,2025-10-17 13:15:00+00:00,2468.3,2463.9,-44.00000000000091,-47.00000000000091,-1.0,44.00000000000091,44.00000000000091,3.0,sl,0,RTY:ict_sweep_fvg,40.0,0.5,-940.0000000000182,940.0000000000182,880.0000000000182,2025-10-17,precision_sprint,ict_sweep_fvg,precision_sprint,RTY|ict_sweep_fvg|2025-10-17 13:15:00+00:00|long,
futures,NQ,ict_sweep_fvg,short,43675,43685,43685,2025-10-19 22:15:00+00:00,2025-10-20 00:45:00+00:00,2025-10-20 00:45:00+00:00,25048.5,25022.5,104.0,101.0,1.0,104.0,104.0,3.0,tp,0,NQ:ict_sweep_fvg,15.0,0.5,757.5,802.5,780.0,2025-10-20,precision_sprint,ict_sweep_fvg,precision_sprint,NQ|ict_sweep_fvg|2025-10-20 00:45:00+00:00|short,
futures,CL,ict_sweep_fvg,short,43934,43946,43946,2025-10-21 05:45:00+00:00,2025-10-21 08:45:00+00:00,2025-10-21 08:45:00+00:00,57.1,57.13,-3.0000000000001137,-6.000000000000114,-52776558133249.0,3.0000000000001137,3.0000000000001137,3.0,sl,0,CL:ict_sweep_fvg,35.0,1.0,-210.000000000004,210.000000000004,105.00000000000398,2025-10-21,precision_sprint,ict_sweep_fvg,precision_sprint,CL|ict_sweep_fvg|2025-10-21 08:45:00+00:00|short,
futures,CL,ict_sweep_fvg,short,43965,43968,43968,2025-10-21 13:30:00+00:00,2025-10-21 14:15:00+00:00,2025-10-21 14:15:00+00:00,56.97,56.73,23.99999999999949,20.99999999999949,0.999999999999966,23.99999999999949,24.0000000000002,3.0,tp,0,CL:ict_sweep_fvg,35.0,1.0,734.999999999982,945.0000000000068,839.999999999982,2025-10-21,precision_sprint,ict_sweep_fvg,precision_sprint,CL|ict_sweep_fvg|2025-10-21 14:15:00+00:00|short,
futures,CL,ict_sweep_fvg,short,44096,44106,44106,2025-10-23 00:15:00+00:00,2025-10-23 02:45:00+00:00,2025-10-23 02:45:00+00:00,60.1,59.93,17.00000000000017,14.00000000000017,1.0,17.00000000000017,17.00000000000017,3.0,tp,0,CL:ict_sweep_fvg,35.0,1.0,490.000000000006,700.0000000000059,595.0000000000059,2025-10-23,precision_sprint,ict_sweep_fvg,precision_sprint,CL|ict_sweep_fvg|2025-10-23 02:45:00+00:00|short,
futures,RTY,ict_sweep_fvg,short,44077,44083,44083,2025-10-24 07:15:00+00:00,2025-10-24 08:45:00+00:00,2025-10-24 08:45:00+00:00,2501.6000000000004,2499.0,26.00000000000364,23.00000000000364,1.0000000000001976,26.00000000000364,25.99999999999909,3.0,tp,0,RTY:ict_sweep_fvg,40.0,0.5,460.0000000000728,579.9999999999818,520.0000000000729,2025-10-24,precision_sprint,ict_sweep_fvg,precision_sprint,RTY|ict_sweep_fvg|2025-10-24 08:45:00+00:00|short,
futures,YM,ict_sweep_fvg,short,44079,44087,44087,2025-10-24 07:15:00+00:00,2025-10-24 09:15:00+00:00,2025-10-24 09:15:00+00:00,46977.0,46949.0,28.0,25.0,1.0,28.0,28.0,3.0,tp,0,YM:ict_sweep_fvg,35.0,0.5,437.5,542.5,490.0,2025-10-24,precision_sprint,ict_sweep_fvg,precision_sprint,YM|ict_sweep_fvg|2025-10-24 09:15:00+00:00|short,
futures,GC,ict_sweep_fvg,long,44219,44231,44231,2025-10-27 00:00:00+00:00,2025-10-27 03:00:00+00:00,2025-10-27 03:00:00+00:00,4079.6,4087.5,78.99999999999636,75.99999999999636,0.9268292682926282,78.99999999999636,79.00000000000091,3.0,tp,0,GC:ict_sweep_fvg,15.0,1.0,1139.9999999999454,1230.0000000000136,1184.9999999999454,2025-10-27,precision_sprint,ict_sweep_fvg,precision_sprint,GC|ict_sweep_fvg|2025-10-27 03:00:00+00:00|long,
futures,GC,ict_sweep_fvg,long,44236,44252,44252,2025-10-27 04:15:00+00:00,2025-10-27 08:15:00+00:00,2025-10-27 08:15:00+00:00,4072.9,4079.3,64.00000000000091,61.00000000000091,0.910447761194031,64.00000000000091,64.00000000000091,3.0,tp,0,GC:ict_sweep_fvg,15.0,1.0,915.0000000000136,1005.0000000000136,960.0000000000136,2025-10-27,precision_sprint,ict_sweep_fvg,precision_sprint,GC|ict_sweep_fvg|2025-10-27 08:15:00+00:00|long,
futures,NQ,,short,70489,70490,70495,2025-10-28 14:45:00+00:00,2025-10-28 15:00:00+00:00,2025-10-28 16:15:00+00:00,26035.5,26094.75,-237.0,-240.0,-1.0,474.0,237.0,3.0,sl,5,,8.0,0.5,-960.0,960.0,1896.0,2025-10-28,reddit_research,reddit_orb_retest,reddit_orb_retest|ny|range=15|entry=150|rr=2|sl_atr=1|tp_atr=1.5|threshold=2|adx_max=none|adx_min=none|rsi2=none|trend=all|max_bars=24,NQ|reddit_orb_retest|2025-10-28 15:00:00+00:00|short,NQ	reddit_orb_retest	reddit_orb_retest|ny|range=15|entry=150|rr=2|sl_atr=1|tp_atr=1.5|threshold=2|adx_max=none|adx_min=none|rsi2=none|trend=all|max_bars=24
futures,RTY,ict_sweep_fvg,long,44289,44294,44296,2025-10-28 14:15:00+00:00,2025-10-28 15:30:00+00:00,2025-10-28 16:00:00+00:00,2522.3,2526.1000000000004,38.00000000000182,35.00000000000182,0.8536585365853724,38.00000000000182,38.00000000000182,3.0,tp,2,RTY:ict_sweep_fvg,40.0,0.5,700.0000000000364,820.0000000000364,760.0000000000364,2025-10-28,precision_sprint,ict_sweep_fvg,precision_sprint,RTY|ict_sweep_fvg|2025-10-28 15:30:00+00:00|long,
futures,RTY,ict_sweep_fvg,long,44295,44302,44305,2025-10-28 15:45:00+00:00,2025-10-28 17:30:00+00:00,2025-10-28 18:15:00+00:00,2525.7000000000003,2530.8,50.99999999999909,47.99999999999909,0.8888888888888871,50.99999999999909,50.99999999999909,3.0,tp,3,RTY:ict_sweep_fvg,40.0,0.5,959.9999999999818,1079.9999999999818,1019.9999999999818,2025-10-28,precision_sprint,ict_sweep_fvg,precision_sprint,RTY|ict_sweep_fvg|2025-10-28 17:30:00+00:00|long,
futures,NQ,,long,70579,70580,70581,2025-10-29 14:15:00+00:00,2025-10-29 14:30:00+00:00,2025-10-29 14:45:00+00:00,26298.25,26254.75,-174.0,-177.0,-1.0,348.0,174.0,3.0,sl,1,,8.0,0.5,-708.0,708.0,1392.0,2025-10-29,reddit_research,reddit_orb_retest,reddit_orb_retest|ny|range=15|entry=150|rr=2|sl_atr=1|tp_atr=1.5|threshold=2|adx_max=none|adx_min=none|rsi2=none|trend=all|max_bars=24,NQ|reddit_orb_retest|2025-10-29 14:30:00+00:00|long,NQ	reddit_orb_retest	reddit_orb_retest|ny|range=15|entry=150|rr=2|sl_atr=1|tp_atr=1.5|threshold=2|adx_max=none|adx_min=none|rsi2=none|trend=all|max_bars=24
futures,RTY,ict_sweep_fvg,short,44391,44396,44396,2025-10-29 16:45:00+00:00,2025-10-29 18:00:00+00:00,2025-10-29 18:00:00+00:00,2535.7000000000003,2539.0,-32.99999999999727,-35.99999999999727,-1.2000000000000182,33.00000000000182,32.99999999999727,3.0,sl,0,RTY:ict_sweep_fvg,40.0,0.5,-719.9999999999454,719.9999999999454,660.0000000000364,2025-10-29,precision_sprint,ict_sweep_fvg,precision_sprint,RTY|ict_sweep_fvg|2025-10-29 18:00:00+00:00|short,
futures,NQ,momentum,long,360795,360796,360796,2025-10-29 18:30:00+00:00,2025-10-29 18:45:00+00:00,2025-10-29 18:45:00+00:00,26070.5,26108.0,150.0,147.0,0.2922465208747515,150.0,500.0,3.0,tp,1,NQ:momentum,4.0,0.5,294.0,1006.0,300.0,2025-10-29,precision_sprint,momentum,precision_sprint,NQ|momentum|2025-10-29 18:45:00+00:00|long,
futures,NQ,ict_sweep_fvg,short,44409,44415,44415,2025-10-29 20:45:00+00:00,2025-10-29 23:15:00+00:00,2025-10-29 23:15:00+00:00,26238.25,26201.0,149.0,146.0,1.0,149.0,149.0,3.0,tp,0,NQ:ict_sweep_fvg,15.0,0.5,1095.0,1140.0,1117.5,2025-10-30,precision_sprint,ict_sweep_fvg,precision_sprint,NQ|ict_sweep_fvg|2025-10-29 23:15:00+00:00|short,
futures,CL,momentum,short,363510,363511,363756,2025-10-30 14:45:00+00:00,2025-10-30 15:00:00+00:00,2025-11-04 08:15:00+00:00,60.42,60.41,1.0000000000005116,-1.9999999999994884,-0.003976143141152,500.0,500.0,3.0,signal,245,CL:momentum,2.0,1.0,-3.999999999998977,1006.0,1000.0,2025-10-30,precision_sprint,momentum,precision_sprint,CL|momentum|2025-10-30 15:00:00+00:00|short,
futures,NQ,momentum,short,360895,360896,360954,2025-10-30 20:30:00+00:00,2025-10-30 20:45:00+00:00,2025-10-31 12:15:00+00:00,26131.75,26256.75,-500.0,-503.0,-1.0,150.0,500.0,3.0,sl,58,NQ:momentum,4.0,0.5,-1006.0,1006.0,300.0,2025-10-30,precision_sprint,momentum,precision_sprint,NQ|momentum|2025-10-30 20:45:00+00:00|short,
futures,RTY,ict_sweep_fvg,long,44505,44508,44508,2025-10-30 23:15:00+00:00,2025-10-31 00:00:00+00:00,2025-10-31 00:00:00+00:00,2474.8,2473.6000000000004,-11.99999999999818,-14.99999999999818,-1.0,11.99999999999818,11.99999999999818,3.0,sl,0,RTY:ict_sweep_fvg,40.0,0.5,-299.9999999999636,299.9999999999636,239.9999999999636,2025-10-31,precision_sprint,ict_sweep_fvg,precision_sprint,RTY|ict_sweep_fvg|2025-10-31 00:00:00+00:00|long,
futures,CL,ict_sweep_fvg,short,44703,44707,44710,2025-10-31 14:00:00+00:00,2025-10-31 15:00:00+00:00,2025-10-31 15:45:00+00:00,61.01,60.79,21.999999999999886,18.999999999999886,0.9999999999999626,21.999999999999886,22.0000000000006,3.0,tp,3,CL:ict_sweep_fvg,35.0,1.0,664.999999999996,875.000000000021,769.999999999996,2025-10-31,precision_sprint,ict_sweep_fvg,precision_sprint,CL|ict_sweep_fvg|2025-10-31 15:00:00+00:00|short,
futures,CL,ict_sweep_fvg,long,44741,44748,44749,2025-11-03 01:30:00+00:00,2025-11-03 03:15:00+00:00,2025-11-03 03:30:00+00:00,61.17,61.25,7.999999999999829,4.9999999999998295,0.4545454545454461,7.999999999999829,7.999999999999829,3.0,tp,1,CL:ict_sweep_fvg,35.0,1.0,174.99999999999403,384.999999999994,279.999999999994,2025-11-03,precision_sprint,ict_sweep_fvg,precision_sprint,CL|ict_sweep_fvg|2025-11-03 03:15:00+00:00|long,
futures,YM,ict_sweep_fvg,long,44632,44644,44644,2025-11-03 08:30:00+00:00,2025-11-03 11:30:00+00:00,2025-11-03 11:30:00+00:00,47737.0,47757.0,20.0,17.0,0.7391304347826086,20.0,20.0,3.0,tp,0,YM:ict_sweep_fvg,35.0,0.5,297.5,402.5,350.0,2025-11-03,precision_sprint,ict_sweep_fvg,precision_sprint,YM|ict_sweep_fvg|2025-11-03 11:30:00+00:00|long,
futures,YM,ict_sweep_fvg,long,44749,44759,44762,2025-11-04 14:45:00+00:00,2025-11-04 17:15:00+00:00,2025-11-04 18:00:00+00:00,47225.0,47161.0,-64.0,-67.0,-1.0,64.0,64.0,3.0,sl,3,YM:ict_sweep_fvg,35.0,0.5,-1172.5,1172.5,1120.0,2025-11-04,precision_sprint,ict_sweep_fvg,precision_sprint,YM|ict_sweep_fvg|2025-11-04 17:15:00+00:00|long,
futures,NQ,ict_sweep_fvg,long,44806,44811,44814,2025-11-05 06:00:00+00:00,2025-11-05 07:15:00+00:00,2025-11-05 08:00:00+00:00,25485.0,25455.75,-117.0,-120.0,-1.0,117.0,117.0,3.0,sl,3,NQ:ict_sweep_fvg,15.0,0.5,-900.0,900.0,877.5,2025-11-05,precision_sprint,ict_sweep_fvg,precision_sprint,NQ|ict_sweep_fvg|2025-11-05 07:15:00+00:00|long,
futures,CL,momentum,long,363861,363862,364222,2025-11-05 11:30:00+00:00,2025-11-05 11:45:00+00:00,2025-11-11 09:45:00+00:00,60.63,60.43,-20.000000000000284,-23.000000000000284,-0.045725646123261,500.0,500.0,3.0,signal,360,CL:momentum,2.0,1.0,-46.00000000000057,1006.0,1000.0,2025-11-05,precision_sprint,momentum,precision_sprint,CL|momentum|2025-11-05 11:45:00+00:00|long,
futures,NQ,ict_sweep_fvg,long,44831,44840,44840,2025-11-05 12:15:00+00:00,2025-11-05 14:30:00+00:00,2025-11-05 14:30:00+00:00,25495.25,25512.5,69.0,66.0,0.9166666666666666,69.0,69.0,3.0,tp,0,NQ:ict_sweep_fvg,15.0,0.5,495.0,540.0,517.5,2025-11-05,precision_sprint,ict_sweep_fvg,precision_sprint,NQ|ict_sweep_fvg|2025-11-05 14:30:00+00:00|long,
futures,NQ,momentum,short,361239,361240,361242,2025-11-05 15:30:00+00:00,2025-11-05 15:45:00+00:00,2025-11-05 16:15:00+00:00,25703.25,25665.75,150.0,147.0,0.2922465208747515,150.0,500.0,3.0,tp,2,NQ:momentum,4.0,0.5,294.0,1006.0,300.0,2025-11-05,precision_sprint,momentum,precision_sprint,NQ|momentum|2025-11-05 15:45:00+00:00|short,
futures,NQ,momentum,long,361261,361262,361265,2025-11-05 21:00:00+00:00,2025-11-05 21:15:00+00:00,2025-11-05 23:00:00+00:00,25704.0,25741.5,150.0,147.0,0.2922465208747515,150.0,500.0,3.0,tp,3,NQ:momentum,4.0,0.5,294.0,1006.0,300.0,2025-11-05,precision_sprint,momentum,precision_sprint,NQ|momentum|2025-11-05 21:15:00+00:00|long,
futures,6B,mean_reversion,short,363011,363012,363265,2025-11-06 14:45:00+00:00,2025-11-06 15:00:00+00:00,2025-11-11 09:15:00+00:00,1.3082,1.3118,-36.00000000000048,-39.00000000000048,-0.1921182266009875,500.0,200.0,3.0,signal,253,6B:mean_reversion,9.0,0.625,-219.37500000000276,1141.875,2812.5,2025-11-06,precision_sprint,mean_reversion,precision_sprint,6B|mean_reversion|2025-11-06 15:00:00+00:00|short,
futures,NQ,ict_sweep_fvg,long,44944,44946,44946,2025-11-06 17:30:00+00:00,2025-11-06 18:00:00+00:00,2025-11-06 18:00:00+00:00,25267.25,25229.75,-150.0,-153.0,-1.0,150.0,150.0,3.0,sl,0,NQ:ict_sweep_fvg,15.0,0.5,-1147.5,1147.5,1125.0,2025-11-06,precision_sprint,ict_sweep_fvg,precision_sprint,NQ|ict_sweep_fvg|2025-11-06 18:00:00+00:00|long,
futures,GC,ict_sweep_fvg,short,45028,45044,45044,2025-11-06 19:15:00+00:00,2025-11-07 00:15:00+00:00,2025-11-07 00:15:00+00:00,3999.8,3995.9,39.00000000000091,36.00000000000091,1.0,39.00000000000091,39.00000000000091,3.0,tp,0,GC:ict_sweep_fvg,15.0,1.0,540.0000000000136,630.0000000000136,585.0000000000136,2025-11-07,precision_sprint,ict_sweep_fvg,precision_sprint,GC|ict_sweep_fvg|2025-11-07 00:15:00+00:00|short,
futures,YM,ict_sweep_fvg,long,44958,44970,44970,2025-11-06 21:00:00+00:00,2025-11-07 01:00:00+00:00,2025-11-07 01:00:00+00:00,47060.0,47087.0,27.0,24.0,0.8,27.0,27.0,3.0,tp,0,YM:ict_sweep_fvg,35.0,0.5,420.0,525.0,472.5,2025-11-07,precision_sprint,ict_sweep_fvg,precision_sprint,YM|ict_sweep_fvg|2025-11-07 01:00:00+00:00|long,
futures,RTY,ict_sweep_fvg,long,45042,45045,45045,2025-11-07 19:30:00+00:00,2025-11-07 20:15:00+00:00,2025-11-07 20:15:00+00:00,2427.1,2432.1,50.0,47.0,0.8867924528301887,50.0,50.0,3.0,tp,0,RTY:ict_sweep_fvg,40.0,0.5,940.0,1060.0,1000.0,2025-11-07,precision_sprint,ict_sweep_fvg,precision_sprint,RTY|ict_sweep_fvg|2025-11-07 20:15:00+00:00|long,
futures,CL,momentum,long,364314,364315,364469,2025-11-12 09:45:00+00:00,2025-11-12 10:00:00+00:00,2025-11-14 02:30:00+00:00,60.42,60.09,-32.99999999999983,-35.99999999999983,-0.0715705765407551,500.0,500.0,3.0,signal,154,CL:momentum,2.0,1.0,-71.99999999999966,1006.0,1000.0,2025-11-12,precision_sprint,momentum,precision_sprint,CL|momentum|2025-11-12 10:00:00+00:00|long,
futures,RTY,ict_sweep_fvg,short,45279,45288,45288,2025-11-12 09:45:00+00:00,2025-11-12 12:00:00+00:00,2025-11-12 12:00:00+00:00,2471.5,2469.9,15.99999999999909,12.99999999999909,0.9999999999996502,15.99999999999909,16.000000000003638,3.0,tp,0,RTY:ict_sweep_fvg,40.0,0.5,259.9999999999818,380.0000000000728,319.9999999999818,2025-11-12,precision_sprint,ict_sweep_fvg,precision_sprint,RTY|ict_sweep_fvg|2025-11-12 12:00:00+00:00|short,
futures,NQ,momentum,long,361695,361696,361701,2025-11-12 14:30:00+00:00,2025-11-12 14:45:00+00:00,2025-11-12 16:00:00+00:00,25644.75,25519.75,-500.0,-503.0,-1.0,150.0,500.0,3.0,sl,5,NQ:momentum,4.0,0.5,-1006.0,1006.0,300.0,2025-11-12,precision_sprint,momentum,precision_sprint,NQ|momentum|2025-11-12 14:45:00+00:00|long,
futures,NQ,ict_sweep_fvg,long,45447,45452,45452,2025-11-14 05:15:00+00:00,2025-11-14 06:30:00+00:00,2025-11-14 06:30:00+00:00,25011.5,25050.0,154.0,151.0,0.961783439490446,154.0,154.0,3.0,tp,0,NQ:ict_sweep_fvg,15.0,0.5,1132.5,1177.5,1155.0,2025-11-14,precision_sprint,ict_sweep_fvg,precision_sprint,NQ|ict_sweep_fvg|2025-11-14 06:30:00+00:00|long,
futures,RTY,ict_sweep_fvg,long,45486,45488,45488,2025-11-14 15:30:00+00:00,2025-11-14 16:00:00+00:00,2025-11-14 16:00:00+00:00,2384.7000000000003,2390.1,53.99999999999636,50.99999999999636,0.894736842105185,53.99999999999636,54.00000000000091,3.0,tp,0,RTY:ict_sweep_fvg,40.0,0.5,1019.9999999999272,1140.0000000000182,1079.9999999999272,2025-11-14,precision_sprint,ict_sweep_fvg,precision_sprint,RTY|ict_sweep_fvg|2025-11-14 16:00:00+00:00|long,
futures,CL,momentum,long,364548,364549,364592,2025-11-16 23:15:00+00:00,2025-11-16 23:30:00+00:00,2025-11-17 10:15:00+00:00,59.47,60.08,60.99999999999994,57.99999999999994,0.1153081510934392,500.0,500.0,3.0,signal,43,CL:momentum,2.0,1.0,115.99999999999989,1006.0,1000.0,2025-11-17,precision_sprint,momentum,precision_sprint,CL|momentum|2025-11-16 23:30:00+00:00|long,
futures,GC,ict_sweep_fvg,long,45620,45639,45639,2025-11-17 06:15:00+00:00,2025-11-17 11:00:00+00:00,2025-11-17 11:00:00+00:00,4063.8,4070.8,70.0,67.0,0.9178082191780822,70.0,70.0,3.0,tp,0,GC:ict_sweep_fvg,15.0,1.0,1005.0,1095.0,1050.0,2025-11-17,precision_sprint,ict_sweep_fvg,precision_sprint,GC|ict_sweep_fvg|2025-11-17 11:00:00+00:00|long,
futures,NQ,momentum,short,361972,361973,361973,2025-11-17 14:45:00+00:00,2025-11-17 15:00:00+00:00,2025-11-17 15:00:00+00:00,25199.25,25161.75,150.0,147.0,0.2922465208747515,150.0,500.0,3.0,tp,1,NQ:momentum,4.0,0.5,294.0,1006.0,300.0,2025-11-17,precision_sprint,momentum,precision_sprint,NQ|momentum|2025-11-17 15:00:00+00:00|short,
futures,RTY,ict_sweep_fvg,long,45571,45578,45578,2025-11-17 13:45:00+00:00,2025-11-17 15:30:00+00:00,2025-11-17 15:30:00+00:00,2386.6,2386.0,-5.9999999999990905,-8.99999999999909,-1.0,6.000000000003638,5.9999999999990905,3.0,sl,0,RTY:ict_sweep_fvg,40.0,0.5,-179.9999999999818,179.9999999999818,120.00000000007276,2025-11-17,precision_sprint,ict_sweep_fvg,precision_sprint,RTY|ict_sweep_fvg|2025-11-17 15:30:00+00:00|long,
futures,NQ,ict_sweep_fvg,long,45573,45582,45582,2025-11-17 13:45:00+00:00,2025-11-17 16:00:00+00:00,2025-11-17 16:00:00+00:00,25043.25,25009.75,-134.0,-137.0,-1.0,134.0,134.0,3.0,sl,0,NQ:ict_sweep_fvg,15.0,0.5,-1027.5,1027.5,1005.0,2025-11-17,precision_sprint,ict_sweep_fvg,precision_sprint,NQ|ict_sweep_fvg|2025-11-17 16:00:00+00:00|long,
futures,CL,momentum,long,364700,364701,364708,2025-11-18 14:15:00+00:00,2025-11-18 14:30:00+00:00,2025-11-18 16:15:00+00:00,59.74,59.97,22.999999999999687,19.999999999999687,0.0397614314115301,500.0,500.0,3.0,signal,7,CL:momentum,2.0,1.0,39.999999999999375,1006.0,1000.0,2025-11-18,precision_sprint,momentum,precision_sprint,CL|momentum|2025-11-18 14:30:00+00:00|long,
futures,CL,momentum,long,364768,364769,364774,2025-11-19 08:15:00+00:00,2025-11-19 08:30:00+00:00,2025-11-19 09:45:00+00:00,60.06,60.46,39.99999999999986,36.99999999999986,0.0735586481113317,500.0,500.0,3.0,signal,5,CL:momentum,2.0,1.0,73.99999999999972,1006.0,1000.0,2025-11-19,precision_sprint,momentum,precision_sprint,CL|momentum|2025-11-19 08:30:00+00:00|long,
futures,CL,momentum,short,364861,364862,364893,2025-11-20 08:30:00+00:00,2025-11-20 08:45:00+00:00,2025-11-20 16:30:00+00:00,59.7,59.14,56.00000000000023,53.00000000000023,0.1053677932405571,500.0,500.0,3.0,signal,31,CL:momentum,2.0,1.0,106.00000000000044,1006.0,1000.0,2025-11-20,precision_sprint,momentum,precision_sprint,CL|momentum|2025-11-20 08:45:00+00:00|short,
futures,GC,ict_sweep_fvg,long,45906,45909,45909,2025-11-20 08:45:00+00:00,2025-11-20 09:30:00+00:00,2025-11-20 09:30:00+00:00,4056.6,4062.9,62.99999999999727,59.99999999999727,0.9090909090908428,62.99999999999727,63.00000000000182,3.0,tp,0,GC:ict_sweep_fvg,15.0,1.0,899.9999999999591,990.0000000000272,944.9999999999592,2025-11-20,precision_sprint,ict_sweep_fvg,precision_sprint,GC|ict_sweep_fvg|2025-11-20 09:30:00+00:00|long,
futures,NQ,ict_sweep_fvg,short,45831,45837,45838,2025-11-20 09:15:00+00:00,2025-11-20 10:45:00+00:00,2025-11-20 11:00:00+00:00,25101.75,25068.25,134.0,131.0,1.0,134.0,134.0,3.0,tp,1,NQ:ict_sweep_fvg,15.0,0.5,982.5,1027.5,1005.0,2025-11-20,precision_sprint,ict_sweep_fvg,precision_sprint,NQ|ict_sweep_fvg|2025-11-20 10:45:00+00:00|short,
futures,NQ,ict_sweep_fvg,short,45838,45840,45840,2025-11-20 11:00:00+00:00,2025-11-20 11:30:00+00:00,2025-11-20 11:30:00+00:00,25096.0,25116.5,-82.0,-85.0,-1.0759493670886076,82.0,82.0,3.0,sl,0,NQ:ict_sweep_fvg,15.0,0.5,-637.5,637.5,615.0,2025-11-20,precision_sprint,ict_sweep_fvg,precision_sprint,NQ|ict_sweep_fvg|2025-11-20 11:30:00+00:00|short,
futures,RTY,ict_sweep_fvg,long,45924,45932,45932,2025-11-21 10:00:00+00:00,2025-11-21 12:00:00+00:00,2025-11-21 12:00:00+00:00,2304.3,2307.2000000000003,29.00000000000091,26.00000000000091,0.8125000000000053,29.00000000000091,29.00000000000091,3.0,tp,0,RTY:ict_sweep_fvg,40.0,0.5,520.0000000000182,640.0000000000182,580.0000000000182,2025-11-21,precision_sprint,ict_sweep_fvg,precision_sprint,RTY|ict_sweep_fvg|2025-11-21 12:00:00+00:00|long,
futures,CL,momentum,short,365076,365077,365156,2025-11-24 16:15:00+00:00,2025-11-24 16:30:00+00:00,2025-11-25 13:15:00+00:00,58.37,57.97,39.99999999999986,36.99999999999986,0.0735586481113317,500.0,500.0,3.0,signal,79,CL:momentum,2.0,1.0,73.99999999999972,1006.0,1000.0,2025-11-24,precision_sprint,momentum,precision_sprint,CL|momentum|2025-11-24 16:30:00+00:00|short,
futures,YM,ict_sweep_fvg,short,46056,46058,46058,2025-11-24 19:30:00+00:00,2025-11-24 20:00:00+00:00,2025-11-24 20:00:00+00:00,46544.0,46517.0,27.0,24.0,1.0,27.0,27.0,3.0,tp,0,YM:ict_sweep_fvg,35.0,0.5,420.0,525.0,472.5,2025-11-24,precision_sprint,ict_sweep_fvg,precision_sprint,YM|ict_sweep_fvg|2025-11-24 20:00:00+00:00|short,
futures,HG,,short,72420,72421,72422,2025-11-25 08:30:00+00:00,2025-11-25 08:45:00+00:00,2025-11-25 09:00:00+00:00,5.0355,5.044,-16.99999999999946,-19.99999999999946,-1.0,25.49999999999919,16.99999999999946,3.0,sl,1,,50.0,1.25,-1249.9999999999663,1249.9999999999663,1593.7499999999493,2025-11-25,reddit_research,reddit_orb_breakout,reddit_orb_breakout|london|range=15|entry=150|rr=1.5|sl_atr=1|tp_atr=1.5|threshold=2|adx_max=none|adx_min=none|rsi2=none|trend=all|max_bars=24,HG|reddit_orb_breakout|2025-11-25 08:45:00+00:00|short,HG	reddit_orb_breakout	reddit_orb_breakout|london|range=15|entry=150|rr=1.5|sl_atr=1|tp_atr=1.5|threshold=2|adx_max=none|adx_min=none|rsi2=none|trend=all|max_bars=24
futures,6B,mean_reversion,short,364193,364194,364547,2025-11-25 11:15:00+00:00,2025-11-25 11:30:00+00:00,2025-12-01 20:30:00+00:00,1.3114,1.321,-96.00000000000053,-99.00000000000053,-0.487684729064042,500.0,200.0,3.0,signal,353,6B:mean_reversion,9.0,0.625,-556.875000000003,1141.875,2812.5,2025-11-25,precision_sprint,mean_reversion,precision_sprint,6B|mean_reversion|2025-11-25 11:30:00+00:00|short,
futures,CL,ict_sweep_fvg,long,46258,46263,46266,2025-11-25 12:45:00+00:00,2025-11-25 14:00:00+00:00,2025-11-25 14:45:00+00:00,57.58,57.32,-25.9999999999998,-28.9999999999998,-1.0,26.00000000000051,25.9999999999998,3.0,sl,3,CL:ict_sweep_fvg,35.0,1.0,-1014.9999999999932,1014.9999999999932,910.000000000018,2025-11-25,precision_sprint,ict_sweep_fvg,precision_sprint,CL|ict_sweep_fvg|2025-11-25 14:00:00+00:00|long,
futures,NQ,momentum,long,362523,362524,362524,2025-11-25 14:30:00+00:00,2025-11-25 14:45:00+00:00,2025-11-25 14:45:00+00:00,24729.25,24604.25,-500.0,-503.0,-1.0,150.0,500.0,3.0,same_bar_sl,1,NQ:momentum,4.0,0.5,-1006.0,1006.0,300.0,2025-11-25,precision_sprint,momentum,precision_sprint,NQ|momentum|2025-11-25 14:45:00+00:00|long,
futures,GC,ict_sweep_fvg,short,46200,46215,46215,2025-11-25 13:15:00+00:00,2025-11-25 17:00:00+00:00,2025-11-25 17:00:00+00:00,4142.8,4144.1,-13.00000000000182,-16.00000000000182,-1.5999999999998908,13.00000000000182,13.00000000000182,3.0,sl,0,GC:ict_sweep_fvg,15.0,1.0,-240.00000000002728,240.00000000002728,195.0000000000273,2025-11-25,precision_sprint,ict_sweep_fvg,precision_sprint,GC|ict_sweep_fvg|2025-11-25 17:00:00+00:00|short,
futures,NQ,ict_sweep_fvg,short,46147,46149,46149,2025-11-25 19:15:00+00:00,2025-11-25 19:45:00+00:00,2025-11-25 19:45:00+00:00,24990.25,25012.5,-89.0,-92.0,-1.069767441860465,89.0,89.0,3.0,sl,0,NQ:ict_sweep_fvg,15.0,0.5,-690.0,690.0,667.5,2025-11-25,precision_sprint,ict_sweep_fvg,precision_sprint,NQ|ict_sweep_fvg|2025-11-25 19:45:00+00:00|short,
futures,GC,ict_sweep_fvg,short,46263,46270,46271,2025-11-26 06:00:00+00:00,2025-11-26 07:45:00+00:00,2025-11-26 08:00:00+00:00,4155.2,4159.900000000001,-47.00000000000728,-50.00000000000728,-1.1363636363636138,46.99999999999818,47.00000000000728,3.0,sl,1,GC:ict_sweep_fvg,15.0,1.0,-750.0000000001093,750.0000000001093,704.9999999999727,2025-11-26,precision_sprint,ict_sweep_fvg,precision_sprint,GC|ict_sweep_fvg|2025-11-26 07:45:00+00:00|short,
futures,GC,ict_sweep_fvg,short,46293,46301,46302,2025-11-26 13:30:00+00:00,2025-11-26 15:30:00+00:00,2025-11-26 15:45:00+00:00,4155.1,4162.1,-70.0,-73.0,-1.0895522388059702,70.0,70.0,3.0,sl,1,GC:ict_sweep_fvg,15.0,1.0,-1095.0,1095.0,1050.0,2025-11-26,precision_sprint,ict_sweep_fvg,precision_sprint,GC|ict_sweep_fvg|2025-11-26 15:30:00+00:00|short,
futures,YM,,long,72510,72511,72512,2025-11-27 15:00:00+00:00,2025-11-27 15:15:00+00:00,2025-11-27 15:30:00+00:00,47509.0,47487.945971165485,-21.05402883451461,-24.05402883451461,-1.0,31.58104325176828,21.05402883451461,3.0,sl,1,,75.0,0.5,-902.026081294298,902.026081294298,1184.2891219413104,2025-11-27,reddit_research,reddit_ema_pullback,reddit_ema_pullback|ny|range=15|entry=150|rr=1.5|sl_atr=1|tp_atr=1.5|threshold=2|adx_max=none|adx_min=none|rsi2=none|trend=both|max_bars=24,YM|reddit_ema_pullback|2025-11-27 15:15:00+00:00|long,YM	reddit_ema_pullback	reddit_ema_pullback|ny|range=15|entry=150|rr=1.5|sl_atr=1|tp_atr=1.5|threshold=2|adx_max=none|adx_min=none|rsi2=none|trend=both|max_bars=24
futures,RTY,,long,72512,72513,72520,2025-11-27 16:00:00+00:00,2025-11-27 16:15:00+00:00,2025-11-27 23:00:00+00:00,2489.2,2493.2,40.0,37.0,1.2333333333334082,53.99999999999636,26.99999999999818,3.0,session_close,7,,25.0,0.5,462.5,374.99999999997726,674.9999999999545,2025-11-27,reddit_research,reddit_orb_retest,reddit_orb_retest|ny|range=15|entry=150|rr=2|sl_atr=1|tp_atr=1.5|threshold=2|adx_max=none|adx_min=none|rsi2=none|trend=all|max_bars=24,RTY|reddit_orb_retest|2025-11-27 16:15:00+00:00|long,RTY	reddit_orb_retest	reddit_orb_retest|ny|range=15|entry=150|rr=2|sl_atr=1|tp_atr=1.5|threshold=2|adx_max=none|adx_min=none|rsi2=none|trend=all|max_bars=24
futures,CL,ict_sweep_fvg,short,46492,46495,46495,2025-11-28 15:15:00+00:00,2025-11-28 16:00:00+00:00,2025-11-28 16:00:00+00:00,59.23,59.31,-7.999999999999829,-10.99999999999983,-2.200000000000041,8.00000000000054,7.999999999999829,3.0,sl,0,CL:ict_sweep_fvg,35.0,1.0,-384.999999999994,384.999999999994,280.0000000000189,2025-11-28,precision_sprint,ict_sweep_fvg,precision_sprint,CL|ict_sweep_fvg|2025-11-28 16:00:00+00:00|short,
futures,CL,ict_sweep_fvg,short,46506,46510,46510,2025-11-28 18:45:00+00:00,2025-11-30 23:00:00+00:00,2025-11-30 23:00:00+00:00,59.27,59.43,-15.99999999999966,-18.99999999999966,-1.4615384615384737,16.00000000000037,15.99999999999966,3.0,sl,0,CL:ict_sweep_fvg,35.0,1.0,-664.9999999999881,664.9999999999881,560.000000000013,2025-12-01,precision_sprint,ict_sweep_fvg,precision_sprint,CL|ict_sweep_fvg|2025-11-30 23:00:00+00:00|short,
futures,CL,momentum,long,365454,365455,365469,2025-12-01 11:00:00+00:00,2025-12-01 11:15:00+00:00,2025-12-01 14:45:00+00:00,59.13,59.49,35.99999999999994,32.99999999999994,0.0656063618290257,500.0,500.0,3.0,signal,14,CL:momentum,2.0,1.0,65.99999999999989,1006.0,1000.0,2025-12-01,precision_sprint,momentum,precision_sprint,CL|momentum|2025-12-01 11:15:00+00:00|long,
futures,CL,ict_sweep_fvg,short,46555,46572,46572,2025-12-01 10:15:00+00:00,2025-12-01 14:30:00+00:00,2025-12-01 14:30:00+00:00,59.52,59.35,17.00000000000017,14.00000000000017,1.0000000000000508,17.00000000000017,16.99999999999946,3.0,tp,0,CL:ict_sweep_fvg,35.0,1.0,490.000000000006,699.9999999999811,595.0000000000059,2025-12-01,precision_sprint,ict_sweep_fvg,precision_sprint,CL|ict_sweep_fvg|2025-12-01 14:30:00+00:00|short,
futures,CL,ict_sweep_fvg,short,46577,46594,46604,2025-12-01 15:45:00+00:00,2025-12-01 20:00:00+00:00,2025-12-01 23:30:00+00:00,59.5,59.65,-14.999999999999858,-17.999999999999858,-1.500000000000006,14.999999999999858,14.999999999999858,3.0,sl,10,CL:ict_sweep_fvg,35.0,1.0,-629.999999999995,629.999999999995,524.999999999995,2025-12-01,precision_sprint,ict_sweep_fvg,precision_sprint,CL|ict_sweep_fvg|2025-12-01 20:00:00+00:00|short,
futures,GC,ict_sweep_fvg,long,46602,46604,46604,2025-12-02 14:00:00+00:00,2025-12-02 14:30:00+00:00,2025-12-02 14:30:00+00:00,4248.7,4254.5,58.00000000000182,55.00000000000182,0.9016393442624324,58.00000000000182,57.99999999999272,3.0,tp,0,GC:ict_sweep_fvg,15.0,1.0,825.0000000000273,914.9999999998907,870.0000000000273,2025-12-02,precision_sprint,ict_sweep_fvg,precision_sprint,GC|ict_sweep_fvg|2025-12-02 14:30:00+00:00|long,
futures,CL,momentum,short,365565,365566,365570,2025-12-02 15:45:00+00:00,2025-12-02 16:00:00+00:00,2025-12-02 17:00:00+00:00,59.23,58.83,39.99999999999986,36.99999999999986,0.0735586481113317,500.0,500.0,3.0,signal,4,CL:momentum,2.0,1.0,73.99999999999972,1006.0,1000.0,2025-12-02,precision_sprint,momentum,precision_sprint,CL|momentum|2025-12-02 16:00:00+00:00|short,
futures,RTY,ict_sweep_fvg,long,46519,46537,46537,2025-12-02 16:15:00+00:00,2025-12-02 20:45:00+00:00,2025-12-02 20:45:00+00:00,2474.2000000000003,2470.4,-38.00000000000182,-41.00000000000182,-1.0,37.99999999999727,38.00000000000182,3.0,sl,0,RTY:ict_sweep_fvg,40.0,0.5,-820.0000000000364,820.0000000000364,759.9999999999454,2025-12-02,precision_sprint,ict_sweep_fvg,precision_sprint,RTY|ict_sweep_fvg|2025-12-02 20:45:00+00:00|long,
futures,CL,momentum,long,365650,365651,365749,2025-12-03 14:00:00+00:00,2025-12-03 14:15:00+00:00,2025-12-04 15:45:00+00:00,59.04,59.43,39.00000000000006,36.00000000000006,0.0715705765407555,500.0,500.0,3.0,signal,98,CL:momentum,2.0,1.0,72.00000000000011,1006.0,1000.0,2025-12-03,precision_sprint,momentum,precision_sprint,CL|momentum|2025-12-03 14:15:00+00:00|long,
futures,CL,ict_sweep_fvg,short,46762,46767,46767,2025-12-03 16:00:00+00:00,2025-12-03 17:15:00+00:00,2025-12-03 17:15:00+00:00,59.41,59.17,24.0000000000002,21.0000000000002,1.0000000000000338,24.0000000000002,23.99999999999949,3.0,tp,0,CL:ict_sweep_fvg,35.0,1.0,735.0000000000069,944.999999999982,840.0000000000069,2025-12-03,precision_sprint,ict_sweep_fvg,precision_sprint,CL|ict_sweep_fvg|2025-12-03 17:15:00+00:00|short,
futures,RTY,ict_sweep_fvg,short,46669,46677,46680,2025-12-04 07:45:00+00:00,2025-12-04 09:45:00+00:00,2025-12-04 10:30:00+00:00,2514.8,2512.9,19.00000000000091,16.00000000000091,1.0,19.00000000000091,19.00000000000091,3.0,tp,3,RTY:ict_sweep_fvg,40.0,0.5,320.0000000000182,440.0000000000182,380.0000000000182,2025-12-04,precision_sprint,ict_sweep_fvg,precision_sprint,RTY|ict_sweep_fvg|2025-12-04 09:45:00+00:00|short,
futures,GC,ict_sweep_fvg,long,46768,46778,46778,2025-12-04 09:30:00+00:00,2025-12-04 12:00:00+00:00,2025-12-04 12:00:00+00:00,4223.3,4227.0,36.99999999999818,33.99999999999818,0.8499999999999932,36.99999999999818,36.99999999999818,3.0,tp,0,GC:ict_sweep_fvg,15.0,1.0,509.9999999999727,599.9999999999727,554.9999999999727,2025-12-04,precision_sprint,ict_sweep_fvg,precision_sprint,GC|ict_sweep_fvg|2025-12-04 12:00:00+00:00|long,
futures,NQ,ict_sweep_fvg,short,46679,46696,46696,2025-12-04 09:45:00+00:00,2025-12-04 14:00:00+00:00,2025-12-04 14:00:00+00:00,25676.25,25690.75,-58.0,-61.0,-1.1090909090909091,58.0,58.0,3.0,sl,0,NQ:ict_sweep_fvg,15.0,0.5,-457.5,457.5,435.0,2025-12-04,precision_sprint,ict_sweep_fvg,precision_sprint,NQ|ict_sweep_fvg|2025-12-04 14:00:00+00:00|short,
futures,GC,ict_sweep_fvg,long,46783,46790,46790,2025-12-04 13:15:00+00:00,2025-12-04 15:00:00+00:00,2025-12-04 15:00:00+00:00,4221.5,4227.8,63.00000000000182,60.00000000000182,0.9090909090909116,63.00000000000182,63.00000000000182,3.0,tp,0,GC:ict_sweep_fvg,15.0,1.0,900.0000000000273,990.0000000000272,945.0000000000272,2025-12-04,precision_sprint,ict_sweep_fvg,precision_sprint,GC|ict_sweep_fvg|2025-12-04 15:00:00+00:00|long,
futures,NQ,momentum,long,363096,363097,363097,2025-12-04 15:15:00+00:00,2025-12-04 15:30:00+00:00,2025-12-04 15:30:00+00:00,25590.5,25628.0,150.0,147.0,0.2922465208747515,150.0,500.0,3.0,tp,1,NQ:momentum,4.0,0.5,294.0,1006.0,300.0,2025-12-04,precision_sprint,momentum,precision_sprint,NQ|momentum|2025-12-04 15:30:00+00:00|long,
futures,CL,momentum,long,365906,365907,366600,2025-12-08 09:00:00+00:00,2025-12-08 09:15:00+00:00,2025-12-17 21:30:00+00:00,59.88,56.87,-301.0000000000005,-304.0000000000005,-0.6043737574552694,500.0,500.0,3.0,signal,693,CL:momentum,2.0,1.0,-608.000000000001,1006.0,1000.0,2025-12-08,precision_sprint,momentum,precision_sprint,CL|momentum|2025-12-08 09:15:00+00:00|long,
futures,YM,ict_sweep_fvg,long,46864,46868,46868,2025-12-08 10:00:00+00:00,2025-12-08 11:00:00+00:00,2025-12-08 11:00:00+00:00,47990.0,47998.0,8.0,5.0,0.4545454545454545,8.0,8.0,3.0,tp,0,YM:ict_sweep_fvg,35.0,0.5,87.5,192.5,140.0,2025-12-08,precision_sprint,ict_sweep_fvg,precision_sprint,YM|ict_sweep_fvg|2025-12-08 11:00:00+00:00|long,
futures,NQ,momentum,short,363306,363307,363319,2025-12-08 21:45:00+00:00,2025-12-08 23:00:00+00:00,2025-12-09 02:00:00+00:00,25713.0,25675.5,150.0,147.0,0.2922465208747515,150.0,500.0,3.0,tp,12,NQ:momentum,4.0,0.5,294.0,1006.0,300.0,2025-12-09,precision_sprint,momentum,precision_sprint,NQ|momentum|2025-12-08 23:00:00+00:00|short,
futures,6B,mean_reversion,short,365059,365060,365073,2025-12-09 10:30:00+00:00,2025-12-09 10:45:00+00:00,2025-12-09 14:00:00+00:00,1.3331,1.3313,18.000000000000238,15.000000000000238,0.0738916256157647,500.0,200.0,3.0,signal,13,6B:mean_reversion,9.0,0.625,84.37500000000134,1141.875,2812.5,2025-12-09,precision_sprint,mean_reversion,precision_sprint,6B|mean_reversion|2025-12-09 10:45:00+00:00|short,
futures,CL,ict_sweep_fvg,long,47103,47119,47119,2025-12-09 09:15:00+00:00,2025-12-09 13:15:00+00:00,2025-12-09 13:15:00+00:00,58.78,58.91,13.000000000000256,10.000000000000256,0.625000000000006,13.000000000000256,13.000000000000256,3.0,tp,0,CL:ict_sweep_fvg,35.0,1.0,350.000000000009,560.000000000009,455.000000000009,2025-12-09,precision_sprint,ict_sweep_fvg,precision_sprint,CL|ict_sweep_fvg|2025-12-09 13:15:00+00:00|long,
futures,6B,mean_reversion,long,365084,365085,365169,2025-12-09 16:45:00+00:00,2025-12-09 17:00:00+00:00,2025-12-10 15:00:00+00:00,1.3318,1.333,11.999999999998678,8.999999999998678,0.0443349753694516,500.0,200.0,3.0,signal,84,6B:mean_reversion,9.0,0.625,50.62499999999257,1141.875,2812.5,2025-12-09,precision_sprint,mean_reversion,precision_sprint,6B|mean_reversion|2025-12-09 17:00:00+00:00|long,
futures,YM,ict_sweep_fvg,long,47057,47064,47065,2025-12-10 12:15:00+00:00,2025-12-10 14:00:00+00:00,2025-12-10 14:15:00+00:00,47593.0,47563.0,-30.0,-33.0,-1.0,30.0,30.0,3.0,sl,1,YM:ict_sweep_fvg,35.0,0.5,-577.5,577.5,525.0,2025-12-10,precision_sprint,ict_sweep_fvg,precision_sprint,YM|ict_sweep_fvg|2025-12-10 14:00:00+00:00|long,
futures,NQ,momentum,short,363565,363566,363566,2025-12-11 17:30:00+00:00,2025-12-11 17:45:00+00:00,2025-12-11 17:45:00+00:00,25639.75,25602.25,150.0,147.0,0.2922465208747515,150.0,500.0,3.0,tp,1,NQ:momentum,4.0,0.5,294.0,1006.0,300.0,2025-12-11,precision_sprint,momentum,precision_sprint,NQ|momentum|2025-12-11 17:45:00+00:00|short,
futures,RTY,ict_sweep_fvg,short,47227,47230,47230,2025-12-12 09:15:00+00:00,2025-12-12 10:00:00+00:00,2025-12-12 10:00:00+00:00,2599.3,2597.2000000000003,20.99999999999909,17.99999999999909,1.0,20.99999999999909,20.99999999999909,3.0,tp,0,RTY:ict_sweep_fvg,40.0,0.5,359.9999999999818,479.9999999999818,419.9999999999818,2025-12-12,precision_sprint,ict_sweep_fvg,precision_sprint,RTY|ict_sweep_fvg|2025-12-12 10:00:00+00:00|short,
futures,6B,mean_reversion,long,365359,365360,365420,2025-12-12 17:45:00+00:00,2025-12-12 18:00:00+00:00,2025-12-15 11:15:00+00:00,1.3373,1.3382,9.00000000000123,6.000000000001229,0.0295566502463114,500.0,200.0,3.0,signal,60,6B:mean_reversion,9.0,0.625,33.750000000006914,1141.875,2812.5,2025-12-12,precision_sprint,mean_reversion,precision_sprint,6B|mean_reversion|2025-12-12 18:00:00+00:00|long,
futures,YM,ict_sweep_fvg,long,47407,47415,47415,2025-12-16 07:45:00+00:00,2025-12-16 09:45:00+00:00,2025-12-16 09:45:00+00:00,48316.0,48338.0,22.0,19.0,0.76,22.0,22.0,3.0,tp,0,YM:ict_sweep_fvg,35.0,0.5,332.5,437.5,385.0,2025-12-16,precision_sprint,ict_sweep_fvg,precision_sprint,YM|ict_sweep_fvg|2025-12-16 09:45:00+00:00|long,
futures,NQ,ict_sweep_fvg,long,47423,47428,47428,2025-12-16 11:45:00+00:00,2025-12-16 13:00:00+00:00,2025-12-16 13:00:00+00:00,25028.5,25044.25,63.0,60.0,0.9090909090909092,63.0,63.0,3.0,tp,0,NQ:ict_sweep_fvg,15.0,0.5,450.0,495.0,472.5,2025-12-16,precision_sprint,ict_sweep_fvg,precision_sprint,NQ|ict_sweep_fvg|2025-12-16 13:00:00+00:00|long,
futures,RTY,ict_sweep_fvg,long,47418,47431,47431,2025-12-16 11:00:00+00:00,2025-12-16 14:15:00+00:00,2025-12-16 14:15:00+00:00,2526.2000000000003,2527.5,12.999999999997272,9.999999999997272,0.6249999999997584,12.999999999997272,13.00000000000182,3.0,tp,0,RTY:ict_sweep_fvg,40.0,0.5,199.99999999994543,320.0000000000364,259.99999999994543,2025-12-16,precision_sprint,ict_sweep_fvg,precision_sprint,RTY|ict_sweep_fvg|2025-12-16 14:15:00+00:00|long,
futures,GC,ict_sweep_fvg,long,47516,47532,47532,2025-12-16 12:30:00+00:00,2025-12-16 16:30:00+00:00,2025-12-16 16:30:00+00:00,4323.6,4331.6,80.0,77.0,0.927710843373494,80.0,80.0,3.0,tp,0,GC:ict_sweep_fvg,15.0,1.0,1155.0,1245.0,1200.0,2025-12-16,precision_sprint,ict_sweep_fvg,precision_sprint,GC|ict_sweep_fvg|2025-12-16 16:30:00+00:00|long,
futures,6B,mean_reversion,short,365540,365541,365588,2025-12-16 18:15:00+00:00,2025-12-16 18:30:00+00:00,2025-12-17 07:30:00+00:00,1.3406,1.3334,72.00000000000095,69.00000000000095,0.339901477832517,500.0,200.0,3.0,signal,47,6B:mean_reversion,9.0,0.625,388.1250000000053,1141.875,2812.5,2025-12-16,precision_sprint,mean_reversion,precision_sprint,6B|mean_reversion|2025-12-16 18:30:00+00:00|short,
futures,CL,momentum,short,366741,366742,367117,2025-12-19 10:45:00+00:00,2025-12-19 11:00:00+00:00,2025-12-26 16:00:00+00:00,56.01,57.43,-142.00000000000017,-145.00000000000017,-0.2882703777335987,500.0,500.0,3.0,signal,375,CL:momentum,2.0,1.0,-290.00000000000034,1006.0,1000.0,2025-12-19,precision_sprint,momentum,precision_sprint,CL|momentum|2025-12-19 11:00:00+00:00|short,
futures,NQ,ict_sweep_fvg,long,47890,47896,47896,2025-12-23 13:30:00+00:00,2025-12-23 15:00:00+00:00,2025-12-23 15:00:00+00:00,25646.5,25685.0,154.0,151.0,0.961783439490446,154.0,154.0,3.0,tp,0,NQ:ict_sweep_fvg,15.0,0.5,1132.5,1177.5,1155.0,2025-12-23,precision_sprint,ict_sweep_fvg,precision_sprint,NQ|ict_sweep_fvg|2025-12-23 15:00:00+00:00|long,
futures,GC,ict_sweep_fvg,short,47984,47990,47993,2025-12-23 14:30:00+00:00,2025-12-23 16:00:00+00:00,2025-12-23 16:45:00+00:00,4487.900000000001,4495.2,-72.99999999999272,-75.99999999999272,-1.0857142857142943,73.00000000000182,72.99999999999272,3.0,sl,3,GC:ict_sweep_fvg,15.0,1.0,-1139.9999999998909,1139.9999999998909,1095.0000000000273,2025-12-23,precision_sprint,ict_sweep_fvg,precision_sprint,GC|ict_sweep_fvg|2025-12-23 16:00:00+00:00|short,
futures,CL,ict_sweep_fvg,short,48039,48051,48051,2025-12-23 13:15:00+00:00,2025-12-23 16:15:00+00:00,2025-12-23 16:15:00+00:00,58.13,58.06,7.000000000000028,4.000000000000028,1.0,7.000000000000028,7.000000000000028,3.0,tp,0,CL:ict_sweep_fvg,35.0,1.0,140.000000000001,350.000000000001,245.000000000001,2025-12-23,precision_sprint,ict_sweep_fvg,precision_sprint,CL|ict_sweep_fvg|2025-12-23 16:15:00+00:00|short,
futures,CL,ict_sweep_fvg,short,48114,48117,48118,2025-12-24 09:00:00+00:00,2025-12-24 09:45:00+00:00,2025-12-24 10:00:00+00:00,58.55,58.47,8.00000000000054,5.00000000000054,1.000000000000142,8.00000000000054,7.999999999999829,3.0,tp,1,CL:ict_sweep_fvg,35.0,1.0,175.0000000000189,384.999999999994,280.0000000000189,2025-12-24,precision_sprint,ict_sweep_fvg,precision_sprint,CL|ict_sweep_fvg|2025-12-24 09:45:00+00:00|short,
futures,CL,ict_sweep_fvg,short,48128,48135,48136,2025-12-24 12:30:00+00:00,2025-12-24 14:15:00+00:00,2025-12-24 14:30:00+00:00,58.6,58.68,-7.999999999999829,-10.99999999999983,-2.200000000000041,7.999999999999829,7.999999999999829,3.0,sl,1,CL:ict_sweep_fvg,35.0,1.0,-384.999999999994,384.999999999994,279.999999999994,2025-12-24,precision_sprint,ict_sweep_fvg,precision_sprint,CL|ict_sweep_fvg|2025-12-24 14:15:00+00:00|short,
futures,NQ,,long,74187,74188,74197,2025-12-24 15:45:00+00:00,2025-12-24 16:00:00+00:00,2025-12-25 23:00:00+00:00,25829.0,25892.0,252.0,249.0,1.360655737704918,360.0,180.0,3.0,session_close,9,,8.0,0.5,996.0,732.0,1440.0,2025-12-24,reddit_research,reddit_orb_retest,reddit_orb_retest|ny|range=15|entry=150|rr=2|sl_atr=1|tp_atr=1.5|threshold=2|adx_max=none|adx_min=none|rsi2=none|trend=all|max_bars=24,NQ|reddit_orb_retest|2025-12-24 16:00:00+00:00|long,NQ	reddit_orb_retest	reddit_orb_retest|ny|range=15|entry=150|rr=2|sl_atr=1|tp_atr=1.5|threshold=2|adx_max=none|adx_min=none|rsi2=none|trend=all|max_bars=24
futures,CL,ict_sweep_fvg,short,48138,48146,48148,2025-12-24 15:00:00+00:00,2025-12-24 17:00:00+00:00,2025-12-24 17:30:00+00:00,58.5,58.36,14.000000000000057,11.000000000000057,1.0,14.000000000000057,14.000000000000057,3.0,tp,2,CL:ict_sweep_fvg,35.0,1.0,385.000000000002,595.000000000002,490.000000000002,2025-12-24,precision_sprint,ict_sweep_fvg,precision_sprint,CL|ict_sweep_fvg|2025-12-24 17:00:00+00:00|short,
futures,NQ,ict_sweep_fvg,long,48041,48052,48053,2025-12-26 09:00:00+00:00,2025-12-26 11:45:00+00:00,2025-12-26 12:00:00+00:00,25867.75,25881.0,53.0,50.0,0.8928571428571429,53.0,53.0,3.0,tp,1,NQ:ict_sweep_fvg,15.0,0.5,375.0,420.0,397.5,2025-12-26,precision_sprint,ict_sweep_fvg,precision_sprint,NQ|ict_sweep_fvg|2025-12-26 11:45:00+00:00|long,
futures,6B,mean_reversion,short,366161,366162,366221,2025-12-26 16:00:00+00:00,2025-12-26 16:15:00+00:00,2025-12-29 08:00:00+00:00,1.3495,1.3483,11.999999999998678,8.999999999998678,0.0443349753694516,500.0,200.0,3.0,signal,59,6B:mean_reversion,9.0,0.625,50.62499999999257,1141.875,2812.5,2025-12-26,precision_sprint,mean_reversion,precision_sprint,6B|mean_reversion|2025-12-26 16:15:00+00:00|short,
futures,NQ,ict_sweep_fvg,short,48069,48081,48083,2025-12-26 16:00:00+00:00,2025-12-26 19:00:00+00:00,2025-12-26 19:30:00+00:00,25895.25,25878.25,68.0,65.0,1.0,68.0,68.0,3.0,tp,2,NQ:ict_sweep_fvg,15.0,0.5,487.5,532.5,510.0,2025-12-26,precision_sprint,ict_sweep_fvg,precision_sprint,NQ|ict_sweep_fvg|2025-12-26 19:00:00+00:00|short,
futures,YM,ict_sweep_fvg,long,48121,48123,48123,2025-12-29 06:00:00+00:00,2025-12-29 06:30:00+00:00,2025-12-29 06:30:00+00:00,48992.0,49002.0,10.0,7.0,0.5384615384615384,10.0,10.0,3.0,tp,0,YM:ict_sweep_fvg,35.0,0.5,122.5,227.5,175.0,2025-12-29,precision_sprint,ict_sweep_fvg,precision_sprint,YM|ict_sweep_fvg|2025-12-29 06:30:00+00:00|long,
futures,CL,momentum,short,367181,367182,367352,2025-12-29 09:00:00+00:00,2025-12-29 09:15:00+00:00,2025-12-31 05:45:00+00:00,57.67,57.87,-19.999999999999574,-22.999999999999574,-0.0457256461232595,500.0,500.0,3.0,signal,170,CL:momentum,2.0,1.0,-45.99999999999915,1006.0,1000.0,2025-12-29,precision_sprint,momentum,precision_sprint,CL|momentum|2025-12-29 09:15:00+00:00|short,
futures,NQ,,long,74448,74449,74468,2025-12-30 15:45:00+00:00,2025-12-30 16:00:00+00:00,2025-12-30 20:45:00+00:00,25744.5,25681.75,-251.0,-254.0,-1.0,502.0,251.0,3.0,sl,19,,8.0,0.5,-1016.0,1016.0,2008.0,2025-12-30,reddit_research,reddit_orb_retest,reddit_orb_retest|ny|range=15|entry=150|rr=2|sl_atr=1|tp_atr=1.5|threshold=2|adx_max=none|adx_min=none|rsi2=none|trend=all|max_bars=24,NQ|reddit_orb_retest|2025-12-30 16:00:00+00:00|long,NQ	reddit_orb_retest	reddit_orb_retest|ny|range=15|entry=150|rr=2|sl_atr=1|tp_atr=1.5|threshold=2|adx_max=none|adx_min=none|rsi2=none|trend=all|max_bars=24
futures,NQ,ict_sweep_fvg,long,48334,48339,48339,2025-12-31 13:15:00+00:00,2025-12-31 14:30:00+00:00,2025-12-31 14:30:00+00:00,25642.25,25628.25,-56.0,-59.0,-1.0,56.0,56.0,3.0,sl,0,NQ:ict_sweep_fvg,15.0,0.5,-442.5,442.5,420.0,2025-12-31,precision_sprint,ict_sweep_fvg,precision_sprint,NQ|ict_sweep_fvg|2025-12-31 14:30:00+00:00|long,
futures,CL,momentum,long,367391,367392,367578,2025-12-31 15:30:00+00:00,2025-12-31 15:45:00+00:00,2026-01-05 16:15:00+00:00,58.03,58.37,33.99999999999963,30.99999999999963,0.061630218687872,500.0,500.0,3.0,signal,186,CL:momentum,2.0,1.0,61.99999999999926,1006.0,1000.0,2025-12-31,precision_sprint,momentum,precision_sprint,CL|momentum|2025-12-31 15:45:00+00:00|long,
futures,GC,ict_sweep_fvg,long,48426,48440,48440,2025-12-31 13:15:00+00:00,2025-12-31 16:45:00+00:00,2025-12-31 16:45:00+00:00,4331.3,4338.5,71.99999999999818,68.99999999999818,0.919999999999998,71.99999999999818,71.99999999999818,3.0,tp,0,GC:ict_sweep_fvg,15.0,1.0,1034.9999999999727,1124.9999999999727,1079.9999999999727,2025-12-31,precision_sprint,ict_sweep_fvg,precision_sprint,GC|ict_sweep_fvg|2025-12-31 16:45:00+00:00|long,
futures,YM,ict_sweep_fvg,short,48439,48441,48441,2026-01-02 16:30:00+00:00,2026-01-02 17:00:00+00:00,2026-01-02 17:00:00+00:00,48430.0,48378.0,52.0,49.0,1.0,52.0,52.0,3.0,tp,0,YM:ict_sweep_fvg,35.0,0.5,857.5,962.5,910.0,2026-01-02,precision_sprint,ict_sweep_fvg,precision_sprint,YM|ict_sweep_fvg|2026-01-02 17:00:00+00:00|short,
futures,YM,ict_sweep_fvg,short,48444,48446,48446,2026-01-02 17:45:00+00:00,2026-01-02 18:15:00+00:00,2026-01-02 18:15:00+00:00,48423.0,48388.0,35.0,32.0,1.0,35.0,35.0,3.0,tp,0,YM:ict_sweep_fvg,35.0,0.5,560.0,665.0,612.5,2026-01-02,precision_sprint,ict_sweep_fvg,precision_sprint,YM|ict_sweep_fvg|2026-01-02 18:15:00+00:00|short,
futures,CL,ict_sweep_fvg,short,48768,48771,48771,2026-01-06 14:45:00+00:00,2026-01-06 15:30:00+00:00,2026-01-06 15:30:00+00:00,58.41,58.11,30.000000000000423,27.000000000000423,1.0000000000000264,30.000000000000423,29.99999999999972,3.0,tp,0,CL:ict_sweep_fvg,35.0,1.0,945.0000000000148,1154.99999999999,1050.0000000000148,2026-01-06,precision_sprint,ict_sweep_fvg,precision_sprint,CL|ict_sweep_fvg|2026-01-06 15:30:00+00:00|short,
futures,NQ,ict_sweep_fvg,short,48620,48622,48622,2026-01-06 15:45:00+00:00,2026-01-06 16:15:00+00:00,2026-01-06 16:15:00+00:00,25706.25,25678.0,113.0,110.0,1.0,113.0,113.0,3.0,tp,0,NQ:ict_sweep_fvg,15.0,0.5,825.0,870.0,847.5,2026-01-06,precision_sprint,ict_sweep_fvg,precision_sprint,NQ|ict_sweep_fvg|2026-01-06 16:15:00+00:00|short,
futures,YM,ict_sweep_fvg,short,48675,48685,48685,2026-01-07 06:30:00+00:00,2026-01-07 09:00:00+00:00,2026-01-07 09:00:00+00:00,49774.0,49786.0,-12.0,-15.0,-1.6666666666666667,12.0,12.0,3.0,sl,0,YM:ict_sweep_fvg,35.0,0.5,-262.5,262.5,210.0,2026-01-07,precision_sprint,ict_sweep_fvg,precision_sprint,YM|ict_sweep_fvg|2026-01-07 09:00:00+00:00|short,
futures,RTY,ict_sweep_fvg,short,48703,48714,48718,2026-01-07 14:00:00+00:00,2026-01-07 16:45:00+00:00,2026-01-07 17:45:00+00:00,2595.2000000000003,2590.9,43.00000000000182,40.00000000000182,1.0000000000001137,43.00000000000182,42.99999999999727,3.0,tp,4,RTY:ict_sweep_fvg,40.0,0.5,800.0000000000364,919.9999999999454,860.0000000000364,2026-01-07,precision_sprint,ict_sweep_fvg,precision_sprint,RTY|ict_sweep_fvg|2026-01-07 16:45:00+00:00|short,
futures,YM,ict_sweep_fvg,short,48889,48891,48891,2026-01-09 14:00:00+00:00,2026-01-09 14:30:00+00:00,2026-01-09 14:30:00+00:00,49594.0,49646.0,-52.0,-55.0,-1.1224489795918366,52.0,52.0,3.0,sl,0,YM:ict_sweep_fvg,35.0,0.5,-962.5,962.5,910.0,2026-01-09,precision_sprint,ict_sweep_fvg,precision_sprint,YM|ict_sweep_fvg|2026-01-09 14:30:00+00:00|short,
futures,NQ,momentum,long,365323,365324,365353,2026-01-12 00:45:00+00:00,2026-01-12 01:00:00+00:00,2026-01-12 08:15:00+00:00,25789.75,25664.75,-500.0,-503.0,-1.0,150.0,500.0,3.0,sl,29,NQ:momentum,4.0,0.5,-1006.0,1006.0,300.0,2026-01-12,precision_sprint,momentum,precision_sprint,NQ|momentum|2026-01-12 01:00:00+00:00|long,
futures,NQ,momentum,long,365473,365474,365474,2026-01-13 15:15:00+00:00,2026-01-13 15:30:00+00:00,2026-01-13 15:30:00+00:00,25841.75,25879.25,150.0,147.0,0.2922465208747515,150.0,500.0,3.0,tp,1,NQ:momentum,4.0,0.5,294.0,1006.0,300.0,2026-01-13,precision_sprint,momentum,precision_sprint,NQ|momentum|2026-01-13 15:30:00+00:00|long,
futures,RTY,ict_sweep_fvg,short,49074,49077,49077,2026-01-13 14:45:00+00:00,2026-01-13 15:30:00+00:00,2026-01-13 15:30:00+00:00,2651.7000000000003,2647.1000000000004,45.99999999999909,42.99999999999909,1.0,45.99999999999909,45.99999999999909,3.0,tp,0,RTY:ict_sweep_fvg,40.0,0.5,859.9999999999818,979.9999999999818,919.9999999999818,2026-01-13,precision_sprint,ict_sweep_fvg,precision_sprint,RTY|ict_sweep_fvg|2026-01-13 15:30:00+00:00|short,
futures,RTY,ict_sweep_fvg,short,49079,49081,49081,2026-01-13 16:00:00+00:00,2026-01-13 16:30:00+00:00,2026-01-13 16:30:00+00:00,2648.2000000000003,2643.9,43.00000000000182,40.00000000000182,1.0000000000001137,43.00000000000182,42.99999999999727,3.0,tp,0,RTY:ict_sweep_fvg,40.0,0.5,800.0000000000364,919.9999999999454,860.0000000000364,2026-01-13,precision_sprint,ict_sweep_fvg,precision_sprint,RTY|ict_sweep_fvg|2026-01-13 16:30:00+00:00|short,
futures,RTY,ict_sweep_fvg,long,49162,49165,49165,2026-01-14 13:45:00+00:00,2026-01-14 14:30:00+00:00,2026-01-14 14:30:00+00:00,2639.0,2641.5,25.0,22.0,0.7857142857142857,25.0,25.0,3.0,tp,0,RTY:ict_sweep_fvg,40.0,0.5,440.0,560.0,500.0,2026-01-14,precision_sprint,ict_sweep_fvg,precision_sprint,RTY|ict_sweep_fvg|2026-01-14 14:30:00+00:00|long,
futures,NQ,momentum,short,365622,365623,365625,2026-01-15 06:30:00+00:00,2026-01-15 06:45:00+00:00,2026-01-15 07:15:00+00:00,25721.5,25684.0,150.0,147.0,0.2922465208747515,150.0,500.0,3.0,tp,2,NQ:momentum,4.0,0.5,294.0,1006.0,300.0,2026-01-15,precision_sprint,momentum,precision_sprint,NQ|momentum|2026-01-15 06:45:00+00:00|short,
futures,CL,ict_sweep_fvg,long,49394,49405,49409,2026-01-15 10:15:00+00:00,2026-01-15 13:00:00+00:00,2026-01-15 14:00:00+00:00,59.3,59.48,17.99999999999997,14.999999999999972,0.7142857142857139,17.99999999999997,17.99999999999997,3.0,tp,4,CL:ict_sweep_fvg,35.0,1.0,524.999999999999,734.999999999999,629.999999999999,2026-01-15,precision_sprint,ict_sweep_fvg,precision_sprint,CL|ict_sweep_fvg|2026-01-15 13:00:00+00:00|long,
futures,YM,ict_sweep_fvg,short,49252,49258,49258,2026-01-15 12:45:00+00:00,2026-01-15 14:15:00+00:00,2026-01-15 14:15:00+00:00,49404.0,49363.0,41.0,38.0,1.0,41.0,41.0,3.0,tp,0,YM:ict_sweep_fvg,35.0,0.5,665.0,770.0,717.5,2026-01-15,precision_sprint,ict_sweep_fvg,precision_sprint,YM|ict_sweep_fvg|2026-01-15 14:15:00+00:00|short,
futures,CL,ict_sweep_fvg,long,49412,49418,49418,2026-01-15 14:45:00+00:00,2026-01-15 16:15:00+00:00,2026-01-15 16:15:00+00:00,59.13,59.09,-3.9999999999999134,-6.999999999999915,-1.0,3.9999999999999134,3.9999999999999134,3.0,sl,0,CL:ict_sweep_fvg,35.0,1.0,-244.99999999999704,244.99999999999704,139.999999999997,2026-01-15,precision_sprint,ict_sweep_fvg,precision_sprint,CL|ict_sweep_fvg|2026-01-15 16:15:00+00:00|long,
futures,NQ,momentum,long,365675,365676,365698,2026-01-15 19:45:00+00:00,2026-01-15 20:00:00+00:00,2026-01-16 02:30:00+00:00,25756.0,25793.5,150.0,147.0,0.2922465208747515,150.0,500.0,3.0,tp,22,NQ:momentum,4.0,0.5,294.0,1006.0,300.0,2026-01-15,precision_sprint,momentum,precision_sprint,NQ|momentum|2026-01-15 20:00:00+00:00|long,
futures,CL,momentum,short,368378,368379,368420,2026-01-16 09:15:00+00:00,2026-01-16 09:30:00+00:00,2026-01-16 19:45:00+00:00,59.73,59.28,44.99999999999957,41.99999999999957,0.0834990059642138,500.0,500.0,3.0,signal,41,CL:momentum,2.0,1.0,83.99999999999913,1006.0,1000.0,2026-01-16,precision_sprint,momentum,precision_sprint,CL|momentum|2026-01-16 09:30:00+00:00|short,
futures,RTY,ict_sweep_fvg,long,49414,49420,49420,2026-01-19 07:45:00+00:00,2026-01-19 09:15:00+00:00,2026-01-19 09:15:00+00:00,2663.0,2660.0,-30.0,-33.0,-1.0,30.0,30.0,3.0,sl,0,RTY:ict_sweep_fvg,40.0,0.5,-660.0,660.0,600.0,2026-01-19,precision_sprint,ict_sweep_fvg,precision_sprint,RTY|ict_sweep_fvg|2026-01-19 09:15:00+00:00|long,
futures,RTY,ict_sweep_fvg,long,49452,49459,49459,2026-01-19 17:15:00+00:00,2026-01-20 00:00:00+00:00,2026-01-20 00:00:00+00:00,2661.2000000000003,2659.7000000000003,-15.0,-18.0,-1.0,15.0,15.0,3.0,sl,0,RTY:ict_sweep_fvg,40.0,0.5,-360.0,360.0,300.0,2026-01-20,precision_sprint,ict_sweep_fvg,precision_sprint,RTY|ict_sweep_fvg|2026-01-20 00:00:00+00:00|long,
futures,CL,ict_sweep_fvg,short,49647,49656,49656,2026-01-20 07:00:00+00:00,2026-01-20 09:15:00+00:00,2026-01-20 09:15:00+00:00,59.42,59.24,17.99999999999997,14.999999999999972,1.0,17.99999999999997,17.99999999999997,3.0,tp,0,CL:ict_sweep_fvg,35.0,1.0,524.999999999999,734.999999999999,629.999999999999,2026-01-20,precision_sprint,ict_sweep_fvg,precision_sprint,CL|ict_sweep_fvg|2026-01-20 09:15:00+00:00|short,
futures,RTY,ict_sweep_fvg,short,49529,49531,49531,2026-01-20 17:30:00+00:00,2026-01-20 18:00:00+00:00,2026-01-20 18:00:00+00:00,2674.5,2671.4,30.99999999999909,27.99999999999909,0.9999999999998376,30.99999999999909,31.00000000000364,3.0,tp,0,RTY:ict_sweep_fvg,40.0,0.5,559.9999999999818,680.0000000000728,619.9999999999818,2026-01-20,precision_sprint,ict_sweep_fvg,precision_sprint,RTY|ict_sweep_fvg|2026-01-20 18:00:00+00:00|short,
futures,RTY,ict_sweep_fvg,short,49617,49628,49628,2026-01-21 16:30:00+00:00,2026-01-21 19:15:00+00:00,2026-01-21 19:15:00+00:00,2687.4,2693.3,-59.00000000000091,-62.00000000000091,-1.1071428571428554,59.00000000000091,59.00000000000091,3.0,sl,0,RTY:ict_sweep_fvg,40.0,0.5,-1240.0000000000182,1240.0000000000182,1180.0000000000182,2026-01-21,precision_sprint,ict_sweep_fvg,precision_sprint,RTY|ict_sweep_fvg|2026-01-21 19:15:00+00:00|short,
futures,YM,ict_sweep_fvg,short,49617,49630,49630,2026-01-21 16:00:00+00:00,2026-01-21 19:15:00+00:00,2026-01-21 19:15:00+00:00,49093.0,49157.0,-64.0,-67.0,-1.098360655737705,64.0,64.0,3.0,sl,0,YM:ict_sweep_fvg,35.0,0.5,-1172.5,1172.5,1120.0,2026-01-21,precision_sprint,ict_sweep_fvg,precision_sprint,YM|ict_sweep_fvg|2026-01-21 19:15:00+00:00|short,
futures,CL,momentum,long,368738,368739,368847,2026-01-22 09:45:00+00:00,2026-01-22 10:00:00+00:00,2026-01-23 14:00:00+00:00,60.06,61.01,94.99999999999956,91.99999999999956,0.1829025844930409,500.0,500.0,3.0,signal,108,CL:momentum,2.0,1.0,183.99999999999912,1006.0,1000.0,2026-01-22,precision_sprint,momentum,precision_sprint,CL|momentum|2026-01-22 10:00:00+00:00|long,
futures,NQ,ict_sweep_fvg,short,49729,49739,49742,2026-01-22 21:00:00+00:00,2026-01-23 00:30:00+00:00,2026-01-23 01:15:00+00:00,25646.75,25676.75,-120.0,-123.0,-1.051282051282051,120.0,120.0,3.0,sl,3,NQ:ict_sweep_fvg,15.0,0.5,-922.5,922.5,900.0,2026-01-23,precision_sprint,ict_sweep_fvg,precision_sprint,NQ|ict_sweep_fvg|2026-01-23 00:30:00+00:00|short,
futures,NQ,ict_sweep_fvg,short,49807,49813,49813,2026-01-23 17:30:00+00:00,2026-01-23 19:00:00+00:00,2026-01-23 19:00:00+00:00,25765.75,25731.0,139.0,136.0,1.0,139.0,139.0,3.0,tp,0,NQ:ict_sweep_fvg,15.0,0.5,1020.0,1065.0,1042.5,2026-01-23,precision_sprint,ict_sweep_fvg,precision_sprint,NQ|ict_sweep_fvg|2026-01-23 19:00:00+00:00|short,
futures,NQ,momentum,long,366262,366263,366265,2026-01-26 09:30:00+00:00,2026-01-26 09:45:00+00:00,2026-01-26 10:15:00+00:00,25616.5,25654.0,150.0,147.0,0.2922465208747515,150.0,500.0,3.0,tp,2,NQ:momentum,4.0,0.5,294.0,1006.0,300.0,2026-01-26,precision_sprint,momentum,precision_sprint,NQ|momentum|2026-01-26 09:45:00+00:00|long,
futures,CL,ict_sweep_fvg,long,50101,50109,50109,2026-01-27 05:30:00+00:00,2026-01-27 07:30:00+00:00,2026-01-27 07:30:00+00:00,60.33,60.39,6.000000000000227,3.000000000000228,0.3333333333333765,6.000000000000227,5.999999999999517,3.0,tp,0,CL:ict_sweep_fvg,35.0,1.0,105.00000000000796,314.99999999998306,210.000000000008,2026-01-27,precision_sprint,ict_sweep_fvg,precision_sprint,CL|ict_sweep_fvg|2026-01-27 07:30:00+00:00|long,
futures,YM,ict_sweep_fvg,long,49981,49990,49990,2026-01-27 15:00:00+00:00,2026-01-27 17:15:00+00:00,2026-01-27 17:15:00+00:00,49088.0,49070.0,-18.0,-21.0,-1.0,18.0,18.0,3.0,sl,0,YM:ict_sweep_fvg,35.0,0.5,-367.5,367.5,315.0,2026-01-27,precision_sprint,ict_sweep_fvg,precision_sprint,YM|ict_sweep_fvg|2026-01-27 17:15:00+00:00|long,
futures,CL,ict_sweep_fvg,short,50207,50218,50218,2026-01-28 09:00:00+00:00,2026-01-28 11:45:00+00:00,2026-01-28 11:45:00+00:00,62.58,62.43,14.999999999999858,11.999999999999858,0.9999999999999408,14.999999999999858,15.000000000000568,3.0,tp,0,CL:ict_sweep_fvg,35.0,1.0,419.999999999995,630.0000000000199,524.999999999995,2026-01-28,precision_sprint,ict_sweep_fvg,precision_sprint,CL|ict_sweep_fvg|2026-01-28 11:45:00+00:00|short,
futures,RTY,ict_sweep_fvg,long,50185,50191,50191,2026-01-29 20:30:00+00:00,2026-01-29 23:00:00+00:00,2026-01-29 23:00:00+00:00,2655.4,2651.3,-40.99999999999909,-43.99999999999909,-1.0,40.99999999999909,40.99999999999909,3.0,sl,0,RTY:ict_sweep_fvg,40.0,0.5,-879.9999999999818,879.9999999999818,819.9999999999818,2026-01-30,precision_sprint,ict_sweep_fvg,precision_sprint,RTY|ict_sweep_fvg|2026-01-29 23:00:00+00:00|long,
futures,CL,momentum,long,369320,369321,369329,2026-01-30 17:15:00+00:00,2026-01-30 17:30:00+00:00,2026-01-30 19:30:00+00:00,64.63,65.19,56.00000000000023,53.00000000000023,0.1053677932405571,500.0,500.0,3.0,signal,8,CL:momentum,2.0,1.0,106.00000000000044,1006.0,1000.0,2026-01-30,precision_sprint,momentum,precision_sprint,CL|momentum|2026-01-30 17:30:00+00:00|long,
futures,CL,momentum,long,369669,369670,369862,2026-02-05 12:30:00+00:00,2026-02-05 12:45:00+00:00,2026-02-09 14:45:00+00:00,63.62,64.1,47.99999999999969,44.99999999999969,0.0894632206759437,500.0,500.0,3.0,signal,192,CL:momentum,2.0,1.0,89.99999999999937,1006.0,1000.0,2026-02-05,precision_sprint,momentum,precision_sprint,CL|momentum|2026-02-05 12:45:00+00:00|long,
futures,CL,ict_sweep_fvg,long,50788,50801,50801,2026-02-05 16:15:00+00:00,2026-02-05 19:30:00+00:00,2026-02-05 19:30:00+00:00,63.05,63.28,22.999999999999687,19.999999999999687,0.7692307692307454,22.999999999999687,23.0000000000004,3.0,tp,0,CL:ict_sweep_fvg,35.0,1.0,699.9999999999891,910.000000000014,804.9999999999891,2026-02-05,precision_sprint,ict_sweep_fvg,precision_sprint,CL|ict_sweep_fvg|2026-02-05 19:30:00+00:00|long,
futures,NQ,ict_sweep_fvg,long,50780,50783,50783,2026-02-09 07:45:00+00:00,2026-02-09 08:30:00+00:00,2026-02-09 08:30:00+00:00,25166.0,25187.0,84.0,81.0,0.9310344827586208,84.0,84.0,3.0,tp,0,NQ:ict_sweep_fvg,15.0,0.5,607.5,652.5,630.0,2026-02-09,precision_sprint,ict_sweep_fvg,precision_sprint,NQ|ict_sweep_fvg|2026-02-09 08:30:00+00:00|long,
futures,NQ,momentum,long,367186,367187,367187,2026-02-09 10:30:00+00:00,2026-02-09 10:45:00+00:00,2026-02-09 10:45:00+00:00,24984.25,25021.75,150.0,147.0,0.2922465208747515,150.0,500.0,3.0,tp,1,NQ:momentum,4.0,0.5,294.0,1006.0,300.0,2026-02-09,precision_sprint,momentum,precision_sprint,NQ|momentum|2026-02-09 10:45:00+00:00|long,
futures,RTY,ict_sweep_fvg,short,50876,50888,50889,2026-02-10 09:15:00+00:00,2026-02-10 12:15:00+00:00,2026-02-10 12:30:00+00:00,2702.7000000000003,2700.9,18.00000000000182,15.00000000000182,1.000000000000303,18.00000000000182,17.99999999999727,3.0,tp,1,RTY:ict_sweep_fvg,40.0,0.5,300.00000000003644,419.99999999994543,360.0000000000364,2026-02-10,precision_sprint,ict_sweep_fvg,precision_sprint,RTY|ict_sweep_fvg|2026-02-10 12:15:00+00:00|short,
futures,RTY,ict_sweep_fvg,short,50889,50897,50897,2026-02-10 12:30:00+00:00,2026-02-10 14:30:00+00:00,2026-02-10 14:30:00+00:00,2701.6000000000004,2704.4,-27.99999999999727,-30.99999999999727,-1.2400000000000262,28.00000000000182,27.99999999999727,3.0,sl,0,RTY:ict_sweep_fvg,40.0,0.5,-619.9999999999454,619.9999999999454,560.0000000000364,2026-02-10,precision_sprint,ict_sweep_fvg,precision_sprint,RTY|ict_sweep_fvg|2026-02-10 14:30:00+00:00|short,
futures,6B,mean_reversion,short,369011,369012,369040,2026-02-10 15:30:00+00:00,2026-02-10 15:45:00+00:00,2026-02-10 23:45:00+00:00,1.3662,1.3632,30.000000000001137,27.000000000001137,0.13300492610838,500.0,200.0,3.0,signal,28,6B:mean_reversion,9.0,0.625,151.8750000000064,1141.875,2812.5,2026-02-10,precision_sprint,mean_reversion,precision_sprint,6B|mean_reversion|2026-02-10 15:45:00+00:00|short,
futures,CL,momentum,long,369959,369960,370035,2026-02-10 16:00:00+00:00,2026-02-10 16:15:00+00:00,2026-02-11 12:00:00+00:00,63.98,65.39,141.00000000000037,138.00000000000037,0.2743538767395633,500.0,500.0,3.0,signal,75,CL:momentum,2.0,1.0,276.00000000000074,1006.0,1000.0,2026-02-10,precision_sprint,momentum,precision_sprint,CL|momentum|2026-02-10 16:15:00+00:00|long,
futures,NQ,ict_sweep_fvg,long,50976,50993,50993,2026-02-11 10:45:00+00:00,2026-02-11 15:00:00+00:00,2026-02-11 15:00:00+00:00,25190.75,25166.5,-97.0,-100.0,-1.0,97.0,97.0,3.0,sl,0,NQ:ict_sweep_fvg,15.0,0.5,-750.0,750.0,727.5,2026-02-11,precision_sprint,ict_sweep_fvg,precision_sprint,NQ|ict_sweep_fvg|2026-02-11 15:00:00+00:00|long,
futures,RTY,ict_sweep_fvg,long,51141,51148,51148,2026-02-13 06:30:00+00:00,2026-02-13 08:15:00+00:00,2026-02-13 08:15:00+00:00,2610.3,2613.4,30.99999999999909,27.99999999999909,0.8235294117647012,30.99999999999909,30.99999999999909,3.0,tp,0,RTY:ict_sweep_fvg,40.0,0.5,559.9999999999818,679.9999999999818,619.9999999999818,2026-02-13,precision_sprint,ict_sweep_fvg,precision_sprint,RTY|ict_sweep_fvg|2026-02-13 08:15:00+00:00|long,
futures,NQ,ict_sweep_fvg,long,51150,51161,51161,2026-02-13 08:15:00+00:00,2026-02-13 11:00:00+00:00,2026-02-13 11:00:00+00:00,24707.5,24674.75,-131.0,-134.0,-1.0,131.0,131.0,3.0,sl,0,NQ:ict_sweep_fvg,15.0,0.5,-1005.0,1005.0,982.5,2026-02-13,precision_sprint,ict_sweep_fvg,precision_sprint,NQ|ict_sweep_fvg|2026-02-13 11:00:00+00:00|long,
futures,CL,ict_sweep_fvg,long,51325,51333,51333,2026-02-13 12:30:00+00:00,2026-02-13 14:30:00+00:00,2026-02-13 14:30:00+00:00,62.5,62.690000000000005,19.000000000000483,16.000000000000483,0.7272727272727567,19.000000000000483,18.999999999999773,3.0,tp,0,CL:ict_sweep_fvg,35.0,1.0,560.0000000000169,769.999999999992,665.0000000000169,2026-02-13,precision_sprint,ict_sweep_fvg,precision_sprint,CL|ict_sweep_fvg|2026-02-13 14:30:00+00:00|long,
futures,RTY,ict_sweep_fvg,long,51320,51325,51325,2026-02-17 09:15:00+00:00,2026-02-17 10:30:00+00:00,2026-02-17 10:30:00+00:00,2642.5,2645.2000000000003,27.00000000000273,24.00000000000273,0.8000000000001395,27.00000000000273,26.99999999999818,3.0,tp,0,RTY:ict_sweep_fvg,40.0,0.5,480.00000000005457,599.9999999999636,540.0000000000546,2026-02-17,precision_sprint,ict_sweep_fvg,precision_sprint,RTY|ict_sweep_fvg|2026-02-17 10:30:00+00:00|long,
futures,RTY,ict_sweep_fvg,long,51327,51335,51335,2026-02-17 11:00:00+00:00,2026-02-17 13:00:00+00:00,2026-02-17 13:00:00+00:00,2642.7000000000003,2640.5,-22.00000000000273,-25.00000000000273,-1.0,21.99999999999818,22.00000000000273,3.0,sl,0,RTY:ict_sweep_fvg,40.0,0.5,-500.00000000005457,500.00000000005457,439.9999999999636,2026-02-17,precision_sprint,ict_sweep_fvg,precision_sprint,RTY|ict_sweep_fvg|2026-02-17 13:00:00+00:00|long,
futures,NQ,momentum,short,367744,367745,367745,2026-02-17 16:00:00+00:00,2026-02-17 16:15:00+00:00,2026-02-17 16:15:00+00:00,24773.25,24735.75,150.0,147.0,0.2922465208747515,150.0,500.0,3.0,tp,1,NQ:momentum,4.0,0.5,294.0,1006.0,300.0,2026-02-17,precision_sprint,momentum,precision_sprint,NQ|momentum|2026-02-17 16:15:00+00:00|short,
futures,YM,ict_sweep_fvg,short,51423,51431,51431,2026-02-18 11:30:00+00:00,2026-02-18 13:30:00+00:00,2026-02-18 13:30:00+00:00,49768.0,49712.0,56.0,53.0,1.0,56.0,56.0,3.0,tp,0,YM:ict_sweep_fvg,35.0,0.5,927.5,1032.5,980.0,2026-02-18,precision_sprint,ict_sweep_fvg,precision_sprint,YM|ict_sweep_fvg|2026-02-18 13:30:00+00:00|short,
futures,NQ,ict_sweep_fvg,short,51428,51436,51436,2026-02-18 12:45:00+00:00,2026-02-18 14:45:00+00:00,2026-02-18 14:45:00+00:00,24891.0,24897.0,-24.0,-27.0,-1.2857142857142858,24.0,24.0,3.0,sl,0,NQ:ict_sweep_fvg,15.0,0.5,-202.5,202.5,180.0,2026-02-18,precision_sprint,ict_sweep_fvg,precision_sprint,NQ|ict_sweep_fvg|2026-02-18 14:45:00+00:00|short,
futures,GC,ict_sweep_fvg,short,51551,51554,51554,2026-02-18 18:15:00+00:00,2026-02-18 19:00:00+00:00,2026-02-18 19:00:00+00:00,5014.900000000001,5009.0,59.00000000000546,56.00000000000546,1.0000000000001623,59.00000000000546,58.99999999999636,3.0,tp,0,GC:ict_sweep_fvg,15.0,1.0,840.0000000000819,929.9999999999454,885.0000000000819,2026-02-18,precision_sprint,ict_sweep_fvg,precision_sprint,GC|ict_sweep_fvg|2026-02-18 19:00:00+00:00|short,
futures,RTY,ict_sweep_fvg,short,51452,51458,51458,2026-02-18 19:15:00+00:00,2026-02-18 20:45:00+00:00,2026-02-18 20:45:00+00:00,2666.0,2662.5,35.0,32.0,1.0,35.0,35.0,3.0,tp,0,RTY:ict_sweep_fvg,40.0,0.5,640.0,760.0,700.0,2026-02-18,precision_sprint,ict_sweep_fvg,precision_sprint,RTY|ict_sweep_fvg|2026-02-18 20:45:00+00:00|short,
futures,NQ,momentum,long,367902,367903,367922,2026-02-19 09:30:00+00:00,2026-02-19 09:45:00+00:00,2026-02-19 14:30:00+00:00,24899.25,24774.25,-500.0,-503.0,-1.0,150.0,500.0,3.0,sl,19,NQ:momentum,4.0,0.5,-1006.0,1006.0,300.0,2026-02-19,precision_sprint,momentum,precision_sprint,NQ|momentum|2026-02-19 09:45:00+00:00|long,
futures,GC,ict_sweep_fvg,short,51634,51636,51636,2026-02-19 16:00:00+00:00,2026-02-19 16:30:00+00:00,2026-02-19 16:30:00+00:00,5027.5,5020.700000000001,67.99999999999272,64.99999999999272,0.99999999999986,67.99999999999272,68.00000000000182,3.0,tp,0,GC:ict_sweep_fvg,15.0,1.0,974.9999999998907,1065.0000000000273,1019.9999999998907,2026-02-19,precision_sprint,ict_sweep_fvg,precision_sprint,GC|ict_sweep_fvg|2026-02-19 16:30:00+00:00|short,
futures,NQ,momentum,short,368015,368016,368016,2026-02-20 14:45:00+00:00,2026-02-20 15:00:00+00:00,2026-02-20 15:00:00+00:00,24900.5,25025.5,-500.0,-503.0,-1.0,150.0,500.0,3.0,same_bar_sl,1,NQ:momentum,4.0,0.5,-1006.0,1006.0,300.0,2026-02-20,precision_sprint,momentum,precision_sprint,NQ|momentum|2026-02-20 15:00:00+00:00|short,
futures,NQ,momentum,long,368025,368026,368026,2026-02-20 17:15:00+00:00,2026-02-20 17:30:00+00:00,2026-02-20 17:30:00+00:00,24926.75,24964.25,150.0,147.0,0.2922465208747515,150.0,500.0,3.0,tp,1,NQ:momentum,4.0,0.5,294.0,1006.0,300.0,2026-02-20,precision_sprint,momentum,precision_sprint,NQ|momentum|2026-02-20 17:30:00+00:00|long,
futures,NQ,ict_sweep_fvg,short,51626,51635,51635,2026-02-20 16:15:00+00:00,2026-02-20 18:30:00+00:00,2026-02-20 18:30:00+00:00,25056.5,25027.0,118.0,115.0,1.0,118.0,118.0,3.0,tp,0,NQ:ict_sweep_fvg,15.0,0.5,862.5,907.5,885.0,2026-02-20,precision_sprint,ict_sweep_fvg,precision_sprint,NQ|ict_sweep_fvg|2026-02-20 18:30:00+00:00|short,
futures,CL,momentum,long,370838,370839,370858,2026-02-24 08:15:00+00:00,2026-02-24 08:30:00+00:00,2026-02-24 13:15:00+00:00,66.34,66.86,51.9999999999996,48.9999999999996,0.0974155069582497,500.0,500.0,3.0,signal,19,CL:momentum,2.0,1.0,97.9999999999992,1006.0,1000.0,2026-02-24,precision_sprint,momentum,precision_sprint,CL|momentum|2026-02-24 08:30:00+00:00|long,
futures,CL,momentum,short,370886,370887,370937,2026-02-24 20:15:00+00:00,2026-02-24 20:30:00+00:00,2026-02-25 10:00:00+00:00,66.33,65.63,70.00000000000028,67.00000000000028,0.1332007952286288,500.0,500.0,3.0,signal,50,CL:momentum,2.0,1.0,134.00000000000057,1006.0,1000.0,2026-02-24,precision_sprint,momentum,precision_sprint,CL|momentum|2026-02-24 20:30:00+00:00|short,
futures,NQ,ict_sweep_fvg,short,51850,51852,51867,2026-02-25 03:15:00+00:00,2026-02-25 03:45:00+00:00,2026-02-25 07:30:00+00:00,25056.5,25030.25,105.0,102.0,1.0,105.0,105.0,3.0,tp,15,NQ:ict_sweep_fvg,15.0,0.5,765.0,810.0,787.5,2026-02-25,precision_sprint,ict_sweep_fvg,precision_sprint,NQ|ict_sweep_fvg|2026-02-25 03:45:00+00:00|short,
futures,CL,ict_sweep_fvg,long,52079,52083,52084,2026-02-25 19:30:00+00:00,2026-02-25 20:30:00+00:00,2026-02-25 20:45:00+00:00,65.54,65.44,-10.000000000000853,-13.000000000000853,-1.0,9.999999999999432,10.000000000000853,3.0,sl,1,CL:ict_sweep_fvg,35.0,1.0,-455.0000000000298,455.0000000000298,349.9999999999801,2026-02-25,precision_sprint,ict_sweep_fvg,precision_sprint,CL|ict_sweep_fvg|2026-02-25 20:30:00+00:00|long,
futures,CL,ict_sweep_fvg,long,52153,52167,52167,2026-02-26 15:00:00+00:00,2026-02-26 18:30:00+00:00,2026-02-26 18:30:00+00:00,64.99,65.29,30.000000000001137,27.000000000001137,0.8181818181818596,30.000000000001137,29.99999999999972,3.0,tp,0,CL:ict_sweep_fvg,35.0,1.0,945.0000000000398,1154.99999999999,1050.0000000000398,2026-02-26,precision_sprint,ict_sweep_fvg,precision_sprint,CL|ict_sweep_fvg|2026-02-26 18:30:00+00:00|long,
futures,6B,mean_reversion,long,370306,370307,370507,2026-03-02 17:15:00+00:00,2026-03-02 17:30:00+00:00,2026-03-04 21:30:00+00:00,1.3408,1.3376,-32.00000000000092,-35.00000000000092,-0.1724137931034527,500.0,200.0,3.0,signal,200,6B:mean_reversion,9.0,0.625,-196.87500000000517,1141.875,2812.5,2026-03-02,precision_sprint,mean_reversion,precision_sprint,6B|mean_reversion|2026-03-02 17:30:00+00:00|long,
futures,YM,ict_sweep_fvg,long,52253,52259,52259,2026-03-03 12:00:00+00:00,2026-03-03 13:30:00+00:00,2026-03-03 13:30:00+00:00,48154.0,48096.0,-58.0,-61.0,-1.0,58.0,58.0,3.0,sl,0,YM:ict_sweep_fvg,35.0,0.5,-1067.5,1067.5,1015.0,2026-03-03,precision_sprint,ict_sweep_fvg,precision_sprint,YM|ict_sweep_fvg|2026-03-03 13:30:00+00:00|long,
futures,NQ,momentum,long,368848,368849,368850,2026-03-05 16:00:00+00:00,2026-03-05 16:15:00+00:00,2026-03-05 16:30:00+00:00,24985.75,25023.25,150.0,147.0,0.2922465208747515,150.0,500.0,3.0,tp,1,NQ:momentum,4.0,0.5,294.0,1006.0,300.0,2026-03-05,precision_sprint,momentum,precision_sprint,NQ|momentum|2026-03-05 16:15:00+00:00|long,
futures,6B,mean_reversion,long,370658,370659,370672,2026-03-06 13:15:00+00:00,2026-03-06 13:30:00+00:00,2026-03-06 16:45:00+00:00,1.3355,1.3402,47.000000000001485,44.000000000001485,0.2167487684729137,500.0,200.0,3.0,signal,13,6B:mean_reversion,9.0,0.625,247.5000000000084,1141.875,2812.5,2026-03-06,precision_sprint,mean_reversion,precision_sprint,6B|mean_reversion|2026-03-06 13:30:00+00:00|long,
futures,CL,momentum,short,371743,371744,371760,2026-03-10 03:30:00+00:00,2026-03-10 03:45:00+00:00,2026-03-10 07:45:00+00:00,91.09,86.09,500.0,497.0,0.9880715705765408,500.0,500.0,3.0,tp,16,CL:momentum,2.0,1.0,994.0,1006.0,1000.0,2026-03-10,precision_sprint,momentum,precision_sprint,CL|momentum|2026-03-10 03:45:00+00:00|short,
futures,NQ,momentum,long,369217,369218,369222,2026-03-11 15:15:00+00:00,2026-03-11 15:30:00+00:00,2026-03-11 16:30:00+00:00,24934.5,24972.0,150.0,147.0,0.2922465208747515,150.0,500.0,3.0,tp,4,NQ:momentum,4.0,0.5,294.0,1006.0,300.0,2026-03-11,precision_sprint,momentum,precision_sprint,NQ|momentum|2026-03-11 15:30:00+00:00|long,
futures,RTY,ict_sweep_fvg,long,52823,52829,52829,2026-03-11 16:00:00+00:00,2026-03-11 17:30:00+00:00,2026-03-11 17:30:00+00:00,2528.5,2533.7000000000003,52.00000000000273,49.00000000000273,0.89090909090917,52.00000000000273,51.99999999999818,3.0,tp,0,RTY:ict_sweep_fvg,40.0,0.5,980.0000000000546,1099.9999999999636,1040.0000000000546,2026-03-11,precision_sprint,ict_sweep_fvg,precision_sprint,RTY|ict_sweep_fvg|2026-03-11 17:30:00+00:00|long,
futures,CL,momentum,long,372353,372354,372359,2026-03-18 18:00:00+00:00,2026-03-18 18:15:00+00:00,2026-03-18 19:30:00+00:00,95.83,97.87,204.00000000000065,201.00000000000065,0.3996023856858859,500.0,500.0,3.0,signal,5,CL:momentum,2.0,1.0,402.0000000000013,1006.0,1000.0,2026-03-18,precision_sprint,momentum,precision_sprint,CL|momentum|2026-03-18 18:15:00+00:00|long,
futures,CL,momentum,long,372385,372386,372411,2026-03-19 03:00:00+00:00,2026-03-19 03:15:00+00:00,2026-03-19 09:30:00+00:00,96.06,98.28,221.9999999999999,218.9999999999999,0.4353876739562622,500.0,500.0,3.0,signal,25,CL:momentum,2.0,1.0,437.9999999999998,1006.0,1000.0,2026-03-19,precision_sprint,momentum,precision_sprint,CL|momentum|2026-03-19 03:15:00+00:00|long,
futures,CL,momentum,long,372415,372416,372420,2026-03-19 10:30:00+00:00,2026-03-19 10:45:00+00:00,2026-03-19 11:45:00+00:00,95.96,97.54,158.00000000000125,155.00000000000125,0.3081510934393663,500.0,500.0,3.0,signal,4,CL:momentum,2.0,1.0,310.0000000000025,1006.0,1000.0,2026-03-19,precision_sprint,momentum,precision_sprint,CL|momentum|2026-03-19 10:45:00+00:00|long,
futures,NQ,momentum,short,369784,369785,369785,2026-03-19 19:00:00+00:00,2026-03-19 19:15:00+00:00,2026-03-19 19:15:00+00:00,24658.5,24621.0,150.0,147.0,0.2922465208747515,150.0,500.0,3.0,tp,1,NQ:momentum,4.0,0.5,294.0,1006.0,300.0,2026-03-19,precision_sprint,momentum,precision_sprint,NQ|momentum|2026-03-19 19:15:00+00:00|short,
futures,CL,momentum,short,372501,372502,372549,2026-03-20 09:00:00+00:00,2026-03-20 09:15:00+00:00,2026-03-22 22:00:00+00:00,95.72,100.72,-500.0,-503.0,-1.0,500.0,500.0,3.0,sl,47,CL:momentum,2.0,1.0,-1006.0,1006.0,1000.0,2026-03-20,precision_sprint,momentum,precision_sprint,CL|momentum|2026-03-20 09:15:00+00:00|short,
futures,YM,ict_sweep_fvg,long,53527,53535,53535,2026-03-23 07:30:00+00:00,2026-03-23 09:30:00+00:00,2026-03-23 09:30:00+00:00,45524.0,45578.0,54.0,51.0,0.8947368421052632,54.0,54.0,3.0,tp,0,YM:ict_sweep_fvg,35.0,0.5,892.5,997.5,945.0,2026-03-23,precision_sprint,ict_sweep_fvg,precision_sprint,YM|ict_sweep_fvg|2026-03-23 09:30:00+00:00|long,
futures,NQ,ict_sweep_fvg,long,53784,53793,53793,2026-03-26 02:45:00+00:00,2026-03-26 05:00:00+00:00,2026-03-26 05:00:00+00:00,24297.0,24318.0,84.0,81.0,0.9310344827586208,84.0,84.0,3.0,tp,0,NQ:ict_sweep_fvg,15.0,0.5,607.5,652.5,630.0,2026-03-26,precision_sprint,ict_sweep_fvg,precision_sprint,NQ|ict_sweep_fvg|2026-03-26 05:00:00+00:00|long,
futures,6B,mean_reversion,long,371945,371946,372270,2026-03-26 13:45:00+00:00,2026-03-26 14:00:00+00:00,2026-04-01 03:00:00+00:00,1.3352,1.3237,-114.99999999999844,-117.99999999999844,-0.5812807881773322,500.0,200.0,3.0,signal,324,6B:mean_reversion,9.0,0.625,-663.7499999999911,1141.875,2812.5,2026-03-26,precision_sprint,mean_reversion,precision_sprint,6B|mean_reversion|2026-03-26 14:00:00+00:00|long,
futures,NQ,momentum,short,370683,370684,370684,2026-04-02 13:45:00+00:00,2026-04-02 14:00:00+00:00,2026-04-02 14:00:00+00:00,23897.75,23860.25,150.0,147.0,0.2922465208747515,150.0,500.0,3.0,tp,1,NQ:momentum,4.0,0.5,294.0,1006.0,300.0,2026-04-02,precision_sprint,momentum,precision_sprint,NQ|momentum|2026-04-02 14:00:00+00:00|short,
futures,NQ,momentum,long,370773,370774,370774,2026-04-05 22:00:00+00:00,2026-04-05 22:15:00+00:00,2026-04-05 22:15:00+00:00,24025.0,24062.5,150.0,147.0,0.2922465208747515,150.0,500.0,3.0,tp,1,NQ:momentum,4.0,0.5,294.0,1006.0,300.0,2026-04-06,precision_sprint,momentum,precision_sprint,NQ|momentum|2026-04-05 22:15:00+00:00|long,
futures,NQ,momentum,long,370881,370882,370884,2026-04-07 02:00:00+00:00,2026-04-07 02:15:00+00:00,2026-04-07 02:45:00+00:00,24174.25,24211.75,150.0,147.0,0.2922465208747515,150.0,500.0,3.0,tp,2,NQ:momentum,4.0,0.5,294.0,1006.0,300.0,2026-04-07,precision_sprint,momentum,precision_sprint,NQ|momentum|2026-04-07 02:15:00+00:00|long,
futures,NQ,momentum,long,370916,370917,370918,2026-04-07 10:45:00+00:00,2026-04-07 11:00:00+00:00,2026-04-07 11:15:00+00:00,24205.5,24243.0,150.0,147.0,0.2922465208747515,150.0,500.0,3.0,tp,1,NQ:momentum,4.0,0.5,294.0,1006.0,300.0,2026-04-07,precision_sprint,momentum,precision_sprint,NQ|momentum|2026-04-07 11:00:00+00:00|long,
futures,NQ,momentum,short,370938,370939,370948,2026-04-07 16:15:00+00:00,2026-04-07 16:30:00+00:00,2026-04-07 18:45:00+00:00,24189.5,24152.0,150.0,147.0,0.2922465208747515,150.0,500.0,3.0,tp,9,NQ:momentum,4.0,0.5,294.0,1006.0,300.0,2026-04-07,precision_sprint,momentum,precision_sprint,NQ|momentum|2026-04-07 16:30:00+00:00|short,
futures,RTY,ict_sweep_fvg,short,54546,54555,54555,2026-04-07 17:30:00+00:00,2026-04-07 19:45:00+00:00,2026-04-07 19:45:00+00:00,2560.1000000000004,2554.6000000000004,55.0,52.0,1.0,55.0,55.0,3.0,tp,0,RTY:ict_sweep_fvg,40.0,0.5,1040.0,1160.0,1100.0,2026-04-07,precision_sprint,ict_sweep_fvg,precision_sprint,RTY|ict_sweep_fvg|2026-04-07 19:45:00+00:00|short,
futures,NQ,ict_sweep_fvg,short,54643,54649,54649,2026-04-08 18:15:00+00:00,2026-04-08 19:45:00+00:00,2026-04-08 19:45:00+00:00,25097.0,25062.0,140.0,137.0,1.0,140.0,140.0,3.0,tp,0,NQ:ict_sweep_fvg,15.0,0.5,1027.5,1072.5,1050.0,2026-04-08,precision_sprint,ict_sweep_fvg,precision_sprint,NQ|ict_sweep_fvg|2026-04-08 19:45:00+00:00|short,
futures,CL,momentum,short,373704,373705,373725,2026-04-09 10:45:00+00:00,2026-04-09 11:00:00+00:00,2026-04-09 16:00:00+00:00,99.62,99.13,49.00000000000091,46.00000000000091,0.0914512922465226,500.0,500.0,3.0,signal,20,CL:momentum,2.0,1.0,92.00000000000182,1006.0,1000.0,2026-04-09,precision_sprint,momentum,precision_sprint,CL|momentum|2026-04-09 11:00:00+00:00|short,
futures,NQ,ict_sweep_fvg,short,54775,54791,54791,2026-04-10 05:15:00+00:00,2026-04-10 09:15:00+00:00,2026-04-10 09:15:00+00:00,25268.5,25254.5,56.0,53.0,1.0,56.0,56.0,3.0,tp,0,NQ:ict_sweep_fvg,15.0,0.5,397.5,442.5,420.0,2026-04-10,precision_sprint,ict_sweep_fvg,precision_sprint,NQ|ict_sweep_fvg|2026-04-10 09:15:00+00:00|short,
futures,YM,ict_sweep_fvg,short,54892,54899,54900,2026-04-13 11:30:00+00:00,2026-04-13 13:15:00+00:00,2026-04-13 13:30:00+00:00,47769.0,47835.0,-66.0,-69.0,-1.0952380952380951,66.0,66.0,3.0,sl,1,YM:ict_sweep_fvg,35.0,0.5,-1207.5,1207.5,1155.0,2026-04-13,precision_sprint,ict_sweep_fvg,precision_sprint,YM|ict_sweep_fvg|2026-04-13 13:15:00+00:00|short,
futures,CL,momentum,long,373900,373901,373933,2026-04-13 13:45:00+00:00,2026-04-13 14:00:00+00:00,2026-04-13 23:00:00+00:00,101.73,96.73,-500.0,-503.0,-1.0,500.0,500.0,3.0,sl,32,CL:momentum,2.0,1.0,-1006.0,1006.0,1000.0,2026-04-13,precision_sprint,momentum,precision_sprint,CL|momentum|2026-04-13 14:00:00+00:00|long,
futures,NQ,ict_sweep_fvg,short,55036,55050,55050,2026-04-15 01:30:00+00:00,2026-04-15 05:00:00+00:00,2026-04-15 05:00:00+00:00,26033.5,26039.25,-23.0,-26.0,-1.3,23.0,23.0,3.0,sl,0,NQ:ict_sweep_fvg,15.0,0.5,-195.0,195.0,172.5,2026-04-15,precision_sprint,ict_sweep_fvg,precision_sprint,NQ|ict_sweep_fvg|2026-04-15 05:00:00+00:00|short,
futures,CL,momentum,short,374179,374180,374252,2026-04-16 14:30:00+00:00,2026-04-16 14:45:00+00:00,2026-04-17 09:45:00+00:00,93.34,90.85,249.0000000000009,246.0000000000009,0.4890656063618308,500.0,500.0,3.0,signal,72,CL:momentum,2.0,1.0,492.0000000000018,1006.0,1000.0,2026-04-16,precision_sprint,momentum,precision_sprint,CL|momentum|2026-04-16 14:45:00+00:00|short,
futures,NQ,ict_sweep_fvg,short,55194,55197,55201,2026-04-16 18:00:00+00:00,2026-04-16 18:45:00+00:00,2026-04-16 19:45:00+00:00,26446.0,26484.5,-154.0,-157.0,-1.0397350993377483,154.0,154.0,3.0,sl,4,NQ:ict_sweep_fvg,15.0,0.5,-1177.5,1177.5,1155.0,2026-04-16,precision_sprint,ict_sweep_fvg,precision_sprint,NQ|ict_sweep_fvg|2026-04-16 18:45:00+00:00|short,
futures,GC,ict_sweep_fvg,long,55238,55248,55248,2026-04-16 20:30:00+00:00,2026-04-17 00:00:00+00:00,2026-04-17 00:00:00+00:00,4809.8,4807.2,-26.00000000000364,-29.00000000000364,-1.0,26.00000000000364,26.00000000000364,3.0,sl,0,GC:ict_sweep_fvg,15.0,1.0,-435.0000000000546,435.0000000000546,390.0000000000546,2026-04-17,precision_sprint,ict_sweep_fvg,precision_sprint,GC|ict_sweep_fvg|2026-04-17 00:00:00+00:00|long,
futures,6B,mean_reversion,short,373401,373402,373422,2026-04-17 15:30:00+00:00,2026-04-17 15:45:00+00:00,2026-04-17 20:45:00+00:00,1.3553,1.3518,35.00000000000058,32.00000000000058,0.1576354679802984,500.0,200.0,3.0,signal,20,6B:mean_reversion,9.0,0.625,180.00000000000327,1141.875,2812.5,2026-04-17,precision_sprint,mean_reversion,precision_sprint,6B|mean_reversion|2026-04-17 15:45:00+00:00|short,
futures,YM,ict_sweep_fvg,short,55409,55416,55418,2026-04-21 02:45:00+00:00,2026-04-21 04:30:00+00:00,2026-04-21 05:00:00+00:00,49727.0,49750.0,-23.0,-26.0,-1.3,23.0,23.0,3.0,sl,2,YM:ict_sweep_fvg,35.0,0.5,-455.0,455.0,402.5,2026-04-21,precision_sprint,ict_sweep_fvg,precision_sprint,YM|ict_sweep_fvg|2026-04-21 04:30:00+00:00|short,
