market,symbol,strategy,variant_id,side,signal_index,entry_index,exit_index,signal_time,entry_time,exit_time,entry_price,exit_price,gross_units,net_units,r_multiple,tp_units,sl_units,cost_units,exit_reason,bars_held,size_multiplier,dollars_per_unit,pnl_dollars,risk_dollars,target_dollars,session_key,selection_key
futures,6A,reddit_orb_breakout,reddit_orb_breakout|ny|range=15|entry=150|rr=1.5|sl_atr=1|tp_atr=1.5|threshold=2|adx_max=none|adx_min=none|rsi2=none|trend=ema|max_bars=24,short,27557,27558,27579,2024-01-02 15:30:00+00:00,2024-01-02 15:45:00+00:00,2024-01-02 21:00:00+00:00,0.678,0.67745,11.000000000001009,8.000000000001009,0.16000000000002254,70.49999999999778,46.99999999999926,3.0,session_close,21,1,0.5,4.0000000000005045,24.99999999999963,35.24999999999889,2024-01-02,6A	reddit_orb_breakout	reddit_orb_breakout|ny|range=15|entry=150|rr=1.5|sl_atr=1|tp_atr=1.5|threshold=2|adx_max=none|adx_min=none|rsi2=none|trend=ema|max_bars=24
futures,6A,reddit_orb_breakout,reddit_orb_breakout|ny|range=15|entry=150|rr=1.5|sl_atr=1|tp_atr=1.5|threshold=2|adx_max=none|adx_min=none|rsi2=none|trend=ema|max_bars=24,short,28015,28016,28039,2024-01-09 15:00:00+00:00,2024-01-09 15:15:00+00:00,2024-01-09 21:00:00+00:00,0.67025,0.6699,6.999999999999229,3.999999999999229,0.21052631578942804,24.000000000001798,16.00000000000046,3.0,session_close,23,1,0.5,1.9999999999996145,9.50000000000023,12.000000000000899,2024-01-09,6A	reddit_orb_breakout	reddit_orb_breakout|ny|range=15|entry=150|rr=1.5|sl_atr=1|tp_atr=1.5|threshold=2|adx_max=none|adx_min=none|rsi2=none|trend=ema|max_bars=24
futures,6A,reddit_orb_breakout,reddit_orb_breakout|ny|range=15|entry=150|rr=1.5|sl_atr=1|tp_atr=1.5|threshold=2|adx_max=none|adx_min=none|rsi2=none|trend=ema|max_bars=24,short,28198,28199,28223,2024-01-11 14:45:00+00:00,2024-01-11 15:00:00+00:00,2024-01-11 21:00:00+00:00,0.6685,0.6702,-34.000000000000696,-37.000000000000696,-0.8222222222222411,62.99999999999972,41.999999999999815,3.0,session_close,24,1,0.5,-18.500000000000348,22.499999999999908,31.49999999999986,2024-01-11,6A	reddit_orb_breakout	reddit_orb_breakout|ny|range=15|entry=150|rr=1.5|sl_atr=1|tp_atr=1.5|threshold=2|adx_max=none|adx_min=none|rsi2=none|trend=ema|max_bars=24
futures,6A,reddit_orb_breakout,reddit_orb_breakout|ny|range=15|entry=150|rr=1.5|sl_atr=1|tp_atr=1.5|threshold=2|adx_max=none|adx_min=none|rsi2=none|trend=ema|max_bars=24,short,28483,28484,28499,2024-01-16 17:00:00+00:00,2024-01-16 17:15:00+00:00,2024-01-16 21:00:00+00:00,0.6597,0.6597,-0.0,-3.0,-0.05769230769230629,73.50000000000189,49.000000000001265,3.0,session_close,15,1,0.5,-1.5,26.000000000000632,36.750000000000945,2024-01-16,6A	reddit_orb_breakout	reddit_orb_breakout|ny|range=15|entry=150|rr=1.5|sl_atr=1|tp_atr=1.5|threshold=2|adx_max=none|adx_min=none|rsi2=none|trend=ema|max_bars=24
futures,6A,reddit_orb_breakout,reddit_orb_breakout|ny|range=15|entry=150|rr=1.5|sl_atr=1|tp_atr=1.5|threshold=2|adx_max=none|adx_min=none|rsi2=none|trend=ema|max_bars=24,short,28566,28567,28567,2024-01-17 14:45:00+00:00,2024-01-17 15:00:00+00:00,2024-01-17 15:00:00+00:00,0.65405,0.65535,-25.999999999999357,-28.999999999999357,-1.0,38.999999999997925,25.999999999999357,3.0,sl,1,1,0.5,-14.499999999999678,14.499999999999678,19.499999999998963,2024-01-17,6A	reddit_orb_breakout	reddit_orb_breakout|ny|range=15|entry=150|rr=1.5|sl_atr=1|tp_atr=1.5|threshold=2|adx_max=none|adx_min=none|rsi2=none|trend=ema|max_bars=24
futures,6A,reddit_orb_breakout,reddit_orb_breakout|ny|range=15|entry=150|rr=1.5|sl_atr=1|tp_atr=1.5|threshold=2|adx_max=none|adx_min=none|rsi2=none|trend=ema|max_bars=24,long,28760,28761,28775,2024-01-19 17:15:00+00:00,2024-01-19 17:30:00+00:00,2024-01-19 21:00:00+00:00,0.6601,0.66105,19.000000000000128,16.000000000000128,0.47058823529410726,46.500000000000426,31.000000000001027,3.0,session_close,14,1,0.5,8.000000000000064,17.00000000000051,23.250000000000213,2024-01-19,6A	reddit_orb_breakout	reddit_orb_breakout|ny|range=15|entry=150|rr=1.5|sl_atr=1|tp_atr=1.5|threshold=2|adx_max=none|adx_min=none|rsi2=none|trend=ema|max_bars=24
futures,6A,reddit_orb_breakout,reddit_orb_breakout|ny|range=15|entry=150|rr=1.5|sl_atr=1|tp_atr=1.5|threshold=2|adx_max=none|adx_min=none|rsi2=none|trend=ema|max_bars=24,long,28842,28843,28850,2024-01-22 14:45:00+00:00,2024-01-22 15:00:00+00:00,2024-01-22 16:45:00+00:00,0.6604,0.6593,-21.999999999999797,-24.999999999999797,-1.0,33.0000000000008,21.999999999999797,3.0,sl,7,1,0.5,-12.499999999999899,12.499999999999899,16.5000000000004,2024-01-22,6A	reddit_orb_breakout	reddit_orb_breakout|ny|range=15|entry=150|rr=1.5|sl_atr=1|tp_atr=1.5|threshold=2|adx_max=none|adx_min=none|rsi2=none|trend=ema|max_bars=24
futures,6A,reddit_orb_breakout,reddit_orb_breakout|ny|range=15|entry=150|rr=1.5|sl_atr=1|tp_atr=1.5|threshold=2|adx_max=none|adx_min=none|rsi2=none|trend=ema|max_bars=24,short,28938,28939,28959,2024-01-23 15:45:00+00:00,2024-01-23 16:00:00+00:00,2024-01-23 21:00:00+00:00,0.65755,0.65885,-26.000000000001577,-29.000000000001577,-0.630434782608734,64.49999999999845,42.9999999999997,3.0,session_close,20,1,0.5,-14.500000000000789,22.99999999999985,32.249999999999226,2024-01-23,6A	reddit_orb_breakout	reddit_orb_breakout|ny|range=15|entry=150|rr=1.5|sl_atr=1|tp_atr=1.5|threshold=2|adx_max=none|adx_min=none|rsi2=none|trend=ema|max_bars=24
futures,6A,reddit_capitulation_reversion,reddit_capitulation_reversion|ny|range=15|entry=150|rr=2.5|sl_atr=1|tp_atr=1.5|threshold=1.75|adx_max=none|adx_min=none|rsi2=10.0|trend=long_only|max_bars=24,long,29041,29042,29051,2024-01-24 18:30:00+00:00,2024-01-24 18:45:00+00:00,2024-01-24 21:00:00+00:00,0.6599,0.65865,-25.000000000001688,-28.000000000001688,-0.657369582570346,98.98500000000031,39.59400000000057,3.0,session_close,9,50,0.5,-700.0000000000422,1064.8500000000142,2474.6250000000077,2024-01-24,6A	reddit_capitulation_reversion	reddit_capitulation_reversion|ny|range=15|entry=150|rr=2.5|sl_atr=1|tp_atr=1.5|threshold=1.75|adx_max=none|adx_min=none|rsi2=10.0|trend=long_only|max_bars=24
futures,6A,reddit_orb_breakout,reddit_orb_breakout|ny|range=15|entry=150|rr=1.5|sl_atr=1|tp_atr=1.5|threshold=2|adx_max=none|adx_min=none|rsi2=none|trend=ema|max_bars=24,long,29308,29309,29323,2024-01-29 16:15:00+00:00,2024-01-29 16:30:00+00:00,2024-01-29 20:00:00+00:00,0.6603,0.6615,23.999999999999577,20.999999999999577,1.1052631578946879,23.999999999999577,16.00000000000046,3.0,tp,14,1,0.5,10.499999999999789,9.50000000000023,11.999999999999789,2024-01-29,6A	reddit_orb_breakout	reddit_orb_breakout|ny|range=15|entry=150|rr=1.5|sl_atr=1|tp_atr=1.5|threshold=2|adx_max=none|adx_min=none|rsi2=none|trend=ema|max_bars=24
futures,6A,reddit_orb_breakout,reddit_orb_breakout|ny|range=15|entry=150|rr=1.5|sl_atr=1|tp_atr=1.5|threshold=2|adx_max=none|adx_min=none|rsi2=none|trend=ema|max_bars=24,short,29399,29400,29413,2024-01-30 16:00:00+00:00,2024-01-30 16:15:00+00:00,2024-01-30 19:30:00+00:00,0.6593,0.6612,-38.000000000000256,-41.000000000000256,-1.0,57.000000000000384,38.000000000000256,3.0,sl,13,1,0.5,-20.500000000000128,20.500000000000128,28.500000000000192,2024-01-30,6A	reddit_orb_breakout	reddit_orb_breakout|ny|range=15|entry=150|rr=1.5|sl_atr=1|tp_atr=1.5|threshold=2|adx_max=none|adx_min=none|rsi2=none|trend=ema|max_bars=24
futures,6A,reddit_orb_breakout,reddit_orb_breakout|ny|range=15|entry=150|rr=1.5|sl_atr=1|tp_atr=1.5|threshold=2|adx_max=none|adx_min=none|rsi2=none|trend=ema|max_bars=24,short,29491,29492,29503,2024-01-31 16:00:00+00:00,2024-01-31 16:15:00+00:00,2024-01-31 19:00:00+00:00,0.6615,0.659925,31.49999999999986,28.49999999999986,1.187499999999999,31.49999999999986,20.999999999999908,3.0,tp,11,1,0.5,14.24999999999993,11.999999999999954,15.74999999999993,2024-01-31,6A	reddit_orb_breakout	reddit_orb_breakout|ny|range=15|entry=150|rr=1.5|sl_atr=1|tp_atr=1.5|threshold=2|adx_max=none|adx_min=none|rsi2=none|trend=ema|max_bars=24
futures,6A,reddit_orb_breakout,reddit_orb_breakout|ny|range=15|entry=150|rr=1.5|sl_atr=1|tp_atr=1.5|threshold=2|adx_max=none|adx_min=none|rsi2=none|trend=ema|max_bars=24,short,29674,29675,29695,2024-02-02 15:45:00+00:00,2024-02-02 16:00:00+00:00,2024-02-02 21:00:00+00:00,0.65285,0.6524,9.00000000000123,6.000000000001229,0.21428571428576226,37.4999999999992,24.999999999999467,3.0,session_close,20,1,0.5,3.0000000000006146,13.999999999999734,18.7499999999996,2024-02-02,6A	reddit_orb_breakout	reddit_orb_breakout|ny|range=15|entry=150|rr=1.5|sl_atr=1|tp_atr=1.5|threshold=2|adx_max=none|adx_min=none|rsi2=none|trend=ema|max_bars=24
futures,6A,reddit_orb_breakout,reddit_orb_breakout|ny|range=15|entry=150|rr=1.5|sl_atr=1|tp_atr=1.5|threshold=2|adx_max=none|adx_min=none|rsi2=none|trend=ema|max_bars=24,short,29763,29764,29787,2024-02-05 15:00:00+00:00,2024-02-05 15:15:00+00:00,2024-02-05 21:00:00+00:00,0.64875,0.64905,-5.999999999999339,-8.99999999999934,-0.33333333333331405,35.99999999999825,23.999999999999577,3.0,session_close,23,1,0.5,-4.49999999999967,13.499999999999789,17.999999999999126,2024-02-05,6A	reddit_orb_breakout	reddit_orb_breakout|ny|range=15|entry=150|rr=1.5|sl_atr=1|tp_atr=1.5|threshold=2|adx_max=none|adx_min=none|rsi2=none|trend=ema|max_bars=24
futures,6A,reddit_orb_breakout,reddit_orb_breakout|ny|range=15|entry=150|rr=1.5|sl_atr=1|tp_atr=1.5|threshold=2|adx_max=none|adx_min=none|rsi2=none|trend=ema|max_bars=24,long,30222,30223,30234,2024-02-12 14:45:00+00:00,2024-02-12 15:00:00+00:00,2024-02-12 17:45:00+00:00,0.65355,0.6549,27.000000000001467,24.000000000001467,1.1428571428571999,27.000000000001467,18.000000000000238,3.0,tp,11,1,0.5,12.000000000000734,10.500000000000119,13.500000000000734,2024-02-12,6A	reddit_orb_breakout	reddit_orb_breakout|ny|range=15|entry=150|rr=1.5|sl_atr=1|tp_atr=1.5|threshold=2|adx_max=none|adx_min=none|rsi2=none|trend=ema|max_bars=24
futures,6A,reddit_orb_breakout,reddit_orb_breakout|ny|range=15|entry=150|rr=1.5|sl_atr=1|tp_atr=1.5|threshold=2|adx_max=none|adx_min=none|rsi2=none|trend=ema|max_bars=24,short,30314,30315,30339,2024-02-13 14:45:00+00:00,2024-02-13 15:00:00+00:00,2024-02-13 21:00:00+00:00,0.64645,0.64585,11.999999999998678,8.999999999998678,0.26470588235289433,46.50000000000265,31.000000000001027,3.0,session_close,24,1,0.5,4.499999999999339,17.00000000000051,23.250000000001325,2024-02-13,6A	reddit_orb_breakout	reddit_orb_breakout|ny|range=15|entry=150|rr=1.5|sl_atr=1|tp_atr=1.5|threshold=2|adx_max=none|adx_min=none|rsi2=none|trend=ema|max_bars=24
futures,6A,reddit_orb_breakout,reddit_orb_breakout|ny|range=15|entry=150|rr=1.5|sl_atr=1|tp_atr=1.5|threshold=2|adx_max=none|adx_min=none|rsi2=none|trend=ema|max_bars=24,short,30407,30408,30410,2024-02-14 15:00:00+00:00,2024-02-14 15:15:00+00:00,2024-02-14 15:45:00+00:00,0.6482,0.6492,-20.000000000000018,-23.000000000000018,-1.0,29.999999999998916,20.000000000000018,3.0,sl,2,1,0.5,-11.500000000000009,11.500000000000009,14.999999999999458,2024-02-14,6A	reddit_orb_breakout	reddit_orb_breakout|ny|range=15|entry=150|rr=1.5|sl_atr=1|tp_atr=1.5|threshold=2|adx_max=none|adx_min=none|rsi2=none|trend=ema|max_bars=24
futures,6A,reddit_orb_breakout,reddit_orb_breakout|ny|range=15|entry=150|rr=1.5|sl_atr=1|tp_atr=1.5|threshold=2|adx_max=none|adx_min=none|rsi2=none|trend=ema|max_bars=24,long,30499,30500,30501,2024-02-15 15:00:00+00:00,2024-02-15 15:15:00+00:00,2024-02-15 15:30:00+00:00,0.65305,0.65205,-20.000000000000018,-23.000000000000018,-1.0,29.999999999998916,20.000000000000018,3.0,sl,1,1,0.5,-11.500000000000009,11.500000000000009,14.999999999999458,2024-02-15,6A	reddit_orb_breakout	reddit_orb_breakout|ny|range=15|entry=150|rr=1.5|sl_atr=1|tp_atr=1.5|threshold=2|adx_max=none|adx_min=none|rsi2=none|trend=ema|max_bars=24
futures,6A,reddit_orb_breakout,reddit_orb_breakout|ny|range=15|entry=150|rr=1.5|sl_atr=1|tp_atr=1.5|threshold=2|adx_max=none|adx_min=none|rsi2=none|trend=ema|max_bars=24,long,30591,30592,30615,2024-02-16 15:00:00+00:00,2024-02-16 15:15:00+00:00,2024-02-16 21:00:00+00:00,0.65275,0.65395,23.999999999999577,20.999999999999577,0.5249999999999847,55.500000000001656,37.00000000000036,3.0,session_close,23,1,0.5,10.499999999999789,20.00000000000018,27.750000000000828,2024-02-16,6A	reddit_orb_breakout	reddit_orb_breakout|ny|range=15|entry=150|rr=1.5|sl_atr=1|tp_atr=1.5|threshold=2|adx_max=none|adx_min=none|rsi2=none|trend=ema|max_bars=24
futures,6A,reddit_orb_breakout,reddit_orb_breakout|ny|range=15|entry=150|rr=1.5|sl_atr=1|tp_atr=1.5|threshold=2|adx_max=none|adx_min=none|rsi2=none|trend=ema|max_bars=24,long,30958,30959,30959,2024-02-22 14:45:00+00:00,2024-02-22 15:00:00+00:00,2024-02-22 15:00:00+00:00,0.6563,0.6553,-20.000000000000018,-23.000000000000018,-1.0,29.999999999998916,20.000000000000018,3.0,sl,1,1,0.5,-11.500000000000009,11.500000000000009,14.999999999999458,2024-02-22,6A	reddit_orb_breakout	reddit_orb_breakout|ny|range=15|entry=150|rr=1.5|sl_atr=1|tp_atr=1.5|threshold=2|adx_max=none|adx_min=none|rsi2=none|trend=ema|max_bars=24
futures,6A,reddit_orb_breakout,reddit_orb_breakout|ny|range=15|entry=150|rr=1.5|sl_atr=1|tp_atr=1.5|threshold=2|adx_max=none|adx_min=none|rsi2=none|trend=ema|max_bars=24,short,31142,31143,31167,2024-02-26 14:45:00+00:00,2024-02-26 15:00:00+00:00,2024-02-26 21:00:00+00:00,0.6543,0.6543,-0.0,-3.0,-0.1666666666666614,22.500000000000853,15.000000000000568,3.0,session_close,24,1,0.5,-1.5,9.000000000000284,11.250000000000426,2024-02-26,6A	reddit_orb_breakout	reddit_orb_breakout|ny|range=15|entry=150|rr=1.5|sl_atr=1|tp_atr=1.5|threshold=2|adx_max=none|adx_min=none|rsi2=none|trend=ema|max_bars=24
futures,6A,reddit_orb_breakout,reddit_orb_breakout|ny|range=15|entry=150|rr=1.5|sl_atr=1|tp_atr=1.5|threshold=2|adx_max=none|adx_min=none|rsi2=none|trend=ema|max_bars=24,short,31235,31236,31239,2024-02-27 15:00:00+00:00,2024-02-27 15:15:00+00:00,2024-02-27 16:00:00+00:00,0.6544,0.6552,-16.00000000000046,-19.00000000000046,-1.0,23.999999999999577,16.00000000000046,3.0,sl,3,1,0.5,-9.50000000000023,9.50000000000023,11.999999999999789,2024-02-27,6A	reddit_orb_breakout	reddit_orb_breakout|ny|range=15|entry=150|rr=1.5|sl_atr=1|tp_atr=1.5|threshold=2|adx_max=none|adx_min=none|rsi2=none|trend=ema|max_bars=24
futures,6A,reddit_orb_breakout,reddit_orb_breakout|ny|range=15|entry=150|rr=1.5|sl_atr=1|tp_atr=1.5|threshold=2|adx_max=none|adx_min=none|rsi2=none|trend=ema|max_bars=24,short,31326,31327,31335,2024-02-28 14:45:00+00:00,2024-02-28 15:00:00+00:00,2024-02-28 17:00:00+00:00,0.64965,0.6502,-11.000000000001009,-14.000000000001009,-1.0,16.500000000001513,11.000000000001009,3.0,sl,8,1,0.5,-7.0000000000005045,7.0000000000005045,8.250000000000757,2024-02-28,6A	reddit_orb_breakout	reddit_orb_breakout|ny|range=15|entry=150|rr=1.5|sl_atr=1|tp_atr=1.5|threshold=2|adx_max=none|adx_min=none|rsi2=none|trend=ema|max_bars=24
futures,6A,reddit_orb_breakout,reddit_orb_breakout|ny|range=15|entry=150|rr=1.5|sl_atr=1|tp_atr=1.5|threshold=2|adx_max=none|adx_min=none|rsi2=none|trend=ema|max_bars=24,short,31423,31424,31429,2024-02-29 16:00:00+00:00,2024-02-29 16:15:00+00:00,2024-02-29 17:30:00+00:00,0.65105,0.6496999999999999,27.000000000001467,24.000000000001467,1.1428571428571999,27.000000000001467,18.000000000000238,3.0,tp,5,1,0.5,12.000000000000734,10.500000000000119,13.500000000000734,2024-02-29,6A	reddit_orb_breakout	reddit_orb_breakout|ny|range=15|entry=150|rr=1.5|sl_atr=1|tp_atr=1.5|threshold=2|adx_max=none|adx_min=none|rsi2=none|trend=ema|max_bars=24
futures,6A,reddit_orb_breakout,reddit_orb_breakout|ny|range=15|entry=150|rr=1.5|sl_atr=1|tp_atr=1.5|threshold=2|adx_max=none|adx_min=none|rsi2=none|trend=ema|max_bars=24,short,31510,31511,31511,2024-03-01 14:45:00+00:00,2024-03-01 15:00:00+00:00,2024-03-01 15:00:00+00:00,0.64955,0.6505,-19.000000000000128,-22.000000000000128,-1.0,28.500000000000192,19.000000000000128,3.0,sl,1,1,0.5,-11.000000000000064,11.000000000000064,14.250000000000096,2024-03-01,6A	reddit_orb_breakout	reddit_orb_breakout|ny|range=15|entry=150|rr=1.5|sl_atr=1|tp_atr=1.5|threshold=2|adx_max=none|adx_min=none|rsi2=none|trend=ema|max_bars=24
futures,6A,reddit_orb_breakout,reddit_orb_breakout|ny|range=15|entry=150|rr=1.5|sl_atr=1|tp_atr=1.5|threshold=2|adx_max=none|adx_min=none|rsi2=none|trend=ema|max_bars=24,long,31602,31603,31603,2024-03-04 14:45:00+00:00,2024-03-04 15:00:00+00:00,2024-03-04 15:00:00+00:00,0.65235,0.65175,-11.999999999998678,-14.999999999998678,-1.0,17.999999999998018,11.999999999998678,3.0,sl,1,1,0.5,-7.499999999999339,7.499999999999339,8.999999999999009,2024-03-04,6A	reddit_orb_breakout	reddit_orb_breakout|ny|range=15|entry=150|rr=1.5|sl_atr=1|tp_atr=1.5|threshold=2|adx_max=none|adx_min=none|rsi2=none|trend=ema|max_bars=24
futures,6A,reddit_orb_breakout,reddit_orb_breakout|ny|range=15|entry=150|rr=1.5|sl_atr=1|tp_atr=1.5|threshold=2|adx_max=none|adx_min=none|rsi2=none|trend=ema|max_bars=24,short,31694,31695,31695,2024-03-05 14:45:00+00:00,2024-03-05 15:00:00+00:00,2024-03-05 15:00:00+00:00,0.64975,0.65045,-13.999999999998458,-16.999999999998458,-1.0,20.999999999997687,13.999999999998458,3.0,sl,1,1,0.5,-8.499999999999229,8.499999999999229,10.499999999998844,2024-03-05,6A	reddit_orb_breakout	reddit_orb_breakout|ny|range=15|entry=150|rr=1.5|sl_atr=1|tp_atr=1.5|threshold=2|adx_max=none|adx_min=none|rsi2=none|trend=ema|max_bars=24
futures,6A,reddit_orb_breakout,reddit_orb_breakout|ny|range=15|entry=150|rr=1.5|sl_atr=1|tp_atr=1.5|threshold=2|adx_max=none|adx_min=none|rsi2=none|trend=ema|max_bars=24,long,31786,31787,31790,2024-03-06 14:45:00+00:00,2024-03-06 15:00:00+00:00,2024-03-06 15:45:00+00:00,0.65535,0.656475,22.500000000000853,19.500000000000853,1.0833333333333466,22.500000000000853,15.000000000000568,3.0,tp,3,1,0.5,9.750000000000426,9.000000000000284,11.250000000000426,2024-03-06,6A	reddit_orb_breakout	reddit_orb_breakout|ny|range=15|entry=150|rr=1.5|sl_atr=1|tp_atr=1.5|threshold=2|adx_max=none|adx_min=none|rsi2=none|trend=ema|max_bars=24
futures,6A,reddit_orb_breakout,reddit_orb_breakout|ny|range=15|entry=150|rr=1.5|sl_atr=1|tp_atr=1.5|threshold=2|adx_max=none|adx_min=none|rsi2=none|trend=ema|max_bars=24,long,31881,31882,31903,2024-03-07 15:30:00+00:00,2024-03-07 15:45:00+00:00,2024-03-07 21:00:00+00:00,0.6618,0.662,3.9999999999995595,0.9999999999995595,0.03571428571426783,37.50000000000364,25.000000000001688,3.0,session_close,21,1,0.5,0.49999999999977973,14.000000000000844,18.75000000000182,2024-03-07,6A	reddit_orb_breakout	reddit_orb_breakout|ny|range=15|entry=150|rr=1.5|sl_atr=1|tp_atr=1.5|threshold=2|adx_max=none|adx_min=none|rsi2=none|trend=ema|max_bars=24
futures,6A,reddit_orb_breakout,reddit_orb_breakout|ny|range=15|entry=150|rr=1.5|sl_atr=1|tp_atr=1.5|threshold=2|adx_max=none|adx_min=none|rsi2=none|trend=ema|max_bars=24,long,32249,32250,32271,2024-03-13 14:30:00+00:00,2024-03-13 14:45:00+00:00,2024-03-13 20:00:00+00:00,0.66245,0.6623,-2.9999999999996696,-5.99999999999967,-0.2727272727272561,28.500000000000192,19.000000000000128,3.0,session_close,21,1,0.5,-2.999999999999835,11.000000000000064,14.250000000000096,2024-03-13,6A	reddit_orb_breakout	reddit_orb_breakout|ny|range=15|entry=150|rr=1.5|sl_atr=1|tp_atr=1.5|threshold=2|adx_max=none|adx_min=none|rsi2=none|trend=ema|max_bars=24
futures,6A,reddit_orb_breakout,reddit_orb_breakout|ny|range=15|entry=150|rr=1.5|sl_atr=1|tp_atr=1.5|threshold=2|adx_max=none|adx_min=none|rsi2=none|trend=ema|max_bars=24,short,32341,32342,32363,2024-03-14 14:30:00+00:00,2024-03-14 14:45:00+00:00,2024-03-14 20:00:00+00:00,0.6589,0.6584,10.000000000001119,7.000000000001119,0.16279069767444448,60.00000000000005,40.000000000000036,3.0,session_close,21,1,0.5,3.5000000000005596,21.500000000000018,30.000000000000025,2024-03-14,6A	reddit_orb_breakout	reddit_orb_breakout|ny|range=15|entry=150|rr=1.5|sl_atr=1|tp_atr=1.5|threshold=2|adx_max=none|adx_min=none|rsi2=none|trend=ema|max_bars=24
futures,6A,reddit_orb_breakout,reddit_orb_breakout|ny|range=15|entry=150|rr=1.5|sl_atr=1|tp_atr=1.5|threshold=2|adx_max=none|adx_min=none|rsi2=none|trend=ema|max_bars=24,short,32437,32438,32438,2024-03-15 15:30:00+00:00,2024-03-15 15:45:00+00:00,2024-03-15 15:45:00+00:00,0.65625,0.65675,-9.999999999998899,-12.999999999998899,-1.0,14.999999999998348,9.999999999998899,3.0,sl,1,1,0.5,-6.499999999999449,6.499999999999449,7.499999999999174,2024-03-15,6A	reddit_orb_breakout	reddit_orb_breakout|ny|range=15|entry=150|rr=1.5|sl_atr=1|tp_atr=1.5|threshold=2|adx_max=none|adx_min=none|rsi2=none|trend=ema|max_bars=24
futures,6A,reddit_orb_breakout,reddit_orb_breakout|ny|range=15|entry=150|rr=1.5|sl_atr=1|tp_atr=1.5|threshold=2|adx_max=none|adx_min=none|rsi2=none|trend=ema|max_bars=24,short,32522,32523,32543,2024-03-18 14:45:00+00:00,2024-03-18 15:00:00+00:00,2024-03-18 20:00:00+00:00,0.65775,0.6575,4.999999999999449,1.9999999999994493,0.07999999999997151,33.00000000000303,22.000000000002018,3.0,session_close,20,1,0.5,0.9999999999997247,12.500000000001009,16.500000000001513,2024-03-18,6A	reddit_orb_breakout	reddit_orb_breakout|ny|range=15|entry=150|rr=1.5|sl_atr=1|tp_atr=1.5|threshold=2|adx_max=none|adx_min=none|rsi2=none|trend=ema|max_bars=24
futures,6A,reddit_capitulation_reversion,reddit_capitulation_reversion|ny|range=15|entry=150|rr=2.5|sl_atr=1|tp_atr=1.5|threshold=1.75|adx_max=none|adx_min=none|rsi2=10.0|trend=long_only|max_bars=24,long,32794,32795,32800,2024-03-21 13:45:00+00:00,2024-03-21 14:00:00+00:00,2024-03-21 15:15:00+00:00,0.65995,0.65797015,-39.5970000000001,-42.5970000000001,-1.0,98.99249999999914,39.5970000000001,3.0,sl,5,50,0.5,-1064.9250000000025,1064.9250000000025,2474.8124999999786,2024-03-21,6A	reddit_capitulation_reversion	reddit_capitulation_reversion|ny|range=15|entry=150|rr=2.5|sl_atr=1|tp_atr=1.5|threshold=1.75|adx_max=none|adx_min=none|rsi2=10.0|trend=long_only|max_bars=24
futures,6A,reddit_orb_breakout,reddit_orb_breakout|ny|range=15|entry=150|rr=1.5|sl_atr=1|tp_atr=1.5|threshold=2|adx_max=none|adx_min=none|rsi2=none|trend=ema|max_bars=24,short,32894,32895,32911,2024-03-22 15:45:00+00:00,2024-03-22 16:00:00+00:00,2024-03-22 20:00:00+00:00,0.65355,0.65295,11.999999999998678,8.999999999998678,0.42857142857136077,27.000000000001467,18.000000000000238,3.0,session_close,16,1,0.5,4.499999999999339,10.500000000000119,13.500000000000734,2024-03-22,6A	reddit_orb_breakout	reddit_orb_breakout|ny|range=15|entry=150|rr=1.5|sl_atr=1|tp_atr=1.5|threshold=2|adx_max=none|adx_min=none|rsi2=none|trend=ema|max_bars=24
futures,6A,reddit_orb_breakout,reddit_orb_breakout|ny|range=15|entry=150|rr=1.5|sl_atr=1|tp_atr=1.5|threshold=2|adx_max=none|adx_min=none|rsi2=none|trend=ema|max_bars=24,short,33346,33347,33349,2024-04-01 13:45:00+00:00,2024-04-01 14:00:00+00:00,2024-04-01 14:30:00+00:00,0.6522,0.650475,34.49999999999953,31.49999999999953,1.2115384615384581,34.49999999999953,22.999999999999687,3.0,tp,2,1,0.5,15.749999999999766,12.999999999999844,17.249999999999766,2024-04-01,6A	reddit_orb_breakout	reddit_orb_breakout|ny|range=15|entry=150|rr=1.5|sl_atr=1|tp_atr=1.5|threshold=2|adx_max=none|adx_min=none|rsi2=none|trend=ema|max_bars=24
futures,6A,reddit_orb_breakout,reddit_orb_breakout|ny|range=15|entry=150|rr=1.5|sl_atr=1|tp_atr=1.5|threshold=2|adx_max=none|adx_min=none|rsi2=none|trend=ema|max_bars=24,long,33531,33532,33540,2024-04-03 14:00:00+00:00,2024-04-03 14:15:00+00:00,2024-04-03 16:15:00+00:00,0.6549,0.6578250000000001,58.50000000000133,55.50000000000133,1.3214285714285985,58.50000000000133,39.00000000000014,3.0,tp,8,1,0.5,27.750000000000664,21.00000000000007,29.250000000000664,2024-04-03,6A	reddit_orb_breakout	reddit_orb_breakout|ny|range=15|entry=150|rr=1.5|sl_atr=1|tp_atr=1.5|threshold=2|adx_max=none|adx_min=none|rsi2=none|trend=ema|max_bars=24
futures,6A,reddit_capitulation_reversion,reddit_capitulation_reversion|ny|range=15|entry=150|rr=2.5|sl_atr=1|tp_atr=1.5|threshold=1.75|adx_max=none|adx_min=none|rsi2=10.0|trend=long_only|max_bars=24,long,33639,33640,33644,2024-04-04 18:00:00+00:00,2024-04-04 18:15:00+00:00,2024-04-04 19:15:00+00:00,0.66205,0.66006385,-39.7230000000004,-42.7230000000004,-1.0,99.30750000000099,39.7230000000004,3.0,sl,4,50,0.5,-1068.0750000000098,1068.0750000000098,2482.6875000000246,2024-04-04,6A	reddit_capitulation_reversion	reddit_capitulation_reversion|ny|range=15|entry=150|rr=2.5|sl_atr=1|tp_atr=1.5|threshold=1.75|adx_max=none|adx_min=none|rsi2=10.0|trend=long_only|max_bars=24
futures,6A,reddit_orb_breakout,reddit_orb_breakout|ny|range=15|entry=150|rr=1.5|sl_atr=1|tp_atr=1.5|threshold=2|adx_max=none|adx_min=none|rsi2=none|trend=ema|max_bars=24,long,33715,33716,33723,2024-04-05 14:00:00+00:00,2024-04-05 14:15:00+00:00,2024-04-05 16:00:00+00:00,0.65815,0.6600999999999999,38.999999999997925,35.999999999997925,1.2413793103447837,38.999999999997925,25.999999999999357,3.0,tp,7,1,0.5,17.999999999998963,14.499999999999678,19.499999999998963,2024-04-05,6A	reddit_orb_breakout	reddit_orb_breakout|ny|range=15|entry=150|rr=1.5|sl_atr=1|tp_atr=1.5|threshold=2|adx_max=none|adx_min=none|rsi2=none|trend=ema|max_bars=24
futures,6A,reddit_orb_breakout,reddit_orb_breakout|ny|range=15|entry=150|rr=1.5|sl_atr=1|tp_atr=1.5|threshold=2|adx_max=none|adx_min=none|rsi2=none|trend=ema|max_bars=24,short,33990,33991,33999,2024-04-10 13:45:00+00:00,2024-04-10 14:00:00+00:00,2024-04-10 16:00:00+00:00,0.6539,0.6516500000000001,44.99999999999948,41.99999999999948,1.2727272727272987,44.99999999999948,29.999999999998916,3.0,tp,8,1,0.5,20.99999999999974,16.49999999999946,22.49999999999974,2024-04-10,6A	reddit_orb_breakout	reddit_orb_breakout|ny|range=15|entry=150|rr=1.5|sl_atr=1|tp_atr=1.5|threshold=2|adx_max=none|adx_min=none|rsi2=none|trend=ema|max_bars=24
futures,6A,reddit_orb_breakout,reddit_orb_breakout|ny|range=15|entry=150|rr=1.5|sl_atr=1|tp_atr=1.5|threshold=2|adx_max=none|adx_min=none|rsi2=none|trend=ema|max_bars=24,short,34082,34083,34107,2024-04-11 13:45:00+00:00,2024-04-11 14:00:00+00:00,2024-04-11 20:00:00+00:00,0.65465,0.6552,-11.000000000001009,-14.000000000001009,-0.36842105263159985,52.50000000000199,35.00000000000058,3.0,session_close,24,1,0.5,-7.0000000000005045,19.00000000000029,26.250000000000995,2024-04-11,6A	reddit_orb_breakout	reddit_orb_breakout|ny|range=15|entry=150|rr=1.5|sl_atr=1|tp_atr=1.5|threshold=2|adx_max=none|adx_min=none|rsi2=none|trend=ema|max_bars=24
futures,6A,reddit_orb_breakout,reddit_orb_breakout|ny|range=15|entry=150|rr=1.5|sl_atr=1|tp_atr=1.5|threshold=2|adx_max=none|adx_min=none|rsi2=none|trend=ema|max_bars=24,short,34176,34177,34181,2024-04-12 14:15:00+00:00,2024-04-12 14:30:00+00:00,2024-04-12 15:30:00+00:00,0.648,0.64885,-17.000000000000348,-20.000000000000348,-1.0,25.500000000000522,17.000000000000348,3.0,sl,4,1,0.5,-10.000000000000174,10.000000000000174,12.750000000000261,2024-04-12,6A	reddit_orb_breakout	reddit_orb_breakout|ny|range=15|entry=150|rr=1.5|sl_atr=1|tp_atr=1.5|threshold=2|adx_max=none|adx_min=none|rsi2=none|trend=ema|max_bars=24
futures,6A,reddit_orb_breakout,reddit_orb_breakout|ny|range=15|entry=150|rr=1.5|sl_atr=1|tp_atr=1.5|threshold=2|adx_max=none|adx_min=none|rsi2=none|trend=ema|max_bars=24,short,34266,34267,34282,2024-04-15 13:45:00+00:00,2024-04-15 14:00:00+00:00,2024-04-15 17:45:00+00:00,0.64765,0.6459249999999999,34.50000000000175,31.500000000001748,1.21153846153844,34.50000000000175,23.000000000001908,3.0,tp,15,1,0.5,15.750000000000874,13.000000000000954,17.250000000000874,2024-04-15,6A	reddit_orb_breakout	reddit_orb_breakout|ny|range=15|entry=150|rr=1.5|sl_atr=1|tp_atr=1.5|threshold=2|adx_max=none|adx_min=none|rsi2=none|trend=ema|max_bars=24
futures,6A,reddit_orb_breakout,reddit_orb_breakout|ny|range=15|entry=150|rr=1.5|sl_atr=1|tp_atr=1.5|threshold=2|adx_max=none|adx_min=none|rsi2=none|trend=ema|max_bars=24,short,34358,34359,34360,2024-04-16 13:45:00+00:00,2024-04-16 14:00:00+00:00,2024-04-16 14:15:00+00:00,0.6411,0.64225,-22.999999999999687,-25.999999999999687,-1.0,34.49999999999953,22.999999999999687,3.0,sl,1,1,0.5,-12.999999999999844,12.999999999999844,17.249999999999766,2024-04-16,6A	reddit_orb_breakout	reddit_orb_breakout|ny|range=15|entry=150|rr=1.5|sl_atr=1|tp_atr=1.5|threshold=2|adx_max=none|adx_min=none|rsi2=none|trend=ema|max_bars=24
futures,6A,reddit_orb_breakout,reddit_orb_breakout|ny|range=15|entry=150|rr=1.5|sl_atr=1|tp_atr=1.5|threshold=2|adx_max=none|adx_min=none|rsi2=none|trend=ema|max_bars=24,short,34451,34452,34459,2024-04-17 14:00:00+00:00,2024-04-17 14:15:00+00:00,2024-04-17 16:00:00+00:00,0.64385,0.6425000000000001,26.999999999999247,23.999999999999247,1.142857142857094,26.999999999999247,18.000000000000238,3.0,tp,7,1,0.5,11.999999999999623,10.500000000000119,13.499999999999623,2024-04-17,6A	reddit_orb_breakout	reddit_orb_breakout|ny|range=15|entry=150|rr=1.5|sl_atr=1|tp_atr=1.5|threshold=2|adx_max=none|adx_min=none|rsi2=none|trend=ema|max_bars=24
futures,6A,reddit_orb_breakout,reddit_orb_breakout|ny|range=15|entry=150|rr=1.5|sl_atr=1|tp_atr=1.5|threshold=2|adx_max=none|adx_min=none|rsi2=none|trend=ema|max_bars=24,short,34643,34644,34650,2024-04-19 16:00:00+00:00,2024-04-19 16:15:00+00:00,2024-04-19 17:45:00+00:00,0.6425,0.64365,-23.000000000001908,-26.000000000001908,-1.0,34.50000000000175,23.000000000001908,3.0,sl,6,1,0.5,-13.000000000000954,13.000000000000954,17.250000000000874,2024-04-19,6A	reddit_orb_breakout	reddit_orb_breakout|ny|range=15|entry=150|rr=1.5|sl_atr=1|tp_atr=1.5|threshold=2|adx_max=none|adx_min=none|rsi2=none|trend=ema|max_bars=24
futures,6A,reddit_orb_breakout,reddit_orb_breakout|ny|range=15|entry=150|rr=1.5|sl_atr=1|tp_atr=1.5|threshold=2|adx_max=none|adx_min=none|rsi2=none|trend=ema|max_bars=24,long,34728,34729,34742,2024-04-22 14:15:00+00:00,2024-04-22 14:30:00+00:00,2024-04-22 17:45:00+00:00,0.6445,0.645925,28.500000000000192,25.500000000000192,1.1590909090909112,28.500000000000192,19.000000000000128,3.0,tp,13,1,0.5,12.750000000000096,11.000000000000064,14.250000000000096,2024-04-22,6A	reddit_orb_breakout	reddit_orb_breakout|ny|range=15|entry=150|rr=1.5|sl_atr=1|tp_atr=1.5|threshold=2|adx_max=none|adx_min=none|rsi2=none|trend=ema|max_bars=24
futures,6A,reddit_orb_breakout,reddit_orb_breakout|ny|range=15|entry=150|rr=1.5|sl_atr=1|tp_atr=1.5|threshold=2|adx_max=none|adx_min=none|rsi2=none|trend=ema|max_bars=24,long,34818,34819,34843,2024-04-23 13:45:00+00:00,2024-04-23 14:00:00+00:00,2024-04-23 20:00:00+00:00,0.64925,0.6496,6.999999999999229,3.999999999999229,0.060606060606049186,94.49999999999957,62.99999999999972,3.0,session_close,24,1,0.5,1.9999999999996145,32.99999999999986,47.24999999999979,2024-04-23,6A	reddit_orb_breakout	reddit_orb_breakout|ny|range=15|entry=150|rr=1.5|sl_atr=1|tp_atr=1.5|threshold=2|adx_max=none|adx_min=none|rsi2=none|trend=ema|max_bars=24
futures,6A,reddit_orb_breakout,reddit_orb_breakout|ny|range=15|entry=150|rr=1.5|sl_atr=1|tp_atr=1.5|threshold=2|adx_max=none|adx_min=none|rsi2=none|trend=ema|max_bars=24,long,35003,35004,35017,2024-04-25 14:00:00+00:00,2024-04-25 14:15:00+00:00,2024-04-25 17:30:00+00:00,0.65085,0.6526500000000002,36.00000000000269,33.00000000000269,1.2222222222222405,36.00000000000269,24.000000000001798,3.0,tp,13,1,0.5,16.500000000001346,13.500000000000899,18.000000000001346,2024-04-25,6A	reddit_orb_breakout	reddit_orb_breakout|ny|range=15|entry=150|rr=1.5|sl_atr=1|tp_atr=1.5|threshold=2|adx_max=none|adx_min=none|rsi2=none|trend=ema|max_bars=24
futures,6A,reddit_capitulation_reversion,reddit_capitulation_reversion|ny|range=15|entry=150|rr=2.5|sl_atr=1|tp_atr=1.5|threshold=1.75|adx_max=none|adx_min=none|rsi2=10.0|trend=long_only|max_bars=24,long,35097,35098,35119,2024-04-26 14:30:00+00:00,2024-04-26 14:45:00+00:00,2024-04-26 20:00:00+00:00,0.654,0.65435,6.999999999999229,3.999999999999229,0.09469696969695059,98.10000000000096,39.240000000000386,3.0,session_close,21,50,0.5,99.99999999998073,1056.0000000000095,2452.500000000024,2024-04-26,6A	reddit_capitulation_reversion	reddit_capitulation_reversion|ny|range=15|entry=150|rr=2.5|sl_atr=1|tp_atr=1.5|threshold=1.75|adx_max=none|adx_min=none|rsi2=10.0|trend=long_only|max_bars=24
futures,6A,reddit_orb_breakout,reddit_orb_breakout|ny|range=15|entry=150|rr=1.5|sl_atr=1|tp_atr=1.5|threshold=2|adx_max=none|adx_min=none|rsi2=none|trend=ema|max_bars=24,long,35191,35192,35211,2024-04-29 15:00:00+00:00,2024-04-29 15:15:00+00:00,2024-04-29 20:00:00+00:00,0.65695,0.6578,17.000000000000348,14.000000000000348,0.5600000000000185,33.0000000000008,21.999999999999797,3.0,session_close,19,1,0.5,7.000000000000174,12.499999999999899,16.5000000000004,2024-04-29,6A	reddit_orb_breakout	reddit_orb_breakout|ny|range=15|entry=150|rr=1.5|sl_atr=1|tp_atr=1.5|threshold=2|adx_max=none|adx_min=none|rsi2=none|trend=ema|max_bars=24
futures,6A,reddit_orb_breakout,reddit_orb_breakout|ny|range=15|entry=150|rr=1.5|sl_atr=1|tp_atr=1.5|threshold=2|adx_max=none|adx_min=none|rsi2=none|trend=ema|max_bars=24,short,35278,35279,35303,2024-04-30 13:45:00+00:00,2024-04-30 14:00:00+00:00,2024-04-30 20:00:00+00:00,0.6502,0.64865,31.000000000001027,28.000000000001027,0.8000000000000084,48.00000000000137,32.00000000000092,3.0,session_close,24,1,0.5,14.000000000000513,17.50000000000046,24.000000000000686,2024-04-30,6A	reddit_orb_breakout	reddit_orb_breakout|ny|range=15|entry=150|rr=1.5|sl_atr=1|tp_atr=1.5|threshold=2|adx_max=none|adx_min=none|rsi2=none|trend=ema|max_bars=24
futures,6A,reddit_capitulation_reversion,reddit_capitulation_reversion|ny|range=15|entry=150|rr=2.5|sl_atr=1|tp_atr=1.5|threshold=1.75|adx_max=none|adx_min=none|rsi2=10.0|trend=long_only|max_bars=24,long,35463,35464,35481,2024-05-02 14:00:00+00:00,2024-05-02 14:15:00+00:00,2024-05-02 18:30:00+00:00,0.6528,0.6576960000000001,97.92000000000023,94.92000000000023,2.250996015936232,97.92000000000023,39.16800000000053,3.0,tp,17,50,0.5,2373.000000000006,1054.2000000000132,2448.000000000006,2024-05-02,6A	reddit_capitulation_reversion	reddit_capitulation_reversion|ny|range=15|entry=150|rr=2.5|sl_atr=1|tp_atr=1.5|threshold=1.75|adx_max=none|adx_min=none|rsi2=10.0|trend=long_only|max_bars=24
futures,6A,reddit_orb_breakout,reddit_orb_breakout|ny|range=15|entry=150|rr=1.5|sl_atr=1|tp_atr=1.5|threshold=2|adx_max=none|adx_min=none|rsi2=none|trend=ema|max_bars=24,long,35466,35467,35472,2024-05-02 14:45:00+00:00,2024-05-02 15:00:00+00:00,2024-05-02 16:15:00+00:00,0.65435,0.6557,26.999999999999247,23.999999999999247,1.142857142857094,26.999999999999247,18.000000000000238,3.0,tp,5,1,0.5,11.999999999999623,10.500000000000119,13.499999999999623,2024-05-02,6A	reddit_orb_breakout	reddit_orb_breakout|ny|range=15|entry=150|rr=1.5|sl_atr=1|tp_atr=1.5|threshold=2|adx_max=none|adx_min=none|rsi2=none|trend=ema|max_bars=24
futures,6A,reddit_capitulation_reversion,reddit_capitulation_reversion|ny|range=15|entry=150|rr=2.5|sl_atr=1|tp_atr=1.5|threshold=1.75|adx_max=none|adx_min=none|rsi2=10.0|trend=long_only|max_bars=24,long,35651,35652,35671,2024-05-06 15:00:00+00:00,2024-05-06 15:15:00+00:00,2024-05-06 20:00:00+00:00,0.66305,0.66295,-1.9999999999997797,-4.99999999999978,-0.11686884977677561,99.45749999999975,39.7829999999999,3.0,session_close,19,50,0.5,-124.99999999999449,1069.5749999999975,2486.4374999999936,2024-05-06,6A	reddit_capitulation_reversion	reddit_capitulation_reversion|ny|range=15|entry=150|rr=2.5|sl_atr=1|tp_atr=1.5|threshold=1.75|adx_max=none|adx_min=none|rsi2=10.0|trend=long_only|max_bars=24
futures,6A,reddit_orb_breakout,reddit_orb_breakout|ny|range=15|entry=150|rr=1.5|sl_atr=1|tp_atr=1.5|threshold=2|adx_max=none|adx_min=none|rsi2=none|trend=ema|max_bars=24,long,35925,35926,35947,2024-05-09 14:30:00+00:00,2024-05-09 14:45:00+00:00,2024-05-09 20:00:00+00:00,0.6616,0.66275,22.999999999999687,19.999999999999687,0.666666666666673,40.49999999999887,26.999999999999247,3.0,session_close,21,1,0.5,9.999999999999844,14.999999999999623,20.249999999999435,2024-05-09,6A	reddit_orb_breakout	reddit_orb_breakout|ny|range=15|entry=150|rr=1.5|sl_atr=1|tp_atr=1.5|threshold=2|adx_max=none|adx_min=none|rsi2=none|trend=ema|max_bars=24
futures,6A,reddit_orb_breakout,reddit_orb_breakout|ny|range=15|entry=150|rr=1.5|sl_atr=1|tp_atr=1.5|threshold=2|adx_max=none|adx_min=none|rsi2=none|trend=ema|max_bars=24,long,36014,36015,36015,2024-05-10 13:45:00+00:00,2024-05-10 14:00:00+00:00,2024-05-10 14:00:00+00:00,0.6626,0.66205,-10.999999999998789,-13.999999999998789,-1.0,16.499999999999293,10.999999999998789,3.0,sl,1,1,0.5,-6.999999999999394,6.999999999999394,8.249999999999647,2024-05-10,6A	reddit_orb_breakout	reddit_orb_breakout|ny|range=15|entry=150|rr=1.5|sl_atr=1|tp_atr=1.5|threshold=2|adx_max=none|adx_min=none|rsi2=none|trend=ema|max_bars=24
futures,6A,reddit_capitulation_reversion,reddit_capitulation_reversion|ny|range=15|entry=150|rr=2.5|sl_atr=1|tp_atr=1.5|threshold=1.75|adx_max=none|adx_min=none|rsi2=10.0|trend=long_only|max_bars=24,long,36111,36112,36131,2024-05-13 15:00:00+00:00,2024-05-13 15:15:00+00:00,2024-05-13 20:00:00+00:00,0.6614,0.6613,-1.9999999999997797,-4.99999999999978,-0.11713991191078156,99.21000000000068,39.68399999999983,3.0,session_close,19,50,0.5,-124.99999999999449,1067.0999999999956,2480.250000000017,2024-05-13,6A	reddit_capitulation_reversion	reddit_capitulation_reversion|ny|range=15|entry=150|rr=2.5|sl_atr=1|tp_atr=1.5|threshold=1.75|adx_max=none|adx_min=none|rsi2=10.0|trend=long_only|max_bars=24
futures,6A,reddit_orb_breakout,reddit_orb_breakout|ny|range=15|entry=150|rr=1.5|sl_atr=1|tp_atr=1.5|threshold=2|adx_max=none|adx_min=none|rsi2=none|trend=ema|max_bars=24,long,36198,36199,36223,2024-05-14 13:45:00+00:00,2024-05-14 14:00:00+00:00,2024-05-14 20:00:00+00:00,0.6633,0.6632,-1.9999999999997797,-4.99999999999978,-0.21739130434781634,30.000000000001137,20.000000000000018,3.0,session_close,24,1,0.5,-2.49999999999989,11.500000000000009,15.000000000000568,2024-05-14,6A	reddit_orb_breakout	reddit_orb_breakout|ny|range=15|entry=150|rr=1.5|sl_atr=1|tp_atr=1.5|threshold=2|adx_max=none|adx_min=none|rsi2=none|trend=ema|max_bars=24
futures,6A,reddit_orb_breakout,reddit_orb_breakout|ny|range=15|entry=150|rr=1.5|sl_atr=1|tp_atr=1.5|threshold=2|adx_max=none|adx_min=none|rsi2=none|trend=ema|max_bars=24,long,36294,36295,36303,2024-05-15 14:45:00+00:00,2024-05-15 15:00:00+00:00,2024-05-15 17:00:00+00:00,0.6672,0.6698250000000001,52.50000000000199,49.50000000000199,1.3026315789474008,52.50000000000199,35.00000000000058,3.0,tp,8,1,0.5,24.750000000000995,19.00000000000029,26.250000000000995,2024-05-15,6A	reddit_orb_breakout	reddit_orb_breakout|ny|range=15|entry=150|rr=1.5|sl_atr=1|tp_atr=1.5|threshold=2|adx_max=none|adx_min=none|rsi2=none|trend=ema|max_bars=24
futures,6A,reddit_orb_breakout,reddit_orb_breakout|ny|range=15|entry=150|rr=1.5|sl_atr=1|tp_atr=1.5|threshold=2|adx_max=none|adx_min=none|rsi2=none|trend=ema|max_bars=24,long,36384,36385,36407,2024-05-16 14:15:00+00:00,2024-05-16 14:30:00+00:00,2024-05-16 20:00:00+00:00,0.66785,0.66815,5.999999999999339,2.999999999999339,0.07692307692305904,54.00000000000071,36.000000000000476,3.0,session_close,22,1,0.5,1.4999999999996696,19.500000000000238,27.000000000000355,2024-05-16,6A	reddit_orb_breakout	reddit_orb_breakout|ny|range=15|entry=150|rr=1.5|sl_atr=1|tp_atr=1.5|threshold=2|adx_max=none|adx_min=none|rsi2=none|trend=ema|max_bars=24
futures,6A,reddit_orb_breakout,reddit_orb_breakout|ny|range=15|entry=150|rr=1.5|sl_atr=1|tp_atr=1.5|threshold=2|adx_max=none|adx_min=none|rsi2=none|trend=ema|max_bars=24,long,36477,36478,36499,2024-05-17 14:30:00+00:00,2024-05-17 14:45:00+00:00,2024-05-17 20:00:00+00:00,0.66935,0.6702,17.000000000000348,14.000000000000348,0.2641509433962383,74.9999999999984,49.999999999998934,3.0,session_close,21,1,0.5,7.000000000000174,26.499999999999467,37.4999999999992,2024-05-17,6A	reddit_orb_breakout	reddit_orb_breakout|ny|range=15|entry=150|rr=1.5|sl_atr=1|tp_atr=1.5|threshold=2|adx_max=none|adx_min=none|rsi2=none|trend=ema|max_bars=24
futures,6A,reddit_orb_breakout,reddit_orb_breakout|ny|range=15|entry=150|rr=1.5|sl_atr=1|tp_atr=1.5|threshold=2|adx_max=none|adx_min=none|rsi2=none|trend=ema|max_bars=24,long,36566,36567,36591,2024-05-20 13:45:00+00:00,2024-05-20 14:00:00+00:00,2024-05-20 20:00:00+00:00,0.66835,0.66735,-20.000000000000018,-23.000000000000018,-0.9200000000000081,32.999999999998586,21.999999999999797,3.0,session_close,24,1,0.5,-11.500000000000009,12.499999999999899,16.499999999999293,2024-05-20,6A	reddit_orb_breakout	reddit_orb_breakout|ny|range=15|entry=150|rr=1.5|sl_atr=1|tp_atr=1.5|threshold=2|adx_max=none|adx_min=none|rsi2=none|trend=ema|max_bars=24
futures,6A,reddit_orb_breakout,reddit_orb_breakout|ny|range=15|entry=150|rr=1.5|sl_atr=1|tp_atr=1.5|threshold=2|adx_max=none|adx_min=none|rsi2=none|trend=ema|max_bars=24,short,36658,36659,36659,2024-05-21 13:45:00+00:00,2024-05-21 14:00:00+00:00,2024-05-21 14:00:00+00:00,0.6677,0.6684,-14.000000000000679,-17.00000000000068,-1.0,20.999999999999908,14.000000000000679,3.0,sl,1,1,0.5,-8.50000000000034,8.50000000000034,10.499999999999954,2024-05-21,6A	reddit_orb_breakout	reddit_orb_breakout|ny|range=15|entry=150|rr=1.5|sl_atr=1|tp_atr=1.5|threshold=2|adx_max=none|adx_min=none|rsi2=none|trend=ema|max_bars=24
futures,6A,reddit_orb_breakout,reddit_orb_breakout|ny|range=15|entry=150|rr=1.5|sl_atr=1|tp_atr=1.5|threshold=2|adx_max=none|adx_min=none|rsi2=none|trend=ema|max_bars=24,short,36751,36752,36767,2024-05-22 14:00:00+00:00,2024-05-22 14:15:00+00:00,2024-05-22 18:00:00+00:00,0.665,0.6632,36.000000000000476,33.000000000000476,1.222222222222259,36.000000000000476,23.999999999999577,3.0,tp,15,1,0.5,16.500000000000238,13.499999999999789,18.000000000000238,2024-05-22,6A	reddit_orb_breakout	reddit_orb_breakout|ny|range=15|entry=150|rr=1.5|sl_atr=1|tp_atr=1.5|threshold=2|adx_max=none|adx_min=none|rsi2=none|trend=ema|max_bars=24
futures,6A,reddit_orb_breakout,reddit_orb_breakout|ny|range=15|entry=150|rr=1.5|sl_atr=1|tp_atr=1.5|threshold=2|adx_max=none|adx_min=none|rsi2=none|trend=ema|max_bars=24,short,36842,36843,36867,2024-05-23 13:45:00+00:00,2024-05-23 14:00:00+00:00,2024-05-23 20:00:00+00:00,0.6633,0.6608,49.999999999998934,46.999999999998934,0.9999999999999859,65.99999999999939,43.999999999999595,3.0,session_close,24,1,0.5,23.499999999999467,23.499999999999797,32.999999999999694,2024-05-23,6A	reddit_orb_breakout	reddit_orb_breakout|ny|range=15|entry=150|rr=1.5|sl_atr=1|tp_atr=1.5|threshold=2|adx_max=none|adx_min=none|rsi2=none|trend=ema|max_bars=24
futures,6A,reddit_orb_breakout,reddit_orb_breakout|ny|range=15|entry=150|rr=1.5|sl_atr=1|tp_atr=1.5|threshold=2|adx_max=none|adx_min=none|rsi2=none|trend=ema|max_bars=24,short,37212,37213,37235,2024-05-29 14:15:00+00:00,2024-05-29 14:30:00+00:00,2024-05-29 20:00:00+00:00,0.66235,0.6618,10.999999999998789,7.9999999999987885,0.31999999999995415,32.999999999998586,21.999999999999797,3.0,session_close,22,1,0.5,3.9999999999993943,12.499999999999899,16.499999999999293,2024-05-29,6A	reddit_orb_breakout	reddit_orb_breakout|ny|range=15|entry=150|rr=1.5|sl_atr=1|tp_atr=1.5|threshold=2|adx_max=none|adx_min=none|rsi2=none|trend=ema|max_bars=24
futures,6A,reddit_capitulation_reversion,reddit_capitulation_reversion|ny|range=15|entry=150|rr=2.5|sl_atr=1|tp_atr=1.5|threshold=1.75|adx_max=none|adx_min=none|rsi2=10.0|trend=long_only|max_bars=24,long,37399,37400,37419,2024-05-31 15:00:00+00:00,2024-05-31 15:15:00+00:00,2024-05-31 20:00:00+00:00,0.66455,0.6657,22.999999999999687,19.999999999999687,0.4664940638630392,99.68250000000012,39.87299999999916,3.0,session_close,19,50,0.5,499.99999999999216,1071.824999999979,2492.0625000000027,2024-05-31,6A	reddit_capitulation_reversion	reddit_capitulation_reversion|ny|range=15|entry=150|rr=2.5|sl_atr=1|tp_atr=1.5|threshold=1.75|adx_max=none|adx_min=none|rsi2=10.0|trend=long_only|max_bars=24
futures,6A,reddit_orb_breakout,reddit_orb_breakout|ny|range=15|entry=150|rr=1.5|sl_atr=1|tp_atr=1.5|threshold=2|adx_max=none|adx_min=none|rsi2=none|trend=ema|max_bars=24,long,37487,37488,37499,2024-06-03 14:00:00+00:00,2024-06-03 14:15:00+00:00,2024-06-03 17:00:00+00:00,0.6695,0.66675,-55.000000000000604,-58.000000000000604,-1.0,82.5000000000009,55.000000000000604,3.0,sl,11,1,0.5,-29.000000000000302,29.000000000000302,41.25000000000045,2024-06-03,6A	reddit_orb_breakout	reddit_orb_breakout|ny|range=15|entry=150|rr=1.5|sl_atr=1|tp_atr=1.5|threshold=2|adx_max=none|adx_min=none|rsi2=none|trend=ema|max_bars=24
futures,6A,reddit_orb_breakout,reddit_orb_breakout|ny|range=15|entry=150|rr=1.5|sl_atr=1|tp_atr=1.5|threshold=2|adx_max=none|adx_min=none|rsi2=none|trend=ema|max_bars=24,short,37579,37580,37582,2024-06-04 14:00:00+00:00,2024-06-04 14:15:00+00:00,2024-06-04 14:45:00+00:00,0.66395,0.66485,-18.000000000000238,-21.000000000000238,-1.0,26.999999999999247,18.000000000000238,3.0,sl,2,1,0.5,-10.500000000000119,10.500000000000119,13.499999999999623,2024-06-04,6A	reddit_orb_breakout	reddit_orb_breakout|ny|range=15|entry=150|rr=1.5|sl_atr=1|tp_atr=1.5|threshold=2|adx_max=none|adx_min=none|rsi2=none|trend=ema|max_bars=24
futures,6A,reddit_orb_breakout,reddit_orb_breakout|ny|range=15|entry=150|rr=1.5|sl_atr=1|tp_atr=1.5|threshold=2|adx_max=none|adx_min=none|rsi2=none|trend=ema|max_bars=24,short,37671,37672,37695,2024-06-05 14:00:00+00:00,2024-06-05 14:15:00+00:00,2024-06-05 20:00:00+00:00,0.66345,0.66515,-34.000000000000696,-37.000000000000696,-0.7708333333333561,67.50000000000034,44.99999999999948,3.0,session_close,23,1,0.5,-18.500000000000348,23.99999999999974,33.75000000000017,2024-06-05,6A	reddit_orb_breakout	reddit_orb_breakout|ny|range=15|entry=150|rr=1.5|sl_atr=1|tp_atr=1.5|threshold=2|adx_max=none|adx_min=none|rsi2=none|trend=ema|max_bars=24
futures,6A,reddit_orb_breakout,reddit_orb_breakout|ny|range=15|entry=150|rr=1.5|sl_atr=1|tp_atr=1.5|threshold=2|adx_max=none|adx_min=none|rsi2=none|trend=ema|max_bars=24,short,37854,37855,37879,2024-06-07 13:45:00+00:00,2024-06-07 14:00:00+00:00,2024-06-07 20:00:00+00:00,0.65975,0.6582,30.999999999998806,27.999999999998806,0.9999999999998971,37.50000000000364,25.000000000001688,3.0,session_close,24,1,0.5,13.999999999999403,14.000000000000844,18.75000000000182,2024-06-07,6A	reddit_orb_breakout	reddit_orb_breakout|ny|range=15|entry=150|rr=1.5|sl_atr=1|tp_atr=1.5|threshold=2|adx_max=none|adx_min=none|rsi2=none|trend=ema|max_bars=24
futures,6A,reddit_orb_breakout,reddit_orb_breakout|ny|range=15|entry=150|rr=1.5|sl_atr=1|tp_atr=1.5|threshold=2|adx_max=none|adx_min=none|rsi2=none|trend=ema|max_bars=24,short,38038,38039,38041,2024-06-11 13:45:00+00:00,2024-06-11 14:00:00+00:00,2024-06-11 14:30:00+00:00,0.6594,0.66,-12.000000000000899,-15.000000000000899,-1.0,18.00000000000246,12.000000000000899,3.0,sl,2,1,0.5,-7.500000000000449,7.500000000000449,9.00000000000123,2024-06-11,6A	reddit_orb_breakout	reddit_orb_breakout|ny|range=15|entry=150|rr=1.5|sl_atr=1|tp_atr=1.5|threshold=2|adx_max=none|adx_min=none|rsi2=none|trend=ema|max_bars=24
futures,6A,reddit_orb_breakout,reddit_orb_breakout|ny|range=15|entry=150|rr=1.5|sl_atr=1|tp_atr=1.5|threshold=2|adx_max=none|adx_min=none|rsi2=none|trend=ema|max_bars=24,long,38136,38137,38147,2024-06-12 15:15:00+00:00,2024-06-12 15:30:00+00:00,2024-06-12 18:00:00+00:00,0.67015,0.66865,-30.000000000001137,-33.00000000000114,-1.0,45.000000000001705,30.000000000001137,3.0,sl,10,1,0.5,-16.50000000000057,16.50000000000057,22.500000000000853,2024-06-12,6A	reddit_orb_breakout	reddit_orb_breakout|ny|range=15|entry=150|rr=1.5|sl_atr=1|tp_atr=1.5|threshold=2|adx_max=none|adx_min=none|rsi2=none|trend=ema|max_bars=24
futures,6A,reddit_orb_breakout,reddit_orb_breakout|ny|range=15|entry=150|rr=1.5|sl_atr=1|tp_atr=1.5|threshold=2|adx_max=none|adx_min=none|rsi2=none|trend=ema|max_bars=24,short,38401,38402,38406,2024-06-17 14:00:00+00:00,2024-06-17 14:15:00+00:00,2024-06-17 15:15:00+00:00,0.66065,0.66145,-16.00000000000046,-19.00000000000046,-1.0,24.000000000001798,16.00000000000046,3.0,sl,4,1,0.5,-9.50000000000023,9.50000000000023,12.000000000000899,2024-06-17,6A	reddit_orb_breakout	reddit_orb_breakout|ny|range=15|entry=150|rr=1.5|sl_atr=1|tp_atr=1.5|threshold=2|adx_max=none|adx_min=none|rsi2=none|trend=ema|max_bars=24
futures,6A,reddit_orb_breakout,reddit_orb_breakout|ny|range=15|entry=150|rr=1.5|sl_atr=1|tp_atr=1.5|threshold=2|adx_max=none|adx_min=none|rsi2=none|trend=ema|max_bars=24,long,38492,38493,38517,2024-06-18 13:45:00+00:00,2024-06-18 14:00:00+00:00,2024-06-18 20:00:00+00:00,0.66615,0.6674,24.999999999999467,21.999999999999467,0.5641025641025436,54.00000000000071,36.000000000000476,3.0,session_close,24,1,0.5,10.999999999999734,19.500000000000238,27.000000000000355,2024-06-18,6A	reddit_orb_breakout	reddit_orb_breakout|ny|range=15|entry=150|rr=1.5|sl_atr=1|tp_atr=1.5|threshold=2|adx_max=none|adx_min=none|rsi2=none|trend=ema|max_bars=24
futures,6A,reddit_orb_breakout,reddit_orb_breakout|ny|range=15|entry=150|rr=1.5|sl_atr=1|tp_atr=1.5|threshold=2|adx_max=none|adx_min=none|rsi2=none|trend=ema|max_bars=24,long,38584,38585,38589,2024-06-19 13:45:00+00:00,2024-06-19 14:00:00+00:00,2024-06-19 15:00:00+00:00,0.66875,0.6691999999999999,8.999999999999009,5.999999999999009,0.6666666666666055,8.999999999999009,5.999999999999339,3.0,tp,4,1,0.5,2.9999999999995044,4.49999999999967,4.499999999999504,2024-06-19,6A	reddit_orb_breakout	reddit_orb_breakout|ny|range=15|entry=150|rr=1.5|sl_atr=1|tp_atr=1.5|threshold=2|adx_max=none|adx_min=none|rsi2=none|trend=ema|max_bars=24
futures,6A,reddit_orb_breakout,reddit_orb_breakout|ny|range=15|entry=150|rr=1.5|sl_atr=1|tp_atr=1.5|threshold=2|adx_max=none|adx_min=none|rsi2=none|trend=ema|max_bars=24,long,38678,38679,38682,2024-06-20 14:15:00+00:00,2024-06-20 14:30:00+00:00,2024-06-20 15:15:00+00:00,0.66885,0.6675,-26.999999999999247,-29.999999999999247,-1.0,40.49999999999887,26.999999999999247,3.0,sl,3,1,0.5,-14.999999999999623,14.999999999999623,20.249999999999435,2024-06-20,6A	reddit_orb_breakout	reddit_orb_breakout|ny|range=15|entry=150|rr=1.5|sl_atr=1|tp_atr=1.5|threshold=2|adx_max=none|adx_min=none|rsi2=none|trend=ema|max_bars=24
futures,6A,reddit_capitulation_reversion,reddit_capitulation_reversion|ny|range=15|entry=150|rr=2.5|sl_atr=1|tp_atr=1.5|threshold=1.75|adx_max=none|adx_min=none|rsi2=10.0|trend=long_only|max_bars=24,long,38681,38682,38701,2024-06-20 15:00:00+00:00,2024-06-20 15:15:00+00:00,2024-06-20 20:00:00+00:00,0.6677,0.66735,-6.999999999999229,-9.999999999999229,-0.23222330593096152,100.15499999999955,40.06200000000071,3.0,session_close,19,50,0.5,-249.99999999998073,1076.5500000000177,2503.8749999999886,2024-06-20,6A	reddit_capitulation_reversion	reddit_capitulation_reversion|ny|range=15|entry=150|rr=2.5|sl_atr=1|tp_atr=1.5|threshold=1.75|adx_max=none|adx_min=none|rsi2=10.0|trend=long_only|max_bars=24
futures,6A,reddit_orb_breakout,reddit_orb_breakout|ny|range=15|entry=150|rr=1.5|sl_atr=1|tp_atr=1.5|threshold=2|adx_max=none|adx_min=none|rsi2=none|trend=ema|max_bars=24,short,38768,38769,38774,2024-06-21 13:45:00+00:00,2024-06-21 14:00:00+00:00,2024-06-21 15:15:00+00:00,0.6661,0.66475,27.000000000001467,24.000000000001467,1.1428571428571999,27.000000000001467,18.000000000000238,3.0,tp,5,1,0.5,12.000000000000734,10.500000000000119,13.500000000000734,2024-06-21,6A	reddit_orb_breakout	reddit_orb_breakout|ny|range=15|entry=150|rr=1.5|sl_atr=1|tp_atr=1.5|threshold=2|adx_max=none|adx_min=none|rsi2=none|trend=ema|max_bars=24
futures,6A,reddit_orb_breakout,reddit_orb_breakout|ny|range=15|entry=150|rr=1.5|sl_atr=1|tp_atr=1.5|threshold=2|adx_max=none|adx_min=none|rsi2=none|trend=ema|max_bars=24,short,38954,38955,38970,2024-06-25 14:15:00+00:00,2024-06-25 14:30:00+00:00,2024-06-25 18:15:00+00:00,0.6651,0.66625,-22.999999999999687,-25.999999999999687,-1.0,34.49999999999953,22.999999999999687,3.0,sl,15,1,0.5,-12.999999999999844,12.999999999999844,17.249999999999766,2024-06-25,6A	reddit_orb_breakout	reddit_orb_breakout|ny|range=15|entry=150|rr=1.5|sl_atr=1|tp_atr=1.5|threshold=2|adx_max=none|adx_min=none|rsi2=none|trend=ema|max_bars=24
futures,6A,reddit_orb_breakout,reddit_orb_breakout|ny|range=15|entry=150|rr=1.5|sl_atr=1|tp_atr=1.5|threshold=2|adx_max=none|adx_min=none|rsi2=none|trend=ema|max_bars=24,long,39044,39045,39069,2024-06-26 13:45:00+00:00,2024-06-26 14:00:00+00:00,2024-06-26 20:00:00+00:00,0.6665,0.66625,-4.999999999999449,-7.999999999999449,-0.3199999999999806,33.0000000000008,21.999999999999797,3.0,session_close,24,1,0.5,-3.9999999999997247,12.499999999999899,16.5000000000004,2024-06-26,6A	reddit_orb_breakout	reddit_orb_breakout|ny|range=15|entry=150|rr=1.5|sl_atr=1|tp_atr=1.5|threshold=2|adx_max=none|adx_min=none|rsi2=none|trend=ema|max_bars=24
futures,6A,reddit_orb_breakout,reddit_orb_breakout|ny|range=15|entry=150|rr=1.5|sl_atr=1|tp_atr=1.5|threshold=2|adx_max=none|adx_min=none|rsi2=none|trend=ema|max_bars=24,short,39228,39229,39232,2024-06-28 13:45:00+00:00,2024-06-28 14:00:00+00:00,2024-06-28 14:45:00+00:00,0.66835,0.6692,-17.000000000000348,-20.000000000000348,-1.0,25.500000000000522,17.000000000000348,3.0,sl,3,1,0.5,-10.000000000000174,10.000000000000174,12.750000000000261,2024-06-28,6A	reddit_orb_breakout	reddit_orb_breakout|ny|range=15|entry=150|rr=1.5|sl_atr=1|tp_atr=1.5|threshold=2|adx_max=none|adx_min=none|rsi2=none|trend=ema|max_bars=24
futures,6A,reddit_orb_breakout,reddit_orb_breakout|ny|range=15|entry=150|rr=1.5|sl_atr=1|tp_atr=1.5|threshold=2|adx_max=none|adx_min=none|rsi2=none|trend=ema|max_bars=24,short,39415,39416,39434,2024-07-02 14:30:00+00:00,2024-07-02 14:45:00+00:00,2024-07-02 19:15:00+00:00,0.66655,0.66835,-36.000000000000476,-39.000000000000476,-1.0,54.00000000000071,36.000000000000476,3.0,sl,18,1,0.5,-19.500000000000238,19.500000000000238,27.000000000000355,2024-07-02,6A	reddit_orb_breakout	reddit_orb_breakout|ny|range=15|entry=150|rr=1.5|sl_atr=1|tp_atr=1.5|threshold=2|adx_max=none|adx_min=none|rsi2=none|trend=ema|max_bars=24
futures,6A,reddit_orb_breakout,reddit_orb_breakout|ny|range=15|entry=150|rr=1.5|sl_atr=1|tp_atr=1.5|threshold=2|adx_max=none|adx_min=none|rsi2=none|trend=ema|max_bars=24,long,39504,39505,39505,2024-07-03 13:45:00+00:00,2024-07-03 14:00:00+00:00,2024-07-03 14:00:00+00:00,0.67105,0.6724000000000001,27.000000000001467,24.000000000001467,1.1428571428571999,27.000000000001467,18.000000000000238,3.0,tp,1,1,0.5,12.000000000000734,10.500000000000119,13.500000000000734,2024-07-03,6A	reddit_orb_breakout	reddit_orb_breakout|ny|range=15|entry=150|rr=1.5|sl_atr=1|tp_atr=1.5|threshold=2|adx_max=none|adx_min=none|rsi2=none|trend=ema|max_bars=24
futures,6A,reddit_orb_breakout,reddit_orb_breakout|ny|range=15|entry=150|rr=1.5|sl_atr=1|tp_atr=1.5|threshold=2|adx_max=none|adx_min=none|rsi2=none|trend=ema|max_bars=24,long,39599,39600,39600,2024-07-04 14:30:00+00:00,2024-07-04 14:45:00+00:00,2024-07-04 14:45:00+00:00,0.6742,0.67375,-9.00000000000123,-12.00000000000123,-1.0,13.500000000001844,9.00000000000123,3.0,sl,1,1,0.5,-6.000000000000615,6.000000000000615,6.750000000000922,2024-07-04,6A	reddit_orb_breakout	reddit_orb_breakout|ny|range=15|entry=150|rr=1.5|sl_atr=1|tp_atr=1.5|threshold=2|adx_max=none|adx_min=none|rsi2=none|trend=ema|max_bars=24
futures,6A,reddit_capitulation_reversion,reddit_capitulation_reversion|ny|range=15|entry=150|rr=2.5|sl_atr=1|tp_atr=1.5|threshold=1.75|adx_max=none|adx_min=none|rsi2=10.0|trend=long_only|max_bars=24,long,39690,39691,39713,2024-07-05 14:15:00+00:00,2024-07-05 14:30:00+00:00,2024-07-05 20:00:00+00:00,0.67355,0.6763,55.000000000000604,52.000000000000604,1.197797894639892,101.03250000000007,40.412999999999144,3.0,session_close,22,50,0.5,1300.000000000015,1085.3249999999787,2525.812500000002,2024-07-05,6A	reddit_capitulation_reversion	reddit_capitulation_reversion|ny|range=15|entry=150|rr=2.5|sl_atr=1|tp_atr=1.5|threshold=1.75|adx_max=none|adx_min=none|rsi2=10.0|trend=long_only|max_bars=24
futures,6A,reddit_orb_breakout,reddit_orb_breakout|ny|range=15|entry=150|rr=1.5|sl_atr=1|tp_atr=1.5|threshold=2|adx_max=none|adx_min=none|rsi2=none|trend=ema|max_bars=24,short,39877,39878,39885,2024-07-09 15:00:00+00:00,2024-07-09 15:15:00+00:00,2024-07-09 17:00:00+00:00,0.6737,0.67535,-33.0000000000008,-36.0000000000008,-1.0,49.5000000000001,33.0000000000008,3.0,sl,7,1,0.5,-18.0000000000004,18.0000000000004,24.75000000000005,2024-07-09,6A	reddit_orb_breakout	reddit_orb_breakout|ny|range=15|entry=150|rr=1.5|sl_atr=1|tp_atr=1.5|threshold=2|adx_max=none|adx_min=none|rsi2=none|trend=ema|max_bars=24
futures,6A,reddit_orb_breakout,reddit_orb_breakout|ny|range=15|entry=150|rr=1.5|sl_atr=1|tp_atr=1.5|threshold=2|adx_max=none|adx_min=none|rsi2=none|trend=ema|max_bars=24,long,39965,39966,39979,2024-07-10 14:00:00+00:00,2024-07-10 14:15:00+00:00,2024-07-10 17:30:00+00:00,0.67595,0.67535,-12.000000000000899,-15.000000000000899,-1.0,18.00000000000246,12.000000000000899,3.0,sl,13,1,0.5,-7.500000000000449,7.500000000000449,9.00000000000123,2024-07-10,6A	reddit_orb_breakout	reddit_orb_breakout|ny|range=15|entry=150|rr=1.5|sl_atr=1|tp_atr=1.5|threshold=2|adx_max=none|adx_min=none|rsi2=none|trend=ema|max_bars=24
futures,6A,reddit_orb_breakout,reddit_orb_breakout|ny|range=15|entry=150|rr=1.5|sl_atr=1|tp_atr=1.5|threshold=2|adx_max=none|adx_min=none|rsi2=none|trend=ema|max_bars=24,long,40151,40152,40173,2024-07-12 14:30:00+00:00,2024-07-12 14:45:00+00:00,2024-07-12 20:00:00+00:00,0.6796,0.67965,0.9999999999998899,-2.00000000000011,-0.0952380952380994,26.999999999999247,18.000000000000238,3.0,session_close,21,1,0.5,-1.000000000000055,10.500000000000119,13.499999999999623,2024-07-12,6A	reddit_orb_breakout	reddit_orb_breakout|ny|range=15|entry=150|rr=1.5|sl_atr=1|tp_atr=1.5|threshold=2|adx_max=none|adx_min=none|rsi2=none|trend=ema|max_bars=24
futures,6A,reddit_orb_breakout,reddit_orb_breakout|ny|range=15|entry=150|rr=1.5|sl_atr=1|tp_atr=1.5|threshold=2|adx_max=none|adx_min=none|rsi2=none|trend=ema|max_bars=24,short,40425,40426,40449,2024-07-17 14:00:00+00:00,2024-07-17 14:15:00+00:00,2024-07-17 20:00:00+00:00,0.6742,0.67365,11.000000000001009,8.000000000001009,0.2962962962963383,35.99999999999825,23.999999999999577,3.0,session_close,23,1,0.5,4.0000000000005045,13.499999999999789,17.999999999999126,2024-07-17,6A	reddit_orb_breakout	reddit_orb_breakout|ny|range=15|entry=150|rr=1.5|sl_atr=1|tp_atr=1.5|threshold=2|adx_max=none|adx_min=none|rsi2=none|trend=ema|max_bars=24
futures,6A,reddit_orb_breakout,reddit_orb_breakout|ny|range=15|entry=150|rr=1.5|sl_atr=1|tp_atr=1.5|threshold=2|adx_max=none|adx_min=none|rsi2=none|trend=ema|max_bars=24,short,40521,40522,40533,2024-07-18 15:00:00+00:00,2024-07-18 15:15:00+00:00,2024-07-18 18:00:00+00:00,0.6739,0.6726250000000003,25.49999999999608,22.49999999999608,1.1249999999999094,25.49999999999608,16.999999999998128,3.0,tp,11,1,0.5,11.24999999999804,9.999999999999064,12.74999999999804,2024-07-18,6A	reddit_orb_breakout	reddit_orb_breakout|ny|range=15|entry=150|rr=1.5|sl_atr=1|tp_atr=1.5|threshold=2|adx_max=none|adx_min=none|rsi2=none|trend=ema|max_bars=24
futures,6A,reddit_orb_breakout,reddit_orb_breakout|ny|range=15|entry=150|rr=1.5|sl_atr=1|tp_atr=1.5|threshold=2|adx_max=none|adx_min=none|rsi2=none|trend=ema|max_bars=24,short,40700,40701,40713,2024-07-22 13:45:00+00:00,2024-07-22 14:00:00+00:00,2024-07-22 17:00:00+00:00,0.66455,0.6653,-15.000000000000568,-18.00000000000057,-1.0,22.500000000000853,15.000000000000568,3.0,sl,12,1,0.5,-9.000000000000284,9.000000000000284,11.250000000000426,2024-07-22,6A	reddit_orb_breakout	reddit_orb_breakout|ny|range=15|entry=150|rr=1.5|sl_atr=1|tp_atr=1.5|threshold=2|adx_max=none|adx_min=none|rsi2=none|trend=ema|max_bars=24
futures,6A,reddit_orb_breakout,reddit_orb_breakout|ny|range=15|entry=150|rr=1.5|sl_atr=1|tp_atr=1.5|threshold=2|adx_max=none|adx_min=none|rsi2=none|trend=ema|max_bars=24,short,40884,40885,40904,2024-07-24 13:45:00+00:00,2024-07-24 14:00:00+00:00,2024-07-24 18:45:00+00:00,0.6606,0.6589499999999999,33.0000000000008,30.000000000000803,1.200000000000042,33.0000000000008,21.999999999999797,3.0,tp,19,1,0.5,15.000000000000401,12.499999999999899,16.5000000000004,2024-07-24,6A	reddit_orb_breakout	reddit_orb_breakout|ny|range=15|entry=150|rr=1.5|sl_atr=1|tp_atr=1.5|threshold=2|adx_max=none|adx_min=none|rsi2=none|trend=ema|max_bars=24
futures,6A,reddit_orb_breakout,reddit_orb_breakout|ny|range=15|entry=150|rr=1.5|sl_atr=1|tp_atr=1.5|threshold=2|adx_max=none|adx_min=none|rsi2=none|trend=ema|max_bars=24,short,41068,41069,41070,2024-07-26 13:45:00+00:00,2024-07-26 14:00:00+00:00,2024-07-26 14:15:00+00:00,0.65715,0.6564000000000001,14.999999999998348,11.999999999998348,0.9230769230768742,14.999999999998348,9.999999999998899,3.0,tp,1,1,0.5,5.999999999999174,6.499999999999449,7.499999999999174,2024-07-26,6A	reddit_orb_breakout	reddit_orb_breakout|ny|range=15|entry=150|rr=1.5|sl_atr=1|tp_atr=1.5|threshold=2|adx_max=none|adx_min=none|rsi2=none|trend=ema|max_bars=24
futures,6A,reddit_orb_breakout,reddit_orb_breakout|ny|range=15|entry=150|rr=1.5|sl_atr=1|tp_atr=1.5|threshold=2|adx_max=none|adx_min=none|rsi2=none|trend=ema|max_bars=24,short,41160,41161,41163,2024-07-29 13:45:00+00:00,2024-07-29 14:00:00+00:00,2024-07-29 14:30:00+00:00,0.65435,0.6537499999999998,12.00000000000312,9.00000000000312,0.8181818181820021,12.00000000000312,8.00000000000134,3.0,tp,2,1,0.5,4.50000000000156,5.50000000000067,6.00000000000156,2024-07-29,6A	reddit_orb_breakout	reddit_orb_breakout|ny|range=15|entry=150|rr=1.5|sl_atr=1|tp_atr=1.5|threshold=2|adx_max=none|adx_min=none|rsi2=none|trend=ema|max_bars=24
futures,6A,reddit_orb_breakout,reddit_orb_breakout|ny|range=15|entry=150|rr=1.5|sl_atr=1|tp_atr=1.5|threshold=2|adx_max=none|adx_min=none|rsi2=none|trend=ema|max_bars=24,short,41253,41254,41255,2024-07-30 14:00:00+00:00,2024-07-30 14:15:00+00:00,2024-07-30 14:30:00+00:00,0.65385,0.65455,-13.999999999998458,-16.999999999998458,-1.0,20.999999999997687,13.999999999998458,3.0,sl,1,1,0.5,-8.499999999999229,8.499999999999229,10.499999999998844,2024-07-30,6A	reddit_orb_breakout	reddit_orb_breakout|ny|range=15|entry=150|rr=1.5|sl_atr=1|tp_atr=1.5|threshold=2|adx_max=none|adx_min=none|rsi2=none|trend=ema|max_bars=24
futures,6A,reddit_orb_breakout,reddit_orb_breakout|ny|range=15|entry=150|rr=1.5|sl_atr=1|tp_atr=1.5|threshold=2|adx_max=none|adx_min=none|rsi2=none|trend=ema|max_bars=24,long,41436,41437,41438,2024-08-01 13:45:00+00:00,2024-08-01 14:00:00+00:00,2024-08-01 14:15:00+00:00,0.65595,0.65505,-18.000000000000238,-21.000000000000238,-1.0,26.999999999999247,18.000000000000238,3.0,sl,1,1,0.5,-10.500000000000119,10.500000000000119,13.499999999999623,2024-08-01,6A	reddit_orb_breakout	reddit_orb_breakout|ny|range=15|entry=150|rr=1.5|sl_atr=1|tp_atr=1.5|threshold=2|adx_max=none|adx_min=none|rsi2=none|trend=ema|max_bars=24
futures,6A,reddit_orb_breakout,reddit_orb_breakout|ny|range=15|entry=150|rr=1.5|sl_atr=1|tp_atr=1.5|threshold=2|adx_max=none|adx_min=none|rsi2=none|trend=ema|max_bars=24,short,41531,41532,41553,2024-08-02 14:30:00+00:00,2024-08-02 14:45:00+00:00,2024-08-02 20:00:00+00:00,0.6532,0.6528,7.999999999999119,4.999999999999119,0.16666666666664148,40.49999999999887,26.999999999999247,3.0,session_close,21,1,0.5,2.4999999999995595,14.999999999999623,20.249999999999435,2024-08-02,6A	reddit_orb_breakout	reddit_orb_breakout|ny|range=15|entry=150|rr=1.5|sl_atr=1|tp_atr=1.5|threshold=2|adx_max=none|adx_min=none|rsi2=none|trend=ema|max_bars=24
futures,6A,reddit_orb_breakout,reddit_orb_breakout|ny|range=15|entry=150|rr=1.5|sl_atr=1|tp_atr=1.5|threshold=2|adx_max=none|adx_min=none|rsi2=none|trend=ema|max_bars=24,long,41720,41721,41737,2024-08-06 15:45:00+00:00,2024-08-06 16:00:00+00:00,2024-08-06 20:00:00+00:00,0.65265,0.65295,6.00000000000156,3.0000000000015596,0.039473684210547554,109.49999999999793,72.99999999999862,3.0,session_close,16,1,0.5,1.5000000000007798,37.99999999999931,54.74999999999896,2024-08-06,6A	reddit_orb_breakout	reddit_orb_breakout|ny|range=15|entry=150|rr=1.5|sl_atr=1|tp_atr=1.5|threshold=2|adx_max=none|adx_min=none|rsi2=none|trend=ema|max_bars=24
futures,6A,reddit_orb_breakout,reddit_orb_breakout|ny|range=15|entry=150|rr=1.5|sl_atr=1|tp_atr=1.5|threshold=2|adx_max=none|adx_min=none|rsi2=none|trend=ema|max_bars=24,long,41897,41898,41921,2024-08-08 14:00:00+00:00,2024-08-08 14:15:00+00:00,2024-08-08 20:00:00+00:00,0.65775,0.65965,38.000000000000256,35.000000000000256,0.7291666666666798,67.50000000000034,44.99999999999948,3.0,session_close,23,1,0.5,17.500000000000128,23.99999999999974,33.75000000000017,2024-08-08,6A	reddit_orb_breakout	reddit_orb_breakout|ny|range=15|entry=150|rr=1.5|sl_atr=1|tp_atr=1.5|threshold=2|adx_max=none|adx_min=none|rsi2=none|trend=ema|max_bars=24
futures,6A,reddit_orb_breakout,reddit_orb_breakout|ny|range=15|entry=150|rr=1.5|sl_atr=1|tp_atr=1.5|threshold=2|adx_max=none|adx_min=none|rsi2=none|trend=ema|max_bars=24,long,42182,42183,42190,2024-08-13 16:15:00+00:00,2024-08-13 16:30:00+00:00,2024-08-13 18:15:00+00:00,0.6621,0.6637500000000001,33.0000000000008,30.000000000000803,1.200000000000042,33.0000000000008,21.999999999999797,3.0,tp,7,1,0.5,15.000000000000401,12.499999999999899,16.5000000000004,2024-08-13,6A	reddit_orb_breakout	reddit_orb_breakout|ny|range=15|entry=150|rr=1.5|sl_atr=1|tp_atr=1.5|threshold=2|adx_max=none|adx_min=none|rsi2=none|trend=ema|max_bars=24
futures,6A,reddit_orb_breakout,reddit_orb_breakout|ny|range=15|entry=150|rr=1.5|sl_atr=1|tp_atr=1.5|threshold=2|adx_max=none|adx_min=none|rsi2=none|trend=ema|max_bars=24,long,42356,42357,42381,2024-08-15 13:45:00+00:00,2024-08-15 14:00:00+00:00,2024-08-15 20:00:00+00:00,0.66245,0.6617,-15.000000000000568,-18.00000000000057,-0.6666666666666982,36.000000000000476,23.999999999999577,3.0,session_close,24,1,0.5,-9.000000000000284,13.499999999999789,18.000000000000238,2024-08-15,6A	reddit_orb_breakout	reddit_orb_breakout|ny|range=15|entry=150|rr=1.5|sl_atr=1|tp_atr=1.5|threshold=2|adx_max=none|adx_min=none|rsi2=none|trend=ema|max_bars=24
futures,6A,reddit_orb_breakout,reddit_orb_breakout|ny|range=15|entry=150|rr=1.5|sl_atr=1|tp_atr=1.5|threshold=2|adx_max=none|adx_min=none|rsi2=none|trend=ema|max_bars=24,long,42453,42454,42463,2024-08-16 15:00:00+00:00,2024-08-16 15:15:00+00:00,2024-08-16 17:30:00+00:00,0.6647,0.6667249999999999,40.49999999999887,37.49999999999887,1.2499999999999938,40.49999999999887,26.999999999999247,3.0,tp,9,1,0.5,18.749999999999435,14.999999999999623,20.249999999999435,2024-08-16,6A	reddit_orb_breakout	reddit_orb_breakout|ny|range=15|entry=150|rr=1.5|sl_atr=1|tp_atr=1.5|threshold=2|adx_max=none|adx_min=none|rsi2=none|trend=ema|max_bars=24
futures,6A,reddit_orb_breakout,reddit_orb_breakout|ny|range=15|entry=150|rr=1.5|sl_atr=1|tp_atr=1.5|threshold=2|adx_max=none|adx_min=none|rsi2=none|trend=ema|max_bars=24,long,42540,42541,42542,2024-08-19 13:45:00+00:00,2024-08-19 14:00:00+00:00,2024-08-19 14:15:00+00:00,0.6707,0.6715999999999999,17.999999999998018,14.999999999998018,0.9999999999999559,17.999999999998018,11.999999999998678,3.0,tp,1,1,0.5,7.499999999999009,7.499999999999339,8.999999999999009,2024-08-19,6A	reddit_orb_breakout	reddit_orb_breakout|ny|range=15|entry=150|rr=1.5|sl_atr=1|tp_atr=1.5|threshold=2|adx_max=none|adx_min=none|rsi2=none|trend=ema|max_bars=24
futures,6A,reddit_orb_breakout,reddit_orb_breakout|ny|range=15|entry=150|rr=1.5|sl_atr=1|tp_atr=1.5|threshold=2|adx_max=none|adx_min=none|rsi2=none|trend=ema|max_bars=24,long,42634,42635,42645,2024-08-20 14:15:00+00:00,2024-08-20 14:30:00+00:00,2024-08-20 17:00:00+00:00,0.67495,0.674,-19.000000000000128,-22.000000000000128,-1.0,28.500000000000192,19.000000000000128,3.0,sl,10,1,0.5,-11.000000000000064,11.000000000000064,14.250000000000096,2024-08-20,6A	reddit_orb_breakout	reddit_orb_breakout|ny|range=15|entry=150|rr=1.5|sl_atr=1|tp_atr=1.5|threshold=2|adx_max=none|adx_min=none|rsi2=none|trend=ema|max_bars=24
futures,6A,reddit_orb_breakout,reddit_orb_breakout|ny|range=15|entry=150|rr=1.5|sl_atr=1|tp_atr=1.5|threshold=2|adx_max=none|adx_min=none|rsi2=none|trend=ema|max_bars=24,long,42727,42728,42731,2024-08-21 14:30:00+00:00,2024-08-21 14:45:00+00:00,2024-08-21 15:30:00+00:00,0.67485,0.6759749999999998,22.49999999999641,19.49999999999641,1.0833333333332333,22.49999999999641,14.999999999998348,3.0,tp,3,1,0.5,9.749999999998206,8.999999999999174,11.249999999998206,2024-08-21,6A	reddit_orb_breakout	reddit_orb_breakout|ny|range=15|entry=150|rr=1.5|sl_atr=1|tp_atr=1.5|threshold=2|adx_max=none|adx_min=none|rsi2=none|trend=ema|max_bars=24
futures,6A,reddit_orb_breakout,reddit_orb_breakout|ny|range=15|entry=150|rr=1.5|sl_atr=1|tp_atr=1.5|threshold=2|adx_max=none|adx_min=none|rsi2=none|trend=ema|max_bars=24,short,42819,42820,42841,2024-08-22 14:30:00+00:00,2024-08-22 14:45:00+00:00,2024-08-22 20:00:00+00:00,0.6712,0.6709,5.999999999999339,2.999999999999339,0.06122448979590566,68.99999999999906,45.999999999999375,3.0,session_close,21,1,0.5,1.4999999999996696,24.499999999999687,34.49999999999953,2024-08-22,6A	reddit_orb_breakout	reddit_orb_breakout|ny|range=15|entry=150|rr=1.5|sl_atr=1|tp_atr=1.5|threshold=2|adx_max=none|adx_min=none|rsi2=none|trend=ema|max_bars=24
futures,6A,reddit_orb_breakout,reddit_orb_breakout|ny|range=15|entry=150|rr=1.5|sl_atr=1|tp_atr=1.5|threshold=2|adx_max=none|adx_min=none|rsi2=none|trend=ema|max_bars=24,long,42909,42910,42933,2024-08-23 14:00:00+00:00,2024-08-23 14:15:00+00:00,2024-08-23 20:00:00+00:00,0.67795,0.6801,42.9999999999997,39.9999999999997,0.3738317757009253,156.00000000000279,104.00000000000186,3.0,session_close,23,1,0.5,19.99999999999985,53.50000000000093,78.00000000000139,2024-08-23,6A	reddit_orb_breakout	reddit_orb_breakout|ny|range=15|entry=150|rr=1.5|sl_atr=1|tp_atr=1.5|threshold=2|adx_max=none|adx_min=none|rsi2=none|trend=ema|max_bars=24
futures,6A,reddit_orb_breakout,reddit_orb_breakout|ny|range=15|entry=150|rr=1.5|sl_atr=1|tp_atr=1.5|threshold=2|adx_max=none|adx_min=none|rsi2=none|trend=ema|max_bars=24,long,43001,43002,43006,2024-08-26 14:00:00+00:00,2024-08-26 14:15:00+00:00,2024-08-26 15:15:00+00:00,0.67835,0.67775,-12.000000000000899,-15.000000000000899,-1.0,18.00000000000246,12.000000000000899,3.0,sl,4,1,0.5,-7.500000000000449,7.500000000000449,9.00000000000123,2024-08-26,6A	reddit_orb_breakout	reddit_orb_breakout|ny|range=15|entry=150|rr=1.5|sl_atr=1|tp_atr=1.5|threshold=2|adx_max=none|adx_min=none|rsi2=none|trend=ema|max_bars=24
futures,6A,reddit_orb_breakout,reddit_orb_breakout|ny|range=15|entry=150|rr=1.5|sl_atr=1|tp_atr=1.5|threshold=2|adx_max=none|adx_min=none|rsi2=none|trend=ema|max_bars=24,long,43094,43095,43110,2024-08-27 14:15:00+00:00,2024-08-27 14:30:00+00:00,2024-08-27 18:15:00+00:00,0.6785,0.6798500000000001,27.000000000001467,24.000000000001467,1.1428571428571999,27.000000000001467,18.000000000000238,3.0,tp,15,1,0.5,12.000000000000734,10.500000000000119,13.500000000000734,2024-08-27,6A	reddit_orb_breakout	reddit_orb_breakout|ny|range=15|entry=150|rr=1.5|sl_atr=1|tp_atr=1.5|threshold=2|adx_max=none|adx_min=none|rsi2=none|trend=ema|max_bars=24
futures,6A,reddit_orb_breakout,reddit_orb_breakout|ny|range=15|entry=150|rr=1.5|sl_atr=1|tp_atr=1.5|threshold=2|adx_max=none|adx_min=none|rsi2=none|trend=ema|max_bars=24,long,43185,43186,43187,2024-08-28 14:00:00+00:00,2024-08-28 14:15:00+00:00,2024-08-28 14:30:00+00:00,0.6784,0.679525,22.500000000000853,19.500000000000853,1.0833333333333466,22.500000000000853,15.000000000000568,3.0,tp,1,1,0.5,9.750000000000426,9.000000000000284,11.250000000000426,2024-08-28,6A	reddit_orb_breakout	reddit_orb_breakout|ny|range=15|entry=150|rr=1.5|sl_atr=1|tp_atr=1.5|threshold=2|adx_max=none|adx_min=none|rsi2=none|trend=ema|max_bars=24
futures,6A,reddit_orb_breakout,reddit_orb_breakout|ny|range=15|entry=150|rr=1.5|sl_atr=1|tp_atr=1.5|threshold=2|adx_max=none|adx_min=none|rsi2=none|trend=ema|max_bars=24,long,43283,43284,43301,2024-08-29 15:30:00+00:00,2024-08-29 15:45:00+00:00,2024-08-29 20:00:00+00:00,0.6801,0.6801,0.0,-3.0,-0.0999999999999951,40.50000000000109,27.000000000001467,3.0,session_close,17,1,0.5,-1.5,15.000000000000734,20.250000000000544,2024-08-29,6A	reddit_orb_breakout	reddit_orb_breakout|ny|range=15|entry=150|rr=1.5|sl_atr=1|tp_atr=1.5|threshold=2|adx_max=none|adx_min=none|rsi2=none|trend=ema|max_bars=24
futures,6A,reddit_orb_breakout,reddit_orb_breakout|ny|range=15|entry=150|rr=1.5|sl_atr=1|tp_atr=1.5|threshold=2|adx_max=none|adx_min=none|rsi2=none|trend=ema|max_bars=24,long,43369,43370,43373,2024-08-30 14:00:00+00:00,2024-08-30 14:15:00+00:00,2024-08-30 15:00:00+00:00,0.67875,0.67785,-18.000000000000238,-21.000000000000238,-1.0,26.999999999999247,18.000000000000238,3.0,sl,3,1,0.5,-10.500000000000119,10.500000000000119,13.499999999999623,2024-08-30,6A	reddit_orb_breakout	reddit_orb_breakout|ny|range=15|entry=150|rr=1.5|sl_atr=1|tp_atr=1.5|threshold=2|adx_max=none|adx_min=none|rsi2=none|trend=ema|max_bars=24
futures,6A,reddit_orb_breakout,reddit_orb_breakout|ny|range=15|entry=150|rr=1.5|sl_atr=1|tp_atr=1.5|threshold=2|adx_max=none|adx_min=none|rsi2=none|trend=ema|max_bars=24,short,43461,43462,43464,2024-09-02 14:00:00+00:00,2024-09-02 14:15:00+00:00,2024-09-02 14:45:00+00:00,0.67785,0.6784,-11.000000000001009,-14.000000000001009,-1.0,16.500000000001513,11.000000000001009,3.0,sl,2,1,0.5,-7.0000000000005045,7.0000000000005045,8.250000000000757,2024-09-02,6A	reddit_orb_breakout	reddit_orb_breakout|ny|range=15|entry=150|rr=1.5|sl_atr=1|tp_atr=1.5|threshold=2|adx_max=none|adx_min=none|rsi2=none|trend=ema|max_bars=24
futures,6A,reddit_orb_breakout,reddit_orb_breakout|ny|range=15|entry=150|rr=1.5|sl_atr=1|tp_atr=1.5|threshold=2|adx_max=none|adx_min=none|rsi2=none|trend=ema|max_bars=24,short,43553,43554,43577,2024-09-03 14:00:00+00:00,2024-09-03 14:15:00+00:00,2024-09-03 20:00:00+00:00,0.6725,0.67145,20.999999999999908,17.999999999999908,0.35294117647057693,72.00000000000317,48.00000000000137,3.0,session_close,23,1,0.5,8.999999999999954,25.500000000000686,36.000000000001585,2024-09-03,6A	reddit_orb_breakout	reddit_orb_breakout|ny|range=15|entry=150|rr=1.5|sl_atr=1|tp_atr=1.5|threshold=2|adx_max=none|adx_min=none|rsi2=none|trend=ema|max_bars=24
futures,6A,reddit_orb_breakout,reddit_orb_breakout|ny|range=15|entry=150|rr=1.5|sl_atr=1|tp_atr=1.5|threshold=2|adx_max=none|adx_min=none|rsi2=none|trend=ema|max_bars=24,short,43650,43651,43669,2024-09-04 15:15:00+00:00,2024-09-04 15:30:00+00:00,2024-09-04 20:00:00+00:00,0.67255,0.67255,-0.0,-3.0,-0.13043478260869557,30.000000000001137,20.000000000000018,3.0,session_close,18,1,0.5,-1.5,11.500000000000009,15.000000000000568,2024-09-04,6A	reddit_orb_breakout	reddit_orb_breakout|ny|range=15|entry=150|rr=1.5|sl_atr=1|tp_atr=1.5|threshold=2|adx_max=none|adx_min=none|rsi2=none|trend=ema|max_bars=24
futures,6A,reddit_orb_breakout,reddit_orb_breakout|ny|range=15|entry=150|rr=1.5|sl_atr=1|tp_atr=1.5|threshold=2|adx_max=none|adx_min=none|rsi2=none|trend=ema|max_bars=24,short,43737,43738,43753,2024-09-05 14:00:00+00:00,2024-09-05 14:15:00+00:00,2024-09-05 18:00:00+00:00,0.6733,0.67415,-17.000000000000348,-20.000000000000348,-1.0,25.500000000000522,17.000000000000348,3.0,sl,15,1,0.5,-10.000000000000174,10.000000000000174,12.750000000000261,2024-09-05,6A	reddit_orb_breakout	reddit_orb_breakout|ny|range=15|entry=150|rr=1.5|sl_atr=1|tp_atr=1.5|threshold=2|adx_max=none|adx_min=none|rsi2=none|trend=ema|max_bars=24
futures,6A,reddit_orb_breakout,reddit_orb_breakout|ny|range=15|entry=150|rr=1.5|sl_atr=1|tp_atr=1.5|threshold=2|adx_max=none|adx_min=none|rsi2=none|trend=ema|max_bars=24,short,43831,43832,43839,2024-09-06 14:30:00+00:00,2024-09-06 14:45:00+00:00,2024-09-06 16:30:00+00:00,0.671,0.6662750000000001,94.49999999999957,91.49999999999957,1.3863636363636358,94.49999999999957,62.99999999999972,3.0,tp,7,1,0.5,45.74999999999979,32.99999999999986,47.24999999999979,2024-09-06,6A	reddit_orb_breakout	reddit_orb_breakout|ny|range=15|entry=150|rr=1.5|sl_atr=1|tp_atr=1.5|threshold=2|adx_max=none|adx_min=none|rsi2=none|trend=ema|max_bars=24
futures,6A,reddit_orb_breakout,reddit_orb_breakout|ny|range=15|entry=150|rr=1.5|sl_atr=1|tp_atr=1.5|threshold=2|adx_max=none|adx_min=none|rsi2=none|trend=ema|max_bars=24,short,43923,43924,43928,2024-09-09 14:30:00+00:00,2024-09-09 14:45:00+00:00,2024-09-09 15:45:00+00:00,0.6655,0.66615,-13.000000000000789,-16.00000000000079,-1.0,19.500000000001183,13.000000000000789,3.0,sl,4,1,0.5,-8.000000000000394,8.000000000000394,9.750000000000592,2024-09-09,6A	reddit_orb_breakout	reddit_orb_breakout|ny|range=15|entry=150|rr=1.5|sl_atr=1|tp_atr=1.5|threshold=2|adx_max=none|adx_min=none|rsi2=none|trend=ema|max_bars=24
futures,6A,reddit_orb_breakout,reddit_orb_breakout|ny|range=15|entry=150|rr=1.5|sl_atr=1|tp_atr=1.5|threshold=2|adx_max=none|adx_min=none|rsi2=none|trend=ema|max_bars=24,short,44012,44013,44037,2024-09-10 13:45:00+00:00,2024-09-10 14:00:00+00:00,2024-09-10 20:00:00+00:00,0.6651,0.66565,-10.999999999998789,-13.999999999998789,-0.4827586206896241,38.999999999997925,25.999999999999357,3.0,session_close,24,1,0.5,-6.999999999999394,14.499999999999678,19.499999999998963,2024-09-10,6A	reddit_orb_breakout	reddit_orb_breakout|ny|range=15|entry=150|rr=1.5|sl_atr=1|tp_atr=1.5|threshold=2|adx_max=none|adx_min=none|rsi2=none|trend=ema|max_bars=24
futures,6A,reddit_orb_breakout,reddit_orb_breakout|ny|range=15|entry=150|rr=1.5|sl_atr=1|tp_atr=1.5|threshold=2|adx_max=none|adx_min=none|rsi2=none|trend=ema|max_bars=24,short,44104,44105,44111,2024-09-11 13:45:00+00:00,2024-09-11 14:00:00+00:00,2024-09-11 15:30:00+00:00,0.66385,0.6652,-26.999999999999247,-29.999999999999247,-1.0,40.49999999999887,26.999999999999247,3.0,sl,6,1,0.5,-14.999999999999623,14.999999999999623,20.249999999999435,2024-09-11,6A	reddit_orb_breakout	reddit_orb_breakout|ny|range=15|entry=150|rr=1.5|sl_atr=1|tp_atr=1.5|threshold=2|adx_max=none|adx_min=none|rsi2=none|trend=ema|max_bars=24
futures,6A,reddit_orb_breakout,reddit_orb_breakout|ny|range=15|entry=150|rr=1.5|sl_atr=1|tp_atr=1.5|threshold=2|adx_max=none|adx_min=none|rsi2=none|trend=ema|max_bars=24,long,44197,44198,44208,2024-09-12 14:00:00+00:00,2024-09-12 14:15:00+00:00,2024-09-12 16:45:00+00:00,0.66835,0.670075,34.49999999999953,31.49999999999953,1.2115384615384581,34.49999999999953,22.999999999999687,3.0,tp,10,1,0.5,15.749999999999766,12.999999999999844,17.249999999999766,2024-09-12,6A	reddit_orb_breakout	reddit_orb_breakout|ny|range=15|entry=150|rr=1.5|sl_atr=1|tp_atr=1.5|threshold=2|adx_max=none|adx_min=none|rsi2=none|trend=ema|max_bars=24
futures,6A,reddit_orb_breakout,reddit_orb_breakout|ny|range=15|entry=150|rr=1.5|sl_atr=1|tp_atr=1.5|threshold=2|adx_max=none|adx_min=none|rsi2=none|trend=ema|max_bars=24,long,44288,44289,44289,2024-09-13 13:45:00+00:00,2024-09-13 14:00:00+00:00,2024-09-13 14:00:00+00:00,0.672,0.67135,-13.000000000000789,-16.00000000000079,-1.0,19.500000000001183,13.000000000000789,3.0,sl,1,1,0.5,-8.000000000000394,8.000000000000394,9.750000000000592,2024-09-13,6A	reddit_orb_breakout	reddit_orb_breakout|ny|range=15|entry=150|rr=1.5|sl_atr=1|tp_atr=1.5|threshold=2|adx_max=none|adx_min=none|rsi2=none|trend=ema|max_bars=24
futures,6A,reddit_orb_breakout,reddit_orb_breakout|ny|range=15|entry=150|rr=1.5|sl_atr=1|tp_atr=1.5|threshold=2|adx_max=none|adx_min=none|rsi2=none|trend=ema|max_bars=24,long,44469,44470,44470,2024-09-17 13:45:00+00:00,2024-09-17 14:00:00+00:00,2024-09-17 14:00:00+00:00,0.676,0.6769750000000001,19.500000000001183,16.500000000001183,1.031250000000023,19.500000000001183,13.000000000000789,3.0,tp,1,1,0.5,8.250000000000592,8.000000000000394,9.750000000000592,2024-09-17,6A	reddit_orb_breakout	reddit_orb_breakout|ny|range=15|entry=150|rr=1.5|sl_atr=1|tp_atr=1.5|threshold=2|adx_max=none|adx_min=none|rsi2=none|trend=ema|max_bars=24
futures,6A,reddit_capitulation_reversion,reddit_capitulation_reversion|ny|range=15|entry=150|rr=2.5|sl_atr=1|tp_atr=1.5|threshold=1.75|adx_max=none|adx_min=none|rsi2=10.0|trend=long_only|max_bars=24,long,44563,44564,44585,2024-09-18 14:15:00+00:00,2024-09-18 14:30:00+00:00,2024-09-18 19:45:00+00:00,0.6778,0.6757666,-40.66799999999926,-43.66799999999926,-1.0,101.67000000000037,40.66799999999926,3.0,sl,21,50,0.5,-1091.6999999999814,1091.6999999999814,2541.750000000009,2024-09-18,6A	reddit_capitulation_reversion	reddit_capitulation_reversion|ny|range=15|entry=150|rr=2.5|sl_atr=1|tp_atr=1.5|threshold=1.75|adx_max=none|adx_min=none|rsi2=10.0|trend=long_only|max_bars=24
futures,6A,reddit_capitulation_reversion,reddit_capitulation_reversion|ny|range=15|entry=150|rr=2.5|sl_atr=1|tp_atr=1.5|threshold=1.75|adx_max=none|adx_min=none|rsi2=10.0|trend=long_only|max_bars=24,long,44654,44655,44678,2024-09-19 14:00:00+00:00,2024-09-19 14:15:00+00:00,2024-09-19 20:00:00+00:00,0.67955,0.6819,46.99999999999926,43.99999999999926,1.0051858451556586,101.93249999999931,40.773000000000614,3.0,session_close,23,50,0.5,1099.9999999999816,1094.3250000000153,2548.3124999999827,2024-09-19,6A	reddit_capitulation_reversion	reddit_capitulation_reversion|ny|range=15|entry=150|rr=2.5|sl_atr=1|tp_atr=1.5|threshold=1.75|adx_max=none|adx_min=none|rsi2=10.0|trend=long_only|max_bars=24
futures,6A,reddit_orb_breakout,reddit_orb_breakout|ny|range=15|entry=150|rr=1.5|sl_atr=1|tp_atr=1.5|threshold=2|adx_max=none|adx_min=none|rsi2=none|trend=ema|max_bars=24,long,44662,44663,44678,2024-09-19 16:00:00+00:00,2024-09-19 16:15:00+00:00,2024-09-19 20:00:00+00:00,0.6823,0.6819,-8.00000000000134,-11.00000000000134,-0.28205128205131297,54.00000000000071,36.000000000000476,3.0,session_close,15,1,0.5,-5.50000000000067,19.500000000000238,27.000000000000355,2024-09-19,6A	reddit_orb_breakout	reddit_orb_breakout|ny|range=15|entry=150|rr=1.5|sl_atr=1|tp_atr=1.5|threshold=2|adx_max=none|adx_min=none|rsi2=none|trend=ema|max_bars=24
futures,6A,reddit_orb_breakout,reddit_orb_breakout|ny|range=15|entry=150|rr=1.5|sl_atr=1|tp_atr=1.5|threshold=2|adx_max=none|adx_min=none|rsi2=none|trend=ema|max_bars=24,long,44754,44755,44770,2024-09-20 16:00:00+00:00,2024-09-20 16:15:00+00:00,2024-09-20 20:00:00+00:00,0.6817,0.68115,-10.999999999998789,-13.999999999998789,-0.45161290322577996,41.999999999999815,27.999999999999137,3.0,session_close,15,1,0.5,-6.999999999999394,15.499999999999568,20.999999999999908,2024-09-20,6A	reddit_orb_breakout	reddit_orb_breakout|ny|range=15|entry=150|rr=1.5|sl_atr=1|tp_atr=1.5|threshold=2|adx_max=none|adx_min=none|rsi2=none|trend=ema|max_bars=24
futures,6A,reddit_orb_breakout,reddit_orb_breakout|ny|range=15|entry=150|rr=1.5|sl_atr=1|tp_atr=1.5|threshold=2|adx_max=none|adx_min=none|rsi2=none|trend=ema|max_bars=24,long,44839,44840,44848,2024-09-23 14:15:00+00:00,2024-09-23 14:30:00+00:00,2024-09-23 16:30:00+00:00,0.6851,0.68415,-19.000000000000128,-22.000000000000128,-1.0,28.500000000000192,19.000000000000128,3.0,sl,8,1,0.5,-11.000000000000064,11.000000000000064,14.250000000000096,2024-09-23,6A	reddit_orb_breakout	reddit_orb_breakout|ny|range=15|entry=150|rr=1.5|sl_atr=1|tp_atr=1.5|threshold=2|adx_max=none|adx_min=none|rsi2=none|trend=ema|max_bars=24
futures,6A,reddit_orb_breakout,reddit_orb_breakout|ny|range=15|entry=150|rr=1.5|sl_atr=1|tp_atr=1.5|threshold=2|adx_max=none|adx_min=none|rsi2=none|trend=ema|max_bars=24,long,44930,44931,44932,2024-09-24 14:00:00+00:00,2024-09-24 14:15:00+00:00,2024-09-24 14:30:00+00:00,0.688,0.6872,-15.999999999998238,-18.999999999998238,-1.0,23.999999999997357,15.999999999998238,3.0,sl,1,1,0.5,-9.499999999999119,9.499999999999119,11.999999999998678,2024-09-24,6A	reddit_orb_breakout	reddit_orb_breakout|ny|range=15|entry=150|rr=1.5|sl_atr=1|tp_atr=1.5|threshold=2|adx_max=none|adx_min=none|rsi2=none|trend=ema|max_bars=24
futures,6A,reddit_capitulation_reversion,reddit_capitulation_reversion|ny|range=15|entry=150|rr=2.5|sl_atr=1|tp_atr=1.5|threshold=1.75|adx_max=none|adx_min=none|rsi2=10.0|trend=long_only|max_bars=24,long,45022,45023,45028,2024-09-25 14:00:00+00:00,2024-09-25 14:15:00+00:00,2024-09-25 15:30:00+00:00,0.68705,0.6849888500000001,-41.22299999999912,-44.22299999999912,-1.0,103.05749999999891,41.22299999999912,3.0,sl,5,50,0.5,-1105.574999999978,1105.574999999978,2576.4374999999727,2024-09-25,6A	reddit_capitulation_reversion	reddit_capitulation_reversion|ny|range=15|entry=150|rr=2.5|sl_atr=1|tp_atr=1.5|threshold=1.75|adx_max=none|adx_min=none|rsi2=10.0|trend=long_only|max_bars=24
futures,6A,reddit_orb_breakout,reddit_orb_breakout|ny|range=15|entry=150|rr=1.5|sl_atr=1|tp_atr=1.5|threshold=2|adx_max=none|adx_min=none|rsi2=none|trend=ema|max_bars=24,long,45119,45120,45138,2024-09-26 15:15:00+00:00,2024-09-26 15:30:00+00:00,2024-09-26 20:00:00+00:00,0.6896,0.6898,3.9999999999995595,0.9999999999995595,0.02702702702701461,51.000000000001044,34.000000000000696,3.0,session_close,18,1,0.5,0.49999999999977973,18.500000000000348,25.500000000000522,2024-09-26,6A	reddit_orb_breakout	reddit_orb_breakout|ny|range=15|entry=150|rr=1.5|sl_atr=1|tp_atr=1.5|threshold=2|adx_max=none|adx_min=none|rsi2=none|trend=ema|max_bars=24
futures,6A,reddit_orb_breakout,reddit_orb_breakout|ny|range=15|entry=150|rr=1.5|sl_atr=1|tp_atr=1.5|threshold=2|adx_max=none|adx_min=none|rsi2=none|trend=ema|max_bars=24,long,45206,45207,45212,2024-09-27 14:00:00+00:00,2024-09-27 14:15:00+00:00,2024-09-27 15:30:00+00:00,0.69345,0.69245,-20.000000000000018,-23.000000000000018,-1.0,29.999999999998916,20.000000000000018,3.0,sl,5,1,0.5,-11.500000000000009,11.500000000000009,14.999999999999458,2024-09-27,6A	reddit_orb_breakout	reddit_orb_breakout|ny|range=15|entry=150|rr=1.5|sl_atr=1|tp_atr=1.5|threshold=2|adx_max=none|adx_min=none|rsi2=none|trend=ema|max_bars=24
futures,6A,reddit_orb_breakout,reddit_orb_breakout|ny|range=15|entry=150|rr=1.5|sl_atr=1|tp_atr=1.5|threshold=2|adx_max=none|adx_min=none|rsi2=none|trend=ema|max_bars=24,long,45302,45303,45304,2024-09-30 15:00:00+00:00,2024-09-30 15:15:00+00:00,2024-09-30 15:30:00+00:00,0.69435,0.69385,-10.000000000001119,-13.000000000001119,-1.0,15.000000000000568,10.000000000001119,3.0,sl,1,1,0.5,-6.5000000000005596,6.5000000000005596,7.500000000000284,2024-09-30,6A	reddit_orb_breakout	reddit_orb_breakout|ny|range=15|entry=150|rr=1.5|sl_atr=1|tp_atr=1.5|threshold=2|adx_max=none|adx_min=none|rsi2=none|trend=ema|max_bars=24
futures,6A,reddit_capitulation_reversion,reddit_capitulation_reversion|ny|range=15|entry=150|rr=2.5|sl_atr=1|tp_atr=1.5|threshold=1.75|adx_max=none|adx_min=none|rsi2=10.0|trend=long_only|max_bars=24,long,45314,45315,45322,2024-09-30 18:00:00+00:00,2024-09-30 18:15:00+00:00,2024-09-30 20:00:00+00:00,0.6922,0.69195,-5.00000000000167,-8.00000000000167,-0.17964609718857738,103.83000000000031,41.53199999999968,3.0,session_close,7,50,0.5,-200.00000000004175,1113.299999999992,2595.7500000000077,2024-09-30,6A	reddit_capitulation_reversion	reddit_capitulation_reversion|ny|range=15|entry=150|rr=2.5|sl_atr=1|tp_atr=1.5|threshold=1.75|adx_max=none|adx_min=none|rsi2=10.0|trend=long_only|max_bars=24
futures,6A,reddit_orb_breakout,reddit_orb_breakout|ny|range=15|entry=150|rr=1.5|sl_atr=1|tp_atr=1.5|threshold=2|adx_max=none|adx_min=none|rsi2=none|trend=ema|max_bars=24,short,45574,45575,45575,2024-10-03 14:00:00+00:00,2024-10-03 14:15:00+00:00,2024-10-03 14:15:00+00:00,0.6848,0.68565,-17.000000000000348,-20.000000000000348,-1.0,25.500000000000522,17.000000000000348,3.0,sl,1,1,0.5,-10.000000000000174,10.000000000000174,12.750000000000261,2024-10-03,6A	reddit_orb_breakout	reddit_orb_breakout|ny|range=15|entry=150|rr=1.5|sl_atr=1|tp_atr=1.5|threshold=2|adx_max=none|adx_min=none|rsi2=none|trend=ema|max_bars=24
futures,6A,reddit_orb_breakout,reddit_orb_breakout|ny|range=15|entry=150|rr=1.5|sl_atr=1|tp_atr=1.5|threshold=2|adx_max=none|adx_min=none|rsi2=none|trend=ema|max_bars=24,short,45671,45672,45690,2024-10-04 15:15:00+00:00,2024-10-04 15:30:00+00:00,2024-10-04 20:00:00+00:00,0.6795,0.68035,-17.000000000000348,-20.000000000000348,-0.5555555555555528,49.5000000000001,33.0000000000008,3.0,session_close,18,1,0.5,-10.000000000000174,18.0000000000004,24.75000000000005,2024-10-04,6A	reddit_orb_breakout	reddit_orb_breakout|ny|range=15|entry=150|rr=1.5|sl_atr=1|tp_atr=1.5|threshold=2|adx_max=none|adx_min=none|rsi2=none|trend=ema|max_bars=24
futures,6A,reddit_orb_breakout,reddit_orb_breakout|ny|range=15|entry=150|rr=1.5|sl_atr=1|tp_atr=1.5|threshold=2|adx_max=none|adx_min=none|rsi2=none|trend=ema|max_bars=24,short,45759,45760,45777,2024-10-07 14:15:00+00:00,2024-10-07 14:30:00+00:00,2024-10-07 18:45:00+00:00,0.6776,0.6752749999999998,46.50000000000265,43.50000000000265,1.2794117647059218,46.50000000000265,31.000000000001027,3.0,tp,17,1,0.5,21.750000000001325,17.00000000000051,23.250000000001325,2024-10-07,6A	reddit_orb_breakout	reddit_orb_breakout|ny|range=15|entry=150|rr=1.5|sl_atr=1|tp_atr=1.5|threshold=2|adx_max=none|adx_min=none|rsi2=none|trend=ema|max_bars=24
futures,6A,reddit_orb_breakout,reddit_orb_breakout|ny|range=15|entry=150|rr=1.5|sl_atr=1|tp_atr=1.5|threshold=2|adx_max=none|adx_min=none|rsi2=none|trend=ema|max_bars=24,short,45851,45852,45857,2024-10-08 14:15:00+00:00,2024-10-08 14:30:00+00:00,2024-10-08 15:45:00+00:00,0.67325,0.67395,-14.000000000000679,-17.00000000000068,-1.0,21.000000000002128,14.000000000000679,3.0,sl,5,1,0.5,-8.50000000000034,8.50000000000034,10.500000000001064,2024-10-08,6A	reddit_orb_breakout	reddit_orb_breakout|ny|range=15|entry=150|rr=1.5|sl_atr=1|tp_atr=1.5|threshold=2|adx_max=none|adx_min=none|rsi2=none|trend=ema|max_bars=24
futures,6A,reddit_orb_breakout,reddit_orb_breakout|ny|range=15|entry=150|rr=1.5|sl_atr=1|tp_atr=1.5|threshold=2|adx_max=none|adx_min=none|rsi2=none|trend=ema|max_bars=24,short,45944,45945,45946,2024-10-09 14:30:00+00:00,2024-10-09 14:45:00+00:00,2024-10-09 15:00:00+00:00,0.6715,0.6723,-16.00000000000046,-19.00000000000046,-1.0,24.000000000001798,16.00000000000046,3.0,sl,1,1,0.5,-9.50000000000023,9.50000000000023,12.000000000000899,2024-10-09,6A	reddit_orb_breakout	reddit_orb_breakout|ny|range=15|entry=150|rr=1.5|sl_atr=1|tp_atr=1.5|threshold=2|adx_max=none|adx_min=none|rsi2=none|trend=ema|max_bars=24
futures,6A,reddit_orb_breakout,reddit_orb_breakout|ny|range=15|entry=150|rr=1.5|sl_atr=1|tp_atr=1.5|threshold=2|adx_max=none|adx_min=none|rsi2=none|trend=ema|max_bars=24,long,46126,46127,46150,2024-10-11 14:00:00+00:00,2024-10-11 14:15:00+00:00,2024-10-11 20:00:00+00:00,0.6749,0.67585,18.999999999997907,15.999999999997907,0.6153846153844897,34.50000000000397,23.000000000001908,3.0,session_close,23,1,0.5,7.999999999998954,13.000000000000954,17.250000000001986,2024-10-11,6A	reddit_orb_breakout	reddit_orb_breakout|ny|range=15|entry=150|rr=1.5|sl_atr=1|tp_atr=1.5|threshold=2|adx_max=none|adx_min=none|rsi2=none|trend=ema|max_bars=24
futures,6A,reddit_orb_breakout,reddit_orb_breakout|ny|range=15|entry=150|rr=1.5|sl_atr=1|tp_atr=1.5|threshold=2|adx_max=none|adx_min=none|rsi2=none|trend=ema|max_bars=24,short,46309,46310,46311,2024-10-15 13:45:00+00:00,2024-10-15 14:00:00+00:00,2024-10-15 14:15:00+00:00,0.67245,0.673,-11.000000000001009,-14.000000000001009,-1.0,16.500000000001513,11.000000000001009,3.0,sl,1,1,0.5,-7.0000000000005045,7.0000000000005045,8.250000000000757,2024-10-15,6A	reddit_orb_breakout	reddit_orb_breakout|ny|range=15|entry=150|rr=1.5|sl_atr=1|tp_atr=1.5|threshold=2|adx_max=none|adx_min=none|rsi2=none|trend=ema|max_bars=24
futures,6A,reddit_orb_breakout,reddit_orb_breakout|ny|range=15|entry=150|rr=1.5|sl_atr=1|tp_atr=1.5|threshold=2|adx_max=none|adx_min=none|rsi2=none|trend=ema|max_bars=24,short,46403,46404,46426,2024-10-16 14:15:00+00:00,2024-10-16 14:30:00+00:00,2024-10-16 20:00:00+00:00,0.6673,0.667,5.999999999999339,2.999999999999339,0.1666666666666247,22.500000000000853,15.000000000000568,3.0,session_close,22,1,0.5,1.4999999999996696,9.000000000000284,11.250000000000426,2024-10-16,6A	reddit_orb_breakout	reddit_orb_breakout|ny|range=15|entry=150|rr=1.5|sl_atr=1|tp_atr=1.5|threshold=2|adx_max=none|adx_min=none|rsi2=none|trend=ema|max_bars=24
futures,6A,reddit_capitulation_reversion,reddit_capitulation_reversion|ny|range=15|entry=150|rr=2.5|sl_atr=1|tp_atr=1.5|threshold=1.75|adx_max=none|adx_min=none|rsi2=10.0|trend=long_only|max_bars=24,long,46586,46587,46610,2024-10-18 14:00:00+00:00,2024-10-18 14:15:00+00:00,2024-10-18 20:00:00+00:00,0.6712,0.67095,-4.999999999999449,-7.999999999999449,-0.18487705675724808,100.67999999999965,40.271999999998975,3.0,session_close,23,50,0.5,-199.99999999998624,1081.7999999999745,2516.9999999999914,2024-10-18,6A	reddit_capitulation_reversion	reddit_capitulation_reversion|ny|range=15|entry=150|rr=2.5|sl_atr=1|tp_atr=1.5|threshold=1.75|adx_max=none|adx_min=none|rsi2=10.0|trend=long_only|max_bars=24
futures,6A,reddit_orb_breakout,reddit_orb_breakout|ny|range=15|entry=150|rr=1.5|sl_atr=1|tp_atr=1.5|threshold=2|adx_max=none|adx_min=none|rsi2=none|trend=ema|max_bars=24,short,46678,46679,46680,2024-10-21 14:00:00+00:00,2024-10-21 14:15:00+00:00,2024-10-21 14:30:00+00:00,0.66925,0.668425,16.499999999999293,13.499999999999293,0.9642857142857473,16.499999999999293,10.999999999998789,3.0,tp,1,1,0.5,6.7499999999996465,6.999999999999394,8.249999999999647,2024-10-21,6A	reddit_orb_breakout	reddit_orb_breakout|ny|range=15|entry=150|rr=1.5|sl_atr=1|tp_atr=1.5|threshold=2|adx_max=none|adx_min=none|rsi2=none|trend=ema|max_bars=24
futures,6A,reddit_orb_breakout,reddit_orb_breakout|ny|range=15|entry=150|rr=1.5|sl_atr=1|tp_atr=1.5|threshold=2|adx_max=none|adx_min=none|rsi2=none|trend=ema|max_bars=24,short,46769,46770,46794,2024-10-22 13:45:00+00:00,2024-10-22 14:00:00+00:00,2024-10-22 20:00:00+00:00,0.66885,0.6684,8.999999999999009,5.999999999999009,0.23999999999994098,33.00000000000303,22.000000000002018,3.0,session_close,24,1,0.5,2.9999999999995044,12.500000000001009,16.500000000001513,2024-10-22,6A	reddit_orb_breakout	reddit_orb_breakout|ny|range=15|entry=150|rr=1.5|sl_atr=1|tp_atr=1.5|threshold=2|adx_max=none|adx_min=none|rsi2=none|trend=ema|max_bars=24
futures,6A,reddit_orb_breakout,reddit_orb_breakout|ny|range=15|entry=150|rr=1.5|sl_atr=1|tp_atr=1.5|threshold=2|adx_max=none|adx_min=none|rsi2=none|trend=ema|max_bars=24,short,46862,46863,46872,2024-10-23 14:00:00+00:00,2024-10-23 14:15:00+00:00,2024-10-23 16:30:00+00:00,0.66395,0.6629000000000002,20.999999999997687,17.999999999997687,1.0588235294117248,20.999999999997687,13.999999999998458,3.0,tp,9,1,0.5,8.999999999998844,8.499999999999229,10.499999999998844,2024-10-23,6A	reddit_orb_breakout	reddit_orb_breakout|ny|range=15|entry=150|rr=1.5|sl_atr=1|tp_atr=1.5|threshold=2|adx_max=none|adx_min=none|rsi2=none|trend=ema|max_bars=24
futures,6A,reddit_orb_breakout,reddit_orb_breakout|ny|range=15|entry=150|rr=1.5|sl_atr=1|tp_atr=1.5|threshold=2|adx_max=none|adx_min=none|rsi2=none|trend=ema|max_bars=24,short,46953,46954,46957,2024-10-24 13:45:00+00:00,2024-10-24 14:00:00+00:00,2024-10-24 14:45:00+00:00,0.66485,0.6636500000000002,23.999999999997357,20.999999999997357,1.1052631578947003,23.999999999997357,15.999999999998238,3.0,tp,3,1,0.5,10.499999999998678,9.499999999999119,11.999999999998678,2024-10-24,6A	reddit_orb_breakout	reddit_orb_breakout|ny|range=15|entry=150|rr=1.5|sl_atr=1|tp_atr=1.5|threshold=2|adx_max=none|adx_min=none|rsi2=none|trend=ema|max_bars=24
futures,6A,reddit_orb_breakout,reddit_orb_breakout|ny|range=15|entry=150|rr=1.5|sl_atr=1|tp_atr=1.5|threshold=2|adx_max=none|adx_min=none|rsi2=none|trend=ema|max_bars=24,short,47045,47046,47052,2024-10-25 13:45:00+00:00,2024-10-25 14:00:00+00:00,2024-10-25 15:30:00+00:00,0.6641,0.662825,25.500000000000522,22.500000000000522,1.1250000000000064,25.500000000000522,17.000000000000348,3.0,tp,6,1,0.5,11.250000000000261,10.000000000000174,12.750000000000261,2024-10-25,6A	reddit_orb_breakout	reddit_orb_breakout|ny|range=15|entry=150|rr=1.5|sl_atr=1|tp_atr=1.5|threshold=2|adx_max=none|adx_min=none|rsi2=none|trend=ema|max_bars=24
futures,6A,reddit_orb_breakout,reddit_orb_breakout|ny|range=15|entry=150|rr=1.5|sl_atr=1|tp_atr=1.5|threshold=2|adx_max=none|adx_min=none|rsi2=none|trend=ema|max_bars=24,short,47138,47139,47148,2024-10-28 14:00:00+00:00,2024-10-28 14:15:00+00:00,2024-10-28 16:30:00+00:00,0.66025,0.6589,26.999999999999247,23.999999999999247,1.142857142857094,26.999999999999247,18.000000000000238,3.0,tp,9,1,0.5,11.999999999999623,10.500000000000119,13.499999999999623,2024-10-28,6A	reddit_orb_breakout	reddit_orb_breakout|ny|range=15|entry=150|rr=1.5|sl_atr=1|tp_atr=1.5|threshold=2|adx_max=none|adx_min=none|rsi2=none|trend=ema|max_bars=24
futures,6A,reddit_orb_breakout,reddit_orb_breakout|ny|range=15|entry=150|rr=1.5|sl_atr=1|tp_atr=1.5|threshold=2|adx_max=none|adx_min=none|rsi2=none|trend=ema|max_bars=24,short,47235,47236,47237,2024-10-29 15:15:00+00:00,2024-10-29 15:30:00+00:00,2024-10-29 15:45:00+00:00,0.655,0.65595,-19.000000000000128,-22.000000000000128,-1.0,28.500000000000192,19.000000000000128,3.0,sl,1,1,0.5,-11.000000000000064,11.000000000000064,14.250000000000096,2024-10-29,6A	reddit_orb_breakout	reddit_orb_breakout|ny|range=15|entry=150|rr=1.5|sl_atr=1|tp_atr=1.5|threshold=2|adx_max=none|adx_min=none|rsi2=none|trend=ema|max_bars=24
futures,6A,reddit_orb_breakout,reddit_orb_breakout|ny|range=15|entry=150|rr=1.5|sl_atr=1|tp_atr=1.5|threshold=2|adx_max=none|adx_min=none|rsi2=none|trend=ema|max_bars=24,short,47413,47414,47430,2024-10-31 13:45:00+00:00,2024-10-31 14:00:00+00:00,2024-10-31 18:00:00+00:00,0.6552,0.6574,-43.999999999999595,-46.999999999999595,-1.0,65.99999999999939,43.999999999999595,3.0,sl,16,1,0.5,-23.499999999999797,23.499999999999797,32.999999999999694,2024-10-31,6A	reddit_orb_breakout	reddit_orb_breakout|ny|range=15|entry=150|rr=1.5|sl_atr=1|tp_atr=1.5|threshold=2|adx_max=none|adx_min=none|rsi2=none|trend=ema|max_bars=24
futures,6A,reddit_orb_breakout,reddit_orb_breakout|ny|range=15|entry=150|rr=1.5|sl_atr=1|tp_atr=1.5|threshold=2|adx_max=none|adx_min=none|rsi2=none|trend=ema|max_bars=24,short,47508,47509,47530,2024-11-01 14:30:00+00:00,2024-11-01 14:45:00+00:00,2024-11-01 20:00:00+00:00,0.6574,0.65585,30.999999999998806,27.999999999998806,0.7368421052631152,52.50000000000199,35.00000000000058,3.0,session_close,21,1,0.5,13.999999999999403,19.00000000000029,26.250000000000995,2024-11-01,6A	reddit_orb_breakout	reddit_orb_breakout|ny|range=15|entry=150|rr=1.5|sl_atr=1|tp_atr=1.5|threshold=2|adx_max=none|adx_min=none|rsi2=none|trend=ema|max_bars=24
futures,6A,reddit_orb_breakout,reddit_orb_breakout|ny|range=15|entry=150|rr=1.5|sl_atr=1|tp_atr=1.5|threshold=2|adx_max=none|adx_min=none|rsi2=none|trend=ema|max_bars=24,long,47598,47599,47602,2024-11-04 15:00:00+00:00,2024-11-04 15:15:00+00:00,2024-11-04 16:00:00+00:00,0.661,0.6598,-23.999999999999577,-26.999999999999577,-1.0,36.000000000000476,23.999999999999577,3.0,sl,3,1,0.5,-13.499999999999789,13.499999999999789,18.000000000000238,2024-11-04,6A	reddit_orb_breakout	reddit_orb_breakout|ny|range=15|entry=150|rr=1.5|sl_atr=1|tp_atr=1.5|threshold=2|adx_max=none|adx_min=none|rsi2=none|trend=ema|max_bars=24
futures,6A,reddit_orb_breakout,reddit_orb_breakout|ny|range=15|entry=150|rr=1.5|sl_atr=1|tp_atr=1.5|threshold=2|adx_max=none|adx_min=none|rsi2=none|trend=ema|max_bars=24,long,47694,47695,47696,2024-11-05 16:00:00+00:00,2024-11-05 16:15:00+00:00,2024-11-05 16:30:00+00:00,0.66425,0.66355,-14.000000000000679,-17.00000000000068,-1.0,20.999999999999908,14.000000000000679,3.0,sl,1,1,0.5,-8.50000000000034,8.50000000000034,10.499999999999954,2024-11-05,6A	reddit_orb_breakout	reddit_orb_breakout|ny|range=15|entry=150|rr=1.5|sl_atr=1|tp_atr=1.5|threshold=2|adx_max=none|adx_min=none|rsi2=none|trend=ema|max_bars=24
futures,6A,reddit_orb_breakout,reddit_orb_breakout|ny|range=15|entry=150|rr=1.5|sl_atr=1|tp_atr=1.5|threshold=2|adx_max=none|adx_min=none|rsi2=none|trend=ema|max_bars=24,short,47781,47782,47782,2024-11-06 14:45:00+00:00,2024-11-06 15:00:00+00:00,2024-11-06 15:00:00+00:00,0.6555,0.65655,-20.999999999999908,-23.999999999999908,-1.0,31.49999999999986,20.999999999999908,3.0,sl,1,1,0.5,-11.999999999999954,11.999999999999954,15.74999999999993,2024-11-06,6A	reddit_orb_breakout	reddit_orb_breakout|ny|range=15|entry=150|rr=1.5|sl_atr=1|tp_atr=1.5|threshold=2|adx_max=none|adx_min=none|rsi2=none|trend=ema|max_bars=24
futures,6A,reddit_orb_breakout,reddit_orb_breakout|ny|range=15|entry=150|rr=1.5|sl_atr=1|tp_atr=1.5|threshold=2|adx_max=none|adx_min=none|rsi2=none|trend=ema|max_bars=24,long,47873,47874,47890,2024-11-07 14:45:00+00:00,2024-11-07 15:00:00+00:00,2024-11-07 19:00:00+00:00,0.66785,0.6661,-35.00000000000058,-38.00000000000058,-1.0,52.50000000000199,35.00000000000058,3.0,sl,16,1,0.5,-19.00000000000029,19.00000000000029,26.250000000000995,2024-11-07,6A	reddit_orb_breakout	reddit_orb_breakout|ny|range=15|entry=150|rr=1.5|sl_atr=1|tp_atr=1.5|threshold=2|adx_max=none|adx_min=none|rsi2=none|trend=ema|max_bars=24
futures,6A,reddit_orb_breakout,reddit_orb_breakout|ny|range=15|entry=150|rr=1.5|sl_atr=1|tp_atr=1.5|threshold=2|adx_max=none|adx_min=none|rsi2=none|trend=ema|max_bars=24,short,47970,47971,47990,2024-11-08 16:00:00+00:00,2024-11-08 16:15:00+00:00,2024-11-08 21:00:00+00:00,0.65905,0.65845,12.000000000000899,9.000000000000899,0.1636363636363838,77.99999999999807,51.999999999998714,3.0,session_close,19,1,0.5,4.500000000000449,27.499999999999357,38.999999999999034,2024-11-08,6A	reddit_orb_breakout	reddit_orb_breakout|ny|range=15|entry=150|rr=1.5|sl_atr=1|tp_atr=1.5|threshold=2|adx_max=none|adx_min=none|rsi2=none|trend=ema|max_bars=24
futures,6A,reddit_orb_breakout,reddit_orb_breakout|ny|range=15|entry=150|rr=1.5|sl_atr=1|tp_atr=1.5|threshold=2|adx_max=none|adx_min=none|rsi2=none|trend=ema|max_bars=24,short,48067,48068,48082,2024-11-11 17:15:00+00:00,2024-11-11 17:30:00+00:00,2024-11-11 21:00:00+00:00,0.6569,0.65745,-10.999999999998789,-13.999999999998789,-0.5599999999999561,32.999999999998586,21.999999999999797,3.0,session_close,14,1,0.5,-6.999999999999394,12.499999999999899,16.499999999999293,2024-11-11,6A	reddit_orb_breakout	reddit_orb_breakout|ny|range=15|entry=150|rr=1.5|sl_atr=1|tp_atr=1.5|threshold=2|adx_max=none|adx_min=none|rsi2=none|trend=ema|max_bars=24
futures,6A,reddit_orb_breakout,reddit_orb_breakout|ny|range=15|entry=150|rr=1.5|sl_atr=1|tp_atr=1.5|threshold=2|adx_max=none|adx_min=none|rsi2=none|trend=ema|max_bars=24,short,48151,48152,48157,2024-11-12 15:15:00+00:00,2024-11-12 15:30:00+00:00,2024-11-12 16:45:00+00:00,0.65395,0.6526000000000001,26.999999999999247,23.999999999999247,1.142857142857094,26.999999999999247,18.000000000000238,3.0,tp,5,1,0.5,11.999999999999623,10.500000000000119,13.499999999999623,2024-11-12,6A	reddit_orb_breakout	reddit_orb_breakout|ny|range=15|entry=150|rr=1.5|sl_atr=1|tp_atr=1.5|threshold=2|adx_max=none|adx_min=none|rsi2=none|trend=ema|max_bars=24
futures,6A,reddit_orb_breakout,reddit_orb_breakout|ny|range=15|entry=150|rr=1.5|sl_atr=1|tp_atr=1.5|threshold=2|adx_max=none|adx_min=none|rsi2=none|trend=ema|max_bars=24,short,48241,48242,48266,2024-11-13 14:45:00+00:00,2024-11-13 15:00:00+00:00,2024-11-13 21:00:00+00:00,0.6501,0.64855,31.000000000001027,28.000000000001027,0.5600000000000288,70.49999999999778,46.99999999999926,3.0,session_close,24,1,0.5,14.000000000000513,24.99999999999963,35.24999999999889,2024-11-13,6A	reddit_orb_breakout	reddit_orb_breakout|ny|range=15|entry=150|rr=1.5|sl_atr=1|tp_atr=1.5|threshold=2|adx_max=none|adx_min=none|rsi2=none|trend=ema|max_bars=24
futures,6A,reddit_orb_breakout,reddit_orb_breakout|ny|range=15|entry=150|rr=1.5|sl_atr=1|tp_atr=1.5|threshold=2|adx_max=none|adx_min=none|rsi2=none|trend=ema|max_bars=24,short,48333,48334,48337,2024-11-14 14:45:00+00:00,2024-11-14 15:00:00+00:00,2024-11-14 15:45:00+00:00,0.64735,0.6485,-22.999999999999687,-25.999999999999687,-1.0,34.49999999999953,22.999999999999687,3.0,sl,3,1,0.5,-12.999999999999844,12.999999999999844,17.249999999999766,2024-11-14,6A	reddit_orb_breakout	reddit_orb_breakout|ny|range=15|entry=150|rr=1.5|sl_atr=1|tp_atr=1.5|threshold=2|adx_max=none|adx_min=none|rsi2=none|trend=ema|max_bars=24
futures,6A,reddit_orb_breakout,reddit_orb_breakout|ny|range=15|entry=150|rr=1.5|sl_atr=1|tp_atr=1.5|threshold=2|adx_max=none|adx_min=none|rsi2=none|trend=ema|max_bars=24,long,48612,48613,48633,2024-11-19 15:30:00+00:00,2024-11-19 15:45:00+00:00,2024-11-19 20:45:00+00:00,0.652,0.653425,28.500000000000192,25.500000000000192,1.1590909090909112,28.500000000000192,19.000000000000128,3.0,tp,20,1,0.5,12.750000000000096,11.000000000000064,14.250000000000096,2024-11-19,6A	reddit_orb_breakout	reddit_orb_breakout|ny|range=15|entry=150|rr=1.5|sl_atr=1|tp_atr=1.5|threshold=2|adx_max=none|adx_min=none|rsi2=none|trend=ema|max_bars=24
futures,6A,reddit_orb_breakout,reddit_orb_breakout|ny|range=15|entry=150|rr=1.5|sl_atr=1|tp_atr=1.5|threshold=2|adx_max=none|adx_min=none|rsi2=none|trend=ema|max_bars=24,long,48793,48794,48797,2024-11-21 14:45:00+00:00,2024-11-21 15:00:00+00:00,2024-11-21 15:45:00+00:00,0.65295,0.65185,-21.999999999999797,-24.999999999999797,-1.0,33.0000000000008,21.999999999999797,3.0,sl,3,1,0.5,-12.499999999999899,12.499999999999899,16.5000000000004,2024-11-21,6A	reddit_orb_breakout	reddit_orb_breakout|ny|range=15|entry=150|rr=1.5|sl_atr=1|tp_atr=1.5|threshold=2|adx_max=none|adx_min=none|rsi2=none|trend=ema|max_bars=24
futures,6A,reddit_capitulation_reversion,reddit_capitulation_reversion|ny|range=15|entry=150|rr=2.5|sl_atr=1|tp_atr=1.5|threshold=1.75|adx_max=none|adx_min=none|rsi2=10.0|trend=long_only|max_bars=24,long,48797,48798,48818,2024-11-21 15:45:00+00:00,2024-11-21 16:00:00+00:00,2024-11-21 21:00:00+00:00,0.65165,0.6513,-6.999999999999229,-9.999999999999229,-0.23753533338082086,97.74750000000054,39.09900000000022,3.0,session_close,20,50,0.5,-249.99999999998073,1052.4750000000054,2443.6875000000136,2024-11-21,6A	reddit_capitulation_reversion	reddit_capitulation_reversion|ny|range=15|entry=150|rr=2.5|sl_atr=1|tp_atr=1.5|threshold=1.75|adx_max=none|adx_min=none|rsi2=10.0|trend=long_only|max_bars=24
futures,6A,reddit_orb_breakout,reddit_orb_breakout|ny|range=15|entry=150|rr=1.5|sl_atr=1|tp_atr=1.5|threshold=2|adx_max=none|adx_min=none|rsi2=none|trend=ema|max_bars=24,short,48889,48890,48910,2024-11-22 15:45:00+00:00,2024-11-22 16:00:00+00:00,2024-11-22 21:00:00+00:00,0.64955,0.6504,-17.000000000000348,-20.000000000000348,-0.6451612903225636,42.00000000000203,28.000000000001357,3.0,session_close,20,1,0.5,-10.000000000000174,15.500000000000679,21.000000000001016,2024-11-22,6A	reddit_orb_breakout	reddit_orb_breakout|ny|range=15|entry=150|rr=1.5|sl_atr=1|tp_atr=1.5|threshold=2|adx_max=none|adx_min=none|rsi2=none|trend=ema|max_bars=24
futures,6A,reddit_orb_breakout,reddit_orb_breakout|ny|range=15|entry=150|rr=1.5|sl_atr=1|tp_atr=1.5|threshold=2|adx_max=none|adx_min=none|rsi2=none|trend=ema|max_bars=24,short,48985,48986,49002,2024-11-25 16:45:00+00:00,2024-11-25 17:00:00+00:00,2024-11-25 21:00:00+00:00,0.64925,0.65045,-23.999999999999577,-26.999999999999577,-0.41538461538460997,92.99999999999864,61.99999999999983,3.0,session_close,16,1,0.5,-13.499999999999789,32.499999999999915,46.49999999999932,2024-11-25,6A	reddit_orb_breakout	reddit_orb_breakout|ny|range=15|entry=150|rr=1.5|sl_atr=1|tp_atr=1.5|threshold=2|adx_max=none|adx_min=none|rsi2=none|trend=ema|max_bars=24
futures,6A,reddit_orb_breakout,reddit_orb_breakout|ny|range=15|entry=150|rr=1.5|sl_atr=1|tp_atr=1.5|threshold=2|adx_max=none|adx_min=none|rsi2=none|trend=ema|max_bars=24,short,49071,49072,49094,2024-11-26 15:15:00+00:00,2024-11-26 15:30:00+00:00,2024-11-26 21:00:00+00:00,0.64625,0.6466,-6.999999999999229,-9.999999999999229,-0.2631578947368178,52.50000000000199,35.00000000000058,3.0,session_close,22,1,0.5,-4.9999999999996145,19.00000000000029,26.250000000000995,2024-11-26,6A	reddit_orb_breakout	reddit_orb_breakout|ny|range=15|entry=150|rr=1.5|sl_atr=1|tp_atr=1.5|threshold=2|adx_max=none|adx_min=none|rsi2=none|trend=ema|max_bars=24
futures,6A,reddit_orb_breakout,reddit_orb_breakout|ny|range=15|entry=150|rr=1.5|sl_atr=1|tp_atr=1.5|threshold=2|adx_max=none|adx_min=none|rsi2=none|trend=ema|max_bars=24,short,49162,49163,49168,2024-11-27 15:00:00+00:00,2024-11-27 15:15:00+00:00,2024-11-27 16:30:00+00:00,0.64845,0.64995,-30.000000000001137,-33.00000000000114,-1.0,45.000000000001705,30.000000000001137,3.0,sl,5,1,0.5,-16.50000000000057,16.50000000000057,22.500000000000853,2024-11-27,6A	reddit_orb_breakout	reddit_orb_breakout|ny|range=15|entry=150|rr=1.5|sl_atr=1|tp_atr=1.5|threshold=2|adx_max=none|adx_min=none|rsi2=none|trend=ema|max_bars=24
futures,6A,reddit_orb_breakout,reddit_orb_breakout|ny|range=15|entry=150|rr=1.5|sl_atr=1|tp_atr=1.5|threshold=2|adx_max=none|adx_min=none|rsi2=none|trend=ema|max_bars=24,long,49261,49262,49278,2024-11-28 16:45:00+00:00,2024-11-28 17:00:00+00:00,2024-11-28 21:00:00+00:00,0.6504,0.6502,-3.9999999999995595,-6.9999999999995595,-0.5384615384615502,14.999999999998348,9.999999999998899,3.0,session_close,16,1,0.5,-3.4999999999997797,6.499999999999449,7.499999999999174,2024-11-28,6A	reddit_orb_breakout	reddit_orb_breakout|ny|range=15|entry=150|rr=1.5|sl_atr=1|tp_atr=1.5|threshold=2|adx_max=none|adx_min=none|rsi2=none|trend=ema|max_bars=24
futures,6A,reddit_orb_breakout,reddit_orb_breakout|ny|range=15|entry=150|rr=1.5|sl_atr=1|tp_atr=1.5|threshold=2|adx_max=none|adx_min=none|rsi2=none|trend=ema|max_bars=24,long,49345,49346,49365,2024-11-29 14:45:00+00:00,2024-11-29 15:00:00+00:00,2024-12-01 23:00:00+00:00,0.65155,0.6505,-20.999999999999908,-23.999999999999908,-0.75000000000002,43.499999999998536,28.999999999999027,3.0,session_close,19,1,0.5,-11.999999999999954,15.999999999999513,21.749999999999268,2024-11-29,6A	reddit_orb_breakout	reddit_orb_breakout|ny|range=15|entry=150|rr=1.5|sl_atr=1|tp_atr=1.5|threshold=2|adx_max=none|adx_min=none|rsi2=none|trend=ema|max_bars=24
futures,6A,reddit_orb_breakout,reddit_orb_breakout|ny|range=15|entry=150|rr=1.5|sl_atr=1|tp_atr=1.5|threshold=2|adx_max=none|adx_min=none|rsi2=none|trend=ema|max_bars=24,short,49428,49429,49445,2024-12-02 14:45:00+00:00,2024-12-02 15:00:00+00:00,2024-12-02 19:00:00+00:00,0.6452,0.6469,-34.000000000000696,-37.000000000000696,-1.0,51.000000000001044,34.000000000000696,3.0,sl,16,1,0.5,-18.500000000000348,18.500000000000348,25.500000000000522,2024-12-02,6A	reddit_orb_breakout	reddit_orb_breakout|ny|range=15|entry=150|rr=1.5|sl_atr=1|tp_atr=1.5|threshold=2|adx_max=none|adx_min=none|rsi2=none|trend=ema|max_bars=24
futures,6A,reddit_orb_breakout,reddit_orb_breakout|ny|range=15|entry=150|rr=1.5|sl_atr=1|tp_atr=1.5|threshold=2|adx_max=none|adx_min=none|rsi2=none|trend=ema|max_bars=24,short,49521,49522,49532,2024-12-03 15:00:00+00:00,2024-12-03 15:15:00+00:00,2024-12-03 17:45:00+00:00,0.6469,0.64915,-44.99999999999948,-47.99999999999948,-1.0,67.49999999999811,44.99999999999948,3.0,sl,10,1,0.5,-23.99999999999974,23.99999999999974,33.749999999999055,2024-12-03,6A	reddit_orb_breakout	reddit_orb_breakout|ny|range=15|entry=150|rr=1.5|sl_atr=1|tp_atr=1.5|threshold=2|adx_max=none|adx_min=none|rsi2=none|trend=ema|max_bars=24
futures,6A,reddit_orb_breakout,reddit_orb_breakout|ny|range=15|entry=150|rr=1.5|sl_atr=1|tp_atr=1.5|threshold=2|adx_max=none|adx_min=none|rsi2=none|trend=ema|max_bars=24,short,49705,49706,49724,2024-12-05 15:00:00+00:00,2024-12-05 15:15:00+00:00,2024-12-05 19:45:00+00:00,0.6436,0.64535,-35.00000000000058,-38.00000000000058,-1.0,52.50000000000199,35.00000000000058,3.0,sl,18,1,0.5,-19.00000000000029,19.00000000000029,26.250000000000995,2024-12-05,6A	reddit_orb_breakout	reddit_orb_breakout|ny|range=15|entry=150|rr=1.5|sl_atr=1|tp_atr=1.5|threshold=2|adx_max=none|adx_min=none|rsi2=none|trend=ema|max_bars=24
futures,6A,reddit_orb_breakout,reddit_orb_breakout|ny|range=15|entry=150|rr=1.5|sl_atr=1|tp_atr=1.5|threshold=2|adx_max=none|adx_min=none|rsi2=none|trend=ema|max_bars=24,short,49797,49798,49821,2024-12-06 15:00:00+00:00,2024-12-06 15:15:00+00:00,2024-12-06 21:00:00+00:00,0.6394,0.6391,5.999999999999339,2.999999999999339,0.0428571428571325,100.50000000000114,67.0000000000015,3.0,session_close,23,1,0.5,1.4999999999996696,35.00000000000075,50.25000000000057,2024-12-06,6A	reddit_orb_breakout	reddit_orb_breakout|ny|range=15|entry=150|rr=1.5|sl_atr=1|tp_atr=1.5|threshold=2|adx_max=none|adx_min=none|rsi2=none|trend=ema|max_bars=24
futures,6A,reddit_orb_breakout,reddit_orb_breakout|ny|range=15|entry=150|rr=1.5|sl_atr=1|tp_atr=1.5|threshold=2|adx_max=none|adx_min=none|rsi2=none|trend=ema|max_bars=24,long,49889,49890,49891,2024-12-09 15:00:00+00:00,2024-12-09 15:15:00+00:00,2024-12-09 15:30:00+00:00,0.6461,0.6470750000000001,19.500000000001183,16.500000000001183,1.031250000000023,19.500000000001183,13.000000000000789,3.0,tp,1,1,0.5,8.250000000000592,8.000000000000394,9.750000000000592,2024-12-09,6A	reddit_orb_breakout	reddit_orb_breakout|ny|range=15|entry=150|rr=1.5|sl_atr=1|tp_atr=1.5|threshold=2|adx_max=none|adx_min=none|rsi2=none|trend=ema|max_bars=24
futures,6A,reddit_orb_breakout,reddit_orb_breakout|ny|range=15|entry=150|rr=1.5|sl_atr=1|tp_atr=1.5|threshold=2|adx_max=none|adx_min=none|rsi2=none|trend=ema|max_bars=24,short,49980,49981,49982,2024-12-10 14:45:00+00:00,2024-12-10 15:00:00+00:00,2024-12-10 15:15:00+00:00,0.63845,0.6371749999999999,25.500000000000522,22.500000000000522,1.1250000000000064,25.500000000000522,17.000000000000348,3.0,tp,1,1,0.5,11.250000000000261,10.000000000000174,12.750000000000261,2024-12-10,6A	reddit_orb_breakout	reddit_orb_breakout|ny|range=15|entry=150|rr=1.5|sl_atr=1|tp_atr=1.5|threshold=2|adx_max=none|adx_min=none|rsi2=none|trend=ema|max_bars=24
futures,6A,reddit_orb_breakout,reddit_orb_breakout|ny|range=15|entry=150|rr=1.5|sl_atr=1|tp_atr=1.5|threshold=2|adx_max=none|adx_min=none|rsi2=none|trend=ema|max_bars=24,long,50164,50165,50165,2024-12-12 14:45:00+00:00,2024-12-12 15:00:00+00:00,2024-12-12 15:00:00+00:00,0.6398,0.63815,-33.0000000000008,-36.0000000000008,-1.0,49.500000000002316,33.0000000000008,3.0,sl,1,1,0.5,-18.0000000000004,18.0000000000004,24.750000000001158,2024-12-12,6A	reddit_orb_breakout	reddit_orb_breakout|ny|range=15|entry=150|rr=1.5|sl_atr=1|tp_atr=1.5|threshold=2|adx_max=none|adx_min=none|rsi2=none|trend=ema|max_bars=24
futures,6A,reddit_orb_breakout,reddit_orb_breakout|ny|range=15|entry=150|rr=1.5|sl_atr=1|tp_atr=1.5|threshold=2|adx_max=none|adx_min=none|rsi2=none|trend=ema|max_bars=24,short,50256,50257,50280,2024-12-13 14:45:00+00:00,2024-12-13 15:00:00+00:00,2024-12-13 21:00:00+00:00,0.6365,0.63575,14.999999999998348,11.999999999998348,0.4799999999999378,33.0000000000008,21.999999999999797,3.0,session_close,23,1,0.5,5.999999999999174,12.499999999999899,16.5000000000004,2024-12-13,6A	reddit_orb_breakout	reddit_orb_breakout|ny|range=15|entry=150|rr=1.5|sl_atr=1|tp_atr=1.5|threshold=2|adx_max=none|adx_min=none|rsi2=none|trend=ema|max_bars=24
futures,6A,reddit_orb_breakout,reddit_orb_breakout|ny|range=15|entry=150|rr=1.5|sl_atr=1|tp_atr=1.5|threshold=2|adx_max=none|adx_min=none|rsi2=none|trend=ema|max_bars=24,short,50439,50440,50445,2024-12-17 14:45:00+00:00,2024-12-17 15:00:00+00:00,2024-12-17 16:15:00+00:00,0.63445,0.6334,20.999999999999908,17.999999999999908,1.058823529411717,20.999999999999908,14.000000000000679,3.0,tp,5,1,0.5,8.999999999999954,8.50000000000034,10.499999999999954,2024-12-17,6A	reddit_orb_breakout	reddit_orb_breakout|ny|range=15|entry=150|rr=1.5|sl_atr=1|tp_atr=1.5|threshold=2|adx_max=none|adx_min=none|rsi2=none|trend=ema|max_bars=24
futures,6A,reddit_orb_breakout,reddit_orb_breakout|ny|range=15|entry=150|rr=1.5|sl_atr=1|tp_atr=1.5|threshold=2|adx_max=none|adx_min=none|rsi2=none|trend=ema|max_bars=24,short,50532,50533,50535,2024-12-18 15:00:00+00:00,2024-12-18 15:15:00+00:00,2024-12-18 15:45:00+00:00,0.63185,0.630725,22.500000000000853,19.500000000000853,1.0833333333333466,22.500000000000853,15.000000000000568,3.0,tp,2,1,0.5,9.750000000000426,9.000000000000284,11.250000000000426,2024-12-18,6A	reddit_orb_breakout	reddit_orb_breakout|ny|range=15|entry=150|rr=1.5|sl_atr=1|tp_atr=1.5|threshold=2|adx_max=none|adx_min=none|rsi2=none|trend=ema|max_bars=24
futures,6A,reddit_orb_breakout,reddit_orb_breakout|ny|range=15|entry=150|rr=1.5|sl_atr=1|tp_atr=1.5|threshold=2|adx_max=none|adx_min=none|rsi2=none|trend=ema|max_bars=24,short,50627,50628,50648,2024-12-19 15:45:00+00:00,2024-12-19 16:00:00+00:00,2024-12-19 21:00:00+00:00,0.6254,0.6238,31.999999999998696,28.999999999998696,1.0740740740739543,36.00000000000269,24.000000000001798,3.0,session_close,20,1,0.5,14.499999999999348,13.500000000000899,18.000000000001346,2024-12-19,6A	reddit_orb_breakout	reddit_orb_breakout|ny|range=15|entry=150|rr=1.5|sl_atr=1|tp_atr=1.5|threshold=2|adx_max=none|adx_min=none|rsi2=none|trend=ema|max_bars=24
futures,6A,reddit_orb_breakout,reddit_orb_breakout|ny|range=15|entry=150|rr=1.5|sl_atr=1|tp_atr=1.5|threshold=2|adx_max=none|adx_min=none|rsi2=none|trend=ema|max_bars=24,short,50808,50809,50811,2024-12-23 15:00:00+00:00,2024-12-23 15:15:00+00:00,2024-12-23 15:45:00+00:00,0.6222,0.62335,-22.999999999999687,-25.999999999999687,-1.0,34.49999999999953,22.999999999999687,3.0,sl,2,1,0.5,-12.999999999999844,12.999999999999844,17.249999999999766,2024-12-23,6A	reddit_orb_breakout	reddit_orb_breakout|ny|range=15|entry=150|rr=1.5|sl_atr=1|tp_atr=1.5|threshold=2|adx_max=none|adx_min=none|rsi2=none|trend=ema|max_bars=24
futures,6A,reddit_orb_breakout,reddit_orb_breakout|ny|range=15|entry=150|rr=1.5|sl_atr=1|tp_atr=1.5|threshold=2|adx_max=none|adx_min=none|rsi2=none|trend=ema|max_bars=24,short,50901,50902,50915,2024-12-24 15:15:00+00:00,2024-12-24 15:30:00+00:00,2024-12-25 23:00:00+00:00,0.62345,0.62415,-14.000000000000679,-17.00000000000068,-1.0,21.000000000002128,14.000000000000679,3.0,session_close,13,1,0.5,-8.50000000000034,8.50000000000034,10.500000000001064,2024-12-24,6A	reddit_orb_breakout	reddit_orb_breakout|ny|range=15|entry=150|rr=1.5|sl_atr=1|tp_atr=1.5|threshold=2|adx_max=none|adx_min=none|rsi2=none|trend=ema|max_bars=24
futures,6A,reddit_orb_breakout,reddit_orb_breakout|ny|range=15|entry=150|rr=1.5|sl_atr=1|tp_atr=1.5|threshold=2|adx_max=none|adx_min=none|rsi2=none|trend=ema|max_bars=24,short,50980,50981,50987,2024-12-26 15:15:00+00:00,2024-12-26 15:30:00+00:00,2024-12-26 17:00:00+00:00,0.62205,0.6226,-11.000000000001009,-14.000000000001009,-1.0,16.500000000001513,11.000000000001009,3.0,sl,6,1,0.5,-7.0000000000005045,7.0000000000005045,8.250000000000757,2024-12-26,6A	reddit_orb_breakout	reddit_orb_breakout|ny|range=15|entry=150|rr=1.5|sl_atr=1|tp_atr=1.5|threshold=2|adx_max=none|adx_min=none|rsi2=none|trend=ema|max_bars=24
futures,6A,reddit_orb_breakout,reddit_orb_breakout|ny|range=15|entry=150|rr=1.5|sl_atr=1|tp_atr=1.5|threshold=2|adx_max=none|adx_min=none|rsi2=none|trend=ema|max_bars=24,short,51070,51071,51071,2024-12-27 14:45:00+00:00,2024-12-27 15:00:00+00:00,2024-12-27 15:00:00+00:00,0.6211,0.6202749999999999,16.500000000001513,13.500000000001513,0.9642857142857529,16.500000000001513,11.000000000001009,3.0,tp,1,1,0.5,6.750000000000757,7.0000000000005045,8.250000000000757,2024-12-27,6A	reddit_orb_breakout	reddit_orb_breakout|ny|range=15|entry=150|rr=1.5|sl_atr=1|tp_atr=1.5|threshold=2|adx_max=none|adx_min=none|rsi2=none|trend=ema|max_bars=24
futures,6A,reddit_orb_breakout,reddit_orb_breakout|ny|range=15|entry=150|rr=1.5|sl_atr=1|tp_atr=1.5|threshold=2|adx_max=none|adx_min=none|rsi2=none|trend=ema|max_bars=24,short,51258,51259,51279,2024-12-31 15:45:00+00:00,2024-12-31 16:00:00+00:00,2024-12-31 21:00:00+00:00,0.61935,0.6191,4.999999999999449,1.9999999999994493,0.09090909090906535,28.500000000000192,19.000000000000128,3.0,session_close,20,1,0.5,0.9999999999997247,11.000000000000064,14.250000000000096,2024-12-31,6A	reddit_orb_breakout	reddit_orb_breakout|ny|range=15|entry=150|rr=1.5|sl_atr=1|tp_atr=1.5|threshold=2|adx_max=none|adx_min=none|rsi2=none|trend=ema|max_bars=24
futures,6A,reddit_orb_breakout,reddit_orb_breakout|ny|range=15|entry=150|rr=1.5|sl_atr=1|tp_atr=1.5|threshold=2|adx_max=none|adx_min=none|rsi2=none|trend=ema|max_bars=24,short,51348,51349,51361,2025-01-02 15:15:00+00:00,2025-01-02 15:30:00+00:00,2025-01-02 18:30:00+00:00,0.6211,0.6195999999999999,30.000000000001137,27.000000000001137,1.1739130434783094,30.000000000001137,20.000000000000018,3.0,tp,12,1,0.5,13.500000000000568,11.500000000000009,15.000000000000568,2025-01-02,6A	reddit_orb_breakout	reddit_orb_breakout|ny|range=15|entry=150|rr=1.5|sl_atr=1|tp_atr=1.5|threshold=2|adx_max=none|adx_min=none|rsi2=none|trend=ema|max_bars=24
futures,6A,reddit_orb_breakout,reddit_orb_breakout|ny|range=15|entry=150|rr=1.5|sl_atr=1|tp_atr=1.5|threshold=2|adx_max=none|adx_min=none|rsi2=none|trend=ema|max_bars=24,short,51809,51810,51831,2025-01-09 15:30:00+00:00,2025-01-09 15:45:00+00:00,2025-01-09 21:00:00+00:00,0.6194,0.61975,-7.0000000000014495,-10.00000000000145,-0.47619047619053984,26.999999999999247,18.000000000000238,3.0,session_close,21,1,0.5,-5.000000000000725,10.500000000000119,13.499999999999623,2025-01-09,6A	reddit_orb_breakout	reddit_orb_breakout|ny|range=15|entry=150|rr=1.5|sl_atr=1|tp_atr=1.5|threshold=2|adx_max=none|adx_min=none|rsi2=none|trend=ema|max_bars=24
futures,6A,reddit_orb_breakout,reddit_orb_breakout|ny|range=15|entry=150|rr=1.5|sl_atr=1|tp_atr=1.5|threshold=2|adx_max=none|adx_min=none|rsi2=none|trend=ema|max_bars=24,short,51901,51902,51923,2025-01-10 15:30:00+00:00,2025-01-10 15:45:00+00:00,2025-01-10 21:00:00+00:00,0.61595,0.61475,23.999999999999577,20.999999999999577,0.7777777777777743,36.000000000000476,23.999999999999577,3.0,session_close,21,1,0.5,10.499999999999789,13.499999999999789,18.000000000000238,2025-01-10,6A	reddit_orb_breakout	reddit_orb_breakout|ny|range=15|entry=150|rr=1.5|sl_atr=1|tp_atr=1.5|threshold=2|adx_max=none|adx_min=none|rsi2=none|trend=ema|max_bars=24
futures,6A,reddit_orb_breakout,reddit_orb_breakout|ny|range=15|entry=150|rr=1.5|sl_atr=1|tp_atr=1.5|threshold=2|adx_max=none|adx_min=none|rsi2=none|trend=ema|max_bars=24,long,52083,52084,52091,2025-01-14 15:00:00+00:00,2025-01-14 15:15:00+00:00,2025-01-14 17:00:00+00:00,0.6189,0.618,-18.000000000000238,-21.000000000000238,-1.0,26.999999999999247,18.000000000000238,3.0,sl,7,1,0.5,-10.500000000000119,10.500000000000119,13.499999999999623,2025-01-14,6A	reddit_orb_breakout	reddit_orb_breakout|ny|range=15|entry=150|rr=1.5|sl_atr=1|tp_atr=1.5|threshold=2|adx_max=none|adx_min=none|rsi2=none|trend=ema|max_bars=24
futures,6A,reddit_orb_breakout,reddit_orb_breakout|ny|range=15|entry=150|rr=1.5|sl_atr=1|tp_atr=1.5|threshold=2|adx_max=none|adx_min=none|rsi2=none|trend=ema|max_bars=24,long,52266,52267,52267,2025-01-16 14:45:00+00:00,2025-01-16 15:00:00+00:00,2025-01-16 15:00:00+00:00,0.6207,0.6215250000000001,16.500000000001513,13.500000000001513,0.9642857142857529,16.500000000001513,11.000000000001009,3.0,tp,1,1,0.5,6.750000000000757,7.0000000000005045,8.250000000000757,2025-01-16,6A	reddit_orb_breakout	reddit_orb_breakout|ny|range=15|entry=150|rr=1.5|sl_atr=1|tp_atr=1.5|threshold=2|adx_max=none|adx_min=none|rsi2=none|trend=ema|max_bars=24
futures,6A,reddit_orb_breakout,reddit_orb_breakout|ny|range=15|entry=150|rr=1.5|sl_atr=1|tp_atr=1.5|threshold=2|adx_max=none|adx_min=none|rsi2=none|trend=ema|max_bars=24,long,52544,52545,52549,2025-01-21 15:15:00+00:00,2025-01-21 15:30:00+00:00,2025-01-21 16:30:00+00:00,0.6255,0.6269249999999997,28.49999999999575,25.49999999999575,1.1590909090908261,28.49999999999575,18.999999999997907,3.0,tp,4,1,0.5,12.749999999997875,10.999999999998954,14.249999999997875,2025-01-21,6A	reddit_orb_breakout	reddit_orb_breakout|ny|range=15|entry=150|rr=1.5|sl_atr=1|tp_atr=1.5|threshold=2|adx_max=none|adx_min=none|rsi2=none|trend=ema|max_bars=24
futures,6A,reddit_orb_breakout,reddit_orb_breakout|ny|range=15|entry=150|rr=1.5|sl_atr=1|tp_atr=1.5|threshold=2|adx_max=none|adx_min=none|rsi2=none|trend=ema|max_bars=24,long,52726,52727,52727,2025-01-23 14:45:00+00:00,2025-01-23 15:00:00+00:00,2025-01-23 15:00:00+00:00,0.62775,0.62715,-12.000000000000899,-15.000000000000899,-1.0,18.00000000000246,12.000000000000899,3.0,sl,1,1,0.5,-7.500000000000449,7.500000000000449,9.00000000000123,2025-01-23,6A	reddit_orb_breakout	reddit_orb_breakout|ny|range=15|entry=150|rr=1.5|sl_atr=1|tp_atr=1.5|threshold=2|adx_max=none|adx_min=none|rsi2=none|trend=ema|max_bars=24
futures,6A,reddit_orb_breakout,reddit_orb_breakout|ny|range=15|entry=150|rr=1.5|sl_atr=1|tp_atr=1.5|threshold=2|adx_max=none|adx_min=none|rsi2=none|trend=ema|max_bars=24,long,52819,52820,52843,2025-01-24 15:00:00+00:00,2025-01-24 15:15:00+00:00,2025-01-24 21:00:00+00:00,0.6318,0.6314,-8.00000000000134,-11.00000000000134,-0.4230769230769797,34.49999999999953,22.999999999999687,3.0,session_close,23,1,0.5,-5.50000000000067,12.999999999999844,17.249999999999766,2025-01-24,6A	reddit_orb_breakout	reddit_orb_breakout|ny|range=15|entry=150|rr=1.5|sl_atr=1|tp_atr=1.5|threshold=2|adx_max=none|adx_min=none|rsi2=none|trend=ema|max_bars=24
futures,6A,reddit_orb_breakout,reddit_orb_breakout|ny|range=15|entry=150|rr=1.5|sl_atr=1|tp_atr=1.5|threshold=2|adx_max=none|adx_min=none|rsi2=none|trend=ema|max_bars=24,short,52912,52913,52934,2025-01-27 15:15:00+00:00,2025-01-27 15:30:00+00:00,2025-01-27 20:45:00+00:00,0.62815,0.6292,-20.999999999999908,-23.999999999999908,-1.0,31.49999999999986,20.999999999999908,3.0,sl,21,1,0.5,-11.999999999999954,11.999999999999954,15.74999999999993,2025-01-27,6A	reddit_orb_breakout	reddit_orb_breakout|ny|range=15|entry=150|rr=1.5|sl_atr=1|tp_atr=1.5|threshold=2|adx_max=none|adx_min=none|rsi2=none|trend=ema|max_bars=24
futures,6A,reddit_orb_breakout,reddit_orb_breakout|ny|range=15|entry=150|rr=1.5|sl_atr=1|tp_atr=1.5|threshold=2|adx_max=none|adx_min=none|rsi2=none|trend=ema|max_bars=24,short,53002,53003,53005,2025-01-28 14:45:00+00:00,2025-01-28 15:00:00+00:00,2025-01-28 15:30:00+00:00,0.62465,0.62545,-15.999999999998238,-18.999999999998238,-1.0,23.999999999997357,15.999999999998238,3.0,sl,2,1,0.5,-9.499999999999119,9.499999999999119,11.999999999998678,2025-01-28,6A	reddit_orb_breakout	reddit_orb_breakout|ny|range=15|entry=150|rr=1.5|sl_atr=1|tp_atr=1.5|threshold=2|adx_max=none|adx_min=none|rsi2=none|trend=ema|max_bars=24
futures,6A,reddit_orb_breakout,reddit_orb_breakout|ny|range=15|entry=150|rr=1.5|sl_atr=1|tp_atr=1.5|threshold=2|adx_max=none|adx_min=none|rsi2=none|trend=ema|max_bars=24,short,53186,53187,53188,2025-01-30 14:45:00+00:00,2025-01-30 15:00:00+00:00,2025-01-30 15:15:00+00:00,0.623,0.6236,-12.000000000000899,-15.000000000000899,-1.0,18.00000000000246,12.000000000000899,3.0,sl,1,1,0.5,-7.500000000000449,7.500000000000449,9.00000000000123,2025-01-30,6A	reddit_orb_breakout	reddit_orb_breakout|ny|range=15|entry=150|rr=1.5|sl_atr=1|tp_atr=1.5|threshold=2|adx_max=none|adx_min=none|rsi2=none|trend=ema|max_bars=24
futures,6A,reddit_orb_breakout,reddit_orb_breakout|ny|range=15|entry=150|rr=1.5|sl_atr=1|tp_atr=1.5|threshold=2|adx_max=none|adx_min=none|rsi2=none|trend=ema|max_bars=24,short,53370,53371,53372,2025-02-03 14:45:00+00:00,2025-02-03 15:00:00+00:00,2025-02-03 15:15:00+00:00,0.61515,0.6159,-15.000000000000568,-18.00000000000057,-1.0,22.500000000000853,15.000000000000568,3.0,sl,1,1,0.5,-9.000000000000284,9.000000000000284,11.250000000000426,2025-02-03,6A	reddit_orb_breakout	reddit_orb_breakout|ny|range=15|entry=150|rr=1.5|sl_atr=1|tp_atr=1.5|threshold=2|adx_max=none|adx_min=none|rsi2=none|trend=ema|max_bars=24
futures,6A,reddit_orb_breakout,reddit_orb_breakout|ny|range=15|entry=150|rr=1.5|sl_atr=1|tp_atr=1.5|threshold=2|adx_max=none|adx_min=none|rsi2=none|trend=ema|max_bars=24,long,53462,53463,53465,2025-02-04 14:45:00+00:00,2025-02-04 15:00:00+00:00,2025-02-04 15:30:00+00:00,0.6231,0.6249,36.000000000000476,33.000000000000476,1.222222222222259,36.000000000000476,23.999999999999577,3.0,tp,2,1,0.5,16.500000000000238,13.499999999999789,18.000000000000238,2025-02-04,6A	reddit_orb_breakout	reddit_orb_breakout|ny|range=15|entry=150|rr=1.5|sl_atr=1|tp_atr=1.5|threshold=2|adx_max=none|adx_min=none|rsi2=none|trend=ema|max_bars=24
futures,6A,reddit_orb_breakout,reddit_orb_breakout|ny|range=15|entry=150|rr=1.5|sl_atr=1|tp_atr=1.5|threshold=2|adx_max=none|adx_min=none|rsi2=none|trend=ema|max_bars=24,long,53555,53556,53558,2025-02-05 15:00:00+00:00,2025-02-05 15:15:00+00:00,2025-02-05 15:45:00+00:00,0.6288,0.6297000000000001,18.00000000000246,15.000000000002458,1.000000000000104,18.00000000000246,12.000000000000899,3.0,tp,2,1,0.5,7.500000000001229,7.500000000000449,9.00000000000123,2025-02-05,6A	reddit_orb_breakout	reddit_orb_breakout|ny|range=15|entry=150|rr=1.5|sl_atr=1|tp_atr=1.5|threshold=2|adx_max=none|adx_min=none|rsi2=none|trend=ema|max_bars=24
futures,6A,reddit_orb_breakout,reddit_orb_breakout|ny|range=15|entry=150|rr=1.5|sl_atr=1|tp_atr=1.5|threshold=2|adx_max=none|adx_min=none|rsi2=none|trend=ema|max_bars=24,long,53649,53650,53650,2025-02-06 15:30:00+00:00,2025-02-06 15:45:00+00:00,2025-02-06 15:45:00+00:00,0.62725,0.6280749999999999,16.499999999999293,13.499999999999293,0.9642857142857473,16.499999999999293,10.999999999998789,3.0,tp,1,1,0.5,6.7499999999996465,6.999999999999394,8.249999999999647,2025-02-06,6A	reddit_orb_breakout	reddit_orb_breakout|ny|range=15|entry=150|rr=1.5|sl_atr=1|tp_atr=1.5|threshold=2|adx_max=none|adx_min=none|rsi2=none|trend=ema|max_bars=24
futures,6A,reddit_orb_breakout,reddit_orb_breakout|ny|range=15|entry=150|rr=1.5|sl_atr=1|tp_atr=1.5|threshold=2|adx_max=none|adx_min=none|rsi2=none|trend=ema|max_bars=24,long,53738,53739,53739,2025-02-07 14:45:00+00:00,2025-02-07 15:00:00+00:00,2025-02-07 15:00:00+00:00,0.6295,0.629,-9.999999999998899,-12.999999999998899,-1.0,14.999999999998348,9.999999999998899,3.0,sl,1,1,0.5,-6.499999999999449,6.499999999999449,7.499999999999174,2025-02-07,6A	reddit_orb_breakout	reddit_orb_breakout|ny|range=15|entry=150|rr=1.5|sl_atr=1|tp_atr=1.5|threshold=2|adx_max=none|adx_min=none|rsi2=none|trend=ema|max_bars=24
futures,6A,reddit_orb_breakout,reddit_orb_breakout|ny|range=15|entry=150|rr=1.5|sl_atr=1|tp_atr=1.5|threshold=2|adx_max=none|adx_min=none|rsi2=none|trend=ema|max_bars=24,long,53831,53832,53837,2025-02-10 15:00:00+00:00,2025-02-10 15:15:00+00:00,2025-02-10 16:30:00+00:00,0.62865,0.6279,-15.000000000000568,-18.00000000000057,-1.0,22.500000000000853,15.000000000000568,3.0,sl,5,1,0.5,-9.000000000000284,9.000000000000284,11.250000000000426,2025-02-10,6A	reddit_orb_breakout	reddit_orb_breakout|ny|range=15|entry=150|rr=1.5|sl_atr=1|tp_atr=1.5|threshold=2|adx_max=none|adx_min=none|rsi2=none|trend=ema|max_bars=24
futures,6A,reddit_orb_breakout,reddit_orb_breakout|ny|range=15|entry=150|rr=1.5|sl_atr=1|tp_atr=1.5|threshold=2|adx_max=none|adx_min=none|rsi2=none|trend=ema|max_bars=24,long,53927,53928,53947,2025-02-11 16:00:00+00:00,2025-02-11 16:15:00+00:00,2025-02-11 21:00:00+00:00,0.6294,0.62985,9.00000000000123,6.000000000001229,0.285714285714341,26.999999999999247,18.000000000000238,3.0,session_close,19,1,0.5,3.0000000000006146,10.500000000000119,13.499999999999623,2025-02-11,6A	reddit_orb_breakout	reddit_orb_breakout|ny|range=15|entry=150|rr=1.5|sl_atr=1|tp_atr=1.5|threshold=2|adx_max=none|adx_min=none|rsi2=none|trend=ema|max_bars=24
futures,6A,reddit_capitulation_reversion,reddit_capitulation_reversion|ny|range=15|entry=150|rr=2.5|sl_atr=1|tp_atr=1.5|threshold=1.75|adx_max=none|adx_min=none|rsi2=10.0|trend=long_only|max_bars=24,long,54307,54308,54315,2025-02-17 19:00:00+00:00,2025-02-17 19:15:00+00:00,2025-02-17 21:00:00+00:00,0.6359,0.6361,3.9999999999995595,0.9999999999995595,0.024298974583262394,95.38499999999894,38.15399999999913,3.0,session_close,7,50,0.5,24.999999999988987,1028.8499999999783,2384.6249999999736,2025-02-17,6A	reddit_capitulation_reversion	reddit_capitulation_reversion|ny|range=15|entry=150|rr=2.5|sl_atr=1|tp_atr=1.5|threshold=1.75|adx_max=none|adx_min=none|rsi2=10.0|trend=long_only|max_bars=24
futures,6A,reddit_orb_breakout,reddit_orb_breakout|ny|range=15|entry=150|rr=1.5|sl_atr=1|tp_atr=1.5|threshold=2|adx_max=none|adx_min=none|rsi2=none|trend=ema|max_bars=24,long,54383,54384,54407,2025-02-18 15:00:00+00:00,2025-02-18 15:15:00+00:00,2025-02-18 21:00:00+00:00,0.63555,0.63545,-1.9999999999997797,-4.99999999999978,-0.19999999999999282,33.0000000000008,21.999999999999797,3.0,session_close,23,1,0.5,-2.49999999999989,12.499999999999899,16.5000000000004,2025-02-18,6A	reddit_orb_breakout	reddit_orb_breakout|ny|range=15|entry=150|rr=1.5|sl_atr=1|tp_atr=1.5|threshold=2|adx_max=none|adx_min=none|rsi2=none|trend=ema|max_bars=24
futures,6A,reddit_orb_breakout,reddit_orb_breakout|ny|range=15|entry=150|rr=1.5|sl_atr=1|tp_atr=1.5|threshold=2|adx_max=none|adx_min=none|rsi2=none|trend=ema|max_bars=24,long,54475,54476,54477,2025-02-19 15:00:00+00:00,2025-02-19 15:15:00+00:00,2025-02-19 15:30:00+00:00,0.635,0.6355999999999999,11.999999999998678,8.999999999998678,0.8181818181817636,11.999999999998678,7.999999999999119,3.0,tp,1,1,0.5,4.499999999999339,5.4999999999995595,5.999999999999339,2025-02-19,6A	reddit_orb_breakout	reddit_orb_breakout|ny|range=15|entry=150|rr=1.5|sl_atr=1|tp_atr=1.5|threshold=2|adx_max=none|adx_min=none|rsi2=none|trend=ema|max_bars=24
futures,6A,reddit_orb_breakout,reddit_orb_breakout|ny|range=15|entry=150|rr=1.5|sl_atr=1|tp_atr=1.5|threshold=2|adx_max=none|adx_min=none|rsi2=none|trend=ema|max_bars=24,long,54568,54569,54591,2025-02-20 15:15:00+00:00,2025-02-20 15:30:00+00:00,2025-02-20 21:00:00+00:00,0.63945,0.64045,20.000000000000018,17.000000000000018,0.6800000000000063,33.0000000000008,21.999999999999797,3.0,session_close,22,1,0.5,8.500000000000009,12.499999999999899,16.5000000000004,2025-02-20,6A	reddit_orb_breakout	reddit_orb_breakout|ny|range=15|entry=150|rr=1.5|sl_atr=1|tp_atr=1.5|threshold=2|adx_max=none|adx_min=none|rsi2=none|trend=ema|max_bars=24
futures,6A,reddit_orb_breakout,reddit_orb_breakout|ny|range=15|entry=150|rr=1.5|sl_atr=1|tp_atr=1.5|threshold=2|adx_max=none|adx_min=none|rsi2=none|trend=ema|max_bars=24,short,54750,54751,54760,2025-02-24 14:45:00+00:00,2025-02-24 15:00:00+00:00,2025-02-24 17:15:00+00:00,0.6348,0.6363,-29.999999999998916,-32.99999999999892,-1.0,44.999999999997264,29.999999999998916,3.0,sl,9,1,0.5,-16.49999999999946,16.49999999999946,22.499999999998632,2025-02-24,6A	reddit_orb_breakout	reddit_orb_breakout|ny|range=15|entry=150|rr=1.5|sl_atr=1|tp_atr=1.5|threshold=2|adx_max=none|adx_min=none|rsi2=none|trend=ema|max_bars=24
futures,6A,reddit_orb_breakout,reddit_orb_breakout|ny|range=15|entry=150|rr=1.5|sl_atr=1|tp_atr=1.5|threshold=2|adx_max=none|adx_min=none|rsi2=none|trend=ema|max_bars=24,short,54842,54843,54851,2025-02-25 14:45:00+00:00,2025-02-25 15:00:00+00:00,2025-02-25 17:00:00+00:00,0.63385,0.6326499999999999,24.000000000001798,21.000000000001798,1.105263157894805,24.000000000001798,16.00000000000046,3.0,tp,8,1,0.5,10.500000000000899,9.50000000000023,12.000000000000899,2025-02-25,6A	reddit_orb_breakout	reddit_orb_breakout|ny|range=15|entry=150|rr=1.5|sl_atr=1|tp_atr=1.5|threshold=2|adx_max=none|adx_min=none|rsi2=none|trend=ema|max_bars=24
futures,6A,reddit_orb_breakout,reddit_orb_breakout|ny|range=15|entry=150|rr=1.5|sl_atr=1|tp_atr=1.5|threshold=2|adx_max=none|adx_min=none|rsi2=none|trend=ema|max_bars=24,short,55031,55032,55051,2025-02-27 16:00:00+00:00,2025-02-27 16:15:00+00:00,2025-02-27 21:00:00+00:00,0.6252,0.6236,31.999999999998696,28.999999999998696,0.6744186046511319,60.00000000000005,40.000000000000036,3.0,session_close,19,1,0.5,14.499999999999348,21.500000000000018,30.000000000000025,2025-02-27,6A	reddit_orb_breakout	reddit_orb_breakout|ny|range=15|entry=150|rr=1.5|sl_atr=1|tp_atr=1.5|threshold=2|adx_max=none|adx_min=none|rsi2=none|trend=ema|max_bars=24
futures,6A,reddit_orb_breakout,reddit_orb_breakout|ny|range=15|entry=150|rr=1.5|sl_atr=1|tp_atr=1.5|threshold=2|adx_max=none|adx_min=none|rsi2=none|trend=ema|max_bars=24,short,55211,55212,55212,2025-03-03 15:00:00+00:00,2025-03-03 15:15:00+00:00,2025-03-03 15:15:00+00:00,0.6243,0.625,-14.000000000000679,-17.00000000000068,-1.0,21.000000000002128,14.000000000000679,3.0,sl,1,1,0.5,-8.50000000000034,8.50000000000034,10.500000000001064,2025-03-03,6A	reddit_orb_breakout	reddit_orb_breakout|ny|range=15|entry=150|rr=1.5|sl_atr=1|tp_atr=1.5|threshold=2|adx_max=none|adx_min=none|rsi2=none|trend=ema|max_bars=24
futures,6A,reddit_orb_breakout,reddit_orb_breakout|ny|range=15|entry=150|rr=1.5|sl_atr=1|tp_atr=1.5|threshold=2|adx_max=none|adx_min=none|rsi2=none|trend=ema|max_bars=24,short,55302,55303,55315,2025-03-04 14:45:00+00:00,2025-03-04 15:00:00+00:00,2025-03-04 18:00:00+00:00,0.62055,0.62225,-33.99999999999847,-36.99999999999847,-1.0,50.99999999999882,33.99999999999847,3.0,sl,12,1,0.5,-18.499999999999236,18.499999999999236,25.49999999999941,2025-03-04,6A	reddit_orb_breakout	reddit_orb_breakout|ny|range=15|entry=150|rr=1.5|sl_atr=1|tp_atr=1.5|threshold=2|adx_max=none|adx_min=none|rsi2=none|trend=ema|max_bars=24
futures,6A,reddit_orb_breakout,reddit_orb_breakout|ny|range=15|entry=150|rr=1.5|sl_atr=1|tp_atr=1.5|threshold=2|adx_max=none|adx_min=none|rsi2=none|trend=ema|max_bars=24,long,55394,55395,55397,2025-03-05 14:45:00+00:00,2025-03-05 15:00:00+00:00,2025-03-05 15:30:00+00:00,0.63175,0.63025,-30.000000000001137,-33.00000000000114,-1.0,45.000000000001705,30.000000000001137,3.0,sl,2,1,0.5,-16.50000000000057,16.50000000000057,22.500000000000853,2025-03-05,6A	reddit_orb_breakout	reddit_orb_breakout|ny|range=15|entry=150|rr=1.5|sl_atr=1|tp_atr=1.5|threshold=2|adx_max=none|adx_min=none|rsi2=none|trend=ema|max_bars=24
futures,6A,reddit_orb_breakout,reddit_orb_breakout|ny|range=15|entry=150|rr=1.5|sl_atr=1|tp_atr=1.5|threshold=2|adx_max=none|adx_min=none|rsi2=none|trend=ema|max_bars=24,long,55487,55488,55504,2025-03-06 15:00:00+00:00,2025-03-06 15:15:00+00:00,2025-03-06 19:15:00+00:00,0.63535,0.6332,-42.9999999999997,-45.9999999999997,-1.0,64.49999999999845,42.9999999999997,3.0,sl,16,1,0.5,-22.99999999999985,22.99999999999985,32.249999999999226,2025-03-06,6A	reddit_orb_breakout	reddit_orb_breakout|ny|range=15|entry=150|rr=1.5|sl_atr=1|tp_atr=1.5|threshold=2|adx_max=none|adx_min=none|rsi2=none|trend=ema|max_bars=24
futures,6A,reddit_orb_breakout,reddit_orb_breakout|ny|range=15|entry=150|rr=1.5|sl_atr=1|tp_atr=1.5|threshold=2|adx_max=none|adx_min=none|rsi2=none|trend=ema|max_bars=24,short,55587,55588,55596,2025-03-07 17:00:00+00:00,2025-03-07 17:15:00+00:00,2025-03-07 19:15:00+00:00,0.62915,0.63045,-25.999999999999357,-28.999999999999357,-1.0,39.00000000000014,25.999999999999357,3.0,sl,8,1,0.5,-14.499999999999678,14.499999999999678,19.50000000000007,2025-03-07,6A	reddit_orb_breakout	reddit_orb_breakout|ny|range=15|entry=150|rr=1.5|sl_atr=1|tp_atr=1.5|threshold=2|adx_max=none|adx_min=none|rsi2=none|trend=ema|max_bars=24
futures,6A,reddit_orb_breakout,reddit_orb_breakout|ny|range=15|entry=150|rr=1.5|sl_atr=1|tp_atr=1.5|threshold=2|adx_max=none|adx_min=none|rsi2=none|trend=ema|max_bars=24,short,55763,55764,55780,2025-03-11 14:00:00+00:00,2025-03-11 14:15:00+00:00,2025-03-11 18:15:00+00:00,0.62825,0.62965,-28.000000000001357,-31.000000000001357,-1.0,42.00000000000203,28.000000000001357,3.0,sl,16,1,0.5,-15.500000000000679,15.500000000000679,21.000000000001016,2025-03-11,6A	reddit_orb_breakout	reddit_orb_breakout|ny|range=15|entry=150|rr=1.5|sl_atr=1|tp_atr=1.5|threshold=2|adx_max=none|adx_min=none|rsi2=none|trend=ema|max_bars=24
futures,6A,reddit_orb_breakout,reddit_orb_breakout|ny|range=15|entry=150|rr=1.5|sl_atr=1|tp_atr=1.5|threshold=2|adx_max=none|adx_min=none|rsi2=none|trend=ema|max_bars=24,short,55854,55855,55860,2025-03-12 13:45:00+00:00,2025-03-12 14:00:00+00:00,2025-03-12 15:15:00+00:00,0.6289,0.63005,-22.999999999999687,-25.999999999999687,-1.0,34.49999999999953,22.999999999999687,3.0,sl,5,1,0.5,-12.999999999999844,12.999999999999844,17.249999999999766,2025-03-12,6A	reddit_orb_breakout	reddit_orb_breakout|ny|range=15|entry=150|rr=1.5|sl_atr=1|tp_atr=1.5|threshold=2|adx_max=none|adx_min=none|rsi2=none|trend=ema|max_bars=24
futures,6A,reddit_orb_breakout,reddit_orb_breakout|ny|range=15|entry=150|rr=1.5|sl_atr=1|tp_atr=1.5|threshold=2|adx_max=none|adx_min=none|rsi2=none|trend=ema|max_bars=24,long,56042,56043,56049,2025-03-14 14:45:00+00:00,2025-03-14 15:00:00+00:00,2025-03-14 16:30:00+00:00,0.6322,0.63155,-13.000000000000789,-16.00000000000079,-1.0,19.500000000001183,13.000000000000789,3.0,sl,6,1,0.5,-8.000000000000394,8.000000000000394,9.750000000000592,2025-03-14,6A	reddit_orb_breakout	reddit_orb_breakout|ny|range=15|entry=150|rr=1.5|sl_atr=1|tp_atr=1.5|threshold=2|adx_max=none|adx_min=none|rsi2=none|trend=ema|max_bars=24
futures,6A,reddit_orb_breakout,reddit_orb_breakout|ny|range=15|entry=150|rr=1.5|sl_atr=1|tp_atr=1.5|threshold=2|adx_max=none|adx_min=none|rsi2=none|trend=ema|max_bars=24,long,56131,56132,56135,2025-03-17 14:15:00+00:00,2025-03-17 14:30:00+00:00,2025-03-17 15:15:00+00:00,0.63645,0.6375749999999998,22.49999999999641,19.49999999999641,1.0833333333332333,22.49999999999641,14.999999999998348,3.0,tp,3,1,0.5,9.749999999998206,8.999999999999174,11.249999999998206,2025-03-17,6A	reddit_orb_breakout	reddit_orb_breakout|ny|range=15|entry=150|rr=1.5|sl_atr=1|tp_atr=1.5|threshold=2|adx_max=none|adx_min=none|rsi2=none|trend=ema|max_bars=24
futures,6A,reddit_orb_breakout,reddit_orb_breakout|ny|range=15|entry=150|rr=1.5|sl_atr=1|tp_atr=1.5|threshold=2|adx_max=none|adx_min=none|rsi2=none|trend=ema|max_bars=24,short,56502,56503,56505,2025-03-21 15:00:00+00:00,2025-03-21 15:15:00+00:00,2025-03-21 15:45:00+00:00,0.6276,0.6265500000000002,20.999999999997687,17.999999999997687,1.0588235294117248,20.999999999997687,13.999999999998458,3.0,tp,2,1,0.5,8.999999999998844,8.499999999999229,10.499999999998844,2025-03-21,6A	reddit_orb_breakout	reddit_orb_breakout|ny|range=15|entry=150|rr=1.5|sl_atr=1|tp_atr=1.5|threshold=2|adx_max=none|adx_min=none|rsi2=none|trend=ema|max_bars=24
futures,6A,reddit_orb_breakout,reddit_orb_breakout|ny|range=15|entry=150|rr=1.5|sl_atr=1|tp_atr=1.5|threshold=2|adx_max=none|adx_min=none|rsi2=none|trend=ema|max_bars=24,short,56589,56590,56591,2025-03-24 13:45:00+00:00,2025-03-24 14:00:00+00:00,2025-03-24 14:15:00+00:00,0.62845,0.62965,-24.000000000001798,-27.000000000001798,-1.0,36.00000000000269,24.000000000001798,3.0,sl,1,1,0.5,-13.500000000000899,13.500000000000899,18.000000000001346,2025-03-24,6A	reddit_orb_breakout	reddit_orb_breakout|ny|range=15|entry=150|rr=1.5|sl_atr=1|tp_atr=1.5|threshold=2|adx_max=none|adx_min=none|rsi2=none|trend=ema|max_bars=24
futures,6A,reddit_capitulation_reversion,reddit_capitulation_reversion|ny|range=15|entry=150|rr=2.5|sl_atr=1|tp_atr=1.5|threshold=1.75|adx_max=none|adx_min=none|rsi2=10.0|trend=long_only|max_bars=24,long,56773,56774,56793,2025-03-26 13:45:00+00:00,2025-03-26 14:00:00+00:00,2025-03-26 18:45:00+00:00,0.63105,0.62915685,-37.8630000000002,-40.8630000000002,-1.0,94.65749999999939,37.8630000000002,3.0,sl,19,50,0.5,-1021.5750000000049,1021.5750000000049,2366.4374999999845,2025-03-26,6A	reddit_capitulation_reversion	reddit_capitulation_reversion|ny|range=15|entry=150|rr=2.5|sl_atr=1|tp_atr=1.5|threshold=1.75|adx_max=none|adx_min=none|rsi2=10.0|trend=long_only|max_bars=24
futures,6A,reddit_orb_breakout,reddit_orb_breakout|ny|range=15|entry=150|rr=1.5|sl_atr=1|tp_atr=1.5|threshold=2|adx_max=none|adx_min=none|rsi2=none|trend=ema|max_bars=24,long,56865,56866,56866,2025-03-27 13:45:00+00:00,2025-03-27 14:00:00+00:00,2025-03-27 14:00:00+00:00,0.63055,0.62995,-12.000000000000899,-15.000000000000899,-1.0,18.000000000000238,12.000000000000899,3.0,sl,1,1,0.5,-7.500000000000449,7.500000000000449,9.000000000000119,2025-03-27,6A	reddit_orb_breakout	reddit_orb_breakout|ny|range=15|entry=150|rr=1.5|sl_atr=1|tp_atr=1.5|threshold=2|adx_max=none|adx_min=none|rsi2=none|trend=ema|max_bars=24
futures,6A,reddit_orb_breakout,reddit_orb_breakout|ny|range=15|entry=150|rr=1.5|sl_atr=1|tp_atr=1.5|threshold=2|adx_max=none|adx_min=none|rsi2=none|trend=ema|max_bars=24,short,56958,56959,56970,2025-03-28 14:00:00+00:00,2025-03-28 14:15:00+00:00,2025-03-28 17:00:00+00:00,0.63065,0.629225,28.500000000000192,25.500000000000192,1.1590909090909112,28.500000000000192,19.000000000000128,3.0,tp,11,1,0.5,12.750000000000096,11.000000000000064,14.250000000000096,2025-03-28,6A	reddit_orb_breakout	reddit_orb_breakout|ny|range=15|entry=150|rr=1.5|sl_atr=1|tp_atr=1.5|threshold=2|adx_max=none|adx_min=none|rsi2=none|trend=ema|max_bars=24
futures,6A,reddit_orb_breakout,reddit_orb_breakout|ny|range=15|entry=150|rr=1.5|sl_atr=1|tp_atr=1.5|threshold=2|adx_max=none|adx_min=none|rsi2=none|trend=ema|max_bars=24,short,57051,57052,57054,2025-03-31 14:15:00+00:00,2025-03-31 14:30:00+00:00,2025-03-31 15:00:00+00:00,0.62245,0.6241,-33.0000000000008,-36.0000000000008,-1.0,49.5000000000001,33.0000000000008,3.0,sl,2,1,0.5,-18.0000000000004,18.0000000000004,24.75000000000005,2025-03-31,6A	reddit_orb_breakout	reddit_orb_breakout|ny|range=15|entry=150|rr=1.5|sl_atr=1|tp_atr=1.5|threshold=2|adx_max=none|adx_min=none|rsi2=none|trend=ema|max_bars=24
futures,6A,reddit_capitulation_reversion,reddit_capitulation_reversion|ny|range=15|entry=150|rr=2.5|sl_atr=1|tp_atr=1.5|threshold=1.75|adx_max=none|adx_min=none|rsi2=10.0|trend=long_only|max_bars=24,long,57250,57251,57258,2025-04-02 18:00:00+00:00,2025-04-02 18:15:00+00:00,2025-04-02 20:00:00+00:00,0.62965,0.6332,70.99999999999883,67.99999999999883,1.6675249515681805,94.4474999999989,37.779,3.0,session_close,7,50,0.5,1699.999999999971,1019.4750000000001,2361.1874999999723,2025-04-02,6A	reddit_capitulation_reversion	reddit_capitulation_reversion|ny|range=15|entry=150|rr=2.5|sl_atr=1|tp_atr=1.5|threshold=1.75|adx_max=none|adx_min=none|rsi2=10.0|trend=long_only|max_bars=24
futures,6A,reddit_orb_breakout,reddit_orb_breakout|ny|range=15|entry=150|rr=1.5|sl_atr=1|tp_atr=1.5|threshold=2|adx_max=none|adx_min=none|rsi2=none|trend=ema|max_bars=24,long,57326,57327,57330,2025-04-03 14:00:00+00:00,2025-04-03 14:15:00+00:00,2025-04-03 15:00:00+00:00,0.63785,0.6367,-22.999999999999687,-25.999999999999687,-1.0,34.49999999999953,22.999999999999687,3.0,sl,3,1,0.5,-12.999999999999844,12.999999999999844,17.249999999999766,2025-04-03,6A	reddit_orb_breakout	reddit_orb_breakout|ny|range=15|entry=150|rr=1.5|sl_atr=1|tp_atr=1.5|threshold=2|adx_max=none|adx_min=none|rsi2=none|trend=ema|max_bars=24
futures,6A,reddit_orb_breakout,reddit_orb_breakout|ny|range=15|entry=150|rr=1.5|sl_atr=1|tp_atr=1.5|threshold=2|adx_max=none|adx_min=none|rsi2=none|trend=ema|max_bars=24,short,57418,57419,57421,2025-04-04 14:00:00+00:00,2025-04-04 14:15:00+00:00,2025-04-04 14:45:00+00:00,0.60875,0.603275,109.50000000000014,106.50000000000014,1.4013157894736705,109.50000000000014,73.00000000000084,3.0,tp,2,1,0.5,53.25000000000007,38.00000000000042,54.75000000000007,2025-04-04,6A	reddit_orb_breakout	reddit_orb_breakout|ny|range=15|entry=150|rr=1.5|sl_atr=1|tp_atr=1.5|threshold=2|adx_max=none|adx_min=none|rsi2=none|trend=ema|max_bars=24
futures,6A,reddit_orb_breakout,reddit_orb_breakout|ny|range=15|entry=150|rr=1.5|sl_atr=1|tp_atr=1.5|threshold=2|adx_max=none|adx_min=none|rsi2=none|trend=ema|max_bars=24,short,57512,57513,57515,2025-04-07 14:30:00+00:00,2025-04-07 14:45:00+00:00,2025-04-07 15:15:00+00:00,0.60295,0.597775,103.50000000000081,100.50000000000081,1.3958333333333197,103.50000000000081,69.00000000000128,3.0,tp,2,1,0.5,50.250000000000405,36.00000000000064,51.750000000000405,2025-04-07,6A	reddit_orb_breakout	reddit_orb_breakout|ny|range=15|entry=150|rr=1.5|sl_atr=1|tp_atr=1.5|threshold=2|adx_max=none|adx_min=none|rsi2=none|trend=ema|max_bars=24
futures,6A,reddit_orb_breakout,reddit_orb_breakout|ny|range=15|entry=150|rr=1.5|sl_atr=1|tp_atr=1.5|threshold=2|adx_max=none|adx_min=none|rsi2=none|trend=ema|max_bars=24,short,57603,57604,57605,2025-04-08 14:15:00+00:00,2025-04-08 14:30:00+00:00,2025-04-08 14:45:00+00:00,0.60625,0.6028749999999998,67.50000000000256,64.50000000000256,1.3437500000000056,67.50000000000256,45.000000000001705,3.0,tp,1,1,0.5,32.25000000000128,24.000000000000853,33.75000000000128,2025-04-08,6A	reddit_orb_breakout	reddit_orb_breakout|ny|range=15|entry=150|rr=1.5|sl_atr=1|tp_atr=1.5|threshold=2|adx_max=none|adx_min=none|rsi2=none|trend=ema|max_bars=24
futures,6A,reddit_orb_breakout,reddit_orb_breakout|ny|range=15|entry=150|rr=1.5|sl_atr=1|tp_atr=1.5|threshold=2|adx_max=none|adx_min=none|rsi2=none|trend=ema|max_bars=24,short,57694,57695,57697,2025-04-09 14:00:00+00:00,2025-04-09 14:15:00+00:00,2025-04-09 14:45:00+00:00,0.6039,0.600975,58.499999999999105,55.499999999999105,1.3214285714285456,58.499999999999105,39.00000000000014,3.0,tp,2,1,0.5,27.749999999999552,21.00000000000007,29.249999999999552,2025-04-09,6A	reddit_orb_breakout	reddit_orb_breakout|ny|range=15|entry=150|rr=1.5|sl_atr=1|tp_atr=1.5|threshold=2|adx_max=none|adx_min=none|rsi2=none|trend=ema|max_bars=24
futures,6A,reddit_orb_breakout,reddit_orb_breakout|ny|range=15|entry=150|rr=1.5|sl_atr=1|tp_atr=1.5|threshold=2|adx_max=none|adx_min=none|rsi2=none|trend=ema|max_bars=24,long,57788,57789,57794,2025-04-10 14:30:00+00:00,2025-04-10 14:45:00+00:00,2025-04-10 16:00:00+00:00,0.62195,0.61855,-67.99999999999918,-70.99999999999918,-1.0,101.99999999999764,67.99999999999918,3.0,sl,5,1,0.5,-35.49999999999959,35.49999999999959,50.99999999999882,2025-04-10,6A	reddit_orb_breakout	reddit_orb_breakout|ny|range=15|entry=150|rr=1.5|sl_atr=1|tp_atr=1.5|threshold=2|adx_max=none|adx_min=none|rsi2=none|trend=ema|max_bars=24
futures,6A,reddit_orb_breakout,reddit_orb_breakout|ny|range=15|entry=150|rr=1.5|sl_atr=1|tp_atr=1.5|threshold=2|adx_max=none|adx_min=none|rsi2=none|trend=ema|max_bars=24,long,57970,57971,57989,2025-04-14 14:00:00+00:00,2025-04-14 14:15:00+00:00,2025-04-14 18:45:00+00:00,0.6308,0.6342500000000002,69.0000000000035,66.0000000000035,1.3469387755102318,69.0000000000035,46.00000000000159,3.0,tp,18,1,0.5,33.00000000000175,24.500000000000796,34.50000000000175,2025-04-14,6A	reddit_orb_breakout	reddit_orb_breakout|ny|range=15|entry=150|rr=1.5|sl_atr=1|tp_atr=1.5|threshold=2|adx_max=none|adx_min=none|rsi2=none|trend=ema|max_bars=24
futures,6A,reddit_orb_breakout,reddit_orb_breakout|ny|range=15|entry=150|rr=1.5|sl_atr=1|tp_atr=1.5|threshold=2|adx_max=none|adx_min=none|rsi2=none|trend=ema|max_bars=24,long,58153,58154,58155,2025-04-16 13:45:00+00:00,2025-04-16 14:00:00+00:00,2025-04-16 14:15:00+00:00,0.63775,0.63675,-20.000000000000018,-23.000000000000018,-1.0,30.000000000001137,20.000000000000018,3.0,sl,1,1,0.5,-11.500000000000009,11.500000000000009,15.000000000000568,2025-04-16,6A	reddit_orb_breakout	reddit_orb_breakout|ny|range=15|entry=150|rr=1.5|sl_atr=1|tp_atr=1.5|threshold=2|adx_max=none|adx_min=none|rsi2=none|trend=ema|max_bars=24
futures,6A,reddit_capitulation_reversion,reddit_capitulation_reversion|ny|range=15|entry=150|rr=2.5|sl_atr=1|tp_atr=1.5|threshold=1.75|adx_max=none|adx_min=none|rsi2=10.0|trend=long_only|max_bars=24,long,58169,58170,58178,2025-04-16 17:45:00+00:00,2025-04-16 18:00:00+00:00,2025-04-16 20:00:00+00:00,0.6362,0.63755,26.999999999999247,23.999999999999247,0.5829204313610902,95.43000000000079,38.17200000000076,3.0,session_close,8,50,0.5,599.9999999999811,1029.3000000000188,2385.7500000000196,2025-04-16,6A	reddit_capitulation_reversion	reddit_capitulation_reversion|ny|range=15|entry=150|rr=2.5|sl_atr=1|tp_atr=1.5|threshold=1.75|adx_max=none|adx_min=none|rsi2=10.0|trend=long_only|max_bars=24
futures,6A,reddit_capitulation_reversion,reddit_capitulation_reversion|ny|range=15|entry=150|rr=2.5|sl_atr=1|tp_atr=1.5|threshold=1.75|adx_max=none|adx_min=none|rsi2=10.0|trend=long_only|max_bars=24,long,58342,58343,58362,2025-04-21 15:00:00+00:00,2025-04-21 15:15:00+00:00,2025-04-21 20:00:00+00:00,0.64165,0.6422,10.999999999998789,7.9999999999987885,0.1927757295356189,96.24749999999959,38.49900000000073,3.0,session_close,19,50,0.5,199.9999999999697,1037.475000000018,2406.1874999999895,2025-04-21,6A	reddit_capitulation_reversion	reddit_capitulation_reversion|ny|range=15|entry=150|rr=2.5|sl_atr=1|tp_atr=1.5|threshold=1.75|adx_max=none|adx_min=none|rsi2=10.0|trend=long_only|max_bars=24
futures,6A,reddit_orb_breakout,reddit_orb_breakout|ny|range=15|entry=150|rr=1.5|sl_atr=1|tp_atr=1.5|threshold=2|adx_max=none|adx_min=none|rsi2=none|trend=ema|max_bars=24,long,58431,58432,58438,2025-04-22 14:15:00+00:00,2025-04-22 14:30:00+00:00,2025-04-22 16:00:00+00:00,0.63935,0.640775,28.500000000000192,25.500000000000192,1.1590909090909112,28.500000000000192,19.000000000000128,3.0,tp,6,1,0.5,12.750000000000096,11.000000000000064,14.250000000000096,2025-04-22,6A	reddit_orb_breakout	reddit_orb_breakout|ny|range=15|entry=150|rr=1.5|sl_atr=1|tp_atr=1.5|threshold=2|adx_max=none|adx_min=none|rsi2=none|trend=ema|max_bars=24
futures,6A,reddit_orb_breakout,reddit_orb_breakout|ny|range=15|entry=150|rr=1.5|sl_atr=1|tp_atr=1.5|threshold=2|adx_max=none|adx_min=none|rsi2=none|trend=ema|max_bars=24,long,58799,58800,58822,2025-04-28 14:15:00+00:00,2025-04-28 14:30:00+00:00,2025-04-28 20:00:00+00:00,0.64195,0.64355,31.999999999998696,28.999999999998696,0.9062499999999238,43.50000000000076,29.000000000001247,3.0,session_close,22,1,0.5,14.499999999999348,16.000000000000625,21.75000000000038,2025-04-28,6A	reddit_orb_breakout	reddit_orb_breakout|ny|range=15|entry=150|rr=1.5|sl_atr=1|tp_atr=1.5|threshold=2|adx_max=none|adx_min=none|rsi2=none|trend=ema|max_bars=24
futures,6A,reddit_orb_breakout,reddit_orb_breakout|ny|range=15|entry=150|rr=1.5|sl_atr=1|tp_atr=1.5|threshold=2|adx_max=none|adx_min=none|rsi2=none|trend=ema|max_bars=24,short,58896,58897,58914,2025-04-29 15:30:00+00:00,2025-04-29 15:45:00+00:00,2025-04-29 20:00:00+00:00,0.6392,0.6388,7.999999999999119,4.999999999999119,0.11363636363634382,61.49999999999878,40.99999999999992,3.0,session_close,17,1,0.5,2.4999999999995595,21.99999999999996,30.74999999999939,2025-04-29,6A	reddit_orb_breakout	reddit_orb_breakout|ny|range=15|entry=150|rr=1.5|sl_atr=1|tp_atr=1.5|threshold=2|adx_max=none|adx_min=none|rsi2=none|trend=ema|max_bars=24
futures,6A,reddit_orb_breakout,reddit_orb_breakout|ny|range=15|entry=150|rr=1.5|sl_atr=1|tp_atr=1.5|threshold=2|adx_max=none|adx_min=none|rsi2=none|trend=ema|max_bars=24,short,58981,58982,58983,2025-04-30 13:45:00+00:00,2025-04-30 14:00:00+00:00,2025-04-30 14:15:00+00:00,0.63625,0.63775,-30.000000000001137,-33.00000000000114,-1.0,45.000000000001705,30.000000000001137,3.0,sl,1,1,0.5,-16.50000000000057,16.50000000000057,22.500000000000853,2025-04-30,6A	reddit_orb_breakout	reddit_orb_breakout|ny|range=15|entry=150|rr=1.5|sl_atr=1|tp_atr=1.5|threshold=2|adx_max=none|adx_min=none|rsi2=none|trend=ema|max_bars=24
futures,6A,reddit_orb_breakout,reddit_orb_breakout|ny|range=15|entry=150|rr=1.5|sl_atr=1|tp_atr=1.5|threshold=2|adx_max=none|adx_min=none|rsi2=none|trend=ema|max_bars=24,short,59074,59075,59078,2025-05-01 14:00:00+00:00,2025-05-01 14:15:00+00:00,2025-05-01 15:00:00+00:00,0.6385,0.6393,-16.00000000000046,-19.00000000000046,-1.0,23.999999999999577,16.00000000000046,3.0,sl,3,1,0.5,-9.50000000000023,9.50000000000023,11.999999999999789,2025-05-01,6A	reddit_orb_breakout	reddit_orb_breakout|ny|range=15|entry=150|rr=1.5|sl_atr=1|tp_atr=1.5|threshold=2|adx_max=none|adx_min=none|rsi2=none|trend=ema|max_bars=24
futures,6A,reddit_capitulation_reversion,reddit_capitulation_reversion|ny|range=15|entry=150|rr=2.5|sl_atr=1|tp_atr=1.5|threshold=1.75|adx_max=none|adx_min=none|rsi2=10.0|trend=long_only|max_bars=24,long,59258,59259,59282,2025-05-05 14:00:00+00:00,2025-05-05 14:15:00+00:00,2025-05-05 20:00:00+00:00,0.64775,0.6472,-11.000000000001009,-14.000000000001009,-0.33440821688764677,97.16250000000092,38.864999999999036,3.0,session_close,23,50,0.5,-350.00000000002524,1046.624999999976,2429.0625000000227,2025-05-05,6A	reddit_capitulation_reversion	reddit_capitulation_reversion|ny|range=15|entry=150|rr=2.5|sl_atr=1|tp_atr=1.5|threshold=1.75|adx_max=none|adx_min=none|rsi2=10.0|trend=long_only|max_bars=24
futures,6A,reddit_orb_breakout,reddit_orb_breakout|ny|range=15|entry=150|rr=1.5|sl_atr=1|tp_atr=1.5|threshold=2|adx_max=none|adx_min=none|rsi2=none|trend=ema|max_bars=24,long,59350,59351,59360,2025-05-06 14:00:00+00:00,2025-05-06 14:15:00+00:00,2025-05-06 16:30:00+00:00,0.6482,0.6499999999999999,35.99999999999825,32.99999999999825,1.2222222222221766,35.99999999999825,23.999999999999577,3.0,tp,9,1,0.5,16.499999999999126,13.499999999999789,17.999999999999126,2025-05-06,6A	reddit_orb_breakout	reddit_orb_breakout|ny|range=15|entry=150|rr=1.5|sl_atr=1|tp_atr=1.5|threshold=2|adx_max=none|adx_min=none|rsi2=none|trend=ema|max_bars=24
futures,6A,reddit_orb_breakout,reddit_orb_breakout|ny|range=15|entry=150|rr=1.5|sl_atr=1|tp_atr=1.5|threshold=2|adx_max=none|adx_min=none|rsi2=none|trend=ema|max_bars=24,long,59441,59442,59442,2025-05-07 13:45:00+00:00,2025-05-07 14:00:00+00:00,2025-05-07 14:00:00+00:00,0.64775,0.64655,-24.000000000001798,-27.000000000001798,-1.0,36.00000000000269,24.000000000001798,3.0,sl,1,1,0.5,-13.500000000000899,13.500000000000899,18.000000000001346,2025-05-07,6A	reddit_orb_breakout	reddit_orb_breakout|ny|range=15|entry=150|rr=1.5|sl_atr=1|tp_atr=1.5|threshold=2|adx_max=none|adx_min=none|rsi2=none|trend=ema|max_bars=24
futures,6A,reddit_orb_breakout,reddit_orb_breakout|ny|range=15|entry=150|rr=1.5|sl_atr=1|tp_atr=1.5|threshold=2|adx_max=none|adx_min=none|rsi2=none|trend=ema|max_bars=24,short,59537,59538,59558,2025-05-08 14:45:00+00:00,2025-05-08 15:00:00+00:00,2025-05-08 20:00:00+00:00,0.6415,0.6403,23.999999999999577,20.999999999999577,0.538461538461521,54.00000000000071,36.000000000000476,3.0,session_close,20,1,0.5,10.499999999999789,19.500000000000238,27.000000000000355,2025-05-08,6A	reddit_orb_breakout	reddit_orb_breakout|ny|range=15|entry=150|rr=1.5|sl_atr=1|tp_atr=1.5|threshold=2|adx_max=none|adx_min=none|rsi2=none|trend=ema|max_bars=24
futures,6A,reddit_orb_breakout,reddit_orb_breakout|ny|range=15|entry=150|rr=1.5|sl_atr=1|tp_atr=1.5|threshold=2|adx_max=none|adx_min=none|rsi2=none|trend=ema|max_bars=24,short,59630,59631,59650,2025-05-09 15:00:00+00:00,2025-05-09 15:15:00+00:00,2025-05-09 20:00:00+00:00,0.6421,0.6413,16.00000000000046,13.000000000000458,0.7647058823529376,21.000000000002128,14.000000000000679,3.0,session_close,19,1,0.5,6.500000000000229,8.50000000000034,10.500000000001064,2025-05-09,6A	reddit_orb_breakout	reddit_orb_breakout|ny|range=15|entry=150|rr=1.5|sl_atr=1|tp_atr=1.5|threshold=2|adx_max=none|adx_min=none|rsi2=none|trend=ema|max_bars=24
futures,6A,reddit_orb_breakout,reddit_orb_breakout|ny|range=15|entry=150|rr=1.5|sl_atr=1|tp_atr=1.5|threshold=2|adx_max=none|adx_min=none|rsi2=none|trend=ema|max_bars=24,short,59717,59718,59724,2025-05-12 13:45:00+00:00,2025-05-12 14:00:00+00:00,2025-05-12 15:30:00+00:00,0.63905,0.6371,39.00000000000014,36.00000000000014,1.24137931034486,39.00000000000014,25.999999999999357,3.0,tp,6,1,0.5,18.00000000000007,14.499999999999678,19.50000000000007,2025-05-12,6A	reddit_orb_breakout	reddit_orb_breakout|ny|range=15|entry=150|rr=1.5|sl_atr=1|tp_atr=1.5|threshold=2|adx_max=none|adx_min=none|rsi2=none|trend=ema|max_bars=24
futures,6A,reddit_orb_breakout,reddit_orb_breakout|ny|range=15|entry=150|rr=1.5|sl_atr=1|tp_atr=1.5|threshold=2|adx_max=none|adx_min=none|rsi2=none|trend=ema|max_bars=24,long,59812,59813,59831,2025-05-13 14:30:00+00:00,2025-05-13 14:45:00+00:00,2025-05-13 19:15:00+00:00,0.6451,0.64825,62.99999999999972,59.99999999999972,1.3333333333333326,62.99999999999972,41.999999999999815,3.0,tp,18,1,0.5,29.99999999999986,22.499999999999908,31.49999999999986,2025-05-13,6A	reddit_orb_breakout	reddit_orb_breakout|ny|range=15|entry=150|rr=1.5|sl_atr=1|tp_atr=1.5|threshold=2|adx_max=none|adx_min=none|rsi2=none|trend=ema|max_bars=24
futures,6A,reddit_orb_breakout,reddit_orb_breakout|ny|range=15|entry=150|rr=1.5|sl_atr=1|tp_atr=1.5|threshold=2|adx_max=none|adx_min=none|rsi2=none|trend=ema|max_bars=24,short,59993,59994,59994,2025-05-15 13:45:00+00:00,2025-05-15 14:00:00+00:00,2025-05-15 14:00:00+00:00,0.6408,0.64145,-12.999999999998568,-15.999999999998568,-1.0,19.499999999998963,12.999999999998568,3.0,sl,1,1,0.5,-7.999999999999284,7.999999999999284,9.749999999999481,2025-05-15,6A	reddit_orb_breakout	reddit_orb_breakout|ny|range=15|entry=150|rr=1.5|sl_atr=1|tp_atr=1.5|threshold=2|adx_max=none|adx_min=none|rsi2=none|trend=ema|max_bars=24
futures,6A,reddit_orb_breakout,reddit_orb_breakout|ny|range=15|entry=150|rr=1.5|sl_atr=1|tp_atr=1.5|threshold=2|adx_max=none|adx_min=none|rsi2=none|trend=ema|max_bars=24,short,60088,60089,60110,2025-05-16 14:30:00+00:00,2025-05-16 14:45:00+00:00,2025-05-16 20:00:00+00:00,0.6398,0.64085,-20.999999999999908,-23.999999999999908,-0.6153846153846406,53.99999999999627,35.99999999999825,3.0,session_close,21,1,0.5,-11.999999999999954,19.499999999999126,26.999999999998135,2025-05-16,6A	reddit_orb_breakout	reddit_orb_breakout|ny|range=15|entry=150|rr=1.5|sl_atr=1|tp_atr=1.5|threshold=2|adx_max=none|adx_min=none|rsi2=none|trend=ema|max_bars=24
futures,6A,reddit_orb_breakout,reddit_orb_breakout|ny|range=15|entry=150|rr=1.5|sl_atr=1|tp_atr=1.5|threshold=2|adx_max=none|adx_min=none|rsi2=none|trend=ema|max_bars=24,long,60180,60181,60202,2025-05-19 14:30:00+00:00,2025-05-19 14:45:00+00:00,2025-05-19 20:00:00+00:00,0.64565,0.646,7.0000000000014495,4.0000000000014495,0.14285714285719733,37.4999999999992,24.999999999999467,3.0,session_close,21,1,0.5,2.0000000000007248,13.999999999999734,18.7499999999996,2025-05-19,6A	reddit_orb_breakout	reddit_orb_breakout|ny|range=15|entry=150|rr=1.5|sl_atr=1|tp_atr=1.5|threshold=2|adx_max=none|adx_min=none|rsi2=none|trend=ema|max_bars=24
futures,6A,reddit_orb_breakout,reddit_orb_breakout|ny|range=15|entry=150|rr=1.5|sl_atr=1|tp_atr=1.5|threshold=2|adx_max=none|adx_min=none|rsi2=none|trend=ema|max_bars=24,long,60362,60363,60383,2025-05-21 14:00:00+00:00,2025-05-21 14:15:00+00:00,2025-05-21 19:15:00+00:00,0.64545,0.6439,-30.999999999998806,-33.999999999998806,-1.0,46.49999999999821,30.999999999998806,3.0,sl,20,1,0.5,-16.999999999999403,16.999999999999403,23.249999999999105,2025-05-21,6A	reddit_orb_breakout	reddit_orb_breakout|ny|range=15|entry=150|rr=1.5|sl_atr=1|tp_atr=1.5|threshold=2|adx_max=none|adx_min=none|rsi2=none|trend=ema|max_bars=24
futures,6A,reddit_orb_breakout,reddit_orb_breakout|ny|range=15|entry=150|rr=1.5|sl_atr=1|tp_atr=1.5|threshold=2|adx_max=none|adx_min=none|rsi2=none|trend=ema|max_bars=24,short,60458,60459,60459,2025-05-22 15:00:00+00:00,2025-05-22 15:15:00+00:00,2025-05-22 15:15:00+00:00,0.64125,0.64195,-14.000000000000679,-17.00000000000068,-1.0,21.000000000002128,14.000000000000679,3.0,sl,1,1,0.5,-8.50000000000034,8.50000000000034,10.500000000001064,2025-05-22,6A	reddit_orb_breakout	reddit_orb_breakout|ny|range=15|entry=150|rr=1.5|sl_atr=1|tp_atr=1.5|threshold=2|adx_max=none|adx_min=none|rsi2=none|trend=ema|max_bars=24
futures,6A,reddit_orb_breakout,reddit_orb_breakout|ny|range=15|entry=150|rr=1.5|sl_atr=1|tp_atr=1.5|threshold=2|adx_max=none|adx_min=none|rsi2=none|trend=ema|max_bars=24,long,60546,60547,60559,2025-05-23 14:00:00+00:00,2025-05-23 14:15:00+00:00,2025-05-23 17:15:00+00:00,0.64695,0.6497250000000001,55.500000000001656,52.500000000001656,1.3125000000000295,55.500000000001656,37.00000000000036,3.0,tp,12,1,0.5,26.250000000000828,20.00000000000018,27.750000000000828,2025-05-23,6A	reddit_orb_breakout	reddit_orb_breakout|ny|range=15|entry=150|rr=1.5|sl_atr=1|tp_atr=1.5|threshold=2|adx_max=none|adx_min=none|rsi2=none|trend=ema|max_bars=24
futures,6A,reddit_orb_breakout,reddit_orb_breakout|ny|range=15|entry=150|rr=1.5|sl_atr=1|tp_atr=1.5|threshold=2|adx_max=none|adx_min=none|rsi2=none|trend=ema|max_bars=24,short,60729,60730,60754,2025-05-27 13:45:00+00:00,2025-05-27 14:00:00+00:00,2025-05-27 20:00:00+00:00,0.64475,0.64445,6.00000000000156,3.0000000000015596,0.12500000000006548,31.49999999999986,20.999999999999908,3.0,session_close,24,1,0.5,1.5000000000007798,11.999999999999954,15.74999999999993,2025-05-27,6A	reddit_orb_breakout	reddit_orb_breakout|ny|range=15|entry=150|rr=1.5|sl_atr=1|tp_atr=1.5|threshold=2|adx_max=none|adx_min=none|rsi2=none|trend=ema|max_bars=24
futures,6A,reddit_orb_breakout,reddit_orb_breakout|ny|range=15|entry=150|rr=1.5|sl_atr=1|tp_atr=1.5|threshold=2|adx_max=none|adx_min=none|rsi2=none|trend=ema|max_bars=24,short,60913,60914,60938,2025-05-29 13:45:00+00:00,2025-05-29 14:00:00+00:00,2025-05-29 20:00:00+00:00,0.6438,0.64475,-19.000000000000128,-22.000000000000128,-0.458333333333341,67.50000000000034,44.99999999999948,3.0,session_close,24,1,0.5,-11.000000000000064,23.99999999999974,33.75000000000017,2025-05-29,6A	reddit_orb_breakout	reddit_orb_breakout|ny|range=15|entry=150|rr=1.5|sl_atr=1|tp_atr=1.5|threshold=2|adx_max=none|adx_min=none|rsi2=none|trend=ema|max_bars=24
futures,6A,reddit_orb_breakout,reddit_orb_breakout|ny|range=15|entry=150|rr=1.5|sl_atr=1|tp_atr=1.5|threshold=2|adx_max=none|adx_min=none|rsi2=none|trend=ema|max_bars=24,short,61005,61006,61006,2025-05-30 13:45:00+00:00,2025-05-30 14:00:00+00:00,2025-05-30 14:00:00+00:00,0.64115,0.64185,-14.000000000000679,-17.00000000000068,-1.0,21.000000000002128,14.000000000000679,3.0,sl,1,1,0.5,-8.50000000000034,8.50000000000034,10.500000000001064,2025-05-30,6A	reddit_orb_breakout	reddit_orb_breakout|ny|range=15|entry=150|rr=1.5|sl_atr=1|tp_atr=1.5|threshold=2|adx_max=none|adx_min=none|rsi2=none|trend=ema|max_bars=24
futures,6A,reddit_orb_breakout,reddit_orb_breakout|ny|range=15|entry=150|rr=1.5|sl_atr=1|tp_atr=1.5|threshold=2|adx_max=none|adx_min=none|rsi2=none|trend=ema|max_bars=24,long,61098,61099,61122,2025-06-02 14:00:00+00:00,2025-06-02 14:15:00+00:00,2025-06-02 20:00:00+00:00,0.649,0.6499,18.000000000000238,15.000000000000238,0.48387096774192195,42.00000000000203,28.000000000001357,3.0,session_close,23,1,0.5,7.500000000000119,15.500000000000679,21.000000000001016,2025-06-02,6A	reddit_orb_breakout	reddit_orb_breakout|ny|range=15|entry=150|rr=1.5|sl_atr=1|tp_atr=1.5|threshold=2|adx_max=none|adx_min=none|rsi2=none|trend=ema|max_bars=24
futures,6A,reddit_orb_breakout,reddit_orb_breakout|ny|range=15|entry=150|rr=1.5|sl_atr=1|tp_atr=1.5|threshold=2|adx_max=none|adx_min=none|rsi2=none|trend=ema|max_bars=24,long,61282,61283,61287,2025-06-04 14:00:00+00:00,2025-06-04 14:15:00+00:00,2025-06-04 15:15:00+00:00,0.65005,0.649,-20.999999999999908,-23.999999999999908,-1.0,31.49999999999986,20.999999999999908,3.0,sl,4,1,0.5,-11.999999999999954,11.999999999999954,15.74999999999993,2025-06-04,6A	reddit_orb_breakout	reddit_orb_breakout|ny|range=15|entry=150|rr=1.5|sl_atr=1|tp_atr=1.5|threshold=2|adx_max=none|adx_min=none|rsi2=none|trend=ema|max_bars=24
futures,6A,reddit_orb_breakout,reddit_orb_breakout|ny|range=15|entry=150|rr=1.5|sl_atr=1|tp_atr=1.5|threshold=2|adx_max=none|adx_min=none|rsi2=none|trend=ema|max_bars=24,long,61558,61559,61582,2025-06-09 14:00:00+00:00,2025-06-09 14:15:00+00:00,2025-06-09 20:00:00+00:00,0.65175,0.65185,1.9999999999997797,-1.0000000000002203,-0.045454545454555205,28.500000000000192,19.000000000000128,3.0,session_close,23,1,0.5,-0.5000000000001101,11.000000000000064,14.250000000000096,2025-06-09,6A	reddit_orb_breakout	reddit_orb_breakout|ny|range=15|entry=150|rr=1.5|sl_atr=1|tp_atr=1.5|threshold=2|adx_max=none|adx_min=none|rsi2=none|trend=ema|max_bars=24
futures,6A,reddit_orb_breakout,reddit_orb_breakout|ny|range=15|entry=150|rr=1.5|sl_atr=1|tp_atr=1.5|threshold=2|adx_max=none|adx_min=none|rsi2=none|trend=ema|max_bars=24,long,61649,61650,61651,2025-06-10 13:45:00+00:00,2025-06-10 14:00:00+00:00,2025-06-10 14:15:00+00:00,0.6532,0.65265,-11.000000000001009,-14.000000000001009,-1.0,16.500000000001513,11.000000000001009,3.0,sl,1,1,0.5,-7.0000000000005045,7.0000000000005045,8.250000000000757,2025-06-10,6A	reddit_orb_breakout	reddit_orb_breakout|ny|range=15|entry=150|rr=1.5|sl_atr=1|tp_atr=1.5|threshold=2|adx_max=none|adx_min=none|rsi2=none|trend=ema|max_bars=24
futures,6A,reddit_orb_breakout,reddit_orb_breakout|ny|range=15|entry=150|rr=1.5|sl_atr=1|tp_atr=1.5|threshold=2|adx_max=none|adx_min=none|rsi2=none|trend=ema|max_bars=24,long,61742,61743,61759,2025-06-11 14:00:00+00:00,2025-06-11 14:15:00+00:00,2025-06-11 18:15:00+00:00,0.65215,0.651,-22.999999999999687,-25.999999999999687,-1.0,34.49999999999953,22.999999999999687,3.0,sl,16,1,0.5,-12.999999999999844,12.999999999999844,17.249999999999766,2025-06-11,6A	reddit_orb_breakout	reddit_orb_breakout|ny|range=15|entry=150|rr=1.5|sl_atr=1|tp_atr=1.5|threshold=2|adx_max=none|adx_min=none|rsi2=none|trend=ema|max_bars=24
futures,6A,reddit_orb_breakout,reddit_orb_breakout|ny|range=15|entry=150|rr=1.5|sl_atr=1|tp_atr=1.5|threshold=2|adx_max=none|adx_min=none|rsi2=none|trend=ema|max_bars=24,long,61837,61838,61858,2025-06-12 14:45:00+00:00,2025-06-12 15:00:00+00:00,2025-06-12 20:00:00+00:00,0.65275,0.6531,6.999999999999229,3.999999999999229,0.15999999999995626,33.00000000000303,22.000000000002018,3.0,session_close,20,1,0.5,1.9999999999996145,12.500000000001009,16.500000000001513,2025-06-12,6A	reddit_orb_breakout	reddit_orb_breakout|ny|range=15|entry=150|rr=1.5|sl_atr=1|tp_atr=1.5|threshold=2|adx_max=none|adx_min=none|rsi2=none|trend=ema|max_bars=24
futures,6A,reddit_orb_breakout,reddit_orb_breakout|ny|range=15|entry=150|rr=1.5|sl_atr=1|tp_atr=1.5|threshold=2|adx_max=none|adx_min=none|rsi2=none|trend=ema|max_bars=24,long,62011,62012,62017,2025-06-16 13:45:00+00:00,2025-06-16 14:00:00+00:00,2025-06-16 15:15:00+00:00,0.65545,0.65455,-18.000000000000238,-21.000000000000238,-1.0,27.000000000001467,18.000000000000238,3.0,sl,5,1,0.5,-10.500000000000119,10.500000000000119,13.500000000000734,2025-06-16,6A	reddit_orb_breakout	reddit_orb_breakout|ny|range=15|entry=150|rr=1.5|sl_atr=1|tp_atr=1.5|threshold=2|adx_max=none|adx_min=none|rsi2=none|trend=ema|max_bars=24
futures,6A,reddit_capitulation_reversion,reddit_capitulation_reversion|ny|range=15|entry=150|rr=2.5|sl_atr=1|tp_atr=1.5|threshold=1.75|adx_max=none|adx_min=none|rsi2=10.0|trend=long_only|max_bars=24,long,62105,62106,62115,2025-06-17 14:15:00+00:00,2025-06-17 14:30:00+00:00,2025-06-17 16:45:00+00:00,0.653,0.651041,-39.18000000000088,-42.18000000000088,-1.0,97.94999999999997,39.18000000000088,3.0,sl,9,50,0.5,-1054.500000000022,1054.500000000022,2448.7499999999995,2025-06-17,6A	reddit_capitulation_reversion	reddit_capitulation_reversion|ny|range=15|entry=150|rr=2.5|sl_atr=1|tp_atr=1.5|threshold=1.75|adx_max=none|adx_min=none|rsi2=10.0|trend=long_only|max_bars=24
futures,6A,reddit_orb_breakout,reddit_orb_breakout|ny|range=15|entry=150|rr=1.5|sl_atr=1|tp_atr=1.5|threshold=2|adx_max=none|adx_min=none|rsi2=none|trend=ema|max_bars=24,short,62288,62289,62303,2025-06-19 14:00:00+00:00,2025-06-19 14:15:00+00:00,2025-06-19 17:45:00+00:00,0.6468,0.64775,-19.000000000000128,-22.000000000000128,-1.0,28.500000000000192,19.000000000000128,3.0,sl,14,1,0.5,-11.000000000000064,11.000000000000064,14.250000000000096,2025-06-19,6A	reddit_orb_breakout	reddit_orb_breakout|ny|range=15|entry=150|rr=1.5|sl_atr=1|tp_atr=1.5|threshold=2|adx_max=none|adx_min=none|rsi2=none|trend=ema|max_bars=24
futures,6A,reddit_orb_breakout,reddit_orb_breakout|ny|range=15|entry=150|rr=1.5|sl_atr=1|tp_atr=1.5|threshold=2|adx_max=none|adx_min=none|rsi2=none|trend=ema|max_bars=24,short,62379,62380,62403,2025-06-20 13:45:00+00:00,2025-06-20 14:00:00+00:00,2025-06-20 19:45:00+00:00,0.6484,0.6459999999999999,48.00000000000137,45.00000000000137,1.2857142857142911,48.00000000000137,32.00000000000092,3.0,tp,23,1,0.5,22.500000000000686,17.50000000000046,24.000000000000686,2025-06-20,6A	reddit_orb_breakout	reddit_orb_breakout|ny|range=15|entry=150|rr=1.5|sl_atr=1|tp_atr=1.5|threshold=2|adx_max=none|adx_min=none|rsi2=none|trend=ema|max_bars=24
futures,6A,reddit_capitulation_reversion,reddit_capitulation_reversion|ny|range=15|entry=150|rr=2.5|sl_atr=1|tp_atr=1.5|threshold=1.75|adx_max=none|adx_min=none|rsi2=10.0|trend=long_only|max_bars=24,long,62562,62563,62587,2025-06-24 13:30:00+00:00,2025-06-24 13:45:00+00:00,2025-06-24 19:45:00+00:00,0.64975,0.65085,21.999999999999797,18.999999999999797,0.4525425747290622,97.46250000000067,38.98500000000027,3.0,timeout,24,50,0.5,474.99999999999494,1049.6250000000068,2436.562500000017,2025-06-24,6A	reddit_capitulation_reversion	reddit_capitulation_reversion|ny|range=15|entry=150|rr=2.5|sl_atr=1|tp_atr=1.5|threshold=1.75|adx_max=none|adx_min=none|rsi2=10.0|trend=long_only|max_bars=24
futures,6A,reddit_orb_breakout,reddit_orb_breakout|ny|range=15|entry=150|rr=1.5|sl_atr=1|tp_atr=1.5|threshold=2|adx_max=none|adx_min=none|rsi2=none|trend=ema|max_bars=24,long,62564,62565,62588,2025-06-24 14:00:00+00:00,2025-06-24 14:15:00+00:00,2025-06-24 20:00:00+00:00,0.65135,0.65035,-20.000000000000018,-23.000000000000018,-0.6764705882353184,46.49999999999821,30.999999999998806,3.0,session_close,23,1,0.5,-11.500000000000009,16.999999999999403,23.249999999999105,2025-06-24,6A	reddit_orb_breakout	reddit_orb_breakout|ny|range=15|entry=150|rr=1.5|sl_atr=1|tp_atr=1.5|threshold=2|adx_max=none|adx_min=none|rsi2=none|trend=ema|max_bars=24
futures,6A,reddit_orb_breakout,reddit_orb_breakout|ny|range=15|entry=150|rr=1.5|sl_atr=1|tp_atr=1.5|threshold=2|adx_max=none|adx_min=none|rsi2=none|trend=ema|max_bars=24,long,62658,62659,62674,2025-06-25 14:30:00+00:00,2025-06-25 14:45:00+00:00,2025-06-25 18:30:00+00:00,0.65065,0.6519999999999998,26.999999999997026,23.999999999997026,1.142857142857109,26.999999999997026,17.999999999998018,3.0,tp,15,1,0.5,11.999999999998513,10.499999999999009,13.499999999998513,2025-06-25,6A	reddit_orb_breakout	reddit_orb_breakout|ny|range=15|entry=150|rr=1.5|sl_atr=1|tp_atr=1.5|threshold=2|adx_max=none|adx_min=none|rsi2=none|trend=ema|max_bars=24
futures,6A,reddit_orb_breakout,reddit_orb_breakout|ny|range=15|entry=150|rr=1.5|sl_atr=1|tp_atr=1.5|threshold=2|adx_max=none|adx_min=none|rsi2=none|trend=ema|max_bars=24,long,62747,62748,62772,2025-06-26 13:45:00+00:00,2025-06-26 14:00:00+00:00,2025-06-26 20:00:00+00:00,0.65615,0.6558,-6.999999999999229,-9.999999999999229,-0.3448275862068776,38.999999999997925,25.999999999999357,3.0,session_close,24,1,0.5,-4.9999999999996145,14.499999999999678,19.499999999998963,2025-06-26,6A	reddit_orb_breakout	reddit_orb_breakout|ny|range=15|entry=150|rr=1.5|sl_atr=1|tp_atr=1.5|threshold=2|adx_max=none|adx_min=none|rsi2=none|trend=ema|max_bars=24
futures,6A,reddit_orb_breakout,reddit_orb_breakout|ny|range=15|entry=150|rr=1.5|sl_atr=1|tp_atr=1.5|threshold=2|adx_max=none|adx_min=none|rsi2=none|trend=ema|max_bars=24,long,62846,62847,62854,2025-06-27 15:30:00+00:00,2025-06-27 15:45:00+00:00,2025-06-27 17:30:00+00:00,0.65475,0.65375,-20.000000000000018,-23.000000000000018,-1.0,29.999999999998916,20.000000000000018,3.0,sl,7,1,0.5,-11.500000000000009,11.500000000000009,14.999999999999458,2025-06-27,6A	reddit_orb_breakout	reddit_orb_breakout|ny|range=15|entry=150|rr=1.5|sl_atr=1|tp_atr=1.5|threshold=2|adx_max=none|adx_min=none|rsi2=none|trend=ema|max_bars=24
futures,6A,reddit_orb_breakout,reddit_orb_breakout|ny|range=15|entry=150|rr=1.5|sl_atr=1|tp_atr=1.5|threshold=2|adx_max=none|adx_min=none|rsi2=none|trend=ema|max_bars=24,long,62931,62932,62938,2025-06-30 13:45:00+00:00,2025-06-30 14:00:00+00:00,2025-06-30 15:30:00+00:00,0.6555,0.657075,31.49999999999986,28.49999999999986,1.187499999999999,31.49999999999986,20.999999999999908,3.0,tp,6,1,0.5,14.24999999999993,11.999999999999954,15.74999999999993,2025-06-30,6A	reddit_orb_breakout	reddit_orb_breakout|ny|range=15|entry=150|rr=1.5|sl_atr=1|tp_atr=1.5|threshold=2|adx_max=none|adx_min=none|rsi2=none|trend=ema|max_bars=24
futures,6A,reddit_orb_breakout,reddit_orb_breakout|ny|range=15|entry=150|rr=1.5|sl_atr=1|tp_atr=1.5|threshold=2|adx_max=none|adx_min=none|rsi2=none|trend=ema|max_bars=24,short,63302,63303,63312,2025-07-04 14:30:00+00:00,2025-07-04 14:45:00+00:00,2025-07-06 22:00:00+00:00,0.65575,0.6562,-8.999999999999009,-11.999999999999009,-0.6000000000000066,25.499999999998302,16.999999999998128,3.0,session_close,9,1,0.5,-5.999999999999504,9.999999999999064,12.749999999999151,2025-07-04,6A	reddit_orb_breakout	reddit_orb_breakout|ny|range=15|entry=150|rr=1.5|sl_atr=1|tp_atr=1.5|threshold=2|adx_max=none|adx_min=none|rsi2=none|trend=ema|max_bars=24
futures,6A,reddit_orb_breakout,reddit_orb_breakout|ny|range=15|entry=150|rr=1.5|sl_atr=1|tp_atr=1.5|threshold=2|adx_max=none|adx_min=none|rsi2=none|trend=ema|max_bars=24,short,63468,63469,63480,2025-07-08 14:00:00+00:00,2025-07-08 14:15:00+00:00,2025-07-08 17:00:00+00:00,0.65225,0.6538,-31.000000000001027,-34.00000000000102,-1.0,46.50000000000265,31.000000000001027,3.0,sl,11,1,0.5,-17.00000000000051,17.00000000000051,23.250000000001325,2025-07-08,6A	reddit_orb_breakout	reddit_orb_breakout|ny|range=15|entry=150|rr=1.5|sl_atr=1|tp_atr=1.5|threshold=2|adx_max=none|adx_min=none|rsi2=none|trend=ema|max_bars=24
futures,6A,reddit_orb_breakout,reddit_orb_breakout|ny|range=15|entry=150|rr=1.5|sl_atr=1|tp_atr=1.5|threshold=2|adx_max=none|adx_min=none|rsi2=none|trend=ema|max_bars=24,long,63655,63656,63661,2025-07-10 14:45:00+00:00,2025-07-10 15:00:00+00:00,2025-07-10 16:15:00+00:00,0.6565,0.65845,39.00000000000014,36.00000000000014,1.24137931034486,39.00000000000014,25.999999999999357,3.0,tp,5,1,0.5,18.00000000000007,14.499999999999678,19.50000000000007,2025-07-10,6A	reddit_orb_breakout	reddit_orb_breakout|ny|range=15|entry=150|rr=1.5|sl_atr=1|tp_atr=1.5|threshold=2|adx_max=none|adx_min=none|rsi2=none|trend=ema|max_bars=24
futures,6A,reddit_orb_breakout,reddit_orb_breakout|ny|range=15|entry=150|rr=1.5|sl_atr=1|tp_atr=1.5|threshold=2|adx_max=none|adx_min=none|rsi2=none|trend=ema|max_bars=24,short,63839,63840,63842,2025-07-14 14:45:00+00:00,2025-07-14 15:00:00+00:00,2025-07-14 15:30:00+00:00,0.65625,0.65695,-14.000000000000679,-17.00000000000068,-1.0,20.999999999999908,14.000000000000679,3.0,sl,2,1,0.5,-8.50000000000034,8.50000000000034,10.499999999999954,2025-07-14,6A	reddit_orb_breakout	reddit_orb_breakout|ny|range=15|entry=150|rr=1.5|sl_atr=1|tp_atr=1.5|threshold=2|adx_max=none|adx_min=none|rsi2=none|trend=ema|max_bars=24
futures,6A,reddit_orb_breakout,reddit_orb_breakout|ny|range=15|entry=150|rr=1.5|sl_atr=1|tp_atr=1.5|threshold=2|adx_max=none|adx_min=none|rsi2=none|trend=ema|max_bars=24,short,63927,63928,63952,2025-07-15 13:45:00+00:00,2025-07-15 14:00:00+00:00,2025-07-15 20:00:00+00:00,0.65495,0.65195,60.00000000000005,57.00000000000005,0.9499999999999947,85.50000000000057,57.000000000000384,3.0,session_close,24,1,0.5,28.500000000000025,30.000000000000192,42.750000000000284,2025-07-15,6A	reddit_orb_breakout	reddit_orb_breakout|ny|range=15|entry=150|rr=1.5|sl_atr=1|tp_atr=1.5|threshold=2|adx_max=none|adx_min=none|rsi2=none|trend=ema|max_bars=24
futures,6A,reddit_orb_breakout,reddit_orb_breakout|ny|range=15|entry=150|rr=1.5|sl_atr=1|tp_atr=1.5|threshold=2|adx_max=none|adx_min=none|rsi2=none|trend=ema|max_bars=24,short,64019,64020,64024,2025-07-16 13:45:00+00:00,2025-07-16 14:00:00+00:00,2025-07-16 15:00:00+00:00,0.65075,0.65225,-29.999999999998916,-32.99999999999892,-1.0,44.99999999999948,29.999999999998916,3.0,sl,4,1,0.5,-16.49999999999946,16.49999999999946,22.49999999999974,2025-07-16,6A	reddit_orb_breakout	reddit_orb_breakout|ny|range=15|entry=150|rr=1.5|sl_atr=1|tp_atr=1.5|threshold=2|adx_max=none|adx_min=none|rsi2=none|trend=ema|max_bars=24
futures,6A,reddit_capitulation_reversion,reddit_capitulation_reversion|ny|range=15|entry=150|rr=2.5|sl_atr=1|tp_atr=1.5|threshold=1.75|adx_max=none|adx_min=none|rsi2=10.0|trend=long_only|max_bars=24,long,64214,64215,64228,2025-07-18 16:30:00+00:00,2025-07-18 16:45:00+00:00,2025-07-18 20:00:00+00:00,0.65235,0.65135,-20.000000000000018,-23.000000000000018,-0.545786763484489,97.85249999999967,39.14100000000031,3.0,session_close,13,50,0.5,-575.0000000000005,1053.5250000000078,2446.312499999992,2025-07-18,6A	reddit_capitulation_reversion	reddit_capitulation_reversion|ny|range=15|entry=150|rr=2.5|sl_atr=1|tp_atr=1.5|threshold=1.75|adx_max=none|adx_min=none|rsi2=10.0|trend=long_only|max_bars=24
futures,6A,reddit_orb_breakout,reddit_orb_breakout|ny|range=15|entry=150|rr=1.5|sl_atr=1|tp_atr=1.5|threshold=2|adx_max=none|adx_min=none|rsi2=none|trend=ema|max_bars=24,long,64296,64297,64320,2025-07-21 14:00:00+00:00,2025-07-21 14:15:00+00:00,2025-07-21 20:00:00+00:00,0.65315,0.653,-2.9999999999996696,-5.99999999999967,-0.2727272727272561,28.500000000000192,19.000000000000128,3.0,session_close,23,1,0.5,-2.999999999999835,11.000000000000064,14.250000000000096,2025-07-21,6A	reddit_orb_breakout	reddit_orb_breakout|ny|range=15|entry=150|rr=1.5|sl_atr=1|tp_atr=1.5|threshold=2|adx_max=none|adx_min=none|rsi2=none|trend=ema|max_bars=24
futures,6A,reddit_orb_breakout,reddit_orb_breakout|ny|range=15|entry=150|rr=1.5|sl_atr=1|tp_atr=1.5|threshold=2|adx_max=none|adx_min=none|rsi2=none|trend=ema|max_bars=24,long,64391,64392,64412,2025-07-22 14:45:00+00:00,2025-07-22 15:00:00+00:00,2025-07-22 20:00:00+00:00,0.6552,0.6558,12.000000000000899,9.000000000000899,0.28125000000003664,43.499999999998536,28.999999999999027,3.0,session_close,20,1,0.5,4.500000000000449,15.999999999999513,21.749999999999268,2025-07-22,6A	reddit_orb_breakout	reddit_orb_breakout|ny|range=15|entry=150|rr=1.5|sl_atr=1|tp_atr=1.5|threshold=2|adx_max=none|adx_min=none|rsi2=none|trend=ema|max_bars=24
futures,6A,reddit_orb_breakout,reddit_orb_breakout|ny|range=15|entry=150|rr=1.5|sl_atr=1|tp_atr=1.5|threshold=2|adx_max=none|adx_min=none|rsi2=none|trend=ema|max_bars=24,long,64482,64483,64486,2025-07-23 14:30:00+00:00,2025-07-23 14:45:00+00:00,2025-07-23 15:30:00+00:00,0.65965,0.659,-12.999999999998568,-15.999999999998568,-1.0,19.499999999996742,12.999999999998568,3.0,sl,3,1,0.5,-7.999999999999284,7.999999999999284,9.749999999998371,2025-07-23,6A	reddit_orb_breakout	reddit_orb_breakout|ny|range=15|entry=150|rr=1.5|sl_atr=1|tp_atr=1.5|threshold=2|adx_max=none|adx_min=none|rsi2=none|trend=ema|max_bars=24
futures,6A,reddit_orb_breakout,reddit_orb_breakout|ny|range=15|entry=150|rr=1.5|sl_atr=1|tp_atr=1.5|threshold=2|adx_max=none|adx_min=none|rsi2=none|trend=ema|max_bars=24,long,64572,64573,64576,2025-07-24 14:00:00+00:00,2025-07-24 14:15:00+00:00,2025-07-24 15:00:00+00:00,0.6622,0.6609,-25.999999999999357,-28.999999999999357,-1.0,39.00000000000014,25.999999999999357,3.0,sl,3,1,0.5,-14.499999999999678,14.499999999999678,19.50000000000007,2025-07-24,6A	reddit_orb_breakout	reddit_orb_breakout|ny|range=15|entry=150|rr=1.5|sl_atr=1|tp_atr=1.5|threshold=2|adx_max=none|adx_min=none|rsi2=none|trend=ema|max_bars=24
futures,6A,reddit_orb_breakout,reddit_orb_breakout|ny|range=15|entry=150|rr=1.5|sl_atr=1|tp_atr=1.5|threshold=2|adx_max=none|adx_min=none|rsi2=none|trend=ema|max_bars=24,short,64755,64756,64757,2025-07-28 13:45:00+00:00,2025-07-28 14:00:00+00:00,2025-07-28 14:15:00+00:00,0.6523,0.6533,-20.000000000000018,-23.000000000000018,-1.0,29.999999999998916,20.000000000000018,3.0,sl,1,1,0.5,-11.500000000000009,11.500000000000009,14.999999999999458,2025-07-28,6A	reddit_orb_breakout	reddit_orb_breakout|ny|range=15|entry=150|rr=1.5|sl_atr=1|tp_atr=1.5|threshold=2|adx_max=none|adx_min=none|rsi2=none|trend=ema|max_bars=24
futures,6A,reddit_orb_breakout,reddit_orb_breakout|ny|range=15|entry=150|rr=1.5|sl_atr=1|tp_atr=1.5|threshold=2|adx_max=none|adx_min=none|rsi2=none|trend=ema|max_bars=24,short,64946,64947,64955,2025-07-30 15:30:00+00:00,2025-07-30 15:45:00+00:00,2025-07-30 17:45:00+00:00,0.6456,0.64675,-23.000000000001908,-26.000000000001908,-1.0,34.50000000000397,23.000000000001908,3.0,sl,8,1,0.5,-13.000000000000954,13.000000000000954,17.250000000001986,2025-07-30,6A	reddit_orb_breakout	reddit_orb_breakout|ny|range=15|entry=150|rr=1.5|sl_atr=1|tp_atr=1.5|threshold=2|adx_max=none|adx_min=none|rsi2=none|trend=ema|max_bars=24
futures,6A,reddit_orb_breakout,reddit_orb_breakout|ny|range=15|entry=150|rr=1.5|sl_atr=1|tp_atr=1.5|threshold=2|adx_max=none|adx_min=none|rsi2=none|trend=ema|max_bars=24,short,65039,65040,65056,2025-07-31 15:45:00+00:00,2025-07-31 16:00:00+00:00,2025-07-31 20:00:00+00:00,0.6434,0.64315,4.999999999999449,1.9999999999994493,0.12499999999995942,19.500000000001183,13.000000000000789,3.0,session_close,16,1,0.5,0.9999999999997247,8.000000000000394,9.750000000000592,2025-07-31,6A	reddit_orb_breakout	reddit_orb_breakout|ny|range=15|entry=150|rr=1.5|sl_atr=1|tp_atr=1.5|threshold=2|adx_max=none|adx_min=none|rsi2=none|trend=ema|max_bars=24
futures,6A,reddit_orb_breakout,reddit_orb_breakout|ny|range=15|entry=150|rr=1.5|sl_atr=1|tp_atr=1.5|threshold=2|adx_max=none|adx_min=none|rsi2=none|trend=ema|max_bars=24,short,65123,65124,65148,2025-08-01 13:45:00+00:00,2025-08-01 14:00:00+00:00,2025-08-01 20:00:00+00:00,0.64725,0.6472,0.9999999999998899,-2.00000000000011,-0.0400000000000028,70.49999999999778,46.99999999999926,3.0,session_close,24,1,0.5,-1.000000000000055,24.99999999999963,35.24999999999889,2025-08-01,6A	reddit_orb_breakout	reddit_orb_breakout|ny|range=15|entry=150|rr=1.5|sl_atr=1|tp_atr=1.5|threshold=2|adx_max=none|adx_min=none|rsi2=none|trend=ema|max_bars=24
futures,6A,reddit_capitulation_reversion,reddit_capitulation_reversion|ny|range=15|entry=150|rr=2.5|sl_atr=1|tp_atr=1.5|threshold=1.75|adx_max=none|adx_min=none|rsi2=10.0|trend=long_only|max_bars=24,long,65220,65221,65240,2025-08-04 15:00:00+00:00,2025-08-04 15:15:00+00:00,2025-08-04 20:00:00+00:00,0.6477,0.64735,-7.0000000000014495,-10.00000000000145,-0.23888012995082814,97.15499999999987,38.861999999999504,3.0,session_close,19,50,0.5,-250.00000000003624,1046.5499999999877,2428.874999999997,2025-08-04,6A	reddit_capitulation_reversion	reddit_capitulation_reversion|ny|range=15|entry=150|rr=2.5|sl_atr=1|tp_atr=1.5|threshold=1.75|adx_max=none|adx_min=none|rsi2=10.0|trend=long_only|max_bars=24
futures,6A,reddit_orb_breakout,reddit_orb_breakout|ny|range=15|entry=150|rr=1.5|sl_atr=1|tp_atr=1.5|threshold=2|adx_max=none|adx_min=none|rsi2=none|trend=ema|max_bars=24,short,65307,65308,65308,2025-08-05 13:45:00+00:00,2025-08-05 14:00:00+00:00,2025-08-05 14:00:00+00:00,0.6472,0.64795,-15.000000000000568,-18.00000000000057,-1.0,22.500000000000853,15.000000000000568,3.0,sl,1,1,0.5,-9.000000000000284,9.000000000000284,11.250000000000426,2025-08-05,6A	reddit_orb_breakout	reddit_orb_breakout|ny|range=15|entry=150|rr=1.5|sl_atr=1|tp_atr=1.5|threshold=2|adx_max=none|adx_min=none|rsi2=none|trend=ema|max_bars=24
futures,6A,reddit_capitulation_reversion,reddit_capitulation_reversion|ny|range=15|entry=150|rr=2.5|sl_atr=1|tp_atr=1.5|threshold=1.75|adx_max=none|adx_min=none|rsi2=10.0|trend=long_only|max_bars=24,long,65402,65403,65424,2025-08-06 14:30:00+00:00,2025-08-06 14:45:00+00:00,2025-08-06 20:00:00+00:00,0.64945,0.65075,26.000000000001577,23.000000000001577,0.5480496580646962,97.41750000000104,38.96700000000086,3.0,session_close,21,50,0.5,575.0000000000394,1049.1750000000216,2435.437500000026,2025-08-06,6A	reddit_capitulation_reversion	reddit_capitulation_reversion|ny|range=15|entry=150|rr=2.5|sl_atr=1|tp_atr=1.5|threshold=1.75|adx_max=none|adx_min=none|rsi2=10.0|trend=long_only|max_bars=24
futures,6A,reddit_capitulation_reversion,reddit_capitulation_reversion|ny|range=15|entry=150|rr=2.5|sl_atr=1|tp_atr=1.5|threshold=1.75|adx_max=none|adx_min=none|rsi2=10.0|trend=long_only|max_bars=24,long,65491,65492,65495,2025-08-07 13:45:00+00:00,2025-08-07 14:00:00+00:00,2025-08-07 14:45:00+00:00,0.65215,0.65019355,-39.12899999999997,-42.12899999999997,-1.0,97.82249999999992,39.12899999999997,3.0,sl,3,50,0.5,-1053.2249999999992,1053.2249999999992,2445.562499999998,2025-08-07,6A	reddit_capitulation_reversion	reddit_capitulation_reversion|ny|range=15|entry=150|rr=2.5|sl_atr=1|tp_atr=1.5|threshold=1.75|adx_max=none|adx_min=none|rsi2=10.0|trend=long_only|max_bars=24
futures,6A,reddit_orb_breakout,reddit_orb_breakout|ny|range=15|entry=150|rr=1.5|sl_atr=1|tp_atr=1.5|threshold=2|adx_max=none|adx_min=none|rsi2=none|trend=ema|max_bars=24,long,65588,65589,65590,2025-08-08 15:00:00+00:00,2025-08-08 15:15:00+00:00,2025-08-08 15:30:00+00:00,0.65335,0.65295,-7.999999999999119,-10.999999999999119,-1.0,11.999999999998678,7.999999999999119,3.0,sl,1,1,0.5,-5.4999999999995595,5.4999999999995595,5.999999999999339,2025-08-08,6A	reddit_orb_breakout	reddit_orb_breakout|ny|range=15|entry=150|rr=1.5|sl_atr=1|tp_atr=1.5|threshold=2|adx_max=none|adx_min=none|rsi2=none|trend=ema|max_bars=24
futures,6A,reddit_orb_breakout,reddit_orb_breakout|ny|range=15|entry=150|rr=1.5|sl_atr=1|tp_atr=1.5|threshold=2|adx_max=none|adx_min=none|rsi2=none|trend=ema|max_bars=24,short,65678,65679,65682,2025-08-11 14:30:00+00:00,2025-08-11 14:45:00+00:00,2025-08-11 15:30:00+00:00,0.6509,0.65175,-17.000000000000348,-20.000000000000348,-1.0,25.500000000000522,17.000000000000348,3.0,sl,3,1,0.5,-10.000000000000174,10.000000000000174,12.750000000000261,2025-08-11,6A	reddit_orb_breakout	reddit_orb_breakout|ny|range=15|entry=150|rr=1.5|sl_atr=1|tp_atr=1.5|threshold=2|adx_max=none|adx_min=none|rsi2=none|trend=ema|max_bars=24
futures,6A,reddit_orb_breakout,reddit_orb_breakout|ny|range=15|entry=150|rr=1.5|sl_atr=1|tp_atr=1.5|threshold=2|adx_max=none|adx_min=none|rsi2=none|trend=ema|max_bars=24,long,65859,65860,65862,2025-08-13 13:45:00+00:00,2025-08-13 14:00:00+00:00,2025-08-13 14:30:00+00:00,0.6553,0.6560499999999999,14.999999999998348,11.999999999998348,0.9230769230768742,14.999999999998348,9.999999999998899,3.0,tp,2,1,0.5,5.999999999999174,6.499999999999449,7.499999999999174,2025-08-13,6A	reddit_orb_breakout	reddit_orb_breakout|ny|range=15|entry=150|rr=1.5|sl_atr=1|tp_atr=1.5|threshold=2|adx_max=none|adx_min=none|rsi2=none|trend=ema|max_bars=24
futures,6A,reddit_orb_breakout,reddit_orb_breakout|ny|range=15|entry=150|rr=1.5|sl_atr=1|tp_atr=1.5|threshold=2|adx_max=none|adx_min=none|rsi2=none|trend=ema|max_bars=24,short,65951,65952,65954,2025-08-14 13:45:00+00:00,2025-08-14 14:00:00+00:00,2025-08-14 14:30:00+00:00,0.64955,0.6504,-17.000000000000348,-20.000000000000348,-1.0,25.500000000000522,17.000000000000348,3.0,sl,2,1,0.5,-10.000000000000174,10.000000000000174,12.750000000000261,2025-08-14,6A	reddit_orb_breakout	reddit_orb_breakout|ny|range=15|entry=150|rr=1.5|sl_atr=1|tp_atr=1.5|threshold=2|adx_max=none|adx_min=none|rsi2=none|trend=ema|max_bars=24
futures,6A,reddit_orb_breakout,reddit_orb_breakout|ny|range=15|entry=150|rr=1.5|sl_atr=1|tp_atr=1.5|threshold=2|adx_max=none|adx_min=none|rsi2=none|trend=ema|max_bars=24,short,66053,66054,66068,2025-08-15 16:15:00+00:00,2025-08-15 16:30:00+00:00,2025-08-15 20:00:00+00:00,0.6515,0.65135,2.9999999999996696,-3.304023721284466e-13,-1.8355687340468675e-14,22.500000000000853,15.000000000000568,3.0,session_close,14,1,0.5,-1.652011860642233e-13,9.000000000000284,11.250000000000426,2025-08-15,6A	reddit_orb_breakout	reddit_orb_breakout|ny|range=15|entry=150|rr=1.5|sl_atr=1|tp_atr=1.5|threshold=2|adx_max=none|adx_min=none|rsi2=none|trend=ema|max_bars=24
futures,6A,reddit_orb_breakout,reddit_orb_breakout|ny|range=15|entry=150|rr=1.5|sl_atr=1|tp_atr=1.5|threshold=2|adx_max=none|adx_min=none|rsi2=none|trend=ema|max_bars=24,short,66135,66136,66138,2025-08-18 13:45:00+00:00,2025-08-18 14:00:00+00:00,2025-08-18 14:30:00+00:00,0.65045,0.6496249999999999,16.500000000001513,13.500000000001513,0.9642857142857529,16.500000000001513,11.000000000001009,3.0,tp,2,1,0.5,6.750000000000757,7.0000000000005045,8.250000000000757,2025-08-18,6A	reddit_orb_breakout	reddit_orb_breakout|ny|range=15|entry=150|rr=1.5|sl_atr=1|tp_atr=1.5|threshold=2|adx_max=none|adx_min=none|rsi2=none|trend=ema|max_bars=24
futures,6A,reddit_orb_breakout,reddit_orb_breakout|ny|range=15|entry=150|rr=1.5|sl_atr=1|tp_atr=1.5|threshold=2|adx_max=none|adx_min=none|rsi2=none|trend=ema|max_bars=24,short,66228,66229,66234,2025-08-19 14:00:00+00:00,2025-08-19 14:15:00+00:00,2025-08-19 15:30:00+00:00,0.6476,0.64625,26.999999999999247,23.999999999999247,1.142857142857094,26.999999999999247,18.000000000000238,3.0,tp,5,1,0.5,11.999999999999623,10.500000000000119,13.499999999999623,2025-08-19,6A	reddit_orb_breakout	reddit_orb_breakout|ny|range=15|entry=150|rr=1.5|sl_atr=1|tp_atr=1.5|threshold=2|adx_max=none|adx_min=none|rsi2=none|trend=ema|max_bars=24
futures,6A,reddit_orb_breakout,reddit_orb_breakout|ny|range=15|entry=150|rr=1.5|sl_atr=1|tp_atr=1.5|threshold=2|adx_max=none|adx_min=none|rsi2=none|trend=ema|max_bars=24,short,66319,66320,66344,2025-08-20 13:45:00+00:00,2025-08-20 14:00:00+00:00,2025-08-20 20:00:00+00:00,0.6432,0.6434,-3.9999999999995595,-6.9999999999995595,-0.2058823529411573,46.50000000000265,31.000000000001027,3.0,session_close,24,1,0.5,-3.4999999999997797,17.00000000000051,23.250000000001325,2025-08-20,6A	reddit_orb_breakout	reddit_orb_breakout|ny|range=15|entry=150|rr=1.5|sl_atr=1|tp_atr=1.5|threshold=2|adx_max=none|adx_min=none|rsi2=none|trend=ema|max_bars=24
futures,6A,reddit_orb_breakout,reddit_orb_breakout|ny|range=15|entry=150|rr=1.5|sl_atr=1|tp_atr=1.5|threshold=2|adx_max=none|adx_min=none|rsi2=none|trend=ema|max_bars=24,short,66411,66412,66412,2025-08-21 13:45:00+00:00,2025-08-21 14:00:00+00:00,2025-08-21 14:00:00+00:00,0.64235,0.6431,-15.000000000000568,-18.00000000000057,-1.0,22.500000000000853,15.000000000000568,3.0,sl,1,1,0.5,-9.000000000000284,9.000000000000284,11.250000000000426,2025-08-21,6A	reddit_orb_breakout	reddit_orb_breakout|ny|range=15|entry=150|rr=1.5|sl_atr=1|tp_atr=1.5|threshold=2|adx_max=none|adx_min=none|rsi2=none|trend=ema|max_bars=24
futures,6A,reddit_orb_breakout,reddit_orb_breakout|ny|range=15|entry=150|rr=1.5|sl_atr=1|tp_atr=1.5|threshold=2|adx_max=none|adx_min=none|rsi2=none|trend=ema|max_bars=24,long,66508,66509,66528,2025-08-22 15:00:00+00:00,2025-08-22 15:15:00+00:00,2025-08-22 20:00:00+00:00,0.65005,0.6493,-15.000000000000568,-18.00000000000057,-0.12162162162162582,217.49999999999935,144.99999999999957,3.0,session_close,19,1,0.5,-9.000000000000284,73.99999999999979,108.74999999999967,2025-08-22,6A	reddit_orb_breakout	reddit_orb_breakout|ny|range=15|entry=150|rr=1.5|sl_atr=1|tp_atr=1.5|threshold=2|adx_max=none|adx_min=none|rsi2=none|trend=ema|max_bars=24
futures,6A,reddit_orb_breakout,reddit_orb_breakout|ny|range=15|entry=150|rr=1.5|sl_atr=1|tp_atr=1.5|threshold=2|adx_max=none|adx_min=none|rsi2=none|trend=ema|max_bars=24,long,66597,66598,66609,2025-08-25 14:15:00+00:00,2025-08-25 14:30:00+00:00,2025-08-25 17:15:00+00:00,0.65065,0.64955,-21.999999999999797,-24.999999999999797,-1.0,32.999999999998586,21.999999999999797,3.0,sl,11,1,0.5,-12.499999999999899,12.499999999999899,16.499999999999293,2025-08-25,6A	reddit_orb_breakout	reddit_orb_breakout|ny|range=15|entry=150|rr=1.5|sl_atr=1|tp_atr=1.5|threshold=2|adx_max=none|adx_min=none|rsi2=none|trend=ema|max_bars=24
futures,6A,reddit_capitulation_reversion,reddit_capitulation_reversion|ny|range=15|entry=150|rr=2.5|sl_atr=1|tp_atr=1.5|threshold=1.75|adx_max=none|adx_min=none|rsi2=10.0|trend=long_only|max_bars=24,long,66614,66615,66620,2025-08-25 18:30:00+00:00,2025-08-25 18:45:00+00:00,2025-08-25 20:00:00+00:00,0.6486,0.64845,-2.9999999999996696,-5.99999999999967,-0.14314342971656832,97.29000000000099,38.91599999999995,3.0,session_close,5,50,0.5,-149.99999999999173,1047.8999999999987,2432.2500000000246,2025-08-25,6A	reddit_capitulation_reversion	reddit_capitulation_reversion|ny|range=15|entry=150|rr=2.5|sl_atr=1|tp_atr=1.5|threshold=1.75|adx_max=none|adx_min=none|rsi2=10.0|trend=long_only|max_bars=24
futures,6A,reddit_orb_breakout,reddit_orb_breakout|ny|range=15|entry=150|rr=1.5|sl_atr=1|tp_atr=1.5|threshold=2|adx_max=none|adx_min=none|rsi2=none|trend=ema|max_bars=24,long,66687,66688,66692,2025-08-26 13:45:00+00:00,2025-08-26 14:00:00+00:00,2025-08-26 15:00:00+00:00,0.64895,0.6499250000000001,19.500000000001183,16.500000000001183,1.031250000000023,19.500000000001183,13.000000000000789,3.0,tp,4,1,0.5,8.250000000000592,8.000000000000394,9.750000000000592,2025-08-26,6A	reddit_orb_breakout	reddit_orb_breakout|ny|range=15|entry=150|rr=1.5|sl_atr=1|tp_atr=1.5|threshold=2|adx_max=none|adx_min=none|rsi2=none|trend=ema|max_bars=24
futures,6A,reddit_orb_breakout,reddit_orb_breakout|ny|range=15|entry=150|rr=1.5|sl_atr=1|tp_atr=1.5|threshold=2|adx_max=none|adx_min=none|rsi2=none|trend=ema|max_bars=24,long,66872,66873,66896,2025-08-28 14:00:00+00:00,2025-08-28 14:15:00+00:00,2025-08-28 20:00:00+00:00,0.653,0.6534,7.999999999999119,4.999999999999119,0.23809523809519345,26.999999999999247,18.000000000000238,3.0,session_close,23,1,0.5,2.4999999999995595,10.500000000000119,13.499999999999623,2025-08-28,6A	reddit_orb_breakout	reddit_orb_breakout|ny|range=15|entry=150|rr=1.5|sl_atr=1|tp_atr=1.5|threshold=2|adx_max=none|adx_min=none|rsi2=none|trend=ema|max_bars=24
futures,6A,reddit_orb_breakout,reddit_orb_breakout|ny|range=15|entry=150|rr=1.5|sl_atr=1|tp_atr=1.5|threshold=2|adx_max=none|adx_min=none|rsi2=none|trend=ema|max_bars=24,long,66963,66964,66988,2025-08-29 13:45:00+00:00,2025-08-29 14:00:00+00:00,2025-08-29 20:00:00+00:00,0.6538,0.65465,16.999999999998128,13.999999999998128,0.6666666666665699,27.000000000001467,18.000000000000238,3.0,session_close,24,1,0.5,6.999999999999064,10.500000000000119,13.500000000000734,2025-08-29,6A	reddit_orb_breakout	reddit_orb_breakout|ny|range=15|entry=150|rr=1.5|sl_atr=1|tp_atr=1.5|threshold=2|adx_max=none|adx_min=none|rsi2=none|trend=ema|max_bars=24
futures,6A,reddit_orb_breakout,reddit_orb_breakout|ny|range=15|entry=150|rr=1.5|sl_atr=1|tp_atr=1.5|threshold=2|adx_max=none|adx_min=none|rsi2=none|trend=ema|max_bars=24,long,67056,67057,67059,2025-09-01 14:00:00+00:00,2025-09-01 14:15:00+00:00,2025-09-01 14:45:00+00:00,0.65565,0.6560249999999999,7.499999999998064,4.499999999998064,0.5624999999997967,7.499999999998064,4.999999999999449,3.0,tp,2,1,0.5,2.249999999999032,3.9999999999997247,3.749999999999032,2025-09-01,6A	reddit_orb_breakout	reddit_orb_breakout|ny|range=15|entry=150|rr=1.5|sl_atr=1|tp_atr=1.5|threshold=2|adx_max=none|adx_min=none|rsi2=none|trend=ema|max_bars=24
futures,6A,reddit_orb_breakout,reddit_orb_breakout|ny|range=15|entry=150|rr=1.5|sl_atr=1|tp_atr=1.5|threshold=2|adx_max=none|adx_min=none|rsi2=none|trend=ema|max_bars=24,short,67239,67240,67240,2025-09-03 13:45:00+00:00,2025-09-03 14:00:00+00:00,2025-09-03 14:00:00+00:00,0.65385,0.65455,-13.999999999998458,-16.999999999998458,-1.0,20.999999999997687,13.999999999998458,3.0,sl,1,1,0.5,-8.499999999999229,8.499999999999229,10.499999999998844,2025-09-03,6A	reddit_orb_breakout	reddit_orb_breakout|ny|range=15|entry=150|rr=1.5|sl_atr=1|tp_atr=1.5|threshold=2|adx_max=none|adx_min=none|rsi2=none|trend=ema|max_bars=24
futures,6A,reddit_capitulation_reversion,reddit_capitulation_reversion|ny|range=15|entry=150|rr=2.5|sl_atr=1|tp_atr=1.5|threshold=1.75|adx_max=none|adx_min=none|rsi2=10.0|trend=long_only|max_bars=24,long,67260,67261,67264,2025-09-03 19:00:00+00:00,2025-09-03 19:15:00+00:00,2025-09-03 20:00:00+00:00,0.65425,0.6544,2.9999999999996696,-3.304023721284466e-13,-7.819249133320189e-15,98.13749999999953,39.25500000000026,3.0,session_close,3,50,0.5,-8.260059303211165e-12,1056.3750000000064,2453.437499999988,2025-09-03,6A	reddit_capitulation_reversion	reddit_capitulation_reversion|ny|range=15|entry=150|rr=2.5|sl_atr=1|tp_atr=1.5|threshold=1.75|adx_max=none|adx_min=none|rsi2=10.0|trend=long_only|max_bars=24
futures,6A,reddit_orb_breakout,reddit_orb_breakout|ny|range=15|entry=150|rr=1.5|sl_atr=1|tp_atr=1.5|threshold=2|adx_max=none|adx_min=none|rsi2=none|trend=ema|max_bars=24,short,67332,67333,67356,2025-09-04 14:00:00+00:00,2025-09-04 14:15:00+00:00,2025-09-04 20:00:00+00:00,0.65115,0.6518,-13.000000000000789,-16.00000000000079,-0.4324324324324456,51.000000000001044,34.000000000000696,3.0,session_close,23,1,0.5,-8.000000000000394,18.500000000000348,25.500000000000522,2025-09-04,6A	reddit_orb_breakout	reddit_orb_breakout|ny|range=15|entry=150|rr=1.5|sl_atr=1|tp_atr=1.5|threshold=2|adx_max=none|adx_min=none|rsi2=none|trend=ema|max_bars=24
futures,6A,reddit_orb_breakout,reddit_orb_breakout|ny|range=15|entry=150|rr=1.5|sl_atr=1|tp_atr=1.5|threshold=2|adx_max=none|adx_min=none|rsi2=none|trend=ema|max_bars=24,long,67423,67424,67425,2025-09-05 13:45:00+00:00,2025-09-05 14:00:00+00:00,2025-09-05 14:15:00+00:00,0.65895,0.6576,-27.000000000001467,-30.000000000001467,-1.0,40.50000000000109,27.000000000001467,3.0,sl,1,1,0.5,-15.000000000000734,15.000000000000734,20.250000000000544,2025-09-05,6A	reddit_orb_breakout	reddit_orb_breakout|ny|range=15|entry=150|rr=1.5|sl_atr=1|tp_atr=1.5|threshold=2|adx_max=none|adx_min=none|rsi2=none|trend=ema|max_bars=24
futures,6A,reddit_capitulation_reversion,reddit_capitulation_reversion|ny|range=15|entry=150|rr=2.5|sl_atr=1|tp_atr=1.5|threshold=1.75|adx_max=none|adx_min=none|rsi2=10.0|trend=long_only|max_bars=24,long,67612,67613,67632,2025-09-09 15:00:00+00:00,2025-09-09 15:15:00+00:00,2025-09-09 20:00:00+00:00,0.6588,0.65835,-9.00000000000123,-12.00000000000123,-0.28216704288942085,98.81999999999945,39.527999999999786,3.0,session_close,19,50,0.5,-300.00000000003075,1063.1999999999946,2470.4999999999864,2025-09-09,6A	reddit_capitulation_reversion	reddit_capitulation_reversion|ny|range=15|entry=150|rr=2.5|sl_atr=1|tp_atr=1.5|threshold=1.75|adx_max=none|adx_min=none|rsi2=10.0|trend=long_only|max_bars=24
futures,6A,reddit_orb_breakout,reddit_orb_breakout|ny|range=15|entry=150|rr=1.5|sl_atr=1|tp_atr=1.5|threshold=2|adx_max=none|adx_min=none|rsi2=none|trend=ema|max_bars=24,long,67699,67700,67721,2025-09-10 13:45:00+00:00,2025-09-10 14:00:00+00:00,2025-09-10 19:15:00+00:00,0.6628,0.66155,-24.999999999999467,-27.999999999999467,-1.0,37.4999999999992,24.999999999999467,3.0,sl,21,1,0.5,-13.999999999999734,13.999999999999734,18.7499999999996,2025-09-10,6A	reddit_orb_breakout	reddit_orb_breakout|ny|range=15|entry=150|rr=1.5|sl_atr=1|tp_atr=1.5|threshold=2|adx_max=none|adx_min=none|rsi2=none|trend=ema|max_bars=24
futures,6A,reddit_capitulation_reversion,reddit_capitulation_reversion|ny|range=15|entry=150|rr=2.5|sl_atr=1|tp_atr=1.5|threshold=1.75|adx_max=none|adx_min=none|rsi2=10.0|trend=long_only|max_bars=24,long,67720,67721,67724,2025-09-10 19:00:00+00:00,2025-09-10 19:15:00+00:00,2025-09-10 20:00:00+00:00,0.66165,0.6617,0.9999999999998899,-2.00000000000011,-0.046839504438045944,99.24749999999926,39.69899999999971,3.0,session_close,3,50,0.5,-50.00000000000276,1067.4749999999926,2481.187499999982,2025-09-10,6A	reddit_capitulation_reversion	reddit_capitulation_reversion|ny|range=15|entry=150|rr=2.5|sl_atr=1|tp_atr=1.5|threshold=1.75|adx_max=none|adx_min=none|rsi2=10.0|trend=long_only|max_bars=24
futures,6A,reddit_orb_breakout,reddit_orb_breakout|ny|range=15|entry=150|rr=1.5|sl_atr=1|tp_atr=1.5|threshold=2|adx_max=none|adx_min=none|rsi2=none|trend=ema|max_bars=24,long,67791,67792,67798,2025-09-11 13:45:00+00:00,2025-09-11 14:00:00+00:00,2025-09-11 15:30:00+00:00,0.66355,0.6656499999999999,41.99999999999759,38.99999999999759,1.2580645161289896,41.99999999999759,27.999999999999137,3.0,tp,6,1,0.5,19.499999999998796,15.499999999999568,20.999999999998796,2025-09-11,6A	reddit_orb_breakout	reddit_orb_breakout|ny|range=15|entry=150|rr=1.5|sl_atr=1|tp_atr=1.5|threshold=2|adx_max=none|adx_min=none|rsi2=none|trend=ema|max_bars=24
futures,6A,reddit_orb_breakout,reddit_orb_breakout|ny|range=15|entry=150|rr=1.5|sl_atr=1|tp_atr=1.5|threshold=2|adx_max=none|adx_min=none|rsi2=none|trend=ema|max_bars=24,long,67884,67885,67885,2025-09-12 14:00:00+00:00,2025-09-12 14:15:00+00:00,2025-09-12 14:15:00+00:00,0.66415,0.6648250000000001,13.500000000001844,10.500000000001844,0.8750000000000641,13.500000000001844,9.00000000000123,3.0,tp,1,1,0.5,5.250000000000922,6.000000000000615,6.750000000000922,2025-09-12,6A	reddit_orb_breakout	reddit_orb_breakout|ny|range=15|entry=150|rr=1.5|sl_atr=1|tp_atr=1.5|threshold=2|adx_max=none|adx_min=none|rsi2=none|trend=ema|max_bars=24
futures,6A,reddit_orb_breakout,reddit_orb_breakout|ny|range=15|entry=150|rr=1.5|sl_atr=1|tp_atr=1.5|threshold=2|adx_max=none|adx_min=none|rsi2=none|trend=ema|max_bars=24,long,67977,67978,67987,2025-09-15 15:15:00+00:00,2025-09-15 15:30:00+00:00,2025-09-15 17:45:00+00:00,0.66735,0.6680999999999999,14.999999999998348,11.999999999998348,0.9230769230768742,14.999999999998348,9.999999999998899,3.0,tp,9,1,0.5,5.999999999999174,6.499999999999449,7.499999999999174,2025-09-15,6A	reddit_orb_breakout	reddit_orb_breakout|ny|range=15|entry=150|rr=1.5|sl_atr=1|tp_atr=1.5|threshold=2|adx_max=none|adx_min=none|rsi2=none|trend=ema|max_bars=24
futures,6A,reddit_orb_breakout,reddit_orb_breakout|ny|range=15|entry=150|rr=1.5|sl_atr=1|tp_atr=1.5|threshold=2|adx_max=none|adx_min=none|rsi2=none|trend=ema|max_bars=24,long,68067,68068,68068,2025-09-16 14:45:00+00:00,2025-09-16 15:00:00+00:00,2025-09-16 15:00:00+00:00,0.6685,0.66785,-12.999999999998568,-15.999999999998568,-1.0,19.499999999996742,12.999999999998568,3.0,sl,1,1,0.5,-7.999999999999284,7.999999999999284,9.749999999998371,2025-09-16,6A	reddit_orb_breakout	reddit_orb_breakout|ny|range=15|entry=150|rr=1.5|sl_atr=1|tp_atr=1.5|threshold=2|adx_max=none|adx_min=none|rsi2=none|trend=ema|max_bars=24
futures,6A,reddit_orb_breakout,reddit_orb_breakout|ny|range=15|entry=150|rr=1.5|sl_atr=1|tp_atr=1.5|threshold=2|adx_max=none|adx_min=none|rsi2=none|trend=ema|max_bars=24,long,68155,68156,68158,2025-09-17 13:45:00+00:00,2025-09-17 14:00:00+00:00,2025-09-17 14:30:00+00:00,0.66885,0.66835,-9.999999999998899,-12.999999999998899,-1.0,14.999999999998348,9.999999999998899,3.0,sl,2,1,0.5,-6.499999999999449,6.499999999999449,7.499999999999174,2025-09-17,6A	reddit_orb_breakout	reddit_orb_breakout|ny|range=15|entry=150|rr=1.5|sl_atr=1|tp_atr=1.5|threshold=2|adx_max=none|adx_min=none|rsi2=none|trend=ema|max_bars=24
futures,6A,reddit_orb_breakout,reddit_orb_breakout|ny|range=15|entry=150|rr=1.5|sl_atr=1|tp_atr=1.5|threshold=2|adx_max=none|adx_min=none|rsi2=none|trend=ema|max_bars=24,short,68432,68433,68446,2025-09-22 14:00:00+00:00,2025-09-22 14:15:00+00:00,2025-09-22 17:30:00+00:00,0.65875,0.6604,-33.0000000000008,-36.0000000000008,-1.0,49.5000000000001,33.0000000000008,3.0,sl,13,1,0.5,-18.0000000000004,18.0000000000004,24.75000000000005,2025-09-22,6A	reddit_orb_breakout	reddit_orb_breakout|ny|range=15|entry=150|rr=1.5|sl_atr=1|tp_atr=1.5|threshold=2|adx_max=none|adx_min=none|rsi2=none|trend=ema|max_bars=24
futures,6A,reddit_orb_breakout,reddit_orb_breakout|ny|range=15|entry=150|rr=1.5|sl_atr=1|tp_atr=1.5|threshold=2|adx_max=none|adx_min=none|rsi2=none|trend=ema|max_bars=24,short,68530,68531,68548,2025-09-23 15:30:00+00:00,2025-09-23 15:45:00+00:00,2025-09-23 20:00:00+00:00,0.66055,0.66075,-3.9999999999995595,-6.9999999999995595,-0.27999999999998465,32.999999999998586,21.999999999999797,3.0,session_close,17,1,0.5,-3.4999999999997797,12.499999999999899,16.499999999999293,2025-09-23,6A	reddit_orb_breakout	reddit_orb_breakout|ny|range=15|entry=150|rr=1.5|sl_atr=1|tp_atr=1.5|threshold=2|adx_max=none|adx_min=none|rsi2=none|trend=ema|max_bars=24
futures,6A,reddit_orb_breakout,reddit_orb_breakout|ny|range=15|entry=150|rr=1.5|sl_atr=1|tp_atr=1.5|threshold=2|adx_max=none|adx_min=none|rsi2=none|trend=ema|max_bars=24,long,68615,68616,68616,2025-09-24 13:45:00+00:00,2025-09-24 14:00:00+00:00,2025-09-24 14:00:00+00:00,0.66,0.65935,-13.000000000000789,-16.00000000000079,-1.0,19.500000000001183,13.000000000000789,3.0,sl,1,1,0.5,-8.000000000000394,8.000000000000394,9.750000000000592,2025-09-24,6A	reddit_orb_breakout	reddit_orb_breakout|ny|range=15|entry=150|rr=1.5|sl_atr=1|tp_atr=1.5|threshold=2|adx_max=none|adx_min=none|rsi2=none|trend=ema|max_bars=24
futures,6A,reddit_orb_breakout,reddit_orb_breakout|ny|range=15|entry=150|rr=1.5|sl_atr=1|tp_atr=1.5|threshold=2|adx_max=none|adx_min=none|rsi2=none|trend=ema|max_bars=24,short,68707,68708,68724,2025-09-25 13:45:00+00:00,2025-09-25 14:00:00+00:00,2025-09-25 18:00:00+00:00,0.6553,0.6533500000000001,38.999999999997925,35.999999999997925,1.2413793103447837,38.999999999997925,25.999999999999357,3.0,tp,16,1,0.5,17.999999999998963,14.499999999999678,19.499999999998963,2025-09-25,6A	reddit_orb_breakout	reddit_orb_breakout|ny|range=15|entry=150|rr=1.5|sl_atr=1|tp_atr=1.5|threshold=2|adx_max=none|adx_min=none|rsi2=none|trend=ema|max_bars=24
futures,6A,reddit_orb_breakout,reddit_orb_breakout|ny|range=15|entry=150|rr=1.5|sl_atr=1|tp_atr=1.5|threshold=2|adx_max=none|adx_min=none|rsi2=none|trend=ema|max_bars=24,long,68894,68895,68916,2025-09-29 14:30:00+00:00,2025-09-29 14:45:00+00:00,2025-09-29 20:00:00+00:00,0.6579,0.65825,6.999999999999229,3.999999999999229,0.19999999999995796,25.500000000000522,17.000000000000348,3.0,session_close,21,1,0.5,1.9999999999996145,10.000000000000174,12.750000000000261,2025-09-29,6A	reddit_orb_breakout	reddit_orb_breakout|ny|range=15|entry=150|rr=1.5|sl_atr=1|tp_atr=1.5|threshold=2|adx_max=none|adx_min=none|rsi2=none|trend=ema|max_bars=24
futures,6A,reddit_orb_breakout,reddit_orb_breakout|ny|range=15|entry=150|rr=1.5|sl_atr=1|tp_atr=1.5|threshold=2|adx_max=none|adx_min=none|rsi2=none|trend=ema|max_bars=24,long,68983,68984,69008,2025-09-30 13:45:00+00:00,2025-09-30 14:00:00+00:00,2025-09-30 20:00:00+00:00,0.6625,0.66185,-12.999999999998568,-15.999999999998568,-0.6666666666666096,31.49999999999986,20.999999999999908,3.0,session_close,24,1,0.5,-7.999999999999284,11.999999999999954,15.74999999999993,2025-09-30,6A	reddit_orb_breakout	reddit_orb_breakout|ny|range=15|entry=150|rr=1.5|sl_atr=1|tp_atr=1.5|threshold=2|adx_max=none|adx_min=none|rsi2=none|trend=ema|max_bars=24
futures,6A,reddit_capitulation_reversion,reddit_capitulation_reversion|ny|range=15|entry=150|rr=2.5|sl_atr=1|tp_atr=1.5|threshold=1.75|adx_max=none|adx_min=none|rsi2=10.0|trend=long_only|max_bars=24,long,69081,69082,69100,2025-10-01 15:15:00+00:00,2025-10-01 15:30:00+00:00,2025-10-01 20:00:00+00:00,0.66075,0.66175,20.000000000000018,17.000000000000018,0.39863993434166517,99.11250000000038,39.644999999999264,3.0,session_close,18,50,0.5,425.00000000000045,1066.1249999999816,2477.8125000000095,2025-10-01,6A	reddit_capitulation_reversion	reddit_capitulation_reversion|ny|range=15|entry=150|rr=2.5|sl_atr=1|tp_atr=1.5|threshold=1.75|adx_max=none|adx_min=none|rsi2=10.0|trend=long_only|max_bars=24
futures,6A,reddit_orb_breakout,reddit_orb_breakout|ny|range=15|entry=150|rr=1.5|sl_atr=1|tp_atr=1.5|threshold=2|adx_max=none|adx_min=none|rsi2=none|trend=ema|max_bars=24,short,69173,69174,69192,2025-10-02 15:15:00+00:00,2025-10-02 15:30:00+00:00,2025-10-02 20:00:00+00:00,0.6589,0.6603,-27.999999999999137,-30.999999999999137,-0.6199999999999919,70.5,46.99999999999926,3.0,session_close,18,1,0.5,-15.499999999999568,24.99999999999963,35.25,2025-10-02,6A	reddit_orb_breakout	reddit_orb_breakout|ny|range=15|entry=150|rr=1.5|sl_atr=1|tp_atr=1.5|threshold=2|adx_max=none|adx_min=none|rsi2=none|trend=ema|max_bars=24
futures,6A,reddit_orb_breakout,reddit_orb_breakout|ny|range=15|entry=150|rr=1.5|sl_atr=1|tp_atr=1.5|threshold=2|adx_max=none|adx_min=none|rsi2=none|trend=ema|max_bars=24,long,69266,69267,69275,2025-10-03 15:30:00+00:00,2025-10-03 15:45:00+00:00,2025-10-03 17:45:00+00:00,0.66145,0.6606,-17.000000000000348,-20.000000000000348,-1.0,25.500000000000522,17.000000000000348,3.0,sl,8,1,0.5,-10.000000000000174,10.000000000000174,12.750000000000261,2025-10-03,6A	reddit_orb_breakout	reddit_orb_breakout|ny|range=15|entry=150|rr=1.5|sl_atr=1|tp_atr=1.5|threshold=2|adx_max=none|adx_min=none|rsi2=none|trend=ema|max_bars=24
futures,6A,reddit_orb_breakout,reddit_orb_breakout|ny|range=15|entry=150|rr=1.5|sl_atr=1|tp_atr=1.5|threshold=2|adx_max=none|adx_min=none|rsi2=none|trend=ema|max_bars=24,long,69352,69353,69376,2025-10-06 14:00:00+00:00,2025-10-06 14:15:00+00:00,2025-10-06 20:00:00+00:00,0.6625,0.6624,-1.9999999999997797,-4.99999999999978,-0.18518518518517993,35.99999999999825,23.999999999999577,3.0,session_close,23,1,0.5,-2.49999999999989,13.499999999999789,17.999999999999126,2025-10-06,6A	reddit_orb_breakout	reddit_orb_breakout|ny|range=15|entry=150|rr=1.5|sl_atr=1|tp_atr=1.5|threshold=2|adx_max=none|adx_min=none|rsi2=none|trend=ema|max_bars=24
futures,6A,reddit_orb_breakout,reddit_orb_breakout|ny|range=15|entry=150|rr=1.5|sl_atr=1|tp_atr=1.5|threshold=2|adx_max=none|adx_min=none|rsi2=none|trend=ema|max_bars=24,short,69444,69445,69465,2025-10-07 14:00:00+00:00,2025-10-07 14:15:00+00:00,2025-10-07 19:15:00+00:00,0.6597,0.65865,20.999999999999908,17.999999999999908,1.058823529411717,20.999999999999908,14.000000000000679,3.0,tp,20,1,0.5,8.999999999999954,8.50000000000034,10.499999999999954,2025-10-07,6A	reddit_orb_breakout	reddit_orb_breakout|ny|range=15|entry=150|rr=1.5|sl_atr=1|tp_atr=1.5|threshold=2|adx_max=none|adx_min=none|rsi2=none|trend=ema|max_bars=24
futures,6A,reddit_orb_breakout,reddit_orb_breakout|ny|range=15|entry=150|rr=1.5|sl_atr=1|tp_atr=1.5|threshold=2|adx_max=none|adx_min=none|rsi2=none|trend=ema|max_bars=24,short,69543,69544,69554,2025-10-08 15:45:00+00:00,2025-10-08 16:00:00+00:00,2025-10-08 18:30:00+00:00,0.6587,0.65915,-9.00000000000123,-12.00000000000123,-1.0,13.500000000001844,9.00000000000123,3.0,sl,10,1,0.5,-6.000000000000615,6.000000000000615,6.750000000000922,2025-10-08,6A	reddit_orb_breakout	reddit_orb_breakout|ny|range=15|entry=150|rr=1.5|sl_atr=1|tp_atr=1.5|threshold=2|adx_max=none|adx_min=none|rsi2=none|trend=ema|max_bars=24
futures,6A,reddit_orb_breakout,reddit_orb_breakout|ny|range=15|entry=150|rr=1.5|sl_atr=1|tp_atr=1.5|threshold=2|adx_max=none|adx_min=none|rsi2=none|trend=ema|max_bars=24,short,69632,69633,69652,2025-10-09 15:00:00+00:00,2025-10-09 15:15:00+00:00,2025-10-09 20:00:00+00:00,0.65625,0.65585,7.999999999999119,4.999999999999119,0.05102040816325598,142.50000000000097,95.00000000000064,3.0,session_close,19,1,0.5,2.4999999999995595,49.00000000000032,71.25000000000048,2025-10-09,6A	reddit_orb_breakout	reddit_orb_breakout|ny|range=15|entry=150|rr=1.5|sl_atr=1|tp_atr=1.5|threshold=2|adx_max=none|adx_min=none|rsi2=none|trend=ema|max_bars=24
futures,6A,reddit_orb_breakout,reddit_orb_breakout|ny|range=15|entry=150|rr=1.5|sl_atr=1|tp_atr=1.5|threshold=2|adx_max=none|adx_min=none|rsi2=none|trend=ema|max_bars=24,short,69719,69720,69722,2025-10-10 13:45:00+00:00,2025-10-10 14:00:00+00:00,2025-10-10 14:30:00+00:00,0.65525,0.6544249999999999,16.500000000001513,13.500000000001513,0.9642857142857529,16.500000000001513,11.000000000001009,3.0,tp,2,1,0.5,6.750000000000757,7.0000000000005045,8.250000000000757,2025-10-10,6A	reddit_orb_breakout	reddit_orb_breakout|ny|range=15|entry=150|rr=1.5|sl_atr=1|tp_atr=1.5|threshold=2|adx_max=none|adx_min=none|rsi2=none|trend=ema|max_bars=24
futures,6A,reddit_orb_breakout,reddit_orb_breakout|ny|range=15|entry=150|rr=1.5|sl_atr=1|tp_atr=1.5|threshold=2|adx_max=none|adx_min=none|rsi2=none|trend=ema|max_bars=24,short,69813,69814,69814,2025-10-13 14:15:00+00:00,2025-10-13 14:30:00+00:00,2025-10-13 14:30:00+00:00,0.6513,0.65185,-11.000000000001009,-14.000000000001009,-1.0,16.500000000001513,11.000000000001009,3.0,sl,1,1,0.5,-7.0000000000005045,7.0000000000005045,8.250000000000757,2025-10-13,6A	reddit_orb_breakout	reddit_orb_breakout|ny|range=15|entry=150|rr=1.5|sl_atr=1|tp_atr=1.5|threshold=2|adx_max=none|adx_min=none|rsi2=none|trend=ema|max_bars=24
futures,6A,reddit_orb_breakout,reddit_orb_breakout|ny|range=15|entry=150|rr=1.5|sl_atr=1|tp_atr=1.5|threshold=2|adx_max=none|adx_min=none|rsi2=none|trend=ema|max_bars=24,long,69999,70000,70008,2025-10-15 14:45:00+00:00,2025-10-15 15:00:00+00:00,2025-10-15 17:00:00+00:00,0.6521,0.65125,-17.000000000000348,-20.000000000000348,-1.0,25.500000000000522,17.000000000000348,3.0,sl,8,1,0.5,-10.000000000000174,10.000000000000174,12.750000000000261,2025-10-15,6A	reddit_orb_breakout	reddit_orb_breakout|ny|range=15|entry=150|rr=1.5|sl_atr=1|tp_atr=1.5|threshold=2|adx_max=none|adx_min=none|rsi2=none|trend=ema|max_bars=24
futures,6A,reddit_orb_breakout,reddit_orb_breakout|ny|range=15|entry=150|rr=1.5|sl_atr=1|tp_atr=1.5|threshold=2|adx_max=none|adx_min=none|rsi2=none|trend=ema|max_bars=24,short,70087,70088,70089,2025-10-16 13:45:00+00:00,2025-10-16 14:00:00+00:00,2025-10-16 14:15:00+00:00,0.64915,0.6503,-22.999999999999687,-25.999999999999687,-1.0,34.49999999999953,22.999999999999687,3.0,sl,1,1,0.5,-12.999999999999844,12.999999999999844,17.249999999999766,2025-10-16,6A	reddit_orb_breakout	reddit_orb_breakout|ny|range=15|entry=150|rr=1.5|sl_atr=1|tp_atr=1.5|threshold=2|adx_max=none|adx_min=none|rsi2=none|trend=ema|max_bars=24
futures,6A,reddit_orb_breakout,reddit_orb_breakout|ny|range=15|entry=150|rr=1.5|sl_atr=1|tp_atr=1.5|threshold=2|adx_max=none|adx_min=none|rsi2=none|trend=ema|max_bars=24,long,70272,70273,70278,2025-10-20 14:00:00+00:00,2025-10-20 14:15:00+00:00,2025-10-20 15:30:00+00:00,0.65095,0.6520750000000001,22.500000000000853,19.500000000000853,1.0833333333333466,22.500000000000853,15.000000000000568,3.0,tp,5,1,0.5,9.750000000000426,9.000000000000284,11.250000000000426,2025-10-20,6A	reddit_orb_breakout	reddit_orb_breakout|ny|range=15|entry=150|rr=1.5|sl_atr=1|tp_atr=1.5|threshold=2|adx_max=none|adx_min=none|rsi2=none|trend=ema|max_bars=24
futures,6A,reddit_orb_breakout,reddit_orb_breakout|ny|range=15|entry=150|rr=1.5|sl_atr=1|tp_atr=1.5|threshold=2|adx_max=none|adx_min=none|rsi2=none|trend=ema|max_bars=24,short,70363,70364,70365,2025-10-21 13:45:00+00:00,2025-10-21 14:00:00+00:00,2025-10-21 14:15:00+00:00,0.64815,0.64945,-25.999999999999357,-28.999999999999357,-1.0,38.999999999997925,25.999999999999357,3.0,sl,1,1,0.5,-14.499999999999678,14.499999999999678,19.499999999998963,2025-10-21,6A	reddit_orb_breakout	reddit_orb_breakout|ny|range=15|entry=150|rr=1.5|sl_atr=1|tp_atr=1.5|threshold=2|adx_max=none|adx_min=none|rsi2=none|trend=ema|max_bars=24
futures,6A,reddit_orb_breakout,reddit_orb_breakout|ny|range=15|entry=150|rr=1.5|sl_atr=1|tp_atr=1.5|threshold=2|adx_max=none|adx_min=none|rsi2=none|trend=ema|max_bars=24,short,70458,70459,70460,2025-10-22 14:30:00+00:00,2025-10-22 14:45:00+00:00,2025-10-22 15:00:00+00:00,0.64915,0.65005,-18.000000000000238,-21.000000000000238,-1.0,27.000000000001467,18.000000000000238,3.0,sl,1,1,0.5,-10.500000000000119,10.500000000000119,13.500000000000734,2025-10-22,6A	reddit_orb_breakout	reddit_orb_breakout|ny|range=15|entry=150|rr=1.5|sl_atr=1|tp_atr=1.5|threshold=2|adx_max=none|adx_min=none|rsi2=none|trend=ema|max_bars=24
futures,6A,reddit_orb_breakout,reddit_orb_breakout|ny|range=15|entry=150|rr=1.5|sl_atr=1|tp_atr=1.5|threshold=2|adx_max=none|adx_min=none|rsi2=none|trend=ema|max_bars=24,long,70550,70551,70553,2025-10-23 14:30:00+00:00,2025-10-23 14:45:00+00:00,2025-10-23 15:15:00+00:00,0.65195,0.65125,-14.000000000000679,-17.00000000000068,-1.0,20.999999999999908,14.000000000000679,3.0,sl,2,1,0.5,-8.50000000000034,8.50000000000034,10.499999999999954,2025-10-23,6A	reddit_orb_breakout	reddit_orb_breakout|ny|range=15|entry=150|rr=1.5|sl_atr=1|tp_atr=1.5|threshold=2|adx_max=none|adx_min=none|rsi2=none|trend=ema|max_bars=24
futures,6A,reddit_orb_breakout,reddit_orb_breakout|ny|range=15|entry=150|rr=1.5|sl_atr=1|tp_atr=1.5|threshold=2|adx_max=none|adx_min=none|rsi2=none|trend=ema|max_bars=24,long,70740,70741,70756,2025-10-27 16:00:00+00:00,2025-10-27 16:15:00+00:00,2025-10-27 20:00:00+00:00,0.65565,0.65595,6.00000000000156,3.0000000000015596,0.17647058823540188,20.999999999997687,13.999999999998458,3.0,session_close,15,1,0.5,1.5000000000007798,8.499999999999229,10.499999999998844,2025-10-27,6A	reddit_orb_breakout	reddit_orb_breakout|ny|range=15|entry=150|rr=1.5|sl_atr=1|tp_atr=1.5|threshold=2|adx_max=none|adx_min=none|rsi2=none|trend=ema|max_bars=24
futures,6A,reddit_orb_breakout,reddit_orb_breakout|ny|range=15|entry=150|rr=1.5|sl_atr=1|tp_atr=1.5|threshold=2|adx_max=none|adx_min=none|rsi2=none|trend=ema|max_bars=24,long,70823,70824,70825,2025-10-28 13:45:00+00:00,2025-10-28 14:00:00+00:00,2025-10-28 14:15:00+00:00,0.65625,0.6572250000000001,19.500000000001183,16.500000000001183,1.031250000000023,19.500000000001183,13.000000000000789,3.0,tp,1,1,0.5,8.250000000000592,8.000000000000394,9.750000000000592,2025-10-28,6A	reddit_orb_breakout	reddit_orb_breakout|ny|range=15|entry=150|rr=1.5|sl_atr=1|tp_atr=1.5|threshold=2|adx_max=none|adx_min=none|rsi2=none|trend=ema|max_bars=24
futures,6A,reddit_orb_breakout,reddit_orb_breakout|ny|range=15|entry=150|rr=1.5|sl_atr=1|tp_atr=1.5|threshold=2|adx_max=none|adx_min=none|rsi2=none|trend=ema|max_bars=24,long,70921,70922,70932,2025-10-29 15:15:00+00:00,2025-10-29 15:30:00+00:00,2025-10-29 18:00:00+00:00,0.66145,0.66045,-20.000000000000018,-23.000000000000018,-1.0,29.999999999998916,20.000000000000018,3.0,sl,10,1,0.5,-11.500000000000009,11.500000000000009,14.999999999999458,2025-10-29,6A	reddit_orb_breakout	reddit_orb_breakout|ny|range=15|entry=150|rr=1.5|sl_atr=1|tp_atr=1.5|threshold=2|adx_max=none|adx_min=none|rsi2=none|trend=ema|max_bars=24
futures,6A,reddit_capitulation_reversion,reddit_capitulation_reversion|ny|range=15|entry=150|rr=2.5|sl_atr=1|tp_atr=1.5|threshold=1.75|adx_max=none|adx_min=none|rsi2=10.0|trend=long_only|max_bars=24,long,70932,70933,70934,2025-10-29 18:00:00+00:00,2025-10-29 18:15:00+00:00,2025-10-29 18:30:00+00:00,0.66005,0.6580698500000001,-39.60299999999916,-42.60299999999916,-1.0,99.00749999999903,39.60299999999916,3.0,sl,1,50,0.5,-1065.0749999999791,1065.0749999999791,2475.1874999999754,2025-10-29,6A	reddit_capitulation_reversion	reddit_capitulation_reversion|ny|range=15|entry=150|rr=2.5|sl_atr=1|tp_atr=1.5|threshold=1.75|adx_max=none|adx_min=none|rsi2=10.0|trend=long_only|max_bars=24
futures,6A,reddit_orb_breakout,reddit_orb_breakout|ny|range=15|entry=150|rr=1.5|sl_atr=1|tp_atr=1.5|threshold=2|adx_max=none|adx_min=none|rsi2=none|trend=ema|max_bars=24,short,71193,71194,71196,2025-11-03 15:15:00+00:00,2025-11-03 15:30:00+00:00,2025-11-03 16:00:00+00:00,0.6522,0.65375,-31.000000000001027,-34.00000000000102,-1.0,46.500000000000426,31.000000000001027,3.0,sl,2,1,0.5,-17.00000000000051,17.00000000000051,23.250000000000213,2025-11-03,6A	reddit_orb_breakout	reddit_orb_breakout|ny|range=15|entry=150|rr=1.5|sl_atr=1|tp_atr=1.5|threshold=2|adx_max=none|adx_min=none|rsi2=none|trend=ema|max_bars=24
futures,6A,reddit_orb_breakout,reddit_orb_breakout|ny|range=15|entry=150|rr=1.5|sl_atr=1|tp_atr=1.5|threshold=2|adx_max=none|adx_min=none|rsi2=none|trend=ema|max_bars=24,short,71468,71469,71492,2025-11-06 15:00:00+00:00,2025-11-06 15:15:00+00:00,2025-11-06 21:00:00+00:00,0.64735,0.6481,-15.000000000000568,-18.00000000000057,-0.305084745762719,84.00000000000185,56.00000000000049,3.0,session_close,23,1,0.5,-9.000000000000284,29.500000000000245,42.000000000000924,2025-11-06,6A	reddit_orb_breakout	reddit_orb_breakout|ny|range=15|entry=150|rr=1.5|sl_atr=1|tp_atr=1.5|threshold=2|adx_max=none|adx_min=none|rsi2=none|trend=ema|max_bars=24
futures,6A,reddit_orb_breakout,reddit_orb_breakout|ny|range=15|entry=150|rr=1.5|sl_atr=1|tp_atr=1.5|threshold=2|adx_max=none|adx_min=none|rsi2=none|trend=ema|max_bars=24,short,71563,71564,71577,2025-11-07 15:45:00+00:00,2025-11-07 16:00:00+00:00,2025-11-07 19:15:00+00:00,0.64745,0.6491,-33.0000000000008,-36.0000000000008,-1.0,49.500000000002316,33.0000000000008,3.0,sl,13,1,0.5,-18.0000000000004,18.0000000000004,24.750000000001158,2025-11-07,6A	reddit_orb_breakout	reddit_orb_breakout|ny|range=15|entry=150|rr=1.5|sl_atr=1|tp_atr=1.5|threshold=2|adx_max=none|adx_min=none|rsi2=none|trend=ema|max_bars=24
futures,6A,reddit_orb_breakout,reddit_orb_breakout|ny|range=15|entry=150|rr=1.5|sl_atr=1|tp_atr=1.5|threshold=2|adx_max=none|adx_min=none|rsi2=none|trend=ema|max_bars=24,long,71743,71744,71744,2025-11-11 14:45:00+00:00,2025-11-11 15:00:00+00:00,2025-11-11 15:00:00+00:00,0.6538,0.6533,-10.000000000001119,-13.000000000001119,-1.0,15.000000000002789,10.000000000001119,3.0,sl,1,1,0.5,-6.5000000000005596,6.5000000000005596,7.500000000001394,2025-11-11,6A	reddit_orb_breakout	reddit_orb_breakout|ny|range=15|entry=150|rr=1.5|sl_atr=1|tp_atr=1.5|threshold=2|adx_max=none|adx_min=none|rsi2=none|trend=ema|max_bars=24
futures,6A,reddit_orb_breakout,reddit_orb_breakout|ny|range=15|entry=150|rr=1.5|sl_atr=1|tp_atr=1.5|threshold=2|adx_max=none|adx_min=none|rsi2=none|trend=ema|max_bars=24,long,71837,71838,71851,2025-11-12 15:15:00+00:00,2025-11-12 15:30:00+00:00,2025-11-12 18:45:00+00:00,0.65405,0.6551750000000001,22.500000000000853,19.500000000000853,1.0833333333333466,22.500000000000853,15.000000000000568,3.0,tp,13,1,0.5,9.750000000000426,9.000000000000284,11.250000000000426,2025-11-12,6A	reddit_orb_breakout	reddit_orb_breakout|ny|range=15|entry=150|rr=1.5|sl_atr=1|tp_atr=1.5|threshold=2|adx_max=none|adx_min=none|rsi2=none|trend=ema|max_bars=24
futures,6A,reddit_orb_breakout,reddit_orb_breakout|ny|range=15|entry=150|rr=1.5|sl_atr=1|tp_atr=1.5|threshold=2|adx_max=none|adx_min=none|rsi2=none|trend=ema|max_bars=24,long,71932,71933,71941,2025-11-13 16:00:00+00:00,2025-11-13 16:15:00+00:00,2025-11-13 18:15:00+00:00,0.65595,0.6542,-35.00000000000058,-38.00000000000058,-1.0,52.50000000000199,35.00000000000058,3.0,sl,8,1,0.5,-19.00000000000029,19.00000000000029,26.250000000000995,2025-11-13,6A	reddit_orb_breakout	reddit_orb_breakout|ny|range=15|entry=150|rr=1.5|sl_atr=1|tp_atr=1.5|threshold=2|adx_max=none|adx_min=none|rsi2=none|trend=ema|max_bars=24
futures,6A,reddit_orb_breakout,reddit_orb_breakout|ny|range=15|entry=150|rr=1.5|sl_atr=1|tp_atr=1.5|threshold=2|adx_max=none|adx_min=none|rsi2=none|trend=ema|max_bars=24,short,72112,72113,72119,2025-11-17 15:00:00+00:00,2025-11-17 15:15:00+00:00,2025-11-17 16:45:00+00:00,0.6508,0.65165,-16.999999999998128,-19.999999999998128,-1.0,25.499999999998302,16.999999999998128,3.0,sl,6,1,0.5,-9.999999999999064,9.999999999999064,12.749999999999151,2025-11-17,6A	reddit_orb_breakout	reddit_orb_breakout|ny|range=15|entry=150|rr=1.5|sl_atr=1|tp_atr=1.5|threshold=2|adx_max=none|adx_min=none|rsi2=none|trend=ema|max_bars=24
futures,6A,reddit_orb_breakout,reddit_orb_breakout|ny|range=15|entry=150|rr=1.5|sl_atr=1|tp_atr=1.5|threshold=2|adx_max=none|adx_min=none|rsi2=none|trend=ema|max_bars=24,short,72203,72204,72210,2025-11-18 14:45:00+00:00,2025-11-18 15:00:00+00:00,2025-11-18 16:30:00+00:00,0.6499,0.6511,-23.999999999999577,-26.999999999999577,-1.0,35.99999999999825,23.999999999999577,3.0,sl,6,1,0.5,-13.499999999999789,13.499999999999789,17.999999999999126,2025-11-18,6A	reddit_orb_breakout	reddit_orb_breakout|ny|range=15|entry=150|rr=1.5|sl_atr=1|tp_atr=1.5|threshold=2|adx_max=none|adx_min=none|rsi2=none|trend=ema|max_bars=24
futures,6A,reddit_orb_breakout,reddit_orb_breakout|ny|range=15|entry=150|rr=1.5|sl_atr=1|tp_atr=1.5|threshold=2|adx_max=none|adx_min=none|rsi2=none|trend=ema|max_bars=24,short,72297,72298,72300,2025-11-19 15:15:00+00:00,2025-11-19 15:30:00+00:00,2025-11-19 16:00:00+00:00,0.64795,0.64645,30.000000000001137,27.000000000001137,1.1739130434783094,30.000000000001137,20.000000000000018,3.0,tp,2,1,0.5,13.500000000000568,11.500000000000009,15.000000000000568,2025-11-19,6A	reddit_orb_breakout	reddit_orb_breakout|ny|range=15|entry=150|rr=1.5|sl_atr=1|tp_atr=1.5|threshold=2|adx_max=none|adx_min=none|rsi2=none|trend=ema|max_bars=24
futures,6A,reddit_orb_breakout,reddit_orb_breakout|ny|range=15|entry=150|rr=1.5|sl_atr=1|tp_atr=1.5|threshold=2|adx_max=none|adx_min=none|rsi2=none|trend=ema|max_bars=24,short,72388,72389,72394,2025-11-20 15:00:00+00:00,2025-11-20 15:15:00+00:00,2025-11-20 16:30:00+00:00,0.64865,0.6460249999999998,52.50000000000199,49.50000000000199,1.3026315789474008,52.50000000000199,35.00000000000058,3.0,tp,5,1,0.5,24.750000000000995,19.00000000000029,26.250000000000995,2025-11-20,6A	reddit_orb_breakout	reddit_orb_breakout|ny|range=15|entry=150|rr=1.5|sl_atr=1|tp_atr=1.5|threshold=2|adx_max=none|adx_min=none|rsi2=none|trend=ema|max_bars=24
futures,6A,reddit_orb_breakout,reddit_orb_breakout|ny|range=15|entry=150|rr=1.5|sl_atr=1|tp_atr=1.5|threshold=2|adx_max=none|adx_min=none|rsi2=none|trend=ema|max_bars=24,short,72482,72483,72485,2025-11-21 15:30:00+00:00,2025-11-21 15:45:00+00:00,2025-11-21 16:15:00+00:00,0.64315,0.6442,-20.999999999999908,-23.999999999999908,-1.0,31.49999999999986,20.999999999999908,3.0,sl,2,1,0.5,-11.999999999999954,11.999999999999954,15.74999999999993,2025-11-21,6A	reddit_orb_breakout	reddit_orb_breakout|ny|range=15|entry=150|rr=1.5|sl_atr=1|tp_atr=1.5|threshold=2|adx_max=none|adx_min=none|rsi2=none|trend=ema|max_bars=24
futures,6A,reddit_orb_breakout,reddit_orb_breakout|ny|range=15|entry=150|rr=1.5|sl_atr=1|tp_atr=1.5|threshold=2|adx_max=none|adx_min=none|rsi2=none|trend=ema|max_bars=24,long,72756,72757,72760,2025-11-26 15:00:00+00:00,2025-11-26 15:15:00+00:00,2025-11-26 16:00:00+00:00,0.65015,0.6513500000000001,24.000000000001798,21.000000000001798,1.105263157894805,24.000000000001798,16.00000000000046,3.0,tp,3,1,0.5,10.500000000000899,9.50000000000023,12.000000000000899,2025-11-26,6A	reddit_orb_breakout	reddit_orb_breakout|ny|range=15|entry=150|rr=1.5|sl_atr=1|tp_atr=1.5|threshold=2|adx_max=none|adx_min=none|rsi2=none|trend=ema|max_bars=24
futures,6A,reddit_orb_breakout,reddit_orb_breakout|ny|range=15|entry=150|rr=1.5|sl_atr=1|tp_atr=1.5|threshold=2|adx_max=none|adx_min=none|rsi2=none|trend=ema|max_bars=24,long,72847,72848,72849,2025-11-27 14:45:00+00:00,2025-11-27 15:00:00+00:00,2025-11-27 15:15:00+00:00,0.65275,0.6532750000000002,10.500000000002174,7.500000000002174,0.7500000000001087,10.500000000002174,7.0000000000014495,3.0,tp,1,1,0.5,3.750000000001087,5.000000000000725,5.250000000001087,2025-11-27,6A	reddit_orb_breakout	reddit_orb_breakout|ny|range=15|entry=150|rr=1.5|sl_atr=1|tp_atr=1.5|threshold=2|adx_max=none|adx_min=none|rsi2=none|trend=ema|max_bars=24
futures,6A,reddit_orb_breakout,reddit_orb_breakout|ny|range=15|entry=150|rr=1.5|sl_atr=1|tp_atr=1.5|threshold=2|adx_max=none|adx_min=none|rsi2=none|trend=ema|max_bars=24,long,72899,72900,72917,2025-11-28 15:15:00+00:00,2025-11-28 15:30:00+00:00,2025-11-30 23:00:00+00:00,0.6545,0.6553,16.00000000000046,13.000000000000458,0.481481481481506,35.99999999999825,23.999999999999577,3.0,session_close,17,1,0.5,6.500000000000229,13.499999999999789,17.999999999999126,2025-11-28,6A	reddit_orb_breakout	reddit_orb_breakout|ny|range=15|entry=150|rr=1.5|sl_atr=1|tp_atr=1.5|threshold=2|adx_max=none|adx_min=none|rsi2=none|trend=ema|max_bars=24
futures,6A,reddit_orb_breakout,reddit_orb_breakout|ny|range=15|entry=150|rr=1.5|sl_atr=1|tp_atr=1.5|threshold=2|adx_max=none|adx_min=none|rsi2=none|trend=ema|max_bars=24,long,72980,72981,72983,2025-12-01 14:45:00+00:00,2025-12-01 15:00:00+00:00,2025-12-01 15:30:00+00:00,0.6562,0.65535,-17.000000000000348,-20.000000000000348,-1.0,25.500000000000522,17.000000000000348,3.0,sl,2,1,0.5,-10.000000000000174,10.000000000000174,12.750000000000261,2025-12-01,6A	reddit_orb_breakout	reddit_orb_breakout|ny|range=15|entry=150|rr=1.5|sl_atr=1|tp_atr=1.5|threshold=2|adx_max=none|adx_min=none|rsi2=none|trend=ema|max_bars=24
futures,6A,reddit_capitulation_reversion,reddit_capitulation_reversion|ny|range=15|entry=150|rr=2.5|sl_atr=1|tp_atr=1.5|threshold=1.75|adx_max=none|adx_min=none|rsi2=10.0|trend=long_only|max_bars=24,long,72994,72995,73005,2025-12-01 18:15:00+00:00,2025-12-01 18:30:00+00:00,2025-12-01 21:00:00+00:00,0.6547,0.65425,-8.999999999999009,-11.999999999999009,-0.28380871292746024,98.2050000000001,39.28200000000048,3.0,session_close,10,50,0.5,-299.9999999999752,1057.050000000012,2455.1250000000023,2025-12-01,6A	reddit_capitulation_reversion	reddit_capitulation_reversion|ny|range=15|entry=150|rr=2.5|sl_atr=1|tp_atr=1.5|threshold=1.75|adx_max=none|adx_min=none|rsi2=10.0|trend=long_only|max_bars=24
futures,6A,reddit_orb_breakout,reddit_orb_breakout|ny|range=15|entry=150|rr=1.5|sl_atr=1|tp_atr=1.5|threshold=2|adx_max=none|adx_min=none|rsi2=none|trend=ema|max_bars=24,long,73075,73076,73078,2025-12-02 15:30:00+00:00,2025-12-02 15:45:00+00:00,2025-12-02 16:15:00+00:00,0.65655,0.65585,-13.999999999998458,-16.999999999998458,-1.0,20.999999999997687,13.999999999998458,3.0,sl,2,1,0.5,-8.499999999999229,8.499999999999229,10.499999999998844,2025-12-02,6A	reddit_orb_breakout	reddit_orb_breakout|ny|range=15|entry=150|rr=1.5|sl_atr=1|tp_atr=1.5|threshold=2|adx_max=none|adx_min=none|rsi2=none|trend=ema|max_bars=24
futures,6A,reddit_orb_breakout,reddit_orb_breakout|ny|range=15|entry=150|rr=1.5|sl_atr=1|tp_atr=1.5|threshold=2|adx_max=none|adx_min=none|rsi2=none|trend=ema|max_bars=24,long,73166,73167,73189,2025-12-03 15:15:00+00:00,2025-12-03 15:30:00+00:00,2025-12-03 21:00:00+00:00,0.65945,0.66015,14.000000000000679,11.000000000000679,0.379310344827618,39.00000000000014,25.999999999999357,3.0,session_close,22,1,0.5,5.500000000000339,14.499999999999678,19.50000000000007,2025-12-03,6A	reddit_orb_breakout	reddit_orb_breakout|ny|range=15|entry=150|rr=1.5|sl_atr=1|tp_atr=1.5|threshold=2|adx_max=none|adx_min=none|rsi2=none|trend=ema|max_bars=24
futures,6A,reddit_orb_breakout,reddit_orb_breakout|ny|range=15|entry=150|rr=1.5|sl_atr=1|tp_atr=1.5|threshold=2|adx_max=none|adx_min=none|rsi2=none|trend=ema|max_bars=24,long,73258,73259,73274,2025-12-04 15:15:00+00:00,2025-12-04 15:30:00+00:00,2025-12-04 19:15:00+00:00,0.662,0.6611,-18.000000000000238,-21.000000000000238,-1.0,27.000000000001467,18.000000000000238,3.0,sl,15,1,0.5,-10.500000000000119,10.500000000000119,13.500000000000734,2025-12-04,6A	reddit_orb_breakout	reddit_orb_breakout|ny|range=15|entry=150|rr=1.5|sl_atr=1|tp_atr=1.5|threshold=2|adx_max=none|adx_min=none|rsi2=none|trend=ema|max_bars=24
futures,6A,reddit_orb_breakout,reddit_orb_breakout|ny|range=15|entry=150|rr=1.5|sl_atr=1|tp_atr=1.5|threshold=2|adx_max=none|adx_min=none|rsi2=none|trend=ema|max_bars=24,long,73349,73350,73353,2025-12-05 15:00:00+00:00,2025-12-05 15:15:00+00:00,2025-12-05 16:00:00+00:00,0.6645,0.6638,-14.000000000000679,-17.00000000000068,-1.0,21.000000000002128,14.000000000000679,3.0,sl,3,1,0.5,-8.50000000000034,8.50000000000034,10.500000000001064,2025-12-05,6A	reddit_orb_breakout	reddit_orb_breakout|ny|range=15|entry=150|rr=1.5|sl_atr=1|tp_atr=1.5|threshold=2|adx_max=none|adx_min=none|rsi2=none|trend=ema|max_bars=24
futures,6A,reddit_capitulation_reversion,reddit_capitulation_reversion|ny|range=15|entry=150|rr=2.5|sl_atr=1|tp_atr=1.5|threshold=1.75|adx_max=none|adx_min=none|rsi2=10.0|trend=long_only|max_bars=24,long,73440,73441,73465,2025-12-08 14:45:00+00:00,2025-12-08 15:00:00+00:00,2025-12-08 21:00:00+00:00,0.66305,0.6624,-13.000000000000789,-16.00000000000079,-0.3739803192857169,99.45749999999975,39.7829999999999,3.0,session_close,24,50,0.5,-400.0000000000197,1069.5749999999975,2486.4374999999936,2025-12-08,6A	reddit_capitulation_reversion	reddit_capitulation_reversion|ny|range=15|entry=150|rr=2.5|sl_atr=1|tp_atr=1.5|threshold=1.75|adx_max=none|adx_min=none|rsi2=10.0|trend=long_only|max_bars=24
futures,6A,reddit_orb_breakout,reddit_orb_breakout|ny|range=15|entry=150|rr=1.5|sl_atr=1|tp_atr=1.5|threshold=2|adx_max=none|adx_min=none|rsi2=none|trend=ema|max_bars=24,long,73532,73533,73533,2025-12-09 14:45:00+00:00,2025-12-09 15:00:00+00:00,2025-12-09 15:00:00+00:00,0.66475,0.664,-14.999999999998348,-17.999999999998348,-1.0,22.49999999999641,14.999999999998348,3.0,sl,1,1,0.5,-8.999999999999174,8.999999999999174,11.249999999998206,2025-12-09,6A	reddit_orb_breakout	reddit_orb_breakout|ny|range=15|entry=150|rr=1.5|sl_atr=1|tp_atr=1.5|threshold=2|adx_max=none|adx_min=none|rsi2=none|trend=ema|max_bars=24
futures,6A,reddit_orb_breakout,reddit_orb_breakout|ny|range=15|entry=150|rr=1.5|sl_atr=1|tp_atr=1.5|threshold=2|adx_max=none|adx_min=none|rsi2=none|trend=ema|max_bars=24,long,73633,73634,73641,2025-12-10 17:00:00+00:00,2025-12-10 17:15:00+00:00,2025-12-10 19:00:00+00:00,0.66425,0.6636,-13.000000000000789,-16.00000000000079,-1.0,19.500000000001183,13.000000000000789,3.0,same_bar_sl,7,1,0.5,-8.000000000000394,8.000000000000394,9.750000000000592,2025-12-10,6A	reddit_orb_breakout	reddit_orb_breakout|ny|range=15|entry=150|rr=1.5|sl_atr=1|tp_atr=1.5|threshold=2|adx_max=none|adx_min=none|rsi2=none|trend=ema|max_bars=24
futures,6A,reddit_orb_breakout,reddit_orb_breakout|ny|range=15|entry=150|rr=1.5|sl_atr=1|tp_atr=1.5|threshold=2|adx_max=none|adx_min=none|rsi2=none|trend=ema|max_bars=24,short,73897,73898,73909,2025-12-15 14:45:00+00:00,2025-12-15 15:00:00+00:00,2025-12-15 17:45:00+00:00,0.6649,0.6637750000000002,22.49999999999641,19.49999999999641,1.0833333333332333,22.49999999999641,14.999999999998348,3.0,tp,11,1,0.5,9.749999999998206,8.999999999999174,11.249999999998206,2025-12-15,6A	reddit_orb_breakout	reddit_orb_breakout|ny|range=15|entry=150|rr=1.5|sl_atr=1|tp_atr=1.5|threshold=2|adx_max=none|adx_min=none|rsi2=none|trend=ema|max_bars=24
futures,6A,reddit_orb_breakout,reddit_orb_breakout|ny|range=15|entry=150|rr=1.5|sl_atr=1|tp_atr=1.5|threshold=2|adx_max=none|adx_min=none|rsi2=none|trend=ema|max_bars=24,short,73990,73991,73991,2025-12-16 15:00:00+00:00,2025-12-16 15:15:00+00:00,2025-12-16 15:15:00+00:00,0.66455,0.6630499999999999,30.000000000001137,27.000000000001137,1.1739130434783094,30.000000000001137,20.000000000000018,3.0,tp,1,1,0.5,13.500000000000568,11.500000000000009,15.000000000000568,2025-12-16,6A	reddit_orb_breakout	reddit_orb_breakout|ny|range=15|entry=150|rr=1.5|sl_atr=1|tp_atr=1.5|threshold=2|adx_max=none|adx_min=none|rsi2=none|trend=ema|max_bars=24
futures,6A,reddit_orb_breakout,reddit_orb_breakout|ny|range=15|entry=150|rr=1.5|sl_atr=1|tp_atr=1.5|threshold=2|adx_max=none|adx_min=none|rsi2=none|trend=ema|max_bars=24,short,74084,74085,74096,2025-12-17 15:30:00+00:00,2025-12-17 15:45:00+00:00,2025-12-17 18:30:00+00:00,0.6614,0.660275,22.500000000000853,19.500000000000853,1.0833333333333466,22.500000000000853,15.000000000000568,3.0,tp,11,1,0.5,9.750000000000426,9.000000000000284,11.250000000000426,2025-12-17,6A	reddit_orb_breakout	reddit_orb_breakout|ny|range=15|entry=150|rr=1.5|sl_atr=1|tp_atr=1.5|threshold=2|adx_max=none|adx_min=none|rsi2=none|trend=ema|max_bars=24
futures,6A,reddit_orb_breakout,reddit_orb_breakout|ny|range=15|entry=150|rr=1.5|sl_atr=1|tp_atr=1.5|threshold=2|adx_max=none|adx_min=none|rsi2=none|trend=ema|max_bars=24,short,74175,74176,74198,2025-12-18 15:15:00+00:00,2025-12-18 15:30:00+00:00,2025-12-18 21:00:00+00:00,0.6617,0.66125,8.999999999999009,5.999999999999009,0.23076923076917571,34.50000000000397,23.000000000001908,3.0,session_close,22,1,0.5,2.9999999999995044,13.000000000000954,17.250000000001986,2025-12-18,6A	reddit_orb_breakout	reddit_orb_breakout|ny|range=15|entry=150|rr=1.5|sl_atr=1|tp_atr=1.5|threshold=2|adx_max=none|adx_min=none|rsi2=none|trend=ema|max_bars=24
futures,6A,reddit_orb_breakout,reddit_orb_breakout|ny|range=15|entry=150|rr=1.5|sl_atr=1|tp_atr=1.5|threshold=2|adx_max=none|adx_min=none|rsi2=none|trend=ema|max_bars=24,short,74269,74270,74290,2025-12-19 15:45:00+00:00,2025-12-19 16:00:00+00:00,2025-12-19 21:00:00+00:00,0.66095,0.66115,-3.9999999999995595,-6.9999999999995595,-0.21212121212120572,44.99999999999948,29.999999999998916,3.0,session_close,20,1,0.5,-3.4999999999997797,16.49999999999946,22.49999999999974,2025-12-19,6A	reddit_orb_breakout	reddit_orb_breakout|ny|range=15|entry=150|rr=1.5|sl_atr=1|tp_atr=1.5|threshold=2|adx_max=none|adx_min=none|rsi2=none|trend=ema|max_bars=24
futures,6A,reddit_orb_breakout,reddit_orb_breakout|ny|range=15|entry=150|rr=1.5|sl_atr=1|tp_atr=1.5|threshold=2|adx_max=none|adx_min=none|rsi2=none|trend=ema|max_bars=24,long,74360,74361,74382,2025-12-22 15:30:00+00:00,2025-12-22 15:45:00+00:00,2025-12-22 21:00:00+00:00,0.66575,0.6658,0.9999999999998899,-2.00000000000011,-0.10526315789475241,23.999999999997357,15.999999999998238,3.0,session_close,21,1,0.5,-1.000000000000055,9.499999999999119,11.999999999998678,2025-12-22,6A	reddit_orb_breakout	reddit_orb_breakout|ny|range=15|entry=150|rr=1.5|sl_atr=1|tp_atr=1.5|threshold=2|adx_max=none|adx_min=none|rsi2=none|trend=ema|max_bars=24
futures,6A,reddit_orb_breakout,reddit_orb_breakout|ny|range=15|entry=150|rr=1.5|sl_atr=1|tp_atr=1.5|threshold=2|adx_max=none|adx_min=none|rsi2=none|trend=ema|max_bars=24,long,74452,74453,74473,2025-12-23 15:30:00+00:00,2025-12-23 15:45:00+00:00,2025-12-23 20:45:00+00:00,0.66885,0.6701249999999999,25.499999999998302,22.499999999998302,1.1250000000000204,25.499999999998302,16.999999999998128,3.0,tp,20,1,0.5,11.249999999999151,9.999999999999064,12.749999999999151,2025-12-23,6A	reddit_orb_breakout	reddit_orb_breakout|ny|range=15|entry=150|rr=1.5|sl_atr=1|tp_atr=1.5|threshold=2|adx_max=none|adx_min=none|rsi2=none|trend=ema|max_bars=24
futures,6A,reddit_orb_breakout,reddit_orb_breakout|ny|range=15|entry=150|rr=1.5|sl_atr=1|tp_atr=1.5|threshold=2|adx_max=none|adx_min=none|rsi2=none|trend=ema|max_bars=24,long,74542,74543,74556,2025-12-24 15:00:00+00:00,2025-12-24 15:15:00+00:00,2025-12-24 18:30:00+00:00,0.6711,0.6704,-14.000000000000679,-17.00000000000068,-1.0,20.999999999999908,14.000000000000679,3.0,sl,13,1,0.5,-8.50000000000034,8.50000000000034,10.499999999999954,2025-12-24,6A	reddit_orb_breakout	reddit_orb_breakout|ny|range=15|entry=150|rr=1.5|sl_atr=1|tp_atr=1.5|threshold=2|adx_max=none|adx_min=none|rsi2=none|trend=ema|max_bars=24
futures,6A,reddit_orb_breakout,reddit_orb_breakout|ny|range=15|entry=150|rr=1.5|sl_atr=1|tp_atr=1.5|threshold=2|adx_max=none|adx_min=none|rsi2=none|trend=ema|max_bars=24,long,74622,74623,74623,2025-12-26 15:15:00+00:00,2025-12-26 15:30:00+00:00,2025-12-26 15:30:00+00:00,0.6726,0.67185,-15.000000000000568,-18.00000000000057,-1.0,22.500000000000853,15.000000000000568,3.0,sl,1,1,0.5,-9.000000000000284,9.000000000000284,11.250000000000426,2025-12-26,6A	reddit_orb_breakout	reddit_orb_breakout|ny|range=15|entry=150|rr=1.5|sl_atr=1|tp_atr=1.5|threshold=2|adx_max=none|adx_min=none|rsi2=none|trend=ema|max_bars=24
futures,6A,reddit_orb_breakout,reddit_orb_breakout|ny|range=15|entry=150|rr=1.5|sl_atr=1|tp_atr=1.5|threshold=2|adx_max=none|adx_min=none|rsi2=none|trend=ema|max_bars=24,short,74713,74714,74737,2025-12-29 15:00:00+00:00,2025-12-29 15:15:00+00:00,2025-12-29 21:00:00+00:00,0.66895,0.66955,-11.999999999998678,-14.999999999998678,-0.4545454545454294,44.99999999999948,29.999999999998916,3.0,session_close,23,1,0.5,-7.499999999999339,16.49999999999946,22.49999999999974,2025-12-29,6A	reddit_orb_breakout	reddit_orb_breakout|ny|range=15|entry=150|rr=1.5|sl_atr=1|tp_atr=1.5|threshold=2|adx_max=none|adx_min=none|rsi2=none|trend=ema|max_bars=24
futures,6A,reddit_orb_breakout,reddit_orb_breakout|ny|range=15|entry=150|rr=1.5|sl_atr=1|tp_atr=1.5|threshold=2|adx_max=none|adx_min=none|rsi2=none|trend=ema|max_bars=24,short,74806,74807,74808,2025-12-30 15:15:00+00:00,2025-12-30 15:30:00+00:00,2025-12-30 15:45:00+00:00,0.6693,0.6702,-18.000000000000238,-21.000000000000238,-1.0,26.999999999999247,18.000000000000238,3.0,sl,1,1,0.5,-10.500000000000119,10.500000000000119,13.499999999999623,2025-12-30,6A	reddit_orb_breakout	reddit_orb_breakout|ny|range=15|entry=150|rr=1.5|sl_atr=1|tp_atr=1.5|threshold=2|adx_max=none|adx_min=none|rsi2=none|trend=ema|max_bars=24
futures,6A,reddit_orb_breakout,reddit_orb_breakout|ny|range=15|entry=150|rr=1.5|sl_atr=1|tp_atr=1.5|threshold=2|adx_max=none|adx_min=none|rsi2=none|trend=ema|max_bars=24,short,74897,74898,74921,2025-12-31 15:00:00+00:00,2025-12-31 15:15:00+00:00,2025-12-31 21:00:00+00:00,0.6666,0.66735,-15.000000000000568,-18.00000000000057,-0.5999999999999897,40.50000000000109,27.000000000001467,3.0,session_close,23,1,0.5,-9.000000000000284,15.000000000000734,20.250000000000544,2025-12-31,6A	reddit_orb_breakout	reddit_orb_breakout|ny|range=15|entry=150|rr=1.5|sl_atr=1|tp_atr=1.5|threshold=2|adx_max=none|adx_min=none|rsi2=none|trend=ema|max_bars=24
futures,6A,reddit_orb_breakout,reddit_orb_breakout|ny|range=15|entry=150|rr=1.5|sl_atr=1|tp_atr=1.5|threshold=2|adx_max=none|adx_min=none|rsi2=none|trend=ema|max_bars=24,long,74989,74990,74990,2026-01-02 15:00:00+00:00,2026-01-02 15:15:00+00:00,2026-01-02 15:15:00+00:00,0.6695,0.6688,-14.000000000000679,-17.00000000000068,-1.0,20.999999999999908,14.000000000000679,3.0,sl,1,1,0.5,-8.50000000000034,8.50000000000034,10.499999999999954,2026-01-02,6A	reddit_orb_breakout	reddit_orb_breakout|ny|range=15|entry=150|rr=1.5|sl_atr=1|tp_atr=1.5|threshold=2|adx_max=none|adx_min=none|rsi2=none|trend=ema|max_bars=24
futures,6A,reddit_orb_breakout,reddit_orb_breakout|ny|range=15|entry=150|rr=1.5|sl_atr=1|tp_atr=1.5|threshold=2|adx_max=none|adx_min=none|rsi2=none|trend=ema|max_bars=24,long,75087,75088,75105,2026-01-05 16:30:00+00:00,2026-01-05 16:45:00+00:00,2026-01-05 21:00:00+00:00,0.6716,0.6718,3.9999999999995595,0.9999999999995595,0.016393442622943524,87.00000000000152,58.00000000000027,3.0,session_close,17,1,0.5,0.49999999999977973,30.500000000000135,43.50000000000076,2026-01-05,6A	reddit_orb_breakout	reddit_orb_breakout|ny|range=15|entry=150|rr=1.5|sl_atr=1|tp_atr=1.5|threshold=2|adx_max=none|adx_min=none|rsi2=none|trend=ema|max_bars=24
futures,6A,reddit_orb_breakout,reddit_orb_breakout|ny|range=15|entry=150|rr=1.5|sl_atr=1|tp_atr=1.5|threshold=2|adx_max=none|adx_min=none|rsi2=none|trend=ema|max_bars=24,short,75449,75450,75452,2026-01-09 15:00:00+00:00,2026-01-09 15:15:00+00:00,2026-01-09 15:45:00+00:00,0.66665,0.6688,-42.9999999999997,-45.9999999999997,-1.0,64.50000000000067,42.9999999999997,3.0,sl,2,1,0.5,-22.99999999999985,22.99999999999985,32.250000000000334,2026-01-09,6A	reddit_orb_breakout	reddit_orb_breakout|ny|range=15|entry=150|rr=1.5|sl_atr=1|tp_atr=1.5|threshold=2|adx_max=none|adx_min=none|rsi2=none|trend=ema|max_bars=24
futures,6A,reddit_orb_breakout,reddit_orb_breakout|ny|range=15|entry=150|rr=1.5|sl_atr=1|tp_atr=1.5|threshold=2|adx_max=none|adx_min=none|rsi2=none|trend=ema|max_bars=24,long,75542,75543,75565,2026-01-12 15:15:00+00:00,2026-01-12 15:30:00+00:00,2026-01-12 21:00:00+00:00,0.6713,0.6715,3.9999999999995595,0.9999999999995595,0.0476190476190261,26.999999999999247,18.000000000000238,3.0,session_close,22,1,0.5,0.49999999999977973,10.500000000000119,13.499999999999623,2026-01-12,6A	reddit_orb_breakout	reddit_orb_breakout|ny|range=15|entry=150|rr=1.5|sl_atr=1|tp_atr=1.5|threshold=2|adx_max=none|adx_min=none|rsi2=none|trend=ema|max_bars=24
futures,6A,reddit_orb_breakout,reddit_orb_breakout|ny|range=15|entry=150|rr=1.5|sl_atr=1|tp_atr=1.5|threshold=2|adx_max=none|adx_min=none|rsi2=none|trend=ema|max_bars=24,short,75634,75635,75657,2026-01-13 15:15:00+00:00,2026-01-13 15:30:00+00:00,2026-01-13 21:00:00+00:00,0.66815,0.66815,-0.0,-3.0,-0.04477611940298534,95.99999999999831,63.99999999999961,3.0,session_close,22,1,0.5,-1.5,33.4999999999998,47.999999999999154,2026-01-13,6A	reddit_orb_breakout	reddit_orb_breakout|ny|range=15|entry=150|rr=1.5|sl_atr=1|tp_atr=1.5|threshold=2|adx_max=none|adx_min=none|rsi2=none|trend=ema|max_bars=24
futures,6A,reddit_orb_breakout,reddit_orb_breakout|ny|range=15|entry=150|rr=1.5|sl_atr=1|tp_atr=1.5|threshold=2|adx_max=none|adx_min=none|rsi2=none|trend=ema|max_bars=24,short,75727,75728,75730,2026-01-14 15:30:00+00:00,2026-01-14 15:45:00+00:00,2026-01-14 16:15:00+00:00,0.6681,0.6688,-13.999999999998458,-16.999999999998458,-1.0,20.999999999997687,13.999999999998458,3.0,sl,2,1,0.5,-8.499999999999229,8.499999999999229,10.499999999998844,2026-01-14,6A	reddit_orb_breakout	reddit_orb_breakout|ny|range=15|entry=150|rr=1.5|sl_atr=1|tp_atr=1.5|threshold=2|adx_max=none|adx_min=none|rsi2=none|trend=ema|max_bars=24
futures,6A,reddit_orb_breakout,reddit_orb_breakout|ny|range=15|entry=150|rr=1.5|sl_atr=1|tp_atr=1.5|threshold=2|adx_max=none|adx_min=none|rsi2=none|trend=ema|max_bars=24,long,75822,75823,75841,2026-01-15 16:15:00+00:00,2026-01-15 16:30:00+00:00,2026-01-15 21:00:00+00:00,0.6707,0.6698,-18.000000000000238,-21.000000000000238,-0.33870967741935776,88.50000000000024,59.00000000000016,3.0,session_close,18,1,0.5,-10.500000000000119,31.00000000000008,44.25000000000012,2026-01-15,6A	reddit_orb_breakout	reddit_orb_breakout|ny|range=15|entry=150|rr=1.5|sl_atr=1|tp_atr=1.5|threshold=2|adx_max=none|adx_min=none|rsi2=none|trend=ema|max_bars=24
futures,6A,reddit_orb_breakout,reddit_orb_breakout|ny|range=15|entry=150|rr=1.5|sl_atr=1|tp_atr=1.5|threshold=2|adx_max=none|adx_min=none|rsi2=none|trend=ema|max_bars=24,long,75909,75910,75910,2026-01-16 15:00:00+00:00,2026-01-16 15:15:00+00:00,2026-01-16 15:15:00+00:00,0.66935,0.6687,-13.000000000000789,-16.00000000000079,-1.0,19.500000000001183,13.000000000000789,3.0,sl,1,1,0.5,-8.000000000000394,8.000000000000394,9.750000000000592,2026-01-16,6A	reddit_orb_breakout	reddit_orb_breakout|ny|range=15|entry=150|rr=1.5|sl_atr=1|tp_atr=1.5|threshold=2|adx_max=none|adx_min=none|rsi2=none|trend=ema|max_bars=24
futures,6A,reddit_orb_breakout,reddit_orb_breakout|ny|range=15|entry=150|rr=1.5|sl_atr=1|tp_atr=1.5|threshold=2|adx_max=none|adx_min=none|rsi2=none|trend=ema|max_bars=24,long,76000,76001,76025,2026-01-19 14:45:00+00:00,2026-01-19 15:00:00+00:00,2026-01-19 21:00:00+00:00,0.67095,0.6714,8.999999999999009,5.999999999999009,0.3999999999999099,18.000000000000238,12.000000000000899,3.0,session_close,24,1,0.5,2.9999999999995044,7.500000000000449,9.000000000000119,2026-01-19,6A	reddit_orb_breakout	reddit_orb_breakout|ny|range=15|entry=150|rr=1.5|sl_atr=1|tp_atr=1.5|threshold=2|adx_max=none|adx_min=none|rsi2=none|trend=ema|max_bars=24
futures,6A,reddit_orb_breakout,reddit_orb_breakout|ny|range=15|entry=150|rr=1.5|sl_atr=1|tp_atr=1.5|threshold=2|adx_max=none|adx_min=none|rsi2=none|trend=ema|max_bars=24,long,76094,76095,76117,2026-01-20 15:15:00+00:00,2026-01-20 15:30:00+00:00,2026-01-20 21:00:00+00:00,0.67375,0.67375,0.0,-3.0,-0.1578947368421199,23.999999999997357,15.999999999998238,3.0,session_close,22,1,0.5,-1.5,9.499999999999119,11.999999999998678,2026-01-20,6A	reddit_orb_breakout	reddit_orb_breakout|ny|range=15|entry=150|rr=1.5|sl_atr=1|tp_atr=1.5|threshold=2|adx_max=none|adx_min=none|rsi2=none|trend=ema|max_bars=24
futures,6A,reddit_orb_breakout,reddit_orb_breakout|ny|range=15|entry=150|rr=1.5|sl_atr=1|tp_atr=1.5|threshold=2|adx_max=none|adx_min=none|rsi2=none|trend=ema|max_bars=24,long,76184,76185,76190,2026-01-21 14:45:00+00:00,2026-01-21 15:00:00+00:00,2026-01-21 16:15:00+00:00,0.67735,0.67635,-20.000000000000018,-23.000000000000018,-1.0,29.999999999998916,20.000000000000018,3.0,sl,5,1,0.5,-11.500000000000009,11.500000000000009,14.999999999999458,2026-01-21,6A	reddit_orb_breakout	reddit_orb_breakout|ny|range=15|entry=150|rr=1.5|sl_atr=1|tp_atr=1.5|threshold=2|adx_max=none|adx_min=none|rsi2=none|trend=ema|max_bars=24
futures,6A,reddit_orb_breakout,reddit_orb_breakout|ny|range=15|entry=150|rr=1.5|sl_atr=1|tp_atr=1.5|threshold=2|adx_max=none|adx_min=none|rsi2=none|trend=ema|max_bars=24,long,76279,76280,76282,2026-01-22 15:30:00+00:00,2026-01-22 15:45:00+00:00,2026-01-22 16:15:00+00:00,0.6822,0.6831,18.000000000000238,15.000000000000238,0.9999999999999559,18.000000000000238,12.000000000000899,3.0,tp,2,1,0.5,7.500000000000119,7.500000000000449,9.000000000000119,2026-01-22,6A	reddit_orb_breakout	reddit_orb_breakout|ny|range=15|entry=150|rr=1.5|sl_atr=1|tp_atr=1.5|threshold=2|adx_max=none|adx_min=none|rsi2=none|trend=ema|max_bars=24
futures,6A,reddit_orb_breakout,reddit_orb_breakout|ny|range=15|entry=150|rr=1.5|sl_atr=1|tp_atr=1.5|threshold=2|adx_max=none|adx_min=none|rsi2=none|trend=ema|max_bars=24,long,76368,76369,76376,2026-01-23 14:45:00+00:00,2026-01-23 15:00:00+00:00,2026-01-23 16:45:00+00:00,0.6864,0.68805,33.0000000000008,30.000000000000803,1.200000000000042,33.0000000000008,21.999999999999797,3.0,tp,7,1,0.5,15.000000000000401,12.499999999999899,16.5000000000004,2026-01-23,6A	reddit_orb_breakout	reddit_orb_breakout|ny|range=15|entry=150|rr=1.5|sl_atr=1|tp_atr=1.5|threshold=2|adx_max=none|adx_min=none|rsi2=none|trend=ema|max_bars=24
futures,6A,reddit_orb_breakout,reddit_orb_breakout|ny|range=15|entry=150|rr=1.5|sl_atr=1|tp_atr=1.5|threshold=2|adx_max=none|adx_min=none|rsi2=none|trend=ema|max_bars=24,long,76460,76461,76478,2026-01-26 14:45:00+00:00,2026-01-26 15:00:00+00:00,2026-01-26 19:15:00+00:00,0.69395,0.69245,-29.999999999998916,-32.99999999999892,-1.0,44.99999999999948,29.999999999998916,3.0,sl,17,1,0.5,-16.49999999999946,16.49999999999946,22.49999999999974,2026-01-26,6A	reddit_orb_breakout	reddit_orb_breakout|ny|range=15|entry=150|rr=1.5|sl_atr=1|tp_atr=1.5|threshold=2|adx_max=none|adx_min=none|rsi2=none|trend=ema|max_bars=24
futures,6A,reddit_capitulation_reversion,reddit_capitulation_reversion|ny|range=15|entry=150|rr=2.5|sl_atr=1|tp_atr=1.5|threshold=1.75|adx_max=none|adx_min=none|rsi2=10.0|trend=long_only|max_bars=24,long,76477,76478,76485,2026-01-26 19:00:00+00:00,2026-01-26 19:15:00+00:00,2026-01-26 21:00:00+00:00,0.69245,0.6918,-13.000000000000789,-16.00000000000079,-0.35917121242734523,103.86749999999888,41.54699999999956,3.0,session_close,7,50,0.5,-400.0000000000197,1113.6749999999888,2596.6874999999723,2026-01-26,6A	reddit_capitulation_reversion	reddit_capitulation_reversion|ny|range=15|entry=150|rr=2.5|sl_atr=1|tp_atr=1.5|threshold=1.75|adx_max=none|adx_min=none|rsi2=10.0|trend=long_only|max_bars=24
futures,6A,reddit_orb_breakout,reddit_orb_breakout|ny|range=15|entry=150|rr=1.5|sl_atr=1|tp_atr=1.5|threshold=2|adx_max=none|adx_min=none|rsi2=none|trend=ema|max_bars=24,long,76553,76554,76576,2026-01-27 15:00:00+00:00,2026-01-27 15:15:00+00:00,2026-01-27 20:45:00+00:00,0.69695,0.6997249999999998,55.499999999997215,52.499999999997215,1.3124999999999911,55.499999999997215,36.999999999998145,3.0,tp,22,1,0.5,26.249999999998607,19.999999999999073,27.749999999998607,2026-01-27,6A	reddit_orb_breakout	reddit_orb_breakout|ny|range=15|entry=150|rr=1.5|sl_atr=1|tp_atr=1.5|threshold=2|adx_max=none|adx_min=none|rsi2=none|trend=ema|max_bars=24
futures,6A,reddit_capitulation_reversion,reddit_capitulation_reversion|ny|range=15|entry=150|rr=2.5|sl_atr=1|tp_atr=1.5|threshold=1.75|adx_max=none|adx_min=none|rsi2=10.0|trend=long_only|max_bars=24,long,76645,76646,76669,2026-01-28 15:00:00+00:00,2026-01-28 15:15:00+00:00,2026-01-28 21:00:00+00:00,0.698,0.7035,110.00000000000121,107.00000000000121,2.3841354723707506,104.69999999999979,41.880000000000805,3.0,session_close,23,50,0.5,2675.00000000003,1122.0000000000202,2617.4999999999945,2026-01-28,6A	reddit_capitulation_reversion	reddit_capitulation_reversion|ny|range=15|entry=150|rr=2.5|sl_atr=1|tp_atr=1.5|threshold=1.75|adx_max=none|adx_min=none|rsi2=10.0|trend=long_only|max_bars=24
futures,6A,reddit_orb_breakout,reddit_orb_breakout|ny|range=15|entry=150|rr=1.5|sl_atr=1|tp_atr=1.5|threshold=2|adx_max=none|adx_min=none|rsi2=none|trend=ema|max_bars=24,short,76833,76834,76840,2026-01-30 16:00:00+00:00,2026-01-30 16:15:00+00:00,2026-01-30 17:45:00+00:00,0.69995,0.69695,60.00000000000005,57.00000000000005,1.3255813953488373,60.00000000000005,40.000000000000036,3.0,tp,6,1,0.5,28.500000000000025,21.500000000000018,30.000000000000025,2026-01-30,6A	reddit_orb_breakout	reddit_orb_breakout|ny|range=15|entry=150|rr=1.5|sl_atr=1|tp_atr=1.5|threshold=2|adx_max=none|adx_min=none|rsi2=none|trend=ema|max_bars=24
futures,6A,reddit_orb_breakout,reddit_orb_breakout|ny|range=15|entry=150|rr=1.5|sl_atr=1|tp_atr=1.5|threshold=2|adx_max=none|adx_min=none|rsi2=none|trend=ema|max_bars=24,long,77014,77015,77018,2026-02-03 15:15:00+00:00,2026-02-03 15:30:00+00:00,2026-02-03 16:15:00+00:00,0.70045,0.702175,34.49999999999953,31.49999999999953,1.2115384615384581,34.49999999999953,22.999999999999687,3.0,tp,3,1,0.5,15.749999999999766,12.999999999999844,17.249999999999766,2026-02-03,6A	reddit_orb_breakout	reddit_orb_breakout|ny|range=15|entry=150|rr=1.5|sl_atr=1|tp_atr=1.5|threshold=2|adx_max=none|adx_min=none|rsi2=none|trend=ema|max_bars=24
futures,6A,reddit_orb_breakout,reddit_orb_breakout|ny|range=15|entry=150|rr=1.5|sl_atr=1|tp_atr=1.5|threshold=2|adx_max=none|adx_min=none|rsi2=none|trend=ema|max_bars=24,short,77197,77198,77221,2026-02-05 15:00:00+00:00,2026-02-05 15:15:00+00:00,2026-02-05 21:00:00+00:00,0.6957,0.6939,36.000000000000476,33.000000000000476,0.6734693877551203,68.99999999999906,45.999999999999375,3.0,session_close,23,1,0.5,16.500000000000238,24.499999999999687,34.49999999999953,2026-02-05,6A	reddit_orb_breakout	reddit_orb_breakout|ny|range=15|entry=150|rr=1.5|sl_atr=1|tp_atr=1.5|threshold=2|adx_max=none|adx_min=none|rsi2=none|trend=ema|max_bars=24
futures,6A,reddit_orb_breakout,reddit_orb_breakout|ny|range=15|entry=150|rr=1.5|sl_atr=1|tp_atr=1.5|threshold=2|adx_max=none|adx_min=none|rsi2=none|trend=ema|max_bars=24,long,77293,77294,77313,2026-02-06 16:00:00+00:00,2026-02-06 16:15:00+00:00,2026-02-06 21:00:00+00:00,0.7012,0.702,15.999999999998238,12.999999999998238,0.2888888888888509,62.99999999999972,41.999999999999815,3.0,session_close,19,1,0.5,6.499999999999119,22.499999999999908,31.49999999999986,2026-02-06,6A	reddit_orb_breakout	reddit_orb_breakout|ny|range=15|entry=150|rr=1.5|sl_atr=1|tp_atr=1.5|threshold=2|adx_max=none|adx_min=none|rsi2=none|trend=ema|max_bars=24
futures,6A,reddit_orb_breakout,reddit_orb_breakout|ny|range=15|entry=150|rr=1.5|sl_atr=1|tp_atr=1.5|threshold=2|adx_max=none|adx_min=none|rsi2=none|trend=ema|max_bars=24,long,77380,77381,77405,2026-02-09 14:45:00+00:00,2026-02-09 15:00:00+00:00,2026-02-09 21:00:00+00:00,0.7079,0.70905,22.999999999999687,19.999999999999687,0.6250000000000092,43.499999999998536,28.999999999999027,3.0,session_close,24,1,0.5,9.999999999999844,15.999999999999513,21.749999999999268,2026-02-09,6A	reddit_orb_breakout	reddit_orb_breakout|ny|range=15|entry=150|rr=1.5|sl_atr=1|tp_atr=1.5|threshold=2|adx_max=none|adx_min=none|rsi2=none|trend=ema|max_bars=24
futures,6A,reddit_capitulation_reversion,reddit_capitulation_reversion|ny|range=15|entry=150|rr=2.5|sl_atr=1|tp_atr=1.5|threshold=1.75|adx_max=none|adx_min=none|rsi2=10.0|trend=long_only|max_bars=24,long,77566,77567,77589,2026-02-11 15:15:00+00:00,2026-02-11 15:30:00+00:00,2026-02-11 21:00:00+00:00,0.70995,0.7124,49.000000000001265,46.000000000001265,1.008838300765434,106.49249999999942,42.596999999999774,3.0,session_close,22,50,0.5,1150.0000000000316,1139.9249999999943,2662.3124999999854,2026-02-11,6A	reddit_capitulation_reversion	reddit_capitulation_reversion|ny|range=15|entry=150|rr=2.5|sl_atr=1|tp_atr=1.5|threshold=1.75|adx_max=none|adx_min=none|rsi2=10.0|trend=long_only|max_bars=24
futures,6A,reddit_orb_breakout,reddit_orb_breakout|ny|range=15|entry=150|rr=1.5|sl_atr=1|tp_atr=1.5|threshold=2|adx_max=none|adx_min=none|rsi2=none|trend=ema|max_bars=24,long,77573,77574,77589,2026-02-11 17:00:00+00:00,2026-02-11 17:15:00+00:00,2026-02-11 21:00:00+00:00,0.71325,0.7124,-17.000000000000348,-20.000000000000348,-0.5714285714285664,48.00000000000137,32.00000000000092,3.0,session_close,15,1,0.5,-10.000000000000174,17.50000000000046,24.000000000000686,2026-02-11,6A	reddit_orb_breakout	reddit_orb_breakout|ny|range=15|entry=150|rr=1.5|sl_atr=1|tp_atr=1.5|threshold=2|adx_max=none|adx_min=none|rsi2=none|trend=ema|max_bars=24
futures,6A,reddit_orb_breakout,reddit_orb_breakout|ny|range=15|entry=150|rr=1.5|sl_atr=1|tp_atr=1.5|threshold=2|adx_max=none|adx_min=none|rsi2=none|trend=ema|max_bars=24,short,77841,77842,77865,2026-02-16 15:00:00+00:00,2026-02-16 15:15:00+00:00,2026-02-16 21:00:00+00:00,0.70735,0.7074,-0.9999999999998899,-3.99999999999989,-0.18181818181817574,28.500000000000192,19.000000000000128,3.0,session_close,23,1,0.5,-1.999999999999945,11.000000000000064,14.250000000000096,2026-02-16,6A	reddit_orb_breakout	reddit_orb_breakout|ny|range=15|entry=150|rr=1.5|sl_atr=1|tp_atr=1.5|threshold=2|adx_max=none|adx_min=none|rsi2=none|trend=ema|max_bars=24
futures,6A,reddit_orb_breakout,reddit_orb_breakout|ny|range=15|entry=150|rr=1.5|sl_atr=1|tp_atr=1.5|threshold=2|adx_max=none|adx_min=none|rsi2=none|trend=ema|max_bars=24,short,77932,77933,77938,2026-02-17 14:45:00+00:00,2026-02-17 15:00:00+00:00,2026-02-17 16:15:00+00:00,0.7037,0.70585,-42.9999999999997,-45.9999999999997,-1.0,64.50000000000067,42.9999999999997,3.0,sl,5,1,0.5,-22.99999999999985,22.99999999999985,32.250000000000334,2026-02-17,6A	reddit_orb_breakout	reddit_orb_breakout|ny|range=15|entry=150|rr=1.5|sl_atr=1|tp_atr=1.5|threshold=2|adx_max=none|adx_min=none|rsi2=none|trend=ema|max_bars=24
futures,6A,reddit_orb_breakout,reddit_orb_breakout|ny|range=15|entry=150|rr=1.5|sl_atr=1|tp_atr=1.5|threshold=2|adx_max=none|adx_min=none|rsi2=none|trend=ema|max_bars=24,long,78214,78215,78233,2026-02-20 16:15:00+00:00,2026-02-20 16:30:00+00:00,2026-02-20 21:00:00+00:00,0.70715,0.7086,29.000000000001247,26.000000000001247,0.41935483870971146,88.49999999999802,58.99999999999794,3.0,session_close,18,1,0.5,13.000000000000624,30.99999999999897,44.24999999999901,2026-02-20,6A	reddit_orb_breakout	reddit_orb_breakout|ny|range=15|entry=150|rr=1.5|sl_atr=1|tp_atr=1.5|threshold=2|adx_max=none|adx_min=none|rsi2=none|trend=ema|max_bars=24
futures,6A,reddit_orb_breakout,reddit_orb_breakout|ny|range=15|entry=150|rr=1.5|sl_atr=1|tp_atr=1.5|threshold=2|adx_max=none|adx_min=none|rsi2=none|trend=ema|max_bars=24,long,78485,78486,78489,2026-02-25 15:00:00+00:00,2026-02-25 15:15:00+00:00,2026-02-25 16:00:00+00:00,0.70985,0.71105,23.999999999999577,20.999999999999577,1.1052631578946879,23.999999999999577,16.00000000000046,3.0,tp,3,1,0.5,10.499999999999789,9.50000000000023,11.999999999999789,2026-02-25,6A	reddit_orb_breakout	reddit_orb_breakout|ny|range=15|entry=150|rr=1.5|sl_atr=1|tp_atr=1.5|threshold=2|adx_max=none|adx_min=none|rsi2=none|trend=ema|max_bars=24
futures,6A,reddit_orb_breakout,reddit_orb_breakout|ny|range=15|entry=150|rr=1.5|sl_atr=1|tp_atr=1.5|threshold=2|adx_max=none|adx_min=none|rsi2=none|trend=ema|max_bars=24,long,78669,78670,78693,2026-02-27 15:00:00+00:00,2026-02-27 15:15:00+00:00,2026-02-27 21:00:00+00:00,0.71195,0.7113,-12.999999999998568,-15.999999999998568,-0.5517241379309974,39.00000000000014,25.999999999999357,3.0,session_close,23,1,0.5,-7.999999999999284,14.499999999999678,19.50000000000007,2026-02-27,6A	reddit_orb_breakout	reddit_orb_breakout|ny|range=15|entry=150|rr=1.5|sl_atr=1|tp_atr=1.5|threshold=2|adx_max=none|adx_min=none|rsi2=none|trend=ema|max_bars=24
futures,6A,reddit_orb_breakout,reddit_orb_breakout|ny|range=15|entry=150|rr=1.5|sl_atr=1|tp_atr=1.5|threshold=2|adx_max=none|adx_min=none|rsi2=none|trend=ema|max_bars=24,short,78852,78853,78857,2026-03-03 14:45:00+00:00,2026-03-03 15:00:00+00:00,2026-03-03 16:00:00+00:00,0.6975,0.70055,-60.99999999999994,-63.99999999999994,-1.0,91.49999999999991,60.99999999999994,3.0,sl,4,1,0.5,-31.99999999999997,31.99999999999997,45.74999999999996,2026-03-03,6A	reddit_orb_breakout	reddit_orb_breakout|ny|range=15|entry=150|rr=1.5|sl_atr=1|tp_atr=1.5|threshold=2|adx_max=none|adx_min=none|rsi2=none|trend=ema|max_bars=24
futures,6A,reddit_orb_breakout,reddit_orb_breakout|ny|range=15|entry=150|rr=1.5|sl_atr=1|tp_atr=1.5|threshold=2|adx_max=none|adx_min=none|rsi2=none|trend=ema|max_bars=24,short,79038,79039,79041,2026-03-05 15:15:00+00:00,2026-03-05 15:30:00+00:00,2026-03-05 16:00:00+00:00,0.7015,0.6988749999999999,52.50000000000199,49.50000000000199,1.3026315789474008,52.50000000000199,35.00000000000058,3.0,tp,2,1,0.5,24.750000000000995,19.00000000000029,26.250000000000995,2026-03-05,6A	reddit_orb_breakout	reddit_orb_breakout|ny|range=15|entry=150|rr=1.5|sl_atr=1|tp_atr=1.5|threshold=2|adx_max=none|adx_min=none|rsi2=none|trend=ema|max_bars=24
futures,6A,reddit_orb_breakout,reddit_orb_breakout|ny|range=15|entry=150|rr=1.5|sl_atr=1|tp_atr=1.5|threshold=2|adx_max=none|adx_min=none|rsi2=none|trend=ema|max_bars=24,long,79227,79228,79245,2026-03-09 15:30:00+00:00,2026-03-09 15:45:00+00:00,2026-03-09 20:00:00+00:00,0.7044,0.70665,44.99999999999948,41.99999999999948,0.7777777777777531,76.50000000000156,51.000000000001044,3.0,session_close,17,1,0.5,20.99999999999974,27.000000000000522,38.25000000000078,2026-03-09,6A	reddit_orb_breakout	reddit_orb_breakout|ny|range=15|entry=150|rr=1.5|sl_atr=1|tp_atr=1.5|threshold=2|adx_max=none|adx_min=none|rsi2=none|trend=ema|max_bars=24
futures,6A,reddit_orb_breakout,reddit_orb_breakout|ny|range=15|entry=150|rr=1.5|sl_atr=1|tp_atr=1.5|threshold=2|adx_max=none|adx_min=none|rsi2=none|trend=ema|max_bars=24,long,79315,79316,79337,2026-03-10 14:30:00+00:00,2026-03-10 14:45:00+00:00,2026-03-10 20:00:00+00:00,0.714,0.7121,-38.000000000000256,-41.000000000000256,-0.73214285714288,79.49999999999679,52.9999999999986,3.0,session_close,21,1,0.5,-20.500000000000128,27.9999999999993,39.749999999998394,2026-03-10,6A	reddit_orb_breakout	reddit_orb_breakout|ny|range=15|entry=150|rr=1.5|sl_atr=1|tp_atr=1.5|threshold=2|adx_max=none|adx_min=none|rsi2=none|trend=ema|max_bars=24
futures,6A,reddit_orb_breakout,reddit_orb_breakout|ny|range=15|entry=150|rr=1.5|sl_atr=1|tp_atr=1.5|threshold=2|adx_max=none|adx_min=none|rsi2=none|trend=ema|max_bars=24,long,79404,79405,79412,2026-03-11 13:45:00+00:00,2026-03-11 14:00:00+00:00,2026-03-11 15:45:00+00:00,0.7168,0.7151,-34.000000000000696,-37.000000000000696,-1.0,51.000000000001044,34.000000000000696,3.0,sl,7,1,0.5,-18.500000000000348,18.500000000000348,25.500000000000522,2026-03-11,6A	reddit_orb_breakout	reddit_orb_breakout|ny|range=15|entry=150|rr=1.5|sl_atr=1|tp_atr=1.5|threshold=2|adx_max=none|adx_min=none|rsi2=none|trend=ema|max_bars=24
futures,6A,reddit_orb_breakout,reddit_orb_breakout|ny|range=15|entry=150|rr=1.5|sl_atr=1|tp_atr=1.5|threshold=2|adx_max=none|adx_min=none|rsi2=none|trend=ema|max_bars=24,short,79500,79501,79521,2026-03-12 14:45:00+00:00,2026-03-12 15:00:00+00:00,2026-03-12 20:00:00+00:00,0.709,0.70785,22.999999999999687,19.999999999999687,0.3278688524590098,86.99999999999929,58.00000000000027,3.0,session_close,20,1,0.5,9.999999999999844,30.500000000000135,43.499999999999645,2026-03-12,6A	reddit_orb_breakout	reddit_orb_breakout|ny|range=15|entry=150|rr=1.5|sl_atr=1|tp_atr=1.5|threshold=2|adx_max=none|adx_min=none|rsi2=none|trend=ema|max_bars=24
futures,6A,reddit_orb_breakout,reddit_orb_breakout|ny|range=15|entry=150|rr=1.5|sl_atr=1|tp_atr=1.5|threshold=2|adx_max=none|adx_min=none|rsi2=none|trend=ema|max_bars=24,short,79591,79592,79595,2026-03-13 14:30:00+00:00,2026-03-13 14:45:00+00:00,2026-03-13 15:30:00+00:00,0.7034,0.7010000000000001,47.999999999999154,44.999999999999154,1.2857142857143096,47.999999999999154,31.999999999998696,3.0,tp,3,1,0.5,22.499999999999577,17.499999999999346,23.999999999999577,2026-03-13,6A	reddit_orb_breakout	reddit_orb_breakout|ny|range=15|entry=150|rr=1.5|sl_atr=1|tp_atr=1.5|threshold=2|adx_max=none|adx_min=none|rsi2=none|trend=ema|max_bars=24
futures,6A,reddit_orb_breakout,reddit_orb_breakout|ny|range=15|entry=150|rr=1.5|sl_atr=1|tp_atr=1.5|threshold=2|adx_max=none|adx_min=none|rsi2=none|trend=ema|max_bars=24,short,79688,79689,79698,2026-03-16 15:45:00+00:00,2026-03-16 16:00:00+00:00,2026-03-16 18:15:00+00:00,0.70475,0.70595,-23.999999999999577,-26.999999999999577,-1.0,36.000000000000476,23.999999999999577,3.0,sl,9,1,0.5,-13.499999999999789,13.499999999999789,18.000000000000238,2026-03-16,6A	reddit_orb_breakout	reddit_orb_breakout|ny|range=15|entry=150|rr=1.5|sl_atr=1|tp_atr=1.5|threshold=2|adx_max=none|adx_min=none|rsi2=none|trend=ema|max_bars=24
futures,6A,reddit_orb_breakout,reddit_orb_breakout|ny|range=15|entry=150|rr=1.5|sl_atr=1|tp_atr=1.5|threshold=2|adx_max=none|adx_min=none|rsi2=none|trend=ema|max_bars=24,long,79864,79865,79869,2026-03-18 13:45:00+00:00,2026-03-18 14:00:00+00:00,2026-03-18 15:00:00+00:00,0.70575,0.7079249999999999,43.499999999998536,40.499999999998536,1.2656249999999927,43.499999999998536,28.999999999999027,3.0,tp,4,1,0.5,20.249999999999268,15.999999999999513,21.749999999999268,2026-03-18,6A	reddit_orb_breakout	reddit_orb_breakout|ny|range=15|entry=150|rr=1.5|sl_atr=1|tp_atr=1.5|threshold=2|adx_max=none|adx_min=none|rsi2=none|trend=ema|max_bars=24
futures,6A,reddit_orb_breakout,reddit_orb_breakout|ny|range=15|entry=150|rr=1.5|sl_atr=1|tp_atr=1.5|threshold=2|adx_max=none|adx_min=none|rsi2=none|trend=ema|max_bars=24,short,80053,80054,80068,2026-03-20 15:00:00+00:00,2026-03-20 15:15:00+00:00,2026-03-20 18:45:00+00:00,0.7038,0.7008,60.00000000000005,57.00000000000005,1.3255813953488373,60.00000000000005,40.000000000000036,3.0,tp,14,1,0.5,28.500000000000025,21.500000000000018,30.000000000000025,2026-03-20,6A	reddit_orb_breakout	reddit_orb_breakout|ny|range=15|entry=150|rr=1.5|sl_atr=1|tp_atr=1.5|threshold=2|adx_max=none|adx_min=none|rsi2=none|trend=ema|max_bars=24
futures,6A,reddit_orb_breakout,reddit_orb_breakout|ny|range=15|entry=150|rr=1.5|sl_atr=1|tp_atr=1.5|threshold=2|adx_max=none|adx_min=none|rsi2=none|trend=ema|max_bars=24,short,80148,80149,80165,2026-03-23 15:45:00+00:00,2026-03-23 16:00:00+00:00,2026-03-23 20:00:00+00:00,0.69855,0.7003,-35.00000000000058,-38.00000000000058,-0.4634146341463476,118.49999999999916,79.00000000000017,3.0,session_close,16,1,0.5,-19.00000000000029,41.000000000000085,59.24999999999958,2026-03-23,6A	reddit_orb_breakout	reddit_orb_breakout|ny|range=15|entry=150|rr=1.5|sl_atr=1|tp_atr=1.5|threshold=2|adx_max=none|adx_min=none|rsi2=none|trend=ema|max_bars=24
futures,6A,reddit_orb_breakout,reddit_orb_breakout|ny|range=15|entry=150|rr=1.5|sl_atr=1|tp_atr=1.5|threshold=2|adx_max=none|adx_min=none|rsi2=none|trend=ema|max_bars=24,short,80324,80325,80328,2026-03-25 13:45:00+00:00,2026-03-25 14:00:00+00:00,2026-03-25 14:45:00+00:00,0.69405,0.6959,-37.00000000000036,-40.00000000000036,-1.0,55.500000000001656,37.00000000000036,3.0,sl,3,1,0.5,-20.00000000000018,20.00000000000018,27.750000000000828,2026-03-25,6A	reddit_orb_breakout	reddit_orb_breakout|ny|range=15|entry=150|rr=1.5|sl_atr=1|tp_atr=1.5|threshold=2|adx_max=none|adx_min=none|rsi2=none|trend=ema|max_bars=24
futures,6A,reddit_orb_breakout,reddit_orb_breakout|ny|range=15|entry=150|rr=1.5|sl_atr=1|tp_atr=1.5|threshold=2|adx_max=none|adx_min=none|rsi2=none|trend=ema|max_bars=24,short,80419,80420,80427,2026-03-26 14:30:00+00:00,2026-03-26 14:45:00+00:00,2026-03-26 16:30:00+00:00,0.6906,0.68895,33.0000000000008,30.000000000000803,1.200000000000042,33.0000000000008,21.999999999999797,3.0,tp,7,1,0.5,15.000000000000401,12.499999999999899,16.5000000000004,2026-03-26,6A	reddit_orb_breakout	reddit_orb_breakout|ny|range=15|entry=150|rr=1.5|sl_atr=1|tp_atr=1.5|threshold=2|adx_max=none|adx_min=none|rsi2=none|trend=ema|max_bars=24
futures,6A,reddit_orb_breakout,reddit_orb_breakout|ny|range=15|entry=150|rr=1.5|sl_atr=1|tp_atr=1.5|threshold=2|adx_max=none|adx_min=none|rsi2=none|trend=ema|max_bars=24,short,80600,80601,80607,2026-03-30 13:45:00+00:00,2026-03-30 14:00:00+00:00,2026-03-30 15:30:00+00:00,0.68355,0.68515,-32.00000000000092,-35.00000000000092,-1.0,48.00000000000137,32.00000000000092,3.0,sl,6,1,0.5,-17.50000000000046,17.50000000000046,24.000000000000686,2026-03-30,6A	reddit_orb_breakout	reddit_orb_breakout|ny|range=15|entry=150|rr=1.5|sl_atr=1|tp_atr=1.5|threshold=2|adx_max=none|adx_min=none|rsi2=none|trend=ema|max_bars=24
futures,6A,reddit_orb_breakout,reddit_orb_breakout|ny|range=15|entry=150|rr=1.5|sl_atr=1|tp_atr=1.5|threshold=2|adx_max=none|adx_min=none|rsi2=none|trend=ema|max_bars=24,short,80695,80696,80696,2026-03-31 14:30:00+00:00,2026-03-31 14:45:00+00:00,2026-03-31 14:45:00+00:00,0.68645,0.685175,25.500000000000522,22.500000000000522,1.1250000000000064,25.500000000000522,17.000000000000348,3.0,tp,1,1,0.5,11.250000000000261,10.000000000000174,12.750000000000261,2026-03-31,6A	reddit_orb_breakout	reddit_orb_breakout|ny|range=15|entry=150|rr=1.5|sl_atr=1|tp_atr=1.5|threshold=2|adx_max=none|adx_min=none|rsi2=none|trend=ema|max_bars=24
futures,6A,reddit_capitulation_reversion,reddit_capitulation_reversion|ny|range=15|entry=150|rr=2.5|sl_atr=1|tp_atr=1.5|threshold=1.75|adx_max=none|adx_min=none|rsi2=10.0|trend=long_only|max_bars=24,long,80800,80801,80809,2026-04-01 17:45:00+00:00,2026-04-01 18:00:00+00:00,2026-04-01 20:00:00+00:00,0.6924,0.69185,-11.000000000001009,-14.000000000001009,-0.31429597701151674,103.86000000000006,41.544000000000025,3.0,session_close,8,50,0.5,-350.00000000002524,1113.6000000000006,2596.5000000000014,2026-04-01,6A	reddit_capitulation_reversion	reddit_capitulation_reversion|ny|range=15|entry=150|rr=2.5|sl_atr=1|tp_atr=1.5|threshold=1.75|adx_max=none|adx_min=none|rsi2=10.0|trend=long_only|max_bars=24
futures,6A,reddit_orb_breakout,reddit_orb_breakout|ny|range=15|entry=150|rr=1.5|sl_atr=1|tp_atr=1.5|threshold=2|adx_max=none|adx_min=none|rsi2=none|trend=ema|max_bars=24,long,80968,80969,80969,2026-04-03 13:45:00+00:00,2026-04-03 14:00:00+00:00,2026-04-03 14:00:00+00:00,0.68965,0.6893,-6.999999999999229,-9.999999999999229,-1.0,10.499999999999954,6.999999999999229,3.0,sl,1,1,0.5,-4.9999999999996145,4.9999999999996145,5.249999999999977,2026-04-03,6A	reddit_orb_breakout	reddit_orb_breakout|ny|range=15|entry=150|rr=1.5|sl_atr=1|tp_atr=1.5|threshold=2|adx_max=none|adx_min=none|rsi2=none|trend=ema|max_bars=24
futures,6A,reddit_capitulation_reversion,reddit_capitulation_reversion|ny|range=15|entry=150|rr=2.5|sl_atr=1|tp_atr=1.5|threshold=1.75|adx_max=none|adx_min=none|rsi2=10.0|trend=long_only|max_bars=24,long,81042,81043,81062,2026-04-06 15:00:00+00:00,2026-04-06 15:15:00+00:00,2026-04-06 20:00:00+00:00,0.69085,0.69115,6.00000000000156,3.0000000000015596,0.06749004521836688,103.62750000000086,41.45099999999901,3.0,session_close,19,50,0.5,75.000000000039,1111.2749999999753,2590.687500000022,2026-04-06,6A	reddit_capitulation_reversion	reddit_capitulation_reversion|ny|range=15|entry=150|rr=2.5|sl_atr=1|tp_atr=1.5|threshold=1.75|adx_max=none|adx_min=none|rsi2=10.0|trend=long_only|max_bars=24
futures,6A,reddit_orb_breakout,reddit_orb_breakout|ny|range=15|entry=150|rr=1.5|sl_atr=1|tp_atr=1.5|threshold=2|adx_max=none|adx_min=none|rsi2=none|trend=ema|max_bars=24,long,81131,81132,81134,2026-04-07 14:15:00+00:00,2026-04-07 14:30:00+00:00,2026-04-07 15:00:00+00:00,0.69365,0.6921,-30.999999999998806,-33.999999999998806,-1.0,46.49999999999821,30.999999999998806,3.0,sl,2,1,0.5,-16.999999999999403,16.999999999999403,23.249999999999105,2026-04-07,6A	reddit_orb_breakout	reddit_orb_breakout|ny|range=15|entry=150|rr=1.5|sl_atr=1|tp_atr=1.5|threshold=2|adx_max=none|adx_min=none|rsi2=none|trend=ema|max_bars=24
futures,6A,reddit_capitulation_reversion,reddit_capitulation_reversion|ny|range=15|entry=150|rr=2.5|sl_atr=1|tp_atr=1.5|threshold=1.75|adx_max=none|adx_min=none|rsi2=10.0|trend=long_only|max_bars=24,long,81240,81241,81246,2026-04-08 18:30:00+00:00,2026-04-08 18:45:00+00:00,2026-04-08 20:00:00+00:00,0.70295,0.7042,25.000000000001688,22.000000000001688,0.48697345994645935,105.44249999999921,42.177000000001016,3.0,session_close,5,50,0.5,550.0000000000422,1129.4250000000254,2636.0624999999804,2026-04-08,6A	reddit_capitulation_reversion	reddit_capitulation_reversion|ny|range=15|entry=150|rr=2.5|sl_atr=1|tp_atr=1.5|threshold=1.75|adx_max=none|adx_min=none|rsi2=10.0|trend=long_only|max_bars=24
futures,6A,reddit_orb_breakout,reddit_orb_breakout|ny|range=15|entry=150|rr=1.5|sl_atr=1|tp_atr=1.5|threshold=2|adx_max=none|adx_min=none|rsi2=none|trend=ema|max_bars=24,long,81317,81318,81320,2026-04-09 14:45:00+00:00,2026-04-09 15:00:00+00:00,2026-04-09 15:30:00+00:00,0.7053,0.7074750000000001,43.50000000000076,40.50000000000076,1.2656249999999742,43.50000000000076,29.000000000001247,3.0,tp,2,1,0.5,20.25000000000038,16.000000000000625,21.75000000000038,2026-04-09,6A	reddit_orb_breakout	reddit_orb_breakout|ny|range=15|entry=150|rr=1.5|sl_atr=1|tp_atr=1.5|threshold=2|adx_max=none|adx_min=none|rsi2=none|trend=ema|max_bars=24
futures,6A,reddit_orb_breakout,reddit_orb_breakout|ny|range=15|entry=150|rr=1.5|sl_atr=1|tp_atr=1.5|threshold=2|adx_max=none|adx_min=none|rsi2=none|trend=ema|max_bars=24,long,81407,81408,81410,2026-04-10 14:15:00+00:00,2026-04-10 14:30:00+00:00,2026-04-10 15:00:00+00:00,0.70845,0.7072,-24.999999999999467,-27.999999999999467,-1.0,37.4999999999992,24.999999999999467,3.0,sl,2,1,0.5,-13.999999999999734,13.999999999999734,18.7499999999996,2026-04-10,6A	reddit_orb_breakout	reddit_orb_breakout|ny|range=15|entry=150|rr=1.5|sl_atr=1|tp_atr=1.5|threshold=2|adx_max=none|adx_min=none|rsi2=none|trend=ema|max_bars=24
futures,6A,reddit_orb_breakout,reddit_orb_breakout|ny|range=15|entry=150|rr=1.5|sl_atr=1|tp_atr=1.5|threshold=2|adx_max=none|adx_min=none|rsi2=none|trend=ema|max_bars=24,long,81505,81506,81516,2026-04-13 15:45:00+00:00,2026-04-13 16:00:00+00:00,2026-04-13 18:30:00+00:00,0.70555,0.70855,60.00000000000005,57.00000000000005,1.3255813953488373,60.00000000000005,40.000000000000036,3.0,tp,10,1,0.5,28.500000000000025,21.500000000000018,30.000000000000025,2026-04-13,6A	reddit_orb_breakout	reddit_orb_breakout|ny|range=15|entry=150|rr=1.5|sl_atr=1|tp_atr=1.5|threshold=2|adx_max=none|adx_min=none|rsi2=none|trend=ema|max_bars=24
futures,6A,reddit_orb_breakout,reddit_orb_breakout|ny|range=15|entry=150|rr=1.5|sl_atr=1|tp_atr=1.5|threshold=2|adx_max=none|adx_min=none|rsi2=none|trend=ema|max_bars=24,long,81590,81591,81598,2026-04-14 14:00:00+00:00,2026-04-14 14:15:00+00:00,2026-04-14 16:00:00+00:00,0.7137,0.7123,-27.999999999999137,-30.999999999999137,-1.0,41.999999999999815,27.999999999999137,3.0,sl,7,1,0.5,-15.499999999999568,15.499999999999568,20.999999999999908,2026-04-14,6A	reddit_orb_breakout	reddit_orb_breakout|ny|range=15|entry=150|rr=1.5|sl_atr=1|tp_atr=1.5|threshold=2|adx_max=none|adx_min=none|rsi2=none|trend=ema|max_bars=24
futures,6A,reddit_orb_breakout,reddit_orb_breakout|ny|range=15|entry=150|rr=1.5|sl_atr=1|tp_atr=1.5|threshold=2|adx_max=none|adx_min=none|rsi2=none|trend=ema|max_bars=24,long,81682,81683,81687,2026-04-15 14:00:00+00:00,2026-04-15 14:15:00+00:00,2026-04-15 15:15:00+00:00,0.71435,0.716,32.999999999998586,29.999999999998586,1.199999999999953,32.999999999998586,21.999999999999797,3.0,tp,4,1,0.5,14.999999999999293,12.499999999999899,16.499999999999293,2026-04-15,6A	reddit_orb_breakout	reddit_orb_breakout|ny|range=15|entry=150|rr=1.5|sl_atr=1|tp_atr=1.5|threshold=2|adx_max=none|adx_min=none|rsi2=none|trend=ema|max_bars=24
futures,6A,reddit_capitulation_reversion,reddit_capitulation_reversion|ny|range=15|entry=150|rr=2.5|sl_atr=1|tp_atr=1.5|threshold=1.75|adx_max=none|adx_min=none|rsi2=10.0|trend=long_only|max_bars=24,long,81786,81787,81798,2026-04-16 17:00:00+00:00,2026-04-16 17:15:00+00:00,2026-04-16 20:00:00+00:00,0.7146,0.71545,17.000000000000348,14.000000000000348,0.30517045949952415,107.18999999999923,42.87600000000058,3.0,session_close,11,50,0.5,350.0000000000087,1146.9000000000144,2679.749999999981,2026-04-16,6A	reddit_capitulation_reversion	reddit_capitulation_reversion|ny|range=15|entry=150|rr=2.5|sl_atr=1|tp_atr=1.5|threshold=1.75|adx_max=none|adx_min=none|rsi2=10.0|trend=long_only|max_bars=24
futures,6A,reddit_orb_breakout,reddit_orb_breakout|ny|range=15|entry=150|rr=1.5|sl_atr=1|tp_atr=1.5|threshold=2|adx_max=none|adx_min=none|rsi2=none|trend=ema|max_bars=24,long,81967,81968,81982,2026-04-20 16:15:00+00:00,2026-04-20 16:30:00+00:00,2026-04-20 20:00:00+00:00,0.71675,0.71735,12.000000000000899,9.000000000000899,0.36000000000003884,32.999999999998586,21.999999999999797,3.0,session_close,14,1,0.5,4.500000000000449,12.499999999999899,16.499999999999293,2026-04-20,6A	reddit_orb_breakout	reddit_orb_breakout|ny|range=15|entry=150|rr=1.5|sl_atr=1|tp_atr=1.5|threshold=2|adx_max=none|adx_min=none|rsi2=none|trend=ema|max_bars=24
futures,6A,reddit_orb_breakout,reddit_orb_breakout|ny|range=15|entry=150|rr=1.5|sl_atr=1|tp_atr=1.5|threshold=2|adx_max=none|adx_min=none|rsi2=none|trend=ema|max_bars=24,long,82052,82053,82054,2026-04-21 14:30:00+00:00,2026-04-21 14:45:00+00:00,2026-04-21 15:00:00+00:00,0.71735,0.71575,-32.00000000000092,-35.00000000000092,-1.0,48.00000000000137,32.00000000000092,3.0,sl,1,1,0.5,-17.50000000000046,17.50000000000046,24.000000000000686,2026-04-21,6A	reddit_orb_breakout	reddit_orb_breakout|ny|range=15|entry=150|rr=1.5|sl_atr=1|tp_atr=1.5|threshold=2|adx_max=none|adx_min=none|rsi2=none|trend=ema|max_bars=24
