market,symbol,strategy,variant_id,side,signal_index,entry_index,exit_index,signal_time,entry_time,exit_time,entry_price,exit_price,gross_units,net_units,r_multiple,tp_units,sl_units,cost_units,exit_reason,bars_held,chosen_size_multiplier
futures,ES,reddit_orb_breakout,reddit_orb_breakout|ny|range=15|entry=150|rr=1.5|sl_atr=1|tp_atr=1.5|threshold=2|adx_max=none|adx_min=none|rsi2=none|trend=ema|max_bars=24,long,3987,3988,3998,2023-01-04 16:30:00+00:00,2023-01-04 16:45:00+00:00,2023-01-04 19:15:00+00:00,3890.25,3855.75,-138.0,-141.0,-1.0,207.0,138.0,3.0,sl,10,6
futures,ES,reddit_orb_breakout,reddit_orb_breakout|ny|range=15|entry=150|rr=1.5|sl_atr=1|tp_atr=1.5|threshold=2|adx_max=none|adx_min=none|rsi2=none|trend=ema|max_bars=24,long,4172,4173,4189,2023-01-06 16:45:00+00:00,2023-01-06 17:00:00+00:00,2023-01-06 21:00:00+00:00,3898.5,3913.5,60.0,57.0,0.22007722007722008,384.0,256.0,3.0,session_close,16,6
futures,ES,reddit_orb_breakout,reddit_orb_breakout|ny|range=15|entry=150|rr=1.5|sl_atr=1|tp_atr=1.5|threshold=2|adx_max=none|adx_min=none|rsi2=none|trend=ema|max_bars=24,long,4256,4257,4276,2023-01-09 14:45:00+00:00,2023-01-09 15:00:00+00:00,2023-01-09 19:45:00+00:00,3951.75,3928.5,-93.0,-96.0,-1.0,139.5,93.0,3.0,sl,19,6
futures,ES,reddit_orb_breakout,reddit_orb_breakout|ny|range=15|entry=150|rr=1.5|sl_atr=1|tp_atr=1.5|threshold=2|adx_max=none|adx_min=none|rsi2=none|trend=ema|max_bars=24,long,4349,4350,4351,2023-01-10 15:00:00+00:00,2023-01-10 15:15:00+00:00,2023-01-10 15:30:00+00:00,3929.75,3906.25,-94.0,-97.0,-1.0,141.0,94.0,3.0,sl,1,6
futures,ES,reddit_orb_breakout,reddit_orb_breakout|ny|range=15|entry=150|rr=1.5|sl_atr=1|tp_atr=1.5|threshold=2|adx_max=none|adx_min=none|rsi2=none|trend=ema|max_bars=24,long,4449,4450,4465,2023-01-11 17:00:00+00:00,2023-01-11 17:15:00+00:00,2023-01-11 21:00:00+00:00,3968.25,3989.75,86.0,83.0,1.296875,91.5,61.0,3.0,session_close,15,6
futures,ES,reddit_orb_breakout,reddit_orb_breakout|ny|range=15|entry=150|rr=1.5|sl_atr=1|tp_atr=1.5|threshold=2|adx_max=none|adx_min=none|rsi2=none|trend=ema|max_bars=24,long,4541,4542,4557,2023-01-12 17:00:00+00:00,2023-01-12 17:15:00+00:00,2023-01-12 21:00:00+00:00,4004.75,4004.5,-1.0,-4.0,-0.02564102564102564,229.5,153.0,3.0,session_close,15,6
futures,ES,reddit_orb_breakout,reddit_orb_breakout|ny|range=15|entry=150|rr=1.5|sl_atr=1|tp_atr=1.5|threshold=2|adx_max=none|adx_min=none|rsi2=none|trend=ema|max_bars=24,long,4624,4625,4637,2023-01-13 14:45:00+00:00,2023-01-13 15:00:00+00:00,2023-01-13 18:00:00+00:00,3980.25,4002.0,87.0,84.0,1.3770491803278688,87.0,58.0,3.0,tp,12,6
futures,ES,reddit_orb_breakout,reddit_orb_breakout|ny|range=15|entry=150|rr=1.5|sl_atr=1|tp_atr=1.5|threshold=2|adx_max=none|adx_min=none|rsi2=none|trend=ema|max_bars=24,long,4719,4720,4723,2023-01-16 15:30:00+00:00,2023-01-16 15:45:00+00:00,2023-01-16 16:30:00+00:00,4019.75,4014.5,-21.0,-24.0,-1.0,31.5,21.0,3.0,sl,3,6
futures,ES,reddit_orb_breakout,reddit_orb_breakout|ny|range=15|entry=150|rr=1.5|sl_atr=1|tp_atr=1.5|threshold=2|adx_max=none|adx_min=none|rsi2=none|trend=ema|max_bars=24,long,4793,4794,4797,2023-01-17 15:00:00+00:00,2023-01-17 15:15:00+00:00,2023-01-17 16:00:00+00:00,4029.5,4009.0,-82.0,-85.0,-1.0,123.0,82.0,3.0,sl,3,6
futures,ES,reddit_orb_breakout,reddit_orb_breakout|ny|range=15|entry=150|rr=1.5|sl_atr=1|tp_atr=1.5|threshold=2|adx_max=none|adx_min=none|rsi2=none|trend=ema|max_bars=24,short,4894,4895,4909,2023-01-18 17:15:00+00:00,2023-01-18 17:30:00+00:00,2023-01-18 21:00:00+00:00,3968.75,3945.5,93.0,90.0,0.36885245901639346,361.5,241.0,3.0,session_close,14,6
futures,ES,reddit_orb_breakout,reddit_orb_breakout|ny|range=15|entry=150|rr=1.5|sl_atr=1|tp_atr=1.5|threshold=2|adx_max=none|adx_min=none|rsi2=none|trend=ema|max_bars=24,short,4977,4978,4991,2023-01-19 15:00:00+00:00,2023-01-19 15:15:00+00:00,2023-01-19 18:30:00+00:00,3918.25,3933.75,-62.0,-65.0,-1.0,93.0,62.0,3.0,sl,13,6
futures,ES,reddit_orb_breakout,reddit_orb_breakout|ny|range=15|entry=150|rr=1.5|sl_atr=1|tp_atr=1.5|threshold=2|adx_max=none|adx_min=none|rsi2=none|trend=ema|max_bars=24,long,5160,5161,5165,2023-01-23 14:45:00+00:00,2023-01-23 15:00:00+00:00,2023-01-23 16:00:00+00:00,4008.25,4041.25,132.0,129.0,1.4175824175824177,132.0,88.0,3.0,tp,4,6
futures,ES,reddit_orb_breakout,reddit_orb_breakout|ny|range=15|entry=150|rr=1.5|sl_atr=1|tp_atr=1.5|threshold=2|adx_max=none|adx_min=none|rsi2=none|trend=ema|max_bars=24,long,5253,5254,5268,2023-01-24 15:00:00+00:00,2023-01-24 15:15:00+00:00,2023-01-24 18:45:00+00:00,4021.75,4040.875,76.5,73.5,1.3611111111111112,76.5,51.0,3.0,tp,14,6
futures,ES,reddit_orb_breakout,reddit_orb_breakout|ny|range=15|entry=150|rr=1.5|sl_atr=1|tp_atr=1.5|threshold=2|adx_max=none|adx_min=none|rsi2=none|trend=ema|max_bars=24,short,5344,5345,5351,2023-01-25 14:45:00+00:00,2023-01-25 15:00:00+00:00,2023-01-25 16:30:00+00:00,3971.5,3994.5,-92.0,-95.0,-1.0,138.0,92.0,3.0,sl,6,6
futures,ES,reddit_orb_breakout,reddit_orb_breakout|ny|range=15|entry=150|rr=1.5|sl_atr=1|tp_atr=1.5|threshold=2|adx_max=none|adx_min=none|rsi2=none|trend=ema|max_bars=24,long,5528,5529,5548,2023-01-27 14:45:00+00:00,2023-01-27 15:00:00+00:00,2023-01-27 19:45:00+00:00,4077.5,4101.125,94.5,91.5,1.3863636363636365,94.5,63.0,3.0,tp,19,6
futures,ES,reddit_orb_breakout,reddit_orb_breakout|ny|range=15|entry=150|rr=1.5|sl_atr=1|tp_atr=1.5|threshold=2|adx_max=none|adx_min=none|rsi2=none|trend=ema|max_bars=24,long,5622,5623,5623,2023-01-30 15:15:00+00:00,2023-01-30 15:30:00+00:00,2023-01-30 15:30:00+00:00,4065.75,4053.0,-51.0,-54.0,-1.0,76.5,51.0,3.0,sl,1,6
futures,ES,reddit_orb_breakout,reddit_orb_breakout|ny|range=15|entry=150|rr=1.5|sl_atr=1|tp_atr=1.5|threshold=2|adx_max=none|adx_min=none|rsi2=none|trend=ema|max_bars=24,long,5804,5805,5805,2023-02-01 14:45:00+00:00,2023-02-01 15:00:00+00:00,2023-02-01 15:00:00+00:00,4088.0,4073.5,-58.0,-61.0,-1.0,87.0,58.0,3.0,sl,1,6
futures,ES,reddit_orb_breakout,reddit_orb_breakout|ny|range=15|entry=150|rr=1.5|sl_atr=1|tp_atr=1.5|threshold=2|adx_max=none|adx_min=none|rsi2=none|trend=ema|max_bars=24,long,5899,5900,5917,2023-02-02 15:30:00+00:00,2023-02-02 15:45:00+00:00,2023-02-02 20:00:00+00:00,4188.5,4161.0,-110.0,-113.0,-1.0,165.0,110.0,3.0,sl,17,6
futures,ES,reddit_orb_breakout,reddit_orb_breakout|ny|range=15|entry=150|rr=1.5|sl_atr=1|tp_atr=1.5|threshold=2|adx_max=none|adx_min=none|rsi2=none|trend=ema|max_bars=24,long,5989,5990,6009,2023-02-03 15:00:00+00:00,2023-02-03 15:15:00+00:00,2023-02-03 20:00:00+00:00,4170.0,4139.25,-123.0,-126.0,-1.0,184.5,123.0,3.0,sl,19,6
futures,ES,reddit_orb_breakout,reddit_orb_breakout|ny|range=15|entry=150|rr=1.5|sl_atr=1|tp_atr=1.5|threshold=2|adx_max=none|adx_min=none|rsi2=none|trend=ema|max_bars=24,short,6082,6083,6085,2023-02-06 15:15:00+00:00,2023-02-06 15:30:00+00:00,2023-02-06 16:00:00+00:00,4110.5,4132.25,-87.0,-90.0,-1.0,130.5,87.0,3.0,sl,2,6
futures,ES,reddit_orb_breakout,reddit_orb_breakout|ny|range=15|entry=150|rr=1.5|sl_atr=1|tp_atr=1.5|threshold=2|adx_max=none|adx_min=none|rsi2=none|trend=ema|max_bars=24,long,6543,6544,6565,2023-02-13 15:30:00+00:00,2023-02-13 15:45:00+00:00,2023-02-13 21:00:00+00:00,4128.75,4150.25,86.0,83.0,0.7410714285714286,163.5,109.0,3.0,session_close,21,6
futures,ES,reddit_orb_breakout,reddit_orb_breakout|ny|range=15|entry=150|rr=1.5|sl_atr=1|tp_atr=1.5|threshold=2|adx_max=none|adx_min=none|rsi2=none|trend=ema|max_bars=24,long,6632,6633,6636,2023-02-14 14:45:00+00:00,2023-02-14 15:00:00+00:00,2023-02-14 15:45:00+00:00,4152.25,4114.0,-153.0,-156.0,-1.0,229.5,153.0,3.0,sl,3,6
futures,ES,reddit_orb_breakout,reddit_orb_breakout|ny|range=15|entry=150|rr=1.5|sl_atr=1|tp_atr=1.5|threshold=2|adx_max=none|adx_min=none|rsi2=none|trend=ema|max_bars=24,long,6731,6732,6749,2023-02-15 16:30:00+00:00,2023-02-15 16:45:00+00:00,2023-02-15 21:00:00+00:00,4142.5,4160.0,70.0,67.0,0.7127659574468085,136.5,91.0,3.0,session_close,17,6
futures,ES,reddit_orb_breakout,reddit_orb_breakout|ny|range=15|entry=150|rr=1.5|sl_atr=1|tp_atr=1.5|threshold=2|adx_max=none|adx_min=none|rsi2=none|trend=ema|max_bars=24,long,6817,6818,6824,2023-02-16 15:00:00+00:00,2023-02-16 15:15:00+00:00,2023-02-16 16:45:00+00:00,4113.0,4135.125,88.5,85.5,1.3790322580645162,88.5,59.0,3.0,tp,6,6
futures,ES,reddit_orb_breakout,reddit_orb_breakout|ny|range=15|entry=150|rr=1.5|sl_atr=1|tp_atr=1.5|threshold=2|adx_max=none|adx_min=none|rsi2=none|trend=ema|max_bars=24,short,6908,6909,6910,2023-02-17 14:45:00+00:00,2023-02-17 15:00:00+00:00,2023-02-17 15:15:00+00:00,4062.5,4083.5,-84.0,-87.0,-1.0,126.0,84.0,3.0,sl,1,6
futures,ES,reddit_orb_breakout,reddit_orb_breakout|ny|range=15|entry=150|rr=1.5|sl_atr=1|tp_atr=1.5|threshold=2|adx_max=none|adx_min=none|rsi2=none|trend=ema|max_bars=24,short,7001,7002,7013,2023-02-20 15:00:00+00:00,2023-02-20 15:15:00+00:00,2023-02-20 23:00:00+00:00,4076.0,4075.75,1.0,-2.0,-0.07692307692307693,34.5,23.0,3.0,session_close,11,6
futures,ES,reddit_orb_breakout,reddit_orb_breakout|ny|range=15|entry=150|rr=1.5|sl_atr=1|tp_atr=1.5|threshold=2|adx_max=none|adx_min=none|rsi2=none|trend=ema|max_bars=24,short,7076,7077,7090,2023-02-21 14:45:00+00:00,2023-02-21 15:00:00+00:00,2023-02-21 18:15:00+00:00,4039.5,4015.125,97.5,94.5,1.3897058823529411,97.5,65.0,3.0,tp,13,6
futures,ES,reddit_orb_breakout,reddit_orb_breakout|ny|range=15|entry=150|rr=1.5|sl_atr=1|tp_atr=1.5|threshold=2|adx_max=none|adx_min=none|rsi2=none|trend=ema|max_bars=24,short,7169,7170,7179,2023-02-22 15:00:00+00:00,2023-02-22 15:15:00+00:00,2023-02-22 17:30:00+00:00,3997.0,4016.25,-77.0,-80.0,-1.0,115.5,77.0,3.0,sl,9,6
futures,ES,reddit_orb_breakout,reddit_orb_breakout|ny|range=15|entry=150|rr=1.5|sl_atr=1|tp_atr=1.5|threshold=2|adx_max=none|adx_min=none|rsi2=none|trend=ema|max_bars=24,short,7263,7264,7266,2023-02-23 15:30:00+00:00,2023-02-23 15:45:00+00:00,2023-02-23 16:15:00+00:00,4015.5,3993.75,87.0,84.0,1.3770491803278688,87.0,58.0,3.0,tp,2,6
futures,ES,reddit_orb_breakout,reddit_orb_breakout|ny|range=15|entry=150|rr=1.5|sl_atr=1|tp_atr=1.5|threshold=2|adx_max=none|adx_min=none|rsi2=none|trend=ema|max_bars=24,short,7352,7353,7360,2023-02-24 14:45:00+00:00,2023-02-24 15:00:00+00:00,2023-02-24 16:45:00+00:00,3955.75,3976.0,-81.0,-84.0,-1.0,121.5,81.0,3.0,sl,7,6
futures,ES,reddit_orb_breakout,reddit_orb_breakout|ny|range=15|entry=150|rr=1.5|sl_atr=1|tp_atr=1.5|threshold=2|adx_max=none|adx_min=none|rsi2=none|trend=ema|max_bars=24,short,7449,7450,7467,2023-02-27 16:00:00+00:00,2023-02-27 16:15:00+00:00,2023-02-27 20:30:00+00:00,3998.5,3978.625,79.5,76.5,1.3660714285714286,79.5,53.0,3.0,tp,17,6
futures,ES,reddit_orb_breakout,reddit_orb_breakout|ny|range=15|entry=150|rr=1.5|sl_atr=1|tp_atr=1.5|threshold=2|adx_max=none|adx_min=none|rsi2=none|trend=ema|max_bars=24,short,7629,7630,7631,2023-03-01 15:00:00+00:00,2023-03-01 15:15:00+00:00,2023-03-01 15:30:00+00:00,3953.0,3969.0,-64.0,-67.0,-1.0,96.0,64.0,3.0,sl,1,6
futures,ES,reddit_orb_breakout,reddit_orb_breakout|ny|range=15|entry=150|rr=1.5|sl_atr=1|tp_atr=1.5|threshold=2|adx_max=none|adx_min=none|rsi2=none|trend=ema|max_bars=24,long,7812,7813,7813,2023-03-03 14:45:00+00:00,2023-03-03 15:00:00+00:00,2023-03-03 15:00:00+00:00,4013.5,3999.25,-57.0,-60.0,-1.0,85.5,57.0,3.0,sl,1,6
futures,ES,reddit_orb_breakout,reddit_orb_breakout|ny|range=15|entry=150|rr=1.5|sl_atr=1|tp_atr=1.5|threshold=2|adx_max=none|adx_min=none|rsi2=none|trend=ema|max_bars=24,long,7905,7906,7920,2023-03-06 15:00:00+00:00,2023-03-06 15:15:00+00:00,2023-03-06 18:45:00+00:00,4072.25,4055.25,-68.0,-71.0,-1.0,102.0,68.0,3.0,sl,14,6
futures,ES,reddit_orb_breakout,reddit_orb_breakout|ny|range=15|entry=150|rr=1.5|sl_atr=1|tp_atr=1.5|threshold=2|adx_max=none|adx_min=none|rsi2=none|trend=ema|max_bars=24,short,8186,8187,8194,2023-03-09 16:15:00+00:00,2023-03-09 16:30:00+00:00,2023-03-09 18:15:00+00:00,3997.25,3976.625,82.5,79.5,1.3706896551724137,82.5,55.0,3.0,tp,7,6
futures,ES,reddit_orb_breakout,reddit_orb_breakout|ny|range=15|entry=150|rr=1.5|sl_atr=1|tp_atr=1.5|threshold=2|adx_max=none|adx_min=none|rsi2=none|trend=ema|max_bars=24,long,8465,8466,8470,2023-03-14 16:00:00+00:00,2023-03-14 16:15:00+00:00,2023-03-14 17:15:00+00:00,3929.75,3902.25,-110.0,-113.0,-1.0,165.0,110.0,3.0,sl,4,6
futures,ES,reddit_orb_breakout,reddit_orb_breakout|ny|range=15|entry=150|rr=1.5|sl_atr=1|tp_atr=1.5|threshold=2|adx_max=none|adx_min=none|rsi2=none|trend=ema|max_bars=24,short,8557,8558,8566,2023-03-15 16:00:00+00:00,2023-03-15 16:15:00+00:00,2023-03-15 18:15:00+00:00,3880.75,3909.75,-116.0,-119.0,-1.0,174.0,116.0,3.0,sl,8,6
futures,ES,reddit_orb_breakout,reddit_orb_breakout|ny|range=15|entry=150|rr=1.5|sl_atr=1|tp_atr=1.5|threshold=2|adx_max=none|adx_min=none|rsi2=none|trend=ema|max_bars=24,long,8640,8641,8644,2023-03-16 13:45:00+00:00,2023-03-16 14:00:00+00:00,2023-03-16 14:45:00+00:00,3918.5,3953.75,141.0,138.0,1.422680412371134,141.0,94.0,3.0,tp,3,6
futures,ES,reddit_orb_breakout,reddit_orb_breakout|ny|range=15|entry=150|rr=1.5|sl_atr=1|tp_atr=1.5|threshold=2|adx_max=none|adx_min=none|rsi2=none|trend=ema|max_bars=24,long,9010,9011,9018,2023-03-22 14:15:00+00:00,2023-03-22 14:30:00+00:00,2023-03-22 16:15:00+00:00,4046.0,4029.25,-67.0,-70.0,-1.0,100.5,67.0,3.0,sl,7,6
futures,ES,reddit_orb_breakout,reddit_orb_breakout|ny|range=15|entry=150|rr=1.5|sl_atr=1|tp_atr=1.5|threshold=2|adx_max=none|adx_min=none|rsi2=none|trend=ema|max_bars=24,long,9377,9378,9379,2023-03-28 14:00:00+00:00,2023-03-28 14:15:00+00:00,2023-03-28 14:30:00+00:00,4006.5,3994.0,-50.0,-53.0,-1.0,75.0,50.0,3.0,sl,1,6
futures,ES,reddit_orb_breakout,reddit_orb_breakout|ny|range=15|entry=150|rr=1.5|sl_atr=1|tp_atr=1.5|threshold=2|adx_max=none|adx_min=none|rsi2=none|trend=ema|max_bars=24,long,9477,9478,9484,2023-03-29 16:00:00+00:00,2023-03-29 16:15:00+00:00,2023-03-29 17:45:00+00:00,4045.25,4039.5,-23.0,-26.0,-1.0,34.5,23.0,3.0,sl,6,6
futures,ES,reddit_orb_breakout,reddit_orb_breakout|ny|range=15|entry=150|rr=1.5|sl_atr=1|tp_atr=1.5|threshold=2|adx_max=none|adx_min=none|rsi2=none|trend=ema|max_bars=24,long,9655,9656,9674,2023-03-31 14:30:00+00:00,2023-03-31 14:45:00+00:00,2023-03-31 19:15:00+00:00,4106.25,4132.875,106.5,103.5,1.3986486486486487,106.5,71.0,3.0,tp,18,6
futures,ES,reddit_orb_breakout,reddit_orb_breakout|ny|range=15|entry=150|rr=1.5|sl_atr=1|tp_atr=1.5|threshold=2|adx_max=none|adx_min=none|rsi2=none|trend=ema|max_bars=24,long,9744,9745,9749,2023-04-03 13:45:00+00:00,2023-04-03 14:00:00+00:00,2023-04-03 15:00:00+00:00,4145.0,4131.75,-53.0,-56.0,-1.0,79.5,53.0,3.0,sl,4,6
futures,ES,reddit_orb_breakout,reddit_orb_breakout|ny|range=15|entry=150|rr=1.5|sl_atr=1|tp_atr=1.5|threshold=2|adx_max=none|adx_min=none|rsi2=none|trend=ema|max_bars=24,short,9929,9930,9932,2023-04-05 14:00:00+00:00,2023-04-05 14:15:00+00:00,2023-04-05 14:45:00+00:00,4116.75,4106.625,40.5,37.5,1.25,40.5,27.0,3.0,tp,2,6
futures,ES,reddit_orb_breakout,reddit_orb_breakout|ny|range=15|entry=150|rr=1.5|sl_atr=1|tp_atr=1.5|threshold=2|adx_max=none|adx_min=none|rsi2=none|trend=ema|max_bars=24,long,10274,10275,10289,2023-04-11 16:00:00+00:00,2023-04-11 16:15:00+00:00,2023-04-11 19:45:00+00:00,4143.0,4135.0,-32.0,-35.0,-1.0,48.0,32.0,3.0,sl,14,6
futures,ES,reddit_orb_breakout,reddit_orb_breakout|ny|range=15|entry=150|rr=1.5|sl_atr=1|tp_atr=1.5|threshold=2|adx_max=none|adx_min=none|rsi2=none|trend=ema|max_bars=24,long,10459,10460,10474,2023-04-13 16:15:00+00:00,2023-04-13 16:30:00+00:00,2023-04-13 20:00:00+00:00,4152.25,4172.5,81.0,78.0,0.6842105263157895,166.5,111.0,3.0,session_close,14,6
futures,ES,reddit_orb_breakout,reddit_orb_breakout|ny|range=15|entry=150|rr=1.5|sl_atr=1|tp_atr=1.5|threshold=2|adx_max=none|adx_min=none|rsi2=none|trend=ema|max_bars=24,long,10541,10542,10542,2023-04-14 13:45:00+00:00,2023-04-14 14:00:00+00:00,2023-04-14 14:00:00+00:00,4186.0,4166.0,-80.0,-83.0,-1.0,120.0,80.0,3.0,sl,1,6
futures,ES,reddit_orb_breakout,reddit_orb_breakout|ny|range=15|entry=150|rr=1.5|sl_atr=1|tp_atr=1.5|threshold=2|adx_max=none|adx_min=none|rsi2=none|trend=ema|max_bars=24,short,11001,11002,11003,2023-04-21 13:45:00+00:00,2023-04-21 14:00:00+00:00,2023-04-21 14:15:00+00:00,4143.0,4156.5,-54.0,-57.0,-1.0,81.0,54.0,3.0,sl,1,6
futures,ES,reddit_orb_breakout,reddit_orb_breakout|ny|range=15|entry=150|rr=1.5|sl_atr=1|tp_atr=1.5|threshold=2|adx_max=none|adx_min=none|rsi2=none|trend=ema|max_bars=24,short,11096,11097,11118,2023-04-24 14:30:00+00:00,2023-04-24 14:45:00+00:00,2023-04-24 20:00:00+00:00,4148.0,4159.0,-44.0,-47.0,-0.734375,91.5,61.0,3.0,session_close,21,6
futures,ES,reddit_orb_breakout,reddit_orb_breakout|ny|range=15|entry=150|rr=1.5|sl_atr=1|tp_atr=1.5|threshold=2|adx_max=none|adx_min=none|rsi2=none|trend=ema|max_bars=24,short,11185,11186,11193,2023-04-25 13:45:00+00:00,2023-04-25 14:00:00+00:00,2023-04-25 15:45:00+00:00,4135.25,4121.75,54.0,51.0,1.3076923076923077,54.0,36.0,3.0,tp,7,6
futures,ES,reddit_orb_breakout,reddit_orb_breakout|ny|range=15|entry=150|rr=1.5|sl_atr=1|tp_atr=1.5|threshold=2|adx_max=none|adx_min=none|rsi2=none|trend=ema|max_bars=24,short,11278,11279,11283,2023-04-26 14:00:00+00:00,2023-04-26 14:15:00+00:00,2023-04-26 15:15:00+00:00,4092.5,4104.25,-47.0,-50.0,-1.0,70.5,47.0,3.0,sl,4,6
futures,ES,reddit_orb_breakout,reddit_orb_breakout|ny|range=15|entry=150|rr=1.5|sl_atr=1|tp_atr=1.5|threshold=2|adx_max=none|adx_min=none|rsi2=none|trend=ema|max_bars=24,long,11461,11462,11462,2023-04-28 13:45:00+00:00,2023-04-28 14:00:00+00:00,2023-04-28 14:00:00+00:00,4155.25,4172.5,69.0,66.0,1.346938775510204,69.0,46.0,3.0,tp,1,6
futures,ES,reddit_orb_breakout,reddit_orb_breakout|ny|range=15|entry=150|rr=1.5|sl_atr=1|tp_atr=1.5|threshold=2|adx_max=none|adx_min=none|rsi2=none|trend=ema|max_bars=24,long,11553,11554,11572,2023-05-01 13:45:00+00:00,2023-05-01 14:00:00+00:00,2023-05-01 18:30:00+00:00,4193.5,4184.0,-38.0,-41.0,-1.0,57.0,38.0,3.0,sl,18,6
futures,ES,reddit_orb_breakout,reddit_orb_breakout|ny|range=15|entry=150|rr=1.5|sl_atr=1|tp_atr=1.5|threshold=2|adx_max=none|adx_min=none|rsi2=none|trend=ema|max_bars=24,short,11649,11650,11670,2023-05-02 14:45:00+00:00,2023-05-02 15:00:00+00:00,2023-05-02 20:00:00+00:00,4118.5,4136.75,-73.0,-76.0,-0.31932773109243695,352.5,235.0,3.0,session_close,20,6
futures,ES,reddit_orb_breakout,reddit_orb_breakout|ny|range=15|entry=150|rr=1.5|sl_atr=1|tp_atr=1.5|threshold=2|adx_max=none|adx_min=none|rsi2=none|trend=ema|max_bars=24,short,11740,11741,11747,2023-05-03 14:30:00+00:00,2023-05-03 14:45:00+00:00,2023-05-03 16:15:00+00:00,4138.25,4145.75,-30.0,-33.0,-1.0,45.0,30.0,3.0,sl,6,6
futures,ES,reddit_orb_breakout,reddit_orb_breakout|ny|range=15|entry=150|rr=1.5|sl_atr=1|tp_atr=1.5|threshold=2|adx_max=none|adx_min=none|rsi2=none|trend=ema|max_bars=24,short,11831,11832,11854,2023-05-04 14:15:00+00:00,2023-05-04 14:30:00+00:00,2023-05-04 20:00:00+00:00,4065.25,4072.75,-30.0,-33.0,-0.24444444444444444,198.0,132.0,3.0,session_close,22,6
futures,ES,reddit_orb_breakout,reddit_orb_breakout|ny|range=15|entry=150|rr=1.5|sl_atr=1|tp_atr=1.5|threshold=2|adx_max=none|adx_min=none|rsi2=none|trend=ema|max_bars=24,long,11928,11929,11946,2023-05-05 15:30:00+00:00,2023-05-05 15:45:00+00:00,2023-05-05 20:00:00+00:00,4134.25,4150.25,64.0,61.0,0.648936170212766,136.5,91.0,3.0,session_close,17,6
futures,ES,reddit_orb_breakout,reddit_orb_breakout|ny|range=15|entry=150|rr=1.5|sl_atr=1|tp_atr=1.5|threshold=2|adx_max=none|adx_min=none|rsi2=none|trend=ema|max_bars=24,long,12105,12106,12130,2023-05-09 13:45:00+00:00,2023-05-09 14:00:00+00:00,2023-05-09 20:00:00+00:00,4140.5,4136.75,-15.0,-18.0,-0.43902439024390244,57.0,38.0,3.0,session_close,24,6
futures,ES,reddit_orb_breakout,reddit_orb_breakout|ny|range=15|entry=150|rr=1.5|sl_atr=1|tp_atr=1.5|threshold=2|adx_max=none|adx_min=none|rsi2=none|trend=ema|max_bars=24,short,12391,12392,12406,2023-05-12 16:15:00+00:00,2023-05-12 16:30:00+00:00,2023-05-12 20:00:00+00:00,4122.0,4134.0,-48.0,-51.0,-0.34459459459459457,217.5,145.0,3.0,session_close,14,6
futures,ES,reddit_orb_breakout,reddit_orb_breakout|ny|range=15|entry=150|rr=1.5|sl_atr=1|tp_atr=1.5|threshold=2|adx_max=none|adx_min=none|rsi2=none|trend=ema|max_bars=24,short,12565,12566,12590,2023-05-16 13:45:00+00:00,2023-05-16 14:00:00+00:00,2023-05-16 20:00:00+00:00,4136.5,4127.25,37.0,34.0,0.6938775510204082,69.0,46.0,3.0,session_close,24,6
futures,ES,reddit_orb_breakout,reddit_orb_breakout|ny|range=15|entry=150|rr=1.5|sl_atr=1|tp_atr=1.5|threshold=2|adx_max=none|adx_min=none|rsi2=none|trend=ema|max_bars=24,short,12657,12658,12663,2023-05-17 13:45:00+00:00,2023-05-17 14:00:00+00:00,2023-05-17 15:15:00+00:00,4127.5,4144.25,-67.0,-70.0,-1.0,100.5,67.0,3.0,sl,5,6
futures,ES,reddit_orb_breakout,reddit_orb_breakout|ny|range=15|entry=150|rr=1.5|sl_atr=1|tp_atr=1.5|threshold=2|adx_max=none|adx_min=none|rsi2=none|trend=ema|max_bars=24,long,12750,12751,12752,2023-05-18 14:00:00+00:00,2023-05-18 14:15:00+00:00,2023-05-18 14:30:00+00:00,4175.5,4191.625,64.5,61.5,1.3369565217391304,64.5,43.0,3.0,tp,1,6
futures,ES,reddit_orb_breakout,reddit_orb_breakout|ny|range=15|entry=150|rr=1.5|sl_atr=1|tp_atr=1.5|threshold=2|adx_max=none|adx_min=none|rsi2=none|trend=ema|max_bars=24,short,13117,13118,13140,2023-05-24 13:45:00+00:00,2023-05-24 14:00:00+00:00,2023-05-24 19:30:00+00:00,4127.0,4140.5,-54.0,-57.0,-1.0,81.0,54.0,3.0,sl,22,6
futures,ES,reddit_orb_breakout,reddit_orb_breakout|ny|range=15|entry=150|rr=1.5|sl_atr=1|tp_atr=1.5|threshold=2|adx_max=none|adx_min=none|rsi2=none|trend=ema|max_bars=24,long,13302,13303,13326,2023-05-26 14:00:00+00:00,2023-05-26 14:15:00+00:00,2023-05-26 20:00:00+00:00,4191.0,4219.5,114.0,111.0,1.0571428571428572,153.0,102.0,3.0,session_close,23,6
futures,ES,reddit_orb_breakout,reddit_orb_breakout|ny|range=15|entry=150|rr=1.5|sl_atr=1|tp_atr=1.5|threshold=2|adx_max=none|adx_min=none|rsi2=none|trend=ema|max_bars=24,long,13395,13396,13406,2023-05-29 14:15:00+00:00,2023-05-29 14:30:00+00:00,2023-05-29 22:00:00+00:00,4224.75,4228.25,14.0,11.0,0.5238095238095238,27.0,18.0,3.0,session_close,10,6
futures,ES,reddit_orb_breakout,reddit_orb_breakout|ny|range=15|entry=150|rr=1.5|sl_atr=1|tp_atr=1.5|threshold=2|adx_max=none|adx_min=none|rsi2=none|trend=ema|max_bars=24,short,13562,13563,13584,2023-05-31 14:00:00+00:00,2023-05-31 14:15:00+00:00,2023-05-31 19:30:00+00:00,4186.0,4200.5,-58.0,-61.0,-1.0,87.0,58.0,3.0,sl,21,6
futures,ES,reddit_orb_breakout,reddit_orb_breakout|ny|range=15|entry=150|rr=1.5|sl_atr=1|tp_atr=1.5|threshold=2|adx_max=none|adx_min=none|rsi2=none|trend=ema|max_bars=24,long,13749,13750,13770,2023-06-02 14:45:00+00:00,2023-06-02 15:00:00+00:00,2023-06-02 20:00:00+00:00,4278.5,4288.75,41.0,38.0,0.3877551020408163,142.5,95.0,3.0,session_close,20,6
futures,ES,reddit_orb_breakout,reddit_orb_breakout|ny|range=15|entry=150|rr=1.5|sl_atr=1|tp_atr=1.5|threshold=2|adx_max=none|adx_min=none|rsi2=none|trend=ema|max_bars=24,long,13846,13847,13852,2023-06-05 16:00:00+00:00,2023-06-05 16:15:00+00:00,2023-06-05 17:30:00+00:00,4303.0,4290.75,-49.0,-52.0,-1.0,73.5,49.0,3.0,sl,5,6
futures,ES,reddit_orb_breakout,reddit_orb_breakout|ny|range=15|entry=150|rr=1.5|sl_atr=1|tp_atr=1.5|threshold=2|adx_max=none|adx_min=none|rsi2=none|trend=ema|max_bars=24,long,13930,13931,13954,2023-06-06 14:00:00+00:00,2023-06-06 14:15:00+00:00,2023-06-06 20:00:00+00:00,4281.0,4292.0,44.0,41.0,0.7735849056603774,75.0,50.0,3.0,session_close,23,6
futures,ES,reddit_orb_breakout,reddit_orb_breakout|ny|range=15|entry=150|rr=1.5|sl_atr=1|tp_atr=1.5|threshold=2|adx_max=none|adx_min=none|rsi2=none|trend=ema|max_bars=24,long,14206,14207,14211,2023-06-09 14:00:00+00:00,2023-06-09 14:15:00+00:00,2023-06-09 15:15:00+00:00,4322.0,4305.0,-68.0,-71.0,-1.0,102.0,68.0,3.0,sl,4,6
futures,ES,reddit_orb_breakout,reddit_orb_breakout|ny|range=15|entry=150|rr=1.5|sl_atr=1|tp_atr=1.5|threshold=2|adx_max=none|adx_min=none|rsi2=none|trend=ema|max_bars=24,long,14481,14482,14498,2023-06-14 13:45:00+00:00,2023-06-14 14:00:00+00:00,2023-06-14 18:00:00+00:00,4424.25,4413.75,-42.0,-45.0,-1.0,63.0,42.0,3.0,sl,16,6
futures,ES,reddit_orb_breakout,reddit_orb_breakout|ny|range=15|entry=150|rr=1.5|sl_atr=1|tp_atr=1.5|threshold=2|adx_max=none|adx_min=none|rsi2=none|trend=ema|max_bars=24,long,14573,14574,14592,2023-06-15 13:45:00+00:00,2023-06-15 14:00:00+00:00,2023-06-15 18:30:00+00:00,4432.75,4471.0,153.0,150.0,1.4285714285714286,153.0,102.0,3.0,tp,18,6
futures,ES,reddit_orb_breakout,reddit_orb_breakout|ny|range=15|entry=150|rr=1.5|sl_atr=1|tp_atr=1.5|threshold=2|adx_max=none|adx_min=none|rsi2=none|trend=ema|max_bars=24,short,14834,14835,14847,2023-06-20 14:00:00+00:00,2023-06-20 14:15:00+00:00,2023-06-20 17:15:00+00:00,4428.25,4442.5,-57.0,-60.0,-1.0,85.5,57.0,3.0,sl,12,6
futures,ES,reddit_orb_breakout,reddit_orb_breakout|ny|range=15|entry=150|rr=1.5|sl_atr=1|tp_atr=1.5|threshold=2|adx_max=none|adx_min=none|rsi2=none|trend=ema|max_bars=24,short,14928,14929,14935,2023-06-21 14:30:00+00:00,2023-06-21 14:45:00+00:00,2023-06-21 16:15:00+00:00,4409.75,4422.75,-52.0,-55.0,-1.0,78.0,52.0,3.0,sl,6,6
futures,ES,reddit_orb_breakout,reddit_orb_breakout|ny|range=15|entry=150|rr=1.5|sl_atr=1|tp_atr=1.5|threshold=2|adx_max=none|adx_min=none|rsi2=none|trend=ema|max_bars=24,short,15207,15208,15226,2023-06-26 15:15:00+00:00,2023-06-26 15:30:00+00:00,2023-06-26 20:00:00+00:00,4381.0,4374.5,26.0,23.0,0.3194444444444444,103.5,69.0,3.0,session_close,18,6
futures,ES,reddit_orb_breakout,reddit_orb_breakout|ny|range=15|entry=150|rr=1.5|sl_atr=1|tp_atr=1.5|threshold=2|adx_max=none|adx_min=none|rsi2=none|trend=ema|max_bars=24,long,15387,15388,15394,2023-06-28 14:15:00+00:00,2023-06-28 14:30:00+00:00,2023-06-28 16:00:00+00:00,4411.0,4424.875,55.5,52.5,1.3125,55.5,37.0,3.0,tp,6,6
futures,ES,reddit_orb_breakout,reddit_orb_breakout|ny|range=15|entry=150|rr=1.5|sl_atr=1|tp_atr=1.5|threshold=2|adx_max=none|adx_min=none|rsi2=none|trend=ema|max_bars=24,long,15482,15483,15502,2023-06-29 15:00:00+00:00,2023-06-29 15:15:00+00:00,2023-06-29 20:00:00+00:00,4425.75,4436.25,42.0,39.0,0.582089552238806,96.0,64.0,3.0,session_close,19,6
futures,ES,reddit_orb_breakout,reddit_orb_breakout|ny|range=15|entry=150|rr=1.5|sl_atr=1|tp_atr=1.5|threshold=2|adx_max=none|adx_min=none|rsi2=none|trend=ema|max_bars=24,long,15570,15571,15594,2023-06-30 14:00:00+00:00,2023-06-30 14:15:00+00:00,2023-06-30 20:00:00+00:00,4482.75,4483.25,2.0,-1.0,-0.013513513513513514,106.5,71.0,3.0,session_close,23,6
futures,ES,reddit_orb_breakout,reddit_orb_breakout|ny|range=15|entry=150|rr=1.5|sl_atr=1|tp_atr=1.5|threshold=2|adx_max=none|adx_min=none|rsi2=none|trend=ema|max_bars=24,long,15661,15662,15675,2023-07-03 13:45:00+00:00,2023-07-03 14:00:00+00:00,2023-07-03 22:00:00+00:00,4487.75,4488.5,3.0,0.0,0.0,49.5,33.0,3.0,session_close,13,6
futures,ES,reddit_orb_breakout,reddit_orb_breakout|ny|range=15|entry=150|rr=1.5|sl_atr=1|tp_atr=1.5|threshold=2|adx_max=none|adx_min=none|rsi2=none|trend=ema|max_bars=24,short,15906,15907,15922,2023-07-06 13:45:00+00:00,2023-07-06 14:00:00+00:00,2023-07-06 17:45:00+00:00,4434.25,4446.0,-47.0,-50.0,-1.0,70.5,47.0,3.0,sl,15,6
futures,ES,reddit_orb_breakout,reddit_orb_breakout|ny|range=15|entry=150|rr=1.5|sl_atr=1|tp_atr=1.5|threshold=2|adx_max=none|adx_min=none|rsi2=none|trend=ema|max_bars=24,short,16099,16100,16105,2023-07-10 16:00:00+00:00,2023-07-10 16:15:00+00:00,2023-07-10 17:30:00+00:00,4425.0,4442.0,-68.0,-71.0,-1.0,102.0,68.0,3.0,sl,5,6
futures,ES,reddit_orb_breakout,reddit_orb_breakout|ny|range=15|entry=150|rr=1.5|sl_atr=1|tp_atr=1.5|threshold=2|adx_max=none|adx_min=none|rsi2=none|trend=ema|max_bars=24,long,16274,16275,16281,2023-07-12 13:45:00+00:00,2023-07-12 14:00:00+00:00,2023-07-12 15:30:00+00:00,4518.0,4506.75,-45.0,-48.0,-1.0,67.5,45.0,3.0,sl,6,6
futures,ES,reddit_orb_breakout,reddit_orb_breakout|ny|range=15|entry=150|rr=1.5|sl_atr=1|tp_atr=1.5|threshold=2|adx_max=none|adx_min=none|rsi2=none|trend=ema|max_bars=24,long,16375,16376,16389,2023-07-13 16:00:00+00:00,2023-07-13 16:15:00+00:00,2023-07-13 19:30:00+00:00,4532.5,4549.375,67.5,64.5,1.34375,67.5,45.0,3.0,tp,13,6
futures,ES,reddit_orb_breakout,reddit_orb_breakout|ny|range=15|entry=150|rr=1.5|sl_atr=1|tp_atr=1.5|threshold=2|adx_max=none|adx_min=none|rsi2=none|trend=ema|max_bars=24,long,16458,16459,16459,2023-07-14 13:45:00+00:00,2023-07-14 14:00:00+00:00,2023-07-14 14:00:00+00:00,4557.25,4550.0,-29.0,-32.0,-1.0,43.5,29.0,3.0,sl,1,6
futures,ES,reddit_orb_breakout,reddit_orb_breakout|ny|range=15|entry=150|rr=1.5|sl_atr=1|tp_atr=1.5|threshold=2|adx_max=none|adx_min=none|rsi2=none|trend=ema|max_bars=24,long,16551,16552,16571,2023-07-17 14:00:00+00:00,2023-07-17 14:15:00+00:00,2023-07-17 19:00:00+00:00,4544.75,4557.5,51.0,48.0,1.2972972972972974,51.0,34.0,3.0,tp,19,6
futures,ES,reddit_orb_breakout,reddit_orb_breakout|ny|range=15|entry=150|rr=1.5|sl_atr=1|tp_atr=1.5|threshold=2|adx_max=none|adx_min=none|rsi2=none|trend=ema|max_bars=24,short,16918,16919,16925,2023-07-21 13:45:00+00:00,2023-07-21 14:00:00+00:00,2023-07-21 15:30:00+00:00,4570.5,4582.75,-49.0,-52.0,-1.0,73.5,49.0,3.0,sl,6,6
futures,ES,reddit_orb_breakout,reddit_orb_breakout|ny|range=15|entry=150|rr=1.5|sl_atr=1|tp_atr=1.5|threshold=2|adx_max=none|adx_min=none|rsi2=none|trend=ema|max_bars=24,short,17010,17011,17016,2023-07-24 13:45:00+00:00,2023-07-24 14:00:00+00:00,2023-07-24 15:15:00+00:00,4573.25,4586.5,-53.0,-56.0,-1.0,79.5,53.0,3.0,sl,5,6
futures,ES,reddit_orb_breakout,reddit_orb_breakout|ny|range=15|entry=150|rr=1.5|sl_atr=1|tp_atr=1.5|threshold=2|adx_max=none|adx_min=none|rsi2=none|trend=ema|max_bars=24,long,17102,17103,17120,2023-07-25 13:45:00+00:00,2023-07-25 14:00:00+00:00,2023-07-25 18:15:00+00:00,4589.25,4603.875,58.5,55.5,1.3214285714285714,58.5,39.0,3.0,tp,17,6
futures,ES,reddit_orb_breakout,reddit_orb_breakout|ny|range=15|entry=150|rr=1.5|sl_atr=1|tp_atr=1.5|threshold=2|adx_max=none|adx_min=none|rsi2=none|trend=ema|max_bars=24,long,17386,17387,17393,2023-07-28 15:45:00+00:00,2023-07-28 16:00:00+00:00,2023-07-28 17:30:00+00:00,4615.5,4589.75,-103.0,-106.0,-1.0,154.5,103.0,3.0,sl,6,6
futures,ES,reddit_orb_breakout,reddit_orb_breakout|ny|range=15|entry=150|rr=1.5|sl_atr=1|tp_atr=1.5|threshold=2|adx_max=none|adx_min=none|rsi2=none|trend=ema|max_bars=24,short,17564,17565,17580,2023-08-01 14:15:00+00:00,2023-08-01 14:30:00+00:00,2023-08-01 18:15:00+00:00,4595.75,4606.25,-42.0,-45.0,-1.0,63.0,42.0,3.0,sl,15,6
futures,ES,reddit_orb_breakout,reddit_orb_breakout|ny|range=15|entry=150|rr=1.5|sl_atr=1|tp_atr=1.5|threshold=2|adx_max=none|adx_min=none|rsi2=none|trend=ema|max_bars=24,short,17655,17656,17676,2023-08-02 14:00:00+00:00,2023-08-02 14:15:00+00:00,2023-08-02 19:15:00+00:00,4554.75,4531.5,93.0,90.0,1.3846153846153846,93.0,62.0,3.0,tp,20,6
futures,ES,reddit_orb_breakout,reddit_orb_breakout|ny|range=15|entry=150|rr=1.5|sl_atr=1|tp_atr=1.5|threshold=2|adx_max=none|adx_min=none|rsi2=none|trend=ema|max_bars=24,short,17748,17749,17751,2023-08-03 14:15:00+00:00,2023-08-03 14:30:00+00:00,2023-08-03 15:00:00+00:00,4506.5,4519.25,-51.0,-54.0,-1.0,76.5,51.0,3.0,sl,2,6
futures,ES,reddit_orb_breakout,reddit_orb_breakout|ny|range=15|entry=150|rr=1.5|sl_atr=1|tp_atr=1.5|threshold=2|adx_max=none|adx_min=none|rsi2=none|trend=ema|max_bars=24,short,17838,17839,17845,2023-08-04 13:45:00+00:00,2023-08-04 14:00:00+00:00,2023-08-04 15:30:00+00:00,4534.5,4549.75,-61.0,-64.0,-1.0,91.5,61.0,3.0,sl,6,6
futures,ES,reddit_orb_breakout,reddit_orb_breakout|ny|range=15|entry=150|rr=1.5|sl_atr=1|tp_atr=1.5|threshold=2|adx_max=none|adx_min=none|rsi2=none|trend=ema|max_bars=24,short,18022,18023,18042,2023-08-08 13:45:00+00:00,2023-08-08 14:00:00+00:00,2023-08-08 18:45:00+00:00,4495.25,4511.5,-65.0,-68.0,-1.0,97.5,65.0,3.0,sl,19,6
futures,ES,reddit_orb_breakout,reddit_orb_breakout|ny|range=15|entry=150|rr=1.5|sl_atr=1|tp_atr=1.5|threshold=2|adx_max=none|adx_min=none|rsi2=none|trend=ema|max_bars=24,short,18119,18120,18139,2023-08-09 15:00:00+00:00,2023-08-09 15:15:00+00:00,2023-08-09 20:00:00+00:00,4498.25,4492.5,23.0,20.0,0.20833333333333334,139.5,93.0,3.0,session_close,19,6
futures,ES,reddit_orb_breakout,reddit_orb_breakout|ny|range=15|entry=150|rr=1.5|sl_atr=1|tp_atr=1.5|threshold=2|adx_max=none|adx_min=none|rsi2=none|trend=ema|max_bars=24,short,18214,18215,18231,2023-08-10 15:45:00+00:00,2023-08-10 16:00:00+00:00,2023-08-10 20:00:00+00:00,4502.75,4485.5,69.0,66.0,0.6534653465346535,147.0,98.0,3.0,session_close,16,6
futures,ES,reddit_orb_breakout,reddit_orb_breakout|ny|range=15|entry=150|rr=1.5|sl_atr=1|tp_atr=1.5|threshold=2|adx_max=none|adx_min=none|rsi2=none|trend=ema|max_bars=24,short,18482,18483,18504,2023-08-15 13:45:00+00:00,2023-08-15 14:00:00+00:00,2023-08-15 19:15:00+00:00,4476.75,4455.375,85.5,82.5,1.375,85.5,57.0,3.0,tp,21,6
futures,ES,reddit_orb_breakout,reddit_orb_breakout|ny|range=15|entry=150|rr=1.5|sl_atr=1|tp_atr=1.5|threshold=2|adx_max=none|adx_min=none|rsi2=none|trend=ema|max_bars=24,short,18583,18584,18599,2023-08-16 16:00:00+00:00,2023-08-16 16:15:00+00:00,2023-08-16 20:00:00+00:00,4443.25,4421.75,86.0,83.0,1.0246913580246915,117.0,78.0,3.0,session_close,15,6
futures,ES,reddit_orb_breakout,reddit_orb_breakout|ny|range=15|entry=150|rr=1.5|sl_atr=1|tp_atr=1.5|threshold=2|adx_max=none|adx_min=none|rsi2=none|trend=ema|max_bars=24,short,18666,18667,18681,2023-08-17 13:45:00+00:00,2023-08-17 14:00:00+00:00,2023-08-17 17:30:00+00:00,4425.25,4409.5,63.0,60.0,1.3333333333333333,63.0,42.0,3.0,tp,14,6
futures,ES,reddit_orb_breakout,reddit_orb_breakout|ny|range=15|entry=150|rr=1.5|sl_atr=1|tp_atr=1.5|threshold=2|adx_max=none|adx_min=none|rsi2=none|trend=ema|max_bars=24,short,18852,18853,18867,2023-08-21 14:15:00+00:00,2023-08-21 14:30:00+00:00,2023-08-21 18:00:00+00:00,4385.75,4405.75,-80.0,-83.0,-1.0,120.0,80.0,3.0,sl,14,6
futures,ES,reddit_orb_breakout,reddit_orb_breakout|ny|range=15|entry=150|rr=1.5|sl_atr=1|tp_atr=1.5|threshold=2|adx_max=none|adx_min=none|rsi2=none|trend=ema|max_bars=24,long,19034,19035,19040,2023-08-23 13:45:00+00:00,2023-08-23 14:00:00+00:00,2023-08-23 15:15:00+00:00,4421.5,4440.25,75.0,72.0,1.3584905660377358,75.0,50.0,3.0,tp,5,6
futures,ES,reddit_orb_breakout,reddit_orb_breakout|ny|range=15|entry=150|rr=1.5|sl_atr=1|tp_atr=1.5|threshold=2|adx_max=none|adx_min=none|rsi2=none|trend=ema|max_bars=24,short,19220,19221,19236,2023-08-25 14:15:00+00:00,2023-08-25 14:30:00+00:00,2023-08-25 18:15:00+00:00,4391.25,4410.5,-77.0,-80.0,-1.0,115.5,77.0,3.0,sl,15,6
futures,ES,reddit_orb_breakout,reddit_orb_breakout|ny|range=15|entry=150|rr=1.5|sl_atr=1|tp_atr=1.5|threshold=2|adx_max=none|adx_min=none|rsi2=none|trend=ema|max_bars=24,long,19402,19403,19404,2023-08-29 13:45:00+00:00,2023-08-29 14:00:00+00:00,2023-08-29 14:15:00+00:00,4452.75,4474.125,85.5,82.5,1.375,85.5,57.0,3.0,tp,1,6
futures,ES,reddit_orb_breakout,reddit_orb_breakout|ny|range=15|entry=150|rr=1.5|sl_atr=1|tp_atr=1.5|threshold=2|adx_max=none|adx_min=none|rsi2=none|trend=ema|max_bars=24,long,19494,19495,19496,2023-08-30 13:45:00+00:00,2023-08-30 14:00:00+00:00,2023-08-30 14:15:00+00:00,4526.25,4508.25,-72.0,-75.0,-1.0,108.0,72.0,3.0,sl,1,6
futures,ES,reddit_orb_breakout,reddit_orb_breakout|ny|range=15|entry=150|rr=1.5|sl_atr=1|tp_atr=1.5|threshold=2|adx_max=none|adx_min=none|rsi2=none|trend=ema|max_bars=24,long,19586,19587,19593,2023-08-31 13:45:00+00:00,2023-08-31 14:00:00+00:00,2023-08-31 15:30:00+00:00,4535.75,4526.75,-36.0,-39.0,-1.0,54.0,36.0,3.0,sl,6,6
futures,ES,reddit_orb_breakout,reddit_orb_breakout|ny|range=15|entry=150|rr=1.5|sl_atr=1|tp_atr=1.5|threshold=2|adx_max=none|adx_min=none|rsi2=none|trend=ema|max_bars=24,short,19939,19940,19950,2023-09-06 14:00:00+00:00,2023-09-06 14:15:00+00:00,2023-09-06 16:45:00+00:00,4476.5,4449.875,106.5,103.5,1.3986486486486487,106.5,71.0,3.0,tp,10,6
futures,ES,reddit_orb_breakout,reddit_orb_breakout|ny|range=15|entry=150|rr=1.5|sl_atr=1|tp_atr=1.5|threshold=2|adx_max=none|adx_min=none|rsi2=none|trend=ema|max_bars=24,long,20403,20404,20418,2023-09-13 15:00:00+00:00,2023-09-13 15:15:00+00:00,2023-09-13 18:45:00+00:00,4525.75,4512.75,-52.0,-55.0,-1.0,78.0,52.0,3.0,sl,14,6
futures,ES,reddit_orb_breakout,reddit_orb_breakout|ny|range=15|entry=150|rr=1.5|sl_atr=1|tp_atr=1.5|threshold=2|adx_max=none|adx_min=none|rsi2=none|trend=ema|max_bars=24,long,20494,20495,20515,2023-09-14 14:45:00+00:00,2023-09-14 15:00:00+00:00,2023-09-14 20:00:00+00:00,4546.25,4559.25,52.0,49.0,0.98,70.5,47.0,3.0,session_close,20,6
futures,ES,reddit_orb_breakout,reddit_orb_breakout|ny|range=15|entry=150|rr=1.5|sl_atr=1|tp_atr=1.5|threshold=2|adx_max=none|adx_min=none|rsi2=none|trend=ema|max_bars=24,short,20766,20767,20769,2023-09-19 13:45:00+00:00,2023-09-19 14:00:00+00:00,2023-09-19 14:30:00+00:00,4485.5,4472.75,51.0,48.0,1.2972972972972974,51.0,34.0,3.0,tp,2,6
futures,ES,reddit_orb_breakout,reddit_orb_breakout|ny|range=15|entry=150|rr=1.5|sl_atr=1|tp_atr=1.5|threshold=2|adx_max=none|adx_min=none|rsi2=none|trend=ema|max_bars=24,short,20864,20865,20875,2023-09-20 15:15:00+00:00,2023-09-20 15:30:00+00:00,2023-09-20 18:00:00+00:00,4496.0,4482.875,52.5,49.5,1.3026315789473684,52.5,35.0,3.0,tp,10,6
futures,ES,reddit_orb_breakout,reddit_orb_breakout|ny|range=15|entry=150|rr=1.5|sl_atr=1|tp_atr=1.5|threshold=2|adx_max=none|adx_min=none|rsi2=none|trend=ema|max_bars=24,short,20950,20951,20974,2023-09-21 13:45:00+00:00,2023-09-21 14:00:00+00:00,2023-09-21 19:45:00+00:00,4400.25,4372.875,109.5,106.5,1.4013157894736843,109.5,73.0,3.0,tp,23,6
futures,ES,reddit_orb_breakout,reddit_orb_breakout|ny|range=15|entry=150|rr=1.5|sl_atr=1|tp_atr=1.5|threshold=2|adx_max=none|adx_min=none|rsi2=none|trend=ema|max_bars=24,short,21226,21227,21228,2023-09-26 13:45:00+00:00,2023-09-26 14:00:00+00:00,2023-09-26 14:15:00+00:00,4342.5,4325.25,69.0,66.0,1.346938775510204,69.0,46.0,3.0,tp,1,6
futures,ES,reddit_orb_breakout,reddit_orb_breakout|ny|range=15|entry=150|rr=1.5|sl_atr=1|tp_atr=1.5|threshold=2|adx_max=none|adx_min=none|rsi2=none|trend=ema|max_bars=24,short,21319,21320,21332,2023-09-27 14:00:00+00:00,2023-09-27 14:15:00+00:00,2023-09-27 17:15:00+00:00,4313.75,4286.75,108.0,105.0,1.4,108.0,72.0,3.0,tp,12,6
futures,ES,reddit_orb_breakout,reddit_orb_breakout|ny|range=15|entry=150|rr=1.5|sl_atr=1|tp_atr=1.5|threshold=2|adx_max=none|adx_min=none|rsi2=none|trend=ema|max_bars=24,short,21602,21603,21619,2023-10-02 15:45:00+00:00,2023-10-02 16:00:00+00:00,2023-10-02 20:00:00+00:00,4309.25,4326.0,-67.0,-70.0,-0.8641975308641975,117.0,78.0,3.0,session_close,16,6
futures,ES,reddit_orb_breakout,reddit_orb_breakout|ny|range=15|entry=150|rr=1.5|sl_atr=1|tp_atr=1.5|threshold=2|adx_max=none|adx_min=none|rsi2=none|trend=ema|max_bars=24,short,21687,21688,21711,2023-10-03 14:00:00+00:00,2023-10-03 14:15:00+00:00,2023-10-03 20:00:00+00:00,4284.25,4267.75,66.0,63.0,0.6,153.0,102.0,3.0,session_close,23,6
futures,ES,reddit_orb_breakout,reddit_orb_breakout|ny|range=15|entry=150|rr=1.5|sl_atr=1|tp_atr=1.5|threshold=2|adx_max=none|adx_min=none|rsi2=none|trend=ema|max_bars=24,short,21779,21780,21786,2023-10-04 14:00:00+00:00,2023-10-04 14:15:00+00:00,2023-10-04 15:45:00+00:00,4267.5,4283.0,-62.0,-65.0,-1.0,93.0,62.0,3.0,sl,6,6
futures,ES,reddit_orb_breakout,reddit_orb_breakout|ny|range=15|entry=150|rr=1.5|sl_atr=1|tp_atr=1.5|threshold=2|adx_max=none|adx_min=none|rsi2=none|trend=ema|max_bars=24,short,21873,21874,21889,2023-10-05 14:30:00+00:00,2023-10-05 14:45:00+00:00,2023-10-05 18:30:00+00:00,4267.5,4299.5,-128.0,-131.0,-1.0,192.0,128.0,3.0,sl,15,6
futures,ES,reddit_orb_breakout,reddit_orb_breakout|ny|range=15|entry=150|rr=1.5|sl_atr=1|tp_atr=1.5|threshold=2|adx_max=none|adx_min=none|rsi2=none|trend=ema|max_bars=24,long,21970,21971,21987,2023-10-06 15:45:00+00:00,2023-10-06 16:00:00+00:00,2023-10-06 20:00:00+00:00,4335.5,4345.75,41.0,38.0,0.11875,475.5,317.0,3.0,session_close,16,6
futures,ES,reddit_orb_breakout,reddit_orb_breakout|ny|range=15|entry=150|rr=1.5|sl_atr=1|tp_atr=1.5|threshold=2|adx_max=none|adx_min=none|rsi2=none|trend=ema|max_bars=24,long,22054,22055,22058,2023-10-09 13:45:00+00:00,2023-10-09 14:00:00+00:00,2023-10-09 14:45:00+00:00,4334.75,4319.5,-61.0,-64.0,-1.0,91.5,61.0,3.0,sl,3,6
futures,ES,reddit_orb_breakout,reddit_orb_breakout|ny|range=15|entry=150|rr=1.5|sl_atr=1|tp_atr=1.5|threshold=2|adx_max=none|adx_min=none|rsi2=none|trend=ema|max_bars=24,long,22146,22147,22149,2023-10-10 13:45:00+00:00,2023-10-10 14:00:00+00:00,2023-10-10 14:30:00+00:00,4382.5,4399.375,67.5,64.5,1.34375,67.5,45.0,3.0,tp,2,6
futures,ES,reddit_orb_breakout,reddit_orb_breakout|ny|range=15|entry=150|rr=1.5|sl_atr=1|tp_atr=1.5|threshold=2|adx_max=none|adx_min=none|rsi2=none|trend=ema|max_bars=24,long,22340,22341,22343,2023-10-12 16:15:00+00:00,2023-10-12 16:30:00+00:00,2023-10-12 17:00:00+00:00,4416.0,4402.0,-56.0,-59.0,-1.0,84.0,56.0,3.0,sl,2,6
futures,ES,reddit_orb_breakout,reddit_orb_breakout|ny|range=15|entry=150|rr=1.5|sl_atr=1|tp_atr=1.5|threshold=2|adx_max=none|adx_min=none|rsi2=none|trend=ema|max_bars=24,short,22423,22424,22430,2023-10-13 14:00:00+00:00,2023-10-13 14:15:00+00:00,2023-10-13 15:45:00+00:00,4387.25,4356.5,123.0,120.0,1.411764705882353,123.0,82.0,3.0,tp,6,6
futures,ES,reddit_orb_breakout,reddit_orb_breakout|ny|range=15|entry=150|rr=1.5|sl_atr=1|tp_atr=1.5|threshold=2|adx_max=none|adx_min=none|rsi2=none|trend=ema|max_bars=24,long,22521,22522,22539,2023-10-16 15:30:00+00:00,2023-10-16 15:45:00+00:00,2023-10-16 20:00:00+00:00,4401.0,4405.25,17.0,14.0,0.14583333333333334,139.5,93.0,3.0,session_close,17,6
futures,ES,reddit_orb_breakout,reddit_orb_breakout|ny|range=15|entry=150|rr=1.5|sl_atr=1|tp_atr=1.5|threshold=2|adx_max=none|adx_min=none|rsi2=none|trend=ema|max_bars=24,long,22607,22608,22614,2023-10-17 14:00:00+00:00,2023-10-17 14:15:00+00:00,2023-10-17 15:45:00+00:00,4386.75,4414.125,109.5,106.5,1.4013157894736843,109.5,73.0,3.0,tp,6,6
futures,ES,reddit_orb_breakout,reddit_orb_breakout|ny|range=15|entry=150|rr=1.5|sl_atr=1|tp_atr=1.5|threshold=2|adx_max=none|adx_min=none|rsi2=none|trend=ema|max_bars=24,short,22700,22701,22709,2023-10-18 14:15:00+00:00,2023-10-18 14:30:00+00:00,2023-10-18 16:30:00+00:00,4376.0,4357.25,75.0,72.0,1.3584905660377358,75.0,50.0,3.0,tp,8,6
futures,ES,reddit_orb_breakout,reddit_orb_breakout|ny|range=15|entry=150|rr=1.5|sl_atr=1|tp_atr=1.5|threshold=2|adx_max=none|adx_min=none|rsi2=none|trend=ema|max_bars=24,short,22792,22793,22799,2023-10-19 14:15:00+00:00,2023-10-19 14:30:00+00:00,2023-10-19 16:00:00+00:00,4328.0,4352.25,-97.0,-100.0,-1.0,145.5,97.0,3.0,sl,6,6
futures,ES,reddit_orb_breakout,reddit_orb_breakout|ny|range=15|entry=150|rr=1.5|sl_atr=1|tp_atr=1.5|threshold=2|adx_max=none|adx_min=none|rsi2=none|trend=ema|max_bars=24,short,22882,22883,22885,2023-10-20 13:45:00+00:00,2023-10-20 14:00:00+00:00,2023-10-20 14:30:00+00:00,4287.25,4264.75,90.0,87.0,1.380952380952381,90.0,60.0,3.0,tp,2,6
futures,ES,reddit_orb_breakout,reddit_orb_breakout|ny|range=15|entry=150|rr=1.5|sl_atr=1|tp_atr=1.5|threshold=2|adx_max=none|adx_min=none|rsi2=none|trend=ema|max_bars=24,short,23076,23077,23088,2023-10-24 16:15:00+00:00,2023-10-24 16:30:00+00:00,2023-10-24 19:15:00+00:00,4250.5,4274.5,-96.0,-99.0,-1.0,144.0,96.0,3.0,sl,11,6
futures,ES,reddit_orb_breakout,reddit_orb_breakout|ny|range=15|entry=150|rr=1.5|sl_atr=1|tp_atr=1.5|threshold=2|adx_max=none|adx_min=none|rsi2=none|trend=ema|max_bars=24,short,23159,23160,23183,2023-10-25 14:00:00+00:00,2023-10-25 14:15:00+00:00,2023-10-25 20:00:00+00:00,4227.25,4215.25,48.0,45.0,0.4166666666666667,157.5,105.0,3.0,session_close,23,6
futures,ES,reddit_orb_breakout,reddit_orb_breakout|ny|range=15|entry=150|rr=1.5|sl_atr=1|tp_atr=1.5|threshold=2|adx_max=none|adx_min=none|rsi2=none|trend=ema|max_bars=24,short,23250,23251,23260,2023-10-26 13:45:00+00:00,2023-10-26 14:00:00+00:00,2023-10-26 16:15:00+00:00,4185.5,4156.25,117.0,114.0,1.4074074074074074,117.0,78.0,3.0,tp,9,6
futures,ES,reddit_orb_breakout,reddit_orb_breakout|ny|range=15|entry=150|rr=1.5|sl_atr=1|tp_atr=1.5|threshold=2|adx_max=none|adx_min=none|rsi2=none|trend=ema|max_bars=24,short,23344,23345,23348,2023-10-27 14:15:00+00:00,2023-10-27 14:30:00+00:00,2023-10-27 15:15:00+00:00,4160.5,4175.75,-61.0,-64.0,-1.0,91.5,61.0,3.0,sl,3,6
futures,ES,reddit_orb_breakout,reddit_orb_breakout|ny|range=15|entry=150|rr=1.5|sl_atr=1|tp_atr=1.5|threshold=2|adx_max=none|adx_min=none|rsi2=none|trend=ema|max_bars=24,short,23436,23437,23448,2023-10-30 14:15:00+00:00,2023-10-30 14:30:00+00:00,2023-10-30 17:15:00+00:00,4160.0,4179.5,-78.0,-81.0,-1.0,117.0,78.0,3.0,sl,11,6
futures,ES,reddit_orb_breakout,reddit_orb_breakout|ny|range=15|entry=150|rr=1.5|sl_atr=1|tp_atr=1.5|threshold=2|adx_max=none|adx_min=none|rsi2=none|trend=ema|max_bars=24,long,23535,23536,23552,2023-10-31 15:45:00+00:00,2023-10-31 16:00:00+00:00,2023-10-31 20:00:00+00:00,4194.25,4205.75,46.0,43.0,0.589041095890411,105.0,70.0,3.0,session_close,16,6
futures,ES,reddit_orb_breakout,reddit_orb_breakout|ny|range=15|entry=150|rr=1.5|sl_atr=1|tp_atr=1.5|threshold=2|adx_max=none|adx_min=none|rsi2=none|trend=ema|max_bars=24,long,23619,23620,23621,2023-11-01 13:45:00+00:00,2023-11-01 14:00:00+00:00,2023-11-01 14:15:00+00:00,4224.5,4238.0,54.0,51.0,1.3076923076923077,54.0,36.0,3.0,tp,1,6
futures,ES,reddit_orb_breakout,reddit_orb_breakout|ny|range=15|entry=150|rr=1.5|sl_atr=1|tp_atr=1.5|threshold=2|adx_max=none|adx_min=none|rsi2=none|trend=ema|max_bars=24,long,23713,23714,23734,2023-11-02 14:15:00+00:00,2023-11-02 14:30:00+00:00,2023-11-02 19:30:00+00:00,4310.5,4335.625,100.5,97.5,1.3928571428571428,100.5,67.0,3.0,tp,20,6
futures,ES,reddit_orb_breakout,reddit_orb_breakout|ny|range=15|entry=150|rr=1.5|sl_atr=1|tp_atr=1.5|threshold=2|adx_max=none|adx_min=none|rsi2=none|trend=ema|max_bars=24,long,23803,23804,23828,2023-11-03 13:45:00+00:00,2023-11-03 14:00:00+00:00,2023-11-03 20:00:00+00:00,4375.25,4379.5,17.0,14.0,0.19718309859154928,102.0,68.0,3.0,session_close,24,6
futures,ES,reddit_orb_breakout,reddit_orb_breakout|ny|range=15|entry=150|rr=1.5|sl_atr=1|tp_atr=1.5|threshold=2|adx_max=none|adx_min=none|rsi2=none|trend=ema|max_bars=24,long,23989,23990,24012,2023-11-07 15:15:00+00:00,2023-11-07 15:30:00+00:00,2023-11-07 21:00:00+00:00,4391.75,4395.5,15.0,12.0,0.14814814814814814,117.0,78.0,3.0,session_close,22,6
futures,ES,reddit_orb_breakout,reddit_orb_breakout|ny|range=15|entry=150|rr=1.5|sl_atr=1|tp_atr=1.5|threshold=2|adx_max=none|adx_min=none|rsi2=none|trend=ema|max_bars=24,short,24265,24266,24268,2023-11-10 15:15:00+00:00,2023-11-10 15:30:00+00:00,2023-11-10 16:00:00+00:00,4371.75,4385.5,-55.0,-58.0,-1.0,82.5,55.0,3.0,sl,2,6
futures,ES,reddit_orb_breakout,reddit_orb_breakout|ny|range=15|entry=150|rr=1.5|sl_atr=1|tp_atr=1.5|threshold=2|adx_max=none|adx_min=none|rsi2=none|trend=ema|max_bars=24,long,24359,24360,24380,2023-11-13 15:45:00+00:00,2023-11-13 16:00:00+00:00,2023-11-13 21:00:00+00:00,4420.25,4427.0,27.0,24.0,0.5,67.5,45.0,3.0,session_close,20,6
futures,ES,reddit_orb_breakout,reddit_orb_breakout|ny|range=15|entry=150|rr=1.5|sl_atr=1|tp_atr=1.5|threshold=2|adx_max=none|adx_min=none|rsi2=none|trend=ema|max_bars=24,long,24447,24448,24472,2023-11-14 14:45:00+00:00,2023-11-14 15:00:00+00:00,2023-11-14 21:00:00+00:00,4502.5,4513.5,44.0,41.0,0.5256410256410257,112.5,75.0,3.0,session_close,24,6
futures,ES,reddit_orb_breakout,reddit_orb_breakout|ny|range=15|entry=150|rr=1.5|sl_atr=1|tp_atr=1.5|threshold=2|adx_max=none|adx_min=none|rsi2=none|trend=ema|max_bars=24,long,24542,24543,24546,2023-11-15 15:30:00+00:00,2023-11-15 15:45:00+00:00,2023-11-15 16:30:00+00:00,4532.75,4521.5,-45.0,-48.0,-1.0,67.5,45.0,3.0,sl,3,6
futures,ES,reddit_orb_breakout,reddit_orb_breakout|ny|range=15|entry=150|rr=1.5|sl_atr=1|tp_atr=1.5|threshold=2|adx_max=none|adx_min=none|rsi2=none|trend=ema|max_bars=24,long,24631,24632,24634,2023-11-16 14:45:00+00:00,2023-11-16 15:00:00+00:00,2023-11-16 15:30:00+00:00,4524.5,4512.0,-50.0,-53.0,-1.0,75.0,50.0,3.0,sl,2,6
futures,ES,reddit_orb_breakout,reddit_orb_breakout|ny|range=15|entry=150|rr=1.5|sl_atr=1|tp_atr=1.5|threshold=2|adx_max=none|adx_min=none|rsi2=none|trend=ema|max_bars=24,long,24732,24733,24748,2023-11-17 17:00:00+00:00,2023-11-17 17:15:00+00:00,2023-11-17 21:00:00+00:00,4526.25,4525.25,-4.0,-7.0,-0.13725490196078433,72.0,48.0,3.0,session_close,15,6
futures,ES,reddit_orb_breakout,reddit_orb_breakout|ny|range=15|entry=150|rr=1.5|sl_atr=1|tp_atr=1.5|threshold=2|adx_max=none|adx_min=none|rsi2=none|trend=ema|max_bars=24,long,24815,24816,24835,2023-11-20 14:45:00+00:00,2023-11-20 15:00:00+00:00,2023-11-20 19:45:00+00:00,4541.0,4565.75,99.0,96.0,1.391304347826087,99.0,66.0,3.0,tp,19,6
futures,ES,reddit_orb_breakout,reddit_orb_breakout|ny|range=15|entry=150|rr=1.5|sl_atr=1|tp_atr=1.5|threshold=2|adx_max=none|adx_min=none|rsi2=none|trend=ema|max_bars=24,long,25094,25095,25103,2023-11-23 15:30:00+00:00,2023-11-23 15:45:00+00:00,2023-11-23 17:45:00+00:00,4572.0,4569.0,-12.0,-15.0,-1.0,18.0,12.0,3.0,sl,8,6
futures,ES,reddit_orb_breakout,reddit_orb_breakout|ny|range=15|entry=150|rr=1.5|sl_atr=1|tp_atr=1.5|threshold=2|adx_max=none|adx_min=none|rsi2=none|trend=ema|max_bars=24,long,25428,25429,25429,2023-11-29 14:45:00+00:00,2023-11-29 15:00:00+00:00,2023-11-29 15:00:00+00:00,4595.25,4583.5,-47.0,-50.0,-1.0,70.5,47.0,3.0,sl,1,6
futures,ES,reddit_orb_breakout,reddit_orb_breakout|ny|range=15|entry=150|rr=1.5|sl_atr=1|tp_atr=1.5|threshold=2|adx_max=none|adx_min=none|rsi2=none|trend=ema|max_bars=24,short,25527,25528,25544,2023-11-30 16:30:00+00:00,2023-11-30 16:45:00+00:00,2023-11-30 20:45:00+00:00,4551.75,4568.5,-67.0,-70.0,-1.0,100.5,67.0,3.0,sl,16,6
futures,ES,reddit_orb_breakout,reddit_orb_breakout|ny|range=15|entry=150|rr=1.5|sl_atr=1|tp_atr=1.5|threshold=2|adx_max=none|adx_min=none|rsi2=none|trend=ema|max_bars=24,long,25612,25613,25619,2023-12-01 14:45:00+00:00,2023-12-01 15:00:00+00:00,2023-12-01 16:30:00+00:00,4572.25,4586.875,58.5,55.5,1.3214285714285714,58.5,39.0,3.0,tp,6,6
futures,ES,reddit_orb_breakout,reddit_orb_breakout|ny|range=15|entry=150|rr=1.5|sl_atr=1|tp_atr=1.5|threshold=2|adx_max=none|adx_min=none|rsi2=none|trend=ema|max_bars=24,short,25710,25711,25715,2023-12-04 16:15:00+00:00,2023-12-04 16:30:00+00:00,2023-12-04 17:30:00+00:00,4560.5,4576.75,-65.0,-68.0,-1.0,97.5,65.0,3.0,sl,4,6
futures,ES,reddit_orb_breakout,reddit_orb_breakout|ny|range=15|entry=150|rr=1.5|sl_atr=1|tp_atr=1.5|threshold=2|adx_max=none|adx_min=none|rsi2=none|trend=ema|max_bars=24,short,25980,25981,25981,2023-12-07 14:45:00+00:00,2023-12-07 15:00:00+00:00,2023-12-07 15:00:00+00:00,4571.5,4579.25,-31.0,-34.0,-1.0,46.5,31.0,3.0,sl,1,6
futures,ES,reddit_orb_breakout,reddit_orb_breakout|ny|range=15|entry=150|rr=1.5|sl_atr=1|tp_atr=1.5|threshold=2|adx_max=none|adx_min=none|rsi2=none|trend=ema|max_bars=24,long,26073,26074,26097,2023-12-08 15:00:00+00:00,2023-12-08 15:15:00+00:00,2023-12-08 21:00:00+00:00,4605.25,4606.25,4.0,1.0,0.009009009009009009,162.0,108.0,3.0,session_close,23,6
futures,ES,reddit_orb_breakout,reddit_orb_breakout|ny|range=15|entry=150|rr=1.5|sl_atr=1|tp_atr=1.5|threshold=2|adx_max=none|adx_min=none|rsi2=none|trend=ema|max_bars=24,long,26164,26165,26181,2023-12-11 14:45:00+00:00,2023-12-11 15:00:00+00:00,2023-12-11 19:00:00+00:00,4609.0,4622.875,55.5,52.5,1.3125,55.5,37.0,3.0,tp,16,6
futures,ES,reddit_orb_breakout,reddit_orb_breakout|ny|range=15|entry=150|rr=1.5|sl_atr=1|tp_atr=1.5|threshold=2|adx_max=none|adx_min=none|rsi2=none|trend=ema|max_bars=24,long,26257,26258,26277,2023-12-12 15:00:00+00:00,2023-12-12 15:15:00+00:00,2023-12-12 20:00:00+00:00,4623.25,4642.375,76.5,73.5,1.3611111111111112,76.5,51.0,3.0,tp,19,6
futures,ES,reddit_orb_breakout,reddit_orb_breakout|ny|range=15|entry=150|rr=1.5|sl_atr=1|tp_atr=1.5|threshold=2|adx_max=none|adx_min=none|rsi2=none|trend=ema|max_bars=24,long,26351,26352,26361,2023-12-13 15:30:00+00:00,2023-12-13 15:45:00+00:00,2023-12-13 18:00:00+00:00,4706.5,4698.25,-33.0,-36.0,-1.0,49.5,33.0,3.0,sl,9,6
futures,ES,reddit_orb_breakout,reddit_orb_breakout|ny|range=15|entry=150|rr=1.5|sl_atr=1|tp_atr=1.5|threshold=2|adx_max=none|adx_min=none|rsi2=none|trend=ema|max_bars=24,long,26534,26535,26547,2023-12-15 15:15:00+00:00,2023-12-15 15:30:00+00:00,2023-12-15 18:30:00+00:00,4773.5,4761.5,-48.0,-51.0,-1.0,72.0,48.0,3.0,sl,12,6
futures,ES,reddit_orb_breakout,reddit_orb_breakout|ny|range=15|entry=150|rr=1.5|sl_atr=1|tp_atr=1.5|threshold=2|adx_max=none|adx_min=none|rsi2=none|trend=ema|max_bars=24,long,26625,26626,26634,2023-12-18 15:00:00+00:00,2023-12-18 15:15:00+00:00,2023-12-18 17:15:00+00:00,4787.0,4797.125,40.5,37.5,1.25,40.5,27.0,3.0,tp,8,6
futures,ES,reddit_orb_breakout,reddit_orb_breakout|ny|range=15|entry=150|rr=1.5|sl_atr=1|tp_atr=1.5|threshold=2|adx_max=none|adx_min=none|rsi2=none|trend=ema|max_bars=24,long,26716,26717,26741,2023-12-19 14:45:00+00:00,2023-12-19 15:00:00+00:00,2023-12-19 21:00:00+00:00,4807.0,4817.25,41.0,38.0,0.8444444444444444,63.0,42.0,3.0,session_close,24,6
futures,ES,reddit_orb_breakout,reddit_orb_breakout|ny|range=15|entry=150|rr=1.5|sl_atr=1|tp_atr=1.5|threshold=2|adx_max=none|adx_min=none|rsi2=none|trend=ema|max_bars=24,long,26809,26810,26827,2023-12-20 15:00:00+00:00,2023-12-20 15:15:00+00:00,2023-12-20 19:30:00+00:00,4822.25,4808.5,-55.0,-58.0,-1.0,82.5,55.0,3.0,sl,17,6
futures,ES,reddit_orb_breakout,reddit_orb_breakout|ny|range=15|entry=150|rr=1.5|sl_atr=1|tp_atr=1.5|threshold=2|adx_max=none|adx_min=none|rsi2=none|trend=ema|max_bars=24,short,26902,26903,26909,2023-12-21 15:15:00+00:00,2023-12-21 15:30:00+00:00,2023-12-21 17:00:00+00:00,4779.75,4764.0,63.0,60.0,1.3333333333333333,63.0,42.0,3.0,tp,6,6
futures,ES,reddit_orb_breakout,reddit_orb_breakout|ny|range=15|entry=150|rr=1.5|sl_atr=1|tp_atr=1.5|threshold=2|adx_max=none|adx_min=none|rsi2=none|trend=ema|max_bars=24,long,26994,26995,26997,2023-12-22 15:15:00+00:00,2023-12-22 15:30:00+00:00,2023-12-22 16:00:00+00:00,4819.5,4806.0,-54.0,-57.0,-1.0,81.0,54.0,3.0,sl,2,6
futures,ES,reddit_orb_breakout,reddit_orb_breakout|ny|range=15|entry=150|rr=1.5|sl_atr=1|tp_atr=1.5|threshold=2|adx_max=none|adx_min=none|rsi2=none|trend=ema|max_bars=24,long,27085,27086,27106,2023-12-26 15:00:00+00:00,2023-12-26 15:15:00+00:00,2023-12-26 20:15:00+00:00,4817.25,4831.125,55.5,52.5,1.3125,55.5,37.0,3.0,tp,20,6
futures,ES,reddit_orb_breakout,reddit_orb_breakout|ny|range=15|entry=150|rr=1.5|sl_atr=1|tp_atr=1.5|threshold=2|adx_max=none|adx_min=none|rsi2=none|trend=ema|max_bars=24,short,27366,27367,27385,2023-12-29 16:15:00+00:00,2023-12-29 16:30:00+00:00,2023-12-29 21:00:00+00:00,4803.75,4813.5,-39.0,-42.0,-0.3442622950819672,178.5,119.0,3.0,session_close,18,6
futures,ES,reddit_orb_breakout,reddit_orb_breakout|ny|range=15|entry=150|rr=1.5|sl_atr=1|tp_atr=1.5|threshold=2|adx_max=none|adx_min=none|rsi2=none|trend=ema|max_bars=24,short,27456,27457,27460,2024-01-02 15:45:00+00:00,2024-01-02 16:00:00+00:00,2024-01-02 16:45:00+00:00,4777.25,4789.75,-50.0,-53.0,-1.0,75.0,50.0,3.0,sl,3,6
futures,ES,reddit_orb_breakout,reddit_orb_breakout|ny|range=15|entry=150|rr=1.5|sl_atr=1|tp_atr=1.5|threshold=2|adx_max=none|adx_min=none|rsi2=none|trend=ema|max_bars=24,short,27544,27545,27545,2024-01-03 14:45:00+00:00,2024-01-03 15:00:00+00:00,2024-01-03 15:00:00+00:00,4759.25,4765.25,-24.0,-27.0,-1.0,36.0,24.0,3.0,sl,1,6
futures,ES,reddit_orb_breakout,reddit_orb_breakout|ny|range=15|entry=150|rr=1.5|sl_atr=1|tp_atr=1.5|threshold=2|adx_max=none|adx_min=none|rsi2=none|trend=ema|max_bars=24,long,27829,27830,27845,2024-01-08 17:00:00+00:00,2024-01-08 17:15:00+00:00,2024-01-08 21:00:00+00:00,4765.0,4800.0,140.0,137.0,1.2342342342342343,162.0,108.0,3.0,session_close,15,6
futures,ES,reddit_orb_breakout,reddit_orb_breakout|ny|range=15|entry=150|rr=1.5|sl_atr=1|tp_atr=1.5|threshold=2|adx_max=none|adx_min=none|rsi2=none|trend=ema|max_bars=24,long,27913,27914,27920,2024-01-09 15:00:00+00:00,2024-01-09 15:15:00+00:00,2024-01-09 16:45:00+00:00,4779.5,4792.25,51.0,48.0,1.2972972972972974,51.0,34.0,3.0,tp,6,6
futures,ES,reddit_orb_breakout,reddit_orb_breakout|ny|range=15|entry=150|rr=1.5|sl_atr=1|tp_atr=1.5|threshold=2|adx_max=none|adx_min=none|rsi2=none|trend=ema|max_bars=24,long,28284,28285,28293,2024-01-15 15:45:00+00:00,2024-01-15 16:00:00+00:00,2024-01-15 23:00:00+00:00,4813.25,4812.25,-4.0,-7.0,-0.4375,19.5,13.0,3.0,session_close,8,6
futures,ES,reddit_orb_breakout,reddit_orb_breakout|ny|range=15|entry=150|rr=1.5|sl_atr=1|tp_atr=1.5|threshold=2|adx_max=none|adx_min=none|rsi2=none|trend=ema|max_bars=24,long,28635,28636,28643,2024-01-19 15:30:00+00:00,2024-01-19 15:45:00+00:00,2024-01-19 17:30:00+00:00,4827.25,4845.625,73.5,70.5,1.3557692307692308,73.5,49.0,3.0,tp,7,6
futures,ES,reddit_orb_breakout,reddit_orb_breakout|ny|range=15|entry=150|rr=1.5|sl_atr=1|tp_atr=1.5|threshold=2|adx_max=none|adx_min=none|rsi2=none|trend=ema|max_bars=24,long,28724,28725,28727,2024-01-22 14:45:00+00:00,2024-01-22 15:00:00+00:00,2024-01-22 15:30:00+00:00,4896.25,4885.0,-45.0,-48.0,-1.0,67.5,45.0,3.0,sl,2,6
futures,ES,reddit_orb_breakout,reddit_orb_breakout|ny|range=15|entry=150|rr=1.5|sl_atr=1|tp_atr=1.5|threshold=2|adx_max=none|adx_min=none|rsi2=none|trend=ema|max_bars=24,long,28911,28912,28923,2024-01-24 15:30:00+00:00,2024-01-24 15:45:00+00:00,2024-01-24 18:30:00+00:00,4931.25,4916.5,-59.0,-62.0,-1.0,88.5,59.0,3.0,sl,11,6
futures,ES,reddit_orb_breakout,reddit_orb_breakout|ny|range=15|entry=150|rr=1.5|sl_atr=1|tp_atr=1.5|threshold=2|adx_max=none|adx_min=none|rsi2=none|trend=ema|max_bars=24,long,29002,29003,29009,2024-01-25 15:15:00+00:00,2024-01-25 15:30:00+00:00,2024-01-25 17:00:00+00:00,4924.25,4910.75,-54.0,-57.0,-1.0,81.0,54.0,3.0,sl,6,6
futures,ES,reddit_orb_breakout,reddit_orb_breakout|ny|range=15|entry=150|rr=1.5|sl_atr=1|tp_atr=1.5|threshold=2|adx_max=none|adx_min=none|rsi2=none|trend=ema|max_bars=24,long,29095,29096,29103,2024-01-26 15:30:00+00:00,2024-01-26 15:45:00+00:00,2024-01-26 17:30:00+00:00,4930.0,4916.75,-53.0,-56.0,-1.0,79.5,53.0,3.0,sl,7,6
futures,ES,reddit_orb_breakout,reddit_orb_breakout|ny|range=15|entry=150|rr=1.5|sl_atr=1|tp_atr=1.5|threshold=2|adx_max=none|adx_min=none|rsi2=none|trend=ema|max_bars=24,long,29194,29195,29205,2024-01-29 17:15:00+00:00,2024-01-29 17:30:00+00:00,2024-01-29 20:00:00+00:00,4924.0,4936.0,48.0,45.0,1.2857142857142858,48.0,32.0,3.0,tp,10,6
futures,ES,reddit_orb_breakout,reddit_orb_breakout|ny|range=15|entry=150|rr=1.5|sl_atr=1|tp_atr=1.5|threshold=2|adx_max=none|adx_min=none|rsi2=none|trend=ema|max_bars=24,long,29276,29277,29277,2024-01-30 14:45:00+00:00,2024-01-30 15:00:00+00:00,2024-01-30 15:00:00+00:00,4953.75,4946.0,-31.0,-34.0,-1.0,46.5,31.0,3.0,sl,1,6
futures,ES,reddit_orb_breakout,reddit_orb_breakout|ny|range=15|entry=150|rr=1.5|sl_atr=1|tp_atr=1.5|threshold=2|adx_max=none|adx_min=none|rsi2=none|trend=ema|max_bars=24,short,29368,29369,29385,2024-01-31 14:45:00+00:00,2024-01-31 15:00:00+00:00,2024-01-31 19:00:00+00:00,4916.75,4896.125,82.5,79.5,1.3706896551724137,82.5,55.0,3.0,tp,16,6
futures,ES,reddit_orb_breakout,reddit_orb_breakout|ny|range=15|entry=150|rr=1.5|sl_atr=1|tp_atr=1.5|threshold=2|adx_max=none|adx_min=none|rsi2=none|trend=ema|max_bars=24,short,29464,29465,29468,2024-02-01 15:45:00+00:00,2024-02-01 16:00:00+00:00,2024-02-01 16:45:00+00:00,4877.5,4893.25,-63.0,-66.0,-1.0,94.5,63.0,3.0,sl,3,6
futures,ES,reddit_orb_breakout,reddit_orb_breakout|ny|range=15|entry=150|rr=1.5|sl_atr=1|tp_atr=1.5|threshold=2|adx_max=none|adx_min=none|rsi2=none|trend=ema|max_bars=24,long,29552,29553,29556,2024-02-02 14:45:00+00:00,2024-02-02 15:00:00+00:00,2024-02-02 15:45:00+00:00,4941.25,4959.625,73.5,70.5,1.3557692307692308,73.5,49.0,3.0,tp,3,6
futures,ES,reddit_orb_breakout,reddit_orb_breakout|ny|range=15|entry=150|rr=1.5|sl_atr=1|tp_atr=1.5|threshold=2|adx_max=none|adx_min=none|rsi2=none|trend=ema|max_bars=24,long,29829,29830,29853,2024-02-07 15:00:00+00:00,2024-02-07 15:15:00+00:00,2024-02-07 21:00:00+00:00,5003.0,5014.5,46.0,43.0,0.7543859649122807,81.0,54.0,3.0,session_close,23,6
futures,ES,reddit_orb_breakout,reddit_orb_breakout|ny|range=15|entry=150|rr=1.5|sl_atr=1|tp_atr=1.5|threshold=2|adx_max=none|adx_min=none|rsi2=none|trend=ema|max_bars=24,long,30012,30013,30030,2024-02-09 14:45:00+00:00,2024-02-09 15:00:00+00:00,2024-02-09 19:15:00+00:00,5026.5,5041.875,61.5,58.5,1.3295454545454546,61.5,41.0,3.0,tp,17,6
futures,ES,reddit_orb_breakout,reddit_orb_breakout|ny|range=15|entry=150|rr=1.5|sl_atr=1|tp_atr=1.5|threshold=2|adx_max=none|adx_min=none|rsi2=none|trend=ema|max_bars=24,long,30107,30108,30110,2024-02-12 15:30:00+00:00,2024-02-12 15:45:00+00:00,2024-02-12 16:15:00+00:00,5048.0,5055.875,31.5,28.5,1.1875,31.5,21.0,3.0,tp,2,6
futures,ES,reddit_orb_breakout,reddit_orb_breakout|ny|range=15|entry=150|rr=1.5|sl_atr=1|tp_atr=1.5|threshold=2|adx_max=none|adx_min=none|rsi2=none|trend=ema|max_bars=24,short,30196,30197,30199,2024-02-13 14:45:00+00:00,2024-02-13 15:00:00+00:00,2024-02-13 15:30:00+00:00,4967.75,4982.0,-57.0,-60.0,-1.0,85.5,57.0,3.0,sl,2,6
futures,ES,reddit_orb_breakout,reddit_orb_breakout|ny|range=15|entry=150|rr=1.5|sl_atr=1|tp_atr=1.5|threshold=2|adx_max=none|adx_min=none|rsi2=none|trend=ema|max_bars=24,short,30293,30294,30309,2024-02-14 16:00:00+00:00,2024-02-14 16:15:00+00:00,2024-02-14 20:00:00+00:00,4985.0,5002.25,-69.0,-72.0,-1.0,103.5,69.0,3.0,sl,15,6
futures,ES,reddit_orb_breakout,reddit_orb_breakout|ny|range=15|entry=150|rr=1.5|sl_atr=1|tp_atr=1.5|threshold=2|adx_max=none|adx_min=none|rsi2=none|trend=ema|max_bars=24,long,30381,30382,30385,2024-02-15 15:00:00+00:00,2024-02-15 15:15:00+00:00,2024-02-15 16:00:00+00:00,5027.75,5018.5,-37.0,-40.0,-1.0,55.5,37.0,3.0,sl,3,6
futures,ES,reddit_orb_breakout,reddit_orb_breakout|ny|range=15|entry=150|rr=1.5|sl_atr=1|tp_atr=1.5|threshold=2|adx_max=none|adx_min=none|rsi2=none|trend=ema|max_bars=24,long,30479,30480,30485,2024-02-16 16:30:00+00:00,2024-02-16 16:45:00+00:00,2024-02-16 18:00:00+00:00,5048.5,5033.0,-62.0,-65.0,-1.0,93.0,62.0,3.0,sl,5,6
futures,ES,reddit_orb_breakout,reddit_orb_breakout|ny|range=15|entry=150|rr=1.5|sl_atr=1|tp_atr=1.5|threshold=2|adx_max=none|adx_min=none|rsi2=none|trend=ema|max_bars=24,short,30567,30568,30577,2024-02-19 15:30:00+00:00,2024-02-19 15:45:00+00:00,2024-02-19 23:00:00+00:00,5024.5,5019.75,19.0,16.0,0.8421052631578947,24.0,16.0,3.0,session_close,9,6
futures,ES,reddit_orb_breakout,reddit_orb_breakout|ny|range=15|entry=150|rr=1.5|sl_atr=1|tp_atr=1.5|threshold=2|adx_max=none|adx_min=none|rsi2=none|trend=ema|max_bars=24,long,30824,30825,30842,2024-02-22 14:45:00+00:00,2024-02-22 15:00:00+00:00,2024-02-22 19:15:00+00:00,5072.5,5102.875,121.5,118.5,1.4107142857142858,121.5,81.0,3.0,tp,17,6
futures,ES,reddit_orb_breakout,reddit_orb_breakout|ny|range=15|entry=150|rr=1.5|sl_atr=1|tp_atr=1.5|threshold=2|adx_max=none|adx_min=none|rsi2=none|trend=ema|max_bars=24,short,31285,31286,31308,2024-02-29 15:00:00+00:00,2024-02-29 15:15:00+00:00,2024-02-29 20:45:00+00:00,5086.5,5105.5,-76.0,-79.0,-1.0,114.0,76.0,3.0,sl,22,6
futures,ES,reddit_orb_breakout,reddit_orb_breakout|ny|range=15|entry=150|rr=1.5|sl_atr=1|tp_atr=1.5|threshold=2|adx_max=none|adx_min=none|rsi2=none|trend=ema|max_bars=24,long,31377,31378,31386,2024-03-01 15:00:00+00:00,2024-03-01 15:15:00+00:00,2024-03-01 17:15:00+00:00,5114.5,5133.25,75.0,72.0,1.3584905660377358,75.0,50.0,3.0,tp,8,6
futures,ES,reddit_orb_breakout,reddit_orb_breakout|ny|range=15|entry=150|rr=1.5|sl_atr=1|tp_atr=1.5|threshold=2|adx_max=none|adx_min=none|rsi2=none|trend=ema|max_bars=24,long,31471,31472,31488,2024-03-04 15:30:00+00:00,2024-03-04 15:45:00+00:00,2024-03-04 19:45:00+00:00,5143.75,5156.5,51.0,48.0,1.2972972972972974,51.0,34.0,3.0,tp,16,6
futures,ES,reddit_orb_breakout,reddit_orb_breakout|ny|range=15|entry=150|rr=1.5|sl_atr=1|tp_atr=1.5|threshold=2|adx_max=none|adx_min=none|rsi2=none|trend=ema|max_bars=24,short,31561,31562,31567,2024-03-05 15:00:00+00:00,2024-03-05 15:15:00+00:00,2024-03-05 16:30:00+00:00,5104.5,5085.0,78.0,75.0,1.3636363636363635,78.0,52.0,3.0,tp,5,6
futures,ES,reddit_orb_breakout,reddit_orb_breakout|ny|range=15|entry=150|rr=1.5|sl_atr=1|tp_atr=1.5|threshold=2|adx_max=none|adx_min=none|rsi2=none|trend=ema|max_bars=24,short,31653,31654,31657,2024-03-06 15:00:00+00:00,2024-03-06 15:15:00+00:00,2024-03-06 16:00:00+00:00,5105.0,5122.25,-69.0,-72.0,-1.0,103.5,69.0,3.0,sl,3,6
futures,ES,reddit_orb_breakout,reddit_orb_breakout|ny|range=15|entry=150|rr=1.5|sl_atr=1|tp_atr=1.5|threshold=2|adx_max=none|adx_min=none|rsi2=none|trend=ema|max_bars=24,long,31745,31746,31759,2024-03-07 15:00:00+00:00,2024-03-07 15:15:00+00:00,2024-03-07 18:30:00+00:00,5148.25,5162.875,58.5,55.5,1.3214285714285714,58.5,39.0,3.0,tp,13,6
futures,ES,reddit_orb_breakout,reddit_orb_breakout|ny|range=15|entry=150|rr=1.5|sl_atr=1|tp_atr=1.5|threshold=2|adx_max=none|adx_min=none|rsi2=none|trend=ema|max_bars=24,long,31836,31837,31842,2024-03-08 14:45:00+00:00,2024-03-08 15:00:00+00:00,2024-03-08 16:15:00+00:00,5188.25,5163.25,-100.0,-103.0,-1.0,150.0,100.0,3.0,sl,5,6
futures,ES,reddit_orb_breakout,reddit_orb_breakout|ny|range=15|entry=150|rr=1.5|sl_atr=1|tp_atr=1.5|threshold=2|adx_max=none|adx_min=none|rsi2=none|trend=ema|max_bars=24,short,31928,31929,31939,2024-03-11 13:45:00+00:00,2024-03-11 14:00:00+00:00,2024-03-11 16:30:00+00:00,5104.0,5119.0,-60.0,-63.0,-1.0,90.0,60.0,3.0,sl,10,6
futures,ES,reddit_orb_breakout,reddit_orb_breakout|ny|range=15|entry=150|rr=1.5|sl_atr=1|tp_atr=1.5|threshold=2|adx_max=none|adx_min=none|rsi2=none|trend=ema|max_bars=24,long,32022,32023,32045,2024-03-12 14:15:00+00:00,2024-03-12 14:30:00+00:00,2024-03-12 20:00:00+00:00,5159.75,5178.25,74.0,71.0,0.47019867549668876,222.0,148.0,3.0,session_close,22,6
futures,ES,reddit_orb_breakout,reddit_orb_breakout|ny|range=15|entry=150|rr=1.5|sl_atr=1|tp_atr=1.5|threshold=2|adx_max=none|adx_min=none|rsi2=none|trend=ema|max_bars=24,short,32304,32305,32321,2024-03-15 15:45:00+00:00,2024-03-15 16:00:00+00:00,2024-03-15 20:00:00+00:00,5181.5,5184.0,-10.0,-13.0,-0.18571428571428572,100.5,67.0,3.0,session_close,16,6
futures,ES,reddit_orb_breakout,reddit_orb_breakout|ny|range=15|entry=150|rr=1.5|sl_atr=1|tp_atr=1.5|threshold=2|adx_max=none|adx_min=none|rsi2=none|trend=ema|max_bars=24,long,32390,32391,32396,2024-03-18 14:15:00+00:00,2024-03-18 14:30:00+00:00,2024-03-18 15:45:00+00:00,5237.25,5224.75,-50.0,-53.0,-1.0,75.0,50.0,3.0,sl,5,6
futures,ES,reddit_orb_breakout,reddit_orb_breakout|ny|range=15|entry=150|rr=1.5|sl_atr=1|tp_atr=1.5|threshold=2|adx_max=none|adx_min=none|rsi2=none|trend=ema|max_bars=24,long,32574,32575,32587,2024-03-20 14:15:00+00:00,2024-03-20 14:30:00+00:00,2024-03-20 17:30:00+00:00,5246.75,5235.25,-46.0,-49.0,-1.0,69.0,46.0,3.0,sl,12,6
futures,ES,reddit_orb_breakout,reddit_orb_breakout|ny|range=15|entry=150|rr=1.5|sl_atr=1|tp_atr=1.5|threshold=2|adx_max=none|adx_min=none|rsi2=none|trend=ema|max_bars=24,long,32674,32675,32680,2024-03-21 16:15:00+00:00,2024-03-21 16:30:00+00:00,2024-03-21 17:45:00+00:00,5321.5,5310.25,-45.0,-48.0,-1.0,67.5,45.0,3.0,sl,5,6
futures,ES,reddit_orb_breakout,reddit_orb_breakout|ny|range=15|entry=150|rr=1.5|sl_atr=1|tp_atr=1.5|threshold=2|adx_max=none|adx_min=none|rsi2=none|trend=ema|max_bars=24,short,33032,33033,33055,2024-03-27 13:45:00+00:00,2024-03-27 14:00:00+00:00,2024-03-27 19:30:00+00:00,5284.5,5294.0,-38.0,-41.0,-1.0,57.0,38.0,3.0,sl,22,6
futures,ES,reddit_orb_breakout,reddit_orb_breakout|ny|range=15|entry=150|rr=1.5|sl_atr=1|tp_atr=1.5|threshold=2|adx_max=none|adx_min=none|rsi2=none|trend=ema|max_bars=24,long,33127,33128,33139,2024-03-28 14:30:00+00:00,2024-03-28 14:45:00+00:00,2024-03-28 17:30:00+00:00,5312.5,5305.0,-30.0,-33.0,-1.0,45.0,30.0,3.0,sl,11,6
futures,ES,reddit_orb_breakout,reddit_orb_breakout|ny|range=15|entry=150|rr=1.5|sl_atr=1|tp_atr=1.5|threshold=2|adx_max=none|adx_min=none|rsi2=none|trend=ema|max_bars=24,short,33309,33310,33329,2024-04-02 14:00:00+00:00,2024-04-02 14:15:00+00:00,2024-04-02 19:00:00+00:00,5236.5,5255.25,-75.0,-78.0,-1.0,112.5,75.0,3.0,sl,19,6
futures,ES,reddit_orb_breakout,reddit_orb_breakout|ny|range=15|entry=150|rr=1.5|sl_atr=1|tp_atr=1.5|threshold=2|adx_max=none|adx_min=none|rsi2=none|trend=ema|max_bars=24,long,33678,33679,33686,2024-04-08 14:15:00+00:00,2024-04-08 14:30:00+00:00,2024-04-08 16:15:00+00:00,5262.0,5246.5,-62.0,-65.0,-1.0,93.0,62.0,3.0,sl,7,6
futures,ES,reddit_orb_breakout,reddit_orb_breakout|ny|range=15|entry=150|rr=1.5|sl_atr=1|tp_atr=1.5|threshold=2|adx_max=none|adx_min=none|rsi2=none|trend=ema|max_bars=24,short,33774,33775,33793,2024-04-09 15:15:00+00:00,2024-04-09 15:30:00+00:00,2024-04-09 20:00:00+00:00,5225.25,5267.0,-167.0,-170.0,-0.8542713567839196,294.0,196.0,3.0,session_close,18,6
futures,ES,reddit_orb_breakout,reddit_orb_breakout|ny|range=15|entry=150|rr=1.5|sl_atr=1|tp_atr=1.5|threshold=2|adx_max=none|adx_min=none|rsi2=none|trend=ema|max_bars=24,short,33953,33954,33965,2024-04-11 14:00:00+00:00,2024-04-11 14:15:00+00:00,2024-04-11 17:00:00+00:00,5192.25,5220.5,-113.0,-116.0,-1.0,169.5,113.0,3.0,sl,11,6
futures,ES,reddit_orb_breakout,reddit_orb_breakout|ny|range=15|entry=150|rr=1.5|sl_atr=1|tp_atr=1.5|threshold=2|adx_max=none|adx_min=none|rsi2=none|trend=ema|max_bars=24,long,34044,34045,34045,2024-04-12 13:45:00+00:00,2024-04-12 14:00:00+00:00,2024-04-12 14:00:00+00:00,5214.0,5200.75,-53.0,-56.0,-1.0,79.5,53.0,3.0,sl,1,6
futures,ES,reddit_orb_breakout,reddit_orb_breakout|ny|range=15|entry=150|rr=1.5|sl_atr=1|tp_atr=1.5|threshold=2|adx_max=none|adx_min=none|rsi2=none|trend=ema|max_bars=24,short,34137,34138,34150,2024-04-15 14:00:00+00:00,2024-04-15 14:15:00+00:00,2024-04-15 17:15:00+00:00,5184.75,5142.375,169.5,166.5,1.4353448275862069,169.5,113.0,3.0,tp,12,6
futures,ES,reddit_orb_breakout,reddit_orb_breakout|ny|range=15|entry=150|rr=1.5|sl_atr=1|tp_atr=1.5|threshold=2|adx_max=none|adx_min=none|rsi2=none|trend=ema|max_bars=24,short,34230,34231,34236,2024-04-16 14:15:00+00:00,2024-04-16 14:30:00+00:00,2024-04-16 15:45:00+00:00,5089.0,5110.0,-84.0,-87.0,-1.0,126.0,84.0,3.0,sl,5,6
futures,ES,reddit_orb_breakout,reddit_orb_breakout|ny|range=15|entry=150|rr=1.5|sl_atr=1|tp_atr=1.5|threshold=2|adx_max=none|adx_min=none|rsi2=none|trend=ema|max_bars=24,short,34321,34322,34329,2024-04-17 14:00:00+00:00,2024-04-17 14:15:00+00:00,2024-04-17 16:00:00+00:00,5096.75,5064.875,127.5,124.5,1.4147727272727273,127.5,85.0,3.0,tp,7,6
futures,ES,reddit_orb_breakout,reddit_orb_breakout|ny|range=15|entry=150|rr=1.5|sl_atr=1|tp_atr=1.5|threshold=2|adx_max=none|adx_min=none|rsi2=none|trend=ema|max_bars=24,short,34506,34507,34513,2024-04-19 14:15:00+00:00,2024-04-19 14:30:00+00:00,2024-04-19 16:00:00+00:00,5037.25,5011.75,102.0,99.0,1.3943661971830985,102.0,68.0,3.0,tp,6,6
futures,ES,reddit_orb_breakout,reddit_orb_breakout|ny|range=15|entry=150|rr=1.5|sl_atr=1|tp_atr=1.5|threshold=2|adx_max=none|adx_min=none|rsi2=none|trend=ema|max_bars=24,short,34598,34599,34606,2024-04-22 14:15:00+00:00,2024-04-22 14:30:00+00:00,2024-04-22 16:15:00+00:00,5016.25,5032.75,-66.0,-69.0,-1.0,99.0,66.0,3.0,sl,7,6
futures,ES,reddit_orb_breakout,reddit_orb_breakout|ny|range=15|entry=150|rr=1.5|sl_atr=1|tp_atr=1.5|threshold=2|adx_max=none|adx_min=none|rsi2=none|trend=ema|max_bars=24,long,34688,34689,34703,2024-04-23 13:45:00+00:00,2024-04-23 14:00:00+00:00,2024-04-23 17:30:00+00:00,5082.5,5110.625,112.5,109.5,1.4038461538461537,112.5,75.0,3.0,tp,14,6
futures,ES,reddit_orb_breakout,reddit_orb_breakout|ny|range=15|entry=150|rr=1.5|sl_atr=1|tp_atr=1.5|threshold=2|adx_max=none|adx_min=none|rsi2=none|trend=ema|max_bars=24,short,34872,34873,34874,2024-04-25 13:45:00+00:00,2024-04-25 14:00:00+00:00,2024-04-25 14:15:00+00:00,5029.5,5041.25,-47.0,-50.0,-1.0,70.5,47.0,3.0,sl,1,6
futures,ES,reddit_orb_breakout,reddit_orb_breakout|ny|range=15|entry=150|rr=1.5|sl_atr=1|tp_atr=1.5|threshold=2|adx_max=none|adx_min=none|rsi2=none|trend=ema|max_bars=24,long,34964,34965,34989,2024-04-26 13:45:00+00:00,2024-04-26 14:00:00+00:00,2024-04-26 20:00:00+00:00,5126.25,5129.75,14.0,11.0,0.12222222222222222,130.5,87.0,3.0,session_close,24,6
futures,ES,reddit_orb_breakout,reddit_orb_breakout|ny|range=15|entry=150|rr=1.5|sl_atr=1|tp_atr=1.5|threshold=2|adx_max=none|adx_min=none|rsi2=none|trend=ema|max_bars=24,short,35158,35159,35172,2024-04-30 16:15:00+00:00,2024-04-30 16:30:00+00:00,2024-04-30 19:45:00+00:00,5112.0,5068.5,174.0,171.0,1.4369747899159664,174.0,116.0,3.0,tp,13,6
futures,ES,reddit_orb_breakout,reddit_orb_breakout|ny|range=15|entry=150|rr=1.5|sl_atr=1|tp_atr=1.5|threshold=2|adx_max=none|adx_min=none|rsi2=none|trend=ema|max_bars=24,short,35240,35241,35257,2024-05-01 13:45:00+00:00,2024-05-01 14:00:00+00:00,2024-05-01 18:00:00+00:00,5051.75,5062.25,-42.0,-45.0,-1.0,63.0,42.0,3.0,sl,16,6
futures,ES,reddit_orb_breakout,reddit_orb_breakout|ny|range=15|entry=150|rr=1.5|sl_atr=1|tp_atr=1.5|threshold=2|adx_max=none|adx_min=none|rsi2=none|trend=ema|max_bars=24,long,35424,35425,35425,2024-05-03 13:45:00+00:00,2024-05-03 14:00:00+00:00,2024-05-03 14:00:00+00:00,5157.5,5137.25,-81.0,-84.0,-1.0,121.5,81.0,3.0,sl,1,6
futures,ES,reddit_orb_breakout,reddit_orb_breakout|ny|range=15|entry=150|rr=1.5|sl_atr=1|tp_atr=1.5|threshold=2|adx_max=none|adx_min=none|rsi2=none|trend=ema|max_bars=24,long,35517,35518,35540,2024-05-06 14:00:00+00:00,2024-05-06 14:15:00+00:00,2024-05-06 19:45:00+00:00,5185.5,5202.75,69.0,66.0,1.346938775510204,69.0,46.0,3.0,tp,22,6
futures,ES,reddit_orb_breakout,reddit_orb_breakout|ny|range=15|entry=150|rr=1.5|sl_atr=1|tp_atr=1.5|threshold=2|adx_max=none|adx_min=none|rsi2=none|trend=ema|max_bars=24,long,35612,35613,35624,2024-05-07 14:45:00+00:00,2024-05-07 15:00:00+00:00,2024-05-07 17:45:00+00:00,5222.5,5214.0,-34.0,-37.0,-1.0,51.0,34.0,3.0,sl,11,6
futures,ES,reddit_orb_breakout,reddit_orb_breakout|ny|range=15|entry=150|rr=1.5|sl_atr=1|tp_atr=1.5|threshold=2|adx_max=none|adx_min=none|rsi2=none|trend=ema|max_bars=24,long,35700,35701,35725,2024-05-08 13:45:00+00:00,2024-05-08 14:00:00+00:00,2024-05-08 20:00:00+00:00,5204.75,5208.5,15.0,12.0,0.21052631578947367,81.0,54.0,3.0,session_close,24,6
futures,ES,reddit_orb_breakout,reddit_orb_breakout|ny|range=15|entry=150|rr=1.5|sl_atr=1|tp_atr=1.5|threshold=2|adx_max=none|adx_min=none|rsi2=none|trend=ema|max_bars=24,long,35794,35795,35816,2024-05-09 14:15:00+00:00,2024-05-09 14:30:00+00:00,2024-05-09 19:45:00+00:00,5218.25,5239.25,84.0,81.0,1.3728813559322033,84.0,56.0,3.0,tp,21,6
futures,ES,reddit_orb_breakout,reddit_orb_breakout|ny|range=15|entry=150|rr=1.5|sl_atr=1|tp_atr=1.5|threshold=2|adx_max=none|adx_min=none|rsi2=none|trend=ema|max_bars=24,long,36070,36071,36071,2024-05-14 14:15:00+00:00,2024-05-14 14:30:00+00:00,2024-05-14 14:30:00+00:00,5258.25,5244.5,-55.0,-58.0,-1.0,82.5,55.0,3.0,sl,1,6
futures,ES,reddit_orb_breakout,reddit_orb_breakout|ny|range=15|entry=150|rr=1.5|sl_atr=1|tp_atr=1.5|threshold=2|adx_max=none|adx_min=none|rsi2=none|trend=ema|max_bars=24,long,36163,36164,36177,2024-05-15 14:30:00+00:00,2024-05-15 14:45:00+00:00,2024-05-15 18:00:00+00:00,5307.25,5329.75,90.0,87.0,1.380952380952381,90.0,60.0,3.0,tp,13,6
futures,ES,reddit_orb_breakout,reddit_orb_breakout|ny|range=15|entry=150|rr=1.5|sl_atr=1|tp_atr=1.5|threshold=2|adx_max=none|adx_min=none|rsi2=none|trend=ema|max_bars=24,long,36253,36254,36256,2024-05-16 14:00:00+00:00,2024-05-16 14:15:00+00:00,2024-05-16 14:45:00+00:00,5337.25,5345.125,31.5,28.5,1.1875,31.5,21.0,3.0,tp,2,6
futures,ES,reddit_orb_breakout,reddit_orb_breakout|ny|range=15|entry=150|rr=1.5|sl_atr=1|tp_atr=1.5|threshold=2|adx_max=none|adx_min=none|rsi2=none|trend=ema|max_bars=24,long,36436,36437,36453,2024-05-20 13:45:00+00:00,2024-05-20 14:00:00+00:00,2024-05-20 18:00:00+00:00,5344.0,5326.75,-69.0,-72.0,-1.0,103.5,69.0,3.0,sl,16,6
futures,ES,reddit_orb_breakout,reddit_orb_breakout|ny|range=15|entry=150|rr=1.5|sl_atr=1|tp_atr=1.5|threshold=2|adx_max=none|adx_min=none|rsi2=none|trend=ema|max_bars=24,long,36529,36530,36549,2024-05-21 14:00:00+00:00,2024-05-21 14:15:00+00:00,2024-05-21 19:00:00+00:00,5330.0,5341.25,45.0,42.0,1.2727272727272727,45.0,30.0,3.0,tp,19,6
futures,ES,reddit_orb_breakout,reddit_orb_breakout|ny|range=15|entry=150|rr=1.5|sl_atr=1|tp_atr=1.5|threshold=2|adx_max=none|adx_min=none|rsi2=none|trend=ema|max_bars=24,long,36620,36621,36628,2024-05-22 13:45:00+00:00,2024-05-22 14:00:00+00:00,2024-05-22 15:45:00+00:00,5342.25,5337.25,-20.0,-23.0,-1.0,30.0,20.0,3.0,sl,7,6
futures,ES,reddit_orb_breakout,reddit_orb_breakout|ny|range=15|entry=150|rr=1.5|sl_atr=1|tp_atr=1.5|threshold=2|adx_max=none|adx_min=none|rsi2=none|trend=ema|max_bars=24,short,36804,36805,36805,2024-05-24 13:45:00+00:00,2024-05-24 14:00:00+00:00,2024-05-24 14:00:00+00:00,5298.0,5307.0,-36.0,-39.0,-1.0,54.0,36.0,3.0,sl,1,6
futures,ES,reddit_orb_breakout,reddit_orb_breakout|ny|range=15|entry=150|rr=1.5|sl_atr=1|tp_atr=1.5|threshold=2|adx_max=none|adx_min=none|rsi2=none|trend=ema|max_bars=24,long,36900,36901,36909,2024-05-27 14:45:00+00:00,2024-05-27 15:00:00+00:00,2024-05-27 22:00:00+00:00,5326.5,5330.0,14.0,11.0,0.3793103448275862,39.0,26.0,3.0,session_close,8,6
futures,ES,reddit_orb_breakout,reddit_orb_breakout|ny|range=15|entry=150|rr=1.5|sl_atr=1|tp_atr=1.5|threshold=2|adx_max=none|adx_min=none|rsi2=none|trend=ema|max_bars=24,short,37157,37158,37169,2024-05-30 14:00:00+00:00,2024-05-30 14:15:00+00:00,2024-05-30 17:00:00+00:00,5260.5,5274.25,-55.0,-58.0,-1.0,82.5,55.0,3.0,sl,11,6
futures,ES,reddit_orb_breakout,reddit_orb_breakout|ny|range=15|entry=150|rr=1.5|sl_atr=1|tp_atr=1.5|threshold=2|adx_max=none|adx_min=none|rsi2=none|trend=ema|max_bars=24,short,37248,37249,37251,2024-05-31 13:45:00+00:00,2024-05-31 14:00:00+00:00,2024-05-31 14:30:00+00:00,5253.25,5227.75,102.0,99.0,1.3943661971830985,102.0,68.0,3.0,tp,2,6
futures,ES,reddit_orb_breakout,reddit_orb_breakout|ny|range=15|entry=150|rr=1.5|sl_atr=1|tp_atr=1.5|threshold=2|adx_max=none|adx_min=none|rsi2=none|trend=ema|max_bars=24,short,37439,37440,37444,2024-06-04 15:30:00+00:00,2024-06-04 15:45:00+00:00,2024-06-04 16:45:00+00:00,5275.75,5288.0,-49.0,-52.0,-1.0,73.5,49.0,3.0,sl,4,6
futures,ES,reddit_orb_breakout,reddit_orb_breakout|ny|range=15|entry=150|rr=1.5|sl_atr=1|tp_atr=1.5|threshold=2|adx_max=none|adx_min=none|rsi2=none|trend=ema|max_bars=24,long,37528,37529,37535,2024-06-05 14:45:00+00:00,2024-06-05 15:00:00+00:00,2024-06-05 16:30:00+00:00,5329.25,5345.375,64.5,61.5,1.3369565217391304,64.5,43.0,3.0,tp,6,6
futures,ES,reddit_orb_breakout,reddit_orb_breakout|ny|range=15|entry=150|rr=1.5|sl_atr=1|tp_atr=1.5|threshold=2|adx_max=none|adx_min=none|rsi2=none|trend=ema|max_bars=24,long,37708,37709,37712,2024-06-07 13:45:00+00:00,2024-06-07 14:00:00+00:00,2024-06-07 14:45:00+00:00,5356.5,5379.75,93.0,90.0,1.3846153846153846,93.0,62.0,3.0,tp,3,6
futures,ES,reddit_orb_breakout,reddit_orb_breakout|ny|range=15|entry=150|rr=1.5|sl_atr=1|tp_atr=1.5|threshold=2|adx_max=none|adx_min=none|rsi2=none|trend=ema|max_bars=24,long,37895,37896,37910,2024-06-11 14:30:00+00:00,2024-06-11 14:45:00+00:00,2024-06-11 18:15:00+00:00,5357.25,5375.25,72.0,69.0,1.3529411764705883,72.0,48.0,3.0,tp,14,6
futures,ES,reddit_orb_breakout,reddit_orb_breakout|ny|range=15|entry=150|rr=1.5|sl_atr=1|tp_atr=1.5|threshold=2|adx_max=none|adx_min=none|rsi2=none|trend=ema|max_bars=24,long,37985,37986,38001,2024-06-12 14:00:00+00:00,2024-06-12 14:15:00+00:00,2024-06-12 18:00:00+00:00,5445.25,5426.0,-77.0,-80.0,-1.0,115.5,77.0,3.0,sl,15,6
futures,ES,reddit_orb_breakout,reddit_orb_breakout|ny|range=15|entry=150|rr=1.5|sl_atr=1|tp_atr=1.5|threshold=2|adx_max=none|adx_min=none|rsi2=none|trend=ema|max_bars=24,long,38177,38178,38193,2024-06-14 16:00:00+00:00,2024-06-14 16:15:00+00:00,2024-06-14 20:00:00+00:00,5426.75,5434.5,31.0,28.0,0.6363636363636364,61.5,41.0,3.0,session_close,15,6
futures,ES,reddit_orb_breakout,reddit_orb_breakout|ny|range=15|entry=150|rr=1.5|sl_atr=1|tp_atr=1.5|threshold=2|adx_max=none|adx_min=none|rsi2=none|trend=ema|max_bars=24,long,38261,38262,38266,2024-06-17 14:00:00+00:00,2024-06-17 14:15:00+00:00,2024-06-17 15:15:00+00:00,5434.0,5446.375,49.5,46.5,1.2916666666666667,49.5,33.0,3.0,tp,4,6
futures,ES,reddit_orb_breakout,reddit_orb_breakout|ny|range=15|entry=150|rr=1.5|sl_atr=1|tp_atr=1.5|threshold=2|adx_max=none|adx_min=none|rsi2=none|trend=ema|max_bars=24,long,38711,38712,38719,2024-06-24 15:30:00+00:00,2024-06-24 15:45:00+00:00,2024-06-24 17:30:00+00:00,5549.25,5525.75,-94.0,-97.0,-1.0,141.0,94.0,3.0,sl,7,6
futures,ES,reddit_orb_breakout,reddit_orb_breakout|ny|range=15|entry=150|rr=1.5|sl_atr=1|tp_atr=1.5|threshold=2|adx_max=none|adx_min=none|rsi2=none|trend=ema|max_bars=24,short,38796,38797,38797,2024-06-25 13:45:00+00:00,2024-06-25 14:00:00+00:00,2024-06-25 14:00:00+00:00,5518.5,5528.25,-39.0,-42.0,-1.0,58.5,39.0,3.0,sl,1,6
futures,ES,reddit_orb_breakout,reddit_orb_breakout|ny|range=15|entry=150|rr=1.5|sl_atr=1|tp_atr=1.5|threshold=2|adx_max=none|adx_min=none|rsi2=none|trend=ema|max_bars=24,long,38888,38889,38893,2024-06-26 13:45:00+00:00,2024-06-26 14:00:00+00:00,2024-06-26 15:00:00+00:00,5527.25,5518.0,-37.0,-40.0,-1.0,55.5,37.0,3.0,sl,4,6
futures,ES,reddit_orb_breakout,reddit_orb_breakout|ny|range=15|entry=150|rr=1.5|sl_atr=1|tp_atr=1.5|threshold=2|adx_max=none|adx_min=none|rsi2=none|trend=ema|max_bars=24,long,38981,38982,38986,2024-06-27 14:00:00+00:00,2024-06-27 14:15:00+00:00,2024-06-27 15:15:00+00:00,5554.0,5538.5,-62.0,-65.0,-1.0,93.0,62.0,3.0,sl,4,6
futures,ES,reddit_orb_breakout,reddit_orb_breakout|ny|range=15|entry=150|rr=1.5|sl_atr=1|tp_atr=1.5|threshold=2|adx_max=none|adx_min=none|rsi2=none|trend=ema|max_bars=24,long,39072,39073,39073,2024-06-28 13:45:00+00:00,2024-06-28 14:00:00+00:00,2024-06-28 14:00:00+00:00,5562.0,5583.375,85.5,82.5,1.375,85.5,57.0,3.0,tp,1,6
futures,ES,reddit_orb_breakout,reddit_orb_breakout|ny|range=15|entry=150|rr=1.5|sl_atr=1|tp_atr=1.5|threshold=2|adx_max=none|adx_min=none|rsi2=none|trend=ema|max_bars=24,short,39164,39165,39165,2024-07-01 13:45:00+00:00,2024-07-01 14:00:00+00:00,2024-07-01 14:00:00+00:00,5528.25,5511.75,66.0,63.0,1.3404255319148937,66.0,44.0,3.0,tp,1,6
futures,ES,reddit_orb_breakout,reddit_orb_breakout|ny|range=15|entry=150|rr=1.5|sl_atr=1|tp_atr=1.5|threshold=2|adx_max=none|adx_min=none|rsi2=none|trend=ema|max_bars=24,long,39348,39349,39358,2024-07-03 13:45:00+00:00,2024-07-03 14:00:00+00:00,2024-07-03 16:15:00+00:00,5574.0,5589.375,61.5,58.5,1.3295454545454546,61.5,41.0,3.0,tp,9,6
futures,ES,reddit_orb_breakout,reddit_orb_breakout|ny|range=15|entry=150|rr=1.5|sl_atr=1|tp_atr=1.5|threshold=2|adx_max=none|adx_min=none|rsi2=none|trend=ema|max_bars=24,long,39501,39502,39502,2024-07-05 13:45:00+00:00,2024-07-05 14:00:00+00:00,2024-07-05 14:00:00+00:00,5600.25,5590.0,-41.0,-44.0,-1.0,61.5,41.0,3.0,sl,1,6
futures,ES,reddit_orb_breakout,reddit_orb_breakout|ny|range=15|entry=150|rr=1.5|sl_atr=1|tp_atr=1.5|threshold=2|adx_max=none|adx_min=none|rsi2=none|trend=ema|max_bars=24,long,39778,39779,39782,2024-07-10 14:00:00+00:00,2024-07-10 14:15:00+00:00,2024-07-10 15:00:00+00:00,5649.75,5640.5,-37.0,-40.0,-1.0,55.5,37.0,3.0,sl,3,6
futures,ES,reddit_orb_breakout,reddit_orb_breakout|ny|range=15|entry=150|rr=1.5|sl_atr=1|tp_atr=1.5|threshold=2|adx_max=none|adx_min=none|rsi2=none|trend=ema|max_bars=24,long,39869,39870,39870,2024-07-11 13:45:00+00:00,2024-07-11 14:00:00+00:00,2024-07-11 14:00:00+00:00,5692.25,5684.5,-31.0,-34.0,-1.0,46.5,31.0,3.0,sl,1,6
futures,ES,reddit_orb_breakout,reddit_orb_breakout|ny|range=15|entry=150|rr=1.5|sl_atr=1|tp_atr=1.5|threshold=2|adx_max=none|adx_min=none|rsi2=none|trend=ema|max_bars=24,long,39967,39968,39986,2024-07-12 15:15:00+00:00,2024-07-12 15:30:00+00:00,2024-07-12 20:00:00+00:00,5688.0,5668.75,-77.0,-80.0,-0.43243243243243246,273.0,182.0,3.0,session_close,18,6
futures,ES,reddit_orb_breakout,reddit_orb_breakout|ny|range=15|entry=150|rr=1.5|sl_atr=1|tp_atr=1.5|threshold=2|adx_max=none|adx_min=none|rsi2=none|trend=ema|max_bars=24,long,40056,40057,40066,2024-07-15 14:30:00+00:00,2024-07-15 14:45:00+00:00,2024-07-15 17:00:00+00:00,5702.5,5688.0,-58.0,-61.0,-1.0,87.0,58.0,3.0,sl,9,6
futures,ES,reddit_orb_breakout,reddit_orb_breakout|ny|range=15|entry=150|rr=1.5|sl_atr=1|tp_atr=1.5|threshold=2|adx_max=none|adx_min=none|rsi2=none|trend=ema|max_bars=24,long,40150,40151,40154,2024-07-16 15:00:00+00:00,2024-07-16 15:15:00+00:00,2024-07-16 16:00:00+00:00,5708.75,5696.75,-48.0,-51.0,-1.0,72.0,48.0,3.0,sl,3,6
futures,ES,reddit_orb_breakout,reddit_orb_breakout|ny|range=15|entry=150|rr=1.5|sl_atr=1|tp_atr=1.5|threshold=2|adx_max=none|adx_min=none|rsi2=none|trend=ema|max_bars=24,short,40239,40240,40262,2024-07-17 14:15:00+00:00,2024-07-17 14:30:00+00:00,2024-07-17 20:00:00+00:00,5654.25,5638.75,62.0,59.0,0.9365079365079365,90.0,60.0,3.0,session_close,22,6
futures,ES,reddit_orb_breakout,reddit_orb_breakout|ny|range=15|entry=150|rr=1.5|sl_atr=1|tp_atr=1.5|threshold=2|adx_max=none|adx_min=none|rsi2=none|trend=ema|max_bars=24,short,40332,40333,40348,2024-07-18 14:30:00+00:00,2024-07-18 14:45:00+00:00,2024-07-18 18:30:00+00:00,5629.0,5589.625,157.5,154.5,1.4305555555555556,157.5,105.0,3.0,tp,15,6
futures,ES,reddit_orb_breakout,reddit_orb_breakout|ny|range=15|entry=150|rr=1.5|sl_atr=1|tp_atr=1.5|threshold=2|adx_max=none|adx_min=none|rsi2=none|trend=ema|max_bars=24,short,40423,40424,40446,2024-07-19 14:15:00+00:00,2024-07-19 14:30:00+00:00,2024-07-19 20:00:00+00:00,5574.5,5548.25,105.0,102.0,0.8225806451612904,181.5,121.0,3.0,session_close,22,6
futures,ES,reddit_orb_breakout,reddit_orb_breakout|ny|range=15|entry=150|rr=1.5|sl_atr=1|tp_atr=1.5|threshold=2|adx_max=none|adx_min=none|rsi2=none|trend=ema|max_bars=24,short,40519,40520,40526,2024-07-22 15:15:00+00:00,2024-07-22 15:30:00+00:00,2024-07-22 17:00:00+00:00,5580.5,5603.0,-90.0,-93.0,-1.0,135.0,90.0,3.0,sl,6,6
futures,ES,reddit_orb_breakout,reddit_orb_breakout|ny|range=15|entry=150|rr=1.5|sl_atr=1|tp_atr=1.5|threshold=2|adx_max=none|adx_min=none|rsi2=none|trend=ema|max_bars=24,long,40606,40607,40617,2024-07-23 14:00:00+00:00,2024-07-23 14:15:00+00:00,2024-07-23 16:45:00+00:00,5621.0,5603.5,-70.0,-73.0,-1.0,105.0,70.0,3.0,sl,10,6
futures,ES,reddit_orb_breakout,reddit_orb_breakout|ny|range=15|entry=150|rr=1.5|sl_atr=1|tp_atr=1.5|threshold=2|adx_max=none|adx_min=none|rsi2=none|trend=ema|max_bars=24,short,40697,40698,40716,2024-07-24 13:45:00+00:00,2024-07-24 14:00:00+00:00,2024-07-24 18:30:00+00:00,5527.0,5489.875,148.5,145.5,1.4264705882352942,148.5,99.0,3.0,tp,18,6
futures,ES,reddit_orb_breakout,reddit_orb_breakout|ny|range=15|entry=150|rr=1.5|sl_atr=1|tp_atr=1.5|threshold=2|adx_max=none|adx_min=none|rsi2=none|trend=ema|max_bars=24,short,40789,40790,40793,2024-07-25 13:45:00+00:00,2024-07-25 14:00:00+00:00,2024-07-25 14:45:00+00:00,5457.0,5474.25,-69.0,-72.0,-1.0,103.5,69.0,3.0,sl,3,6
futures,ES,reddit_orb_breakout,reddit_orb_breakout|ny|range=15|entry=150|rr=1.5|sl_atr=1|tp_atr=1.5|threshold=2|adx_max=none|adx_min=none|rsi2=none|trend=ema|max_bars=24,long,40973,40974,40976,2024-07-29 13:45:00+00:00,2024-07-29 14:00:00+00:00,2024-07-29 14:30:00+00:00,5520.75,5501.5,-77.0,-80.0,-1.0,115.5,77.0,3.0,sl,2,6
futures,ES,reddit_orb_breakout,reddit_orb_breakout|ny|range=15|entry=150|rr=1.5|sl_atr=1|tp_atr=1.5|threshold=2|adx_max=none|adx_min=none|rsi2=none|trend=ema|max_bars=24,short,41072,41073,41090,2024-07-30 15:30:00+00:00,2024-07-30 15:45:00+00:00,2024-07-30 20:00:00+00:00,5461.25,5444.0,69.0,66.0,0.2462686567164179,397.5,265.0,3.0,session_close,17,6
futures,ES,reddit_orb_breakout,reddit_orb_breakout|ny|range=15|entry=150|rr=1.5|sl_atr=1|tp_atr=1.5|threshold=2|adx_max=none|adx_min=none|rsi2=none|trend=ema|max_bars=24,long,41158,41159,41177,2024-07-31 14:00:00+00:00,2024-07-31 14:15:00+00:00,2024-07-31 18:45:00+00:00,5552.0,5586.875,139.5,136.5,1.421875,139.5,93.0,3.0,tp,18,6
futures,ES,reddit_orb_breakout,reddit_orb_breakout|ny|range=15|entry=150|rr=1.5|sl_atr=1|tp_atr=1.5|threshold=2|adx_max=none|adx_min=none|rsi2=none|trend=ema|max_bars=24,short,41342,41343,41366,2024-08-02 14:00:00+00:00,2024-08-02 14:15:00+00:00,2024-08-02 20:00:00+00:00,5345.25,5372.0,-107.0,-110.0,-0.37800687285223367,432.0,288.0,3.0,session_close,23,6
futures,ES,reddit_orb_breakout,reddit_orb_breakout|ny|range=15|entry=150|rr=1.5|sl_atr=1|tp_atr=1.5|threshold=2|adx_max=none|adx_min=none|rsi2=none|trend=ema|max_bars=24,long,41617,41618,41625,2024-08-07 13:45:00+00:00,2024-08-07 14:00:00+00:00,2024-08-07 15:45:00+00:00,5353.25,5323.25,-120.0,-123.0,-1.0,180.0,120.0,3.0,sl,7,6
futures,ES,reddit_orb_breakout,reddit_orb_breakout|ny|range=15|entry=150|rr=1.5|sl_atr=1|tp_atr=1.5|threshold=2|adx_max=none|adx_min=none|rsi2=none|trend=ema|max_bars=24,long,41802,41803,41826,2024-08-09 14:00:00+00:00,2024-08-09 14:15:00+00:00,2024-08-09 20:00:00+00:00,5353.75,5367.75,56.0,53.0,0.5698924731182796,135.0,90.0,3.0,session_close,23,6
futures,ES,reddit_orb_breakout,reddit_orb_breakout|ny|range=15|entry=150|rr=1.5|sl_atr=1|tp_atr=1.5|threshold=2|adx_max=none|adx_min=none|rsi2=none|trend=ema|max_bars=24,long,41985,41986,41988,2024-08-13 13:45:00+00:00,2024-08-13 14:00:00+00:00,2024-08-13 14:30:00+00:00,5416.25,5401.5,-59.0,-62.0,-1.0,88.5,59.0,3.0,sl,2,6
futures,ES,reddit_orb_breakout,reddit_orb_breakout|ny|range=15|entry=150|rr=1.5|sl_atr=1|tp_atr=1.5|threshold=2|adx_max=none|adx_min=none|rsi2=none|trend=ema|max_bars=24,long,42084,42085,42102,2024-08-14 15:30:00+00:00,2024-08-14 15:45:00+00:00,2024-08-14 20:00:00+00:00,5473.0,5484.5,46.0,43.0,0.5058823529411764,123.0,82.0,3.0,session_close,17,6
futures,ES,reddit_orb_breakout,reddit_orb_breakout|ny|range=15|entry=150|rr=1.5|sl_atr=1|tp_atr=1.5|threshold=2|adx_max=none|adx_min=none|rsi2=none|trend=ema|max_bars=24,long,42171,42172,42179,2024-08-15 14:15:00+00:00,2024-08-15 14:30:00+00:00,2024-08-15 16:15:00+00:00,5542.0,5564.875,91.5,88.5,1.3828125,91.5,61.0,3.0,tp,7,6
futures,ES,reddit_orb_breakout,reddit_orb_breakout|ny|range=15|entry=150|rr=1.5|sl_atr=1|tp_atr=1.5|threshold=2|adx_max=none|adx_min=none|rsi2=none|trend=ema|max_bars=24,long,42262,42263,42286,2024-08-16 14:00:00+00:00,2024-08-16 14:15:00+00:00,2024-08-16 20:00:00+00:00,5564.0,5581.0,68.0,65.0,0.9420289855072463,99.0,66.0,3.0,session_close,23,6
futures,ES,reddit_orb_breakout,reddit_orb_breakout|ny|range=15|entry=150|rr=1.5|sl_atr=1|tp_atr=1.5|threshold=2|adx_max=none|adx_min=none|rsi2=none|trend=ema|max_bars=24,long,42356,42357,42365,2024-08-19 14:30:00+00:00,2024-08-19 14:45:00+00:00,2024-08-19 16:45:00+00:00,5591.5,5608.375,67.5,64.5,1.34375,67.5,45.0,3.0,tp,8,6
futures,ES,reddit_orb_breakout,reddit_orb_breakout|ny|range=15|entry=150|rr=1.5|sl_atr=1|tp_atr=1.5|threshold=2|adx_max=none|adx_min=none|rsi2=none|trend=ema|max_bars=24,long,42445,42446,42446,2024-08-20 13:45:00+00:00,2024-08-20 14:00:00+00:00,2024-08-20 14:00:00+00:00,5642.5,5625.75,-67.0,-70.0,-1.0,100.5,67.0,3.0,sl,1,6
futures,ES,reddit_orb_breakout,reddit_orb_breakout|ny|range=15|entry=150|rr=1.5|sl_atr=1|tp_atr=1.5|threshold=2|adx_max=none|adx_min=none|rsi2=none|trend=ema|max_bars=24,long,42537,42538,42538,2024-08-21 13:45:00+00:00,2024-08-21 14:00:00+00:00,2024-08-21 14:00:00+00:00,5637.25,5627.5,-39.0,-42.0,-1.0,58.5,39.0,3.0,sl,1,6
futures,ES,reddit_orb_breakout,reddit_orb_breakout|ny|range=15|entry=150|rr=1.5|sl_atr=1|tp_atr=1.5|threshold=2|adx_max=none|adx_min=none|rsi2=none|trend=ema|max_bars=24,long,42723,42724,42725,2024-08-23 14:15:00+00:00,2024-08-23 14:30:00+00:00,2024-08-23 14:45:00+00:00,5657.75,5618.75,-156.0,-159.0,-1.0,234.0,156.0,3.0,sl,1,6
futures,ES,reddit_orb_breakout,reddit_orb_breakout|ny|range=15|entry=150|rr=1.5|sl_atr=1|tp_atr=1.5|threshold=2|adx_max=none|adx_min=none|rsi2=none|trend=ema|max_bars=24,short,43003,43004,43022,2024-08-28 15:15:00+00:00,2024-08-28 15:30:00+00:00,2024-08-28 20:00:00+00:00,5611.0,5606.25,19.0,16.0,0.11678832116788321,201.0,134.0,3.0,session_close,18,6
futures,ES,reddit_orb_breakout,reddit_orb_breakout|ny|range=15|entry=150|rr=1.5|sl_atr=1|tp_atr=1.5|threshold=2|adx_max=none|adx_min=none|rsi2=none|trend=ema|max_bars=24,long,43095,43096,43108,2024-08-29 15:15:00+00:00,2024-08-29 15:30:00+00:00,2024-08-29 18:30:00+00:00,5648.25,5623.0,-101.0,-104.0,-1.0,151.5,101.0,3.0,sl,12,6
futures,ES,reddit_orb_breakout,reddit_orb_breakout|ny|range=15|entry=150|rr=1.5|sl_atr=1|tp_atr=1.5|threshold=2|adx_max=none|adx_min=none|rsi2=none|trend=ema|max_bars=24,long,43276,43277,43286,2024-09-02 14:30:00+00:00,2024-09-02 14:45:00+00:00,2024-09-02 22:00:00+00:00,5665.75,5668.25,10.0,7.0,0.15555555555555556,63.0,42.0,3.0,session_close,9,6
futures,ES,reddit_orb_breakout,reddit_orb_breakout|ny|range=15|entry=150|rr=1.5|sl_atr=1|tp_atr=1.5|threshold=2|adx_max=none|adx_min=none|rsi2=none|trend=ema|max_bars=24,short,43349,43350,43351,2024-09-03 13:45:00+00:00,2024-09-03 14:00:00+00:00,2024-09-03 14:15:00+00:00,5612.25,5585.625,106.5,103.5,1.3986486486486487,106.5,71.0,3.0,tp,1,6
futures,ES,reddit_orb_breakout,reddit_orb_breakout|ny|range=15|entry=150|rr=1.5|sl_atr=1|tp_atr=1.5|threshold=2|adx_max=none|adx_min=none|rsi2=none|trend=ema|max_bars=24,short,43537,43538,43540,2024-09-05 14:45:00+00:00,2024-09-05 15:00:00+00:00,2024-09-05 15:30:00+00:00,5523.25,5497.0,105.0,102.0,1.3972602739726028,105.0,70.0,3.0,tp,2,6
futures,ES,reddit_orb_breakout,reddit_orb_breakout|ny|range=15|entry=150|rr=1.5|sl_atr=1|tp_atr=1.5|threshold=2|adx_max=none|adx_min=none|rsi2=none|trend=ema|max_bars=24,short,43625,43626,43629,2024-09-06 13:45:00+00:00,2024-09-06 14:00:00+00:00,2024-09-06 14:45:00+00:00,5495.75,5440.625,220.5,217.5,1.45,220.5,147.0,3.0,tp,3,6
futures,ES,reddit_orb_breakout,reddit_orb_breakout|ny|range=15|entry=150|rr=1.5|sl_atr=1|tp_atr=1.5|threshold=2|adx_max=none|adx_min=none|rsi2=none|trend=ema|max_bars=24,short,43720,43721,43724,2024-09-09 14:30:00+00:00,2024-09-09 14:45:00+00:00,2024-09-09 15:30:00+00:00,5453.5,5468.25,-59.0,-62.0,-1.0,88.5,59.0,3.0,sl,3,6
futures,ES,reddit_orb_breakout,reddit_orb_breakout|ny|range=15|entry=150|rr=1.5|sl_atr=1|tp_atr=1.5|threshold=2|adx_max=none|adx_min=none|rsi2=none|trend=ema|max_bars=24,short,43904,43905,43914,2024-09-11 14:30:00+00:00,2024-09-11 14:45:00+00:00,2024-09-11 17:00:00+00:00,5416.25,5501.5,-341.0,-344.0,-1.0,511.5,341.0,3.0,sl,9,6
futures,ES,reddit_orb_breakout,reddit_orb_breakout|ny|range=15|entry=150|rr=1.5|sl_atr=1|tp_atr=1.5|threshold=2|adx_max=none|adx_min=none|rsi2=none|trend=ema|max_bars=24,long,43994,43995,43996,2024-09-12 14:00:00+00:00,2024-09-12 14:15:00+00:00,2024-09-12 14:30:00+00:00,5567.0,5557.25,-39.0,-42.0,-1.0,58.5,39.0,3.0,sl,1,6
futures,ES,reddit_orb_breakout,reddit_orb_breakout|ny|range=15|entry=150|rr=1.5|sl_atr=1|tp_atr=1.5|threshold=2|adx_max=none|adx_min=none|rsi2=none|trend=ema|max_bars=24,long,44085,44086,44110,2024-09-13 13:45:00+00:00,2024-09-13 14:00:00+00:00,2024-09-13 20:00:00+00:00,5620.25,5628.5,33.0,30.0,0.46875,91.5,61.0,3.0,session_close,24,6
futures,ES,reddit_orb_breakout,reddit_orb_breakout|ny|range=15|entry=150|rr=1.5|sl_atr=1|tp_atr=1.5|threshold=2|adx_max=none|adx_min=none|rsi2=none|trend=ema|max_bars=24,long,44177,44178,44180,2024-09-16 13:45:00+00:00,2024-09-16 14:00:00+00:00,2024-09-16 14:30:00+00:00,5635.0,5618.25,-67.0,-70.0,-1.0,100.5,67.0,3.0,sl,2,6
futures,ES,reddit_orb_breakout,reddit_orb_breakout|ny|range=15|entry=150|rr=1.5|sl_atr=1|tp_atr=1.5|threshold=2|adx_max=none|adx_min=none|rsi2=none|trend=ema|max_bars=24,long,44270,44271,44278,2024-09-17 14:00:00+00:00,2024-09-17 14:15:00+00:00,2024-09-17 16:00:00+00:00,5667.5,5655.5,-48.0,-51.0,-1.0,72.0,48.0,3.0,sl,7,6
futures,ES,reddit_orb_breakout,reddit_orb_breakout|ny|range=15|entry=150|rr=1.5|sl_atr=1|tp_atr=1.5|threshold=2|adx_max=none|adx_min=none|rsi2=none|trend=ema|max_bars=24,long,44455,44456,44478,2024-09-19 14:15:00+00:00,2024-09-19 14:30:00+00:00,2024-09-19 20:00:00+00:00,5781.5,5772.75,-35.0,-38.0,-0.3958333333333333,139.5,93.0,3.0,session_close,22,6
futures,ES,reddit_orb_breakout,reddit_orb_breakout|ny|range=15|entry=150|rr=1.5|sl_atr=1|tp_atr=1.5|threshold=2|adx_max=none|adx_min=none|rsi2=none|trend=ema|max_bars=24,long,44639,44640,44647,2024-09-23 14:15:00+00:00,2024-09-23 14:30:00+00:00,2024-09-23 16:15:00+00:00,5779.0,5766.25,-51.0,-54.0,-1.0,76.5,51.0,3.0,sl,7,6
futures,ES,reddit_orb_breakout,reddit_orb_breakout|ny|range=15|entry=150|rr=1.5|sl_atr=1|tp_atr=1.5|threshold=2|adx_max=none|adx_min=none|rsi2=none|trend=ema|max_bars=24,long,44737,44738,44748,2024-09-24 15:45:00+00:00,2024-09-24 16:00:00+00:00,2024-09-24 18:30:00+00:00,5785.5,5775.5,-40.0,-43.0,-1.0,60.0,40.0,3.0,sl,10,6
futures,ES,reddit_orb_breakout,reddit_orb_breakout|ny|range=15|entry=150|rr=1.5|sl_atr=1|tp_atr=1.5|threshold=2|adx_max=none|adx_min=none|rsi2=none|trend=ema|max_bars=24,long,45007,45008,45012,2024-09-27 14:15:00+00:00,2024-09-27 14:30:00+00:00,2024-09-27 15:30:00+00:00,5817.75,5806.25,-46.0,-49.0,-1.0,69.0,46.0,3.0,sl,4,6
futures,ES,reddit_orb_breakout,reddit_orb_breakout|ny|range=15|entry=150|rr=1.5|sl_atr=1|tp_atr=1.5|threshold=2|adx_max=none|adx_min=none|rsi2=none|trend=ema|max_bars=24,short,45376,45377,45377,2024-10-03 14:30:00+00:00,2024-10-03 14:45:00+00:00,2024-10-03 14:45:00+00:00,5739.5,5753.0,-54.0,-57.0,-1.0,81.0,54.0,3.0,sl,1,6
futures,ES,reddit_orb_breakout,reddit_orb_breakout|ny|range=15|entry=150|rr=1.5|sl_atr=1|tp_atr=1.5|threshold=2|adx_max=none|adx_min=none|rsi2=none|trend=ema|max_bars=24,long,45655,45656,45674,2024-10-08 15:15:00+00:00,2024-10-08 15:30:00+00:00,2024-10-08 20:00:00+00:00,5788.0,5800.0,48.0,45.0,0.45,145.5,97.0,3.0,session_close,18,6
futures,ES,reddit_orb_breakout,reddit_orb_breakout|ny|range=15|entry=150|rr=1.5|sl_atr=1|tp_atr=1.5|threshold=2|adx_max=none|adx_min=none|rsi2=none|trend=ema|max_bars=24,long,45742,45743,45747,2024-10-09 14:00:00+00:00,2024-10-09 14:15:00+00:00,2024-10-09 15:15:00+00:00,5806.75,5826.25,78.0,75.0,1.3636363636363635,78.0,52.0,3.0,tp,4,6
futures,ES,reddit_orb_breakout,reddit_orb_breakout|ny|range=15|entry=150|rr=1.5|sl_atr=1|tp_atr=1.5|threshold=2|adx_max=none|adx_min=none|rsi2=none|trend=ema|max_bars=24,long,45834,45835,45849,2024-10-10 14:00:00+00:00,2024-10-10 14:15:00+00:00,2024-10-10 17:45:00+00:00,5829.0,5816.75,-49.0,-52.0,-1.0,73.5,49.0,3.0,sl,14,6
futures,ES,reddit_orb_breakout,reddit_orb_breakout|ny|range=15|entry=150|rr=1.5|sl_atr=1|tp_atr=1.5|threshold=2|adx_max=none|adx_min=none|rsi2=none|trend=ema|max_bars=24,long,45925,45926,45927,2024-10-11 13:45:00+00:00,2024-10-11 14:00:00+00:00,2024-10-11 14:15:00+00:00,5838.25,5860.75,90.0,87.0,1.380952380952381,90.0,60.0,3.0,tp,1,6
futures,ES,reddit_orb_breakout,reddit_orb_breakout|ny|range=15|entry=150|rr=1.5|sl_atr=1|tp_atr=1.5|threshold=2|adx_max=none|adx_min=none|rsi2=none|trend=ema|max_bars=24,long,46478,46479,46480,2024-10-21 14:00:00+00:00,2024-10-21 14:15:00+00:00,2024-10-21 14:30:00+00:00,5906.25,5897.5,-35.0,-38.0,-1.0,52.5,35.0,3.0,sl,1,6
futures,ES,reddit_orb_breakout,reddit_orb_breakout|ny|range=15|entry=150|rr=1.5|sl_atr=1|tp_atr=1.5|threshold=2|adx_max=none|adx_min=none|rsi2=none|trend=ema|max_bars=24,short,46662,46663,46666,2024-10-23 14:00:00+00:00,2024-10-23 14:15:00+00:00,2024-10-23 15:00:00+00:00,5865.25,5851.0,57.0,54.0,1.3170731707317074,57.0,38.0,3.0,tp,3,6
futures,ES,reddit_orb_breakout,reddit_orb_breakout|ny|range=15|entry=150|rr=1.5|sl_atr=1|tp_atr=1.5|threshold=2|adx_max=none|adx_min=none|rsi2=none|trend=ema|max_bars=24,short,46757,46758,46762,2024-10-24 14:45:00+00:00,2024-10-24 15:00:00+00:00,2024-10-24 16:00:00+00:00,5845.0,5825.875,76.5,73.5,1.3611111111111112,76.5,51.0,3.0,tp,4,6
futures,ES,reddit_orb_breakout,reddit_orb_breakout|ny|range=15|entry=150|rr=1.5|sl_atr=1|tp_atr=1.5|threshold=2|adx_max=none|adx_min=none|rsi2=none|trend=ema|max_bars=24,long,46845,46846,46858,2024-10-25 13:45:00+00:00,2024-10-25 14:00:00+00:00,2024-10-25 17:00:00+00:00,5888.75,5870.0,-75.0,-78.0,-1.0,112.5,75.0,3.0,sl,12,6
futures,ES,reddit_orb_breakout,reddit_orb_breakout|ny|range=15|entry=150|rr=1.5|sl_atr=1|tp_atr=1.5|threshold=2|adx_max=none|adx_min=none|rsi2=none|trend=ema|max_bars=24,short,47213,47214,47218,2024-10-31 13:45:00+00:00,2024-10-31 14:00:00+00:00,2024-10-31 15:00:00+00:00,5788.0,5759.125,115.5,112.5,1.40625,115.5,77.0,3.0,tp,4,6
futures,ES,reddit_orb_breakout,reddit_orb_breakout|ny|range=15|entry=150|rr=1.5|sl_atr=1|tp_atr=1.5|threshold=2|adx_max=none|adx_min=none|rsi2=none|trend=ema|max_bars=24,short,47405,47406,47422,2024-11-04 16:45:00+00:00,2024-11-04 17:00:00+00:00,2024-11-04 21:00:00+00:00,5734.25,5747.0,-51.0,-54.0,-0.48214285714285715,163.5,109.0,3.0,session_close,16,6
futures,ES,reddit_orb_breakout,reddit_orb_breakout|ny|range=15|entry=150|rr=1.5|sl_atr=1|tp_atr=1.5|threshold=2|adx_max=none|adx_min=none|rsi2=none|trend=ema|max_bars=24,long,47673,47674,47684,2024-11-07 14:45:00+00:00,2024-11-07 15:00:00+00:00,2024-11-07 17:30:00+00:00,5986.0,6001.0,60.0,57.0,1.3255813953488371,60.0,40.0,3.0,tp,10,6
futures,ES,reddit_orb_breakout,reddit_orb_breakout|ny|range=15|entry=150|rr=1.5|sl_atr=1|tp_atr=1.5|threshold=2|adx_max=none|adx_min=none|rsi2=none|trend=ema|max_bars=24,long,47765,47766,47780,2024-11-08 14:45:00+00:00,2024-11-08 15:00:00+00:00,2024-11-08 18:30:00+00:00,6014.5,6029.125,58.5,55.5,1.3214285714285714,58.5,39.0,3.0,tp,14,6
futures,ES,reddit_orb_breakout,reddit_orb_breakout|ny|range=15|entry=150|rr=1.5|sl_atr=1|tp_atr=1.5|threshold=2|adx_max=none|adx_min=none|rsi2=none|trend=ema|max_bars=24,short,48042,48043,48047,2024-11-13 15:00:00+00:00,2024-11-13 15:15:00+00:00,2024-11-13 16:15:00+00:00,6003.25,6019.75,-66.0,-69.0,-1.0,99.0,66.0,3.0,sl,4,6
futures,ES,reddit_orb_breakout,reddit_orb_breakout|ny|range=15|entry=150|rr=1.5|sl_atr=1|tp_atr=1.5|threshold=2|adx_max=none|adx_min=none|rsi2=none|trend=ema|max_bars=24,short,48141,48142,48158,2024-11-14 16:45:00+00:00,2024-11-14 17:00:00+00:00,2024-11-14 21:00:00+00:00,5998.5,5964.75,135.0,132.0,1.4505494505494505,132.0,88.0,3.0,session_close,16,6
futures,ES,reddit_orb_breakout,reddit_orb_breakout|ny|range=15|entry=150|rr=1.5|sl_atr=1|tp_atr=1.5|threshold=2|adx_max=none|adx_min=none|rsi2=none|trend=ema|max_bars=24,short,48225,48226,48228,2024-11-15 14:45:00+00:00,2024-11-15 15:00:00+00:00,2024-11-15 15:30:00+00:00,5926.5,5903.625,91.5,88.5,1.3828125,91.5,61.0,3.0,tp,2,6
futures,ES,reddit_orb_breakout,reddit_orb_breakout|ny|range=15|entry=150|rr=1.5|sl_atr=1|tp_atr=1.5|threshold=2|adx_max=none|adx_min=none|rsi2=none|trend=ema|max_bars=24,long,48685,48686,48687,2024-11-22 14:45:00+00:00,2024-11-22 15:00:00+00:00,2024-11-22 15:15:00+00:00,5990.75,5967.0,-95.0,-98.0,-1.0,142.5,95.0,3.0,sl,1,6
futures,ES,reddit_orb_breakout,reddit_orb_breakout|ny|range=15|entry=150|rr=1.5|sl_atr=1|tp_atr=1.5|threshold=2|adx_max=none|adx_min=none|rsi2=none|trend=ema|max_bars=24,long,48875,48876,48893,2024-11-26 16:15:00+00:00,2024-11-26 16:30:00+00:00,2024-11-26 20:45:00+00:00,6026.0,6041.75,63.0,60.0,1.3333333333333333,63.0,42.0,3.0,tp,17,6
futures,ES,reddit_orb_breakout,reddit_orb_breakout|ny|range=15|entry=150|rr=1.5|sl_atr=1|tp_atr=1.5|threshold=2|adx_max=none|adx_min=none|rsi2=none|trend=ema|max_bars=24,long,49053,49054,49066,2024-11-28 14:45:00+00:00,2024-11-28 15:00:00+00:00,2024-11-28 23:00:00+00:00,6028.0,6027.25,-3.0,-6.0,-0.375,19.5,13.0,3.0,session_close,12,6
futures,ES,reddit_orb_breakout,reddit_orb_breakout|ny|range=15|entry=150|rr=1.5|sl_atr=1|tp_atr=1.5|threshold=2|adx_max=none|adx_min=none|rsi2=none|trend=ema|max_bars=24,long,49129,49130,49137,2024-11-29 14:45:00+00:00,2024-11-29 15:00:00+00:00,2024-11-29 16:45:00+00:00,6032.75,6053.375,82.5,79.5,1.3706896551724137,82.5,55.0,3.0,tp,7,6
futures,ES,reddit_orb_breakout,reddit_orb_breakout|ny|range=15|entry=150|rr=1.5|sl_atr=1|tp_atr=1.5|threshold=2|adx_max=none|adx_min=none|rsi2=none|trend=ema|max_bars=24,long,49215,49216,49231,2024-12-02 17:00:00+00:00,2024-12-02 17:15:00+00:00,2024-12-02 21:00:00+00:00,6064.25,6066.5,9.0,6.0,0.11764705882352941,72.0,48.0,3.0,session_close,15,6
futures,ES,reddit_orb_breakout,reddit_orb_breakout|ny|range=15|entry=150|rr=1.5|sl_atr=1|tp_atr=1.5|threshold=2|adx_max=none|adx_min=none|rsi2=none|trend=ema|max_bars=24,long,49393,49394,49405,2024-12-04 15:30:00+00:00,2024-12-04 15:45:00+00:00,2024-12-04 18:30:00+00:00,6084.5,6078.75,-23.0,-26.0,-1.0,34.5,23.0,3.0,sl,11,6
futures,ES,reddit_orb_breakout,reddit_orb_breakout|ny|range=15|entry=150|rr=1.5|sl_atr=1|tp_atr=1.5|threshold=2|adx_max=none|adx_min=none|rsi2=none|trend=ema|max_bars=24,long,49491,49492,49496,2024-12-05 17:00:00+00:00,2024-12-05 17:15:00+00:00,2024-12-05 18:15:00+00:00,6103.75,6096.0,-31.0,-34.0,-1.0,46.5,31.0,3.0,sl,4,6
futures,ES,reddit_orb_breakout,reddit_orb_breakout|ny|range=15|entry=150|rr=1.5|sl_atr=1|tp_atr=1.5|threshold=2|adx_max=none|adx_min=none|rsi2=none|trend=ema|max_bars=24,long,49574,49575,49583,2024-12-06 14:45:00+00:00,2024-12-06 15:00:00+00:00,2024-12-06 17:00:00+00:00,6109.75,6093.5,-65.0,-68.0,-1.0,97.5,65.0,3.0,sl,8,6
futures,ES,reddit_orb_breakout,reddit_orb_breakout|ny|range=15|entry=150|rr=1.5|sl_atr=1|tp_atr=1.5|threshold=2|adx_max=none|adx_min=none|rsi2=none|trend=ema|max_bars=24,short,49674,49675,49691,2024-12-09 16:45:00+00:00,2024-12-09 17:00:00+00:00,2024-12-09 21:00:00+00:00,6078.75,6061.5,69.0,66.0,0.8354430379746836,114.0,76.0,3.0,session_close,16,6
futures,ES,reddit_orb_breakout,reddit_orb_breakout|ny|range=15|entry=150|rr=1.5|sl_atr=1|tp_atr=1.5|threshold=2|adx_max=none|adx_min=none|rsi2=none|trend=ema|max_bars=24,long,49858,49859,49875,2024-12-11 16:45:00+00:00,2024-12-11 17:00:00+00:00,2024-12-11 21:00:00+00:00,6095.75,6088.25,-30.0,-33.0,-0.34375,139.5,93.0,3.0,session_close,16,6
futures,ES,reddit_orb_breakout,reddit_orb_breakout|ny|range=15|entry=150|rr=1.5|sl_atr=1|tp_atr=1.5|threshold=2|adx_max=none|adx_min=none|rsi2=none|trend=ema|max_bars=24,long,49946,49947,49950,2024-12-12 15:45:00+00:00,2024-12-12 16:00:00+00:00,2024-12-12 16:45:00+00:00,6083.75,6075.0,-35.0,-38.0,-1.0,52.5,35.0,3.0,sl,3,6
futures,ES,reddit_orb_breakout,reddit_orb_breakout|ny|range=15|entry=150|rr=1.5|sl_atr=1|tp_atr=1.5|threshold=2|adx_max=none|adx_min=none|rsi2=none|trend=ema|max_bars=24,short,50038,50039,50059,2024-12-13 15:45:00+00:00,2024-12-13 16:00:00+00:00,2024-12-13 21:00:00+00:00,6048.0,6050.0,-8.0,-11.0,-0.07746478873239436,208.5,139.0,3.0,session_close,20,6
futures,ES,reddit_orb_breakout,reddit_orb_breakout|ny|range=15|entry=150|rr=1.5|sl_atr=1|tp_atr=1.5|threshold=2|adx_max=none|adx_min=none|rsi2=none|trend=ema|max_bars=24,long,50129,50130,50151,2024-12-16 15:30:00+00:00,2024-12-16 15:45:00+00:00,2024-12-16 21:00:00+00:00,6081.25,6076.0,-21.0,-24.0,-0.46153846153846156,73.5,49.0,3.0,session_close,21,6
futures,ES,reddit_orb_breakout,reddit_orb_breakout|ny|range=15|entry=150|rr=1.5|sl_atr=1|tp_atr=1.5|threshold=2|adx_max=none|adx_min=none|rsi2=none|trend=ema|max_bars=24,short,50219,50220,50223,2024-12-17 15:00:00+00:00,2024-12-17 15:15:00+00:00,2024-12-17 16:00:00+00:00,6045.5,6057.25,-47.0,-50.0,-1.0,70.5,47.0,3.0,sl,3,6
futures,ES,reddit_orb_breakout,reddit_orb_breakout|ny|range=15|entry=150|rr=1.5|sl_atr=1|tp_atr=1.5|threshold=2|adx_max=none|adx_min=none|rsi2=none|trend=ema|max_bars=24,long,50310,50311,50314,2024-12-18 14:45:00+00:00,2024-12-18 15:00:00+00:00,2024-12-18 15:45:00+00:00,6129.25,6145.375,64.5,61.5,1.3369565217391304,64.5,43.0,3.0,tp,3,6
futures,ES,reddit_orb_breakout,reddit_orb_breakout|ny|range=15|entry=150|rr=1.5|sl_atr=1|tp_atr=1.5|threshold=2|adx_max=none|adx_min=none|rsi2=none|trend=ema|max_bars=24,short,50402,50403,50425,2024-12-19 14:45:00+00:00,2024-12-19 15:00:00+00:00,2024-12-19 20:30:00+00:00,5980.5,5943.375,148.5,145.5,1.4264705882352942,148.5,99.0,3.0,tp,22,6
futures,ES,reddit_orb_breakout,reddit_orb_breakout|ny|range=15|entry=150|rr=1.5|sl_atr=1|tp_atr=1.5|threshold=2|adx_max=none|adx_min=none|rsi2=none|trend=ema|max_bars=24,long,50594,50595,50611,2024-12-23 16:45:00+00:00,2024-12-23 17:00:00+00:00,2024-12-23 21:00:00+00:00,6014.5,6037.75,93.0,90.0,1.0975609756097562,118.5,79.0,3.0,session_close,16,6
futures,ES,reddit_orb_breakout,reddit_orb_breakout|ny|range=15|entry=150|rr=1.5|sl_atr=1|tp_atr=1.5|threshold=2|adx_max=none|adx_min=none|rsi2=none|trend=ema|max_bars=24,long,50678,50679,50685,2024-12-24 14:45:00+00:00,2024-12-24 15:00:00+00:00,2024-12-24 16:30:00+00:00,6059.25,6084.75,102.0,99.0,1.3943661971830985,102.0,68.0,3.0,tp,6,6
futures,ES,reddit_orb_breakout,reddit_orb_breakout|ny|range=15|entry=150|rr=1.5|sl_atr=1|tp_atr=1.5|threshold=2|adx_max=none|adx_min=none|rsi2=none|trend=ema|max_bars=24,long,50759,50760,50780,2024-12-26 15:45:00+00:00,2024-12-26 16:00:00+00:00,2024-12-26 21:00:00+00:00,6090.5,6092.5,8.0,5.0,0.1,70.5,47.0,3.0,session_close,20,6
futures,ES,reddit_orb_breakout,reddit_orb_breakout|ny|range=15|entry=150|rr=1.5|sl_atr=1|tp_atr=1.5|threshold=2|adx_max=none|adx_min=none|rsi2=none|trend=ema|max_bars=24,short,50849,50850,50872,2024-12-27 15:15:00+00:00,2024-12-27 15:30:00+00:00,2024-12-27 21:00:00+00:00,6007.5,6030.25,-91.0,-94.0,-0.48205128205128206,288.0,192.0,3.0,session_close,22,6
futures,ES,reddit_orb_breakout,reddit_orb_breakout|ny|range=15|entry=150|rr=1.5|sl_atr=1|tp_atr=1.5|threshold=2|adx_max=none|adx_min=none|rsi2=none|trend=ema|max_bars=24,short,50939,50940,50945,2024-12-30 14:45:00+00:00,2024-12-30 15:00:00+00:00,2024-12-30 16:15:00+00:00,5927.25,5955.75,-114.0,-117.0,-1.0,171.0,114.0,3.0,sl,5,6
futures,ES,reddit_orb_breakout,reddit_orb_breakout|ny|range=15|entry=150|rr=1.5|sl_atr=1|tp_atr=1.5|threshold=2|adx_max=none|adx_min=none|rsi2=none|trend=ema|max_bars=24,short,51036,51037,51056,2024-12-31 16:00:00+00:00,2024-12-31 16:15:00+00:00,2024-12-31 21:00:00+00:00,5952.25,5937.75,58.0,55.0,0.4824561403508772,166.5,111.0,3.0,session_close,19,6
futures,ES,reddit_orb_breakout,reddit_orb_breakout|ny|range=15|entry=150|rr=1.5|sl_atr=1|tp_atr=1.5|threshold=2|adx_max=none|adx_min=none|rsi2=none|trend=ema|max_bars=24,short,51133,51134,51148,2025-01-02 17:15:00+00:00,2025-01-02 17:30:00+00:00,2025-01-02 21:00:00+00:00,5916.0,5921.75,-23.0,-26.0,-0.11764705882352941,327.0,218.0,3.0,session_close,14,6
futures,ES,reddit_orb_breakout,reddit_orb_breakout|ny|range=15|entry=150|rr=1.5|sl_atr=1|tp_atr=1.5|threshold=2|adx_max=none|adx_min=none|rsi2=none|trend=ema|max_bars=24,long,51307,51308,51323,2025-01-06 14:45:00+00:00,2025-01-06 15:00:00+00:00,2025-01-06 18:45:00+00:00,6049.25,6028.75,-82.0,-85.0,-1.0,123.0,82.0,3.0,sl,15,6
futures,ES,reddit_orb_breakout,reddit_orb_breakout|ny|range=15|entry=150|rr=1.5|sl_atr=1|tp_atr=1.5|threshold=2|adx_max=none|adx_min=none|rsi2=none|trend=ema|max_bars=24,short,51492,51493,51498,2025-01-08 15:00:00+00:00,2025-01-08 15:15:00+00:00,2025-01-08 16:30:00+00:00,5930.5,5954.0,-94.0,-97.0,-1.0,141.0,94.0,3.0,sl,5,6
futures,ES,reddit_orb_breakout,reddit_orb_breakout|ny|range=15|entry=150|rr=1.5|sl_atr=1|tp_atr=1.5|threshold=2|adx_max=none|adx_min=none|rsi2=none|trend=ema|max_bars=24,short,51645,51646,51670,2025-01-10 14:45:00+00:00,2025-01-10 15:00:00+00:00,2025-01-10 21:00:00+00:00,5890.25,5864.75,102.0,99.0,0.7674418604651163,189.0,126.0,3.0,session_close,24,6
futures,ES,reddit_orb_breakout,reddit_orb_breakout|ny|range=15|entry=150|rr=1.5|sl_atr=1|tp_atr=1.5|threshold=2|adx_max=none|adx_min=none|rsi2=none|trend=ema|max_bars=24,long,51921,51922,51946,2025-01-15 14:45:00+00:00,2025-01-15 15:00:00+00:00,2025-01-15 21:00:00+00:00,5981.0,5986.25,21.0,18.0,0.15384615384615385,171.0,114.0,3.0,session_close,24,6
futures,ES,reddit_orb_breakout,reddit_orb_breakout|ny|range=15|entry=150|rr=1.5|sl_atr=1|tp_atr=1.5|threshold=2|adx_max=none|adx_min=none|rsi2=none|trend=ema|max_bars=24,long,52108,52109,52130,2025-01-17 15:30:00+00:00,2025-01-17 15:45:00+00:00,2025-01-17 21:00:00+00:00,6032.0,6030.25,-7.0,-10.0,-0.125,115.5,77.0,3.0,session_close,21,6
futures,ES,reddit_orb_breakout,reddit_orb_breakout|ny|range=15|entry=150|rr=1.5|sl_atr=1|tp_atr=1.5|threshold=2|adx_max=none|adx_min=none|rsi2=none|trend=ema|max_bars=24,long,52281,52282,52298,2025-01-21 16:45:00+00:00,2025-01-21 17:00:00+00:00,2025-01-21 21:00:00+00:00,6071.0,6088.0,68.0,65.0,0.8666666666666667,108.0,72.0,3.0,session_close,16,6
futures,ES,reddit_orb_breakout,reddit_orb_breakout|ny|range=15|entry=150|rr=1.5|sl_atr=1|tp_atr=1.5|threshold=2|adx_max=none|adx_min=none|rsi2=none|trend=ema|max_bars=24,long,52365,52366,52390,2025-01-22 14:45:00+00:00,2025-01-22 15:00:00+00:00,2025-01-22 21:00:00+00:00,6122.25,6118.75,-14.0,-17.0,-0.3617021276595745,66.0,44.0,3.0,session_close,24,6
futures,ES,reddit_orb_breakout,reddit_orb_breakout|ny|range=15|entry=150|rr=1.5|sl_atr=1|tp_atr=1.5|threshold=2|adx_max=none|adx_min=none|rsi2=none|trend=ema|max_bars=24,long,52460,52461,52470,2025-01-23 15:30:00+00:00,2025-01-23 15:45:00+00:00,2025-01-23 18:00:00+00:00,6121.25,6136.25,60.0,57.0,1.3255813953488371,60.0,40.0,3.0,tp,9,6
futures,ES,reddit_orb_breakout,reddit_orb_breakout|ny|range=15|entry=150|rr=1.5|sl_atr=1|tp_atr=1.5|threshold=2|adx_max=none|adx_min=none|rsi2=none|trend=ema|max_bars=24,long,52917,52918,52918,2025-01-30 14:45:00+00:00,2025-01-30 15:00:00+00:00,2025-01-30 15:00:00+00:00,6099.25,6083.5,-63.0,-66.0,-1.0,94.5,63.0,3.0,sl,1,6
futures,ES,reddit_orb_breakout,reddit_orb_breakout|ny|range=15|entry=150|rr=1.5|sl_atr=1|tp_atr=1.5|threshold=2|adx_max=none|adx_min=none|rsi2=none|trend=ema|max_bars=24,long,53009,53010,53014,2025-01-31 14:45:00+00:00,2025-01-31 15:00:00+00:00,2025-01-31 16:00:00+00:00,6128.75,6144.5,63.0,60.0,1.3333333333333333,63.0,42.0,3.0,tp,4,6
futures,ES,reddit_orb_breakout,reddit_orb_breakout|ny|range=15|entry=150|rr=1.5|sl_atr=1|tp_atr=1.5|threshold=2|adx_max=none|adx_min=none|rsi2=none|trend=ema|max_bars=24,short,53102,53103,53103,2025-02-03 15:00:00+00:00,2025-02-03 15:15:00+00:00,2025-02-03 15:15:00+00:00,5956.25,5989.5,-133.0,-136.0,-1.0,199.5,133.0,3.0,sl,1,6
futures,ES,reddit_orb_breakout,reddit_orb_breakout|ny|range=15|entry=150|rr=1.5|sl_atr=1|tp_atr=1.5|threshold=2|adx_max=none|adx_min=none|rsi2=none|trend=ema|max_bars=24,long,53291,53292,53293,2025-02-05 16:15:00+00:00,2025-02-05 16:30:00+00:00,2025-02-05 16:45:00+00:00,6057.0,6073.125,64.5,61.5,1.3369565217391304,64.5,43.0,3.0,tp,1,6
futures,ES,reddit_orb_breakout,reddit_orb_breakout|ny|range=15|entry=150|rr=1.5|sl_atr=1|tp_atr=1.5|threshold=2|adx_max=none|adx_min=none|rsi2=none|trend=ema|max_bars=24,long,53469,53470,53470,2025-02-07 14:45:00+00:00,2025-02-07 15:00:00+00:00,2025-02-07 15:00:00+00:00,6120.5,6107.25,-53.0,-56.0,-1.0,79.5,53.0,3.0,sl,1,6
futures,ES,reddit_orb_breakout,reddit_orb_breakout|ny|range=15|entry=150|rr=1.5|sl_atr=1|tp_atr=1.5|threshold=2|adx_max=none|adx_min=none|rsi2=none|trend=ema|max_bars=24,long,53840,53841,53862,2025-02-13 15:30:00+00:00,2025-02-13 15:45:00+00:00,2025-02-13 21:00:00+00:00,6111.25,6132.75,86.0,83.0,0.49700598802395207,246.0,164.0,3.0,session_close,21,6
futures,ES,reddit_orb_breakout,reddit_orb_breakout|ny|range=15|entry=150|rr=1.5|sl_atr=1|tp_atr=1.5|threshold=2|adx_max=none|adx_min=none|rsi2=none|trend=ema|max_bars=24,long,53930,53931,53932,2025-02-14 15:00:00+00:00,2025-02-14 15:15:00+00:00,2025-02-14 15:30:00+00:00,6142.0,6132.5,-38.0,-41.0,-1.0,57.0,38.0,3.0,sl,1,6
futures,ES,reddit_orb_breakout,reddit_orb_breakout|ny|range=15|entry=150|rr=1.5|sl_atr=1|tp_atr=1.5|threshold=2|adx_max=none|adx_min=none|rsi2=none|trend=ema|max_bars=24,long,54027,54028,54034,2025-02-17 16:15:00+00:00,2025-02-17 16:30:00+00:00,2025-02-17 23:00:00+00:00,6146.25,6141.0,-21.0,-24.0,-0.5581395348837209,60.0,40.0,3.0,session_close,6,6
futures,ES,reddit_orb_breakout,reddit_orb_breakout|ny|range=15|entry=150|rr=1.5|sl_atr=1|tp_atr=1.5|threshold=2|adx_max=none|adx_min=none|rsi2=none|trend=ema|max_bars=24,long,54192,54193,54197,2025-02-19 15:30:00+00:00,2025-02-19 15:45:00+00:00,2025-02-19 16:45:00+00:00,6139.25,6151.25,48.0,45.0,1.2857142857142858,48.0,32.0,3.0,tp,4,6
futures,ES,reddit_orb_breakout,reddit_orb_breakout|ny|range=15|entry=150|rr=1.5|sl_atr=1|tp_atr=1.5|threshold=2|adx_max=none|adx_min=none|rsi2=none|trend=ema|max_bars=24,short,54282,54283,54306,2025-02-20 15:00:00+00:00,2025-02-20 15:15:00+00:00,2025-02-20 21:00:00+00:00,6116.75,6131.0,-57.0,-60.0,-0.4411764705882353,199.5,133.0,3.0,session_close,23,6
futures,ES,reddit_orb_breakout,reddit_orb_breakout|ny|range=15|entry=150|rr=1.5|sl_atr=1|tp_atr=1.5|threshold=2|adx_max=none|adx_min=none|rsi2=none|trend=ema|max_bars=24,short,54373,54374,54376,2025-02-21 14:45:00+00:00,2025-02-21 15:00:00+00:00,2025-02-21 15:30:00+00:00,6115.25,6088.625,106.5,103.5,1.3986486486486487,106.5,71.0,3.0,tp,2,6
futures,ES,reddit_orb_breakout,reddit_orb_breakout|ny|range=15|entry=150|rr=1.5|sl_atr=1|tp_atr=1.5|threshold=2|adx_max=none|adx_min=none|rsi2=none|trend=ema|max_bars=24,short,54557,54558,54559,2025-02-25 14:45:00+00:00,2025-02-25 15:00:00+00:00,2025-02-25 15:15:00+00:00,5981.0,5940.875,160.5,157.5,1.4318181818181819,160.5,107.0,3.0,tp,1,6
futures,ES,reddit_orb_breakout,reddit_orb_breakout|ny|range=15|entry=150|rr=1.5|sl_atr=1|tp_atr=1.5|threshold=2|adx_max=none|adx_min=none|rsi2=none|trend=ema|max_bars=24,short,54741,54742,54766,2025-02-27 14:45:00+00:00,2025-02-27 15:00:00+00:00,2025-02-27 21:00:00+00:00,5951.0,5879.25,287.0,284.0,1.2456140350877194,337.5,225.0,3.0,session_close,24,6
futures,ES,reddit_orb_breakout,reddit_orb_breakout|ny|range=15|entry=150|rr=1.5|sl_atr=1|tp_atr=1.5|threshold=2|adx_max=none|adx_min=none|rsi2=none|trend=ema|max_bars=24,short,55017,55018,55033,2025-03-04 14:45:00+00:00,2025-03-04 15:00:00+00:00,2025-03-04 18:45:00+00:00,5779.0,5824.25,-181.0,-184.0,-1.0,271.5,181.0,3.0,sl,15,6
futures,ES,reddit_orb_breakout,reddit_orb_breakout|ny|range=15|entry=150|rr=1.5|sl_atr=1|tp_atr=1.5|threshold=2|adx_max=none|adx_min=none|rsi2=none|trend=ema|max_bars=24,short,55109,55110,55110,2025-03-05 14:45:00+00:00,2025-03-05 15:00:00+00:00,2025-03-05 15:00:00+00:00,5779.75,5812.75,-132.0,-135.0,-1.0,198.0,132.0,3.0,sl,1,6
futures,ES,reddit_orb_breakout,reddit_orb_breakout|ny|range=15|entry=150|rr=1.5|sl_atr=1|tp_atr=1.5|threshold=2|adx_max=none|adx_min=none|rsi2=none|trend=ema|max_bars=24,short,55210,55211,55226,2025-03-06 17:00:00+00:00,2025-03-06 17:15:00+00:00,2025-03-06 21:00:00+00:00,5748.25,5758.25,-40.0,-43.0,-0.36752136752136755,171.0,114.0,3.0,session_close,15,6
futures,ES,reddit_orb_breakout,reddit_orb_breakout|ny|range=15|entry=150|rr=1.5|sl_atr=1|tp_atr=1.5|threshold=2|adx_max=none|adx_min=none|rsi2=none|trend=ema|max_bars=24,short,55296,55297,55308,2025-03-07 15:30:00+00:00,2025-03-07 15:45:00+00:00,2025-03-07 18:30:00+00:00,5713.25,5765.25,-208.0,-211.0,-1.0,312.0,208.0,3.0,sl,11,6
futures,ES,reddit_orb_breakout,reddit_orb_breakout|ny|range=15|entry=150|rr=1.5|sl_atr=1|tp_atr=1.5|threshold=2|adx_max=none|adx_min=none|rsi2=none|trend=ema|max_bars=24,short,55387,55388,55402,2025-03-10 14:15:00+00:00,2025-03-10 14:30:00+00:00,2025-03-10 18:00:00+00:00,5671.0,5610.625,241.5,238.5,1.454268292682927,241.5,161.0,3.0,tp,14,6
futures,ES,reddit_orb_breakout,reddit_orb_breakout|ny|range=15|entry=150|rr=1.5|sl_atr=1|tp_atr=1.5|threshold=2|adx_max=none|adx_min=none|rsi2=none|trend=ema|max_bars=24,short,55478,55479,55490,2025-03-11 14:00:00+00:00,2025-03-11 14:15:00+00:00,2025-03-11 17:00:00+00:00,5594.0,5548.25,183.0,180.0,1.44,183.0,122.0,3.0,tp,11,6
futures,ES,reddit_orb_breakout,reddit_orb_breakout|ny|range=15|entry=150|rr=1.5|sl_atr=1|tp_atr=1.5|threshold=2|adx_max=none|adx_min=none|rsi2=none|trend=ema|max_bars=24,short,55569,55570,55574,2025-03-12 13:45:00+00:00,2025-03-12 14:00:00+00:00,2025-03-12 15:00:00+00:00,5608.25,5553.125,220.5,217.5,1.45,220.5,147.0,3.0,tp,4,6
futures,ES,reddit_orb_breakout,reddit_orb_breakout|ny|range=15|entry=150|rr=1.5|sl_atr=1|tp_atr=1.5|threshold=2|adx_max=none|adx_min=none|rsi2=none|trend=ema|max_bars=24,short,55661,55662,55663,2025-03-13 13:45:00+00:00,2025-03-13 14:00:00+00:00,2025-03-13 14:15:00+00:00,5563.25,5600.0,-147.0,-150.0,-1.0,220.5,147.0,3.0,sl,1,6
futures,ES,reddit_orb_breakout,reddit_orb_breakout|ny|range=15|entry=150|rr=1.5|sl_atr=1|tp_atr=1.5|threshold=2|adx_max=none|adx_min=none|rsi2=none|trend=ema|max_bars=24,long,55763,55764,55778,2025-03-14 16:15:00+00:00,2025-03-14 16:30:00+00:00,2025-03-14 20:00:00+00:00,5613.0,5626.5,54.0,51.0,0.281767955801105,267.0,178.0,3.0,session_close,14,6
futures,ES,reddit_orb_breakout,reddit_orb_breakout|ny|range=15|entry=150|rr=1.5|sl_atr=1|tp_atr=1.5|threshold=2|adx_max=none|adx_min=none|rsi2=none|trend=ema|max_bars=24,long,56029,56030,56049,2025-03-19 13:45:00+00:00,2025-03-19 14:00:00+00:00,2025-03-19 18:45:00+00:00,5699.5,5735.125,142.5,139.5,1.4234693877551021,142.5,95.0,3.0,tp,19,6
futures,ES,reddit_orb_breakout,reddit_orb_breakout|ny|range=15|entry=150|rr=1.5|sl_atr=1|tp_atr=1.5|threshold=2|adx_max=none|adx_min=none|rsi2=none|trend=ema|max_bars=24,long,56121,56122,56146,2025-03-20 13:45:00+00:00,2025-03-20 14:00:00+00:00,2025-03-20 20:00:00+00:00,5725.5,5716.5,-36.0,-39.0,-0.23353293413173654,246.0,164.0,3.0,session_close,24,6
futures,ES,reddit_orb_breakout,reddit_orb_breakout|ny|range=15|entry=150|rr=1.5|sl_atr=1|tp_atr=1.5|threshold=2|adx_max=none|adx_min=none|rsi2=none|trend=ema|max_bars=24,long,56399,56400,56408,2025-03-25 14:15:00+00:00,2025-03-25 14:30:00+00:00,2025-03-25 16:30:00+00:00,5830.75,5815.5,-61.0,-64.0,-1.0,91.5,61.0,3.0,sl,8,6
futures,ES,reddit_orb_breakout,reddit_orb_breakout|ny|range=15|entry=150|rr=1.5|sl_atr=1|tp_atr=1.5|threshold=2|adx_max=none|adx_min=none|rsi2=none|trend=ema|max_bars=24,short,56673,56674,56675,2025-03-28 13:45:00+00:00,2025-03-28 14:00:00+00:00,2025-03-28 14:15:00+00:00,5707.5,5671.875,142.5,139.5,1.4234693877551021,142.5,95.0,3.0,tp,1,6
futures,ES,reddit_orb_breakout,reddit_orb_breakout|ny|range=15|entry=150|rr=1.5|sl_atr=1|tp_atr=1.5|threshold=2|adx_max=none|adx_min=none|rsi2=none|trend=ema|max_bars=24,short,56858,56859,56860,2025-04-01 14:00:00+00:00,2025-04-01 14:15:00+00:00,2025-04-01 14:30:00+00:00,5607.0,5641.5,-138.0,-141.0,-1.0,207.0,138.0,3.0,sl,1,6
futures,ES,reddit_orb_breakout,reddit_orb_breakout|ny|range=15|entry=150|rr=1.5|sl_atr=1|tp_atr=1.5|threshold=2|adx_max=none|adx_min=none|rsi2=none|trend=ema|max_bars=24,short,57041,57042,57045,2025-04-03 13:45:00+00:00,2025-04-03 14:00:00+00:00,2025-04-03 14:45:00+00:00,5509.0,5461.75,189.0,186.0,1.441860465116279,189.0,126.0,3.0,tp,3,6
futures,ES,reddit_orb_breakout,reddit_orb_breakout|ny|range=15|entry=150|rr=1.5|sl_atr=1|tp_atr=1.5|threshold=2|adx_max=none|adx_min=none|rsi2=none|trend=ema|max_bars=24,short,57134,57135,57152,2025-04-04 14:00:00+00:00,2025-04-04 14:15:00+00:00,2025-04-04 18:30:00+00:00,5238.75,5125.125,454.5,451.5,1.4754901960784315,454.5,303.0,3.0,tp,17,6
futures,ES,reddit_orb_breakout,reddit_orb_breakout|ny|range=15|entry=150|rr=1.5|sl_atr=1|tp_atr=1.5|threshold=2|adx_max=none|adx_min=none|rsi2=none|trend=ema|max_bars=24,long,57317,57318,57322,2025-04-08 13:45:00+00:00,2025-04-08 14:00:00+00:00,2025-04-08 15:00:00+00:00,5280.25,5231.0,-197.0,-200.0,-1.0,295.5,197.0,3.0,sl,4,6
futures,ES,reddit_orb_breakout,reddit_orb_breakout|ny|range=15|entry=150|rr=1.5|sl_atr=1|tp_atr=1.5|threshold=2|adx_max=none|adx_min=none|rsi2=none|trend=ema|max_bars=24,short,57413,57414,57421,2025-04-09 14:45:00+00:00,2025-04-09 15:00:00+00:00,2025-04-09 16:45:00+00:00,4981.5,5070.5,-356.0,-359.0,-1.0,534.0,356.0,3.0,sl,7,6
futures,ES,reddit_orb_breakout,reddit_orb_breakout|ny|range=15|entry=150|rr=1.5|sl_atr=1|tp_atr=1.5|threshold=2|adx_max=none|adx_min=none|rsi2=none|trend=ema|max_bars=24,long,57593,57594,57595,2025-04-11 13:45:00+00:00,2025-04-11 14:00:00+00:00,2025-04-11 14:15:00+00:00,5314.75,5262.25,-210.0,-213.0,-1.0,315.0,210.0,3.0,sl,1,6
futures,ES,reddit_orb_breakout,reddit_orb_breakout|ny|range=15|entry=150|rr=1.5|sl_atr=1|tp_atr=1.5|threshold=2|adx_max=none|adx_min=none|rsi2=none|trend=ema|max_bars=24,short,57869,57870,57875,2025-04-16 13:45:00+00:00,2025-04-16 14:00:00+00:00,2025-04-16 15:15:00+00:00,5348.5,5388.75,-161.0,-164.0,-1.0,241.5,161.0,3.0,sl,5,6
futures,ES,reddit_orb_breakout,reddit_orb_breakout|ny|range=15|entry=150|rr=1.5|sl_atr=1|tp_atr=1.5|threshold=2|adx_max=none|adx_min=none|rsi2=none|trend=ema|max_bars=24,short,57963,57964,57967,2025-04-17 14:15:00+00:00,2025-04-17 14:30:00+00:00,2025-04-17 15:15:00+00:00,5299.5,5331.5,-128.0,-131.0,-1.0,192.0,128.0,3.0,sl,3,6
futures,ES,reddit_orb_breakout,reddit_orb_breakout|ny|range=15|entry=150|rr=1.5|sl_atr=1|tp_atr=1.5|threshold=2|adx_max=none|adx_min=none|rsi2=none|trend=ema|max_bars=24,short,58053,58054,58061,2025-04-21 13:45:00+00:00,2025-04-21 14:00:00+00:00,2025-04-21 15:45:00+00:00,5220.25,5156.875,253.5,250.5,1.4563953488372092,253.5,169.0,3.0,tp,7,6
futures,ES,reddit_orb_breakout,reddit_orb_breakout|ny|range=15|entry=150|rr=1.5|sl_atr=1|tp_atr=1.5|threshold=2|adx_max=none|adx_min=none|rsi2=none|trend=ema|max_bars=24,long,58329,58330,58341,2025-04-24 13:45:00+00:00,2025-04-24 14:00:00+00:00,2025-04-24 16:45:00+00:00,5439.75,5501.625,247.5,244.5,1.4553571428571428,247.5,165.0,3.0,tp,11,6
futures,ES,reddit_orb_breakout,reddit_orb_breakout|ny|range=15|entry=150|rr=1.5|sl_atr=1|tp_atr=1.5|threshold=2|adx_max=none|adx_min=none|rsi2=none|trend=ema|max_bars=24,long,58431,58432,58446,2025-04-25 16:15:00+00:00,2025-04-25 16:30:00+00:00,2025-04-25 20:00:00+00:00,5527.0,5553.75,107.0,104.0,0.9122807017543859,166.5,111.0,3.0,session_close,14,6
futures,ES,reddit_orb_breakout,reddit_orb_breakout|ny|range=15|entry=150|rr=1.5|sl_atr=1|tp_atr=1.5|threshold=2|adx_max=none|adx_min=none|rsi2=none|trend=ema|max_bars=24,long,58605,58606,58620,2025-04-29 13:45:00+00:00,2025-04-29 14:00:00+00:00,2025-04-29 17:30:00+00:00,5549.25,5581.5,129.0,126.0,1.4157303370786516,129.0,86.0,3.0,tp,14,6
futures,ES,reddit_orb_breakout,reddit_orb_breakout|ny|range=15|entry=150|rr=1.5|sl_atr=1|tp_atr=1.5|threshold=2|adx_max=none|adx_min=none|rsi2=none|trend=ema|max_bars=24,long,58791,58792,58799,2025-05-01 14:15:00+00:00,2025-05-01 14:30:00+00:00,2025-05-01 16:15:00+00:00,5661.5,5631.5,-120.0,-123.0,-1.0,180.0,120.0,3.0,sl,7,6
futures,ES,reddit_orb_breakout,reddit_orb_breakout|ny|range=15|entry=150|rr=1.5|sl_atr=1|tp_atr=1.5|threshold=2|adx_max=none|adx_min=none|rsi2=none|trend=ema|max_bars=24,long,58883,58884,58906,2025-05-02 14:15:00+00:00,2025-05-02 14:30:00+00:00,2025-05-02 20:00:00+00:00,5703.25,5711.5,33.0,30.0,0.2857142857142857,153.0,102.0,3.0,session_close,22,6
futures,ES,reddit_orb_breakout,reddit_orb_breakout|ny|range=15|entry=150|rr=1.5|sl_atr=1|tp_atr=1.5|threshold=2|adx_max=none|adx_min=none|rsi2=none|trend=ema|max_bars=24,long,58975,58976,58992,2025-05-05 14:15:00+00:00,2025-05-05 14:30:00+00:00,2025-05-05 18:30:00+00:00,5675.75,5703.875,112.5,109.5,1.4038461538461537,112.5,75.0,3.0,tp,16,6
futures,ES,reddit_orb_breakout,reddit_orb_breakout|ny|range=15|entry=150|rr=1.5|sl_atr=1|tp_atr=1.5|threshold=2|adx_max=none|adx_min=none|rsi2=none|trend=ema|max_bars=24,short,59065,59066,59067,2025-05-06 13:45:00+00:00,2025-05-06 14:00:00+00:00,2025-05-06 14:15:00+00:00,5611.5,5634.0,-90.0,-93.0,-1.0,135.0,90.0,3.0,sl,1,6
futures,ES,reddit_orb_breakout,reddit_orb_breakout|ny|range=15|entry=150|rr=1.5|sl_atr=1|tp_atr=1.5|threshold=2|adx_max=none|adx_min=none|rsi2=none|trend=ema|max_bars=24,short,59161,59162,59169,2025-05-07 14:45:00+00:00,2025-05-07 15:00:00+00:00,2025-05-07 16:45:00+00:00,5630.75,5648.5,-71.0,-74.0,-1.0,106.5,71.0,3.0,sl,7,6
futures,ES,reddit_orb_breakout,reddit_orb_breakout|ny|range=15|entry=150|rr=1.5|sl_atr=1|tp_atr=1.5|threshold=2|adx_max=none|adx_min=none|rsi2=none|trend=ema|max_bars=24,long,59255,59256,59257,2025-05-08 15:15:00+00:00,2025-05-08 15:30:00+00:00,2025-05-08 15:45:00+00:00,5699.5,5732.5,132.0,129.0,1.4175824175824177,132.0,88.0,3.0,tp,1,6
futures,ES,reddit_orb_breakout,reddit_orb_breakout|ny|range=15|entry=150|rr=1.5|sl_atr=1|tp_atr=1.5|threshold=2|adx_max=none|adx_min=none|rsi2=none|trend=ema|max_bars=24,long,59525,59526,59540,2025-05-13 13:45:00+00:00,2025-05-13 14:00:00+00:00,2025-05-13 17:30:00+00:00,5888.5,5926.0,150.0,147.0,1.4271844660194175,150.0,100.0,3.0,tp,14,6
futures,ES,reddit_orb_breakout,reddit_orb_breakout|ny|range=15|entry=150|rr=1.5|sl_atr=1|tp_atr=1.5|threshold=2|adx_max=none|adx_min=none|rsi2=none|trend=ema|max_bars=24,long,59713,59714,59715,2025-05-15 14:45:00+00:00,2025-05-15 15:00:00+00:00,2025-05-15 15:15:00+00:00,5900.5,5918.5,72.0,69.0,1.3529411764705883,72.0,48.0,3.0,tp,1,6
futures,ES,reddit_orb_breakout,reddit_orb_breakout|ny|range=15|entry=150|rr=1.5|sl_atr=1|tp_atr=1.5|threshold=2|adx_max=none|adx_min=none|rsi2=none|trend=ema|max_bars=24,long,59808,59809,59820,2025-05-16 15:30:00+00:00,2025-05-16 15:45:00+00:00,2025-05-16 18:30:00+00:00,5947.0,5969.875,91.5,88.5,1.3828125,91.5,61.0,3.0,tp,11,6
futures,ES,reddit_orb_breakout,reddit_orb_breakout|ny|range=15|entry=150|rr=1.5|sl_atr=1|tp_atr=1.5|threshold=2|adx_max=none|adx_min=none|rsi2=none|trend=ema|max_bars=24,long,59898,59899,59918,2025-05-19 15:00:00+00:00,2025-05-19 15:15:00+00:00,2025-05-19 20:00:00+00:00,5956.5,5973.0,66.0,63.0,0.35,265.5,177.0,3.0,session_close,19,6
futures,ES,reddit_orb_breakout,reddit_orb_breakout|ny|range=15|entry=150|rr=1.5|sl_atr=1|tp_atr=1.5|threshold=2|adx_max=none|adx_min=none|rsi2=none|trend=ema|max_bars=24,long,59988,59989,59990,2025-05-20 14:30:00+00:00,2025-05-20 14:45:00+00:00,2025-05-20 15:00:00+00:00,5969.75,5958.0,-47.0,-50.0,-1.0,70.5,47.0,3.0,sl,1,6
futures,ES,reddit_orb_breakout,reddit_orb_breakout|ny|range=15|entry=150|rr=1.5|sl_atr=1|tp_atr=1.5|threshold=2|adx_max=none|adx_min=none|rsi2=none|trend=ema|max_bars=24,long,60430,60431,60445,2025-05-27 14:00:00+00:00,2025-05-27 14:15:00+00:00,2025-05-27 17:45:00+00:00,5895.25,5935.75,162.0,159.0,1.4324324324324325,162.0,108.0,3.0,tp,14,6
futures,ES,reddit_orb_breakout,reddit_orb_breakout|ny|range=15|entry=150|rr=1.5|sl_atr=1|tp_atr=1.5|threshold=2|adx_max=none|adx_min=none|rsi2=none|trend=ema|max_bars=24,short,60705,60706,60706,2025-05-30 13:45:00+00:00,2025-05-30 14:00:00+00:00,2025-05-30 14:00:00+00:00,5891.75,5912.75,-84.0,-87.0,-1.0,126.0,84.0,3.0,sl,1,6
futures,ES,reddit_orb_breakout,reddit_orb_breakout|ny|range=15|entry=150|rr=1.5|sl_atr=1|tp_atr=1.5|threshold=2|adx_max=none|adx_min=none|rsi2=none|trend=ema|max_bars=24,short,60797,60798,60805,2025-06-02 13:45:00+00:00,2025-06-02 14:00:00+00:00,2025-06-02 15:45:00+00:00,5887.25,5917.75,-122.0,-125.0,-1.0,183.0,122.0,3.0,sl,7,6
futures,ES,reddit_orb_breakout,reddit_orb_breakout|ny|range=15|entry=150|rr=1.5|sl_atr=1|tp_atr=1.5|threshold=2|adx_max=none|adx_min=none|rsi2=none|trend=ema|max_bars=24,long,60891,60892,60900,2025-06-03 14:15:00+00:00,2025-06-03 14:30:00+00:00,2025-06-03 16:30:00+00:00,5959.0,5986.75,111.0,108.0,1.4025974025974026,111.0,74.0,3.0,tp,8,6
futures,ES,reddit_orb_breakout,reddit_orb_breakout|ny|range=15|entry=150|rr=1.5|sl_atr=1|tp_atr=1.5|threshold=2|adx_max=none|adx_min=none|rsi2=none|trend=ema|max_bars=24,long,61079,61080,61085,2025-06-05 15:15:00+00:00,2025-06-05 15:30:00+00:00,2025-06-05 16:45:00+00:00,6005.0,5970.75,-137.0,-140.0,-1.0,205.5,137.0,3.0,sl,5,6
futures,ES,reddit_orb_breakout,reddit_orb_breakout|ny|range=15|entry=150|rr=1.5|sl_atr=1|tp_atr=1.5|threshold=2|adx_max=none|adx_min=none|rsi2=none|trend=ema|max_bars=24,long,61351,61352,61356,2025-06-10 14:15:00+00:00,2025-06-10 14:30:00+00:00,2025-06-10 15:30:00+00:00,6026.25,6015.75,-42.0,-45.0,-1.0,63.0,42.0,3.0,sl,4,6
futures,ES,reddit_orb_breakout,reddit_orb_breakout|ny|range=15|entry=150|rr=1.5|sl_atr=1|tp_atr=1.5|threshold=2|adx_max=none|adx_min=none|rsi2=none|trend=ema|max_bars=24,long,61443,61444,61450,2025-06-11 14:15:00+00:00,2025-06-11 14:30:00+00:00,2025-06-11 16:00:00+00:00,6061.5,6041.25,-81.0,-84.0,-1.0,121.5,81.0,3.0,sl,6,6
futures,ES,reddit_orb_breakout,reddit_orb_breakout|ny|range=15|entry=150|rr=1.5|sl_atr=1|tp_atr=1.5|threshold=2|adx_max=none|adx_min=none|rsi2=none|trend=ema|max_bars=24,short,61625,61626,61631,2025-06-13 13:45:00+00:00,2025-06-13 14:00:00+00:00,2025-06-13 15:15:00+00:00,5990.75,6014.75,-96.0,-99.0,-1.0,144.0,96.0,3.0,sl,5,6
futures,ES,reddit_orb_breakout,reddit_orb_breakout|ny|range=15|entry=150|rr=1.5|sl_atr=1|tp_atr=1.5|threshold=2|adx_max=none|adx_min=none|rsi2=none|trend=ema|max_bars=24,long,61717,61718,61742,2025-06-16 13:45:00+00:00,2025-06-16 14:00:00+00:00,2025-06-16 20:00:00+00:00,6041.25,6039.75,-6.0,-9.0,-0.07894736842105263,166.5,111.0,3.0,session_close,24,6
futures,ES,reddit_orb_breakout,reddit_orb_breakout|ny|range=15|entry=150|rr=1.5|sl_atr=1|tp_atr=1.5|threshold=2|adx_max=none|adx_min=none|rsi2=none|trend=ema|max_bars=24,long,61810,61811,61821,2025-06-17 14:00:00+00:00,2025-06-17 14:15:00+00:00,2025-06-17 16:45:00+00:00,6025.0,6007.0,-72.0,-75.0,-1.0,108.0,72.0,3.0,sl,10,6
futures,ES,reddit_orb_breakout,reddit_orb_breakout|ny|range=15|entry=150|rr=1.5|sl_atr=1|tp_atr=1.5|threshold=2|adx_max=none|adx_min=none|rsi2=none|trend=ema|max_bars=24,long,61901,61902,61921,2025-06-18 13:45:00+00:00,2025-06-18 14:00:00+00:00,2025-06-18 18:45:00+00:00,6052.25,6034.5,-71.0,-74.0,-1.0,106.5,71.0,3.0,sl,19,6
futures,ES,reddit_orb_breakout,reddit_orb_breakout|ny|range=15|entry=150|rr=1.5|sl_atr=1|tp_atr=1.5|threshold=2|adx_max=none|adx_min=none|rsi2=none|trend=ema|max_bars=24,short,61993,61994,62006,2025-06-19 13:45:00+00:00,2025-06-19 14:00:00+00:00,2025-06-19 22:00:00+00:00,5978.25,6006.0,-111.0,-114.0,-1.3103448275862069,126.0,84.0,3.0,session_close,12,6
futures,ES,reddit_orb_breakout,reddit_orb_breakout|ny|range=15|entry=150|rr=1.5|sl_atr=1|tp_atr=1.5|threshold=2|adx_max=none|adx_min=none|rsi2=none|trend=ema|max_bars=24,long,62161,62162,62172,2025-06-23 13:45:00+00:00,2025-06-23 14:00:00+00:00,2025-06-23 16:30:00+00:00,6041.5,6010.5,-124.0,-127.0,-1.0,186.0,124.0,3.0,sl,10,6
futures,ES,reddit_orb_breakout,reddit_orb_breakout|ny|range=15|entry=150|rr=1.5|sl_atr=1|tp_atr=1.5|threshold=2|adx_max=none|adx_min=none|rsi2=none|trend=ema|max_bars=24,long,62258,62259,62274,2025-06-24 15:00:00+00:00,2025-06-24 15:15:00+00:00,2025-06-24 19:00:00+00:00,6130.0,6153.25,93.0,90.0,1.3846153846153846,93.0,62.0,3.0,tp,15,6
futures,ES,reddit_orb_breakout,reddit_orb_breakout|ny|range=15|entry=150|rr=1.5|sl_atr=1|tp_atr=1.5|threshold=2|adx_max=none|adx_min=none|rsi2=none|trend=ema|max_bars=24,long,62439,62440,62454,2025-06-26 14:15:00+00:00,2025-06-26 14:30:00+00:00,2025-06-26 18:00:00+00:00,6175.25,6193.25,72.0,69.0,1.3529411764705883,72.0,48.0,3.0,tp,14,6
futures,ES,reddit_orb_breakout,reddit_orb_breakout|ny|range=15|entry=150|rr=1.5|sl_atr=1|tp_atr=1.5|threshold=2|adx_max=none|adx_min=none|rsi2=none|trend=ema|max_bars=24,long,62529,62530,62547,2025-06-27 13:45:00+00:00,2025-06-27 14:00:00+00:00,2025-06-27 18:15:00+00:00,6218.5,6202.0,-66.0,-69.0,-1.0,99.0,66.0,3.0,sl,17,6
futures,ES,reddit_orb_breakout,reddit_orb_breakout|ny|range=15|entry=150|rr=1.5|sl_atr=1|tp_atr=1.5|threshold=2|adx_max=none|adx_min=none|rsi2=none|trend=ema|max_bars=24,long,62713,62714,62717,2025-07-01 13:45:00+00:00,2025-07-01 14:00:00+00:00,2025-07-01 14:45:00+00:00,6244.0,6234.0,-40.0,-43.0,-1.0,60.0,40.0,3.0,sl,3,6
futures,ES,reddit_orb_breakout,reddit_orb_breakout|ny|range=15|entry=150|rr=1.5|sl_atr=1|tp_atr=1.5|threshold=2|adx_max=none|adx_min=none|rsi2=none|trend=ema|max_bars=24,long,62806,62807,62824,2025-07-02 14:00:00+00:00,2025-07-02 14:15:00+00:00,2025-07-02 18:30:00+00:00,6251.0,6270.125,76.5,73.5,1.3611111111111112,76.5,51.0,3.0,tp,17,6
futures,ES,reddit_orb_breakout,reddit_orb_breakout|ny|range=15|entry=150|rr=1.5|sl_atr=1|tp_atr=1.5|threshold=2|adx_max=none|adx_min=none|rsi2=none|trend=ema|max_bars=24,long,62897,62898,62911,2025-07-03 13:45:00+00:00,2025-07-03 14:00:00+00:00,2025-07-03 22:00:00+00:00,6310.25,6317.75,30.0,27.0,0.3698630136986301,105.0,70.0,3.0,session_close,13,6
futures,ES,reddit_orb_breakout,reddit_orb_breakout|ny|range=15|entry=150|rr=1.5|sl_atr=1|tp_atr=1.5|threshold=2|adx_max=none|adx_min=none|rsi2=none|trend=ema|max_bars=24,long,62974,62975,62987,2025-07-04 13:45:00+00:00,2025-07-04 14:00:00+00:00,2025-07-06 22:00:00+00:00,6287.25,6303.5,65.0,62.0,1.7714285714285714,48.0,32.0,3.0,session_close,12,6
futures,ES,reddit_orb_breakout,reddit_orb_breakout|ny|range=15|entry=150|rr=1.5|sl_atr=1|tp_atr=1.5|threshold=2|adx_max=none|adx_min=none|rsi2=none|trend=ema|max_bars=24,short,63143,63144,63145,2025-07-08 14:00:00+00:00,2025-07-08 14:15:00+00:00,2025-07-08 14:30:00+00:00,6270.75,6281.25,-42.0,-45.0,-1.0,63.0,42.0,3.0,sl,1,6
futures,ES,reddit_orb_breakout,reddit_orb_breakout|ny|range=15|entry=150|rr=1.5|sl_atr=1|tp_atr=1.5|threshold=2|adx_max=none|adx_min=none|rsi2=none|trend=ema|max_bars=24,long,63234,63235,63237,2025-07-09 13:45:00+00:00,2025-07-09 14:00:00+00:00,2025-07-09 14:30:00+00:00,6310.0,6293.75,-65.0,-68.0,-1.0,97.5,65.0,3.0,sl,2,6
futures,ES,reddit_orb_breakout,reddit_orb_breakout|ny|range=15|entry=150|rr=1.5|sl_atr=1|tp_atr=1.5|threshold=2|adx_max=none|adx_min=none|rsi2=none|trend=ema|max_bars=24,long,63329,63330,63344,2025-07-10 14:30:00+00:00,2025-07-10 14:45:00+00:00,2025-07-10 18:15:00+00:00,6314.5,6334.75,81.0,78.0,1.368421052631579,81.0,54.0,3.0,tp,14,6
futures,ES,reddit_orb_breakout,reddit_orb_breakout|ny|range=15|entry=150|rr=1.5|sl_atr=1|tp_atr=1.5|threshold=2|adx_max=none|adx_min=none|rsi2=none|trend=ema|max_bars=24,short,63694,63695,63701,2025-07-16 13:45:00+00:00,2025-07-16 14:00:00+00:00,2025-07-16 15:30:00+00:00,6282.0,6252.0,120.0,117.0,1.4096385542168675,120.0,80.0,3.0,tp,6,6
futures,ES,reddit_orb_breakout,reddit_orb_breakout|ny|range=15|entry=150|rr=1.5|sl_atr=1|tp_atr=1.5|threshold=2|adx_max=none|adx_min=none|rsi2=none|trend=ema|max_bars=24,long,63786,63787,63807,2025-07-17 13:45:00+00:00,2025-07-17 14:00:00+00:00,2025-07-17 19:00:00+00:00,6318.5,6343.25,99.0,96.0,1.391304347826087,99.0,66.0,3.0,tp,20,6
futures,ES,reddit_orb_breakout,reddit_orb_breakout|ny|range=15|entry=150|rr=1.5|sl_atr=1|tp_atr=1.5|threshold=2|adx_max=none|adx_min=none|rsi2=none|trend=ema|max_bars=24,long,63970,63971,63994,2025-07-21 13:45:00+00:00,2025-07-21 14:00:00+00:00,2025-07-21 19:45:00+00:00,6364.25,6344.5,-79.0,-82.0,-1.0,118.5,79.0,3.0,sl,23,6
futures,ES,reddit_orb_breakout,reddit_orb_breakout|ny|range=15|entry=150|rr=1.5|sl_atr=1|tp_atr=1.5|threshold=2|adx_max=none|adx_min=none|rsi2=none|trend=ema|max_bars=24,short,64064,64065,64076,2025-07-22 14:15:00+00:00,2025-07-22 14:30:00+00:00,2025-07-22 17:15:00+00:00,6328.0,6349.25,-85.0,-88.0,-1.0,127.5,85.0,3.0,sl,11,6
futures,ES,reddit_orb_breakout,reddit_orb_breakout|ny|range=15|entry=150|rr=1.5|sl_atr=1|tp_atr=1.5|threshold=2|adx_max=none|adx_min=none|rsi2=none|trend=ema|max_bars=24,long,64162,64163,64178,2025-07-23 15:45:00+00:00,2025-07-23 16:00:00+00:00,2025-07-23 19:45:00+00:00,6377.5,6398.125,82.5,79.5,1.3706896551724137,82.5,55.0,3.0,tp,15,6
futures,ES,reddit_orb_breakout,reddit_orb_breakout|ny|range=15|entry=150|rr=1.5|sl_atr=1|tp_atr=1.5|threshold=2|adx_max=none|adx_min=none|rsi2=none|trend=ema|max_bars=24,long,64246,64247,64271,2025-07-24 13:45:00+00:00,2025-07-24 14:00:00+00:00,2025-07-24 20:00:00+00:00,6407.0,6404.25,-11.0,-14.0,-0.30434782608695654,64.5,43.0,3.0,session_close,24,6
futures,ES,reddit_orb_breakout,reddit_orb_breakout|ny|range=15|entry=150|rr=1.5|sl_atr=1|tp_atr=1.5|threshold=2|adx_max=none|adx_min=none|rsi2=none|trend=ema|max_bars=24,long,64341,64342,64363,2025-07-25 14:30:00+00:00,2025-07-25 14:45:00+00:00,2025-07-25 20:00:00+00:00,6414.0,6425.0,44.0,41.0,0.8367346938775511,69.0,46.0,3.0,session_close,21,6
futures,ES,reddit_orb_breakout,reddit_orb_breakout|ny|range=15|entry=150|rr=1.5|sl_atr=1|tp_atr=1.5|threshold=2|adx_max=none|adx_min=none|rsi2=none|trend=ema|max_bars=24,long,64431,64432,64436,2025-07-28 14:00:00+00:00,2025-07-28 14:15:00+00:00,2025-07-28 15:15:00+00:00,6433.25,6424.25,-36.0,-39.0,-1.0,54.0,36.0,3.0,sl,4,6
futures,ES,reddit_orb_breakout,reddit_orb_breakout|ny|range=15|entry=150|rr=1.5|sl_atr=1|tp_atr=1.5|threshold=2|adx_max=none|adx_min=none|rsi2=none|trend=ema|max_bars=24,short,64619,64620,64622,2025-07-30 15:00:00+00:00,2025-07-30 15:15:00+00:00,2025-07-30 15:45:00+00:00,6404.0,6413.25,-37.0,-40.0,-1.0,55.5,37.0,3.0,sl,2,6
futures,ES,reddit_orb_breakout,reddit_orb_breakout|ny|range=15|entry=150|rr=1.5|sl_atr=1|tp_atr=1.5|threshold=2|adx_max=none|adx_min=none|rsi2=none|trend=ema|max_bars=24,short,64798,64799,64823,2025-08-01 13:45:00+00:00,2025-08-01 14:00:00+00:00,2025-08-01 20:00:00+00:00,6262.25,6268.0,-23.0,-26.0,-0.13,295.5,197.0,3.0,session_close,24,6
futures,ES,reddit_orb_breakout,reddit_orb_breakout|ny|range=15|entry=150|rr=1.5|sl_atr=1|tp_atr=1.5|threshold=2|adx_max=none|adx_min=none|rsi2=none|trend=ema|max_bars=24,long,65080,65081,65099,2025-08-06 15:15:00+00:00,2025-08-06 15:30:00+00:00,2025-08-06 20:00:00+00:00,6364.25,6370.0,23.0,20.0,0.13245033112582782,222.0,148.0,3.0,session_close,18,6
futures,ES,reddit_orb_breakout,reddit_orb_breakout|ny|range=15|entry=150|rr=1.5|sl_atr=1|tp_atr=1.5|threshold=2|adx_max=none|adx_min=none|rsi2=none|trend=ema|max_bars=24,long,65258,65259,65283,2025-08-08 13:45:00+00:00,2025-08-08 14:00:00+00:00,2025-08-08 20:00:00+00:00,6401.0,6425.25,97.0,94.0,1.0681818181818181,127.5,85.0,3.0,session_close,24,6
futures,ES,reddit_orb_breakout,reddit_orb_breakout|ny|range=15|entry=150|rr=1.5|sl_atr=1|tp_atr=1.5|threshold=2|adx_max=none|adx_min=none|rsi2=none|trend=ema|max_bars=24,long,65358,65359,65365,2025-08-11 15:45:00+00:00,2025-08-11 16:00:00+00:00,2025-08-11 17:30:00+00:00,6420.25,6410.0,-41.0,-44.0,-1.0,61.5,41.0,3.0,sl,6,6
futures,ES,reddit_orb_breakout,reddit_orb_breakout|ny|range=15|entry=150|rr=1.5|sl_atr=1|tp_atr=1.5|threshold=2|adx_max=none|adx_min=none|rsi2=none|trend=ema|max_bars=24,long,65447,65448,65467,2025-08-12 15:00:00+00:00,2025-08-12 15:15:00+00:00,2025-08-12 20:00:00+00:00,6446.5,6466.5,80.0,77.0,0.6875,163.5,109.0,3.0,session_close,19,6
futures,ES,reddit_orb_breakout,reddit_orb_breakout|ny|range=15|entry=150|rr=1.5|sl_atr=1|tp_atr=1.5|threshold=2|adx_max=none|adx_min=none|rsi2=none|trend=ema|max_bars=24,long,65534,65535,65536,2025-08-13 13:45:00+00:00,2025-08-13 14:00:00+00:00,2025-08-13 14:15:00+00:00,6496.75,6485.0,-47.0,-50.0,-1.0,70.5,47.0,3.0,sl,1,6
futures,ES,reddit_orb_breakout,reddit_orb_breakout|ny|range=15|entry=150|rr=1.5|sl_atr=1|tp_atr=1.5|threshold=2|adx_max=none|adx_min=none|rsi2=none|trend=ema|max_bars=24,long,65626,65627,65651,2025-08-14 13:45:00+00:00,2025-08-14 14:00:00+00:00,2025-08-14 20:00:00+00:00,6479.75,6481.5,7.0,4.0,0.056338028169014086,102.0,68.0,3.0,session_close,24,6
futures,ES,reddit_orb_breakout,reddit_orb_breakout|ny|range=15|entry=150|rr=1.5|sl_atr=1|tp_atr=1.5|threshold=2|adx_max=none|adx_min=none|rsi2=none|trend=ema|max_bars=24,short,65810,65811,65812,2025-08-18 13:45:00+00:00,2025-08-18 14:00:00+00:00,2025-08-18 14:15:00+00:00,6462.75,6471.75,-36.0,-39.0,-1.0,54.0,36.0,3.0,sl,1,6
futures,ES,reddit_orb_breakout,reddit_orb_breakout|ny|range=15|entry=150|rr=1.5|sl_atr=1|tp_atr=1.5|threshold=2|adx_max=none|adx_min=none|rsi2=none|trend=ema|max_bars=24,short,65906,65907,65927,2025-08-19 14:45:00+00:00,2025-08-19 15:00:00+00:00,2025-08-19 20:00:00+00:00,6446.75,6433.75,52.0,49.0,0.5212765957446809,136.5,91.0,3.0,session_close,20,6
futures,ES,reddit_orb_breakout,reddit_orb_breakout|ny|range=15|entry=150|rr=1.5|sl_atr=1|tp_atr=1.5|threshold=2|adx_max=none|adx_min=none|rsi2=none|trend=ema|max_bars=24,short,65994,65995,66019,2025-08-20 13:45:00+00:00,2025-08-20 14:00:00+00:00,2025-08-20 20:00:00+00:00,6387.25,6413.25,-104.0,-107.0,-0.6045197740112994,261.0,174.0,3.0,session_close,24,6
futures,ES,reddit_orb_breakout,reddit_orb_breakout|ny|range=15|entry=150|rr=1.5|sl_atr=1|tp_atr=1.5|threshold=2|adx_max=none|adx_min=none|rsi2=none|trend=ema|max_bars=24,short,66086,66087,66087,2025-08-21 13:45:00+00:00,2025-08-21 14:00:00+00:00,2025-08-21 14:00:00+00:00,6383.75,6397.75,-56.0,-59.0,-1.0,84.0,56.0,3.0,sl,1,6
futures,ES,reddit_orb_breakout,reddit_orb_breakout|ny|range=15|entry=150|rr=1.5|sl_atr=1|tp_atr=1.5|threshold=2|adx_max=none|adx_min=none|rsi2=none|trend=ema|max_bars=24,long,66274,66275,66294,2025-08-25 14:45:00+00:00,2025-08-25 15:00:00+00:00,2025-08-25 19:45:00+00:00,6473.75,6463.75,-40.0,-43.0,-1.0,60.0,40.0,3.0,sl,19,6
futures,ES,reddit_orb_breakout,reddit_orb_breakout|ny|range=15|entry=150|rr=1.5|sl_atr=1|tp_atr=1.5|threshold=2|adx_max=none|adx_min=none|rsi2=none|trend=ema|max_bars=24,long,66365,66366,66384,2025-08-26 14:30:00+00:00,2025-08-26 14:45:00+00:00,2025-08-26 19:15:00+00:00,6458.0,6473.0,60.0,57.0,1.3255813953488371,60.0,40.0,3.0,tp,18,6
futures,ES,reddit_orb_breakout,reddit_orb_breakout|ny|range=15|entry=150|rr=1.5|sl_atr=1|tp_atr=1.5|threshold=2|adx_max=none|adx_min=none|rsi2=none|trend=ema|max_bars=24,long,66455,66456,66479,2025-08-27 14:00:00+00:00,2025-08-27 14:15:00+00:00,2025-08-27 20:00:00+00:00,6487.0,6493.75,27.0,24.0,0.4,85.5,57.0,3.0,session_close,23,6
futures,ES,reddit_orb_breakout,reddit_orb_breakout|ny|range=15|entry=150|rr=1.5|sl_atr=1|tp_atr=1.5|threshold=2|adx_max=none|adx_min=none|rsi2=none|trend=ema|max_bars=24,long,66556,66557,66571,2025-08-28 16:15:00+00:00,2025-08-28 16:30:00+00:00,2025-08-28 20:00:00+00:00,6509.25,6516.75,30.0,27.0,0.48214285714285715,79.5,53.0,3.0,session_close,14,6
futures,ES,reddit_orb_breakout,reddit_orb_breakout|ny|range=15|entry=150|rr=1.5|sl_atr=1|tp_atr=1.5|threshold=2|adx_max=none|adx_min=none|rsi2=none|trend=ema|max_bars=24,short,66643,66644,66663,2025-08-29 15:00:00+00:00,2025-08-29 15:15:00+00:00,2025-08-29 20:00:00+00:00,6468.0,6474.75,-27.0,-30.0,-0.2112676056338028,208.5,139.0,3.0,session_close,19,6
futures,ES,reddit_orb_breakout,reddit_orb_breakout|ny|range=15|entry=150|rr=1.5|sl_atr=1|tp_atr=1.5|threshold=2|adx_max=none|adx_min=none|rsi2=none|trend=ema|max_bars=24,short,66813,66814,66820,2025-09-02 15:30:00+00:00,2025-09-02 15:45:00+00:00,2025-09-02 17:15:00+00:00,6377.5,6398.75,-85.0,-88.0,-1.0,127.5,85.0,3.0,sl,6,6
futures,ES,reddit_orb_breakout,reddit_orb_breakout|ny|range=15|entry=150|rr=1.5|sl_atr=1|tp_atr=1.5|threshold=2|adx_max=none|adx_min=none|rsi2=none|trend=ema|max_bars=24,short,66898,66899,66901,2025-09-03 13:45:00+00:00,2025-09-03 14:00:00+00:00,2025-09-03 14:30:00+00:00,6441.75,6454.5,-51.0,-54.0,-1.0,76.5,51.0,3.0,sl,2,6
futures,ES,reddit_orb_breakout,reddit_orb_breakout|ny|range=15|entry=150|rr=1.5|sl_atr=1|tp_atr=1.5|threshold=2|adx_max=none|adx_min=none|rsi2=none|trend=ema|max_bars=24,long,66993,66994,67006,2025-09-04 14:30:00+00:00,2025-09-04 14:45:00+00:00,2025-09-04 17:45:00+00:00,6475.0,6492.625,70.5,67.5,1.35,70.5,47.0,3.0,tp,12,6
futures,ES,reddit_orb_breakout,reddit_orb_breakout|ny|range=15|entry=150|rr=1.5|sl_atr=1|tp_atr=1.5|threshold=2|adx_max=none|adx_min=none|rsi2=none|trend=ema|max_bars=24,long,67177,67178,67185,2025-09-08 14:30:00+00:00,2025-09-08 14:45:00+00:00,2025-09-08 16:30:00+00:00,6510.75,6498.5,-49.0,-52.0,-1.0,73.5,49.0,3.0,sl,7,6
futures,ES,reddit_orb_breakout,reddit_orb_breakout|ny|range=15|entry=150|rr=1.5|sl_atr=1|tp_atr=1.5|threshold=2|adx_max=none|adx_min=none|rsi2=none|trend=ema|max_bars=24,long,67359,67360,67364,2025-09-10 14:00:00+00:00,2025-09-10 14:15:00+00:00,2025-09-10 15:15:00+00:00,6560.5,6543.75,-67.0,-70.0,-1.0,100.5,67.0,3.0,sl,4,6
futures,ES,reddit_orb_breakout,reddit_orb_breakout|ny|range=15|entry=150|rr=1.5|sl_atr=1|tp_atr=1.5|threshold=2|adx_max=none|adx_min=none|rsi2=none|trend=ema|max_bars=24,long,67450,67451,67475,2025-09-11 13:45:00+00:00,2025-09-11 14:00:00+00:00,2025-09-11 20:00:00+00:00,6572.0,6591.5,78.0,75.0,0.9493670886075949,114.0,76.0,3.0,session_close,24,6
futures,ES,reddit_orb_breakout,reddit_orb_breakout|ny|range=15|entry=150|rr=1.5|sl_atr=1|tp_atr=1.5|threshold=2|adx_max=none|adx_min=none|rsi2=none|trend=ema|max_bars=24,long,67542,67543,67565,2025-09-12 13:45:00+00:00,2025-09-12 14:00:00+00:00,2025-09-12 19:30:00+00:00,6593.5,6585.0,-34.0,-37.0,-1.0,51.0,34.0,3.0,sl,22,6
futures,ES,reddit_orb_breakout,reddit_orb_breakout|ny|range=15|entry=150|rr=1.5|sl_atr=1|tp_atr=1.5|threshold=2|adx_max=none|adx_min=none|rsi2=none|trend=ema|max_bars=24,long,67634,67635,67648,2025-09-15 13:45:00+00:00,2025-09-15 14:00:00+00:00,2025-09-15 17:15:00+00:00,6619.25,6607.75,-46.0,-49.0,-1.0,69.0,46.0,3.0,sl,13,6
futures,ES,reddit_orb_breakout,reddit_orb_breakout|ny|range=15|entry=150|rr=1.5|sl_atr=1|tp_atr=1.5|threshold=2|adx_max=none|adx_min=none|rsi2=none|trend=ema|max_bars=24,long,67911,67912,67935,2025-09-18 14:00:00+00:00,2025-09-18 14:15:00+00:00,2025-09-18 20:00:00+00:00,6704.75,6692.5,-49.0,-52.0,-0.4297520661157025,177.0,118.0,3.0,session_close,23,6
futures,ES,reddit_orb_breakout,reddit_orb_breakout|ny|range=15|entry=150|rr=1.5|sl_atr=1|tp_atr=1.5|threshold=2|adx_max=none|adx_min=none|rsi2=none|trend=ema|max_bars=24,long,68012,68013,68026,2025-09-19 16:15:00+00:00,2025-09-19 16:30:00+00:00,2025-09-19 19:45:00+00:00,6709.5,6728.625,76.5,73.5,1.3611111111111112,76.5,51.0,3.0,tp,13,6
futures,ES,reddit_orb_breakout,reddit_orb_breakout|ny|range=15|entry=150|rr=1.5|sl_atr=1|tp_atr=1.5|threshold=2|adx_max=none|adx_min=none|rsi2=none|trend=ema|max_bars=24,long,68094,68095,68099,2025-09-22 13:45:00+00:00,2025-09-22 14:00:00+00:00,2025-09-22 15:00:00+00:00,6718.0,6736.375,73.5,70.5,1.3557692307692308,73.5,49.0,3.0,tp,4,6
futures,ES,reddit_orb_breakout,reddit_orb_breakout|ny|range=15|entry=150|rr=1.5|sl_atr=1|tp_atr=1.5|threshold=2|adx_max=none|adx_min=none|rsi2=none|trend=ema|max_bars=24,short,68278,68279,68286,2025-09-24 13:45:00+00:00,2025-09-24 14:00:00+00:00,2025-09-24 15:45:00+00:00,6712.5,6688.5,96.0,93.0,1.3880597014925373,96.0,64.0,3.0,tp,7,6
futures,ES,reddit_orb_breakout,reddit_orb_breakout|ny|range=15|entry=150|rr=1.5|sl_atr=1|tp_atr=1.5|threshold=2|adx_max=none|adx_min=none|rsi2=none|trend=ema|max_bars=24,long,68556,68557,68559,2025-09-29 14:15:00+00:00,2025-09-29 14:30:00+00:00,2025-09-29 15:00:00+00:00,6726.25,6715.75,-42.0,-45.0,-1.0,63.0,42.0,3.0,sl,2,6
futures,ES,reddit_orb_breakout,reddit_orb_breakout|ny|range=15|entry=150|rr=1.5|sl_atr=1|tp_atr=1.5|threshold=2|adx_max=none|adx_min=none|rsi2=none|trend=ema|max_bars=24,long,68650,68651,68652,2025-09-30 14:45:00+00:00,2025-09-30 15:00:00+00:00,2025-09-30 15:15:00+00:00,6709.5,6699.5,-40.0,-43.0,-1.0,60.0,40.0,3.0,sl,1,6
futures,ES,reddit_orb_breakout,reddit_orb_breakout|ny|range=15|entry=150|rr=1.5|sl_atr=1|tp_atr=1.5|threshold=2|adx_max=none|adx_min=none|rsi2=none|trend=ema|max_bars=24,long,68740,68741,68757,2025-10-01 14:15:00+00:00,2025-10-01 14:30:00+00:00,2025-10-01 18:30:00+00:00,6730.5,6766.875,145.5,142.5,1.425,145.5,97.0,3.0,tp,16,6
futures,ES,reddit_orb_breakout,reddit_orb_breakout|ny|range=15|entry=150|rr=1.5|sl_atr=1|tp_atr=1.5|threshold=2|adx_max=none|adx_min=none|rsi2=none|trend=ema|max_bars=24,long,68924,68925,68938,2025-10-03 14:15:00+00:00,2025-10-03 14:30:00+00:00,2025-10-03 17:45:00+00:00,6786.5,6771.5,-60.0,-63.0,-1.0,90.0,60.0,3.0,sl,13,6
futures,ES,reddit_orb_breakout,reddit_orb_breakout|ny|range=15|entry=150|rr=1.5|sl_atr=1|tp_atr=1.5|threshold=2|adx_max=none|adx_min=none|rsi2=none|trend=ema|max_bars=24,long,69022,69023,69039,2025-10-06 15:45:00+00:00,2025-10-06 16:00:00+00:00,2025-10-06 20:00:00+00:00,6790.25,6789.0,-5.0,-8.0,-0.1111111111111111,103.5,69.0,3.0,session_close,16,6
futures,ES,reddit_orb_breakout,reddit_orb_breakout|ny|range=15|entry=150|rr=1.5|sl_atr=1|tp_atr=1.5|threshold=2|adx_max=none|adx_min=none|rsi2=none|trend=ema|max_bars=24,long,69204,69205,69223,2025-10-08 15:15:00+00:00,2025-10-08 15:30:00+00:00,2025-10-08 20:00:00+00:00,6796.75,6803.25,26.0,23.0,0.17424242424242425,193.5,129.0,3.0,session_close,18,6
futures,ES,reddit_orb_breakout,reddit_orb_breakout|ny|range=15|entry=150|rr=1.5|sl_atr=1|tp_atr=1.5|threshold=2|adx_max=none|adx_min=none|rsi2=none|trend=ema|max_bars=24,long,69658,69659,69665,2025-10-15 13:45:00+00:00,2025-10-15 14:00:00+00:00,2025-10-15 15:30:00+00:00,6747.0,6726.0,-84.0,-87.0,-1.0,126.0,84.0,3.0,sl,6,6
futures,ES,reddit_orb_breakout,reddit_orb_breakout|ny|range=15|entry=150|rr=1.5|sl_atr=1|tp_atr=1.5|threshold=2|adx_max=none|adx_min=none|rsi2=none|trend=ema|max_bars=24,long,69753,69754,69756,2025-10-16 14:30:00+00:00,2025-10-16 14:45:00+00:00,2025-10-16 15:15:00+00:00,6747.75,6725.0,-91.0,-94.0,-1.0,136.5,91.0,3.0,sl,2,6
futures,ES,reddit_orb_breakout,reddit_orb_breakout|ny|range=15|entry=150|rr=1.5|sl_atr=1|tp_atr=1.5|threshold=2|adx_max=none|adx_min=none|rsi2=none|trend=ema|max_bars=24,long,69935,69936,69959,2025-10-20 14:00:00+00:00,2025-10-20 14:15:00+00:00,2025-10-20 20:00:00+00:00,6756.25,6777.25,84.0,81.0,0.84375,139.5,93.0,3.0,session_close,23,6
futures,ES,reddit_orb_breakout,reddit_orb_breakout|ny|range=15|entry=150|rr=1.5|sl_atr=1|tp_atr=1.5|threshold=2|adx_max=none|adx_min=none|rsi2=none|trend=ema|max_bars=24,long,70030,70031,70051,2025-10-21 14:45:00+00:00,2025-10-21 15:00:00+00:00,2025-10-21 20:00:00+00:00,6785.5,6767.75,-71.0,-74.0,-0.9367088607594937,114.0,76.0,3.0,session_close,20,6
futures,ES,reddit_orb_breakout,reddit_orb_breakout|ny|range=15|entry=150|rr=1.5|sl_atr=1|tp_atr=1.5|threshold=2|adx_max=none|adx_min=none|rsi2=none|trend=ema|max_bars=24,long,70303,70304,70327,2025-10-24 14:00:00+00:00,2025-10-24 14:15:00+00:00,2025-10-24 20:00:00+00:00,6834.5,6825.5,-36.0,-39.0,-0.42857142857142855,132.0,88.0,3.0,session_close,23,6
futures,ES,reddit_orb_breakout,reddit_orb_breakout|ny|range=15|entry=150|rr=1.5|sl_atr=1|tp_atr=1.5|threshold=2|adx_max=none|adx_min=none|rsi2=none|trend=ema|max_bars=24,long,70395,70396,70418,2025-10-27 14:00:00+00:00,2025-10-27 14:15:00+00:00,2025-10-27 19:45:00+00:00,6888.5,6905.75,69.0,66.0,1.346938775510204,69.0,46.0,3.0,tp,22,6
futures,ES,reddit_orb_breakout,reddit_orb_breakout|ny|range=15|entry=150|rr=1.5|sl_atr=1|tp_atr=1.5|threshold=2|adx_max=none|adx_min=none|rsi2=none|trend=ema|max_bars=24,long,70578,70579,70582,2025-10-29 13:45:00+00:00,2025-10-29 14:00:00+00:00,2025-10-29 14:45:00+00:00,6950.75,6936.25,-58.0,-61.0,-1.0,87.0,58.0,3.0,sl,3,6
futures,ES,reddit_orb_breakout,reddit_orb_breakout|ny|range=15|entry=150|rr=1.5|sl_atr=1|tp_atr=1.5|threshold=2|adx_max=none|adx_min=none|rsi2=none|trend=ema|max_bars=24,short,70763,70764,70776,2025-10-31 14:00:00+00:00,2025-10-31 14:15:00+00:00,2025-10-31 17:15:00+00:00,6879.25,6844.375,139.5,136.5,1.421875,139.5,93.0,3.0,tp,12,6
futures,ES,reddit_orb_breakout,reddit_orb_breakout|ny|range=15|entry=150|rr=1.5|sl_atr=1|tp_atr=1.5|threshold=2|adx_max=none|adx_min=none|rsi2=none|trend=ema|max_bars=24,short,71130,71131,71138,2025-11-06 14:45:00+00:00,2025-11-06 15:00:00+00:00,2025-11-06 16:45:00+00:00,6788.5,6739.0,198.0,195.0,1.4444444444444444,198.0,132.0,3.0,tp,7,6
futures,ES,reddit_orb_breakout,reddit_orb_breakout|ny|range=15|entry=150|rr=1.5|sl_atr=1|tp_atr=1.5|threshold=2|adx_max=none|adx_min=none|rsi2=none|trend=ema|max_bars=24,short,71225,71226,71241,2025-11-07 15:30:00+00:00,2025-11-07 15:45:00+00:00,2025-11-07 19:30:00+00:00,6686.0,6723.75,-151.0,-154.0,-1.0,226.5,151.0,3.0,sl,15,6
futures,ES,reddit_orb_breakout,reddit_orb_breakout|ny|range=15|entry=150|rr=1.5|sl_atr=1|tp_atr=1.5|threshold=2|adx_max=none|adx_min=none|rsi2=none|trend=ema|max_bars=24,long,71406,71407,71407,2025-11-11 14:45:00+00:00,2025-11-11 15:00:00+00:00,2025-11-11 15:00:00+00:00,6850.5,6840.75,-39.0,-42.0,-1.0,58.5,39.0,3.0,sl,1,6
futures,ES,reddit_orb_breakout,reddit_orb_breakout|ny|range=15|entry=150|rr=1.5|sl_atr=1|tp_atr=1.5|threshold=2|adx_max=none|adx_min=none|rsi2=none|trend=ema|max_bars=24,short,71593,71594,71605,2025-11-13 15:30:00+00:00,2025-11-13 15:45:00+00:00,2025-11-13 18:30:00+00:00,6813.5,6759.875,214.5,211.5,1.4486301369863013,214.5,143.0,3.0,tp,11,6
futures,ES,reddit_orb_breakout,reddit_orb_breakout|ny|range=15|entry=150|rr=1.5|sl_atr=1|tp_atr=1.5|threshold=2|adx_max=none|adx_min=none|rsi2=none|trend=ema|max_bars=24,short,71779,71780,71782,2025-11-17 16:00:00+00:00,2025-11-17 16:15:00+00:00,2025-11-17 16:45:00+00:00,6723.75,6764.5,-163.0,-166.0,-1.0,244.5,163.0,3.0,sl,2,6
futures,ES,reddit_orb_breakout,reddit_orb_breakout|ny|range=15|entry=150|rr=1.5|sl_atr=1|tp_atr=1.5|threshold=2|adx_max=none|adx_min=none|rsi2=none|trend=ema|max_bars=24,short,71866,71867,71878,2025-11-18 14:45:00+00:00,2025-11-18 15:00:00+00:00,2025-11-18 17:45:00+00:00,6622.0,6679.0,-228.0,-231.0,-1.0,342.0,228.0,3.0,sl,11,6
futures,ES,reddit_orb_breakout,reddit_orb_breakout|ny|range=15|entry=150|rr=1.5|sl_atr=1|tp_atr=1.5|threshold=2|adx_max=none|adx_min=none|rsi2=none|trend=ema|max_bars=24,long,72050,72051,72055,2025-11-20 14:45:00+00:00,2025-11-20 15:00:00+00:00,2025-11-20 16:00:00+00:00,6784.75,6760.25,-98.0,-101.0,-1.0,147.0,98.0,3.0,sl,4,6
futures,ES,reddit_orb_breakout,reddit_orb_breakout|ny|range=15|entry=150|rr=1.5|sl_atr=1|tp_atr=1.5|threshold=2|adx_max=none|adx_min=none|rsi2=none|trend=ema|max_bars=24,short,72143,72144,72149,2025-11-21 15:00:00+00:00,2025-11-21 15:15:00+00:00,2025-11-21 16:30:00+00:00,6568.25,6596.0,-111.0,-114.0,-1.0,166.5,111.0,3.0,sl,5,6
futures,ES,reddit_orb_breakout,reddit_orb_breakout|ny|range=15|entry=150|rr=1.5|sl_atr=1|tp_atr=1.5|threshold=2|adx_max=none|adx_min=none|rsi2=none|trend=ema|max_bars=24,long,72237,72238,72259,2025-11-24 15:30:00+00:00,2025-11-24 15:45:00+00:00,2025-11-24 21:00:00+00:00,6699.25,6723.5,97.0,94.0,0.5222222222222223,265.5,177.0,3.0,session_close,21,6
futures,ES,reddit_orb_breakout,reddit_orb_breakout|ny|range=15|entry=150|rr=1.5|sl_atr=1|tp_atr=1.5|threshold=2|adx_max=none|adx_min=none|rsi2=none|trend=ema|max_bars=24,long,72329,72330,72349,2025-11-25 15:30:00+00:00,2025-11-25 15:45:00+00:00,2025-11-25 20:30:00+00:00,6734.5,6783.25,195.0,192.0,1.443609022556391,195.0,130.0,3.0,tp,19,6
futures,ES,reddit_orb_breakout,reddit_orb_breakout|ny|range=15|entry=150|rr=1.5|sl_atr=1|tp_atr=1.5|threshold=2|adx_max=none|adx_min=none|rsi2=none|trend=ema|max_bars=24,long,72422,72423,72443,2025-11-26 15:45:00+00:00,2025-11-26 16:00:00+00:00,2025-11-26 21:00:00+00:00,6824.75,6830.25,22.0,19.0,0.21348314606741572,129.0,86.0,3.0,session_close,20,6
futures,ES,reddit_orb_breakout,reddit_orb_breakout|ny|range=15|entry=150|rr=1.5|sl_atr=1|tp_atr=1.5|threshold=2|adx_max=none|adx_min=none|rsi2=none|trend=ema|max_bars=24,long,72546,72547,72557,2025-11-28 15:30:00+00:00,2025-11-28 15:45:00+00:00,2025-11-30 23:00:00+00:00,6848.0,6858.75,43.0,40.0,0.5714285714285714,100.5,67.0,3.0,session_close,10,6
futures,ES,reddit_orb_breakout,reddit_orb_breakout|ny|range=15|entry=150|rr=1.5|sl_atr=1|tp_atr=1.5|threshold=2|adx_max=none|adx_min=none|rsi2=none|trend=ema|max_bars=24,long,72620,72621,72645,2025-12-01 14:45:00+00:00,2025-12-01 15:00:00+00:00,2025-12-01 21:00:00+00:00,6840.25,6825.75,-58.0,-61.0,-0.5398230088495575,165.0,110.0,3.0,session_close,24,6
futures,ES,reddit_orb_breakout,reddit_orb_breakout|ny|range=15|entry=150|rr=1.5|sl_atr=1|tp_atr=1.5|threshold=2|adx_max=none|adx_min=none|rsi2=none|trend=ema|max_bars=24,long,72716,72717,72717,2025-12-02 15:45:00+00:00,2025-12-02 16:00:00+00:00,2025-12-02 16:00:00+00:00,6860.25,6841.25,-76.0,-79.0,-1.0,114.0,76.0,3.0,sl,1,6
futures,ES,reddit_orb_breakout,reddit_orb_breakout|ny|range=15|entry=150|rr=1.5|sl_atr=1|tp_atr=1.5|threshold=2|adx_max=none|adx_min=none|rsi2=none|trend=ema|max_bars=24,long,72806,72807,72819,2025-12-03 15:15:00+00:00,2025-12-03 15:30:00+00:00,2025-12-03 18:30:00+00:00,6840.25,6866.5,105.0,102.0,1.3972602739726028,105.0,70.0,3.0,tp,12,6
futures,ES,reddit_orb_breakout,reddit_orb_breakout|ny|range=15|entry=150|rr=1.5|sl_atr=1|tp_atr=1.5|threshold=2|adx_max=none|adx_min=none|rsi2=none|trend=ema|max_bars=24,long,72988,72989,72995,2025-12-05 14:45:00+00:00,2025-12-05 15:00:00+00:00,2025-12-05 16:30:00+00:00,6889.75,6874.0,-63.0,-66.0,-1.0,94.5,63.0,3.0,sl,6,6
futures,ES,reddit_orb_breakout,reddit_orb_breakout|ny|range=15|entry=150|rr=1.5|sl_atr=1|tp_atr=1.5|threshold=2|adx_max=none|adx_min=none|rsi2=none|trend=ema|max_bars=24,short,73356,73357,73358,2025-12-11 14:45:00+00:00,2025-12-11 15:00:00+00:00,2025-12-11 15:15:00+00:00,6843.0,6875.25,-129.0,-132.0,-1.0,193.5,129.0,3.0,sl,1,6
futures,ES,reddit_orb_breakout,reddit_orb_breakout|ny|range=15|entry=150|rr=1.5|sl_atr=1|tp_atr=1.5|threshold=2|adx_max=none|adx_min=none|rsi2=none|trend=ema|max_bars=24,short,73458,73459,73473,2025-12-12 17:15:00+00:00,2025-12-12 17:30:00+00:00,2025-12-12 21:00:00+00:00,6828.0,6834.75,-27.0,-30.0,-0.09900990099009901,450.0,300.0,3.0,session_close,14,6
futures,ES,reddit_orb_breakout,reddit_orb_breakout|ny|range=15|entry=150|rr=1.5|sl_atr=1|tp_atr=1.5|threshold=2|adx_max=none|adx_min=none|rsi2=none|trend=ema|max_bars=24,short,73634,73635,73657,2025-12-16 15:15:00+00:00,2025-12-16 15:30:00+00:00,2025-12-16 21:00:00+00:00,6789.75,6798.25,-34.0,-37.0,-0.31896551724137934,169.5,113.0,3.0,session_close,22,6
futures,ES,reddit_orb_breakout,reddit_orb_breakout|ny|range=15|entry=150|rr=1.5|sl_atr=1|tp_atr=1.5|threshold=2|adx_max=none|adx_min=none|rsi2=none|trend=ema|max_bars=24,long,73822,73823,73825,2025-12-18 16:15:00+00:00,2025-12-18 16:30:00+00:00,2025-12-18 17:00:00+00:00,6862.0,6824.5,-150.0,-153.0,-1.0,225.0,150.0,3.0,sl,2,6
futures,ES,reddit_orb_breakout,reddit_orb_breakout|ny|range=15|entry=150|rr=1.5|sl_atr=1|tp_atr=1.5|threshold=2|adx_max=none|adx_min=none|rsi2=none|trend=ema|max_bars=24,long,73908,73909,73933,2025-12-19 14:45:00+00:00,2025-12-19 15:00:00+00:00,2025-12-19 21:00:00+00:00,6880.25,6889.5,37.0,34.0,0.24113475177304963,207.0,138.0,3.0,session_close,24,6
futures,ES,reddit_orb_breakout,reddit_orb_breakout|ny|range=15|entry=150|rr=1.5|sl_atr=1|tp_atr=1.5|threshold=2|adx_max=none|adx_min=none|rsi2=none|trend=ema|max_bars=24,short,74354,74355,74378,2025-12-29 15:00:00+00:00,2025-12-29 15:15:00+00:00,2025-12-29 21:00:00+00:00,6946.25,6954.5,-33.0,-36.0,-0.4044943820224719,129.0,86.0,3.0,session_close,23,6
futures,ES,reddit_orb_breakout,reddit_orb_breakout|ny|range=15|entry=150|rr=1.5|sl_atr=1|tp_atr=1.5|threshold=2|adx_max=none|adx_min=none|rsi2=none|trend=ema|max_bars=24,short,74446,74447,74450,2025-12-30 15:00:00+00:00,2025-12-30 15:15:00+00:00,2025-12-30 16:00:00+00:00,6944.25,6954.0,-39.0,-42.0,-1.0,58.5,39.0,3.0,sl,3,6
futures,ES,reddit_orb_breakout,reddit_orb_breakout|ny|range=15|entry=150|rr=1.5|sl_atr=1|tp_atr=1.5|threshold=2|adx_max=none|adx_min=none|rsi2=none|trend=ema|max_bars=24,long,74723,74724,74746,2026-01-05 15:15:00+00:00,2026-01-05 15:30:00+00:00,2026-01-05 21:00:00+00:00,6954.25,6944.5,-39.0,-42.0,-0.47191011235955055,129.0,86.0,3.0,session_close,22,6
futures,ES,reddit_orb_breakout,reddit_orb_breakout|ny|range=15|entry=150|rr=1.5|sl_atr=1|tp_atr=1.5|threshold=2|adx_max=none|adx_min=none|rsi2=none|trend=ema|max_bars=24,long,74813,74814,74838,2026-01-06 14:45:00+00:00,2026-01-06 15:00:00+00:00,2026-01-06 21:00:00+00:00,6969.25,6987.0,71.0,68.0,0.6938775510204082,142.5,95.0,3.0,session_close,24,6
futures,ES,reddit_orb_breakout,reddit_orb_breakout|ny|range=15|entry=150|rr=1.5|sl_atr=1|tp_atr=1.5|threshold=2|adx_max=none|adx_min=none|rsi2=none|trend=ema|max_bars=24,long,74912,74913,74922,2026-01-07 16:30:00+00:00,2026-01-07 16:45:00+00:00,2026-01-07 19:00:00+00:00,6999.0,6984.25,-59.0,-62.0,-1.0,88.5,59.0,3.0,sl,9,6
futures,ES,reddit_orb_breakout,reddit_orb_breakout|ny|range=15|entry=150|rr=1.5|sl_atr=1|tp_atr=1.5|threshold=2|adx_max=none|adx_min=none|rsi2=none|trend=ema|max_bars=24,long,75091,75092,75114,2026-01-09 15:15:00+00:00,2026-01-09 15:30:00+00:00,2026-01-09 21:00:00+00:00,6996.25,7004.0,31.0,28.0,0.24778761061946902,165.0,110.0,3.0,session_close,22,6
futures,ES,reddit_orb_breakout,reddit_orb_breakout|ny|range=15|entry=150|rr=1.5|sl_atr=1|tp_atr=1.5|threshold=2|adx_max=none|adx_min=none|rsi2=none|trend=ema|max_bars=24,short,75365,75366,75390,2026-01-14 14:45:00+00:00,2026-01-14 15:00:00+00:00,2026-01-14 21:00:00+00:00,6949.25,6964.5,-61.0,-64.0,-0.512,183.0,122.0,3.0,session_close,24,6
futures,ES,reddit_orb_breakout,reddit_orb_breakout|ny|range=15|entry=150|rr=1.5|sl_atr=1|tp_atr=1.5|threshold=2|adx_max=none|adx_min=none|rsi2=none|trend=ema|max_bars=24,long,75463,75464,75475,2026-01-15 16:15:00+00:00,2026-01-15 16:30:00+00:00,2026-01-15 19:15:00+00:00,7010.75,6998.0,-51.0,-54.0,-1.0,76.5,51.0,3.0,sl,11,6
futures,ES,reddit_orb_breakout,reddit_orb_breakout|ny|range=15|entry=150|rr=1.5|sl_atr=1|tp_atr=1.5|threshold=2|adx_max=none|adx_min=none|rsi2=none|trend=ema|max_bars=24,short,75818,75819,75821,2026-01-21 17:00:00+00:00,2026-01-21 17:15:00+00:00,2026-01-21 17:45:00+00:00,6840.0,6863.5,-94.0,-97.0,-1.0,141.0,94.0,3.0,sl,2,6
futures,ES,reddit_orb_breakout,reddit_orb_breakout|ny|range=15|entry=150|rr=1.5|sl_atr=1|tp_atr=1.5|threshold=2|adx_max=none|adx_min=none|rsi2=none|trend=ema|max_bars=24,long,75993,75994,76018,2026-01-23 14:45:00+00:00,2026-01-23 15:00:00+00:00,2026-01-23 21:00:00+00:00,6941.5,6938.25,-13.0,-16.0,-0.2318840579710145,99.0,66.0,3.0,session_close,24,6
futures,ES,reddit_orb_breakout,reddit_orb_breakout|ny|range=15|entry=150|rr=1.5|sl_atr=1|tp_atr=1.5|threshold=2|adx_max=none|adx_min=none|rsi2=none|trend=ema|max_bars=24,long,76086,76087,76110,2026-01-26 15:00:00+00:00,2026-01-26 15:15:00+00:00,2026-01-26 21:00:00+00:00,6979.5,6980.0,2.0,-1.0,-0.008849557522123894,165.0,110.0,3.0,session_close,23,6
futures,ES,reddit_orb_breakout,reddit_orb_breakout|ny|range=15|entry=150|rr=1.5|sl_atr=1|tp_atr=1.5|threshold=2|adx_max=none|adx_min=none|rsi2=none|trend=ema|max_bars=24,long,76177,76178,76202,2026-01-27 14:45:00+00:00,2026-01-27 15:00:00+00:00,2026-01-27 21:00:00+00:00,7005.25,7006.75,6.0,3.0,0.04225352112676056,102.0,68.0,3.0,session_close,24,6
futures,ES,reddit_orb_breakout,reddit_orb_breakout|ny|range=15|entry=150|rr=1.5|sl_atr=1|tp_atr=1.5|threshold=2|adx_max=none|adx_min=none|rsi2=none|trend=ema|max_bars=24,short,76459,76460,76478,2026-01-30 16:15:00+00:00,2026-01-30 16:30:00+00:00,2026-01-30 21:00:00+00:00,6958.75,6963.5,-19.0,-22.0,-0.2,160.5,107.0,3.0,session_close,18,6
futures,ES,reddit_orb_breakout,reddit_orb_breakout|ny|range=15|entry=150|rr=1.5|sl_atr=1|tp_atr=1.5|threshold=2|adx_max=none|adx_min=none|rsi2=none|trend=ema|max_bars=24,long,76555,76556,76570,2026-02-02 17:15:00+00:00,2026-02-02 17:30:00+00:00,2026-02-02 21:00:00+00:00,7010.0,7004.5,-22.0,-25.0,-0.09057971014492754,409.5,273.0,3.0,session_close,14,6
futures,ES,reddit_orb_breakout,reddit_orb_breakout|ny|range=15|entry=150|rr=1.5|sl_atr=1|tp_atr=1.5|threshold=2|adx_max=none|adx_min=none|rsi2=none|trend=ema|max_bars=24,short,76729,76730,76739,2026-02-04 14:45:00+00:00,2026-02-04 15:00:00+00:00,2026-02-04 17:15:00+00:00,6928.0,6882.25,183.0,180.0,1.44,183.0,122.0,3.0,tp,9,6
futures,ES,reddit_orb_breakout,reddit_orb_breakout|ny|range=15|entry=150|rr=1.5|sl_atr=1|tp_atr=1.5|threshold=2|adx_max=none|adx_min=none|rsi2=none|trend=ema|max_bars=24,short,76822,76823,76846,2026-02-05 15:00:00+00:00,2026-02-05 15:15:00+00:00,2026-02-05 21:00:00+00:00,6812.0,6815.75,-15.0,-18.0,-0.06766917293233082,394.5,263.0,3.0,session_close,23,6
futures,ES,reddit_orb_breakout,reddit_orb_breakout|ny|range=15|entry=150|rr=1.5|sl_atr=1|tp_atr=1.5|threshold=2|adx_max=none|adx_min=none|rsi2=none|trend=ema|max_bars=24,long,77006,77007,77030,2026-02-09 15:00:00+00:00,2026-02-09 15:15:00+00:00,2026-02-09 21:00:00+00:00,6959.25,6986.0,107.0,104.0,0.7272727272727273,210.0,140.0,3.0,session_close,23,6
futures,ES,reddit_orb_breakout,reddit_orb_breakout|ny|range=15|entry=150|rr=1.5|sl_atr=1|tp_atr=1.5|threshold=2|adx_max=none|adx_min=none|rsi2=none|trend=ema|max_bars=24,long,77097,77098,77111,2026-02-10 14:45:00+00:00,2026-02-10 15:00:00+00:00,2026-02-10 18:15:00+00:00,6998.25,6975.0,-93.0,-96.0,-1.0,139.5,93.0,3.0,sl,13,6
futures,ES,reddit_orb_breakout,reddit_orb_breakout|ny|range=15|entry=150|rr=1.5|sl_atr=1|tp_atr=1.5|threshold=2|adx_max=none|adx_min=none|rsi2=none|trend=ema|max_bars=24,short,77287,77288,77306,2026-02-12 16:15:00+00:00,2026-02-12 16:30:00+00:00,2026-02-12 21:00:00+00:00,6874.0,6856.0,72.0,69.0,0.14435146443514643,712.5,475.0,3.0,session_close,18,6
futures,ES,reddit_orb_breakout,reddit_orb_breakout|ny|range=15|entry=150|rr=1.5|sl_atr=1|tp_atr=1.5|threshold=2|adx_max=none|adx_min=none|rsi2=none|trend=ema|max_bars=24,short,77468,77469,77478,2026-02-16 15:30:00+00:00,2026-02-16 15:45:00+00:00,2026-02-16 23:00:00+00:00,6844.0,6862.5,-74.0,-77.0,-1.0547945205479452,105.0,70.0,3.0,session_close,9,6
futures,ES,reddit_orb_breakout,reddit_orb_breakout|ny|range=15|entry=150|rr=1.5|sl_atr=1|tp_atr=1.5|threshold=2|adx_max=none|adx_min=none|rsi2=none|trend=ema|max_bars=24,short,77541,77542,77547,2026-02-17 14:45:00+00:00,2026-02-17 15:00:00+00:00,2026-02-17 16:15:00+00:00,6799.75,6862.0,-249.0,-252.0,-1.0,373.5,249.0,3.0,sl,5,6
futures,ES,reddit_orb_breakout,reddit_orb_breakout|ny|range=15|entry=150|rr=1.5|sl_atr=1|tp_atr=1.5|threshold=2|adx_max=none|adx_min=none|rsi2=none|trend=ema|max_bars=24,long,77633,77634,77658,2026-02-18 14:45:00+00:00,2026-02-18 15:00:00+00:00,2026-02-18 21:00:00+00:00,6895.5,6893.25,-9.0,-12.0,-0.08633093525179857,204.0,136.0,3.0,session_close,24,6
futures,ES,reddit_orb_breakout,reddit_orb_breakout|ny|range=15|entry=150|rr=1.5|sl_atr=1|tp_atr=1.5|threshold=2|adx_max=none|adx_min=none|rsi2=none|trend=ema|max_bars=24,long,77725,77726,77737,2026-02-19 14:45:00+00:00,2026-02-19 15:00:00+00:00,2026-02-19 17:45:00+00:00,6882.75,6857.0,-103.0,-106.0,-1.0,154.5,103.0,3.0,sl,11,6
futures,ES,reddit_orb_breakout,reddit_orb_breakout|ny|range=15|entry=150|rr=1.5|sl_atr=1|tp_atr=1.5|threshold=2|adx_max=none|adx_min=none|rsi2=none|trend=ema|max_bars=24,long,77821,77822,77842,2026-02-20 15:45:00+00:00,2026-02-20 16:00:00+00:00,2026-02-20 21:00:00+00:00,6919.0,6928.0,36.0,33.0,0.11379310344827587,430.5,287.0,3.0,session_close,20,6
futures,ES,reddit_orb_breakout,reddit_orb_breakout|ny|range=15|entry=150|rr=1.5|sl_atr=1|tp_atr=1.5|threshold=2|adx_max=none|adx_min=none|rsi2=none|trend=ema|max_bars=24,short,77915,77916,77934,2026-02-23 16:15:00+00:00,2026-02-23 16:30:00+00:00,2026-02-23 21:00:00+00:00,6858.25,6858.0,1.0,-2.0,-0.006872852233676976,432.0,288.0,3.0,session_close,18,6
futures,ES,reddit_orb_breakout,reddit_orb_breakout|ny|range=15|entry=150|rr=1.5|sl_atr=1|tp_atr=1.5|threshold=2|adx_max=none|adx_min=none|rsi2=none|trend=ema|max_bars=24,long,78099,78100,78117,2026-02-25 16:15:00+00:00,2026-02-25 16:30:00+00:00,2026-02-25 20:45:00+00:00,6943.75,6964.75,84.0,81.0,1.3728813559322033,84.0,56.0,3.0,tp,17,6
futures,ES,reddit_orb_breakout,reddit_orb_breakout|ny|range=15|entry=150|rr=1.5|sl_atr=1|tp_atr=1.5|threshold=2|adx_max=none|adx_min=none|rsi2=none|trend=ema|max_bars=24,short,78461,78462,78469,2026-03-03 14:45:00+00:00,2026-03-03 15:00:00+00:00,2026-03-03 16:45:00+00:00,6746.25,6794.0,-191.0,-194.0,-1.0,286.5,191.0,3.0,sl,7,6
futures,ES,reddit_orb_breakout,reddit_orb_breakout|ny|range=15|entry=150|rr=1.5|sl_atr=1|tp_atr=1.5|threshold=2|adx_max=none|adx_min=none|rsi2=none|trend=ema|max_bars=24,long,78555,78556,78578,2026-03-04 15:15:00+00:00,2026-03-04 15:30:00+00:00,2026-03-04 21:00:00+00:00,6884.25,6878.5,-23.0,-26.0,-0.10441767068273092,369.0,246.0,3.0,session_close,22,6
futures,ES,reddit_orb_breakout,reddit_orb_breakout|ny|range=15|entry=150|rr=1.5|sl_atr=1|tp_atr=1.5|threshold=2|adx_max=none|adx_min=none|rsi2=none|trend=ema|max_bars=24,long,78645,78646,78647,2026-03-05 14:45:00+00:00,2026-03-05 15:00:00+00:00,2026-03-05 15:15:00+00:00,6872.5,6840.0,-130.0,-133.0,-1.0,195.0,130.0,3.0,sl,1,6
futures,ES,reddit_orb_breakout,reddit_orb_breakout|ny|range=15|entry=150|rr=1.5|sl_atr=1|tp_atr=1.5|threshold=2|adx_max=none|adx_min=none|rsi2=none|trend=ema|max_bars=24,short,78830,78831,78833,2026-03-09 14:00:00+00:00,2026-03-09 14:15:00+00:00,2026-03-09 14:45:00+00:00,6649.0,6693.75,-179.0,-182.0,-1.0,268.5,179.0,3.0,sl,2,6
futures,ES,reddit_orb_breakout,reddit_orb_breakout|ny|range=15|entry=150|rr=1.5|sl_atr=1|tp_atr=1.5|threshold=2|adx_max=none|adx_min=none|rsi2=none|trend=ema|max_bars=24,long,78924,78925,78946,2026-03-10 14:30:00+00:00,2026-03-10 14:45:00+00:00,2026-03-10 20:00:00+00:00,6818.25,6799.75,-74.0,-77.0,-0.4425287356321839,256.5,171.0,3.0,session_close,21,6
futures,ES,reddit_orb_breakout,reddit_orb_breakout|ny|range=15|entry=150|rr=1.5|sl_atr=1|tp_atr=1.5|threshold=2|adx_max=none|adx_min=none|rsi2=none|trend=ema|max_bars=24,short,79105,79106,79130,2026-03-12 13:45:00+00:00,2026-03-12 14:00:00+00:00,2026-03-12 20:00:00+00:00,6704.0,6676.0,112.0,109.0,0.9478260869565217,168.0,112.0,3.0,session_close,24,6
futures,ES,reddit_orb_breakout,reddit_orb_breakout|ny|range=15|entry=150|rr=1.5|sl_atr=1|tp_atr=1.5|threshold=2|adx_max=none|adx_min=none|rsi2=none|trend=ema|max_bars=24,short,79198,79199,79204,2026-03-13 14:00:00+00:00,2026-03-13 14:15:00+00:00,2026-03-13 15:30:00+00:00,6702.5,6655.625,187.5,184.5,1.44140625,187.5,125.0,3.0,tp,5,6
futures,ES,reddit_orb_breakout,reddit_orb_breakout|ny|range=15|entry=150|rr=1.5|sl_atr=1|tp_atr=1.5|threshold=2|adx_max=none|adx_min=none|rsi2=none|trend=ema|max_bars=24,short,79299,79300,79306,2026-03-16 16:15:00+00:00,2026-03-16 16:30:00+00:00,2026-03-16 18:00:00+00:00,6687.5,6711.5,-96.0,-99.0,-1.0,144.0,96.0,3.0,sl,6,6
futures,ES,reddit_orb_breakout,reddit_orb_breakout|ny|range=15|entry=150|rr=1.5|sl_atr=1|tp_atr=1.5|threshold=2|adx_max=none|adx_min=none|rsi2=none|trend=ema|max_bars=24,short,79657,79658,79677,2026-03-20 13:45:00+00:00,2026-03-20 14:00:00+00:00,2026-03-20 18:45:00+00:00,6607.0,6553.375,214.5,211.5,1.4486301369863013,214.5,143.0,3.0,tp,19,6
futures,ES,reddit_orb_breakout,reddit_orb_breakout|ny|range=15|entry=150|rr=1.5|sl_atr=1|tp_atr=1.5|threshold=2|adx_max=none|adx_min=none|rsi2=none|trend=ema|max_bars=24,short,79757,79758,79768,2026-03-23 15:45:00+00:00,2026-03-23 16:00:00+00:00,2026-03-23 18:30:00+00:00,6637.25,6674.0,-147.0,-150.0,-1.0,220.5,147.0,3.0,sl,10,6
futures,ES,reddit_orb_breakout,reddit_orb_breakout|ny|range=15|entry=150|rr=1.5|sl_atr=1|tp_atr=1.5|threshold=2|adx_max=none|adx_min=none|rsi2=none|trend=ema|max_bars=24,short,80035,80036,80050,2026-03-26 16:15:00+00:00,2026-03-26 16:30:00+00:00,2026-03-26 20:00:00+00:00,6567.0,6554.25,51.0,48.0,0.3221476510067114,219.0,146.0,3.0,session_close,14,6
futures,ES,reddit_orb_breakout,reddit_orb_breakout|ny|range=15|entry=150|rr=1.5|sl_atr=1|tp_atr=1.5|threshold=2|adx_max=none|adx_min=none|rsi2=none|trend=ema|max_bars=24,short,80117,80118,80141,2026-03-27 13:45:00+00:00,2026-03-27 14:00:00+00:00,2026-03-27 19:45:00+00:00,6458.5,6402.625,223.5,220.5,1.450657894736842,223.5,149.0,3.0,tp,23,6
futures,ES,reddit_orb_breakout,reddit_orb_breakout|ny|range=15|entry=150|rr=1.5|sl_atr=1|tp_atr=1.5|threshold=2|adx_max=none|adx_min=none|rsi2=none|trend=ema|max_bars=24,short,80209,80210,80234,2026-03-30 13:45:00+00:00,2026-03-30 14:00:00+00:00,2026-03-30 20:00:00+00:00,6417.5,6378.0,158.0,155.0,0.7110091743119266,322.5,215.0,3.0,session_close,24,6
futures,ES,reddit_orb_breakout,reddit_orb_breakout|ny|range=15|entry=150|rr=1.5|sl_atr=1|tp_atr=1.5|threshold=2|adx_max=none|adx_min=none|rsi2=none|trend=ema|max_bars=24,long,80311,80312,80312,2026-03-31 16:15:00+00:00,2026-03-31 16:30:00+00:00,2026-03-31 16:30:00+00:00,6489.0,6546.75,231.0,228.0,1.4522292993630572,231.0,154.0,3.0,tp,1,6
futures,ES,reddit_orb_breakout,reddit_orb_breakout|ny|range=15|entry=150|rr=1.5|sl_atr=1|tp_atr=1.5|threshold=2|adx_max=none|adx_min=none|rsi2=none|trend=ema|max_bars=24,long,80397,80398,80418,2026-04-01 14:45:00+00:00,2026-04-01 15:00:00+00:00,2026-04-01 20:00:00+00:00,6633.5,6622.25,-45.0,-48.0,-0.36363636363636365,193.5,129.0,3.0,session_close,20,6
futures,ES,reddit_orb_breakout,reddit_orb_breakout|ny|range=15|entry=150|rr=1.5|sl_atr=1|tp_atr=1.5|threshold=2|adx_max=none|adx_min=none|rsi2=none|trend=ema|max_bars=24,long,80491,80492,80510,2026-04-02 15:15:00+00:00,2026-04-02 15:30:00+00:00,2026-04-02 20:00:00+00:00,6617.75,6623.25,22.0,19.0,0.045563549160671464,621.0,414.0,3.0,session_close,18,6
futures,ES,reddit_orb_breakout,reddit_orb_breakout|ny|range=15|entry=150|rr=1.5|sl_atr=1|tp_atr=1.5|threshold=2|adx_max=none|adx_min=none|rsi2=none|trend=ema|max_bars=24,long,80638,80639,80663,2026-04-06 13:45:00+00:00,2026-04-06 14:00:00+00:00,2026-04-06 20:00:00+00:00,6649.0,6648.25,-3.0,-6.0,-0.046875,187.5,125.0,3.0,session_close,24,6
futures,ES,reddit_orb_breakout,reddit_orb_breakout|ny|range=15|entry=150|rr=1.5|sl_atr=1|tp_atr=1.5|threshold=2|adx_max=none|adx_min=none|rsi2=none|trend=ema|max_bars=24,long,80920,80921,80921,2026-04-09 15:15:00+00:00,2026-04-09 15:30:00+00:00,2026-04-09 15:30:00+00:00,6823.25,6845.0,87.0,84.0,1.3770491803278688,87.0,58.0,3.0,tp,1,6
futures,ES,reddit_orb_breakout,reddit_orb_breakout|ny|range=15|entry=150|rr=1.5|sl_atr=1|tp_atr=1.5|threshold=2|adx_max=none|adx_min=none|rsi2=none|trend=ema|max_bars=24,long,81102,81103,81123,2026-04-13 14:45:00+00:00,2026-04-13 15:00:00+00:00,2026-04-13 20:00:00+00:00,6866.75,6923.25,226.0,223.0,1.3597560975609757,241.5,161.0,3.0,session_close,20,6
futures,ES,reddit_orb_breakout,reddit_orb_breakout|ny|range=15|entry=150|rr=1.5|sl_atr=1|tp_atr=1.5|threshold=2|adx_max=none|adx_min=none|rsi2=none|trend=ema|max_bars=24,long,81284,81285,81307,2026-04-15 14:15:00+00:00,2026-04-15 14:30:00+00:00,2026-04-15 20:00:00+00:00,7031.0,7056.0,100.0,97.0,0.8738738738738738,162.0,108.0,3.0,session_close,22,6
futures,ES,reddit_orb_breakout,reddit_orb_breakout|ny|range=15|entry=150|rr=1.5|sl_atr=1|tp_atr=1.5|threshold=2|adx_max=none|adx_min=none|rsi2=none|trend=ema|max_bars=24,long,81379,81380,81387,2026-04-16 15:00:00+00:00,2026-04-16 15:15:00+00:00,2026-04-16 17:00:00+00:00,7075.75,7062.0,-55.0,-58.0,-1.0,82.5,55.0,3.0,sl,7,6
futures,ES,reddit_orb_breakout,reddit_orb_breakout|ny|range=15|entry=150|rr=1.5|sl_atr=1|tp_atr=1.5|threshold=2|adx_max=none|adx_min=none|rsi2=none|trend=ema|max_bars=24,long,81466,81467,81477,2026-04-17 13:45:00+00:00,2026-04-17 14:00:00+00:00,2026-04-17 16:30:00+00:00,7143.5,7179.875,145.5,142.5,1.425,145.5,97.0,3.0,tp,10,6
futures,ES,reddit_orb_breakout,reddit_orb_breakout|ny|range=15|entry=150|rr=1.5|sl_atr=1|tp_atr=1.5|threshold=2|adx_max=none|adx_min=none|rsi2=none|trend=ema|max_bars=24,long,81558,81559,81561,2026-04-20 13:45:00+00:00,2026-04-20 14:00:00+00:00,2026-04-20 14:30:00+00:00,7157.0,7142.25,-59.0,-62.0,-1.0,88.5,59.0,3.0,sl,2,6
futures,ES,reddit_orb_breakout,reddit_orb_breakout|ny|range=15|entry=150|rr=1.5|sl_atr=1|tp_atr=1.5|threshold=2|adx_max=none|adx_min=none|rsi2=none|trend=ema|max_bars=24,long,81650,81651,81654,2026-04-21 13:45:00+00:00,2026-04-21 14:00:00+00:00,2026-04-21 14:45:00+00:00,7167.75,7147.0,-83.0,-86.0,-1.0,124.5,83.0,3.0,sl,3,6
futures,ES,reddit_orb_retest,reddit_orb_retest|ny|range=15|entry=150|rr=2|sl_atr=1|tp_atr=1.5|threshold=2|adx_max=none|adx_min=none|rsi2=none|trend=all|max_bars=24,long,4625,4626,4649,2023-01-13 15:00:00+00:00,2023-01-13 15:15:00+00:00,2023-01-13 21:00:00+00:00,3989.75,4015.75,104.0,101.0,1.02020202020202,192.0,96.0,3.0,session_close,23,30
futures,ES,reddit_orb_retest,reddit_orb_retest|ny|range=15|entry=150|rr=2|sl_atr=1|tp_atr=1.5|threshold=2|adx_max=none|adx_min=none|rsi2=none|trend=all|max_bars=24,short,4978,4979,4991,2023-01-19 15:15:00+00:00,2023-01-19 15:30:00+00:00,2023-01-19 18:30:00+00:00,3920.0,3933.75,-55.0,-58.0,-1.0,110.0,55.0,3.0,sl,12,30
futures,ES,reddit_orb_retest,reddit_orb_retest|ny|range=15|entry=150|rr=2|sl_atr=1|tp_atr=1.5|threshold=2|adx_max=none|adx_min=none|rsi2=none|trend=all|max_bars=24,long,5070,5071,5093,2023-01-20 15:15:00+00:00,2023-01-20 15:30:00+00:00,2023-01-20 21:00:00+00:00,3938.5,3986.0,190.0,187.0,1.7314814814814814,210.0,105.0,3.0,session_close,22,30
futures,ES,reddit_orb_retest,reddit_orb_retest|ny|range=15|entry=150|rr=2|sl_atr=1|tp_atr=1.5|threshold=2|adx_max=none|adx_min=none|rsi2=none|trend=all|max_bars=24,long,5254,5255,5277,2023-01-24 15:15:00+00:00,2023-01-24 15:30:00+00:00,2023-01-24 21:00:00+00:00,4022.25,4039.5,69.0,66.0,1.1785714285714286,106.0,53.0,3.0,session_close,22,30
futures,ES,reddit_orb_retest,reddit_orb_retest|ny|range=15|entry=150|rr=2|sl_atr=1|tp_atr=1.5|threshold=2|adx_max=none|adx_min=none|rsi2=none|trend=all|max_bars=24,short,5345,5346,5351,2023-01-25 15:00:00+00:00,2023-01-25 15:15:00+00:00,2023-01-25 16:30:00+00:00,3975.25,3994.5,-77.0,-80.0,-1.0,154.0,77.0,3.0,sl,5,30
futures,ES,reddit_orb_retest,reddit_orb_retest|ny|range=15|entry=150|rr=2|sl_atr=1|tp_atr=1.5|threshold=2|adx_max=none|adx_min=none|rsi2=none|trend=all|max_bars=24,short,5439,5440,5458,2023-01-26 15:30:00+00:00,2023-01-26 15:45:00+00:00,2023-01-26 20:15:00+00:00,4044.75,4068.25,-94.0,-97.0,-1.0,188.0,94.0,3.0,sl,18,30
futures,ES,reddit_orb_retest,reddit_orb_retest|ny|range=15|entry=150|rr=2|sl_atr=1|tp_atr=1.5|threshold=2|adx_max=none|adx_min=none|rsi2=none|trend=all|max_bars=24,long,5529,5530,5553,2023-01-27 15:00:00+00:00,2023-01-27 15:15:00+00:00,2023-01-27 21:00:00+00:00,4088.0,4084.0,-16.0,-19.0,-0.17592592592592593,210.0,105.0,3.0,session_close,23,30
futures,ES,reddit_orb_retest,reddit_orb_retest|ny|range=15|entry=150|rr=2|sl_atr=1|tp_atr=1.5|threshold=2|adx_max=none|adx_min=none|rsi2=none|trend=all|max_bars=24,long,5622,5623,5623,2023-01-30 15:15:00+00:00,2023-01-30 15:30:00+00:00,2023-01-30 15:30:00+00:00,4065.75,4053.0,-51.0,-54.0,-1.0,102.0,51.0,3.0,sl,1,30
futures,ES,reddit_orb_retest,reddit_orb_retest|ny|range=15|entry=150|rr=2|sl_atr=1|tp_atr=1.5|threshold=2|adx_max=none|adx_min=none|rsi2=none|trend=all|max_bars=24,long,5714,5715,5736,2023-01-31 15:15:00+00:00,2023-01-31 15:30:00+00:00,2023-01-31 20:45:00+00:00,4053.25,4090.25,148.0,145.0,1.8831168831168832,148.0,74.0,3.0,tp,21,30
futures,ES,reddit_orb_retest,reddit_orb_retest|ny|range=15|entry=150|rr=2|sl_atr=1|tp_atr=1.5|threshold=2|adx_max=none|adx_min=none|rsi2=none|trend=all|max_bars=24,short,5897,5898,5899,2023-02-02 15:00:00+00:00,2023-02-02 15:15:00+00:00,2023-02-02 15:30:00+00:00,4158.25,4176.0,-71.0,-74.0,-1.0,142.0,71.0,3.0,sl,1,30
futures,ES,reddit_orb_retest,reddit_orb_retest|ny|range=15|entry=150|rr=2|sl_atr=1|tp_atr=1.5|threshold=2|adx_max=none|adx_min=none|rsi2=none|trend=all|max_bars=24,long,6178,6179,6184,2023-02-07 16:15:00+00:00,2023-02-07 16:30:00+00:00,2023-02-07 17:45:00+00:00,4121.0,4148.0,108.0,105.0,1.8421052631578947,108.0,54.0,3.0,tp,5,30
futures,ES,reddit_orb_retest,reddit_orb_retest|ny|range=15|entry=150|rr=2|sl_atr=1|tp_atr=1.5|threshold=2|adx_max=none|adx_min=none|rsi2=none|trend=all|max_bars=24,short,6268,6269,6289,2023-02-08 15:45:00+00:00,2023-02-08 16:00:00+00:00,2023-02-08 21:00:00+00:00,4146.75,4126.75,80.0,77.0,0.9390243902439024,158.0,79.0,3.0,session_close,20,30
futures,ES,reddit_orb_retest,reddit_orb_retest|ny|range=15|entry=150|rr=2|sl_atr=1|tp_atr=1.5|threshold=2|adx_max=none|adx_min=none|rsi2=none|trend=all|max_bars=24,short,6360,6361,6367,2023-02-09 15:45:00+00:00,2023-02-09 16:00:00+00:00,2023-02-09 17:30:00+00:00,4151.0,4119.5,126.0,123.0,1.8636363636363635,126.0,63.0,3.0,tp,6,30
futures,ES,reddit_orb_retest,reddit_orb_retest|ny|range=15|entry=150|rr=2|sl_atr=1|tp_atr=1.5|threshold=2|adx_max=none|adx_min=none|rsi2=none|trend=all|max_bars=24,long,6451,6452,6457,2023-02-10 15:30:00+00:00,2023-02-10 15:45:00+00:00,2023-02-10 17:00:00+00:00,4089.0,4074.5,-58.0,-61.0,-1.0,116.0,58.0,3.0,sl,5,30
futures,ES,reddit_orb_retest,reddit_orb_retest|ny|range=15|entry=150|rr=2|sl_atr=1|tp_atr=1.5|threshold=2|adx_max=none|adx_min=none|rsi2=none|trend=all|max_bars=24,long,6730,6731,6749,2023-02-15 16:15:00+00:00,2023-02-15 16:30:00+00:00,2023-02-15 21:00:00+00:00,4139.75,4160.0,81.0,78.0,0.9397590361445783,160.0,80.0,3.0,session_close,18,30
futures,ES,reddit_orb_retest,reddit_orb_retest|ny|range=15|entry=150|rr=2|sl_atr=1|tp_atr=1.5|threshold=2|adx_max=none|adx_min=none|rsi2=none|trend=all|max_bars=24,long,6818,6819,6840,2023-02-16 15:15:00+00:00,2023-02-16 15:30:00+00:00,2023-02-16 20:45:00+00:00,4121.5,4098.25,-93.0,-96.0,-1.0,186.0,93.0,3.0,sl,21,30
futures,ES,reddit_orb_retest,reddit_orb_retest|ny|range=15|entry=150|rr=2|sl_atr=1|tp_atr=1.5|threshold=2|adx_max=none|adx_min=none|rsi2=none|trend=all|max_bars=24,short,6912,6913,6928,2023-02-17 15:45:00+00:00,2023-02-17 16:00:00+00:00,2023-02-17 19:45:00+00:00,4064.5,4083.5,-76.0,-79.0,-1.0,152.0,76.0,3.0,sl,15,30
futures,ES,reddit_orb_retest,reddit_orb_retest|ny|range=15|entry=150|rr=2|sl_atr=1|tp_atr=1.5|threshold=2|adx_max=none|adx_min=none|rsi2=none|trend=all|max_bars=24,short,7006,7007,7013,2023-02-20 16:15:00+00:00,2023-02-20 16:30:00+00:00,2023-02-20 23:00:00+00:00,4077.75,4075.75,8.0,5.0,0.2631578947368421,32.0,16.0,3.0,session_close,6,30
futures,ES,reddit_orb_retest,reddit_orb_retest|ny|range=15|entry=150|rr=2|sl_atr=1|tp_atr=1.5|threshold=2|adx_max=none|adx_min=none|rsi2=none|trend=all|max_bars=24,short,7172,7173,7179,2023-02-22 15:45:00+00:00,2023-02-22 16:00:00+00:00,2023-02-22 17:30:00+00:00,4005.0,4016.25,-45.0,-48.0,-1.0,90.0,45.0,3.0,sl,6,30
futures,ES,reddit_orb_retest,reddit_orb_retest|ny|range=15|entry=150|rr=2|sl_atr=1|tp_atr=1.5|threshold=2|adx_max=none|adx_min=none|rsi2=none|trend=all|max_bars=24,short,7353,7354,7360,2023-02-24 15:00:00+00:00,2023-02-24 15:15:00+00:00,2023-02-24 16:45:00+00:00,3954.25,3976.0,-87.0,-90.0,-1.0,174.0,87.0,3.0,sl,6,30
futures,ES,reddit_orb_retest,reddit_orb_retest|ny|range=15|entry=150|rr=2|sl_atr=1|tp_atr=1.5|threshold=2|adx_max=none|adx_min=none|rsi2=none|trend=all|max_bars=24,long,7545,7546,7560,2023-02-28 17:00:00+00:00,2023-02-28 17:15:00+00:00,2023-02-28 20:45:00+00:00,3990.5,3975.0,-62.0,-65.0,-1.0,124.0,62.0,3.0,sl,14,30
futures,ES,reddit_orb_retest,reddit_orb_retest|ny|range=15|entry=150|rr=2|sl_atr=1|tp_atr=1.5|threshold=2|adx_max=none|adx_min=none|rsi2=none|trend=all|max_bars=24,long,7722,7723,7742,2023-03-02 15:15:00+00:00,2023-03-02 15:30:00+00:00,2023-03-02 20:15:00+00:00,3948.0,3982.0,136.0,133.0,1.8732394366197183,136.0,68.0,3.0,tp,19,30
futures,ES,reddit_orb_retest,reddit_orb_retest|ny|range=15|entry=150|rr=2|sl_atr=1|tp_atr=1.5|threshold=2|adx_max=none|adx_min=none|rsi2=none|trend=all|max_bars=24,long,7813,7814,7829,2023-03-03 15:00:00+00:00,2023-03-03 15:15:00+00:00,2023-03-03 19:00:00+00:00,4012.25,4040.75,114.0,111.0,1.85,114.0,57.0,3.0,tp,15,30
futures,ES,reddit_orb_retest,reddit_orb_retest|ny|range=15|entry=150|rr=2|sl_atr=1|tp_atr=1.5|threshold=2|adx_max=none|adx_min=none|rsi2=none|trend=all|max_bars=24,long,8183,8184,8185,2023-03-09 15:30:00+00:00,2023-03-09 15:45:00+00:00,2023-03-09 16:00:00+00:00,4014.0,3998.5,-62.0,-65.0,-1.0,124.0,62.0,3.0,sl,1,30
futures,ES,reddit_orb_retest,reddit_orb_retest|ny|range=15|entry=150|rr=2|sl_atr=1|tp_atr=1.5|threshold=2|adx_max=none|adx_min=none|rsi2=none|trend=all|max_bars=24,long,8278,8279,8282,2023-03-10 16:15:00+00:00,2023-03-10 16:30:00+00:00,2023-03-10 17:15:00+00:00,3927.0,3887.25,-159.0,-162.0,-1.0,318.0,159.0,3.0,sl,3,30
futures,ES,reddit_orb_retest,reddit_orb_retest|ny|range=15|entry=150|rr=2|sl_atr=1|tp_atr=1.5|threshold=2|adx_max=none|adx_min=none|rsi2=none|trend=all|max_bars=24,long,8458,8459,8470,2023-03-14 14:15:00+00:00,2023-03-14 14:30:00+00:00,2023-03-14 17:15:00+00:00,3925.75,3902.25,-94.0,-97.0,-1.0,188.0,94.0,3.0,sl,11,30
futures,ES,reddit_orb_retest,reddit_orb_retest|ny|range=15|entry=150|rr=2|sl_atr=1|tp_atr=1.5|threshold=2|adx_max=none|adx_min=none|rsi2=none|trend=all|max_bars=24,short,8551,8552,8566,2023-03-15 14:30:00+00:00,2023-03-15 14:45:00+00:00,2023-03-15 18:15:00+00:00,3882.75,3909.75,-108.0,-111.0,-1.0,216.0,108.0,3.0,sl,14,30
futures,ES,reddit_orb_retest,reddit_orb_retest|ny|range=15|entry=150|rr=2|sl_atr=1|tp_atr=1.5|threshold=2|adx_max=none|adx_min=none|rsi2=none|trend=all|max_bars=24,long,8643,8644,8648,2023-03-16 14:30:00+00:00,2023-03-16 14:45:00+00:00,2023-03-16 15:45:00+00:00,3922.75,3978.25,222.0,219.0,1.9210526315789473,222.0,111.0,3.0,tp,4,30
futures,ES,reddit_orb_retest,reddit_orb_retest|ny|range=15|entry=150|rr=2|sl_atr=1|tp_atr=1.5|threshold=2|adx_max=none|adx_min=none|rsi2=none|trend=all|max_bars=24,short,8734,8735,8757,2023-03-17 14:15:00+00:00,2023-03-17 14:30:00+00:00,2023-03-17 20:00:00+00:00,3960.0,3949.25,43.0,40.0,0.3225806451612903,242.0,121.0,3.0,session_close,22,30
futures,ES,reddit_orb_retest,reddit_orb_retest|ny|range=15|entry=150|rr=2|sl_atr=1|tp_atr=1.5|threshold=2|adx_max=none|adx_min=none|rsi2=none|trend=all|max_bars=24,long,8827,8828,8849,2023-03-20 14:30:00+00:00,2023-03-20 14:45:00+00:00,2023-03-20 20:00:00+00:00,3967.5,3984.5,68.0,65.0,0.7738095238095238,162.0,81.0,3.0,session_close,21,30
futures,ES,reddit_orb_retest,reddit_orb_retest|ny|range=15|entry=150|rr=2|sl_atr=1|tp_atr=1.5|threshold=2|adx_max=none|adx_min=none|rsi2=none|trend=all|max_bars=24,short,8921,8922,8936,2023-03-21 15:00:00+00:00,2023-03-21 15:15:00+00:00,2023-03-21 18:45:00+00:00,4019.0,4027.75,-35.0,-38.0,-1.0,70.0,35.0,3.0,sl,14,30
futures,ES,reddit_orb_retest,reddit_orb_retest|ny|range=15|entry=150|rr=2|sl_atr=1|tp_atr=1.5|threshold=2|adx_max=none|adx_min=none|rsi2=none|trend=all|max_bars=24,long,9014,9015,9018,2023-03-22 15:15:00+00:00,2023-03-22 15:30:00+00:00,2023-03-22 16:15:00+00:00,4037.5,4029.25,-33.0,-36.0,-1.0,66.0,33.0,3.0,sl,3,30
futures,ES,reddit_orb_retest,reddit_orb_retest|ny|range=15|entry=150|rr=2|sl_atr=1|tp_atr=1.5|threshold=2|adx_max=none|adx_min=none|rsi2=none|trend=all|max_bars=24,long,9200,9201,9217,2023-03-24 15:45:00+00:00,2023-03-24 16:00:00+00:00,2023-03-24 20:00:00+00:00,3975.75,4004.25,114.0,111.0,0.8473282442748091,256.0,128.0,3.0,session_close,16,30
futures,ES,reddit_orb_retest,reddit_orb_retest|ny|range=15|entry=150|rr=2|sl_atr=1|tp_atr=1.5|threshold=2|adx_max=none|adx_min=none|rsi2=none|trend=all|max_bars=24,long,9378,9379,9379,2023-03-28 14:15:00+00:00,2023-03-28 14:30:00+00:00,2023-03-28 14:30:00+00:00,4003.25,3994.0,-37.0,-40.0,-1.0,74.0,37.0,3.0,sl,1,30
futures,ES,reddit_orb_retest,reddit_orb_retest|ny|range=15|entry=150|rr=2|sl_atr=1|tp_atr=1.5|threshold=2|adx_max=none|adx_min=none|rsi2=none|trend=all|max_bars=24,short,9471,9472,9477,2023-03-29 14:30:00+00:00,2023-03-29 14:45:00+00:00,2023-03-29 16:00:00+00:00,4035.75,4044.75,-36.0,-39.0,-1.0,72.0,36.0,3.0,sl,5,30
futures,ES,reddit_orb_retest,reddit_orb_retest|ny|range=15|entry=150|rr=2|sl_atr=1|tp_atr=1.5|threshold=2|adx_max=none|adx_min=none|rsi2=none|trend=all|max_bars=24,short,9565,9566,9575,2023-03-30 15:00:00+00:00,2023-03-30 15:15:00+00:00,2023-03-30 17:30:00+00:00,4078.0,4063.0,60.0,57.0,1.7272727272727273,60.0,30.0,3.0,tp,9,30
futures,ES,reddit_orb_retest,reddit_orb_retest|ny|range=15|entry=150|rr=2|sl_atr=1|tp_atr=1.5|threshold=2|adx_max=none|adx_min=none|rsi2=none|trend=all|max_bars=24,short,9839,9840,9846,2023-04-04 14:30:00+00:00,2023-04-04 14:45:00+00:00,2023-04-04 16:15:00+00:00,4146.25,4116.75,118.0,115.0,1.8548387096774193,118.0,59.0,3.0,tp,6,30
futures,ES,reddit_orb_retest,reddit_orb_retest|ny|range=15|entry=150|rr=2|sl_atr=1|tp_atr=1.5|threshold=2|adx_max=none|adx_min=none|rsi2=none|trend=all|max_bars=24,long,10025,10026,10045,2023-04-06 15:00:00+00:00,2023-04-06 15:15:00+00:00,2023-04-06 20:00:00+00:00,4110.25,4131.5,85.0,82.0,1.4642857142857142,106.0,53.0,3.0,session_close,19,30
futures,ES,reddit_orb_retest,reddit_orb_retest|ny|range=15|entry=150|rr=2|sl_atr=1|tp_atr=1.5|threshold=2|adx_max=none|adx_min=none|rsi2=none|trend=all|max_bars=24,long,10176,10177,10198,2023-04-10 14:30:00+00:00,2023-04-10 14:45:00+00:00,2023-04-10 20:00:00+00:00,4112.75,4140.5,111.0,108.0,1.8305084745762712,112.0,56.0,3.0,session_close,21,30
futures,ES,reddit_orb_retest,reddit_orb_retest|ny|range=15|entry=150|rr=2|sl_atr=1|tp_atr=1.5|threshold=2|adx_max=none|adx_min=none|rsi2=none|trend=all|max_bars=24,short,10268,10269,10274,2023-04-11 14:30:00+00:00,2023-04-11 14:45:00+00:00,2023-04-11 16:00:00+00:00,4132.0,4142.75,-43.0,-46.0,-1.0,86.0,43.0,3.0,sl,5,30
futures,ES,reddit_orb_retest,reddit_orb_retest|ny|range=15|entry=150|rr=2|sl_atr=1|tp_atr=1.5|threshold=2|adx_max=none|adx_min=none|rsi2=none|trend=all|max_bars=24,short,10360,10361,10382,2023-04-12 14:30:00+00:00,2023-04-12 14:45:00+00:00,2023-04-12 20:00:00+00:00,4138.75,4118.75,80.0,77.0,0.8369565217391305,178.0,89.0,3.0,session_close,21,30
futures,ES,reddit_orb_retest,reddit_orb_retest|ny|range=15|entry=150|rr=2|sl_atr=1|tp_atr=1.5|threshold=2|adx_max=none|adx_min=none|rsi2=none|trend=all|max_bars=24,short,10638,10639,10655,2023-04-17 15:00:00+00:00,2023-04-17 15:15:00+00:00,2023-04-17 19:15:00+00:00,4159.25,4169.5,-41.0,-44.0,-1.0,82.0,41.0,3.0,sl,16,30
futures,ES,reddit_orb_retest,reddit_orb_retest|ny|range=15|entry=150|rr=2|sl_atr=1|tp_atr=1.5|threshold=2|adx_max=none|adx_min=none|rsi2=none|trend=all|max_bars=24,long,10819,10820,10833,2023-04-19 14:15:00+00:00,2023-04-19 14:30:00+00:00,2023-04-19 17:45:00+00:00,4166.0,4182.5,66.0,63.0,1.75,66.0,33.0,3.0,tp,13,30
futures,ES,reddit_orb_retest,reddit_orb_retest|ny|range=15|entry=150|rr=2|sl_atr=1|tp_atr=1.5|threshold=2|adx_max=none|adx_min=none|rsi2=none|trend=all|max_bars=24,long,10914,10915,10930,2023-04-20 15:00:00+00:00,2023-04-20 15:15:00+00:00,2023-04-20 19:00:00+00:00,4159.0,4145.0,-56.0,-59.0,-1.0,112.0,56.0,3.0,sl,15,30
futures,ES,reddit_orb_retest,reddit_orb_retest|ny|range=15|entry=150|rr=2|sl_atr=1|tp_atr=1.5|threshold=2|adx_max=none|adx_min=none|rsi2=none|trend=all|max_bars=24,short,11004,11005,11017,2023-04-21 14:30:00+00:00,2023-04-21 14:45:00+00:00,2023-04-21 17:45:00+00:00,4138.75,4156.75,-72.0,-75.0,-1.0,144.0,72.0,3.0,sl,12,30
futures,ES,reddit_orb_retest,reddit_orb_retest|ny|range=15|entry=150|rr=2|sl_atr=1|tp_atr=1.5|threshold=2|adx_max=none|adx_min=none|rsi2=none|trend=all|max_bars=24,short,11186,11187,11201,2023-04-25 14:00:00+00:00,2023-04-25 14:15:00+00:00,2023-04-25 17:45:00+00:00,4129.5,4100.0,118.0,115.0,1.8548387096774193,118.0,59.0,3.0,tp,14,30
futures,ES,reddit_orb_retest,reddit_orb_retest|ny|range=15|entry=150|rr=2|sl_atr=1|tp_atr=1.5|threshold=2|adx_max=none|adx_min=none|rsi2=none|trend=all|max_bars=24,long,11374,11375,11381,2023-04-27 15:00:00+00:00,2023-04-27 15:15:00+00:00,2023-04-27 16:45:00+00:00,4107.25,4127.25,80.0,77.0,1.7906976744186047,80.0,40.0,3.0,tp,6,30
futures,ES,reddit_orb_retest,reddit_orb_retest|ny|range=15|entry=150|rr=2|sl_atr=1|tp_atr=1.5|threshold=2|adx_max=none|adx_min=none|rsi2=none|trend=all|max_bars=24,long,11462,11463,11486,2023-04-28 14:00:00+00:00,2023-04-28 14:15:00+00:00,2023-04-28 20:00:00+00:00,4171.0,4191.5,82.0,79.0,0.7053571428571429,218.0,109.0,3.0,session_close,23,30
futures,ES,reddit_orb_retest,reddit_orb_retest|ny|range=15|entry=150|rr=2|sl_atr=1|tp_atr=1.5|threshold=2|adx_max=none|adx_min=none|rsi2=none|trend=all|max_bars=24,long,11554,11555,11572,2023-05-01 14:00:00+00:00,2023-05-01 14:15:00+00:00,2023-05-01 18:30:00+00:00,4192.75,4184.0,-35.0,-38.0,-1.0,70.0,35.0,3.0,sl,17,30
futures,ES,reddit_orb_retest,reddit_orb_retest|ny|range=15|entry=150|rr=2|sl_atr=1|tp_atr=1.5|threshold=2|adx_max=none|adx_min=none|rsi2=none|trend=all|max_bars=24,short,11833,11834,11854,2023-05-04 14:45:00+00:00,2023-05-04 15:00:00+00:00,2023-05-04 20:00:00+00:00,4073.75,4072.75,4.0,1.0,0.009900990099009901,196.0,98.0,3.0,session_close,20,30
futures,ES,reddit_orb_retest,reddit_orb_retest|ny|range=15|entry=150|rr=2|sl_atr=1|tp_atr=1.5|threshold=2|adx_max=none|adx_min=none|rsi2=none|trend=all|max_bars=24,short,12014,12015,12033,2023-05-08 14:00:00+00:00,2023-05-08 14:15:00+00:00,2023-05-08 18:45:00+00:00,4144.25,4156.25,-48.0,-51.0,-1.0,96.0,48.0,3.0,sl,18,30
futures,ES,reddit_orb_retest,reddit_orb_retest|ny|range=15|entry=150|rr=2|sl_atr=1|tp_atr=1.5|threshold=2|adx_max=none|adx_min=none|rsi2=none|trend=all|max_bars=24,long,12108,12109,12130,2023-05-09 14:30:00+00:00,2023-05-09 14:45:00+00:00,2023-05-09 20:00:00+00:00,4140.25,4136.75,-14.0,-17.0,-0.425,74.0,37.0,3.0,session_close,21,30
futures,ES,reddit_orb_retest,reddit_orb_retest|ny|range=15|entry=150|rr=2|sl_atr=1|tp_atr=1.5|threshold=2|adx_max=none|adx_min=none|rsi2=none|trend=all|max_bars=24,short,12290,12291,12299,2023-05-11 14:00:00+00:00,2023-05-11 14:15:00+00:00,2023-05-11 16:15:00+00:00,4127.5,4143.0,-62.0,-65.0,-1.0,124.0,62.0,3.0,sl,8,30
futures,ES,reddit_orb_retest,reddit_orb_retest|ny|range=15|entry=150|rr=2|sl_atr=1|tp_atr=1.5|threshold=2|adx_max=none|adx_min=none|rsi2=none|trend=all|max_bars=24,short,12475,12476,12485,2023-05-15 14:15:00+00:00,2023-05-15 14:30:00+00:00,2023-05-15 16:45:00+00:00,4131.0,4144.0,-52.0,-55.0,-1.0,104.0,52.0,3.0,sl,9,30
futures,ES,reddit_orb_retest,reddit_orb_retest|ny|range=15|entry=150|rr=2|sl_atr=1|tp_atr=1.5|threshold=2|adx_max=none|adx_min=none|rsi2=none|trend=all|max_bars=24,short,12566,12567,12590,2023-05-16 14:00:00+00:00,2023-05-16 14:15:00+00:00,2023-05-16 20:00:00+00:00,4128.5,4127.25,5.0,2.0,0.024691358024691357,156.0,78.0,3.0,session_close,23,30
futures,ES,reddit_orb_retest,reddit_orb_retest|ny|range=15|entry=150|rr=2|sl_atr=1|tp_atr=1.5|threshold=2|adx_max=none|adx_min=none|rsi2=none|trend=all|max_bars=24,short,12847,12848,12866,2023-05-19 15:15:00+00:00,2023-05-19 15:30:00+00:00,2023-05-19 20:00:00+00:00,4203.25,4200.75,10.0,7.0,0.07608695652173914,178.0,89.0,3.0,session_close,18,30
futures,ES,reddit_orb_retest,reddit_orb_retest|ny|range=15|entry=150|rr=2|sl_atr=1|tp_atr=1.5|threshold=2|adx_max=none|adx_min=none|rsi2=none|trend=all|max_bars=24,long,13026,13027,13036,2023-05-23 14:00:00+00:00,2023-05-23 14:15:00+00:00,2023-05-23 16:30:00+00:00,4193.0,4185.25,-31.0,-34.0,-1.0,62.0,31.0,3.0,sl,9,30
futures,ES,reddit_orb_retest,reddit_orb_retest|ny|range=15|entry=150|rr=2|sl_atr=1|tp_atr=1.5|threshold=2|adx_max=none|adx_min=none|rsi2=none|trend=all|max_bars=24,short,13123,13124,13140,2023-05-24 15:15:00+00:00,2023-05-24 15:30:00+00:00,2023-05-24 19:30:00+00:00,4127.75,4140.5,-51.0,-54.0,-1.0,102.0,51.0,3.0,sl,16,30
futures,ES,reddit_orb_retest,reddit_orb_retest|ny|range=15|entry=150|rr=2|sl_atr=1|tp_atr=1.5|threshold=2|adx_max=none|adx_min=none|rsi2=none|trend=all|max_bars=24,short,13471,13472,13494,2023-05-30 14:15:00+00:00,2023-05-30 14:30:00+00:00,2023-05-30 20:00:00+00:00,4219.75,4216.25,14.0,11.0,0.14102564102564102,150.0,75.0,3.0,session_close,22,30
futures,ES,reddit_orb_retest,reddit_orb_retest|ny|range=15|entry=150|rr=2|sl_atr=1|tp_atr=1.5|threshold=2|adx_max=none|adx_min=none|rsi2=none|trend=all|max_bars=24,long,13656,13657,13678,2023-06-01 14:30:00+00:00,2023-06-01 14:45:00+00:00,2023-06-01 20:00:00+00:00,4202.0,4231.5,118.0,115.0,1.2777777777777777,174.0,87.0,3.0,session_close,21,30
futures,ES,reddit_orb_retest,reddit_orb_retest|ny|range=15|entry=150|rr=2|sl_atr=1|tp_atr=1.5|threshold=2|adx_max=none|adx_min=none|rsi2=none|trend=all|max_bars=24,short,13839,13840,13845,2023-06-05 14:15:00+00:00,2023-06-05 14:30:00+00:00,2023-06-05 15:45:00+00:00,4288.25,4301.25,-52.0,-55.0,-1.0,104.0,52.0,3.0,sl,5,30
futures,ES,reddit_orb_retest,reddit_orb_retest|ny|range=15|entry=150|rr=2|sl_atr=1|tp_atr=1.5|threshold=2|adx_max=none|adx_min=none|rsi2=none|trend=all|max_bars=24,long,14115,14116,14136,2023-06-08 14:15:00+00:00,2023-06-08 14:30:00+00:00,2023-06-08 19:30:00+00:00,4280.5,4299.0,74.0,71.0,1.775,74.0,37.0,3.0,tp,20,30
futures,ES,reddit_orb_retest,reddit_orb_retest|ny|range=15|entry=150|rr=2|sl_atr=1|tp_atr=1.5|threshold=2|adx_max=none|adx_min=none|rsi2=none|trend=all|max_bars=24,long,14208,14209,14211,2023-06-09 14:30:00+00:00,2023-06-09 14:45:00+00:00,2023-06-09 15:15:00+00:00,4317.5,4305.0,-50.0,-53.0,-1.0,100.0,50.0,3.0,sl,2,30
futures,ES,reddit_orb_retest,reddit_orb_retest|ny|range=15|entry=150|rr=2|sl_atr=1|tp_atr=1.5|threshold=2|adx_max=none|adx_min=none|rsi2=none|trend=all|max_bars=24,short,14930,14931,14935,2023-06-21 15:00:00+00:00,2023-06-21 15:15:00+00:00,2023-06-21 16:15:00+00:00,4407.5,4422.75,-61.0,-64.0,-1.0,122.0,61.0,3.0,sl,4,30
futures,ES,reddit_orb_retest,reddit_orb_retest|ny|range=15|entry=150|rr=2|sl_atr=1|tp_atr=1.5|threshold=2|adx_max=none|adx_min=none|rsi2=none|trend=all|max_bars=24,long,15020,15021,15036,2023-06-22 14:30:00+00:00,2023-06-22 14:45:00+00:00,2023-06-22 18:30:00+00:00,4402.75,4420.75,72.0,69.0,1.7692307692307692,72.0,36.0,3.0,tp,15,30
futures,ES,reddit_orb_retest,reddit_orb_retest|ny|range=15|entry=150|rr=2|sl_atr=1|tp_atr=1.5|threshold=2|adx_max=none|adx_min=none|rsi2=none|trend=all|max_bars=24,long,15111,15112,15130,2023-06-23 14:15:00+00:00,2023-06-23 14:30:00+00:00,2023-06-23 19:00:00+00:00,4394.25,4384.0,-41.0,-44.0,-1.0,82.0,41.0,3.0,sl,18,30
futures,ES,reddit_orb_retest,reddit_orb_retest|ny|range=15|entry=150|rr=2|sl_atr=1|tp_atr=1.5|threshold=2|adx_max=none|adx_min=none|rsi2=none|trend=all|max_bars=24,long,15202,15203,15204,2023-06-26 14:00:00+00:00,2023-06-26 14:15:00+00:00,2023-06-26 14:30:00+00:00,4399.75,4382.5,-69.0,-72.0,-1.0,138.0,69.0,3.0,sl,1,30
futures,ES,reddit_orb_retest,reddit_orb_retest|ny|range=15|entry=150|rr=2|sl_atr=1|tp_atr=1.5|threshold=2|adx_max=none|adx_min=none|rsi2=none|trend=all|max_bars=24,long,15299,15300,15318,2023-06-27 15:15:00+00:00,2023-06-27 15:30:00+00:00,2023-06-27 20:00:00+00:00,4394.5,4415.5,84.0,81.0,1.1571428571428573,134.0,67.0,3.0,session_close,18,30
futures,ES,reddit_orb_retest,reddit_orb_retest|ny|range=15|entry=150|rr=2|sl_atr=1|tp_atr=1.5|threshold=2|adx_max=none|adx_min=none|rsi2=none|trend=all|max_bars=24,long,15573,15574,15594,2023-06-30 14:45:00+00:00,2023-06-30 15:00:00+00:00,2023-06-30 20:00:00+00:00,4481.0,4483.25,9.0,6.0,0.08955223880597014,128.0,64.0,3.0,session_close,20,30
futures,ES,reddit_orb_retest,reddit_orb_retest|ny|range=15|entry=150|rr=2|sl_atr=1|tp_atr=1.5|threshold=2|adx_max=none|adx_min=none|rsi2=none|trend=all|max_bars=24,long,15662,15663,15675,2023-07-03 14:00:00+00:00,2023-07-03 14:15:00+00:00,2023-07-03 22:00:00+00:00,4487.25,4488.5,5.0,2.0,0.058823529411764705,62.0,31.0,3.0,session_close,12,30
futures,ES,reddit_orb_retest,reddit_orb_retest|ny|range=15|entry=150|rr=2|sl_atr=1|tp_atr=1.5|threshold=2|adx_max=none|adx_min=none|rsi2=none|trend=all|max_bars=24,short,15744,15745,15751,2023-07-04 15:15:00+00:00,2023-07-04 15:30:00+00:00,2023-07-04 22:00:00+00:00,4490.25,4489.5,3.0,0.0,0.0,12.0,6.0,3.0,session_close,6,30
futures,ES,reddit_orb_retest,reddit_orb_retest|ny|range=15|entry=150|rr=2|sl_atr=1|tp_atr=1.5|threshold=2|adx_max=none|adx_min=none|rsi2=none|trend=all|max_bars=24,long,16002,16003,16012,2023-07-07 14:45:00+00:00,2023-07-07 15:00:00+00:00,2023-07-07 17:15:00+00:00,4447.5,4475.5,112.0,109.0,1.847457627118644,112.0,56.0,3.0,tp,9,30
futures,ES,reddit_orb_retest,reddit_orb_retest|ny|range=15|entry=150|rr=2|sl_atr=1|tp_atr=1.5|threshold=2|adx_max=none|adx_min=none|rsi2=none|trend=all|max_bars=24,long,16275,16276,16281,2023-07-12 14:00:00+00:00,2023-07-12 14:15:00+00:00,2023-07-12 15:30:00+00:00,4520.0,4506.75,-53.0,-56.0,-1.0,106.0,53.0,3.0,sl,5,30
futures,ES,reddit_orb_retest,reddit_orb_retest|ny|range=15|entry=150|rr=2|sl_atr=1|tp_atr=1.5|threshold=2|adx_max=none|adx_min=none|rsi2=none|trend=all|max_bars=24,long,16376,16377,16391,2023-07-13 16:15:00+00:00,2023-07-13 16:30:00+00:00,2023-07-13 20:00:00+00:00,4533.0,4540.25,29.0,26.0,0.52,94.0,47.0,3.0,session_close,14,30
futures,ES,reddit_orb_retest,reddit_orb_retest|ny|range=15|entry=150|rr=2|sl_atr=1|tp_atr=1.5|threshold=2|adx_max=none|adx_min=none|rsi2=none|trend=all|max_bars=24,long,16459,16460,16461,2023-07-14 14:00:00+00:00,2023-07-14 14:15:00+00:00,2023-07-14 14:30:00+00:00,4557.25,4548.0,-37.0,-40.0,-1.0,74.0,37.0,3.0,sl,1,30
futures,ES,reddit_orb_retest,reddit_orb_retest|ny|range=15|entry=150|rr=2|sl_atr=1|tp_atr=1.5|threshold=2|adx_max=none|adx_min=none|rsi2=none|trend=all|max_bars=24,long,16552,16553,16572,2023-07-17 14:15:00+00:00,2023-07-17 14:30:00+00:00,2023-07-17 19:15:00+00:00,4544.5,4561.0,66.0,63.0,1.75,66.0,33.0,3.0,tp,19,30
futures,ES,reddit_orb_retest,reddit_orb_retest|ny|range=15|entry=150|rr=2|sl_atr=1|tp_atr=1.5|threshold=2|adx_max=none|adx_min=none|rsi2=none|trend=all|max_bars=24,short,16831,16832,16851,2023-07-20 15:00:00+00:00,2023-07-20 15:15:00+00:00,2023-07-20 20:00:00+00:00,4580.75,4565.75,60.0,57.0,1.0754716981132075,100.0,50.0,3.0,session_close,19,30
futures,ES,reddit_orb_retest,reddit_orb_retest|ny|range=15|entry=150|rr=2|sl_atr=1|tp_atr=1.5|threshold=2|adx_max=none|adx_min=none|rsi2=none|trend=all|max_bars=24,short,16919,16920,16925,2023-07-21 14:00:00+00:00,2023-07-21 14:15:00+00:00,2023-07-21 15:30:00+00:00,4574.75,4582.75,-32.0,-35.0,-1.0,64.0,32.0,3.0,sl,5,30
futures,ES,reddit_orb_retest,reddit_orb_retest|ny|range=15|entry=150|rr=2|sl_atr=1|tp_atr=1.5|threshold=2|adx_max=none|adx_min=none|rsi2=none|trend=all|max_bars=24,long,17103,17104,17127,2023-07-25 14:00:00+00:00,2023-07-25 14:15:00+00:00,2023-07-25 20:00:00+00:00,4590.75,4602.0,45.0,42.0,0.875,90.0,45.0,3.0,session_close,23,30
futures,ES,reddit_orb_retest,reddit_orb_retest|ny|range=15|entry=150|rr=2|sl_atr=1|tp_atr=1.5|threshold=2|adx_max=none|adx_min=none|rsi2=none|trend=all|max_bars=24,short,17198,17199,17213,2023-07-26 14:45:00+00:00,2023-07-26 15:00:00+00:00,2023-07-26 18:30:00+00:00,4581.75,4592.0,-41.0,-44.0,-1.0,82.0,41.0,3.0,sl,14,30
futures,ES,reddit_orb_retest,reddit_orb_retest|ny|range=15|entry=150|rr=2|sl_atr=1|tp_atr=1.5|threshold=2|adx_max=none|adx_min=none|rsi2=none|trend=all|max_bars=24,long,17380,17381,17393,2023-07-28 14:15:00+00:00,2023-07-28 14:30:00+00:00,2023-07-28 17:30:00+00:00,4602.5,4589.75,-51.0,-54.0,-1.0,102.0,51.0,3.0,sl,12,30
futures,ES,reddit_orb_retest,reddit_orb_retest|ny|range=15|entry=150|rr=2|sl_atr=1|tp_atr=1.5|threshold=2|adx_max=none|adx_min=none|rsi2=none|trend=all|max_bars=24,short,17477,17478,17495,2023-07-31 15:30:00+00:00,2023-07-31 15:45:00+00:00,2023-07-31 20:00:00+00:00,4608.25,4616.75,-34.0,-37.0,-0.8222222222222222,84.0,42.0,3.0,session_close,17,30
futures,ES,reddit_orb_retest,reddit_orb_retest|ny|range=15|entry=150|rr=2|sl_atr=1|tp_atr=1.5|threshold=2|adx_max=none|adx_min=none|rsi2=none|trend=all|max_bars=24,short,17564,17565,17580,2023-08-01 14:15:00+00:00,2023-08-01 14:30:00+00:00,2023-08-01 18:15:00+00:00,4595.75,4606.25,-42.0,-45.0,-1.0,84.0,42.0,3.0,sl,15,30
futures,ES,reddit_orb_retest,reddit_orb_retest|ny|range=15|entry=150|rr=2|sl_atr=1|tp_atr=1.5|threshold=2|adx_max=none|adx_min=none|rsi2=none|trend=all|max_bars=24,short,17656,17657,17679,2023-08-02 14:15:00+00:00,2023-08-02 14:30:00+00:00,2023-08-02 20:00:00+00:00,4554.75,4538.75,64.0,61.0,0.9384615384615385,124.0,62.0,3.0,session_close,22,30
futures,ES,reddit_orb_retest,reddit_orb_retest|ny|range=15|entry=150|rr=2|sl_atr=1|tp_atr=1.5|threshold=2|adx_max=none|adx_min=none|rsi2=none|trend=all|max_bars=24,short,17839,17840,17845,2023-08-04 14:00:00+00:00,2023-08-04 14:15:00+00:00,2023-08-04 15:30:00+00:00,4525.75,4549.75,-96.0,-99.0,-1.0,192.0,96.0,3.0,sl,5,30
futures,ES,reddit_orb_retest,reddit_orb_retest|ny|range=15|entry=150|rr=2|sl_atr=1|tp_atr=1.5|threshold=2|adx_max=none|adx_min=none|rsi2=none|trend=all|max_bars=24,short,18023,18024,18042,2023-08-08 14:00:00+00:00,2023-08-08 14:15:00+00:00,2023-08-08 18:45:00+00:00,4487.0,4511.5,-98.0,-101.0,-1.0,196.0,98.0,3.0,sl,18,30
futures,ES,reddit_orb_retest,reddit_orb_retest|ny|range=15|entry=150|rr=2|sl_atr=1|tp_atr=1.5|threshold=2|adx_max=none|adx_min=none|rsi2=none|trend=all|max_bars=24,long,18303,18304,18323,2023-08-11 15:00:00+00:00,2023-08-11 15:15:00+00:00,2023-08-11 20:00:00+00:00,4473.0,4486.0,52.0,49.0,0.8305084745762712,112.0,56.0,3.0,session_close,19,30
futures,ES,reddit_orb_retest,reddit_orb_retest|ny|range=15|entry=150|rr=2|sl_atr=1|tp_atr=1.5|threshold=2|adx_max=none|adx_min=none|rsi2=none|trend=all|max_bars=24,short,18667,18668,18686,2023-08-17 14:00:00+00:00,2023-08-17 14:15:00+00:00,2023-08-17 18:45:00+00:00,4423.75,4399.75,96.0,93.0,1.8235294117647058,96.0,48.0,3.0,tp,18,30
futures,ES,reddit_orb_retest,reddit_orb_retest|ny|range=15|entry=150|rr=2|sl_atr=1|tp_atr=1.5|threshold=2|adx_max=none|adx_min=none|rsi2=none|trend=all|max_bars=24,long,18762,18763,18783,2023-08-18 14:45:00+00:00,2023-08-18 15:00:00+00:00,2023-08-18 20:00:00+00:00,4370.5,4384.5,56.0,53.0,0.6235294117647059,164.0,82.0,3.0,session_close,20,30
futures,ES,reddit_orb_retest,reddit_orb_retest|ny|range=15|entry=150|rr=2|sl_atr=1|tp_atr=1.5|threshold=2|adx_max=none|adx_min=none|rsi2=none|trend=all|max_bars=24,short,18944,18945,18967,2023-08-22 14:15:00+00:00,2023-08-22 14:30:00+00:00,2023-08-22 20:00:00+00:00,4414.5,4399.0,62.0,59.0,0.8428571428571429,134.0,67.0,3.0,session_close,22,30
futures,ES,reddit_orb_retest,reddit_orb_retest|ny|range=15|entry=150|rr=2|sl_atr=1|tp_atr=1.5|threshold=2|adx_max=none|adx_min=none|rsi2=none|trend=all|max_bars=24,long,19498,19499,19519,2023-08-30 14:45:00+00:00,2023-08-30 15:00:00+00:00,2023-08-30 20:00:00+00:00,4519.75,4526.0,25.0,22.0,0.4489795918367347,92.0,46.0,3.0,session_close,20,30
futures,ES,reddit_orb_retest,reddit_orb_retest|ny|range=15|entry=150|rr=2|sl_atr=1|tp_atr=1.5|threshold=2|adx_max=none|adx_min=none|rsi2=none|trend=all|max_bars=24,long,19587,19588,19593,2023-08-31 14:00:00+00:00,2023-08-31 14:15:00+00:00,2023-08-31 15:30:00+00:00,4536.5,4526.75,-39.0,-42.0,-1.0,78.0,39.0,3.0,sl,5,30
futures,ES,reddit_orb_retest,reddit_orb_retest|ny|range=15|entry=150|rr=2|sl_atr=1|tp_atr=1.5|threshold=2|adx_max=none|adx_min=none|rsi2=none|trend=all|max_bars=24,long,20039,20040,20055,2023-09-07 16:00:00+00:00,2023-09-07 16:15:00+00:00,2023-09-07 20:00:00+00:00,4454.0,4456.75,11.0,8.0,0.1,154.0,77.0,3.0,session_close,15,30
futures,ES,reddit_orb_retest,reddit_orb_retest|ny|range=15|entry=150|rr=2|sl_atr=1|tp_atr=1.5|threshold=2|adx_max=none|adx_min=none|rsi2=none|trend=all|max_bars=24,long,20127,20128,20143,2023-09-08 15:00:00+00:00,2023-09-08 15:15:00+00:00,2023-09-08 19:00:00+00:00,4471.5,4454.25,-69.0,-72.0,-1.0,138.0,69.0,3.0,sl,15,30
futures,ES,reddit_orb_retest,reddit_orb_retest|ny|range=15|entry=150|rr=2|sl_atr=1|tp_atr=1.5|threshold=2|adx_max=none|adx_min=none|rsi2=none|trend=all|max_bars=24,short,20217,20218,20239,2023-09-11 14:30:00+00:00,2023-09-11 14:45:00+00:00,2023-09-11 20:00:00+00:00,4478.25,4490.0,-47.0,-50.0,-0.78125,122.0,61.0,3.0,session_close,21,30
futures,ES,reddit_orb_retest,reddit_orb_retest|ny|range=15|entry=150|rr=2|sl_atr=1|tp_atr=1.5|threshold=2|adx_max=none|adx_min=none|rsi2=none|trend=all|max_bars=24,short,20310,20311,20320,2023-09-12 14:45:00+00:00,2023-09-12 15:00:00+00:00,2023-09-12 17:15:00+00:00,4467.25,4483.25,-64.0,-67.0,-1.0,128.0,64.0,3.0,sl,9,30
futures,ES,reddit_orb_retest,reddit_orb_retest|ny|range=15|entry=150|rr=2|sl_atr=1|tp_atr=1.5|threshold=2|adx_max=none|adx_min=none|rsi2=none|trend=all|max_bars=24,short,20583,20584,20607,2023-09-15 14:00:00+00:00,2023-09-15 14:15:00+00:00,2023-09-15 20:00:00+00:00,4524.75,4502.0,91.0,88.0,1.3333333333333333,126.0,63.0,3.0,session_close,23,30
futures,ES,reddit_orb_retest,reddit_orb_retest|ny|range=15|entry=150|rr=2|sl_atr=1|tp_atr=1.5|threshold=2|adx_max=none|adx_min=none|rsi2=none|trend=all|max_bars=24,short,20865,20866,20878,2023-09-20 15:30:00+00:00,2023-09-20 15:45:00+00:00,2023-09-20 18:45:00+00:00,4495.75,4477.75,72.0,69.0,1.7692307692307692,72.0,36.0,3.0,tp,12,30
futures,ES,reddit_orb_retest,reddit_orb_retest|ny|range=15|entry=150|rr=2|sl_atr=1|tp_atr=1.5|threshold=2|adx_max=none|adx_min=none|rsi2=none|trend=all|max_bars=24,short,20951,20952,20972,2023-09-21 14:00:00+00:00,2023-09-21 14:15:00+00:00,2023-09-21 19:15:00+00:00,4405.5,4379.5,104.0,101.0,1.8363636363636364,104.0,52.0,3.0,tp,20,30
futures,ES,reddit_orb_retest,reddit_orb_retest|ny|range=15|entry=150|rr=2|sl_atr=1|tp_atr=1.5|threshold=2|adx_max=none|adx_min=none|rsi2=none|trend=all|max_bars=24,long,21051,21052,21057,2023-09-22 16:00:00+00:00,2023-09-22 16:15:00+00:00,2023-09-22 17:30:00+00:00,4387.25,4375.25,-48.0,-51.0,-1.0,96.0,48.0,3.0,sl,5,30
futures,ES,reddit_orb_retest,reddit_orb_retest|ny|range=15|entry=150|rr=2|sl_atr=1|tp_atr=1.5|threshold=2|adx_max=none|adx_min=none|rsi2=none|trend=all|max_bars=24,long,21135,21136,21159,2023-09-25 14:00:00+00:00,2023-09-25 14:15:00+00:00,2023-09-25 20:00:00+00:00,4359.75,4380.0,81.0,78.0,1.1470588235294117,130.0,65.0,3.0,session_close,23,30
futures,ES,reddit_orb_retest,reddit_orb_retest|ny|range=15|entry=150|rr=2|sl_atr=1|tp_atr=1.5|threshold=2|adx_max=none|adx_min=none|rsi2=none|trend=all|max_bars=24,short,21321,21322,21332,2023-09-27 14:30:00+00:00,2023-09-27 14:45:00+00:00,2023-09-27 17:15:00+00:00,4317.75,4289.75,112.0,109.0,1.847457627118644,112.0,56.0,3.0,tp,10,30
futures,ES,reddit_orb_retest,reddit_orb_retest|ny|range=15|entry=150|rr=2|sl_atr=1|tp_atr=1.5|threshold=2|adx_max=none|adx_min=none|rsi2=none|trend=all|max_bars=24,long,21412,21413,21418,2023-09-28 14:15:00+00:00,2023-09-28 14:30:00+00:00,2023-09-28 15:45:00+00:00,4316.5,4347.5,124.0,121.0,1.8615384615384616,124.0,62.0,3.0,tp,5,30
futures,ES,reddit_orb_retest,reddit_orb_retest|ny|range=15|entry=150|rr=2|sl_atr=1|tp_atr=1.5|threshold=2|adx_max=none|adx_min=none|rsi2=none|trend=all|max_bars=24,short,21506,21507,21514,2023-09-29 14:45:00+00:00,2023-09-29 15:00:00+00:00,2023-09-29 16:45:00+00:00,4357.75,4330.75,108.0,105.0,1.8421052631578947,108.0,54.0,3.0,tp,7,30
futures,ES,reddit_orb_retest,reddit_orb_retest|ny|range=15|entry=150|rr=2|sl_atr=1|tp_atr=1.5|threshold=2|adx_max=none|adx_min=none|rsi2=none|trend=all|max_bars=24,short,21780,21781,21786,2023-10-04 14:15:00+00:00,2023-10-04 14:30:00+00:00,2023-10-04 15:45:00+00:00,4255.25,4283.0,-111.0,-114.0,-1.0,222.0,111.0,3.0,sl,5,30
futures,ES,reddit_orb_retest,reddit_orb_retest|ny|range=15|entry=150|rr=2|sl_atr=1|tp_atr=1.5|threshold=2|adx_max=none|adx_min=none|rsi2=none|trend=all|max_bars=24,short,21872,21873,21889,2023-10-05 14:15:00+00:00,2023-10-05 14:30:00+00:00,2023-10-05 18:30:00+00:00,4280.75,4299.5,-75.0,-78.0,-1.0,150.0,75.0,3.0,sl,16,30
futures,ES,reddit_orb_retest,reddit_orb_retest|ny|range=15|entry=150|rr=2|sl_atr=1|tp_atr=1.5|threshold=2|adx_max=none|adx_min=none|rsi2=none|trend=all|max_bars=24,long,22060,22061,22069,2023-10-09 15:15:00+00:00,2023-10-09 15:30:00+00:00,2023-10-09 17:30:00+00:00,4333.0,4360.0,108.0,105.0,1.8421052631578947,108.0,54.0,3.0,tp,8,30
futures,ES,reddit_orb_retest,reddit_orb_retest|ny|range=15|entry=150|rr=2|sl_atr=1|tp_atr=1.5|threshold=2|adx_max=none|adx_min=none|rsi2=none|trend=all|max_bars=24,short,22243,22244,22262,2023-10-11 15:00:00+00:00,2023-10-11 15:15:00+00:00,2023-10-11 19:45:00+00:00,4398.25,4410.5,-49.0,-52.0,-1.0,98.0,49.0,3.0,sl,18,30
futures,ES,reddit_orb_retest,reddit_orb_retest|ny|range=15|entry=150|rr=2|sl_atr=1|tp_atr=1.5|threshold=2|adx_max=none|adx_min=none|rsi2=none|trend=all|max_bars=24,short,22333,22334,22340,2023-10-12 14:30:00+00:00,2023-10-12 14:45:00+00:00,2023-10-12 16:15:00+00:00,4396.75,4414.25,-70.0,-73.0,-1.0,140.0,70.0,3.0,sl,6,30
futures,ES,reddit_orb_retest,reddit_orb_retest|ny|range=15|entry=150|rr=2|sl_atr=1|tp_atr=1.5|threshold=2|adx_max=none|adx_min=none|rsi2=none|trend=all|max_bars=24,short,22425,22426,22437,2023-10-13 14:30:00+00:00,2023-10-13 14:45:00+00:00,2023-10-13 17:30:00+00:00,4385.5,4341.0,178.0,175.0,1.9021739130434783,178.0,89.0,3.0,tp,11,30
futures,ES,reddit_orb_retest,reddit_orb_retest|ny|range=15|entry=150|rr=2|sl_atr=1|tp_atr=1.5|threshold=2|adx_max=none|adx_min=none|rsi2=none|trend=all|max_bars=24,short,22701,22702,22722,2023-10-18 14:30:00+00:00,2023-10-18 14:45:00+00:00,2023-10-18 19:45:00+00:00,4372.0,4339.0,132.0,129.0,1.8695652173913044,132.0,66.0,3.0,tp,20,30
futures,ES,reddit_orb_retest,reddit_orb_retest|ny|range=15|entry=150|rr=2|sl_atr=1|tp_atr=1.5|threshold=2|adx_max=none|adx_min=none|rsi2=none|trend=all|max_bars=24,short,22798,22799,22799,2023-10-19 15:45:00+00:00,2023-10-19 16:00:00+00:00,2023-10-19 16:00:00+00:00,4338.0,4352.25,-57.0,-60.0,-1.0,114.0,57.0,3.0,sl,1,30
futures,ES,reddit_orb_retest,reddit_orb_retest|ny|range=15|entry=150|rr=2|sl_atr=1|tp_atr=1.5|threshold=2|adx_max=none|adx_min=none|rsi2=none|trend=all|max_bars=24,short,22883,22884,22907,2023-10-20 14:00:00+00:00,2023-10-20 14:15:00+00:00,2023-10-20 20:00:00+00:00,4273.75,4245.0,115.0,112.0,0.9572649572649573,228.0,114.0,3.0,session_close,23,30
futures,ES,reddit_orb_retest,reddit_orb_retest|ny|range=15|entry=150|rr=2|sl_atr=1|tp_atr=1.5|threshold=2|adx_max=none|adx_min=none|rsi2=none|trend=all|max_bars=24,long,23069,23070,23073,2023-10-24 14:30:00+00:00,2023-10-24 14:45:00+00:00,2023-10-24 15:30:00+00:00,4277.5,4261.25,-65.0,-68.0,-1.0,130.0,65.0,3.0,sl,3,30
futures,ES,reddit_orb_retest,reddit_orb_retest|ny|range=15|entry=150|rr=2|sl_atr=1|tp_atr=1.5|threshold=2|adx_max=none|adx_min=none|rsi2=none|trend=all|max_bars=24,short,23166,23167,23183,2023-10-25 15:45:00+00:00,2023-10-25 16:00:00+00:00,2023-10-25 20:00:00+00:00,4229.25,4215.25,56.0,53.0,0.53,194.0,97.0,3.0,session_close,16,30
futures,ES,reddit_orb_retest,reddit_orb_retest|ny|range=15|entry=150|rr=2|sl_atr=1|tp_atr=1.5|threshold=2|adx_max=none|adx_min=none|rsi2=none|trend=all|max_bars=24,short,23255,23256,23275,2023-10-26 15:00:00+00:00,2023-10-26 15:15:00+00:00,2023-10-26 20:00:00+00:00,4177.5,4166.25,45.0,42.0,0.37168141592920356,220.0,110.0,3.0,session_close,19,30
futures,ES,reddit_orb_retest,reddit_orb_retest|ny|range=15|entry=150|rr=2|sl_atr=1|tp_atr=1.5|threshold=2|adx_max=none|adx_min=none|rsi2=none|trend=all|max_bars=24,short,23345,23346,23348,2023-10-27 14:30:00+00:00,2023-10-27 14:45:00+00:00,2023-10-27 15:15:00+00:00,4151.25,4175.75,-98.0,-101.0,-1.0,196.0,98.0,3.0,sl,2,30
futures,ES,reddit_orb_retest,reddit_orb_retest|ny|range=15|entry=150|rr=2|sl_atr=1|tp_atr=1.5|threshold=2|adx_max=none|adx_min=none|rsi2=none|trend=all|max_bars=24,short,23439,23440,23448,2023-10-30 15:00:00+00:00,2023-10-30 15:15:00+00:00,2023-10-30 17:15:00+00:00,4165.5,4179.5,-56.0,-59.0,-1.0,112.0,56.0,3.0,sl,8,30
futures,ES,reddit_orb_retest,reddit_orb_retest|ny|range=15|entry=150|rr=2|sl_atr=1|tp_atr=1.5|threshold=2|adx_max=none|adx_min=none|rsi2=none|trend=all|max_bars=24,long,23620,23621,23641,2023-11-01 14:00:00+00:00,2023-11-01 14:15:00+00:00,2023-11-01 19:15:00+00:00,4230.5,4260.5,120.0,117.0,1.8571428571428572,120.0,60.0,3.0,tp,20,30
futures,ES,reddit_orb_retest,reddit_orb_retest|ny|range=15|entry=150|rr=2|sl_atr=1|tp_atr=1.5|threshold=2|adx_max=none|adx_min=none|rsi2=none|trend=all|max_bars=24,long,23810,23811,23828,2023-11-03 15:30:00+00:00,2023-11-03 15:45:00+00:00,2023-11-03 20:00:00+00:00,4375.75,4379.5,15.0,12.0,0.1643835616438356,140.0,70.0,3.0,session_close,17,30
futures,ES,reddit_orb_retest,reddit_orb_retest|ny|range=15|entry=150|rr=2|sl_atr=1|tp_atr=1.5|threshold=2|adx_max=none|adx_min=none|rsi2=none|trend=all|max_bars=24,short,24081,24082,24088,2023-11-08 15:15:00+00:00,2023-11-08 15:30:00+00:00,2023-11-08 17:00:00+00:00,4396.25,4376.75,78.0,75.0,1.7857142857142858,78.0,39.0,3.0,tp,6,30
futures,ES,reddit_orb_retest,reddit_orb_retest|ny|range=15|entry=150|rr=2|sl_atr=1|tp_atr=1.5|threshold=2|adx_max=none|adx_min=none|rsi2=none|trend=all|max_bars=24,short,24266,24267,24268,2023-11-10 15:30:00+00:00,2023-11-10 15:45:00+00:00,2023-11-10 16:00:00+00:00,4371.0,4385.5,-58.0,-61.0,-1.0,116.0,58.0,3.0,sl,1,30
futures,ES,reddit_orb_retest,reddit_orb_retest|ny|range=15|entry=150|rr=2|sl_atr=1|tp_atr=1.5|threshold=2|adx_max=none|adx_min=none|rsi2=none|trend=all|max_bars=24,long,24360,24361,24380,2023-11-13 16:00:00+00:00,2023-11-13 16:15:00+00:00,2023-11-13 21:00:00+00:00,4424.25,4427.0,11.0,8.0,0.125,122.0,61.0,3.0,session_close,19,30
futures,ES,reddit_orb_retest,reddit_orb_retest|ny|range=15|entry=150|rr=2|sl_atr=1|tp_atr=1.5|threshold=2|adx_max=none|adx_min=none|rsi2=none|trend=all|max_bars=24,long,24545,24546,24546,2023-11-15 16:15:00+00:00,2023-11-15 16:30:00+00:00,2023-11-15 16:30:00+00:00,4531.0,4521.5,-38.0,-41.0,-1.0,76.0,38.0,3.0,sl,1,30
futures,ES,reddit_orb_retest,reddit_orb_retest|ny|range=15|entry=150|rr=2|sl_atr=1|tp_atr=1.5|threshold=2|adx_max=none|adx_min=none|rsi2=none|trend=all|max_bars=24,long,24633,24634,24634,2023-11-16 15:15:00+00:00,2023-11-16 15:30:00+00:00,2023-11-16 15:30:00+00:00,4520.25,4512.0,-33.0,-36.0,-1.0,66.0,33.0,3.0,sl,1,30
futures,ES,reddit_orb_retest,reddit_orb_retest|ny|range=15|entry=150|rr=2|sl_atr=1|tp_atr=1.5|threshold=2|adx_max=none|adx_min=none|rsi2=none|trend=all|max_bars=24,long,24817,24818,24836,2023-11-20 15:15:00+00:00,2023-11-20 15:30:00+00:00,2023-11-20 20:00:00+00:00,4539.0,4568.0,116.0,113.0,1.8524590163934427,116.0,58.0,3.0,tp,18,30
futures,ES,reddit_orb_retest,reddit_orb_retest|ny|range=15|entry=150|rr=2|sl_atr=1|tp_atr=1.5|threshold=2|adx_max=none|adx_min=none|rsi2=none|trend=all|max_bars=24,short,25528,25529,25544,2023-11-30 16:45:00+00:00,2023-11-30 17:00:00+00:00,2023-11-30 20:45:00+00:00,4549.75,4568.5,-75.0,-78.0,-1.0,150.0,75.0,3.0,sl,15,30
futures,ES,reddit_orb_retest,reddit_orb_retest|ny|range=15|entry=150|rr=2|sl_atr=1|tp_atr=1.5|threshold=2|adx_max=none|adx_min=none|rsi2=none|trend=all|max_bars=24,long,25613,25614,25620,2023-12-01 15:00:00+00:00,2023-12-01 15:15:00+00:00,2023-12-01 16:45:00+00:00,4573.75,4596.25,90.0,87.0,1.8125,90.0,45.0,3.0,tp,6,30
futures,ES,reddit_orb_retest,reddit_orb_retest|ny|range=15|entry=150|rr=2|sl_atr=1|tp_atr=1.5|threshold=2|adx_max=none|adx_min=none|rsi2=none|trend=all|max_bars=24,long,25804,25805,25821,2023-12-05 16:45:00+00:00,2023-12-05 17:00:00+00:00,2023-12-05 21:00:00+00:00,4570.0,4576.0,24.0,21.0,0.42,94.0,47.0,3.0,session_close,16,30
futures,ES,reddit_orb_retest,reddit_orb_retest|ny|range=15|entry=150|rr=2|sl_atr=1|tp_atr=1.5|threshold=2|adx_max=none|adx_min=none|rsi2=none|trend=all|max_bars=24,long,26075,26076,26097,2023-12-08 15:30:00+00:00,2023-12-08 15:45:00+00:00,2023-12-08 21:00:00+00:00,4595.25,4606.25,44.0,41.0,0.5774647887323944,136.0,68.0,3.0,session_close,21,30
futures,ES,reddit_orb_retest,reddit_orb_retest|ny|range=15|entry=150|rr=2|sl_atr=1|tp_atr=1.5|threshold=2|adx_max=none|adx_min=none|rsi2=none|trend=all|max_bars=24,long,26165,26166,26189,2023-12-11 15:00:00+00:00,2023-12-11 15:15:00+00:00,2023-12-11 21:00:00+00:00,4610.0,4624.25,57.0,54.0,1.2272727272727273,82.0,41.0,3.0,session_close,23,30
futures,ES,reddit_orb_retest,reddit_orb_retest|ny|range=15|entry=150|rr=2|sl_atr=1|tp_atr=1.5|threshold=2|adx_max=none|adx_min=none|rsi2=none|trend=all|max_bars=24,long,26354,26355,26361,2023-12-13 16:15:00+00:00,2023-12-13 16:30:00+00:00,2023-12-13 18:00:00+00:00,4704.5,4698.25,-25.0,-28.0,-1.0,50.0,25.0,3.0,sl,6,30
futures,ES,reddit_orb_retest,reddit_orb_retest|ny|range=15|entry=150|rr=2|sl_atr=1|tp_atr=1.5|threshold=2|adx_max=none|adx_min=none|rsi2=none|trend=all|max_bars=24,short,26445,26446,26465,2023-12-14 16:00:00+00:00,2023-12-14 16:15:00+00:00,2023-12-14 21:00:00+00:00,4770.25,4770.0,1.0,-2.0,-0.025974025974025976,148.0,74.0,3.0,session_close,19,30
futures,ES,reddit_orb_retest,reddit_orb_retest|ny|range=15|entry=150|rr=2|sl_atr=1|tp_atr=1.5|threshold=2|adx_max=none|adx_min=none|rsi2=none|trend=all|max_bars=24,long,26537,26538,26547,2023-12-15 16:00:00+00:00,2023-12-15 16:15:00+00:00,2023-12-15 18:30:00+00:00,4774.25,4761.5,-51.0,-54.0,-1.0,102.0,51.0,3.0,sl,9,30
futures,ES,reddit_orb_retest,reddit_orb_retest|ny|range=15|entry=150|rr=2|sl_atr=1|tp_atr=1.5|threshold=2|adx_max=none|adx_min=none|rsi2=none|trend=all|max_bars=24,long,26626,26627,26649,2023-12-18 15:15:00+00:00,2023-12-18 15:30:00+00:00,2023-12-18 21:00:00+00:00,4790.5,4789.25,-5.0,-8.0,-0.18181818181818182,82.0,41.0,3.0,session_close,22,30
futures,ES,reddit_orb_retest,reddit_orb_retest|ny|range=15|entry=150|rr=2|sl_atr=1|tp_atr=1.5|threshold=2|adx_max=none|adx_min=none|rsi2=none|trend=all|max_bars=24,long,26717,26718,26741,2023-12-19 15:00:00+00:00,2023-12-19 15:15:00+00:00,2023-12-19 21:00:00+00:00,4810.0,4817.25,29.0,26.0,0.45614035087719296,108.0,54.0,3.0,session_close,23,30
futures,ES,reddit_orb_retest,reddit_orb_retest|ny|range=15|entry=150|rr=2|sl_atr=1|tp_atr=1.5|threshold=2|adx_max=none|adx_min=none|rsi2=none|trend=all|max_bars=24,short,26904,26905,26914,2023-12-21 15:45:00+00:00,2023-12-21 16:00:00+00:00,2023-12-21 18:15:00+00:00,4779.25,4757.25,88.0,85.0,1.8085106382978724,88.0,44.0,3.0,tp,9,30
futures,ES,reddit_orb_retest,reddit_orb_retest|ny|range=15|entry=150|rr=2|sl_atr=1|tp_atr=1.5|threshold=2|adx_max=none|adx_min=none|rsi2=none|trend=all|max_bars=24,long,27086,27087,27106,2023-12-26 15:15:00+00:00,2023-12-26 15:30:00+00:00,2023-12-26 20:15:00+00:00,4816.75,4834.25,70.0,67.0,1.763157894736842,70.0,35.0,3.0,tp,19,30
futures,ES,reddit_orb_retest,reddit_orb_retest|ny|range=15|entry=150|rr=2|sl_atr=1|tp_atr=1.5|threshold=2|adx_max=none|adx_min=none|rsi2=none|trend=all|max_bars=24,short,27545,27546,27562,2024-01-03 15:00:00+00:00,2024-01-03 15:15:00+00:00,2024-01-03 19:15:00+00:00,4753.75,4769.5,-63.0,-66.0,-1.0,126.0,63.0,3.0,sl,16,30
futures,ES,reddit_orb_retest,reddit_orb_retest|ny|range=15|entry=150|rr=2|sl_atr=1|tp_atr=1.5|threshold=2|adx_max=none|adx_min=none|rsi2=none|trend=all|max_bars=24,long,27645,27646,27658,2024-01-04 17:00:00+00:00,2024-01-04 17:15:00+00:00,2024-01-04 20:15:00+00:00,4752.75,4737.75,-60.0,-63.0,-1.0,120.0,60.0,3.0,sl,12,30
futures,ES,reddit_orb_retest,reddit_orb_retest|ny|range=15|entry=150|rr=2|sl_atr=1|tp_atr=1.5|threshold=2|adx_max=none|adx_min=none|rsi2=none|trend=all|max_bars=24,long,27821,27822,27836,2024-01-08 15:00:00+00:00,2024-01-08 15:15:00+00:00,2024-01-08 18:45:00+00:00,4749.75,4773.25,94.0,91.0,1.82,94.0,47.0,3.0,tp,14,30
futures,ES,reddit_orb_retest,reddit_orb_retest|ny|range=15|entry=150|rr=2|sl_atr=1|tp_atr=1.5|threshold=2|adx_max=none|adx_min=none|rsi2=none|trend=all|max_bars=24,long,27916,27917,27918,2024-01-09 15:45:00+00:00,2024-01-09 16:00:00+00:00,2024-01-09 16:15:00+00:00,4776.5,4787.5,44.0,41.0,1.64,44.0,22.0,3.0,tp,1,30
futures,ES,reddit_orb_retest,reddit_orb_retest|ny|range=15|entry=150|rr=2|sl_atr=1|tp_atr=1.5|threshold=2|adx_max=none|adx_min=none|rsi2=none|trend=all|max_bars=24,long,28289,28290,28293,2024-01-15 17:00:00+00:00,2024-01-15 17:15:00+00:00,2024-01-15 23:00:00+00:00,4813.0,4812.25,-3.0,-6.0,-0.4,24.0,12.0,3.0,session_close,3,30
futures,ES,reddit_orb_retest,reddit_orb_retest|ny|range=15|entry=150|rr=2|sl_atr=1|tp_atr=1.5|threshold=2|adx_max=none|adx_min=none|rsi2=none|trend=all|max_bars=24,long,28359,28360,28368,2024-01-16 15:30:00+00:00,2024-01-16 15:45:00+00:00,2024-01-16 17:45:00+00:00,4812.5,4788.75,-95.0,-98.0,-1.0,190.0,95.0,3.0,sl,8,30
futures,ES,reddit_orb_retest,reddit_orb_retest|ny|range=15|entry=150|rr=2|sl_atr=1|tp_atr=1.5|threshold=2|adx_max=none|adx_min=none|rsi2=none|trend=all|max_bars=24,long,28452,28453,28459,2024-01-17 15:45:00+00:00,2024-01-17 16:00:00+00:00,2024-01-17 17:30:00+00:00,4768.25,4759.5,-35.0,-38.0,-1.0,70.0,35.0,3.0,sl,6,30
futures,ES,reddit_orb_retest,reddit_orb_retest|ny|range=15|entry=150|rr=2|sl_atr=1|tp_atr=1.5|threshold=2|adx_max=none|adx_min=none|rsi2=none|trend=all|max_bars=24,long,28546,28547,28549,2024-01-18 16:15:00+00:00,2024-01-18 16:30:00+00:00,2024-01-18 17:00:00+00:00,4792.75,4782.5,-41.0,-44.0,-1.0,82.0,41.0,3.0,sl,2,30
futures,ES,reddit_orb_retest,reddit_orb_retest|ny|range=15|entry=150|rr=2|sl_atr=1|tp_atr=1.5|threshold=2|adx_max=none|adx_min=none|rsi2=none|trend=all|max_bars=24,long,28636,28637,28646,2024-01-19 15:45:00+00:00,2024-01-19 16:00:00+00:00,2024-01-19 18:15:00+00:00,4828.75,4856.25,110.0,107.0,1.8448275862068966,110.0,55.0,3.0,tp,9,30
futures,ES,reddit_orb_retest,reddit_orb_retest|ny|range=15|entry=150|rr=2|sl_atr=1|tp_atr=1.5|threshold=2|adx_max=none|adx_min=none|rsi2=none|trend=all|max_bars=24,long,28725,28726,28727,2024-01-22 15:00:00+00:00,2024-01-22 15:15:00+00:00,2024-01-22 15:30:00+00:00,4895.75,4885.0,-43.0,-46.0,-1.0,86.0,43.0,3.0,sl,1,30
futures,ES,reddit_orb_retest,reddit_orb_retest|ny|range=15|entry=150|rr=2|sl_atr=1|tp_atr=1.5|threshold=2|adx_max=none|adx_min=none|rsi2=none|trend=all|max_bars=24,short,28821,28822,28836,2024-01-23 16:00:00+00:00,2024-01-23 16:15:00+00:00,2024-01-23 19:45:00+00:00,4878.5,4889.25,-43.0,-46.0,-1.0,86.0,43.0,3.0,sl,14,30
futures,ES,reddit_orb_retest,reddit_orb_retest|ny|range=15|entry=150|rr=2|sl_atr=1|tp_atr=1.5|threshold=2|adx_max=none|adx_min=none|rsi2=none|trend=all|max_bars=24,long,29006,29007,29009,2024-01-25 16:15:00+00:00,2024-01-25 16:30:00+00:00,2024-01-25 17:00:00+00:00,4921.0,4910.75,-41.0,-44.0,-1.0,82.0,41.0,3.0,sl,2,30
futures,ES,reddit_orb_retest,reddit_orb_retest|ny|range=15|entry=150|rr=2|sl_atr=1|tp_atr=1.5|threshold=2|adx_max=none|adx_min=none|rsi2=none|trend=all|max_bars=24,long,29100,29101,29103,2024-01-26 16:45:00+00:00,2024-01-26 17:00:00+00:00,2024-01-26 17:30:00+00:00,4930.0,4916.75,-53.0,-56.0,-1.0,106.0,53.0,3.0,sl,2,30
futures,ES,reddit_orb_retest,reddit_orb_retest|ny|range=15|entry=150|rr=2|sl_atr=1|tp_atr=1.5|threshold=2|adx_max=none|adx_min=none|rsi2=none|trend=all|max_bars=24,long,29284,29285,29286,2024-01-30 16:45:00+00:00,2024-01-30 17:00:00+00:00,2024-01-30 17:15:00+00:00,4954.25,4946.0,-33.0,-36.0,-1.0,66.0,33.0,3.0,sl,1,30
futures,ES,reddit_orb_retest,reddit_orb_retest|ny|range=15|entry=150|rr=2|sl_atr=1|tp_atr=1.5|threshold=2|adx_max=none|adx_min=none|rsi2=none|trend=all|max_bars=24,long,29462,29463,29464,2024-02-01 15:15:00+00:00,2024-02-01 15:30:00+00:00,2024-02-01 15:45:00+00:00,4899.0,4882.25,-67.0,-70.0,-1.0,134.0,67.0,3.0,sl,1,30
futures,ES,reddit_orb_retest,reddit_orb_retest|ny|range=15|entry=150|rr=2|sl_atr=1|tp_atr=1.5|threshold=2|adx_max=none|adx_min=none|rsi2=none|trend=all|max_bars=24,long,29553,29554,29558,2024-02-02 15:00:00+00:00,2024-02-02 15:15:00+00:00,2024-02-02 16:15:00+00:00,4942.0,4968.0,104.0,101.0,1.8363636363636364,104.0,52.0,3.0,tp,4,30
futures,ES,reddit_orb_retest,reddit_orb_retest|ny|range=15|entry=150|rr=2|sl_atr=1|tp_atr=1.5|threshold=2|adx_max=none|adx_min=none|rsi2=none|trend=all|max_bars=24,short,29743,29744,29761,2024-02-06 16:30:00+00:00,2024-02-06 16:45:00+00:00,2024-02-06 21:00:00+00:00,4964.5,4969.0,-18.0,-21.0,-0.42,94.0,47.0,3.0,session_close,17,30
futures,ES,reddit_orb_retest,reddit_orb_retest|ny|range=15|entry=150|rr=2|sl_atr=1|tp_atr=1.5|threshold=2|adx_max=none|adx_min=none|rsi2=none|trend=all|max_bars=24,short,29927,29928,29941,2024-02-08 16:30:00+00:00,2024-02-08 16:45:00+00:00,2024-02-08 20:00:00+00:00,5007.0,5016.0,-36.0,-39.0,-1.0,72.0,36.0,3.0,sl,13,30
futures,ES,reddit_orb_retest,reddit_orb_retest|ny|range=15|entry=150|rr=2|sl_atr=1|tp_atr=1.5|threshold=2|adx_max=none|adx_min=none|rsi2=none|trend=all|max_bars=24,long,30013,30014,30031,2024-02-09 15:00:00+00:00,2024-02-09 15:15:00+00:00,2024-02-09 19:30:00+00:00,5026.5,5047.0,82.0,79.0,1.7954545454545454,82.0,41.0,3.0,tp,17,30
futures,ES,reddit_orb_retest,reddit_orb_retest|ny|range=15|entry=150|rr=2|sl_atr=1|tp_atr=1.5|threshold=2|adx_max=none|adx_min=none|rsi2=none|trend=all|max_bars=24,short,30573,30574,30577,2024-02-19 17:00:00+00:00,2024-02-19 17:15:00+00:00,2024-02-19 23:00:00+00:00,5024.25,5019.75,18.0,15.0,0.75,34.0,17.0,3.0,session_close,3,30
futures,ES,reddit_orb_retest,reddit_orb_retest|ny|range=15|entry=150|rr=2|sl_atr=1|tp_atr=1.5|threshold=2|adx_max=none|adx_min=none|rsi2=none|trend=all|max_bars=24,long,30739,30740,30741,2024-02-21 16:30:00+00:00,2024-02-21 16:45:00+00:00,2024-02-21 17:00:00+00:00,4982.0,4974.25,-31.0,-34.0,-1.0,62.0,31.0,3.0,sl,1,30
futures,ES,reddit_orb_retest,reddit_orb_retest|ny|range=15|entry=150|rr=2|sl_atr=1|tp_atr=1.5|threshold=2|adx_max=none|adx_min=none|rsi2=none|trend=all|max_bars=24,short,30920,30921,30941,2024-02-23 15:45:00+00:00,2024-02-23 16:00:00+00:00,2024-02-23 21:00:00+00:00,5108.5,5097.5,44.0,41.0,0.6833333333333333,114.0,57.0,3.0,session_close,20,30
futures,ES,reddit_orb_retest,reddit_orb_retest|ny|range=15|entry=150|rr=2|sl_atr=1|tp_atr=1.5|threshold=2|adx_max=none|adx_min=none|rsi2=none|trend=all|max_bars=24,short,31010,31011,31023,2024-02-26 15:15:00+00:00,2024-02-26 15:30:00+00:00,2024-02-26 18:30:00+00:00,5100.0,5084.0,64.0,61.0,1.7428571428571429,64.0,32.0,3.0,tp,12,30
futures,ES,reddit_orb_retest,reddit_orb_retest|ny|range=15|entry=150|rr=2|sl_atr=1|tp_atr=1.5|threshold=2|adx_max=none|adx_min=none|rsi2=none|trend=all|max_bars=24,long,31472,31473,31487,2024-03-04 15:45:00+00:00,2024-03-04 16:00:00+00:00,2024-03-04 19:30:00+00:00,5142.0,5155.5,54.0,51.0,1.7,54.0,27.0,3.0,tp,14,30
futures,ES,reddit_orb_retest,reddit_orb_retest|ny|range=15|entry=150|rr=2|sl_atr=1|tp_atr=1.5|threshold=2|adx_max=none|adx_min=none|rsi2=none|trend=all|max_bars=24,short,31654,31655,31657,2024-03-06 15:15:00+00:00,2024-03-06 15:30:00+00:00,2024-03-06 16:00:00+00:00,5107.25,5122.25,-60.0,-63.0,-1.0,120.0,60.0,3.0,sl,2,30
futures,ES,reddit_orb_retest,reddit_orb_retest|ny|range=15|entry=150|rr=2|sl_atr=1|tp_atr=1.5|threshold=2|adx_max=none|adx_min=none|rsi2=none|trend=all|max_bars=24,long,31746,31747,31769,2024-03-07 15:15:00+00:00,2024-03-07 15:30:00+00:00,2024-03-07 21:00:00+00:00,5153.5,5155.5,8.0,5.0,0.07936507936507936,120.0,60.0,3.0,session_close,22,30
futures,ES,reddit_orb_retest,reddit_orb_retest|ny|range=15|entry=150|rr=2|sl_atr=1|tp_atr=1.5|threshold=2|adx_max=none|adx_min=none|rsi2=none|trend=all|max_bars=24,short,31933,31934,31939,2024-03-11 15:00:00+00:00,2024-03-11 15:15:00+00:00,2024-03-11 16:30:00+00:00,5109.5,5119.0,-38.0,-41.0,-1.0,76.0,38.0,3.0,sl,5,30
futures,ES,reddit_orb_retest,reddit_orb_retest|ny|range=15|entry=150|rr=2|sl_atr=1|tp_atr=1.5|threshold=2|adx_max=none|adx_min=none|rsi2=none|trend=all|max_bars=24,short,32118,32119,32125,2024-03-13 15:15:00+00:00,2024-03-13 15:30:00+00:00,2024-03-13 17:00:00+00:00,5232.75,5243.25,-42.0,-45.0,-1.0,84.0,42.0,3.0,sl,6,30
futures,ES,reddit_orb_retest,reddit_orb_retest|ny|range=15|entry=150|rr=2|sl_atr=1|tp_atr=1.5|threshold=2|adx_max=none|adx_min=none|rsi2=none|trend=all|max_bars=24,short,32305,32306,32321,2024-03-15 16:00:00+00:00,2024-03-15 16:15:00+00:00,2024-03-15 20:00:00+00:00,5176.25,5184.0,-31.0,-34.0,-0.37362637362637363,176.0,88.0,3.0,session_close,15,30
futures,ES,reddit_orb_retest,reddit_orb_retest|ny|range=15|entry=150|rr=2|sl_atr=1|tp_atr=1.5|threshold=2|adx_max=none|adx_min=none|rsi2=none|trend=all|max_bars=24,long,32485,32486,32493,2024-03-19 15:00:00+00:00,2024-03-19 15:15:00+00:00,2024-03-19 17:00:00+00:00,5209.25,5237.25,112.0,109.0,1.847457627118644,112.0,56.0,3.0,tp,7,30
futures,ES,reddit_orb_retest,reddit_orb_retest|ny|range=15|entry=150|rr=2|sl_atr=1|tp_atr=1.5|threshold=2|adx_max=none|adx_min=none|rsi2=none|trend=all|max_bars=24,long,32577,32578,32587,2024-03-20 15:00:00+00:00,2024-03-20 15:15:00+00:00,2024-03-20 17:30:00+00:00,5246.0,5235.25,-43.0,-46.0,-1.0,86.0,43.0,3.0,sl,9,30
futures,ES,reddit_orb_retest,reddit_orb_retest|ny|range=15|entry=150|rr=2|sl_atr=1|tp_atr=1.5|threshold=2|adx_max=none|adx_min=none|rsi2=none|trend=all|max_bars=24,short,32759,32760,32772,2024-03-22 14:30:00+00:00,2024-03-22 14:45:00+00:00,2024-03-22 17:45:00+00:00,5291.75,5304.75,-52.0,-55.0,-1.0,104.0,52.0,3.0,sl,12,30
futures,ES,reddit_orb_retest,reddit_orb_retest|ny|range=15|entry=150|rr=2|sl_atr=1|tp_atr=1.5|threshold=2|adx_max=none|adx_min=none|rsi2=none|trend=all|max_bars=24,long,32850,32851,32873,2024-03-25 14:15:00+00:00,2024-03-25 14:30:00+00:00,2024-03-25 20:00:00+00:00,5283.0,5278.0,-20.0,-23.0,-0.6216216216216216,68.0,34.0,3.0,session_close,22,30
futures,ES,reddit_orb_retest,reddit_orb_retest|ny|range=15|entry=150|rr=2|sl_atr=1|tp_atr=1.5|threshold=2|adx_max=none|adx_min=none|rsi2=none|trend=all|max_bars=24,long,33128,33129,33139,2024-03-28 14:45:00+00:00,2024-03-28 15:00:00+00:00,2024-03-28 17:30:00+00:00,5312.5,5305.0,-30.0,-33.0,-1.0,60.0,30.0,3.0,sl,10,30
futures,ES,reddit_orb_retest,reddit_orb_retest|ny|range=15|entry=150|rr=2|sl_atr=1|tp_atr=1.5|threshold=2|adx_max=none|adx_min=none|rsi2=none|trend=all|max_bars=24,short,33312,33313,33329,2024-04-02 14:45:00+00:00,2024-04-02 15:00:00+00:00,2024-04-02 19:00:00+00:00,5240.0,5255.25,-61.0,-64.0,-1.0,122.0,61.0,3.0,sl,16,30
futures,ES,reddit_orb_retest,reddit_orb_retest|ny|range=15|entry=150|rr=2|sl_atr=1|tp_atr=1.5|threshold=2|adx_max=none|adx_min=none|rsi2=none|trend=all|max_bars=24,short,33493,33494,33501,2024-04-04 14:00:00+00:00,2024-04-04 14:15:00+00:00,2024-04-04 16:00:00+00:00,5298.75,5307.0,-33.0,-36.0,-1.0,66.0,33.0,3.0,sl,7,30
futures,ES,reddit_orb_retest,reddit_orb_retest|ny|range=15|entry=150|rr=2|sl_atr=1|tp_atr=1.5|threshold=2|adx_max=none|adx_min=none|rsi2=none|trend=all|max_bars=24,long,33585,33586,33594,2024-04-05 14:00:00+00:00,2024-04-05 14:15:00+00:00,2024-04-05 16:15:00+00:00,5227.0,5267.5,162.0,159.0,1.8928571428571428,162.0,81.0,3.0,tp,8,30
futures,ES,reddit_orb_retest,reddit_orb_retest|ny|range=15|entry=150|rr=2|sl_atr=1|tp_atr=1.5|threshold=2|adx_max=none|adx_min=none|rsi2=none|trend=all|max_bars=24,long,33681,33682,33686,2024-04-08 15:00:00+00:00,2024-04-08 15:15:00+00:00,2024-04-08 16:15:00+00:00,5264.75,5246.5,-73.0,-76.0,-1.0,146.0,73.0,3.0,sl,4,30
futures,ES,reddit_orb_retest,reddit_orb_retest|ny|range=15|entry=150|rr=2|sl_atr=1|tp_atr=1.5|threshold=2|adx_max=none|adx_min=none|rsi2=none|trend=all|max_bars=24,long,33864,33865,33873,2024-04-10 14:45:00+00:00,2024-04-10 15:00:00+00:00,2024-04-10 17:00:00+00:00,5209.25,5192.0,-69.0,-72.0,-1.0,138.0,69.0,3.0,sl,8,30
futures,ES,reddit_orb_retest,reddit_orb_retest|ny|range=15|entry=150|rr=2|sl_atr=1|tp_atr=1.5|threshold=2|adx_max=none|adx_min=none|rsi2=none|trend=all|max_bars=24,short,33958,33959,33965,2024-04-11 15:15:00+00:00,2024-04-11 15:30:00+00:00,2024-04-11 17:00:00+00:00,5197.0,5220.5,-94.0,-97.0,-1.0,188.0,94.0,3.0,sl,6,30
futures,ES,reddit_orb_retest,reddit_orb_retest|ny|range=15|entry=150|rr=2|sl_atr=1|tp_atr=1.5|threshold=2|adx_max=none|adx_min=none|rsi2=none|trend=all|max_bars=24,short,34231,34232,34236,2024-04-16 14:30:00+00:00,2024-04-16 14:45:00+00:00,2024-04-16 15:45:00+00:00,5089.5,5110.0,-82.0,-85.0,-1.0,164.0,82.0,3.0,sl,4,30
futures,ES,reddit_orb_retest,reddit_orb_retest|ny|range=15|entry=150|rr=2|sl_atr=1|tp_atr=1.5|threshold=2|adx_max=none|adx_min=none|rsi2=none|trend=all|max_bars=24,short,34508,34509,34514,2024-04-19 14:45:00+00:00,2024-04-19 15:00:00+00:00,2024-04-19 16:15:00+00:00,5038.0,5005.5,130.0,127.0,1.8676470588235294,130.0,65.0,3.0,tp,5,30
futures,ES,reddit_orb_retest,reddit_orb_retest|ny|range=15|entry=150|rr=2|sl_atr=1|tp_atr=1.5|threshold=2|adx_max=none|adx_min=none|rsi2=none|trend=all|max_bars=24,short,34600,34601,34606,2024-04-22 14:45:00+00:00,2024-04-22 15:00:00+00:00,2024-04-22 16:15:00+00:00,5013.75,5032.75,-76.0,-79.0,-1.0,152.0,76.0,3.0,sl,5,30
futures,ES,reddit_orb_retest,reddit_orb_retest|ny|range=15|entry=150|rr=2|sl_atr=1|tp_atr=1.5|threshold=2|adx_max=none|adx_min=none|rsi2=none|trend=all|max_bars=24,short,35241,35242,35257,2024-05-01 14:00:00+00:00,2024-05-01 14:15:00+00:00,2024-05-01 18:00:00+00:00,5050.5,5062.25,-47.0,-50.0,-1.0,94.0,47.0,3.0,sl,15,30
futures,ES,reddit_orb_retest,reddit_orb_retest|ny|range=15|entry=150|rr=2|sl_atr=1|tp_atr=1.5|threshold=2|adx_max=none|adx_min=none|rsi2=none|trend=all|max_bars=24,long,35518,35519,35540,2024-05-06 14:15:00+00:00,2024-05-06 14:30:00+00:00,2024-05-06 19:45:00+00:00,5184.25,5204.75,82.0,79.0,1.7954545454545454,82.0,41.0,3.0,tp,21,30
futures,ES,reddit_orb_retest,reddit_orb_retest|ny|range=15|entry=150|rr=2|sl_atr=1|tp_atr=1.5|threshold=2|adx_max=none|adx_min=none|rsi2=none|trend=all|max_bars=24,short,35887,35888,35909,2024-05-10 14:30:00+00:00,2024-05-10 14:45:00+00:00,2024-05-10 20:00:00+00:00,5248.75,5244.25,18.0,15.0,0.2631578947368421,108.0,54.0,3.0,session_close,21,30
futures,ES,reddit_orb_retest,reddit_orb_retest|ny|range=15|entry=150|rr=2|sl_atr=1|tp_atr=1.5|threshold=2|adx_max=none|adx_min=none|rsi2=none|trend=all|max_bars=24,long,36072,36073,36078,2024-05-14 14:45:00+00:00,2024-05-14 15:00:00+00:00,2024-05-14 16:15:00+00:00,5253.25,5244.5,-35.0,-38.0,-1.0,70.0,35.0,3.0,sl,5,30
futures,ES,reddit_orb_retest,reddit_orb_retest|ny|range=15|entry=150|rr=2|sl_atr=1|tp_atr=1.5|threshold=2|adx_max=none|adx_min=none|rsi2=none|trend=all|max_bars=24,long,36261,36262,36266,2024-05-16 16:00:00+00:00,2024-05-16 16:15:00+00:00,2024-05-16 17:15:00+00:00,5340.5,5332.0,-34.0,-37.0,-1.0,68.0,34.0,3.0,sl,4,30
futures,ES,reddit_orb_retest,reddit_orb_retest|ny|range=15|entry=150|rr=2|sl_atr=1|tp_atr=1.5|threshold=2|adx_max=none|adx_min=none|rsi2=none|trend=all|max_bars=24,long,36530,36531,36553,2024-05-21 14:15:00+00:00,2024-05-21 14:30:00+00:00,2024-05-21 20:00:00+00:00,5332.0,5344.25,49.0,46.0,1.1219512195121952,76.0,38.0,3.0,session_close,22,30
futures,ES,reddit_orb_retest,reddit_orb_retest|ny|range=15|entry=150|rr=2|sl_atr=1|tp_atr=1.5|threshold=2|adx_max=none|adx_min=none|rsi2=none|trend=all|max_bars=24,long,36621,36622,36628,2024-05-22 14:00:00+00:00,2024-05-22 14:15:00+00:00,2024-05-22 15:45:00+00:00,5342.75,5337.25,-22.0,-25.0,-1.0,44.0,22.0,3.0,sl,6,30
futures,ES,reddit_orb_retest,reddit_orb_retest|ny|range=15|entry=150|rr=2|sl_atr=1|tp_atr=1.5|threshold=2|adx_max=none|adx_min=none|rsi2=none|trend=all|max_bars=24,short,36977,36978,36990,2024-05-28 15:00:00+00:00,2024-05-28 15:15:00+00:00,2024-05-28 18:15:00+00:00,5324.0,5309.5,58.0,55.0,1.71875,58.0,29.0,3.0,tp,12,30
futures,ES,reddit_orb_retest,reddit_orb_retest|ny|range=15|entry=150|rr=2|sl_atr=1|tp_atr=1.5|threshold=2|adx_max=none|adx_min=none|rsi2=none|trend=all|max_bars=24,long,37065,37066,37089,2024-05-29 14:00:00+00:00,2024-05-29 14:15:00+00:00,2024-05-29 20:00:00+00:00,5289.0,5280.0,-36.0,-39.0,-0.9285714285714286,78.0,39.0,3.0,session_close,23,30
futures,ES,reddit_orb_retest,reddit_orb_retest|ny|range=15|entry=150|rr=2|sl_atr=1|tp_atr=1.5|threshold=2|adx_max=none|adx_min=none|rsi2=none|trend=all|max_bars=24,short,37159,37160,37169,2024-05-30 14:30:00+00:00,2024-05-30 14:45:00+00:00,2024-05-30 17:00:00+00:00,5258.25,5274.25,-64.0,-67.0,-1.0,128.0,64.0,3.0,sl,9,30
futures,ES,reddit_orb_retest,reddit_orb_retest|ny|range=15|entry=150|rr=2|sl_atr=1|tp_atr=1.5|threshold=2|adx_max=none|adx_min=none|rsi2=none|trend=all|max_bars=24,short,37341,37342,37344,2024-06-03 14:00:00+00:00,2024-06-03 14:15:00+00:00,2024-06-03 14:45:00+00:00,5303.5,5284.0,78.0,75.0,1.7857142857142858,78.0,39.0,3.0,tp,2,30
futures,ES,reddit_orb_retest,reddit_orb_retest|ny|range=15|entry=150|rr=2|sl_atr=1|tp_atr=1.5|threshold=2|adx_max=none|adx_min=none|rsi2=none|trend=all|max_bars=24,long,37435,37436,37437,2024-06-04 14:30:00+00:00,2024-06-04 14:45:00+00:00,2024-06-04 15:00:00+00:00,5292.25,5277.75,-58.0,-61.0,-1.0,116.0,58.0,3.0,sl,1,30
futures,ES,reddit_orb_retest,reddit_orb_retest|ny|range=15|entry=150|rr=2|sl_atr=1|tp_atr=1.5|threshold=2|adx_max=none|adx_min=none|rsi2=none|trend=all|max_bars=24,short,37620,37621,37641,2024-06-06 14:45:00+00:00,2024-06-06 15:00:00+00:00,2024-06-06 20:00:00+00:00,5363.75,5362.5,5.0,2.0,0.04878048780487805,76.0,38.0,3.0,session_close,20,30
futures,ES,reddit_orb_retest,reddit_orb_retest|ny|range=15|entry=150|rr=2|sl_atr=1|tp_atr=1.5|threshold=2|adx_max=none|adx_min=none|rsi2=none|trend=all|max_bars=24,long,37990,37991,38001,2024-06-12 15:15:00+00:00,2024-06-12 15:30:00+00:00,2024-06-12 18:00:00+00:00,5446.25,5426.0,-81.0,-84.0,-1.0,162.0,81.0,3.0,sl,10,30
futures,ES,reddit_orb_retest,reddit_orb_retest|ny|range=15|entry=150|rr=2|sl_atr=1|tp_atr=1.5|threshold=2|adx_max=none|adx_min=none|rsi2=none|trend=all|max_bars=24,short,38171,38172,38174,2024-06-14 14:30:00+00:00,2024-06-14 14:45:00+00:00,2024-06-14 15:15:00+00:00,5415.0,5426.25,-45.0,-48.0,-1.0,90.0,45.0,3.0,sl,2,30
futures,ES,reddit_orb_retest,reddit_orb_retest|ny|range=15|entry=150|rr=2|sl_atr=1|tp_atr=1.5|threshold=2|adx_max=none|adx_min=none|rsi2=none|trend=all|max_bars=24,long,38263,38264,38270,2024-06-17 14:30:00+00:00,2024-06-17 14:45:00+00:00,2024-06-17 16:15:00+00:00,5436.0,5456.5,82.0,79.0,1.7954545454545454,82.0,41.0,3.0,tp,6,30
futures,ES,reddit_orb_retest,reddit_orb_retest|ny|range=15|entry=150|rr=2|sl_atr=1|tp_atr=1.5|threshold=2|adx_max=none|adx_min=none|rsi2=none|trend=all|max_bars=24,short,38358,38359,38367,2024-06-18 15:15:00+00:00,2024-06-18 15:30:00+00:00,2024-06-18 17:30:00+00:00,5478.25,5489.75,-46.0,-49.0,-1.0,92.0,46.0,3.0,sl,8,30
futures,ES,reddit_orb_retest,reddit_orb_retest|ny|range=15|entry=150|rr=2|sl_atr=1|tp_atr=1.5|threshold=2|adx_max=none|adx_min=none|rsi2=none|trend=all|max_bars=24,short,38445,38446,38457,2024-06-19 14:00:00+00:00,2024-06-19 14:15:00+00:00,2024-06-19 22:00:00+00:00,5563.25,5562.5,3.0,0.0,0.0,26.0,13.0,3.0,session_close,11,30
futures,ES,reddit_orb_retest,reddit_orb_retest|ny|range=15|entry=150|rr=2|sl_atr=1|tp_atr=1.5|threshold=2|adx_max=none|adx_min=none|rsi2=none|trend=all|max_bars=24,short,38526,38527,38531,2024-06-20 15:15:00+00:00,2024-06-20 15:30:00+00:00,2024-06-20 16:30:00+00:00,5563.25,5539.25,96.0,93.0,1.8235294117647058,96.0,48.0,3.0,tp,4,30
futures,ES,reddit_orb_retest,reddit_orb_retest|ny|range=15|entry=150|rr=2|sl_atr=1|tp_atr=1.5|threshold=2|adx_max=none|adx_min=none|rsi2=none|trend=all|max_bars=24,long,38889,38890,38893,2024-06-26 14:00:00+00:00,2024-06-26 14:15:00+00:00,2024-06-26 15:00:00+00:00,5531.5,5518.0,-54.0,-57.0,-1.0,108.0,54.0,3.0,sl,3,30
futures,ES,reddit_orb_retest,reddit_orb_retest|ny|range=15|entry=150|rr=2|sl_atr=1|tp_atr=1.5|threshold=2|adx_max=none|adx_min=none|rsi2=none|trend=all|max_bars=24,short,39165,39166,39188,2024-07-01 14:00:00+00:00,2024-07-01 14:15:00+00:00,2024-07-01 19:45:00+00:00,5507.5,5539.25,-127.0,-130.0,-1.0,254.0,127.0,3.0,sl,22,30
futures,ES,reddit_orb_retest,reddit_orb_retest|ny|range=15|entry=150|rr=2|sl_atr=1|tp_atr=1.5|threshold=2|adx_max=none|adx_min=none|rsi2=none|trend=all|max_bars=24,long,39349,39350,39362,2024-07-03 14:00:00+00:00,2024-07-03 14:15:00+00:00,2024-07-03 22:00:00+00:00,5575.75,5588.75,52.0,49.0,0.9607843137254902,96.0,48.0,3.0,session_close,12,30
futures,ES,reddit_orb_retest,reddit_orb_retest|ny|range=15|entry=150|rr=2|sl_atr=1|tp_atr=1.5|threshold=2|adx_max=none|adx_min=none|rsi2=none|trend=all|max_bars=24,long,39504,39505,39524,2024-07-05 14:30:00+00:00,2024-07-05 14:45:00+00:00,2024-07-05 19:30:00+00:00,5600.5,5621.5,84.0,81.0,1.8,84.0,42.0,3.0,tp,19,30
futures,ES,reddit_orb_retest,reddit_orb_retest|ny|range=15|entry=150|rr=2|sl_atr=1|tp_atr=1.5|threshold=2|adx_max=none|adx_min=none|rsi2=none|trend=all|max_bars=24,short,39598,39599,39618,2024-07-08 15:00:00+00:00,2024-07-08 15:15:00+00:00,2024-07-08 20:00:00+00:00,5627.5,5627.75,-1.0,-4.0,-0.10810810810810811,68.0,34.0,3.0,session_close,19,30
futures,ES,reddit_orb_retest,reddit_orb_retest|ny|range=15|entry=150|rr=2|sl_atr=1|tp_atr=1.5|threshold=2|adx_max=none|adx_min=none|rsi2=none|trend=all|max_bars=24,short,39691,39692,39694,2024-07-09 15:15:00+00:00,2024-07-09 15:30:00+00:00,2024-07-09 16:00:00+00:00,5634.25,5640.5,-25.0,-28.0,-1.0,50.0,25.0,3.0,sl,2,30
futures,ES,reddit_orb_retest,reddit_orb_retest|ny|range=15|entry=150|rr=2|sl_atr=1|tp_atr=1.5|threshold=2|adx_max=none|adx_min=none|rsi2=none|trend=all|max_bars=24,long,39779,39780,39782,2024-07-10 14:15:00+00:00,2024-07-10 14:30:00+00:00,2024-07-10 15:00:00+00:00,5646.25,5640.5,-23.0,-26.0,-1.0,46.0,23.0,3.0,sl,2,30
futures,ES,reddit_orb_retest,reddit_orb_retest|ny|range=15|entry=150|rr=2|sl_atr=1|tp_atr=1.5|threshold=2|adx_max=none|adx_min=none|rsi2=none|trend=all|max_bars=24,long,40063,40064,40066,2024-07-15 16:15:00+00:00,2024-07-15 16:30:00+00:00,2024-07-15 17:00:00+00:00,5698.75,5688.0,-43.0,-46.0,-1.0,86.0,43.0,3.0,sl,2,30
futures,ES,reddit_orb_retest,reddit_orb_retest|ny|range=15|entry=150|rr=2|sl_atr=1|tp_atr=1.5|threshold=2|adx_max=none|adx_min=none|rsi2=none|trend=all|max_bars=24,short,40147,40148,40149,2024-07-16 14:15:00+00:00,2024-07-16 14:30:00+00:00,2024-07-16 14:45:00+00:00,5696.0,5705.75,-39.0,-42.0,-1.0,78.0,39.0,3.0,sl,1,30
futures,ES,reddit_orb_retest,reddit_orb_retest|ny|range=15|entry=150|rr=2|sl_atr=1|tp_atr=1.5|threshold=2|adx_max=none|adx_min=none|rsi2=none|trend=all|max_bars=24,short,40241,40242,40262,2024-07-17 14:45:00+00:00,2024-07-17 15:00:00+00:00,2024-07-17 20:00:00+00:00,5650.0,5638.75,45.0,42.0,0.525,154.0,77.0,3.0,session_close,20,30
futures,ES,reddit_orb_retest,reddit_orb_retest|ny|range=15|entry=150|rr=2|sl_atr=1|tp_atr=1.5|threshold=2|adx_max=none|adx_min=none|rsi2=none|trend=all|max_bars=24,short,40426,40427,40446,2024-07-19 15:00:00+00:00,2024-07-19 15:15:00+00:00,2024-07-19 20:00:00+00:00,5567.0,5548.25,75.0,72.0,0.4675324675324675,302.0,151.0,3.0,session_close,19,30
futures,ES,reddit_orb_retest,reddit_orb_retest|ny|range=15|entry=150|rr=2|sl_atr=1|tp_atr=1.5|threshold=2|adx_max=none|adx_min=none|rsi2=none|trend=all|max_bars=24,long,40610,40611,40617,2024-07-23 15:00:00+00:00,2024-07-23 15:15:00+00:00,2024-07-23 16:45:00+00:00,5625.75,5603.5,-89.0,-92.0,-1.0,178.0,89.0,3.0,sl,6,30
futures,ES,reddit_orb_retest,reddit_orb_retest|ny|range=15|entry=150|rr=2|sl_atr=1|tp_atr=1.5|threshold=2|adx_max=none|adx_min=none|rsi2=none|trend=all|max_bars=24,long,40885,40886,40906,2024-07-26 14:45:00+00:00,2024-07-26 15:00:00+00:00,2024-07-26 20:00:00+00:00,5489.75,5500.25,42.0,39.0,0.47560975609756095,158.0,79.0,3.0,session_close,20,30
futures,ES,reddit_orb_retest,reddit_orb_retest|ny|range=15|entry=150|rr=2|sl_atr=1|tp_atr=1.5|threshold=2|adx_max=none|adx_min=none|rsi2=none|trend=all|max_bars=24,short,41067,41068,41074,2024-07-30 14:15:00+00:00,2024-07-30 14:30:00+00:00,2024-07-30 16:00:00+00:00,5503.5,5455.5,192.0,189.0,1.9090909090909092,192.0,96.0,3.0,tp,6,30
futures,ES,reddit_orb_retest,reddit_orb_retest|ny|range=15|entry=150|rr=2|sl_atr=1|tp_atr=1.5|threshold=2|adx_max=none|adx_min=none|rsi2=none|trend=all|max_bars=24,long,41436,41437,41458,2024-08-05 14:30:00+00:00,2024-08-05 14:45:00+00:00,2024-08-05 20:00:00+00:00,5205.75,5228.5,91.0,88.0,0.36363636363636365,478.0,239.0,3.0,session_close,21,30
futures,ES,reddit_orb_retest,reddit_orb_retest|ny|range=15|entry=150|rr=2|sl_atr=1|tp_atr=1.5|threshold=2|adx_max=none|adx_min=none|rsi2=none|trend=all|max_bars=24,long,41618,41619,41625,2024-08-07 14:00:00+00:00,2024-08-07 14:15:00+00:00,2024-08-07 15:45:00+00:00,5346.0,5323.25,-91.0,-94.0,-1.0,182.0,91.0,3.0,sl,6,30
futures,ES,reddit_orb_retest,reddit_orb_retest|ny|range=15|entry=150|rr=2|sl_atr=1|tp_atr=1.5|threshold=2|adx_max=none|adx_min=none|rsi2=none|trend=all|max_bars=24,long,41805,41806,41826,2024-08-09 14:45:00+00:00,2024-08-09 15:00:00+00:00,2024-08-09 20:00:00+00:00,5354.75,5367.75,52.0,49.0,0.5051546391752577,188.0,94.0,3.0,session_close,20,30
futures,ES,reddit_orb_retest,reddit_orb_retest|ny|range=15|entry=150|rr=2|sl_atr=1|tp_atr=1.5|threshold=2|adx_max=none|adx_min=none|rsi2=none|trend=all|max_bars=24,long,41989,41990,42010,2024-08-13 14:45:00+00:00,2024-08-13 15:00:00+00:00,2024-08-13 20:00:00+00:00,5421.75,5458.0,145.0,142.0,1.6904761904761905,162.0,81.0,3.0,session_close,20,30
futures,ES,reddit_orb_retest,reddit_orb_retest|ny|range=15|entry=150|rr=2|sl_atr=1|tp_atr=1.5|threshold=2|adx_max=none|adx_min=none|rsi2=none|trend=all|max_bars=24,short,42080,42081,42084,2024-08-14 14:30:00+00:00,2024-08-14 14:45:00+00:00,2024-08-14 15:30:00+00:00,5449.5,5470.25,-83.0,-86.0,-1.0,166.0,83.0,3.0,sl,3,30
futures,ES,reddit_orb_retest,reddit_orb_retest|ny|range=15|entry=150|rr=2|sl_atr=1|tp_atr=1.5|threshold=2|adx_max=none|adx_min=none|rsi2=none|trend=all|max_bars=24,long,42264,42265,42286,2024-08-16 14:30:00+00:00,2024-08-16 14:45:00+00:00,2024-08-16 20:00:00+00:00,5560.5,5581.0,82.0,79.0,1.4363636363636363,104.0,52.0,3.0,session_close,21,30
futures,ES,reddit_orb_retest,reddit_orb_retest|ny|range=15|entry=150|rr=2|sl_atr=1|tp_atr=1.5|threshold=2|adx_max=none|adx_min=none|rsi2=none|trend=all|max_bars=24,long,42539,42540,42541,2024-08-21 14:15:00+00:00,2024-08-21 14:30:00+00:00,2024-08-21 14:45:00+00:00,5635.5,5623.5,-48.0,-51.0,-1.0,96.0,48.0,3.0,sl,1,30
futures,ES,reddit_orb_retest,reddit_orb_retest|ny|range=15|entry=150|rr=2|sl_atr=1|tp_atr=1.5|threshold=2|adx_max=none|adx_min=none|rsi2=none|trend=all|max_bars=24,short,42630,42631,42644,2024-08-22 14:00:00+00:00,2024-08-22 14:15:00+00:00,2024-08-22 17:30:00+00:00,5642.75,5599.75,172.0,169.0,1.898876404494382,172.0,86.0,3.0,tp,13,30
futures,ES,reddit_orb_retest,reddit_orb_retest|ny|range=15|entry=150|rr=2|sl_atr=1|tp_atr=1.5|threshold=2|adx_max=none|adx_min=none|rsi2=none|trend=all|max_bars=24,long,42725,42726,42731,2024-08-23 14:45:00+00:00,2024-08-23 15:00:00+00:00,2024-08-23 16:15:00+00:00,5635.75,5614.25,-86.0,-89.0,-1.0,172.0,86.0,3.0,sl,5,30
futures,ES,reddit_orb_retest,reddit_orb_retest|ny|range=15|entry=150|rr=2|sl_atr=1|tp_atr=1.5|threshold=2|adx_max=none|adx_min=none|rsi2=none|trend=all|max_bars=24,long,42906,42907,42930,2024-08-27 14:00:00+00:00,2024-08-27 14:15:00+00:00,2024-08-27 20:00:00+00:00,5628.0,5644.5,66.0,63.0,0.9130434782608695,132.0,66.0,3.0,session_close,23,30
futures,ES,reddit_orb_retest,reddit_orb_retest|ny|range=15|entry=150|rr=2|sl_atr=1|tp_atr=1.5|threshold=2|adx_max=none|adx_min=none|rsi2=none|trend=all|max_bars=24,long,43090,43091,43108,2024-08-29 14:00:00+00:00,2024-08-29 14:15:00+00:00,2024-08-29 18:30:00+00:00,5638.75,5623.0,-63.0,-66.0,-1.0,126.0,63.0,3.0,sl,17,30
futures,ES,reddit_orb_retest,reddit_orb_retest|ny|range=15|entry=150|rr=2|sl_atr=1|tp_atr=1.5|threshold=2|adx_max=none|adx_min=none|rsi2=none|trend=all|max_bars=24,short,43186,43187,43203,2024-08-30 15:00:00+00:00,2024-08-30 15:15:00+00:00,2024-08-30 19:15:00+00:00,5625.0,5642.75,-71.0,-74.0,-1.0,142.0,71.0,3.0,sl,16,30
futures,ES,reddit_orb_retest,reddit_orb_retest|ny|range=15|entry=150|rr=2|sl_atr=1|tp_atr=1.5|threshold=2|adx_max=none|adx_min=none|rsi2=none|trend=all|max_bars=24,long,43443,43444,43461,2024-09-04 14:15:00+00:00,2024-09-04 14:30:00+00:00,2024-09-04 18:45:00+00:00,5546.0,5520.75,-101.0,-104.0,-1.0,202.0,101.0,3.0,sl,17,30
futures,ES,reddit_orb_retest,reddit_orb_retest|ny|range=15|entry=150|rr=2|sl_atr=1|tp_atr=1.5|threshold=2|adx_max=none|adx_min=none|rsi2=none|trend=all|max_bars=24,long,43536,43537,43537,2024-09-05 14:30:00+00:00,2024-09-05 14:45:00+00:00,2024-09-05 14:45:00+00:00,5541.0,5525.5,-62.0,-65.0,-1.0,124.0,62.0,3.0,sl,1,30
futures,ES,reddit_orb_retest,reddit_orb_retest|ny|range=15|entry=150|rr=2|sl_atr=1|tp_atr=1.5|threshold=2|adx_max=none|adx_min=none|rsi2=none|trend=all|max_bars=24,long,43718,43719,43720,2024-09-09 14:00:00+00:00,2024-09-09 14:15:00+00:00,2024-09-09 14:30:00+00:00,5476.5,5456.75,-79.0,-82.0,-1.0,158.0,79.0,3.0,sl,1,30
futures,ES,reddit_orb_retest,reddit_orb_retest|ny|range=15|entry=150|rr=2|sl_atr=1|tp_atr=1.5|threshold=2|adx_max=none|adx_min=none|rsi2=none|trend=all|max_bars=24,short,43997,43998,43998,2024-09-12 14:45:00+00:00,2024-09-12 15:00:00+00:00,2024-09-12 15:00:00+00:00,5557.0,5571.25,-57.0,-60.0,-1.0,114.0,57.0,3.0,sl,1,30
futures,ES,reddit_orb_retest,reddit_orb_retest|ny|range=15|entry=150|rr=2|sl_atr=1|tp_atr=1.5|threshold=2|adx_max=none|adx_min=none|rsi2=none|trend=all|max_bars=24,long,44086,44087,44110,2024-09-13 14:00:00+00:00,2024-09-13 14:15:00+00:00,2024-09-13 20:00:00+00:00,5623.25,5628.5,21.0,18.0,0.23684210526315788,146.0,73.0,3.0,session_close,23,30
futures,ES,reddit_orb_retest,reddit_orb_retest|ny|range=15|entry=150|rr=2|sl_atr=1|tp_atr=1.5|threshold=2|adx_max=none|adx_min=none|rsi2=none|trend=all|max_bars=24,long,44178,44179,44180,2024-09-16 14:00:00+00:00,2024-09-16 14:15:00+00:00,2024-09-16 14:30:00+00:00,5635.25,5618.25,-68.0,-71.0,-1.0,136.0,68.0,3.0,sl,1,30
futures,ES,reddit_orb_retest,reddit_orb_retest|ny|range=15|entry=150|rr=2|sl_atr=1|tp_atr=1.5|threshold=2|adx_max=none|adx_min=none|rsi2=none|trend=all|max_bars=24,long,44463,44464,44478,2024-09-19 16:15:00+00:00,2024-09-19 16:30:00+00:00,2024-09-19 20:00:00+00:00,5785.0,5772.75,-49.0,-52.0,-0.4727272727272727,214.0,107.0,3.0,session_close,14,30
futures,ES,reddit_orb_retest,reddit_orb_retest|ny|range=15|entry=150|rr=2|sl_atr=1|tp_atr=1.5|threshold=2|adx_max=none|adx_min=none|rsi2=none|trend=all|max_bars=24,short,44547,44548,44557,2024-09-20 14:15:00+00:00,2024-09-20 14:30:00+00:00,2024-09-20 16:45:00+00:00,5754.5,5767.25,-51.0,-54.0,-1.0,102.0,51.0,3.0,sl,9,30
futures,ES,reddit_orb_retest,reddit_orb_retest|ny|range=15|entry=150|rr=2|sl_atr=1|tp_atr=1.5|threshold=2|adx_max=none|adx_min=none|rsi2=none|trend=all|max_bars=24,long,44640,44641,44647,2024-09-23 14:30:00+00:00,2024-09-23 14:45:00+00:00,2024-09-23 16:15:00+00:00,5779.0,5766.25,-51.0,-54.0,-1.0,102.0,51.0,3.0,sl,6,30
futures,ES,reddit_orb_retest,reddit_orb_retest|ny|range=15|entry=150|rr=2|sl_atr=1|tp_atr=1.5|threshold=2|adx_max=none|adx_min=none|rsi2=none|trend=all|max_bars=24,short,44733,44734,44737,2024-09-24 14:45:00+00:00,2024-09-24 15:00:00+00:00,2024-09-24 15:45:00+00:00,5773.75,5785.25,-46.0,-49.0,-1.0,92.0,46.0,3.0,sl,3,30
futures,ES,reddit_orb_retest,reddit_orb_retest|ny|range=15|entry=150|rr=2|sl_atr=1|tp_atr=1.5|threshold=2|adx_max=none|adx_min=none|rsi2=none|trend=all|max_bars=24,short,44828,44829,44846,2024-09-25 15:30:00+00:00,2024-09-25 15:45:00+00:00,2024-09-25 20:00:00+00:00,5787.5,5784.25,13.0,10.0,0.2222222222222222,84.0,42.0,3.0,session_close,17,30
futures,ES,reddit_orb_retest,reddit_orb_retest|ny|range=15|entry=150|rr=2|sl_atr=1|tp_atr=1.5|threshold=2|adx_max=none|adx_min=none|rsi2=none|trend=all|max_bars=24,short,44915,44916,44938,2024-09-26 14:15:00+00:00,2024-09-26 14:30:00+00:00,2024-09-26 20:00:00+00:00,5806.0,5803.75,9.0,6.0,0.06818181818181818,170.0,85.0,3.0,session_close,22,30
futures,ES,reddit_orb_retest,reddit_orb_retest|ny|range=15|entry=150|rr=2|sl_atr=1|tp_atr=1.5|threshold=2|adx_max=none|adx_min=none|rsi2=none|trend=all|max_bars=24,long,45008,45009,45012,2024-09-27 14:30:00+00:00,2024-09-27 14:45:00+00:00,2024-09-27 15:30:00+00:00,5814.75,5806.25,-34.0,-37.0,-1.0,68.0,34.0,3.0,sl,3,30
futures,ES,reddit_orb_retest,reddit_orb_retest|ny|range=15|entry=150|rr=2|sl_atr=1|tp_atr=1.5|threshold=2|adx_max=none|adx_min=none|rsi2=none|trend=all|max_bars=24,long,45103,45104,45114,2024-09-30 15:15:00+00:00,2024-09-30 15:30:00+00:00,2024-09-30 18:00:00+00:00,5792.5,5780.0,-50.0,-53.0,-1.0,100.0,50.0,3.0,sl,10,30
futures,ES,reddit_orb_retest,reddit_orb_retest|ny|range=15|entry=150|rr=2|sl_atr=1|tp_atr=1.5|threshold=2|adx_max=none|adx_min=none|rsi2=none|trend=all|max_bars=24,long,45283,45284,45306,2024-10-02 14:15:00+00:00,2024-10-02 14:30:00+00:00,2024-10-02 20:00:00+00:00,5756.0,5765.75,39.0,36.0,0.27906976744186046,252.0,126.0,3.0,session_close,22,30
futures,ES,reddit_orb_retest,reddit_orb_retest|ny|range=15|entry=150|rr=2|sl_atr=1|tp_atr=1.5|threshold=2|adx_max=none|adx_min=none|rsi2=none|trend=all|max_bars=24,short,45377,45378,45380,2024-10-03 14:45:00+00:00,2024-10-03 15:00:00+00:00,2024-10-03 15:30:00+00:00,5738.0,5756.75,-75.0,-78.0,-1.0,150.0,75.0,3.0,sl,2,30
futures,ES,reddit_orb_retest,reddit_orb_retest|ny|range=15|entry=150|rr=2|sl_atr=1|tp_atr=1.5|threshold=2|adx_max=none|adx_min=none|rsi2=none|trend=all|max_bars=24,long,45651,45652,45672,2024-10-08 14:15:00+00:00,2024-10-08 14:30:00+00:00,2024-10-08 19:30:00+00:00,5777.5,5805.0,110.0,107.0,1.8448275862068966,110.0,55.0,3.0,tp,20,30
futures,ES,reddit_orb_retest,reddit_orb_retest|ny|range=15|entry=150|rr=2|sl_atr=1|tp_atr=1.5|threshold=2|adx_max=none|adx_min=none|rsi2=none|trend=all|max_bars=24,long,45743,45744,45764,2024-10-09 14:15:00+00:00,2024-10-09 14:30:00+00:00,2024-10-09 19:30:00+00:00,5810.0,5842.5,130.0,127.0,1.8676470588235294,130.0,65.0,3.0,tp,20,30
futures,ES,reddit_orb_retest,reddit_orb_retest|ny|range=15|entry=150|rr=2|sl_atr=1|tp_atr=1.5|threshold=2|adx_max=none|adx_min=none|rsi2=none|trend=all|max_bars=24,long,45838,45839,45849,2024-10-10 15:00:00+00:00,2024-10-10 15:15:00+00:00,2024-10-10 17:45:00+00:00,5830.75,5816.75,-56.0,-59.0,-1.0,112.0,56.0,3.0,sl,10,30
futures,ES,reddit_orb_retest,reddit_orb_retest|ny|range=15|entry=150|rr=2|sl_atr=1|tp_atr=1.5|threshold=2|adx_max=none|adx_min=none|rsi2=none|trend=all|max_bars=24,long,45926,45927,45950,2024-10-11 14:00:00+00:00,2024-10-11 14:15:00+00:00,2024-10-11 20:00:00+00:00,5855.0,5855.75,3.0,0.0,0.0,254.0,127.0,3.0,session_close,23,30
futures,ES,reddit_orb_retest,reddit_orb_retest|ny|range=15|entry=150|rr=2|sl_atr=1|tp_atr=1.5|threshold=2|adx_max=none|adx_min=none|rsi2=none|trend=all|max_bars=24,short,46110,46111,46112,2024-10-15 14:00:00+00:00,2024-10-15 14:15:00+00:00,2024-10-15 14:30:00+00:00,5903.75,5883.25,82.0,79.0,1.7954545454545454,82.0,41.0,3.0,tp,1,30
futures,ES,reddit_orb_retest,reddit_orb_retest|ny|range=15|entry=150|rr=2|sl_atr=1|tp_atr=1.5|threshold=2|adx_max=none|adx_min=none|rsi2=none|trend=all|max_bars=24,long,46205,46206,46219,2024-10-16 14:45:00+00:00,2024-10-16 15:00:00+00:00,2024-10-16 18:15:00+00:00,5865.0,5888.0,92.0,89.0,1.816326530612245,92.0,46.0,3.0,tp,13,30
futures,ES,reddit_orb_retest,reddit_orb_retest|ny|range=15|entry=150|rr=2|sl_atr=1|tp_atr=1.5|threshold=2|adx_max=none|adx_min=none|rsi2=none|trend=all|max_bars=24,long,46571,46572,46584,2024-10-22 14:15:00+00:00,2024-10-22 14:30:00+00:00,2024-10-22 17:30:00+00:00,5872.5,5893.0,82.0,79.0,1.7954545454545454,82.0,41.0,3.0,tp,12,30
futures,ES,reddit_orb_retest,reddit_orb_retest|ny|range=15|entry=150|rr=2|sl_atr=1|tp_atr=1.5|threshold=2|adx_max=none|adx_min=none|rsi2=none|trend=all|max_bars=24,short,46665,46666,46671,2024-10-23 14:45:00+00:00,2024-10-23 15:00:00+00:00,2024-10-23 16:15:00+00:00,5862.5,5838.0,98.0,95.0,1.8269230769230769,98.0,49.0,3.0,tp,5,30
futures,ES,reddit_orb_retest,reddit_orb_retest|ny|range=15|entry=150|rr=2|sl_atr=1|tp_atr=1.5|threshold=2|adx_max=none|adx_min=none|rsi2=none|trend=all|max_bars=24,short,46759,46760,46778,2024-10-24 15:15:00+00:00,2024-10-24 15:30:00+00:00,2024-10-24 20:00:00+00:00,5843.5,5855.25,-47.0,-50.0,-0.8333333333333334,114.0,57.0,3.0,session_close,18,30
futures,ES,reddit_orb_retest,reddit_orb_retest|ny|range=15|entry=150|rr=2|sl_atr=1|tp_atr=1.5|threshold=2|adx_max=none|adx_min=none|rsi2=none|trend=all|max_bars=24,short,46944,46945,46962,2024-10-28 15:30:00+00:00,2024-10-28 15:45:00+00:00,2024-10-28 20:00:00+00:00,5863.75,5862.5,5.0,2.0,0.028169014084507043,136.0,68.0,3.0,session_close,17,30
futures,ES,reddit_orb_retest,reddit_orb_retest|ny|range=15|entry=150|rr=2|sl_atr=1|tp_atr=1.5|threshold=2|adx_max=none|adx_min=none|rsi2=none|trend=all|max_bars=24,long,47400,47401,47404,2024-11-04 15:30:00+00:00,2024-11-04 15:45:00+00:00,2024-11-04 16:30:00+00:00,5765.75,5738.5,-109.0,-112.0,-1.0,218.0,109.0,3.0,sl,3,30
futures,ES,reddit_orb_retest,reddit_orb_retest|ny|range=15|entry=150|rr=2|sl_atr=1|tp_atr=1.5|threshold=2|adx_max=none|adx_min=none|rsi2=none|trend=all|max_bars=24,short,47582,47583,47593,2024-11-06 15:00:00+00:00,2024-11-06 15:15:00+00:00,2024-11-06 17:45:00+00:00,5921.5,5941.25,-79.0,-82.0,-1.0,158.0,79.0,3.0,sl,10,30
futures,ES,reddit_orb_retest,reddit_orb_retest|ny|range=15|entry=150|rr=2|sl_atr=1|tp_atr=1.5|threshold=2|adx_max=none|adx_min=none|rsi2=none|trend=all|max_bars=24,long,47674,47675,47695,2024-11-07 15:00:00+00:00,2024-11-07 15:15:00+00:00,2024-11-07 20:15:00+00:00,5988.0,6012.0,96.0,93.0,1.8235294117647058,96.0,48.0,3.0,tp,20,30
futures,ES,reddit_orb_retest,reddit_orb_retest|ny|range=15|entry=150|rr=2|sl_atr=1|tp_atr=1.5|threshold=2|adx_max=none|adx_min=none|rsi2=none|trend=all|max_bars=24,long,47767,47768,47784,2024-11-08 15:15:00+00:00,2024-11-08 15:30:00+00:00,2024-11-08 19:30:00+00:00,6016.0,6038.5,90.0,87.0,1.8125,90.0,45.0,3.0,tp,16,30
futures,ES,reddit_orb_retest,reddit_orb_retest|ny|range=15|entry=150|rr=2|sl_atr=1|tp_atr=1.5|threshold=2|adx_max=none|adx_min=none|rsi2=none|trend=all|max_bars=24,short,47860,47861,47871,2024-11-11 15:30:00+00:00,2024-11-11 15:45:00+00:00,2024-11-11 18:15:00+00:00,6035.5,6016.0,78.0,75.0,1.7857142857142858,78.0,39.0,3.0,tp,10,30
futures,ES,reddit_orb_retest,reddit_orb_retest|ny|range=15|entry=150|rr=2|sl_atr=1|tp_atr=1.5|threshold=2|adx_max=none|adx_min=none|rsi2=none|trend=all|max_bars=24,short,47952,47953,47974,2024-11-12 15:30:00+00:00,2024-11-12 15:45:00+00:00,2024-11-12 21:00:00+00:00,6019.0,6016.5,10.0,7.0,0.0958904109589041,140.0,70.0,3.0,session_close,21,30
futures,ES,reddit_orb_retest,reddit_orb_retest|ny|range=15|entry=150|rr=2|sl_atr=1|tp_atr=1.5|threshold=2|adx_max=none|adx_min=none|rsi2=none|trend=all|max_bars=24,short,48044,48045,48047,2024-11-13 15:30:00+00:00,2024-11-13 15:45:00+00:00,2024-11-13 16:15:00+00:00,6011.5,6019.75,-33.0,-36.0,-1.0,66.0,33.0,3.0,sl,2,30
futures,ES,reddit_orb_retest,reddit_orb_retest|ny|range=15|entry=150|rr=2|sl_atr=1|tp_atr=1.5|threshold=2|adx_max=none|adx_min=none|rsi2=none|trend=all|max_bars=24,short,48142,48143,48158,2024-11-14 17:00:00+00:00,2024-11-14 17:15:00+00:00,2024-11-14 21:00:00+00:00,5993.25,5964.75,114.0,111.0,0.9910714285714286,218.0,109.0,3.0,session_close,15,30
futures,ES,reddit_orb_retest,reddit_orb_retest|ny|range=15|entry=150|rr=2|sl_atr=1|tp_atr=1.5|threshold=2|adx_max=none|adx_min=none|rsi2=none|trend=all|max_bars=24,long,48689,48690,48710,2024-11-22 15:45:00+00:00,2024-11-22 16:00:00+00:00,2024-11-22 21:00:00+00:00,5989.75,5987.5,-9.0,-12.0,-0.1276595744680851,182.0,91.0,3.0,session_close,20,30
futures,ES,reddit_orb_retest,reddit_orb_retest|ny|range=15|entry=150|rr=2|sl_atr=1|tp_atr=1.5|threshold=2|adx_max=none|adx_min=none|rsi2=none|trend=all|max_bars=24,long,48876,48877,48894,2024-11-26 16:30:00+00:00,2024-11-26 16:45:00+00:00,2024-11-26 21:00:00+00:00,6026.0,6042.0,64.0,61.0,1.3555555555555556,84.0,42.0,3.0,session_close,17,30
futures,ES,reddit_orb_retest,reddit_orb_retest|ny|range=15|entry=150|rr=2|sl_atr=1|tp_atr=1.5|threshold=2|adx_max=none|adx_min=none|rsi2=none|trend=all|max_bars=24,short,48963,48964,48986,2024-11-27 15:15:00+00:00,2024-11-27 15:30:00+00:00,2024-11-27 21:00:00+00:00,6022.0,6015.25,27.0,24.0,0.38095238095238093,120.0,60.0,3.0,session_close,22,30
futures,ES,reddit_orb_retest,reddit_orb_retest|ny|range=15|entry=150|rr=2|sl_atr=1|tp_atr=1.5|threshold=2|adx_max=none|adx_min=none|rsi2=none|trend=all|max_bars=24,long,49054,49055,49066,2024-11-28 15:00:00+00:00,2024-11-28 15:15:00+00:00,2024-11-28 23:00:00+00:00,6028.5,6027.25,-5.0,-8.0,-0.4444444444444444,30.0,15.0,3.0,session_close,11,30
futures,ES,reddit_orb_retest,reddit_orb_retest|ny|range=15|entry=150|rr=2|sl_atr=1|tp_atr=1.5|threshold=2|adx_max=none|adx_min=none|rsi2=none|trend=all|max_bars=24,short,49301,49302,49311,2024-12-03 15:30:00+00:00,2024-12-03 15:45:00+00:00,2024-12-03 18:00:00+00:00,6050.5,6062.0,-46.0,-49.0,-1.0,92.0,46.0,3.0,sl,9,30
futures,ES,reddit_orb_retest,reddit_orb_retest|ny|range=15|entry=150|rr=2|sl_atr=1|tp_atr=1.5|threshold=2|adx_max=none|adx_min=none|rsi2=none|trend=all|max_bars=24,long,49578,49579,49583,2024-12-06 15:45:00+00:00,2024-12-06 16:00:00+00:00,2024-12-06 17:00:00+00:00,6106.75,6093.5,-53.0,-56.0,-1.0,106.0,53.0,3.0,sl,4,30
futures,ES,reddit_orb_retest,reddit_orb_retest|ny|range=15|entry=150|rr=2|sl_atr=1|tp_atr=1.5|threshold=2|adx_max=none|adx_min=none|rsi2=none|trend=all|max_bars=24,short,49950,49951,49951,2024-12-12 16:45:00+00:00,2024-12-12 17:00:00+00:00,2024-12-12 17:00:00+00:00,6074.0,6082.5,-34.0,-37.0,-1.0,68.0,34.0,3.0,sl,1,30
futures,ES,reddit_orb_retest,reddit_orb_retest|ny|range=15|entry=150|rr=2|sl_atr=1|tp_atr=1.5|threshold=2|adx_max=none|adx_min=none|rsi2=none|trend=all|max_bars=24,long,50129,50130,50151,2024-12-16 15:30:00+00:00,2024-12-16 15:45:00+00:00,2024-12-16 21:00:00+00:00,6081.25,6076.0,-21.0,-24.0,-0.46153846153846156,98.0,49.0,3.0,session_close,21,30
futures,ES,reddit_orb_retest,reddit_orb_retest|ny|range=15|entry=150|rr=2|sl_atr=1|tp_atr=1.5|threshold=2|adx_max=none|adx_min=none|rsi2=none|trend=all|max_bars=24,short,50220,50221,50223,2024-12-17 15:15:00+00:00,2024-12-17 15:30:00+00:00,2024-12-17 16:00:00+00:00,6043.25,6057.25,-56.0,-59.0,-1.0,112.0,56.0,3.0,sl,2,30
futures,ES,reddit_orb_retest,reddit_orb_retest|ny|range=15|entry=150|rr=2|sl_atr=1|tp_atr=1.5|threshold=2|adx_max=none|adx_min=none|rsi2=none|trend=all|max_bars=24,short,50404,50405,50427,2024-12-19 15:15:00+00:00,2024-12-19 15:30:00+00:00,2024-12-19 21:00:00+00:00,5961.0,5932.5,114.0,111.0,0.6166666666666667,354.0,177.0,3.0,session_close,22,30
futures,ES,reddit_orb_retest,reddit_orb_retest|ny|range=15|entry=150|rr=2|sl_atr=1|tp_atr=1.5|threshold=2|adx_max=none|adx_min=none|rsi2=none|trend=all|max_bars=24,long,50496,50497,50519,2024-12-20 15:15:00+00:00,2024-12-20 15:30:00+00:00,2024-12-20 21:00:00+00:00,5959.5,6000.5,164.0,161.0,0.6736401673640168,472.0,236.0,3.0,session_close,22,30
futures,ES,reddit_orb_retest,reddit_orb_retest|ny|range=15|entry=150|rr=2|sl_atr=1|tp_atr=1.5|threshold=2|adx_max=none|adx_min=none|rsi2=none|trend=all|max_bars=24,short,50587,50588,50594,2024-12-23 15:00:00+00:00,2024-12-23 15:15:00+00:00,2024-12-23 16:45:00+00:00,5976.75,6008.25,-126.0,-129.0,-1.0,252.0,126.0,3.0,sl,6,30
futures,ES,reddit_orb_retest,reddit_orb_retest|ny|range=15|entry=150|rr=2|sl_atr=1|tp_atr=1.5|threshold=2|adx_max=none|adx_min=none|rsi2=none|trend=all|max_bars=24,short,50941,50942,50945,2024-12-30 15:15:00+00:00,2024-12-30 15:30:00+00:00,2024-12-30 16:15:00+00:00,5922.25,5955.75,-134.0,-137.0,-1.0,268.0,134.0,3.0,sl,3,30
futures,ES,reddit_orb_retest,reddit_orb_retest|ny|range=15|entry=150|rr=2|sl_atr=1|tp_atr=1.5|threshold=2|adx_max=none|adx_min=none|rsi2=none|trend=all|max_bars=24,long,51308,51309,51323,2025-01-06 15:00:00+00:00,2025-01-06 15:15:00+00:00,2025-01-06 18:45:00+00:00,6058.0,6028.75,-117.0,-120.0,-1.0,234.0,117.0,3.0,sl,14,30
futures,ES,reddit_orb_retest,reddit_orb_retest|ny|range=15|entry=150|rr=2|sl_atr=1|tp_atr=1.5|threshold=2|adx_max=none|adx_min=none|rsi2=none|trend=all|max_bars=24,short,51493,51494,51498,2025-01-08 15:15:00+00:00,2025-01-08 15:30:00+00:00,2025-01-08 16:30:00+00:00,5930.5,5954.0,-94.0,-97.0,-1.0,188.0,94.0,3.0,sl,4,30
futures,ES,reddit_orb_retest,reddit_orb_retest|ny|range=15|entry=150|rr=2|sl_atr=1|tp_atr=1.5|threshold=2|adx_max=none|adx_min=none|rsi2=none|trend=all|max_bars=24,long,51740,51741,51762,2025-01-13 15:30:00+00:00,2025-01-13 15:45:00+00:00,2025-01-13 21:00:00+00:00,5846.75,5878.0,125.0,122.0,0.8840579710144928,270.0,135.0,3.0,session_close,21,30
futures,ES,reddit_orb_retest,reddit_orb_retest|ny|range=15|entry=150|rr=2|sl_atr=1|tp_atr=1.5|threshold=2|adx_max=none|adx_min=none|rsi2=none|trend=all|max_bars=24,short,51831,51832,51836,2025-01-14 15:15:00+00:00,2025-01-14 15:30:00+00:00,2025-01-14 16:30:00+00:00,5891.25,5854.25,148.0,145.0,1.8831168831168832,148.0,74.0,3.0,tp,4,30
futures,ES,reddit_orb_retest,reddit_orb_retest|ny|range=15|entry=150|rr=2|sl_atr=1|tp_atr=1.5|threshold=2|adx_max=none|adx_min=none|rsi2=none|trend=all|max_bars=24,long,51926,51927,51946,2025-01-15 16:00:00+00:00,2025-01-15 16:15:00+00:00,2025-01-15 21:00:00+00:00,5976.75,5986.25,38.0,35.0,0.35,194.0,97.0,3.0,session_close,19,30
futures,ES,reddit_orb_retest,reddit_orb_retest|ny|range=15|entry=150|rr=2|sl_atr=1|tp_atr=1.5|threshold=2|adx_max=none|adx_min=none|rsi2=none|trend=all|max_bars=24,short,52014,52015,52018,2025-01-16 15:00:00+00:00,2025-01-16 15:15:00+00:00,2025-01-16 16:00:00+00:00,5979.75,6003.0,-93.0,-96.0,-1.0,186.0,93.0,3.0,sl,3,30
futures,ES,reddit_orb_retest,reddit_orb_retest|ny|range=15|entry=150|rr=2|sl_atr=1|tp_atr=1.5|threshold=2|adx_max=none|adx_min=none|rsi2=none|trend=all|max_bars=24,long,52366,52367,52390,2025-01-22 15:00:00+00:00,2025-01-22 15:15:00+00:00,2025-01-22 21:00:00+00:00,6124.5,6118.75,-23.0,-26.0,-0.4642857142857143,106.0,53.0,3.0,session_close,23,30
futures,ES,reddit_orb_retest,reddit_orb_retest|ny|range=15|entry=150|rr=2|sl_atr=1|tp_atr=1.5|threshold=2|adx_max=none|adx_min=none|rsi2=none|trend=all|max_bars=24,short,52551,52552,52565,2025-01-24 15:15:00+00:00,2025-01-24 15:30:00+00:00,2025-01-24 18:45:00+00:00,6147.5,6126.5,84.0,81.0,1.8,84.0,42.0,3.0,tp,13,30
futures,ES,reddit_orb_retest,reddit_orb_retest|ny|range=15|entry=150|rr=2|sl_atr=1|tp_atr=1.5|threshold=2|adx_max=none|adx_min=none|rsi2=none|trend=all|max_bars=24,long,52643,52644,52666,2025-01-27 15:15:00+00:00,2025-01-27 15:30:00+00:00,2025-01-27 21:00:00+00:00,6041.0,6050.25,37.0,34.0,0.18888888888888888,354.0,177.0,3.0,session_close,22,30
futures,ES,reddit_orb_retest,reddit_orb_retest|ny|range=15|entry=150|rr=2|sl_atr=1|tp_atr=1.5|threshold=2|adx_max=none|adx_min=none|rsi2=none|trend=all|max_bars=24,short,53286,53287,53290,2025-02-05 15:00:00+00:00,2025-02-05 15:15:00+00:00,2025-02-05 16:00:00+00:00,6043.5,6055.5,-48.0,-51.0,-1.0,96.0,48.0,3.0,sl,3,30
futures,ES,reddit_orb_retest,reddit_orb_retest|ny|range=15|entry=150|rr=2|sl_atr=1|tp_atr=1.5|threshold=2|adx_max=none|adx_min=none|rsi2=none|trend=all|max_bars=24,short,53380,53381,53401,2025-02-06 15:30:00+00:00,2025-02-06 15:45:00+00:00,2025-02-06 20:45:00+00:00,6091.0,6104.5,-54.0,-57.0,-1.0,108.0,54.0,3.0,sl,20,30
futures,ES,reddit_orb_retest,reddit_orb_retest|ny|range=15|entry=150|rr=2|sl_atr=1|tp_atr=1.5|threshold=2|adx_max=none|adx_min=none|rsi2=none|trend=all|max_bars=24,long,53563,53564,53586,2025-02-10 15:15:00+00:00,2025-02-10 15:30:00+00:00,2025-02-10 21:00:00+00:00,6088.5,6084.0,-18.0,-21.0,-0.2441860465116279,166.0,83.0,3.0,session_close,22,30
futures,ES,reddit_orb_retest,reddit_orb_retest|ny|range=15|entry=150|rr=2|sl_atr=1|tp_atr=1.5|threshold=2|adx_max=none|adx_min=none|rsi2=none|trend=all|max_bars=24,long,53663,53664,53678,2025-02-11 17:15:00+00:00,2025-02-11 17:30:00+00:00,2025-02-11 21:00:00+00:00,6083.0,6092.25,37.0,34.0,0.43037974683544306,152.0,76.0,3.0,session_close,14,30
futures,ES,reddit_orb_retest,reddit_orb_retest|ny|range=15|entry=150|rr=2|sl_atr=1|tp_atr=1.5|threshold=2|adx_max=none|adx_min=none|rsi2=none|trend=all|max_bars=24,long,53747,53748,53770,2025-02-12 15:15:00+00:00,2025-02-12 15:30:00+00:00,2025-02-12 21:00:00+00:00,6053.25,6073.5,81.0,78.0,0.6446280991735537,236.0,118.0,3.0,session_close,22,30
futures,ES,reddit_orb_retest,reddit_orb_retest|ny|range=15|entry=150|rr=2|sl_atr=1|tp_atr=1.5|threshold=2|adx_max=none|adx_min=none|rsi2=none|trend=all|max_bars=24,long,54031,54032,54034,2025-02-17 17:15:00+00:00,2025-02-17 17:30:00+00:00,2025-02-17 23:00:00+00:00,6144.75,6141.0,-15.0,-18.0,-0.4864864864864865,68.0,34.0,3.0,session_close,2,30
futures,ES,reddit_orb_retest,reddit_orb_retest|ny|range=15|entry=150|rr=2|sl_atr=1|tp_atr=1.5|threshold=2|adx_max=none|adx_min=none|rsi2=none|trend=all|max_bars=24,short,54107,54108,54121,2025-02-18 17:15:00+00:00,2025-02-18 17:30:00+00:00,2025-02-18 20:45:00+00:00,6134.75,6144.5,-39.0,-42.0,-1.0,78.0,39.0,3.0,sl,13,30
futures,ES,reddit_orb_retest,reddit_orb_retest|ny|range=15|entry=150|rr=2|sl_atr=1|tp_atr=1.5|threshold=2|adx_max=none|adx_min=none|rsi2=none|trend=all|max_bars=24,short,54745,54746,54766,2025-02-27 15:45:00+00:00,2025-02-27 16:00:00+00:00,2025-02-27 21:00:00+00:00,5961.25,5879.25,328.0,325.0,1.7379679144385027,368.0,184.0,3.0,session_close,20,30
futures,ES,reddit_orb_retest,reddit_orb_retest|ny|range=15|entry=150|rr=2|sl_atr=1|tp_atr=1.5|threshold=2|adx_max=none|adx_min=none|rsi2=none|trend=all|max_bars=24,long,54835,54836,54847,2025-02-28 15:15:00+00:00,2025-02-28 15:30:00+00:00,2025-02-28 18:15:00+00:00,5907.25,5857.0,-201.0,-204.0,-1.0,402.0,201.0,3.0,sl,11,30
futures,ES,reddit_orb_retest,reddit_orb_retest|ny|range=15|entry=150|rr=2|sl_atr=1|tp_atr=1.5|threshold=2|adx_max=none|adx_min=none|rsi2=none|trend=all|max_bars=24,short,54929,54930,54946,2025-03-03 15:45:00+00:00,2025-03-03 16:00:00+00:00,2025-03-03 20:00:00+00:00,5947.25,5847.75,398.0,395.0,1.9554455445544554,398.0,199.0,3.0,tp,16,30
futures,ES,reddit_orb_retest,reddit_orb_retest|ny|range=15|entry=150|rr=2|sl_atr=1|tp_atr=1.5|threshold=2|adx_max=none|adx_min=none|rsi2=none|trend=all|max_bars=24,short,55111,55112,55120,2025-03-05 15:15:00+00:00,2025-03-05 15:30:00+00:00,2025-03-05 17:30:00+00:00,5779.25,5812.75,-134.0,-137.0,-1.0,268.0,134.0,3.0,sl,8,30
futures,ES,reddit_orb_retest,reddit_orb_retest|ny|range=15|entry=150|rr=2|sl_atr=1|tp_atr=1.5|threshold=2|adx_max=none|adx_min=none|rsi2=none|trend=all|max_bars=24,short,55298,55299,55308,2025-03-07 16:00:00+00:00,2025-03-07 16:15:00+00:00,2025-03-07 18:30:00+00:00,5720.25,5765.25,-180.0,-183.0,-1.0,360.0,180.0,3.0,sl,9,30
futures,ES,reddit_orb_retest,reddit_orb_retest|ny|range=15|entry=150|rr=2|sl_atr=1|tp_atr=1.5|threshold=2|adx_max=none|adx_min=none|rsi2=none|trend=all|max_bars=24,short,55392,55393,55410,2025-03-10 15:30:00+00:00,2025-03-10 15:45:00+00:00,2025-03-10 20:00:00+00:00,5655.75,5625.5,121.0,118.0,0.5244444444444445,444.0,222.0,3.0,session_close,17,30
futures,ES,reddit_orb_retest,reddit_orb_retest|ny|range=15|entry=150|rr=2|sl_atr=1|tp_atr=1.5|threshold=2|adx_max=none|adx_min=none|rsi2=none|trend=all|max_bars=24,short,55479,55480,55496,2025-03-11 14:15:00+00:00,2025-03-11 14:30:00+00:00,2025-03-11 18:30:00+00:00,5574.25,5624.5,-201.0,-204.0,-1.0,402.0,201.0,3.0,sl,16,30
futures,ES,reddit_orb_retest,reddit_orb_retest|ny|range=15|entry=150|rr=2|sl_atr=1|tp_atr=1.5|threshold=2|adx_max=none|adx_min=none|rsi2=none|trend=all|max_bars=24,short,55570,55571,55594,2025-03-12 14:00:00+00:00,2025-03-12 14:15:00+00:00,2025-03-12 20:00:00+00:00,5607.5,5597.25,41.0,38.0,0.24836601307189543,300.0,150.0,3.0,session_close,23,30
futures,ES,reddit_orb_retest,reddit_orb_retest|ny|range=15|entry=150|rr=2|sl_atr=1|tp_atr=1.5|threshold=2|adx_max=none|adx_min=none|rsi2=none|trend=all|max_bars=24,short,55664,55665,55673,2025-03-13 14:30:00+00:00,2025-03-13 14:45:00+00:00,2025-03-13 16:45:00+00:00,5576.25,5528.75,190.0,187.0,1.9081632653061225,190.0,95.0,3.0,tp,8,30
futures,ES,reddit_orb_retest,reddit_orb_retest|ny|range=15|entry=150|rr=2|sl_atr=1|tp_atr=1.5|threshold=2|adx_max=none|adx_min=none|rsi2=none|trend=all|max_bars=24,long,55756,55757,55778,2025-03-14 14:30:00+00:00,2025-03-14 14:45:00+00:00,2025-03-14 20:00:00+00:00,5598.0,5626.5,114.0,111.0,0.9173553719008265,236.0,118.0,3.0,session_close,21,30
futures,ES,reddit_orb_retest,reddit_orb_retest|ny|range=15|entry=150|rr=2|sl_atr=1|tp_atr=1.5|threshold=2|adx_max=none|adx_min=none|rsi2=none|trend=all|max_bars=24,long,56222,56223,56238,2025-03-21 16:00:00+00:00,2025-03-21 16:15:00+00:00,2025-03-21 20:00:00+00:00,5685.75,5718.75,132.0,129.0,0.9772727272727273,258.0,129.0,3.0,session_close,15,30
futures,ES,reddit_orb_retest,reddit_orb_retest|ny|range=15|entry=150|rr=2|sl_atr=1|tp_atr=1.5|threshold=2|adx_max=none|adx_min=none|rsi2=none|trend=all|max_bars=24,long,56400,56401,56408,2025-03-25 14:30:00+00:00,2025-03-25 14:45:00+00:00,2025-03-25 16:30:00+00:00,5835.25,5815.5,-79.0,-82.0,-1.0,158.0,79.0,3.0,sl,7,30
futures,ES,reddit_orb_retest,reddit_orb_retest|ny|range=15|entry=150|rr=2|sl_atr=1|tp_atr=1.5|threshold=2|adx_max=none|adx_min=none|rsi2=none|trend=all|max_bars=24,long,56582,56583,56606,2025-03-27 14:00:00+00:00,2025-03-27 14:15:00+00:00,2025-03-27 20:00:00+00:00,5759.75,5743.0,-67.0,-70.0,-0.43209876543209874,318.0,159.0,3.0,session_close,23,30
futures,ES,reddit_orb_retest,reddit_orb_retest|ny|range=15|entry=150|rr=2|sl_atr=1|tp_atr=1.5|threshold=2|adx_max=none|adx_min=none|rsi2=none|trend=all|max_bars=24,long,56768,56769,56784,2025-03-31 14:30:00+00:00,2025-03-31 14:45:00+00:00,2025-03-31 18:30:00+00:00,5573.75,5643.75,280.0,277.0,1.937062937062937,280.0,140.0,3.0,tp,15,30
futures,ES,reddit_orb_retest,reddit_orb_retest|ny|range=15|entry=150|rr=2|sl_atr=1|tp_atr=1.5|threshold=2|adx_max=none|adx_min=none|rsi2=none|trend=all|max_bars=24,short,57042,57043,57066,2025-04-03 14:00:00+00:00,2025-04-03 14:15:00+00:00,2025-04-03 20:00:00+00:00,5486.75,5434.0,211.0,208.0,0.9541284403669725,430.0,215.0,3.0,session_close,23,30
futures,ES,reddit_orb_retest,reddit_orb_retest|ny|range=15|entry=150|rr=2|sl_atr=1|tp_atr=1.5|threshold=2|adx_max=none|adx_min=none|rsi2=none|trend=all|max_bars=24,short,57135,57136,57158,2025-04-04 14:15:00+00:00,2025-04-04 14:30:00+00:00,2025-04-04 20:00:00+00:00,5216.75,5105.25,446.0,443.0,1.1243654822335025,782.0,391.0,3.0,session_close,22,30
futures,ES,reddit_orb_retest,reddit_orb_retest|ny|range=15|entry=150|rr=2|sl_atr=1|tp_atr=1.5|threshold=2|adx_max=none|adx_min=none|rsi2=none|trend=all|max_bars=24,long,57318,57319,57322,2025-04-08 14:00:00+00:00,2025-04-08 14:15:00+00:00,2025-04-08 15:00:00+00:00,5291.75,5231.0,-243.0,-246.0,-1.0,486.0,243.0,3.0,sl,3,30
futures,ES,reddit_orb_retest,reddit_orb_retest|ny|range=15|entry=150|rr=2|sl_atr=1|tp_atr=1.5|threshold=2|adx_max=none|adx_min=none|rsi2=none|trend=all|max_bars=24,short,57503,57504,57510,2025-04-10 14:15:00+00:00,2025-04-10 14:30:00+00:00,2025-04-10 16:00:00+00:00,5334.5,5225.5,436.0,433.0,1.9592760180995474,436.0,218.0,3.0,tp,6,30
futures,ES,reddit_orb_retest,reddit_orb_retest|ny|range=15|entry=150|rr=2|sl_atr=1|tp_atr=1.5|threshold=2|adx_max=none|adx_min=none|rsi2=none|trend=all|max_bars=24,long,57594,57595,57595,2025-04-11 14:00:00+00:00,2025-04-11 14:15:00+00:00,2025-04-11 14:15:00+00:00,5314.0,5262.25,-207.0,-210.0,-1.0,414.0,207.0,3.0,sl,1,30
futures,ES,reddit_orb_retest,reddit_orb_retest|ny|range=15|entry=150|rr=2|sl_atr=1|tp_atr=1.5|threshold=2|adx_max=none|adx_min=none|rsi2=none|trend=all|max_bars=24,short,58423,58424,58431,2025-04-25 14:15:00+00:00,2025-04-25 14:30:00+00:00,2025-04-25 16:15:00+00:00,5489.25,5524.75,-142.0,-145.0,-1.0,284.0,142.0,3.0,sl,7,30
futures,ES,reddit_orb_retest,reddit_orb_retest|ny|range=15|entry=150|rr=2|sl_atr=1|tp_atr=1.5|threshold=2|adx_max=none|adx_min=none|rsi2=none|trend=all|max_bars=24,short,58514,58515,58523,2025-04-28 14:00:00+00:00,2025-04-28 14:15:00+00:00,2025-04-28 16:15:00+00:00,5550.75,5499.75,204.0,201.0,1.9142857142857144,204.0,102.0,3.0,tp,8,30
futures,ES,reddit_orb_retest,reddit_orb_retest|ny|range=15|entry=150|rr=2|sl_atr=1|tp_atr=1.5|threshold=2|adx_max=none|adx_min=none|rsi2=none|trend=all|max_bars=24,long,58606,58607,58630,2025-04-29 14:00:00+00:00,2025-04-29 14:15:00+00:00,2025-04-29 20:00:00+00:00,5560.75,5586.0,101.0,98.0,0.725925925925926,264.0,132.0,3.0,session_close,23,30
futures,ES,reddit_orb_retest,reddit_orb_retest|ny|range=15|entry=150|rr=2|sl_atr=1|tp_atr=1.5|threshold=2|adx_max=none|adx_min=none|rsi2=none|trend=all|max_bars=24,long,58976,58977,58998,2025-05-05 14:30:00+00:00,2025-05-05 14:45:00+00:00,2025-05-05 20:00:00+00:00,5683.5,5668.5,-60.0,-63.0,-0.5779816513761468,212.0,106.0,3.0,session_close,21,30
futures,ES,reddit_orb_retest,reddit_orb_retest|ny|range=15|entry=150|rr=2|sl_atr=1|tp_atr=1.5|threshold=2|adx_max=none|adx_min=none|rsi2=none|trend=all|max_bars=24,long,59158,59159,59161,2025-05-07 14:00:00+00:00,2025-05-07 14:15:00+00:00,2025-05-07 14:45:00+00:00,5651.5,5631.25,-81.0,-84.0,-1.0,162.0,81.0,3.0,sl,2,30
futures,ES,reddit_orb_retest,reddit_orb_retest|ny|range=15|entry=150|rr=2|sl_atr=1|tp_atr=1.5|threshold=2|adx_max=none|adx_min=none|rsi2=none|trend=all|max_bars=24,short,59252,59253,59255,2025-05-08 14:30:00+00:00,2025-05-08 14:45:00+00:00,2025-05-08 15:15:00+00:00,5675.75,5693.25,-70.0,-73.0,-1.0,140.0,70.0,3.0,sl,2,30
futures,ES,reddit_orb_retest,reddit_orb_retest|ny|range=15|entry=150|rr=2|sl_atr=1|tp_atr=1.5|threshold=2|adx_max=none|adx_min=none|rsi2=none|trend=all|max_bars=24,short,59441,59442,59446,2025-05-12 15:45:00+00:00,2025-05-12 16:00:00+00:00,2025-05-12 17:00:00+00:00,5817.75,5852.75,-140.0,-143.0,-1.0,280.0,140.0,3.0,sl,4,30
futures,ES,reddit_orb_retest,reddit_orb_retest|ny|range=15|entry=150|rr=2|sl_atr=1|tp_atr=1.5|threshold=2|adx_max=none|adx_min=none|rsi2=none|trend=all|max_bars=24,short,59618,59619,59642,2025-05-14 14:00:00+00:00,2025-05-14 14:15:00+00:00,2025-05-14 20:00:00+00:00,5907.0,5910.25,-13.0,-16.0,-0.21333333333333335,144.0,72.0,3.0,session_close,23,30
futures,ES,reddit_orb_retest,reddit_orb_retest|ny|range=15|entry=150|rr=2|sl_atr=1|tp_atr=1.5|threshold=2|adx_max=none|adx_min=none|rsi2=none|trend=all|max_bars=24,long,60176,60177,60194,2025-05-22 15:30:00+00:00,2025-05-22 15:45:00+00:00,2025-05-22 20:00:00+00:00,5868.0,5859.0,-36.0,-39.0,-0.375,202.0,101.0,3.0,session_close,17,30
futures,ES,reddit_orb_retest,reddit_orb_retest|ny|range=15|entry=150|rr=2|sl_atr=1|tp_atr=1.5|threshold=2|adx_max=none|adx_min=none|rsi2=none|trend=all|max_bars=24,long,60264,60265,60286,2025-05-23 14:30:00+00:00,2025-05-23 14:45:00+00:00,2025-05-23 20:00:00+00:00,5809.5,5811.75,9.0,6.0,0.05042016806722689,232.0,116.0,3.0,session_close,21,30
futures,ES,reddit_orb_retest,reddit_orb_retest|ny|range=15|entry=150|rr=2|sl_atr=1|tp_atr=1.5|threshold=2|adx_max=none|adx_min=none|rsi2=none|trend=all|max_bars=24,short,60617,60618,60622,2025-05-29 14:45:00+00:00,2025-05-29 15:00:00+00:00,2025-05-29 16:00:00+00:00,5932.75,5885.75,188.0,185.0,1.907216494845361,188.0,94.0,3.0,tp,4,30
futures,ES,reddit_orb_retest,reddit_orb_retest|ny|range=15|entry=150|rr=2|sl_atr=1|tp_atr=1.5|threshold=2|adx_max=none|adx_min=none|rsi2=none|trend=all|max_bars=24,long,60892,60893,60903,2025-06-03 14:30:00+00:00,2025-06-03 14:45:00+00:00,2025-06-03 17:15:00+00:00,5957.25,5990.75,134.0,131.0,1.8714285714285714,134.0,67.0,3.0,tp,10,30
futures,ES,reddit_orb_retest,reddit_orb_retest|ny|range=15|entry=150|rr=2|sl_atr=1|tp_atr=1.5|threshold=2|adx_max=none|adx_min=none|rsi2=none|trend=all|max_bars=24,short,60990,60991,60998,2025-06-04 16:00:00+00:00,2025-06-04 16:15:00+00:00,2025-06-04 18:00:00+00:00,5978.0,5998.75,-83.0,-86.0,-1.0,166.0,83.0,3.0,sl,7,30
futures,ES,reddit_orb_retest,reddit_orb_retest|ny|range=15|entry=150|rr=2|sl_atr=1|tp_atr=1.5|threshold=2|adx_max=none|adx_min=none|rsi2=none|trend=all|max_bars=24,short,61074,61075,61079,2025-06-05 14:00:00+00:00,2025-06-05 14:15:00+00:00,2025-06-05 15:15:00+00:00,5965.0,5997.75,-131.0,-134.0,-1.0,262.0,131.0,3.0,sl,4,30
futures,ES,reddit_orb_retest,reddit_orb_retest|ny|range=15|entry=150|rr=2|sl_atr=1|tp_atr=1.5|threshold=2|adx_max=none|adx_min=none|rsi2=none|trend=all|max_bars=24,long,61354,61355,61356,2025-06-10 15:00:00+00:00,2025-06-10 15:15:00+00:00,2025-06-10 15:30:00+00:00,6026.25,6015.75,-42.0,-45.0,-1.0,84.0,42.0,3.0,sl,1,30
futures,ES,reddit_orb_retest,reddit_orb_retest|ny|range=15|entry=150|rr=2|sl_atr=1|tp_atr=1.5|threshold=2|adx_max=none|adx_min=none|rsi2=none|trend=all|max_bars=24,long,61446,61447,61450,2025-06-11 15:00:00+00:00,2025-06-11 15:15:00+00:00,2025-06-11 16:00:00+00:00,6057.0,6041.25,-63.0,-66.0,-1.0,126.0,63.0,3.0,sl,3,30
futures,ES,reddit_orb_retest,reddit_orb_retest|ny|range=15|entry=150|rr=2|sl_atr=1|tp_atr=1.5|threshold=2|adx_max=none|adx_min=none|rsi2=none|trend=all|max_bars=24,short,61626,61627,61631,2025-06-13 14:00:00+00:00,2025-06-13 14:15:00+00:00,2025-06-13 15:15:00+00:00,5990.75,6014.75,-96.0,-99.0,-1.0,192.0,96.0,3.0,sl,4,30
futures,ES,reddit_orb_retest,reddit_orb_retest|ny|range=15|entry=150|rr=2|sl_atr=1|tp_atr=1.5|threshold=2|adx_max=none|adx_min=none|rsi2=none|trend=all|max_bars=24,long,61814,61815,61821,2025-06-17 15:00:00+00:00,2025-06-17 15:15:00+00:00,2025-06-17 16:45:00+00:00,6026.5,6007.0,-78.0,-81.0,-1.0,156.0,78.0,3.0,sl,6,30
futures,ES,reddit_orb_retest,reddit_orb_retest|ny|range=15|entry=150|rr=2|sl_atr=1|tp_atr=1.5|threshold=2|adx_max=none|adx_min=none|rsi2=none|trend=all|max_bars=24,short,61994,61995,62006,2025-06-19 14:00:00+00:00,2025-06-19 14:15:00+00:00,2025-06-19 22:00:00+00:00,5983.25,6006.0,-91.0,-94.0,-1.4029850746268657,128.0,64.0,3.0,session_close,11,30
futures,ES,reddit_orb_retest,reddit_orb_retest|ny|range=15|entry=150|rr=2|sl_atr=1|tp_atr=1.5|threshold=2|adx_max=none|adx_min=none|rsi2=none|trend=all|max_bars=24,long,62169,62170,62172,2025-06-23 15:45:00+00:00,2025-06-23 16:00:00+00:00,2025-06-23 16:30:00+00:00,6033.75,6010.5,-93.0,-96.0,-1.0,186.0,93.0,3.0,sl,2,30
futures,ES,reddit_orb_retest,reddit_orb_retest|ny|range=15|entry=150|rr=2|sl_atr=1|tp_atr=1.5|threshold=2|adx_max=none|adx_min=none|rsi2=none|trend=all|max_bars=24,long,62259,62260,62278,2025-06-24 15:15:00+00:00,2025-06-24 15:30:00+00:00,2025-06-24 20:00:00+00:00,6134.0,6144.0,40.0,37.0,0.4567901234567901,156.0,78.0,3.0,session_close,18,30
futures,ES,reddit_orb_retest,reddit_orb_retest|ny|range=15|entry=150|rr=2|sl_atr=1|tp_atr=1.5|threshold=2|adx_max=none|adx_min=none|rsi2=none|trend=all|max_bars=24,short,62347,62348,62360,2025-06-25 14:15:00+00:00,2025-06-25 14:30:00+00:00,2025-06-25 17:30:00+00:00,6152.25,6136.25,64.0,61.0,1.7428571428571429,64.0,32.0,3.0,tp,12,30
futures,ES,reddit_orb_retest,reddit_orb_retest|ny|range=15|entry=150|rr=2|sl_atr=1|tp_atr=1.5|threshold=2|adx_max=none|adx_min=none|rsi2=none|trend=all|max_bars=24,short,62625,62626,62643,2025-06-30 14:45:00+00:00,2025-06-30 15:00:00+00:00,2025-06-30 19:15:00+00:00,6234.75,6248.75,-56.0,-59.0,-1.0,112.0,56.0,3.0,sl,17,30
futures,ES,reddit_orb_retest,reddit_orb_retest|ny|range=15|entry=150|rr=2|sl_atr=1|tp_atr=1.5|threshold=2|adx_max=none|adx_min=none|rsi2=none|trend=all|max_bars=24,long,62714,62715,62717,2025-07-01 14:00:00+00:00,2025-07-01 14:15:00+00:00,2025-07-01 14:45:00+00:00,6249.25,6234.0,-61.0,-64.0,-1.0,122.0,61.0,3.0,sl,2,30
futures,ES,reddit_orb_retest,reddit_orb_retest|ny|range=15|entry=150|rr=2|sl_atr=1|tp_atr=1.5|threshold=2|adx_max=none|adx_min=none|rsi2=none|trend=all|max_bars=24,long,62976,62977,62987,2025-07-04 14:15:00+00:00,2025-07-04 14:30:00+00:00,2025-07-06 22:00:00+00:00,6289.25,6303.5,57.0,54.0,1.255813953488372,80.0,40.0,3.0,session_close,10,30
futures,ES,reddit_orb_retest,reddit_orb_retest|ny|range=15|entry=150|rr=2|sl_atr=1|tp_atr=1.5|threshold=2|adx_max=none|adx_min=none|rsi2=none|trend=all|max_bars=24,short,63053,63054,63060,2025-07-07 14:30:00+00:00,2025-07-07 14:45:00+00:00,2025-07-07 16:15:00+00:00,6295.0,6268.5,106.0,103.0,1.8392857142857142,106.0,53.0,3.0,tp,6,30
futures,ES,reddit_orb_retest,reddit_orb_retest|ny|range=15|entry=150|rr=2|sl_atr=1|tp_atr=1.5|threshold=2|adx_max=none|adx_min=none|rsi2=none|trend=all|max_bars=24,short,63144,63145,63145,2025-07-08 14:15:00+00:00,2025-07-08 14:30:00+00:00,2025-07-08 14:30:00+00:00,6267.75,6281.25,-54.0,-57.0,-1.0,108.0,54.0,3.0,sl,1,30
futures,ES,reddit_orb_retest,reddit_orb_retest|ny|range=15|entry=150|rr=2|sl_atr=1|tp_atr=1.5|threshold=2|adx_max=none|adx_min=none|rsi2=none|trend=all|max_bars=24,long,63420,63421,63443,2025-07-11 14:15:00+00:00,2025-07-11 14:30:00+00:00,2025-07-11 20:00:00+00:00,6303.5,6297.25,-25.0,-28.0,-0.28865979381443296,188.0,94.0,3.0,session_close,22,30
futures,ES,reddit_orb_retest,reddit_orb_retest|ny|range=15|entry=150|rr=2|sl_atr=1|tp_atr=1.5|threshold=2|adx_max=none|adx_min=none|rsi2=none|trend=all|max_bars=24,long,63515,63516,63535,2025-07-14 15:00:00+00:00,2025-07-14 15:15:00+00:00,2025-07-14 20:00:00+00:00,6299.25,6308.5,37.0,34.0,0.4358974358974359,150.0,75.0,3.0,session_close,19,30
futures,ES,reddit_orb_retest,reddit_orb_retest|ny|range=15|entry=150|rr=2|sl_atr=1|tp_atr=1.5|threshold=2|adx_max=none|adx_min=none|rsi2=none|trend=all|max_bars=24,short,63604,63605,63627,2025-07-15 14:15:00+00:00,2025-07-15 14:30:00+00:00,2025-07-15 20:00:00+00:00,6317.25,6277.25,160.0,157.0,1.5544554455445545,196.0,98.0,3.0,session_close,22,30
futures,ES,reddit_orb_retest,reddit_orb_retest|ny|range=15|entry=150|rr=2|sl_atr=1|tp_atr=1.5|threshold=2|adx_max=none|adx_min=none|rsi2=none|trend=all|max_bars=24,short,63697,63698,63701,2025-07-16 14:30:00+00:00,2025-07-16 14:45:00+00:00,2025-07-16 15:30:00+00:00,6285.5,6252.5,132.0,129.0,1.8695652173913044,132.0,66.0,3.0,tp,3,30
futures,ES,reddit_orb_retest,reddit_orb_retest|ny|range=15|entry=150|rr=2|sl_atr=1|tp_atr=1.5|threshold=2|adx_max=none|adx_min=none|rsi2=none|trend=all|max_bars=24,long,63790,63791,63811,2025-07-17 14:45:00+00:00,2025-07-17 15:00:00+00:00,2025-07-17 20:00:00+00:00,6319.0,6340.5,86.0,83.0,1.1690140845070423,136.0,68.0,3.0,session_close,20,30
futures,ES,reddit_orb_retest,reddit_orb_retest|ny|range=15|entry=150|rr=2|sl_atr=1|tp_atr=1.5|threshold=2|adx_max=none|adx_min=none|rsi2=none|trend=all|max_bars=24,short,64157,64158,64162,2025-07-23 14:30:00+00:00,2025-07-23 14:45:00+00:00,2025-07-23 15:45:00+00:00,6360.0,6373.5,-54.0,-57.0,-1.0,108.0,54.0,3.0,sl,4,30
futures,ES,reddit_orb_retest,reddit_orb_retest|ny|range=15|entry=150|rr=2|sl_atr=1|tp_atr=1.5|threshold=2|adx_max=none|adx_min=none|rsi2=none|trend=all|max_bars=24,long,64249,64250,64271,2025-07-24 14:30:00+00:00,2025-07-24 14:45:00+00:00,2025-07-24 20:00:00+00:00,6408.0,6404.25,-15.0,-18.0,-0.36,94.0,47.0,3.0,session_close,21,30
futures,ES,reddit_orb_retest,reddit_orb_retest|ny|range=15|entry=150|rr=2|sl_atr=1|tp_atr=1.5|threshold=2|adx_max=none|adx_min=none|rsi2=none|trend=all|max_bars=24,short,64524,64525,64528,2025-07-29 14:15:00+00:00,2025-07-29 14:30:00+00:00,2025-07-29 15:15:00+00:00,6430.75,6412.25,74.0,71.0,1.775,74.0,37.0,3.0,tp,3,30
futures,ES,reddit_orb_retest,reddit_orb_retest|ny|range=15|entry=150|rr=2|sl_atr=1|tp_atr=1.5|threshold=2|adx_max=none|adx_min=none|rsi2=none|trend=all|max_bars=24,long,64622,64623,64634,2025-07-30 15:45:00+00:00,2025-07-30 16:00:00+00:00,2025-07-30 18:45:00+00:00,6413.75,6405.0,-35.0,-38.0,-1.0,70.0,35.0,3.0,sl,11,30
futures,ES,reddit_orb_retest,reddit_orb_retest|ny|range=15|entry=150|rr=2|sl_atr=1|tp_atr=1.5|threshold=2|adx_max=none|adx_min=none|rsi2=none|trend=all|max_bars=24,short,64799,64800,64823,2025-08-01 14:00:00+00:00,2025-08-01 14:15:00+00:00,2025-08-01 20:00:00+00:00,6266.5,6268.0,-6.0,-9.0,-0.04918032786885246,360.0,180.0,3.0,session_close,23,30
futures,ES,reddit_orb_retest,reddit_orb_retest|ny|range=15|entry=150|rr=2|sl_atr=1|tp_atr=1.5|threshold=2|adx_max=none|adx_min=none|rsi2=none|trend=all|max_bars=24,long,65077,65078,65099,2025-08-06 14:30:00+00:00,2025-08-06 14:45:00+00:00,2025-08-06 20:00:00+00:00,6345.75,6370.0,97.0,94.0,1.2207792207792207,148.0,74.0,3.0,session_close,21,30
futures,ES,reddit_orb_retest,reddit_orb_retest|ny|range=15|entry=150|rr=2|sl_atr=1|tp_atr=1.5|threshold=2|adx_max=none|adx_min=none|rsi2=none|trend=all|max_bars=24,long,65265,65266,65268,2025-08-08 15:30:00+00:00,2025-08-08 15:45:00+00:00,2025-08-08 16:15:00+00:00,6391.75,6415.75,96.0,93.0,1.8235294117647058,96.0,48.0,3.0,tp,2,30
futures,ES,reddit_orb_retest,reddit_orb_retest|ny|range=15|entry=150|rr=2|sl_atr=1|tp_atr=1.5|threshold=2|adx_max=none|adx_min=none|rsi2=none|trend=all|max_bars=24,long,65634,65635,65651,2025-08-14 15:45:00+00:00,2025-08-14 16:00:00+00:00,2025-08-14 20:00:00+00:00,6479.75,6481.5,7.0,4.0,0.056338028169014086,136.0,68.0,3.0,session_close,16,30
futures,ES,reddit_orb_retest,reddit_orb_retest|ny|range=15|entry=150|rr=2|sl_atr=1|tp_atr=1.5|threshold=2|adx_max=none|adx_min=none|rsi2=none|trend=all|max_bars=24,short,65816,65817,65825,2025-08-18 15:15:00+00:00,2025-08-18 15:30:00+00:00,2025-08-18 17:30:00+00:00,6463.25,6471.75,-34.0,-37.0,-1.0,68.0,34.0,3.0,sl,8,30
futures,ES,reddit_orb_retest,reddit_orb_retest|ny|range=15|entry=150|rr=2|sl_atr=1|tp_atr=1.5|threshold=2|adx_max=none|adx_min=none|rsi2=none|trend=all|max_bars=24,long,66275,66276,66294,2025-08-25 15:00:00+00:00,2025-08-25 15:15:00+00:00,2025-08-25 19:45:00+00:00,6477.25,6463.75,-54.0,-57.0,-1.0,108.0,54.0,3.0,sl,18,30
futures,ES,reddit_orb_retest,reddit_orb_retest|ny|range=15|entry=150|rr=2|sl_atr=1|tp_atr=1.5|threshold=2|adx_max=none|adx_min=none|rsi2=none|trend=all|max_bars=24,long,66365,66366,66385,2025-08-26 14:30:00+00:00,2025-08-26 14:45:00+00:00,2025-08-26 19:30:00+00:00,6458.0,6478.0,80.0,77.0,1.7906976744186047,80.0,40.0,3.0,tp,19,30
futures,ES,reddit_orb_retest,reddit_orb_retest|ny|range=15|entry=150|rr=2|sl_atr=1|tp_atr=1.5|threshold=2|adx_max=none|adx_min=none|rsi2=none|trend=all|max_bars=24,short,66549,66550,66556,2025-08-28 14:30:00+00:00,2025-08-28 14:45:00+00:00,2025-08-28 16:15:00+00:00,6495.5,6508.5,-52.0,-55.0,-1.0,104.0,52.0,3.0,sl,6,30
futures,ES,reddit_orb_retest,reddit_orb_retest|ny|range=15|entry=150|rr=2|sl_atr=1|tp_atr=1.5|threshold=2|adx_max=none|adx_min=none|rsi2=none|trend=all|max_bars=24,long,66810,66811,66813,2025-09-02 14:45:00+00:00,2025-09-02 15:00:00+00:00,2025-09-02 15:30:00+00:00,6399.5,6383.25,-65.0,-68.0,-1.0,130.0,65.0,3.0,sl,2,30
futures,ES,reddit_orb_retest,reddit_orb_retest|ny|range=15|entry=150|rr=2|sl_atr=1|tp_atr=1.5|threshold=2|adx_max=none|adx_min=none|rsi2=none|trend=all|max_bars=24,short,66899,66900,66901,2025-09-03 14:00:00+00:00,2025-09-03 14:15:00+00:00,2025-09-03 14:30:00+00:00,6438.25,6454.5,-65.0,-68.0,-1.0,130.0,65.0,3.0,sl,1,30
futures,ES,reddit_orb_retest,reddit_orb_retest|ny|range=15|entry=150|rr=2|sl_atr=1|tp_atr=1.5|threshold=2|adx_max=none|adx_min=none|rsi2=none|trend=all|max_bars=24,long,67182,67183,67185,2025-09-08 15:45:00+00:00,2025-09-08 16:00:00+00:00,2025-09-08 16:30:00+00:00,6512.0,6498.5,-54.0,-57.0,-1.0,108.0,54.0,3.0,sl,2,30
futures,ES,reddit_orb_retest,reddit_orb_retest|ny|range=15|entry=150|rr=2|sl_atr=1|tp_atr=1.5|threshold=2|adx_max=none|adx_min=none|rsi2=none|trend=all|max_bars=24,short,67269,67270,67279,2025-09-09 14:30:00+00:00,2025-09-09 14:45:00+00:00,2025-09-09 17:00:00+00:00,6494.25,6512.75,-74.0,-77.0,-1.0,148.0,74.0,3.0,sl,9,30
futures,ES,reddit_orb_retest,reddit_orb_retest|ny|range=15|entry=150|rr=2|sl_atr=1|tp_atr=1.5|threshold=2|adx_max=none|adx_min=none|rsi2=none|trend=all|max_bars=24,long,67361,67362,67364,2025-09-10 14:30:00+00:00,2025-09-10 14:45:00+00:00,2025-09-10 15:15:00+00:00,6554.75,6543.75,-44.0,-47.0,-1.0,88.0,44.0,3.0,sl,2,30
futures,ES,reddit_orb_retest,reddit_orb_retest|ny|range=15|entry=150|rr=2|sl_atr=1|tp_atr=1.5|threshold=2|adx_max=none|adx_min=none|rsi2=none|trend=all|max_bars=24,long,67544,67545,67565,2025-09-12 14:15:00+00:00,2025-09-12 14:30:00+00:00,2025-09-12 19:30:00+00:00,6593.5,6585.0,-34.0,-37.0,-1.0,68.0,34.0,3.0,sl,20,30
futures,ES,reddit_orb_retest,reddit_orb_retest|ny|range=15|entry=150|rr=2|sl_atr=1|tp_atr=1.5|threshold=2|adx_max=none|adx_min=none|rsi2=none|trend=all|max_bars=24,long,67636,67637,67648,2025-09-15 14:15:00+00:00,2025-09-15 14:30:00+00:00,2025-09-15 17:15:00+00:00,6619.75,6607.75,-48.0,-51.0,-1.0,96.0,48.0,3.0,sl,11,30
futures,ES,reddit_orb_retest,reddit_orb_retest|ny|range=15|entry=150|rr=2|sl_atr=1|tp_atr=1.5|threshold=2|adx_max=none|adx_min=none|rsi2=none|trend=all|max_bars=24,long,67918,67919,67935,2025-09-18 15:45:00+00:00,2025-09-18 16:00:00+00:00,2025-09-18 20:00:00+00:00,6694.0,6692.5,-6.0,-9.0,-0.11538461538461539,150.0,75.0,3.0,session_close,16,30
futures,ES,reddit_orb_retest,reddit_orb_retest|ny|range=15|entry=150|rr=2|sl_atr=1|tp_atr=1.5|threshold=2|adx_max=none|adx_min=none|rsi2=none|trend=all|max_bars=24,short,68008,68009,68011,2025-09-19 15:15:00+00:00,2025-09-19 15:30:00+00:00,2025-09-19 16:00:00+00:00,6691.0,6707.5,-66.0,-69.0,-1.0,132.0,66.0,3.0,sl,2,30
futures,ES,reddit_orb_retest,reddit_orb_retest|ny|range=15|entry=150|rr=2|sl_atr=1|tp_atr=1.5|threshold=2|adx_max=none|adx_min=none|rsi2=none|trend=all|max_bars=24,short,68190,68191,68200,2025-09-23 14:45:00+00:00,2025-09-23 15:00:00+00:00,2025-09-23 17:15:00+00:00,6745.75,6725.75,80.0,77.0,1.7906976744186047,80.0,40.0,3.0,tp,9,30
futures,ES,reddit_orb_retest,reddit_orb_retest|ny|range=15|entry=150|rr=2|sl_atr=1|tp_atr=1.5|threshold=2|adx_max=none|adx_min=none|rsi2=none|trend=all|max_bars=24,short,68280,68281,68286,2025-09-24 14:15:00+00:00,2025-09-24 14:30:00+00:00,2025-09-24 15:45:00+00:00,6714.25,6685.75,114.0,111.0,1.85,114.0,57.0,3.0,tp,5,30
futures,ES,reddit_orb_retest,reddit_orb_retest|ny|range=15|entry=150|rr=2|sl_atr=1|tp_atr=1.5|threshold=2|adx_max=none|adx_min=none|rsi2=none|trend=all|max_bars=24,long,68557,68558,68559,2025-09-29 14:30:00+00:00,2025-09-29 14:45:00+00:00,2025-09-29 15:00:00+00:00,6728.75,6715.75,-52.0,-55.0,-1.0,104.0,52.0,3.0,sl,1,30
futures,ES,reddit_orb_retest,reddit_orb_retest|ny|range=15|entry=150|rr=2|sl_atr=1|tp_atr=1.5|threshold=2|adx_max=none|adx_min=none|rsi2=none|trend=all|max_bars=24,long,68656,68657,68659,2025-09-30 16:15:00+00:00,2025-09-30 16:30:00+00:00,2025-09-30 17:00:00+00:00,6711.25,6699.5,-47.0,-50.0,-1.0,94.0,47.0,3.0,sl,2,30
futures,ES,reddit_orb_retest,reddit_orb_retest|ny|range=15|entry=150|rr=2|sl_atr=1|tp_atr=1.5|threshold=2|adx_max=none|adx_min=none|rsi2=none|trend=all|max_bars=24,long,68741,68742,68763,2025-10-01 14:30:00+00:00,2025-10-01 14:45:00+00:00,2025-10-01 20:00:00+00:00,6730.0,6755.25,101.0,98.0,1.0,190.0,95.0,3.0,session_close,21,30
futures,ES,reddit_orb_retest,reddit_orb_retest|ny|range=15|entry=150|rr=2|sl_atr=1|tp_atr=1.5|threshold=2|adx_max=none|adx_min=none|rsi2=none|trend=all|max_bars=24,long,68925,68926,68938,2025-10-03 14:30:00+00:00,2025-10-03 14:45:00+00:00,2025-10-03 17:45:00+00:00,6793.75,6771.5,-89.0,-92.0,-1.0,178.0,89.0,3.0,sl,12,30
futures,ES,reddit_orb_retest,reddit_orb_retest|ny|range=15|entry=150|rr=2|sl_atr=1|tp_atr=1.5|threshold=2|adx_max=none|adx_min=none|rsi2=none|trend=all|max_bars=24,long,69480,69481,69499,2025-10-13 15:15:00+00:00,2025-10-13 15:30:00+00:00,2025-10-13 20:00:00+00:00,6692.0,6692.25,1.0,-2.0,-0.016129032258064516,242.0,121.0,3.0,session_close,18,30
futures,ES,reddit_orb_retest,reddit_orb_retest|ny|range=15|entry=150|rr=2|sl_atr=1|tp_atr=1.5|threshold=2|adx_max=none|adx_min=none|rsi2=none|trend=all|max_bars=24,long,69664,69665,69665,2025-10-15 15:15:00+00:00,2025-10-15 15:30:00+00:00,2025-10-15 15:30:00+00:00,6741.0,6726.0,-60.0,-63.0,-1.0,120.0,60.0,3.0,sl,1,30
futures,ES,reddit_orb_retest,reddit_orb_retest|ny|range=15|entry=150|rr=2|sl_atr=1|tp_atr=1.5|threshold=2|adx_max=none|adx_min=none|rsi2=none|trend=all|max_bars=24,short,69756,69757,69761,2025-10-16 15:15:00+00:00,2025-10-16 15:30:00+00:00,2025-10-16 16:30:00+00:00,6721.0,6675.5,182.0,179.0,1.9042553191489362,182.0,91.0,3.0,tp,4,30
futures,ES,reddit_orb_retest,reddit_orb_retest|ny|range=15|entry=150|rr=2|sl_atr=1|tp_atr=1.5|threshold=2|adx_max=none|adx_min=none|rsi2=none|trend=all|max_bars=24,long,69850,69851,69867,2025-10-17 15:45:00+00:00,2025-10-17 16:00:00+00:00,2025-10-17 20:00:00+00:00,6677.0,6710.5,134.0,131.0,0.903448275862069,284.0,142.0,3.0,session_close,16,30
futures,ES,reddit_orb_retest,reddit_orb_retest|ny|range=15|entry=150|rr=2|sl_atr=1|tp_atr=1.5|threshold=2|adx_max=none|adx_min=none|rsi2=none|trend=all|max_bars=24,long,69936,69937,69959,2025-10-20 14:15:00+00:00,2025-10-20 14:30:00+00:00,2025-10-20 20:00:00+00:00,6763.25,6777.25,56.0,53.0,0.4274193548387097,242.0,121.0,3.0,session_close,22,30
futures,ES,reddit_orb_retest,reddit_orb_retest|ny|range=15|entry=150|rr=2|sl_atr=1|tp_atr=1.5|threshold=2|adx_max=none|adx_min=none|rsi2=none|trend=all|max_bars=24,short,70028,70029,70030,2025-10-21 14:15:00+00:00,2025-10-21 14:30:00+00:00,2025-10-21 14:45:00+00:00,6765.25,6778.5,-53.0,-56.0,-1.0,106.0,53.0,3.0,sl,1,30
futures,ES,reddit_orb_retest,reddit_orb_retest|ny|range=15|entry=150|rr=2|sl_atr=1|tp_atr=1.5|threshold=2|adx_max=none|adx_min=none|rsi2=none|trend=all|max_bars=24,long,70213,70214,70235,2025-10-23 14:30:00+00:00,2025-10-23 14:45:00+00:00,2025-10-23 20:00:00+00:00,6756.5,6775.0,74.0,71.0,0.8352941176470589,164.0,82.0,3.0,session_close,21,30
futures,ES,reddit_orb_retest,reddit_orb_retest|ny|range=15|entry=150|rr=2|sl_atr=1|tp_atr=1.5|threshold=2|adx_max=none|adx_min=none|rsi2=none|trend=all|max_bars=24,long,70308,70309,70327,2025-10-24 15:15:00+00:00,2025-10-24 15:30:00+00:00,2025-10-24 20:00:00+00:00,6838.25,6825.5,-51.0,-54.0,-0.5094339622641509,206.0,103.0,3.0,session_close,18,30
futures,ES,reddit_orb_retest,reddit_orb_retest|ny|range=15|entry=150|rr=2|sl_atr=1|tp_atr=1.5|threshold=2|adx_max=none|adx_min=none|rsi2=none|trend=all|max_bars=24,long,70397,70398,70419,2025-10-27 14:30:00+00:00,2025-10-27 14:45:00+00:00,2025-10-27 20:00:00+00:00,6889.5,6910.0,82.0,79.0,1.490566037735849,100.0,50.0,3.0,session_close,21,30
futures,ES,reddit_orb_retest,reddit_orb_retest|ny|range=15|entry=150|rr=2|sl_atr=1|tp_atr=1.5|threshold=2|adx_max=none|adx_min=none|rsi2=none|trend=all|max_bars=24,short,70487,70488,70497,2025-10-28 14:00:00+00:00,2025-10-28 14:15:00+00:00,2025-10-28 16:30:00+00:00,6913.25,6927.25,-56.0,-59.0,-1.0,112.0,56.0,3.0,sl,9,30
futures,ES,reddit_orb_retest,reddit_orb_retest|ny|range=15|entry=150|rr=2|sl_atr=1|tp_atr=1.5|threshold=2|adx_max=none|adx_min=none|rsi2=none|trend=all|max_bars=24,long,70671,70672,70692,2025-10-30 14:00:00+00:00,2025-10-30 14:15:00+00:00,2025-10-30 19:15:00+00:00,6902.25,6867.75,-138.0,-141.0,-1.0,276.0,138.0,3.0,sl,20,30
futures,ES,reddit_orb_retest,reddit_orb_retest|ny|range=15|entry=150|rr=2|sl_atr=1|tp_atr=1.5|threshold=2|adx_max=none|adx_min=none|rsi2=none|trend=all|max_bars=24,short,70770,70771,70787,2025-10-31 15:45:00+00:00,2025-10-31 16:00:00+00:00,2025-10-31 20:00:00+00:00,6873.75,6872.0,7.0,4.0,0.03389830508474576,230.0,115.0,3.0,session_close,16,30
futures,ES,reddit_orb_retest,reddit_orb_retest|ny|range=15|entry=150|rr=2|sl_atr=1|tp_atr=1.5|threshold=2|adx_max=none|adx_min=none|rsi2=none|trend=all|max_bars=24,short,71226,71227,71241,2025-11-07 15:45:00+00:00,2025-11-07 16:00:00+00:00,2025-11-07 19:30:00+00:00,6677.0,6723.75,-187.0,-190.0,-1.0,374.0,187.0,3.0,sl,14,30
futures,ES,reddit_orb_retest,reddit_orb_retest|ny|range=15|entry=150|rr=2|sl_atr=1|tp_atr=1.5|threshold=2|adx_max=none|adx_min=none|rsi2=none|trend=all|max_bars=24,short,71323,71324,71326,2025-11-10 17:00:00+00:00,2025-11-10 17:15:00+00:00,2025-11-10 17:45:00+00:00,6810.25,6834.5,-97.0,-100.0,-1.0,194.0,97.0,3.0,sl,2,30
futures,ES,reddit_orb_retest,reddit_orb_retest|ny|range=15|entry=150|rr=2|sl_atr=1|tp_atr=1.5|threshold=2|adx_max=none|adx_min=none|rsi2=none|trend=all|max_bars=24,short,71499,71500,71523,2025-11-12 15:00:00+00:00,2025-11-12 15:15:00+00:00,2025-11-12 21:00:00+00:00,6874.0,6879.0,-20.0,-23.0,-0.2948717948717949,150.0,75.0,3.0,session_close,23,30
futures,ES,reddit_orb_retest,reddit_orb_retest|ny|range=15|entry=150|rr=2|sl_atr=1|tp_atr=1.5|threshold=2|adx_max=none|adx_min=none|rsi2=none|trend=all|max_bars=24,long,71782,71783,71787,2025-11-17 16:45:00+00:00,2025-11-17 17:00:00+00:00,2025-11-17 18:00:00+00:00,6767.0,6726.5,-162.0,-165.0,-1.0,324.0,162.0,3.0,sl,4,30
futures,ES,reddit_orb_retest,reddit_orb_retest|ny|range=15|entry=150|rr=2|sl_atr=1|tp_atr=1.5|threshold=2|adx_max=none|adx_min=none|rsi2=none|trend=all|max_bars=24,long,72052,72053,72055,2025-11-20 15:15:00+00:00,2025-11-20 15:30:00+00:00,2025-11-20 16:00:00+00:00,6783.75,6760.25,-94.0,-97.0,-1.0,188.0,94.0,3.0,sl,2,30
futures,ES,reddit_orb_retest,reddit_orb_retest|ny|range=15|entry=150|rr=2|sl_atr=1|tp_atr=1.5|threshold=2|adx_max=none|adx_min=none|rsi2=none|trend=all|max_bars=24,short,72144,72145,72149,2025-11-21 15:15:00+00:00,2025-11-21 15:30:00+00:00,2025-11-21 16:30:00+00:00,6561.75,6596.0,-137.0,-140.0,-1.0,274.0,137.0,3.0,sl,4,30
futures,ES,reddit_orb_retest,reddit_orb_retest|ny|range=15|entry=150|rr=2|sl_atr=1|tp_atr=1.5|threshold=2|adx_max=none|adx_min=none|rsi2=none|trend=all|max_bars=24,long,72332,72333,72351,2025-11-25 16:15:00+00:00,2025-11-25 16:30:00+00:00,2025-11-25 21:00:00+00:00,6734.25,6782.75,194.0,191.0,1.446969696969697,258.0,129.0,3.0,session_close,18,30
futures,ES,reddit_orb_retest,reddit_orb_retest|ny|range=15|entry=150|rr=2|sl_atr=1|tp_atr=1.5|threshold=2|adx_max=none|adx_min=none|rsi2=none|trend=all|max_bars=24,long,72549,72550,72557,2025-11-28 16:15:00+00:00,2025-11-28 16:30:00+00:00,2025-11-30 23:00:00+00:00,6848.25,6858.75,42.0,39.0,0.5492957746478874,136.0,68.0,3.0,session_close,7,30
futures,ES,reddit_orb_retest,reddit_orb_retest|ny|range=15|entry=150|rr=2|sl_atr=1|tp_atr=1.5|threshold=2|adx_max=none|adx_min=none|rsi2=none|trend=all|max_bars=24,long,72624,72625,72645,2025-12-01 15:45:00+00:00,2025-12-01 16:00:00+00:00,2025-12-01 21:00:00+00:00,6842.25,6825.75,-66.0,-69.0,-0.5702479338842975,236.0,118.0,3.0,session_close,20,30
futures,ES,reddit_orb_retest,reddit_orb_retest|ny|range=15|entry=150|rr=2|sl_atr=1|tp_atr=1.5|threshold=2|adx_max=none|adx_min=none|rsi2=none|trend=all|max_bars=24,short,72717,72718,72737,2025-12-02 16:00:00+00:00,2025-12-02 16:15:00+00:00,2025-12-02 21:00:00+00:00,6840.5,6840.0,2.0,-1.0,-0.010526315789473684,184.0,92.0,3.0,session_close,19,30
futures,ES,reddit_orb_retest,reddit_orb_retest|ny|range=15|entry=150|rr=2|sl_atr=1|tp_atr=1.5|threshold=2|adx_max=none|adx_min=none|rsi2=none|trend=all|max_bars=24,long,72807,72808,72829,2025-12-03 15:30:00+00:00,2025-12-03 15:45:00+00:00,2025-12-03 21:00:00+00:00,6850.25,6864.25,56.0,53.0,0.4690265486725664,220.0,110.0,3.0,session_close,21,30
futures,ES,reddit_orb_retest,reddit_orb_retest|ny|range=15|entry=150|rr=2|sl_atr=1|tp_atr=1.5|threshold=2|adx_max=none|adx_min=none|rsi2=none|trend=all|max_bars=24,short,72898,72899,72921,2025-12-04 15:15:00+00:00,2025-12-04 15:30:00+00:00,2025-12-04 21:00:00+00:00,6859.0,6865.75,-27.0,-30.0,-0.40540540540540543,142.0,71.0,3.0,session_close,22,30
futures,ES,reddit_orb_retest,reddit_orb_retest|ny|range=15|entry=150|rr=2|sl_atr=1|tp_atr=1.5|threshold=2|adx_max=none|adx_min=none|rsi2=none|trend=all|max_bars=24,long,72992,72993,72995,2025-12-05 15:45:00+00:00,2025-12-05 16:00:00+00:00,2025-12-05 16:30:00+00:00,6887.5,6874.0,-54.0,-57.0,-1.0,108.0,54.0,3.0,sl,2,30
futures,ES,reddit_orb_retest,reddit_orb_retest|ny|range=15|entry=150|rr=2|sl_atr=1|tp_atr=1.5|threshold=2|adx_max=none|adx_min=none|rsi2=none|trend=all|max_bars=24,long,73173,73174,73196,2025-12-09 15:00:00+00:00,2025-12-09 15:15:00+00:00,2025-12-09 20:45:00+00:00,6861.0,6847.25,-55.0,-58.0,-1.0,110.0,55.0,3.0,sl,22,30
futures,ES,reddit_orb_retest,reddit_orb_retest|ny|range=15|entry=150|rr=2|sl_atr=1|tp_atr=1.5|threshold=2|adx_max=none|adx_min=none|rsi2=none|trend=all|max_bars=24,long,73269,73270,73283,2025-12-10 16:00:00+00:00,2025-12-10 16:15:00+00:00,2025-12-10 19:30:00+00:00,6849.0,6885.5,146.0,143.0,1.881578947368421,146.0,73.0,3.0,tp,13,30
futures,ES,reddit_orb_retest,reddit_orb_retest|ny|range=15|entry=150|rr=2|sl_atr=1|tp_atr=1.5|threshold=2|adx_max=none|adx_min=none|rsi2=none|trend=all|max_bars=24,long,73909,73910,73933,2025-12-19 15:00:00+00:00,2025-12-19 15:15:00+00:00,2025-12-19 21:00:00+00:00,6878.75,6889.5,43.0,40.0,0.2962962962962963,264.0,132.0,3.0,session_close,23,30
futures,ES,reddit_orb_retest,reddit_orb_retest|ny|range=15|entry=150|rr=2|sl_atr=1|tp_atr=1.5|threshold=2|adx_max=none|adx_min=none|rsi2=none|trend=all|max_bars=24,short,74359,74360,74378,2025-12-29 16:15:00+00:00,2025-12-29 16:30:00+00:00,2025-12-29 21:00:00+00:00,6947.0,6954.5,-30.0,-33.0,-0.38372093023255816,166.0,83.0,3.0,session_close,18,30
futures,ES,reddit_orb_retest,reddit_orb_retest|ny|range=15|entry=150|rr=2|sl_atr=1|tp_atr=1.5|threshold=2|adx_max=none|adx_min=none|rsi2=none|trend=all|max_bars=24,long,74451,74452,74454,2025-12-30 16:15:00+00:00,2025-12-30 16:30:00+00:00,2025-12-30 17:00:00+00:00,6958.5,6946.25,-49.0,-52.0,-1.0,98.0,49.0,3.0,sl,2,30
futures,ES,reddit_orb_retest,reddit_orb_retest|ny|range=15|entry=150|rr=2|sl_atr=1|tp_atr=1.5|threshold=2|adx_max=none|adx_min=none|rsi2=none|trend=all|max_bars=24,long,74818,74819,74824,2026-01-06 16:00:00+00:00,2026-01-06 16:15:00+00:00,2026-01-06 17:30:00+00:00,6956.0,6977.0,84.0,81.0,1.8,84.0,42.0,3.0,tp,5,30
futures,ES,reddit_orb_retest,reddit_orb_retest|ny|range=15|entry=150|rr=2|sl_atr=1|tp_atr=1.5|threshold=2|adx_max=none|adx_min=none|rsi2=none|trend=all|max_bars=24,short,74907,74908,74910,2026-01-07 15:15:00+00:00,2026-01-07 15:30:00+00:00,2026-01-07 16:00:00+00:00,6983.75,6995.25,-46.0,-49.0,-1.0,92.0,46.0,3.0,sl,2,30
futures,ES,reddit_orb_retest,reddit_orb_retest|ny|range=15|entry=150|rr=2|sl_atr=1|tp_atr=1.5|threshold=2|adx_max=none|adx_min=none|rsi2=none|trend=all|max_bars=24,long,75000,75001,75022,2026-01-08 15:30:00+00:00,2026-01-08 15:45:00+00:00,2026-01-08 21:00:00+00:00,6962.75,6964.25,6.0,3.0,0.033707865168539325,172.0,86.0,3.0,session_close,21,30
futures,ES,reddit_orb_retest,reddit_orb_retest|ny|range=15|entry=150|rr=2|sl_atr=1|tp_atr=1.5|threshold=2|adx_max=none|adx_min=none|rsi2=none|trend=all|max_bars=24,long,75094,75095,75114,2026-01-09 16:00:00+00:00,2026-01-09 16:15:00+00:00,2026-01-09 21:00:00+00:00,6999.5,7004.0,18.0,15.0,0.11904761904761904,246.0,123.0,3.0,session_close,19,30
futures,ES,reddit_orb_retest,reddit_orb_retest|ny|range=15|entry=150|rr=2|sl_atr=1|tp_atr=1.5|threshold=2|adx_max=none|adx_min=none|rsi2=none|trend=all|max_bars=24,short,75367,75368,75390,2026-01-14 15:15:00+00:00,2026-01-14 15:30:00+00:00,2026-01-14 21:00:00+00:00,6949.5,6964.5,-60.0,-63.0,-0.5080645161290323,242.0,121.0,3.0,session_close,22,30
futures,ES,reddit_orb_retest,reddit_orb_retest|ny|range=15|entry=150|rr=2|sl_atr=1|tp_atr=1.5|threshold=2|adx_max=none|adx_min=none|rsi2=none|trend=all|max_bars=24,long,75464,75465,75475,2026-01-15 16:30:00+00:00,2026-01-15 16:45:00+00:00,2026-01-15 19:15:00+00:00,7012.5,6998.0,-58.0,-61.0,-1.0,116.0,58.0,3.0,sl,10,30
futures,ES,reddit_orb_retest,reddit_orb_retest|ny|range=15|entry=150|rr=2|sl_atr=1|tp_atr=1.5|threshold=2|adx_max=none|adx_min=none|rsi2=none|trend=all|max_bars=24,short,75557,75558,75574,2026-01-16 16:45:00+00:00,2026-01-16 17:00:00+00:00,2026-01-16 21:00:00+00:00,6986.75,6976.0,43.0,40.0,0.6153846153846154,124.0,62.0,3.0,session_close,16,30
futures,ES,reddit_orb_retest,reddit_orb_retest|ny|range=15|entry=150|rr=2|sl_atr=1|tp_atr=1.5|threshold=2|adx_max=none|adx_min=none|rsi2=none|trend=all|max_bars=24,long,75643,75644,75654,2026-01-19 15:15:00+00:00,2026-01-19 15:30:00+00:00,2026-01-19 23:00:00+00:00,6899.75,6911.25,46.0,43.0,0.8958333333333334,90.0,45.0,3.0,session_close,10,30
futures,ES,reddit_orb_retest,reddit_orb_retest|ny|range=15|entry=150|rr=2|sl_atr=1|tp_atr=1.5|threshold=2|adx_max=none|adx_min=none|rsi2=none|trend=all|max_bars=24,long,75721,75722,75728,2026-01-20 15:45:00+00:00,2026-01-20 16:00:00+00:00,2026-01-20 17:30:00+00:00,6895.0,6871.0,-96.0,-99.0,-1.0,192.0,96.0,3.0,sl,6,30
futures,ES,reddit_orb_retest,reddit_orb_retest|ny|range=15|entry=150|rr=2|sl_atr=1|tp_atr=1.5|threshold=2|adx_max=none|adx_min=none|rsi2=none|trend=all|max_bars=24,short,75905,75906,75912,2026-01-22 15:45:00+00:00,2026-01-22 16:00:00+00:00,2026-01-22 17:30:00+00:00,6943.0,6964.5,-86.0,-89.0,-1.0,172.0,86.0,3.0,sl,6,30
futures,ES,reddit_orb_retest,reddit_orb_retest|ny|range=15|entry=150|rr=2|sl_atr=1|tp_atr=1.5|threshold=2|adx_max=none|adx_min=none|rsi2=none|trend=all|max_bars=24,long,75995,75996,76018,2026-01-23 15:15:00+00:00,2026-01-23 15:30:00+00:00,2026-01-23 21:00:00+00:00,6947.0,6938.25,-35.0,-38.0,-0.4175824175824176,176.0,88.0,3.0,session_close,22,30
futures,ES,reddit_orb_retest,reddit_orb_retest|ny|range=15|entry=150|rr=2|sl_atr=1|tp_atr=1.5|threshold=2|adx_max=none|adx_min=none|rsi2=none|trend=all|max_bars=24,long,76088,76089,76110,2026-01-26 15:30:00+00:00,2026-01-26 15:45:00+00:00,2026-01-26 21:00:00+00:00,6976.75,6980.0,13.0,10.0,0.09803921568627451,198.0,99.0,3.0,session_close,21,30
futures,ES,reddit_orb_retest,reddit_orb_retest|ny|range=15|entry=150|rr=2|sl_atr=1|tp_atr=1.5|threshold=2|adx_max=none|adx_min=none|rsi2=none|trend=all|max_bars=24,short,76271,76272,76286,2026-01-28 15:15:00+00:00,2026-01-28 15:30:00+00:00,2026-01-28 19:00:00+00:00,7017.25,6992.25,100.0,97.0,1.830188679245283,100.0,50.0,3.0,tp,14,30
futures,ES,reddit_orb_retest,reddit_orb_retest|ny|range=15|entry=150|rr=2|sl_atr=1|tp_atr=1.5|threshold=2|adx_max=none|adx_min=none|rsi2=none|trend=all|max_bars=24,short,76461,76462,76478,2026-01-30 16:45:00+00:00,2026-01-30 17:00:00+00:00,2026-01-30 21:00:00+00:00,6954.75,6963.5,-35.0,-38.0,-0.30158730158730157,246.0,123.0,3.0,session_close,16,30
futures,ES,reddit_orb_retest,reddit_orb_retest|ny|range=15|entry=150|rr=2|sl_atr=1|tp_atr=1.5|threshold=2|adx_max=none|adx_min=none|rsi2=none|trend=all|max_bars=24,short,76730,76731,76739,2026-02-04 15:00:00+00:00,2026-02-04 15:15:00+00:00,2026-02-04 17:15:00+00:00,6934.75,6887.25,190.0,187.0,1.9081632653061225,190.0,95.0,3.0,tp,8,30
futures,ES,reddit_orb_retest,reddit_orb_retest|ny|range=15|entry=150|rr=2|sl_atr=1|tp_atr=1.5|threshold=2|adx_max=none|adx_min=none|rsi2=none|trend=all|max_bars=24,long,77099,77100,77111,2026-02-10 15:15:00+00:00,2026-02-10 15:30:00+00:00,2026-02-10 18:15:00+00:00,6999.75,6975.0,-99.0,-102.0,-1.0,198.0,99.0,3.0,sl,11,30
futures,ES,reddit_orb_retest,reddit_orb_retest|ny|range=15|entry=150|rr=2|sl_atr=1|tp_atr=1.5|threshold=2|adx_max=none|adx_min=none|rsi2=none|trend=all|max_bars=24,long,77377,77378,77398,2026-02-13 15:45:00+00:00,2026-02-13 16:00:00+00:00,2026-02-13 21:00:00+00:00,6860.25,6852.5,-31.0,-34.0,-0.16267942583732056,412.0,206.0,3.0,session_close,20,30
futures,ES,reddit_orb_retest,reddit_orb_retest|ny|range=15|entry=150|rr=2|sl_atr=1|tp_atr=1.5|threshold=2|adx_max=none|adx_min=none|rsi2=none|trend=all|max_bars=24,short,77469,77470,77478,2026-02-16 15:45:00+00:00,2026-02-16 16:00:00+00:00,2026-02-16 23:00:00+00:00,6844.0,6862.5,-74.0,-77.0,-1.0547945205479452,140.0,70.0,3.0,session_close,8,30
futures,ES,reddit_orb_retest,reddit_orb_retest|ny|range=15|entry=150|rr=2|sl_atr=1|tp_atr=1.5|threshold=2|adx_max=none|adx_min=none|rsi2=none|trend=all|max_bars=24,long,77728,77729,77737,2026-02-19 15:30:00+00:00,2026-02-19 15:45:00+00:00,2026-02-19 17:45:00+00:00,6888.0,6857.0,-124.0,-127.0,-1.0,248.0,124.0,3.0,sl,8,30
futures,ES,reddit_orb_retest,reddit_orb_retest|ny|range=15|entry=150|rr=2|sl_atr=1|tp_atr=1.5|threshold=2|adx_max=none|adx_min=none|rsi2=none|trend=all|max_bars=24,long,77819,77820,77842,2026-02-20 15:15:00+00:00,2026-02-20 15:30:00+00:00,2026-02-20 21:00:00+00:00,6899.0,6928.0,116.0,113.0,0.5380952380952381,414.0,207.0,3.0,session_close,22,30
futures,ES,reddit_orb_retest,reddit_orb_retest|ny|range=15|entry=150|rr=2|sl_atr=1|tp_atr=1.5|threshold=2|adx_max=none|adx_min=none|rsi2=none|trend=all|max_bars=24,long,78100,78101,78118,2026-02-25 16:30:00+00:00,2026-02-25 16:45:00+00:00,2026-02-25 21:00:00+00:00,6948.0,6961.75,55.0,52.0,0.6842105263157895,146.0,73.0,3.0,session_close,17,30
futures,ES,reddit_orb_retest,reddit_orb_retest|ny|range=15|entry=150|rr=2|sl_atr=1|tp_atr=1.5|threshold=2|adx_max=none|adx_min=none|rsi2=none|trend=all|max_bars=24,long,78279,78280,78302,2026-02-27 15:15:00+00:00,2026-02-27 15:30:00+00:00,2026-02-27 21:00:00+00:00,6870.25,6885.25,60.0,57.0,0.4830508474576271,230.0,115.0,3.0,session_close,22,30
futures,ES,reddit_orb_retest,reddit_orb_retest|ny|range=15|entry=150|rr=2|sl_atr=1|tp_atr=1.5|threshold=2|adx_max=none|adx_min=none|rsi2=none|trend=all|max_bars=24,long,78370,78371,78394,2026-03-02 15:00:00+00:00,2026-03-02 15:15:00+00:00,2026-03-02 21:00:00+00:00,6873.5,6883.0,38.0,35.0,0.12544802867383512,552.0,276.0,3.0,session_close,23,30
futures,ES,reddit_orb_retest,reddit_orb_retest|ny|range=15|entry=150|rr=2|sl_atr=1|tp_atr=1.5|threshold=2|adx_max=none|adx_min=none|rsi2=none|trend=all|max_bars=24,short,78462,78463,78469,2026-03-03 15:00:00+00:00,2026-03-03 15:15:00+00:00,2026-03-03 16:45:00+00:00,6748.5,6794.0,-182.0,-185.0,-1.0,364.0,182.0,3.0,sl,6,30
futures,ES,reddit_orb_retest,reddit_orb_retest|ny|range=15|entry=150|rr=2|sl_atr=1|tp_atr=1.5|threshold=2|adx_max=none|adx_min=none|rsi2=none|trend=all|max_bars=24,long,78741,78742,78762,2026-03-06 15:45:00+00:00,2026-03-06 16:00:00+00:00,2026-03-06 21:00:00+00:00,6768.0,6740.5,-110.0,-113.0,-0.6075268817204301,366.0,183.0,3.0,session_close,20,30
futures,ES,reddit_orb_retest,reddit_orb_retest|ny|range=15|entry=150|rr=2|sl_atr=1|tp_atr=1.5|threshold=2|adx_max=none|adx_min=none|rsi2=none|trend=all|max_bars=24,short,79018,79019,79038,2026-03-11 15:00:00+00:00,2026-03-11 15:15:00+00:00,2026-03-11 20:00:00+00:00,6774.75,6777.0,-9.0,-12.0,-0.1016949152542373,230.0,115.0,3.0,session_close,19,30
futures,ES,reddit_orb_retest,reddit_orb_retest|ny|range=15|entry=150|rr=2|sl_atr=1|tp_atr=1.5|threshold=2|adx_max=none|adx_min=none|rsi2=none|trend=all|max_bars=24,short,79107,79108,79130,2026-03-12 14:15:00+00:00,2026-03-12 14:30:00+00:00,2026-03-12 20:00:00+00:00,6696.0,6676.0,80.0,77.0,0.5238095238095238,288.0,144.0,3.0,session_close,22,30
futures,ES,reddit_orb_retest,reddit_orb_retest|ny|range=15|entry=150|rr=2|sl_atr=1|tp_atr=1.5|threshold=2|adx_max=none|adx_min=none|rsi2=none|trend=all|max_bars=24,short,79199,79200,79213,2026-03-13 14:15:00+00:00,2026-03-13 14:30:00+00:00,2026-03-13 17:45:00+00:00,6702.5,6640.0,250.0,247.0,1.9296875,250.0,125.0,3.0,tp,13,30
futures,ES,reddit_orb_retest,reddit_orb_retest|ny|range=15|entry=150|rr=2|sl_atr=1|tp_atr=1.5|threshold=2|adx_max=none|adx_min=none|rsi2=none|trend=all|max_bars=24,long,79293,79294,79299,2026-03-16 14:45:00+00:00,2026-03-16 15:00:00+00:00,2026-03-16 16:15:00+00:00,6712.0,6689.25,-91.0,-94.0,-1.0,182.0,91.0,3.0,sl,5,30
futures,ES,reddit_orb_retest,reddit_orb_retest|ny|range=15|entry=150|rr=2|sl_atr=1|tp_atr=1.5|threshold=2|adx_max=none|adx_min=none|rsi2=none|trend=all|max_bars=24,short,79388,79389,79406,2026-03-17 15:30:00+00:00,2026-03-17 15:45:00+00:00,2026-03-17 20:00:00+00:00,6725.0,6722.75,9.0,6.0,0.05172413793103448,226.0,113.0,3.0,session_close,17,30
futures,ES,reddit_orb_retest,reddit_orb_retest|ny|range=15|entry=150|rr=2|sl_atr=1|tp_atr=1.5|threshold=2|adx_max=none|adx_min=none|rsi2=none|trend=all|max_bars=24,short,79478,79479,79493,2026-03-18 15:00:00+00:00,2026-03-18 15:15:00+00:00,2026-03-18 18:45:00+00:00,6738.0,6697.0,164.0,161.0,1.8941176470588235,164.0,82.0,3.0,tp,14,30
futures,ES,reddit_orb_retest,reddit_orb_retest|ny|range=15|entry=150|rr=2|sl_atr=1|tp_atr=1.5|threshold=2|adx_max=none|adx_min=none|rsi2=none|trend=all|max_bars=24,long,79569,79570,79590,2026-03-19 14:45:00+00:00,2026-03-19 15:00:00+00:00,2026-03-19 20:00:00+00:00,6638.75,6670.25,126.0,123.0,1.1081081081081081,216.0,108.0,3.0,session_close,20,30
futures,ES,reddit_orb_retest,reddit_orb_retest|ny|range=15|entry=150|rr=2|sl_atr=1|tp_atr=1.5|threshold=2|adx_max=none|adx_min=none|rsi2=none|trend=all|max_bars=24,long,79750,79751,79757,2026-03-23 14:00:00+00:00,2026-03-23 14:15:00+00:00,2026-03-23 15:45:00+00:00,6679.5,6638.0,-166.0,-169.0,-1.0,332.0,166.0,3.0,sl,6,30
futures,ES,reddit_orb_retest,reddit_orb_retest|ny|range=15|entry=150|rr=2|sl_atr=1|tp_atr=1.5|threshold=2|adx_max=none|adx_min=none|rsi2=none|trend=all|max_bars=24,long,79845,79846,79866,2026-03-24 14:45:00+00:00,2026-03-24 15:00:00+00:00,2026-03-24 20:00:00+00:00,6615.25,6610.75,-18.0,-21.0,-0.12352941176470589,334.0,167.0,3.0,session_close,20,30
futures,ES,reddit_orb_retest,reddit_orb_retest|ny|range=15|entry=150|rr=2|sl_atr=1|tp_atr=1.5|threshold=2|adx_max=none|adx_min=none|rsi2=none|trend=all|max_bars=24,short,79935,79936,79958,2026-03-25 14:15:00+00:00,2026-03-25 14:30:00+00:00,2026-03-25 20:00:00+00:00,6656.75,6641.25,62.0,59.0,0.5130434782608696,224.0,112.0,3.0,session_close,22,30
futures,ES,reddit_orb_retest,reddit_orb_retest|ny|range=15|entry=150|rr=2|sl_atr=1|tp_atr=1.5|threshold=2|adx_max=none|adx_min=none|rsi2=none|trend=all|max_bars=24,short,80118,80119,80141,2026-03-27 14:00:00+00:00,2026-03-27 14:15:00+00:00,2026-03-27 19:45:00+00:00,6465.75,6405.75,240.0,237.0,1.9268292682926829,240.0,120.0,3.0,tp,22,30
futures,ES,reddit_orb_retest,reddit_orb_retest|ny|range=15|entry=150|rr=2|sl_atr=1|tp_atr=1.5|threshold=2|adx_max=none|adx_min=none|rsi2=none|trend=all|max_bars=24,short,80210,80211,80234,2026-03-30 14:00:00+00:00,2026-03-30 14:15:00+00:00,2026-03-30 20:00:00+00:00,6432.0,6378.0,216.0,213.0,1.33125,314.0,157.0,3.0,session_close,23,30
futures,ES,reddit_orb_retest,reddit_orb_retest|ny|range=15|entry=150|rr=2|sl_atr=1|tp_atr=1.5|threshold=2|adx_max=none|adx_min=none|rsi2=none|trend=all|max_bars=24,long,80306,80307,80312,2026-03-31 15:00:00+00:00,2026-03-31 15:15:00+00:00,2026-03-31 16:30:00+00:00,6487.0,6560.0,292.0,289.0,1.9395973154362416,292.0,146.0,3.0,tp,5,30
futures,ES,reddit_orb_retest,reddit_orb_retest|ny|range=15|entry=150|rr=2|sl_atr=1|tp_atr=1.5|threshold=2|adx_max=none|adx_min=none|rsi2=none|trend=all|max_bars=24,long,80400,80401,80418,2026-04-01 15:30:00+00:00,2026-04-01 15:45:00+00:00,2026-04-01 20:00:00+00:00,6640.5,6622.25,-73.0,-76.0,-0.475,314.0,157.0,3.0,session_close,17,30
futures,ES,reddit_orb_retest,reddit_orb_retest|ny|range=15|entry=150|rr=2|sl_atr=1|tp_atr=1.5|threshold=2|adx_max=none|adx_min=none|rsi2=none|trend=all|max_bars=24,long,80639,80640,80663,2026-04-06 14:00:00+00:00,2026-04-06 14:15:00+00:00,2026-04-06 20:00:00+00:00,6644.75,6648.25,14.0,11.0,0.0990990990990991,216.0,108.0,3.0,session_close,23,30
futures,ES,reddit_orb_retest,reddit_orb_retest|ny|range=15|entry=150|rr=2|sl_atr=1|tp_atr=1.5|threshold=2|adx_max=none|adx_min=none|rsi2=none|trend=all|max_bars=24,short,80733,80734,80745,2026-04-07 14:30:00+00:00,2026-04-07 14:45:00+00:00,2026-04-07 17:30:00+00:00,6603.5,6639.0,-142.0,-145.0,-1.0,284.0,142.0,3.0,sl,11,30
futures,ES,reddit_orb_retest,reddit_orb_retest|ny|range=15|entry=150|rr=2|sl_atr=1|tp_atr=1.5|threshold=2|adx_max=none|adx_min=none|rsi2=none|trend=all|max_bars=24,short,80824,80825,80847,2026-04-08 14:15:00+00:00,2026-04-08 14:30:00+00:00,2026-04-08 20:00:00+00:00,6806.5,6820.5,-56.0,-59.0,-0.47580645161290325,242.0,121.0,3.0,session_close,22,30
futures,ES,reddit_orb_retest,reddit_orb_retest|ny|range=15|entry=150|rr=2|sl_atr=1|tp_atr=1.5|threshold=2|adx_max=none|adx_min=none|rsi2=none|trend=all|max_bars=24,short,80917,80918,80919,2026-04-09 14:30:00+00:00,2026-04-09 14:45:00+00:00,2026-04-09 15:00:00+00:00,6806.25,6821.75,-62.0,-65.0,-1.0,124.0,62.0,3.0,sl,1,30
futures,ES,reddit_orb_retest,reddit_orb_retest|ny|range=15|entry=150|rr=2|sl_atr=1|tp_atr=1.5|threshold=2|adx_max=none|adx_min=none|rsi2=none|trend=all|max_bars=24,long,81285,81286,81307,2026-04-15 14:30:00+00:00,2026-04-15 14:45:00+00:00,2026-04-15 20:00:00+00:00,7029.25,7056.0,107.0,104.0,1.0,202.0,101.0,3.0,session_close,21,30
futures,ES,reddit_orb_retest,reddit_orb_retest|ny|range=15|entry=150|rr=2|sl_atr=1|tp_atr=1.5|threshold=2|adx_max=none|adx_min=none|rsi2=none|trend=all|max_bars=24,short,81375,81376,81379,2026-04-16 14:00:00+00:00,2026-04-16 14:15:00+00:00,2026-04-16 15:00:00+00:00,7057.5,7074.0,-66.0,-69.0,-1.0,132.0,66.0,3.0,sl,3,30
futures,ES,reddit_orb_retest,reddit_orb_retest|ny|range=15|entry=150|rr=2|sl_atr=1|tp_atr=1.5|threshold=2|adx_max=none|adx_min=none|rsi2=none|trend=all|max_bars=24,long,81652,81653,81654,2026-04-21 14:15:00+00:00,2026-04-21 14:30:00+00:00,2026-04-21 14:45:00+00:00,7165.5,7147.0,-74.0,-77.0,-1.0,148.0,74.0,3.0,sl,1,30
futures,ES,reddit_orb_fade,reddit_orb_fade|ny|range=15|entry=150|rr=2|sl_atr=1|tp_atr=1.5|threshold=2|adx_max=none|adx_min=none|rsi2=none|trend=all|max_bars=24,short,3981,3982,3987,2023-01-04 15:00:00+00:00,2023-01-04 15:15:00+00:00,2023-01-04 16:30:00+00:00,3846.25,3880.0,-135.0,-138.0,-1.0,270.0,135.0,3.0,sl,5,5
futures,ES,reddit_orb_fade,reddit_orb_fade|ny|range=15|entry=150|rr=2|sl_atr=1|tp_atr=1.5|threshold=2|adx_max=none|adx_min=none|rsi2=none|trend=all|max_bars=24,long,4072,4073,4078,2023-01-05 14:45:00+00:00,2023-01-05 15:00:00+00:00,2023-01-05 16:15:00+00:00,3836.25,3823.5,-51.0,-54.0,-1.0,102.0,51.0,3.0,sl,5,5
futures,ES,reddit_orb_fade,reddit_orb_fade|ny|range=15|entry=150|rr=2|sl_atr=1|tp_atr=1.5|threshold=2|adx_max=none|adx_min=none|rsi2=none|trend=all|max_bars=24,long,4164,4165,4165,2023-01-06 14:45:00+00:00,2023-01-06 15:00:00+00:00,2023-01-06 15:00:00+00:00,3842.5,3869.5,108.0,105.0,1.8421052631578947,108.0,54.0,3.0,tp,1,5
futures,ES,reddit_orb_fade,reddit_orb_fade|ny|range=15|entry=150|rr=2|sl_atr=1|tp_atr=1.5|threshold=2|adx_max=none|adx_min=none|rsi2=none|trend=all|max_bars=24,long,4348,4349,4351,2023-01-10 14:45:00+00:00,2023-01-10 15:00:00+00:00,2023-01-10 15:30:00+00:00,3918.75,3904.75,-56.0,-59.0,-1.0,112.0,56.0,3.0,sl,2,5
futures,ES,reddit_orb_fade,reddit_orb_fade|ny|range=15|entry=150|rr=2|sl_atr=1|tp_atr=1.5|threshold=2|adx_max=none|adx_min=none|rsi2=none|trend=all|max_bars=24,long,4443,4444,4444,2023-01-11 15:30:00+00:00,2023-01-11 15:45:00+00:00,2023-01-11 15:45:00+00:00,3957.75,3952.5,-21.0,-24.0,-1.0,42.0,21.0,3.0,sl,1,5
futures,ES,reddit_orb_fade,reddit_orb_fade|ny|range=15|entry=150|rr=2|sl_atr=1|tp_atr=1.5|threshold=2|adx_max=none|adx_min=none|rsi2=none|trend=all|max_bars=24,long,4532,4533,4533,2023-01-12 14:45:00+00:00,2023-01-12 15:00:00+00:00,2023-01-12 15:00:00+00:00,3970.25,3996.25,104.0,101.0,1.8363636363636364,104.0,52.0,3.0,tp,1,5
futures,ES,reddit_orb_fade,reddit_orb_fade|ny|range=15|entry=150|rr=2|sl_atr=1|tp_atr=1.5|threshold=2|adx_max=none|adx_min=none|rsi2=none|trend=all|max_bars=24,short,4717,4718,4719,2023-01-16 15:00:00+00:00,2023-01-16 15:15:00+00:00,2023-01-16 15:30:00+00:00,4016.0,4020.0,-16.0,-19.0,-1.0,32.0,16.0,3.0,sl,1,5
futures,ES,reddit_orb_fade,reddit_orb_fade|ny|range=15|entry=150|rr=2|sl_atr=1|tp_atr=1.5|threshold=2|adx_max=none|adx_min=none|rsi2=none|trend=all|max_bars=24,short,4792,4793,4793,2023-01-17 14:45:00+00:00,2023-01-17 15:00:00+00:00,2023-01-17 15:00:00+00:00,4018.5,4024.0,-22.0,-25.0,-1.0,44.0,22.0,3.0,sl,1,5
futures,ES,reddit_orb_fade,reddit_orb_fade|ny|range=15|entry=150|rr=2|sl_atr=1|tp_atr=1.5|threshold=2|adx_max=none|adx_min=none|rsi2=none|trend=all|max_bars=24,short,4885,4886,4887,2023-01-18 15:00:00+00:00,2023-01-18 15:15:00+00:00,2023-01-18 15:30:00+00:00,4027.5,4015.5,48.0,45.0,1.6666666666666667,48.0,24.0,3.0,tp,1,5
futures,ES,reddit_orb_fade,reddit_orb_fade|ny|range=15|entry=150|rr=2|sl_atr=1|tp_atr=1.5|threshold=2|adx_max=none|adx_min=none|rsi2=none|trend=all|max_bars=24,long,4976,4977,4977,2023-01-19 14:45:00+00:00,2023-01-19 15:00:00+00:00,2023-01-19 15:00:00+00:00,3922.0,3915.5,-26.0,-29.0,-1.0,52.0,26.0,3.0,sl,1,5
futures,ES,reddit_orb_fade,reddit_orb_fade|ny|range=15|entry=150|rr=2|sl_atr=1|tp_atr=1.5|threshold=2|adx_max=none|adx_min=none|rsi2=none|trend=all|max_bars=24,short,5252,5253,5256,2023-01-24 14:45:00+00:00,2023-01-24 15:00:00+00:00,2023-01-24 15:45:00+00:00,4013.0,4030.75,-71.0,-74.0,-1.0,142.0,71.0,3.0,sl,3,5
futures,ES,reddit_orb_fade,reddit_orb_fade|ny|range=15|entry=150|rr=2|sl_atr=1|tp_atr=1.5|threshold=2|adx_max=none|adx_min=none|rsi2=none|trend=all|max_bars=24,long,5349,5350,5352,2023-01-25 16:00:00+00:00,2023-01-25 16:15:00+00:00,2023-01-25 16:45:00+00:00,3982.25,3997.25,60.0,57.0,1.7272727272727273,60.0,30.0,3.0,tp,2,5
futures,ES,reddit_orb_fade,reddit_orb_fade|ny|range=15|entry=150|rr=2|sl_atr=1|tp_atr=1.5|threshold=2|adx_max=none|adx_min=none|rsi2=none|trend=all|max_bars=24,long,5438,5439,5439,2023-01-26 15:15:00+00:00,2023-01-26 15:30:00+00:00,2023-01-26 15:30:00+00:00,4054.0,4047.5,-26.0,-29.0,-1.0,52.0,26.0,3.0,sl,1,5
futures,ES,reddit_orb_fade,reddit_orb_fade|ny|range=15|entry=150|rr=2|sl_atr=1|tp_atr=1.5|threshold=2|adx_max=none|adx_min=none|rsi2=none|trend=all|max_bars=24,short,5532,5533,5535,2023-01-27 15:45:00+00:00,2023-01-27 16:00:00+00:00,2023-01-27 16:30:00+00:00,4068.5,4079.75,-45.0,-48.0,-1.0,90.0,45.0,3.0,sl,2,5
futures,ES,reddit_orb_fade,reddit_orb_fade|ny|range=15|entry=150|rr=2|sl_atr=1|tp_atr=1.5|threshold=2|adx_max=none|adx_min=none|rsi2=none|trend=all|max_bars=24,short,5623,5624,5645,2023-01-30 15:30:00+00:00,2023-01-30 15:45:00+00:00,2023-01-30 21:00:00+00:00,4050.0,4038.25,47.0,44.0,0.6666666666666666,126.0,63.0,3.0,session_close,21,5
futures,ES,reddit_orb_fade,reddit_orb_fade|ny|range=15|entry=150|rr=2|sl_atr=1|tp_atr=1.5|threshold=2|adx_max=none|adx_min=none|rsi2=none|trend=all|max_bars=24,short,5712,5713,5714,2023-01-31 14:45:00+00:00,2023-01-31 15:00:00+00:00,2023-01-31 15:15:00+00:00,4038.0,4049.5,-46.0,-49.0,-1.0,92.0,46.0,3.0,sl,1,5
futures,ES,reddit_orb_fade,reddit_orb_fade|ny|range=15|entry=150|rr=2|sl_atr=1|tp_atr=1.5|threshold=2|adx_max=none|adx_min=none|rsi2=none|trend=all|max_bars=24,short,5805,5806,5808,2023-02-01 15:00:00+00:00,2023-02-01 15:15:00+00:00,2023-02-01 15:45:00+00:00,4082.5,4068.0,58.0,55.0,1.71875,58.0,29.0,3.0,tp,2,5
futures,ES,reddit_orb_fade,reddit_orb_fade|ny|range=15|entry=150|rr=2|sl_atr=1|tp_atr=1.5|threshold=2|adx_max=none|adx_min=none|rsi2=none|trend=all|max_bars=24,long,5898,5899,5911,2023-02-02 15:15:00+00:00,2023-02-02 15:30:00+00:00,2023-02-02 18:30:00+00:00,4171.75,4201.75,120.0,117.0,1.8571428571428572,120.0,60.0,3.0,tp,12,5
futures,ES,reddit_orb_fade,reddit_orb_fade|ny|range=15|entry=150|rr=2|sl_atr=1|tp_atr=1.5|threshold=2|adx_max=none|adx_min=none|rsi2=none|trend=all|max_bars=24,short,5988,5989,5989,2023-02-03 14:45:00+00:00,2023-02-03 15:00:00+00:00,2023-02-03 15:00:00+00:00,4159.5,4169.0,-38.0,-41.0,-1.0,76.0,38.0,3.0,sl,1,5
futures,ES,reddit_orb_fade,reddit_orb_fade|ny|range=15|entry=150|rr=2|sl_atr=1|tp_atr=1.5|threshold=2|adx_max=none|adx_min=none|rsi2=none|trend=all|max_bars=24,long,6084,6085,6103,2023-02-06 15:45:00+00:00,2023-02-06 16:00:00+00:00,2023-02-06 20:30:00+00:00,4126.0,4111.75,-57.0,-60.0,-1.0,114.0,57.0,3.0,sl,18,5
futures,ES,reddit_orb_fade,reddit_orb_fade|ny|range=15|entry=150|rr=2|sl_atr=1|tp_atr=1.5|threshold=2|adx_max=none|adx_min=none|rsi2=none|trend=all|max_bars=24,short,6172,6173,6177,2023-02-07 14:45:00+00:00,2023-02-07 15:00:00+00:00,2023-02-07 16:00:00+00:00,4112.5,4118.5,-24.0,-27.0,-1.0,48.0,24.0,3.0,sl,4,5
futures,ES,reddit_orb_fade,reddit_orb_fade|ny|range=15|entry=150|rr=2|sl_atr=1|tp_atr=1.5|threshold=2|adx_max=none|adx_min=none|rsi2=none|trend=all|max_bars=24,short,6266,6267,6270,2023-02-08 15:15:00+00:00,2023-02-08 15:30:00+00:00,2023-02-08 16:15:00+00:00,4155.75,4131.25,98.0,95.0,1.8269230769230769,98.0,49.0,3.0,tp,3,5
futures,ES,reddit_orb_fade,reddit_orb_fade|ny|range=15|entry=150|rr=2|sl_atr=1|tp_atr=1.5|threshold=2|adx_max=none|adx_min=none|rsi2=none|trend=all|max_bars=24,long,6356,6357,6358,2023-02-09 14:45:00+00:00,2023-02-09 15:00:00+00:00,2023-02-09 15:15:00+00:00,4154.5,4150.25,-17.0,-20.0,-1.0,34.0,17.0,3.0,sl,1,5
futures,ES,reddit_orb_fade,reddit_orb_fade|ny|range=15|entry=150|rr=2|sl_atr=1|tp_atr=1.5|threshold=2|adx_max=none|adx_min=none|rsi2=none|trend=all|max_bars=24,short,6448,6449,6449,2023-02-10 14:45:00+00:00,2023-02-10 15:00:00+00:00,2023-02-10 15:00:00+00:00,4084.0,4089.75,-23.0,-26.0,-1.0,46.0,23.0,3.0,same_bar_sl,1,5
futures,ES,reddit_orb_fade,reddit_orb_fade|ny|range=15|entry=150|rr=2|sl_atr=1|tp_atr=1.5|threshold=2|adx_max=none|adx_min=none|rsi2=none|trend=all|max_bars=24,short,6635,6636,6657,2023-02-14 15:30:00+00:00,2023-02-14 15:45:00+00:00,2023-02-14 21:00:00+00:00,4126.5,4143.25,-67.0,-70.0,-0.5645161290322581,242.0,121.0,3.0,session_close,21,5
futures,ES,reddit_orb_fade,reddit_orb_fade|ny|range=15|entry=150|rr=2|sl_atr=1|tp_atr=1.5|threshold=2|adx_max=none|adx_min=none|rsi2=none|trend=all|max_bars=24,short,6724,6725,6727,2023-02-15 14:45:00+00:00,2023-02-15 15:00:00+00:00,2023-02-15 15:30:00+00:00,4121.25,4134.75,-54.0,-57.0,-1.0,108.0,54.0,3.0,sl,2,5
futures,ES,reddit_orb_fade,reddit_orb_fade|ny|range=15|entry=150|rr=2|sl_atr=1|tp_atr=1.5|threshold=2|adx_max=none|adx_min=none|rsi2=none|trend=all|max_bars=24,short,6816,6817,6817,2023-02-16 14:45:00+00:00,2023-02-16 15:00:00+00:00,2023-02-16 15:00:00+00:00,4104.25,4113.75,-38.0,-41.0,-1.0,76.0,38.0,3.0,sl,1,5
futures,ES,reddit_orb_fade,reddit_orb_fade|ny|range=15|entry=150|rr=2|sl_atr=1|tp_atr=1.5|threshold=2|adx_max=none|adx_min=none|rsi2=none|trend=all|max_bars=24,long,6909,6910,6913,2023-02-17 15:00:00+00:00,2023-02-17 15:15:00+00:00,2023-02-17 16:00:00+00:00,4072.75,4061.5,-45.0,-48.0,-1.0,90.0,45.0,3.0,sl,3,5
futures,ES,reddit_orb_fade,reddit_orb_fade|ny|range=15|entry=150|rr=2|sl_atr=1|tp_atr=1.5|threshold=2|adx_max=none|adx_min=none|rsi2=none|trend=all|max_bars=24,short,7076,7077,7093,2023-02-21 14:45:00+00:00,2023-02-21 15:00:00+00:00,2023-02-21 19:00:00+00:00,4039.5,4006.0,134.0,131.0,1.8714285714285714,134.0,67.0,3.0,tp,16,5
futures,ES,reddit_orb_fade,reddit_orb_fade|ny|range=15|entry=150|rr=2|sl_atr=1|tp_atr=1.5|threshold=2|adx_max=none|adx_min=none|rsi2=none|trend=all|max_bars=24,short,7168,7169,7169,2023-02-22 14:45:00+00:00,2023-02-22 15:00:00+00:00,2023-02-22 15:00:00+00:00,4011.0,3996.0,60.0,57.0,1.7272727272727273,60.0,30.0,3.0,tp,1,5
futures,ES,reddit_orb_fade,reddit_orb_fade|ny|range=15|entry=150|rr=2|sl_atr=1|tp_atr=1.5|threshold=2|adx_max=none|adx_min=none|rsi2=none|trend=all|max_bars=24,short,7261,7262,7265,2023-02-23 15:00:00+00:00,2023-02-23 15:15:00+00:00,2023-02-23 16:00:00+00:00,4021.75,3996.75,100.0,97.0,1.830188679245283,100.0,50.0,3.0,tp,3,5
futures,ES,reddit_orb_fade,reddit_orb_fade|ny|range=15|entry=150|rr=2|sl_atr=1|tp_atr=1.5|threshold=2|adx_max=none|adx_min=none|rsi2=none|trend=all|max_bars=24,long,7358,7359,7364,2023-02-24 16:15:00+00:00,2023-02-24 16:30:00+00:00,2023-02-24 17:45:00+00:00,3965.0,3957.0,-32.0,-35.0,-1.0,64.0,32.0,3.0,sl,5,5
futures,ES,reddit_orb_fade,reddit_orb_fade|ny|range=15|entry=150|rr=2|sl_atr=1|tp_atr=1.5|threshold=2|adx_max=none|adx_min=none|rsi2=none|trend=all|max_bars=24,long,7444,7445,7447,2023-02-27 14:45:00+00:00,2023-02-27 15:00:00+00:00,2023-02-27 15:30:00+00:00,4014.25,4002.0,-49.0,-52.0,-1.0,98.0,49.0,3.0,sl,2,5
futures,ES,reddit_orb_fade,reddit_orb_fade|ny|range=15|entry=150|rr=2|sl_atr=1|tp_atr=1.5|threshold=2|adx_max=none|adx_min=none|rsi2=none|trend=all|max_bars=24,short,7536,7537,7537,2023-02-28 14:45:00+00:00,2023-02-28 15:00:00+00:00,2023-02-28 15:00:00+00:00,3983.75,3990.75,-28.0,-31.0,-1.0,56.0,28.0,3.0,sl,1,5
futures,ES,reddit_orb_fade,reddit_orb_fade|ny|range=15|entry=150|rr=2|sl_atr=1|tp_atr=1.5|threshold=2|adx_max=none|adx_min=none|rsi2=none|trend=all|max_bars=24,short,7629,7630,7653,2023-03-01 15:00:00+00:00,2023-03-01 15:15:00+00:00,2023-03-01 21:00:00+00:00,3953.0,3957.5,-18.0,-21.0,-0.22826086956521738,178.0,89.0,3.0,session_close,23,5
futures,ES,reddit_orb_fade,reddit_orb_fade|ny|range=15|entry=150|rr=2|sl_atr=1|tp_atr=1.5|threshold=2|adx_max=none|adx_min=none|rsi2=none|trend=all|max_bars=24,long,7813,7814,7829,2023-03-03 15:00:00+00:00,2023-03-03 15:15:00+00:00,2023-03-03 19:00:00+00:00,4012.25,4040.75,114.0,111.0,1.85,114.0,57.0,3.0,tp,15,5
futures,ES,reddit_orb_fade,reddit_orb_fade|ny|range=15|entry=150|rr=2|sl_atr=1|tp_atr=1.5|threshold=2|adx_max=none|adx_min=none|rsi2=none|trend=all|max_bars=24,short,7904,7905,7905,2023-03-06 14:45:00+00:00,2023-03-06 15:00:00+00:00,2023-03-06 15:00:00+00:00,4065.25,4066.5,-5.0,-8.0,-1.0,10.0,5.0,3.0,same_bar_sl,1,5
futures,ES,reddit_orb_fade,reddit_orb_fade|ny|range=15|entry=150|rr=2|sl_atr=1|tp_atr=1.5|threshold=2|adx_max=none|adx_min=none|rsi2=none|trend=all|max_bars=24,short,7996,7997,7997,2023-03-07 14:45:00+00:00,2023-03-07 15:00:00+00:00,2023-03-07 15:00:00+00:00,4050.5,4043.5,28.0,25.0,1.4705882352941178,28.0,14.0,3.0,tp,1,5
futures,ES,reddit_orb_fade,reddit_orb_fade|ny|range=15|entry=150|rr=2|sl_atr=1|tp_atr=1.5|threshold=2|adx_max=none|adx_min=none|rsi2=none|trend=all|max_bars=24,short,8089,8090,8090,2023-03-08 15:00:00+00:00,2023-03-08 15:15:00+00:00,2023-03-08 15:15:00+00:00,3990.25,3997.513721230321,-29.05488492128461,-32.05488492128461,-1.0,58.10976984256922,29.05488492128461,3.0,sl,1,5
futures,ES,reddit_orb_fade,reddit_orb_fade|ny|range=15|entry=150|rr=2|sl_atr=1|tp_atr=1.5|threshold=2|adx_max=none|adx_min=none|rsi2=none|trend=all|max_bars=24,short,8181,8182,8192,2023-03-09 15:00:00+00:00,2023-03-09 15:15:00+00:00,2023-03-09 17:45:00+00:00,4006.25,3983.25,92.0,89.0,1.816326530612245,92.0,46.0,3.0,tp,10,5
futures,ES,reddit_orb_fade,reddit_orb_fade|ny|range=15|entry=150|rr=2|sl_atr=1|tp_atr=1.5|threshold=2|adx_max=none|adx_min=none|rsi2=none|trend=all|max_bars=24,long,8272,8273,8278,2023-03-10 14:45:00+00:00,2023-03-10 15:00:00+00:00,2023-03-10 16:15:00+00:00,3895.25,3928.75,134.0,131.0,1.8714285714285714,134.0,67.0,3.0,tp,5,5
futures,ES,reddit_orb_fade,reddit_orb_fade|ny|range=15|entry=150|rr=2|sl_atr=1|tp_atr=1.5|threshold=2|adx_max=none|adx_min=none|rsi2=none|trend=all|max_bars=24,short,8456,8457,8457,2023-03-14 13:45:00+00:00,2023-03-14 14:00:00+00:00,2023-03-14 14:00:00+00:00,3915.25,3922.5,-29.0,-32.0,-1.0,58.0,29.0,3.0,sl,1,5
futures,ES,reddit_orb_fade,reddit_orb_fade|ny|range=15|entry=150|rr=2|sl_atr=1|tp_atr=1.5|threshold=2|adx_max=none|adx_min=none|rsi2=none|trend=all|max_bars=24,long,8549,8550,8551,2023-03-15 14:00:00+00:00,2023-03-15 14:15:00+00:00,2023-03-15 14:30:00+00:00,3892.5,3882.25,-41.0,-44.0,-1.0,82.0,41.0,3.0,sl,1,5
futures,ES,reddit_orb_fade,reddit_orb_fade|ny|range=15|entry=150|rr=2|sl_atr=1|tp_atr=1.5|threshold=2|adx_max=none|adx_min=none|rsi2=none|trend=all|max_bars=24,short,8641,8642,8643,2023-03-16 14:00:00+00:00,2023-03-16 14:15:00+00:00,2023-03-16 14:30:00+00:00,3904.75,3922.25,-70.0,-73.0,-1.0,140.0,70.0,3.0,sl,1,5
futures,ES,reddit_orb_fade,reddit_orb_fade|ny|range=15|entry=150|rr=2|sl_atr=1|tp_atr=1.5|threshold=2|adx_max=none|adx_min=none|rsi2=none|trend=all|max_bars=24,long,8732,8733,8733,2023-03-17 13:45:00+00:00,2023-03-17 14:00:00+00:00,2023-03-17 14:00:00+00:00,3976.5,3988.5,48.0,45.0,1.6666666666666667,48.0,24.0,3.0,tp,1,5
futures,ES,reddit_orb_fade,reddit_orb_fade|ny|range=15|entry=150|rr=2|sl_atr=1|tp_atr=1.5|threshold=2|adx_max=none|adx_min=none|rsi2=none|trend=all|max_bars=24,short,8824,8825,8825,2023-03-20 13:45:00+00:00,2023-03-20 14:00:00+00:00,2023-03-20 14:00:00+00:00,3963.5,3968.0,-18.0,-21.0,-1.0,36.0,18.0,3.0,sl,1,5
futures,ES,reddit_orb_fade,reddit_orb_fade|ny|range=15|entry=150|rr=2|sl_atr=1|tp_atr=1.5|threshold=2|adx_max=none|adx_min=none|rsi2=none|trend=all|max_bars=24,long,8916,8917,8917,2023-03-21 13:45:00+00:00,2023-03-21 14:00:00+00:00,2023-03-21 14:00:00+00:00,4026.75,4018.25,-34.0,-37.0,-1.0,68.0,34.0,3.0,sl,1,5
futures,ES,reddit_orb_fade,reddit_orb_fade|ny|range=15|entry=150|rr=2|sl_atr=1|tp_atr=1.5|threshold=2|adx_max=none|adx_min=none|rsi2=none|trend=all|max_bars=24,long,9008,9009,9010,2023-03-22 13:45:00+00:00,2023-03-22 14:00:00+00:00,2023-03-22 14:15:00+00:00,4034.25,4044.75,42.0,39.0,1.625,42.0,21.0,3.0,tp,1,5
futures,ES,reddit_orb_fade,reddit_orb_fade|ny|range=15|entry=150|rr=2|sl_atr=1|tp_atr=1.5|threshold=2|adx_max=none|adx_min=none|rsi2=none|trend=all|max_bars=24,short,9100,9101,9101,2023-03-23 13:45:00+00:00,2023-03-23 14:00:00+00:00,2023-03-23 14:00:00+00:00,4005.25,4007.75,-10.0,-13.0,-1.0,20.0,10.0,3.0,sl,1,5
futures,ES,reddit_orb_fade,reddit_orb_fade|ny|range=15|entry=150|rr=2|sl_atr=1|tp_atr=1.5|threshold=2|adx_max=none|adx_min=none|rsi2=none|trend=all|max_bars=24,long,9192,9193,9217,2023-03-24 13:45:00+00:00,2023-03-24 14:00:00+00:00,2023-03-24 20:00:00+00:00,3960.25,4004.25,176.0,173.0,1.8404255319148937,182.0,91.0,3.0,session_close,24,5
futures,ES,reddit_orb_fade,reddit_orb_fade|ny|range=15|entry=150|rr=2|sl_atr=1|tp_atr=1.5|threshold=2|adx_max=none|adx_min=none|rsi2=none|trend=all|max_bars=24,short,9284,9285,9288,2023-03-27 13:45:00+00:00,2023-03-27 14:00:00+00:00,2023-03-27 14:45:00+00:00,4025.25,4007.25,72.0,69.0,1.7692307692307692,72.0,36.0,3.0,tp,3,5
futures,ES,reddit_orb_fade,reddit_orb_fade|ny|range=15|entry=150|rr=2|sl_atr=1|tp_atr=1.5|threshold=2|adx_max=none|adx_min=none|rsi2=none|trend=all|max_bars=24,short,9376,9377,9377,2023-03-28 13:45:00+00:00,2023-03-28 14:00:00+00:00,2023-03-28 14:00:00+00:00,3999.0,4004.75,-23.0,-26.0,-1.0,46.0,23.0,3.0,sl,1,5
futures,ES,reddit_orb_fade,reddit_orb_fade|ny|range=15|entry=150|rr=2|sl_atr=1|tp_atr=1.5|threshold=2|adx_max=none|adx_min=none|rsi2=none|trend=all|max_bars=24,short,9468,9469,9469,2023-03-29 13:45:00+00:00,2023-03-29 14:00:00+00:00,2023-03-29 14:00:00+00:00,4043.25,4046.5,-13.0,-16.0,-1.0,26.0,13.0,3.0,sl,1,5
futures,ES,reddit_orb_fade,reddit_orb_fade|ny|range=15|entry=150|rr=2|sl_atr=1|tp_atr=1.5|threshold=2|adx_max=none|adx_min=none|rsi2=none|trend=all|max_bars=24,short,9561,9562,9585,2023-03-30 14:00:00+00:00,2023-03-30 14:15:00+00:00,2023-03-30 20:00:00+00:00,4074.0,4081.5,-30.0,-33.0,-0.5689655172413793,110.0,55.0,3.0,session_close,23,5
futures,ES,reddit_orb_fade,reddit_orb_fade|ny|range=15|entry=150|rr=2|sl_atr=1|tp_atr=1.5|threshold=2|adx_max=none|adx_min=none|rsi2=none|trend=all|max_bars=24,short,9652,9653,9653,2023-03-31 13:45:00+00:00,2023-03-31 14:00:00+00:00,2023-03-31 14:00:00+00:00,4098.5,4101.75,-13.0,-16.0,-1.0,26.0,13.0,3.0,sl,1,5
futures,ES,reddit_orb_fade,reddit_orb_fade|ny|range=15|entry=150|rr=2|sl_atr=1|tp_atr=1.5|threshold=2|adx_max=none|adx_min=none|rsi2=none|trend=all|max_bars=24,short,9748,9749,9764,2023-04-03 14:45:00+00:00,2023-04-03 15:00:00+00:00,2023-04-03 18:45:00+00:00,4133.75,4147.75,-56.0,-59.0,-1.0,112.0,56.0,3.0,sl,15,5
futures,ES,reddit_orb_fade,reddit_orb_fade|ny|range=15|entry=150|rr=2|sl_atr=1|tp_atr=1.5|threshold=2|adx_max=none|adx_min=none|rsi2=none|trend=all|max_bars=24,long,9836,9837,9838,2023-04-04 13:45:00+00:00,2023-04-04 14:00:00+00:00,2023-04-04 14:15:00+00:00,4154.5,4148.5,-24.0,-27.0,-1.0,48.0,24.0,3.0,sl,1,5
futures,ES,reddit_orb_fade,reddit_orb_fade|ny|range=15|entry=150|rr=2|sl_atr=1|tp_atr=1.5|threshold=2|adx_max=none|adx_min=none|rsi2=none|trend=all|max_bars=24,short,9929,9930,9953,2023-04-05 14:00:00+00:00,2023-04-05 14:15:00+00:00,2023-04-05 20:00:00+00:00,4116.75,4117.75,-4.0,-7.0,-0.14893617021276595,88.0,44.0,3.0,session_close,23,5
futures,ES,reddit_orb_fade,reddit_orb_fade|ny|range=15|entry=150|rr=2|sl_atr=1|tp_atr=1.5|threshold=2|adx_max=none|adx_min=none|rsi2=none|trend=all|max_bars=24,long,10020,10021,10021,2023-04-06 13:45:00+00:00,2023-04-06 14:00:00+00:00,2023-04-06 14:00:00+00:00,4101.25,4110.75,38.0,35.0,1.5909090909090908,38.0,19.0,3.0,tp,1,5
futures,ES,reddit_orb_fade,reddit_orb_fade|ny|range=15|entry=150|rr=2|sl_atr=1|tp_atr=1.5|threshold=2|adx_max=none|adx_min=none|rsi2=none|trend=all|max_bars=24,short,10175,10176,10176,2023-04-10 14:15:00+00:00,2023-04-10 14:30:00+00:00,2023-04-10 14:30:00+00:00,4104.5,4111.0,-26.0,-29.0,-1.0,52.0,26.0,3.0,sl,1,5
futures,ES,reddit_orb_fade,reddit_orb_fade|ny|range=15|entry=150|rr=2|sl_atr=1|tp_atr=1.5|threshold=2|adx_max=none|adx_min=none|rsi2=none|trend=all|max_bars=24,long,10267,10268,10268,2023-04-11 14:15:00+00:00,2023-04-11 14:30:00+00:00,2023-04-11 14:30:00+00:00,4140.0,4133.0,-28.0,-31.0,-1.0,56.0,28.0,3.0,sl,1,5
futures,ES,reddit_orb_fade,reddit_orb_fade|ny|range=15|entry=150|rr=2|sl_atr=1|tp_atr=1.5|threshold=2|adx_max=none|adx_min=none|rsi2=none|trend=all|max_bars=24,long,10358,10359,10360,2023-04-12 14:00:00+00:00,2023-04-12 14:15:00+00:00,2023-04-12 14:30:00+00:00,4154.25,4142.5,-47.0,-50.0,-1.0,94.0,47.0,3.0,sl,1,5
futures,ES,reddit_orb_fade,reddit_orb_fade|ny|range=15|entry=150|rr=2|sl_atr=1|tp_atr=1.5|threshold=2|adx_max=none|adx_min=none|rsi2=none|trend=all|max_bars=24,short,10449,10450,10450,2023-04-13 13:45:00+00:00,2023-04-13 14:00:00+00:00,2023-04-13 14:00:00+00:00,4129.0,4133.0,-16.0,-19.0,-1.0,32.0,16.0,3.0,sl,1,5
futures,ES,reddit_orb_fade,reddit_orb_fade|ny|range=15|entry=150|rr=2|sl_atr=1|tp_atr=1.5|threshold=2|adx_max=none|adx_min=none|rsi2=none|trend=all|max_bars=24,short,10542,10543,10566,2023-04-14 14:00:00+00:00,2023-04-14 14:15:00+00:00,2023-04-14 20:00:00+00:00,4171.0,4166.5,18.0,15.0,0.21428571428571427,134.0,67.0,3.0,session_close,23,5
futures,ES,reddit_orb_fade,reddit_orb_fade|ny|range=15|entry=150|rr=2|sl_atr=1|tp_atr=1.5|threshold=2|adx_max=none|adx_min=none|rsi2=none|trend=all|max_bars=24,long,10637,10638,10638,2023-04-17 14:45:00+00:00,2023-04-17 15:00:00+00:00,2023-04-17 15:00:00+00:00,4161.0,4157.5,-14.0,-17.0,-1.0,28.0,14.0,3.0,sl,1,5
futures,ES,reddit_orb_fade,reddit_orb_fade|ny|range=15|entry=150|rr=2|sl_atr=1|tp_atr=1.5|threshold=2|adx_max=none|adx_min=none|rsi2=none|trend=all|max_bars=24,short,10725,10726,10750,2023-04-18 13:45:00+00:00,2023-04-18 14:00:00+00:00,2023-04-18 20:00:00+00:00,4184.25,4177.75,26.0,23.0,0.5111111111111111,84.0,42.0,3.0,session_close,24,5
futures,ES,reddit_orb_fade,reddit_orb_fade|ny|range=15|entry=150|rr=2|sl_atr=1|tp_atr=1.5|threshold=2|adx_max=none|adx_min=none|rsi2=none|trend=all|max_bars=24,short,10909,10910,10910,2023-04-20 13:45:00+00:00,2023-04-20 14:00:00+00:00,2023-04-20 14:00:00+00:00,4150.5,4157.25,-27.0,-30.0,-1.0,54.0,27.0,3.0,sl,1,5
futures,ES,reddit_orb_fade,reddit_orb_fade|ny|range=15|entry=150|rr=2|sl_atr=1|tp_atr=1.5|threshold=2|adx_max=none|adx_min=none|rsi2=none|trend=all|max_bars=24,short,11003,11004,11004,2023-04-21 14:15:00+00:00,2023-04-21 14:30:00+00:00,2023-04-21 14:30:00+00:00,4154.5,4147.0,30.0,27.0,1.5,30.0,15.0,3.0,tp,1,5
futures,ES,reddit_orb_fade,reddit_orb_fade|ny|range=15|entry=150|rr=2|sl_atr=1|tp_atr=1.5|threshold=2|adx_max=none|adx_min=none|rsi2=none|trend=all|max_bars=24,short,11094,11095,11096,2023-04-24 14:00:00+00:00,2023-04-24 14:15:00+00:00,2023-04-24 14:30:00+00:00,4161.0,4164.0,-12.0,-15.0,-1.0,24.0,12.0,3.0,same_bar_sl,1,5
futures,ES,reddit_orb_fade,reddit_orb_fade|ny|range=15|entry=150|rr=2|sl_atr=1|tp_atr=1.5|threshold=2|adx_max=none|adx_min=none|rsi2=none|trend=all|max_bars=24,long,11277,11278,11278,2023-04-26 13:45:00+00:00,2023-04-26 14:00:00+00:00,2023-04-26 14:00:00+00:00,4100.5,4094.5,-24.0,-27.0,-1.0,48.0,24.0,3.0,sl,1,5
futures,ES,reddit_orb_fade,reddit_orb_fade|ny|range=15|entry=150|rr=2|sl_atr=1|tp_atr=1.5|threshold=2|adx_max=none|adx_min=none|rsi2=none|trend=all|max_bars=24,short,11555,11556,11557,2023-05-01 14:15:00+00:00,2023-05-01 14:30:00+00:00,2023-05-01 14:45:00+00:00,4189.75,4197.75,-32.0,-35.0,-1.0,64.0,32.0,3.0,sl,1,5
futures,ES,reddit_orb_fade,reddit_orb_fade|ny|range=15|entry=150|rr=2|sl_atr=1|tp_atr=1.5|threshold=2|adx_max=none|adx_min=none|rsi2=none|trend=all|max_bars=24,long,11645,11646,11646,2023-05-02 13:45:00+00:00,2023-05-02 14:00:00+00:00,2023-05-02 14:00:00+00:00,4167.25,4165.0,-9.0,-12.0,-1.0,18.0,9.0,3.0,sl,1,5
futures,ES,reddit_orb_fade,reddit_orb_fade|ny|range=15|entry=150|rr=2|sl_atr=1|tp_atr=1.5|threshold=2|adx_max=none|adx_min=none|rsi2=none|trend=all|max_bars=24,short,11738,11739,11751,2023-05-03 14:00:00+00:00,2023-05-03 14:15:00+00:00,2023-05-03 17:15:00+00:00,4143.75,4152.75,-36.0,-39.0,-1.0,72.0,36.0,3.0,sl,12,5
futures,ES,reddit_orb_fade,reddit_orb_fade|ny|range=15|entry=150|rr=2|sl_atr=1|tp_atr=1.5|threshold=2|adx_max=none|adx_min=none|rsi2=none|trend=all|max_bars=24,long,11829,11830,11831,2023-05-04 13:45:00+00:00,2023-05-04 14:00:00+00:00,2023-05-04 14:15:00+00:00,4081.0,4073.75,-29.0,-32.0,-1.0,58.0,29.0,3.0,sl,1,5
futures,ES,reddit_orb_fade,reddit_orb_fade|ny|range=15|entry=150|rr=2|sl_atr=1|tp_atr=1.5|threshold=2|adx_max=none|adx_min=none|rsi2=none|trend=all|max_bars=24,short,11921,11922,11922,2023-05-05 13:45:00+00:00,2023-05-05 14:00:00+00:00,2023-05-05 14:00:00+00:00,4126.5,4128.799704858596,-9.19881943438304,-12.19881943438304,-1.0,18.39763886876608,9.19881943438304,3.0,sl,1,5
futures,ES,reddit_orb_fade,reddit_orb_fade|ny|range=15|entry=150|rr=2|sl_atr=1|tp_atr=1.5|threshold=2|adx_max=none|adx_min=none|rsi2=none|trend=all|max_bars=24,long,12018,12019,12019,2023-05-08 15:00:00+00:00,2023-05-08 15:15:00+00:00,2023-05-08 15:15:00+00:00,4150.25,4148.0,-9.0,-12.0,-1.0,18.0,9.0,3.0,sl,1,5
futures,ES,reddit_orb_fade,reddit_orb_fade|ny|range=15|entry=150|rr=2|sl_atr=1|tp_atr=1.5|threshold=2|adx_max=none|adx_min=none|rsi2=none|trend=all|max_bars=24,short,12106,12107,12121,2023-05-09 14:00:00+00:00,2023-05-09 14:15:00+00:00,2023-05-09 17:45:00+00:00,4134.0,4142.75,-35.0,-38.0,-1.0,70.0,35.0,3.0,sl,14,5
futures,ES,reddit_orb_fade,reddit_orb_fade|ny|range=15|entry=150|rr=2|sl_atr=1|tp_atr=1.5|threshold=2|adx_max=none|adx_min=none|rsi2=none|trend=all|max_bars=24,long,12291,12292,12314,2023-05-11 14:15:00+00:00,2023-05-11 14:30:00+00:00,2023-05-11 20:00:00+00:00,4130.75,4143.25,50.0,47.0,1.175,74.0,37.0,3.0,session_close,22,5
futures,ES,reddit_orb_fade,reddit_orb_fade|ny|range=15|entry=150|rr=2|sl_atr=1|tp_atr=1.5|threshold=2|adx_max=none|adx_min=none|rsi2=none|trend=all|max_bars=24,long,12476,12477,12485,2023-05-15 14:30:00+00:00,2023-05-15 14:45:00+00:00,2023-05-15 16:45:00+00:00,4136.5,4149.0,50.0,47.0,1.6785714285714286,50.0,25.0,3.0,tp,8,5
futures,ES,reddit_orb_fade,reddit_orb_fade|ny|range=15|entry=150|rr=2|sl_atr=1|tp_atr=1.5|threshold=2|adx_max=none|adx_min=none|rsi2=none|trend=all|max_bars=24,short,12565,12566,12590,2023-05-16 13:45:00+00:00,2023-05-16 14:00:00+00:00,2023-05-16 20:00:00+00:00,4136.5,4127.25,37.0,34.0,0.6538461538461539,98.0,49.0,3.0,session_close,24,5
futures,ES,reddit_orb_fade,reddit_orb_fade|ny|range=15|entry=150|rr=2|sl_atr=1|tp_atr=1.5|threshold=2|adx_max=none|adx_min=none|rsi2=none|trend=all|max_bars=24,long,12659,12660,12663,2023-05-17 14:15:00+00:00,2023-05-17 14:30:00+00:00,2023-05-17 15:15:00+00:00,4137.0,4148.0,44.0,41.0,1.64,44.0,22.0,3.0,tp,3,5
futures,ES,reddit_orb_fade,reddit_orb_fade|ny|range=15|entry=150|rr=2|sl_atr=1|tp_atr=1.5|threshold=2|adx_max=none|adx_min=none|rsi2=none|trend=all|max_bars=24,short,12841,12842,12842,2023-05-19 13:45:00+00:00,2023-05-19 14:00:00+00:00,2023-05-19 14:00:00+00:00,4224.0,4220.5,14.0,11.0,1.1,14.0,7.0,3.0,tp,1,5
futures,ES,reddit_orb_fade,reddit_orb_fade|ny|range=15|entry=150|rr=2|sl_atr=1|tp_atr=1.5|threshold=2|adx_max=none|adx_min=none|rsi2=none|trend=all|max_bars=24,short,13029,13030,13031,2023-05-23 14:45:00+00:00,2023-05-23 15:00:00+00:00,2023-05-23 15:15:00+00:00,4190.5,4195.5,-20.0,-23.0,-1.0,40.0,20.0,3.0,sl,1,5
futures,ES,reddit_orb_fade,reddit_orb_fade|ny|range=15|entry=150|rr=2|sl_atr=1|tp_atr=1.5|threshold=2|adx_max=none|adx_min=none|rsi2=none|trend=all|max_bars=24,short,13301,13302,13302,2023-05-26 13:45:00+00:00,2023-05-26 14:00:00+00:00,2023-05-26 14:00:00+00:00,4183.5,4187.5,-16.0,-19.0,-1.0,32.0,16.0,3.0,sl,1,5
futures,ES,reddit_orb_fade,reddit_orb_fade|ny|range=15|entry=150|rr=2|sl_atr=1|tp_atr=1.5|threshold=2|adx_max=none|adx_min=none|rsi2=none|trend=all|max_bars=24,short,13561,13562,13586,2023-05-31 13:45:00+00:00,2023-05-31 14:00:00+00:00,2023-05-31 20:00:00+00:00,4193.5,4189.0,18.0,15.0,0.3191489361702128,88.0,44.0,3.0,session_close,24,5
futures,ES,reddit_orb_fade,reddit_orb_fade|ny|range=15|entry=150|rr=2|sl_atr=1|tp_atr=1.5|threshold=2|adx_max=none|adx_min=none|rsi2=none|trend=all|max_bars=24,long,13653,13654,13654,2023-06-01 13:45:00+00:00,2023-06-01 14:00:00+00:00,2023-06-01 14:00:00+00:00,4182.25,4190.75,34.0,31.0,1.55,34.0,17.0,3.0,tp,1,5
futures,ES,reddit_orb_fade,reddit_orb_fade|ny|range=15|entry=150|rr=2|sl_atr=1|tp_atr=1.5|threshold=2|adx_max=none|adx_min=none|rsi2=none|trend=all|max_bars=24,long,13746,13747,13770,2023-06-02 14:00:00+00:00,2023-06-02 14:15:00+00:00,2023-06-02 20:00:00+00:00,4266.25,4288.75,90.0,87.0,1.2083333333333333,138.0,69.0,3.0,session_close,23,5
futures,ES,reddit_orb_fade,reddit_orb_fade|ny|range=15|entry=150|rr=2|sl_atr=1|tp_atr=1.5|threshold=2|adx_max=none|adx_min=none|rsi2=none|trend=all|max_bars=24,long,13837,13838,13838,2023-06-05 13:45:00+00:00,2023-06-05 14:00:00+00:00,2023-06-05 14:00:00+00:00,4292.0,4288.5,-14.0,-17.0,-1.0,28.0,14.0,3.0,same_bar_sl,1,5
futures,ES,reddit_orb_fade,reddit_orb_fade|ny|range=15|entry=150|rr=2|sl_atr=1|tp_atr=1.5|threshold=2|adx_max=none|adx_min=none|rsi2=none|trend=all|max_bars=24,short,13929,13930,13930,2023-06-06 13:45:00+00:00,2023-06-06 14:00:00+00:00,2023-06-06 14:00:00+00:00,4274.75,4277.0,-9.0,-12.0,-1.0,18.0,9.0,3.0,sl,1,5
futures,ES,reddit_orb_fade,reddit_orb_fade|ny|range=15|entry=150|rr=2|sl_atr=1|tp_atr=1.5|threshold=2|adx_max=none|adx_min=none|rsi2=none|trend=all|max_bars=24,long,14113,14114,14117,2023-06-08 13:45:00+00:00,2023-06-08 14:00:00+00:00,2023-06-08 14:45:00+00:00,4271.25,4284.75,54.0,51.0,1.7,54.0,27.0,3.0,tp,3,5
futures,ES,reddit_orb_fade,reddit_orb_fade|ny|range=15|entry=150|rr=2|sl_atr=1|tp_atr=1.5|threshold=2|adx_max=none|adx_min=none|rsi2=none|trend=all|max_bars=24,short,14205,14206,14206,2023-06-09 13:45:00+00:00,2023-06-09 14:00:00+00:00,2023-06-09 14:00:00+00:00,4315.25,4319.0,-15.0,-18.0,-1.0,30.0,15.0,3.0,sl,1,5
futures,ES,reddit_orb_fade,reddit_orb_fade|ny|range=15|entry=150|rr=2|sl_atr=1|tp_atr=1.5|threshold=2|adx_max=none|adx_min=none|rsi2=none|trend=all|max_bars=24,long,14300,14301,14304,2023-06-12 14:30:00+00:00,2023-06-12 14:45:00+00:00,2023-06-12 15:30:00+00:00,4310.0,4316.0,24.0,21.0,1.4,24.0,12.0,3.0,tp,3,5
futures,ES,reddit_orb_fade,reddit_orb_fade|ny|range=15|entry=150|rr=2|sl_atr=1|tp_atr=1.5|threshold=2|adx_max=none|adx_min=none|rsi2=none|trend=all|max_bars=24,long,14390,14391,14391,2023-06-13 14:00:00+00:00,2023-06-13 14:15:00+00:00,2023-06-13 14:15:00+00:00,4357.5,4352.5,-20.0,-23.0,-1.0,40.0,20.0,3.0,sl,1,5
futures,ES,reddit_orb_fade,reddit_orb_fade|ny|range=15|entry=150|rr=2|sl_atr=1|tp_atr=1.5|threshold=2|adx_max=none|adx_min=none|rsi2=none|trend=all|max_bars=24,long,14759,14760,14770,2023-06-19 14:15:00+00:00,2023-06-19 14:30:00+00:00,2023-06-19 22:00:00+00:00,4446.25,4446.5,1.0,-2.0,-0.14285714285714285,22.0,11.0,3.0,session_close,10,5
futures,ES,reddit_orb_fade,reddit_orb_fade|ny|range=15|entry=150|rr=2|sl_atr=1|tp_atr=1.5|threshold=2|adx_max=none|adx_min=none|rsi2=none|trend=all|max_bars=24,long,14843,14844,14858,2023-06-20 16:15:00+00:00,2023-06-20 16:30:00+00:00,2023-06-20 20:00:00+00:00,4432.75,4429.75,-12.0,-15.0,-0.375,74.0,37.0,3.0,session_close,14,5
futures,ES,reddit_orb_fade,reddit_orb_fade|ny|range=15|entry=150|rr=2|sl_atr=1|tp_atr=1.5|threshold=2|adx_max=none|adx_min=none|rsi2=none|trend=all|max_bars=24,long,14925,14926,14926,2023-06-21 13:45:00+00:00,2023-06-21 14:00:00+00:00,2023-06-21 14:00:00+00:00,4412.5,4408.75,-15.0,-18.0,-1.0,30.0,15.0,3.0,sl,1,5
futures,ES,reddit_orb_fade,reddit_orb_fade|ny|range=15|entry=150|rr=2|sl_atr=1|tp_atr=1.5|threshold=2|adx_max=none|adx_min=none|rsi2=none|trend=all|max_bars=24,short,15109,15110,15110,2023-06-23 13:45:00+00:00,2023-06-23 14:00:00+00:00,2023-06-23 14:00:00+00:00,4391.0,4393.0,-8.0,-11.0,-1.0,16.0,8.0,3.0,sl,1,5
futures,ES,reddit_orb_fade,reddit_orb_fade|ny|range=15|entry=150|rr=2|sl_atr=1|tp_atr=1.5|threshold=2|adx_max=none|adx_min=none|rsi2=none|trend=all|max_bars=24,short,15203,15204,15204,2023-06-26 14:15:00+00:00,2023-06-26 14:30:00+00:00,2023-06-26 14:30:00+00:00,4396.25,4384.25,48.0,45.0,1.6666666666666667,48.0,24.0,3.0,tp,1,5
futures,ES,reddit_orb_fade,reddit_orb_fade|ny|range=15|entry=150|rr=2|sl_atr=1|tp_atr=1.5|threshold=2|adx_max=none|adx_min=none|rsi2=none|trend=all|max_bars=24,long,15294,15295,15297,2023-06-27 14:00:00+00:00,2023-06-27 14:15:00+00:00,2023-06-27 14:45:00+00:00,4379.5,4389.5,40.0,37.0,1.608695652173913,40.0,20.0,3.0,tp,2,5
futures,ES,reddit_orb_fade,reddit_orb_fade|ny|range=15|entry=150|rr=2|sl_atr=1|tp_atr=1.5|threshold=2|adx_max=none|adx_min=none|rsi2=none|trend=all|max_bars=24,short,15385,15386,15386,2023-06-28 13:45:00+00:00,2023-06-28 14:00:00+00:00,2023-06-28 14:00:00+00:00,4407.5,4405.5,8.0,5.0,0.7142857142857143,8.0,4.0,3.0,tp,1,5
futures,ES,reddit_orb_fade,reddit_orb_fade|ny|range=15|entry=150|rr=2|sl_atr=1|tp_atr=1.5|threshold=2|adx_max=none|adx_min=none|rsi2=none|trend=all|max_bars=24,short,15478,15479,15483,2023-06-29 14:00:00+00:00,2023-06-29 14:15:00+00:00,2023-06-29 15:15:00+00:00,4421.0,4428.0,-28.0,-31.0,-1.0,56.0,28.0,3.0,sl,4,5
futures,ES,reddit_orb_fade,reddit_orb_fade|ny|range=15|entry=150|rr=2|sl_atr=1|tp_atr=1.5|threshold=2|adx_max=none|adx_min=none|rsi2=none|trend=all|max_bars=24,short,15576,15577,15579,2023-06-30 15:30:00+00:00,2023-06-30 15:45:00+00:00,2023-06-30 16:15:00+00:00,4474.5,4481.25,-27.0,-30.0,-1.0,54.0,27.0,3.0,sl,2,5
futures,ES,reddit_orb_fade,reddit_orb_fade|ny|range=15|entry=150|rr=2|sl_atr=1|tp_atr=1.5|threshold=2|adx_max=none|adx_min=none|rsi2=none|trend=all|max_bars=24,short,15664,15665,15666,2023-07-03 14:30:00+00:00,2023-07-03 14:45:00+00:00,2023-07-03 15:00:00+00:00,4485.0,4488.75,-15.0,-18.0,-1.0,30.0,15.0,3.0,sl,1,5
futures,ES,reddit_orb_fade,reddit_orb_fade|ny|range=15|entry=150|rr=2|sl_atr=1|tp_atr=1.5|threshold=2|adx_max=none|adx_min=none|rsi2=none|trend=all|max_bars=24,long,15745,15746,15746,2023-07-04 15:30:00+00:00,2023-07-04 15:45:00+00:00,2023-07-04 15:45:00+00:00,4491.0,4490.25,-3.0,-6.0,-1.0,6.0,3.0,3.0,sl,1,5
futures,ES,reddit_orb_fade,reddit_orb_fade|ny|range=15|entry=150|rr=2|sl_atr=1|tp_atr=1.5|threshold=2|adx_max=none|adx_min=none|rsi2=none|trend=all|max_bars=24,long,15916,15917,15925,2023-07-06 16:15:00+00:00,2023-07-06 16:30:00+00:00,2023-07-06 18:30:00+00:00,4437.5,4447.5,40.0,37.0,1.608695652173913,40.0,20.0,3.0,tp,8,5
futures,ES,reddit_orb_fade,reddit_orb_fade|ny|range=15|entry=150|rr=2|sl_atr=1|tp_atr=1.5|threshold=2|adx_max=none|adx_min=none|rsi2=none|trend=all|max_bars=24,short,16000,16001,16003,2023-07-07 14:15:00+00:00,2023-07-07 14:30:00+00:00,2023-07-07 15:00:00+00:00,4443.5,4449.75,-25.0,-28.0,-1.0,50.0,25.0,3.0,sl,2,5
futures,ES,reddit_orb_fade,reddit_orb_fade|ny|range=15|entry=150|rr=2|sl_atr=1|tp_atr=1.5|threshold=2|adx_max=none|adx_min=none|rsi2=none|trend=all|max_bars=24,short,16092,16093,16095,2023-07-10 14:15:00+00:00,2023-07-10 14:30:00+00:00,2023-07-10 15:00:00+00:00,4441.0,4429.5,46.0,43.0,1.6538461538461537,46.0,23.0,3.0,tp,2,5
futures,ES,reddit_orb_fade,reddit_orb_fade|ny|range=15|entry=150|rr=2|sl_atr=1|tp_atr=1.5|threshold=2|adx_max=none|adx_min=none|rsi2=none|trend=all|max_bars=24,short,16280,16281,16281,2023-07-12 15:15:00+00:00,2023-07-12 15:30:00+00:00,2023-07-12 15:30:00+00:00,4514.75,4504.25,42.0,39.0,1.625,42.0,21.0,3.0,tp,1,5
futures,ES,reddit_orb_fade,reddit_orb_fade|ny|range=15|entry=150|rr=2|sl_atr=1|tp_atr=1.5|threshold=2|adx_max=none|adx_min=none|rsi2=none|trend=all|max_bars=24,short,16366,16367,16367,2023-07-13 13:45:00+00:00,2023-07-13 14:00:00+00:00,2023-07-13 14:00:00+00:00,4531.25,4529.25,8.0,5.0,0.7142857142857143,8.0,4.0,3.0,tp,1,5
futures,ES,reddit_orb_fade,reddit_orb_fade|ny|range=15|entry=150|rr=2|sl_atr=1|tp_atr=1.5|threshold=2|adx_max=none|adx_min=none|rsi2=none|trend=all|max_bars=24,long,16459,16460,16461,2023-07-14 14:00:00+00:00,2023-07-14 14:15:00+00:00,2023-07-14 14:30:00+00:00,4557.25,4548.0,-37.0,-40.0,-1.0,74.0,37.0,3.0,sl,1,5
futures,ES,reddit_orb_fade,reddit_orb_fade|ny|range=15|entry=150|rr=2|sl_atr=1|tp_atr=1.5|threshold=2|adx_max=none|adx_min=none|rsi2=none|trend=all|max_bars=24,short,16735,16736,16736,2023-07-19 14:00:00+00:00,2023-07-19 14:15:00+00:00,2023-07-19 14:15:00+00:00,4605.5,4608.5,-12.0,-15.0,-1.0,24.0,12.0,3.0,sl,1,5
futures,ES,reddit_orb_fade,reddit_orb_fade|ny|range=15|entry=150|rr=2|sl_atr=1|tp_atr=1.5|threshold=2|adx_max=none|adx_min=none|rsi2=none|trend=all|max_bars=24,short,16826,16827,16827,2023-07-20 13:45:00+00:00,2023-07-20 14:00:00+00:00,2023-07-20 14:00:00+00:00,4591.25,4585.25,24.0,21.0,1.4,24.0,12.0,3.0,tp,1,5
futures,ES,reddit_orb_fade,reddit_orb_fade|ny|range=15|entry=150|rr=2|sl_atr=1|tp_atr=1.5|threshold=2|adx_max=none|adx_min=none|rsi2=none|trend=all|max_bars=24,long,16923,16924,16929,2023-07-21 15:00:00+00:00,2023-07-21 15:15:00+00:00,2023-07-21 16:30:00+00:00,4578.0,4572.5,-22.0,-25.0,-1.0,44.0,22.0,3.0,sl,5,5
futures,ES,reddit_orb_fade,reddit_orb_fade|ny|range=15|entry=150|rr=2|sl_atr=1|tp_atr=1.5|threshold=2|adx_max=none|adx_min=none|rsi2=none|trend=all|max_bars=24,long,17011,17012,17035,2023-07-24 14:00:00+00:00,2023-07-24 14:15:00+00:00,2023-07-24 20:00:00+00:00,4579.25,4584.25,20.0,17.0,0.4473684210526316,70.0,35.0,3.0,session_close,23,5
futures,ES,reddit_orb_fade,reddit_orb_fade|ny|range=15|entry=150|rr=2|sl_atr=1|tp_atr=1.5|threshold=2|adx_max=none|adx_min=none|rsi2=none|trend=all|max_bars=24,long,17199,17200,17206,2023-07-26 15:00:00+00:00,2023-07-26 15:15:00+00:00,2023-07-26 16:45:00+00:00,4584.75,4580.5,-17.0,-20.0,-1.0,34.0,17.0,3.0,sl,6,5
futures,ES,reddit_orb_fade,reddit_orb_fade|ny|range=15|entry=150|rr=2|sl_atr=1|tp_atr=1.5|threshold=2|adx_max=none|adx_min=none|rsi2=none|trend=all|max_bars=24,short,17378,17379,17379,2023-07-28 13:45:00+00:00,2023-07-28 14:00:00+00:00,2023-07-28 14:00:00+00:00,4599.75,4604.5,-19.0,-22.0,-1.0,38.0,19.0,3.0,sl,1,5
futures,ES,reddit_orb_fade,reddit_orb_fade|ny|range=15|entry=150|rr=2|sl_atr=1|tp_atr=1.5|threshold=2|adx_max=none|adx_min=none|rsi2=none|trend=all|max_bars=24,short,17470,17471,17495,2023-07-31 13:45:00+00:00,2023-07-31 14:00:00+00:00,2023-07-31 20:00:00+00:00,4607.0,4616.75,-39.0,-42.0,-0.8076923076923077,98.0,49.0,3.0,session_close,24,5
futures,ES,reddit_orb_fade,reddit_orb_fade|ny|range=15|entry=150|rr=2|sl_atr=1|tp_atr=1.5|threshold=2|adx_max=none|adx_min=none|rsi2=none|trend=all|max_bars=24,short,17563,17564,17587,2023-08-01 14:00:00+00:00,2023-08-01 14:15:00+00:00,2023-08-01 20:00:00+00:00,4597.0,4598.75,-7.0,-10.0,-0.19230769230769232,98.0,49.0,3.0,session_close,23,5
futures,ES,reddit_orb_fade,reddit_orb_fade|ny|range=15|entry=150|rr=2|sl_atr=1|tp_atr=1.5|threshold=2|adx_max=none|adx_min=none|rsi2=none|trend=all|max_bars=24,short,17746,17747,17747,2023-08-03 13:45:00+00:00,2023-08-03 14:00:00+00:00,2023-08-03 14:00:00+00:00,4518.0,4522.5,-18.0,-21.0,-1.0,36.0,18.0,3.0,sl,1,5
futures,ES,reddit_orb_fade,reddit_orb_fade|ny|range=15|entry=150|rr=2|sl_atr=1|tp_atr=1.5|threshold=2|adx_max=none|adx_min=none|rsi2=none|trend=all|max_bars=24,short,17838,17839,17846,2023-08-04 13:45:00+00:00,2023-08-04 14:00:00+00:00,2023-08-04 15:45:00+00:00,4534.5,4550.75,-65.0,-68.0,-1.0,130.0,65.0,3.0,sl,7,5
futures,ES,reddit_orb_fade,reddit_orb_fade|ny|range=15|entry=150|rr=2|sl_atr=1|tp_atr=1.5|threshold=2|adx_max=none|adx_min=none|rsi2=none|trend=all|max_bars=24,long,17931,17932,17955,2023-08-07 14:00:00+00:00,2023-08-07 14:15:00+00:00,2023-08-07 20:00:00+00:00,4522.0,4539.75,71.0,68.0,1.3877551020408163,92.0,46.0,3.0,session_close,23,5
futures,ES,reddit_orb_fade,reddit_orb_fade|ny|range=15|entry=150|rr=2|sl_atr=1|tp_atr=1.5|threshold=2|adx_max=none|adx_min=none|rsi2=none|trend=all|max_bars=24,long,18114,18115,18116,2023-08-09 13:45:00+00:00,2023-08-09 14:00:00+00:00,2023-08-09 14:15:00+00:00,4512.5,4509.25,-13.0,-16.0,-1.0,26.0,13.0,3.0,sl,1,5
futures,ES,reddit_orb_fade,reddit_orb_fade|ny|range=15|entry=150|rr=2|sl_atr=1|tp_atr=1.5|threshold=2|adx_max=none|adx_min=none|rsi2=none|trend=all|max_bars=24,short,18209,18210,18216,2023-08-10 14:30:00+00:00,2023-08-10 14:45:00+00:00,2023-08-10 16:15:00+00:00,4525.0,4494.0,124.0,121.0,1.8615384615384616,124.0,62.0,3.0,tp,6,5
futures,ES,reddit_orb_fade,reddit_orb_fade|ny|range=15|entry=150|rr=2|sl_atr=1|tp_atr=1.5|threshold=2|adx_max=none|adx_min=none|rsi2=none|trend=all|max_bars=24,short,18304,18305,18306,2023-08-11 15:15:00+00:00,2023-08-11 15:30:00+00:00,2023-08-11 15:45:00+00:00,4471.5,4475.75,-17.0,-20.0,-1.0,34.0,17.0,3.0,sl,1,5
futures,ES,reddit_orb_fade,reddit_orb_fade|ny|range=15|entry=150|rr=2|sl_atr=1|tp_atr=1.5|threshold=2|adx_max=none|adx_min=none|rsi2=none|trend=all|max_bars=24,short,18390,18391,18391,2023-08-14 13:45:00+00:00,2023-08-14 14:00:00+00:00,2023-08-14 14:00:00+00:00,4477.25,4478.5,-5.0,-8.0,-1.0,10.0,5.0,3.0,same_bar_sl,1,5
futures,ES,reddit_orb_fade,reddit_orb_fade|ny|range=15|entry=150|rr=2|sl_atr=1|tp_atr=1.5|threshold=2|adx_max=none|adx_min=none|rsi2=none|trend=all|max_bars=24,short,18574,18575,18583,2023-08-16 13:45:00+00:00,2023-08-16 14:00:00+00:00,2023-08-16 16:00:00+00:00,4458.75,4445.25,54.0,51.0,1.7,54.0,27.0,3.0,tp,8,5
futures,ES,reddit_orb_fade,reddit_orb_fade|ny|range=15|entry=150|rr=2|sl_atr=1|tp_atr=1.5|threshold=2|adx_max=none|adx_min=none|rsi2=none|trend=all|max_bars=24,short,18758,18759,18763,2023-08-18 13:45:00+00:00,2023-08-18 14:00:00+00:00,2023-08-18 15:00:00+00:00,4362.25,4372.75,-42.0,-45.0,-1.0,84.0,42.0,3.0,sl,4,5
futures,ES,reddit_orb_fade,reddit_orb_fade|ny|range=15|entry=150|rr=2|sl_atr=1|tp_atr=1.5|threshold=2|adx_max=none|adx_min=none|rsi2=none|trend=all|max_bars=24,short,18851,18852,18856,2023-08-21 14:00:00+00:00,2023-08-21 14:15:00+00:00,2023-08-21 15:15:00+00:00,4398.75,4379.25,78.0,75.0,1.7857142857142858,78.0,39.0,3.0,tp,4,5
futures,ES,reddit_orb_fade,reddit_orb_fade|ny|range=15|entry=150|rr=2|sl_atr=1|tp_atr=1.5|threshold=2|adx_max=none|adx_min=none|rsi2=none|trend=all|max_bars=24,long,18943,18944,18945,2023-08-22 14:00:00+00:00,2023-08-22 14:15:00+00:00,2023-08-22 14:30:00+00:00,4419.5,4412.5,-28.0,-31.0,-1.0,56.0,28.0,3.0,sl,1,5
futures,ES,reddit_orb_fade,reddit_orb_fade|ny|range=15|entry=150|rr=2|sl_atr=1|tp_atr=1.5|threshold=2|adx_max=none|adx_min=none|rsi2=none|trend=all|max_bars=24,long,19126,19127,19127,2023-08-24 13:45:00+00:00,2023-08-24 14:00:00+00:00,2023-08-24 14:00:00+00:00,4466.0,4450.978362982916,-60.086548068335105,-63.086548068335105,-1.0,120.17309613667021,60.086548068335105,3.0,sl,1,5
futures,ES,reddit_orb_fade,reddit_orb_fade|ny|range=15|entry=150|rr=2|sl_atr=1|tp_atr=1.5|threshold=2|adx_max=none|adx_min=none|rsi2=none|trend=all|max_bars=24,long,19218,19219,19219,2023-08-25 13:45:00+00:00,2023-08-25 14:00:00+00:00,2023-08-25 14:00:00+00:00,4406.0,4400.75,-21.0,-24.0,-1.0,42.0,21.0,3.0,sl,1,5
futures,ES,reddit_orb_fade,reddit_orb_fade|ny|range=15|entry=150|rr=2|sl_atr=1|tp_atr=1.5|threshold=2|adx_max=none|adx_min=none|rsi2=none|trend=all|max_bars=24,long,19310,19311,19314,2023-08-28 13:45:00+00:00,2023-08-28 14:00:00+00:00,2023-08-28 14:45:00+00:00,4441.0,4432.75,-33.0,-36.0,-1.0,66.0,33.0,3.0,sl,3,5
futures,ES,reddit_orb_fade,reddit_orb_fade|ny|range=15|entry=150|rr=2|sl_atr=1|tp_atr=1.5|threshold=2|adx_max=none|adx_min=none|rsi2=none|trend=all|max_bars=24,short,19496,19497,19505,2023-08-30 14:15:00+00:00,2023-08-30 14:30:00+00:00,2023-08-30 16:30:00+00:00,4506.5,4529.5,-92.0,-95.0,-1.0,184.0,92.0,3.0,sl,8,5
futures,ES,reddit_orb_fade,reddit_orb_fade|ny|range=15|entry=150|rr=2|sl_atr=1|tp_atr=1.5|threshold=2|adx_max=none|adx_min=none|rsi2=none|trend=all|max_bars=24,long,19586,19587,19596,2023-08-31 13:45:00+00:00,2023-08-31 14:00:00+00:00,2023-08-31 16:15:00+00:00,4535.75,4525.0,-43.0,-46.0,-1.0,86.0,43.0,3.0,sl,9,5
futures,ES,reddit_orb_fade,reddit_orb_fade|ny|range=15|entry=150|rr=2|sl_atr=1|tp_atr=1.5|threshold=2|adx_max=none|adx_min=none|rsi2=none|trend=all|max_bars=24,long,19678,19679,19682,2023-09-01 13:45:00+00:00,2023-09-01 14:00:00+00:00,2023-09-01 14:45:00+00:00,4533.75,4521.75,-48.0,-51.0,-1.0,96.0,48.0,3.0,sl,3,5
futures,ES,reddit_orb_fade,reddit_orb_fade|ny|range=15|entry=150|rr=2|sl_atr=1|tp_atr=1.5|threshold=2|adx_max=none|adx_min=none|rsi2=none|trend=all|max_bars=24,long,19846,19847,19847,2023-09-05 13:45:00+00:00,2023-09-05 14:00:00+00:00,2023-09-05 14:00:00+00:00,4506.0,4503.75,-9.0,-12.0,-1.0,18.0,9.0,3.0,sl,1,5
futures,ES,reddit_orb_fade,reddit_orb_fade|ny|range=15|entry=150|rr=2|sl_atr=1|tp_atr=1.5|threshold=2|adx_max=none|adx_min=none|rsi2=none|trend=all|max_bars=24,long,20033,20034,20055,2023-09-07 14:30:00+00:00,2023-09-07 14:45:00+00:00,2023-09-07 20:00:00+00:00,4451.25,4456.75,22.0,19.0,0.2676056338028169,136.0,68.0,3.0,session_close,21,5
futures,ES,reddit_orb_fade,reddit_orb_fade|ny|range=15|entry=150|rr=2|sl_atr=1|tp_atr=1.5|threshold=2|adx_max=none|adx_min=none|rsi2=none|trend=all|max_bars=24,short,20126,20127,20128,2023-09-08 14:45:00+00:00,2023-09-08 15:00:00+00:00,2023-09-08 15:15:00+00:00,4465.25,4473.25,-32.0,-35.0,-1.0,64.0,32.0,3.0,sl,1,5
futures,ES,reddit_orb_fade,reddit_orb_fade|ny|range=15|entry=150|rr=2|sl_atr=1|tp_atr=1.5|threshold=2|adx_max=none|adx_min=none|rsi2=none|trend=all|max_bars=24,long,20216,20217,20218,2023-09-11 14:15:00+00:00,2023-09-11 14:30:00+00:00,2023-09-11 14:45:00+00:00,4483.75,4473.75,-40.0,-43.0,-1.0,80.0,40.0,3.0,sl,1,5
futures,ES,reddit_orb_fade,reddit_orb_fade|ny|range=15|entry=150|rr=2|sl_atr=1|tp_atr=1.5|threshold=2|adx_max=none|adx_min=none|rsi2=none|trend=all|max_bars=24,long,20313,20314,20314,2023-09-12 15:30:00+00:00,2023-09-12 15:45:00+00:00,2023-09-12 15:45:00+00:00,4473.75,4476.75,12.0,9.0,1.0,12.0,6.0,3.0,tp,1,5
futures,ES,reddit_orb_fade,reddit_orb_fade|ny|range=15|entry=150|rr=2|sl_atr=1|tp_atr=1.5|threshold=2|adx_max=none|adx_min=none|rsi2=none|trend=all|max_bars=24,long,20400,20401,20423,2023-09-13 14:15:00+00:00,2023-09-13 14:30:00+00:00,2023-09-13 20:00:00+00:00,4514.0,4519.75,23.0,20.0,0.425531914893617,88.0,44.0,3.0,session_close,22,5
futures,ES,reddit_orb_fade,reddit_orb_fade|ny|range=15|entry=150|rr=2|sl_atr=1|tp_atr=1.5|threshold=2|adx_max=none|adx_min=none|rsi2=none|trend=all|max_bars=24,long,20490,20491,20491,2023-09-14 13:45:00+00:00,2023-09-14 14:00:00+00:00,2023-09-14 14:00:00+00:00,4540.5,4531.5,-36.0,-39.0,-1.0,72.0,36.0,3.0,sl,1,5
futures,ES,reddit_orb_fade,reddit_orb_fade|ny|range=15|entry=150|rr=2|sl_atr=1|tp_atr=1.5|threshold=2|adx_max=none|adx_min=none|rsi2=none|trend=all|max_bars=24,long,20674,20675,20680,2023-09-18 13:45:00+00:00,2023-09-18 14:00:00+00:00,2023-09-18 15:15:00+00:00,4494.75,4504.25,38.0,35.0,1.5909090909090908,38.0,19.0,3.0,tp,5,5
futures,ES,reddit_orb_fade,reddit_orb_fade|ny|range=15|entry=150|rr=2|sl_atr=1|tp_atr=1.5|threshold=2|adx_max=none|adx_min=none|rsi2=none|trend=all|max_bars=24,short,20766,20767,20778,2023-09-19 13:45:00+00:00,2023-09-19 14:00:00+00:00,2023-09-19 16:45:00+00:00,4485.5,4464.0,86.0,83.0,1.8043478260869565,86.0,43.0,3.0,tp,11,5
futures,ES,reddit_orb_fade,reddit_orb_fade|ny|range=15|entry=150|rr=2|sl_atr=1|tp_atr=1.5|threshold=2|adx_max=none|adx_min=none|rsi2=none|trend=all|max_bars=24,short,20858,20859,20859,2023-09-20 13:45:00+00:00,2023-09-20 14:00:00+00:00,2023-09-20 14:00:00+00:00,4504.25,4507.25,-12.0,-15.0,-1.0,24.0,12.0,3.0,same_bar_sl,1,5
futures,ES,reddit_orb_fade,reddit_orb_fade|ny|range=15|entry=150|rr=2|sl_atr=1|tp_atr=1.5|threshold=2|adx_max=none|adx_min=none|rsi2=none|trend=all|max_bars=24,long,20953,20954,20954,2023-09-21 14:30:00+00:00,2023-09-21 14:45:00+00:00,2023-09-21 14:45:00+00:00,4407.5,4403.25,-17.0,-20.0,-1.0,34.0,17.0,3.0,sl,1,5
futures,ES,reddit_orb_fade,reddit_orb_fade|ny|range=15|entry=150|rr=2|sl_atr=1|tp_atr=1.5|threshold=2|adx_max=none|adx_min=none|rsi2=none|trend=all|max_bars=24,long,21042,21043,21049,2023-09-22 13:45:00+00:00,2023-09-22 14:00:00+00:00,2023-09-22 15:30:00+00:00,4382.25,4398.25,64.0,61.0,1.7428571428571429,64.0,32.0,3.0,tp,6,5
futures,ES,reddit_orb_fade,reddit_orb_fade|ny|range=15|entry=150|rr=2|sl_atr=1|tp_atr=1.5|threshold=2|adx_max=none|adx_min=none|rsi2=none|trend=all|max_bars=24,short,21136,21137,21140,2023-09-25 14:15:00+00:00,2023-09-25 14:30:00+00:00,2023-09-25 15:15:00+00:00,4351.75,4363.0,-45.0,-48.0,-1.0,90.0,45.0,3.0,sl,3,5
futures,ES,reddit_orb_fade,reddit_orb_fade|ny|range=15|entry=150|rr=2|sl_atr=1|tp_atr=1.5|threshold=2|adx_max=none|adx_min=none|rsi2=none|trend=all|max_bars=24,long,21320,21321,21322,2023-09-27 14:15:00+00:00,2023-09-27 14:30:00+00:00,2023-09-27 14:45:00+00:00,4323.25,4313.25,-40.0,-43.0,-1.0,80.0,40.0,3.0,sl,1,5
futures,ES,reddit_orb_fade,reddit_orb_fade|ny|range=15|entry=150|rr=2|sl_atr=1|tp_atr=1.5|threshold=2|adx_max=none|adx_min=none|rsi2=none|trend=all|max_bars=24,long,21502,21503,21504,2023-09-29 13:45:00+00:00,2023-09-29 14:00:00+00:00,2023-09-29 14:15:00+00:00,4366.25,4358.0,-33.0,-36.0,-1.0,66.0,33.0,3.0,sl,1,5
futures,ES,reddit_orb_fade,reddit_orb_fade|ny|range=15|entry=150|rr=2|sl_atr=1|tp_atr=1.5|threshold=2|adx_max=none|adx_min=none|rsi2=none|trend=all|max_bars=24,long,21594,21595,21595,2023-10-02 13:45:00+00:00,2023-10-02 14:00:00+00:00,2023-10-02 14:00:00+00:00,4318.75,4330.75,48.0,45.0,1.6666666666666667,48.0,24.0,3.0,tp,1,5
futures,ES,reddit_orb_fade,reddit_orb_fade|ny|range=15|entry=150|rr=2|sl_atr=1|tp_atr=1.5|threshold=2|adx_max=none|adx_min=none|rsi2=none|trend=all|max_bars=24,short,21687,21688,21711,2023-10-03 14:00:00+00:00,2023-10-03 14:15:00+00:00,2023-10-03 20:00:00+00:00,4284.25,4267.75,66.0,63.0,0.5121951219512195,240.0,120.0,3.0,session_close,23,5
futures,ES,reddit_orb_fade,reddit_orb_fade|ny|range=15|entry=150|rr=2|sl_atr=1|tp_atr=1.5|threshold=2|adx_max=none|adx_min=none|rsi2=none|trend=all|max_bars=24,long,21781,21782,21801,2023-10-04 14:30:00+00:00,2023-10-04 14:45:00+00:00,2023-10-04 19:30:00+00:00,4269.25,4298.25,116.0,113.0,1.8524590163934427,116.0,58.0,3.0,tp,19,5
futures,ES,reddit_orb_fade,reddit_orb_fade|ny|range=15|entry=150|rr=2|sl_atr=1|tp_atr=1.5|threshold=2|adx_max=none|adx_min=none|rsi2=none|trend=all|max_bars=24,long,21870,21871,21871,2023-10-05 13:45:00+00:00,2023-10-05 14:00:00+00:00,2023-10-05 14:00:00+00:00,4288.0,4279.75,-33.0,-36.0,-1.0,66.0,33.0,3.0,sl,1,5
futures,ES,reddit_orb_fade,reddit_orb_fade|ny|range=15|entry=150|rr=2|sl_atr=1|tp_atr=1.5|threshold=2|adx_max=none|adx_min=none|rsi2=none|trend=all|max_bars=24,long,21962,21963,21963,2023-10-06 13:45:00+00:00,2023-10-06 14:00:00+00:00,2023-10-06 14:00:00+00:00,4265.0,4255.5,-38.0,-41.0,-1.0,76.0,38.0,3.0,sl,1,5
futures,ES,reddit_orb_fade,reddit_orb_fade|ny|range=15|entry=150|rr=2|sl_atr=1|tp_atr=1.5|threshold=2|adx_max=none|adx_min=none|rsi2=none|trend=all|max_bars=24,short,22055,22056,22063,2023-10-09 14:00:00+00:00,2023-10-09 14:15:00+00:00,2023-10-09 16:00:00+00:00,4328.75,4338.0,-37.0,-40.0,-1.0,74.0,37.0,3.0,sl,7,5
futures,ES,reddit_orb_fade,reddit_orb_fade|ny|range=15|entry=150|rr=2|sl_atr=1|tp_atr=1.5|threshold=2|adx_max=none|adx_min=none|rsi2=none|trend=all|max_bars=24,long,22331,22332,22343,2023-10-12 14:00:00+00:00,2023-10-12 14:15:00+00:00,2023-10-12 17:00:00+00:00,4405.5,4393.25,-49.0,-52.0,-1.0,98.0,49.0,3.0,sl,11,5
futures,ES,reddit_orb_fade,reddit_orb_fade|ny|range=15|entry=150|rr=2|sl_atr=1|tp_atr=1.5|threshold=2|adx_max=none|adx_min=none|rsi2=none|trend=all|max_bars=24,long,22607,22608,22631,2023-10-17 14:00:00+00:00,2023-10-17 14:15:00+00:00,2023-10-17 20:00:00+00:00,4386.75,4397.75,44.0,41.0,0.5,158.0,79.0,3.0,session_close,23,5
futures,ES,reddit_orb_fade,reddit_orb_fade|ny|range=15|entry=150|rr=2|sl_atr=1|tp_atr=1.5|threshold=2|adx_max=none|adx_min=none|rsi2=none|trend=all|max_bars=24,long,22698,22699,22699,2023-10-18 13:45:00+00:00,2023-10-18 14:00:00+00:00,2023-10-18 14:00:00+00:00,4380.5,4375.75,-19.0,-22.0,-1.0,38.0,19.0,3.0,sl,1,5
futures,ES,reddit_orb_fade,reddit_orb_fade|ny|range=15|entry=150|rr=2|sl_atr=1|tp_atr=1.5|threshold=2|adx_max=none|adx_min=none|rsi2=none|trend=all|max_bars=24,long,22790,22791,22791,2023-10-19 13:45:00+00:00,2023-10-19 14:00:00+00:00,2023-10-19 14:00:00+00:00,4345.5,4339.75,-23.0,-26.0,-1.0,46.0,23.0,3.0,sl,1,5
futures,ES,reddit_orb_fade,reddit_orb_fade|ny|range=15|entry=150|rr=2|sl_atr=1|tp_atr=1.5|threshold=2|adx_max=none|adx_min=none|rsi2=none|trend=all|max_bars=24,long,23066,23067,23076,2023-10-24 13:45:00+00:00,2023-10-24 14:00:00+00:00,2023-10-24 16:15:00+00:00,4273.5,4259.5,-56.0,-59.0,-1.0,112.0,56.0,3.0,sl,9,5
futures,ES,reddit_orb_fade,reddit_orb_fade|ny|range=15|entry=150|rr=2|sl_atr=1|tp_atr=1.5|threshold=2|adx_max=none|adx_min=none|rsi2=none|trend=all|max_bars=24,long,23158,23159,23159,2023-10-25 13:45:00+00:00,2023-10-25 14:00:00+00:00,2023-10-25 14:00:00+00:00,4236.0,4229.0,-28.0,-31.0,-1.0,56.0,28.0,3.0,sl,1,5
futures,ES,reddit_orb_fade,reddit_orb_fade|ny|range=15|entry=150|rr=2|sl_atr=1|tp_atr=1.5|threshold=2|adx_max=none|adx_min=none|rsi2=none|trend=all|max_bars=24,long,23254,23255,23255,2023-10-26 14:45:00+00:00,2023-10-26 15:00:00+00:00,2023-10-26 15:00:00+00:00,4195.25,4185.75,-38.0,-41.0,-1.0,76.0,38.0,3.0,sl,1,5
futures,ES,reddit_orb_fade,reddit_orb_fade|ny|range=15|entry=150|rr=2|sl_atr=1|tp_atr=1.5|threshold=2|adx_max=none|adx_min=none|rsi2=none|trend=all|max_bars=24,long,23342,23343,23343,2023-10-27 13:45:00+00:00,2023-10-27 14:00:00+00:00,2023-10-27 14:00:00+00:00,4163.5,4156.5,-28.0,-31.0,-1.0,56.0,28.0,3.0,sl,1,5
futures,ES,reddit_orb_fade,reddit_orb_fade|ny|range=15|entry=150|rr=2|sl_atr=1|tp_atr=1.5|threshold=2|adx_max=none|adx_min=none|rsi2=none|trend=all|max_bars=24,short,23435,23436,23448,2023-10-30 14:00:00+00:00,2023-10-30 14:15:00+00:00,2023-10-30 17:15:00+00:00,4169.0,4180.75,-47.0,-50.0,-1.0,94.0,47.0,3.0,sl,12,5
futures,ES,reddit_orb_fade,reddit_orb_fade|ny|range=15|entry=150|rr=2|sl_atr=1|tp_atr=1.5|threshold=2|adx_max=none|adx_min=none|rsi2=none|trend=all|max_bars=24,long,23527,23528,23528,2023-10-31 13:45:00+00:00,2023-10-31 14:00:00+00:00,2023-10-31 14:00:00+00:00,4177.25,4172.25,-20.0,-23.0,-1.0,40.0,20.0,3.0,same_bar_sl,1,5
futures,ES,reddit_orb_fade,reddit_orb_fade|ny|range=15|entry=150|rr=2|sl_atr=1|tp_atr=1.5|threshold=2|adx_max=none|adx_min=none|rsi2=none|trend=all|max_bars=24,short,23804,23805,23813,2023-11-03 14:00:00+00:00,2023-11-03 14:15:00+00:00,2023-11-03 16:15:00+00:00,4369.75,4383.25,-54.0,-57.0,-1.0,108.0,54.0,3.0,sl,8,5
futures,ES,reddit_orb_fade,reddit_orb_fade|ny|range=15|entry=150|rr=2|sl_atr=1|tp_atr=1.5|threshold=2|adx_max=none|adx_min=none|rsi2=none|trend=all|max_bars=24,long,23895,23896,23896,2023-11-06 14:45:00+00:00,2023-11-06 15:00:00+00:00,2023-11-06 15:00:00+00:00,4382.25,4378.0,-17.0,-20.0,-1.0,34.0,17.0,3.0,sl,1,5
futures,ES,reddit_orb_fade,reddit_orb_fade|ny|range=15|entry=150|rr=2|sl_atr=1|tp_atr=1.5|threshold=2|adx_max=none|adx_min=none|rsi2=none|trend=all|max_bars=24,short,23988,23989,23989,2023-11-07 15:00:00+00:00,2023-11-07 15:15:00+00:00,2023-11-07 15:15:00+00:00,4384.25,4387.75,-14.0,-17.0,-1.0,28.0,14.0,3.0,sl,1,5
futures,ES,reddit_orb_fade,reddit_orb_fade|ny|range=15|entry=150|rr=2|sl_atr=1|tp_atr=1.5|threshold=2|adx_max=none|adx_min=none|rsi2=none|trend=all|max_bars=24,short,24079,24080,24080,2023-11-08 14:45:00+00:00,2023-11-08 15:00:00+00:00,2023-11-08 15:00:00+00:00,4404.0,4396.5,30.0,27.0,1.5,30.0,15.0,3.0,tp,1,5
futures,ES,reddit_orb_fade,reddit_orb_fade|ny|range=15|entry=150|rr=2|sl_atr=1|tp_atr=1.5|threshold=2|adx_max=none|adx_min=none|rsi2=none|trend=all|max_bars=24,long,24171,24172,24172,2023-11-09 14:45:00+00:00,2023-11-09 15:00:00+00:00,2023-11-09 15:00:00+00:00,4403.25,4394.25,-36.0,-39.0,-1.0,72.0,36.0,3.0,sl,1,5
futures,ES,reddit_orb_fade,reddit_orb_fade|ny|range=15|entry=150|rr=2|sl_atr=1|tp_atr=1.5|threshold=2|adx_max=none|adx_min=none|rsi2=none|trend=all|max_bars=24,short,24263,24264,24265,2023-11-10 14:45:00+00:00,2023-11-10 15:00:00+00:00,2023-11-10 15:15:00+00:00,4382.0,4373.0,36.0,33.0,1.5714285714285714,36.0,18.0,3.0,tp,1,5
futures,ES,reddit_orb_fade,reddit_orb_fade|ny|range=15|entry=150|rr=2|sl_atr=1|tp_atr=1.5|threshold=2|adx_max=none|adx_min=none|rsi2=none|trend=all|max_bars=24,long,24355,24356,24359,2023-11-13 14:45:00+00:00,2023-11-13 15:00:00+00:00,2023-11-13 15:45:00+00:00,4411.75,4420.75,36.0,33.0,1.5714285714285714,36.0,18.0,3.0,tp,3,5
futures,ES,reddit_orb_fade,reddit_orb_fade|ny|range=15|entry=150|rr=2|sl_atr=1|tp_atr=1.5|threshold=2|adx_max=none|adx_min=none|rsi2=none|trend=all|max_bars=24,long,24539,24540,24541,2023-11-15 14:45:00+00:00,2023-11-15 15:00:00+00:00,2023-11-15 15:15:00+00:00,4522.0,4532.5,42.0,39.0,1.625,42.0,21.0,3.0,tp,1,5
futures,ES,reddit_orb_fade,reddit_orb_fade|ny|range=15|entry=150|rr=2|sl_atr=1|tp_atr=1.5|threshold=2|adx_max=none|adx_min=none|rsi2=none|trend=all|max_bars=24,short,24634,24635,24655,2023-11-16 15:30:00+00:00,2023-11-16 15:45:00+00:00,2023-11-16 20:45:00+00:00,4510.25,4523.75,-54.0,-57.0,-1.0,108.0,54.0,3.0,sl,20,5
futures,ES,reddit_orb_fade,reddit_orb_fade|ny|range=15|entry=150|rr=2|sl_atr=1|tp_atr=1.5|threshold=2|adx_max=none|adx_min=none|rsi2=none|trend=all|max_bars=24,long,24728,24729,24738,2023-11-17 16:00:00+00:00,2023-11-17 16:15:00+00:00,2023-11-17 18:30:00+00:00,4518.75,4530.75,48.0,45.0,1.6666666666666667,48.0,24.0,3.0,tp,9,5
futures,ES,reddit_orb_fade,reddit_orb_fade|ny|range=15|entry=150|rr=2|sl_atr=1|tp_atr=1.5|threshold=2|adx_max=none|adx_min=none|rsi2=none|trend=all|max_bars=24,long,24908,24909,24909,2023-11-21 15:00:00+00:00,2023-11-21 15:15:00+00:00,2023-11-21 15:15:00+00:00,4547.25,4545.5,-7.0,-10.0,-1.0,14.0,7.0,3.0,sl,1,5
futures,ES,reddit_orb_fade,reddit_orb_fade|ny|range=15|entry=150|rr=2|sl_atr=1|tp_atr=1.5|threshold=2|adx_max=none|adx_min=none|rsi2=none|trend=all|max_bars=24,long,25092,25093,25103,2023-11-23 15:00:00+00:00,2023-11-23 15:15:00+00:00,2023-11-23 17:45:00+00:00,4570.0,4568.5,-6.0,-9.0,-1.0,12.0,6.0,3.0,sl,10,5
futures,ES,reddit_orb_fade,reddit_orb_fade|ny|range=15|entry=150|rr=2|sl_atr=1|tp_atr=1.5|threshold=2|adx_max=none|adx_min=none|rsi2=none|trend=all|max_bars=24,long,25167,25168,25171,2023-11-24 14:45:00+00:00,2023-11-24 15:00:00+00:00,2023-11-24 15:45:00+00:00,4568.25,4563.0,-21.0,-24.0,-1.0,42.0,21.0,3.0,sl,3,5
futures,ES,reddit_orb_fade,reddit_orb_fade|ny|range=15|entry=150|rr=2|sl_atr=1|tp_atr=1.5|threshold=2|adx_max=none|adx_min=none|rsi2=none|trend=all|max_bars=24,short,25252,25253,25257,2023-11-27 16:45:00+00:00,2023-11-27 17:00:00+00:00,2023-11-27 18:00:00+00:00,4565.5,4569.25,-15.0,-18.0,-1.0,30.0,15.0,3.0,sl,4,5
futures,ES,reddit_orb_fade,reddit_orb_fade|ny|range=15|entry=150|rr=2|sl_atr=1|tp_atr=1.5|threshold=2|adx_max=none|adx_min=none|rsi2=none|trend=all|max_bars=24,short,25338,25339,25339,2023-11-28 15:15:00+00:00,2023-11-28 15:30:00+00:00,2023-11-28 15:30:00+00:00,4555.0,4557.25,-9.0,-12.0,-1.0,18.0,9.0,3.0,sl,1,5
futures,ES,reddit_orb_fade,reddit_orb_fade|ny|range=15|entry=150|rr=2|sl_atr=1|tp_atr=1.5|threshold=2|adx_max=none|adx_min=none|rsi2=none|trend=all|max_bars=24,short,25429,25430,25453,2023-11-29 15:00:00+00:00,2023-11-29 15:15:00+00:00,2023-11-29 21:00:00+00:00,4580.75,4564.75,64.0,61.0,0.9242424242424242,126.0,63.0,3.0,session_close,23,5
futures,ES,reddit_orb_fade,reddit_orb_fade|ny|range=15|entry=150|rr=2|sl_atr=1|tp_atr=1.5|threshold=2|adx_max=none|adx_min=none|rsi2=none|trend=all|max_bars=24,long,25520,25521,25524,2023-11-30 14:45:00+00:00,2023-11-30 15:00:00+00:00,2023-11-30 15:45:00+00:00,4563.5,4552.5,-44.0,-47.0,-1.0,88.0,44.0,3.0,sl,3,5
futures,ES,reddit_orb_fade,reddit_orb_fade|ny|range=15|entry=150|rr=2|sl_atr=1|tp_atr=1.5|threshold=2|adx_max=none|adx_min=none|rsi2=none|trend=all|max_bars=24,short,25614,25615,25616,2023-12-01 15:15:00+00:00,2023-12-01 15:30:00+00:00,2023-12-01 15:45:00+00:00,4567.5,4574.5,-28.0,-31.0,-1.0,56.0,28.0,3.0,sl,1,5
futures,ES,reddit_orb_fade,reddit_orb_fade|ny|range=15|entry=150|rr=2|sl_atr=1|tp_atr=1.5|threshold=2|adx_max=none|adx_min=none|rsi2=none|trend=all|max_bars=24,short,25704,25705,25728,2023-12-04 14:45:00+00:00,2023-12-04 15:00:00+00:00,2023-12-04 20:45:00+00:00,4569.75,4578.5,-35.0,-38.0,-1.0,70.0,35.0,3.0,sl,23,5
futures,ES,reddit_orb_fade,reddit_orb_fade|ny|range=15|entry=150|rr=2|sl_atr=1|tp_atr=1.5|threshold=2|adx_max=none|adx_min=none|rsi2=none|trend=all|max_bars=24,short,25796,25797,25797,2023-12-05 14:45:00+00:00,2023-12-05 15:00:00+00:00,2023-12-05 15:00:00+00:00,4564.0,4567.5,-14.0,-17.0,-1.0,28.0,14.0,3.0,sl,1,5
futures,ES,reddit_orb_fade,reddit_orb_fade|ny|range=15|entry=150|rr=2|sl_atr=1|tp_atr=1.5|threshold=2|adx_max=none|adx_min=none|rsi2=none|trend=all|max_bars=24,long,25889,25890,25890,2023-12-06 15:00:00+00:00,2023-12-06 15:15:00+00:00,2023-12-06 15:15:00+00:00,4591.0,4583.25,-31.0,-34.0,-1.0,62.0,31.0,3.0,sl,1,5
futures,ES,reddit_orb_fade,reddit_orb_fade|ny|range=15|entry=150|rr=2|sl_atr=1|tp_atr=1.5|threshold=2|adx_max=none|adx_min=none|rsi2=none|trend=all|max_bars=24,long,25981,25982,26005,2023-12-07 15:00:00+00:00,2023-12-07 15:15:00+00:00,2023-12-07 21:00:00+00:00,4580.25,4587.25,28.0,25.0,0.6097560975609756,76.0,38.0,3.0,session_close,23,5
futures,ES,reddit_orb_fade,reddit_orb_fade|ny|range=15|entry=150|rr=2|sl_atr=1|tp_atr=1.5|threshold=2|adx_max=none|adx_min=none|rsi2=none|trend=all|max_bars=24,short,26072,26073,26073,2023-12-08 14:45:00+00:00,2023-12-08 15:00:00+00:00,2023-12-08 15:00:00+00:00,4587.75,4593.5,-23.0,-26.0,-1.0,46.0,23.0,3.0,sl,1,5
futures,ES,reddit_orb_fade,reddit_orb_fade|ny|range=15|entry=150|rr=2|sl_atr=1|tp_atr=1.5|threshold=2|adx_max=none|adx_min=none|rsi2=none|trend=all|max_bars=24,short,26166,26167,26167,2023-12-11 15:15:00+00:00,2023-12-11 15:30:00+00:00,2023-12-11 15:30:00+00:00,4607.25,4611.0,-15.0,-18.0,-1.0,30.0,15.0,3.0,sl,1,5
futures,ES,reddit_orb_fade,reddit_orb_fade|ny|range=15|entry=150|rr=2|sl_atr=1|tp_atr=1.5|threshold=2|adx_max=none|adx_min=none|rsi2=none|trend=all|max_bars=24,long,26349,26350,26361,2023-12-13 15:00:00+00:00,2023-12-13 15:15:00+00:00,2023-12-13 18:00:00+00:00,4701.75,4697.5,-17.0,-20.0,-1.0,34.0,17.0,3.0,sl,11,5
futures,ES,reddit_orb_fade,reddit_orb_fade|ny|range=15|entry=150|rr=2|sl_atr=1|tp_atr=1.5|threshold=2|adx_max=none|adx_min=none|rsi2=none|trend=all|max_bars=24,short,26440,26441,26442,2023-12-14 14:45:00+00:00,2023-12-14 15:00:00+00:00,2023-12-14 15:15:00+00:00,4785.75,4773.75,48.0,45.0,1.6666666666666667,48.0,24.0,3.0,tp,1,5
futures,ES,reddit_orb_fade,reddit_orb_fade|ny|range=15|entry=150|rr=2|sl_atr=1|tp_atr=1.5|threshold=2|adx_max=none|adx_min=none|rsi2=none|trend=all|max_bars=24,short,26532,26533,26534,2023-12-15 14:45:00+00:00,2023-12-15 15:00:00+00:00,2023-12-15 15:15:00+00:00,4764.25,4771.25,-28.0,-31.0,-1.0,56.0,28.0,3.0,sl,1,5
futures,ES,reddit_orb_fade,reddit_orb_fade|ny|range=15|entry=150|rr=2|sl_atr=1|tp_atr=1.5|threshold=2|adx_max=none|adx_min=none|rsi2=none|trend=all|max_bars=24,short,26628,26629,26629,2023-12-18 15:45:00+00:00,2023-12-18 16:00:00+00:00,2023-12-18 16:00:00+00:00,4785.0,4787.25,-9.0,-12.0,-1.0,18.0,9.0,3.0,sl,1,5
futures,ES,reddit_orb_fade,reddit_orb_fade|ny|range=15|entry=150|rr=2|sl_atr=1|tp_atr=1.5|threshold=2|adx_max=none|adx_min=none|rsi2=none|trend=all|max_bars=24,long,26901,26902,26908,2023-12-21 15:00:00+00:00,2023-12-21 15:15:00+00:00,2023-12-21 16:45:00+00:00,4781.5,4773.0,-34.0,-37.0,-1.0,68.0,34.0,3.0,sl,6,5
futures,ES,reddit_orb_fade,reddit_orb_fade|ny|range=15|entry=150|rr=2|sl_atr=1|tp_atr=1.5|threshold=2|adx_max=none|adx_min=none|rsi2=none|trend=all|max_bars=24,short,26992,26993,26997,2023-12-22 14:45:00+00:00,2023-12-22 15:00:00+00:00,2023-12-22 16:00:00+00:00,4817.25,4808.25,36.0,33.0,1.5714285714285714,36.0,18.0,3.0,tp,4,5
futures,ES,reddit_orb_fade,reddit_orb_fade|ny|range=15|entry=150|rr=2|sl_atr=1|tp_atr=1.5|threshold=2|adx_max=none|adx_min=none|rsi2=none|trend=all|max_bars=24,short,27084,27085,27085,2023-12-26 14:45:00+00:00,2023-12-26 15:00:00+00:00,2023-12-26 15:00:00+00:00,4815.0,4816.25,-5.0,-8.0,-1.0,10.0,5.0,3.0,sl,1,5
futures,ES,reddit_orb_fade,reddit_orb_fade|ny|range=15|entry=150|rr=2|sl_atr=1|tp_atr=1.5|threshold=2|adx_max=none|adx_min=none|rsi2=none|trend=all|max_bars=24,short,27176,27177,27177,2023-12-27 14:45:00+00:00,2023-12-27 15:00:00+00:00,2023-12-27 15:00:00+00:00,4827.5,4829.0,-6.0,-9.0,-1.0,12.0,6.0,3.0,same_bar_sl,1,5
futures,ES,reddit_orb_fade,reddit_orb_fade|ny|range=15|entry=150|rr=2|sl_atr=1|tp_atr=1.5|threshold=2|adx_max=none|adx_min=none|rsi2=none|trend=all|max_bars=24,short,27271,27272,27272,2023-12-28 15:30:00+00:00,2023-12-28 15:45:00+00:00,2023-12-28 15:45:00+00:00,4836.5,4838.25,-7.0,-10.0,-1.0,14.0,7.0,3.0,sl,1,5
futures,ES,reddit_orb_fade,reddit_orb_fade|ny|range=15|entry=150|rr=2|sl_atr=1|tp_atr=1.5|threshold=2|adx_max=none|adx_min=none|rsi2=none|trend=all|max_bars=24,short,27361,27362,27364,2023-12-29 15:00:00+00:00,2023-12-29 15:15:00+00:00,2023-12-29 15:45:00+00:00,4830.75,4822.25,34.0,31.0,1.55,34.0,17.0,3.0,tp,2,5
futures,ES,reddit_orb_fade,reddit_orb_fade|ny|range=15|entry=150|rr=2|sl_atr=1|tp_atr=1.5|threshold=2|adx_max=none|adx_min=none|rsi2=none|trend=all|max_bars=24,long,27452,27453,27455,2024-01-02 14:45:00+00:00,2024-01-02 15:00:00+00:00,2024-01-02 15:30:00+00:00,4783.0,4774.0,-36.0,-39.0,-1.0,72.0,36.0,3.0,sl,2,5
futures,ES,reddit_orb_fade,reddit_orb_fade|ny|range=15|entry=150|rr=2|sl_atr=1|tp_atr=1.5|threshold=2|adx_max=none|adx_min=none|rsi2=none|trend=all|max_bars=24,short,27545,27546,27562,2024-01-03 15:00:00+00:00,2024-01-03 15:15:00+00:00,2024-01-03 19:15:00+00:00,4753.75,4769.5,-63.0,-66.0,-1.0,126.0,63.0,3.0,sl,16,5
futures,ES,reddit_orb_fade,reddit_orb_fade|ny|range=15|entry=150|rr=2|sl_atr=1|tp_atr=1.5|threshold=2|adx_max=none|adx_min=none|rsi2=none|trend=all|max_bars=24,short,27728,27729,27729,2024-01-05 14:45:00+00:00,2024-01-05 15:00:00+00:00,2024-01-05 15:00:00+00:00,4737.0,4741.5,-18.0,-21.0,-1.0,36.0,18.0,3.0,sl,1,5
futures,ES,reddit_orb_fade,reddit_orb_fade|ny|range=15|entry=150|rr=2|sl_atr=1|tp_atr=1.5|threshold=2|adx_max=none|adx_min=none|rsi2=none|trend=all|max_bars=24,long,27912,27913,27920,2024-01-09 14:45:00+00:00,2024-01-09 15:00:00+00:00,2024-01-09 16:45:00+00:00,4775.5,4791.5,64.0,61.0,1.7428571428571429,64.0,32.0,3.0,tp,7,5
futures,ES,reddit_orb_fade,reddit_orb_fade|ny|range=15|entry=150|rr=2|sl_atr=1|tp_atr=1.5|threshold=2|adx_max=none|adx_min=none|rsi2=none|trend=all|max_bars=24,long,28005,28006,28017,2024-01-10 15:00:00+00:00,2024-01-10 15:15:00+00:00,2024-01-10 18:00:00+00:00,4798.5,4811.0,50.0,47.0,1.6785714285714286,50.0,25.0,3.0,tp,11,5
futures,ES,reddit_orb_fade,reddit_orb_fade|ny|range=15|entry=150|rr=2|sl_atr=1|tp_atr=1.5|threshold=2|adx_max=none|adx_min=none|rsi2=none|trend=all|max_bars=24,short,28188,28189,28213,2024-01-12 14:45:00+00:00,2024-01-12 15:00:00+00:00,2024-01-12 21:00:00+00:00,4821.75,4813.5,33.0,30.0,0.4815439648912371,118.59921497209871,59.299607486049354,3.0,session_close,24,5
futures,ES,reddit_orb_fade,reddit_orb_fade|ny|range=15|entry=150|rr=2|sl_atr=1|tp_atr=1.5|threshold=2|adx_max=none|adx_min=none|rsi2=none|trend=all|max_bars=24,long,28280,28281,28293,2024-01-15 14:45:00+00:00,2024-01-15 15:00:00+00:00,2024-01-15 23:00:00+00:00,4811.25,4812.25,4.0,1.0,0.08333333333333333,18.0,9.0,3.0,session_close,12,5
futures,ES,reddit_orb_fade,reddit_orb_fade|ny|range=15|entry=150|rr=2|sl_atr=1|tp_atr=1.5|threshold=2|adx_max=none|adx_min=none|rsi2=none|trend=all|max_bars=24,long,28356,28357,28359,2024-01-16 14:45:00+00:00,2024-01-16 15:00:00+00:00,2024-01-16 15:30:00+00:00,4793.75,4814.25,82.0,79.0,1.7954545454545454,82.0,41.0,3.0,tp,2,5
futures,ES,reddit_orb_fade,reddit_orb_fade|ny|range=15|entry=150|rr=2|sl_atr=1|tp_atr=1.5|threshold=2|adx_max=none|adx_min=none|rsi2=none|trend=all|max_bars=24,long,28448,28449,28449,2024-01-17 14:45:00+00:00,2024-01-17 15:00:00+00:00,2024-01-17 15:00:00+00:00,4761.0,4767.0,24.0,21.0,1.4,24.0,12.0,3.0,tp,1,5
futures,ES,reddit_orb_fade,reddit_orb_fade|ny|range=15|entry=150|rr=2|sl_atr=1|tp_atr=1.5|threshold=2|adx_max=none|adx_min=none|rsi2=none|trend=all|max_bars=24,long,28540,28541,28541,2024-01-18 14:45:00+00:00,2024-01-18 15:00:00+00:00,2024-01-18 15:00:00+00:00,4784.5,4779.75,-19.0,-22.0,-1.0,38.0,19.0,3.0,sl,1,5
futures,ES,reddit_orb_fade,reddit_orb_fade|ny|range=15|entry=150|rr=2|sl_atr=1|tp_atr=1.5|threshold=2|adx_max=none|adx_min=none|rsi2=none|trend=all|max_bars=24,short,28633,28634,28636,2024-01-19 15:00:00+00:00,2024-01-19 15:15:00+00:00,2024-01-19 15:45:00+00:00,4819.25,4829.75,-42.0,-45.0,-1.0,84.0,42.0,3.0,sl,2,5
futures,ES,reddit_orb_fade,reddit_orb_fade|ny|range=15|entry=150|rr=2|sl_atr=1|tp_atr=1.5|threshold=2|adx_max=none|adx_min=none|rsi2=none|trend=all|max_bars=24,short,28726,28727,28729,2024-01-22 15:15:00+00:00,2024-01-22 15:30:00+00:00,2024-01-22 16:00:00+00:00,4890.0,4876.5,54.0,51.0,1.7,54.0,27.0,3.0,tp,2,5
futures,ES,reddit_orb_fade,reddit_orb_fade|ny|range=15|entry=150|rr=2|sl_atr=1|tp_atr=1.5|threshold=2|adx_max=none|adx_min=none|rsi2=none|trend=all|max_bars=24,long,28818,28819,28819,2024-01-23 15:15:00+00:00,2024-01-23 15:30:00+00:00,2024-01-23 15:30:00+00:00,4884.0,4879.25,-19.0,-22.0,-1.0,38.0,19.0,3.0,sl,1,5
futures,ES,reddit_orb_fade,reddit_orb_fade|ny|range=15|entry=150|rr=2|sl_atr=1|tp_atr=1.5|threshold=2|adx_max=none|adx_min=none|rsi2=none|trend=all|max_bars=24,long,28909,28910,28920,2024-01-24 15:00:00+00:00,2024-01-24 15:15:00+00:00,2024-01-24 17:45:00+00:00,4916.75,4932.25,62.0,59.0,1.7352941176470589,62.0,31.0,3.0,tp,10,5
futures,ES,reddit_orb_fade,reddit_orb_fade|ny|range=15|entry=150|rr=2|sl_atr=1|tp_atr=1.5|threshold=2|adx_max=none|adx_min=none|rsi2=none|trend=all|max_bars=24,short,29001,29002,29002,2024-01-25 15:00:00+00:00,2024-01-25 15:15:00+00:00,2024-01-25 15:15:00+00:00,4919.25,4922.75,-14.0,-17.0,-1.0,28.0,14.0,3.0,sl,1,5
futures,ES,reddit_orb_fade,reddit_orb_fade|ny|range=15|entry=150|rr=2|sl_atr=1|tp_atr=1.5|threshold=2|adx_max=none|adx_min=none|rsi2=none|trend=all|max_bars=24,long,29092,29093,29093,2024-01-26 14:45:00+00:00,2024-01-26 15:00:00+00:00,2024-01-26 15:00:00+00:00,4919.25,4914.75,-18.0,-21.0,-1.0,36.0,18.0,3.0,sl,1,5
futures,ES,reddit_orb_fade,reddit_orb_fade|ny|range=15|entry=150|rr=2|sl_atr=1|tp_atr=1.5|threshold=2|adx_max=none|adx_min=none|rsi2=none|trend=all|max_bars=24,short,29185,29186,29186,2024-01-29 15:00:00+00:00,2024-01-29 15:15:00+00:00,2024-01-29 15:15:00+00:00,4922.75,4924.0,-5.0,-8.0,-1.0,10.0,5.0,3.0,same_bar_sl,1,5
futures,ES,reddit_orb_fade,reddit_orb_fade|ny|range=15|entry=150|rr=2|sl_atr=1|tp_atr=1.5|threshold=2|adx_max=none|adx_min=none|rsi2=none|trend=all|max_bars=24,short,29277,29278,29284,2024-01-30 15:00:00+00:00,2024-01-30 15:15:00+00:00,2024-01-30 16:45:00+00:00,4949.0,4954.0,-20.0,-23.0,-1.0,40.0,20.0,3.0,sl,6,5
futures,ES,reddit_orb_fade,reddit_orb_fade|ny|range=15|entry=150|rr=2|sl_atr=1|tp_atr=1.5|threshold=2|adx_max=none|adx_min=none|rsi2=none|trend=all|max_bars=24,short,29460,29461,29461,2024-02-01 14:45:00+00:00,2024-02-01 15:00:00+00:00,2024-02-01 15:00:00+00:00,4887.0,4894.75,-31.0,-34.0,-1.0,62.0,31.0,3.0,sl,1,5
futures,ES,reddit_orb_fade,reddit_orb_fade|ny|range=15|entry=150|rr=2|sl_atr=1|tp_atr=1.5|threshold=2|adx_max=none|adx_min=none|rsi2=none|trend=all|max_bars=24,short,29736,29737,29761,2024-02-06 14:45:00+00:00,2024-02-06 15:00:00+00:00,2024-02-06 21:00:00+00:00,4964.75,4969.0,-17.0,-20.0,-0.3508771929824561,108.0,54.0,3.0,session_close,24,5
futures,ES,reddit_orb_fade,reddit_orb_fade|ny|range=15|entry=150|rr=2|sl_atr=1|tp_atr=1.5|threshold=2|adx_max=none|adx_min=none|rsi2=none|trend=all|max_bars=24,long,29828,29829,29829,2024-02-07 14:45:00+00:00,2024-02-07 15:00:00+00:00,2024-02-07 15:00:00+00:00,4993.25,5003.75,42.0,39.0,1.625,42.0,21.0,3.0,tp,1,5
futures,ES,reddit_orb_fade,reddit_orb_fade|ny|range=15|entry=150|rr=2|sl_atr=1|tp_atr=1.5|threshold=2|adx_max=none|adx_min=none|rsi2=none|trend=all|max_bars=24,long,29922,29923,29923,2024-02-08 15:15:00+00:00,2024-02-08 15:30:00+00:00,2024-02-08 15:30:00+00:00,5010.75,5008.5,-9.0,-12.0,-1.0,18.0,9.0,3.0,sl,1,5
futures,ES,reddit_orb_fade,reddit_orb_fade|ny|range=15|entry=150|rr=2|sl_atr=1|tp_atr=1.5|threshold=2|adx_max=none|adx_min=none|rsi2=none|trend=all|max_bars=24,long,30106,30107,30108,2024-02-12 15:15:00+00:00,2024-02-12 15:30:00+00:00,2024-02-12 15:45:00+00:00,5044.5,5051.0,26.0,23.0,1.4375,26.0,13.0,3.0,tp,1,5
futures,ES,reddit_orb_fade,reddit_orb_fade|ny|range=15|entry=150|rr=2|sl_atr=1|tp_atr=1.5|threshold=2|adx_max=none|adx_min=none|rsi2=none|trend=all|max_bars=24,long,30198,30199,30213,2024-02-13 15:15:00+00:00,2024-02-13 15:30:00+00:00,2024-02-13 19:00:00+00:00,4978.75,4961.75,-68.0,-71.0,-1.0,136.0,68.0,3.0,sl,14,5
futures,ES,reddit_orb_fade,reddit_orb_fade|ny|range=15|entry=150|rr=2|sl_atr=1|tp_atr=1.5|threshold=2|adx_max=none|adx_min=none|rsi2=none|trend=all|max_bars=24,short,30291,30292,30297,2024-02-14 15:30:00+00:00,2024-02-14 15:45:00+00:00,2024-02-14 17:00:00+00:00,4998.25,4978.25,80.0,77.0,1.7906976744186047,80.0,40.0,3.0,tp,5,5
futures,ES,reddit_orb_fade,reddit_orb_fade|ny|range=15|entry=150|rr=2|sl_atr=1|tp_atr=1.5|threshold=2|adx_max=none|adx_min=none|rsi2=none|trend=all|max_bars=24,short,30380,30381,30382,2024-02-15 14:45:00+00:00,2024-02-15 15:00:00+00:00,2024-02-15 15:15:00+00:00,5022.75,5030.0,-29.0,-32.0,-1.0,58.0,29.0,3.0,sl,1,5
futures,ES,reddit_orb_fade,reddit_orb_fade|ny|range=15|entry=150|rr=2|sl_atr=1|tp_atr=1.5|threshold=2|adx_max=none|adx_min=none|rsi2=none|trend=all|max_bars=24,long,30476,30477,30477,2024-02-16 15:45:00+00:00,2024-02-16 16:00:00+00:00,2024-02-16 16:00:00+00:00,5035.0,5042.0,28.0,25.0,1.4705882352941178,28.0,14.0,3.0,tp,1,5
futures,ES,reddit_orb_fade,reddit_orb_fade|ny|range=15|entry=150|rr=2|sl_atr=1|tp_atr=1.5|threshold=2|adx_max=none|adx_min=none|rsi2=none|trend=all|max_bars=24,short,30564,30565,30566,2024-02-19 14:45:00+00:00,2024-02-19 15:00:00+00:00,2024-02-19 15:15:00+00:00,5027.75,5025.75,8.0,5.0,0.7142857142857143,8.0,4.0,3.0,tp,1,5
futures,ES,reddit_orb_fade,reddit_orb_fade|ny|range=15|entry=150|rr=2|sl_atr=1|tp_atr=1.5|threshold=2|adx_max=none|adx_min=none|rsi2=none|trend=all|max_bars=24,long,30732,30733,30733,2024-02-21 14:45:00+00:00,2024-02-21 15:00:00+00:00,2024-02-21 15:00:00+00:00,4976.5,4983.5,28.0,25.0,1.4705882352941178,28.0,14.0,3.0,tp,1,5
futures,ES,reddit_orb_fade,reddit_orb_fade|ny|range=15|entry=150|rr=2|sl_atr=1|tp_atr=1.5|threshold=2|adx_max=none|adx_min=none|rsi2=none|trend=all|max_bars=24,short,30916,30917,30919,2024-02-23 14:45:00+00:00,2024-02-23 15:00:00+00:00,2024-02-23 15:30:00+00:00,5119.0,5110.0,36.0,33.0,1.5714285714285714,36.0,18.0,3.0,tp,2,5
futures,ES,reddit_orb_fade,reddit_orb_fade|ny|range=15|entry=150|rr=2|sl_atr=1|tp_atr=1.5|threshold=2|adx_max=none|adx_min=none|rsi2=none|trend=all|max_bars=24,long,31008,31009,31011,2024-02-26 14:45:00+00:00,2024-02-26 15:00:00+00:00,2024-02-26 15:30:00+00:00,5102.75,5097.75,-20.0,-23.0,-1.0,40.0,20.0,3.0,sl,2,5
futures,ES,reddit_orb_fade,reddit_orb_fade|ny|range=15|entry=150|rr=2|sl_atr=1|tp_atr=1.5|threshold=2|adx_max=none|adx_min=none|rsi2=none|trend=all|max_bars=24,long,31107,31108,31108,2024-02-27 16:30:00+00:00,2024-02-27 16:45:00+00:00,2024-02-27 16:45:00+00:00,5075.25,5078.25,12.0,9.0,1.0,12.0,6.0,3.0,tp,1,5
futures,ES,reddit_orb_fade,reddit_orb_fade|ny|range=15|entry=150|rr=2|sl_atr=1|tp_atr=1.5|threshold=2|adx_max=none|adx_min=none|rsi2=none|trend=all|max_bars=24,long,31192,31193,31193,2024-02-28 14:45:00+00:00,2024-02-28 15:00:00+00:00,2024-02-28 15:00:00+00:00,5072.0,5079.0,28.0,25.0,1.4705882352941178,28.0,14.0,3.0,tp,1,5
futures,ES,reddit_orb_fade,reddit_orb_fade|ny|range=15|entry=150|rr=2|sl_atr=1|tp_atr=1.5|threshold=2|adx_max=none|adx_min=none|rsi2=none|trend=all|max_bars=24,long,31376,31377,31377,2024-03-01 14:45:00+00:00,2024-03-01 15:00:00+00:00,2024-03-01 15:00:00+00:00,5107.0,5118.5,46.0,43.0,1.6538461538461537,46.0,23.0,3.0,tp,1,5
futures,ES,reddit_orb_fade,reddit_orb_fade|ny|range=15|entry=150|rr=2|sl_atr=1|tp_atr=1.5|threshold=2|adx_max=none|adx_min=none|rsi2=none|trend=all|max_bars=24,short,31468,31469,31469,2024-03-04 14:45:00+00:00,2024-03-04 15:00:00+00:00,2024-03-04 15:00:00+00:00,5140.5,5138.5,8.0,5.0,0.7142857142857143,8.0,4.0,3.0,tp,1,5
futures,ES,reddit_orb_fade,reddit_orb_fade|ny|range=15|entry=150|rr=2|sl_atr=1|tp_atr=1.5|threshold=2|adx_max=none|adx_min=none|rsi2=none|trend=all|max_bars=24,long,31560,31561,31561,2024-03-05 14:45:00+00:00,2024-03-05 15:00:00+00:00,2024-03-05 15:00:00+00:00,5111.0,5107.25,-15.0,-18.0,-1.0,30.0,15.0,3.0,same_bar_sl,1,5
futures,ES,reddit_orb_fade,reddit_orb_fade|ny|range=15|entry=150|rr=2|sl_atr=1|tp_atr=1.5|threshold=2|adx_max=none|adx_min=none|rsi2=none|trend=all|max_bars=24,long,31652,31653,31653,2024-03-06 14:45:00+00:00,2024-03-06 15:00:00+00:00,2024-03-06 15:00:00+00:00,5112.75,5110.0,-11.0,-14.0,-1.0,22.0,11.0,3.0,sl,1,5
futures,ES,reddit_orb_fade,reddit_orb_fade|ny|range=15|entry=150|rr=2|sl_atr=1|tp_atr=1.5|threshold=2|adx_max=none|adx_min=none|rsi2=none|trend=all|max_bars=24,long,31744,31745,31760,2024-03-07 14:45:00+00:00,2024-03-07 15:00:00+00:00,2024-03-07 18:45:00+00:00,5145.5,5170.0,98.0,95.0,1.8269230769230769,98.0,49.0,3.0,tp,15,5
futures,ES,reddit_orb_fade,reddit_orb_fade|ny|range=15|entry=150|rr=2|sl_atr=1|tp_atr=1.5|threshold=2|adx_max=none|adx_min=none|rsi2=none|trend=all|max_bars=24,short,31841,31842,31848,2024-03-08 16:00:00+00:00,2024-03-08 16:15:00+00:00,2024-03-08 17:45:00+00:00,5173.0,5144.5,114.0,111.0,1.85,114.0,57.0,3.0,tp,6,5
futures,ES,reddit_orb_fade,reddit_orb_fade|ny|range=15|entry=150|rr=2|sl_atr=1|tp_atr=1.5|threshold=2|adx_max=none|adx_min=none|rsi2=none|trend=all|max_bars=24,long,31932,31933,31953,2024-03-11 14:45:00+00:00,2024-03-11 15:00:00+00:00,2024-03-11 20:00:00+00:00,5115.5,5125.0,38.0,35.0,0.5737704918032787,116.0,58.0,3.0,session_close,20,5
futures,ES,reddit_orb_fade,reddit_orb_fade|ny|range=15|entry=150|rr=2|sl_atr=1|tp_atr=1.5|threshold=2|adx_max=none|adx_min=none|rsi2=none|trend=all|max_bars=24,long,32020,32021,32045,2024-03-12 13:45:00+00:00,2024-03-12 14:00:00+00:00,2024-03-12 20:00:00+00:00,5143.5,5178.25,139.0,136.0,1.2830188679245282,206.0,103.0,3.0,session_close,24,5
futures,ES,reddit_orb_fade,reddit_orb_fade|ny|range=15|entry=150|rr=2|sl_atr=1|tp_atr=1.5|threshold=2|adx_max=none|adx_min=none|rsi2=none|trend=all|max_bars=24,long,32113,32114,32134,2024-03-13 14:00:00+00:00,2024-03-13 14:15:00+00:00,2024-03-13 19:15:00+00:00,5234.75,5228.75,-24.0,-27.0,-1.0,48.0,24.0,3.0,sl,20,5
futures,ES,reddit_orb_fade,reddit_orb_fade|ny|range=15|entry=150|rr=2|sl_atr=1|tp_atr=1.5|threshold=2|adx_max=none|adx_min=none|rsi2=none|trend=all|max_bars=24,long,32296,32297,32297,2024-03-15 13:45:00+00:00,2024-03-15 14:00:00+00:00,2024-03-15 14:00:00+00:00,5182.25,5180.25,-8.0,-11.0,-1.0,16.0,8.0,3.0,same_bar_sl,1,5
futures,ES,reddit_orb_fade,reddit_orb_fade|ny|range=15|entry=150|rr=2|sl_atr=1|tp_atr=1.5|threshold=2|adx_max=none|adx_min=none|rsi2=none|trend=all|max_bars=24,short,32389,32390,32390,2024-03-18 14:00:00+00:00,2024-03-18 14:15:00+00:00,2024-03-18 14:15:00+00:00,5232.0,5235.0,-12.0,-15.0,-1.0,24.0,12.0,3.0,sl,1,5
futures,ES,reddit_orb_fade,reddit_orb_fade|ny|range=15|entry=150|rr=2|sl_atr=1|tp_atr=1.5|threshold=2|adx_max=none|adx_min=none|rsi2=none|trend=all|max_bars=24,short,32575,32576,32589,2024-03-20 14:30:00+00:00,2024-03-20 14:45:00+00:00,2024-03-20 18:00:00+00:00,5240.25,5247.75,-30.0,-33.0,-1.0,60.0,30.0,3.0,sl,13,5
futures,ES,reddit_orb_fade,reddit_orb_fade|ny|range=15|entry=150|rr=2|sl_atr=1|tp_atr=1.5|threshold=2|adx_max=none|adx_min=none|rsi2=none|trend=all|max_bars=24,long,32664,32665,32680,2024-03-21 13:45:00+00:00,2024-03-21 14:00:00+00:00,2024-03-21 17:45:00+00:00,5315.25,5308.5,-27.0,-30.0,-1.0,54.0,27.0,3.0,sl,15,5
futures,ES,reddit_orb_fade,reddit_orb_fade|ny|range=15|entry=150|rr=2|sl_atr=1|tp_atr=1.5|threshold=2|adx_max=none|adx_min=none|rsi2=none|trend=all|max_bars=24,long,32756,32757,32758,2024-03-22 13:45:00+00:00,2024-03-22 14:00:00+00:00,2024-03-22 14:15:00+00:00,5297.5,5294.0,-14.0,-17.0,-1.0,28.0,14.0,3.0,sl,1,5
futures,ES,reddit_orb_fade,reddit_orb_fade|ny|range=15|entry=150|rr=2|sl_atr=1|tp_atr=1.5|threshold=2|adx_max=none|adx_min=none|rsi2=none|trend=all|max_bars=24,short,32848,32849,32849,2024-03-25 13:45:00+00:00,2024-03-25 14:00:00+00:00,2024-03-25 14:00:00+00:00,5281.25,5282.5,-5.0,-8.0,-1.0,10.0,5.0,3.0,same_bar_sl,1,5
futures,ES,reddit_orb_fade,reddit_orb_fade|ny|range=15|entry=150|rr=2|sl_atr=1|tp_atr=1.5|threshold=2|adx_max=none|adx_min=none|rsi2=none|trend=all|max_bars=24,short,32941,32942,32942,2024-03-26 14:00:00+00:00,2024-03-26 14:15:00+00:00,2024-03-26 14:15:00+00:00,5291.5,5293.0,-6.0,-9.0,-1.0,12.0,6.0,3.0,same_bar_sl,1,5
futures,ES,reddit_orb_fade,reddit_orb_fade|ny|range=15|entry=150|rr=2|sl_atr=1|tp_atr=1.5|threshold=2|adx_max=none|adx_min=none|rsi2=none|trend=all|max_bars=24,short,33124,33125,33125,2024-03-28 13:45:00+00:00,2024-03-28 14:00:00+00:00,2024-03-28 14:00:00+00:00,5310.0,5314.5,-18.0,-21.0,-1.0,36.0,18.0,3.0,sl,1,5
futures,ES,reddit_orb_fade,reddit_orb_fade|ny|range=15|entry=150|rr=2|sl_atr=1|tp_atr=1.5|threshold=2|adx_max=none|adx_min=none|rsi2=none|trend=all|max_bars=24,short,33216,33217,33217,2024-04-01 13:45:00+00:00,2024-04-01 14:00:00+00:00,2024-04-01 14:00:00+00:00,5314.0,5307.5,26.0,23.0,1.4375,26.0,13.0,3.0,tp,1,5
futures,ES,reddit_orb_fade,reddit_orb_fade|ny|range=15|entry=150|rr=2|sl_atr=1|tp_atr=1.5|threshold=2|adx_max=none|adx_min=none|rsi2=none|trend=all|max_bars=24,long,33308,33309,33309,2024-04-02 13:45:00+00:00,2024-04-02 14:00:00+00:00,2024-04-02 14:00:00+00:00,5247.0,5238.5,-34.0,-37.0,-1.0,68.0,34.0,3.0,sl,1,5
futures,ES,reddit_orb_fade,reddit_orb_fade|ny|range=15|entry=150|rr=2|sl_atr=1|tp_atr=1.5|threshold=2|adx_max=none|adx_min=none|rsi2=none|trend=all|max_bars=24,short,33400,33401,33401,2024-04-03 13:45:00+00:00,2024-04-03 14:00:00+00:00,2024-04-03 14:00:00+00:00,5255.0,5257.0,-8.0,-11.0,-1.0,16.0,8.0,3.0,sl,1,5
futures,ES,reddit_orb_fade,reddit_orb_fade|ny|range=15|entry=150|rr=2|sl_atr=1|tp_atr=1.5|threshold=2|adx_max=none|adx_min=none|rsi2=none|trend=all|max_bars=24,long,33499,33500,33501,2024-04-04 15:30:00+00:00,2024-04-04 15:45:00+00:00,2024-04-04 16:00:00+00:00,5300.0,5308.0,32.0,29.0,1.5263157894736843,32.0,16.0,3.0,tp,1,5
futures,ES,reddit_orb_fade,reddit_orb_fade|ny|range=15|entry=150|rr=2|sl_atr=1|tp_atr=1.5|threshold=2|adx_max=none|adx_min=none|rsi2=none|trend=all|max_bars=24,short,33586,33587,33587,2024-04-05 14:15:00+00:00,2024-04-05 14:30:00+00:00,2024-04-05 14:30:00+00:00,5221.5,5229.5,-32.0,-35.0,-1.0,64.0,32.0,3.0,sl,1,5
futures,ES,reddit_orb_fade,reddit_orb_fade|ny|range=15|entry=150|rr=2|sl_atr=1|tp_atr=1.5|threshold=2|adx_max=none|adx_min=none|rsi2=none|trend=all|max_bars=24,short,33683,33684,33686,2024-04-08 15:30:00+00:00,2024-04-08 15:45:00+00:00,2024-04-08 16:15:00+00:00,5257.0,5246.5,42.0,39.0,1.625,42.0,21.0,3.0,tp,2,5
futures,ES,reddit_orb_fade,reddit_orb_fade|ny|range=15|entry=150|rr=2|sl_atr=1|tp_atr=1.5|threshold=2|adx_max=none|adx_min=none|rsi2=none|trend=all|max_bars=24,short,33860,33861,33861,2024-04-10 13:45:00+00:00,2024-04-10 14:00:00+00:00,2024-04-10 14:00:00+00:00,5204.5,5209.5,-20.0,-23.0,-1.0,40.0,20.0,3.0,sl,1,5
futures,ES,reddit_orb_fade,reddit_orb_fade|ny|range=15|entry=150|rr=2|sl_atr=1|tp_atr=1.5|threshold=2|adx_max=none|adx_min=none|rsi2=none|trend=all|max_bars=24,long,33960,33961,33969,2024-04-11 15:45:00+00:00,2024-04-11 16:00:00+00:00,2024-04-11 18:00:00+00:00,5215.25,5245.25,120.0,117.0,1.8571428571428572,120.0,60.0,3.0,tp,8,5
futures,ES,reddit_orb_fade,reddit_orb_fade|ny|range=15|entry=150|rr=2|sl_atr=1|tp_atr=1.5|threshold=2|adx_max=none|adx_min=none|rsi2=none|trend=all|max_bars=24,short,34045,34046,34054,2024-04-12 14:00:00+00:00,2024-04-12 14:15:00+00:00,2024-04-12 16:15:00+00:00,5202.0,5178.0,96.0,93.0,1.8235294117647058,96.0,48.0,3.0,tp,8,5
futures,ES,reddit_orb_fade,reddit_orb_fade|ny|range=15|entry=150|rr=2|sl_atr=1|tp_atr=1.5|threshold=2|adx_max=none|adx_min=none|rsi2=none|trend=all|max_bars=24,long,34228,34229,34231,2024-04-16 13:45:00+00:00,2024-04-16 14:00:00+00:00,2024-04-16 14:30:00+00:00,5102.25,5087.0,-61.0,-64.0,-1.0,122.0,61.0,3.0,sl,2,5
futures,ES,reddit_orb_fade,reddit_orb_fade|ny|range=15|entry=150|rr=2|sl_atr=1|tp_atr=1.5|threshold=2|adx_max=none|adx_min=none|rsi2=none|trend=all|max_bars=24,short,34320,34321,34322,2024-04-17 13:45:00+00:00,2024-04-17 14:00:00+00:00,2024-04-17 14:15:00+00:00,5109.75,5091.25,74.0,71.0,1.775,74.0,37.0,3.0,tp,1,5
futures,ES,reddit_orb_fade,reddit_orb_fade|ny|range=15|entry=150|rr=2|sl_atr=1|tp_atr=1.5|threshold=2|adx_max=none|adx_min=none|rsi2=none|trend=all|max_bars=24,short,34504,34505,34506,2024-04-19 13:45:00+00:00,2024-04-19 14:00:00+00:00,2024-04-19 14:15:00+00:00,5049.25,5031.75,70.0,67.0,1.763157894736842,70.0,35.0,3.0,tp,1,5
futures,ES,reddit_orb_fade,reddit_orb_fade|ny|range=15|entry=150|rr=2|sl_atr=1|tp_atr=1.5|threshold=2|adx_max=none|adx_min=none|rsi2=none|trend=all|max_bars=24,short,34597,34598,34598,2024-04-22 14:00:00+00:00,2024-04-22 14:15:00+00:00,2024-04-22 14:15:00+00:00,5027.75,5014.75,52.0,49.0,1.6896551724137931,52.0,26.0,3.0,tp,1,5
futures,ES,reddit_orb_fade,reddit_orb_fade|ny|range=15|entry=150|rr=2|sl_atr=1|tp_atr=1.5|threshold=2|adx_max=none|adx_min=none|rsi2=none|trend=all|max_bars=24,short,34780,34781,34786,2024-04-24 13:45:00+00:00,2024-04-24 14:00:00+00:00,2024-04-24 15:15:00+00:00,5113.75,5091.75,88.0,85.0,1.8085106382978724,88.0,44.0,3.0,tp,5,5
futures,ES,reddit_orb_fade,reddit_orb_fade|ny|range=15|entry=150|rr=2|sl_atr=1|tp_atr=1.5|threshold=2|adx_max=none|adx_min=none|rsi2=none|trend=all|max_bars=24,long,34873,34874,34884,2024-04-25 14:00:00+00:00,2024-04-25 14:15:00+00:00,2024-04-25 16:45:00+00:00,5037.0,5066.5,118.0,115.0,1.8548387096774193,118.0,59.0,3.0,tp,10,5
futures,ES,reddit_orb_fade,reddit_orb_fade|ny|range=15|entry=150|rr=2|sl_atr=1|tp_atr=1.5|threshold=2|adx_max=none|adx_min=none|rsi2=none|trend=all|max_bars=24,short,35148,35149,35151,2024-04-30 13:45:00+00:00,2024-04-30 14:00:00+00:00,2024-04-30 14:30:00+00:00,5137.0,5128.446976883079,34.21209246768558,31.21209246768558,1.5523734554608222,34.21209246768558,17.10604623384279,3.0,tp,2,5
futures,ES,reddit_orb_fade,reddit_orb_fade|ny|range=15|entry=150|rr=2|sl_atr=1|tp_atr=1.5|threshold=2|adx_max=none|adx_min=none|rsi2=none|trend=all|max_bars=24,long,35243,35244,35245,2024-05-01 14:30:00+00:00,2024-05-01 14:45:00+00:00,2024-05-01 15:00:00+00:00,5054.5,5049.5,-20.0,-23.0,-1.0,40.0,20.0,3.0,sl,1,5
futures,ES,reddit_orb_fade,reddit_orb_fade|ny|range=15|entry=150|rr=2|sl_atr=1|tp_atr=1.5|threshold=2|adx_max=none|adx_min=none|rsi2=none|trend=all|max_bars=24,short,35425,35426,35449,2024-05-03 14:00:00+00:00,2024-05-03 14:15:00+00:00,2024-05-03 20:00:00+00:00,5138.0,5161.25,-93.0,-96.0,-0.8135593220338984,230.0,115.0,3.0,session_close,23,5
futures,ES,reddit_orb_fade,reddit_orb_fade|ny|range=15|entry=150|rr=2|sl_atr=1|tp_atr=1.5|threshold=2|adx_max=none|adx_min=none|rsi2=none|trend=all|max_bars=24,short,35516,35517,35517,2024-05-06 13:45:00+00:00,2024-05-06 14:00:00+00:00,2024-05-06 14:00:00+00:00,5183.25,5184.75,-6.0,-9.0,-1.0,12.0,6.0,3.0,sl,1,5
futures,ES,reddit_orb_fade,reddit_orb_fade|ny|range=15|entry=150|rr=2|sl_atr=1|tp_atr=1.5|threshold=2|adx_max=none|adx_min=none|rsi2=none|trend=all|max_bars=24,long,35609,35610,35624,2024-05-07 14:00:00+00:00,2024-05-07 14:15:00+00:00,2024-05-07 17:45:00+00:00,5218.0,5210.5,-30.0,-33.0,-1.0,60.0,30.0,3.0,sl,14,5
futures,ES,reddit_orb_fade,reddit_orb_fade|ny|range=15|entry=150|rr=2|sl_atr=1|tp_atr=1.5|threshold=2|adx_max=none|adx_min=none|rsi2=none|trend=all|max_bars=24,short,35793,35794,35795,2024-05-09 14:00:00+00:00,2024-05-09 14:15:00+00:00,2024-05-09 14:30:00+00:00,5214.75,5221.5,-27.0,-30.0,-1.0,54.0,27.0,3.0,sl,1,5
futures,ES,reddit_orb_fade,reddit_orb_fade|ny|range=15|entry=150|rr=2|sl_atr=1|tp_atr=1.5|threshold=2|adx_max=none|adx_min=none|rsi2=none|trend=all|max_bars=24,short,35884,35885,35885,2024-05-10 13:45:00+00:00,2024-05-10 14:00:00+00:00,2024-05-10 14:00:00+00:00,5262.0,5258.0,16.0,13.0,1.1818181818181819,16.0,8.0,3.0,tp,1,5
futures,ES,reddit_orb_fade,reddit_orb_fade|ny|range=15|entry=150|rr=2|sl_atr=1|tp_atr=1.5|threshold=2|adx_max=none|adx_min=none|rsi2=none|trend=all|max_bars=24,short,36069,36070,36070,2024-05-14 14:00:00+00:00,2024-05-14 14:15:00+00:00,2024-05-14 14:15:00+00:00,5252.0,5255.5,-14.0,-17.0,-1.0,28.0,14.0,3.0,sl,1,5
futures,ES,reddit_orb_fade,reddit_orb_fade|ny|range=15|entry=150|rr=2|sl_atr=1|tp_atr=1.5|threshold=2|adx_max=none|adx_min=none|rsi2=none|trend=all|max_bars=24,long,36161,36162,36165,2024-05-15 14:00:00+00:00,2024-05-15 14:15:00+00:00,2024-05-15 15:00:00+00:00,5297.0,5308.5,46.0,43.0,1.6538461538461537,46.0,23.0,3.0,tp,3,5
futures,ES,reddit_orb_fade,reddit_orb_fade|ny|range=15|entry=150|rr=2|sl_atr=1|tp_atr=1.5|threshold=2|adx_max=none|adx_min=none|rsi2=none|trend=all|max_bars=24,long,36253,36254,36266,2024-05-16 14:00:00+00:00,2024-05-16 14:15:00+00:00,2024-05-16 17:15:00+00:00,5337.25,5328.25,-36.0,-39.0,-1.0,72.0,36.0,3.0,sl,12,5
futures,ES,reddit_orb_fade,reddit_orb_fade|ny|range=15|entry=150|rr=2|sl_atr=1|tp_atr=1.5|threshold=2|adx_max=none|adx_min=none|rsi2=none|trend=all|max_bars=24,long,36344,36345,36351,2024-05-17 13:45:00+00:00,2024-05-17 14:00:00+00:00,2024-05-17 15:30:00+00:00,5320.0,5315.75,-17.0,-20.0,-1.0,34.0,17.0,3.0,sl,6,5
futures,ES,reddit_orb_fade,reddit_orb_fade|ny|range=15|entry=150|rr=2|sl_atr=1|tp_atr=1.5|threshold=2|adx_max=none|adx_min=none|rsi2=none|trend=all|max_bars=24,short,36623,36624,36624,2024-05-22 14:30:00+00:00,2024-05-22 14:45:00+00:00,2024-05-22 14:45:00+00:00,5339.75,5342.75,-12.0,-15.0,-1.0,24.0,12.0,3.0,sl,1,5
futures,ES,reddit_orb_fade,reddit_orb_fade|ny|range=15|entry=150|rr=2|sl_atr=1|tp_atr=1.5|threshold=2|adx_max=none|adx_min=none|rsi2=none|trend=all|max_bars=24,short,36805,36806,36806,2024-05-24 14:00:00+00:00,2024-05-24 14:15:00+00:00,2024-05-24 14:15:00+00:00,5304.0,5309.5,-22.0,-25.0,-1.0,44.0,22.0,3.0,sl,1,5
futures,ES,reddit_orb_fade,reddit_orb_fade|ny|range=15|entry=150|rr=2|sl_atr=1|tp_atr=1.5|threshold=2|adx_max=none|adx_min=none|rsi2=none|trend=all|max_bars=24,long,36896,36897,36897,2024-05-27 13:45:00+00:00,2024-05-27 14:00:00+00:00,2024-05-27 14:00:00+00:00,5320.25,5319.5,-3.0,-6.0,-1.0,6.0,3.0,3.0,sl,1,5
futures,ES,reddit_orb_fade,reddit_orb_fade|ny|range=15|entry=150|rr=2|sl_atr=1|tp_atr=1.5|threshold=2|adx_max=none|adx_min=none|rsi2=none|trend=all|max_bars=24,long,36976,36977,36977,2024-05-28 14:45:00+00:00,2024-05-28 15:00:00+00:00,2024-05-28 15:00:00+00:00,5325.25,5323.25,-8.0,-11.0,-1.0,16.0,8.0,3.0,sl,1,5
futures,ES,reddit_orb_fade,reddit_orb_fade|ny|range=15|entry=150|rr=2|sl_atr=1|tp_atr=1.5|threshold=2|adx_max=none|adx_min=none|rsi2=none|trend=all|max_bars=24,long,37064,37065,37089,2024-05-29 13:45:00+00:00,2024-05-29 14:00:00+00:00,2024-05-29 20:00:00+00:00,5286.75,5280.0,-27.0,-30.0,-0.8571428571428571,64.0,32.0,3.0,session_close,24,5
futures,ES,reddit_orb_fade,reddit_orb_fade|ny|range=15|entry=150|rr=2|sl_atr=1|tp_atr=1.5|threshold=2|adx_max=none|adx_min=none|rsi2=none|trend=all|max_bars=24,long,37158,37159,37159,2024-05-30 14:15:00+00:00,2024-05-30 14:30:00+00:00,2024-05-30 14:30:00+00:00,5264.0,5258.75,-21.0,-24.0,-1.0,42.0,21.0,3.0,sl,1,5
futures,ES,reddit_orb_fade,reddit_orb_fade|ny|range=15|entry=150|rr=2|sl_atr=1|tp_atr=1.5|threshold=2|adx_max=none|adx_min=none|rsi2=none|trend=all|max_bars=24,short,37432,37433,37433,2024-06-04 13:45:00+00:00,2024-06-04 14:00:00+00:00,2024-06-04 14:00:00+00:00,5285.25,5288.5,-13.0,-16.0,-1.0,26.0,13.0,3.0,same_bar_sl,1,5
futures,ES,reddit_orb_fade,reddit_orb_fade|ny|range=15|entry=150|rr=2|sl_atr=1|tp_atr=1.5|threshold=2|adx_max=none|adx_min=none|rsi2=none|trend=all|max_bars=24,long,37524,37525,37525,2024-06-05 13:45:00+00:00,2024-06-05 14:00:00+00:00,2024-06-05 14:00:00+00:00,5320.25,5314.75,-22.0,-25.0,-1.0,44.0,22.0,3.0,sl,1,5
futures,ES,reddit_orb_fade,reddit_orb_fade|ny|range=15|entry=150|rr=2|sl_atr=1|tp_atr=1.5|threshold=2|adx_max=none|adx_min=none|rsi2=none|trend=all|max_bars=24,long,37617,37618,37620,2024-06-06 14:00:00+00:00,2024-06-06 14:15:00+00:00,2024-06-06 14:45:00+00:00,5366.25,5362.5,-15.0,-18.0,-1.0,30.0,15.0,3.0,sl,2,5
futures,ES,reddit_orb_fade,reddit_orb_fade|ny|range=15|entry=150|rr=2|sl_atr=1|tp_atr=1.5|threshold=2|adx_max=none|adx_min=none|rsi2=none|trend=all|max_bars=24,long,37800,37801,37806,2024-06-10 13:45:00+00:00,2024-06-10 14:00:00+00:00,2024-06-10 15:15:00+00:00,5346.25,5356.75,42.0,39.0,1.625,42.0,21.0,3.0,tp,5,5
futures,ES,reddit_orb_fade,reddit_orb_fade|ny|range=15|entry=150|rr=2|sl_atr=1|tp_atr=1.5|threshold=2|adx_max=none|adx_min=none|rsi2=none|trend=all|max_bars=24,long,37893,37894,37908,2024-06-11 14:00:00+00:00,2024-06-11 14:15:00+00:00,2024-06-11 17:45:00+00:00,5347.75,5363.75,64.0,61.0,1.7428571428571429,64.0,32.0,3.0,tp,14,5
futures,ES,reddit_orb_fade,reddit_orb_fade|ny|range=15|entry=150|rr=2|sl_atr=1|tp_atr=1.5|threshold=2|adx_max=none|adx_min=none|rsi2=none|trend=all|max_bars=24,short,37994,37995,37996,2024-06-12 16:15:00+00:00,2024-06-12 16:30:00+00:00,2024-06-12 16:45:00+00:00,5438.75,5443.25,-18.0,-21.0,-1.0,36.0,18.0,3.0,sl,1,5
futures,ES,reddit_orb_fade,reddit_orb_fade|ny|range=15|entry=150|rr=2|sl_atr=1|tp_atr=1.5|threshold=2|adx_max=none|adx_min=none|rsi2=none|trend=all|max_bars=24,long,38170,38171,38171,2024-06-14 14:15:00+00:00,2024-06-14 14:30:00+00:00,2024-06-14 14:30:00+00:00,5419.0,5411.0,-32.0,-35.0,-1.0,64.0,32.0,3.0,sl,1,5
futures,ES,reddit_orb_fade,reddit_orb_fade|ny|range=15|entry=150|rr=2|sl_atr=1|tp_atr=1.5|threshold=2|adx_max=none|adx_min=none|rsi2=none|trend=all|max_bars=24,short,38260,38261,38261,2024-06-17 13:45:00+00:00,2024-06-17 14:00:00+00:00,2024-06-17 14:00:00+00:00,5430.0,5433.75,-15.0,-18.0,-1.0,30.0,15.0,3.0,sl,1,5
futures,ES,reddit_orb_fade,reddit_orb_fade|ny|range=15|entry=150|rr=2|sl_atr=1|tp_atr=1.5|threshold=2|adx_max=none|adx_min=none|rsi2=none|trend=all|max_bars=24,long,38359,38360,38368,2024-06-18 15:30:00+00:00,2024-06-18 15:45:00+00:00,2024-06-18 17:45:00+00:00,5482.75,5493.25,42.0,39.0,1.625,42.0,21.0,3.0,tp,8,5
futures,ES,reddit_orb_fade,reddit_orb_fade|ny|range=15|entry=150|rr=2|sl_atr=1|tp_atr=1.5|threshold=2|adx_max=none|adx_min=none|rsi2=none|trend=all|max_bars=24,short,38520,38521,38521,2024-06-20 13:45:00+00:00,2024-06-20 14:00:00+00:00,2024-06-20 14:00:00+00:00,5571.25,5560.25,44.0,41.0,1.64,44.0,22.0,3.0,tp,1,5
futures,ES,reddit_orb_fade,reddit_orb_fade|ny|range=15|entry=150|rr=2|sl_atr=1|tp_atr=1.5|threshold=2|adx_max=none|adx_min=none|rsi2=none|trend=all|max_bars=24,long,38612,38613,38621,2024-06-21 13:45:00+00:00,2024-06-21 14:00:00+00:00,2024-06-21 16:00:00+00:00,5527.75,5545.25,70.0,67.0,1.763157894736842,70.0,35.0,3.0,tp,8,5
futures,ES,reddit_orb_fade,reddit_orb_fade|ny|range=15|entry=150|rr=2|sl_atr=1|tp_atr=1.5|threshold=2|adx_max=none|adx_min=none|rsi2=none|trend=all|max_bars=24,long,38797,38798,38807,2024-06-25 14:00:00+00:00,2024-06-25 14:15:00+00:00,2024-06-25 16:30:00+00:00,5528.0,5517.75,-41.0,-44.0,-1.0,82.0,41.0,3.0,sl,9,5
futures,ES,reddit_orb_fade,reddit_orb_fade|ny|range=15|entry=150|rr=2|sl_atr=1|tp_atr=1.5|threshold=2|adx_max=none|adx_min=none|rsi2=none|trend=all|max_bars=24,short,38890,38891,38896,2024-06-26 14:15:00+00:00,2024-06-26 14:30:00+00:00,2024-06-26 15:45:00+00:00,5524.25,5534.5,-41.0,-44.0,-1.0,82.0,41.0,3.0,sl,5,5
futures,ES,reddit_orb_fade,reddit_orb_fade|ny|range=15|entry=150|rr=2|sl_atr=1|tp_atr=1.5|threshold=2|adx_max=none|adx_min=none|rsi2=none|trend=all|max_bars=24,short,38980,38981,38981,2024-06-27 13:45:00+00:00,2024-06-27 14:00:00+00:00,2024-06-27 14:00:00+00:00,5546.25,5554.25,-32.0,-35.0,-1.0,64.0,32.0,3.0,sl,1,5
futures,ES,reddit_orb_fade,reddit_orb_fade|ny|range=15|entry=150|rr=2|sl_atr=1|tp_atr=1.5|threshold=2|adx_max=none|adx_min=none|rsi2=none|trend=all|max_bars=24,short,39077,39078,39083,2024-06-28 15:00:00+00:00,2024-06-28 15:15:00+00:00,2024-06-28 16:30:00+00:00,5557.5,5536.0,86.0,83.0,1.8043478260869565,86.0,43.0,3.0,tp,5,5
futures,ES,reddit_orb_fade,reddit_orb_fade|ny|range=15|entry=150|rr=2|sl_atr=1|tp_atr=1.5|threshold=2|adx_max=none|adx_min=none|rsi2=none|trend=all|max_bars=24,long,39174,39175,39177,2024-07-01 16:15:00+00:00,2024-07-01 16:30:00+00:00,2024-07-01 17:00:00+00:00,5532.75,5528.5,-17.0,-20.0,-1.0,34.0,17.0,3.0,sl,2,5
futures,ES,reddit_orb_fade,reddit_orb_fade|ny|range=15|entry=150|rr=2|sl_atr=1|tp_atr=1.5|threshold=2|adx_max=none|adx_min=none|rsi2=none|trend=all|max_bars=24,short,39350,39351,39353,2024-07-03 14:15:00+00:00,2024-07-03 14:30:00+00:00,2024-07-03 15:00:00+00:00,5569.5,5577.25,-31.0,-34.0,-1.0,62.0,31.0,3.0,sl,2,5
futures,ES,reddit_orb_fade,reddit_orb_fade|ny|range=15|entry=150|rr=2|sl_atr=1|tp_atr=1.5|threshold=2|adx_max=none|adx_min=none|rsi2=none|trend=all|max_bars=24,long,39501,39502,39502,2024-07-05 13:45:00+00:00,2024-07-05 14:00:00+00:00,2024-07-05 14:00:00+00:00,5600.25,5588.25,-48.0,-51.0,-1.0,96.0,48.0,3.0,sl,1,5
futures,ES,reddit_orb_fade,reddit_orb_fade|ny|range=15|entry=150|rr=2|sl_atr=1|tp_atr=1.5|threshold=2|adx_max=none|adx_min=none|rsi2=none|trend=all|max_bars=24,short,39593,39594,39594,2024-07-08 13:45:00+00:00,2024-07-08 14:00:00+00:00,2024-07-08 14:00:00+00:00,5635.25,5630.75,18.0,15.0,1.25,18.0,9.0,3.0,tp,1,5
futures,ES,reddit_orb_fade,reddit_orb_fade|ny|range=15|entry=150|rr=2|sl_atr=1|tp_atr=1.5|threshold=2|adx_max=none|adx_min=none|rsi2=none|trend=all|max_bars=24,short,39685,39686,39686,2024-07-09 13:45:00+00:00,2024-07-09 14:00:00+00:00,2024-07-09 14:00:00+00:00,5640.25,5642.0,-7.0,-10.0,-1.0,14.0,7.0,3.0,same_bar_sl,1,5
futures,ES,reddit_orb_fade,reddit_orb_fade|ny|range=15|entry=150|rr=2|sl_atr=1|tp_atr=1.5|threshold=2|adx_max=none|adx_min=none|rsi2=none|trend=all|max_bars=24,short,39777,39778,39778,2024-07-10 13:45:00+00:00,2024-07-10 14:00:00+00:00,2024-07-10 14:00:00+00:00,5645.75,5646.5,-3.0,-6.0,-1.0,6.0,3.0,3.0,sl,1,5
futures,ES,reddit_orb_fade,reddit_orb_fade|ny|range=15|entry=150|rr=2|sl_atr=1|tp_atr=1.5|threshold=2|adx_max=none|adx_min=none|rsi2=none|trend=all|max_bars=24,short,39870,39871,39873,2024-07-11 14:00:00+00:00,2024-07-11 14:15:00+00:00,2024-07-11 14:45:00+00:00,5683.0,5657.5,102.0,99.0,1.8333333333333333,102.0,51.0,3.0,tp,2,5
futures,ES,reddit_orb_fade,reddit_orb_fade|ny|range=15|entry=150|rr=2|sl_atr=1|tp_atr=1.5|threshold=2|adx_max=none|adx_min=none|rsi2=none|trend=all|max_bars=24,long,40053,40054,40056,2024-07-15 13:45:00+00:00,2024-07-15 14:00:00+00:00,2024-07-15 14:30:00+00:00,5688.75,5699.75,44.0,41.0,1.64,44.0,22.0,3.0,tp,2,5
futures,ES,reddit_orb_fade,reddit_orb_fade|ny|range=15|entry=150|rr=2|sl_atr=1|tp_atr=1.5|threshold=2|adx_max=none|adx_min=none|rsi2=none|trend=all|max_bars=24,long,40148,40149,40155,2024-07-16 14:30:00+00:00,2024-07-16 14:45:00+00:00,2024-07-16 16:15:00+00:00,5702.5,5693.25,-37.0,-40.0,-1.0,74.0,37.0,3.0,sl,6,5
futures,ES,reddit_orb_fade,reddit_orb_fade|ny|range=15|entry=150|rr=2|sl_atr=1|tp_atr=1.5|threshold=2|adx_max=none|adx_min=none|rsi2=none|trend=all|max_bars=24,short,40237,40238,40238,2024-07-17 13:45:00+00:00,2024-07-17 14:00:00+00:00,2024-07-17 14:00:00+00:00,5665.75,5651.75,56.0,53.0,1.7096774193548387,56.0,28.0,3.0,tp,1,5
futures,ES,reddit_orb_fade,reddit_orb_fade|ny|range=15|entry=150|rr=2|sl_atr=1|tp_atr=1.5|threshold=2|adx_max=none|adx_min=none|rsi2=none|trend=all|max_bars=24,long,40329,40330,40332,2024-07-18 13:45:00+00:00,2024-07-18 14:00:00+00:00,2024-07-18 14:30:00+00:00,5654.75,5643.25,-46.0,-49.0,-1.0,92.0,46.0,3.0,sl,2,5
futures,ES,reddit_orb_fade,reddit_orb_fade|ny|range=15|entry=150|rr=2|sl_atr=1|tp_atr=1.5|threshold=2|adx_max=none|adx_min=none|rsi2=none|trend=all|max_bars=24,short,40513,40514,40517,2024-07-22 13:45:00+00:00,2024-07-22 14:00:00+00:00,2024-07-22 14:45:00+00:00,5589.75,5607.75,-72.0,-75.0,-1.0,144.0,72.0,3.0,sl,3,5
futures,ES,reddit_orb_fade,reddit_orb_fade|ny|range=15|entry=150|rr=2|sl_atr=1|tp_atr=1.5|threshold=2|adx_max=none|adx_min=none|rsi2=none|trend=all|max_bars=24,short,40605,40606,40606,2024-07-23 13:45:00+00:00,2024-07-23 14:00:00+00:00,2024-07-23 14:00:00+00:00,5617.5,5620.75,-13.0,-16.0,-1.0,26.0,13.0,3.0,sl,1,5
futures,ES,reddit_orb_fade,reddit_orb_fade|ny|range=15|entry=150|rr=2|sl_atr=1|tp_atr=1.5|threshold=2|adx_max=none|adx_min=none|rsi2=none|trend=all|max_bars=24,long,40791,40792,40799,2024-07-25 14:15:00+00:00,2024-07-25 14:30:00+00:00,2024-07-25 16:15:00+00:00,5464.25,5515.25,204.0,201.0,1.9142857142857144,204.0,102.0,3.0,tp,7,5
futures,ES,reddit_orb_fade,reddit_orb_fade|ny|range=15|entry=150|rr=2|sl_atr=1|tp_atr=1.5|threshold=2|adx_max=none|adx_min=none|rsi2=none|trend=all|max_bars=24,short,40882,40883,40883,2024-07-26 14:00:00+00:00,2024-07-26 14:15:00+00:00,2024-07-26 14:15:00+00:00,5480.25,5494.5,-57.0,-60.0,-1.0,114.0,57.0,3.0,sl,1,5
futures,ES,reddit_orb_fade,reddit_orb_fade|ny|range=15|entry=150|rr=2|sl_atr=1|tp_atr=1.5|threshold=2|adx_max=none|adx_min=none|rsi2=none|trend=all|max_bars=24,short,40974,40975,40986,2024-07-29 14:00:00+00:00,2024-07-29 14:15:00+00:00,2024-07-29 17:00:00+00:00,5506.0,5525.0,-76.0,-79.0,-1.0,152.0,76.0,3.0,sl,11,5
futures,ES,reddit_orb_fade,reddit_orb_fade|ny|range=15|entry=150|rr=2|sl_atr=1|tp_atr=1.5|threshold=2|adx_max=none|adx_min=none|rsi2=none|trend=all|max_bars=24,long,41065,41066,41066,2024-07-30 13:45:00+00:00,2024-07-30 14:00:00+00:00,2024-07-30 14:00:00+00:00,5517.0,5511.5,-22.0,-25.0,-1.0,44.0,22.0,3.0,sl,1,5
futures,ES,reddit_orb_fade,reddit_orb_fade|ny|range=15|entry=150|rr=2|sl_atr=1|tp_atr=1.5|threshold=2|adx_max=none|adx_min=none|rsi2=none|trend=all|max_bars=24,short,41249,41250,41250,2024-08-01 13:45:00+00:00,2024-08-01 14:00:00+00:00,2024-08-01 14:00:00+00:00,5592.25,5575.25,68.0,65.0,1.7567567567567568,68.0,34.0,3.0,tp,1,5
futures,ES,reddit_orb_fade,reddit_orb_fade|ny|range=15|entry=150|rr=2|sl_atr=1|tp_atr=1.5|threshold=2|adx_max=none|adx_min=none|rsi2=none|trend=all|max_bars=24,long,41341,41342,41342,2024-08-02 13:45:00+00:00,2024-08-02 14:00:00+00:00,2024-08-02 14:00:00+00:00,5388.5,5386.0,-10.0,-13.0,-1.0,20.0,10.0,3.0,same_bar_sl,1,5
futures,ES,reddit_orb_fade,reddit_orb_fade|ny|range=15|entry=150|rr=2|sl_atr=1|tp_atr=1.5|threshold=2|adx_max=none|adx_min=none|rsi2=none|trend=all|max_bars=24,short,41433,41434,41434,2024-08-05 13:45:00+00:00,2024-08-05 14:00:00+00:00,2024-08-05 14:00:00+00:00,5196.5,5225.0,-114.0,-117.0,-1.0,228.0,114.0,3.0,sl,1,5
futures,ES,reddit_orb_fade,reddit_orb_fade|ny|range=15|entry=150|rr=2|sl_atr=1|tp_atr=1.5|threshold=2|adx_max=none|adx_min=none|rsi2=none|trend=all|max_bars=24,long,41525,41526,41550,2024-08-06 13:45:00+00:00,2024-08-06 14:00:00+00:00,2024-08-06 20:00:00+00:00,5262.0,5261.0,-4.0,-7.0,-0.04245239295914173,323.7811742549893,161.89058712749465,3.0,session_close,24,5
futures,ES,reddit_orb_fade,reddit_orb_fade|ny|range=15|entry=150|rr=2|sl_atr=1|tp_atr=1.5|threshold=2|adx_max=none|adx_min=none|rsi2=none|trend=all|max_bars=24,short,41619,41620,41621,2024-08-07 14:15:00+00:00,2024-08-07 14:30:00+00:00,2024-08-07 14:45:00+00:00,5330.25,5350.75,-82.0,-85.0,-1.0,164.0,82.0,3.0,sl,1,5
futures,ES,reddit_orb_fade,reddit_orb_fade|ny|range=15|entry=150|rr=2|sl_atr=1|tp_atr=1.5|threshold=2|adx_max=none|adx_min=none|rsi2=none|trend=all|max_bars=24,long,41709,41710,41734,2024-08-08 13:45:00+00:00,2024-08-08 14:00:00+00:00,2024-08-08 20:00:00+00:00,5292.5,5349.75,229.0,226.0,1.6865671641791045,262.0,131.0,3.0,session_close,24,5
futures,ES,reddit_orb_fade,reddit_orb_fade|ny|range=15|entry=150|rr=2|sl_atr=1|tp_atr=1.5|threshold=2|adx_max=none|adx_min=none|rsi2=none|trend=all|max_bars=24,long,41801,41802,41802,2024-08-09 13:45:00+00:00,2024-08-09 14:00:00+00:00,2024-08-09 14:00:00+00:00,5331.75,5345.75,56.0,53.0,1.7096774193548387,56.0,28.0,3.0,tp,1,5
futures,ES,reddit_orb_fade,reddit_orb_fade|ny|range=15|entry=150|rr=2|sl_atr=1|tp_atr=1.5|threshold=2|adx_max=none|adx_min=none|rsi2=none|trend=all|max_bars=24,short,41986,41987,41989,2024-08-13 14:00:00+00:00,2024-08-13 14:15:00+00:00,2024-08-13 14:45:00+00:00,5410.0,5417.5,-30.0,-33.0,-1.0,60.0,30.0,3.0,sl,2,5
futures,ES,reddit_orb_fade,reddit_orb_fade|ny|range=15|entry=150|rr=2|sl_atr=1|tp_atr=1.5|threshold=2|adx_max=none|adx_min=none|rsi2=none|trend=all|max_bars=24,long,42079,42080,42080,2024-08-14 14:15:00+00:00,2024-08-14 14:30:00+00:00,2024-08-14 14:30:00+00:00,5456.5,5447.75,-35.0,-38.0,-1.0,70.0,35.0,3.0,sl,1,5
futures,ES,reddit_orb_fade,reddit_orb_fade|ny|range=15|entry=150|rr=2|sl_atr=1|tp_atr=1.5|threshold=2|adx_max=none|adx_min=none|rsi2=none|trend=all|max_bars=24,short,42170,42171,42171,2024-08-15 14:00:00+00:00,2024-08-15 14:15:00+00:00,2024-08-15 14:15:00+00:00,5535.25,5544.25,-36.0,-39.0,-1.0,72.0,36.0,3.0,sl,1,5
futures,ES,reddit_orb_fade,reddit_orb_fade|ny|range=15|entry=150|rr=2|sl_atr=1|tp_atr=1.5|threshold=2|adx_max=none|adx_min=none|rsi2=none|trend=all|max_bars=24,short,42261,42262,42262,2024-08-16 13:45:00+00:00,2024-08-16 14:00:00+00:00,2024-08-16 14:00:00+00:00,5558.0,5561.75,-15.0,-18.0,-1.0,30.0,15.0,3.0,sl,1,5
futures,ES,reddit_orb_fade,reddit_orb_fade|ny|range=15|entry=150|rr=2|sl_atr=1|tp_atr=1.5|threshold=2|adx_max=none|adx_min=none|rsi2=none|trend=all|max_bars=24,short,42354,42355,42355,2024-08-19 14:00:00+00:00,2024-08-19 14:15:00+00:00,2024-08-19 14:15:00+00:00,5588.0,5580.0,32.0,29.0,1.5263157894736843,32.0,16.0,3.0,tp,1,5
futures,ES,reddit_orb_fade,reddit_orb_fade|ny|range=15|entry=150|rr=2|sl_atr=1|tp_atr=1.5|threshold=2|adx_max=none|adx_min=none|rsi2=none|trend=all|max_bars=24,short,42446,42447,42470,2024-08-20 14:00:00+00:00,2024-08-20 14:15:00+00:00,2024-08-20 20:00:00+00:00,5629.5,5625.25,17.0,14.0,0.2413793103448276,110.0,55.0,3.0,session_close,23,5
futures,ES,reddit_orb_fade,reddit_orb_fade|ny|range=15|entry=150|rr=2|sl_atr=1|tp_atr=1.5|threshold=2|adx_max=none|adx_min=none|rsi2=none|trend=all|max_bars=24,short,42538,42539,42540,2024-08-21 14:00:00+00:00,2024-08-21 14:15:00+00:00,2024-08-21 14:30:00+00:00,5628.25,5642.75,-58.0,-61.0,-1.0,116.0,58.0,3.0,sl,1,5
futures,ES,reddit_orb_fade,reddit_orb_fade|ny|range=15|entry=150|rr=2|sl_atr=1|tp_atr=1.5|threshold=2|adx_max=none|adx_min=none|rsi2=none|trend=all|max_bars=24,short,42629,42630,42630,2024-08-22 13:45:00+00:00,2024-08-22 14:00:00+00:00,2024-08-22 14:00:00+00:00,5656.5,5639.0,70.0,67.0,1.763157894736842,70.0,35.0,3.0,tp,1,5
futures,ES,reddit_orb_fade,reddit_orb_fade|ny|range=15|entry=150|rr=2|sl_atr=1|tp_atr=1.5|threshold=2|adx_max=none|adx_min=none|rsi2=none|trend=all|max_bars=24,long,42725,42726,42731,2024-08-23 14:45:00+00:00,2024-08-23 15:00:00+00:00,2024-08-23 16:15:00+00:00,5635.75,5614.25,-86.0,-89.0,-1.0,172.0,86.0,3.0,sl,5,5
futures,ES,reddit_orb_fade,reddit_orb_fade|ny|range=15|entry=150|rr=2|sl_atr=1|tp_atr=1.5|threshold=2|adx_max=none|adx_min=none|rsi2=none|trend=all|max_bars=24,long,42813,42814,42814,2024-08-26 13:45:00+00:00,2024-08-26 14:00:00+00:00,2024-08-26 14:00:00+00:00,5660.0,5656.5,-14.0,-17.0,-1.0,28.0,14.0,3.0,sl,1,5
futures,ES,reddit_orb_fade,reddit_orb_fade|ny|range=15|entry=150|rr=2|sl_atr=1|tp_atr=1.5|threshold=2|adx_max=none|adx_min=none|rsi2=none|trend=all|max_bars=24,long,42997,42998,42998,2024-08-28 13:45:00+00:00,2024-08-28 14:00:00+00:00,2024-08-28 14:00:00+00:00,5638.25,5633.75,-18.0,-21.0,-1.0,36.0,18.0,3.0,sl,1,5
futures,ES,reddit_orb_fade,reddit_orb_fade|ny|range=15|entry=150|rr=2|sl_atr=1|tp_atr=1.5|threshold=2|adx_max=none|adx_min=none|rsi2=none|trend=all|max_bars=24,long,43089,43090,43108,2024-08-29 13:45:00+00:00,2024-08-29 14:00:00+00:00,2024-08-29 18:30:00+00:00,5638.0,5620.5,-70.0,-73.0,-1.0,140.0,70.0,3.0,sl,18,5
futures,ES,reddit_orb_fade,reddit_orb_fade|ny|range=15|entry=150|rr=2|sl_atr=1|tp_atr=1.5|threshold=2|adx_max=none|adx_min=none|rsi2=none|trend=all|max_bars=24,long,43181,43182,43185,2024-08-30 13:45:00+00:00,2024-08-30 14:00:00+00:00,2024-08-30 14:45:00+00:00,5640.5,5627.25,-53.0,-56.0,-1.0,106.0,53.0,3.0,sl,3,5
futures,ES,reddit_orb_fade,reddit_orb_fade|ny|range=15|entry=150|rr=2|sl_atr=1|tp_atr=1.5|threshold=2|adx_max=none|adx_min=none|rsi2=none|trend=all|max_bars=24,long,43275,43276,43276,2024-09-02 14:15:00+00:00,2024-09-02 14:30:00+00:00,2024-09-02 14:30:00+00:00,5656.0,5663.5,30.0,27.0,1.5,30.0,15.0,3.0,tp,1,5
futures,ES,reddit_orb_fade,reddit_orb_fade|ny|range=15|entry=150|rr=2|sl_atr=1|tp_atr=1.5|threshold=2|adx_max=none|adx_min=none|rsi2=none|trend=all|max_bars=24,short,43442,43443,43444,2024-09-04 14:00:00+00:00,2024-09-04 14:15:00+00:00,2024-09-04 14:30:00+00:00,5540.25,5549.0,-35.0,-38.0,-1.0,70.0,35.0,3.0,sl,1,5
futures,ES,reddit_orb_fade,reddit_orb_fade|ny|range=15|entry=150|rr=2|sl_atr=1|tp_atr=1.5|threshold=2|adx_max=none|adx_min=none|rsi2=none|trend=all|max_bars=24,short,43533,43534,43534,2024-09-05 13:45:00+00:00,2024-09-05 14:00:00+00:00,2024-09-05 14:00:00+00:00,5538.5,5542.25,-15.0,-18.0,-1.0,30.0,15.0,3.0,sl,1,5
futures,ES,reddit_orb_fade,reddit_orb_fade|ny|range=15|entry=150|rr=2|sl_atr=1|tp_atr=1.5|threshold=2|adx_max=none|adx_min=none|rsi2=none|trend=all|max_bars=24,short,43719,43720,43726,2024-09-09 14:15:00+00:00,2024-09-09 14:30:00+00:00,2024-09-09 16:00:00+00:00,5463.25,5478.25,-60.0,-63.0,-1.0,120.0,60.0,3.0,sl,6,5
futures,ES,reddit_orb_fade,reddit_orb_fade|ny|range=15|entry=150|rr=2|sl_atr=1|tp_atr=1.5|threshold=2|adx_max=none|adx_min=none|rsi2=none|trend=all|max_bars=24,long,43809,43810,43810,2024-09-10 13:45:00+00:00,2024-09-10 14:00:00+00:00,2024-09-10 14:00:00+00:00,5493.75,5491.25,-10.0,-13.0,-1.0,20.0,10.0,3.0,sl,1,5
futures,ES,reddit_orb_fade,reddit_orb_fade|ny|range=15|entry=150|rr=2|sl_atr=1|tp_atr=1.5|threshold=2|adx_max=none|adx_min=none|rsi2=none|trend=all|max_bars=24,long,43910,43911,43917,2024-09-11 16:00:00+00:00,2024-09-11 16:15:00+00:00,2024-09-11 17:45:00+00:00,5474.5,5511.5,148.0,145.0,1.8831168831168832,148.0,74.0,3.0,tp,6,5
futures,ES,reddit_orb_fade,reddit_orb_fade|ny|range=15|entry=150|rr=2|sl_atr=1|tp_atr=1.5|threshold=2|adx_max=none|adx_min=none|rsi2=none|trend=all|max_bars=24,long,43994,43995,44018,2024-09-12 14:00:00+00:00,2024-09-12 14:15:00+00:00,2024-09-12 20:00:00+00:00,5567.0,5596.0,116.0,113.0,1.2840909090909092,170.0,85.0,3.0,session_close,23,5
futures,ES,reddit_orb_fade,reddit_orb_fade|ny|range=15|entry=150|rr=2|sl_atr=1|tp_atr=1.5|threshold=2|adx_max=none|adx_min=none|rsi2=none|trend=all|max_bars=24,short,44179,44180,44197,2024-09-16 14:15:00+00:00,2024-09-16 14:30:00+00:00,2024-09-16 18:45:00+00:00,5624.75,5637.25,-50.0,-53.0,-1.0,100.0,50.0,3.0,sl,17,5
futures,ES,reddit_orb_fade,reddit_orb_fade|ny|range=15|entry=150|rr=2|sl_atr=1|tp_atr=1.5|threshold=2|adx_max=none|adx_min=none|rsi2=none|trend=all|max_bars=24,long,44270,44271,44279,2024-09-17 14:00:00+00:00,2024-09-17 14:15:00+00:00,2024-09-17 16:15:00+00:00,5667.5,5652.25,-61.0,-64.0,-1.0,122.0,61.0,3.0,sl,8,5
futures,ES,reddit_orb_fade,reddit_orb_fade|ny|range=15|entry=150|rr=2|sl_atr=1|tp_atr=1.5|threshold=2|adx_max=none|adx_min=none|rsi2=none|trend=all|max_bars=24,long,44361,44362,44362,2024-09-18 13:45:00+00:00,2024-09-18 14:00:00+00:00,2024-09-18 14:00:00+00:00,5699.25,5694.75,-18.0,-21.0,-1.0,36.0,18.0,3.0,sl,1,5
futures,ES,reddit_orb_fade,reddit_orb_fade|ny|range=15|entry=150|rr=2|sl_atr=1|tp_atr=1.5|threshold=2|adx_max=none|adx_min=none|rsi2=none|trend=all|max_bars=24,long,44453,44454,44468,2024-09-19 13:45:00+00:00,2024-09-19 14:00:00+00:00,2024-09-19 17:30:00+00:00,5763.5,5794.0,122.0,119.0,1.859375,122.0,61.0,3.0,tp,14,5
futures,ES,reddit_orb_fade,reddit_orb_fade|ny|range=15|entry=150|rr=2|sl_atr=1|tp_atr=1.5|threshold=2|adx_max=none|adx_min=none|rsi2=none|trend=all|max_bars=24,long,44555,44556,44562,2024-09-20 16:15:00+00:00,2024-09-20 16:30:00+00:00,2024-09-20 18:00:00+00:00,5761.25,5752.0,-37.0,-40.0,-1.0,74.0,37.0,3.0,sl,6,5
futures,ES,reddit_orb_fade,reddit_orb_fade|ny|range=15|entry=150|rr=2|sl_atr=1|tp_atr=1.5|threshold=2|adx_max=none|adx_min=none|rsi2=none|trend=all|max_bars=24,short,44637,44638,44638,2024-09-23 13:45:00+00:00,2024-09-23 14:00:00+00:00,2024-09-23 14:00:00+00:00,5768.75,5775.257547190582,-26.03018876232818,-29.03018876232818,-1.0,52.06037752465636,26.03018876232818,3.0,sl,1,5
futures,ES,reddit_orb_fade,reddit_orb_fade|ny|range=15|entry=150|rr=2|sl_atr=1|tp_atr=1.5|threshold=2|adx_max=none|adx_min=none|rsi2=none|trend=all|max_bars=24,long,44734,44735,44737,2024-09-24 15:00:00+00:00,2024-09-24 15:15:00+00:00,2024-09-24 15:45:00+00:00,5776.75,5785.25,34.0,31.0,1.55,34.0,17.0,3.0,tp,2,5
futures,ES,reddit_orb_fade,reddit_orb_fade|ny|range=15|entry=150|rr=2|sl_atr=1|tp_atr=1.5|threshold=2|adx_max=none|adx_min=none|rsi2=none|trend=all|max_bars=24,short,44822,44823,44823,2024-09-25 14:00:00+00:00,2024-09-25 14:15:00+00:00,2024-09-25 14:15:00+00:00,5795.75,5789.75,24.0,21.0,1.4,24.0,12.0,3.0,tp,1,5
futures,ES,reddit_orb_fade,reddit_orb_fade|ny|range=15|entry=150|rr=2|sl_atr=1|tp_atr=1.5|threshold=2|adx_max=none|adx_min=none|rsi2=none|trend=all|max_bars=24,long,44913,44914,44914,2024-09-26 13:45:00+00:00,2024-09-26 14:00:00+00:00,2024-09-26 14:00:00+00:00,5815.75,5811.25,-18.0,-21.0,-1.0,36.0,18.0,3.0,sl,1,5
futures,ES,reddit_orb_fade,reddit_orb_fade|ny|range=15|entry=150|rr=2|sl_atr=1|tp_atr=1.5|threshold=2|adx_max=none|adx_min=none|rsi2=none|trend=all|max_bars=24,long,45005,45006,45006,2024-09-27 13:45:00+00:00,2024-09-27 14:00:00+00:00,2024-09-27 14:00:00+00:00,5808.5,5805.5,-12.0,-15.0,-1.0,24.0,12.0,3.0,same_bar_sl,1,5
futures,ES,reddit_orb_fade,reddit_orb_fade|ny|range=15|entry=150|rr=2|sl_atr=1|tp_atr=1.5|threshold=2|adx_max=none|adx_min=none|rsi2=none|trend=all|max_bars=24,long,45099,45100,45106,2024-09-30 14:15:00+00:00,2024-09-30 14:30:00+00:00,2024-09-30 16:00:00+00:00,5785.25,5798.75,54.0,51.0,1.7,54.0,27.0,3.0,tp,6,5
futures,ES,reddit_orb_fade,reddit_orb_fade|ny|range=15|entry=150|rr=2|sl_atr=1|tp_atr=1.5|threshold=2|adx_max=none|adx_min=none|rsi2=none|trend=all|max_bars=24,long,45281,45282,45306,2024-10-02 13:45:00+00:00,2024-10-02 14:00:00+00:00,2024-10-02 20:00:00+00:00,5743.25,5765.75,90.0,87.0,1.0875,154.0,77.0,3.0,session_close,24,5
futures,ES,reddit_orb_fade,reddit_orb_fade|ny|range=15|entry=150|rr=2|sl_atr=1|tp_atr=1.5|threshold=2|adx_max=none|adx_min=none|rsi2=none|trend=all|max_bars=24,short,45373,45374,45374,2024-10-03 13:45:00+00:00,2024-10-03 14:00:00+00:00,2024-10-03 14:00:00+00:00,5750.0,5754.25,-17.0,-20.0,-1.0,34.0,17.0,3.0,sl,1,5
futures,ES,reddit_orb_fade,reddit_orb_fade|ny|range=15|entry=150|rr=2|sl_atr=1|tp_atr=1.5|threshold=2|adx_max=none|adx_min=none|rsi2=none|trend=all|max_bars=24,short,45558,45559,45559,2024-10-07 14:00:00+00:00,2024-10-07 14:15:00+00:00,2024-10-07 14:15:00+00:00,5784.25,5786.25,-8.0,-11.0,-1.0,16.0,8.0,3.0,sl,1,5
futures,ES,reddit_orb_fade,reddit_orb_fade|ny|range=15|entry=150|rr=2|sl_atr=1|tp_atr=1.5|threshold=2|adx_max=none|adx_min=none|rsi2=none|trend=all|max_bars=24,short,45833,45834,45834,2024-10-10 13:45:00+00:00,2024-10-10 14:00:00+00:00,2024-10-10 14:00:00+00:00,5821.25,5830.5,-37.0,-40.0,-1.0,74.0,37.0,3.0,sl,1,5
futures,ES,reddit_orb_fade,reddit_orb_fade|ny|range=15|entry=150|rr=2|sl_atr=1|tp_atr=1.5|threshold=2|adx_max=none|adx_min=none|rsi2=none|trend=all|max_bars=24,long,46201,46202,46202,2024-10-16 13:45:00+00:00,2024-10-16 14:00:00+00:00,2024-10-16 14:00:00+00:00,5855.25,5859.25,16.0,13.0,1.1818181818181819,16.0,8.0,3.0,tp,1,5
futures,ES,reddit_orb_fade,reddit_orb_fade|ny|range=15|entry=150|rr=2|sl_atr=1|tp_atr=1.5|threshold=2|adx_max=none|adx_min=none|rsi2=none|trend=all|max_bars=24,short,46477,46478,46478,2024-10-21 13:45:00+00:00,2024-10-21 14:00:00+00:00,2024-10-21 14:00:00+00:00,5900.5,5904.75,-17.0,-20.0,-1.0,34.0,17.0,3.0,sl,1,5
futures,ES,reddit_orb_fade,reddit_orb_fade|ny|range=15|entry=150|rr=2|sl_atr=1|tp_atr=1.5|threshold=2|adx_max=none|adx_min=none|rsi2=none|trend=all|max_bars=24,short,46569,46570,46570,2024-10-22 13:45:00+00:00,2024-10-22 14:00:00+00:00,2024-10-22 14:00:00+00:00,5871.5,5873.5,-8.0,-11.0,-1.0,16.0,8.0,3.0,sl,1,5
futures,ES,reddit_orb_fade,reddit_orb_fade|ny|range=15|entry=150|rr=2|sl_atr=1|tp_atr=1.5|threshold=2|adx_max=none|adx_min=none|rsi2=none|trend=all|max_bars=24,long,46664,46665,46665,2024-10-23 14:30:00+00:00,2024-10-23 14:45:00+00:00,2024-10-23 14:45:00+00:00,5871.0,5864.75,-25.0,-28.0,-1.0,50.0,25.0,3.0,sl,1,5
futures,ES,reddit_orb_fade,reddit_orb_fade|ny|range=15|entry=150|rr=2|sl_atr=1|tp_atr=1.5|threshold=2|adx_max=none|adx_min=none|rsi2=none|trend=all|max_bars=24,long,46753,46754,46757,2024-10-24 13:45:00+00:00,2024-10-24 14:00:00+00:00,2024-10-24 14:45:00+00:00,5850.75,5842.75,-32.0,-35.0,-1.0,64.0,32.0,3.0,sl,3,5
futures,ES,reddit_orb_fade,reddit_orb_fade|ny|range=15|entry=150|rr=2|sl_atr=1|tp_atr=1.5|threshold=2|adx_max=none|adx_min=none|rsi2=none|trend=all|max_bars=24,short,46851,46852,46859,2024-10-25 15:15:00+00:00,2024-10-25 15:30:00+00:00,2024-10-25 17:15:00+00:00,5880.5,5863.0,70.0,67.0,1.763157894736842,70.0,35.0,3.0,tp,7,5
futures,ES,reddit_orb_fade,reddit_orb_fade|ny|range=15|entry=150|rr=2|sl_atr=1|tp_atr=1.5|threshold=2|adx_max=none|adx_min=none|rsi2=none|trend=all|max_bars=24,long,46938,46939,46944,2024-10-28 14:00:00+00:00,2024-10-28 14:15:00+00:00,2024-10-28 15:30:00+00:00,5873.25,5866.5,-27.0,-30.0,-1.0,54.0,27.0,3.0,sl,5,5
futures,ES,reddit_orb_fade,reddit_orb_fade|ny|range=15|entry=150|rr=2|sl_atr=1|tp_atr=1.5|threshold=2|adx_max=none|adx_min=none|rsi2=none|trend=all|max_bars=24,short,47029,47030,47030,2024-10-29 13:45:00+00:00,2024-10-29 14:00:00+00:00,2024-10-29 14:00:00+00:00,5852.75,5854.25,-6.0,-9.0,-1.0,12.0,6.0,3.0,same_bar_sl,1,5
futures,ES,reddit_orb_fade,reddit_orb_fade|ny|range=15|entry=150|rr=2|sl_atr=1|tp_atr=1.5|threshold=2|adx_max=none|adx_min=none|rsi2=none|trend=all|max_bars=24,short,47398,47399,47399,2024-11-04 15:00:00+00:00,2024-11-04 15:15:00+00:00,2024-11-04 15:15:00+00:00,5760.0,5765.75,-23.0,-26.0,-1.0,46.0,23.0,3.0,sl,1,5
futures,ES,reddit_orb_fade,reddit_orb_fade|ny|range=15|entry=150|rr=2|sl_atr=1|tp_atr=1.5|threshold=2|adx_max=none|adx_min=none|rsi2=none|trend=all|max_bars=24,long,47583,47584,47584,2024-11-06 15:15:00+00:00,2024-11-06 15:30:00+00:00,2024-11-06 15:30:00+00:00,5935.5,5919.0,-66.0,-69.0,-1.0,132.0,66.0,3.0,sl,1,5
futures,ES,reddit_orb_fade,reddit_orb_fade|ny|range=15|entry=150|rr=2|sl_atr=1|tp_atr=1.5|threshold=2|adx_max=none|adx_min=none|rsi2=none|trend=all|max_bars=24,short,47766,47767,47767,2024-11-08 15:00:00+00:00,2024-11-08 15:15:00+00:00,2024-11-08 15:15:00+00:00,6009.75,6018.25,-34.0,-37.0,-1.0,68.0,34.0,3.0,sl,1,5
futures,ES,reddit_orb_fade,reddit_orb_fade|ny|range=15|entry=150|rr=2|sl_atr=1|tp_atr=1.5|threshold=2|adx_max=none|adx_min=none|rsi2=none|trend=all|max_bars=24,long,47861,47862,47863,2024-11-11 15:45:00+00:00,2024-11-11 16:00:00+00:00,2024-11-11 16:15:00+00:00,6040.5,6034.5,-24.0,-27.0,-1.0,48.0,24.0,3.0,sl,1,5
futures,ES,reddit_orb_fade,reddit_orb_fade|ny|range=15|entry=150|rr=2|sl_atr=1|tp_atr=1.5|threshold=2|adx_max=none|adx_min=none|rsi2=none|trend=all|max_bars=24,long,48041,48042,48042,2024-11-13 14:45:00+00:00,2024-11-13 15:00:00+00:00,2024-11-13 15:00:00+00:00,6013.25,6005.5,-31.0,-34.0,-1.0,62.0,31.0,3.0,sl,1,5
futures,ES,reddit_orb_fade,reddit_orb_fade|ny|range=15|entry=150|rr=2|sl_atr=1|tp_atr=1.5|threshold=2|adx_max=none|adx_min=none|rsi2=none|trend=all|max_bars=24,long,48133,48134,48135,2024-11-14 14:45:00+00:00,2024-11-14 15:00:00+00:00,2024-11-14 15:15:00+00:00,6005.5,5999.5,-24.0,-27.0,-1.0,48.0,24.0,3.0,sl,1,5
futures,ES,reddit_orb_fade,reddit_orb_fade|ny|range=15|entry=150|rr=2|sl_atr=1|tp_atr=1.5|threshold=2|adx_max=none|adx_min=none|rsi2=none|trend=all|max_bars=24,long,48409,48410,48413,2024-11-19 14:45:00+00:00,2024-11-19 15:00:00+00:00,2024-11-19 15:45:00+00:00,5888.5,5913.0,98.0,95.0,1.8269230769230769,98.0,49.0,3.0,tp,3,5
futures,ES,reddit_orb_fade,reddit_orb_fade|ny|range=15|entry=150|rr=2|sl_atr=1|tp_atr=1.5|threshold=2|adx_max=none|adx_min=none|rsi2=none|trend=all|max_bars=24,short,48686,48687,48698,2024-11-22 15:00:00+00:00,2024-11-22 15:15:00+00:00,2024-11-22 18:00:00+00:00,5976.0,5992.0,-64.0,-67.0,-1.0,128.0,64.0,3.0,sl,11,5
futures,ES,reddit_orb_fade,reddit_orb_fade|ny|range=15|entry=150|rr=2|sl_atr=1|tp_atr=1.5|threshold=2|adx_max=none|adx_min=none|rsi2=none|trend=all|max_bars=24,short,48869,48870,48876,2024-11-26 14:45:00+00:00,2024-11-26 15:00:00+00:00,2024-11-26 16:30:00+00:00,6020.25,6027.0,-27.0,-30.0,-1.0,54.0,27.0,3.0,sl,6,5
futures,ES,reddit_orb_fade,reddit_orb_fade|ny|range=15|entry=150|rr=2|sl_atr=1|tp_atr=1.5|threshold=2|adx_max=none|adx_min=none|rsi2=none|trend=all|max_bars=24,long,49206,49207,49213,2024-12-02 14:45:00+00:00,2024-12-02 15:00:00+00:00,2024-12-02 16:30:00+00:00,6054.0,6062.5,34.0,31.0,1.55,34.0,17.0,3.0,tp,6,5
futures,ES,reddit_orb_fade,reddit_orb_fade|ny|range=15|entry=150|rr=2|sl_atr=1|tp_atr=1.5|threshold=2|adx_max=none|adx_min=none|rsi2=none|trend=all|max_bars=24,long,49302,49303,49318,2024-12-03 15:45:00+00:00,2024-12-03 16:00:00+00:00,2024-12-03 19:45:00+00:00,6053.0,6064.0,44.0,41.0,1.64,44.0,22.0,3.0,tp,15,5
futures,ES,reddit_orb_fade,reddit_orb_fade|ny|range=15|entry=150|rr=2|sl_atr=1|tp_atr=1.5|threshold=2|adx_max=none|adx_min=none|rsi2=none|trend=all|max_bars=24,short,49390,49391,49392,2024-12-04 14:45:00+00:00,2024-12-04 15:00:00+00:00,2024-12-04 15:15:00+00:00,6082.0,6075.0,28.0,25.0,1.4705882352941178,28.0,14.0,3.0,tp,1,5
futures,ES,reddit_orb_fade,reddit_orb_fade|ny|range=15|entry=150|rr=2|sl_atr=1|tp_atr=1.5|threshold=2|adx_max=none|adx_min=none|rsi2=none|trend=all|max_bars=24,short,49483,49484,49494,2024-12-05 15:00:00+00:00,2024-12-05 15:15:00+00:00,2024-12-05 17:45:00+00:00,6097.75,6104.75,-28.0,-31.0,-1.0,56.0,28.0,3.0,sl,10,5
futures,ES,reddit_orb_fade,reddit_orb_fade|ny|range=15|entry=150|rr=2|sl_atr=1|tp_atr=1.5|threshold=2|adx_max=none|adx_min=none|rsi2=none|trend=all|max_bars=24,short,49579,49580,49599,2024-12-06 16:00:00+00:00,2024-12-06 16:15:00+00:00,2024-12-06 21:00:00+00:00,6098.75,6098.25,2.0,-1.0,-0.02631578947368421,70.0,35.0,3.0,session_close,19,5
futures,ES,reddit_orb_fade,reddit_orb_fade|ny|range=15|entry=150|rr=2|sl_atr=1|tp_atr=1.5|threshold=2|adx_max=none|adx_min=none|rsi2=none|trend=all|max_bars=24,long,49667,49668,49668,2024-12-09 15:00:00+00:00,2024-12-09 15:15:00+00:00,2024-12-09 15:15:00+00:00,6091.25,6089.75,-6.0,-9.0,-1.0,12.0,6.0,3.0,sl,1,5
futures,ES,reddit_orb_fade,reddit_orb_fade|ny|range=15|entry=150|rr=2|sl_atr=1|tp_atr=1.5|threshold=2|adx_max=none|adx_min=none|rsi2=none|trend=all|max_bars=24,short,49760,49761,49761,2024-12-10 15:15:00+00:00,2024-12-10 15:30:00+00:00,2024-12-10 15:30:00+00:00,6069.25,6073.25,-16.0,-19.0,-1.0,32.0,16.0,3.0,sl,1,5
futures,ES,reddit_orb_fade,reddit_orb_fade|ny|range=15|entry=150|rr=2|sl_atr=1|tp_atr=1.5|threshold=2|adx_max=none|adx_min=none|rsi2=none|trend=all|max_bars=24,long,49942,49943,49943,2024-12-12 14:45:00+00:00,2024-12-12 15:00:00+00:00,2024-12-12 15:00:00+00:00,6078.0,6073.5,-18.0,-21.0,-1.0,36.0,18.0,3.0,sl,1,5
futures,ES,reddit_orb_fade,reddit_orb_fade|ny|range=15|entry=150|rr=2|sl_atr=1|tp_atr=1.5|threshold=2|adx_max=none|adx_min=none|rsi2=none|trend=all|max_bars=24,short,50034,50035,50037,2024-12-13 14:45:00+00:00,2024-12-13 15:00:00+00:00,2024-12-13 15:30:00+00:00,6075.25,6056.25,76.0,73.0,1.7804878048780488,76.0,38.0,3.0,tp,2,5
futures,ES,reddit_orb_fade,reddit_orb_fade|ny|range=15|entry=150|rr=2|sl_atr=1|tp_atr=1.5|threshold=2|adx_max=none|adx_min=none|rsi2=none|trend=all|max_bars=24,long,50126,50127,50128,2024-12-16 14:45:00+00:00,2024-12-16 15:00:00+00:00,2024-12-16 15:15:00+00:00,6075.25,6068.25,-28.0,-31.0,-1.0,56.0,28.0,3.0,sl,1,5
futures,ES,reddit_orb_fade,reddit_orb_fade|ny|range=15|entry=150|rr=2|sl_atr=1|tp_atr=1.5|threshold=2|adx_max=none|adx_min=none|rsi2=none|trend=all|max_bars=24,short,50218,50219,50219,2024-12-17 14:45:00+00:00,2024-12-17 15:00:00+00:00,2024-12-17 15:00:00+00:00,6055.0,6045.0,40.0,37.0,1.608695652173913,40.0,20.0,3.0,tp,1,5
futures,ES,reddit_orb_fade,reddit_orb_fade|ny|range=15|entry=150|rr=2|sl_atr=1|tp_atr=1.5|threshold=2|adx_max=none|adx_min=none|rsi2=none|trend=all|max_bars=24,long,50403,50404,50404,2024-12-19 15:00:00+00:00,2024-12-19 15:15:00+00:00,2024-12-19 15:15:00+00:00,5982.0,5962.0,-80.0,-83.0,-1.0,160.0,80.0,3.0,sl,1,5
futures,ES,reddit_orb_fade,reddit_orb_fade|ny|range=15|entry=150|rr=2|sl_atr=1|tp_atr=1.5|threshold=2|adx_max=none|adx_min=none|rsi2=none|trend=all|max_bars=24,long,50494,50495,50496,2024-12-20 14:45:00+00:00,2024-12-20 15:00:00+00:00,2024-12-20 15:15:00+00:00,5910.5,5935.0,98.0,95.0,1.8269230769230769,98.0,49.0,3.0,tp,1,5
futures,ES,reddit_orb_fade,reddit_orb_fade|ny|range=15|entry=150|rr=2|sl_atr=1|tp_atr=1.5|threshold=2|adx_max=none|adx_min=none|rsi2=none|trend=all|max_bars=24,long,50592,50593,50594,2024-12-23 16:15:00+00:00,2024-12-23 16:30:00+00:00,2024-12-23 16:45:00+00:00,5995.0,6009.5,58.0,55.0,1.71875,58.0,29.0,3.0,tp,1,5
futures,ES,reddit_orb_fade,reddit_orb_fade|ny|range=15|entry=150|rr=2|sl_atr=1|tp_atr=1.5|threshold=2|adx_max=none|adx_min=none|rsi2=none|trend=all|max_bars=24,long,50755,50756,50780,2024-12-26 14:45:00+00:00,2024-12-26 15:00:00+00:00,2024-12-26 21:00:00+00:00,6081.75,6092.5,43.0,40.0,0.5194805194805194,148.0,74.0,3.0,session_close,24,5
futures,ES,reddit_orb_fade,reddit_orb_fade|ny|range=15|entry=150|rr=2|sl_atr=1|tp_atr=1.5|threshold=2|adx_max=none|adx_min=none|rsi2=none|trend=all|max_bars=24,long,50847,50848,50848,2024-12-27 14:45:00+00:00,2024-12-27 15:00:00+00:00,2024-12-27 15:00:00+00:00,6044.75,6041.25,-14.0,-17.0,-1.0,28.0,14.0,3.0,sl,1,5
futures,ES,reddit_orb_fade,reddit_orb_fade|ny|range=15|entry=150|rr=2|sl_atr=1|tp_atr=1.5|threshold=2|adx_max=none|adx_min=none|rsi2=none|trend=all|max_bars=24,long,50940,50941,50941,2024-12-30 15:00:00+00:00,2024-12-30 15:15:00+00:00,2024-12-30 15:15:00+00:00,5934.75,5921.25,-54.0,-57.0,-1.0,108.0,54.0,3.0,sl,1,5
futures,ES,reddit_orb_fade,reddit_orb_fade|ny|range=15|entry=150|rr=2|sl_atr=1|tp_atr=1.5|threshold=2|adx_max=none|adx_min=none|rsi2=none|trend=all|max_bars=24,short,51032,51033,51041,2024-12-31 15:00:00+00:00,2024-12-31 15:15:00+00:00,2024-12-31 17:15:00+00:00,5964.5,5932.835291397294,126.65883441082406,123.65883441082406,1.8643135975078995,126.65883441082406,63.32941720541203,3.0,tp,8,5
futures,ES,reddit_orb_fade,reddit_orb_fade|ny|range=15|entry=150|rr=2|sl_atr=1|tp_atr=1.5|threshold=2|adx_max=none|adx_min=none|rsi2=none|trend=all|max_bars=24,short,51125,51126,51134,2025-01-02 15:15:00+00:00,2025-01-02 15:30:00+00:00,2025-01-02 17:30:00+00:00,5951.0,5888.5,250.0,247.0,1.9296875,250.0,125.0,3.0,tp,8,5
futures,ES,reddit_orb_fade,reddit_orb_fade|ny|range=15|entry=150|rr=2|sl_atr=1|tp_atr=1.5|threshold=2|adx_max=none|adx_min=none|rsi2=none|trend=all|max_bars=24,long,51491,51492,51492,2025-01-08 14:45:00+00:00,2025-01-08 15:00:00+00:00,2025-01-08 15:00:00+00:00,5939.5,5931.25,-33.0,-36.0,-1.0,66.0,33.0,3.0,sl,1,5
futures,ES,reddit_orb_fade,reddit_orb_fade|ny|range=15|entry=150|rr=2|sl_atr=1|tp_atr=1.5|threshold=2|adx_max=none|adx_min=none|rsi2=none|trend=all|max_bars=24,short,51738,51739,51740,2025-01-13 15:00:00+00:00,2025-01-13 15:15:00+00:00,2025-01-13 15:30:00+00:00,5828.25,5846.25,-72.0,-75.0,-1.0,144.0,72.0,3.0,sl,1,5
futures,ES,reddit_orb_fade,reddit_orb_fade|ny|range=15|entry=150|rr=2|sl_atr=1|tp_atr=1.5|threshold=2|adx_max=none|adx_min=none|rsi2=none|trend=all|max_bars=24,long,51830,51831,51832,2025-01-14 15:00:00+00:00,2025-01-14 15:15:00+00:00,2025-01-14 15:30:00+00:00,5900.25,5880.75,-78.0,-81.0,-1.0,156.0,78.0,3.0,sl,1,5
futures,ES,reddit_orb_fade,reddit_orb_fade|ny|range=15|entry=150|rr=2|sl_atr=1|tp_atr=1.5|threshold=2|adx_max=none|adx_min=none|rsi2=none|trend=all|max_bars=24,short,51925,51926,51926,2025-01-15 15:45:00+00:00,2025-01-15 16:00:00+00:00,2025-01-15 16:00:00+00:00,5973.25,5981.5,-33.0,-36.0,-1.0,66.0,33.0,3.0,sl,1,5
futures,ES,reddit_orb_fade,reddit_orb_fade|ny|range=15|entry=150|rr=2|sl_atr=1|tp_atr=1.5|threshold=2|adx_max=none|adx_min=none|rsi2=none|trend=all|max_bars=24,long,52017,52018,52020,2025-01-16 15:45:00+00:00,2025-01-16 16:00:00+00:00,2025-01-16 16:30:00+00:00,5994.75,5979.0,-63.0,-66.0,-1.0,126.0,63.0,3.0,sl,2,5
futures,ES,reddit_orb_fade,reddit_orb_fade|ny|range=15|entry=150|rr=2|sl_atr=1|tp_atr=1.5|threshold=2|adx_max=none|adx_min=none|rsi2=none|trend=all|max_bars=24,short,52105,52106,52106,2025-01-17 14:45:00+00:00,2025-01-17 15:00:00+00:00,2025-01-17 15:00:00+00:00,6020.25,6030.25,-40.0,-43.0,-1.0,80.0,40.0,3.0,sl,1,5
futures,ES,reddit_orb_fade,reddit_orb_fade|ny|range=15|entry=150|rr=2|sl_atr=1|tp_atr=1.5|threshold=2|adx_max=none|adx_min=none|rsi2=none|trend=all|max_bars=24,long,52198,52199,52199,2025-01-20 15:00:00+00:00,2025-01-20 15:15:00+00:00,2025-01-20 15:15:00+00:00,6064.0,6061.0,-12.0,-15.0,-1.0,24.0,12.0,3.0,sl,1,5
futures,ES,reddit_orb_fade,reddit_orb_fade|ny|range=15|entry=150|rr=2|sl_atr=1|tp_atr=1.5|threshold=2|adx_max=none|adx_min=none|rsi2=none|trend=all|max_bars=24,short,52273,52274,52274,2025-01-21 14:45:00+00:00,2025-01-21 15:00:00+00:00,2025-01-21 15:00:00+00:00,6062.5,6043.5,76.0,73.0,1.7804878048780488,76.0,38.0,3.0,tp,1,5
futures,ES,reddit_orb_fade,reddit_orb_fade|ny|range=15|entry=150|rr=2|sl_atr=1|tp_atr=1.5|threshold=2|adx_max=none|adx_min=none|rsi2=none|trend=all|max_bars=24,short,52457,52458,52458,2025-01-23 14:45:00+00:00,2025-01-23 15:00:00+00:00,2025-01-23 15:00:00+00:00,6118.5,6117.5,4.0,1.0,0.2,4.0,2.0,3.0,tp,1,5
futures,ES,reddit_orb_fade,reddit_orb_fade|ny|range=15|entry=150|rr=2|sl_atr=1|tp_atr=1.5|threshold=2|adx_max=none|adx_min=none|rsi2=none|trend=all|max_bars=24,short,52549,52550,52551,2025-01-24 14:45:00+00:00,2025-01-24 15:00:00+00:00,2025-01-24 15:15:00+00:00,6157.25,6147.25,40.0,37.0,1.608695652173913,40.0,20.0,3.0,tp,1,5
futures,ES,reddit_orb_fade,reddit_orb_fade|ny|range=15|entry=150|rr=2|sl_atr=1|tp_atr=1.5|threshold=2|adx_max=none|adx_min=none|rsi2=none|trend=all|max_bars=24,short,52642,52643,52643,2025-01-27 15:00:00+00:00,2025-01-27 15:15:00+00:00,2025-01-27 15:15:00+00:00,6028.25,6038.25,-40.0,-43.0,-1.0,80.0,40.0,3.0,sl,1,5
futures,ES,reddit_orb_fade,reddit_orb_fade|ny|range=15|entry=150|rr=2|sl_atr=1|tp_atr=1.5|threshold=2|adx_max=none|adx_min=none|rsi2=none|trend=all|max_bars=24,long,52733,52734,52735,2025-01-28 14:45:00+00:00,2025-01-28 15:00:00+00:00,2025-01-28 15:15:00+00:00,6039.75,6072.25,130.0,127.0,1.8676470588235294,130.0,65.0,3.0,tp,1,5
futures,ES,reddit_orb_fade,reddit_orb_fade|ny|range=15|entry=150|rr=2|sl_atr=1|tp_atr=1.5|threshold=2|adx_max=none|adx_min=none|rsi2=none|trend=all|max_bars=24,short,52826,52827,52838,2025-01-29 15:00:00+00:00,2025-01-29 15:15:00+00:00,2025-01-29 18:00:00+00:00,6083.5,6068.0,62.0,59.0,1.7352941176470589,62.0,31.0,3.0,tp,11,5
futures,ES,reddit_orb_fade,reddit_orb_fade|ny|range=15|entry=150|rr=2|sl_atr=1|tp_atr=1.5|threshold=2|adx_max=none|adx_min=none|rsi2=none|trend=all|max_bars=24,short,52918,52919,52922,2025-01-30 15:00:00+00:00,2025-01-30 15:15:00+00:00,2025-01-30 16:00:00+00:00,6086.75,6060.25,106.0,103.0,1.8392857142857142,106.0,53.0,3.0,tp,3,5
futures,ES,reddit_orb_fade,reddit_orb_fade|ny|range=15|entry=150|rr=2|sl_atr=1|tp_atr=1.5|threshold=2|adx_max=none|adx_min=none|rsi2=none|trend=all|max_bars=24,long,53101,53102,53102,2025-02-03 14:45:00+00:00,2025-02-03 15:00:00+00:00,2025-02-03 15:00:00+00:00,5965.25,5961.25,-16.0,-19.0,-1.0,32.0,16.0,3.0,sl,1,5
futures,ES,reddit_orb_fade,reddit_orb_fade|ny|range=15|entry=150|rr=2|sl_atr=1|tp_atr=1.5|threshold=2|adx_max=none|adx_min=none|rsi2=none|trend=all|max_bars=24,long,53287,53288,53302,2025-02-05 15:15:00+00:00,2025-02-05 15:30:00+00:00,2025-02-05 19:00:00+00:00,6050.5,6079.0,114.0,111.0,1.85,114.0,57.0,3.0,tp,14,5
futures,ES,reddit_orb_fade,reddit_orb_fade|ny|range=15|entry=150|rr=2|sl_atr=1|tp_atr=1.5|threshold=2|adx_max=none|adx_min=none|rsi2=none|trend=all|max_bars=24,short,53377,53378,53396,2025-02-06 14:45:00+00:00,2025-02-06 15:00:00+00:00,2025-02-06 19:30:00+00:00,6096.25,6078.75,70.0,67.0,1.763157894736842,70.0,35.0,3.0,tp,18,5
futures,ES,reddit_orb_fade,reddit_orb_fade|ny|range=15|entry=150|rr=2|sl_atr=1|tp_atr=1.5|threshold=2|adx_max=none|adx_min=none|rsi2=none|trend=all|max_bars=24,short,53470,53471,53494,2025-02-07 15:00:00+00:00,2025-02-07 15:15:00+00:00,2025-02-07 21:00:00+00:00,6084.25,6051.25,132.0,129.0,0.8716216216216216,290.0,145.0,3.0,session_close,23,5
futures,ES,reddit_orb_fade,reddit_orb_fade|ny|range=15|entry=150|rr=2|sl_atr=1|tp_atr=1.5|threshold=2|adx_max=none|adx_min=none|rsi2=none|trend=all|max_bars=24,short,53570,53571,53573,2025-02-10 17:00:00+00:00,2025-02-10 17:15:00+00:00,2025-02-10 17:45:00+00:00,6075.25,6085.5,-41.0,-44.0,-1.0,82.0,41.0,3.0,sl,2,5
futures,ES,reddit_orb_fade,reddit_orb_fade|ny|range=15|entry=150|rr=2|sl_atr=1|tp_atr=1.5|threshold=2|adx_max=none|adx_min=none|rsi2=none|trend=all|max_bars=24,short,53654,53655,53655,2025-02-11 15:00:00+00:00,2025-02-11 15:15:00+00:00,2025-02-11 15:15:00+00:00,6072.5,6079.5,-28.0,-31.0,-1.0,56.0,28.0,3.0,sl,1,5
futures,ES,reddit_orb_fade,reddit_orb_fade|ny|range=15|entry=150|rr=2|sl_atr=1|tp_atr=1.5|threshold=2|adx_max=none|adx_min=none|rsi2=none|trend=all|max_bars=24,short,53746,53747,53747,2025-02-12 15:00:00+00:00,2025-02-12 15:15:00+00:00,2025-02-12 15:15:00+00:00,6036.75,6053.5,-67.0,-70.0,-1.0,134.0,67.0,3.0,sl,1,5
futures,ES,reddit_orb_fade,reddit_orb_fade|ny|range=15|entry=150|rr=2|sl_atr=1|tp_atr=1.5|threshold=2|adx_max=none|adx_min=none|rsi2=none|trend=all|max_bars=24,short,53929,53930,53930,2025-02-14 14:45:00+00:00,2025-02-14 15:00:00+00:00,2025-02-14 15:00:00+00:00,6140.0,6141.75,-7.0,-10.0,-1.0,14.0,7.0,3.0,same_bar_sl,1,5
futures,ES,reddit_orb_fade,reddit_orb_fade|ny|range=15|entry=150|rr=2|sl_atr=1|tp_atr=1.5|threshold=2|adx_max=none|adx_min=none|rsi2=none|trend=all|max_bars=24,short,54030,54031,54031,2025-02-17 17:00:00+00:00,2025-02-17 17:15:00+00:00,2025-02-17 17:15:00+00:00,6144.0,6145.0,-4.0,-7.0,-1.0,8.0,4.0,3.0,sl,1,5
futures,ES,reddit_orb_fade,reddit_orb_fade|ny|range=15|entry=150|rr=2|sl_atr=1|tp_atr=1.5|threshold=2|adx_max=none|adx_min=none|rsi2=none|trend=all|max_bars=24,long,54097,54098,54098,2025-02-18 14:45:00+00:00,2025-02-18 15:00:00+00:00,2025-02-18 15:00:00+00:00,6135.75,6133.75,-8.0,-11.0,-1.0,16.0,8.0,3.0,sl,1,5
futures,ES,reddit_orb_fade,reddit_orb_fade|ny|range=15|entry=150|rr=2|sl_atr=1|tp_atr=1.5|threshold=2|adx_max=none|adx_min=none|rsi2=none|trend=all|max_bars=24,long,54189,54190,54190,2025-02-19 14:45:00+00:00,2025-02-19 15:00:00+00:00,2025-02-19 15:00:00+00:00,6133.0,6130.5,-10.0,-13.0,-1.0,20.0,10.0,3.0,sl,1,5
futures,ES,reddit_orb_fade,reddit_orb_fade|ny|range=15|entry=150|rr=2|sl_atr=1|tp_atr=1.5|threshold=2|adx_max=none|adx_min=none|rsi2=none|trend=all|max_bars=24,long,54743,54744,54744,2025-02-27 15:15:00+00:00,2025-02-27 15:30:00+00:00,2025-02-27 15:30:00+00:00,5981.25,5965.25,-64.0,-67.0,-1.0,128.0,64.0,3.0,sl,1,5
futures,ES,reddit_orb_fade,reddit_orb_fade|ny|range=15|entry=150|rr=2|sl_atr=1|tp_atr=1.5|threshold=2|adx_max=none|adx_min=none|rsi2=none|trend=all|max_bars=24,short,54839,54840,54840,2025-02-28 16:15:00+00:00,2025-02-28 16:30:00+00:00,2025-02-28 16:30:00+00:00,5884.5,5902.0,-70.0,-73.0,-1.0,140.0,70.0,3.0,sl,1,5
futures,ES,reddit_orb_fade,reddit_orb_fade|ny|range=15|entry=150|rr=2|sl_atr=1|tp_atr=1.5|threshold=2|adx_max=none|adx_min=none|rsi2=none|trend=all|max_bars=24,long,54928,54929,54929,2025-03-03 15:30:00+00:00,2025-03-03 15:45:00+00:00,2025-03-03 15:45:00+00:00,5974.0,5949.75,-97.0,-100.0,-1.0,194.0,97.0,3.0,sl,1,5
futures,ES,reddit_orb_fade,reddit_orb_fade|ny|range=15|entry=150|rr=2|sl_atr=1|tp_atr=1.5|threshold=2|adx_max=none|adx_min=none|rsi2=none|trend=all|max_bars=24,long,55027,55028,55029,2025-03-04 17:15:00+00:00,2025-03-04 17:30:00+00:00,2025-03-04 17:45:00+00:00,5800.0,5781.5,-74.0,-77.0,-1.0,148.0,74.0,3.0,sl,1,5
futures,ES,reddit_orb_fade,reddit_orb_fade|ny|range=15|entry=150|rr=2|sl_atr=1|tp_atr=1.5|threshold=2|adx_max=none|adx_min=none|rsi2=none|trend=all|max_bars=24,short,55110,55111,55111,2025-03-05 15:00:00+00:00,2025-03-05 15:15:00+00:00,2025-03-05 15:15:00+00:00,5804.0,5778.0,104.0,101.0,1.8363636363636364,104.0,52.0,3.0,tp,1,5
futures,ES,reddit_orb_fade,reddit_orb_fade|ny|range=15|entry=150|rr=2|sl_atr=1|tp_atr=1.5|threshold=2|adx_max=none|adx_min=none|rsi2=none|trend=all|max_bars=24,short,55201,55202,55202,2025-03-06 14:45:00+00:00,2025-03-06 15:00:00+00:00,2025-03-06 15:00:00+00:00,5763.5,5779.0,-62.0,-65.0,-1.0,124.0,62.0,3.0,sl,1,5
futures,ES,reddit_orb_fade,reddit_orb_fade|ny|range=15|entry=150|rr=2|sl_atr=1|tp_atr=1.5|threshold=2|adx_max=none|adx_min=none|rsi2=none|trend=all|max_bars=24,short,55293,55294,55296,2025-03-07 14:45:00+00:00,2025-03-07 15:00:00+00:00,2025-03-07 15:30:00+00:00,5756.25,5712.75,174.0,171.0,1.9,174.0,87.0,3.0,tp,2,5
futures,ES,reddit_orb_fade,reddit_orb_fade|ny|range=15|entry=150|rr=2|sl_atr=1|tp_atr=1.5|threshold=2|adx_max=none|adx_min=none|rsi2=none|trend=all|max_bars=24,short,55477,55478,55478,2025-03-11 13:45:00+00:00,2025-03-11 14:00:00+00:00,2025-03-11 14:00:00+00:00,5613.25,5632.5,-77.0,-80.0,-1.0,154.0,77.0,3.0,sl,1,5
futures,ES,reddit_orb_fade,reddit_orb_fade|ny|range=15|entry=150|rr=2|sl_atr=1|tp_atr=1.5|threshold=2|adx_max=none|adx_min=none|rsi2=none|trend=all|max_bars=24,long,55578,55579,55585,2025-03-12 16:00:00+00:00,2025-03-12 16:15:00+00:00,2025-03-12 17:45:00+00:00,5618.5,5595.75,-91.0,-94.0,-1.0,182.0,91.0,3.0,sl,6,5
futures,ES,reddit_orb_fade,reddit_orb_fade|ny|range=15|entry=150|rr=2|sl_atr=1|tp_atr=1.5|threshold=2|adx_max=none|adx_min=none|rsi2=none|trend=all|max_bars=24,long,55662,55663,55667,2025-03-13 14:00:00+00:00,2025-03-13 14:15:00+00:00,2025-03-13 15:15:00+00:00,5589.25,5557.0,-129.0,-132.0,-1.0,258.0,129.0,3.0,sl,4,5
futures,ES,reddit_orb_fade,reddit_orb_fade|ny|range=15|entry=150|rr=2|sl_atr=1|tp_atr=1.5|threshold=2|adx_max=none|adx_min=none|rsi2=none|trend=all|max_bars=24,short,55754,55755,55757,2025-03-14 14:00:00+00:00,2025-03-14 14:15:00+00:00,2025-03-14 14:45:00+00:00,5577.5,5599.75,-89.0,-92.0,-1.0,178.0,89.0,3.0,sl,2,5
futures,ES,reddit_orb_fade,reddit_orb_fade|ny|range=15|entry=150|rr=2|sl_atr=1|tp_atr=1.5|threshold=2|adx_max=none|adx_min=none|rsi2=none|trend=all|max_bars=24,short,56213,56214,56214,2025-03-21 13:45:00+00:00,2025-03-21 14:00:00+00:00,2025-03-21 14:00:00+00:00,5671.0,5661.5,38.0,35.0,1.5909090909090908,38.0,19.0,3.0,tp,1,5
futures,ES,reddit_orb_fade,reddit_orb_fade|ny|range=15|entry=150|rr=2|sl_atr=1|tp_atr=1.5|threshold=2|adx_max=none|adx_min=none|rsi2=none|trend=all|max_bars=24,long,56397,56398,56398,2025-03-25 13:45:00+00:00,2025-03-25 14:00:00+00:00,2025-03-25 14:00:00+00:00,5819.75,5812.75,-28.0,-31.0,-1.0,56.0,28.0,3.0,sl,1,5
futures,ES,reddit_orb_fade,reddit_orb_fade|ny|range=15|entry=150|rr=2|sl_atr=1|tp_atr=1.5|threshold=2|adx_max=none|adx_min=none|rsi2=none|trend=all|max_bars=24,long,56765,56766,56782,2025-03-31 13:45:00+00:00,2025-03-31 14:00:00+00:00,2025-03-31 18:00:00+00:00,5562.75,5620.75,232.0,229.0,1.9243697478991597,232.0,116.0,3.0,tp,16,5
futures,ES,reddit_orb_fade,reddit_orb_fade|ny|range=15|entry=150|rr=2|sl_atr=1|tp_atr=1.5|threshold=2|adx_max=none|adx_min=none|rsi2=none|trend=all|max_bars=24,short,56857,56858,56858,2025-04-01 13:45:00+00:00,2025-04-01 14:00:00+00:00,2025-04-01 14:00:00+00:00,5636.75,5610.25,106.0,103.0,1.8392857142857142,106.0,53.0,3.0,tp,1,5
futures,ES,reddit_orb_fade,reddit_orb_fade|ny|range=15|entry=150|rr=2|sl_atr=1|tp_atr=1.5|threshold=2|adx_max=none|adx_min=none|rsi2=none|trend=all|max_bars=24,long,57050,57051,57053,2025-04-03 16:00:00+00:00,2025-04-03 16:15:00+00:00,2025-04-03 16:45:00+00:00,5510.5,5493.75,-67.0,-70.0,-1.0,134.0,67.0,3.0,sl,2,5
futures,ES,reddit_orb_fade,reddit_orb_fade|ny|range=15|entry=150|rr=2|sl_atr=1|tp_atr=1.5|threshold=2|adx_max=none|adx_min=none|rsi2=none|trend=all|max_bars=24,long,57138,57139,57140,2025-04-04 15:00:00+00:00,2025-04-04 15:15:00+00:00,2025-04-04 15:30:00+00:00,5263.0,5201.5,-246.0,-249.0,-1.0,492.0,246.0,3.0,sl,1,5
futures,ES,reddit_orb_fade,reddit_orb_fade|ny|range=15|entry=150|rr=2|sl_atr=1|tp_atr=1.5|threshold=2|adx_max=none|adx_min=none|rsi2=none|trend=all|max_bars=24,short,57320,57321,57322,2025-04-08 14:30:00+00:00,2025-04-08 14:45:00+00:00,2025-04-08 15:00:00+00:00,5269.5,5215.5,216.0,213.0,1.9189189189189189,216.0,108.0,3.0,tp,1,5
futures,ES,reddit_orb_fade,reddit_orb_fade|ny|range=15|entry=150|rr=2|sl_atr=1|tp_atr=1.5|threshold=2|adx_max=none|adx_min=none|rsi2=none|trend=all|max_bars=24,short,57410,57411,57422,2025-04-09 14:00:00+00:00,2025-04-09 14:15:00+00:00,2025-04-09 17:00:00+00:00,5022.5,5087.25,-259.0,-262.0,-1.0,518.0,259.0,3.0,sl,11,5
futures,ES,reddit_orb_fade,reddit_orb_fade|ny|range=15|entry=150|rr=2|sl_atr=1|tp_atr=1.5|threshold=2|adx_max=none|adx_min=none|rsi2=none|trend=all|max_bars=24,long,57504,57505,57505,2025-04-10 14:30:00+00:00,2025-04-10 14:45:00+00:00,2025-04-10 14:45:00+00:00,5354.0,5334.25,-79.0,-82.0,-1.0,158.0,79.0,3.0,sl,1,5
futures,ES,reddit_orb_fade,reddit_orb_fade|ny|range=15|entry=150|rr=2|sl_atr=1|tp_atr=1.5|threshold=2|adx_max=none|adx_min=none|rsi2=none|trend=all|max_bars=24,short,57595,57596,57602,2025-04-11 14:15:00+00:00,2025-04-11 14:30:00+00:00,2025-04-11 16:00:00+00:00,5258.75,5328.25,-278.0,-281.0,-1.0,556.0,278.0,3.0,sl,6,5
futures,ES,reddit_orb_fade,reddit_orb_fade|ny|range=15|entry=150|rr=2|sl_atr=1|tp_atr=1.5|threshold=2|adx_max=none|adx_min=none|rsi2=none|trend=all|max_bars=24,short,57777,57778,57778,2025-04-15 13:45:00+00:00,2025-04-15 14:00:00+00:00,2025-04-15 14:00:00+00:00,5467.5,5482.0,-58.0,-61.0,-1.0,116.0,58.0,3.0,sl,1,5
futures,ES,reddit_orb_fade,reddit_orb_fade|ny|range=15|entry=150|rr=2|sl_atr=1|tp_atr=1.5|threshold=2|adx_max=none|adx_min=none|rsi2=none|trend=all|max_bars=24,long,57871,57872,57884,2025-04-16 14:15:00+00:00,2025-04-16 14:30:00+00:00,2025-04-16 17:30:00+00:00,5367.0,5349.0,-72.0,-75.0,-1.0,144.0,72.0,3.0,sl,12,5
futures,ES,reddit_orb_fade,reddit_orb_fade|ny|range=15|entry=150|rr=2|sl_atr=1|tp_atr=1.5|threshold=2|adx_max=none|adx_min=none|rsi2=none|trend=all|max_bars=24,short,57962,57963,57971,2025-04-17 14:00:00+00:00,2025-04-17 14:15:00+00:00,2025-04-17 16:15:00+00:00,5320.75,5339.0,-73.0,-76.0,-1.0,146.0,73.0,3.0,sl,8,5
futures,ES,reddit_orb_fade,reddit_orb_fade|ny|range=15|entry=150|rr=2|sl_atr=1|tp_atr=1.5|threshold=2|adx_max=none|adx_min=none|rsi2=none|trend=all|max_bars=24,long,58422,58423,58423,2025-04-25 14:00:00+00:00,2025-04-25 14:15:00+00:00,2025-04-25 14:15:00+00:00,5519.25,5490.25,-116.0,-119.0,-1.0,232.0,116.0,3.0,sl,1,5
futures,ES,reddit_orb_fade,reddit_orb_fade|ny|range=15|entry=150|rr=2|sl_atr=1|tp_atr=1.5|threshold=2|adx_max=none|adx_min=none|rsi2=none|trend=all|max_bars=24,short,58513,58514,58538,2025-04-28 13:45:00+00:00,2025-04-28 14:00:00+00:00,2025-04-28 20:00:00+00:00,5545.5,5544.75,3.0,0.0,0.0,266.0,133.0,3.0,session_close,24,5
futures,ES,reddit_orb_fade,reddit_orb_fade|ny|range=15|entry=150|rr=2|sl_atr=1|tp_atr=1.5|threshold=2|adx_max=none|adx_min=none|rsi2=none|trend=all|max_bars=24,short,58607,58608,58608,2025-04-29 14:15:00+00:00,2025-04-29 14:30:00+00:00,2025-04-29 14:30:00+00:00,5541.25,5562.0,-83.0,-86.0,-1.0,166.0,83.0,3.0,sl,1,5
futures,ES,reddit_orb_fade,reddit_orb_fade|ny|range=15|entry=150|rr=2|sl_atr=1|tp_atr=1.5|threshold=2|adx_max=none|adx_min=none|rsi2=none|trend=all|max_bars=24,short,58789,58790,58791,2025-05-01 13:45:00+00:00,2025-05-01 14:00:00+00:00,2025-05-01 14:15:00+00:00,5630.75,5654.75,-96.0,-99.0,-1.0,192.0,96.0,3.0,sl,1,5
futures,ES,reddit_orb_fade,reddit_orb_fade|ny|range=15|entry=150|rr=2|sl_atr=1|tp_atr=1.5|threshold=2|adx_max=none|adx_min=none|rsi2=none|trend=all|max_bars=24,long,58882,58883,58906,2025-05-02 14:00:00+00:00,2025-05-02 14:15:00+00:00,2025-05-02 20:00:00+00:00,5692.25,5711.5,77.0,74.0,0.8809523809523809,162.0,81.0,3.0,session_close,23,5
futures,ES,reddit_orb_fade,reddit_orb_fade|ny|range=15|entry=150|rr=2|sl_atr=1|tp_atr=1.5|threshold=2|adx_max=none|adx_min=none|rsi2=none|trend=all|max_bars=24,short,58973,58974,58974,2025-05-05 13:45:00+00:00,2025-05-05 14:00:00+00:00,2025-05-05 14:00:00+00:00,5669.25,5672.5,-13.0,-16.0,-1.0,26.0,13.0,3.0,same_bar_sl,1,5
futures,ES,reddit_orb_fade,reddit_orb_fade|ny|range=15|entry=150|rr=2|sl_atr=1|tp_atr=1.5|threshold=2|adx_max=none|adx_min=none|rsi2=none|trend=all|max_bars=24,long,59066,59067,59074,2025-05-06 14:00:00+00:00,2025-05-06 14:15:00+00:00,2025-05-06 16:00:00+00:00,5625.5,5659.5,136.0,133.0,1.8732394366197183,136.0,68.0,3.0,tp,7,5
futures,ES,reddit_orb_fade,reddit_orb_fade|ny|range=15|entry=150|rr=2|sl_atr=1|tp_atr=1.5|threshold=2|adx_max=none|adx_min=none|rsi2=none|trend=all|max_bars=24,short,59161,59162,59170,2025-05-07 14:45:00+00:00,2025-05-07 15:00:00+00:00,2025-05-07 17:00:00+00:00,5630.75,5655.0,-97.0,-100.0,-1.0,194.0,97.0,3.0,sl,8,5
futures,ES,reddit_orb_fade,reddit_orb_fade|ny|range=15|entry=150|rr=2|sl_atr=1|tp_atr=1.5|threshold=2|adx_max=none|adx_min=none|rsi2=none|trend=all|max_bars=24,long,59249,59250,59250,2025-05-08 13:45:00+00:00,2025-05-08 14:00:00+00:00,2025-05-08 14:00:00+00:00,5677.75,5671.5,-25.0,-28.0,-1.0,50.0,25.0,3.0,sl,1,5
futures,ES,reddit_orb_fade,reddit_orb_fade|ny|range=15|entry=150|rr=2|sl_atr=1|tp_atr=1.5|threshold=2|adx_max=none|adx_min=none|rsi2=none|trend=all|max_bars=24,long,59341,59342,59343,2025-05-09 13:45:00+00:00,2025-05-09 14:00:00+00:00,2025-05-09 14:15:00+00:00,5704.75,5693.0,-47.0,-50.0,-1.0,94.0,47.0,3.0,sl,1,5
futures,ES,reddit_orb_fade,reddit_orb_fade|ny|range=15|entry=150|rr=2|sl_atr=1|tp_atr=1.5|threshold=2|adx_max=none|adx_min=none|rsi2=none|trend=all|max_bars=24,long,59433,59434,59434,2025-05-12 13:45:00+00:00,2025-05-12 14:00:00+00:00,2025-05-12 14:00:00+00:00,5823.5,5832.5,36.0,33.0,1.5714285714285714,36.0,18.0,3.0,tp,1,5
futures,ES,reddit_orb_fade,reddit_orb_fade|ny|range=15|entry=150|rr=2|sl_atr=1|tp_atr=1.5|threshold=2|adx_max=none|adx_min=none|rsi2=none|trend=all|max_bars=24,long,59623,59624,59630,2025-05-14 15:15:00+00:00,2025-05-14 15:30:00+00:00,2025-05-14 17:00:00+00:00,5913.75,5902.75,-44.0,-47.0,-1.0,88.0,44.0,3.0,sl,6,5
futures,ES,reddit_orb_fade,reddit_orb_fade|ny|range=15|entry=150|rr=2|sl_atr=1|tp_atr=1.5|threshold=2|adx_max=none|adx_min=none|rsi2=none|trend=all|max_bars=24,long,59709,59710,59715,2025-05-15 13:45:00+00:00,2025-05-15 14:00:00+00:00,2025-05-15 15:15:00+00:00,5895.25,5916.75,86.0,83.0,1.8043478260869565,86.0,43.0,3.0,tp,5,5
futures,ES,reddit_orb_fade,reddit_orb_fade|ny|range=15|entry=150|rr=2|sl_atr=1|tp_atr=1.5|threshold=2|adx_max=none|adx_min=none|rsi2=none|trend=all|max_bars=24,short,59803,59804,59804,2025-05-16 14:15:00+00:00,2025-05-16 14:30:00+00:00,2025-05-16 14:30:00+00:00,5940.75,5925.75,60.0,57.0,1.7272727272727273,60.0,30.0,3.0,tp,1,5
futures,ES,reddit_orb_fade,reddit_orb_fade|ny|range=15|entry=150|rr=2|sl_atr=1|tp_atr=1.5|threshold=2|adx_max=none|adx_min=none|rsi2=none|trend=all|max_bars=24,long,59985,59986,60003,2025-05-20 13:45:00+00:00,2025-05-20 14:00:00+00:00,2025-05-20 18:15:00+00:00,5959.0,5950.75,-33.0,-36.0,-1.0,66.0,33.0,3.0,sl,17,5
futures,ES,reddit_orb_fade,reddit_orb_fade|ny|range=15|entry=150|rr=2|sl_atr=1|tp_atr=1.5|threshold=2|adx_max=none|adx_min=none|rsi2=none|trend=all|max_bars=24,short,60077,60078,60078,2025-05-21 13:45:00+00:00,2025-05-21 14:00:00+00:00,2025-05-21 14:00:00+00:00,5928.5,5935.25,-27.0,-30.0,-1.0,54.0,27.0,3.0,sl,1,5
futures,ES,reddit_orb_fade,reddit_orb_fade|ny|range=15|entry=150|rr=2|sl_atr=1|tp_atr=1.5|threshold=2|adx_max=none|adx_min=none|rsi2=none|trend=all|max_bars=24,short,60171,60172,60176,2025-05-22 14:15:00+00:00,2025-05-22 14:30:00+00:00,2025-05-22 15:30:00+00:00,5857.0,5870.5,-54.0,-57.0,-1.0,108.0,54.0,3.0,sl,4,5
futures,ES,reddit_orb_fade,reddit_orb_fade|ny|range=15|entry=150|rr=2|sl_atr=1|tp_atr=1.5|threshold=2|adx_max=none|adx_min=none|rsi2=none|trend=all|max_bars=24,short,60263,60264,60264,2025-05-23 14:15:00+00:00,2025-05-23 14:30:00+00:00,2025-05-23 14:30:00+00:00,5802.0,5810.75,-35.0,-38.0,-1.0,70.0,35.0,3.0,sl,1,5
futures,ES,reddit_orb_fade,reddit_orb_fade|ny|range=15|entry=150|rr=2|sl_atr=1|tp_atr=1.5|threshold=2|adx_max=none|adx_min=none|rsi2=none|trend=all|max_bars=24,long,60354,60355,60356,2025-05-26 14:00:00+00:00,2025-05-26 14:15:00+00:00,2025-05-26 14:30:00+00:00,5884.0,5881.0,-12.0,-15.0,-1.0,24.0,12.0,3.0,sl,1,5
futures,ES,reddit_orb_fade,reddit_orb_fade|ny|range=15|entry=150|rr=2|sl_atr=1|tp_atr=1.5|threshold=2|adx_max=none|adx_min=none|rsi2=none|trend=all|max_bars=24,long,60613,60614,60614,2025-05-29 13:45:00+00:00,2025-05-29 14:00:00+00:00,2025-05-29 14:00:00+00:00,5936.0,5926.25,-39.0,-42.0,-1.0,78.0,39.0,3.0,sl,1,5
futures,ES,reddit_orb_fade,reddit_orb_fade|ny|range=15|entry=150|rr=2|sl_atr=1|tp_atr=1.5|threshold=2|adx_max=none|adx_min=none|rsi2=none|trend=all|max_bars=24,long,60706,60707,60715,2025-05-30 14:00:00+00:00,2025-05-30 14:15:00+00:00,2025-05-30 16:15:00+00:00,5913.5,5890.75,-91.0,-94.0,-1.0,182.0,91.0,3.0,sl,8,5
futures,ES,reddit_orb_fade,reddit_orb_fade|ny|range=15|entry=150|rr=2|sl_atr=1|tp_atr=1.5|threshold=2|adx_max=none|adx_min=none|rsi2=none|trend=all|max_bars=24,long,60799,60800,60819,2025-06-02 14:15:00+00:00,2025-06-02 14:30:00+00:00,2025-06-02 19:15:00+00:00,5906.25,5944.25,152.0,149.0,1.8860759493670887,152.0,76.0,3.0,tp,19,5
futures,ES,reddit_orb_fade,reddit_orb_fade|ny|range=15|entry=150|rr=2|sl_atr=1|tp_atr=1.5|threshold=2|adx_max=none|adx_min=none|rsi2=none|trend=all|max_bars=24,short,60890,60891,60891,2025-06-03 14:00:00+00:00,2025-06-03 14:15:00+00:00,2025-06-03 14:15:00+00:00,5949.75,5953.5,-15.0,-18.0,-1.0,30.0,15.0,3.0,sl,1,5
futures,ES,reddit_orb_fade,reddit_orb_fade|ny|range=15|entry=150|rr=2|sl_atr=1|tp_atr=1.5|threshold=2|adx_max=none|adx_min=none|rsi2=none|trend=all|max_bars=24,long,60983,60984,60988,2025-06-04 14:15:00+00:00,2025-06-04 14:30:00+00:00,2025-06-04 15:30:00+00:00,5995.0,5985.75,-37.0,-40.0,-1.0,74.0,37.0,3.0,sl,4,5
futures,ES,reddit_orb_fade,reddit_orb_fade|ny|range=15|entry=150|rr=2|sl_atr=1|tp_atr=1.5|threshold=2|adx_max=none|adx_min=none|rsi2=none|trend=all|max_bars=24,long,61075,61076,61076,2025-06-05 14:15:00+00:00,2025-06-05 14:30:00+00:00,2025-06-05 14:30:00+00:00,5980.25,5962.25,-72.0,-75.0,-1.0,144.0,72.0,3.0,sl,1,5
futures,ES,reddit_orb_fade,reddit_orb_fade|ny|range=15|entry=150|rr=2|sl_atr=1|tp_atr=1.5|threshold=2|adx_max=none|adx_min=none|rsi2=none|trend=all|max_bars=24,short,61165,61166,61167,2025-06-06 13:45:00+00:00,2025-06-06 14:00:00+00:00,2025-06-06 14:15:00+00:00,6019.75,6009.25,42.0,39.0,1.625,42.0,21.0,3.0,tp,1,5
futures,ES,reddit_orb_fade,reddit_orb_fade|ny|range=15|entry=150|rr=2|sl_atr=1|tp_atr=1.5|threshold=2|adx_max=none|adx_min=none|rsi2=none|trend=all|max_bars=24,short,61260,61261,61269,2025-06-09 14:30:00+00:00,2025-06-09 14:45:00+00:00,2025-06-09 16:45:00+00:00,6009.75,6019.5,-39.0,-42.0,-1.0,78.0,39.0,3.0,sl,8,5
futures,ES,reddit_orb_fade,reddit_orb_fade|ny|range=15|entry=150|rr=2|sl_atr=1|tp_atr=1.5|threshold=2|adx_max=none|adx_min=none|rsi2=none|trend=all|max_bars=24,short,61349,61350,61351,2025-06-10 13:45:00+00:00,2025-06-10 14:00:00+00:00,2025-06-10 14:15:00+00:00,6020.0,6025.5,-22.0,-25.0,-1.0,44.0,22.0,3.0,sl,1,5
futures,ES,reddit_orb_fade,reddit_orb_fade|ny|range=15|entry=150|rr=2|sl_atr=1|tp_atr=1.5|threshold=2|adx_max=none|adx_min=none|rsi2=none|trend=all|max_bars=24,long,61441,61442,61451,2025-06-11 13:45:00+00:00,2025-06-11 14:00:00+00:00,2025-06-11 16:15:00+00:00,6050.25,6035.75,-58.0,-61.0,-1.0,116.0,58.0,3.0,sl,9,5
futures,ES,reddit_orb_fade,reddit_orb_fade|ny|range=15|entry=150|rr=2|sl_atr=1|tp_atr=1.5|threshold=2|adx_max=none|adx_min=none|rsi2=none|trend=all|max_bars=24,short,61533,61534,61534,2025-06-12 13:45:00+00:00,2025-06-12 14:00:00+00:00,2025-06-12 14:00:00+00:00,6021.0,6026.25,-21.0,-24.0,-1.0,42.0,21.0,3.0,sl,1,5
futures,ES,reddit_orb_fade,reddit_orb_fade|ny|range=15|entry=150|rr=2|sl_atr=1|tp_atr=1.5|threshold=2|adx_max=none|adx_min=none|rsi2=none|trend=all|max_bars=24,long,61629,61630,61643,2025-06-13 14:45:00+00:00,2025-06-13 15:00:00+00:00,2025-06-13 18:15:00+00:00,6002.5,5984.75,-71.0,-74.0,-1.0,142.0,71.0,3.0,sl,13,5
futures,ES,reddit_orb_fade,reddit_orb_fade|ny|range=15|entry=150|rr=2|sl_atr=1|tp_atr=1.5|threshold=2|adx_max=none|adx_min=none|rsi2=none|trend=all|max_bars=24,short,61809,61810,61810,2025-06-17 13:45:00+00:00,2025-06-17 14:00:00+00:00,2025-06-17 14:00:00+00:00,6018.0,6019.0,-4.0,-7.0,-1.0,8.0,4.0,3.0,same_bar_sl,1,5
futures,ES,reddit_orb_fade,reddit_orb_fade|ny|range=15|entry=150|rr=2|sl_atr=1|tp_atr=1.5|threshold=2|adx_max=none|adx_min=none|rsi2=none|trend=all|max_bars=24,long,61997,61998,62000,2025-06-19 14:45:00+00:00,2025-06-19 15:00:00+00:00,2025-06-19 15:30:00+00:00,5986.0,5977.75,-33.0,-36.0,-1.0,66.0,33.0,3.0,sl,2,5
futures,ES,reddit_orb_fade,reddit_orb_fade|ny|range=15|entry=150|rr=2|sl_atr=1|tp_atr=1.5|threshold=2|adx_max=none|adx_min=none|rsi2=none|trend=all|max_bars=24,short,62170,62171,62171,2025-06-23 16:00:00+00:00,2025-06-23 16:15:00+00:00,2025-06-23 16:15:00+00:00,6032.75,6026.25,26.0,23.0,1.4375,26.0,13.0,3.0,tp,1,5
futures,ES,reddit_orb_fade,reddit_orb_fade|ny|range=15|entry=150|rr=2|sl_atr=1|tp_atr=1.5|threshold=2|adx_max=none|adx_min=none|rsi2=none|trend=all|max_bars=24,short,62253,62254,62258,2025-06-24 13:45:00+00:00,2025-06-24 14:00:00+00:00,2025-06-24 15:00:00+00:00,6116.5,6130.25,-55.0,-58.0,-1.0,110.0,55.0,3.0,sl,4,5
futures,ES,reddit_orb_fade,reddit_orb_fade|ny|range=15|entry=150|rr=2|sl_atr=1|tp_atr=1.5|threshold=2|adx_max=none|adx_min=none|rsi2=none|trend=all|max_bars=24,long,62345,62346,62346,2025-06-25 13:45:00+00:00,2025-06-25 14:00:00+00:00,2025-06-25 14:00:00+00:00,6157.0,6149.75,-29.0,-32.0,-1.0,58.0,29.0,3.0,sl,1,5
futures,ES,reddit_orb_fade,reddit_orb_fade|ny|range=15|entry=150|rr=2|sl_atr=1|tp_atr=1.5|threshold=2|adx_max=none|adx_min=none|rsi2=none|trend=all|max_bars=24,long,62437,62438,62442,2025-06-26 13:45:00+00:00,2025-06-26 14:00:00+00:00,2025-06-26 15:00:00+00:00,6167.0,6182.5,62.0,59.0,1.7352941176470589,62.0,31.0,3.0,tp,4,5
futures,ES,reddit_orb_fade,reddit_orb_fade|ny|range=15|entry=150|rr=2|sl_atr=1|tp_atr=1.5|threshold=2|adx_max=none|adx_min=none|rsi2=none|trend=all|max_bars=24,long,62621,62622,62623,2025-06-30 13:45:00+00:00,2025-06-30 14:00:00+00:00,2025-06-30 14:15:00+00:00,6238.5,6234.75,-15.0,-18.0,-1.0,30.0,15.0,3.0,sl,1,5
futures,ES,reddit_orb_fade,reddit_orb_fade|ny|range=15|entry=150|rr=2|sl_atr=1|tp_atr=1.5|threshold=2|adx_max=none|adx_min=none|rsi2=none|trend=all|max_bars=24,short,62716,62717,62722,2025-07-01 14:30:00+00:00,2025-07-01 14:45:00+00:00,2025-07-01 16:00:00+00:00,6238.5,6248.5,-40.0,-43.0,-1.0,80.0,40.0,3.0,sl,5,5
futures,ES,reddit_orb_fade,reddit_orb_fade|ny|range=15|entry=150|rr=2|sl_atr=1|tp_atr=1.5|threshold=2|adx_max=none|adx_min=none|rsi2=none|trend=all|max_bars=24,short,62805,62806,62806,2025-07-02 13:45:00+00:00,2025-07-02 14:00:00+00:00,2025-07-02 14:00:00+00:00,6245.25,6248.5,-13.0,-16.0,-1.0,26.0,13.0,3.0,sl,1,5
futures,ES,reddit_orb_fade,reddit_orb_fade|ny|range=15|entry=150|rr=2|sl_atr=1|tp_atr=1.5|threshold=2|adx_max=none|adx_min=none|rsi2=none|trend=all|max_bars=24,short,62975,62976,62976,2025-07-04 14:00:00+00:00,2025-07-04 14:15:00+00:00,2025-07-04 14:15:00+00:00,6286.5,6288.0,-6.0,-9.0,-1.0,12.0,6.0,3.0,sl,1,5
futures,ES,reddit_orb_fade,reddit_orb_fade|ny|range=15|entry=150|rr=2|sl_atr=1|tp_atr=1.5|threshold=2|adx_max=none|adx_min=none|rsi2=none|trend=all|max_bars=24,short,63050,63051,63051,2025-07-07 13:45:00+00:00,2025-07-07 14:00:00+00:00,2025-07-07 14:00:00+00:00,6305.0,6295.5,38.0,35.0,1.5909090909090908,38.0,19.0,3.0,tp,1,5
futures,ES,reddit_orb_fade,reddit_orb_fade|ny|range=15|entry=150|rr=2|sl_atr=1|tp_atr=1.5|threshold=2|adx_max=none|adx_min=none|rsi2=none|trend=all|max_bars=24,short,63142,63143,63152,2025-07-08 13:45:00+00:00,2025-07-08 14:00:00+00:00,2025-07-08 16:15:00+00:00,6274.0,6284.25,-41.0,-44.0,-1.0,82.0,41.0,3.0,sl,9,5
futures,ES,reddit_orb_fade,reddit_orb_fade|ny|range=15|entry=150|rr=2|sl_atr=1|tp_atr=1.5|threshold=2|adx_max=none|adx_min=none|rsi2=none|trend=all|max_bars=24,short,63236,63237,63238,2025-07-09 14:15:00+00:00,2025-07-09 14:30:00+00:00,2025-07-09 14:45:00+00:00,6301.25,6282.75,74.0,71.0,1.775,74.0,37.0,3.0,tp,1,5
futures,ES,reddit_orb_fade,reddit_orb_fade|ny|range=15|entry=150|rr=2|sl_atr=1|tp_atr=1.5|threshold=2|adx_max=none|adx_min=none|rsi2=none|trend=all|max_bars=24,long,63327,63328,63331,2025-07-10 14:00:00+00:00,2025-07-10 14:15:00+00:00,2025-07-10 15:00:00+00:00,6303.25,6317.75,58.0,55.0,1.71875,58.0,29.0,3.0,tp,3,5
futures,ES,reddit_orb_fade,reddit_orb_fade|ny|range=15|entry=150|rr=2|sl_atr=1|tp_atr=1.5|threshold=2|adx_max=none|adx_min=none|rsi2=none|trend=all|max_bars=24,long,63418,63419,63443,2025-07-11 13:45:00+00:00,2025-07-11 14:00:00+00:00,2025-07-11 20:00:00+00:00,6296.0,6297.25,5.0,2.0,0.0273972602739726,140.0,70.0,3.0,session_close,24,5
futures,ES,reddit_orb_fade,reddit_orb_fade|ny|range=15|entry=150|rr=2|sl_atr=1|tp_atr=1.5|threshold=2|adx_max=none|adx_min=none|rsi2=none|trend=all|max_bars=24,short,63510,63511,63512,2025-07-14 13:45:00+00:00,2025-07-14 14:00:00+00:00,2025-07-14 14:15:00+00:00,6289.25,6297.25,-32.0,-35.0,-1.0,64.0,32.0,3.0,sl,1,5
futures,ES,reddit_orb_fade,reddit_orb_fade|ny|range=15|entry=150|rr=2|sl_atr=1|tp_atr=1.5|threshold=2|adx_max=none|adx_min=none|rsi2=none|trend=all|max_bars=24,long,63603,63604,63605,2025-07-15 14:00:00+00:00,2025-07-15 14:15:00+00:00,2025-07-15 14:30:00+00:00,6324.5,6314.75,-39.0,-42.0,-1.0,78.0,39.0,3.0,sl,1,5
futures,ES,reddit_orb_fade,reddit_orb_fade|ny|range=15|entry=150|rr=2|sl_atr=1|tp_atr=1.5|threshold=2|adx_max=none|adx_min=none|rsi2=none|trend=all|max_bars=24,long,63699,63700,63700,2025-07-16 15:00:00+00:00,2025-07-16 15:15:00+00:00,2025-07-16 15:15:00+00:00,6294.5,6281.5,-52.0,-55.0,-1.0,104.0,52.0,3.0,sl,1,5
futures,ES,reddit_orb_fade,reddit_orb_fade|ny|range=15|entry=150|rr=2|sl_atr=1|tp_atr=1.5|threshold=2|adx_max=none|adx_min=none|rsi2=none|trend=all|max_bars=24,short,63788,63789,63791,2025-07-17 14:15:00+00:00,2025-07-17 14:30:00+00:00,2025-07-17 15:00:00+00:00,6315.0,6323.0,-32.0,-35.0,-1.0,64.0,32.0,3.0,sl,2,5
futures,ES,reddit_orb_fade,reddit_orb_fade|ny|range=15|entry=150|rr=2|sl_atr=1|tp_atr=1.5|threshold=2|adx_max=none|adx_min=none|rsi2=none|trend=all|max_bars=24,long,63878,63879,63879,2025-07-18 13:45:00+00:00,2025-07-18 14:00:00+00:00,2025-07-18 14:00:00+00:00,6344.75,6342.5,-9.0,-12.0,-1.0,18.0,9.0,3.0,same_bar_sl,1,5
futures,ES,reddit_orb_fade,reddit_orb_fade|ny|range=15|entry=150|rr=2|sl_atr=1|tp_atr=1.5|threshold=2|adx_max=none|adx_min=none|rsi2=none|trend=all|max_bars=24,long,64156,64157,64162,2025-07-23 14:15:00+00:00,2025-07-23 14:30:00+00:00,2025-07-23 15:45:00+00:00,6364.0,6381.0,68.0,65.0,1.7567567567567568,68.0,34.0,3.0,tp,5,5
futures,ES,reddit_orb_fade,reddit_orb_fade|ny|range=15|entry=150|rr=2|sl_atr=1|tp_atr=1.5|threshold=2|adx_max=none|adx_min=none|rsi2=none|trend=all|max_bars=24,short,64247,64248,64250,2025-07-24 14:00:00+00:00,2025-07-24 14:15:00+00:00,2025-07-24 14:45:00+00:00,6399.25,6409.75,-42.0,-45.0,-1.0,84.0,42.0,3.0,sl,2,5
futures,ES,reddit_orb_fade,reddit_orb_fade|ny|range=15|entry=150|rr=2|sl_atr=1|tp_atr=1.5|threshold=2|adx_max=none|adx_min=none|rsi2=none|trend=all|max_bars=24,short,64338,64339,64340,2025-07-25 13:45:00+00:00,2025-07-25 14:00:00+00:00,2025-07-25 14:15:00+00:00,6406.75,6410.5,-15.0,-18.0,-1.0,30.0,15.0,3.0,sl,1,5
futures,ES,reddit_orb_fade,reddit_orb_fade|ny|range=15|entry=150|rr=2|sl_atr=1|tp_atr=1.5|threshold=2|adx_max=none|adx_min=none|rsi2=none|trend=all|max_bars=24,short,64432,64433,64436,2025-07-28 14:15:00+00:00,2025-07-28 14:30:00+00:00,2025-07-28 15:15:00+00:00,6431.0,6424.5,26.0,23.0,1.4375,26.0,13.0,3.0,tp,3,5
futures,ES,reddit_orb_fade,reddit_orb_fade|ny|range=15|entry=150|rr=2|sl_atr=1|tp_atr=1.5|threshold=2|adx_max=none|adx_min=none|rsi2=none|trend=all|max_bars=24,long,64522,64523,64525,2025-07-29 13:45:00+00:00,2025-07-29 14:00:00+00:00,2025-07-29 14:30:00+00:00,6433.0,6425.5,-30.0,-33.0,-1.0,60.0,30.0,3.0,sl,2,5
futures,ES,reddit_orb_fade,reddit_orb_fade|ny|range=15|entry=150|rr=2|sl_atr=1|tp_atr=1.5|threshold=2|adx_max=none|adx_min=none|rsi2=none|trend=all|max_bars=24,short,64614,64615,64616,2025-07-30 13:45:00+00:00,2025-07-30 14:00:00+00:00,2025-07-30 14:15:00+00:00,6409.5,6414.5,-20.0,-23.0,-1.0,40.0,20.0,3.0,sl,1,5
futures,ES,reddit_orb_fade,reddit_orb_fade|ny|range=15|entry=150|rr=2|sl_atr=1|tp_atr=1.5|threshold=2|adx_max=none|adx_min=none|rsi2=none|trend=all|max_bars=24,short,64706,64707,64709,2025-07-31 13:45:00+00:00,2025-07-31 14:00:00+00:00,2025-07-31 14:30:00+00:00,6445.5,6434.5,44.0,41.0,1.64,44.0,22.0,3.0,tp,2,5
futures,ES,reddit_orb_fade,reddit_orb_fade|ny|range=15|entry=150|rr=2|sl_atr=1|tp_atr=1.5|threshold=2|adx_max=none|adx_min=none|rsi2=none|trend=all|max_bars=24,long,64800,64801,64802,2025-08-01 14:15:00+00:00,2025-08-01 14:30:00+00:00,2025-08-01 14:45:00+00:00,6281.0,6265.75,-61.0,-64.0,-1.0,122.0,61.0,3.0,sl,1,5
futures,ES,reddit_orb_fade,reddit_orb_fade|ny|range=15|entry=150|rr=2|sl_atr=1|tp_atr=1.5|threshold=2|adx_max=none|adx_min=none|rsi2=none|trend=all|max_bars=24,short,64982,64983,64983,2025-08-05 13:45:00+00:00,2025-08-05 14:00:00+00:00,2025-08-05 14:00:00+00:00,6364.5,6350.0,58.0,55.0,1.71875,58.0,29.0,3.0,tp,1,5
futures,ES,reddit_orb_fade,reddit_orb_fade|ny|range=15|entry=150|rr=2|sl_atr=1|tp_atr=1.5|threshold=2|adx_max=none|adx_min=none|rsi2=none|trend=all|max_bars=24,short,65074,65075,65075,2025-08-06 13:45:00+00:00,2025-08-06 14:00:00+00:00,2025-08-06 14:00:00+00:00,6333.25,6344.75,-46.0,-49.0,-1.0,92.0,46.0,3.0,sl,1,5
futures,ES,reddit_orb_fade,reddit_orb_fade|ny|range=15|entry=150|rr=2|sl_atr=1|tp_atr=1.5|threshold=2|adx_max=none|adx_min=none|rsi2=none|trend=all|max_bars=24,long,65166,65167,65167,2025-08-07 13:45:00+00:00,2025-08-07 14:00:00+00:00,2025-08-07 14:00:00+00:00,6409.25,6397.25,-48.0,-51.0,-1.0,96.0,48.0,3.0,sl,1,5
futures,ES,reddit_orb_fade,reddit_orb_fade|ny|range=15|entry=150|rr=2|sl_atr=1|tp_atr=1.5|threshold=2|adx_max=none|adx_min=none|rsi2=none|trend=all|max_bars=24,short,65351,65352,65352,2025-08-11 14:00:00+00:00,2025-08-11 14:15:00+00:00,2025-08-11 14:15:00+00:00,6416.5,6421.0,-18.0,-21.0,-1.0,36.0,18.0,3.0,sl,1,5
futures,ES,reddit_orb_fade,reddit_orb_fade|ny|range=15|entry=150|rr=2|sl_atr=1|tp_atr=1.5|threshold=2|adx_max=none|adx_min=none|rsi2=none|trend=all|max_bars=24,long,65443,65444,65467,2025-08-12 14:00:00+00:00,2025-08-12 14:15:00+00:00,2025-08-12 20:00:00+00:00,6430.25,6466.5,145.0,142.0,1.5777777777777777,174.0,87.0,3.0,session_close,23,5
futures,ES,reddit_orb_fade,reddit_orb_fade|ny|range=15|entry=150|rr=2|sl_atr=1|tp_atr=1.5|threshold=2|adx_max=none|adx_min=none|rsi2=none|trend=all|max_bars=24,short,65535,65536,65536,2025-08-13 14:00:00+00:00,2025-08-13 14:15:00+00:00,2025-08-13 14:15:00+00:00,6491.5,6479.5,48.0,45.0,1.6666666666666667,48.0,24.0,3.0,tp,1,5
futures,ES,reddit_orb_fade,reddit_orb_fade|ny|range=15|entry=150|rr=2|sl_atr=1|tp_atr=1.5|threshold=2|adx_max=none|adx_min=none|rsi2=none|trend=all|max_bars=24,short,65632,65633,65640,2025-08-14 15:15:00+00:00,2025-08-14 15:30:00+00:00,2025-08-14 17:15:00+00:00,6472.75,6485.5,-51.0,-54.0,-1.0,102.0,51.0,3.0,sl,7,5
futures,ES,reddit_orb_fade,reddit_orb_fade|ny|range=15|entry=150|rr=2|sl_atr=1|tp_atr=1.5|threshold=2|adx_max=none|adx_min=none|rsi2=none|trend=all|max_bars=24,short,65810,65811,65812,2025-08-18 13:45:00+00:00,2025-08-18 14:00:00+00:00,2025-08-18 14:15:00+00:00,6462.75,6474.0,-45.0,-48.0,-1.0,90.0,45.0,3.0,sl,1,5
futures,ES,reddit_orb_fade,reddit_orb_fade|ny|range=15|entry=150|rr=2|sl_atr=1|tp_atr=1.5|threshold=2|adx_max=none|adx_min=none|rsi2=none|trend=all|max_bars=24,short,65904,65905,65906,2025-08-19 14:15:00+00:00,2025-08-19 14:30:00+00:00,2025-08-19 14:45:00+00:00,6465.25,6447.25,72.0,69.0,1.7692307692307692,72.0,36.0,3.0,tp,1,5
futures,ES,reddit_orb_fade,reddit_orb_fade|ny|range=15|entry=150|rr=2|sl_atr=1|tp_atr=1.5|threshold=2|adx_max=none|adx_min=none|rsi2=none|trend=all|max_bars=24,long,66087,66088,66099,2025-08-21 14:00:00+00:00,2025-08-21 14:15:00+00:00,2025-08-21 17:00:00+00:00,6403.75,6378.5,-101.0,-104.0,-1.0,202.0,101.0,3.0,sl,11,5
futures,ES,reddit_orb_fade,reddit_orb_fade|ny|range=15|entry=150|rr=2|sl_atr=1|tp_atr=1.5|threshold=2|adx_max=none|adx_min=none|rsi2=none|trend=all|max_bars=24,short,66271,66272,66275,2025-08-25 14:00:00+00:00,2025-08-25 14:15:00+00:00,2025-08-25 15:00:00+00:00,6471.5,6476.75,-21.0,-24.0,-1.0,42.0,21.0,3.0,sl,3,5
futures,ES,reddit_orb_fade,reddit_orb_fade|ny|range=15|entry=150|rr=2|sl_atr=1|tp_atr=1.5|threshold=2|adx_max=none|adx_min=none|rsi2=none|trend=all|max_bars=24,long,66362,66363,66384,2025-08-26 13:45:00+00:00,2025-08-26 14:00:00+00:00,2025-08-26 19:15:00+00:00,6454.25,6473.75,78.0,75.0,1.7857142857142858,78.0,39.0,3.0,tp,21,5
futures,ES,reddit_orb_fade,reddit_orb_fade|ny|range=15|entry=150|rr=2|sl_atr=1|tp_atr=1.5|threshold=2|adx_max=none|adx_min=none|rsi2=none|trend=all|max_bars=24,long,66550,66551,66552,2025-08-28 14:45:00+00:00,2025-08-28 15:00:00+00:00,2025-08-28 15:15:00+00:00,6496.75,6492.75,-16.0,-19.0,-1.0,32.0,16.0,3.0,sl,1,5
futures,ES,reddit_orb_fade,reddit_orb_fade|ny|range=15|entry=150|rr=2|sl_atr=1|tp_atr=1.5|threshold=2|adx_max=none|adx_min=none|rsi2=none|trend=all|max_bars=24,short,66811,66812,66814,2025-09-02 15:00:00+00:00,2025-09-02 15:15:00+00:00,2025-09-02 15:45:00+00:00,6392.75,6373.25,78.0,75.0,1.7857142857142858,78.0,39.0,3.0,tp,2,5
futures,ES,reddit_orb_fade,reddit_orb_fade|ny|range=15|entry=150|rr=2|sl_atr=1|tp_atr=1.5|threshold=2|adx_max=none|adx_min=none|rsi2=none|trend=all|max_bars=24,long,66901,66902,66904,2025-09-03 14:30:00+00:00,2025-09-03 14:45:00+00:00,2025-09-03 15:15:00+00:00,6458.75,6445.25,-54.0,-57.0,-1.0,108.0,54.0,3.0,sl,2,5
futures,ES,reddit_orb_fade,reddit_orb_fade|ny|range=15|entry=150|rr=2|sl_atr=1|tp_atr=1.5|threshold=2|adx_max=none|adx_min=none|rsi2=none|trend=all|max_bars=24,long,66992,66993,67008,2025-09-04 14:15:00+00:00,2025-09-04 14:30:00+00:00,2025-09-04 18:15:00+00:00,6470.0,6497.5,110.0,107.0,1.8448275862068966,110.0,55.0,3.0,tp,15,5
futures,ES,reddit_orb_fade,reddit_orb_fade|ny|range=15|entry=150|rr=2|sl_atr=1|tp_atr=1.5|threshold=2|adx_max=none|adx_min=none|rsi2=none|trend=all|max_bars=24,short,67082,67083,67084,2025-09-05 13:45:00+00:00,2025-09-05 14:00:00+00:00,2025-09-05 14:15:00+00:00,6530.0,6506.5,94.0,91.0,1.82,94.0,47.0,3.0,tp,1,5
futures,ES,reddit_orb_fade,reddit_orb_fade|ny|range=15|entry=150|rr=2|sl_atr=1|tp_atr=1.5|threshold=2|adx_max=none|adx_min=none|rsi2=none|trend=all|max_bars=24,long,67175,67176,67176,2025-09-08 14:00:00+00:00,2025-09-08 14:15:00+00:00,2025-09-08 14:15:00+00:00,6500.0,6497.0,-12.0,-15.0,-1.0,24.0,12.0,3.0,same_bar_sl,1,5
futures,ES,reddit_orb_fade,reddit_orb_fade|ny|range=15|entry=150|rr=2|sl_atr=1|tp_atr=1.5|threshold=2|adx_max=none|adx_min=none|rsi2=none|trend=all|max_bars=24,long,67266,67267,67267,2025-09-09 13:45:00+00:00,2025-09-09 14:00:00+00:00,2025-09-09 14:00:00+00:00,6507.5,6502.5,-20.0,-23.0,-1.0,40.0,20.0,3.0,sl,1,5
futures,ES,reddit_orb_fade,reddit_orb_fade|ny|range=15|entry=150|rr=2|sl_atr=1|tp_atr=1.5|threshold=2|adx_max=none|adx_min=none|rsi2=none|trend=all|max_bars=24,short,67358,67359,67359,2025-09-10 13:45:00+00:00,2025-09-10 14:00:00+00:00,2025-09-10 14:00:00+00:00,6552.5,6555.75,-13.0,-16.0,-1.0,26.0,13.0,3.0,sl,1,5
futures,ES,reddit_orb_fade,reddit_orb_fade|ny|range=15|entry=150|rr=2|sl_atr=1|tp_atr=1.5|threshold=2|adx_max=none|adx_min=none|rsi2=none|trend=all|max_bars=24,long,67450,67451,67475,2025-09-11 13:45:00+00:00,2025-09-11 14:00:00+00:00,2025-09-11 20:00:00+00:00,6572.0,6591.5,78.0,75.0,0.9036144578313253,160.0,80.0,3.0,session_close,24,5
futures,ES,reddit_orb_fade,reddit_orb_fade|ny|range=15|entry=150|rr=2|sl_atr=1|tp_atr=1.5|threshold=2|adx_max=none|adx_min=none|rsi2=none|trend=all|max_bars=24,short,67543,67544,67546,2025-09-12 14:00:00+00:00,2025-09-12 14:15:00+00:00,2025-09-12 14:45:00+00:00,6588.5,6595.75,-29.0,-32.0,-1.0,58.0,29.0,3.0,sl,2,5
futures,ES,reddit_orb_fade,reddit_orb_fade|ny|range=15|entry=150|rr=2|sl_atr=1|tp_atr=1.5|threshold=2|adx_max=none|adx_min=none|rsi2=none|trend=all|max_bars=24,short,67635,67636,67636,2025-09-15 14:00:00+00:00,2025-09-15 14:15:00+00:00,2025-09-15 14:15:00+00:00,6615.0,6620.25,-21.0,-24.0,-1.0,42.0,21.0,3.0,sl,1,5
futures,ES,reddit_orb_fade,reddit_orb_fade|ny|range=15|entry=150|rr=2|sl_atr=1|tp_atr=1.5|threshold=2|adx_max=none|adx_min=none|rsi2=none|trend=all|max_bars=24,short,67818,67819,67829,2025-09-17 13:45:00+00:00,2025-09-17 14:00:00+00:00,2025-09-17 16:30:00+00:00,6667.5,6651.0,66.0,63.0,1.75,66.0,33.0,3.0,tp,10,5
futures,ES,reddit_orb_fade,reddit_orb_fade|ny|range=15|entry=150|rr=2|sl_atr=1|tp_atr=1.5|threshold=2|adx_max=none|adx_min=none|rsi2=none|trend=all|max_bars=24,long,67910,67911,67935,2025-09-18 13:45:00+00:00,2025-09-18 14:00:00+00:00,2025-09-18 20:00:00+00:00,6688.75,6692.5,15.0,12.0,0.15584415584415584,148.0,74.0,3.0,session_close,24,5
futures,ES,reddit_orb_fade,reddit_orb_fade|ny|range=15|entry=150|rr=2|sl_atr=1|tp_atr=1.5|threshold=2|adx_max=none|adx_min=none|rsi2=none|trend=all|max_bars=24,short,68002,68003,68006,2025-09-19 13:45:00+00:00,2025-09-19 14:00:00+00:00,2025-09-19 14:45:00+00:00,6705.5,6694.0,46.0,43.0,1.6538461538461537,46.0,23.0,3.0,tp,3,5
futures,ES,reddit_orb_fade,reddit_orb_fade|ny|range=15|entry=150|rr=2|sl_atr=1|tp_atr=1.5|threshold=2|adx_max=none|adx_min=none|rsi2=none|trend=all|max_bars=24,short,68186,68187,68191,2025-09-23 13:45:00+00:00,2025-09-23 14:00:00+00:00,2025-09-23 15:00:00+00:00,6752.0,6743.0,36.0,33.0,1.5714285714285714,36.0,18.0,3.0,tp,4,5
futures,ES,reddit_orb_fade,reddit_orb_fade|ny|range=15|entry=150|rr=2|sl_atr=1|tp_atr=1.5|threshold=2|adx_max=none|adx_min=none|rsi2=none|trend=all|max_bars=24,short,68555,68556,68560,2025-09-29 14:00:00+00:00,2025-09-29 14:15:00+00:00,2025-09-29 15:15:00+00:00,6725.5,6714.0,46.0,43.0,1.6538461538461537,46.0,23.0,3.0,tp,4,5
futures,ES,reddit_orb_fade,reddit_orb_fade|ny|range=15|entry=150|rr=2|sl_atr=1|tp_atr=1.5|threshold=2|adx_max=none|adx_min=none|rsi2=none|trend=all|max_bars=24,short,68646,68647,68647,2025-09-30 13:45:00+00:00,2025-09-30 14:00:00+00:00,2025-09-30 14:00:00+00:00,6707.75,6710.25,-10.0,-13.0,-1.0,20.0,10.0,3.0,same_bar_sl,1,5
futures,ES,reddit_orb_fade,reddit_orb_fade|ny|range=15|entry=150|rr=2|sl_atr=1|tp_atr=1.5|threshold=2|adx_max=none|adx_min=none|rsi2=none|trend=all|max_bars=24,long,68738,68739,68740,2025-10-01 13:45:00+00:00,2025-10-01 14:00:00+00:00,2025-10-01 14:15:00+00:00,6712.0,6725.5,54.0,51.0,1.7,54.0,27.0,3.0,tp,1,5
futures,ES,reddit_orb_fade,reddit_orb_fade|ny|range=15|entry=150|rr=2|sl_atr=1|tp_atr=1.5|threshold=2|adx_max=none|adx_min=none|rsi2=none|trend=all|max_bars=24,short,68922,68923,68925,2025-10-03 13:45:00+00:00,2025-10-03 14:00:00+00:00,2025-10-03 14:30:00+00:00,6780.25,6788.25,-32.0,-35.0,-1.0,64.0,32.0,3.0,sl,2,5
futures,ES,reddit_orb_fade,reddit_orb_fade|ny|range=15|entry=150|rr=2|sl_atr=1|tp_atr=1.5|threshold=2|adx_max=none|adx_min=none|rsi2=none|trend=all|max_bars=24,long,69015,69016,69028,2025-10-06 14:00:00+00:00,2025-10-06 14:15:00+00:00,2025-10-06 17:15:00+00:00,6775.25,6792.75,70.0,67.0,1.763157894736842,70.0,35.0,3.0,tp,12,5
futures,ES,reddit_orb_fade,reddit_orb_fade|ny|range=15|entry=150|rr=2|sl_atr=1|tp_atr=1.5|threshold=2|adx_max=none|adx_min=none|rsi2=none|trend=all|max_bars=24,long,69106,69107,69107,2025-10-07 13:45:00+00:00,2025-10-07 14:00:00+00:00,2025-10-07 14:00:00+00:00,6794.0,6792.5,-6.0,-9.0,-1.0,12.0,6.0,3.0,sl,1,5
futures,ES,reddit_orb_fade,reddit_orb_fade|ny|range=15|entry=150|rr=2|sl_atr=1|tp_atr=1.5|threshold=2|adx_max=none|adx_min=none|rsi2=none|trend=all|max_bars=24,short,69198,69199,69199,2025-10-08 13:45:00+00:00,2025-10-08 14:00:00+00:00,2025-10-08 14:00:00+00:00,6773.5,6776.5,-12.0,-15.0,-1.0,24.0,12.0,3.0,sl,1,5
futures,ES,reddit_orb_fade,reddit_orb_fade|ny|range=15|entry=150|rr=2|sl_atr=1|tp_atr=1.5|threshold=2|adx_max=none|adx_min=none|rsi2=none|trend=all|max_bars=24,short,69476,69477,69480,2025-10-13 14:15:00+00:00,2025-10-13 14:30:00+00:00,2025-10-13 15:15:00+00:00,6673.0,6692.25,-77.0,-80.0,-1.0,154.0,77.0,3.0,sl,3,5
futures,ES,reddit_orb_fade,reddit_orb_fade|ny|range=15|entry=150|rr=2|sl_atr=1|tp_atr=1.5|threshold=2|adx_max=none|adx_min=none|rsi2=none|trend=all|max_bars=24,long,69566,69567,69577,2025-10-14 13:45:00+00:00,2025-10-14 14:00:00+00:00,2025-10-14 16:30:00+00:00,6630.25,6704.25,296.0,293.0,1.9403973509933774,296.0,148.0,3.0,tp,10,5
futures,ES,reddit_orb_fade,reddit_orb_fade|ny|range=15|entry=150|rr=2|sl_atr=1|tp_atr=1.5|threshold=2|adx_max=none|adx_min=none|rsi2=none|trend=all|max_bars=24,long,69658,69659,69665,2025-10-15 13:45:00+00:00,2025-10-15 14:00:00+00:00,2025-10-15 15:30:00+00:00,6747.0,6724.25,-91.0,-94.0,-1.0,182.0,91.0,3.0,sl,6,5
futures,ES,reddit_orb_fade,reddit_orb_fade|ny|range=15|entry=150|rr=2|sl_atr=1|tp_atr=1.5|threshold=2|adx_max=none|adx_min=none|rsi2=none|trend=all|max_bars=24,short,69750,69751,69753,2025-10-16 13:45:00+00:00,2025-10-16 14:00:00+00:00,2025-10-16 14:30:00+00:00,6729.75,6744.25,-58.0,-61.0,-1.0,116.0,58.0,3.0,sl,2,5
futures,ES,reddit_orb_fade,reddit_orb_fade|ny|range=15|entry=150|rr=2|sl_atr=1|tp_atr=1.5|threshold=2|adx_max=none|adx_min=none|rsi2=none|trend=all|max_bars=24,short,69842,69843,69843,2025-10-17 13:45:00+00:00,2025-10-17 14:00:00+00:00,2025-10-17 14:00:00+00:00,6666.25,6684.5,-73.0,-76.0,-1.0,146.0,73.0,3.0,sl,1,5
futures,ES,reddit_orb_fade,reddit_orb_fade|ny|range=15|entry=150|rr=2|sl_atr=1|tp_atr=1.5|threshold=2|adx_max=none|adx_min=none|rsi2=none|trend=all|max_bars=24,short,69934,69935,69935,2025-10-20 13:45:00+00:00,2025-10-20 14:00:00+00:00,2025-10-20 14:00:00+00:00,6747.5,6754.75,-29.0,-32.0,-1.0,58.0,29.0,3.0,sl,1,5
futures,ES,reddit_orb_fade,reddit_orb_fade|ny|range=15|entry=150|rr=2|sl_atr=1|tp_atr=1.5|threshold=2|adx_max=none|adx_min=none|rsi2=none|trend=all|max_bars=24,long,70027,70028,70037,2025-10-21 14:00:00+00:00,2025-10-21 14:15:00+00:00,2025-10-21 16:30:00+00:00,6768.75,6787.75,76.0,73.0,1.7804878048780488,76.0,38.0,3.0,tp,9,5
futures,ES,reddit_orb_fade,reddit_orb_fade|ny|range=15|entry=150|rr=2|sl_atr=1|tp_atr=1.5|threshold=2|adx_max=none|adx_min=none|rsi2=none|trend=all|max_bars=24,short,70211,70212,70214,2025-10-23 14:00:00+00:00,2025-10-23 14:15:00+00:00,2025-10-23 14:45:00+00:00,6749.25,6762.0,-51.0,-54.0,-1.0,102.0,51.0,3.0,sl,2,5
futures,ES,reddit_orb_fade,reddit_orb_fade|ny|range=15|entry=150|rr=2|sl_atr=1|tp_atr=1.5|threshold=2|adx_max=none|adx_min=none|rsi2=none|trend=all|max_bars=24,short,70302,70303,70303,2025-10-24 13:45:00+00:00,2025-10-24 14:00:00+00:00,2025-10-24 14:00:00+00:00,6830.0,6835.0,-20.0,-23.0,-1.0,40.0,20.0,3.0,sl,1,5
futures,ES,reddit_orb_fade,reddit_orb_fade|ny|range=15|entry=150|rr=2|sl_atr=1|tp_atr=1.5|threshold=2|adx_max=none|adx_min=none|rsi2=none|trend=all|max_bars=24,short,70394,70395,70395,2025-10-27 13:45:00+00:00,2025-10-27 14:00:00+00:00,2025-10-27 14:00:00+00:00,6886.75,6889.0,-9.0,-12.0,-1.0,18.0,9.0,3.0,sl,1,5
futures,ES,reddit_orb_fade,reddit_orb_fade|ny|range=15|entry=150|rr=2|sl_atr=1|tp_atr=1.5|threshold=2|adx_max=none|adx_min=none|rsi2=none|trend=all|max_bars=24,long,70488,70489,70490,2025-10-28 14:15:00+00:00,2025-10-28 14:30:00+00:00,2025-10-28 14:45:00+00:00,6916.25,6911.75,-18.0,-21.0,-1.0,36.0,18.0,3.0,sl,1,5
futures,ES,reddit_orb_fade,reddit_orb_fade|ny|range=15|entry=150|rr=2|sl_atr=1|tp_atr=1.5|threshold=2|adx_max=none|adx_min=none|rsi2=none|trend=all|max_bars=24,short,70579,70580,70597,2025-10-29 14:00:00+00:00,2025-10-29 14:15:00+00:00,2025-10-29 18:30:00+00:00,6942.75,6924.25,74.0,71.0,1.775,74.0,37.0,3.0,tp,17,5
futures,ES,reddit_orb_fade,reddit_orb_fade|ny|range=15|entry=150|rr=2|sl_atr=1|tp_atr=1.5|threshold=2|adx_max=none|adx_min=none|rsi2=none|trend=all|max_bars=24,short,70672,70673,70673,2025-10-30 14:15:00+00:00,2025-10-30 14:30:00+00:00,2025-10-30 14:30:00+00:00,6888.5,6902.75,-57.0,-60.0,-1.0,114.0,57.0,3.0,sl,1,5
futures,ES,reddit_orb_fade,reddit_orb_fade|ny|range=15|entry=150|rr=2|sl_atr=1|tp_atr=1.5|threshold=2|adx_max=none|adx_min=none|rsi2=none|trend=all|max_bars=24,long,70762,70763,70763,2025-10-31 13:45:00+00:00,2025-10-31 14:00:00+00:00,2025-10-31 14:00:00+00:00,6886.25,6880.0,-25.0,-28.0,-1.0,50.0,25.0,3.0,sl,1,5
futures,ES,reddit_orb_fade,reddit_orb_fade|ny|range=15|entry=150|rr=2|sl_atr=1|tp_atr=1.5|threshold=2|adx_max=none|adx_min=none|rsi2=none|trend=all|max_bars=24,short,70955,70956,70971,2025-11-04 17:00:00+00:00,2025-11-04 17:15:00+00:00,2025-11-04 21:00:00+00:00,6819.25,6803.25,64.0,61.0,1.150943396226415,100.0,50.0,3.0,session_close,15,5
futures,ES,reddit_orb_fade,reddit_orb_fade|ny|range=15|entry=150|rr=2|sl_atr=1|tp_atr=1.5|threshold=2|adx_max=none|adx_min=none|rsi2=none|trend=all|max_bars=24,long,71223,71224,71226,2025-11-07 15:00:00+00:00,2025-11-07 15:15:00+00:00,2025-11-07 15:45:00+00:00,6709.25,6683.5,-103.0,-106.0,-1.0,206.0,103.0,3.0,sl,2,5
futures,ES,reddit_orb_fade,reddit_orb_fade|ny|range=15|entry=150|rr=2|sl_atr=1|tp_atr=1.5|threshold=2|adx_max=none|adx_min=none|rsi2=none|trend=all|max_bars=24,short,71314,71315,71316,2025-11-10 14:45:00+00:00,2025-11-10 15:00:00+00:00,2025-11-10 15:15:00+00:00,6828.75,6835.5,-27.0,-30.0,-1.0,54.0,27.0,3.0,sl,1,5
futures,ES,reddit_orb_fade,reddit_orb_fade|ny|range=15|entry=150|rr=2|sl_atr=1|tp_atr=1.5|threshold=2|adx_max=none|adx_min=none|rsi2=none|trend=all|max_bars=24,long,71406,71407,71407,2025-11-11 14:45:00+00:00,2025-11-11 15:00:00+00:00,2025-11-11 15:00:00+00:00,6850.5,6837.5,-52.0,-55.0,-1.0,104.0,52.0,3.0,sl,1,5
futures,ES,reddit_orb_fade,reddit_orb_fade|ny|range=15|entry=150|rr=2|sl_atr=1|tp_atr=1.5|threshold=2|adx_max=none|adx_min=none|rsi2=none|trend=all|max_bars=24,long,71590,71591,71593,2025-11-13 14:45:00+00:00,2025-11-13 15:00:00+00:00,2025-11-13 15:30:00+00:00,6829.5,6817.0,-50.0,-53.0,-1.0,100.0,50.0,3.0,sl,2,5
futures,ES,reddit_orb_fade,reddit_orb_fade|ny|range=15|entry=150|rr=2|sl_atr=1|tp_atr=1.5|threshold=2|adx_max=none|adx_min=none|rsi2=none|trend=all|max_bars=24,short,71775,71776,71779,2025-11-17 15:00:00+00:00,2025-11-17 15:15:00+00:00,2025-11-17 16:00:00+00:00,6755.0,6726.0,116.0,113.0,1.8524590163934427,116.0,58.0,3.0,tp,3,5
futures,ES,reddit_orb_fade,reddit_orb_fade|ny|range=15|entry=150|rr=2|sl_atr=1|tp_atr=1.5|threshold=2|adx_max=none|adx_min=none|rsi2=none|trend=all|max_bars=24,long,71872,71873,71877,2025-11-18 16:15:00+00:00,2025-11-18 16:30:00+00:00,2025-11-18 17:30:00+00:00,6651.75,6616.5,-141.0,-144.0,-1.0,282.0,141.0,3.0,sl,4,5
futures,ES,reddit_orb_fade,reddit_orb_fade|ny|range=15|entry=150|rr=2|sl_atr=1|tp_atr=1.5|threshold=2|adx_max=none|adx_min=none|rsi2=none|trend=all|max_bars=24,short,71962,71963,71983,2025-11-19 15:45:00+00:00,2025-11-19 16:00:00+00:00,2025-11-19 21:00:00+00:00,6664.5,6664.0,2.0,-1.0,-0.009345794392523364,208.0,104.0,3.0,session_close,20,5
futures,ES,reddit_orb_fade,reddit_orb_fade|ny|range=15|entry=150|rr=2|sl_atr=1|tp_atr=1.5|threshold=2|adx_max=none|adx_min=none|rsi2=none|trend=all|max_bars=24,short,72051,72052,72053,2025-11-20 15:00:00+00:00,2025-11-20 15:15:00+00:00,2025-11-20 15:30:00+00:00,6767.0,6790.0,-92.0,-95.0,-1.0,184.0,92.0,3.0,sl,1,5
futures,ES,reddit_orb_fade,reddit_orb_fade|ny|range=15|entry=150|rr=2|sl_atr=1|tp_atr=1.5|threshold=2|adx_max=none|adx_min=none|rsi2=none|trend=all|max_bars=24,long,72142,72143,72144,2025-11-21 14:45:00+00:00,2025-11-21 15:00:00+00:00,2025-11-21 15:15:00+00:00,6576.5,6562.5,-56.0,-59.0,-1.0,112.0,56.0,3.0,sl,1,5
futures,ES,reddit_orb_fade,reddit_orb_fade|ny|range=15|entry=150|rr=2|sl_atr=1|tp_atr=1.5|threshold=2|adx_max=none|adx_min=none|rsi2=none|trend=all|max_bars=24,long,72234,72235,72245,2025-11-24 14:45:00+00:00,2025-11-24 15:00:00+00:00,2025-11-24 17:30:00+00:00,6671.25,6720.25,196.0,193.0,1.9108910891089108,196.0,98.0,3.0,tp,10,5
futures,ES,reddit_orb_fade,reddit_orb_fade|ny|range=15|entry=150|rr=2|sl_atr=1|tp_atr=1.5|threshold=2|adx_max=none|adx_min=none|rsi2=none|trend=all|max_bars=24,long,72326,72327,72351,2025-11-25 14:45:00+00:00,2025-11-25 15:00:00+00:00,2025-11-25 21:00:00+00:00,6718.75,6782.75,256.0,253.0,1.4055555555555554,354.0,177.0,3.0,session_close,24,5
futures,ES,reddit_orb_fade,reddit_orb_fade|ny|range=15|entry=150|rr=2|sl_atr=1|tp_atr=1.5|threshold=2|adx_max=none|adx_min=none|rsi2=none|trend=all|max_bars=24,short,72418,72419,72422,2025-11-26 14:45:00+00:00,2025-11-26 15:00:00+00:00,2025-11-26 15:45:00+00:00,6802.0,6824.0,-88.0,-91.0,-1.0,176.0,88.0,3.0,sl,3,5
futures,ES,reddit_orb_fade,reddit_orb_fade|ny|range=15|entry=150|rr=2|sl_atr=1|tp_atr=1.5|threshold=2|adx_max=none|adx_min=none|rsi2=none|trend=all|max_bars=24,long,72510,72511,72513,2025-11-27 14:45:00+00:00,2025-11-27 15:00:00+00:00,2025-11-27 15:30:00+00:00,6827.5,6825.75,-7.0,-10.0,-1.0,14.0,7.0,3.0,sl,2,5
futures,ES,reddit_orb_fade,reddit_orb_fade|ny|range=15|entry=150|rr=2|sl_atr=1|tp_atr=1.5|threshold=2|adx_max=none|adx_min=none|rsi2=none|trend=all|max_bars=24,short,72545,72546,72547,2025-11-28 15:15:00+00:00,2025-11-28 15:30:00+00:00,2025-11-28 15:45:00+00:00,6843.25,6850.0,-27.0,-30.0,-1.0,54.0,27.0,3.0,sl,1,5
futures,ES,reddit_orb_fade,reddit_orb_fade|ny|range=15|entry=150|rr=2|sl_atr=1|tp_atr=1.5|threshold=2|adx_max=none|adx_min=none|rsi2=none|trend=all|max_bars=24,short,72622,72623,72624,2025-12-01 15:15:00+00:00,2025-12-01 15:30:00+00:00,2025-12-01 15:45:00+00:00,6823.75,6836.0,-49.0,-52.0,-1.0,98.0,49.0,3.0,sl,1,5
futures,ES,reddit_orb_fade,reddit_orb_fade|ny|range=15|entry=150|rr=2|sl_atr=1|tp_atr=1.5|threshold=2|adx_max=none|adx_min=none|rsi2=none|trend=all|max_bars=24,long,72712,72713,72714,2025-12-02 14:45:00+00:00,2025-12-02 15:00:00+00:00,2025-12-02 15:15:00+00:00,6848.25,6839.75,-34.0,-37.0,-1.0,68.0,34.0,3.0,sl,1,5
futures,ES,reddit_orb_fade,reddit_orb_fade|ny|range=15|entry=150|rr=2|sl_atr=1|tp_atr=1.5|threshold=2|adx_max=none|adx_min=none|rsi2=none|trend=all|max_bars=24,long,72804,72805,72811,2025-12-03 14:45:00+00:00,2025-12-03 15:00:00+00:00,2025-12-03 16:30:00+00:00,6832.75,6857.75,100.0,97.0,1.830188679245283,100.0,50.0,3.0,tp,6,5
futures,ES,reddit_orb_fade,reddit_orb_fade|ny|range=15|entry=150|rr=2|sl_atr=1|tp_atr=1.5|threshold=2|adx_max=none|adx_min=none|rsi2=none|trend=all|max_bars=24,long,72899,72900,72900,2025-12-04 15:30:00+00:00,2025-12-04 15:45:00+00:00,2025-12-04 15:45:00+00:00,6865.5,6856.75,-35.0,-38.0,-1.0,70.0,35.0,3.0,sl,1,5
futures,ES,reddit_orb_fade,reddit_orb_fade|ny|range=15|entry=150|rr=2|sl_atr=1|tp_atr=1.5|threshold=2|adx_max=none|adx_min=none|rsi2=none|trend=all|max_bars=24,short,72993,72994,73013,2025-12-05 16:00:00+00:00,2025-12-05 16:15:00+00:00,2025-12-05 21:00:00+00:00,6881.75,6880.25,6.0,3.0,0.06666666666666667,84.0,42.0,3.0,session_close,19,5
futures,ES,reddit_orb_fade,reddit_orb_fade|ny|range=15|entry=150|rr=2|sl_atr=1|tp_atr=1.5|threshold=2|adx_max=none|adx_min=none|rsi2=none|trend=all|max_bars=24,long,73080,73081,73081,2025-12-08 14:45:00+00:00,2025-12-08 15:00:00+00:00,2025-12-08 15:00:00+00:00,6873.75,6869.25,-18.0,-21.0,-1.0,36.0,18.0,3.0,sl,1,5
futures,ES,reddit_orb_fade,reddit_orb_fade|ny|range=15|entry=150|rr=2|sl_atr=1|tp_atr=1.5|threshold=2|adx_max=none|adx_min=none|rsi2=none|trend=all|max_bars=24,short,73265,73266,73266,2025-12-10 15:00:00+00:00,2025-12-10 15:15:00+00:00,2025-12-10 15:15:00+00:00,6848.0,6852.0,-16.0,-19.0,-1.0,32.0,16.0,3.0,sl,1,5
futures,ES,reddit_orb_fade,reddit_orb_fade|ny|range=15|entry=150|rr=2|sl_atr=1|tp_atr=1.5|threshold=2|adx_max=none|adx_min=none|rsi2=none|trend=all|max_bars=24,long,73357,73358,73381,2025-12-11 15:00:00+00:00,2025-12-11 15:15:00+00:00,2025-12-11 21:00:00+00:00,6866.75,6912.75,184.0,181.0,1.5338983050847457,230.0,115.0,3.0,session_close,23,5
futures,ES,reddit_orb_fade,reddit_orb_fade|ny|range=15|entry=150|rr=2|sl_atr=1|tp_atr=1.5|threshold=2|adx_max=none|adx_min=none|rsi2=none|trend=all|max_bars=24,long,73632,73633,73634,2025-12-16 14:45:00+00:00,2025-12-16 15:00:00+00:00,2025-12-16 15:15:00+00:00,6821.0,6789.75,-125.0,-128.0,-1.0,250.0,125.0,3.0,sl,1,5
futures,ES,reddit_orb_fade,reddit_orb_fade|ny|range=15|entry=150|rr=2|sl_atr=1|tp_atr=1.5|threshold=2|adx_max=none|adx_min=none|rsi2=none|trend=all|max_bars=24,long,73724,73725,73727,2025-12-17 14:45:00+00:00,2025-12-17 15:00:00+00:00,2025-12-17 15:30:00+00:00,6857.75,6841.5,-65.0,-68.0,-1.0,130.0,65.0,3.0,sl,2,5
futures,ES,reddit_orb_fade,reddit_orb_fade|ny|range=15|entry=150|rr=2|sl_atr=1|tp_atr=1.5|threshold=2|adx_max=none|adx_min=none|rsi2=none|trend=all|max_bars=24,long,73816,73817,73826,2025-12-18 14:45:00+00:00,2025-12-18 15:00:00+00:00,2025-12-18 17:15:00+00:00,6844.5,6820.5,-96.0,-99.0,-1.0,192.0,96.0,3.0,sl,9,5
futures,ES,reddit_orb_fade,reddit_orb_fade|ny|range=15|entry=150|rr=2|sl_atr=1|tp_atr=1.5|threshold=2|adx_max=none|adx_min=none|rsi2=none|trend=all|max_bars=24,short,73910,73911,73911,2025-12-19 15:15:00+00:00,2025-12-19 15:30:00+00:00,2025-12-19 15:30:00+00:00,6874.5,6882.5,-32.0,-35.0,-1.0,64.0,32.0,3.0,sl,1,5
futures,ES,reddit_orb_fade,reddit_orb_fade|ny|range=15|entry=150|rr=2|sl_atr=1|tp_atr=1.5|threshold=2|adx_max=none|adx_min=none|rsi2=none|trend=all|max_bars=24,long,74355,74356,74357,2025-12-29 15:15:00+00:00,2025-12-29 15:30:00+00:00,2025-12-29 15:45:00+00:00,6955.0,6946.25,-35.0,-38.0,-1.0,70.0,35.0,3.0,sl,1,5
futures,ES,reddit_orb_fade,reddit_orb_fade|ny|range=15|entry=150|rr=2|sl_atr=1|tp_atr=1.5|threshold=2|adx_max=none|adx_min=none|rsi2=none|trend=all|max_bars=24,long,74445,74446,74446,2025-12-30 14:45:00+00:00,2025-12-30 15:00:00+00:00,2025-12-30 15:00:00+00:00,6956.25,6944.0,-49.0,-52.0,-1.0,98.0,49.0,3.0,sl,1,5
futures,ES,reddit_orb_fade,reddit_orb_fade|ny|range=15|entry=150|rr=2|sl_atr=1|tp_atr=1.5|threshold=2|adx_max=none|adx_min=none|rsi2=none|trend=all|max_bars=24,short,74721,74722,74722,2026-01-05 14:45:00+00:00,2026-01-05 15:00:00+00:00,2026-01-05 15:00:00+00:00,6939.75,6947.75,-32.0,-35.0,-1.0,64.0,32.0,3.0,sl,1,5
futures,ES,reddit_orb_fade,reddit_orb_fade|ny|range=15|entry=150|rr=2|sl_atr=1|tp_atr=1.5|threshold=2|adx_max=none|adx_min=none|rsi2=none|trend=all|max_bars=24,short,74905,74906,74906,2026-01-07 14:45:00+00:00,2026-01-07 15:00:00+00:00,2026-01-07 15:00:00+00:00,6993.0,6982.5,42.0,39.0,1.625,42.0,21.0,3.0,tp,1,5
futures,ES,reddit_orb_fade,reddit_orb_fade|ny|range=15|entry=150|rr=2|sl_atr=1|tp_atr=1.5|threshold=2|adx_max=none|adx_min=none|rsi2=none|trend=all|max_bars=24,long,74997,74998,74999,2026-01-08 14:45:00+00:00,2026-01-08 15:00:00+00:00,2026-01-08 15:15:00+00:00,6948.25,6964.75,66.0,63.0,1.75,66.0,33.0,3.0,tp,1,5
futures,ES,reddit_orb_fade,reddit_orb_fade|ny|range=15|entry=150|rr=2|sl_atr=1|tp_atr=1.5|threshold=2|adx_max=none|adx_min=none|rsi2=none|trend=all|max_bars=24,long,75090,75091,75114,2026-01-09 15:00:00+00:00,2026-01-09 15:15:00+00:00,2026-01-09 21:00:00+00:00,6977.25,7004.0,107.0,104.0,1.1685393258426966,172.0,86.0,3.0,session_close,23,5
futures,ES,reddit_orb_fade,reddit_orb_fade|ny|range=15|entry=150|rr=2|sl_atr=1|tp_atr=1.5|threshold=2|adx_max=none|adx_min=none|rsi2=none|trend=all|max_bars=24,long,75281,75282,75283,2026-01-13 16:45:00+00:00,2026-01-13 17:00:00+00:00,2026-01-13 17:15:00+00:00,7012.5,7006.25,-25.0,-28.0,-1.0,50.0,25.0,3.0,sl,1,5
futures,ES,reddit_orb_fade,reddit_orb_fade|ny|range=15|entry=150|rr=2|sl_atr=1|tp_atr=1.5|threshold=2|adx_max=none|adx_min=none|rsi2=none|trend=all|max_bars=24,long,75366,75367,75369,2026-01-14 15:00:00+00:00,2026-01-14 15:15:00+00:00,2026-01-14 15:45:00+00:00,6968.0,6938.25,-119.0,-122.0,-1.0,238.0,119.0,3.0,sl,2,5
futures,ES,reddit_orb_fade,reddit_orb_fade|ny|range=15|entry=150|rr=2|sl_atr=1|tp_atr=1.5|threshold=2|adx_max=none|adx_min=none|rsi2=none|trend=all|max_bars=24,long,75457,75458,75459,2026-01-15 14:45:00+00:00,2026-01-15 15:00:00+00:00,2026-01-15 15:15:00+00:00,6999.0,7008.0,36.0,33.0,1.5714285714285714,36.0,18.0,3.0,tp,1,5
futures,ES,reddit_orb_fade,reddit_orb_fade|ny|range=15|entry=150|rr=2|sl_atr=1|tp_atr=1.5|threshold=2|adx_max=none|adx_min=none|rsi2=none|trend=all|max_bars=24,long,75556,75557,75557,2026-01-16 16:30:00+00:00,2026-01-16 16:45:00+00:00,2026-01-16 16:45:00+00:00,6992.0,6986.75,-21.0,-24.0,-1.0,42.0,21.0,3.0,sl,1,5
futures,ES,reddit_orb_fade,reddit_orb_fade|ny|range=15|entry=150|rr=2|sl_atr=1|tp_atr=1.5|threshold=2|adx_max=none|adx_min=none|rsi2=none|trend=all|max_bars=24,long,75641,75642,75654,2026-01-19 14:45:00+00:00,2026-01-19 15:00:00+00:00,2026-01-19 23:00:00+00:00,6899.75,6911.25,46.0,43.0,0.8269230769230769,98.0,49.0,3.0,session_close,12,5
futures,ES,reddit_orb_fade,reddit_orb_fade|ny|range=15|entry=150|rr=2|sl_atr=1|tp_atr=1.5|threshold=2|adx_max=none|adx_min=none|rsi2=none|trend=all|max_bars=24,short,75717,75718,75719,2026-01-20 14:45:00+00:00,2026-01-20 15:00:00+00:00,2026-01-20 15:15:00+00:00,6878.5,6890.25,-47.0,-50.0,-1.0,94.0,47.0,3.0,sl,1,5
futures,ES,reddit_orb_fade,reddit_orb_fade|ny|range=15|entry=150|rr=2|sl_atr=1|tp_atr=1.5|threshold=2|adx_max=none|adx_min=none|rsi2=none|trend=all|max_bars=24,short,75817,75818,75827,2026-01-21 16:45:00+00:00,2026-01-21 17:00:00+00:00,2026-01-21 19:15:00+00:00,6857.0,6875.75,-75.0,-78.0,-1.0,150.0,75.0,3.0,sl,9,5
futures,ES,reddit_orb_fade,reddit_orb_fade|ny|range=15|entry=150|rr=2|sl_atr=1|tp_atr=1.5|threshold=2|adx_max=none|adx_min=none|rsi2=none|trend=all|max_bars=24,long,75904,75905,75924,2026-01-22 15:30:00+00:00,2026-01-22 15:45:00+00:00,2026-01-22 20:30:00+00:00,6949.0,6937.0,-48.0,-51.0,-1.0,96.0,48.0,3.0,sl,19,5
futures,ES,reddit_orb_fade,reddit_orb_fade|ny|range=15|entry=150|rr=2|sl_atr=1|tp_atr=1.5|threshold=2|adx_max=none|adx_min=none|rsi2=none|trend=all|max_bars=24,short,75994,75995,75995,2026-01-23 15:00:00+00:00,2026-01-23 15:15:00+00:00,2026-01-23 15:15:00+00:00,6939.75,6948.25,-34.0,-37.0,-1.0,68.0,34.0,3.0,sl,1,5
futures,ES,reddit_orb_fade,reddit_orb_fade|ny|range=15|entry=150|rr=2|sl_atr=1|tp_atr=1.5|threshold=2|adx_max=none|adx_min=none|rsi2=none|trend=all|max_bars=24,short,76269,76270,76273,2026-01-28 14:45:00+00:00,2026-01-28 15:00:00+00:00,2026-01-28 15:45:00+00:00,7023.5,7008.5,60.0,57.0,1.7272727272727273,60.0,30.0,3.0,tp,3,5
futures,ES,reddit_orb_fade,reddit_orb_fade|ny|range=15|entry=150|rr=2|sl_atr=1|tp_atr=1.5|threshold=2|adx_max=none|adx_min=none|rsi2=none|trend=all|max_bars=24,long,76453,76454,76454,2026-01-30 14:45:00+00:00,2026-01-30 15:00:00+00:00,2026-01-30 15:00:00+00:00,6965.0,6974.5,38.0,35.0,1.5909090909090908,38.0,19.0,3.0,tp,1,5
futures,ES,reddit_orb_fade,reddit_orb_fade|ny|range=15|entry=150|rr=2|sl_atr=1|tp_atr=1.5|threshold=2|adx_max=none|adx_min=none|rsi2=none|trend=all|max_bars=24,short,76545,76546,76546,2026-02-02 14:45:00+00:00,2026-02-02 15:00:00+00:00,2026-02-02 15:00:00+00:00,6973.75,6986.5,-51.0,-54.0,-1.0,102.0,51.0,3.0,sl,1,5
futures,ES,reddit_orb_fade,reddit_orb_fade|ny|range=15|entry=150|rr=2|sl_atr=1|tp_atr=1.5|threshold=2|adx_max=none|adx_min=none|rsi2=none|trend=all|max_bars=24,short,76729,76730,76741,2026-02-04 14:45:00+00:00,2026-02-04 15:00:00+00:00,2026-02-04 17:45:00+00:00,6928.0,6862.5,262.0,259.0,1.9328358208955223,262.0,131.0,3.0,tp,11,5
futures,ES,reddit_orb_fade,reddit_orb_fade|ny|range=15|entry=150|rr=2|sl_atr=1|tp_atr=1.5|threshold=2|adx_max=none|adx_min=none|rsi2=none|trend=all|max_bars=24,short,76821,76822,76846,2026-02-05 14:45:00+00:00,2026-02-05 15:00:00+00:00,2026-02-05 21:00:00+00:00,6850.25,6815.75,138.0,135.0,1.062992125984252,248.0,124.0,3.0,session_close,24,5
futures,ES,reddit_orb_fade,reddit_orb_fade|ny|range=15|entry=150|rr=2|sl_atr=1|tp_atr=1.5|threshold=2|adx_max=none|adx_min=none|rsi2=none|trend=all|max_bars=24,short,77005,77006,77006,2026-02-09 14:45:00+00:00,2026-02-09 15:00:00+00:00,2026-02-09 15:00:00+00:00,6945.0,6957.5,-50.0,-53.0,-1.0,100.0,50.0,3.0,sl,1,5
futures,ES,reddit_orb_fade,reddit_orb_fade|ny|range=15|entry=150|rr=2|sl_atr=1|tp_atr=1.5|threshold=2|adx_max=none|adx_min=none|rsi2=none|trend=all|max_bars=24,short,77098,77099,77100,2026-02-10 15:00:00+00:00,2026-02-10 15:15:00+00:00,2026-02-10 15:30:00+00:00,6994.5,7005.0,-42.0,-45.0,-1.0,84.0,42.0,3.0,sl,1,5
futures,ES,reddit_orb_fade,reddit_orb_fade|ny|range=15|entry=150|rr=2|sl_atr=1|tp_atr=1.5|threshold=2|adx_max=none|adx_min=none|rsi2=none|trend=all|max_bars=24,short,77373,77374,77374,2026-02-13 14:45:00+00:00,2026-02-13 15:00:00+00:00,2026-02-13 15:00:00+00:00,6833.25,6862.75,-118.0,-121.0,-1.0,236.0,118.0,3.0,sl,1,5
futures,ES,reddit_orb_fade,reddit_orb_fade|ny|range=15|entry=150|rr=2|sl_atr=1|tp_atr=1.5|threshold=2|adx_max=none|adx_min=none|rsi2=none|trend=all|max_bars=24,short,77465,77466,77466,2026-02-16 14:45:00+00:00,2026-02-16 15:00:00+00:00,2026-02-16 15:00:00+00:00,6859.0,6861.797449391393,-11.189797565570188,-14.189797565570188,-1.0,22.379595131140377,11.189797565570188,3.0,sl,1,5
futures,ES,reddit_orb_fade,reddit_orb_fade|ny|range=15|entry=150|rr=2|sl_atr=1|tp_atr=1.5|threshold=2|adx_max=none|adx_min=none|rsi2=none|trend=all|max_bars=24,long,77546,77547,77566,2026-02-17 16:00:00+00:00,2026-02-17 16:15:00+00:00,2026-02-17 21:00:00+00:00,6857.5,6861.75,17.0,14.0,0.08695652173913043,316.0,158.0,3.0,session_close,19,5
futures,ES,reddit_orb_fade,reddit_orb_fade|ny|range=15|entry=150|rr=2|sl_atr=1|tp_atr=1.5|threshold=2|adx_max=none|adx_min=none|rsi2=none|trend=all|max_bars=24,short,77726,77727,77750,2026-02-19 15:00:00+00:00,2026-02-19 15:15:00+00:00,2026-02-19 21:00:00+00:00,6874.0,6878.25,-17.0,-20.0,-0.23529411764705882,164.0,82.0,3.0,session_close,23,5
futures,ES,reddit_orb_fade,reddit_orb_fade|ny|range=15|entry=150|rr=2|sl_atr=1|tp_atr=1.5|threshold=2|adx_max=none|adx_min=none|rsi2=none|trend=all|max_bars=24,short,77827,77828,77828,2026-02-20 17:15:00+00:00,2026-02-20 17:30:00+00:00,2026-02-20 17:30:00+00:00,6882.5,6891.5,-36.0,-39.0,-1.0,72.0,36.0,3.0,sl,1,5
futures,ES,reddit_orb_fade,reddit_orb_fade|ny|range=15|entry=150|rr=2|sl_atr=1|tp_atr=1.5|threshold=2|adx_max=none|adx_min=none|rsi2=none|trend=all|max_bars=24,short,78093,78094,78101,2026-02-25 14:45:00+00:00,2026-02-25 15:00:00+00:00,2026-02-25 16:45:00+00:00,6942.0,6949.0,-28.0,-31.0,-1.0,56.0,28.0,3.0,sl,7,5
futures,ES,reddit_orb_fade,reddit_orb_fade|ny|range=15|entry=150|rr=2|sl_atr=1|tp_atr=1.5|threshold=2|adx_max=none|adx_min=none|rsi2=none|trend=all|max_bars=24,short,78287,78288,78288,2026-02-27 17:15:00+00:00,2026-02-27 17:30:00+00:00,2026-02-27 17:30:00+00:00,6866.5,6874.5,-32.0,-35.0,-1.0,64.0,32.0,3.0,sl,1,5
futures,ES,reddit_orb_fade,reddit_orb_fade|ny|range=15|entry=150|rr=2|sl_atr=1|tp_atr=1.5|threshold=2|adx_max=none|adx_min=none|rsi2=none|trend=all|max_bars=24,long,78466,78467,78476,2026-03-03 16:00:00+00:00,2026-03-03 16:15:00+00:00,2026-03-03 18:30:00+00:00,6773.0,6839.5,266.0,263.0,1.9338235294117647,266.0,133.0,3.0,tp,9,5
futures,ES,reddit_orb_fade,reddit_orb_fade|ny|range=15|entry=150|rr=2|sl_atr=1|tp_atr=1.5|threshold=2|adx_max=none|adx_min=none|rsi2=none|trend=all|max_bars=24,long,78553,78554,78555,2026-03-04 14:45:00+00:00,2026-03-04 15:00:00+00:00,2026-03-04 15:15:00+00:00,6836.25,6873.25,148.0,145.0,1.8831168831168832,148.0,74.0,3.0,tp,1,5
futures,ES,reddit_orb_fade,reddit_orb_fade|ny|range=15|entry=150|rr=2|sl_atr=1|tp_atr=1.5|threshold=2|adx_max=none|adx_min=none|rsi2=none|trend=all|max_bars=24,short,78646,78647,78647,2026-03-05 15:00:00+00:00,2026-03-05 15:15:00+00:00,2026-03-05 15:15:00+00:00,6864.5,6838.5,104.0,101.0,1.8363636363636364,104.0,52.0,3.0,tp,1,5
futures,ES,reddit_orb_fade,reddit_orb_fade|ny|range=15|entry=150|rr=2|sl_atr=1|tp_atr=1.5|threshold=2|adx_max=none|adx_min=none|rsi2=none|trend=all|max_bars=24,long,78737,78738,78738,2026-03-06 14:45:00+00:00,2026-03-06 15:00:00+00:00,2026-03-06 15:00:00+00:00,6727.5,6751.0,94.0,91.0,1.82,94.0,47.0,3.0,tp,1,5
futures,ES,reddit_orb_fade,reddit_orb_fade|ny|range=15|entry=150|rr=2|sl_atr=1|tp_atr=1.5|threshold=2|adx_max=none|adx_min=none|rsi2=none|trend=all|max_bars=24,long,78829,78830,78830,2026-03-09 13:45:00+00:00,2026-03-09 14:00:00+00:00,2026-03-09 14:00:00+00:00,6658.25,6644.25,-56.0,-59.0,-1.0,112.0,56.0,3.0,sl,1,5
futures,ES,reddit_orb_fade,reddit_orb_fade|ny|range=15|entry=150|rr=2|sl_atr=1|tp_atr=1.5|threshold=2|adx_max=none|adx_min=none|rsi2=none|trend=all|max_bars=24,long,78921,78922,78922,2026-03-10 13:45:00+00:00,2026-03-10 14:00:00+00:00,2026-03-10 14:00:00+00:00,6775.5,6772.0,-14.0,-17.0,-1.0,28.0,14.0,3.0,same_bar_sl,1,5
futures,ES,reddit_orb_fade,reddit_orb_fade|ny|range=15|entry=150|rr=2|sl_atr=1|tp_atr=1.5|threshold=2|adx_max=none|adx_min=none|rsi2=none|trend=all|max_bars=24,long,79013,79014,79015,2026-03-11 13:45:00+00:00,2026-03-11 14:00:00+00:00,2026-03-11 14:15:00+00:00,6796.0,6778.0,-72.0,-75.0,-1.0,144.0,72.0,3.0,sl,1,5
futures,ES,reddit_orb_fade,reddit_orb_fade|ny|range=15|entry=150|rr=2|sl_atr=1|tp_atr=1.5|threshold=2|adx_max=none|adx_min=none|rsi2=none|trend=all|max_bars=24,long,79106,79107,79107,2026-03-12 14:00:00+00:00,2026-03-12 14:15:00+00:00,2026-03-12 14:15:00+00:00,6725.75,6703.5,-89.0,-92.0,-1.0,178.0,89.0,3.0,sl,1,5
futures,ES,reddit_orb_fade,reddit_orb_fade|ny|range=15|entry=150|rr=2|sl_atr=1|tp_atr=1.5|threshold=2|adx_max=none|adx_min=none|rsi2=none|trend=all|max_bars=24,short,79197,79198,79201,2026-03-13 13:45:00+00:00,2026-03-13 14:00:00+00:00,2026-03-13 14:45:00+00:00,6719.25,6682.75,146.0,143.0,1.881578947368421,146.0,73.0,3.0,tp,3,5
futures,ES,reddit_orb_fade,reddit_orb_fade|ny|range=15|entry=150|rr=2|sl_atr=1|tp_atr=1.5|threshold=2|adx_max=none|adx_min=none|rsi2=none|trend=all|max_bars=24,short,79292,79293,79296,2026-03-16 14:30:00+00:00,2026-03-16 14:45:00+00:00,2026-03-16 15:30:00+00:00,6695.75,6717.25,-86.0,-89.0,-1.0,172.0,86.0,3.0,sl,3,5
futures,ES,reddit_orb_fade,reddit_orb_fade|ny|range=15|entry=150|rr=2|sl_atr=1|tp_atr=1.5|threshold=2|adx_max=none|adx_min=none|rsi2=none|trend=all|max_bars=24,short,79381,79382,79382,2026-03-17 13:45:00+00:00,2026-03-17 14:00:00+00:00,2026-03-17 14:00:00+00:00,6752.0,6741.0,44.0,41.0,1.64,44.0,22.0,3.0,tp,1,5
futures,ES,reddit_orb_fade,reddit_orb_fade|ny|range=15|entry=150|rr=2|sl_atr=1|tp_atr=1.5|threshold=2|adx_max=none|adx_min=none|rsi2=none|trend=all|max_bars=24,short,79473,79474,79474,2026-03-18 13:45:00+00:00,2026-03-18 14:00:00+00:00,2026-03-18 14:00:00+00:00,6755.75,6747.75,32.0,29.0,1.5263157894736843,32.0,16.0,3.0,tp,1,5
futures,ES,reddit_orb_fade,reddit_orb_fade|ny|range=15|entry=150|rr=2|sl_atr=1|tp_atr=1.5|threshold=2|adx_max=none|adx_min=none|rsi2=none|trend=all|max_bars=24,short,79567,79568,79568,2026-03-19 14:15:00+00:00,2026-03-19 14:30:00+00:00,2026-03-19 14:30:00+00:00,6623.5,6644.25,-83.0,-86.0,-1.0,166.0,83.0,3.0,sl,1,5
futures,ES,reddit_orb_fade,reddit_orb_fade|ny|range=15|entry=150|rr=2|sl_atr=1|tp_atr=1.5|threshold=2|adx_max=none|adx_min=none|rsi2=none|trend=all|max_bars=24,short,79657,79658,79680,2026-03-20 13:45:00+00:00,2026-03-20 14:00:00+00:00,2026-03-20 19:30:00+00:00,6607.0,6534.297826742502,290.80869302999054,287.80869302999054,1.939354875976691,290.80869302999054,145.40434651499527,3.0,tp,22,5
futures,ES,reddit_orb_fade,reddit_orb_fade|ny|range=15|entry=150|rr=2|sl_atr=1|tp_atr=1.5|threshold=2|adx_max=none|adx_min=none|rsi2=none|trend=all|max_bars=24,short,79756,79757,79759,2026-03-23 15:30:00+00:00,2026-03-23 15:45:00+00:00,2026-03-23 16:15:00+00:00,6669.75,6625.75,176.0,173.0,1.901098901098901,176.0,88.0,3.0,tp,2,5
futures,ES,reddit_orb_fade,reddit_orb_fade|ny|range=15|entry=150|rr=2|sl_atr=1|tp_atr=1.5|threshold=2|adx_max=none|adx_min=none|rsi2=none|trend=all|max_bars=24,short,79842,79843,79844,2026-03-24 14:00:00+00:00,2026-03-24 14:15:00+00:00,2026-03-24 14:30:00+00:00,6601.25,6611.75,-42.0,-45.0,-1.0,84.0,42.0,3.0,sl,1,5
futures,ES,reddit_orb_fade,reddit_orb_fade|ny|range=15|entry=150|rr=2|sl_atr=1|tp_atr=1.5|threshold=2|adx_max=none|adx_min=none|rsi2=none|trend=all|max_bars=24,long,79937,79938,79938,2026-03-25 14:45:00+00:00,2026-03-25 15:00:00+00:00,2026-03-25 15:00:00+00:00,6662.0,6659.0,-12.0,-15.0,-1.0,24.0,12.0,3.0,sl,1,5
futures,ES,reddit_orb_fade,reddit_orb_fade|ny|range=15|entry=150|rr=2|sl_atr=1|tp_atr=1.5|threshold=2|adx_max=none|adx_min=none|rsi2=none|trend=all|max_bars=24,short,80028,80029,80039,2026-03-26 14:30:00+00:00,2026-03-26 14:45:00+00:00,2026-03-26 17:15:00+00:00,6599.25,6553.75,182.0,179.0,1.9042553191489362,182.0,91.0,3.0,tp,10,5
futures,ES,reddit_orb_fade,reddit_orb_fade|ny|range=15|entry=150|rr=2|sl_atr=1|tp_atr=1.5|threshold=2|adx_max=none|adx_min=none|rsi2=none|trend=all|max_bars=24,long,80121,80122,80128,2026-03-27 14:45:00+00:00,2026-03-27 15:00:00+00:00,2026-03-27 16:30:00+00:00,6470.5,6451.75,-75.0,-78.0,-1.0,150.0,75.0,3.0,sl,6,5
futures,ES,reddit_orb_fade,reddit_orb_fade|ny|range=15|entry=150|rr=2|sl_atr=1|tp_atr=1.5|threshold=2|adx_max=none|adx_min=none|rsi2=none|trend=all|max_bars=24,long,80213,80214,80222,2026-03-30 14:45:00+00:00,2026-03-30 15:00:00+00:00,2026-03-30 17:00:00+00:00,6442.5,6414.5,-112.0,-115.0,-1.0,224.0,112.0,3.0,sl,8,5
futures,ES,reddit_orb_fade,reddit_orb_fade|ny|range=15|entry=150|rr=2|sl_atr=1|tp_atr=1.5|threshold=2|adx_max=none|adx_min=none|rsi2=none|trend=all|max_bars=24,short,80304,80305,80311,2026-03-31 14:30:00+00:00,2026-03-31 14:45:00+00:00,2026-03-31 16:15:00+00:00,6470.0,6494.25,-97.0,-100.0,-1.0,194.0,97.0,3.0,sl,6,5
futures,ES,reddit_orb_fade,reddit_orb_fade|ny|range=15|entry=150|rr=2|sl_atr=1|tp_atr=1.5|threshold=2|adx_max=none|adx_min=none|rsi2=none|trend=all|max_bars=24,long,80393,80394,80398,2026-04-01 13:45:00+00:00,2026-04-01 14:00:00+00:00,2026-04-01 15:00:00+00:00,6611.25,6637.75,106.0,103.0,1.8392857142857142,106.0,53.0,3.0,tp,4,5
futures,ES,reddit_orb_fade,reddit_orb_fade|ny|range=15|entry=150|rr=2|sl_atr=1|tp_atr=1.5|threshold=2|adx_max=none|adx_min=none|rsi2=none|trend=all|max_bars=24,short,80641,80642,80663,2026-04-06 14:30:00+00:00,2026-04-06 14:45:00+00:00,2026-04-06 20:00:00+00:00,6640.5,6648.25,-31.0,-34.0,-0.576271186440678,112.0,56.0,3.0,session_close,21,5
futures,ES,reddit_orb_fade,reddit_orb_fade|ny|range=15|entry=150|rr=2|sl_atr=1|tp_atr=1.5|threshold=2|adx_max=none|adx_min=none|rsi2=none|trend=all|max_bars=24,long,80739,80740,80745,2026-04-07 16:00:00+00:00,2026-04-07 16:15:00+00:00,2026-04-07 17:30:00+00:00,6614.5,6643.0,114.0,111.0,1.85,114.0,57.0,3.0,tp,5,5
futures,ES,reddit_orb_fade,reddit_orb_fade|ny|range=15|entry=150|rr=2|sl_atr=1|tp_atr=1.5|threshold=2|adx_max=none|adx_min=none|rsi2=none|trend=all|max_bars=24,long,80823,80824,80824,2026-04-08 14:00:00+00:00,2026-04-08 14:15:00+00:00,2026-04-08 14:15:00+00:00,6814.75,6806.0,-35.0,-38.0,-1.0,70.0,35.0,3.0,sl,1,5
futures,ES,reddit_orb_fade,reddit_orb_fade|ny|range=15|entry=150|rr=2|sl_atr=1|tp_atr=1.5|threshold=2|adx_max=none|adx_min=none|rsi2=none|trend=all|max_bars=24,long,80918,80919,80921,2026-04-09 14:45:00+00:00,2026-04-09 15:00:00+00:00,2026-04-09 15:30:00+00:00,6816.75,6838.25,86.0,83.0,1.8043478260869565,86.0,43.0,3.0,tp,2,5
futures,ES,reddit_orb_fade,reddit_orb_fade|ny|range=15|entry=150|rr=2|sl_atr=1|tp_atr=1.5|threshold=2|adx_max=none|adx_min=none|rsi2=none|trend=all|max_bars=24,long,81006,81007,81007,2026-04-10 13:45:00+00:00,2026-04-10 14:00:00+00:00,2026-04-10 14:00:00+00:00,6869.75,6864.0,-23.0,-26.0,-1.0,46.0,23.0,3.0,sl,1,5
futures,ES,reddit_orb_fade,reddit_orb_fade|ny|range=15|entry=150|rr=2|sl_atr=1|tp_atr=1.5|threshold=2|adx_max=none|adx_min=none|rsi2=none|trend=all|max_bars=24,long,81379,81380,81388,2026-04-16 15:00:00+00:00,2026-04-16 15:15:00+00:00,2026-04-16 17:15:00+00:00,7075.75,7060.25,-62.0,-65.0,-1.0,124.0,62.0,3.0,sl,8,5
futures,ES,reddit_orb_fade,reddit_orb_fade|ny|range=15|entry=150|rr=2|sl_atr=1|tp_atr=1.5|threshold=2|adx_max=none|adx_min=none|rsi2=none|trend=all|max_bars=24,long,81466,81467,81491,2026-04-17 13:45:00+00:00,2026-04-17 14:00:00+00:00,2026-04-17 20:00:00+00:00,7143.5,7165.25,87.0,84.0,0.7706422018348624,212.0,106.0,3.0,session_close,24,5
futures,ES,reddit_orb_fade,reddit_orb_fade|ny|range=15|entry=150|rr=2|sl_atr=1|tp_atr=1.5|threshold=2|adx_max=none|adx_min=none|rsi2=none|trend=all|max_bars=24,short,81559,81560,81561,2026-04-20 14:00:00+00:00,2026-04-20 14:15:00+00:00,2026-04-20 14:30:00+00:00,7152.75,7143.25,38.0,35.0,1.5909090909090908,38.0,19.0,3.0,tp,1,5
futures,ES,reddit_orb_fade,reddit_orb_fade|ny|range=15|entry=150|rr=2|sl_atr=1|tp_atr=1.5|threshold=2|adx_max=none|adx_min=none|rsi2=none|trend=all|max_bars=24,short,81653,81654,81654,2026-04-21 14:30:00+00:00,2026-04-21 14:45:00+00:00,2026-04-21 14:45:00+00:00,7158.25,7139.75,74.0,71.0,1.775,74.0,37.0,3.0,tp,1,5
