market,symbol,strategy,variant_id,side,signal_index,entry_index,exit_index,signal_time,entry_time,exit_time,entry_price,exit_price,gross_units,net_units,r_multiple,tp_units,sl_units,cost_units,exit_reason,bars_held,size_multiplier,dollars_per_unit,pnl_dollars,risk_dollars,target_dollars,session_key,selection_key
futures,ES,reddit_orb_breakout,reddit_orb_breakout|ny|range=15|entry=150|rr=1|sl_atr=1|tp_atr=1.5|threshold=2|adx_max=none|adx_min=none|rsi2=none|trend=all|max_bars=24,short,13463,13464,13471,2025-06-02 13:45:00+00:00,2025-06-02 14:00:00+00:00,2025-06-02 15:45:00+00:00,5887.25,5917.75,-122.0,-125.0,-1.0,122.0,122.0,3.0,sl,7,1,1.25,-156.25,156.25,152.5,2025-06-02,ES	reddit_orb_breakout	reddit_orb_breakout|ny|range=15|entry=150|rr=1|sl_atr=1|tp_atr=1.5|threshold=2|adx_max=none|adx_min=none|rsi2=none|trend=all|max_bars=24
futures,ES,reddit_orb_breakout,reddit_orb_breakout|ny|range=15|entry=150|rr=1|sl_atr=1|tp_atr=1.5|threshold=2|adx_max=none|adx_min=none|rsi2=none|trend=all|max_bars=24,long,13557,13558,13563,2025-06-03 14:15:00+00:00,2025-06-03 14:30:00+00:00,2025-06-03 15:45:00+00:00,5959.0,5977.5,74.0,71.0,0.922077922077922,74.0,74.0,3.0,tp,5,1,1.25,88.75,96.25,92.5,2025-06-03,ES	reddit_orb_breakout	reddit_orb_breakout|ny|range=15|entry=150|rr=1|sl_atr=1|tp_atr=1.5|threshold=2|adx_max=none|adx_min=none|rsi2=none|trend=all|max_bars=24
futures,ES,reddit_orb_breakout,reddit_orb_breakout|ny|range=15|entry=150|rr=1|sl_atr=1|tp_atr=1.5|threshold=2|adx_max=none|adx_min=none|rsi2=none|trend=all|max_bars=24,short,13654,13655,13664,2025-06-04 15:30:00+00:00,2025-06-04 15:45:00+00:00,2025-06-04 18:00:00+00:00,5985.0,5998.75,-55.0,-58.0,-1.0,55.0,55.0,3.0,sl,9,1,1.25,-72.5,72.5,68.75,2025-06-04,ES	reddit_orb_breakout	reddit_orb_breakout|ny|range=15|entry=150|rr=1|sl_atr=1|tp_atr=1.5|threshold=2|adx_max=none|adx_min=none|rsi2=none|trend=all|max_bars=24
futures,ES,reddit_orb_breakout,reddit_orb_breakout|ny|range=15|entry=150|rr=1|sl_atr=1|tp_atr=1.5|threshold=2|adx_max=none|adx_min=none|rsi2=none|trend=all|max_bars=24,short,13739,13740,13745,2025-06-05 13:45:00+00:00,2025-06-05 14:00:00+00:00,2025-06-05 15:15:00+00:00,5961.5,5997.75,-145.0,-148.0,-1.0,145.0,145.0,3.0,sl,5,1,1.25,-185.0,185.0,181.25,2025-06-05,ES	reddit_orb_breakout	reddit_orb_breakout|ny|range=15|entry=150|rr=1|sl_atr=1|tp_atr=1.5|threshold=2|adx_max=none|adx_min=none|rsi2=none|trend=all|max_bars=24
futures,ES,reddit_orb_breakout,reddit_orb_breakout|ny|range=15|entry=150|rr=1|sl_atr=1|tp_atr=1.5|threshold=2|adx_max=none|adx_min=none|rsi2=none|trend=all|max_bars=24,long,14017,14018,14022,2025-06-10 14:15:00+00:00,2025-06-10 14:30:00+00:00,2025-06-10 15:30:00+00:00,6026.25,6015.75,-42.0,-45.0,-1.0,42.0,42.0,3.0,sl,4,1,1.25,-56.25,56.25,52.5,2025-06-10,ES	reddit_orb_breakout	reddit_orb_breakout|ny|range=15|entry=150|rr=1|sl_atr=1|tp_atr=1.5|threshold=2|adx_max=none|adx_min=none|rsi2=none|trend=all|max_bars=24
futures,ES,reddit_orb_breakout,reddit_orb_breakout|ny|range=15|entry=150|rr=1|sl_atr=1|tp_atr=1.5|threshold=2|adx_max=none|adx_min=none|rsi2=none|trend=all|max_bars=24,long,14109,14110,14116,2025-06-11 14:15:00+00:00,2025-06-11 14:30:00+00:00,2025-06-11 16:00:00+00:00,6061.5,6041.25,-81.0,-84.0,-1.0,81.0,81.0,3.0,sl,6,1,1.25,-105.0,105.0,101.25,2025-06-11,ES	reddit_orb_breakout	reddit_orb_breakout|ny|range=15|entry=150|rr=1|sl_atr=1|tp_atr=1.5|threshold=2|adx_max=none|adx_min=none|rsi2=none|trend=all|max_bars=24
futures,ES,reddit_orb_breakout,reddit_orb_breakout|ny|range=15|entry=150|rr=1|sl_atr=1|tp_atr=1.5|threshold=2|adx_max=none|adx_min=none|rsi2=none|trend=all|max_bars=24,long,14200,14201,14224,2025-06-12 14:00:00+00:00,2025-06-12 14:15:00+00:00,2025-06-12 20:00:00+00:00,6032.5,6047.75,61.0,58.0,0.5858585858585859,96.0,96.0,3.0,session_close,23,1,1.25,72.5,123.75,120.0,2025-06-12,ES	reddit_orb_breakout	reddit_orb_breakout|ny|range=15|entry=150|rr=1|sl_atr=1|tp_atr=1.5|threshold=2|adx_max=none|adx_min=none|rsi2=none|trend=all|max_bars=24
futures,ES,reddit_orb_breakout,reddit_orb_breakout|ny|range=15|entry=150|rr=1|sl_atr=1|tp_atr=1.5|threshold=2|adx_max=none|adx_min=none|rsi2=none|trend=all|max_bars=24,short,14291,14292,14297,2025-06-13 13:45:00+00:00,2025-06-13 14:00:00+00:00,2025-06-13 15:15:00+00:00,5990.75,6014.75,-96.0,-99.0,-1.0,96.0,96.0,3.0,sl,5,1,1.25,-123.75,123.75,120.0,2025-06-13,ES	reddit_orb_breakout	reddit_orb_breakout|ny|range=15|entry=150|rr=1|sl_atr=1|tp_atr=1.5|threshold=2|adx_max=none|adx_min=none|rsi2=none|trend=all|max_bars=24
futures,ES,reddit_orb_breakout,reddit_orb_breakout|ny|range=15|entry=150|rr=1|sl_atr=1|tp_atr=1.5|threshold=2|adx_max=none|adx_min=none|rsi2=none|trend=all|max_bars=24,long,14383,14384,14408,2025-06-16 13:45:00+00:00,2025-06-16 14:00:00+00:00,2025-06-16 20:00:00+00:00,6041.25,6039.75,-6.0,-9.0,-0.07894736842105263,111.0,111.0,3.0,session_close,24,1,1.25,-11.25,142.5,138.75,2025-06-16,ES	reddit_orb_breakout	reddit_orb_breakout|ny|range=15|entry=150|rr=1|sl_atr=1|tp_atr=1.5|threshold=2|adx_max=none|adx_min=none|rsi2=none|trend=all|max_bars=24
futures,ES,reddit_orb_breakout,reddit_orb_breakout|ny|range=15|entry=150|rr=1|sl_atr=1|tp_atr=1.5|threshold=2|adx_max=none|adx_min=none|rsi2=none|trend=all|max_bars=24,long,14476,14477,14487,2025-06-17 14:00:00+00:00,2025-06-17 14:15:00+00:00,2025-06-17 16:45:00+00:00,6025.0,6007.0,-72.0,-75.0,-1.0,72.0,72.0,3.0,sl,10,1,1.25,-93.75,93.75,90.0,2025-06-17,ES	reddit_orb_breakout	reddit_orb_breakout|ny|range=15|entry=150|rr=1|sl_atr=1|tp_atr=1.5|threshold=2|adx_max=none|adx_min=none|rsi2=none|trend=all|max_bars=24
futures,ES,reddit_orb_breakout,reddit_orb_breakout|ny|range=15|entry=150|rr=1|sl_atr=1|tp_atr=1.5|threshold=2|adx_max=none|adx_min=none|rsi2=none|trend=all|max_bars=24,long,14567,14568,14569,2025-06-18 13:45:00+00:00,2025-06-18 14:00:00+00:00,2025-06-18 14:15:00+00:00,6052.25,6070.0,71.0,68.0,0.918918918918919,71.0,71.0,3.0,tp,1,1,1.25,85.0,92.5,88.75,2025-06-18,ES	reddit_orb_breakout	reddit_orb_breakout|ny|range=15|entry=150|rr=1|sl_atr=1|tp_atr=1.5|threshold=2|adx_max=none|adx_min=none|rsi2=none|trend=all|max_bars=24
futures,ES,reddit_orb_breakout,reddit_orb_breakout|ny|range=15|entry=150|rr=1|sl_atr=1|tp_atr=1.5|threshold=2|adx_max=none|adx_min=none|rsi2=none|trend=all|max_bars=24,short,14659,14660,14672,2025-06-19 13:45:00+00:00,2025-06-19 14:00:00+00:00,2025-06-19 22:00:00+00:00,5978.25,6006.0,-111.0,-114.0,-1.3103448275862069,84.0,84.0,3.0,session_close,12,1,1.25,-142.5,108.75,105.0,2025-06-19,ES	reddit_orb_breakout	reddit_orb_breakout|ny|range=15|entry=150|rr=1|sl_atr=1|tp_atr=1.5|threshold=2|adx_max=none|adx_min=none|rsi2=none|trend=all|max_bars=24
futures,ES,reddit_orb_breakout,reddit_orb_breakout|ny|range=15|entry=150|rr=1|sl_atr=1|tp_atr=1.5|threshold=2|adx_max=none|adx_min=none|rsi2=none|trend=all|max_bars=24,short,14735,14736,14738,2025-06-20 13:45:00+00:00,2025-06-20 14:00:00+00:00,2025-06-20 14:30:00+00:00,6049.5,6028.0,86.0,83.0,0.9325842696629213,86.0,86.0,3.0,tp,2,1,1.25,103.75,111.25,107.5,2025-06-20,ES	reddit_orb_breakout	reddit_orb_breakout|ny|range=15|entry=150|rr=1|sl_atr=1|tp_atr=1.5|threshold=2|adx_max=none|adx_min=none|rsi2=none|trend=all|max_bars=24
futures,ES,reddit_orb_breakout,reddit_orb_breakout|ny|range=15|entry=150|rr=1|sl_atr=1|tp_atr=1.5|threshold=2|adx_max=none|adx_min=none|rsi2=none|trend=all|max_bars=24,long,14827,14828,14838,2025-06-23 13:45:00+00:00,2025-06-23 14:00:00+00:00,2025-06-23 16:30:00+00:00,6041.5,6010.5,-124.0,-127.0,-1.0,124.0,124.0,3.0,sl,10,1,1.25,-158.75,158.75,155.0,2025-06-23,ES	reddit_orb_breakout	reddit_orb_breakout|ny|range=15|entry=150|rr=1|sl_atr=1|tp_atr=1.5|threshold=2|adx_max=none|adx_min=none|rsi2=none|trend=all|max_bars=24
futures,ES,reddit_orb_breakout,reddit_orb_breakout|ny|range=15|entry=150|rr=1|sl_atr=1|tp_atr=1.5|threshold=2|adx_max=none|adx_min=none|rsi2=none|trend=all|max_bars=24,long,14924,14925,14930,2025-06-24 15:00:00+00:00,2025-06-24 15:15:00+00:00,2025-06-24 16:30:00+00:00,6130.0,6145.5,62.0,59.0,0.9076923076923077,62.0,62.0,3.0,tp,5,1,1.25,73.75,81.25,77.5,2025-06-24,ES	reddit_orb_breakout	reddit_orb_breakout|ny|range=15|entry=150|rr=1|sl_atr=1|tp_atr=1.5|threshold=2|adx_max=none|adx_min=none|rsi2=none|trend=all|max_bars=24
futures,ES,reddit_orb_breakout,reddit_orb_breakout|ny|range=15|entry=150|rr=1|sl_atr=1|tp_atr=1.5|threshold=2|adx_max=none|adx_min=none|rsi2=none|trend=all|max_bars=24,short,15012,15013,15024,2025-06-25 14:00:00+00:00,2025-06-25 14:15:00+00:00,2025-06-25 17:00:00+00:00,6150.0,6139.75,41.0,38.0,0.8636363636363636,41.0,41.0,3.0,tp,11,1,1.25,47.5,55.0,51.25,2025-06-25,ES	reddit_orb_breakout	reddit_orb_breakout|ny|range=15|entry=150|rr=1|sl_atr=1|tp_atr=1.5|threshold=2|adx_max=none|adx_min=none|rsi2=none|trend=all|max_bars=24
futures,ES,reddit_orb_breakout,reddit_orb_breakout|ny|range=15|entry=150|rr=1|sl_atr=1|tp_atr=1.5|threshold=2|adx_max=none|adx_min=none|rsi2=none|trend=all|max_bars=24,long,15105,15106,15112,2025-06-26 14:15:00+00:00,2025-06-26 14:30:00+00:00,2025-06-26 16:00:00+00:00,6175.25,6187.25,48.0,45.0,0.8823529411764706,48.0,48.0,3.0,tp,6,1,1.25,56.25,63.75,60.0,2025-06-26,ES	reddit_orb_breakout	reddit_orb_breakout|ny|range=15|entry=150|rr=1|sl_atr=1|tp_atr=1.5|threshold=2|adx_max=none|adx_min=none|rsi2=none|trend=all|max_bars=24
futures,ES,reddit_orb_breakout,reddit_orb_breakout|ny|range=15|entry=150|rr=1|sl_atr=1|tp_atr=1.5|threshold=2|adx_max=none|adx_min=none|rsi2=none|trend=all|max_bars=24,long,15195,15196,15202,2025-06-27 13:45:00+00:00,2025-06-27 14:00:00+00:00,2025-06-27 15:30:00+00:00,6218.5,6235.0,66.0,63.0,0.9130434782608695,66.0,66.0,3.0,tp,6,1,1.25,78.75,86.25,82.5,2025-06-27,ES	reddit_orb_breakout	reddit_orb_breakout|ny|range=15|entry=150|rr=1|sl_atr=1|tp_atr=1.5|threshold=2|adx_max=none|adx_min=none|rsi2=none|trend=all|max_bars=24
futures,ES,reddit_orb_breakout,reddit_orb_breakout|ny|range=15|entry=150|rr=1|sl_atr=1|tp_atr=1.5|threshold=2|adx_max=none|adx_min=none|rsi2=none|trend=all|max_bars=24,short,15290,15291,15309,2025-06-30 14:30:00+00:00,2025-06-30 14:45:00+00:00,2025-06-30 19:15:00+00:00,6233.5,6248.75,-61.0,-64.0,-1.0,61.0,61.0,3.0,sl,18,1,1.25,-80.0,80.0,76.25,2025-06-30,ES	reddit_orb_breakout	reddit_orb_breakout|ny|range=15|entry=150|rr=1|sl_atr=1|tp_atr=1.5|threshold=2|adx_max=none|adx_min=none|rsi2=none|trend=all|max_bars=24
futures,ES,reddit_orb_breakout,reddit_orb_breakout|ny|range=15|entry=150|rr=1|sl_atr=1|tp_atr=1.5|threshold=2|adx_max=none|adx_min=none|rsi2=none|trend=all|max_bars=24,long,15379,15380,15383,2025-07-01 13:45:00+00:00,2025-07-01 14:00:00+00:00,2025-07-01 14:45:00+00:00,6244.0,6234.0,-40.0,-43.0,-1.0,40.0,40.0,3.0,sl,3,1,1.25,-53.75,53.75,50.0,2025-07-01,ES	reddit_orb_breakout	reddit_orb_breakout|ny|range=15|entry=150|rr=1|sl_atr=1|tp_atr=1.5|threshold=2|adx_max=none|adx_min=none|rsi2=none|trend=all|max_bars=24
futures,ES,reddit_orb_breakout,reddit_orb_breakout|ny|range=15|entry=150|rr=1|sl_atr=1|tp_atr=1.5|threshold=2|adx_max=none|adx_min=none|rsi2=none|trend=all|max_bars=24,long,15472,15473,15474,2025-07-02 14:00:00+00:00,2025-07-02 14:15:00+00:00,2025-07-02 14:30:00+00:00,6251.0,6263.75,51.0,48.0,0.8888888888888888,51.0,51.0,3.0,tp,1,1,1.25,60.0,67.5,63.75,2025-07-02,ES	reddit_orb_breakout	reddit_orb_breakout|ny|range=15|entry=150|rr=1|sl_atr=1|tp_atr=1.5|threshold=2|adx_max=none|adx_min=none|rsi2=none|trend=all|max_bars=24
futures,ES,reddit_orb_breakout,reddit_orb_breakout|ny|range=15|entry=150|rr=1|sl_atr=1|tp_atr=1.5|threshold=2|adx_max=none|adx_min=none|rsi2=none|trend=all|max_bars=24,long,15563,15564,15568,2025-07-03 13:45:00+00:00,2025-07-03 14:00:00+00:00,2025-07-03 15:00:00+00:00,6310.25,6327.75,70.0,67.0,0.9178082191780822,70.0,70.0,3.0,tp,4,1,1.25,83.75,91.25,87.5,2025-07-03,ES	reddit_orb_breakout	reddit_orb_breakout|ny|range=15|entry=150|rr=1|sl_atr=1|tp_atr=1.5|threshold=2|adx_max=none|adx_min=none|rsi2=none|trend=all|max_bars=24
futures,ES,reddit_orb_breakout,reddit_orb_breakout|ny|range=15|entry=150|rr=1|sl_atr=1|tp_atr=1.5|threshold=2|adx_max=none|adx_min=none|rsi2=none|trend=all|max_bars=24,long,15640,15641,15653,2025-07-04 13:45:00+00:00,2025-07-04 14:00:00+00:00,2025-07-06 22:00:00+00:00,6287.25,6303.5,65.0,62.0,1.7714285714285714,32.0,32.0,3.0,session_close,12,1,1.25,77.5,43.75,40.0,2025-07-04,ES	reddit_orb_breakout	reddit_orb_breakout|ny|range=15|entry=150|rr=1|sl_atr=1|tp_atr=1.5|threshold=2|adx_max=none|adx_min=none|rsi2=none|trend=all|max_bars=24
futures,ES,reddit_orb_breakout,reddit_orb_breakout|ny|range=15|entry=150|rr=1|sl_atr=1|tp_atr=1.5|threshold=2|adx_max=none|adx_min=none|rsi2=none|trend=all|max_bars=24,short,15717,15718,15724,2025-07-07 14:00:00+00:00,2025-07-07 14:15:00+00:00,2025-07-07 15:45:00+00:00,6295.75,6283.25,50.0,47.0,0.8867924528301887,50.0,50.0,3.0,tp,6,1,1.25,58.75,66.25,62.5,2025-07-07,ES	reddit_orb_breakout	reddit_orb_breakout|ny|range=15|entry=150|rr=1|sl_atr=1|tp_atr=1.5|threshold=2|adx_max=none|adx_min=none|rsi2=none|trend=all|max_bars=24
futures,ES,reddit_orb_breakout,reddit_orb_breakout|ny|range=15|entry=150|rr=1|sl_atr=1|tp_atr=1.5|threshold=2|adx_max=none|adx_min=none|rsi2=none|trend=all|max_bars=24,short,15809,15810,15811,2025-07-08 14:00:00+00:00,2025-07-08 14:15:00+00:00,2025-07-08 14:30:00+00:00,6270.75,6281.25,-42.0,-45.0,-1.0,42.0,42.0,3.0,sl,1,1,1.25,-56.25,56.25,52.5,2025-07-08,ES	reddit_orb_breakout	reddit_orb_breakout|ny|range=15|entry=150|rr=1|sl_atr=1|tp_atr=1.5|threshold=2|adx_max=none|adx_min=none|rsi2=none|trend=all|max_bars=24
futures,ES,reddit_orb_breakout,reddit_orb_breakout|ny|range=15|entry=150|rr=1|sl_atr=1|tp_atr=1.5|threshold=2|adx_max=none|adx_min=none|rsi2=none|trend=all|max_bars=24,long,15900,15901,15903,2025-07-09 13:45:00+00:00,2025-07-09 14:00:00+00:00,2025-07-09 14:30:00+00:00,6310.0,6293.75,-65.0,-68.0,-1.0,65.0,65.0,3.0,sl,2,1,1.25,-85.0,85.0,81.25,2025-07-09,ES	reddit_orb_breakout	reddit_orb_breakout|ny|range=15|entry=150|rr=1|sl_atr=1|tp_atr=1.5|threshold=2|adx_max=none|adx_min=none|rsi2=none|trend=all|max_bars=24
futures,ES,reddit_orb_breakout,reddit_orb_breakout|ny|range=15|entry=150|rr=1|sl_atr=1|tp_atr=1.5|threshold=2|adx_max=none|adx_min=none|rsi2=none|trend=all|max_bars=24,short,15992,15993,15995,2025-07-10 13:45:00+00:00,2025-07-10 14:00:00+00:00,2025-07-10 14:30:00+00:00,6300.0,6310.0,-40.0,-43.0,-1.0,40.0,40.0,3.0,sl,2,1,1.25,-53.75,53.75,50.0,2025-07-10,ES	reddit_orb_breakout	reddit_orb_breakout|ny|range=15|entry=150|rr=1|sl_atr=1|tp_atr=1.5|threshold=2|adx_max=none|adx_min=none|rsi2=none|trend=all|max_bars=24
futures,ES,reddit_orb_breakout,reddit_orb_breakout|ny|range=15|entry=150|rr=1|sl_atr=1|tp_atr=1.5|threshold=2|adx_max=none|adx_min=none|rsi2=none|trend=all|max_bars=24,long,16085,16086,16109,2025-07-11 14:00:00+00:00,2025-07-11 14:15:00+00:00,2025-07-11 20:00:00+00:00,6299.25,6297.25,-8.0,-11.0,-0.1375,77.0,77.0,3.0,session_close,23,1,1.25,-13.75,100.0,96.25,2025-07-11,ES	reddit_orb_breakout	reddit_orb_breakout|ny|range=15|entry=150|rr=1|sl_atr=1|tp_atr=1.5|threshold=2|adx_max=none|adx_min=none|rsi2=none|trend=all|max_bars=24
futures,ES,reddit_orb_breakout,reddit_orb_breakout|ny|range=15|entry=150|rr=1|sl_atr=1|tp_atr=1.5|threshold=2|adx_max=none|adx_min=none|rsi2=none|trend=all|max_bars=24,long,16180,16181,16195,2025-07-14 14:45:00+00:00,2025-07-14 15:00:00+00:00,2025-07-14 18:30:00+00:00,6297.5,6314.5,68.0,65.0,0.9154929577464789,68.0,68.0,3.0,tp,14,1,1.25,81.25,88.75,85.0,2025-07-14,ES	reddit_orb_breakout	reddit_orb_breakout|ny|range=15|entry=150|rr=1|sl_atr=1|tp_atr=1.5|threshold=2|adx_max=none|adx_min=none|rsi2=none|trend=all|max_bars=24
futures,ES,reddit_orb_breakout,reddit_orb_breakout|ny|range=15|entry=150|rr=1|sl_atr=1|tp_atr=1.5|threshold=2|adx_max=none|adx_min=none|rsi2=none|trend=all|max_bars=24,short,16268,16269,16280,2025-07-15 13:45:00+00:00,2025-07-15 14:00:00+00:00,2025-07-15 16:45:00+00:00,6319.0,6296.25,91.0,88.0,0.9361702127659575,91.0,91.0,3.0,tp,11,1,1.25,110.0,117.5,113.75,2025-07-15,ES	reddit_orb_breakout	reddit_orb_breakout|ny|range=15|entry=150|rr=1|sl_atr=1|tp_atr=1.5|threshold=2|adx_max=none|adx_min=none|rsi2=none|trend=all|max_bars=24
futures,ES,reddit_orb_breakout,reddit_orb_breakout|ny|range=15|entry=150|rr=1|sl_atr=1|tp_atr=1.5|threshold=2|adx_max=none|adx_min=none|rsi2=none|trend=all|max_bars=24,short,16360,16361,16366,2025-07-16 13:45:00+00:00,2025-07-16 14:00:00+00:00,2025-07-16 15:15:00+00:00,6282.0,6262.0,80.0,77.0,0.927710843373494,80.0,80.0,3.0,tp,5,1,1.25,96.25,103.75,100.0,2025-07-16,ES	reddit_orb_breakout	reddit_orb_breakout|ny|range=15|entry=150|rr=1|sl_atr=1|tp_atr=1.5|threshold=2|adx_max=none|adx_min=none|rsi2=none|trend=all|max_bars=24
futures,ES,reddit_orb_breakout,reddit_orb_breakout|ny|range=15|entry=150|rr=1|sl_atr=1|tp_atr=1.5|threshold=2|adx_max=none|adx_min=none|rsi2=none|trend=all|max_bars=24,long,16452,16453,16461,2025-07-17 13:45:00+00:00,2025-07-17 14:00:00+00:00,2025-07-17 16:00:00+00:00,6318.5,6335.0,66.0,63.0,0.9130434782608695,66.0,66.0,3.0,tp,8,1,1.25,78.75,86.25,82.5,2025-07-17,ES	reddit_orb_breakout	reddit_orb_breakout|ny|range=15|entry=150|rr=1|sl_atr=1|tp_atr=1.5|threshold=2|adx_max=none|adx_min=none|rsi2=none|trend=all|max_bars=24
futures,ES,reddit_orb_breakout,reddit_orb_breakout|ny|range=15|entry=150|rr=1|sl_atr=1|tp_atr=1.5|threshold=2|adx_max=none|adx_min=none|rsi2=none|trend=all|max_bars=24,short,16545,16546,16554,2025-07-18 14:00:00+00:00,2025-07-18 14:15:00+00:00,2025-07-18 16:15:00+00:00,6339.25,6326.25,52.0,49.0,0.8909090909090909,52.0,52.0,3.0,tp,8,1,1.25,61.25,68.75,65.0,2025-07-18,ES	reddit_orb_breakout	reddit_orb_breakout|ny|range=15|entry=150|rr=1|sl_atr=1|tp_atr=1.5|threshold=2|adx_max=none|adx_min=none|rsi2=none|trend=all|max_bars=24
futures,ES,reddit_orb_breakout,reddit_orb_breakout|ny|range=15|entry=150|rr=1|sl_atr=1|tp_atr=1.5|threshold=2|adx_max=none|adx_min=none|rsi2=none|trend=all|max_bars=24,long,16636,16637,16660,2025-07-21 13:45:00+00:00,2025-07-21 14:00:00+00:00,2025-07-21 19:45:00+00:00,6364.25,6344.5,-79.0,-82.0,-1.0,79.0,79.0,3.0,sl,23,1,1.25,-102.5,102.5,98.75,2025-07-21,ES	reddit_orb_breakout	reddit_orb_breakout|ny|range=15|entry=150|rr=1|sl_atr=1|tp_atr=1.5|threshold=2|adx_max=none|adx_min=none|rsi2=none|trend=all|max_bars=24
futures,ES,reddit_orb_breakout,reddit_orb_breakout|ny|range=15|entry=150|rr=1|sl_atr=1|tp_atr=1.5|threshold=2|adx_max=none|adx_min=none|rsi2=none|trend=all|max_bars=24,short,16728,16729,16742,2025-07-22 13:45:00+00:00,2025-07-22 14:00:00+00:00,2025-07-22 17:15:00+00:00,6326.0,6349.25,-93.0,-96.0,-1.0,93.0,93.0,3.0,sl,13,1,1.25,-120.0,120.0,116.25,2025-07-22,ES	reddit_orb_breakout	reddit_orb_breakout|ny|range=15|entry=150|rr=1|sl_atr=1|tp_atr=1.5|threshold=2|adx_max=none|adx_min=none|rsi2=none|trend=all|max_bars=24
futures,ES,reddit_orb_breakout,reddit_orb_breakout|ny|range=15|entry=150|rr=1|sl_atr=1|tp_atr=1.5|threshold=2|adx_max=none|adx_min=none|rsi2=none|trend=all|max_bars=24,short,16820,16821,16828,2025-07-23 13:45:00+00:00,2025-07-23 14:00:00+00:00,2025-07-23 15:45:00+00:00,6356.25,6373.5,-69.0,-72.0,-1.0,69.0,69.0,3.0,sl,7,1,1.25,-90.0,90.0,86.25,2025-07-23,ES	reddit_orb_breakout	reddit_orb_breakout|ny|range=15|entry=150|rr=1|sl_atr=1|tp_atr=1.5|threshold=2|adx_max=none|adx_min=none|rsi2=none|trend=all|max_bars=24
futures,ES,reddit_orb_breakout,reddit_orb_breakout|ny|range=15|entry=150|rr=1|sl_atr=1|tp_atr=1.5|threshold=2|adx_max=none|adx_min=none|rsi2=none|trend=all|max_bars=24,long,16912,16913,16929,2025-07-24 13:45:00+00:00,2025-07-24 14:00:00+00:00,2025-07-24 18:00:00+00:00,6407.0,6417.75,43.0,40.0,0.8695652173913043,43.0,43.0,3.0,tp,16,1,1.25,50.0,57.5,53.75,2025-07-24,ES	reddit_orb_breakout	reddit_orb_breakout|ny|range=15|entry=150|rr=1|sl_atr=1|tp_atr=1.5|threshold=2|adx_max=none|adx_min=none|rsi2=none|trend=all|max_bars=24
futures,ES,reddit_orb_breakout,reddit_orb_breakout|ny|range=15|entry=150|rr=1|sl_atr=1|tp_atr=1.5|threshold=2|adx_max=none|adx_min=none|rsi2=none|trend=all|max_bars=24,long,17007,17008,17018,2025-07-25 14:30:00+00:00,2025-07-25 14:45:00+00:00,2025-07-25 17:15:00+00:00,6414.0,6425.5,46.0,43.0,0.8775510204081632,46.0,46.0,3.0,tp,10,1,1.25,53.75,61.25,57.5,2025-07-25,ES	reddit_orb_breakout	reddit_orb_breakout|ny|range=15|entry=150|rr=1|sl_atr=1|tp_atr=1.5|threshold=2|adx_max=none|adx_min=none|rsi2=none|trend=all|max_bars=24
futures,ES,reddit_orb_breakout,reddit_orb_breakout|ny|range=15|entry=150|rr=1|sl_atr=1|tp_atr=1.5|threshold=2|adx_max=none|adx_min=none|rsi2=none|trend=all|max_bars=24,long,17097,17098,17102,2025-07-28 14:00:00+00:00,2025-07-28 14:15:00+00:00,2025-07-28 15:15:00+00:00,6433.25,6424.25,-36.0,-39.0,-1.0,36.0,36.0,3.0,sl,4,1,1.25,-48.75,48.75,45.0,2025-07-28,ES	reddit_orb_breakout	reddit_orb_breakout|ny|range=15|entry=150|rr=1|sl_atr=1|tp_atr=1.5|threshold=2|adx_max=none|adx_min=none|rsi2=none|trend=all|max_bars=24
futures,ES,reddit_orb_breakout,reddit_orb_breakout|ny|range=15|entry=150|rr=1|sl_atr=1|tp_atr=1.5|threshold=2|adx_max=none|adx_min=none|rsi2=none|trend=all|max_bars=24,short,17189,17190,17192,2025-07-29 14:00:00+00:00,2025-07-29 14:15:00+00:00,2025-07-29 14:45:00+00:00,6432.0,6424.0,32.0,29.0,0.8285714285714286,32.0,32.0,3.0,tp,2,1,1.25,36.25,43.75,40.0,2025-07-29,ES	reddit_orb_breakout	reddit_orb_breakout|ny|range=15|entry=150|rr=1|sl_atr=1|tp_atr=1.5|threshold=2|adx_max=none|adx_min=none|rsi2=none|trend=all|max_bars=24
futures,ES,reddit_orb_breakout,reddit_orb_breakout|ny|range=15|entry=150|rr=1|sl_atr=1|tp_atr=1.5|threshold=2|adx_max=none|adx_min=none|rsi2=none|trend=all|max_bars=24,long,17282,17283,17285,2025-07-30 14:15:00+00:00,2025-07-30 14:30:00+00:00,2025-07-30 15:00:00+00:00,6415.75,6405.0,-43.0,-46.0,-1.0,43.0,43.0,3.0,sl,2,1,1.25,-57.5,57.5,53.75,2025-07-30,ES	reddit_orb_breakout	reddit_orb_breakout|ny|range=15|entry=150|rr=1|sl_atr=1|tp_atr=1.5|threshold=2|adx_max=none|adx_min=none|rsi2=none|trend=all|max_bars=24
futures,ES,reddit_orb_breakout,reddit_orb_breakout|ny|range=15|entry=150|rr=1|sl_atr=1|tp_atr=1.5|threshold=2|adx_max=none|adx_min=none|rsi2=none|trend=all|max_bars=24,short,17376,17377,17388,2025-07-31 14:45:00+00:00,2025-07-31 15:00:00+00:00,2025-07-31 17:45:00+00:00,6417.75,6387.0,123.0,120.0,0.9523809523809523,123.0,123.0,3.0,tp,11,1,1.25,150.0,157.5,153.75,2025-07-31,ES	reddit_orb_breakout	reddit_orb_breakout|ny|range=15|entry=150|rr=1|sl_atr=1|tp_atr=1.5|threshold=2|adx_max=none|adx_min=none|rsi2=none|trend=all|max_bars=24
futures,ES,reddit_orb_breakout,reddit_orb_breakout|ny|range=15|entry=150|rr=1|sl_atr=1|tp_atr=1.5|threshold=2|adx_max=none|adx_min=none|rsi2=none|trend=all|max_bars=24,short,17464,17465,17489,2025-08-01 13:45:00+00:00,2025-08-01 14:00:00+00:00,2025-08-01 20:00:00+00:00,6262.25,6268.0,-23.0,-26.0,-0.13,197.0,197.0,3.0,session_close,24,1,1.25,-32.5,250.0,246.25,2025-08-01,ES	reddit_orb_breakout	reddit_orb_breakout|ny|range=15|entry=150|rr=1|sl_atr=1|tp_atr=1.5|threshold=2|adx_max=none|adx_min=none|rsi2=none|trend=all|max_bars=24
futures,ES,reddit_orb_breakout,reddit_orb_breakout|ny|range=15|entry=150|rr=1|sl_atr=1|tp_atr=1.5|threshold=2|adx_max=none|adx_min=none|rsi2=none|trend=all|max_bars=24,short,17649,17650,17651,2025-08-05 14:00:00+00:00,2025-08-05 14:15:00+00:00,2025-08-05 14:30:00+00:00,6349.25,6330.0,77.0,74.0,0.925,77.0,77.0,3.0,tp,1,1,1.25,92.5,100.0,96.25,2025-08-05,ES	reddit_orb_breakout	reddit_orb_breakout|ny|range=15|entry=150|rr=1|sl_atr=1|tp_atr=1.5|threshold=2|adx_max=none|adx_min=none|rsi2=none|trend=all|max_bars=24
futures,ES,reddit_orb_breakout,reddit_orb_breakout|ny|range=15|entry=150|rr=1|sl_atr=1|tp_atr=1.5|threshold=2|adx_max=none|adx_min=none|rsi2=none|trend=all|max_bars=24,long,17741,17742,17742,2025-08-06 14:00:00+00:00,2025-08-06 14:15:00+00:00,2025-08-06 14:15:00+00:00,6339.25,6327.25,-48.0,-51.0,-1.0,48.0,48.0,3.0,sl,1,1,1.25,-63.75,63.75,60.0,2025-08-06,ES	reddit_orb_breakout	reddit_orb_breakout|ny|range=15|entry=150|rr=1|sl_atr=1|tp_atr=1.5|threshold=2|adx_max=none|adx_min=none|rsi2=none|trend=all|max_bars=24
futures,ES,reddit_orb_breakout,reddit_orb_breakout|ny|range=15|entry=150|rr=1|sl_atr=1|tp_atr=1.5|threshold=2|adx_max=none|adx_min=none|rsi2=none|trend=all|max_bars=24,short,17833,17834,17836,2025-08-07 14:00:00+00:00,2025-08-07 14:15:00+00:00,2025-08-07 14:45:00+00:00,6391.0,6367.5,94.0,91.0,0.9381443298969072,94.0,94.0,3.0,tp,2,1,1.25,113.75,121.25,117.5,2025-08-07,ES	reddit_orb_breakout	reddit_orb_breakout|ny|range=15|entry=150|rr=1|sl_atr=1|tp_atr=1.5|threshold=2|adx_max=none|adx_min=none|rsi2=none|trend=all|max_bars=24
futures,ES,reddit_orb_breakout,reddit_orb_breakout|ny|range=15|entry=150|rr=1|sl_atr=1|tp_atr=1.5|threshold=2|adx_max=none|adx_min=none|rsi2=none|trend=all|max_bars=24,long,17924,17925,17949,2025-08-08 13:45:00+00:00,2025-08-08 14:00:00+00:00,2025-08-08 20:00:00+00:00,6401.0,6425.25,97.0,94.0,1.0681818181818181,85.0,85.0,3.0,session_close,24,1,1.25,117.5,110.0,106.25,2025-08-08,ES	reddit_orb_breakout	reddit_orb_breakout|ny|range=15|entry=150|rr=1|sl_atr=1|tp_atr=1.5|threshold=2|adx_max=none|adx_min=none|rsi2=none|trend=all|max_bars=24
futures,ES,reddit_orb_breakout,reddit_orb_breakout|ny|range=15|entry=150|rr=1|sl_atr=1|tp_atr=1.5|threshold=2|adx_max=none|adx_min=none|rsi2=none|trend=all|max_bars=24,short,18020,18021,18024,2025-08-11 14:45:00+00:00,2025-08-11 15:00:00+00:00,2025-08-11 15:45:00+00:00,6409.25,6419.25,-40.0,-43.0,-1.0,40.0,40.0,3.0,sl,3,1,1.25,-53.75,53.75,50.0,2025-08-11,ES	reddit_orb_breakout	reddit_orb_breakout|ny|range=15|entry=150|rr=1|sl_atr=1|tp_atr=1.5|threshold=2|adx_max=none|adx_min=none|rsi2=none|trend=all|max_bars=24
futures,ES,reddit_orb_breakout,reddit_orb_breakout|ny|range=15|entry=150|rr=1|sl_atr=1|tp_atr=1.5|threshold=2|adx_max=none|adx_min=none|rsi2=none|trend=all|max_bars=24,short,18108,18109,18112,2025-08-12 13:45:00+00:00,2025-08-12 14:00:00+00:00,2025-08-12 14:45:00+00:00,6414.25,6439.75,-102.0,-105.0,-1.0,102.0,102.0,3.0,sl,3,1,1.25,-131.25,131.25,127.5,2025-08-12,ES	reddit_orb_breakout	reddit_orb_breakout|ny|range=15|entry=150|rr=1|sl_atr=1|tp_atr=1.5|threshold=2|adx_max=none|adx_min=none|rsi2=none|trend=all|max_bars=24
futures,ES,reddit_orb_breakout,reddit_orb_breakout|ny|range=15|entry=150|rr=1|sl_atr=1|tp_atr=1.5|threshold=2|adx_max=none|adx_min=none|rsi2=none|trend=all|max_bars=24,long,18200,18201,18202,2025-08-13 13:45:00+00:00,2025-08-13 14:00:00+00:00,2025-08-13 14:15:00+00:00,6496.75,6485.0,-47.0,-50.0,-1.0,47.0,47.0,3.0,sl,1,1,1.25,-62.5,62.5,58.75,2025-08-13,ES	reddit_orb_breakout	reddit_orb_breakout|ny|range=15|entry=150|rr=1|sl_atr=1|tp_atr=1.5|threshold=2|adx_max=none|adx_min=none|rsi2=none|trend=all|max_bars=24
futures,ES,reddit_orb_breakout,reddit_orb_breakout|ny|range=15|entry=150|rr=1|sl_atr=1|tp_atr=1.5|threshold=2|adx_max=none|adx_min=none|rsi2=none|trend=all|max_bars=24,long,18292,18293,18317,2025-08-14 13:45:00+00:00,2025-08-14 14:00:00+00:00,2025-08-14 20:00:00+00:00,6479.75,6481.5,7.0,4.0,0.056338028169014086,68.0,68.0,3.0,session_close,24,1,1.25,5.0,88.75,85.0,2025-08-14,ES	reddit_orb_breakout	reddit_orb_breakout|ny|range=15|entry=150|rr=1|sl_atr=1|tp_atr=1.5|threshold=2|adx_max=none|adx_min=none|rsi2=none|trend=all|max_bars=24
futures,ES,reddit_orb_breakout,reddit_orb_breakout|ny|range=15|entry=150|rr=1|sl_atr=1|tp_atr=1.5|threshold=2|adx_max=none|adx_min=none|rsi2=none|trend=all|max_bars=24,short,18384,18385,18409,2025-08-15 13:45:00+00:00,2025-08-15 14:00:00+00:00,2025-08-15 20:00:00+00:00,6477.0,6468.5,34.0,31.0,0.3563218390804598,84.0,84.0,3.0,session_close,24,1,1.25,38.75,108.75,105.0,2025-08-15,ES	reddit_orb_breakout	reddit_orb_breakout|ny|range=15|entry=150|rr=1|sl_atr=1|tp_atr=1.5|threshold=2|adx_max=none|adx_min=none|rsi2=none|trend=all|max_bars=24
futures,ES,reddit_orb_breakout,reddit_orb_breakout|ny|range=15|entry=150|rr=1|sl_atr=1|tp_atr=1.5|threshold=2|adx_max=none|adx_min=none|rsi2=none|trend=all|max_bars=24,short,18476,18477,18478,2025-08-18 13:45:00+00:00,2025-08-18 14:00:00+00:00,2025-08-18 14:15:00+00:00,6462.75,6471.75,-36.0,-39.0,-1.0,36.0,36.0,3.0,sl,1,1,1.25,-48.75,48.75,45.0,2025-08-18,ES	reddit_orb_breakout	reddit_orb_breakout|ny|range=15|entry=150|rr=1|sl_atr=1|tp_atr=1.5|threshold=2|adx_max=none|adx_min=none|rsi2=none|trend=all|max_bars=24
futures,ES,reddit_orb_breakout,reddit_orb_breakout|ny|range=15|entry=150|rr=1|sl_atr=1|tp_atr=1.5|threshold=2|adx_max=none|adx_min=none|rsi2=none|trend=all|max_bars=24,long,18569,18570,18571,2025-08-19 14:00:00+00:00,2025-08-19 14:15:00+00:00,2025-08-19 14:30:00+00:00,6472.5,6454.75,-71.0,-74.0,-1.0,71.0,71.0,3.0,sl,1,1,1.25,-92.5,92.5,88.75,2025-08-19,ES	reddit_orb_breakout	reddit_orb_breakout|ny|range=15|entry=150|rr=1|sl_atr=1|tp_atr=1.5|threshold=2|adx_max=none|adx_min=none|rsi2=none|trend=all|max_bars=24
futures,ES,reddit_orb_breakout,reddit_orb_breakout|ny|range=15|entry=150|rr=1|sl_atr=1|tp_atr=1.5|threshold=2|adx_max=none|adx_min=none|rsi2=none|trend=all|max_bars=24,short,18660,18661,18685,2025-08-20 13:45:00+00:00,2025-08-20 14:00:00+00:00,2025-08-20 20:00:00+00:00,6387.25,6413.25,-104.0,-107.0,-0.6045197740112994,174.0,174.0,3.0,session_close,24,1,1.25,-133.75,221.25,217.5,2025-08-20,ES	reddit_orb_breakout	reddit_orb_breakout|ny|range=15|entry=150|rr=1|sl_atr=1|tp_atr=1.5|threshold=2|adx_max=none|adx_min=none|rsi2=none|trend=all|max_bars=24
futures,ES,reddit_orb_breakout,reddit_orb_breakout|ny|range=15|entry=150|rr=1|sl_atr=1|tp_atr=1.5|threshold=2|adx_max=none|adx_min=none|rsi2=none|trend=all|max_bars=24,short,18752,18753,18753,2025-08-21 13:45:00+00:00,2025-08-21 14:00:00+00:00,2025-08-21 14:00:00+00:00,6383.75,6397.75,-56.0,-59.0,-1.0,56.0,56.0,3.0,sl,1,1,1.25,-73.75,73.75,70.0,2025-08-21,ES	reddit_orb_breakout	reddit_orb_breakout|ny|range=15|entry=150|rr=1|sl_atr=1|tp_atr=1.5|threshold=2|adx_max=none|adx_min=none|rsi2=none|trend=all|max_bars=24
futures,ES,reddit_orb_breakout,reddit_orb_breakout|ny|range=15|entry=150|rr=1|sl_atr=1|tp_atr=1.5|threshold=2|adx_max=none|adx_min=none|rsi2=none|trend=all|max_bars=24,long,18940,18941,18960,2025-08-25 14:45:00+00:00,2025-08-25 15:00:00+00:00,2025-08-25 19:45:00+00:00,6473.75,6463.75,-40.0,-43.0,-1.0,40.0,40.0,3.0,sl,19,1,1.25,-53.75,53.75,50.0,2025-08-25,ES	reddit_orb_breakout	reddit_orb_breakout|ny|range=15|entry=150|rr=1|sl_atr=1|tp_atr=1.5|threshold=2|adx_max=none|adx_min=none|rsi2=none|trend=all|max_bars=24
futures,ES,reddit_orb_breakout,reddit_orb_breakout|ny|range=15|entry=150|rr=1|sl_atr=1|tp_atr=1.5|threshold=2|adx_max=none|adx_min=none|rsi2=none|trend=all|max_bars=24,long,19030,19031,19050,2025-08-26 14:15:00+00:00,2025-08-26 14:30:00+00:00,2025-08-26 19:15:00+00:00,6459.5,6471.0,46.0,43.0,0.8775510204081632,46.0,46.0,3.0,tp,19,1,1.25,53.75,61.25,57.5,2025-08-26,ES	reddit_orb_breakout	reddit_orb_breakout|ny|range=15|entry=150|rr=1|sl_atr=1|tp_atr=1.5|threshold=2|adx_max=none|adx_min=none|rsi2=none|trend=all|max_bars=24
futures,ES,reddit_orb_breakout,reddit_orb_breakout|ny|range=15|entry=150|rr=1|sl_atr=1|tp_atr=1.5|threshold=2|adx_max=none|adx_min=none|rsi2=none|trend=all|max_bars=24,long,19121,19122,19137,2025-08-27 14:00:00+00:00,2025-08-27 14:15:00+00:00,2025-08-27 18:00:00+00:00,6487.0,6501.25,57.0,54.0,0.9,57.0,57.0,3.0,tp,15,1,1.25,67.5,75.0,71.25,2025-08-27,ES	reddit_orb_breakout	reddit_orb_breakout|ny|range=15|entry=150|rr=1|sl_atr=1|tp_atr=1.5|threshold=2|adx_max=none|adx_min=none|rsi2=none|trend=all|max_bars=24
futures,ES,reddit_orb_breakout,reddit_orb_breakout|ny|range=15|entry=150|rr=1|sl_atr=1|tp_atr=1.5|threshold=2|adx_max=none|adx_min=none|rsi2=none|trend=all|max_bars=24,short,19212,19213,19222,2025-08-28 13:45:00+00:00,2025-08-28 14:00:00+00:00,2025-08-28 16:15:00+00:00,6486.75,6508.5,-87.0,-90.0,-1.0,87.0,87.0,3.0,sl,9,1,1.25,-112.5,112.5,108.75,2025-08-28,ES	reddit_orb_breakout	reddit_orb_breakout|ny|range=15|entry=150|rr=1|sl_atr=1|tp_atr=1.5|threshold=2|adx_max=none|adx_min=none|rsi2=none|trend=all|max_bars=24
futures,ES,reddit_orb_breakout,reddit_orb_breakout|ny|range=15|entry=150|rr=1|sl_atr=1|tp_atr=1.5|threshold=2|adx_max=none|adx_min=none|rsi2=none|trend=all|max_bars=24,short,19304,19305,19308,2025-08-29 13:45:00+00:00,2025-08-29 14:00:00+00:00,2025-08-29 14:45:00+00:00,6479.75,6456.75,92.0,89.0,0.9368421052631579,92.0,92.0,3.0,tp,3,1,1.25,111.25,118.75,115.0,2025-08-29,ES	reddit_orb_breakout	reddit_orb_breakout|ny|range=15|entry=150|rr=1|sl_atr=1|tp_atr=1.5|threshold=2|adx_max=none|adx_min=none|rsi2=none|trend=all|max_bars=24
futures,ES,reddit_orb_breakout,reddit_orb_breakout|ny|range=15|entry=150|rr=1|sl_atr=1|tp_atr=1.5|threshold=2|adx_max=none|adx_min=none|rsi2=none|trend=all|max_bars=24,long,19396,19397,19409,2025-09-01 13:45:00+00:00,2025-09-01 14:00:00+00:00,2025-09-01 22:00:00+00:00,6478.0,6480.25,9.0,6.0,0.13636363636363635,41.0,41.0,3.0,session_close,12,1,1.25,7.5,55.0,51.25,2025-09-01,ES	reddit_orb_breakout	reddit_orb_breakout|ny|range=15|entry=150|rr=1|sl_atr=1|tp_atr=1.5|threshold=2|adx_max=none|adx_min=none|rsi2=none|trend=all|max_bars=24
futures,ES,reddit_orb_breakout,reddit_orb_breakout|ny|range=15|entry=150|rr=1|sl_atr=1|tp_atr=1.5|threshold=2|adx_max=none|adx_min=none|rsi2=none|trend=all|max_bars=24,long,19472,19473,19479,2025-09-02 13:45:00+00:00,2025-09-02 14:00:00+00:00,2025-09-02 15:30:00+00:00,6414.0,6383.25,-123.0,-126.0,-1.0,123.0,123.0,3.0,sl,6,1,1.25,-157.5,157.5,153.75,2025-09-02,ES	reddit_orb_breakout	reddit_orb_breakout|ny|range=15|entry=150|rr=1|sl_atr=1|tp_atr=1.5|threshold=2|adx_max=none|adx_min=none|rsi2=none|trend=all|max_bars=24
futures,ES,reddit_orb_breakout,reddit_orb_breakout|ny|range=15|entry=150|rr=1|sl_atr=1|tp_atr=1.5|threshold=2|adx_max=none|adx_min=none|rsi2=none|trend=all|max_bars=24,short,19564,19565,19567,2025-09-03 13:45:00+00:00,2025-09-03 14:00:00+00:00,2025-09-03 14:30:00+00:00,6441.75,6454.5,-51.0,-54.0,-1.0,51.0,51.0,3.0,sl,2,1,1.25,-67.5,67.5,63.75,2025-09-03,ES	reddit_orb_breakout	reddit_orb_breakout|ny|range=15|entry=150|rr=1|sl_atr=1|tp_atr=1.5|threshold=2|adx_max=none|adx_min=none|rsi2=none|trend=all|max_bars=24
futures,ES,reddit_orb_breakout,reddit_orb_breakout|ny|range=15|entry=150|rr=1|sl_atr=1|tp_atr=1.5|threshold=2|adx_max=none|adx_min=none|rsi2=none|trend=all|max_bars=24,short,19657,19658,19659,2025-09-04 14:00:00+00:00,2025-09-04 14:15:00+00:00,2025-09-04 14:30:00+00:00,6460.25,6474.75,-58.0,-61.0,-1.0,58.0,58.0,3.0,sl,1,1,1.25,-76.25,76.25,72.5,2025-09-04,ES	reddit_orb_breakout	reddit_orb_breakout|ny|range=15|entry=150|rr=1|sl_atr=1|tp_atr=1.5|threshold=2|adx_max=none|adx_min=none|rsi2=none|trend=all|max_bars=24
futures,ES,reddit_orb_breakout,reddit_orb_breakout|ny|range=15|entry=150|rr=1|sl_atr=1|tp_atr=1.5|threshold=2|adx_max=none|adx_min=none|rsi2=none|trend=all|max_bars=24,short,19748,19749,19749,2025-09-05 13:45:00+00:00,2025-09-05 14:00:00+00:00,2025-09-05 14:00:00+00:00,6530.0,6518.75,45.0,42.0,0.875,45.0,45.0,3.0,tp,1,1,1.25,52.5,60.0,56.25,2025-09-05,ES	reddit_orb_breakout	reddit_orb_breakout|ny|range=15|entry=150|rr=1|sl_atr=1|tp_atr=1.5|threshold=2|adx_max=none|adx_min=none|rsi2=none|trend=all|max_bars=24
futures,ES,reddit_orb_breakout,reddit_orb_breakout|ny|range=15|entry=150|rr=1|sl_atr=1|tp_atr=1.5|threshold=2|adx_max=none|adx_min=none|rsi2=none|trend=all|max_bars=24,long,19843,19844,19851,2025-09-08 14:30:00+00:00,2025-09-08 14:45:00+00:00,2025-09-08 16:30:00+00:00,6510.75,6498.5,-49.0,-52.0,-1.0,49.0,49.0,3.0,sl,7,1,1.25,-65.0,65.0,61.25,2025-09-08,ES	reddit_orb_breakout	reddit_orb_breakout|ny|range=15|entry=150|rr=1|sl_atr=1|tp_atr=1.5|threshold=2|adx_max=none|adx_min=none|rsi2=none|trend=all|max_bars=24
futures,ES,reddit_orb_breakout,reddit_orb_breakout|ny|range=15|entry=150|rr=1|sl_atr=1|tp_atr=1.5|threshold=2|adx_max=none|adx_min=none|rsi2=none|trend=all|max_bars=24,short,19934,19935,19935,2025-09-09 14:15:00+00:00,2025-09-09 14:30:00+00:00,2025-09-09 14:30:00+00:00,6504.75,6496.75,32.0,29.0,0.8285714285714286,32.0,32.0,3.0,tp,1,1,1.25,36.25,43.75,40.0,2025-09-09,ES	reddit_orb_breakout	reddit_orb_breakout|ny|range=15|entry=150|rr=1|sl_atr=1|tp_atr=1.5|threshold=2|adx_max=none|adx_min=none|rsi2=none|trend=all|max_bars=24
futures,ES,reddit_orb_breakout,reddit_orb_breakout|ny|range=15|entry=150|rr=1|sl_atr=1|tp_atr=1.5|threshold=2|adx_max=none|adx_min=none|rsi2=none|trend=all|max_bars=24,long,20025,20026,20030,2025-09-10 14:00:00+00:00,2025-09-10 14:15:00+00:00,2025-09-10 15:15:00+00:00,6560.5,6543.75,-67.0,-70.0,-1.0,67.0,67.0,3.0,sl,4,1,1.25,-87.5,87.5,83.75,2025-09-10,ES	reddit_orb_breakout	reddit_orb_breakout|ny|range=15|entry=150|rr=1|sl_atr=1|tp_atr=1.5|threshold=2|adx_max=none|adx_min=none|rsi2=none|trend=all|max_bars=24
futures,ES,reddit_orb_breakout,reddit_orb_breakout|ny|range=15|entry=150|rr=1|sl_atr=1|tp_atr=1.5|threshold=2|adx_max=none|adx_min=none|rsi2=none|trend=all|max_bars=24,long,20116,20117,20122,2025-09-11 13:45:00+00:00,2025-09-11 14:00:00+00:00,2025-09-11 15:15:00+00:00,6572.0,6591.0,76.0,73.0,0.9240506329113924,76.0,76.0,3.0,tp,5,1,1.25,91.25,98.75,95.0,2025-09-11,ES	reddit_orb_breakout	reddit_orb_breakout|ny|range=15|entry=150|rr=1|sl_atr=1|tp_atr=1.5|threshold=2|adx_max=none|adx_min=none|rsi2=none|trend=all|max_bars=24
futures,ES,reddit_orb_breakout,reddit_orb_breakout|ny|range=15|entry=150|rr=1|sl_atr=1|tp_atr=1.5|threshold=2|adx_max=none|adx_min=none|rsi2=none|trend=all|max_bars=24,long,20208,20209,20227,2025-09-12 13:45:00+00:00,2025-09-12 14:00:00+00:00,2025-09-12 18:30:00+00:00,6593.5,6602.0,34.0,31.0,0.8378378378378378,34.0,34.0,3.0,tp,18,1,1.25,38.75,46.25,42.5,2025-09-12,ES	reddit_orb_breakout	reddit_orb_breakout|ny|range=15|entry=150|rr=1|sl_atr=1|tp_atr=1.5|threshold=2|adx_max=none|adx_min=none|rsi2=none|trend=all|max_bars=24
futures,ES,reddit_orb_breakout,reddit_orb_breakout|ny|range=15|entry=150|rr=1|sl_atr=1|tp_atr=1.5|threshold=2|adx_max=none|adx_min=none|rsi2=none|trend=all|max_bars=24,long,20300,20301,20314,2025-09-15 13:45:00+00:00,2025-09-15 14:00:00+00:00,2025-09-15 17:15:00+00:00,6619.25,6607.75,-46.0,-49.0,-1.0,46.0,46.0,3.0,sl,13,1,1.25,-61.25,61.25,57.5,2025-09-15,ES	reddit_orb_breakout	reddit_orb_breakout|ny|range=15|entry=150|rr=1|sl_atr=1|tp_atr=1.5|threshold=2|adx_max=none|adx_min=none|rsi2=none|trend=all|max_bars=24
futures,ES,reddit_orb_breakout,reddit_orb_breakout|ny|range=15|entry=150|rr=1|sl_atr=1|tp_atr=1.5|threshold=2|adx_max=none|adx_min=none|rsi2=none|trend=all|max_bars=24,short,20392,20393,20417,2025-09-16 13:45:00+00:00,2025-09-16 14:00:00+00:00,2025-09-16 20:00:00+00:00,6615.0,6614.25,3.0,0.0,0.0,61.0,61.0,3.0,session_close,24,1,1.25,0.0,80.0,76.25,2025-09-16,ES	reddit_orb_breakout	reddit_orb_breakout|ny|range=15|entry=150|rr=1|sl_atr=1|tp_atr=1.5|threshold=2|adx_max=none|adx_min=none|rsi2=none|trend=all|max_bars=24
futures,ES,reddit_orb_breakout,reddit_orb_breakout|ny|range=15|entry=150|rr=1|sl_atr=1|tp_atr=1.5|threshold=2|adx_max=none|adx_min=none|rsi2=none|trend=all|max_bars=24,short,20485,20486,20495,2025-09-17 14:00:00+00:00,2025-09-17 14:15:00+00:00,2025-09-17 16:30:00+00:00,6663.5,6652.75,43.0,40.0,0.8695652173913043,43.0,43.0,3.0,tp,9,1,1.25,50.0,57.5,53.75,2025-09-17,ES	reddit_orb_breakout	reddit_orb_breakout|ny|range=15|entry=150|rr=1|sl_atr=1|tp_atr=1.5|threshold=2|adx_max=none|adx_min=none|rsi2=none|trend=all|max_bars=24
futures,ES,reddit_orb_breakout,reddit_orb_breakout|ny|range=15|entry=150|rr=1|sl_atr=1|tp_atr=1.5|threshold=2|adx_max=none|adx_min=none|rsi2=none|trend=all|max_bars=24,long,20577,20578,20601,2025-09-18 14:00:00+00:00,2025-09-18 14:15:00+00:00,2025-09-18 20:00:00+00:00,6704.75,6692.5,-49.0,-52.0,-0.4297520661157025,118.0,118.0,3.0,session_close,23,1,1.25,-65.0,151.25,147.5,2025-09-18,ES	reddit_orb_breakout	reddit_orb_breakout|ny|range=15|entry=150|rr=1|sl_atr=1|tp_atr=1.5|threshold=2|adx_max=none|adx_min=none|rsi2=none|trend=all|max_bars=24
futures,ES,reddit_orb_breakout,reddit_orb_breakout|ny|range=15|entry=150|rr=1|sl_atr=1|tp_atr=1.5|threshold=2|adx_max=none|adx_min=none|rsi2=none|trend=all|max_bars=24,short,20673,20674,20677,2025-09-19 15:00:00+00:00,2025-09-19 15:15:00+00:00,2025-09-19 16:00:00+00:00,6694.0,6707.5,-54.0,-57.0,-1.0,54.0,54.0,3.0,sl,3,1,1.25,-71.25,71.25,67.5,2025-09-19,ES	reddit_orb_breakout	reddit_orb_breakout|ny|range=15|entry=150|rr=1|sl_atr=1|tp_atr=1.5|threshold=2|adx_max=none|adx_min=none|rsi2=none|trend=all|max_bars=24
futures,ES,reddit_orb_breakout,reddit_orb_breakout|ny|range=15|entry=150|rr=1|sl_atr=1|tp_atr=1.5|threshold=2|adx_max=none|adx_min=none|rsi2=none|trend=all|max_bars=24,long,20760,20761,20764,2025-09-22 13:45:00+00:00,2025-09-22 14:00:00+00:00,2025-09-22 14:45:00+00:00,6718.0,6730.25,49.0,46.0,0.8846153846153846,49.0,49.0,3.0,tp,3,1,1.25,57.5,65.0,61.25,2025-09-22,ES	reddit_orb_breakout	reddit_orb_breakout|ny|range=15|entry=150|rr=1|sl_atr=1|tp_atr=1.5|threshold=2|adx_max=none|adx_min=none|rsi2=none|trend=all|max_bars=24
futures,ES,reddit_orb_breakout,reddit_orb_breakout|ny|range=15|entry=150|rr=1|sl_atr=1|tp_atr=1.5|threshold=2|adx_max=none|adx_min=none|rsi2=none|trend=all|max_bars=24,short,20855,20856,20860,2025-09-23 14:30:00+00:00,2025-09-23 14:45:00+00:00,2025-09-23 15:45:00+00:00,6746.5,6737.25,37.0,34.0,0.85,37.0,37.0,3.0,tp,4,1,1.25,42.5,50.0,46.25,2025-09-23,ES	reddit_orb_breakout	reddit_orb_breakout|ny|range=15|entry=150|rr=1|sl_atr=1|tp_atr=1.5|threshold=2|adx_max=none|adx_min=none|rsi2=none|trend=all|max_bars=24
futures,ES,reddit_orb_breakout,reddit_orb_breakout|ny|range=15|entry=150|rr=1|sl_atr=1|tp_atr=1.5|threshold=2|adx_max=none|adx_min=none|rsi2=none|trend=all|max_bars=24,short,20944,20945,20952,2025-09-24 13:45:00+00:00,2025-09-24 14:00:00+00:00,2025-09-24 15:45:00+00:00,6712.5,6696.5,64.0,61.0,0.9104477611940298,64.0,64.0,3.0,tp,7,1,1.25,76.25,83.75,80.0,2025-09-24,ES	reddit_orb_breakout	reddit_orb_breakout|ny|range=15|entry=150|rr=1|sl_atr=1|tp_atr=1.5|threshold=2|adx_max=none|adx_min=none|rsi2=none|trend=all|max_bars=24
futures,ES,reddit_orb_breakout,reddit_orb_breakout|ny|range=15|entry=150|rr=1|sl_atr=1|tp_atr=1.5|threshold=2|adx_max=none|adx_min=none|rsi2=none|trend=all|max_bars=24,long,21222,21223,21225,2025-09-29 14:15:00+00:00,2025-09-29 14:30:00+00:00,2025-09-29 15:00:00+00:00,6726.25,6715.75,-42.0,-45.0,-1.0,42.0,42.0,3.0,sl,2,1,1.25,-56.25,56.25,52.5,2025-09-29,ES	reddit_orb_breakout	reddit_orb_breakout|ny|range=15|entry=150|rr=1|sl_atr=1|tp_atr=1.5|threshold=2|adx_max=none|adx_min=none|rsi2=none|trend=all|max_bars=24
futures,ES,reddit_orb_breakout,reddit_orb_breakout|ny|range=15|entry=150|rr=1|sl_atr=1|tp_atr=1.5|threshold=2|adx_max=none|adx_min=none|rsi2=none|trend=all|max_bars=24,long,21316,21317,21318,2025-09-30 14:45:00+00:00,2025-09-30 15:00:00+00:00,2025-09-30 15:15:00+00:00,6709.5,6699.5,-40.0,-43.0,-1.0,40.0,40.0,3.0,sl,1,1,1.25,-53.75,53.75,50.0,2025-09-30,ES	reddit_orb_breakout	reddit_orb_breakout|ny|range=15|entry=150|rr=1|sl_atr=1|tp_atr=1.5|threshold=2|adx_max=none|adx_min=none|rsi2=none|trend=all|max_bars=24
futures,ES,reddit_orb_breakout,reddit_orb_breakout|ny|range=15|entry=150|rr=1|sl_atr=1|tp_atr=1.5|threshold=2|adx_max=none|adx_min=none|rsi2=none|trend=all|max_bars=24,long,21406,21407,21418,2025-10-01 14:15:00+00:00,2025-10-01 14:30:00+00:00,2025-10-01 17:15:00+00:00,6730.5,6754.75,97.0,94.0,0.94,97.0,97.0,3.0,tp,11,1,1.25,117.5,125.0,121.25,2025-10-01,ES	reddit_orb_breakout	reddit_orb_breakout|ny|range=15|entry=150|rr=1|sl_atr=1|tp_atr=1.5|threshold=2|adx_max=none|adx_min=none|rsi2=none|trend=all|max_bars=24
futures,ES,reddit_orb_breakout,reddit_orb_breakout|ny|range=15|entry=150|rr=1|sl_atr=1|tp_atr=1.5|threshold=2|adx_max=none|adx_min=none|rsi2=none|trend=all|max_bars=24,long,21590,21591,21604,2025-10-03 14:15:00+00:00,2025-10-03 14:30:00+00:00,2025-10-03 17:45:00+00:00,6786.5,6771.5,-60.0,-63.0,-1.0,60.0,60.0,3.0,sl,13,1,1.25,-78.75,78.75,75.0,2025-10-03,ES	reddit_orb_breakout	reddit_orb_breakout|ny|range=15|entry=150|rr=1|sl_atr=1|tp_atr=1.5|threshold=2|adx_max=none|adx_min=none|rsi2=none|trend=all|max_bars=24
futures,ES,reddit_orb_breakout,reddit_orb_breakout|ny|range=15|entry=150|rr=1|sl_atr=1|tp_atr=1.5|threshold=2|adx_max=none|adx_min=none|rsi2=none|trend=all|max_bars=24,short,21680,21681,21688,2025-10-06 13:45:00+00:00,2025-10-06 14:00:00+00:00,2025-10-06 15:45:00+00:00,6772.25,6788.75,-66.0,-69.0,-1.0,66.0,66.0,3.0,sl,7,1,1.25,-86.25,86.25,82.5,2025-10-06,ES	reddit_orb_breakout	reddit_orb_breakout|ny|range=15|entry=150|rr=1|sl_atr=1|tp_atr=1.5|threshold=2|adx_max=none|adx_min=none|rsi2=none|trend=all|max_bars=24
futures,ES,reddit_orb_breakout,reddit_orb_breakout|ny|range=15|entry=150|rr=1|sl_atr=1|tp_atr=1.5|threshold=2|adx_max=none|adx_min=none|rsi2=none|trend=all|max_bars=24,short,21773,21774,21775,2025-10-07 14:00:00+00:00,2025-10-07 14:15:00+00:00,2025-10-07 14:30:00+00:00,6791.25,6780.75,42.0,39.0,0.8666666666666667,42.0,42.0,3.0,tp,1,1,1.25,48.75,56.25,52.5,2025-10-07,ES	reddit_orb_breakout	reddit_orb_breakout|ny|range=15|entry=150|rr=1|sl_atr=1|tp_atr=1.5|threshold=2|adx_max=none|adx_min=none|rsi2=none|trend=all|max_bars=24
futures,ES,reddit_orb_breakout,reddit_orb_breakout|ny|range=15|entry=150|rr=1|sl_atr=1|tp_atr=1.5|threshold=2|adx_max=none|adx_min=none|rsi2=none|trend=all|max_bars=24,long,21865,21866,21889,2025-10-08 14:00:00+00:00,2025-10-08 14:15:00+00:00,2025-10-08 20:00:00+00:00,6788.75,6803.25,58.0,55.0,0.55,97.0,97.0,3.0,session_close,23,1,1.25,68.75,125.0,121.25,2025-10-08,ES	reddit_orb_breakout	reddit_orb_breakout|ny|range=15|entry=150|rr=1|sl_atr=1|tp_atr=1.5|threshold=2|adx_max=none|adx_min=none|rsi2=none|trend=all|max_bars=24
futures,ES,reddit_orb_breakout,reddit_orb_breakout|ny|range=15|entry=150|rr=1|sl_atr=1|tp_atr=1.5|threshold=2|adx_max=none|adx_min=none|rsi2=none|trend=all|max_bars=24,short,21956,21957,21968,2025-10-09 13:45:00+00:00,2025-10-09 14:00:00+00:00,2025-10-09 16:45:00+00:00,6788.75,6768.0,83.0,80.0,0.9302325581395349,83.0,83.0,3.0,tp,11,1,1.25,100.0,107.5,103.75,2025-10-09,ES	reddit_orb_breakout	reddit_orb_breakout|ny|range=15|entry=150|rr=1|sl_atr=1|tp_atr=1.5|threshold=2|adx_max=none|adx_min=none|rsi2=none|trend=all|max_bars=24
futures,ES,reddit_orb_breakout,reddit_orb_breakout|ny|range=15|entry=150|rr=1|sl_atr=1|tp_atr=1.5|threshold=2|adx_max=none|adx_min=none|rsi2=none|trend=all|max_bars=24,long,22140,22141,22145,2025-10-13 13:45:00+00:00,2025-10-13 14:00:00+00:00,2025-10-13 15:00:00+00:00,6693.25,6661.75,-126.0,-129.0,-1.0,126.0,126.0,3.0,sl,4,1,1.25,-161.25,161.25,157.5,2025-10-13,ES	reddit_orb_breakout	reddit_orb_breakout|ny|range=15|entry=150|rr=1|sl_atr=1|tp_atr=1.5|threshold=2|adx_max=none|adx_min=none|rsi2=none|trend=all|max_bars=24
futures,ES,reddit_orb_breakout,reddit_orb_breakout|ny|range=15|entry=150|rr=1|sl_atr=1|tp_atr=1.5|threshold=2|adx_max=none|adx_min=none|rsi2=none|trend=all|max_bars=24,long,22233,22234,22242,2025-10-14 14:00:00+00:00,2025-10-14 14:15:00+00:00,2025-10-14 16:15:00+00:00,6644.75,6694.75,200.0,197.0,0.9704433497536946,200.0,200.0,3.0,tp,8,1,1.25,246.25,253.75,250.0,2025-10-14,ES	reddit_orb_breakout	reddit_orb_breakout|ny|range=15|entry=150|rr=1|sl_atr=1|tp_atr=1.5|threshold=2|adx_max=none|adx_min=none|rsi2=none|trend=all|max_bars=24
futures,ES,reddit_orb_breakout,reddit_orb_breakout|ny|range=15|entry=150|rr=1|sl_atr=1|tp_atr=1.5|threshold=2|adx_max=none|adx_min=none|rsi2=none|trend=all|max_bars=24,long,22324,22325,22331,2025-10-15 13:45:00+00:00,2025-10-15 14:00:00+00:00,2025-10-15 15:30:00+00:00,6747.0,6726.0,-84.0,-87.0,-1.0,84.0,84.0,3.0,sl,6,1,1.25,-108.75,108.75,105.0,2025-10-15,ES	reddit_orb_breakout	reddit_orb_breakout|ny|range=15|entry=150|rr=1|sl_atr=1|tp_atr=1.5|threshold=2|adx_max=none|adx_min=none|rsi2=none|trend=all|max_bars=24
futures,ES,reddit_orb_breakout,reddit_orb_breakout|ny|range=15|entry=150|rr=1|sl_atr=1|tp_atr=1.5|threshold=2|adx_max=none|adx_min=none|rsi2=none|trend=all|max_bars=24,short,22417,22418,22418,2025-10-16 14:00:00+00:00,2025-10-16 14:15:00+00:00,2025-10-16 14:15:00+00:00,6721.25,6738.5,-69.0,-72.0,-1.0,69.0,69.0,3.0,sl,1,1,1.25,-90.0,90.0,86.25,2025-10-16,ES	reddit_orb_breakout	reddit_orb_breakout|ny|range=15|entry=150|rr=1|sl_atr=1|tp_atr=1.5|threshold=2|adx_max=none|adx_min=none|rsi2=none|trend=all|max_bars=24
futures,ES,reddit_orb_breakout,reddit_orb_breakout|ny|range=15|entry=150|rr=1|sl_atr=1|tp_atr=1.5|threshold=2|adx_max=none|adx_min=none|rsi2=none|trend=all|max_bars=24,long,22509,22510,22515,2025-10-17 14:00:00+00:00,2025-10-17 14:15:00+00:00,2025-10-17 15:30:00+00:00,6691.25,6641.5,-199.0,-202.0,-1.0,199.0,199.0,3.0,sl,5,1,1.25,-252.5,252.5,248.75,2025-10-17,ES	reddit_orb_breakout	reddit_orb_breakout|ny|range=15|entry=150|rr=1|sl_atr=1|tp_atr=1.5|threshold=2|adx_max=none|adx_min=none|rsi2=none|trend=all|max_bars=24
futures,ES,reddit_orb_breakout,reddit_orb_breakout|ny|range=15|entry=150|rr=1|sl_atr=1|tp_atr=1.5|threshold=2|adx_max=none|adx_min=none|rsi2=none|trend=all|max_bars=24,long,22601,22602,22614,2025-10-20 14:00:00+00:00,2025-10-20 14:15:00+00:00,2025-10-20 17:15:00+00:00,6756.25,6779.5,93.0,90.0,0.9375,93.0,93.0,3.0,tp,12,1,1.25,112.5,120.0,116.25,2025-10-20,ES	reddit_orb_breakout	reddit_orb_breakout|ny|range=15|entry=150|rr=1|sl_atr=1|tp_atr=1.5|threshold=2|adx_max=none|adx_min=none|rsi2=none|trend=all|max_bars=24
futures,ES,reddit_orb_breakout,reddit_orb_breakout|ny|range=15|entry=150|rr=1|sl_atr=1|tp_atr=1.5|threshold=2|adx_max=none|adx_min=none|rsi2=none|trend=all|max_bars=24,short,22692,22693,22694,2025-10-21 13:45:00+00:00,2025-10-21 14:00:00+00:00,2025-10-21 14:15:00+00:00,6765.25,6777.5,-49.0,-52.0,-1.0,49.0,49.0,3.0,sl,1,1,1.25,-65.0,65.0,61.25,2025-10-21,ES	reddit_orb_breakout	reddit_orb_breakout|ny|range=15|entry=150|rr=1|sl_atr=1|tp_atr=1.5|threshold=2|adx_max=none|adx_min=none|rsi2=none|trend=all|max_bars=24
futures,ES,reddit_orb_breakout,reddit_orb_breakout|ny|range=15|entry=150|rr=1|sl_atr=1|tp_atr=1.5|threshold=2|adx_max=none|adx_min=none|rsi2=none|trend=all|max_bars=24,short,22786,22787,22795,2025-10-22 14:15:00+00:00,2025-10-22 14:30:00+00:00,2025-10-22 16:30:00+00:00,6753.25,6727.25,104.0,101.0,0.9439252336448598,104.0,104.0,3.0,tp,8,1,1.25,126.25,133.75,130.0,2025-10-22,ES	reddit_orb_breakout	reddit_orb_breakout|ny|range=15|entry=150|rr=1|sl_atr=1|tp_atr=1.5|threshold=2|adx_max=none|adx_min=none|rsi2=none|trend=all|max_bars=24
futures,ES,reddit_orb_breakout,reddit_orb_breakout|ny|range=15|entry=150|rr=1|sl_atr=1|tp_atr=1.5|threshold=2|adx_max=none|adx_min=none|rsi2=none|trend=all|max_bars=24,long,22876,22877,22891,2025-10-23 13:45:00+00:00,2025-10-23 14:00:00+00:00,2025-10-23 17:30:00+00:00,6758.25,6780.5,89.0,86.0,0.9347826086956522,89.0,89.0,3.0,tp,14,1,1.25,107.5,115.0,111.25,2025-10-23,ES	reddit_orb_breakout	reddit_orb_breakout|ny|range=15|entry=150|rr=1|sl_atr=1|tp_atr=1.5|threshold=2|adx_max=none|adx_min=none|rsi2=none|trend=all|max_bars=24
futures,ES,reddit_orb_breakout,reddit_orb_breakout|ny|range=15|entry=150|rr=1|sl_atr=1|tp_atr=1.5|threshold=2|adx_max=none|adx_min=none|rsi2=none|trend=all|max_bars=24,long,22969,22970,22993,2025-10-24 14:00:00+00:00,2025-10-24 14:15:00+00:00,2025-10-24 20:00:00+00:00,6834.5,6825.5,-36.0,-39.0,-0.42857142857142855,88.0,88.0,3.0,session_close,23,1,1.25,-48.75,113.75,110.0,2025-10-24,ES	reddit_orb_breakout	reddit_orb_breakout|ny|range=15|entry=150|rr=1|sl_atr=1|tp_atr=1.5|threshold=2|adx_max=none|adx_min=none|rsi2=none|trend=all|max_bars=24
futures,ES,reddit_orb_breakout,reddit_orb_breakout|ny|range=15|entry=150|rr=1|sl_atr=1|tp_atr=1.5|threshold=2|adx_max=none|adx_min=none|rsi2=none|trend=all|max_bars=24,long,23061,23062,23083,2025-10-27 14:00:00+00:00,2025-10-27 14:15:00+00:00,2025-10-27 19:30:00+00:00,6888.5,6900.0,46.0,43.0,0.8775510204081632,46.0,46.0,3.0,tp,21,1,1.25,53.75,61.25,57.5,2025-10-27,ES	reddit_orb_breakout	reddit_orb_breakout|ny|range=15|entry=150|rr=1|sl_atr=1|tp_atr=1.5|threshold=2|adx_max=none|adx_min=none|rsi2=none|trend=all|max_bars=24
futures,ES,reddit_orb_breakout,reddit_orb_breakout|ny|range=15|entry=150|rr=1|sl_atr=1|tp_atr=1.5|threshold=2|adx_max=none|adx_min=none|rsi2=none|trend=all|max_bars=24,short,23152,23153,23163,2025-10-28 13:45:00+00:00,2025-10-28 14:00:00+00:00,2025-10-28 16:30:00+00:00,6911.5,6927.25,-63.0,-66.0,-1.0,63.0,63.0,3.0,sl,10,1,1.25,-82.5,82.5,78.75,2025-10-28,ES	reddit_orb_breakout	reddit_orb_breakout|ny|range=15|entry=150|rr=1|sl_atr=1|tp_atr=1.5|threshold=2|adx_max=none|adx_min=none|rsi2=none|trend=all|max_bars=24
futures,ES,reddit_orb_breakout,reddit_orb_breakout|ny|range=15|entry=150|rr=1|sl_atr=1|tp_atr=1.5|threshold=2|adx_max=none|adx_min=none|rsi2=none|trend=all|max_bars=24,long,23244,23245,23248,2025-10-29 13:45:00+00:00,2025-10-29 14:00:00+00:00,2025-10-29 14:45:00+00:00,6950.75,6936.25,-58.0,-61.0,-1.0,58.0,58.0,3.0,sl,3,1,1.25,-76.25,76.25,72.5,2025-10-29,ES	reddit_orb_breakout	reddit_orb_breakout|ny|range=15|entry=150|rr=1|sl_atr=1|tp_atr=1.5|threshold=2|adx_max=none|adx_min=none|rsi2=none|trend=all|max_bars=24
futures,ES,reddit_orb_breakout,reddit_orb_breakout|ny|range=15|entry=150|rr=1|sl_atr=1|tp_atr=1.5|threshold=2|adx_max=none|adx_min=none|rsi2=none|trend=all|max_bars=24,long,23336,23337,23358,2025-10-30 13:45:00+00:00,2025-10-30 14:00:00+00:00,2025-10-30 19:15:00+00:00,6904.0,6867.75,-145.0,-148.0,-1.0,145.0,145.0,3.0,sl,21,1,1.25,-185.0,185.0,181.25,2025-10-30,ES	reddit_orb_breakout	reddit_orb_breakout|ny|range=15|entry=150|rr=1|sl_atr=1|tp_atr=1.5|threshold=2|adx_max=none|adx_min=none|rsi2=none|trend=all|max_bars=24
futures,ES,reddit_orb_breakout,reddit_orb_breakout|ny|range=15|entry=150|rr=1|sl_atr=1|tp_atr=1.5|threshold=2|adx_max=none|adx_min=none|rsi2=none|trend=all|max_bars=24,short,23429,23430,23440,2025-10-31 14:00:00+00:00,2025-10-31 14:15:00+00:00,2025-10-31 16:45:00+00:00,6879.25,6856.0,93.0,90.0,0.9375,93.0,93.0,3.0,tp,10,1,1.25,112.5,120.0,116.25,2025-10-31,ES	reddit_orb_breakout	reddit_orb_breakout|ny|range=15|entry=150|rr=1|sl_atr=1|tp_atr=1.5|threshold=2|adx_max=none|adx_min=none|rsi2=none|trend=all|max_bars=24
futures,ES,reddit_orb_breakout,reddit_orb_breakout|ny|range=15|entry=150|rr=1|sl_atr=1|tp_atr=1.5|threshold=2|adx_max=none|adx_min=none|rsi2=none|trend=all|max_bars=24,long,23612,23613,23631,2025-11-04 14:45:00+00:00,2025-11-04 15:00:00+00:00,2025-11-04 19:30:00+00:00,6836.25,6795.75,-162.0,-165.0,-1.0,162.0,162.0,3.0,sl,18,1,1.25,-206.25,206.25,202.5,2025-11-04,ES	reddit_orb_breakout	reddit_orb_breakout|ny|range=15|entry=150|rr=1|sl_atr=1|tp_atr=1.5|threshold=2|adx_max=none|adx_min=none|rsi2=none|trend=all|max_bars=24
futures,ES,reddit_orb_breakout,reddit_orb_breakout|ny|range=15|entry=150|rr=1|sl_atr=1|tp_atr=1.5|threshold=2|adx_max=none|adx_min=none|rsi2=none|trend=all|max_bars=24,long,23704,23705,23715,2025-11-05 14:45:00+00:00,2025-11-05 15:00:00+00:00,2025-11-05 17:30:00+00:00,6821.75,6853.75,128.0,125.0,0.9541984732824428,128.0,128.0,3.0,tp,10,1,1.25,156.25,163.75,160.0,2025-11-05,ES	reddit_orb_breakout	reddit_orb_breakout|ny|range=15|entry=150|rr=1|sl_atr=1|tp_atr=1.5|threshold=2|adx_max=none|adx_min=none|rsi2=none|trend=all|max_bars=24
futures,ES,reddit_orb_breakout,reddit_orb_breakout|ny|range=15|entry=150|rr=1|sl_atr=1|tp_atr=1.5|threshold=2|adx_max=none|adx_min=none|rsi2=none|trend=all|max_bars=24,short,23796,23797,23800,2025-11-06 14:45:00+00:00,2025-11-06 15:00:00+00:00,2025-11-06 15:45:00+00:00,6788.5,6755.5,132.0,129.0,0.9555555555555556,132.0,132.0,3.0,tp,3,1,1.25,161.25,168.75,165.0,2025-11-06,ES	reddit_orb_breakout	reddit_orb_breakout|ny|range=15|entry=150|rr=1|sl_atr=1|tp_atr=1.5|threshold=2|adx_max=none|adx_min=none|rsi2=none|trend=all|max_bars=24
futures,ES,reddit_orb_breakout,reddit_orb_breakout|ny|range=15|entry=150|rr=1|sl_atr=1|tp_atr=1.5|threshold=2|adx_max=none|adx_min=none|rsi2=none|trend=all|max_bars=24,short,23891,23892,23907,2025-11-07 15:30:00+00:00,2025-11-07 15:45:00+00:00,2025-11-07 19:30:00+00:00,6686.0,6723.75,-151.0,-154.0,-1.0,151.0,151.0,3.0,sl,15,1,1.25,-192.5,192.5,188.75,2025-11-07,ES	reddit_orb_breakout	reddit_orb_breakout|ny|range=15|entry=150|rr=1|sl_atr=1|tp_atr=1.5|threshold=2|adx_max=none|adx_min=none|rsi2=none|trend=all|max_bars=24
futures,ES,reddit_orb_breakout,reddit_orb_breakout|ny|range=15|entry=150|rr=1|sl_atr=1|tp_atr=1.5|threshold=2|adx_max=none|adx_min=none|rsi2=none|trend=all|max_bars=24,short,23984,23985,23992,2025-11-10 15:45:00+00:00,2025-11-10 16:00:00+00:00,2025-11-10 17:45:00+00:00,6805.5,6834.5,-116.0,-119.0,-1.0,116.0,116.0,3.0,sl,7,1,1.25,-148.75,148.75,145.0,2025-11-10,ES	reddit_orb_breakout	reddit_orb_breakout|ny|range=15|entry=150|rr=1|sl_atr=1|tp_atr=1.5|threshold=2|adx_max=none|adx_min=none|rsi2=none|trend=all|max_bars=24
futures,ES,reddit_orb_breakout,reddit_orb_breakout|ny|range=15|entry=150|rr=1|sl_atr=1|tp_atr=1.5|threshold=2|adx_max=none|adx_min=none|rsi2=none|trend=all|max_bars=24,long,24072,24073,24073,2025-11-11 14:45:00+00:00,2025-11-11 15:00:00+00:00,2025-11-11 15:00:00+00:00,6850.5,6840.75,-39.0,-42.0,-1.0,39.0,39.0,3.0,sl,1,1,1.25,-52.5,52.5,48.75,2025-11-11,ES	reddit_orb_breakout	reddit_orb_breakout|ny|range=15|entry=150|rr=1|sl_atr=1|tp_atr=1.5|threshold=2|adx_max=none|adx_min=none|rsi2=none|trend=all|max_bars=24
futures,ES,reddit_orb_breakout,reddit_orb_breakout|ny|range=15|entry=150|rr=1|sl_atr=1|tp_atr=1.5|threshold=2|adx_max=none|adx_min=none|rsi2=none|trend=all|max_bars=24,short,24164,24165,24167,2025-11-12 14:45:00+00:00,2025-11-12 15:00:00+00:00,2025-11-12 15:30:00+00:00,6880.0,6867.25,51.0,48.0,0.8888888888888888,51.0,51.0,3.0,tp,2,1,1.25,60.0,67.5,63.75,2025-11-12,ES	reddit_orb_breakout	reddit_orb_breakout|ny|range=15|entry=150|rr=1|sl_atr=1|tp_atr=1.5|threshold=2|adx_max=none|adx_min=none|rsi2=none|trend=all|max_bars=24
futures,ES,reddit_orb_breakout,reddit_orb_breakout|ny|range=15|entry=150|rr=1|sl_atr=1|tp_atr=1.5|threshold=2|adx_max=none|adx_min=none|rsi2=none|trend=all|max_bars=24,short,24259,24260,24270,2025-11-13 15:30:00+00:00,2025-11-13 15:45:00+00:00,2025-11-13 18:15:00+00:00,6813.5,6777.75,143.0,140.0,0.958904109589041,143.0,143.0,3.0,tp,10,1,1.25,175.0,182.5,178.75,2025-11-13,ES	reddit_orb_breakout	reddit_orb_breakout|ny|range=15|entry=150|rr=1|sl_atr=1|tp_atr=1.5|threshold=2|adx_max=none|adx_min=none|rsi2=none|trend=all|max_bars=24
futures,ES,reddit_orb_breakout,reddit_orb_breakout|ny|range=15|entry=150|rr=1|sl_atr=1|tp_atr=1.5|threshold=2|adx_max=none|adx_min=none|rsi2=none|trend=all|max_bars=24,long,24348,24349,24354,2025-11-14 14:45:00+00:00,2025-11-14 15:00:00+00:00,2025-11-14 16:15:00+00:00,6725.0,6779.5,218.0,215.0,0.9728506787330317,218.0,218.0,3.0,tp,5,1,1.25,268.75,276.25,272.5,2025-11-14,ES	reddit_orb_breakout	reddit_orb_breakout|ny|range=15|entry=150|rr=1|sl_atr=1|tp_atr=1.5|threshold=2|adx_max=none|adx_min=none|rsi2=none|trend=all|max_bars=24
futures,ES,reddit_orb_breakout,reddit_orb_breakout|ny|range=15|entry=150|rr=1|sl_atr=1|tp_atr=1.5|threshold=2|adx_max=none|adx_min=none|rsi2=none|trend=all|max_bars=24,long,24440,24441,24445,2025-11-17 14:45:00+00:00,2025-11-17 15:00:00+00:00,2025-11-17 16:00:00+00:00,6765.25,6726.5,-155.0,-158.0,-1.0,155.0,155.0,3.0,sl,4,1,1.25,-197.5,197.5,193.75,2025-11-17,ES	reddit_orb_breakout	reddit_orb_breakout|ny|range=15|entry=150|rr=1|sl_atr=1|tp_atr=1.5|threshold=2|adx_max=none|adx_min=none|rsi2=none|trend=all|max_bars=24
futures,ES,reddit_orb_breakout,reddit_orb_breakout|ny|range=15|entry=150|rr=1|sl_atr=1|tp_atr=1.5|threshold=2|adx_max=none|adx_min=none|rsi2=none|trend=all|max_bars=24,short,24532,24533,24544,2025-11-18 14:45:00+00:00,2025-11-18 15:00:00+00:00,2025-11-18 17:45:00+00:00,6622.0,6679.0,-228.0,-231.0,-1.0,228.0,228.0,3.0,sl,11,1,1.25,-288.75,288.75,285.0,2025-11-18,ES	reddit_orb_breakout	reddit_orb_breakout|ny|range=15|entry=150|rr=1|sl_atr=1|tp_atr=1.5|threshold=2|adx_max=none|adx_min=none|rsi2=none|trend=all|max_bars=24
futures,ES,reddit_orb_breakout,reddit_orb_breakout|ny|range=15|entry=150|rr=1|sl_atr=1|tp_atr=1.5|threshold=2|adx_max=none|adx_min=none|rsi2=none|trend=all|max_bars=24,long,24624,24625,24635,2025-11-19 14:45:00+00:00,2025-11-19 15:00:00+00:00,2025-11-19 17:30:00+00:00,6692.0,6635.75,-225.0,-228.0,-1.0,225.0,225.0,3.0,sl,10,1,1.25,-285.0,285.0,281.25,2025-11-19,ES	reddit_orb_breakout	reddit_orb_breakout|ny|range=15|entry=150|rr=1|sl_atr=1|tp_atr=1.5|threshold=2|adx_max=none|adx_min=none|rsi2=none|trend=all|max_bars=24
futures,ES,reddit_orb_breakout,reddit_orb_breakout|ny|range=15|entry=150|rr=1|sl_atr=1|tp_atr=1.5|threshold=2|adx_max=none|adx_min=none|rsi2=none|trend=all|max_bars=24,long,24716,24717,24721,2025-11-20 14:45:00+00:00,2025-11-20 15:00:00+00:00,2025-11-20 16:00:00+00:00,6784.75,6760.25,-98.0,-101.0,-1.0,98.0,98.0,3.0,sl,4,1,1.25,-126.25,126.25,122.5,2025-11-20,ES	reddit_orb_breakout	reddit_orb_breakout|ny|range=15|entry=150|rr=1|sl_atr=1|tp_atr=1.5|threshold=2|adx_max=none|adx_min=none|rsi2=none|trend=all|max_bars=24
futures,ES,reddit_orb_breakout,reddit_orb_breakout|ny|range=15|entry=150|rr=1|sl_atr=1|tp_atr=1.5|threshold=2|adx_max=none|adx_min=none|rsi2=none|trend=all|max_bars=24,short,24809,24810,24811,2025-11-21 15:00:00+00:00,2025-11-21 15:15:00+00:00,2025-11-21 15:30:00+00:00,6568.25,6540.5,111.0,108.0,0.9473684210526315,111.0,111.0,3.0,tp,1,1,1.25,135.0,142.5,138.75,2025-11-21,ES	reddit_orb_breakout	reddit_orb_breakout|ny|range=15|entry=150|rr=1|sl_atr=1|tp_atr=1.5|threshold=2|adx_max=none|adx_min=none|rsi2=none|trend=all|max_bars=24
futures,ES,reddit_orb_breakout,reddit_orb_breakout|ny|range=15|entry=150|rr=1|sl_atr=1|tp_atr=1.5|threshold=2|adx_max=none|adx_min=none|rsi2=none|trend=all|max_bars=24,long,24903,24904,24925,2025-11-24 15:30:00+00:00,2025-11-24 15:45:00+00:00,2025-11-24 21:00:00+00:00,6699.25,6723.5,97.0,94.0,0.5222222222222223,177.0,177.0,3.0,session_close,21,1,1.25,117.5,225.0,221.25,2025-11-24,ES	reddit_orb_breakout	reddit_orb_breakout|ny|range=15|entry=150|rr=1|sl_atr=1|tp_atr=1.5|threshold=2|adx_max=none|adx_min=none|rsi2=none|trend=all|max_bars=24
futures,ES,reddit_orb_breakout,reddit_orb_breakout|ny|range=15|entry=150|rr=1|sl_atr=1|tp_atr=1.5|threshold=2|adx_max=none|adx_min=none|rsi2=none|trend=all|max_bars=24,long,24995,24996,25002,2025-11-25 15:30:00+00:00,2025-11-25 15:45:00+00:00,2025-11-25 17:15:00+00:00,6734.5,6767.0,130.0,127.0,0.9548872180451128,130.0,130.0,3.0,tp,6,1,1.25,158.75,166.25,162.5,2025-11-25,ES	reddit_orb_breakout	reddit_orb_breakout|ny|range=15|entry=150|rr=1|sl_atr=1|tp_atr=1.5|threshold=2|adx_max=none|adx_min=none|rsi2=none|trend=all|max_bars=24
futures,ES,reddit_orb_breakout,reddit_orb_breakout|ny|range=15|entry=150|rr=1|sl_atr=1|tp_atr=1.5|threshold=2|adx_max=none|adx_min=none|rsi2=none|trend=all|max_bars=24,short,25084,25085,25087,2025-11-26 14:45:00+00:00,2025-11-26 15:00:00+00:00,2025-11-26 15:30:00+00:00,6802.0,6817.25,-61.0,-64.0,-1.0,61.0,61.0,3.0,sl,2,1,1.25,-80.0,80.0,76.25,2025-11-26,ES	reddit_orb_breakout	reddit_orb_breakout|ny|range=15|entry=150|rr=1|sl_atr=1|tp_atr=1.5|threshold=2|adx_max=none|adx_min=none|rsi2=none|trend=all|max_bars=24
futures,ES,reddit_orb_breakout,reddit_orb_breakout|ny|range=15|entry=150|rr=1|sl_atr=1|tp_atr=1.5|threshold=2|adx_max=none|adx_min=none|rsi2=none|trend=all|max_bars=24,short,25185,25186,25189,2025-11-27 17:00:00+00:00,2025-11-27 17:15:00+00:00,2025-11-27 23:00:00+00:00,6826.0,6832.5,-26.0,-29.0,-1.1153846153846154,23.0,23.0,3.0,session_close,3,1,1.25,-36.25,32.5,28.75,2025-11-27,ES	reddit_orb_breakout	reddit_orb_breakout|ny|range=15|entry=150|rr=1|sl_atr=1|tp_atr=1.5|threshold=2|adx_max=none|adx_min=none|rsi2=none|trend=all|max_bars=24
futures,ES,reddit_orb_breakout,reddit_orb_breakout|ny|range=15|entry=150|rr=1|sl_atr=1|tp_atr=1.5|threshold=2|adx_max=none|adx_min=none|rsi2=none|trend=all|max_bars=24,long,25212,25213,25223,2025-11-28 15:30:00+00:00,2025-11-28 15:45:00+00:00,2025-11-30 23:00:00+00:00,6848.0,6858.75,43.0,40.0,0.5714285714285714,67.0,67.0,3.0,session_close,10,1,1.25,50.0,87.5,83.75,2025-11-28,ES	reddit_orb_breakout	reddit_orb_breakout|ny|range=15|entry=150|rr=1|sl_atr=1|tp_atr=1.5|threshold=2|adx_max=none|adx_min=none|rsi2=none|trend=all|max_bars=24
futures,ES,reddit_orb_breakout,reddit_orb_breakout|ny|range=15|entry=150|rr=1|sl_atr=1|tp_atr=1.5|threshold=2|adx_max=none|adx_min=none|rsi2=none|trend=all|max_bars=24,long,25286,25287,25311,2025-12-01 14:45:00+00:00,2025-12-01 15:00:00+00:00,2025-12-01 21:00:00+00:00,6840.25,6825.75,-58.0,-61.0,-0.5398230088495575,110.0,110.0,3.0,session_close,24,1,1.25,-76.25,141.25,137.5,2025-12-01,ES	reddit_orb_breakout	reddit_orb_breakout|ny|range=15|entry=150|rr=1|sl_atr=1|tp_atr=1.5|threshold=2|adx_max=none|adx_min=none|rsi2=none|trend=all|max_bars=24
futures,ES,reddit_orb_breakout,reddit_orb_breakout|ny|range=15|entry=150|rr=1|sl_atr=1|tp_atr=1.5|threshold=2|adx_max=none|adx_min=none|rsi2=none|trend=all|max_bars=24,short,25380,25381,25382,2025-12-02 15:15:00+00:00,2025-12-02 15:30:00+00:00,2025-12-02 15:45:00+00:00,6840.5,6854.75,-57.0,-60.0,-1.0,57.0,57.0,3.0,sl,1,1,1.25,-75.0,75.0,71.25,2025-12-02,ES	reddit_orb_breakout	reddit_orb_breakout|ny|range=15|entry=150|rr=1|sl_atr=1|tp_atr=1.5|threshold=2|adx_max=none|adx_min=none|rsi2=none|trend=all|max_bars=24
futures,ES,reddit_orb_breakout,reddit_orb_breakout|ny|range=15|entry=150|rr=1|sl_atr=1|tp_atr=1.5|threshold=2|adx_max=none|adx_min=none|rsi2=none|trend=all|max_bars=24,long,25472,25473,25477,2025-12-03 15:15:00+00:00,2025-12-03 15:30:00+00:00,2025-12-03 16:30:00+00:00,6840.25,6857.75,70.0,67.0,0.9178082191780822,70.0,70.0,3.0,tp,4,1,1.25,83.75,91.25,87.5,2025-12-03,ES	reddit_orb_breakout	reddit_orb_breakout|ny|range=15|entry=150|rr=1|sl_atr=1|tp_atr=1.5|threshold=2|adx_max=none|adx_min=none|rsi2=none|trend=all|max_bars=24
futures,ES,reddit_orb_breakout,reddit_orb_breakout|ny|range=15|entry=150|rr=1|sl_atr=1|tp_atr=1.5|threshold=2|adx_max=none|adx_min=none|rsi2=none|trend=all|max_bars=24,short,25562,25563,25587,2025-12-04 14:45:00+00:00,2025-12-04 15:00:00+00:00,2025-12-04 21:00:00+00:00,6853.5,6865.75,-49.0,-52.0,-0.5416666666666666,93.0,93.0,3.0,session_close,24,1,1.25,-65.0,120.0,116.25,2025-12-04,ES	reddit_orb_breakout	reddit_orb_breakout|ny|range=15|entry=150|rr=1|sl_atr=1|tp_atr=1.5|threshold=2|adx_max=none|adx_min=none|rsi2=none|trend=all|max_bars=24
futures,ES,reddit_orb_breakout,reddit_orb_breakout|ny|range=15|entry=150|rr=1|sl_atr=1|tp_atr=1.5|threshold=2|adx_max=none|adx_min=none|rsi2=none|trend=all|max_bars=24,long,25654,25655,25661,2025-12-05 14:45:00+00:00,2025-12-05 15:00:00+00:00,2025-12-05 16:30:00+00:00,6889.75,6874.0,-63.0,-66.0,-1.0,63.0,63.0,3.0,sl,6,1,1.25,-82.5,82.5,78.75,2025-12-05,ES	reddit_orb_breakout	reddit_orb_breakout|ny|range=15|entry=150|rr=1|sl_atr=1|tp_atr=1.5|threshold=2|adx_max=none|adx_min=none|rsi2=none|trend=all|max_bars=24
futures,ES,reddit_orb_breakout,reddit_orb_breakout|ny|range=15|entry=150|rr=1|sl_atr=1|tp_atr=1.5|threshold=2|adx_max=none|adx_min=none|rsi2=none|trend=all|max_bars=24,short,25747,25748,25751,2025-12-08 15:00:00+00:00,2025-12-08 15:15:00+00:00,2025-12-08 16:00:00+00:00,6868.75,6851.25,70.0,67.0,0.9178082191780822,70.0,70.0,3.0,tp,3,1,1.25,83.75,91.25,87.5,2025-12-08,ES	reddit_orb_breakout	reddit_orb_breakout|ny|range=15|entry=150|rr=1|sl_atr=1|tp_atr=1.5|threshold=2|adx_max=none|adx_min=none|rsi2=none|trend=all|max_bars=24
futures,ES,reddit_orb_breakout,reddit_orb_breakout|ny|range=15|entry=150|rr=1|sl_atr=1|tp_atr=1.5|threshold=2|adx_max=none|adx_min=none|rsi2=none|trend=all|max_bars=24,long,25838,25839,25862,2025-12-09 14:45:00+00:00,2025-12-09 15:00:00+00:00,2025-12-09 20:45:00+00:00,6863.25,6847.25,-64.0,-67.0,-1.0,64.0,64.0,3.0,sl,23,1,1.25,-83.75,83.75,80.0,2025-12-09,ES	reddit_orb_breakout	reddit_orb_breakout|ny|range=15|entry=150|rr=1|sl_atr=1|tp_atr=1.5|threshold=2|adx_max=none|adx_min=none|rsi2=none|trend=all|max_bars=24
futures,ES,reddit_orb_breakout,reddit_orb_breakout|ny|range=15|entry=150|rr=1|sl_atr=1|tp_atr=1.5|threshold=2|adx_max=none|adx_min=none|rsi2=none|trend=all|max_bars=24,long,25930,25931,25947,2025-12-10 14:45:00+00:00,2025-12-10 15:00:00+00:00,2025-12-10 19:00:00+00:00,6849.0,6867.25,73.0,70.0,0.9210526315789473,73.0,73.0,3.0,tp,16,1,1.25,87.5,95.0,91.25,2025-12-10,ES	reddit_orb_breakout	reddit_orb_breakout|ny|range=15|entry=150|rr=1|sl_atr=1|tp_atr=1.5|threshold=2|adx_max=none|adx_min=none|rsi2=none|trend=all|max_bars=24
futures,ES,reddit_orb_breakout,reddit_orb_breakout|ny|range=15|entry=150|rr=1|sl_atr=1|tp_atr=1.5|threshold=2|adx_max=none|adx_min=none|rsi2=none|trend=all|max_bars=24,short,26022,26023,26024,2025-12-11 14:45:00+00:00,2025-12-11 15:00:00+00:00,2025-12-11 15:15:00+00:00,6843.0,6875.25,-129.0,-132.0,-1.0,129.0,129.0,3.0,sl,1,1,1.25,-165.0,165.0,161.25,2025-12-11,ES	reddit_orb_breakout	reddit_orb_breakout|ny|range=15|entry=150|rr=1|sl_atr=1|tp_atr=1.5|threshold=2|adx_max=none|adx_min=none|rsi2=none|trend=all|max_bars=24
futures,ES,reddit_orb_breakout,reddit_orb_breakout|ny|range=15|entry=150|rr=1|sl_atr=1|tp_atr=1.5|threshold=2|adx_max=none|adx_min=none|rsi2=none|trend=all|max_bars=24,short,26114,26115,26115,2025-12-12 14:45:00+00:00,2025-12-12 15:00:00+00:00,2025-12-12 15:00:00+00:00,6889.0,6875.0,56.0,53.0,0.8983050847457628,56.0,56.0,3.0,tp,1,1,1.25,66.25,73.75,70.0,2025-12-12,ES	reddit_orb_breakout	reddit_orb_breakout|ny|range=15|entry=150|rr=1|sl_atr=1|tp_atr=1.5|threshold=2|adx_max=none|adx_min=none|rsi2=none|trend=all|max_bars=24
futures,ES,reddit_orb_breakout,reddit_orb_breakout|ny|range=15|entry=150|rr=1|sl_atr=1|tp_atr=1.5|threshold=2|adx_max=none|adx_min=none|rsi2=none|trend=all|max_bars=24,long,26298,26299,26300,2025-12-16 14:45:00+00:00,2025-12-16 15:00:00+00:00,2025-12-16 15:15:00+00:00,6821.0,6794.25,-107.0,-110.0,-1.0,107.0,107.0,3.0,sl,1,1,1.25,-137.5,137.5,133.75,2025-12-16,ES	reddit_orb_breakout	reddit_orb_breakout|ny|range=15|entry=150|rr=1|sl_atr=1|tp_atr=1.5|threshold=2|adx_max=none|adx_min=none|rsi2=none|trend=all|max_bars=24
futures,ES,reddit_orb_breakout,reddit_orb_breakout|ny|range=15|entry=150|rr=1|sl_atr=1|tp_atr=1.5|threshold=2|adx_max=none|adx_min=none|rsi2=none|trend=all|max_bars=24,short,26393,26394,26414,2025-12-17 15:30:00+00:00,2025-12-17 15:45:00+00:00,2025-12-17 20:45:00+00:00,6824.75,6778.25,186.0,183.0,0.9682539682539683,186.0,186.0,3.0,tp,20,1,1.25,228.75,236.25,232.5,2025-12-17,ES	reddit_orb_breakout	reddit_orb_breakout|ny|range=15|entry=150|rr=1|sl_atr=1|tp_atr=1.5|threshold=2|adx_max=none|adx_min=none|rsi2=none|trend=all|max_bars=24
futures,ES,reddit_orb_breakout,reddit_orb_breakout|ny|range=15|entry=150|rr=1|sl_atr=1|tp_atr=1.5|threshold=2|adx_max=none|adx_min=none|rsi2=none|trend=all|max_bars=24,long,26484,26485,26491,2025-12-18 15:15:00+00:00,2025-12-18 15:30:00+00:00,2025-12-18 17:00:00+00:00,6854.25,6824.5,-119.0,-122.0,-1.0,119.0,119.0,3.0,sl,6,1,1.25,-152.5,152.5,148.75,2025-12-18,ES	reddit_orb_breakout	reddit_orb_breakout|ny|range=15|entry=150|rr=1|sl_atr=1|tp_atr=1.5|threshold=2|adx_max=none|adx_min=none|rsi2=none|trend=all|max_bars=24
futures,ES,reddit_orb_breakout,reddit_orb_breakout|ny|range=15|entry=150|rr=1|sl_atr=1|tp_atr=1.5|threshold=2|adx_max=none|adx_min=none|rsi2=none|trend=all|max_bars=24,long,26574,26575,26599,2025-12-19 14:45:00+00:00,2025-12-19 15:00:00+00:00,2025-12-19 21:00:00+00:00,6880.25,6889.5,37.0,34.0,0.24113475177304963,138.0,138.0,3.0,session_close,24,1,1.25,42.5,176.25,172.5,2025-12-19,ES	reddit_orb_breakout	reddit_orb_breakout|ny|range=15|entry=150|rr=1|sl_atr=1|tp_atr=1.5|threshold=2|adx_max=none|adx_min=none|rsi2=none|trend=all|max_bars=24
futures,ES,reddit_orb_breakout,reddit_orb_breakout|ny|range=15|entry=150|rr=1|sl_atr=1|tp_atr=1.5|threshold=2|adx_max=none|adx_min=none|rsi2=none|trend=all|max_bars=24,short,27020,27021,27044,2025-12-29 15:00:00+00:00,2025-12-29 15:15:00+00:00,2025-12-29 21:00:00+00:00,6946.25,6954.5,-33.0,-36.0,-0.4044943820224719,86.0,86.0,3.0,session_close,23,1,1.25,-45.0,111.25,107.5,2025-12-29,ES	reddit_orb_breakout	reddit_orb_breakout|ny|range=15|entry=150|rr=1|sl_atr=1|tp_atr=1.5|threshold=2|adx_max=none|adx_min=none|rsi2=none|trend=all|max_bars=24
futures,ES,reddit_orb_breakout,reddit_orb_breakout|ny|range=15|entry=150|rr=1|sl_atr=1|tp_atr=1.5|threshold=2|adx_max=none|adx_min=none|rsi2=none|trend=all|max_bars=24,long,27111,27112,27112,2025-12-30 14:45:00+00:00,2025-12-30 15:00:00+00:00,2025-12-30 15:00:00+00:00,6956.25,6946.25,-40.0,-43.0,-1.0,40.0,40.0,3.0,sl,1,1,1.25,-53.75,53.75,50.0,2025-12-30,ES	reddit_orb_breakout	reddit_orb_breakout|ny|range=15|entry=150|rr=1|sl_atr=1|tp_atr=1.5|threshold=2|adx_max=none|adx_min=none|rsi2=none|trend=all|max_bars=24
futures,ES,reddit_orb_breakout,reddit_orb_breakout|ny|range=15|entry=150|rr=1|sl_atr=1|tp_atr=1.5|threshold=2|adx_max=none|adx_min=none|rsi2=none|trend=all|max_bars=24,long,27389,27390,27412,2026-01-05 15:15:00+00:00,2026-01-05 15:30:00+00:00,2026-01-05 21:00:00+00:00,6954.25,6944.5,-39.0,-42.0,-0.47191011235955055,86.0,86.0,3.0,session_close,22,1,1.25,-52.5,111.25,107.5,2026-01-05,ES	reddit_orb_breakout	reddit_orb_breakout|ny|range=15|entry=150|rr=1|sl_atr=1|tp_atr=1.5|threshold=2|adx_max=none|adx_min=none|rsi2=none|trend=all|max_bars=24
futures,ES,reddit_orb_breakout,reddit_orb_breakout|ny|range=15|entry=150|rr=1|sl_atr=1|tp_atr=1.5|threshold=2|adx_max=none|adx_min=none|rsi2=none|trend=all|max_bars=24,long,27479,27480,27504,2026-01-06 14:45:00+00:00,2026-01-06 15:00:00+00:00,2026-01-06 21:00:00+00:00,6969.25,6987.0,71.0,68.0,0.6938775510204082,95.0,95.0,3.0,session_close,24,1,1.25,85.0,122.5,118.75,2026-01-06,ES	reddit_orb_breakout	reddit_orb_breakout|ny|range=15|entry=150|rr=1|sl_atr=1|tp_atr=1.5|threshold=2|adx_max=none|adx_min=none|rsi2=none|trend=all|max_bars=24
futures,ES,reddit_orb_breakout,reddit_orb_breakout|ny|range=15|entry=150|rr=1|sl_atr=1|tp_atr=1.5|threshold=2|adx_max=none|adx_min=none|rsi2=none|trend=all|max_bars=24,short,27572,27573,27576,2026-01-07 15:00:00+00:00,2026-01-07 15:15:00+00:00,2026-01-07 16:00:00+00:00,6983.0,6995.25,-49.0,-52.0,-1.0,49.0,49.0,3.0,sl,3,1,1.25,-65.0,65.0,61.25,2026-01-07,ES	reddit_orb_breakout	reddit_orb_breakout|ny|range=15|entry=150|rr=1|sl_atr=1|tp_atr=1.5|threshold=2|adx_max=none|adx_min=none|rsi2=none|trend=all|max_bars=24
futures,ES,reddit_orb_breakout,reddit_orb_breakout|ny|range=15|entry=150|rr=1|sl_atr=1|tp_atr=1.5|threshold=2|adx_max=none|adx_min=none|rsi2=none|trend=all|max_bars=24,long,27664,27665,27688,2026-01-08 15:00:00+00:00,2026-01-08 15:15:00+00:00,2026-01-08 21:00:00+00:00,6962.25,6964.25,8.0,5.0,0.05747126436781609,84.0,84.0,3.0,session_close,23,1,1.25,6.25,108.75,105.0,2026-01-08,ES	reddit_orb_breakout	reddit_orb_breakout|ny|range=15|entry=150|rr=1|sl_atr=1|tp_atr=1.5|threshold=2|adx_max=none|adx_min=none|rsi2=none|trend=all|max_bars=24
futures,ES,reddit_orb_breakout,reddit_orb_breakout|ny|range=15|entry=150|rr=1|sl_atr=1|tp_atr=1.5|threshold=2|adx_max=none|adx_min=none|rsi2=none|trend=all|max_bars=24,long,27757,27758,27780,2026-01-09 15:15:00+00:00,2026-01-09 15:30:00+00:00,2026-01-09 21:00:00+00:00,6996.25,7004.0,31.0,28.0,0.24778761061946902,110.0,110.0,3.0,session_close,22,1,1.25,35.0,141.25,137.5,2026-01-09,ES	reddit_orb_breakout	reddit_orb_breakout|ny|range=15|entry=150|rr=1|sl_atr=1|tp_atr=1.5|threshold=2|adx_max=none|adx_min=none|rsi2=none|trend=all|max_bars=24
futures,ES,reddit_orb_breakout,reddit_orb_breakout|ny|range=15|entry=150|rr=1|sl_atr=1|tp_atr=1.5|threshold=2|adx_max=none|adx_min=none|rsi2=none|trend=all|max_bars=24,short,27939,27940,27941,2026-01-13 14:45:00+00:00,2026-01-13 15:00:00+00:00,2026-01-13 15:15:00+00:00,7005.25,6986.25,76.0,73.0,0.9240506329113924,76.0,76.0,3.0,tp,1,1,1.25,91.25,98.75,95.0,2026-01-13,ES	reddit_orb_breakout	reddit_orb_breakout|ny|range=15|entry=150|rr=1|sl_atr=1|tp_atr=1.5|threshold=2|adx_max=none|adx_min=none|rsi2=none|trend=all|max_bars=24
futures,ES,reddit_orb_breakout,reddit_orb_breakout|ny|range=15|entry=150|rr=1|sl_atr=1|tp_atr=1.5|threshold=2|adx_max=none|adx_min=none|rsi2=none|trend=all|max_bars=24,short,28031,28032,28056,2026-01-14 14:45:00+00:00,2026-01-14 15:00:00+00:00,2026-01-14 21:00:00+00:00,6949.25,6964.5,-61.0,-64.0,-0.512,122.0,122.0,3.0,session_close,24,1,1.25,-80.0,156.25,152.5,2026-01-14,ES	reddit_orb_breakout	reddit_orb_breakout|ny|range=15|entry=150|rr=1|sl_atr=1|tp_atr=1.5|threshold=2|adx_max=none|adx_min=none|rsi2=none|trend=all|max_bars=24
futures,ES,reddit_orb_breakout,reddit_orb_breakout|ny|range=15|entry=150|rr=1|sl_atr=1|tp_atr=1.5|threshold=2|adx_max=none|adx_min=none|rsi2=none|trend=all|max_bars=24,long,28129,28130,28141,2026-01-15 16:15:00+00:00,2026-01-15 16:30:00+00:00,2026-01-15 19:15:00+00:00,7010.75,6998.0,-51.0,-54.0,-1.0,51.0,51.0,3.0,sl,11,1,1.25,-67.5,67.5,63.75,2026-01-15,ES	reddit_orb_breakout	reddit_orb_breakout|ny|range=15|entry=150|rr=1|sl_atr=1|tp_atr=1.5|threshold=2|adx_max=none|adx_min=none|rsi2=none|trend=all|max_bars=24
futures,ES,reddit_orb_breakout,reddit_orb_breakout|ny|range=15|entry=150|rr=1|sl_atr=1|tp_atr=1.5|threshold=2|adx_max=none|adx_min=none|rsi2=none|trend=all|max_bars=24,short,28215,28216,28240,2026-01-16 14:45:00+00:00,2026-01-16 15:00:00+00:00,2026-01-16 21:00:00+00:00,6979.0,6976.0,12.0,9.0,0.09375,93.0,93.0,3.0,session_close,24,1,1.25,11.25,120.0,116.25,2026-01-16,ES	reddit_orb_breakout	reddit_orb_breakout|ny|range=15|entry=150|rr=1|sl_atr=1|tp_atr=1.5|threshold=2|adx_max=none|adx_min=none|rsi2=none|trend=all|max_bars=24
futures,ES,reddit_orb_breakout,reddit_orb_breakout|ny|range=15|entry=150|rr=1|sl_atr=1|tp_atr=1.5|threshold=2|adx_max=none|adx_min=none|rsi2=none|trend=all|max_bars=24,long,28307,28308,28312,2026-01-19 14:45:00+00:00,2026-01-19 15:00:00+00:00,2026-01-19 16:00:00+00:00,6899.75,6911.0,45.0,42.0,0.875,45.0,45.0,3.0,tp,4,1,1.25,52.5,60.0,56.25,2026-01-19,ES	reddit_orb_breakout	reddit_orb_breakout|ny|range=15|entry=150|rr=1|sl_atr=1|tp_atr=1.5|threshold=2|adx_max=none|adx_min=none|rsi2=none|trend=all|max_bars=24
futures,ES,reddit_orb_breakout,reddit_orb_breakout|ny|range=15|entry=150|rr=1|sl_atr=1|tp_atr=1.5|threshold=2|adx_max=none|adx_min=none|rsi2=none|trend=all|max_bars=24,long,28385,28386,28394,2026-01-20 15:15:00+00:00,2026-01-20 15:30:00+00:00,2026-01-20 17:30:00+00:00,6895.5,6871.0,-98.0,-101.0,-1.0,98.0,98.0,3.0,sl,8,1,1.25,-126.25,126.25,122.5,2026-01-20,ES	reddit_orb_breakout	reddit_orb_breakout|ny|range=15|entry=150|rr=1|sl_atr=1|tp_atr=1.5|threshold=2|adx_max=none|adx_min=none|rsi2=none|trend=all|max_bars=24
futures,ES,reddit_orb_breakout,reddit_orb_breakout|ny|range=15|entry=150|rr=1|sl_atr=1|tp_atr=1.5|threshold=2|adx_max=none|adx_min=none|rsi2=none|trend=all|max_bars=24,long,28475,28476,28484,2026-01-21 14:45:00+00:00,2026-01-21 15:00:00+00:00,2026-01-21 17:00:00+00:00,6881.5,6845.5,-144.0,-147.0,-1.0,144.0,144.0,3.0,sl,8,1,1.25,-183.75,183.75,180.0,2026-01-21,ES	reddit_orb_breakout	reddit_orb_breakout|ny|range=15|entry=150|rr=1|sl_atr=1|tp_atr=1.5|threshold=2|adx_max=none|adx_min=none|rsi2=none|trend=all|max_bars=24
futures,ES,reddit_orb_breakout,reddit_orb_breakout|ny|range=15|entry=150|rr=1|sl_atr=1|tp_atr=1.5|threshold=2|adx_max=none|adx_min=none|rsi2=none|trend=all|max_bars=24,short,28567,28568,28578,2026-01-22 14:45:00+00:00,2026-01-22 15:00:00+00:00,2026-01-22 17:30:00+00:00,6935.5,6964.5,-116.0,-119.0,-1.0,116.0,116.0,3.0,sl,10,1,1.25,-148.75,148.75,145.0,2026-01-22,ES	reddit_orb_breakout	reddit_orb_breakout|ny|range=15|entry=150|rr=1|sl_atr=1|tp_atr=1.5|threshold=2|adx_max=none|adx_min=none|rsi2=none|trend=all|max_bars=24
futures,ES,reddit_orb_breakout,reddit_orb_breakout|ny|range=15|entry=150|rr=1|sl_atr=1|tp_atr=1.5|threshold=2|adx_max=none|adx_min=none|rsi2=none|trend=all|max_bars=24,long,28659,28660,28663,2026-01-23 14:45:00+00:00,2026-01-23 15:00:00+00:00,2026-01-23 15:45:00+00:00,6941.5,6958.0,66.0,63.0,0.9130434782608695,66.0,66.0,3.0,tp,3,1,1.25,78.75,86.25,82.5,2026-01-23,ES	reddit_orb_breakout	reddit_orb_breakout|ny|range=15|entry=150|rr=1|sl_atr=1|tp_atr=1.5|threshold=2|adx_max=none|adx_min=none|rsi2=none|trend=all|max_bars=24
futures,ES,reddit_orb_breakout,reddit_orb_breakout|ny|range=15|entry=150|rr=1|sl_atr=1|tp_atr=1.5|threshold=2|adx_max=none|adx_min=none|rsi2=none|trend=all|max_bars=24,long,28752,28753,28776,2026-01-26 15:00:00+00:00,2026-01-26 15:15:00+00:00,2026-01-26 21:00:00+00:00,6979.5,6980.0,2.0,-1.0,-0.008849557522123894,110.0,110.0,3.0,session_close,23,1,1.25,-1.25,141.25,137.5,2026-01-26,ES	reddit_orb_breakout	reddit_orb_breakout|ny|range=15|entry=150|rr=1|sl_atr=1|tp_atr=1.5|threshold=2|adx_max=none|adx_min=none|rsi2=none|trend=all|max_bars=24
futures,ES,reddit_orb_breakout,reddit_orb_breakout|ny|range=15|entry=150|rr=1|sl_atr=1|tp_atr=1.5|threshold=2|adx_max=none|adx_min=none|rsi2=none|trend=all|max_bars=24,long,28843,28844,28868,2026-01-27 14:45:00+00:00,2026-01-27 15:00:00+00:00,2026-01-27 21:00:00+00:00,7005.25,7006.75,6.0,3.0,0.04225352112676056,68.0,68.0,3.0,session_close,24,1,1.25,3.75,88.75,85.0,2026-01-27,ES	reddit_orb_breakout	reddit_orb_breakout|ny|range=15|entry=150|rr=1|sl_atr=1|tp_atr=1.5|threshold=2|adx_max=none|adx_min=none|rsi2=none|trend=all|max_bars=24
futures,ES,reddit_orb_breakout,reddit_orb_breakout|ny|range=15|entry=150|rr=1|sl_atr=1|tp_atr=1.5|threshold=2|adx_max=none|adx_min=none|rsi2=none|trend=all|max_bars=24,short,28936,28937,28943,2026-01-28 15:00:00+00:00,2026-01-28 15:15:00+00:00,2026-01-28 16:45:00+00:00,7013.5,6997.25,65.0,62.0,0.9117647058823529,65.0,65.0,3.0,tp,6,1,1.25,77.5,85.0,81.25,2026-01-28,ES	reddit_orb_breakout	reddit_orb_breakout|ny|range=15|entry=150|rr=1|sl_atr=1|tp_atr=1.5|threshold=2|adx_max=none|adx_min=none|rsi2=none|trend=all|max_bars=24
futures,ES,reddit_orb_breakout,reddit_orb_breakout|ny|range=15|entry=150|rr=1|sl_atr=1|tp_atr=1.5|threshold=2|adx_max=none|adx_min=none|rsi2=none|trend=all|max_bars=24,short,29125,29126,29133,2026-01-30 16:15:00+00:00,2026-01-30 16:30:00+00:00,2026-01-30 18:15:00+00:00,6958.75,6932.0,107.0,104.0,0.9454545454545454,107.0,107.0,3.0,tp,7,1,1.25,130.0,137.5,133.75,2026-01-30,ES	reddit_orb_breakout	reddit_orb_breakout|ny|range=15|entry=150|rr=1|sl_atr=1|tp_atr=1.5|threshold=2|adx_max=none|adx_min=none|rsi2=none|trend=all|max_bars=24
futures,ES,reddit_orb_breakout,reddit_orb_breakout|ny|range=15|entry=150|rr=1|sl_atr=1|tp_atr=1.5|threshold=2|adx_max=none|adx_min=none|rsi2=none|trend=all|max_bars=24,long,29212,29213,29236,2026-02-02 15:00:00+00:00,2026-02-02 15:15:00+00:00,2026-02-02 21:00:00+00:00,6999.25,7004.5,21.0,18.0,0.07725321888412018,230.0,230.0,3.0,session_close,23,1,1.25,22.5,291.25,287.5,2026-02-02,ES	reddit_orb_breakout	reddit_orb_breakout|ny|range=15|entry=150|rr=1|sl_atr=1|tp_atr=1.5|threshold=2|adx_max=none|adx_min=none|rsi2=none|trend=all|max_bars=24
futures,ES,reddit_orb_breakout,reddit_orb_breakout|ny|range=15|entry=150|rr=1|sl_atr=1|tp_atr=1.5|threshold=2|adx_max=none|adx_min=none|rsi2=none|trend=all|max_bars=24,short,29395,29396,29403,2026-02-04 14:45:00+00:00,2026-02-04 15:00:00+00:00,2026-02-04 16:45:00+00:00,6928.0,6897.5,122.0,119.0,0.952,122.0,122.0,3.0,tp,7,1,1.25,148.75,156.25,152.5,2026-02-04,ES	reddit_orb_breakout	reddit_orb_breakout|ny|range=15|entry=150|rr=1|sl_atr=1|tp_atr=1.5|threshold=2|adx_max=none|adx_min=none|rsi2=none|trend=all|max_bars=24
futures,ES,reddit_orb_breakout,reddit_orb_breakout|ny|range=15|entry=150|rr=1|sl_atr=1|tp_atr=1.5|threshold=2|adx_max=none|adx_min=none|rsi2=none|trend=all|max_bars=24,short,29488,29489,29512,2026-02-05 15:00:00+00:00,2026-02-05 15:15:00+00:00,2026-02-05 21:00:00+00:00,6812.0,6815.75,-15.0,-18.0,-0.06766917293233082,263.0,263.0,3.0,session_close,23,1,1.25,-22.5,332.5,328.75,2026-02-05,ES	reddit_orb_breakout	reddit_orb_breakout|ny|range=15|entry=150|rr=1|sl_atr=1|tp_atr=1.5|threshold=2|adx_max=none|adx_min=none|rsi2=none|trend=all|max_bars=24
futures,ES,reddit_orb_breakout,reddit_orb_breakout|ny|range=15|entry=150|rr=1|sl_atr=1|tp_atr=1.5|threshold=2|adx_max=none|adx_min=none|rsi2=none|trend=all|max_bars=24,long,29672,29673,29679,2026-02-09 15:00:00+00:00,2026-02-09 15:15:00+00:00,2026-02-09 16:45:00+00:00,6959.25,6994.25,140.0,137.0,0.958041958041958,140.0,140.0,3.0,tp,6,1,1.25,171.25,178.75,175.0,2026-02-09,ES	reddit_orb_breakout	reddit_orb_breakout|ny|range=15|entry=150|rr=1|sl_atr=1|tp_atr=1.5|threshold=2|adx_max=none|adx_min=none|rsi2=none|trend=all|max_bars=24
futures,ES,reddit_orb_breakout,reddit_orb_breakout|ny|range=15|entry=150|rr=1|sl_atr=1|tp_atr=1.5|threshold=2|adx_max=none|adx_min=none|rsi2=none|trend=all|max_bars=24,long,29763,29764,29777,2026-02-10 14:45:00+00:00,2026-02-10 15:00:00+00:00,2026-02-10 18:15:00+00:00,6998.25,6975.0,-93.0,-96.0,-1.0,93.0,93.0,3.0,sl,13,1,1.25,-120.0,120.0,116.25,2026-02-10,ES	reddit_orb_breakout	reddit_orb_breakout|ny|range=15|entry=150|rr=1|sl_atr=1|tp_atr=1.5|threshold=2|adx_max=none|adx_min=none|rsi2=none|trend=all|max_bars=24
futures,ES,reddit_orb_breakout,reddit_orb_breakout|ny|range=15|entry=150|rr=1|sl_atr=1|tp_atr=1.5|threshold=2|adx_max=none|adx_min=none|rsi2=none|trend=all|max_bars=24,short,29855,29856,29856,2026-02-11 14:45:00+00:00,2026-02-11 15:00:00+00:00,2026-02-11 15:00:00+00:00,6981.25,6951.0,121.0,118.0,0.9516129032258065,121.0,121.0,3.0,tp,1,1,1.25,147.5,155.0,151.25,2026-02-11,ES	reddit_orb_breakout	reddit_orb_breakout|ny|range=15|entry=150|rr=1|sl_atr=1|tp_atr=1.5|threshold=2|adx_max=none|adx_min=none|rsi2=none|trend=all|max_bars=24
futures,ES,reddit_orb_breakout,reddit_orb_breakout|ny|range=15|entry=150|rr=1|sl_atr=1|tp_atr=1.5|threshold=2|adx_max=none|adx_min=none|rsi2=none|trend=all|max_bars=24,short,29947,29948,29951,2026-02-12 14:45:00+00:00,2026-02-12 15:00:00+00:00,2026-02-12 15:45:00+00:00,6967.0,6941.25,103.0,100.0,0.9433962264150944,103.0,103.0,3.0,tp,3,1,1.25,125.0,132.5,128.75,2026-02-12,ES	reddit_orb_breakout	reddit_orb_breakout|ny|range=15|entry=150|rr=1|sl_atr=1|tp_atr=1.5|threshold=2|adx_max=none|adx_min=none|rsi2=none|trend=all|max_bars=24
futures,ES,reddit_orb_breakout,reddit_orb_breakout|ny|range=15|entry=150|rr=1|sl_atr=1|tp_atr=1.5|threshold=2|adx_max=none|adx_min=none|rsi2=none|trend=all|max_bars=24,long,30041,30042,30064,2026-02-13 15:15:00+00:00,2026-02-13 15:30:00+00:00,2026-02-13 21:00:00+00:00,6864.25,6852.5,-47.0,-50.0,-0.2222222222222222,222.0,222.0,3.0,session_close,22,1,1.25,-62.5,281.25,277.5,2026-02-13,ES	reddit_orb_breakout	reddit_orb_breakout|ny|range=15|entry=150|rr=1|sl_atr=1|tp_atr=1.5|threshold=2|adx_max=none|adx_min=none|rsi2=none|trend=all|max_bars=24
futures,ES,reddit_orb_breakout,reddit_orb_breakout|ny|range=15|entry=150|rr=1|sl_atr=1|tp_atr=1.5|threshold=2|adx_max=none|adx_min=none|rsi2=none|trend=all|max_bars=24,short,30134,30135,30144,2026-02-16 15:30:00+00:00,2026-02-16 15:45:00+00:00,2026-02-16 23:00:00+00:00,6844.0,6862.5,-74.0,-77.0,-1.0547945205479452,70.0,70.0,3.0,session_close,9,1,1.25,-96.25,91.25,87.5,2026-02-16,ES	reddit_orb_breakout	reddit_orb_breakout|ny|range=15|entry=150|rr=1|sl_atr=1|tp_atr=1.5|threshold=2|adx_max=none|adx_min=none|rsi2=none|trend=all|max_bars=24
futures,ES,reddit_orb_breakout,reddit_orb_breakout|ny|range=15|entry=150|rr=1|sl_atr=1|tp_atr=1.5|threshold=2|adx_max=none|adx_min=none|rsi2=none|trend=all|max_bars=24,short,30207,30208,30213,2026-02-17 14:45:00+00:00,2026-02-17 15:00:00+00:00,2026-02-17 16:15:00+00:00,6799.75,6862.0,-249.0,-252.0,-1.0,249.0,249.0,3.0,sl,5,1,1.25,-315.0,315.0,311.25,2026-02-17,ES	reddit_orb_breakout	reddit_orb_breakout|ny|range=15|entry=150|rr=1|sl_atr=1|tp_atr=1.5|threshold=2|adx_max=none|adx_min=none|rsi2=none|trend=all|max_bars=24
futures,ES,reddit_orb_breakout,reddit_orb_breakout|ny|range=15|entry=150|rr=1|sl_atr=1|tp_atr=1.5|threshold=2|adx_max=none|adx_min=none|rsi2=none|trend=all|max_bars=24,long,30299,30300,30324,2026-02-18 14:45:00+00:00,2026-02-18 15:00:00+00:00,2026-02-18 21:00:00+00:00,6895.5,6893.25,-9.0,-12.0,-0.08633093525179857,136.0,136.0,3.0,session_close,24,1,1.25,-15.0,173.75,170.0,2026-02-18,ES	reddit_orb_breakout	reddit_orb_breakout|ny|range=15|entry=150|rr=1|sl_atr=1|tp_atr=1.5|threshold=2|adx_max=none|adx_min=none|rsi2=none|trend=all|max_bars=24
futures,ES,reddit_orb_breakout,reddit_orb_breakout|ny|range=15|entry=150|rr=1|sl_atr=1|tp_atr=1.5|threshold=2|adx_max=none|adx_min=none|rsi2=none|trend=all|max_bars=24,long,30391,30392,30403,2026-02-19 14:45:00+00:00,2026-02-19 15:00:00+00:00,2026-02-19 17:45:00+00:00,6882.75,6857.0,-103.0,-106.0,-1.0,103.0,103.0,3.0,sl,11,1,1.25,-132.5,132.5,128.75,2026-02-19,ES	reddit_orb_breakout	reddit_orb_breakout|ny|range=15|entry=150|rr=1|sl_atr=1|tp_atr=1.5|threshold=2|adx_max=none|adx_min=none|rsi2=none|trend=all|max_bars=24
futures,ES,reddit_orb_breakout,reddit_orb_breakout|ny|range=15|entry=150|rr=1|sl_atr=1|tp_atr=1.5|threshold=2|adx_max=none|adx_min=none|rsi2=none|trend=all|max_bars=24,long,30484,30485,30488,2026-02-20 15:00:00+00:00,2026-02-20 15:15:00+00:00,2026-02-20 16:00:00+00:00,6885.0,6922.75,151.0,148.0,0.961038961038961,151.0,151.0,3.0,tp,3,1,1.25,185.0,192.5,188.75,2026-02-20,ES	reddit_orb_breakout	reddit_orb_breakout|ny|range=15|entry=150|rr=1|sl_atr=1|tp_atr=1.5|threshold=2|adx_max=none|adx_min=none|rsi2=none|trend=all|max_bars=24
futures,ES,reddit_orb_breakout,reddit_orb_breakout|ny|range=15|entry=150|rr=1|sl_atr=1|tp_atr=1.5|threshold=2|adx_max=none|adx_min=none|rsi2=none|trend=all|max_bars=24,short,30575,30576,30579,2026-02-23 14:45:00+00:00,2026-02-23 15:00:00+00:00,2026-02-23 15:45:00+00:00,6894.5,6858.75,143.0,140.0,0.958904109589041,143.0,143.0,3.0,tp,3,1,1.25,175.0,182.5,178.75,2026-02-23,ES	reddit_orb_breakout	reddit_orb_breakout|ny|range=15|entry=150|rr=1|sl_atr=1|tp_atr=1.5|threshold=2|adx_max=none|adx_min=none|rsi2=none|trend=all|max_bars=24
futures,ES,reddit_orb_breakout,reddit_orb_breakout|ny|range=15|entry=150|rr=1|sl_atr=1|tp_atr=1.5|threshold=2|adx_max=none|adx_min=none|rsi2=none|trend=all|max_bars=24,long,30765,30766,30776,2026-02-25 16:15:00+00:00,2026-02-25 16:30:00+00:00,2026-02-25 19:00:00+00:00,6943.75,6957.75,56.0,53.0,0.8983050847457628,56.0,56.0,3.0,tp,10,1,1.25,66.25,73.75,70.0,2026-02-25,ES	reddit_orb_breakout	reddit_orb_breakout|ny|range=15|entry=150|rr=1|sl_atr=1|tp_atr=1.5|threshold=2|adx_max=none|adx_min=none|rsi2=none|trend=all|max_bars=24
futures,ES,reddit_orb_breakout,reddit_orb_breakout|ny|range=15|entry=150|rr=1|sl_atr=1|tp_atr=1.5|threshold=2|adx_max=none|adx_min=none|rsi2=none|trend=all|max_bars=24,long,30944,30945,30968,2026-02-27 15:00:00+00:00,2026-02-27 15:15:00+00:00,2026-02-27 21:00:00+00:00,6870.75,6885.25,58.0,55.0,0.4583333333333333,117.0,117.0,3.0,session_close,23,1,1.25,68.75,150.0,146.25,2026-02-27,ES	reddit_orb_breakout	reddit_orb_breakout|ny|range=15|entry=150|rr=1|sl_atr=1|tp_atr=1.5|threshold=2|adx_max=none|adx_min=none|rsi2=none|trend=all|max_bars=24
futures,ES,reddit_orb_breakout,reddit_orb_breakout|ny|range=15|entry=150|rr=1|sl_atr=1|tp_atr=1.5|threshold=2|adx_max=none|adx_min=none|rsi2=none|trend=all|max_bars=24,long,31035,31036,31053,2026-03-02 14:45:00+00:00,2026-03-02 15:00:00+00:00,2026-03-02 19:15:00+00:00,6853.75,6903.0,197.0,194.0,0.97,197.0,197.0,3.0,tp,17,1,1.25,242.5,250.0,246.25,2026-03-02,ES	reddit_orb_breakout	reddit_orb_breakout|ny|range=15|entry=150|rr=1|sl_atr=1|tp_atr=1.5|threshold=2|adx_max=none|adx_min=none|rsi2=none|trend=all|max_bars=24
futures,ES,reddit_orb_breakout,reddit_orb_breakout|ny|range=15|entry=150|rr=1|sl_atr=1|tp_atr=1.5|threshold=2|adx_max=none|adx_min=none|rsi2=none|trend=all|max_bars=24,short,31127,31128,31135,2026-03-03 14:45:00+00:00,2026-03-03 15:00:00+00:00,2026-03-03 16:45:00+00:00,6746.25,6794.0,-191.0,-194.0,-1.0,191.0,191.0,3.0,sl,7,1,1.25,-242.5,242.5,238.75,2026-03-03,ES	reddit_orb_breakout	reddit_orb_breakout|ny|range=15|entry=150|rr=1|sl_atr=1|tp_atr=1.5|threshold=2|adx_max=none|adx_min=none|rsi2=none|trend=all|max_bars=24
futures,ES,reddit_orb_breakout,reddit_orb_breakout|ny|range=15|entry=150|rr=1|sl_atr=1|tp_atr=1.5|threshold=2|adx_max=none|adx_min=none|rsi2=none|trend=all|max_bars=24,long,31221,31222,31244,2026-03-04 15:15:00+00:00,2026-03-04 15:30:00+00:00,2026-03-04 21:00:00+00:00,6884.25,6878.5,-23.0,-26.0,-0.10441767068273092,246.0,246.0,3.0,session_close,22,1,1.25,-32.5,311.25,307.5,2026-03-04,ES	reddit_orb_breakout	reddit_orb_breakout|ny|range=15|entry=150|rr=1|sl_atr=1|tp_atr=1.5|threshold=2|adx_max=none|adx_min=none|rsi2=none|trend=all|max_bars=24
futures,ES,reddit_orb_breakout,reddit_orb_breakout|ny|range=15|entry=150|rr=1|sl_atr=1|tp_atr=1.5|threshold=2|adx_max=none|adx_min=none|rsi2=none|trend=all|max_bars=24,long,31311,31312,31313,2026-03-05 14:45:00+00:00,2026-03-05 15:00:00+00:00,2026-03-05 15:15:00+00:00,6872.5,6840.0,-130.0,-133.0,-1.0,130.0,130.0,3.0,sl,1,1,1.25,-166.25,166.25,162.5,2026-03-05,ES	reddit_orb_breakout	reddit_orb_breakout|ny|range=15|entry=150|rr=1|sl_atr=1|tp_atr=1.5|threshold=2|adx_max=none|adx_min=none|rsi2=none|trend=all|max_bars=24
futures,ES,reddit_orb_breakout,reddit_orb_breakout|ny|range=15|entry=150|rr=1|sl_atr=1|tp_atr=1.5|threshold=2|adx_max=none|adx_min=none|rsi2=none|trend=all|max_bars=24,long,31405,31406,31428,2026-03-06 15:15:00+00:00,2026-03-06 15:30:00+00:00,2026-03-06 21:00:00+00:00,6759.75,6740.5,-77.0,-80.0,-0.5228758169934641,150.0,150.0,3.0,session_close,22,1,1.25,-100.0,191.25,187.5,2026-03-06,ES	reddit_orb_breakout	reddit_orb_breakout|ny|range=15|entry=150|rr=1|sl_atr=1|tp_atr=1.5|threshold=2|adx_max=none|adx_min=none|rsi2=none|trend=all|max_bars=24
futures,ES,reddit_orb_breakout,reddit_orb_breakout|ny|range=15|entry=150|rr=1|sl_atr=1|tp_atr=1.5|threshold=2|adx_max=none|adx_min=none|rsi2=none|trend=all|max_bars=24,short,31496,31497,31499,2026-03-09 14:00:00+00:00,2026-03-09 14:15:00+00:00,2026-03-09 14:45:00+00:00,6649.0,6693.75,-179.0,-182.0,-1.0,179.0,179.0,3.0,sl,2,1,1.25,-227.5,227.5,223.75,2026-03-09,ES	reddit_orb_breakout	reddit_orb_breakout|ny|range=15|entry=150|rr=1|sl_atr=1|tp_atr=1.5|threshold=2|adx_max=none|adx_min=none|rsi2=none|trend=all|max_bars=24
futures,ES,reddit_orb_breakout,reddit_orb_breakout|ny|range=15|entry=150|rr=1|sl_atr=1|tp_atr=1.5|threshold=2|adx_max=none|adx_min=none|rsi2=none|trend=all|max_bars=24,short,31588,31589,31590,2026-03-10 14:00:00+00:00,2026-03-10 14:15:00+00:00,2026-03-10 14:30:00+00:00,6772.75,6806.0,-133.0,-136.0,-1.0,133.0,133.0,3.0,sl,1,1,1.25,-170.0,170.0,166.25,2026-03-10,ES	reddit_orb_breakout	reddit_orb_breakout|ny|range=15|entry=150|rr=1|sl_atr=1|tp_atr=1.5|threshold=2|adx_max=none|adx_min=none|rsi2=none|trend=all|max_bars=24
futures,ES,reddit_orb_breakout,reddit_orb_breakout|ny|range=15|entry=150|rr=1|sl_atr=1|tp_atr=1.5|threshold=2|adx_max=none|adx_min=none|rsi2=none|trend=all|max_bars=24,short,31681,31682,31684,2026-03-11 14:15:00+00:00,2026-03-11 14:30:00+00:00,2026-03-11 15:00:00+00:00,6778.25,6802.0,-95.0,-98.0,-1.0,95.0,95.0,3.0,sl,2,1,1.25,-122.5,122.5,118.75,2026-03-11,ES	reddit_orb_breakout	reddit_orb_breakout|ny|range=15|entry=150|rr=1|sl_atr=1|tp_atr=1.5|threshold=2|adx_max=none|adx_min=none|rsi2=none|trend=all|max_bars=24
futures,ES,reddit_orb_breakout,reddit_orb_breakout|ny|range=15|entry=150|rr=1|sl_atr=1|tp_atr=1.5|threshold=2|adx_max=none|adx_min=none|rsi2=none|trend=all|max_bars=24,short,31771,31772,31795,2026-03-12 13:45:00+00:00,2026-03-12 14:00:00+00:00,2026-03-12 19:45:00+00:00,6704.0,6676.0,112.0,109.0,0.9478260869565217,112.0,112.0,3.0,tp,23,1,1.25,136.25,143.75,140.0,2026-03-12,ES	reddit_orb_breakout	reddit_orb_breakout|ny|range=15|entry=150|rr=1|sl_atr=1|tp_atr=1.5|threshold=2|adx_max=none|adx_min=none|rsi2=none|trend=all|max_bars=24
futures,ES,reddit_orb_breakout,reddit_orb_breakout|ny|range=15|entry=150|rr=1|sl_atr=1|tp_atr=1.5|threshold=2|adx_max=none|adx_min=none|rsi2=none|trend=all|max_bars=24,short,31864,31865,31867,2026-03-13 14:00:00+00:00,2026-03-13 14:15:00+00:00,2026-03-13 14:45:00+00:00,6702.5,6671.25,125.0,122.0,0.953125,125.0,125.0,3.0,tp,2,1,1.25,152.5,160.0,156.25,2026-03-13,ES	reddit_orb_breakout	reddit_orb_breakout|ny|range=15|entry=150|rr=1|sl_atr=1|tp_atr=1.5|threshold=2|adx_max=none|adx_min=none|rsi2=none|trend=all|max_bars=24
futures,ES,reddit_orb_breakout,reddit_orb_breakout|ny|range=15|entry=150|rr=1|sl_atr=1|tp_atr=1.5|threshold=2|adx_max=none|adx_min=none|rsi2=none|trend=all|max_bars=24,long,31955,31956,31959,2026-03-16 13:45:00+00:00,2026-03-16 14:00:00+00:00,2026-03-16 14:45:00+00:00,6721.75,6690.5,-125.0,-128.0,-1.0,125.0,125.0,3.0,sl,3,1,1.25,-160.0,160.0,156.25,2026-03-16,ES	reddit_orb_breakout	reddit_orb_breakout|ny|range=15|entry=150|rr=1|sl_atr=1|tp_atr=1.5|threshold=2|adx_max=none|adx_min=none|rsi2=none|trend=all|max_bars=24
futures,ES,reddit_orb_breakout,reddit_orb_breakout|ny|range=15|entry=150|rr=1|sl_atr=1|tp_atr=1.5|threshold=2|adx_max=none|adx_min=none|rsi2=none|trend=all|max_bars=24,short,32053,32054,32072,2026-03-17 15:15:00+00:00,2026-03-17 15:30:00+00:00,2026-03-17 20:00:00+00:00,6729.25,6722.75,26.0,23.0,0.23232323232323232,96.0,96.0,3.0,session_close,18,1,1.25,28.75,123.75,120.0,2026-03-17,ES	reddit_orb_breakout	reddit_orb_breakout|ny|range=15|entry=150|rr=1|sl_atr=1|tp_atr=1.5|threshold=2|adx_max=none|adx_min=none|rsi2=none|trend=all|max_bars=24
futures,ES,reddit_orb_breakout,reddit_orb_breakout|ny|range=15|entry=150|rr=1|sl_atr=1|tp_atr=1.5|threshold=2|adx_max=none|adx_min=none|rsi2=none|trend=all|max_bars=24,short,32140,32141,32158,2026-03-18 14:00:00+00:00,2026-03-18 14:15:00+00:00,2026-03-18 18:30:00+00:00,6734.25,6710.0,97.0,94.0,0.94,97.0,97.0,3.0,tp,17,1,1.25,117.5,125.0,121.25,2026-03-18,ES	reddit_orb_breakout	reddit_orb_breakout|ny|range=15|entry=150|rr=1|sl_atr=1|tp_atr=1.5|threshold=2|adx_max=none|adx_min=none|rsi2=none|trend=all|max_bars=24
futures,ES,reddit_orb_breakout,reddit_orb_breakout|ny|range=15|entry=150|rr=1|sl_atr=1|tp_atr=1.5|threshold=2|adx_max=none|adx_min=none|rsi2=none|trend=all|max_bars=24,long,32231,32232,32252,2026-03-19 13:45:00+00:00,2026-03-19 14:00:00+00:00,2026-03-19 19:00:00+00:00,6646.75,6681.75,140.0,137.0,0.958041958041958,140.0,140.0,3.0,tp,20,1,1.25,171.25,178.75,175.0,2026-03-19,ES	reddit_orb_breakout	reddit_orb_breakout|ny|range=15|entry=150|rr=1|sl_atr=1|tp_atr=1.5|threshold=2|adx_max=none|adx_min=none|rsi2=none|trend=all|max_bars=24
futures,ES,reddit_orb_breakout,reddit_orb_breakout|ny|range=15|entry=150|rr=1|sl_atr=1|tp_atr=1.5|threshold=2|adx_max=none|adx_min=none|rsi2=none|trend=all|max_bars=24,short,32323,32324,32341,2026-03-20 13:45:00+00:00,2026-03-20 14:00:00+00:00,2026-03-20 18:15:00+00:00,6607.0,6571.25,143.0,140.0,0.958904109589041,143.0,143.0,3.0,tp,17,1,1.25,175.0,182.5,178.75,2026-03-20,ES	reddit_orb_breakout	reddit_orb_breakout|ny|range=15|entry=150|rr=1|sl_atr=1|tp_atr=1.5|threshold=2|adx_max=none|adx_min=none|rsi2=none|trend=all|max_bars=24
futures,ES,reddit_orb_breakout,reddit_orb_breakout|ny|range=15|entry=150|rr=1|sl_atr=1|tp_atr=1.5|threshold=2|adx_max=none|adx_min=none|rsi2=none|trend=all|max_bars=24,long,32415,32416,32423,2026-03-23 13:45:00+00:00,2026-03-23 14:00:00+00:00,2026-03-23 15:45:00+00:00,6680.0,6638.0,-168.0,-171.0,-1.0,168.0,168.0,3.0,sl,7,1,1.25,-213.75,213.75,210.0,2026-03-23,ES	reddit_orb_breakout	reddit_orb_breakout|ny|range=15|entry=150|rr=1|sl_atr=1|tp_atr=1.5|threshold=2|adx_max=none|adx_min=none|rsi2=none|trend=all|max_bars=24
futures,ES,reddit_orb_breakout,reddit_orb_breakout|ny|range=15|entry=150|rr=1|sl_atr=1|tp_atr=1.5|threshold=2|adx_max=none|adx_min=none|rsi2=none|trend=all|max_bars=24,long,32510,32511,32532,2026-03-24 14:30:00+00:00,2026-03-24 14:45:00+00:00,2026-03-24 20:00:00+00:00,6612.75,6610.75,-8.0,-11.0,-0.06875,157.0,157.0,3.0,session_close,21,1,1.25,-13.75,200.0,196.25,2026-03-24,ES	reddit_orb_breakout	reddit_orb_breakout|ny|range=15|entry=150|rr=1|sl_atr=1|tp_atr=1.5|threshold=2|adx_max=none|adx_min=none|rsi2=none|trend=all|max_bars=24
futures,ES,reddit_orb_breakout,reddit_orb_breakout|ny|range=15|entry=150|rr=1|sl_atr=1|tp_atr=1.5|threshold=2|adx_max=none|adx_min=none|rsi2=none|trend=all|max_bars=24,short,32599,32600,32624,2026-03-25 13:45:00+00:00,2026-03-25 14:00:00+00:00,2026-03-25 20:00:00+00:00,6639.5,6641.25,-7.0,-10.0,-0.05434782608695652,181.0,181.0,3.0,session_close,24,1,1.25,-12.5,230.0,226.25,2026-03-25,ES	reddit_orb_breakout	reddit_orb_breakout|ny|range=15|entry=150|rr=1|sl_atr=1|tp_atr=1.5|threshold=2|adx_max=none|adx_min=none|rsi2=none|trend=all|max_bars=24
futures,ES,reddit_orb_breakout,reddit_orb_breakout|ny|range=15|entry=150|rr=1|sl_atr=1|tp_atr=1.5|threshold=2|adx_max=none|adx_min=none|rsi2=none|trend=all|max_bars=24,long,32691,32692,32701,2026-03-26 13:45:00+00:00,2026-03-26 14:00:00+00:00,2026-03-26 16:15:00+00:00,6618.25,6579.75,-154.0,-157.0,-1.0,154.0,154.0,3.0,sl,9,1,1.25,-196.25,196.25,192.5,2026-03-26,ES	reddit_orb_breakout	reddit_orb_breakout|ny|range=15|entry=150|rr=1|sl_atr=1|tp_atr=1.5|threshold=2|adx_max=none|adx_min=none|rsi2=none|trend=all|max_bars=24
futures,ES,reddit_orb_breakout,reddit_orb_breakout|ny|range=15|entry=150|rr=1|sl_atr=1|tp_atr=1.5|threshold=2|adx_max=none|adx_min=none|rsi2=none|trend=all|max_bars=24,short,32783,32784,32800,2026-03-27 13:45:00+00:00,2026-03-27 14:00:00+00:00,2026-03-27 18:00:00+00:00,6458.5,6421.25,149.0,146.0,0.9605263157894737,149.0,149.0,3.0,tp,16,1,1.25,182.5,190.0,186.25,2026-03-27,ES	reddit_orb_breakout	reddit_orb_breakout|ny|range=15|entry=150|rr=1|sl_atr=1|tp_atr=1.5|threshold=2|adx_max=none|adx_min=none|rsi2=none|trend=all|max_bars=24
futures,ES,reddit_orb_breakout,reddit_orb_breakout|ny|range=15|entry=150|rr=1|sl_atr=1|tp_atr=1.5|threshold=2|adx_max=none|adx_min=none|rsi2=none|trend=all|max_bars=24,short,32875,32876,32896,2026-03-30 13:45:00+00:00,2026-03-30 14:00:00+00:00,2026-03-30 19:00:00+00:00,6417.5,6363.75,215.0,212.0,0.9724770642201835,215.0,215.0,3.0,tp,20,1,1.25,265.0,272.5,268.75,2026-03-30,ES	reddit_orb_breakout	reddit_orb_breakout|ny|range=15|entry=150|rr=1|sl_atr=1|tp_atr=1.5|threshold=2|adx_max=none|adx_min=none|rsi2=none|trend=all|max_bars=24
futures,ES,reddit_orb_breakout,reddit_orb_breakout|ny|range=15|entry=150|rr=1|sl_atr=1|tp_atr=1.5|threshold=2|adx_max=none|adx_min=none|rsi2=none|trend=all|max_bars=24,long,32967,32968,32971,2026-03-31 13:45:00+00:00,2026-03-31 14:00:00+00:00,2026-03-31 14:45:00+00:00,6494.5,6450.5,-176.0,-179.0,-1.0,176.0,176.0,3.0,sl,3,1,1.25,-223.75,223.75,220.0,2026-03-31,ES	reddit_orb_breakout	reddit_orb_breakout|ny|range=15|entry=150|rr=1|sl_atr=1|tp_atr=1.5|threshold=2|adx_max=none|adx_min=none|rsi2=none|trend=all|max_bars=24
futures,ES,reddit_orb_breakout,reddit_orb_breakout|ny|range=15|entry=150|rr=1|sl_atr=1|tp_atr=1.5|threshold=2|adx_max=none|adx_min=none|rsi2=none|trend=all|max_bars=24,long,33063,33064,33084,2026-04-01 14:45:00+00:00,2026-04-01 15:00:00+00:00,2026-04-01 20:00:00+00:00,6633.5,6622.25,-45.0,-48.0,-0.36363636363636365,129.0,129.0,3.0,session_close,20,1,1.25,-60.0,165.0,161.25,2026-04-01,ES	reddit_orb_breakout	reddit_orb_breakout|ny|range=15|entry=150|rr=1|sl_atr=1|tp_atr=1.5|threshold=2|adx_max=none|adx_min=none|rsi2=none|trend=all|max_bars=24
futures,ES,reddit_orb_breakout,reddit_orb_breakout|ny|range=15|entry=150|rr=1|sl_atr=1|tp_atr=1.5|threshold=2|adx_max=none|adx_min=none|rsi2=none|trend=all|max_bars=24,long,33151,33152,33154,2026-04-02 13:45:00+00:00,2026-04-02 14:00:00+00:00,2026-04-02 14:30:00+00:00,6560.25,6606.25,184.0,181.0,0.9679144385026738,184.0,184.0,3.0,tp,2,1,1.25,226.25,233.75,230.0,2026-04-02,ES	reddit_orb_breakout	reddit_orb_breakout|ny|range=15|entry=150|rr=1|sl_atr=1|tp_atr=1.5|threshold=2|adx_max=none|adx_min=none|rsi2=none|trend=all|max_bars=24
futures,ES,reddit_orb_breakout,reddit_orb_breakout|ny|range=15|entry=150|rr=1|sl_atr=1|tp_atr=1.5|threshold=2|adx_max=none|adx_min=none|rsi2=none|trend=all|max_bars=24,long,33304,33305,33329,2026-04-06 13:45:00+00:00,2026-04-06 14:00:00+00:00,2026-04-06 20:00:00+00:00,6649.0,6648.25,-3.0,-6.0,-0.046875,125.0,125.0,3.0,session_close,24,1,1.25,-7.5,160.0,156.25,2026-04-06,ES	reddit_orb_breakout	reddit_orb_breakout|ny|range=15|entry=150|rr=1|sl_atr=1|tp_atr=1.5|threshold=2|adx_max=none|adx_min=none|rsi2=none|trend=all|max_bars=24
futures,ES,reddit_orb_breakout,reddit_orb_breakout|ny|range=15|entry=150|rr=1|sl_atr=1|tp_atr=1.5|threshold=2|adx_max=none|adx_min=none|rsi2=none|trend=all|max_bars=24,short,33396,33397,33411,2026-04-07 13:45:00+00:00,2026-04-07 14:00:00+00:00,2026-04-07 17:30:00+00:00,6603.0,6639.0,-144.0,-147.0,-1.0,144.0,144.0,3.0,sl,14,1,1.25,-183.75,183.75,180.0,2026-04-07,ES	reddit_orb_breakout	reddit_orb_breakout|ny|range=15|entry=150|rr=1|sl_atr=1|tp_atr=1.5|threshold=2|adx_max=none|adx_min=none|rsi2=none|trend=all|max_bars=24
futures,ES,reddit_orb_breakout,reddit_orb_breakout|ny|range=15|entry=150|rr=1|sl_atr=1|tp_atr=1.5|threshold=2|adx_max=none|adx_min=none|rsi2=none|trend=all|max_bars=24,short,33488,33489,33492,2026-04-08 13:45:00+00:00,2026-04-08 14:00:00+00:00,2026-04-08 14:45:00+00:00,6811.75,6786.75,100.0,97.0,0.941747572815534,100.0,100.0,3.0,tp,3,1,1.25,121.25,128.75,125.0,2026-04-08,ES	reddit_orb_breakout	reddit_orb_breakout|ny|range=15|entry=150|rr=1|sl_atr=1|tp_atr=1.5|threshold=2|adx_max=none|adx_min=none|rsi2=none|trend=all|max_bars=24
futures,ES,reddit_orb_breakout,reddit_orb_breakout|ny|range=15|entry=150|rr=1|sl_atr=1|tp_atr=1.5|threshold=2|adx_max=none|adx_min=none|rsi2=none|trend=all|max_bars=24,short,33582,33583,33585,2026-04-09 14:15:00+00:00,2026-04-09 14:30:00+00:00,2026-04-09 15:00:00+00:00,6806.75,6821.75,-60.0,-63.0,-1.0,60.0,60.0,3.0,sl,2,1,1.25,-78.75,78.75,75.0,2026-04-09,ES	reddit_orb_breakout	reddit_orb_breakout|ny|range=15|entry=150|rr=1|sl_atr=1|tp_atr=1.5|threshold=2|adx_max=none|adx_min=none|rsi2=none|trend=all|max_bars=24
futures,ES,reddit_orb_breakout,reddit_orb_breakout|ny|range=15|entry=150|rr=1|sl_atr=1|tp_atr=1.5|threshold=2|adx_max=none|adx_min=none|rsi2=none|trend=all|max_bars=24,short,33680,33681,33697,2026-04-10 15:45:00+00:00,2026-04-10 16:00:00+00:00,2026-04-10 20:00:00+00:00,6856.75,6856.25,2.0,-1.0,-0.00980392156862745,99.0,99.0,3.0,session_close,16,1,1.25,-1.25,127.5,123.75,2026-04-10,ES	reddit_orb_breakout	reddit_orb_breakout|ny|range=15|entry=150|rr=1|sl_atr=1|tp_atr=1.5|threshold=2|adx_max=none|adx_min=none|rsi2=none|trend=all|max_bars=24
futures,ES,reddit_orb_breakout,reddit_orb_breakout|ny|range=15|entry=150|rr=1|sl_atr=1|tp_atr=1.5|threshold=2|adx_max=none|adx_min=none|rsi2=none|trend=all|max_bars=24,long,33764,33765,33776,2026-04-13 13:45:00+00:00,2026-04-13 14:00:00+00:00,2026-04-13 16:45:00+00:00,6858.0,6889.5,126.0,123.0,0.9534883720930233,126.0,126.0,3.0,tp,11,1,1.25,153.75,161.25,157.5,2026-04-13,ES	reddit_orb_breakout	reddit_orb_breakout|ny|range=15|entry=150|rr=1|sl_atr=1|tp_atr=1.5|threshold=2|adx_max=none|adx_min=none|rsi2=none|trend=all|max_bars=24
futures,ES,reddit_orb_breakout,reddit_orb_breakout|ny|range=15|entry=150|rr=1|sl_atr=1|tp_atr=1.5|threshold=2|adx_max=none|adx_min=none|rsi2=none|trend=all|max_bars=24,long,33950,33951,33968,2026-04-15 14:15:00+00:00,2026-04-15 14:30:00+00:00,2026-04-15 18:45:00+00:00,7031.0,7058.0,108.0,105.0,0.9459459459459459,108.0,108.0,3.0,tp,17,1,1.25,131.25,138.75,135.0,2026-04-15,ES	reddit_orb_breakout	reddit_orb_breakout|ny|range=15|entry=150|rr=1|sl_atr=1|tp_atr=1.5|threshold=2|adx_max=none|adx_min=none|rsi2=none|trend=all|max_bars=24
futures,ES,reddit_orb_breakout,reddit_orb_breakout|ny|range=15|entry=150|rr=1|sl_atr=1|tp_atr=1.5|threshold=2|adx_max=none|adx_min=none|rsi2=none|trend=all|max_bars=24,short,34040,34041,34045,2026-04-16 13:45:00+00:00,2026-04-16 14:00:00+00:00,2026-04-16 15:00:00+00:00,7056.0,7074.0,-72.0,-75.0,-1.0,72.0,72.0,3.0,sl,4,1,1.25,-93.75,93.75,90.0,2026-04-16,ES	reddit_orb_breakout	reddit_orb_breakout|ny|range=15|entry=150|rr=1|sl_atr=1|tp_atr=1.5|threshold=2|adx_max=none|adx_min=none|rsi2=none|trend=all|max_bars=24
futures,ES,reddit_orb_breakout,reddit_orb_breakout|ny|range=15|entry=150|rr=1|sl_atr=1|tp_atr=1.5|threshold=2|adx_max=none|adx_min=none|rsi2=none|trend=all|max_bars=24,long,34132,34133,34135,2026-04-17 13:45:00+00:00,2026-04-17 14:00:00+00:00,2026-04-17 14:30:00+00:00,7143.5,7167.75,97.0,94.0,0.94,97.0,97.0,3.0,tp,2,1,1.25,117.5,125.0,121.25,2026-04-17,ES	reddit_orb_breakout	reddit_orb_breakout|ny|range=15|entry=150|rr=1|sl_atr=1|tp_atr=1.5|threshold=2|adx_max=none|adx_min=none|rsi2=none|trend=all|max_bars=24
futures,ES,reddit_orb_breakout,reddit_orb_breakout|ny|range=15|entry=150|rr=1|sl_atr=1|tp_atr=1.5|threshold=2|adx_max=none|adx_min=none|rsi2=none|trend=all|max_bars=24,long,34224,34225,34227,2026-04-20 13:45:00+00:00,2026-04-20 14:00:00+00:00,2026-04-20 14:30:00+00:00,7157.0,7142.25,-59.0,-62.0,-1.0,59.0,59.0,3.0,sl,2,1,1.25,-77.5,77.5,73.75,2026-04-20,ES	reddit_orb_breakout	reddit_orb_breakout|ny|range=15|entry=150|rr=1|sl_atr=1|tp_atr=1.5|threshold=2|adx_max=none|adx_min=none|rsi2=none|trend=all|max_bars=24
futures,ES,reddit_orb_breakout,reddit_orb_breakout|ny|range=15|entry=150|rr=1|sl_atr=1|tp_atr=1.5|threshold=2|adx_max=none|adx_min=none|rsi2=none|trend=all|max_bars=24,long,34316,34317,34320,2026-04-21 13:45:00+00:00,2026-04-21 14:00:00+00:00,2026-04-21 14:45:00+00:00,7167.75,7147.0,-83.0,-86.0,-1.0,83.0,83.0,3.0,sl,3,1,1.25,-107.5,107.5,103.75,2026-04-21,ES	reddit_orb_breakout	reddit_orb_breakout|ny|range=15|entry=150|rr=1|sl_atr=1|tp_atr=1.5|threshold=2|adx_max=none|adx_min=none|rsi2=none|trend=all|max_bars=24
