market,symbol,strategy,variant_id,side,signal_index,entry_index,exit_index,signal_time,entry_time,exit_time,entry_price,exit_price,gross_units,net_units,r_multiple,tp_units,sl_units,cost_units,exit_reason,bars_held,size_multiplier,dollars_per_unit,pnl_dollars,risk_dollars,target_dollars,session_key
futures,ES,reddit_orb_fade,reddit_orb_fade|ny|range=15|entry=150|rr=1.5|sl_atr=1|tp_atr=1.5|threshold=2|adx_max=none|adx_min=none|rsi2=none|trend=all|max_bars=24,long,121190,121191,121193,2024-01-02 14:45:00+00:00,2024-01-02 15:00:00+00:00,2024-01-02 15:30:00+00:00,4783.0,4774.0,-36.0,-39.0,-1.0,54.0,36.0,3.0,sl,2,5,1.25,-243.75,243.75,337.5,2024-01-02
futures,ES,reddit_orb_breakout,reddit_orb_breakout|ny|range=15|entry=150|rr=1.5|sl_atr=1|tp_atr=1.5|threshold=2|adx_max=none|adx_min=none|rsi2=none|trend=ema|max_bars=24,short,121194,121195,121198,2024-01-02 15:45:00+00:00,2024-01-02 16:00:00+00:00,2024-01-02 16:45:00+00:00,4777.25,4789.75,-50.0,-53.0,-1.0,75.0,50.0,3.0,sl,3,6,1.25,-397.5,397.5,562.5,2024-01-02
futures,ES,reddit_orb_breakout,reddit_orb_breakout|ny|range=15|entry=150|rr=1.5|sl_atr=1|tp_atr=1.5|threshold=2|adx_max=none|adx_min=none|rsi2=none|trend=ema|max_bars=24,short,121282,121283,121283,2024-01-03 14:45:00+00:00,2024-01-03 15:00:00+00:00,2024-01-03 15:00:00+00:00,4759.25,4765.25,-24.0,-27.0,-1.0,36.0,24.0,3.0,sl,1,6,1.25,-202.5,202.5,270.0,2024-01-03
futures,ES,reddit_orb_fade,reddit_orb_fade|ny|range=15|entry=150|rr=1.5|sl_atr=1|tp_atr=1.5|threshold=2|adx_max=none|adx_min=none|rsi2=none|trend=all|max_bars=24,short,121283,121284,121300,2024-01-03 15:00:00+00:00,2024-01-03 15:15:00+00:00,2024-01-03 19:15:00+00:00,4753.75,4769.5,-63.0,-66.0,-1.0,94.5,63.0,3.0,sl,16,5,1.25,-412.5,412.5,590.625,2024-01-03
futures,ES,reddit_orb_retest,reddit_orb_retest|ny|range=15|entry=150|rr=1.5|sl_atr=1|tp_atr=1.5|threshold=2|adx_max=none|adx_min=none|rsi2=none|trend=all|max_bars=24,short,121283,121284,121300,2024-01-03 15:00:00+00:00,2024-01-03 15:15:00+00:00,2024-01-03 19:15:00+00:00,4753.75,4769.5,-63.0,-66.0,-1.0,94.5,63.0,3.0,sl,16,2,1.25,-165.0,165.0,236.25,2024-01-03
futures,NQ,reddit_orb_fade,reddit_orb_fade|ny|range=15|entry=150|rr=1.5|sl_atr=1|tp_atr=1.5|threshold=2|adx_max=none|adx_min=none|rsi2=none|trend=all|max_bars=24,short,121255,121256,121279,2024-01-03 15:00:00+00:00,2024-01-03 15:15:00+00:00,2024-01-03 21:00:00+00:00,16569.75,16537.75,128.0,125.0,0.3698224852071006,502.5,335.0,3.0,session_close,23,6,0.5,375.0,1014.0,1507.5,2024-01-03
futures,NQ,reddit_orb_retest,reddit_orb_retest|ny|range=15|entry=150|rr=1.5|sl_atr=1|tp_atr=1.5|threshold=2|adx_max=none|adx_min=none|rsi2=none|trend=all|max_bars=24,short,121256,121257,121279,2024-01-03 15:15:00+00:00,2024-01-03 15:30:00+00:00,2024-01-03 21:00:00+00:00,16579.5,16537.75,167.0,164.0,0.6456692913385826,376.5,251.0,3.0,session_close,22,8,0.5,656.0,1016.0,1506.0,2024-01-03
futures,NQ,reddit_orb_retest,reddit_orb_retest|ny|range=15|entry=150|rr=1.5|sl_atr=1|tp_atr=1.5|threshold=2|adx_max=none|adx_min=none|rsi2=none|trend=all|max_bars=24,long,121348,121349,121370,2024-01-04 15:15:00+00:00,2024-01-04 15:30:00+00:00,2024-01-04 20:45:00+00:00,16507.25,16443.25,-256.0,-259.0,-1.0,384.0,256.0,3.0,sl,21,8,0.5,-1036.0,1036.0,1536.0,2024-01-04
futures,ES,reddit_orb_retest,reddit_orb_retest|ny|range=15|entry=150|rr=1.5|sl_atr=1|tp_atr=1.5|threshold=2|adx_max=none|adx_min=none|rsi2=none|trend=all|max_bars=24,long,121383,121384,121396,2024-01-04 17:00:00+00:00,2024-01-04 17:15:00+00:00,2024-01-04 20:15:00+00:00,4752.75,4737.75,-60.0,-63.0,-1.0,90.0,60.0,3.0,sl,12,2,1.25,-157.5,157.5,225.0,2024-01-04
futures,ES,reddit_orb_fade,reddit_orb_fade|ny|range=15|entry=150|rr=1.5|sl_atr=1|tp_atr=1.5|threshold=2|adx_max=none|adx_min=none|rsi2=none|trend=all|max_bars=24,short,121466,121467,121467,2024-01-05 14:45:00+00:00,2024-01-05 15:00:00+00:00,2024-01-05 15:00:00+00:00,4737.0,4741.5,-18.0,-21.0,-1.0,27.0,18.0,3.0,sl,1,5,1.25,-131.25,131.25,168.75,2024-01-05
futures,NQ,reddit_orb_fade,reddit_orb_fade|ny|range=15|entry=150|rr=1.5|sl_atr=1|tp_atr=1.5|threshold=2|adx_max=none|adx_min=none|rsi2=none|trend=all|max_bars=24,short,121438,121439,121439,2024-01-05 14:45:00+00:00,2024-01-05 15:00:00+00:00,2024-01-05 15:00:00+00:00,16472.75,16495.550319073056,-91.20127629222407,-94.20127629222407,-1.0,136.80191443834337,91.20127629222407,3.0,sl,1,6,0.5,-282.6038288766722,282.6038288766722,410.4057433150301,2024-01-05
futures,ES,reddit_orb_retest,reddit_orb_retest|ny|range=15|entry=150|rr=1.5|sl_atr=1|tp_atr=1.5|threshold=2|adx_max=none|adx_min=none|rsi2=none|trend=all|max_bars=24,long,121559,121560,121567,2024-01-08 15:00:00+00:00,2024-01-08 15:15:00+00:00,2024-01-08 17:00:00+00:00,4749.75,4767.375,70.5,67.5,1.35,70.5,47.0,3.0,tp,7,2,1.25,168.75,125.0,176.25,2024-01-08
futures,ES,reddit_orb_breakout,reddit_orb_breakout|ny|range=15|entry=150|rr=1.5|sl_atr=1|tp_atr=1.5|threshold=2|adx_max=none|adx_min=none|rsi2=none|trend=ema|max_bars=24,long,121567,121568,121583,2024-01-08 17:00:00+00:00,2024-01-08 17:15:00+00:00,2024-01-08 21:00:00+00:00,4765.0,4800.0,140.0,137.0,1.2342342342342343,162.0,108.0,3.0,session_close,15,6,1.25,1027.5,832.5,1215.0,2024-01-08
futures,ES,reddit_orb_fade,reddit_orb_fade|ny|range=15|entry=150|rr=1.5|sl_atr=1|tp_atr=1.5|threshold=2|adx_max=none|adx_min=none|rsi2=none|trend=all|max_bars=24,long,121650,121651,121656,2024-01-09 14:45:00+00:00,2024-01-09 15:00:00+00:00,2024-01-09 16:15:00+00:00,4775.5,4787.5,48.0,45.0,1.2857142857142858,48.0,32.0,3.0,tp,5,5,1.25,281.25,218.75,300.0,2024-01-09
futures,ES,reddit_orb_breakout,reddit_orb_breakout|ny|range=15|entry=150|rr=1.5|sl_atr=1|tp_atr=1.5|threshold=2|adx_max=none|adx_min=none|rsi2=none|trend=ema|max_bars=24,long,121651,121652,121658,2024-01-09 15:00:00+00:00,2024-01-09 15:15:00+00:00,2024-01-09 16:45:00+00:00,4779.5,4792.25,51.0,48.0,1.2972972972972974,51.0,34.0,3.0,tp,6,6,1.25,360.0,277.5,382.5,2024-01-09
futures,ES,reddit_orb_retest,reddit_orb_retest|ny|range=15|entry=150|rr=1.5|sl_atr=1|tp_atr=1.5|threshold=2|adx_max=none|adx_min=none|rsi2=none|trend=all|max_bars=24,long,121654,121655,121656,2024-01-09 15:45:00+00:00,2024-01-09 16:00:00+00:00,2024-01-09 16:15:00+00:00,4776.5,4784.75,33.0,30.0,1.2,33.0,22.0,3.0,tp,1,2,1.25,75.0,62.5,82.5,2024-01-09
futures,ES,reddit_orb_fade,reddit_orb_fade|ny|range=15|entry=150|rr=1.5|sl_atr=1|tp_atr=1.5|threshold=2|adx_max=none|adx_min=none|rsi2=none|trend=all|max_bars=24,long,121743,121744,121754,2024-01-10 15:00:00+00:00,2024-01-10 15:15:00+00:00,2024-01-10 17:45:00+00:00,4798.5,4807.875,37.5,34.5,1.2321428571428572,37.5,25.0,3.0,tp,10,5,1.25,215.625,175.0,234.375,2024-01-10
futures,NQ,reddit_orb_fade,reddit_orb_fade|ny|range=15|entry=150|rr=1.5|sl_atr=1|tp_atr=1.5|threshold=2|adx_max=none|adx_min=none|rsi2=none|trend=all|max_bars=24,long,121715,121716,121727,2024-01-10 15:00:00+00:00,2024-01-10 15:15:00+00:00,2024-01-10 18:00:00+00:00,16846.75,16914.625,271.5,268.5,1.4592391304347827,271.5,181.0,3.0,tp,11,6,0.5,805.5,552.0,814.5,2024-01-10
futures,NQ,reddit_orb_breakout,reddit_orb_breakout|ny|range=15|entry=150|rr=1|sl_atr=1|tp_atr=1.5|threshold=2|adx_max=none|adx_min=none|rsi2=none|trend=ema|max_bars=24,long,121717,121718,121727,2024-01-10 15:30:00+00:00,2024-01-10 15:45:00+00:00,2024-01-10 18:00:00+00:00,16885.25,16931.0,183.0,180.0,0.967741935483871,183.0,183.0,3.0,tp,9,12,0.5,1080.0,1116.0,1098.0,2024-01-10
futures,ES,reddit_orb_fade,reddit_orb_fade|ny|range=15|entry=150|rr=1.5|sl_atr=1|tp_atr=1.5|threshold=2|adx_max=none|adx_min=none|rsi2=none|trend=all|max_bars=24,short,121926,121927,121951,2024-01-12 14:45:00+00:00,2024-01-12 15:00:00+00:00,2024-01-12 21:00:00+00:00,4821.75,4813.5,33.0,30.0,0.4815439648912371,88.94941122907403,59.299607486049354,3.0,session_close,24,5,1.25,187.5,389.37254678780846,555.9338201817127,2024-01-12
futures,NQ,reddit_orb_fade,reddit_orb_fade|ny|range=15|entry=150|rr=1.5|sl_atr=1|tp_atr=1.5|threshold=2|adx_max=none|adx_min=none|rsi2=none|trend=all|max_bars=24,short,121898,121899,121923,2024-01-12 14:45:00+00:00,2024-01-12 15:00:00+00:00,2024-01-12 21:00:00+00:00,16986.5,16961.5,100.0,97.0,0.42731277533039647,336.0,224.0,3.0,session_close,24,6,0.5,291.0,681.0,1008.0,2024-01-12
futures,NQ,reddit_orb_retest,reddit_orb_retest|ny|range=15|entry=150|rr=1.5|sl_atr=1|tp_atr=1.5|threshold=2|adx_max=none|adx_min=none|rsi2=none|trend=all|max_bars=24,short,121900,121901,121923,2024-01-12 15:15:00+00:00,2024-01-12 15:30:00+00:00,2024-01-12 21:00:00+00:00,16966.25,16961.5,19.0,16.0,0.05442176870748299,436.5,291.0,3.0,session_close,22,8,0.5,64.0,1176.0,1746.0,2024-01-12
futures,ES,reddit_orb_fade,reddit_orb_fade|ny|range=15|entry=150|rr=1.5|sl_atr=1|tp_atr=1.5|threshold=2|adx_max=none|adx_min=none|rsi2=none|trend=all|max_bars=24,long,122018,122019,122031,2024-01-15 14:45:00+00:00,2024-01-15 15:00:00+00:00,2024-01-15 23:00:00+00:00,4811.25,4812.25,4.0,1.0,0.08333333333333333,13.5,9.0,3.0,session_close,12,5,1.25,6.25,75.0,84.375,2024-01-15
futures,NQ,reddit_orb_fade,reddit_orb_fade|ny|range=15|entry=150|rr=1.5|sl_atr=1|tp_atr=1.5|threshold=2|adx_max=none|adx_min=none|rsi2=none|trend=all|max_bars=24,long,121990,121991,121997,2024-01-15 14:45:00+00:00,2024-01-15 15:00:00+00:00,2024-01-15 16:30:00+00:00,16953.0,16978.125,100.5,97.5,1.3928571428571428,100.5,67.0,3.0,tp,6,6,0.5,292.5,210.0,301.5,2024-01-15
futures,ES,reddit_orb_breakout,reddit_orb_breakout|ny|range=15|entry=150|rr=1.5|sl_atr=1|tp_atr=1.5|threshold=2|adx_max=none|adx_min=none|rsi2=none|trend=ema|max_bars=24,long,122022,122023,122031,2024-01-15 15:45:00+00:00,2024-01-15 16:00:00+00:00,2024-01-15 23:00:00+00:00,4813.25,4812.25,-4.0,-7.0,-0.4375,19.5,13.0,3.0,session_close,8,6,1.25,-52.5,120.0,146.25,2024-01-15
futures,NQ,reddit_orb_breakout,reddit_orb_breakout|ny|range=15|entry=150|rr=1|sl_atr=1|tp_atr=1.5|threshold=2|adx_max=none|adx_min=none|rsi2=none|trend=ema|max_bars=24,long,121994,121995,122003,2024-01-15 15:45:00+00:00,2024-01-15 16:00:00+00:00,2024-01-15 23:00:00+00:00,16975.0,16958.75,-65.0,-68.0,-0.723404255319149,91.0,91.0,3.0,session_close,8,12,0.5,-408.0,564.0,546.0,2024-01-15
futures,ES,reddit_orb_retest,reddit_orb_retest|ny|range=15|entry=150|rr=1.5|sl_atr=1|tp_atr=1.5|threshold=2|adx_max=none|adx_min=none|rsi2=none|trend=all|max_bars=24,long,122027,122028,122031,2024-01-15 17:00:00+00:00,2024-01-15 17:15:00+00:00,2024-01-15 23:00:00+00:00,4813.0,4812.25,-3.0,-6.0,-0.4,18.0,12.0,3.0,session_close,3,2,1.25,-15.0,37.5,45.0,2024-01-15
futures,ES,reddit_orb_fade,reddit_orb_fade|ny|range=15|entry=150|rr=1.5|sl_atr=1|tp_atr=1.5|threshold=2|adx_max=none|adx_min=none|rsi2=none|trend=all|max_bars=24,long,122094,122095,122096,2024-01-16 14:45:00+00:00,2024-01-16 15:00:00+00:00,2024-01-16 15:15:00+00:00,4793.75,4809.125,61.5,58.5,1.3295454545454546,61.5,41.0,3.0,tp,1,5,1.25,365.625,275.0,384.375,2024-01-16
futures,NQ,reddit_orb_fade,reddit_orb_fade|ny|range=15|entry=150|rr=1.5|sl_atr=1|tp_atr=1.5|threshold=2|adx_max=none|adx_min=none|rsi2=none|trend=all|max_bars=24,long,122066,122067,122068,2024-01-16 14:45:00+00:00,2024-01-16 15:00:00+00:00,2024-01-16 15:15:00+00:00,16914.0,17002.5,354.0,351.0,1.4686192468619246,354.0,236.0,3.0,tp,1,6,0.5,1053.0,717.0,1062.0,2024-01-16
futures,ES,reddit_orb_retest,reddit_orb_retest|ny|range=15|entry=150|rr=1.5|sl_atr=1|tp_atr=1.5|threshold=2|adx_max=none|adx_min=none|rsi2=none|trend=all|max_bars=24,long,122097,122098,122106,2024-01-16 15:30:00+00:00,2024-01-16 15:45:00+00:00,2024-01-16 17:45:00+00:00,4812.5,4788.75,-95.0,-98.0,-1.0,142.5,95.0,3.0,sl,8,2,1.25,-245.0,245.0,356.25,2024-01-16
futures,ES,reddit_orb_fade,reddit_orb_fade|ny|range=15|entry=150|rr=1.5|sl_atr=1|tp_atr=1.5|threshold=2|adx_max=none|adx_min=none|rsi2=none|trend=all|max_bars=24,long,122186,122187,122187,2024-01-17 14:45:00+00:00,2024-01-17 15:00:00+00:00,2024-01-17 15:00:00+00:00,4761.0,4765.5,18.0,15.0,1.0,18.0,12.0,3.0,tp,1,5,1.25,93.75,93.75,112.5,2024-01-17
futures,ES,reddit_orb_retest,reddit_orb_retest|ny|range=15|entry=150|rr=1.5|sl_atr=1|tp_atr=1.5|threshold=2|adx_max=none|adx_min=none|rsi2=none|trend=all|max_bars=24,long,122190,122191,122197,2024-01-17 15:45:00+00:00,2024-01-17 16:00:00+00:00,2024-01-17 17:30:00+00:00,4768.25,4759.5,-35.0,-38.0,-1.0,52.5,35.0,3.0,sl,6,2,1.25,-95.0,95.0,131.25,2024-01-17
futures,ES,reddit_orb_fade,reddit_orb_fade|ny|range=15|entry=150|rr=1.5|sl_atr=1|tp_atr=1.5|threshold=2|adx_max=none|adx_min=none|rsi2=none|trend=all|max_bars=24,long,122278,122279,122279,2024-01-18 14:45:00+00:00,2024-01-18 15:00:00+00:00,2024-01-18 15:00:00+00:00,4784.5,4779.75,-19.0,-22.0,-1.0,28.5,19.0,3.0,sl,1,5,1.25,-137.5,137.5,178.125,2024-01-18
futures,NQ,reddit_orb_fade,reddit_orb_fade|ny|range=15|entry=150|rr=1.5|sl_atr=1|tp_atr=1.5|threshold=2|adx_max=none|adx_min=none|rsi2=none|trend=all|max_bars=24,long,122251,122252,122253,2024-01-18 15:00:00+00:00,2024-01-18 15:15:00+00:00,2024-01-18 15:30:00+00:00,17017.75,17065.0,189.0,186.0,1.441860465116279,189.0,126.0,3.0,tp,1,6,0.5,558.0,387.0,567.0,2024-01-18
futures,NQ,reddit_orb_retest,reddit_orb_retest|ny|range=15|entry=150|rr=1.5|sl_atr=1|tp_atr=1.5|threshold=2|adx_max=none|adx_min=none|rsi2=none|trend=all|max_bars=24,long,122254,122255,122259,2024-01-18 15:45:00+00:00,2024-01-18 16:00:00+00:00,2024-01-18 17:00:00+00:00,17056.0,16994.75,-245.0,-248.0,-1.0,367.5,245.0,3.0,sl,4,8,0.5,-992.0,992.0,1470.0,2024-01-18
futures,ES,reddit_orb_retest,reddit_orb_retest|ny|range=15|entry=150|rr=1.5|sl_atr=1|tp_atr=1.5|threshold=2|adx_max=none|adx_min=none|rsi2=none|trend=all|max_bars=24,long,122284,122285,122287,2024-01-18 16:15:00+00:00,2024-01-18 16:30:00+00:00,2024-01-18 17:00:00+00:00,4792.75,4782.5,-41.0,-44.0,-1.0,61.5,41.0,3.0,sl,2,2,1.25,-110.0,110.0,153.75,2024-01-18
futures,NQ,reddit_orb_fade,reddit_orb_fade|ny|range=15|entry=150|rr=1.5|sl_atr=1|tp_atr=1.5|threshold=2|adx_max=none|adx_min=none|rsi2=none|trend=all|max_bars=24,short,122342,122343,122343,2024-01-19 14:45:00+00:00,2024-01-19 15:00:00+00:00,2024-01-19 15:00:00+00:00,17210.0,17212.75,-11.0,-14.0,-1.0,16.5,11.0,3.0,same_bar_sl,1,6,0.5,-42.0,42.0,49.5,2024-01-19
futures,ES,reddit_orb_fade,reddit_orb_fade|ny|range=15|entry=150|rr=1.5|sl_atr=1|tp_atr=1.5|threshold=2|adx_max=none|adx_min=none|rsi2=none|trend=all|max_bars=24,short,122371,122372,122374,2024-01-19 15:00:00+00:00,2024-01-19 15:15:00+00:00,2024-01-19 15:45:00+00:00,4819.25,4829.75,-42.0,-45.0,-1.0,63.0,42.0,3.0,sl,2,5,1.25,-281.25,281.25,393.75,2024-01-19
futures,NQ,reddit_orb_breakout,reddit_orb_breakout|ny|range=15|entry=150|rr=1|sl_atr=1|tp_atr=1.5|threshold=2|adx_max=none|adx_min=none|rsi2=none|trend=ema|max_bars=24,long,122344,122345,122347,2024-01-19 15:15:00+00:00,2024-01-19 15:30:00+00:00,2024-01-19 16:00:00+00:00,17216.0,17265.75,199.0,196.0,0.9702970297029703,199.0,199.0,3.0,tp,2,12,0.5,1176.0,1212.0,1194.0,2024-01-19
futures,ES,reddit_orb_breakout,reddit_orb_breakout|ny|range=15|entry=150|rr=1.5|sl_atr=1|tp_atr=1.5|threshold=2|adx_max=none|adx_min=none|rsi2=none|trend=ema|max_bars=24,long,122373,122374,122381,2024-01-19 15:30:00+00:00,2024-01-19 15:45:00+00:00,2024-01-19 17:30:00+00:00,4827.25,4845.625,73.5,70.5,1.3557692307692308,73.5,49.0,3.0,tp,7,6,1.25,528.75,390.0,551.25,2024-01-19
futures,NQ,reddit_orb_retest,reddit_orb_retest|ny|range=15|entry=150|rr=1.5|sl_atr=1|tp_atr=1.5|threshold=2|adx_max=none|adx_min=none|rsi2=none|trend=all|max_bars=24,long,122345,122346,122353,2024-01-19 15:30:00+00:00,2024-01-19 15:45:00+00:00,2024-01-19 17:30:00+00:00,17226.5,17316.875,361.5,358.5,1.4692622950819672,361.5,241.0,3.0,tp,7,8,0.5,1434.0,976.0,1446.0,2024-01-19
futures,ES,reddit_orb_retest,reddit_orb_retest|ny|range=15|entry=150|rr=1.5|sl_atr=1|tp_atr=1.5|threshold=2|adx_max=none|adx_min=none|rsi2=none|trend=all|max_bars=24,long,122374,122375,122383,2024-01-19 15:45:00+00:00,2024-01-19 16:00:00+00:00,2024-01-19 18:00:00+00:00,4828.75,4849.375,82.5,79.5,1.3706896551724137,82.5,55.0,3.0,tp,8,2,1.25,198.75,145.0,206.25,2024-01-19
futures,ES,reddit_orb_breakout,reddit_orb_breakout|ny|range=15|entry=150|rr=1.5|sl_atr=1|tp_atr=1.5|threshold=2|adx_max=none|adx_min=none|rsi2=none|trend=ema|max_bars=24,long,122462,122463,122465,2024-01-22 14:45:00+00:00,2024-01-22 15:00:00+00:00,2024-01-22 15:30:00+00:00,4896.25,4885.0,-45.0,-48.0,-1.0,67.5,45.0,3.0,sl,2,6,1.25,-360.0,360.0,506.25,2024-01-22
futures,ES,reddit_orb_retest,reddit_orb_retest|ny|range=15|entry=150|rr=1.5|sl_atr=1|tp_atr=1.5|threshold=2|adx_max=none|adx_min=none|rsi2=none|trend=all|max_bars=24,long,122463,122464,122465,2024-01-22 15:00:00+00:00,2024-01-22 15:15:00+00:00,2024-01-22 15:30:00+00:00,4895.75,4885.0,-43.0,-46.0,-1.0,64.5,43.0,3.0,sl,1,2,1.25,-115.0,115.0,161.25,2024-01-22
futures,ES,reddit_orb_fade,reddit_orb_fade|ny|range=15|entry=150|rr=1.5|sl_atr=1|tp_atr=1.5|threshold=2|adx_max=none|adx_min=none|rsi2=none|trend=all|max_bars=24,short,122464,122465,122466,2024-01-22 15:15:00+00:00,2024-01-22 15:30:00+00:00,2024-01-22 15:45:00+00:00,4890.0,4879.875,40.5,37.5,1.25,40.5,27.0,3.0,tp,1,5,1.25,234.375,187.5,253.125,2024-01-22
futures,ES,reddit_orb_fade,reddit_orb_fade|ny|range=15|entry=150|rr=1.5|sl_atr=1|tp_atr=1.5|threshold=2|adx_max=none|adx_min=none|rsi2=none|trend=all|max_bars=24,long,122556,122557,122557,2024-01-23 15:15:00+00:00,2024-01-23 15:30:00+00:00,2024-01-23 15:30:00+00:00,4884.0,4879.25,-19.0,-22.0,-1.0,28.5,19.0,3.0,sl,1,5,1.25,-137.5,137.5,178.125,2024-01-23
futures,ES,reddit_orb_retest,reddit_orb_retest|ny|range=15|entry=150|rr=1.5|sl_atr=1|tp_atr=1.5|threshold=2|adx_max=none|adx_min=none|rsi2=none|trend=all|max_bars=24,short,122559,122560,122574,2024-01-23 16:00:00+00:00,2024-01-23 16:15:00+00:00,2024-01-23 19:45:00+00:00,4878.5,4889.25,-43.0,-46.0,-1.0,64.5,43.0,3.0,sl,14,2,1.25,-115.0,115.0,161.25,2024-01-23
futures,ES,reddit_orb_fade,reddit_orb_fade|ny|range=15|entry=150|rr=1.5|sl_atr=1|tp_atr=1.5|threshold=2|adx_max=none|adx_min=none|rsi2=none|trend=all|max_bars=24,long,122647,122648,122649,2024-01-24 15:00:00+00:00,2024-01-24 15:15:00+00:00,2024-01-24 15:30:00+00:00,4916.75,4928.375,46.5,43.5,1.2794117647058822,46.5,31.0,3.0,tp,1,5,1.25,271.875,212.5,290.625,2024-01-24
futures,ES,reddit_orb_breakout,reddit_orb_breakout|ny|range=15|entry=150|rr=1.5|sl_atr=1|tp_atr=1.5|threshold=2|adx_max=none|adx_min=none|rsi2=none|trend=ema|max_bars=24,long,122649,122650,122661,2024-01-24 15:30:00+00:00,2024-01-24 15:45:00+00:00,2024-01-24 18:30:00+00:00,4931.25,4916.5,-59.0,-62.0,-1.0,88.5,59.0,3.0,sl,11,6,1.25,-465.0,465.0,663.75,2024-01-24
futures,NQ,reddit_orb_fade,reddit_orb_fade|ny|range=15|entry=150|rr=1.5|sl_atr=1|tp_atr=1.5|threshold=2|adx_max=none|adx_min=none|rsi2=none|trend=all|max_bars=24,short,122623,122624,122626,2024-01-24 16:00:00+00:00,2024-01-24 16:15:00+00:00,2024-01-24 16:45:00+00:00,17695.75,17743.75,-192.0,-195.0,-1.0,288.0,192.0,3.0,sl,2,6,0.5,-585.0,585.0,864.0,2024-01-24
futures,NQ,reddit_orb_retest,reddit_orb_retest|ny|range=15|entry=150|rr=1.5|sl_atr=1|tp_atr=1.5|threshold=2|adx_max=none|adx_min=none|rsi2=none|trend=all|max_bars=24,long,122624,122625,122636,2024-01-24 16:15:00+00:00,2024-01-24 16:30:00+00:00,2024-01-24 19:15:00+00:00,17708.75,17637.5,-285.0,-288.0,-1.0,427.5,285.0,3.0,sl,11,8,0.5,-1152.0,1152.0,1710.0,2024-01-24
futures,ES,reddit_orb_fade,reddit_orb_fade|ny|range=15|entry=150|rr=1.5|sl_atr=1|tp_atr=1.5|threshold=2|adx_max=none|adx_min=none|rsi2=none|trend=all|max_bars=24,short,122739,122740,122740,2024-01-25 15:00:00+00:00,2024-01-25 15:15:00+00:00,2024-01-25 15:15:00+00:00,4919.25,4922.75,-14.0,-17.0,-1.0,21.0,14.0,3.0,sl,1,5,1.25,-106.25,106.25,131.25,2024-01-25
futures,NQ,reddit_orb_fade,reddit_orb_fade|ny|range=15|entry=150|rr=1.5|sl_atr=1|tp_atr=1.5|threshold=2|adx_max=none|adx_min=none|rsi2=none|trend=all|max_bars=24,long,122711,122712,122721,2024-01-25 15:00:00+00:00,2024-01-25 15:15:00+00:00,2024-01-25 17:30:00+00:00,17706.75,17649.25,-230.0,-233.0,-1.0,345.0,230.0,3.0,sl,9,6,0.5,-699.0,699.0,1035.0,2024-01-25
futures,ES,reddit_orb_breakout,reddit_orb_breakout|ny|range=15|entry=150|rr=1.5|sl_atr=1|tp_atr=1.5|threshold=2|adx_max=none|adx_min=none|rsi2=none|trend=ema|max_bars=24,long,122740,122741,122747,2024-01-25 15:15:00+00:00,2024-01-25 15:30:00+00:00,2024-01-25 17:00:00+00:00,4924.25,4910.75,-54.0,-57.0,-1.0,81.0,54.0,3.0,sl,6,6,1.25,-427.5,427.5,607.5,2024-01-25
futures,ES,reddit_orb_retest,reddit_orb_retest|ny|range=15|entry=150|rr=1.5|sl_atr=1|tp_atr=1.5|threshold=2|adx_max=none|adx_min=none|rsi2=none|trend=all|max_bars=24,long,122744,122745,122747,2024-01-25 16:15:00+00:00,2024-01-25 16:30:00+00:00,2024-01-25 17:00:00+00:00,4921.0,4910.75,-41.0,-44.0,-1.0,61.5,41.0,3.0,sl,2,2,1.25,-110.0,110.0,153.75,2024-01-25
futures,ES,reddit_orb_fade,reddit_orb_fade|ny|range=15|entry=150|rr=1.5|sl_atr=1|tp_atr=1.5|threshold=2|adx_max=none|adx_min=none|rsi2=none|trend=all|max_bars=24,long,122830,122831,122831,2024-01-26 14:45:00+00:00,2024-01-26 15:00:00+00:00,2024-01-26 15:00:00+00:00,4919.25,4914.75,-18.0,-21.0,-1.0,27.0,18.0,3.0,sl,1,5,1.25,-131.25,131.25,168.75,2024-01-26
futures,NQ,reddit_orb_fade,reddit_orb_fade|ny|range=15|entry=150|rr=1.5|sl_atr=1|tp_atr=1.5|threshold=2|adx_max=none|adx_min=none|rsi2=none|trend=all|max_bars=24,long,122802,122803,122803,2024-01-26 14:45:00+00:00,2024-01-26 15:00:00+00:00,2024-01-26 15:00:00+00:00,17548.5,17517.25,-125.0,-128.0,-1.0,187.5,125.0,3.0,sl,1,6,0.5,-384.0,384.0,562.5,2024-01-26
futures,ES,reddit_orb_breakout,reddit_orb_breakout|ny|range=15|entry=150|rr=1.5|sl_atr=1|tp_atr=1.5|threshold=2|adx_max=none|adx_min=none|rsi2=none|trend=ema|max_bars=24,long,122833,122834,122841,2024-01-26 15:30:00+00:00,2024-01-26 15:45:00+00:00,2024-01-26 17:30:00+00:00,4930.0,4916.75,-53.0,-56.0,-1.0,79.5,53.0,3.0,sl,7,6,1.25,-420.0,420.0,596.25,2024-01-26
futures,ES,reddit_orb_retest,reddit_orb_retest|ny|range=15|entry=150|rr=1.5|sl_atr=1|tp_atr=1.5|threshold=2|adx_max=none|adx_min=none|rsi2=none|trend=all|max_bars=24,long,122838,122839,122841,2024-01-26 16:45:00+00:00,2024-01-26 17:00:00+00:00,2024-01-26 17:30:00+00:00,4930.0,4916.75,-53.0,-56.0,-1.0,79.5,53.0,3.0,sl,2,2,1.25,-140.0,140.0,198.75,2024-01-26
futures,ES,reddit_orb_fade,reddit_orb_fade|ny|range=15|entry=150|rr=1.5|sl_atr=1|tp_atr=1.5|threshold=2|adx_max=none|adx_min=none|rsi2=none|trend=all|max_bars=24,short,122923,122924,122924,2024-01-29 15:00:00+00:00,2024-01-29 15:15:00+00:00,2024-01-29 15:15:00+00:00,4922.75,4924.0,-5.0,-8.0,-1.0,7.5,5.0,3.0,same_bar_sl,1,5,1.25,-50.0,50.0,46.875,2024-01-29
futures,NQ,reddit_orb_fade,reddit_orb_fade|ny|range=15|entry=150|rr=1.5|sl_atr=1|tp_atr=1.5|threshold=2|adx_max=none|adx_min=none|rsi2=none|trend=all|max_bars=24,long,122895,122896,122899,2024-01-29 15:00:00+00:00,2024-01-29 15:15:00+00:00,2024-01-29 16:00:00+00:00,17560.25,17526.0,-137.0,-140.0,-1.0,205.5,137.0,3.0,sl,3,6,0.5,-420.0,420.0,616.5,2024-01-29
futures,ES,reddit_orb_breakout,reddit_orb_breakout|ny|range=15|entry=150|rr=1.5|sl_atr=1|tp_atr=1.5|threshold=2|adx_max=none|adx_min=none|rsi2=none|trend=ema|max_bars=24,long,122932,122933,122943,2024-01-29 17:15:00+00:00,2024-01-29 17:30:00+00:00,2024-01-29 20:00:00+00:00,4924.0,4936.0,48.0,45.0,1.2857142857142858,48.0,32.0,3.0,tp,10,6,1.25,337.5,262.5,360.0,2024-01-29
futures,NQ,reddit_orb_retest,reddit_orb_retest|ny|range=15|entry=150|rr=1.5|sl_atr=1|tp_atr=1.5|threshold=2|adx_max=none|adx_min=none|rsi2=none|trend=all|max_bars=24,long,122904,122905,122916,2024-01-29 17:15:00+00:00,2024-01-29 17:30:00+00:00,2024-01-29 20:15:00+00:00,17594.5,17691.625,388.5,385.5,1.4713740458015268,388.5,259.0,3.0,tp,11,8,0.5,1542.0,1048.0,1554.0,2024-01-29
futures,ES,reddit_orb_breakout,reddit_orb_breakout|ny|range=15|entry=150|rr=1.5|sl_atr=1|tp_atr=1.5|threshold=2|adx_max=none|adx_min=none|rsi2=none|trend=ema|max_bars=24,long,123014,123015,123015,2024-01-30 14:45:00+00:00,2024-01-30 15:00:00+00:00,2024-01-30 15:00:00+00:00,4953.75,4946.0,-31.0,-34.0,-1.0,46.5,31.0,3.0,sl,1,6,1.25,-255.0,255.0,348.75,2024-01-30
futures,ES,reddit_orb_fade,reddit_orb_fade|ny|range=15|entry=150|rr=1.5|sl_atr=1|tp_atr=1.5|threshold=2|adx_max=none|adx_min=none|rsi2=none|trend=all|max_bars=24,short,123015,123016,123022,2024-01-30 15:00:00+00:00,2024-01-30 15:15:00+00:00,2024-01-30 16:45:00+00:00,4949.0,4954.0,-20.0,-23.0,-1.0,30.0,20.0,3.0,sl,6,5,1.25,-143.75,143.75,187.5,2024-01-30
futures,NQ,reddit_orb_fade,reddit_orb_fade|ny|range=15|entry=150|rr=1.5|sl_atr=1|tp_atr=1.5|threshold=2|adx_max=none|adx_min=none|rsi2=none|trend=all|max_bars=24,long,122988,122989,122990,2024-01-30 15:15:00+00:00,2024-01-30 15:30:00+00:00,2024-01-30 15:45:00+00:00,17655.0,17631.25,-95.0,-98.0,-1.0,142.5,95.0,3.0,sl,1,6,0.5,-294.0,294.0,427.5,2024-01-30
futures,NQ,reddit_orb_retest,reddit_orb_retest|ny|range=15|entry=150|rr=1.5|sl_atr=1|tp_atr=1.5|threshold=2|adx_max=none|adx_min=none|rsi2=none|trend=all|max_bars=24,short,122989,122990,122997,2024-01-30 15:30:00+00:00,2024-01-30 15:45:00+00:00,2024-01-30 17:30:00+00:00,17640.25,17573.5,267.0,264.0,1.4585635359116023,267.0,178.0,3.0,tp,7,8,0.5,1056.0,724.0,1068.0,2024-01-30
futures,ES,reddit_orb_retest,reddit_orb_retest|ny|range=15|entry=150|rr=1.5|sl_atr=1|tp_atr=1.5|threshold=2|adx_max=none|adx_min=none|rsi2=none|trend=all|max_bars=24,long,123022,123023,123024,2024-01-30 16:45:00+00:00,2024-01-30 17:00:00+00:00,2024-01-30 17:15:00+00:00,4954.25,4946.0,-33.0,-36.0,-1.0,49.5,33.0,3.0,sl,1,2,1.25,-90.0,90.0,123.75,2024-01-30
futures,ES,reddit_orb_breakout,reddit_orb_breakout|ny|range=15|entry=150|rr=1.5|sl_atr=1|tp_atr=1.5|threshold=2|adx_max=none|adx_min=none|rsi2=none|trend=ema|max_bars=24,short,123106,123107,123123,2024-01-31 14:45:00+00:00,2024-01-31 15:00:00+00:00,2024-01-31 19:00:00+00:00,4916.75,4896.125,82.5,79.5,1.3706896551724137,82.5,55.0,3.0,tp,16,6,1.25,596.25,435.0,618.75,2024-01-31
futures,NQ,reddit_orb_fade,reddit_orb_fade|ny|range=15|entry=150|rr=1.5|sl_atr=1|tp_atr=1.5|threshold=2|adx_max=none|adx_min=none|rsi2=none|trend=all|max_bars=24,long,123078,123079,123079,2024-01-31 14:45:00+00:00,2024-01-31 15:00:00+00:00,2024-01-31 15:00:00+00:00,17370.0,17347.25,-91.0,-94.0,-1.0,136.5,91.0,3.0,sl,1,6,0.5,-282.0,282.0,409.5,2024-01-31
futures,ES,reddit_orb_fade,reddit_orb_fade|ny|range=15|entry=150|rr=1.5|sl_atr=1|tp_atr=1.5|threshold=2|adx_max=none|adx_min=none|rsi2=none|trend=all|max_bars=24,short,123198,123199,123199,2024-02-01 14:45:00+00:00,2024-02-01 15:00:00+00:00,2024-02-01 15:00:00+00:00,4887.0,4894.75,-31.0,-34.0,-1.0,46.5,31.0,3.0,sl,1,5,1.25,-212.5,212.5,290.625,2024-02-01
futures,NQ,reddit_orb_fade,reddit_orb_fade|ny|range=15|entry=150|rr=1.5|sl_atr=1|tp_atr=1.5|threshold=2|adx_max=none|adx_min=none|rsi2=none|trend=all|max_bars=24,long,123170,123171,123171,2024-02-01 14:45:00+00:00,2024-02-01 15:00:00+00:00,2024-02-01 15:00:00+00:00,17300.25,17285.25,-60.0,-63.0,-1.0,90.0,60.0,3.0,same_bar_sl,1,6,0.5,-189.0,189.0,270.0,2024-02-01
futures,ES,reddit_orb_retest,reddit_orb_retest|ny|range=15|entry=150|rr=1.5|sl_atr=1|tp_atr=1.5|threshold=2|adx_max=none|adx_min=none|rsi2=none|trend=all|max_bars=24,long,123200,123201,123202,2024-02-01 15:15:00+00:00,2024-02-01 15:30:00+00:00,2024-02-01 15:45:00+00:00,4899.0,4882.25,-67.0,-70.0,-1.0,100.5,67.0,3.0,sl,1,2,1.25,-175.0,175.0,251.25,2024-02-01
futures,NQ,reddit_orb_retest,reddit_orb_retest|ny|range=15|entry=150|rr=1.5|sl_atr=1|tp_atr=1.5|threshold=2|adx_max=none|adx_min=none|rsi2=none|trend=all|max_bars=24,long,123172,123173,123174,2024-02-01 15:15:00+00:00,2024-02-01 15:30:00+00:00,2024-02-01 15:45:00+00:00,17368.25,17294.25,-296.0,-299.0,-1.0,444.0,296.0,3.0,sl,1,8,0.5,-1196.0,1196.0,1776.0,2024-02-01
futures,ES,reddit_orb_breakout,reddit_orb_breakout|ny|range=15|entry=150|rr=1.5|sl_atr=1|tp_atr=1.5|threshold=2|adx_max=none|adx_min=none|rsi2=none|trend=ema|max_bars=24,short,123202,123203,123206,2024-02-01 15:45:00+00:00,2024-02-01 16:00:00+00:00,2024-02-01 16:45:00+00:00,4877.5,4893.25,-63.0,-66.0,-1.0,94.5,63.0,3.0,sl,3,6,1.25,-495.0,495.0,708.75,2024-02-01
futures,ES,reddit_orb_breakout,reddit_orb_breakout|ny|range=15|entry=150|rr=1.5|sl_atr=1|tp_atr=1.5|threshold=2|adx_max=none|adx_min=none|rsi2=none|trend=ema|max_bars=24,long,123290,123291,123294,2024-02-02 14:45:00+00:00,2024-02-02 15:00:00+00:00,2024-02-02 15:45:00+00:00,4941.25,4959.625,73.5,70.5,1.3557692307692308,73.5,49.0,3.0,tp,3,6,1.25,528.75,390.0,551.25,2024-02-02
futures,ES,reddit_orb_retest,reddit_orb_retest|ny|range=15|entry=150|rr=1.5|sl_atr=1|tp_atr=1.5|threshold=2|adx_max=none|adx_min=none|rsi2=none|trend=all|max_bars=24,long,123291,123292,123295,2024-02-02 15:00:00+00:00,2024-02-02 15:15:00+00:00,2024-02-02 16:00:00+00:00,4942.0,4961.5,78.0,75.0,1.3636363636363635,78.0,52.0,3.0,tp,3,2,1.25,187.5,137.5,195.0,2024-02-02
futures,NQ,reddit_orb_fade,reddit_orb_fade|ny|range=15|entry=150|rr=1.5|sl_atr=1|tp_atr=1.5|threshold=2|adx_max=none|adx_min=none|rsi2=none|trend=all|max_bars=24,long,123354,123355,123355,2024-02-05 14:45:00+00:00,2024-02-05 15:00:00+00:00,2024-02-05 15:00:00+00:00,17704.75,17676.5,-113.0,-116.0,-1.0,169.5,113.0,3.0,sl,1,6,0.5,-348.0,348.0,508.5,2024-02-05
futures,ES,reddit_orb_fade,reddit_orb_fade|ny|range=15|entry=150|rr=1.5|sl_atr=1|tp_atr=1.5|threshold=2|adx_max=none|adx_min=none|rsi2=none|trend=all|max_bars=24,short,123474,123475,123499,2024-02-06 14:45:00+00:00,2024-02-06 15:00:00+00:00,2024-02-06 21:00:00+00:00,4964.75,4969.0,-17.0,-20.0,-0.3508771929824561,81.0,54.0,3.0,session_close,24,5,1.25,-125.0,356.25,506.25,2024-02-06
futures,ES,reddit_orb_retest,reddit_orb_retest|ny|range=15|entry=150|rr=1.5|sl_atr=1|tp_atr=1.5|threshold=2|adx_max=none|adx_min=none|rsi2=none|trend=all|max_bars=24,short,123481,123482,123499,2024-02-06 16:30:00+00:00,2024-02-06 16:45:00+00:00,2024-02-06 21:00:00+00:00,4964.5,4969.0,-18.0,-21.0,-0.42,70.5,47.0,3.0,session_close,17,2,1.25,-52.5,125.0,176.25,2024-02-06
futures,ES,reddit_orb_fade,reddit_orb_fade|ny|range=15|entry=150|rr=1.5|sl_atr=1|tp_atr=1.5|threshold=2|adx_max=none|adx_min=none|rsi2=none|trend=all|max_bars=24,long,123566,123567,123567,2024-02-07 14:45:00+00:00,2024-02-07 15:00:00+00:00,2024-02-07 15:00:00+00:00,4993.25,5001.125,31.5,28.5,1.1875,31.5,21.0,3.0,tp,1,5,1.25,178.125,150.0,196.875,2024-02-07
futures,NQ,reddit_orb_fade,reddit_orb_fade|ny|range=15|entry=150|rr=1.5|sl_atr=1|tp_atr=1.5|threshold=2|adx_max=none|adx_min=none|rsi2=none|trend=all|max_bars=24,long,123538,123539,123539,2024-02-07 14:45:00+00:00,2024-02-07 15:00:00+00:00,2024-02-07 15:00:00+00:00,17745.75,17786.25,162.0,159.0,1.4324324324324325,162.0,108.0,3.0,tp,1,6,0.5,477.0,333.0,486.0,2024-02-07
futures,ES,reddit_orb_breakout,reddit_orb_breakout|ny|range=15|entry=150|rr=1.5|sl_atr=1|tp_atr=1.5|threshold=2|adx_max=none|adx_min=none|rsi2=none|trend=ema|max_bars=24,long,123567,123568,123591,2024-02-07 15:00:00+00:00,2024-02-07 15:15:00+00:00,2024-02-07 21:00:00+00:00,5003.0,5014.5,46.0,43.0,0.7543859649122807,81.0,54.0,3.0,session_close,23,6,1.25,322.5,427.5,607.5,2024-02-07
futures,NQ,reddit_orb_fade,reddit_orb_fade|ny|range=15|entry=150|rr=1.5|sl_atr=1|tp_atr=1.5|threshold=2|adx_max=none|adx_min=none|rsi2=none|trend=all|max_bars=24,short,123631,123632,123632,2024-02-08 15:00:00+00:00,2024-02-08 15:15:00+00:00,2024-02-08 15:15:00+00:00,17839.5,17863.25,-95.0,-98.0,-1.0,142.5,95.0,3.0,sl,1,6,0.5,-294.0,294.0,427.5,2024-02-08
futures,ES,reddit_orb_fade,reddit_orb_fade|ny|range=15|entry=150|rr=1.5|sl_atr=1|tp_atr=1.5|threshold=2|adx_max=none|adx_min=none|rsi2=none|trend=all|max_bars=24,long,123660,123661,123661,2024-02-08 15:15:00+00:00,2024-02-08 15:30:00+00:00,2024-02-08 15:30:00+00:00,5010.75,5008.5,-9.0,-12.0,-1.0,13.5,9.0,3.0,sl,1,5,1.25,-75.0,75.0,84.375,2024-02-08
futures,NQ,reddit_orb_breakout,reddit_orb_breakout|ny|range=15|entry=150|rr=1|sl_atr=1|tp_atr=1.5|threshold=2|adx_max=none|adx_min=none|rsi2=none|trend=ema|max_bars=24,long,123633,123634,123655,2024-02-08 15:30:00+00:00,2024-02-08 15:45:00+00:00,2024-02-08 21:00:00+00:00,17855.5,17857.0,6.0,3.0,0.015544041450777202,190.0,190.0,3.0,session_close,21,12,0.5,18.0,1158.0,1140.0,2024-02-08
futures,ES,reddit_orb_retest,reddit_orb_retest|ny|range=15|entry=150|rr=1.5|sl_atr=1|tp_atr=1.5|threshold=2|adx_max=none|adx_min=none|rsi2=none|trend=all|max_bars=24,short,123665,123666,123679,2024-02-08 16:30:00+00:00,2024-02-08 16:45:00+00:00,2024-02-08 20:00:00+00:00,5007.0,5016.0,-36.0,-39.0,-1.0,54.0,36.0,3.0,sl,13,2,1.25,-97.5,97.5,135.0,2024-02-08
futures,ES,reddit_orb_breakout,reddit_orb_breakout|ny|range=15|entry=150|rr=1.5|sl_atr=1|tp_atr=1.5|threshold=2|adx_max=none|adx_min=none|rsi2=none|trend=ema|max_bars=24,long,123750,123751,123768,2024-02-09 14:45:00+00:00,2024-02-09 15:00:00+00:00,2024-02-09 19:15:00+00:00,5026.5,5041.875,61.5,58.5,1.3295454545454546,61.5,41.0,3.0,tp,17,6,1.25,438.75,330.0,461.25,2024-02-09
futures,ES,reddit_orb_retest,reddit_orb_retest|ny|range=15|entry=150|rr=1.5|sl_atr=1|tp_atr=1.5|threshold=2|adx_max=none|adx_min=none|rsi2=none|trend=all|max_bars=24,long,123751,123752,123768,2024-02-09 15:00:00+00:00,2024-02-09 15:15:00+00:00,2024-02-09 19:15:00+00:00,5026.5,5041.875,61.5,58.5,1.3295454545454546,61.5,41.0,3.0,tp,16,2,1.25,146.25,110.0,153.75,2024-02-09
futures,ES,reddit_orb_fade,reddit_orb_fade|ny|range=15|entry=150|rr=1.5|sl_atr=1|tp_atr=1.5|threshold=2|adx_max=none|adx_min=none|rsi2=none|trend=all|max_bars=24,long,123844,123845,123846,2024-02-12 15:15:00+00:00,2024-02-12 15:30:00+00:00,2024-02-12 15:45:00+00:00,5044.5,5049.375,19.5,16.5,1.03125,19.5,13.0,3.0,tp,1,5,1.25,103.125,100.0,121.875,2024-02-12
futures,ES,reddit_orb_breakout,reddit_orb_breakout|ny|range=15|entry=150|rr=1.5|sl_atr=1|tp_atr=1.5|threshold=2|adx_max=none|adx_min=none|rsi2=none|trend=ema|max_bars=24,long,123845,123846,123848,2024-02-12 15:30:00+00:00,2024-02-12 15:45:00+00:00,2024-02-12 16:15:00+00:00,5048.0,5055.875,31.5,28.5,1.1875,31.5,21.0,3.0,tp,2,6,1.25,213.75,180.0,236.25,2024-02-12
futures,ES,reddit_orb_breakout,reddit_orb_breakout|ny|range=15|entry=150|rr=1.5|sl_atr=1|tp_atr=1.5|threshold=2|adx_max=none|adx_min=none|rsi2=none|trend=ema|max_bars=24,short,123934,123935,123937,2024-02-13 14:45:00+00:00,2024-02-13 15:00:00+00:00,2024-02-13 15:30:00+00:00,4967.75,4982.0,-57.0,-60.0,-1.0,85.5,57.0,3.0,sl,2,6,1.25,-450.0,450.0,641.25,2024-02-13
futures,NQ,reddit_orb_fade,reddit_orb_fade|ny|range=15|entry=150|rr=1.5|sl_atr=1|tp_atr=1.5|threshold=2|adx_max=none|adx_min=none|rsi2=none|trend=all|max_bars=24,short,123907,123908,123908,2024-02-13 15:00:00+00:00,2024-02-13 15:15:00+00:00,2024-02-13 15:15:00+00:00,17650.25,17680.5,-121.0,-124.0,-1.0,181.5,121.0,3.0,sl,1,6,0.5,-372.0,372.0,544.5,2024-02-13
futures,ES,reddit_orb_fade,reddit_orb_fade|ny|range=15|entry=150|rr=1.5|sl_atr=1|tp_atr=1.5|threshold=2|adx_max=none|adx_min=none|rsi2=none|trend=all|max_bars=24,long,123936,123937,123951,2024-02-13 15:15:00+00:00,2024-02-13 15:30:00+00:00,2024-02-13 19:00:00+00:00,4978.75,4961.75,-68.0,-71.0,-1.0,102.0,68.0,3.0,sl,14,5,1.25,-443.75,443.75,637.5,2024-02-13
futures,ES,reddit_orb_fade,reddit_orb_fade|ny|range=15|entry=150|rr=1.5|sl_atr=1|tp_atr=1.5|threshold=2|adx_max=none|adx_min=none|rsi2=none|trend=all|max_bars=24,short,124029,124030,124031,2024-02-14 15:30:00+00:00,2024-02-14 15:45:00+00:00,2024-02-14 16:00:00+00:00,4998.25,4983.25,60.0,57.0,1.3255813953488371,60.0,40.0,3.0,tp,1,5,1.25,356.25,268.75,375.0,2024-02-14
futures,NQ,reddit_orb_fade,reddit_orb_fade|ny|range=15|entry=150|rr=1.5|sl_atr=1|tp_atr=1.5|threshold=2|adx_max=none|adx_min=none|rsi2=none|trend=all|max_bars=24,short,124001,124002,124003,2024-02-14 15:30:00+00:00,2024-02-14 15:45:00+00:00,2024-02-14 16:00:00+00:00,17791.75,17716.375,301.5,298.5,1.463235294117647,301.5,201.0,3.0,tp,1,6,0.5,895.5,612.0,904.5,2024-02-14
futures,ES,reddit_orb_breakout,reddit_orb_breakout|ny|range=15|entry=150|rr=1.5|sl_atr=1|tp_atr=1.5|threshold=2|adx_max=none|adx_min=none|rsi2=none|trend=ema|max_bars=24,short,124031,124032,124047,2024-02-14 16:00:00+00:00,2024-02-14 16:15:00+00:00,2024-02-14 20:00:00+00:00,4985.0,5002.25,-69.0,-72.0,-1.0,103.5,69.0,3.0,sl,15,6,1.25,-540.0,540.0,776.25,2024-02-14
futures,ES,reddit_orb_fade,reddit_orb_fade|ny|range=15|entry=150|rr=1.5|sl_atr=1|tp_atr=1.5|threshold=2|adx_max=none|adx_min=none|rsi2=none|trend=all|max_bars=24,short,124118,124119,124120,2024-02-15 14:45:00+00:00,2024-02-15 15:00:00+00:00,2024-02-15 15:15:00+00:00,5022.75,5030.0,-29.0,-32.0,-1.0,43.5,29.0,3.0,sl,1,5,1.25,-200.0,200.0,271.875,2024-02-15
futures,ES,reddit_orb_breakout,reddit_orb_breakout|ny|range=15|entry=150|rr=1.5|sl_atr=1|tp_atr=1.5|threshold=2|adx_max=none|adx_min=none|rsi2=none|trend=ema|max_bars=24,long,124119,124120,124123,2024-02-15 15:00:00+00:00,2024-02-15 15:15:00+00:00,2024-02-15 16:00:00+00:00,5027.75,5018.5,-37.0,-40.0,-1.0,55.5,37.0,3.0,sl,3,6,1.25,-300.0,300.0,416.25,2024-02-15
futures,NQ,reddit_orb_fade,reddit_orb_fade|ny|range=15|entry=150|rr=1.5|sl_atr=1|tp_atr=1.5|threshold=2|adx_max=none|adx_min=none|rsi2=none|trend=all|max_bars=24,long,124091,124092,124095,2024-02-15 15:00:00+00:00,2024-02-15 15:15:00+00:00,2024-02-15 16:00:00+00:00,17856.0,17797.0,-236.0,-239.0,-1.0,354.0,236.0,3.0,sl,3,6,0.5,-717.0,717.0,1062.0,2024-02-15
futures,ES,reddit_orb_fade,reddit_orb_fade|ny|range=15|entry=150|rr=1.5|sl_atr=1|tp_atr=1.5|threshold=2|adx_max=none|adx_min=none|rsi2=none|trend=all|max_bars=24,long,124214,124215,124215,2024-02-16 15:45:00+00:00,2024-02-16 16:00:00+00:00,2024-02-16 16:00:00+00:00,5035.0,5040.25,21.0,18.0,1.0588235294117647,21.0,14.0,3.0,tp,1,5,1.25,112.5,106.25,131.25,2024-02-16
futures,ES,reddit_orb_breakout,reddit_orb_breakout|ny|range=15|entry=150|rr=1.5|sl_atr=1|tp_atr=1.5|threshold=2|adx_max=none|adx_min=none|rsi2=none|trend=ema|max_bars=24,long,124217,124218,124223,2024-02-16 16:30:00+00:00,2024-02-16 16:45:00+00:00,2024-02-16 18:00:00+00:00,5048.5,5033.0,-62.0,-65.0,-1.0,93.0,62.0,3.0,sl,5,6,1.25,-487.5,487.5,697.5,2024-02-16
futures,NQ,reddit_orb_retest,reddit_orb_retest|ny|range=15|entry=150|rr=1.5|sl_atr=1|tp_atr=1.5|threshold=2|adx_max=none|adx_min=none|rsi2=none|trend=all|max_bars=24,short,124189,124190,124202,2024-02-16 16:30:00+00:00,2024-02-16 16:45:00+00:00,2024-02-16 19:45:00+00:00,17871.5,17783.75,351.0,348.0,1.4683544303797469,351.0,234.0,3.0,tp,12,8,0.5,1392.0,948.0,1404.0,2024-02-16
futures,NQ,reddit_orb_fade,reddit_orb_fade|ny|range=15|entry=150|rr=1.5|sl_atr=1|tp_atr=1.5|threshold=2|adx_max=none|adx_min=none|rsi2=none|trend=all|max_bars=24,long,124192,124193,124194,2024-02-16 17:15:00+00:00,2024-02-16 17:30:00+00:00,2024-02-16 17:45:00+00:00,17879.25,17851.75,-110.0,-113.0,-1.0,165.0,110.0,3.0,sl,1,6,0.5,-339.0,339.0,495.0,2024-02-16
futures,ES,reddit_orb_fade,reddit_orb_fade|ny|range=15|entry=150|rr=1.5|sl_atr=1|tp_atr=1.5|threshold=2|adx_max=none|adx_min=none|rsi2=none|trend=all|max_bars=24,short,124302,124303,124304,2024-02-19 14:45:00+00:00,2024-02-19 15:00:00+00:00,2024-02-19 15:15:00+00:00,5027.75,5026.25,6.0,3.0,0.42857142857142855,6.0,4.0,3.0,tp,1,5,1.25,18.75,43.75,37.5,2024-02-19
futures,NQ,reddit_orb_breakout,reddit_orb_breakout|ny|range=15|entry=150|rr=1|sl_atr=1|tp_atr=1.5|threshold=2|adx_max=none|adx_min=none|rsi2=none|trend=ema|max_bars=24,short,124276,124277,124287,2024-02-19 15:15:00+00:00,2024-02-19 15:30:00+00:00,2024-02-19 23:00:00+00:00,17783.5,17764.0,78.0,75.0,0.7575757575757576,96.0,96.0,3.0,session_close,10,12,0.5,450.0,594.0,576.0,2024-02-19
futures,ES,reddit_orb_breakout,reddit_orb_breakout|ny|range=15|entry=150|rr=1.5|sl_atr=1|tp_atr=1.5|threshold=2|adx_max=none|adx_min=none|rsi2=none|trend=ema|max_bars=24,short,124305,124306,124315,2024-02-19 15:30:00+00:00,2024-02-19 15:45:00+00:00,2024-02-19 23:00:00+00:00,5024.5,5019.75,19.0,16.0,0.8421052631578947,24.0,16.0,3.0,session_close,9,6,1.25,120.0,142.5,180.0,2024-02-19
futures,NQ,reddit_orb_retest,reddit_orb_retest|ny|range=15|entry=150|rr=1.5|sl_atr=1|tp_atr=1.5|threshold=2|adx_max=none|adx_min=none|rsi2=none|trend=all|max_bars=24,short,124277,124278,124287,2024-02-19 15:30:00+00:00,2024-02-19 15:45:00+00:00,2024-02-19 23:00:00+00:00,17777.5,17764.0,54.0,51.0,0.4146341463414634,180.0,120.0,3.0,session_close,9,8,0.5,204.0,492.0,720.0,2024-02-19
futures,ES,reddit_orb_retest,reddit_orb_retest|ny|range=15|entry=150|rr=1.5|sl_atr=1|tp_atr=1.5|threshold=2|adx_max=none|adx_min=none|rsi2=none|trend=all|max_bars=24,short,124311,124312,124315,2024-02-19 17:00:00+00:00,2024-02-19 17:15:00+00:00,2024-02-19 23:00:00+00:00,5024.25,5019.75,18.0,15.0,0.75,25.5,17.0,3.0,session_close,3,2,1.25,37.5,50.0,63.75,2024-02-19
futures,NQ,reddit_orb_fade,reddit_orb_fade|ny|range=15|entry=150|rr=1.5|sl_atr=1|tp_atr=1.5|threshold=2|adx_max=none|adx_min=none|rsi2=none|trend=all|max_bars=24,long,124284,124285,124286,2024-02-19 17:15:00+00:00,2024-02-19 17:30:00+00:00,2024-02-19 17:45:00+00:00,17785.75,17792.5,27.0,24.0,1.1428571428571428,27.0,18.0,3.0,tp,1,6,0.5,72.0,63.0,81.0,2024-02-19
futures,ES,reddit_orb_fade,reddit_orb_fade|ny|range=15|entry=150|rr=1.5|sl_atr=1|tp_atr=1.5|threshold=2|adx_max=none|adx_min=none|rsi2=none|trend=all|max_bars=24,long,124470,124471,124471,2024-02-21 14:45:00+00:00,2024-02-21 15:00:00+00:00,2024-02-21 15:00:00+00:00,4976.5,4981.75,21.0,18.0,1.0588235294117647,21.0,14.0,3.0,tp,1,5,1.25,112.5,106.25,131.25,2024-02-21
futures,NQ,reddit_orb_fade,reddit_orb_fade|ny|range=15|entry=150|rr=1.5|sl_atr=1|tp_atr=1.5|threshold=2|adx_max=none|adx_min=none|rsi2=none|trend=all|max_bars=24,long,124442,124443,124443,2024-02-21 14:45:00+00:00,2024-02-21 15:00:00+00:00,2024-02-21 15:00:00+00:00,17472.75,17509.5,147.0,144.0,1.4257425742574257,147.0,98.0,3.0,tp,1,6,0.5,432.0,303.0,441.0,2024-02-21
futures,ES,reddit_orb_retest,reddit_orb_retest|ny|range=15|entry=150|rr=1.5|sl_atr=1|tp_atr=1.5|threshold=2|adx_max=none|adx_min=none|rsi2=none|trend=all|max_bars=24,long,124477,124478,124479,2024-02-21 16:30:00+00:00,2024-02-21 16:45:00+00:00,2024-02-21 17:00:00+00:00,4982.0,4974.25,-31.0,-34.0,-1.0,46.5,31.0,3.0,sl,1,2,1.25,-85.0,85.0,116.25,2024-02-21
futures,ES,reddit_orb_breakout,reddit_orb_breakout|ny|range=15|entry=150|rr=1.5|sl_atr=1|tp_atr=1.5|threshold=2|adx_max=none|adx_min=none|rsi2=none|trend=ema|max_bars=24,long,124562,124563,124580,2024-02-22 14:45:00+00:00,2024-02-22 15:00:00+00:00,2024-02-22 19:15:00+00:00,5072.5,5102.875,121.5,118.5,1.4107142857142858,121.5,81.0,3.0,tp,17,6,1.25,888.75,630.0,911.25,2024-02-22
futures,NQ,reddit_orb_retest,reddit_orb_retest|ny|range=15|entry=150|rr=1.5|sl_atr=1|tp_atr=1.5|threshold=2|adx_max=none|adx_min=none|rsi2=none|trend=all|max_bars=24,long,124535,124536,124549,2024-02-22 15:00:00+00:00,2024-02-22 15:15:00+00:00,2024-02-22 18:30:00+00:00,17936.0,18044.0,432.0,429.0,1.4742268041237114,432.0,288.0,3.0,tp,13,8,0.5,1716.0,1164.0,1728.0,2024-02-22
futures,NQ,reddit_orb_fade,reddit_orb_fade|ny|range=15|entry=150|rr=1.5|sl_atr=1|tp_atr=1.5|threshold=2|adx_max=none|adx_min=none|rsi2=none|trend=all|max_bars=24,short,124538,124539,124539,2024-02-22 15:45:00+00:00,2024-02-22 16:00:00+00:00,2024-02-22 16:00:00+00:00,17914.5,17935.0,-82.0,-85.0,-1.0,123.0,82.0,3.0,sl,1,6,0.5,-255.0,255.0,369.0,2024-02-22
futures,ES,reddit_orb_fade,reddit_orb_fade|ny|range=15|entry=150|rr=1.5|sl_atr=1|tp_atr=1.5|threshold=2|adx_max=none|adx_min=none|rsi2=none|trend=all|max_bars=24,short,124654,124655,124657,2024-02-23 14:45:00+00:00,2024-02-23 15:00:00+00:00,2024-02-23 15:30:00+00:00,5119.0,5112.25,27.0,24.0,1.1428571428571428,27.0,18.0,3.0,tp,2,5,1.25,150.0,131.25,168.75,2024-02-23
futures,ES,reddit_orb_retest,reddit_orb_retest|ny|range=15|entry=150|rr=1.5|sl_atr=1|tp_atr=1.5|threshold=2|adx_max=none|adx_min=none|rsi2=none|trend=all|max_bars=24,short,124658,124659,124679,2024-02-23 15:45:00+00:00,2024-02-23 16:00:00+00:00,2024-02-23 21:00:00+00:00,5108.5,5097.5,44.0,41.0,0.6833333333333333,85.5,57.0,3.0,session_close,20,2,1.25,102.5,150.0,213.75,2024-02-23
futures,ES,reddit_orb_fade,reddit_orb_fade|ny|range=15|entry=150|rr=1.5|sl_atr=1|tp_atr=1.5|threshold=2|adx_max=none|adx_min=none|rsi2=none|trend=all|max_bars=24,long,124746,124747,124749,2024-02-26 14:45:00+00:00,2024-02-26 15:00:00+00:00,2024-02-26 15:30:00+00:00,5102.75,5097.75,-20.0,-23.0,-1.0,30.0,20.0,3.0,sl,2,5,1.25,-143.75,143.75,187.5,2024-02-26
futures,NQ,reddit_orb_fade,reddit_orb_fade|ny|range=15|entry=150|rr=1.5|sl_atr=1|tp_atr=1.5|threshold=2|adx_max=none|adx_min=none|rsi2=none|trend=all|max_bars=24,long,124719,124720,124720,2024-02-26 15:00:00+00:00,2024-02-26 15:15:00+00:00,2024-02-26 15:15:00+00:00,17997.25,18040.75,174.0,171.0,1.4369747899159664,174.0,116.0,3.0,tp,1,6,0.5,513.0,357.0,522.0,2024-02-26
futures,ES,reddit_orb_retest,reddit_orb_retest|ny|range=15|entry=150|rr=1.5|sl_atr=1|tp_atr=1.5|threshold=2|adx_max=none|adx_min=none|rsi2=none|trend=all|max_bars=24,short,124748,124749,124760,2024-02-26 15:15:00+00:00,2024-02-26 15:30:00+00:00,2024-02-26 18:15:00+00:00,5100.0,5088.0,48.0,45.0,1.2857142857142858,48.0,32.0,3.0,tp,11,2,1.25,112.5,87.5,120.0,2024-02-26
futures,ES,reddit_orb_fade,reddit_orb_fade|ny|range=15|entry=150|rr=1.5|sl_atr=1|tp_atr=1.5|threshold=2|adx_max=none|adx_min=none|rsi2=none|trend=all|max_bars=24,long,124845,124846,124846,2024-02-27 16:30:00+00:00,2024-02-27 16:45:00+00:00,2024-02-27 16:45:00+00:00,5075.25,5077.5,9.0,6.0,0.6666666666666666,9.0,6.0,3.0,tp,1,5,1.25,37.5,56.25,56.25,2024-02-27
futures,ES,reddit_orb_fade,reddit_orb_fade|ny|range=15|entry=150|rr=1.5|sl_atr=1|tp_atr=1.5|threshold=2|adx_max=none|adx_min=none|rsi2=none|trend=all|max_bars=24,long,124930,124931,124931,2024-02-28 14:45:00+00:00,2024-02-28 15:00:00+00:00,2024-02-28 15:00:00+00:00,5072.0,5077.25,21.0,18.0,1.0588235294117647,21.0,14.0,3.0,tp,1,5,1.25,112.5,106.25,131.25,2024-02-28
futures,NQ,reddit_orb_breakout,reddit_orb_breakout|ny|range=15|entry=150|rr=1|sl_atr=1|tp_atr=1.5|threshold=2|adx_max=none|adx_min=none|rsi2=none|trend=ema|max_bars=24,short,124902,124903,124907,2024-02-28 14:45:00+00:00,2024-02-28 15:00:00+00:00,2024-02-28 16:00:00+00:00,17896.25,17946.5,-201.0,-204.0,-1.0,201.0,201.0,3.0,sl,4,12,0.5,-1224.0,1224.0,1206.0,2024-02-28
futures,NQ,reddit_orb_fade,reddit_orb_fade|ny|range=15|entry=150|rr=1.5|sl_atr=1|tp_atr=1.5|threshold=2|adx_max=none|adx_min=none|rsi2=none|trend=all|max_bars=24,long,124903,124904,124907,2024-02-28 15:00:00+00:00,2024-02-28 15:15:00+00:00,2024-02-28 16:00:00+00:00,17909.5,17954.125,178.5,175.5,1.4385245901639345,178.5,119.0,3.0,tp,3,6,0.5,526.5,366.0,535.5,2024-02-28
futures,ES,reddit_orb_breakout,reddit_orb_breakout|ny|range=15|entry=150|rr=1.5|sl_atr=1|tp_atr=1.5|threshold=2|adx_max=none|adx_min=none|rsi2=none|trend=ema|max_bars=24,short,125023,125024,125046,2024-02-29 15:00:00+00:00,2024-02-29 15:15:00+00:00,2024-02-29 20:45:00+00:00,5086.5,5105.5,-76.0,-79.0,-1.0,114.0,76.0,3.0,sl,22,6,1.25,-592.5,592.5,855.0,2024-02-29
futures,NQ,reddit_orb_retest,reddit_orb_retest|ny|range=15|entry=150|rr=1.5|sl_atr=1|tp_atr=1.5|threshold=2|adx_max=none|adx_min=none|rsi2=none|trend=all|max_bars=24,short,124996,124997,125001,2024-02-29 15:15:00+00:00,2024-02-29 15:30:00+00:00,2024-02-29 16:30:00+00:00,18017.5,17935.0,330.0,327.0,1.4663677130044843,330.0,220.0,3.0,tp,4,8,0.5,1308.0,892.0,1320.0,2024-02-29
futures,ES,reddit_orb_fade,reddit_orb_fade|ny|range=15|entry=150|rr=1.5|sl_atr=1|tp_atr=1.5|threshold=2|adx_max=none|adx_min=none|rsi2=none|trend=all|max_bars=24,long,125114,125115,125115,2024-03-01 14:45:00+00:00,2024-03-01 15:00:00+00:00,2024-03-01 15:00:00+00:00,5107.0,5115.625,34.5,31.5,1.2115384615384615,34.5,23.0,3.0,tp,1,5,1.25,196.875,162.5,215.625,2024-03-01
futures,ES,reddit_orb_breakout,reddit_orb_breakout|ny|range=15|entry=150|rr=1.5|sl_atr=1|tp_atr=1.5|threshold=2|adx_max=none|adx_min=none|rsi2=none|trend=ema|max_bars=24,long,125115,125116,125124,2024-03-01 15:00:00+00:00,2024-03-01 15:15:00+00:00,2024-03-01 17:15:00+00:00,5114.5,5133.25,75.0,72.0,1.3584905660377358,75.0,50.0,3.0,tp,8,6,1.25,540.0,397.5,562.5,2024-03-01
futures,NQ,reddit_orb_retest,reddit_orb_retest|ny|range=15|entry=150|rr=1.5|sl_atr=1|tp_atr=1.5|threshold=2|adx_max=none|adx_min=none|rsi2=none|trend=all|max_bars=24,long,125089,125090,125098,2024-03-01 15:30:00+00:00,2024-03-01 15:45:00+00:00,2024-03-01 17:45:00+00:00,18169.75,18283.75,456.0,453.0,1.47557003257329,456.0,304.0,3.0,tp,8,8,0.5,1812.0,1228.0,1824.0,2024-03-01
futures,ES,reddit_orb_fade,reddit_orb_fade|ny|range=15|entry=150|rr=1.5|sl_atr=1|tp_atr=1.5|threshold=2|adx_max=none|adx_min=none|rsi2=none|trend=all|max_bars=24,short,125206,125207,125207,2024-03-04 14:45:00+00:00,2024-03-04 15:00:00+00:00,2024-03-04 15:00:00+00:00,5140.5,5139.0,6.0,3.0,0.42857142857142855,6.0,4.0,3.0,tp,1,5,1.25,18.75,43.75,37.5,2024-03-04
futures,NQ,reddit_orb_fade,reddit_orb_fade|ny|range=15|entry=150|rr=1.5|sl_atr=1|tp_atr=1.5|threshold=2|adx_max=none|adx_min=none|rsi2=none|trend=all|max_bars=24,long,125179,125180,125181,2024-03-04 15:00:00+00:00,2024-03-04 15:15:00+00:00,2024-03-04 15:30:00+00:00,18299.75,18329.0,117.0,114.0,1.4074074074074074,117.0,78.0,3.0,tp,1,6,0.5,342.0,243.0,351.0,2024-03-04
futures,ES,reddit_orb_breakout,reddit_orb_breakout|ny|range=15|entry=150|rr=1.5|sl_atr=1|tp_atr=1.5|threshold=2|adx_max=none|adx_min=none|rsi2=none|trend=ema|max_bars=24,long,125209,125210,125226,2024-03-04 15:30:00+00:00,2024-03-04 15:45:00+00:00,2024-03-04 19:45:00+00:00,5143.75,5156.5,51.0,48.0,1.2972972972972974,51.0,34.0,3.0,tp,16,6,1.25,360.0,277.5,382.5,2024-03-04
futures,ES,reddit_orb_retest,reddit_orb_retest|ny|range=15|entry=150|rr=1.5|sl_atr=1|tp_atr=1.5|threshold=2|adx_max=none|adx_min=none|rsi2=none|trend=all|max_bars=24,long,125210,125211,125225,2024-03-04 15:45:00+00:00,2024-03-04 16:00:00+00:00,2024-03-04 19:30:00+00:00,5142.0,5152.125,40.5,37.5,1.25,40.5,27.0,3.0,tp,14,2,1.25,93.75,75.0,101.25,2024-03-04
futures,ES,reddit_orb_fade,reddit_orb_fade|ny|range=15|entry=150|rr=1.5|sl_atr=1|tp_atr=1.5|threshold=2|adx_max=none|adx_min=none|rsi2=none|trend=all|max_bars=24,long,125298,125299,125299,2024-03-05 14:45:00+00:00,2024-03-05 15:00:00+00:00,2024-03-05 15:00:00+00:00,5111.0,5107.25,-15.0,-18.0,-1.0,22.5,15.0,3.0,same_bar_sl,1,5,1.25,-112.5,112.5,140.625,2024-03-05
futures,ES,reddit_orb_breakout,reddit_orb_breakout|ny|range=15|entry=150|rr=1.5|sl_atr=1|tp_atr=1.5|threshold=2|adx_max=none|adx_min=none|rsi2=none|trend=ema|max_bars=24,short,125299,125300,125305,2024-03-05 15:00:00+00:00,2024-03-05 15:15:00+00:00,2024-03-05 16:30:00+00:00,5104.5,5085.0,78.0,75.0,1.3636363636363635,78.0,52.0,3.0,tp,5,6,1.25,562.5,412.5,585.0,2024-03-05
futures,ES,reddit_orb_fade,reddit_orb_fade|ny|range=15|entry=150|rr=1.5|sl_atr=1|tp_atr=1.5|threshold=2|adx_max=none|adx_min=none|rsi2=none|trend=all|max_bars=24,long,125390,125391,125391,2024-03-06 14:45:00+00:00,2024-03-06 15:00:00+00:00,2024-03-06 15:00:00+00:00,5112.75,5110.0,-11.0,-14.0,-1.0,16.5,11.0,3.0,sl,1,5,1.25,-87.5,87.5,103.125,2024-03-06
futures,ES,reddit_orb_breakout,reddit_orb_breakout|ny|range=15|entry=150|rr=1.5|sl_atr=1|tp_atr=1.5|threshold=2|adx_max=none|adx_min=none|rsi2=none|trend=ema|max_bars=24,short,125391,125392,125395,2024-03-06 15:00:00+00:00,2024-03-06 15:15:00+00:00,2024-03-06 16:00:00+00:00,5105.0,5122.25,-69.0,-72.0,-1.0,103.5,69.0,3.0,sl,3,6,1.25,-540.0,540.0,776.25,2024-03-06
futures,ES,reddit_orb_retest,reddit_orb_retest|ny|range=15|entry=150|rr=1.5|sl_atr=1|tp_atr=1.5|threshold=2|adx_max=none|adx_min=none|rsi2=none|trend=all|max_bars=24,short,125392,125393,125395,2024-03-06 15:15:00+00:00,2024-03-06 15:30:00+00:00,2024-03-06 16:00:00+00:00,5107.25,5122.25,-60.0,-63.0,-1.0,90.0,60.0,3.0,sl,2,2,1.25,-157.5,157.5,225.0,2024-03-06
futures,NQ,reddit_orb_fade,reddit_orb_fade|ny|range=15|entry=150|rr=1.5|sl_atr=1|tp_atr=1.5|threshold=2|adx_max=none|adx_min=none|rsi2=none|trend=all|max_bars=24,long,125366,125367,125371,2024-03-06 15:45:00+00:00,2024-03-06 16:00:00+00:00,2024-03-06 17:00:00+00:00,18077.0,18151.25,297.0,294.0,1.462686567164179,297.0,198.0,3.0,tp,4,6,0.5,882.0,603.0,891.0,2024-03-06
futures,ES,reddit_orb_fade,reddit_orb_fade|ny|range=15|entry=150|rr=1.5|sl_atr=1|tp_atr=1.5|threshold=2|adx_max=none|adx_min=none|rsi2=none|trend=all|max_bars=24,long,125482,125483,125497,2024-03-07 14:45:00+00:00,2024-03-07 15:00:00+00:00,2024-03-07 18:30:00+00:00,5145.5,5163.875,73.5,70.5,1.3557692307692308,73.5,49.0,3.0,tp,14,5,1.25,440.625,325.0,459.375,2024-03-07
futures,NQ,reddit_orb_fade,reddit_orb_fade|ny|range=15|entry=150|rr=1.5|sl_atr=1|tp_atr=1.5|threshold=2|adx_max=none|adx_min=none|rsi2=none|trend=all|max_bars=24,long,125454,125455,125462,2024-03-07 14:45:00+00:00,2024-03-07 15:00:00+00:00,2024-03-07 16:45:00+00:00,18192.25,18302.5,441.0,438.0,1.4747474747474747,441.0,294.0,3.0,tp,7,6,0.5,1314.0,891.0,1323.0,2024-03-07
futures,ES,reddit_orb_breakout,reddit_orb_breakout|ny|range=15|entry=150|rr=1.5|sl_atr=1|tp_atr=1.5|threshold=2|adx_max=none|adx_min=none|rsi2=none|trend=ema|max_bars=24,long,125483,125484,125497,2024-03-07 15:00:00+00:00,2024-03-07 15:15:00+00:00,2024-03-07 18:30:00+00:00,5148.25,5162.875,58.5,55.5,1.3214285714285714,58.5,39.0,3.0,tp,13,6,1.25,416.25,315.0,438.75,2024-03-07
futures,ES,reddit_orb_retest,reddit_orb_retest|ny|range=15|entry=150|rr=1.5|sl_atr=1|tp_atr=1.5|threshold=2|adx_max=none|adx_min=none|rsi2=none|trend=all|max_bars=24,long,125484,125485,125507,2024-03-07 15:15:00+00:00,2024-03-07 15:30:00+00:00,2024-03-07 21:00:00+00:00,5153.5,5155.5,8.0,5.0,0.07936507936507936,90.0,60.0,3.0,session_close,22,2,1.25,12.5,157.5,225.0,2024-03-07
futures,ES,reddit_orb_breakout,reddit_orb_breakout|ny|range=15|entry=150|rr=1.5|sl_atr=1|tp_atr=1.5|threshold=2|adx_max=none|adx_min=none|rsi2=none|trend=ema|max_bars=24,long,125574,125575,125580,2024-03-08 14:45:00+00:00,2024-03-08 15:00:00+00:00,2024-03-08 16:15:00+00:00,5188.25,5163.25,-100.0,-103.0,-1.0,150.0,100.0,3.0,sl,5,6,1.25,-772.5,772.5,1125.0,2024-03-08
futures,ES,reddit_orb_fade,reddit_orb_fade|ny|range=15|entry=150|rr=1.5|sl_atr=1|tp_atr=1.5|threshold=2|adx_max=none|adx_min=none|rsi2=none|trend=all|max_bars=24,short,125579,125580,125581,2024-03-08 16:00:00+00:00,2024-03-08 16:15:00+00:00,2024-03-08 16:30:00+00:00,5173.0,5151.625,85.5,82.5,1.375,85.5,57.0,3.0,tp,1,5,1.25,515.625,375.0,534.375,2024-03-08
futures,NQ,reddit_orb_fade,reddit_orb_fade|ny|range=15|entry=150|rr=1.5|sl_atr=1|tp_atr=1.5|threshold=2|adx_max=none|adx_min=none|rsi2=none|trend=all|max_bars=24,short,125551,125552,125555,2024-03-08 16:00:00+00:00,2024-03-08 16:15:00+00:00,2024-03-08 17:00:00+00:00,18289.5,18145.875,574.5,571.5,1.4805699481865284,574.5,383.0,3.0,tp,3,6,0.5,1714.5,1158.0,1723.5,2024-03-08
futures,ES,reddit_orb_breakout,reddit_orb_breakout|ny|range=15|entry=150|rr=1.5|sl_atr=1|tp_atr=1.5|threshold=2|adx_max=none|adx_min=none|rsi2=none|trend=ema|max_bars=24,short,125666,125667,125677,2024-03-11 13:45:00+00:00,2024-03-11 14:00:00+00:00,2024-03-11 16:30:00+00:00,5104.0,5119.0,-60.0,-63.0,-1.0,90.0,60.0,3.0,sl,10,6,1.25,-472.5,472.5,675.0,2024-03-11
futures,NQ,reddit_orb_fade,reddit_orb_fade|ny|range=15|entry=150|rr=1.5|sl_atr=1|tp_atr=1.5|threshold=2|adx_max=none|adx_min=none|rsi2=none|trend=all|max_bars=24,short,125638,125639,125642,2024-03-11 13:45:00+00:00,2024-03-11 14:00:00+00:00,2024-03-11 14:45:00+00:00,17899.75,18001.78170052936,-408.1268021174328,-411.1268021174328,-1.0,612.190203176142,408.1268021174328,3.0,sl,3,6,0.5,-1233.3804063522985,1233.3804063522985,1836.5706095284258,2024-03-11
futures,ES,reddit_orb_fade,reddit_orb_fade|ny|range=15|entry=150|rr=1.5|sl_atr=1|tp_atr=1.5|threshold=2|adx_max=none|adx_min=none|rsi2=none|trend=all|max_bars=24,long,125670,125671,125691,2024-03-11 14:45:00+00:00,2024-03-11 15:00:00+00:00,2024-03-11 20:00:00+00:00,5115.5,5125.0,38.0,35.0,0.5737704918032787,87.0,58.0,3.0,session_close,20,5,1.25,218.75,381.25,543.75,2024-03-11
futures,ES,reddit_orb_retest,reddit_orb_retest|ny|range=15|entry=150|rr=1.5|sl_atr=1|tp_atr=1.5|threshold=2|adx_max=none|adx_min=none|rsi2=none|trend=all|max_bars=24,short,125671,125672,125677,2024-03-11 15:00:00+00:00,2024-03-11 15:15:00+00:00,2024-03-11 16:30:00+00:00,5109.5,5119.0,-38.0,-41.0,-1.0,57.0,38.0,3.0,sl,5,2,1.25,-102.5,102.5,142.5,2024-03-11
futures,ES,reddit_orb_fade,reddit_orb_fade|ny|range=15|entry=150|rr=1.5|sl_atr=1|tp_atr=1.5|threshold=2|adx_max=none|adx_min=none|rsi2=none|trend=all|max_bars=24,long,125758,125759,125782,2024-03-12 13:45:00+00:00,2024-03-12 14:00:00+00:00,2024-03-12 19:45:00+00:00,5143.5,5182.125,154.5,151.5,1.429245283018868,154.5,103.0,3.0,tp,23,5,1.25,946.875,662.5,965.625,2024-03-12
futures,ES,reddit_orb_breakout,reddit_orb_breakout|ny|range=15|entry=150|rr=1.5|sl_atr=1|tp_atr=1.5|threshold=2|adx_max=none|adx_min=none|rsi2=none|trend=ema|max_bars=24,long,125760,125761,125783,2024-03-12 14:15:00+00:00,2024-03-12 14:30:00+00:00,2024-03-12 20:00:00+00:00,5159.75,5178.25,74.0,71.0,0.47019867549668876,222.0,148.0,3.0,session_close,22,6,1.25,532.5,1132.5,1665.0,2024-03-12
futures,ES,reddit_orb_fade,reddit_orb_fade|ny|range=15|entry=150|rr=1.5|sl_atr=1|tp_atr=1.5|threshold=2|adx_max=none|adx_min=none|rsi2=none|trend=all|max_bars=24,long,125851,125852,125863,2024-03-13 14:00:00+00:00,2024-03-13 14:15:00+00:00,2024-03-13 17:00:00+00:00,5234.75,5243.75,36.0,33.0,1.2222222222222223,36.0,24.0,3.0,tp,11,5,1.25,206.25,168.75,225.0,2024-03-13
futures,NQ,reddit_orb_fade,reddit_orb_fade|ny|range=15|entry=150|rr=1.5|sl_atr=1|tp_atr=1.5|threshold=2|adx_max=none|adx_min=none|rsi2=none|trend=all|max_bars=24,long,125825,125826,125826,2024-03-13 14:30:00+00:00,2024-03-13 14:45:00+00:00,2024-03-13 14:45:00+00:00,18381.0,18332.5,-194.0,-197.0,-1.0,291.0,194.0,3.0,sl,1,6,0.5,-591.0,591.0,873.0,2024-03-13
futures,ES,reddit_orb_retest,reddit_orb_retest|ny|range=15|entry=150|rr=1.5|sl_atr=1|tp_atr=1.5|threshold=2|adx_max=none|adx_min=none|rsi2=none|trend=all|max_bars=24,short,125856,125857,125863,2024-03-13 15:15:00+00:00,2024-03-13 15:30:00+00:00,2024-03-13 17:00:00+00:00,5232.75,5243.25,-42.0,-45.0,-1.0,63.0,42.0,3.0,sl,6,2,1.25,-112.5,112.5,157.5,2024-03-13
futures,ES,reddit_orb_fade,reddit_orb_fade|ny|range=15|entry=150|rr=1.5|sl_atr=1|tp_atr=1.5|threshold=2|adx_max=none|adx_min=none|rsi2=none|trend=all|max_bars=24,long,126034,126035,126035,2024-03-15 13:45:00+00:00,2024-03-15 14:00:00+00:00,2024-03-15 14:00:00+00:00,5182.25,5180.25,-8.0,-11.0,-1.0,12.0,8.0,3.0,same_bar_sl,1,5,1.25,-68.75,68.75,75.0,2024-03-15
futures,NQ,reddit_orb_fade,reddit_orb_fade|ny|range=15|entry=150|rr=1.5|sl_atr=1|tp_atr=1.5|threshold=2|adx_max=none|adx_min=none|rsi2=none|trend=all|max_bars=24,long,126006,126007,126007,2024-03-15 13:45:00+00:00,2024-03-15 14:00:00+00:00,2024-03-15 14:00:00+00:00,18093.25,18070.0,-93.0,-96.0,-1.0,139.5,93.0,3.0,sl,1,6,0.5,-288.0,288.0,418.5,2024-03-15
futures,ES,reddit_orb_breakout,reddit_orb_breakout|ny|range=15|entry=150|rr=1.5|sl_atr=1|tp_atr=1.5|threshold=2|adx_max=none|adx_min=none|rsi2=none|trend=ema|max_bars=24,short,126042,126043,126059,2024-03-15 15:45:00+00:00,2024-03-15 16:00:00+00:00,2024-03-15 20:00:00+00:00,5181.5,5184.0,-10.0,-13.0,-0.18571428571428572,100.5,67.0,3.0,session_close,16,6,1.25,-97.5,525.0,753.75,2024-03-15
futures,ES,reddit_orb_retest,reddit_orb_retest|ny|range=15|entry=150|rr=1.5|sl_atr=1|tp_atr=1.5|threshold=2|adx_max=none|adx_min=none|rsi2=none|trend=all|max_bars=24,short,126043,126044,126059,2024-03-15 16:00:00+00:00,2024-03-15 16:15:00+00:00,2024-03-15 20:00:00+00:00,5176.25,5184.0,-31.0,-34.0,-0.37362637362637363,132.0,88.0,3.0,session_close,15,2,1.25,-85.0,227.5,330.0,2024-03-15
futures,NQ,reddit_orb_fade,reddit_orb_fade|ny|range=15|entry=150|rr=1.5|sl_atr=1|tp_atr=1.5|threshold=2|adx_max=none|adx_min=none|rsi2=none|trend=all|max_bars=24,short,126098,126099,126100,2024-03-18 13:45:00+00:00,2024-03-18 14:00:00+00:00,2024-03-18 14:15:00+00:00,18288.75,18361.75,-292.0,-295.0,-1.0,438.0,292.0,3.0,sl,1,6,0.5,-885.0,885.0,1314.0,2024-03-18
futures,ES,reddit_orb_fade,reddit_orb_fade|ny|range=15|entry=150|rr=1.5|sl_atr=1|tp_atr=1.5|threshold=2|adx_max=none|adx_min=none|rsi2=none|trend=all|max_bars=24,short,126127,126128,126128,2024-03-18 14:00:00+00:00,2024-03-18 14:15:00+00:00,2024-03-18 14:15:00+00:00,5232.0,5235.0,-12.0,-15.0,-1.0,18.0,12.0,3.0,sl,1,5,1.25,-93.75,93.75,112.5,2024-03-18
futures,ES,reddit_orb_breakout,reddit_orb_breakout|ny|range=15|entry=150|rr=1.5|sl_atr=1|tp_atr=1.5|threshold=2|adx_max=none|adx_min=none|rsi2=none|trend=ema|max_bars=24,long,126128,126129,126134,2024-03-18 14:15:00+00:00,2024-03-18 14:30:00+00:00,2024-03-18 15:45:00+00:00,5237.25,5224.75,-50.0,-53.0,-1.0,75.0,50.0,3.0,sl,5,6,1.25,-397.5,397.5,562.5,2024-03-18
futures,ES,reddit_orb_retest,reddit_orb_retest|ny|range=15|entry=150|rr=1.5|sl_atr=1|tp_atr=1.5|threshold=2|adx_max=none|adx_min=none|rsi2=none|trend=all|max_bars=24,long,126223,126224,126229,2024-03-19 15:00:00+00:00,2024-03-19 15:15:00+00:00,2024-03-19 16:30:00+00:00,5209.25,5230.25,84.0,81.0,1.3728813559322033,84.0,56.0,3.0,tp,5,2,1.25,202.5,147.5,210.0,2024-03-19
futures,NQ,reddit_orb_fade,reddit_orb_fade|ny|range=15|entry=150|rr=1.5|sl_atr=1|tp_atr=1.5|threshold=2|adx_max=none|adx_min=none|rsi2=none|trend=all|max_bars=24,short,126197,126198,126199,2024-03-19 15:30:00+00:00,2024-03-19 15:45:00+00:00,2024-03-19 16:00:00+00:00,18147.0,18169.0,-88.0,-91.0,-1.0,132.0,88.0,3.0,sl,1,6,0.5,-273.0,273.0,396.0,2024-03-19
futures,ES,reddit_orb_breakout,reddit_orb_breakout|ny|range=15|entry=150|rr=1.5|sl_atr=1|tp_atr=1.5|threshold=2|adx_max=none|adx_min=none|rsi2=none|trend=ema|max_bars=24,long,126312,126313,126325,2024-03-20 14:15:00+00:00,2024-03-20 14:30:00+00:00,2024-03-20 17:30:00+00:00,5246.75,5235.25,-46.0,-49.0,-1.0,69.0,46.0,3.0,sl,12,6,1.25,-367.5,367.5,517.5,2024-03-20
futures,ES,reddit_orb_fade,reddit_orb_fade|ny|range=15|entry=150|rr=1.5|sl_atr=1|tp_atr=1.5|threshold=2|adx_max=none|adx_min=none|rsi2=none|trend=all|max_bars=24,short,126313,126314,126327,2024-03-20 14:30:00+00:00,2024-03-20 14:45:00+00:00,2024-03-20 18:00:00+00:00,5240.25,5247.75,-30.0,-33.0,-1.0,45.0,30.0,3.0,sl,13,5,1.25,-206.25,206.25,281.25,2024-03-20
futures,ES,reddit_orb_retest,reddit_orb_retest|ny|range=15|entry=150|rr=1.5|sl_atr=1|tp_atr=1.5|threshold=2|adx_max=none|adx_min=none|rsi2=none|trend=all|max_bars=24,long,126315,126316,126325,2024-03-20 15:00:00+00:00,2024-03-20 15:15:00+00:00,2024-03-20 17:30:00+00:00,5246.0,5235.25,-43.0,-46.0,-1.0,64.5,43.0,3.0,sl,9,2,1.25,-115.0,115.0,161.25,2024-03-20
futures,ES,reddit_orb_fade,reddit_orb_fade|ny|range=15|entry=150|rr=1.5|sl_atr=1|tp_atr=1.5|threshold=2|adx_max=none|adx_min=none|rsi2=none|trend=all|max_bars=24,long,126402,126403,126418,2024-03-21 13:45:00+00:00,2024-03-21 14:00:00+00:00,2024-03-21 17:45:00+00:00,5315.25,5308.5,-27.0,-30.0,-1.0,40.5,27.0,3.0,sl,15,5,1.25,-187.5,187.5,253.125,2024-03-21
futures,NQ,reddit_orb_retest,reddit_orb_retest|ny|range=15|entry=150|rr=1.5|sl_atr=1|tp_atr=1.5|threshold=2|adx_max=none|adx_min=none|rsi2=none|trend=all|max_bars=24,short,126375,126376,126399,2024-03-21 14:00:00+00:00,2024-03-21 14:15:00+00:00,2024-03-21 20:00:00+00:00,18646.25,18575.0,285.0,282.0,1.110236220472441,376.5,251.0,3.0,session_close,23,8,0.5,1128.0,1016.0,1506.0,2024-03-21
futures,NQ,reddit_orb_fade,reddit_orb_fade|ny|range=15|entry=150|rr=1.5|sl_atr=1|tp_atr=1.5|threshold=2|adx_max=none|adx_min=none|rsi2=none|trend=all|max_bars=24,long,126376,126377,126377,2024-03-21 14:15:00+00:00,2024-03-21 14:30:00+00:00,2024-03-21 14:30:00+00:00,18659.25,18640.5,-75.0,-78.0,-1.0,112.5,75.0,3.0,sl,1,6,0.5,-234.0,234.0,337.5,2024-03-21
futures,ES,reddit_orb_breakout,reddit_orb_breakout|ny|range=15|entry=150|rr=1.5|sl_atr=1|tp_atr=1.5|threshold=2|adx_max=none|adx_min=none|rsi2=none|trend=ema|max_bars=24,long,126412,126413,126418,2024-03-21 16:15:00+00:00,2024-03-21 16:30:00+00:00,2024-03-21 17:45:00+00:00,5321.5,5310.25,-45.0,-48.0,-1.0,67.5,45.0,3.0,sl,5,6,1.25,-360.0,360.0,506.25,2024-03-21
futures,ES,reddit_orb_fade,reddit_orb_fade|ny|range=15|entry=150|rr=1.5|sl_atr=1|tp_atr=1.5|threshold=2|adx_max=none|adx_min=none|rsi2=none|trend=all|max_bars=24,long,126494,126495,126495,2024-03-22 13:45:00+00:00,2024-03-22 14:00:00+00:00,2024-03-22 14:00:00+00:00,5297.5,5302.75,21.0,18.0,1.0588235294117647,21.0,14.0,3.0,tp,1,5,1.25,112.5,106.25,131.25,2024-03-22
futures,NQ,reddit_orb_fade,reddit_orb_fade|ny|range=15|entry=150|rr=1.5|sl_atr=1|tp_atr=1.5|threshold=2|adx_max=none|adx_min=none|rsi2=none|trend=all|max_bars=24,long,126466,126467,126478,2024-03-22 13:45:00+00:00,2024-03-22 14:00:00+00:00,2024-03-22 16:45:00+00:00,18530.25,18575.625,181.5,178.5,1.439516129032258,181.5,121.0,3.0,tp,11,6,0.5,535.5,372.0,544.5,2024-03-22
futures,ES,reddit_orb_retest,reddit_orb_retest|ny|range=15|entry=150|rr=1.5|sl_atr=1|tp_atr=1.5|threshold=2|adx_max=none|adx_min=none|rsi2=none|trend=all|max_bars=24,short,126497,126498,126510,2024-03-22 14:30:00+00:00,2024-03-22 14:45:00+00:00,2024-03-22 17:45:00+00:00,5291.75,5304.75,-52.0,-55.0,-1.0,78.0,52.0,3.0,sl,12,2,1.25,-137.5,137.5,195.0,2024-03-22
futures,NQ,reddit_orb_breakout,reddit_orb_breakout|ny|range=15|entry=150|rr=1|sl_atr=1|tp_atr=1.5|threshold=2|adx_max=none|adx_min=none|rsi2=none|trend=ema|max_bars=24,long,126472,126473,126479,2024-03-22 15:15:00+00:00,2024-03-22 15:30:00+00:00,2024-03-22 17:00:00+00:00,18553.5,18602.0,194.0,191.0,0.9695431472081218,194.0,194.0,3.0,tp,6,12,0.5,1146.0,1182.0,1164.0,2024-03-22
futures,NQ,reddit_orb_retest,reddit_orb_retest|ny|range=15|entry=150|rr=1.5|sl_atr=1|tp_atr=1.5|threshold=2|adx_max=none|adx_min=none|rsi2=none|trend=all|max_bars=24,long,126474,126475,126491,2024-03-22 15:45:00+00:00,2024-03-22 16:00:00+00:00,2024-03-22 20:00:00+00:00,18559.0,18562.25,13.0,10.0,0.045662100456621,324.0,216.0,3.0,session_close,16,8,0.5,40.0,876.0,1296.0,2024-03-22
futures,ES,reddit_orb_fade,reddit_orb_fade|ny|range=15|entry=150|rr=1.5|sl_atr=1|tp_atr=1.5|threshold=2|adx_max=none|adx_min=none|rsi2=none|trend=all|max_bars=24,short,126586,126587,126587,2024-03-25 13:45:00+00:00,2024-03-25 14:00:00+00:00,2024-03-25 14:00:00+00:00,5281.25,5282.5,-5.0,-8.0,-1.0,7.5,5.0,3.0,same_bar_sl,1,5,1.25,-50.0,50.0,46.875,2024-03-25
futures,NQ,reddit_orb_fade,reddit_orb_fade|ny|range=15|entry=150|rr=1.5|sl_atr=1|tp_atr=1.5|threshold=2|adx_max=none|adx_min=none|rsi2=none|trend=all|max_bars=24,short,126558,126559,126559,2024-03-25 13:45:00+00:00,2024-03-25 14:00:00+00:00,2024-03-25 14:00:00+00:00,18479.0,18487.5,-34.0,-37.0,-1.0,51.0,34.0,3.0,sl,1,6,0.5,-111.0,111.0,153.0,2024-03-25
futures,ES,reddit_orb_retest,reddit_orb_retest|ny|range=15|entry=150|rr=1.5|sl_atr=1|tp_atr=1.5|threshold=2|adx_max=none|adx_min=none|rsi2=none|trend=all|max_bars=24,long,126588,126589,126611,2024-03-25 14:15:00+00:00,2024-03-25 14:30:00+00:00,2024-03-25 20:00:00+00:00,5283.0,5278.0,-20.0,-23.0,-0.6216216216216216,51.0,34.0,3.0,session_close,22,2,1.25,-57.5,92.5,127.5,2024-03-25
futures,ES,reddit_orb_fade,reddit_orb_fade|ny|range=15|entry=150|rr=1.5|sl_atr=1|tp_atr=1.5|threshold=2|adx_max=none|adx_min=none|rsi2=none|trend=all|max_bars=24,short,126679,126680,126680,2024-03-26 14:00:00+00:00,2024-03-26 14:15:00+00:00,2024-03-26 14:15:00+00:00,5291.5,5293.0,-6.0,-9.0,-1.0,9.0,6.0,3.0,same_bar_sl,1,5,1.25,-56.25,56.25,56.25,2024-03-26
futures,NQ,reddit_orb_fade,reddit_orb_fade|ny|range=15|entry=150|rr=1.5|sl_atr=1|tp_atr=1.5|threshold=2|adx_max=none|adx_min=none|rsi2=none|trend=all|max_bars=24,short,126651,126652,126652,2024-03-26 14:00:00+00:00,2024-03-26 14:15:00+00:00,2024-03-26 14:15:00+00:00,18594.0,18572.25,87.0,84.0,1.3770491803278688,87.0,58.0,3.0,tp,1,6,0.5,252.0,183.0,261.0,2024-03-26
futures,ES,reddit_orb_breakout,reddit_orb_breakout|ny|range=15|entry=150|rr=1.5|sl_atr=1|tp_atr=1.5|threshold=2|adx_max=none|adx_min=none|rsi2=none|trend=ema|max_bars=24,short,126770,126771,126793,2024-03-27 13:45:00+00:00,2024-03-27 14:00:00+00:00,2024-03-27 19:30:00+00:00,5284.5,5294.0,-38.0,-41.0,-1.0,57.0,38.0,3.0,sl,22,6,1.25,-307.5,307.5,427.5,2024-03-27
futures,ES,reddit_orb_fade,reddit_orb_fade|ny|range=15|entry=150|rr=1.5|sl_atr=1|tp_atr=1.5|threshold=2|adx_max=none|adx_min=none|rsi2=none|trend=all|max_bars=24,short,126862,126863,126863,2024-03-28 13:45:00+00:00,2024-03-28 14:00:00+00:00,2024-03-28 14:00:00+00:00,5310.0,5314.5,-18.0,-21.0,-1.0,27.0,18.0,3.0,sl,1,5,1.25,-131.25,131.25,168.75,2024-03-28
futures,NQ,reddit_orb_fade,reddit_orb_fade|ny|range=15|entry=150|rr=1.5|sl_atr=1|tp_atr=1.5|threshold=2|adx_max=none|adx_min=none|rsi2=none|trend=all|max_bars=24,short,126835,126836,126859,2024-03-28 14:00:00+00:00,2024-03-28 14:15:00+00:00,2024-03-28 20:00:00+00:00,18491.0,18467.25,95.0,92.0,0.4742268041237113,286.5,191.0,3.0,session_close,23,6,0.5,276.0,582.0,859.5,2024-03-28
futures,ES,reddit_orb_breakout,reddit_orb_breakout|ny|range=15|entry=150|rr=1.5|sl_atr=1|tp_atr=1.5|threshold=2|adx_max=none|adx_min=none|rsi2=none|trend=ema|max_bars=24,long,126865,126866,126877,2024-03-28 14:30:00+00:00,2024-03-28 14:45:00+00:00,2024-03-28 17:30:00+00:00,5312.5,5305.0,-30.0,-33.0,-1.0,45.0,30.0,3.0,sl,11,6,1.25,-247.5,247.5,337.5,2024-03-28
futures,NQ,reddit_orb_retest,reddit_orb_retest|ny|range=15|entry=150|rr=1.5|sl_atr=1|tp_atr=1.5|threshold=2|adx_max=none|adx_min=none|rsi2=none|trend=all|max_bars=24,long,126837,126838,126848,2024-03-28 14:30:00+00:00,2024-03-28 14:45:00+00:00,2024-03-28 17:15:00+00:00,18512.5,18457.25,-221.0,-224.0,-1.0,331.5,221.0,3.0,sl,10,8,0.5,-896.0,896.0,1326.0,2024-03-28
futures,ES,reddit_orb_retest,reddit_orb_retest|ny|range=15|entry=150|rr=1.5|sl_atr=1|tp_atr=1.5|threshold=2|adx_max=none|adx_min=none|rsi2=none|trend=all|max_bars=24,long,126866,126867,126877,2024-03-28 14:45:00+00:00,2024-03-28 15:00:00+00:00,2024-03-28 17:30:00+00:00,5312.5,5305.0,-30.0,-33.0,-1.0,45.0,30.0,3.0,sl,10,2,1.25,-82.5,82.5,112.5,2024-03-28
futures,ES,reddit_orb_fade,reddit_orb_fade|ny|range=15|entry=150|rr=1.5|sl_atr=1|tp_atr=1.5|threshold=2|adx_max=none|adx_min=none|rsi2=none|trend=all|max_bars=24,short,126954,126955,126955,2024-04-01 13:45:00+00:00,2024-04-01 14:00:00+00:00,2024-04-01 14:00:00+00:00,5314.0,5309.125,19.5,16.5,1.03125,19.5,13.0,3.0,tp,1,5,1.25,103.125,100.0,121.875,2024-04-01
futures,ES,reddit_orb_fade,reddit_orb_fade|ny|range=15|entry=150|rr=1.5|sl_atr=1|tp_atr=1.5|threshold=2|adx_max=none|adx_min=none|rsi2=none|trend=all|max_bars=24,long,127046,127047,127047,2024-04-02 13:45:00+00:00,2024-04-02 14:00:00+00:00,2024-04-02 14:00:00+00:00,5247.0,5238.5,-34.0,-37.0,-1.0,51.0,34.0,3.0,sl,1,5,1.25,-231.25,231.25,318.75,2024-04-02
futures,ES,reddit_orb_breakout,reddit_orb_breakout|ny|range=15|entry=150|rr=1.5|sl_atr=1|tp_atr=1.5|threshold=2|adx_max=none|adx_min=none|rsi2=none|trend=ema|max_bars=24,short,127047,127048,127067,2024-04-02 14:00:00+00:00,2024-04-02 14:15:00+00:00,2024-04-02 19:00:00+00:00,5236.5,5255.25,-75.0,-78.0,-1.0,112.5,75.0,3.0,sl,19,6,1.25,-585.0,585.0,843.75,2024-04-02
futures,NQ,reddit_orb_fade,reddit_orb_fade|ny|range=15|entry=150|rr=1.5|sl_atr=1|tp_atr=1.5|threshold=2|adx_max=none|adx_min=none|rsi2=none|trend=all|max_bars=24,long,127020,127021,127031,2024-04-02 14:15:00+00:00,2024-04-02 14:30:00+00:00,2024-04-02 17:00:00+00:00,18238.5,18294.0,222.0,219.0,1.4503311258278146,222.0,148.0,3.0,tp,10,6,0.5,657.0,453.0,666.0,2024-04-02
futures,ES,reddit_orb_retest,reddit_orb_retest|ny|range=15|entry=150|rr=1.5|sl_atr=1|tp_atr=1.5|threshold=2|adx_max=none|adx_min=none|rsi2=none|trend=all|max_bars=24,short,127050,127051,127067,2024-04-02 14:45:00+00:00,2024-04-02 15:00:00+00:00,2024-04-02 19:00:00+00:00,5240.0,5255.25,-61.0,-64.0,-1.0,91.5,61.0,3.0,sl,16,2,1.25,-160.0,160.0,228.75,2024-04-02
futures,NQ,reddit_orb_retest,reddit_orb_retest|ny|range=15|entry=150|rr=1.5|sl_atr=1|tp_atr=1.5|threshold=2|adx_max=none|adx_min=none|rsi2=none|trend=all|max_bars=24,short,127022,127023,127031,2024-04-02 14:45:00+00:00,2024-04-02 15:00:00+00:00,2024-04-02 17:00:00+00:00,18216.0,18292.0,-304.0,-307.0,-1.0,456.0,304.0,3.0,sl,8,8,0.5,-1228.0,1228.0,1824.0,2024-04-02
futures,ES,reddit_orb_fade,reddit_orb_fade|ny|range=15|entry=150|rr=1.5|sl_atr=1|tp_atr=1.5|threshold=2|adx_max=none|adx_min=none|rsi2=none|trend=all|max_bars=24,short,127138,127139,127139,2024-04-03 13:45:00+00:00,2024-04-03 14:00:00+00:00,2024-04-03 14:00:00+00:00,5255.0,5257.0,-8.0,-11.0,-1.0,12.0,8.0,3.0,sl,1,5,1.25,-68.75,68.75,75.0,2024-04-03
futures,ES,reddit_orb_retest,reddit_orb_retest|ny|range=15|entry=150|rr=1.5|sl_atr=1|tp_atr=1.5|threshold=2|adx_max=none|adx_min=none|rsi2=none|trend=all|max_bars=24,short,127231,127232,127239,2024-04-04 14:00:00+00:00,2024-04-04 14:15:00+00:00,2024-04-04 16:00:00+00:00,5298.75,5307.0,-33.0,-36.0,-1.0,49.5,33.0,3.0,sl,7,2,1.25,-90.0,90.0,123.75,2024-04-04
futures,NQ,reddit_orb_retest,reddit_orb_retest|ny|range=15|entry=150|rr=1.5|sl_atr=1|tp_atr=1.5|threshold=2|adx_max=none|adx_min=none|rsi2=none|trend=all|max_bars=24,short,127203,127204,127219,2024-04-04 14:00:00+00:00,2024-04-04 14:15:00+00:00,2024-04-04 18:00:00+00:00,18518.25,18443.625,298.5,295.5,1.4628712871287128,298.5,199.0,3.0,tp,15,8,0.5,1182.0,808.0,1194.0,2024-04-04
futures,ES,reddit_orb_fade,reddit_orb_fade|ny|range=15|entry=150|rr=1.5|sl_atr=1|tp_atr=1.5|threshold=2|adx_max=none|adx_min=none|rsi2=none|trend=all|max_bars=24,long,127237,127238,127239,2024-04-04 15:30:00+00:00,2024-04-04 15:45:00+00:00,2024-04-04 16:00:00+00:00,5300.0,5306.0,24.0,21.0,1.105263157894737,24.0,16.0,3.0,tp,1,5,1.25,131.25,118.75,150.0,2024-04-04
futures,NQ,reddit_orb_fade,reddit_orb_fade|ny|range=15|entry=150|rr=1.5|sl_atr=1|tp_atr=1.5|threshold=2|adx_max=none|adx_min=none|rsi2=none|trend=all|max_bars=24,long,127210,127211,127218,2024-04-04 15:45:00+00:00,2024-04-04 16:00:00+00:00,2024-04-04 17:45:00+00:00,18534.75,18511.75,-92.0,-95.0,-1.0,138.0,92.0,3.0,sl,7,6,0.5,-285.0,285.0,414.0,2024-04-04
futures,ES,reddit_orb_retest,reddit_orb_retest|ny|range=15|entry=150|rr=1.5|sl_atr=1|tp_atr=1.5|threshold=2|adx_max=none|adx_min=none|rsi2=none|trend=all|max_bars=24,long,127323,127324,127330,2024-04-05 14:00:00+00:00,2024-04-05 14:15:00+00:00,2024-04-05 15:45:00+00:00,5227.0,5257.375,121.5,118.5,1.4107142857142858,121.5,81.0,3.0,tp,6,2,1.25,296.25,210.0,303.75,2024-04-05
futures,ES,reddit_orb_fade,reddit_orb_fade|ny|range=15|entry=150|rr=1.5|sl_atr=1|tp_atr=1.5|threshold=2|adx_max=none|adx_min=none|rsi2=none|trend=all|max_bars=24,short,127324,127325,127325,2024-04-05 14:15:00+00:00,2024-04-05 14:30:00+00:00,2024-04-05 14:30:00+00:00,5221.5,5229.5,-32.0,-35.0,-1.0,48.0,32.0,3.0,sl,1,5,1.25,-218.75,218.75,300.0,2024-04-05
futures,ES,reddit_orb_breakout,reddit_orb_breakout|ny|range=15|entry=150|rr=1.5|sl_atr=1|tp_atr=1.5|threshold=2|adx_max=none|adx_min=none|rsi2=none|trend=ema|max_bars=24,long,127416,127417,127424,2024-04-08 14:15:00+00:00,2024-04-08 14:30:00+00:00,2024-04-08 16:15:00+00:00,5262.0,5246.5,-62.0,-65.0,-1.0,93.0,62.0,3.0,sl,7,6,1.25,-487.5,487.5,697.5,2024-04-08
futures,ES,reddit_orb_retest,reddit_orb_retest|ny|range=15|entry=150|rr=1.5|sl_atr=1|tp_atr=1.5|threshold=2|adx_max=none|adx_min=none|rsi2=none|trend=all|max_bars=24,long,127419,127420,127424,2024-04-08 15:00:00+00:00,2024-04-08 15:15:00+00:00,2024-04-08 16:15:00+00:00,5264.75,5246.5,-73.0,-76.0,-1.0,109.5,73.0,3.0,sl,4,2,1.25,-190.0,190.0,273.75,2024-04-08
futures,NQ,reddit_orb_fade,reddit_orb_fade|ny|range=15|entry=150|rr=1.5|sl_atr=1|tp_atr=1.5|threshold=2|adx_max=none|adx_min=none|rsi2=none|trend=all|max_bars=24,short,127392,127393,127393,2024-04-08 15:15:00+00:00,2024-04-08 15:30:00+00:00,2024-04-08 15:30:00+00:00,18335.5,18304.75,123.0,120.0,1.411764705882353,123.0,82.0,3.0,tp,1,6,0.5,360.0,255.0,369.0,2024-04-08
futures,ES,reddit_orb_fade,reddit_orb_fade|ny|range=15|entry=150|rr=1.5|sl_atr=1|tp_atr=1.5|threshold=2|adx_max=none|adx_min=none|rsi2=none|trend=all|max_bars=24,short,127421,127422,127423,2024-04-08 15:30:00+00:00,2024-04-08 15:45:00+00:00,2024-04-08 16:00:00+00:00,5257.0,5249.125,31.5,28.5,1.1875,31.5,21.0,3.0,tp,1,5,1.25,178.125,150.0,196.875,2024-04-08
futures,NQ,reddit_orb_fade,reddit_orb_fade|ny|range=15|entry=150|rr=1.5|sl_atr=1|tp_atr=1.5|threshold=2|adx_max=none|adx_min=none|rsi2=none|trend=all|max_bars=24,long,127479,127480,127480,2024-04-09 14:00:00+00:00,2024-04-09 14:15:00+00:00,2024-04-09 14:15:00+00:00,18358.25,18331.0,-109.0,-112.0,-1.0,163.5,109.0,3.0,sl,1,6,0.5,-336.0,336.0,490.5,2024-04-09
futures,ES,reddit_orb_fade,reddit_orb_fade|ny|range=15|entry=150|rr=1.5|sl_atr=1|tp_atr=1.5|threshold=2|adx_max=none|adx_min=none|rsi2=none|trend=all|max_bars=24,short,127598,127599,127599,2024-04-10 13:45:00+00:00,2024-04-10 14:00:00+00:00,2024-04-10 14:00:00+00:00,5204.5,5209.5,-20.0,-23.0,-1.0,30.0,20.0,3.0,sl,1,5,1.25,-143.75,143.75,187.5,2024-04-10
futures,NQ,reddit_orb_fade,reddit_orb_fade|ny|range=15|entry=150|rr=1.5|sl_atr=1|tp_atr=1.5|threshold=2|adx_max=none|adx_min=none|rsi2=none|trend=all|max_bars=24,short,127570,127571,127573,2024-04-10 13:45:00+00:00,2024-04-10 14:00:00+00:00,2024-04-10 14:30:00+00:00,18179.5,18208.0,-114.0,-117.0,-1.0,171.0,114.0,3.0,sl,2,6,0.5,-351.0,351.0,513.0,2024-04-10
futures,ES,reddit_orb_retest,reddit_orb_retest|ny|range=15|entry=150|rr=1.5|sl_atr=1|tp_atr=1.5|threshold=2|adx_max=none|adx_min=none|rsi2=none|trend=all|max_bars=24,long,127602,127603,127611,2024-04-10 14:45:00+00:00,2024-04-10 15:00:00+00:00,2024-04-10 17:00:00+00:00,5209.25,5192.0,-69.0,-72.0,-1.0,103.5,69.0,3.0,sl,8,2,1.25,-180.0,180.0,258.75,2024-04-10
futures,ES,reddit_orb_breakout,reddit_orb_breakout|ny|range=15|entry=150|rr=1.5|sl_atr=1|tp_atr=1.5|threshold=2|adx_max=none|adx_min=none|rsi2=none|trend=ema|max_bars=24,short,127691,127692,127703,2024-04-11 14:00:00+00:00,2024-04-11 14:15:00+00:00,2024-04-11 17:00:00+00:00,5192.25,5220.5,-113.0,-116.0,-1.0,169.5,113.0,3.0,sl,11,6,1.25,-870.0,870.0,1271.25,2024-04-11
futures,NQ,reddit_orb_fade,reddit_orb_fade|ny|range=15|entry=150|rr=1.5|sl_atr=1|tp_atr=1.5|threshold=2|adx_max=none|adx_min=none|rsi2=none|trend=all|max_bars=24,long,127665,127666,127670,2024-04-11 14:30:00+00:00,2024-04-11 14:45:00+00:00,2024-04-11 15:45:00+00:00,18242.75,18304.25,246.0,243.0,1.4550898203592815,246.0,164.0,3.0,tp,4,6,0.5,729.0,501.0,738.0,2024-04-11
futures,ES,reddit_orb_retest,reddit_orb_retest|ny|range=15|entry=150|rr=1.5|sl_atr=1|tp_atr=1.5|threshold=2|adx_max=none|adx_min=none|rsi2=none|trend=all|max_bars=24,short,127696,127697,127703,2024-04-11 15:15:00+00:00,2024-04-11 15:30:00+00:00,2024-04-11 17:00:00+00:00,5197.0,5220.5,-94.0,-97.0,-1.0,141.0,94.0,3.0,sl,6,2,1.25,-242.5,242.5,352.5,2024-04-11
futures,ES,reddit_orb_fade,reddit_orb_fade|ny|range=15|entry=150|rr=1.5|sl_atr=1|tp_atr=1.5|threshold=2|adx_max=none|adx_min=none|rsi2=none|trend=all|max_bars=24,long,127698,127699,127704,2024-04-11 15:45:00+00:00,2024-04-11 16:00:00+00:00,2024-04-11 17:15:00+00:00,5215.25,5237.75,90.0,87.0,1.380952380952381,90.0,60.0,3.0,tp,5,5,1.25,543.75,393.75,562.5,2024-04-11
futures,ES,reddit_orb_breakout,reddit_orb_breakout|ny|range=15|entry=150|rr=1.5|sl_atr=1|tp_atr=1.5|threshold=2|adx_max=none|adx_min=none|rsi2=none|trend=ema|max_bars=24,long,127782,127783,127783,2024-04-12 13:45:00+00:00,2024-04-12 14:00:00+00:00,2024-04-12 14:00:00+00:00,5214.0,5200.75,-53.0,-56.0,-1.0,79.5,53.0,3.0,sl,1,6,1.25,-420.0,420.0,596.25,2024-04-12
futures,ES,reddit_orb_fade,reddit_orb_fade|ny|range=15|entry=150|rr=1.5|sl_atr=1|tp_atr=1.5|threshold=2|adx_max=none|adx_min=none|rsi2=none|trend=all|max_bars=24,short,127783,127784,127786,2024-04-12 14:00:00+00:00,2024-04-12 14:15:00+00:00,2024-04-12 14:45:00+00:00,5202.0,5184.0,72.0,69.0,1.3529411764705883,72.0,48.0,3.0,tp,2,5,1.25,431.25,318.75,450.0,2024-04-12
futures,NQ,reddit_orb_fade,reddit_orb_fade|ny|range=15|entry=150|rr=1.5|sl_atr=1|tp_atr=1.5|threshold=2|adx_max=none|adx_min=none|rsi2=none|trend=all|max_bars=24,short,127755,127756,127757,2024-04-12 14:00:00+00:00,2024-04-12 14:15:00+00:00,2024-04-12 14:30:00+00:00,18290.5,18213.25,309.0,306.0,1.4641148325358853,309.0,206.0,3.0,tp,1,6,0.5,918.0,627.0,927.0,2024-04-12
futures,ES,reddit_orb_breakout,reddit_orb_breakout|ny|range=15|entry=150|rr=1.5|sl_atr=1|tp_atr=1.5|threshold=2|adx_max=none|adx_min=none|rsi2=none|trend=ema|max_bars=24,short,127875,127876,127888,2024-04-15 14:00:00+00:00,2024-04-15 14:15:00+00:00,2024-04-15 17:15:00+00:00,5184.75,5142.375,169.5,166.5,1.4353448275862069,169.5,113.0,3.0,tp,12,6,1.25,1248.75,870.0,1271.25,2024-04-15
futures,ES,reddit_orb_fade,reddit_orb_fade|ny|range=15|entry=150|rr=1.5|sl_atr=1|tp_atr=1.5|threshold=2|adx_max=none|adx_min=none|rsi2=none|trend=all|max_bars=24,long,127966,127967,127969,2024-04-16 13:45:00+00:00,2024-04-16 14:00:00+00:00,2024-04-16 14:30:00+00:00,5102.25,5087.0,-61.0,-64.0,-1.0,91.5,61.0,3.0,sl,2,5,1.25,-400.0,400.0,571.875,2024-04-16
futures,NQ,reddit_orb_fade,reddit_orb_fade|ny|range=15|entry=150|rr=1.5|sl_atr=1|tp_atr=1.5|threshold=2|adx_max=none|adx_min=none|rsi2=none|trend=all|max_bars=24,long,127938,127939,127953,2024-04-16 13:45:00+00:00,2024-04-16 14:00:00+00:00,2024-04-16 17:30:00+00:00,17897.5,17822.0,-302.0,-305.0,-1.0,453.0,302.0,3.0,sl,14,6,0.5,-915.0,915.0,1359.0,2024-04-16
futures,ES,reddit_orb_breakout,reddit_orb_breakout|ny|range=15|entry=150|rr=1.5|sl_atr=1|tp_atr=1.5|threshold=2|adx_max=none|adx_min=none|rsi2=none|trend=ema|max_bars=24,short,127968,127969,127974,2024-04-16 14:15:00+00:00,2024-04-16 14:30:00+00:00,2024-04-16 15:45:00+00:00,5089.0,5110.0,-84.0,-87.0,-1.0,126.0,84.0,3.0,sl,5,6,1.25,-652.5,652.5,945.0,2024-04-16
futures,ES,reddit_orb_retest,reddit_orb_retest|ny|range=15|entry=150|rr=1.5|sl_atr=1|tp_atr=1.5|threshold=2|adx_max=none|adx_min=none|rsi2=none|trend=all|max_bars=24,short,127969,127970,127974,2024-04-16 14:30:00+00:00,2024-04-16 14:45:00+00:00,2024-04-16 15:45:00+00:00,5089.5,5110.0,-82.0,-85.0,-1.0,123.0,82.0,3.0,sl,4,2,1.25,-212.5,212.5,307.5,2024-04-16
futures,ES,reddit_orb_fade,reddit_orb_fade|ny|range=15|entry=150|rr=1.5|sl_atr=1|tp_atr=1.5|threshold=2|adx_max=none|adx_min=none|rsi2=none|trend=all|max_bars=24,short,128058,128059,128059,2024-04-17 13:45:00+00:00,2024-04-17 14:00:00+00:00,2024-04-17 14:00:00+00:00,5109.75,5095.875,55.5,52.5,1.3125,55.5,37.0,3.0,tp,1,5,1.25,328.125,250.0,346.875,2024-04-17
futures,ES,reddit_orb_breakout,reddit_orb_breakout|ny|range=15|entry=150|rr=1.5|sl_atr=1|tp_atr=1.5|threshold=2|adx_max=none|adx_min=none|rsi2=none|trend=ema|max_bars=24,short,128059,128060,128067,2024-04-17 14:00:00+00:00,2024-04-17 14:15:00+00:00,2024-04-17 16:00:00+00:00,5096.75,5064.875,127.5,124.5,1.4147727272727273,127.5,85.0,3.0,tp,7,6,1.25,933.75,660.0,956.25,2024-04-17
futures,ES,reddit_orb_fade,reddit_orb_fade|ny|range=15|entry=150|rr=1.5|sl_atr=1|tp_atr=1.5|threshold=2|adx_max=none|adx_min=none|rsi2=none|trend=all|max_bars=24,short,128242,128243,128244,2024-04-19 13:45:00+00:00,2024-04-19 14:00:00+00:00,2024-04-19 14:15:00+00:00,5049.25,5036.125,52.5,49.5,1.3026315789473684,52.5,35.0,3.0,tp,1,5,1.25,309.375,237.5,328.125,2024-04-19
futures,NQ,reddit_orb_fade,reddit_orb_fade|ny|range=15|entry=150|rr=1.5|sl_atr=1|tp_atr=1.5|threshold=2|adx_max=none|adx_min=none|rsi2=none|trend=all|max_bars=24,short,128214,128215,128216,2024-04-19 13:45:00+00:00,2024-04-19 14:00:00+00:00,2024-04-19 14:15:00+00:00,17454.5,17360.75,375.0,372.0,1.4703557312252964,375.0,250.0,3.0,tp,1,6,0.5,1116.0,759.0,1125.0,2024-04-19
futures,ES,reddit_orb_breakout,reddit_orb_breakout|ny|range=15|entry=150|rr=1.5|sl_atr=1|tp_atr=1.5|threshold=2|adx_max=none|adx_min=none|rsi2=none|trend=ema|max_bars=24,short,128244,128245,128251,2024-04-19 14:15:00+00:00,2024-04-19 14:30:00+00:00,2024-04-19 16:00:00+00:00,5037.25,5011.75,102.0,99.0,1.3943661971830985,102.0,68.0,3.0,tp,6,6,1.25,742.5,532.5,765.0,2024-04-19
futures,ES,reddit_orb_retest,reddit_orb_retest|ny|range=15|entry=150|rr=1.5|sl_atr=1|tp_atr=1.5|threshold=2|adx_max=none|adx_min=none|rsi2=none|trend=all|max_bars=24,short,128246,128247,128251,2024-04-19 14:45:00+00:00,2024-04-19 15:00:00+00:00,2024-04-19 16:00:00+00:00,5038.0,5013.625,97.5,94.5,1.3897058823529411,97.5,65.0,3.0,tp,4,2,1.25,236.25,170.0,243.75,2024-04-19
futures,NQ,reddit_orb_fade,reddit_orb_fade|ny|range=15|entry=150|rr=1.5|sl_atr=1|tp_atr=1.5|threshold=2|adx_max=none|adx_min=none|rsi2=none|trend=all|max_bars=24,short,128306,128307,128308,2024-04-22 13:45:00+00:00,2024-04-22 14:00:00+00:00,2024-04-22 14:15:00+00:00,17283.25,17210.875,289.5,286.5,1.461734693877551,289.5,193.0,3.0,tp,1,6,0.5,859.5,588.0,868.5,2024-04-22
futures,ES,reddit_orb_fade,reddit_orb_fade|ny|range=15|entry=150|rr=1.5|sl_atr=1|tp_atr=1.5|threshold=2|adx_max=none|adx_min=none|rsi2=none|trend=all|max_bars=24,short,128335,128336,128336,2024-04-22 14:00:00+00:00,2024-04-22 14:15:00+00:00,2024-04-22 14:15:00+00:00,5027.75,5018.0,39.0,36.0,1.2413793103448276,39.0,26.0,3.0,tp,1,5,1.25,225.0,181.25,243.75,2024-04-22
futures,ES,reddit_orb_breakout,reddit_orb_breakout|ny|range=15|entry=150|rr=1.5|sl_atr=1|tp_atr=1.5|threshold=2|adx_max=none|adx_min=none|rsi2=none|trend=ema|max_bars=24,short,128336,128337,128344,2024-04-22 14:15:00+00:00,2024-04-22 14:30:00+00:00,2024-04-22 16:15:00+00:00,5016.25,5032.75,-66.0,-69.0,-1.0,99.0,66.0,3.0,sl,7,6,1.25,-517.5,517.5,742.5,2024-04-22
futures,ES,reddit_orb_retest,reddit_orb_retest|ny|range=15|entry=150|rr=1.5|sl_atr=1|tp_atr=1.5|threshold=2|adx_max=none|adx_min=none|rsi2=none|trend=all|max_bars=24,short,128338,128339,128344,2024-04-22 14:45:00+00:00,2024-04-22 15:00:00+00:00,2024-04-22 16:15:00+00:00,5013.75,5032.75,-76.0,-79.0,-1.0,114.0,76.0,3.0,sl,5,2,1.25,-197.5,197.5,285.0,2024-04-22
futures,NQ,reddit_orb_retest,reddit_orb_retest|ny|range=15|entry=150|rr=1.5|sl_atr=1|tp_atr=1.5|threshold=2|adx_max=none|adx_min=none|rsi2=none|trend=all|max_bars=24,short,128316,128317,128319,2024-04-22 16:15:00+00:00,2024-04-22 16:30:00+00:00,2024-04-22 17:00:00+00:00,17259.25,17307.5,-193.0,-196.0,-1.0,289.5,193.0,3.0,sl,2,8,0.5,-784.0,784.0,1158.0,2024-04-22
futures,ES,reddit_orb_breakout,reddit_orb_breakout|ny|range=15|entry=150|rr=1.5|sl_atr=1|tp_atr=1.5|threshold=2|adx_max=none|adx_min=none|rsi2=none|trend=ema|max_bars=24,long,128426,128427,128441,2024-04-23 13:45:00+00:00,2024-04-23 14:00:00+00:00,2024-04-23 17:30:00+00:00,5082.5,5110.625,112.5,109.5,1.4038461538461537,112.5,75.0,3.0,tp,14,6,1.25,821.25,585.0,843.75,2024-04-23
futures,ES,reddit_orb_fade,reddit_orb_fade|ny|range=15|entry=150|rr=1.5|sl_atr=1|tp_atr=1.5|threshold=2|adx_max=none|adx_min=none|rsi2=none|trend=all|max_bars=24,short,128518,128519,128523,2024-04-24 13:45:00+00:00,2024-04-24 14:00:00+00:00,2024-04-24 15:00:00+00:00,5113.75,5097.25,66.0,63.0,1.3404255319148937,66.0,44.0,3.0,tp,4,5,1.25,393.75,293.75,412.5,2024-04-24
futures,NQ,reddit_orb_fade,reddit_orb_fade|ny|range=15|entry=150|rr=1.5|sl_atr=1|tp_atr=1.5|threshold=2|adx_max=none|adx_min=none|rsi2=none|trend=all|max_bars=24,short,128490,128491,128495,2024-04-24 13:45:00+00:00,2024-04-24 14:00:00+00:00,2024-04-24 15:00:00+00:00,17736.75,17648.625,352.5,349.5,1.468487394957983,352.5,235.0,3.0,tp,4,6,0.5,1048.5,714.0,1057.5,2024-04-24
futures,ES,reddit_orb_breakout,reddit_orb_breakout|ny|range=15|entry=150|rr=1.5|sl_atr=1|tp_atr=1.5|threshold=2|adx_max=none|adx_min=none|rsi2=none|trend=ema|max_bars=24,short,128610,128611,128612,2024-04-25 13:45:00+00:00,2024-04-25 14:00:00+00:00,2024-04-25 14:15:00+00:00,5029.5,5041.25,-47.0,-50.0,-1.0,70.5,47.0,3.0,sl,1,6,1.25,-375.0,375.0,528.75,2024-04-25
futures,NQ,reddit_orb_fade,reddit_orb_fade|ny|range=15|entry=150|rr=1.5|sl_atr=1|tp_atr=1.5|threshold=2|adx_max=none|adx_min=none|rsi2=none|trend=all|max_bars=24,short,128582,128583,128583,2024-04-25 13:45:00+00:00,2024-04-25 14:00:00+00:00,2024-04-25 14:00:00+00:00,17357.25,17381.5,-97.0,-100.0,-1.0,145.5,97.0,3.0,sl,1,6,0.5,-300.0,300.0,436.5,2024-04-25
futures,ES,reddit_orb_fade,reddit_orb_fade|ny|range=15|entry=150|rr=1.5|sl_atr=1|tp_atr=1.5|threshold=2|adx_max=none|adx_min=none|rsi2=none|trend=all|max_bars=24,long,128611,128612,128620,2024-04-25 14:00:00+00:00,2024-04-25 14:15:00+00:00,2024-04-25 16:15:00+00:00,5037.0,5059.125,88.5,85.5,1.3790322580645162,88.5,59.0,3.0,tp,8,5,1.25,534.375,387.5,553.125,2024-04-25
futures,ES,reddit_orb_breakout,reddit_orb_breakout|ny|range=15|entry=150|rr=1.5|sl_atr=1|tp_atr=1.5|threshold=2|adx_max=none|adx_min=none|rsi2=none|trend=ema|max_bars=24,long,128702,128703,128727,2024-04-26 13:45:00+00:00,2024-04-26 14:00:00+00:00,2024-04-26 20:00:00+00:00,5126.25,5129.75,14.0,11.0,0.12222222222222222,130.5,87.0,3.0,session_close,24,6,1.25,82.5,675.0,978.75,2024-04-26
futures,ES,reddit_orb_fade,reddit_orb_fade|ny|range=15|entry=150|rr=1.5|sl_atr=1|tp_atr=1.5|threshold=2|adx_max=none|adx_min=none|rsi2=none|trend=all|max_bars=24,short,128886,128887,128888,2024-04-30 13:45:00+00:00,2024-04-30 14:00:00+00:00,2024-04-30 14:15:00+00:00,5137.0,5130.585232662309,25.659069350764184,22.659069350764184,1.126977879550685,25.659069350764184,17.10604623384279,3.0,tp,1,5,1.25,141.61918344227615,125.66278896151744,160.36918344227615,2024-04-30
futures,NQ,reddit_orb_fade,reddit_orb_fade|ny|range=15|entry=150|rr=1.5|sl_atr=1|tp_atr=1.5|threshold=2|adx_max=none|adx_min=none|rsi2=none|trend=all|max_bars=24,short,128859,128860,128860,2024-04-30 14:00:00+00:00,2024-04-30 14:15:00+00:00,2024-04-30 14:15:00+00:00,17868.25,17827.75,162.0,159.0,1.4324324324324325,162.0,108.0,3.0,tp,1,6,0.5,477.0,333.0,486.0,2024-04-30
futures,ES,reddit_orb_breakout,reddit_orb_breakout|ny|range=15|entry=150|rr=1.5|sl_atr=1|tp_atr=1.5|threshold=2|adx_max=none|adx_min=none|rsi2=none|trend=ema|max_bars=24,short,128896,128897,128910,2024-04-30 16:15:00+00:00,2024-04-30 16:30:00+00:00,2024-04-30 19:45:00+00:00,5112.0,5068.5,174.0,171.0,1.4369747899159664,174.0,116.0,3.0,tp,13,6,1.25,1282.5,892.5,1305.0,2024-04-30
futures,ES,reddit_orb_breakout,reddit_orb_breakout|ny|range=15|entry=150|rr=1.5|sl_atr=1|tp_atr=1.5|threshold=2|adx_max=none|adx_min=none|rsi2=none|trend=ema|max_bars=24,short,128978,128979,128995,2024-05-01 13:45:00+00:00,2024-05-01 14:00:00+00:00,2024-05-01 18:00:00+00:00,5051.75,5062.25,-42.0,-45.0,-1.0,63.0,42.0,3.0,sl,16,6,1.25,-337.5,337.5,472.5,2024-05-01
futures,NQ,reddit_orb_fade,reddit_orb_fade|ny|range=15|entry=150|rr=1.5|sl_atr=1|tp_atr=1.5|threshold=2|adx_max=none|adx_min=none|rsi2=none|trend=all|max_bars=24,long,128950,128951,128951,2024-05-01 13:45:00+00:00,2024-05-01 14:00:00+00:00,2024-05-01 14:00:00+00:00,17477.25,17455.25,-88.0,-91.0,-1.0,132.0,88.0,3.0,sl,1,6,0.5,-273.0,273.0,396.0,2024-05-01
futures,ES,reddit_orb_retest,reddit_orb_retest|ny|range=15|entry=150|rr=1.5|sl_atr=1|tp_atr=1.5|threshold=2|adx_max=none|adx_min=none|rsi2=none|trend=all|max_bars=24,short,128979,128980,128995,2024-05-01 14:00:00+00:00,2024-05-01 14:15:00+00:00,2024-05-01 18:00:00+00:00,5050.5,5062.25,-47.0,-50.0,-1.0,70.5,47.0,3.0,sl,15,2,1.25,-125.0,125.0,176.25,2024-05-01
futures,NQ,reddit_orb_retest,reddit_orb_retest|ny|range=15|entry=150|rr=1.5|sl_atr=1|tp_atr=1.5|threshold=2|adx_max=none|adx_min=none|rsi2=none|trend=all|max_bars=24,short,128952,128953,128967,2024-05-01 14:15:00+00:00,2024-05-01 14:30:00+00:00,2024-05-01 18:00:00+00:00,17468.25,17517.5,-197.0,-200.0,-1.0,295.5,197.0,3.0,sl,14,8,0.5,-800.0,800.0,1182.0,2024-05-01
futures,ES,reddit_orb_fade,reddit_orb_fade|ny|range=15|entry=150|rr=1.5|sl_atr=1|tp_atr=1.5|threshold=2|adx_max=none|adx_min=none|rsi2=none|trend=all|max_bars=24,long,128981,128982,128983,2024-05-01 14:30:00+00:00,2024-05-01 14:45:00+00:00,2024-05-01 15:00:00+00:00,5054.5,5049.5,-20.0,-23.0,-1.0,30.0,20.0,3.0,sl,1,5,1.25,-143.75,143.75,187.5,2024-05-01
futures,NQ,reddit_orb_fade,reddit_orb_fade|ny|range=15|entry=150|rr=1.5|sl_atr=1|tp_atr=1.5|threshold=2|adx_max=none|adx_min=none|rsi2=none|trend=all|max_bars=24,long,129046,129047,129062,2024-05-02 14:45:00+00:00,2024-05-02 15:00:00+00:00,2024-05-02 18:45:00+00:00,17528.75,17655.5,507.0,504.0,1.4780058651026393,507.0,338.0,3.0,tp,15,6,0.5,1512.0,1023.0,1521.0,2024-05-02
futures,ES,reddit_orb_breakout,reddit_orb_breakout|ny|range=15|entry=150|rr=1.5|sl_atr=1|tp_atr=1.5|threshold=2|adx_max=none|adx_min=none|rsi2=none|trend=ema|max_bars=24,long,129162,129163,129163,2024-05-03 13:45:00+00:00,2024-05-03 14:00:00+00:00,2024-05-03 14:00:00+00:00,5157.5,5137.25,-81.0,-84.0,-1.0,121.5,81.0,3.0,sl,1,6,1.25,-630.0,630.0,911.25,2024-05-03
futures,ES,reddit_orb_fade,reddit_orb_fade|ny|range=15|entry=150|rr=1.5|sl_atr=1|tp_atr=1.5|threshold=2|adx_max=none|adx_min=none|rsi2=none|trend=all|max_bars=24,short,129163,129164,129187,2024-05-03 14:00:00+00:00,2024-05-03 14:15:00+00:00,2024-05-03 20:00:00+00:00,5138.0,5161.25,-93.0,-96.0,-0.8135593220338984,172.5,115.0,3.0,session_close,23,5,1.25,-600.0,737.5,1078.125,2024-05-03
futures,NQ,reddit_orb_retest,reddit_orb_retest|ny|range=15|entry=150|rr=1.5|sl_atr=1|tp_atr=1.5|threshold=2|adx_max=none|adx_min=none|rsi2=none|trend=all|max_bars=24,long,129137,129138,129139,2024-05-03 14:30:00+00:00,2024-05-03 14:45:00+00:00,2024-05-03 15:00:00+00:00,17982.75,17910.5,-289.0,-292.0,-1.0,433.5,289.0,3.0,sl,1,8,0.5,-1168.0,1168.0,1734.0,2024-05-03
futures,ES,reddit_orb_fade,reddit_orb_fade|ny|range=15|entry=150|rr=1.5|sl_atr=1|tp_atr=1.5|threshold=2|adx_max=none|adx_min=none|rsi2=none|trend=all|max_bars=24,short,129254,129255,129255,2024-05-06 13:45:00+00:00,2024-05-06 14:00:00+00:00,2024-05-06 14:00:00+00:00,5183.25,5184.75,-6.0,-9.0,-1.0,9.0,6.0,3.0,sl,1,5,1.25,-56.25,56.25,56.25,2024-05-06
futures,ES,reddit_orb_breakout,reddit_orb_breakout|ny|range=15|entry=150|rr=1.5|sl_atr=1|tp_atr=1.5|threshold=2|adx_max=none|adx_min=none|rsi2=none|trend=ema|max_bars=24,long,129255,129256,129278,2024-05-06 14:00:00+00:00,2024-05-06 14:15:00+00:00,2024-05-06 19:45:00+00:00,5185.5,5202.75,69.0,66.0,1.346938775510204,69.0,46.0,3.0,tp,22,6,1.25,495.0,367.5,517.5,2024-05-06
futures,ES,reddit_orb_retest,reddit_orb_retest|ny|range=15|entry=150|rr=1.5|sl_atr=1|tp_atr=1.5|threshold=2|adx_max=none|adx_min=none|rsi2=none|trend=all|max_bars=24,long,129256,129257,129278,2024-05-06 14:15:00+00:00,2024-05-06 14:30:00+00:00,2024-05-06 19:45:00+00:00,5184.25,5199.625,61.5,58.5,1.3295454545454546,61.5,41.0,3.0,tp,21,2,1.25,146.25,110.0,153.75,2024-05-06
futures,ES,reddit_orb_fade,reddit_orb_fade|ny|range=15|entry=150|rr=1.5|sl_atr=1|tp_atr=1.5|threshold=2|adx_max=none|adx_min=none|rsi2=none|trend=all|max_bars=24,long,129347,129348,129362,2024-05-07 14:00:00+00:00,2024-05-07 14:15:00+00:00,2024-05-07 17:45:00+00:00,5218.0,5210.5,-30.0,-33.0,-1.0,45.0,30.0,3.0,sl,14,5,1.25,-206.25,206.25,281.25,2024-05-07
futures,NQ,reddit_orb_fade,reddit_orb_fade|ny|range=15|entry=150|rr=1.5|sl_atr=1|tp_atr=1.5|threshold=2|adx_max=none|adx_min=none|rsi2=none|trend=all|max_bars=24,long,129319,129320,129333,2024-05-07 14:00:00+00:00,2024-05-07 14:15:00+00:00,2024-05-07 17:30:00+00:00,18215.0,18264.875,199.5,196.5,1.4448529411764706,199.5,133.0,3.0,tp,13,6,0.5,589.5,408.0,598.5,2024-05-07
futures,NQ,reddit_orb_retest,reddit_orb_retest|ny|range=15|entry=150|rr=1.5|sl_atr=1|tp_atr=1.5|threshold=2|adx_max=none|adx_min=none|rsi2=none|trend=all|max_bars=24,short,129320,129321,129322,2024-05-07 14:15:00+00:00,2024-05-07 14:30:00+00:00,2024-05-07 14:45:00+00:00,18188.25,18236.0,-191.0,-194.0,-1.0,286.5,191.0,3.0,sl,1,8,0.5,-776.0,776.0,1146.0,2024-05-07
futures,ES,reddit_orb_breakout,reddit_orb_breakout|ny|range=15|entry=150|rr=1.5|sl_atr=1|tp_atr=1.5|threshold=2|adx_max=none|adx_min=none|rsi2=none|trend=ema|max_bars=24,long,129350,129351,129362,2024-05-07 14:45:00+00:00,2024-05-07 15:00:00+00:00,2024-05-07 17:45:00+00:00,5222.5,5214.0,-34.0,-37.0,-1.0,51.0,34.0,3.0,sl,11,6,1.25,-277.5,277.5,382.5,2024-05-07
futures,ES,reddit_orb_breakout,reddit_orb_breakout|ny|range=15|entry=150|rr=1.5|sl_atr=1|tp_atr=1.5|threshold=2|adx_max=none|adx_min=none|rsi2=none|trend=ema|max_bars=24,long,129438,129439,129463,2024-05-08 13:45:00+00:00,2024-05-08 14:00:00+00:00,2024-05-08 20:00:00+00:00,5204.75,5208.5,15.0,12.0,0.21052631578947367,81.0,54.0,3.0,session_close,24,6,1.25,90.0,427.5,607.5,2024-05-08
futures,ES,reddit_orb_fade,reddit_orb_fade|ny|range=15|entry=150|rr=1.5|sl_atr=1|tp_atr=1.5|threshold=2|adx_max=none|adx_min=none|rsi2=none|trend=all|max_bars=24,short,129531,129532,129533,2024-05-09 14:00:00+00:00,2024-05-09 14:15:00+00:00,2024-05-09 14:30:00+00:00,5214.75,5221.5,-27.0,-30.0,-1.0,40.5,27.0,3.0,sl,1,5,1.25,-187.5,187.5,253.125,2024-05-09
futures,ES,reddit_orb_breakout,reddit_orb_breakout|ny|range=15|entry=150|rr=1.5|sl_atr=1|tp_atr=1.5|threshold=2|adx_max=none|adx_min=none|rsi2=none|trend=ema|max_bars=24,long,129532,129533,129554,2024-05-09 14:15:00+00:00,2024-05-09 14:30:00+00:00,2024-05-09 19:45:00+00:00,5218.25,5239.25,84.0,81.0,1.3728813559322033,84.0,56.0,3.0,tp,21,6,1.25,607.5,442.5,630.0,2024-05-09
futures,ES,reddit_orb_fade,reddit_orb_fade|ny|range=15|entry=150|rr=1.5|sl_atr=1|tp_atr=1.5|threshold=2|adx_max=none|adx_min=none|rsi2=none|trend=all|max_bars=24,short,129622,129623,129623,2024-05-10 13:45:00+00:00,2024-05-10 14:00:00+00:00,2024-05-10 14:00:00+00:00,5262.0,5259.0,12.0,9.0,0.8181818181818182,12.0,8.0,3.0,tp,1,5,1.25,56.25,68.75,75.0,2024-05-10
futures,ES,reddit_orb_retest,reddit_orb_retest|ny|range=15|entry=150|rr=1.5|sl_atr=1|tp_atr=1.5|threshold=2|adx_max=none|adx_min=none|rsi2=none|trend=all|max_bars=24,short,129625,129626,129647,2024-05-10 14:30:00+00:00,2024-05-10 14:45:00+00:00,2024-05-10 20:00:00+00:00,5248.75,5244.25,18.0,15.0,0.2631578947368421,81.0,54.0,3.0,session_close,21,2,1.25,37.5,142.5,202.5,2024-05-10
futures,NQ,reddit_orb_fade,reddit_orb_fade|ny|range=15|entry=150|rr=1.5|sl_atr=1|tp_atr=1.5|threshold=2|adx_max=none|adx_min=none|rsi2=none|trend=all|max_bars=24,short,129778,129779,129780,2024-05-14 13:45:00+00:00,2024-05-14 14:00:00+00:00,2024-05-14 14:15:00+00:00,18289.5,18326.75,-149.0,-152.0,-1.0,223.5,149.0,3.0,sl,1,6,0.5,-456.0,456.0,670.5,2024-05-14
futures,ES,reddit_orb_fade,reddit_orb_fade|ny|range=15|entry=150|rr=1.5|sl_atr=1|tp_atr=1.5|threshold=2|adx_max=none|adx_min=none|rsi2=none|trend=all|max_bars=24,short,129807,129808,129808,2024-05-14 14:00:00+00:00,2024-05-14 14:15:00+00:00,2024-05-14 14:15:00+00:00,5252.0,5255.5,-14.0,-17.0,-1.0,21.0,14.0,3.0,same_bar_sl,1,5,1.25,-106.25,106.25,131.25,2024-05-14
futures,ES,reddit_orb_breakout,reddit_orb_breakout|ny|range=15|entry=150|rr=1.5|sl_atr=1|tp_atr=1.5|threshold=2|adx_max=none|adx_min=none|rsi2=none|trend=ema|max_bars=24,long,129808,129809,129809,2024-05-14 14:15:00+00:00,2024-05-14 14:30:00+00:00,2024-05-14 14:30:00+00:00,5258.25,5244.5,-55.0,-58.0,-1.0,82.5,55.0,3.0,sl,1,6,1.25,-435.0,435.0,618.75,2024-05-14
futures,ES,reddit_orb_retest,reddit_orb_retest|ny|range=15|entry=150|rr=1.5|sl_atr=1|tp_atr=1.5|threshold=2|adx_max=none|adx_min=none|rsi2=none|trend=all|max_bars=24,long,129810,129811,129816,2024-05-14 14:45:00+00:00,2024-05-14 15:00:00+00:00,2024-05-14 16:15:00+00:00,5253.25,5244.5,-35.0,-38.0,-1.0,52.5,35.0,3.0,sl,5,2,1.25,-95.0,95.0,131.25,2024-05-14
futures,NQ,reddit_orb_retest,reddit_orb_retest|ny|range=15|entry=150|rr=1.5|sl_atr=1|tp_atr=1.5|threshold=2|adx_max=none|adx_min=none|rsi2=none|trend=all|max_bars=24,long,129782,129783,129803,2024-05-14 14:45:00+00:00,2024-05-14 15:00:00+00:00,2024-05-14 20:00:00+00:00,18339.0,18412.5,294.0,291.0,0.9797979797979798,441.0,294.0,3.0,session_close,20,8,0.5,1164.0,1188.0,1764.0,2024-05-14
futures,ES,reddit_orb_fade,reddit_orb_fade|ny|range=15|entry=150|rr=1.5|sl_atr=1|tp_atr=1.5|threshold=2|adx_max=none|adx_min=none|rsi2=none|trend=all|max_bars=24,long,129899,129900,129901,2024-05-15 14:00:00+00:00,2024-05-15 14:15:00+00:00,2024-05-15 14:30:00+00:00,5297.0,5305.625,34.5,31.5,1.2115384615384615,34.5,23.0,3.0,tp,1,5,1.25,196.875,162.5,215.625,2024-05-15
futures,NQ,reddit_orb_fade,reddit_orb_fade|ny|range=15|entry=150|rr=1.5|sl_atr=1|tp_atr=1.5|threshold=2|adx_max=none|adx_min=none|rsi2=none|trend=all|max_bars=24,long,129871,129872,129873,2024-05-15 14:00:00+00:00,2024-05-15 14:15:00+00:00,2024-05-15 14:30:00+00:00,18514.25,18562.625,193.5,190.5,1.4431818181818181,193.5,129.0,3.0,tp,1,6,0.5,571.5,396.0,580.5,2024-05-15
futures,ES,reddit_orb_breakout,reddit_orb_breakout|ny|range=15|entry=150|rr=1.5|sl_atr=1|tp_atr=1.5|threshold=2|adx_max=none|adx_min=none|rsi2=none|trend=ema|max_bars=24,long,129901,129902,129915,2024-05-15 14:30:00+00:00,2024-05-15 14:45:00+00:00,2024-05-15 18:00:00+00:00,5307.25,5329.75,90.0,87.0,1.380952380952381,90.0,60.0,3.0,tp,13,6,1.25,652.5,472.5,675.0,2024-05-15
futures,NQ,reddit_orb_breakout,reddit_orb_breakout|ny|range=15|entry=150|rr=1|sl_atr=1|tp_atr=1.5|threshold=2|adx_max=none|adx_min=none|rsi2=none|trend=ema|max_bars=24,long,129962,129963,129966,2024-05-16 13:45:00+00:00,2024-05-16 14:00:00+00:00,2024-05-16 14:45:00+00:00,18709.0,18746.0,148.0,145.0,0.9602649006622517,148.0,148.0,3.0,tp,3,12,0.5,870.0,906.0,888.0,2024-05-16
futures,ES,reddit_orb_breakout,reddit_orb_breakout|ny|range=15|entry=150|rr=1.5|sl_atr=1|tp_atr=1.5|threshold=2|adx_max=none|adx_min=none|rsi2=none|trend=ema|max_bars=24,long,129991,129992,129994,2024-05-16 14:00:00+00:00,2024-05-16 14:15:00+00:00,2024-05-16 14:45:00+00:00,5337.25,5345.125,31.5,28.5,1.1875,31.5,21.0,3.0,tp,2,6,1.25,213.75,180.0,236.25,2024-05-16
futures,ES,reddit_orb_fade,reddit_orb_fade|ny|range=15|entry=150|rr=1.5|sl_atr=1|tp_atr=1.5|threshold=2|adx_max=none|adx_min=none|rsi2=none|trend=all|max_bars=24,long,129991,129992,130004,2024-05-16 14:00:00+00:00,2024-05-16 14:15:00+00:00,2024-05-16 17:15:00+00:00,5337.25,5328.25,-36.0,-39.0,-1.0,54.0,36.0,3.0,sl,12,5,1.25,-243.75,243.75,337.5,2024-05-16
futures,NQ,reddit_orb_fade,reddit_orb_fade|ny|range=15|entry=150|rr=1.5|sl_atr=1|tp_atr=1.5|threshold=2|adx_max=none|adx_min=none|rsi2=none|trend=all|max_bars=24,short,129963,129964,129964,2024-05-16 14:00:00+00:00,2024-05-16 14:15:00+00:00,2024-05-16 14:15:00+00:00,18698.25,18712.0,-55.0,-58.0,-1.0,82.5,55.0,3.0,sl,1,6,0.5,-174.0,174.0,247.5,2024-05-16
futures,NQ,reddit_orb_retest,reddit_orb_retest|ny|range=15|entry=150|rr=1.5|sl_atr=1|tp_atr=1.5|threshold=2|adx_max=none|adx_min=none|rsi2=none|trend=all|max_bars=24,long,129964,129965,129976,2024-05-16 14:15:00+00:00,2024-05-16 14:30:00+00:00,2024-05-16 17:15:00+00:00,18716.5,18672.0,-178.0,-181.0,-1.0,267.0,178.0,3.0,sl,11,8,0.5,-724.0,724.0,1068.0,2024-05-16
futures,ES,reddit_orb_retest,reddit_orb_retest|ny|range=15|entry=150|rr=1.5|sl_atr=1|tp_atr=1.5|threshold=2|adx_max=none|adx_min=none|rsi2=none|trend=all|max_bars=24,long,129999,130000,130004,2024-05-16 16:00:00+00:00,2024-05-16 16:15:00+00:00,2024-05-16 17:15:00+00:00,5340.5,5332.0,-34.0,-37.0,-1.0,51.0,34.0,3.0,sl,4,2,1.25,-92.5,92.5,127.5,2024-05-16
futures,ES,reddit_orb_fade,reddit_orb_fade|ny|range=15|entry=150|rr=1.5|sl_atr=1|tp_atr=1.5|threshold=2|adx_max=none|adx_min=none|rsi2=none|trend=all|max_bars=24,long,130082,130083,130089,2024-05-17 13:45:00+00:00,2024-05-17 14:00:00+00:00,2024-05-17 15:30:00+00:00,5320.0,5315.75,-17.0,-20.0,-1.0,25.5,17.0,3.0,sl,6,5,1.25,-125.0,125.0,159.375,2024-05-17
futures,NQ,reddit_orb_retest,reddit_orb_retest|ny|range=15|entry=150|rr=1.5|sl_atr=1|tp_atr=1.5|threshold=2|adx_max=none|adx_min=none|rsi2=none|trend=all|max_bars=24,short,130055,130056,130057,2024-05-17 14:00:00+00:00,2024-05-17 14:15:00+00:00,2024-05-17 14:30:00+00:00,18637.0,18667.5,-122.0,-125.0,-1.0,183.0,122.0,3.0,sl,1,8,0.5,-500.0,500.0,732.0,2024-05-17
futures,NQ,reddit_orb_fade,reddit_orb_fade|ny|range=15|entry=150|rr=1.5|sl_atr=1|tp_atr=1.5|threshold=2|adx_max=none|adx_min=none|rsi2=none|trend=all|max_bars=24,long,130056,130057,130059,2024-05-17 14:15:00+00:00,2024-05-17 14:30:00+00:00,2024-05-17 15:00:00+00:00,18664.75,18628.5,-145.0,-148.0,-1.0,217.5,145.0,3.0,sl,2,6,0.5,-444.0,444.0,652.5,2024-05-17
futures,NQ,reddit_orb_breakout,reddit_orb_breakout|ny|range=15|entry=150|rr=1|sl_atr=1|tp_atr=1.5|threshold=2|adx_max=none|adx_min=none|rsi2=none|trend=ema|max_bars=24,long,130057,130058,130059,2024-05-17 14:30:00+00:00,2024-05-17 14:45:00+00:00,2024-05-17 15:00:00+00:00,18670.75,18639.0,-127.0,-130.0,-1.0,127.0,127.0,3.0,sl,1,12,0.5,-780.0,780.0,762.0,2024-05-17
futures,ES,reddit_orb_breakout,reddit_orb_breakout|ny|range=15|entry=150|rr=1.5|sl_atr=1|tp_atr=1.5|threshold=2|adx_max=none|adx_min=none|rsi2=none|trend=ema|max_bars=24,long,130174,130175,130191,2024-05-20 13:45:00+00:00,2024-05-20 14:00:00+00:00,2024-05-20 18:00:00+00:00,5344.0,5326.75,-69.0,-72.0,-1.0,103.5,69.0,3.0,sl,16,6,1.25,-540.0,540.0,776.25,2024-05-20
futures,NQ,reddit_orb_fade,reddit_orb_fade|ny|range=15|entry=150|rr=1.5|sl_atr=1|tp_atr=1.5|threshold=2|adx_max=none|adx_min=none|rsi2=none|trend=all|max_bars=24,short,130238,130239,130239,2024-05-21 13:45:00+00:00,2024-05-21 14:00:00+00:00,2024-05-21 14:00:00+00:00,18707.75,18719.75,-48.0,-51.0,-1.0,72.0,48.0,3.0,sl,1,6,0.5,-153.0,153.0,216.0,2024-05-21
futures,ES,reddit_orb_breakout,reddit_orb_breakout|ny|range=15|entry=150|rr=1.5|sl_atr=1|tp_atr=1.5|threshold=2|adx_max=none|adx_min=none|rsi2=none|trend=ema|max_bars=24,long,130267,130268,130287,2024-05-21 14:00:00+00:00,2024-05-21 14:15:00+00:00,2024-05-21 19:00:00+00:00,5330.0,5341.25,45.0,42.0,1.2727272727272727,45.0,30.0,3.0,tp,19,6,1.25,315.0,247.5,337.5,2024-05-21
futures,NQ,reddit_orb_breakout,reddit_orb_breakout|ny|range=15|entry=150|rr=1|sl_atr=1|tp_atr=1.5|threshold=2|adx_max=none|adx_min=none|rsi2=none|trend=ema|max_bars=24,long,130239,130240,130241,2024-05-21 14:00:00+00:00,2024-05-21 14:15:00+00:00,2024-05-21 14:30:00+00:00,18714.0,18750.0,144.0,141.0,0.9591836734693877,144.0,144.0,3.0,tp,1,12,0.5,846.0,882.0,864.0,2024-05-21
futures,ES,reddit_orb_retest,reddit_orb_retest|ny|range=15|entry=150|rr=1.5|sl_atr=1|tp_atr=1.5|threshold=2|adx_max=none|adx_min=none|rsi2=none|trend=all|max_bars=24,long,130268,130269,130289,2024-05-21 14:15:00+00:00,2024-05-21 14:30:00+00:00,2024-05-21 19:30:00+00:00,5332.0,5346.25,57.0,54.0,1.3170731707317074,57.0,38.0,3.0,tp,20,2,1.25,135.0,102.5,142.5,2024-05-21
futures,NQ,reddit_orb_retest,reddit_orb_retest|ny|range=15|entry=150|rr=1.5|sl_atr=1|tp_atr=1.5|threshold=2|adx_max=none|adx_min=none|rsi2=none|trend=all|max_bars=24,long,130240,130241,130263,2024-05-21 14:15:00+00:00,2024-05-21 14:30:00+00:00,2024-05-21 20:00:00+00:00,18730.75,18799.25,274.0,271.0,1.266355140186916,316.5,211.0,3.0,session_close,22,8,0.5,1084.0,856.0,1266.0,2024-05-21
futures,ES,reddit_orb_breakout,reddit_orb_breakout|ny|range=15|entry=150|rr=1.5|sl_atr=1|tp_atr=1.5|threshold=2|adx_max=none|adx_min=none|rsi2=none|trend=ema|max_bars=24,long,130358,130359,130366,2024-05-22 13:45:00+00:00,2024-05-22 14:00:00+00:00,2024-05-22 15:45:00+00:00,5342.25,5337.25,-20.0,-23.0,-1.0,30.0,20.0,3.0,sl,7,6,1.25,-172.5,172.5,225.0,2024-05-22
futures,NQ,reddit_orb_fade,reddit_orb_fade|ny|range=15|entry=150|rr=1.5|sl_atr=1|tp_atr=1.5|threshold=2|adx_max=none|adx_min=none|rsi2=none|trend=all|max_bars=24,short,130330,130331,130331,2024-05-22 13:45:00+00:00,2024-05-22 14:00:00+00:00,2024-05-22 14:00:00+00:00,18823.75,18830.5,-27.0,-30.0,-1.0,40.5,27.0,3.0,same_bar_sl,1,6,0.5,-90.0,90.0,121.5,2024-05-22
futures,ES,reddit_orb_retest,reddit_orb_retest|ny|range=15|entry=150|rr=1.5|sl_atr=1|tp_atr=1.5|threshold=2|adx_max=none|adx_min=none|rsi2=none|trend=all|max_bars=24,long,130359,130360,130366,2024-05-22 14:00:00+00:00,2024-05-22 14:15:00+00:00,2024-05-22 15:45:00+00:00,5342.75,5337.25,-22.0,-25.0,-1.0,33.0,22.0,3.0,sl,6,2,1.25,-62.5,62.5,82.5,2024-05-22
futures,ES,reddit_orb_fade,reddit_orb_fade|ny|range=15|entry=150|rr=1.5|sl_atr=1|tp_atr=1.5|threshold=2|adx_max=none|adx_min=none|rsi2=none|trend=all|max_bars=24,short,130361,130362,130362,2024-05-22 14:30:00+00:00,2024-05-22 14:45:00+00:00,2024-05-22 14:45:00+00:00,5339.75,5342.75,-12.0,-15.0,-1.0,18.0,12.0,3.0,sl,1,5,1.25,-93.75,93.75,112.5,2024-05-22
futures,NQ,reddit_orb_breakout,reddit_orb_breakout|ny|range=15|entry=150|rr=1|sl_atr=1|tp_atr=1.5|threshold=2|adx_max=none|adx_min=none|rsi2=none|trend=ema|max_bars=24,long,130335,130336,130345,2024-05-22 15:00:00+00:00,2024-05-22 15:15:00+00:00,2024-05-22 17:30:00+00:00,18834.25,18788.75,-182.0,-185.0,-1.0,182.0,182.0,3.0,sl,9,12,0.5,-1110.0,1110.0,1092.0,2024-05-22
futures,NQ,reddit_orb_retest,reddit_orb_retest|ny|range=15|entry=150|rr=1.5|sl_atr=1|tp_atr=1.5|threshold=2|adx_max=none|adx_min=none|rsi2=none|trend=all|max_bars=24,long,130339,130340,130345,2024-05-22 16:00:00+00:00,2024-05-22 16:15:00+00:00,2024-05-22 17:30:00+00:00,18829.5,18788.75,-163.0,-166.0,-1.0,244.5,163.0,3.0,sl,5,8,0.5,-664.0,664.0,978.0,2024-05-22
futures,ES,reddit_orb_breakout,reddit_orb_breakout|ny|range=15|entry=150|rr=1.5|sl_atr=1|tp_atr=1.5|threshold=2|adx_max=none|adx_min=none|rsi2=none|trend=ema|max_bars=24,short,130542,130543,130543,2024-05-24 13:45:00+00:00,2024-05-24 14:00:00+00:00,2024-05-24 14:00:00+00:00,5298.0,5307.0,-36.0,-39.0,-1.0,54.0,36.0,3.0,sl,1,6,1.25,-292.5,292.5,405.0,2024-05-24
futures,NQ,reddit_orb_fade,reddit_orb_fade|ny|range=15|entry=150|rr=1.5|sl_atr=1|tp_atr=1.5|threshold=2|adx_max=none|adx_min=none|rsi2=none|trend=all|max_bars=24,short,130514,130515,130515,2024-05-24 13:45:00+00:00,2024-05-24 14:00:00+00:00,2024-05-24 14:00:00+00:00,18750.0,18787.25,-149.0,-152.0,-1.0,223.5,149.0,3.0,sl,1,6,0.5,-456.0,456.0,670.5,2024-05-24
futures,ES,reddit_orb_fade,reddit_orb_fade|ny|range=15|entry=150|rr=1.5|sl_atr=1|tp_atr=1.5|threshold=2|adx_max=none|adx_min=none|rsi2=none|trend=all|max_bars=24,short,130543,130544,130544,2024-05-24 14:00:00+00:00,2024-05-24 14:15:00+00:00,2024-05-24 14:15:00+00:00,5304.0,5309.5,-22.0,-25.0,-1.0,33.0,22.0,3.0,sl,1,5,1.25,-156.25,156.25,206.25,2024-05-24
futures,ES,reddit_orb_fade,reddit_orb_fade|ny|range=15|entry=150|rr=1.5|sl_atr=1|tp_atr=1.5|threshold=2|adx_max=none|adx_min=none|rsi2=none|trend=all|max_bars=24,long,130634,130635,130635,2024-05-27 13:45:00+00:00,2024-05-27 14:00:00+00:00,2024-05-27 14:00:00+00:00,5320.25,5319.5,-3.0,-6.0,-1.0,4.5,3.0,3.0,sl,1,5,1.25,-37.5,37.5,28.125,2024-05-27
futures,NQ,reddit_orb_fade,reddit_orb_fade|ny|range=15|entry=150|rr=1.5|sl_atr=1|tp_atr=1.5|threshold=2|adx_max=none|adx_min=none|rsi2=none|trend=all|max_bars=24,long,130607,130608,130609,2024-05-27 14:00:00+00:00,2024-05-27 14:15:00+00:00,2024-05-27 14:30:00+00:00,18880.25,18886.625,25.5,22.5,1.125,25.5,17.0,3.0,tp,1,6,0.5,67.5,60.0,76.5,2024-05-27
futures,ES,reddit_orb_breakout,reddit_orb_breakout|ny|range=15|entry=150|rr=1.5|sl_atr=1|tp_atr=1.5|threshold=2|adx_max=none|adx_min=none|rsi2=none|trend=ema|max_bars=24,long,130638,130639,130647,2024-05-27 14:45:00+00:00,2024-05-27 15:00:00+00:00,2024-05-27 22:00:00+00:00,5326.5,5330.0,14.0,11.0,0.3793103448275862,39.0,26.0,3.0,session_close,8,6,1.25,82.5,217.5,292.5,2024-05-27
futures,NQ,reddit_orb_breakout,reddit_orb_breakout|ny|range=15|entry=150|rr=1|sl_atr=1|tp_atr=1.5|threshold=2|adx_max=none|adx_min=none|rsi2=none|trend=ema|max_bars=24,long,130611,130612,130619,2024-05-27 15:00:00+00:00,2024-05-27 15:15:00+00:00,2024-05-27 22:00:00+00:00,18917.25,18925.0,31.0,28.0,0.175,157.0,157.0,3.0,session_close,7,12,0.5,168.0,960.0,942.0,2024-05-27
futures,NQ,reddit_orb_fade,reddit_orb_fade|ny|range=15|entry=150|rr=1.5|sl_atr=1|tp_atr=1.5|threshold=2|adx_max=none|adx_min=none|rsi2=none|trend=all|max_bars=24,long,130683,130684,130689,2024-05-28 14:00:00+00:00,2024-05-28 14:15:00+00:00,2024-05-28 15:30:00+00:00,18880.0,18936.25,225.0,222.0,1.4509803921568627,225.0,150.0,3.0,tp,5,6,0.5,666.0,459.0,675.0,2024-05-28
futures,ES,reddit_orb_fade,reddit_orb_fade|ny|range=15|entry=150|rr=1.5|sl_atr=1|tp_atr=1.5|threshold=2|adx_max=none|adx_min=none|rsi2=none|trend=all|max_bars=24,long,130714,130715,130715,2024-05-28 14:45:00+00:00,2024-05-28 15:00:00+00:00,2024-05-28 15:00:00+00:00,5325.25,5323.25,-8.0,-11.0,-1.0,12.0,8.0,3.0,sl,1,5,1.25,-68.75,68.75,75.0,2024-05-28
futures,ES,reddit_orb_retest,reddit_orb_retest|ny|range=15|entry=150|rr=1.5|sl_atr=1|tp_atr=1.5|threshold=2|adx_max=none|adx_min=none|rsi2=none|trend=all|max_bars=24,short,130715,130716,130726,2024-05-28 15:00:00+00:00,2024-05-28 15:15:00+00:00,2024-05-28 17:45:00+00:00,5324.0,5313.125,43.5,40.5,1.265625,43.5,29.0,3.0,tp,10,2,1.25,101.25,80.0,108.75,2024-05-28
futures,ES,reddit_orb_fade,reddit_orb_fade|ny|range=15|entry=150|rr=1.5|sl_atr=1|tp_atr=1.5|threshold=2|adx_max=none|adx_min=none|rsi2=none|trend=all|max_bars=24,long,130802,130803,130827,2024-05-29 13:45:00+00:00,2024-05-29 14:00:00+00:00,2024-05-29 20:00:00+00:00,5286.75,5280.0,-27.0,-30.0,-0.8571428571428571,48.0,32.0,3.0,session_close,24,5,1.25,-187.5,218.75,300.0,2024-05-29
futures,ES,reddit_orb_retest,reddit_orb_retest|ny|range=15|entry=150|rr=1.5|sl_atr=1|tp_atr=1.5|threshold=2|adx_max=none|adx_min=none|rsi2=none|trend=all|max_bars=24,long,130803,130804,130827,2024-05-29 14:00:00+00:00,2024-05-29 14:15:00+00:00,2024-05-29 20:00:00+00:00,5289.0,5280.0,-36.0,-39.0,-0.9285714285714286,58.5,39.0,3.0,session_close,23,2,1.25,-97.5,105.0,146.25,2024-05-29
futures,NQ,reddit_orb_retest,reddit_orb_retest|ny|range=15|entry=150|rr=1.5|sl_atr=1|tp_atr=1.5|threshold=2|adx_max=none|adx_min=none|rsi2=none|trend=all|max_bars=24,long,130775,130776,130799,2024-05-29 14:00:00+00:00,2024-05-29 14:15:00+00:00,2024-05-29 20:00:00+00:00,18837.5,18797.0,-162.0,-165.0,-0.5339805825242718,459.0,306.0,3.0,session_close,23,8,0.5,-660.0,1236.0,1836.0,2024-05-29
futures,ES,reddit_orb_breakout,reddit_orb_breakout|ny|range=15|entry=150|rr=1.5|sl_atr=1|tp_atr=1.5|threshold=2|adx_max=none|adx_min=none|rsi2=none|trend=ema|max_bars=24,short,130895,130896,130907,2024-05-30 14:00:00+00:00,2024-05-30 14:15:00+00:00,2024-05-30 17:00:00+00:00,5260.5,5274.25,-55.0,-58.0,-1.0,82.5,55.0,3.0,sl,11,6,1.25,-435.0,435.0,618.75,2024-05-30
futures,NQ,reddit_orb_fade,reddit_orb_fade|ny|range=15|entry=150|rr=1.5|sl_atr=1|tp_atr=1.5|threshold=2|adx_max=none|adx_min=none|rsi2=none|trend=all|max_bars=24,long,130867,130868,130869,2024-05-30 14:00:00+00:00,2024-05-30 14:15:00+00:00,2024-05-30 14:30:00+00:00,18706.75,18684.25,-90.0,-93.0,-1.0,135.0,90.0,3.0,sl,1,6,0.5,-279.0,279.0,405.0,2024-05-30
futures,ES,reddit_orb_fade,reddit_orb_fade|ny|range=15|entry=150|rr=1.5|sl_atr=1|tp_atr=1.5|threshold=2|adx_max=none|adx_min=none|rsi2=none|trend=all|max_bars=24,long,130896,130897,130897,2024-05-30 14:15:00+00:00,2024-05-30 14:30:00+00:00,2024-05-30 14:30:00+00:00,5264.0,5258.75,-21.0,-24.0,-1.0,31.5,21.0,3.0,sl,1,5,1.25,-150.0,150.0,196.875,2024-05-30
futures,ES,reddit_orb_retest,reddit_orb_retest|ny|range=15|entry=150|rr=1.5|sl_atr=1|tp_atr=1.5|threshold=2|adx_max=none|adx_min=none|rsi2=none|trend=all|max_bars=24,short,130897,130898,130907,2024-05-30 14:30:00+00:00,2024-05-30 14:45:00+00:00,2024-05-30 17:00:00+00:00,5258.25,5274.25,-64.0,-67.0,-1.0,96.0,64.0,3.0,sl,9,2,1.25,-167.5,167.5,240.0,2024-05-30
futures,ES,reddit_orb_breakout,reddit_orb_breakout|ny|range=15|entry=150|rr=1.5|sl_atr=1|tp_atr=1.5|threshold=2|adx_max=none|adx_min=none|rsi2=none|trend=ema|max_bars=24,short,130986,130987,130989,2024-05-31 13:45:00+00:00,2024-05-31 14:00:00+00:00,2024-05-31 14:30:00+00:00,5253.25,5227.75,102.0,99.0,1.3943661971830985,102.0,68.0,3.0,tp,2,6,1.25,742.5,532.5,765.0,2024-05-31
futures,NQ,reddit_orb_fade,reddit_orb_fade|ny|range=15|entry=150|rr=1.5|sl_atr=1|tp_atr=1.5|threshold=2|adx_max=none|adx_min=none|rsi2=none|trend=all|max_bars=24,short,131050,131051,131055,2024-06-03 13:45:00+00:00,2024-06-03 14:00:00+00:00,2024-06-03 15:00:00+00:00,18681.0,18569.25,447.0,444.0,1.4750830564784052,447.0,298.0,3.0,tp,4,6,0.5,1332.0,903.0,1341.0,2024-06-03
futures,ES,reddit_orb_retest,reddit_orb_retest|ny|range=15|entry=150|rr=1.5|sl_atr=1|tp_atr=1.5|threshold=2|adx_max=none|adx_min=none|rsi2=none|trend=all|max_bars=24,short,131079,131080,131082,2024-06-03 14:00:00+00:00,2024-06-03 14:15:00+00:00,2024-06-03 14:45:00+00:00,5303.5,5288.875,58.5,55.5,1.3214285714285714,58.5,39.0,3.0,tp,2,2,1.25,138.75,105.0,146.25,2024-06-03
futures,NQ,reddit_orb_retest,reddit_orb_retest|ny|range=15|entry=150|rr=1.5|sl_atr=1|tp_atr=1.5|threshold=2|adx_max=none|adx_min=none|rsi2=none|trend=all|max_bars=24,short,131051,131052,131054,2024-06-03 14:00:00+00:00,2024-06-03 14:15:00+00:00,2024-06-03 14:45:00+00:00,18694.75,18612.25,330.0,327.0,1.4663677130044843,330.0,220.0,3.0,tp,2,8,0.5,1308.0,892.0,1320.0,2024-06-03
futures,ES,reddit_orb_fade,reddit_orb_fade|ny|range=15|entry=150|rr=1.5|sl_atr=1|tp_atr=1.5|threshold=2|adx_max=none|adx_min=none|rsi2=none|trend=all|max_bars=24,short,131170,131171,131171,2024-06-04 13:45:00+00:00,2024-06-04 14:00:00+00:00,2024-06-04 14:00:00+00:00,5285.25,5288.5,-13.0,-16.0,-1.0,19.5,13.0,3.0,same_bar_sl,1,5,1.25,-100.0,100.0,121.875,2024-06-04
futures,NQ,reddit_orb_fade,reddit_orb_fade|ny|range=15|entry=150|rr=1.5|sl_atr=1|tp_atr=1.5|threshold=2|adx_max=none|adx_min=none|rsi2=none|trend=all|max_bars=24,long,131142,131143,131143,2024-06-04 13:45:00+00:00,2024-06-04 14:00:00+00:00,2024-06-04 14:00:00+00:00,18602.75,18579.5,-93.0,-96.0,-1.0,139.5,93.0,3.0,same_bar_sl,1,6,0.5,-288.0,288.0,418.5,2024-06-04
futures,ES,reddit_orb_retest,reddit_orb_retest|ny|range=15|entry=150|rr=1.5|sl_atr=1|tp_atr=1.5|threshold=2|adx_max=none|adx_min=none|rsi2=none|trend=all|max_bars=24,long,131173,131174,131175,2024-06-04 14:30:00+00:00,2024-06-04 14:45:00+00:00,2024-06-04 15:00:00+00:00,5292.25,5277.75,-58.0,-61.0,-1.0,87.0,58.0,3.0,sl,1,2,1.25,-152.5,152.5,217.5,2024-06-04
futures,ES,reddit_orb_breakout,reddit_orb_breakout|ny|range=15|entry=150|rr=1.5|sl_atr=1|tp_atr=1.5|threshold=2|adx_max=none|adx_min=none|rsi2=none|trend=ema|max_bars=24,short,131177,131178,131182,2024-06-04 15:30:00+00:00,2024-06-04 15:45:00+00:00,2024-06-04 16:45:00+00:00,5275.75,5288.0,-49.0,-52.0,-1.0,73.5,49.0,3.0,sl,4,6,1.25,-390.0,390.0,551.25,2024-06-04
futures,NQ,reddit_orb_retest,reddit_orb_retest|ny|range=15|entry=150|rr=1.5|sl_atr=1|tp_atr=1.5|threshold=2|adx_max=none|adx_min=none|rsi2=none|trend=all|max_bars=24,short,131151,131152,131154,2024-06-04 16:00:00+00:00,2024-06-04 16:15:00+00:00,2024-06-04 16:45:00+00:00,18581.25,18650.75,-278.0,-281.0,-1.0,417.0,278.0,3.0,sl,2,8,0.5,-1124.0,1124.0,1668.0,2024-06-04
futures,ES,reddit_orb_fade,reddit_orb_fade|ny|range=15|entry=150|rr=1.5|sl_atr=1|tp_atr=1.5|threshold=2|adx_max=none|adx_min=none|rsi2=none|trend=all|max_bars=24,long,131262,131263,131263,2024-06-05 13:45:00+00:00,2024-06-05 14:00:00+00:00,2024-06-05 14:00:00+00:00,5320.25,5314.75,-22.0,-25.0,-1.0,33.0,22.0,3.0,sl,1,5,1.25,-156.25,156.25,206.25,2024-06-05
futures,NQ,reddit_orb_breakout,reddit_orb_breakout|ny|range=15|entry=150|rr=1|sl_atr=1|tp_atr=1.5|threshold=2|adx_max=none|adx_min=none|rsi2=none|trend=ema|max_bars=24,long,131234,131235,131235,2024-06-05 13:45:00+00:00,2024-06-05 14:00:00+00:00,2024-06-05 14:00:00+00:00,18854.25,18813.75,-162.0,-165.0,-1.0,162.0,162.0,3.0,sl,1,12,0.5,-990.0,990.0,972.0,2024-06-05
futures,NQ,reddit_orb_fade,reddit_orb_fade|ny|range=15|entry=150|rr=1.5|sl_atr=1|tp_atr=1.5|threshold=2|adx_max=none|adx_min=none|rsi2=none|trend=all|max_bars=24,short,131235,131236,131236,2024-06-05 14:00:00+00:00,2024-06-05 14:15:00+00:00,2024-06-05 14:15:00+00:00,18832.75,18862.25,-118.0,-121.0,-1.0,177.0,118.0,3.0,sl,1,6,0.5,-363.0,363.0,531.0,2024-06-05
futures,ES,reddit_orb_breakout,reddit_orb_breakout|ny|range=15|entry=150|rr=1.5|sl_atr=1|tp_atr=1.5|threshold=2|adx_max=none|adx_min=none|rsi2=none|trend=ema|max_bars=24,long,131266,131267,131273,2024-06-05 14:45:00+00:00,2024-06-05 15:00:00+00:00,2024-06-05 16:30:00+00:00,5329.25,5345.375,64.5,61.5,1.3369565217391304,64.5,43.0,3.0,tp,6,6,1.25,461.25,345.0,483.75,2024-06-05
futures,ES,reddit_orb_fade,reddit_orb_fade|ny|range=15|entry=150|rr=1.5|sl_atr=1|tp_atr=1.5|threshold=2|adx_max=none|adx_min=none|rsi2=none|trend=all|max_bars=24,long,131355,131356,131358,2024-06-06 14:00:00+00:00,2024-06-06 14:15:00+00:00,2024-06-06 14:45:00+00:00,5366.25,5362.5,-15.0,-18.0,-1.0,22.5,15.0,3.0,sl,2,5,1.25,-112.5,112.5,140.625,2024-06-06
futures,NQ,reddit_orb_retest,reddit_orb_retest|ny|range=15|entry=150|rr=1.5|sl_atr=1|tp_atr=1.5|threshold=2|adx_max=none|adx_min=none|rsi2=none|trend=all|max_bars=24,short,131328,131329,131343,2024-06-06 14:15:00+00:00,2024-06-06 14:30:00+00:00,2024-06-06 18:00:00+00:00,19080.5,19027.625,211.5,208.5,1.4479166666666667,211.5,141.0,3.0,tp,14,8,0.5,834.0,576.0,846.0,2024-06-06
futures,NQ,reddit_orb_fade,reddit_orb_fade|ny|range=15|entry=150|rr=1.5|sl_atr=1|tp_atr=1.5|threshold=2|adx_max=none|adx_min=none|rsi2=none|trend=all|max_bars=24,long,131329,131330,131330,2024-06-06 14:30:00+00:00,2024-06-06 14:45:00+00:00,2024-06-06 14:45:00+00:00,19102.25,19075.0,-109.0,-112.0,-1.0,163.5,109.0,3.0,sl,1,6,0.5,-336.0,336.0,490.5,2024-06-06
futures,ES,reddit_orb_retest,reddit_orb_retest|ny|range=15|entry=150|rr=1.5|sl_atr=1|tp_atr=1.5|threshold=2|adx_max=none|adx_min=none|rsi2=none|trend=all|max_bars=24,short,131358,131359,131371,2024-06-06 14:45:00+00:00,2024-06-06 15:00:00+00:00,2024-06-06 18:00:00+00:00,5363.75,5349.5,57.0,54.0,1.3170731707317074,57.0,38.0,3.0,tp,12,2,1.25,135.0,102.5,142.5,2024-06-06
futures,ES,reddit_orb_breakout,reddit_orb_breakout|ny|range=15|entry=150|rr=1.5|sl_atr=1|tp_atr=1.5|threshold=2|adx_max=none|adx_min=none|rsi2=none|trend=ema|max_bars=24,long,131446,131447,131450,2024-06-07 13:45:00+00:00,2024-06-07 14:00:00+00:00,2024-06-07 14:45:00+00:00,5356.5,5379.75,93.0,90.0,1.3846153846153846,93.0,62.0,3.0,tp,3,6,1.25,675.0,487.5,697.5,2024-06-07
futures,NQ,reddit_orb_fade,reddit_orb_fade|ny|range=15|entry=150|rr=1.5|sl_atr=1|tp_atr=1.5|threshold=2|adx_max=none|adx_min=none|rsi2=none|trend=all|max_bars=24,short,131418,131419,131421,2024-06-07 13:45:00+00:00,2024-06-07 14:00:00+00:00,2024-06-07 14:30:00+00:00,19032.25,19065.0,-131.0,-134.0,-1.0,196.5,131.0,3.0,sl,2,6,0.5,-402.0,402.0,589.5,2024-06-07
futures,NQ,reddit_orb_retest,reddit_orb_retest|ny|range=15|entry=150|rr=1.5|sl_atr=1|tp_atr=1.5|threshold=2|adx_max=none|adx_min=none|rsi2=none|trend=all|max_bars=24,long,131424,131425,131443,2024-06-07 15:15:00+00:00,2024-06-07 15:30:00+00:00,2024-06-07 20:00:00+00:00,19066.25,19025.0,-165.0,-168.0,-0.5637583892617449,442.5,295.0,3.0,session_close,18,8,0.5,-672.0,1192.0,1770.0,2024-06-07
futures,ES,reddit_orb_fade,reddit_orb_fade|ny|range=15|entry=150|rr=1.5|sl_atr=1|tp_atr=1.5|threshold=2|adx_max=none|adx_min=none|rsi2=none|trend=all|max_bars=24,long,131538,131539,131542,2024-06-10 13:45:00+00:00,2024-06-10 14:00:00+00:00,2024-06-10 14:45:00+00:00,5346.25,5354.125,31.5,28.5,1.1875,31.5,21.0,3.0,tp,3,5,1.25,178.125,150.0,196.875,2024-06-10
futures,NQ,reddit_orb_retest,reddit_orb_retest|ny|range=15|entry=150|rr=1.5|sl_atr=1|tp_atr=1.5|threshold=2|adx_max=none|adx_min=none|rsi2=none|trend=all|max_bars=24,long,131513,131514,131520,2024-06-10 14:30:00+00:00,2024-06-10 14:45:00+00:00,2024-06-10 16:15:00+00:00,19033.25,19116.5,333.0,330.0,1.4666666666666666,333.0,222.0,3.0,tp,6,8,0.5,1320.0,900.0,1332.0,2024-06-10
futures,ES,reddit_orb_fade,reddit_orb_fade|ny|range=15|entry=150|rr=1.5|sl_atr=1|tp_atr=1.5|threshold=2|adx_max=none|adx_min=none|rsi2=none|trend=all|max_bars=24,long,131631,131632,131634,2024-06-11 14:00:00+00:00,2024-06-11 14:15:00+00:00,2024-06-11 14:45:00+00:00,5347.75,5359.75,48.0,45.0,1.2857142857142858,48.0,32.0,3.0,tp,2,5,1.25,281.25,218.75,300.0,2024-06-11
futures,NQ,reddit_orb_fade,reddit_orb_fade|ny|range=15|entry=150|rr=1.5|sl_atr=1|tp_atr=1.5|threshold=2|adx_max=none|adx_min=none|rsi2=none|trend=all|max_bars=24,long,131603,131604,131605,2024-06-11 14:00:00+00:00,2024-06-11 14:15:00+00:00,2024-06-11 14:30:00+00:00,19056.5,19102.25,183.0,180.0,1.44,183.0,122.0,3.0,tp,1,6,0.5,540.0,375.0,549.0,2024-06-11
futures,ES,reddit_orb_breakout,reddit_orb_breakout|ny|range=15|entry=150|rr=1.5|sl_atr=1|tp_atr=1.5|threshold=2|adx_max=none|adx_min=none|rsi2=none|trend=ema|max_bars=24,long,131633,131634,131648,2024-06-11 14:30:00+00:00,2024-06-11 14:45:00+00:00,2024-06-11 18:15:00+00:00,5357.25,5375.25,72.0,69.0,1.3529411764705883,72.0,48.0,3.0,tp,14,6,1.25,517.5,382.5,540.0,2024-06-11
futures,ES,reddit_orb_breakout,reddit_orb_breakout|ny|range=15|entry=150|rr=1.5|sl_atr=1|tp_atr=1.5|threshold=2|adx_max=none|adx_min=none|rsi2=none|trend=ema|max_bars=24,long,131723,131724,131739,2024-06-12 14:00:00+00:00,2024-06-12 14:15:00+00:00,2024-06-12 18:00:00+00:00,5445.25,5426.0,-77.0,-80.0,-1.0,115.5,77.0,3.0,sl,15,6,1.25,-600.0,600.0,866.25,2024-06-12
futures,ES,reddit_orb_retest,reddit_orb_retest|ny|range=15|entry=150|rr=1.5|sl_atr=1|tp_atr=1.5|threshold=2|adx_max=none|adx_min=none|rsi2=none|trend=all|max_bars=24,long,131728,131729,131739,2024-06-12 15:15:00+00:00,2024-06-12 15:30:00+00:00,2024-06-12 18:00:00+00:00,5446.25,5426.0,-81.0,-84.0,-1.0,121.5,81.0,3.0,sl,10,2,1.25,-210.0,210.0,303.75,2024-06-12
futures,ES,reddit_orb_fade,reddit_orb_fade|ny|range=15|entry=150|rr=1.5|sl_atr=1|tp_atr=1.5|threshold=2|adx_max=none|adx_min=none|rsi2=none|trend=all|max_bars=24,short,131732,131733,131734,2024-06-12 16:15:00+00:00,2024-06-12 16:30:00+00:00,2024-06-12 16:45:00+00:00,5438.75,5443.25,-18.0,-21.0,-1.0,27.0,18.0,3.0,sl,1,5,1.25,-131.25,131.25,168.75,2024-06-12
futures,NQ,reddit_orb_fade,reddit_orb_fade|ny|range=15|entry=150|rr=1.5|sl_atr=1|tp_atr=1.5|threshold=2|adx_max=none|adx_min=none|rsi2=none|trend=all|max_bars=24,long,131786,131787,131787,2024-06-13 13:45:00+00:00,2024-06-13 14:00:00+00:00,2024-06-13 14:00:00+00:00,19631.0,19614.75,-65.0,-68.0,-1.0,97.5,65.0,3.0,sl,1,6,0.5,-204.0,204.0,292.5,2024-06-13
futures,NQ,reddit_orb_fade,reddit_orb_fade|ny|range=15|entry=150|rr=1.5|sl_atr=1|tp_atr=1.5|threshold=2|adx_max=none|adx_min=none|rsi2=none|trend=all|max_bars=24,short,131879,131880,131880,2024-06-14 14:00:00+00:00,2024-06-14 14:15:00+00:00,2024-06-14 14:15:00+00:00,19594.75,19639.25,-178.0,-181.0,-1.0,267.0,178.0,3.0,sl,1,6,0.5,-543.0,543.0,801.0,2024-06-14
futures,ES,reddit_orb_fade,reddit_orb_fade|ny|range=15|entry=150|rr=1.5|sl_atr=1|tp_atr=1.5|threshold=2|adx_max=none|adx_min=none|rsi2=none|trend=all|max_bars=24,long,131908,131909,131909,2024-06-14 14:15:00+00:00,2024-06-14 14:30:00+00:00,2024-06-14 14:30:00+00:00,5419.0,5411.0,-32.0,-35.0,-1.0,48.0,32.0,3.0,sl,1,5,1.25,-218.75,218.75,300.0,2024-06-14
futures,NQ,reddit_orb_retest,reddit_orb_retest|ny|range=15|entry=150|rr=1.5|sl_atr=1|tp_atr=1.5|threshold=2|adx_max=none|adx_min=none|rsi2=none|trend=all|max_bars=24,long,131880,131881,131903,2024-06-14 14:15:00+00:00,2024-06-14 14:30:00+00:00,2024-06-14 20:00:00+00:00,19624.25,19686.25,248.0,245.0,0.9040590405904059,402.0,268.0,3.0,session_close,22,8,0.5,980.0,1084.0,1608.0,2024-06-14
futures,ES,reddit_orb_retest,reddit_orb_retest|ny|range=15|entry=150|rr=1.5|sl_atr=1|tp_atr=1.5|threshold=2|adx_max=none|adx_min=none|rsi2=none|trend=all|max_bars=24,short,131909,131910,131912,2024-06-14 14:30:00+00:00,2024-06-14 14:45:00+00:00,2024-06-14 15:15:00+00:00,5415.0,5426.25,-45.0,-48.0,-1.0,67.5,45.0,3.0,sl,2,2,1.25,-120.0,120.0,168.75,2024-06-14
futures,ES,reddit_orb_breakout,reddit_orb_breakout|ny|range=15|entry=150|rr=1.5|sl_atr=1|tp_atr=1.5|threshold=2|adx_max=none|adx_min=none|rsi2=none|trend=ema|max_bars=24,long,131915,131916,131931,2024-06-14 16:00:00+00:00,2024-06-14 16:15:00+00:00,2024-06-14 20:00:00+00:00,5426.75,5434.5,31.0,28.0,0.6363636363636364,61.5,41.0,3.0,session_close,15,6,1.25,210.0,330.0,461.25,2024-06-14
futures,ES,reddit_orb_fade,reddit_orb_fade|ny|range=15|entry=150|rr=1.5|sl_atr=1|tp_atr=1.5|threshold=2|adx_max=none|adx_min=none|rsi2=none|trend=all|max_bars=24,short,131998,131999,131999,2024-06-17 13:45:00+00:00,2024-06-17 14:00:00+00:00,2024-06-17 14:00:00+00:00,5430.0,5433.75,-15.0,-18.0,-1.0,22.5,15.0,3.0,sl,1,5,1.25,-112.5,112.5,140.625,2024-06-17
futures,NQ,reddit_orb_fade,reddit_orb_fade|ny|range=15|entry=150|rr=1.5|sl_atr=1|tp_atr=1.5|threshold=2|adx_max=none|adx_min=none|rsi2=none|trend=all|max_bars=24,long,131970,131971,131980,2024-06-17 13:45:00+00:00,2024-06-17 14:00:00+00:00,2024-06-17 16:15:00+00:00,19690.75,19766.125,301.5,298.5,1.463235294117647,301.5,201.0,3.0,tp,9,6,0.5,895.5,612.0,904.5,2024-06-17
futures,ES,reddit_orb_breakout,reddit_orb_breakout|ny|range=15|entry=150|rr=1.5|sl_atr=1|tp_atr=1.5|threshold=2|adx_max=none|adx_min=none|rsi2=none|trend=ema|max_bars=24,long,131999,132000,132004,2024-06-17 14:00:00+00:00,2024-06-17 14:15:00+00:00,2024-06-17 15:15:00+00:00,5434.0,5446.375,49.5,46.5,1.2916666666666667,49.5,33.0,3.0,tp,4,6,1.25,348.75,270.0,371.25,2024-06-17
futures,ES,reddit_orb_retest,reddit_orb_retest|ny|range=15|entry=150|rr=1.5|sl_atr=1|tp_atr=1.5|threshold=2|adx_max=none|adx_min=none|rsi2=none|trend=all|max_bars=24,long,132001,132002,132008,2024-06-17 14:30:00+00:00,2024-06-17 14:45:00+00:00,2024-06-17 16:15:00+00:00,5436.0,5451.375,61.5,58.5,1.3295454545454546,61.5,41.0,3.0,tp,6,2,1.25,146.25,110.0,153.75,2024-06-17
futures,NQ,reddit_orb_breakout,reddit_orb_breakout|ny|range=15|entry=150|rr=1|sl_atr=1|tp_atr=1.5|threshold=2|adx_max=none|adx_min=none|rsi2=none|trend=ema|max_bars=24,long,131974,131975,131980,2024-06-17 14:45:00+00:00,2024-06-17 15:00:00+00:00,2024-06-17 16:15:00+00:00,19713.75,19763.5,199.0,196.0,0.9702970297029703,199.0,199.0,3.0,tp,5,12,0.5,1176.0,1212.0,1194.0,2024-06-17
futures,NQ,reddit_orb_fade,reddit_orb_fade|ny|range=15|entry=150|rr=1.5|sl_atr=1|tp_atr=1.5|threshold=2|adx_max=none|adx_min=none|rsi2=none|trend=all|max_bars=24,long,132063,132064,132064,2024-06-18 14:00:00+00:00,2024-06-18 14:15:00+00:00,2024-06-18 14:15:00+00:00,19933.75,19893.75,-160.0,-163.0,-1.0,240.0,160.0,3.0,sl,1,6,0.5,-489.0,489.0,720.0,2024-06-18
futures,NQ,reddit_orb_retest,reddit_orb_retest|ny|range=15|entry=150|rr=1.5|sl_atr=1|tp_atr=1.5|threshold=2|adx_max=none|adx_min=none|rsi2=none|trend=all|max_bars=24,short,132064,132065,132078,2024-06-18 14:15:00+00:00,2024-06-18 14:30:00+00:00,2024-06-18 17:45:00+00:00,19905.25,19944.25,-156.0,-159.0,-1.0,234.0,156.0,3.0,sl,13,8,0.5,-636.0,636.0,936.0,2024-06-18
futures,ES,reddit_orb_retest,reddit_orb_retest|ny|range=15|entry=150|rr=1.5|sl_atr=1|tp_atr=1.5|threshold=2|adx_max=none|adx_min=none|rsi2=none|trend=all|max_bars=24,short,132096,132097,132105,2024-06-18 15:15:00+00:00,2024-06-18 15:30:00+00:00,2024-06-18 17:30:00+00:00,5478.25,5489.75,-46.0,-49.0,-1.0,69.0,46.0,3.0,sl,8,2,1.25,-122.5,122.5,172.5,2024-06-18
futures,ES,reddit_orb_fade,reddit_orb_fade|ny|range=15|entry=150|rr=1.5|sl_atr=1|tp_atr=1.5|threshold=2|adx_max=none|adx_min=none|rsi2=none|trend=all|max_bars=24,long,132097,132098,132105,2024-06-18 15:30:00+00:00,2024-06-18 15:45:00+00:00,2024-06-18 17:30:00+00:00,5482.75,5490.625,31.5,28.5,1.1875,31.5,21.0,3.0,tp,7,5,1.25,178.125,150.0,196.875,2024-06-18
futures,ES,reddit_orb_retest,reddit_orb_retest|ny|range=15|entry=150|rr=1.5|sl_atr=1|tp_atr=1.5|threshold=2|adx_max=none|adx_min=none|rsi2=none|trend=all|max_bars=24,short,132183,132184,132195,2024-06-19 14:00:00+00:00,2024-06-19 14:15:00+00:00,2024-06-19 22:00:00+00:00,5563.25,5562.5,3.0,0.0,0.0,19.5,13.0,3.0,session_close,11,2,1.25,0.0,40.0,48.75,2024-06-19
futures,NQ,reddit_orb_fade,reddit_orb_fade|ny|range=15|entry=150|rr=1.5|sl_atr=1|tp_atr=1.5|threshold=2|adx_max=none|adx_min=none|rsi2=none|trend=all|max_bars=24,long,132157,132158,132167,2024-06-19 14:30:00+00:00,2024-06-19 14:45:00+00:00,2024-06-19 22:00:00+00:00,20238.75,20233.25,-22.0,-25.0,-0.390625,91.5,61.0,3.0,session_close,9,6,0.5,-75.0,192.0,274.5,2024-06-19
futures,ES,reddit_orb_fade,reddit_orb_fade|ny|range=15|entry=150|rr=1.5|sl_atr=1|tp_atr=1.5|threshold=2|adx_max=none|adx_min=none|rsi2=none|trend=all|max_bars=24,short,132258,132259,132259,2024-06-20 13:45:00+00:00,2024-06-20 14:00:00+00:00,2024-06-20 14:00:00+00:00,5571.25,5563.0,33.0,30.0,1.2,33.0,22.0,3.0,tp,1,5,1.25,187.5,156.25,206.25,2024-06-20
futures,NQ,reddit_orb_fade,reddit_orb_fade|ny|range=15|entry=150|rr=1.5|sl_atr=1|tp_atr=1.5|threshold=2|adx_max=none|adx_min=none|rsi2=none|trend=all|max_bars=24,short,132230,132231,132231,2024-06-20 13:45:00+00:00,2024-06-20 14:00:00+00:00,2024-06-20 14:00:00+00:00,20234.75,20192.0,171.0,168.0,1.435897435897436,171.0,114.0,3.0,tp,1,6,0.5,504.0,351.0,513.0,2024-06-20
futures,ES,reddit_orb_retest,reddit_orb_retest|ny|range=15|entry=150|rr=1.5|sl_atr=1|tp_atr=1.5|threshold=2|adx_max=none|adx_min=none|rsi2=none|trend=all|max_bars=24,short,132264,132265,132268,2024-06-20 15:15:00+00:00,2024-06-20 15:30:00+00:00,2024-06-20 16:15:00+00:00,5563.25,5545.25,72.0,69.0,1.3529411764705883,72.0,48.0,3.0,tp,3,2,1.25,172.5,127.5,180.0,2024-06-20
futures,NQ,reddit_orb_retest,reddit_orb_retest|ny|range=15|entry=150|rr=1.5|sl_atr=1|tp_atr=1.5|threshold=2|adx_max=none|adx_min=none|rsi2=none|trend=all|max_bars=24,short,132236,132237,132240,2024-06-20 15:15:00+00:00,2024-06-20 15:30:00+00:00,2024-06-20 16:15:00+00:00,20189.75,20082.125,430.5,427.5,1.4741379310344827,430.5,287.0,3.0,tp,3,8,0.5,1710.0,1160.0,1722.0,2024-06-20
futures,ES,reddit_orb_fade,reddit_orb_fade|ny|range=15|entry=150|rr=1.5|sl_atr=1|tp_atr=1.5|threshold=2|adx_max=none|adx_min=none|rsi2=none|trend=all|max_bars=24,long,132350,132351,132355,2024-06-21 13:45:00+00:00,2024-06-21 14:00:00+00:00,2024-06-21 15:00:00+00:00,5527.75,5540.875,52.5,49.5,1.3026315789473684,52.5,35.0,3.0,tp,4,5,1.25,309.375,237.5,328.125,2024-06-21
futures,NQ,reddit_orb_fade,reddit_orb_fade|ny|range=15|entry=150|rr=1.5|sl_atr=1|tp_atr=1.5|threshold=2|adx_max=none|adx_min=none|rsi2=none|trend=all|max_bars=24,long,132323,132324,132325,2024-06-21 14:00:00+00:00,2024-06-21 14:15:00+00:00,2024-06-21 14:30:00+00:00,19996.0,19948.25,-191.0,-194.0,-1.0,286.5,191.0,3.0,sl,1,6,0.5,-582.0,582.0,859.5,2024-06-21
futures,NQ,reddit_orb_retest,reddit_orb_retest|ny|range=15|entry=150|rr=1.5|sl_atr=1|tp_atr=1.5|threshold=2|adx_max=none|adx_min=none|rsi2=none|trend=all|max_bars=24,short,132324,132325,132328,2024-06-21 14:15:00+00:00,2024-06-21 14:30:00+00:00,2024-06-21 15:15:00+00:00,19965.0,20028.0,-252.0,-255.0,-1.0,378.0,252.0,3.0,sl,3,8,0.5,-1020.0,1020.0,1512.0,2024-06-21
futures,NQ,reddit_orb_fade,reddit_orb_fade|ny|range=15|entry=150|rr=1.5|sl_atr=1|tp_atr=1.5|threshold=2|adx_max=none|adx_min=none|rsi2=none|trend=all|max_bars=24,long,132414,132415,132417,2024-06-24 13:45:00+00:00,2024-06-24 14:00:00+00:00,2024-06-24 14:30:00+00:00,19947.0,19866.75,-321.0,-324.0,-1.0,481.5,321.0,3.0,sl,2,6,0.5,-972.0,972.0,1444.5,2024-06-24
futures,ES,reddit_orb_breakout,reddit_orb_breakout|ny|range=15|entry=150|rr=1.5|sl_atr=1|tp_atr=1.5|threshold=2|adx_max=none|adx_min=none|rsi2=none|trend=ema|max_bars=24,long,132449,132450,132457,2024-06-24 15:30:00+00:00,2024-06-24 15:45:00+00:00,2024-06-24 17:30:00+00:00,5549.25,5525.75,-94.0,-97.0,-1.0,141.0,94.0,3.0,sl,7,6,1.25,-727.5,727.5,1057.5,2024-06-24
futures,ES,reddit_orb_breakout,reddit_orb_breakout|ny|range=15|entry=150|rr=1.5|sl_atr=1|tp_atr=1.5|threshold=2|adx_max=none|adx_min=none|rsi2=none|trend=ema|max_bars=24,short,132534,132535,132535,2024-06-25 13:45:00+00:00,2024-06-25 14:00:00+00:00,2024-06-25 14:00:00+00:00,5518.5,5528.25,-39.0,-42.0,-1.0,58.5,39.0,3.0,sl,1,6,1.25,-315.0,315.0,438.75,2024-06-25
futures,NQ,reddit_orb_fade,reddit_orb_fade|ny|range=15|entry=150|rr=1.5|sl_atr=1|tp_atr=1.5|threshold=2|adx_max=none|adx_min=none|rsi2=none|trend=all|max_bars=24,short,132506,132507,132507,2024-06-25 13:45:00+00:00,2024-06-25 14:00:00+00:00,2024-06-25 14:00:00+00:00,19832.0,19852.5,-82.0,-85.0,-1.0,123.0,82.0,3.0,sl,1,6,0.5,-255.0,255.0,369.0,2024-06-25
futures,ES,reddit_orb_fade,reddit_orb_fade|ny|range=15|entry=150|rr=1.5|sl_atr=1|tp_atr=1.5|threshold=2|adx_max=none|adx_min=none|rsi2=none|trend=all|max_bars=24,long,132535,132536,132545,2024-06-25 14:00:00+00:00,2024-06-25 14:15:00+00:00,2024-06-25 16:30:00+00:00,5528.0,5517.75,-41.0,-44.0,-1.0,61.5,41.0,3.0,sl,9,5,1.25,-275.0,275.0,384.375,2024-06-25
futures,ES,reddit_orb_breakout,reddit_orb_breakout|ny|range=15|entry=150|rr=1.5|sl_atr=1|tp_atr=1.5|threshold=2|adx_max=none|adx_min=none|rsi2=none|trend=ema|max_bars=24,long,132626,132627,132631,2024-06-26 13:45:00+00:00,2024-06-26 14:00:00+00:00,2024-06-26 15:00:00+00:00,5527.25,5518.0,-37.0,-40.0,-1.0,55.5,37.0,3.0,sl,4,6,1.25,-300.0,300.0,416.25,2024-06-26
futures,NQ,reddit_orb_breakout,reddit_orb_breakout|ny|range=15|entry=150|rr=1|sl_atr=1|tp_atr=1.5|threshold=2|adx_max=none|adx_min=none|rsi2=none|trend=ema|max_bars=24,long,132598,132599,132600,2024-06-26 13:45:00+00:00,2024-06-26 14:00:00+00:00,2024-06-26 14:15:00+00:00,19970.5,20021.75,205.0,202.0,0.9711538461538461,205.0,205.0,3.0,tp,1,12,0.5,1212.0,1248.0,1230.0,2024-06-26
futures,ES,reddit_orb_retest,reddit_orb_retest|ny|range=15|entry=150|rr=1.5|sl_atr=1|tp_atr=1.5|threshold=2|adx_max=none|adx_min=none|rsi2=none|trend=all|max_bars=24,long,132627,132628,132631,2024-06-26 14:00:00+00:00,2024-06-26 14:15:00+00:00,2024-06-26 15:00:00+00:00,5531.5,5518.0,-54.0,-57.0,-1.0,81.0,54.0,3.0,sl,3,2,1.25,-142.5,142.5,202.5,2024-06-26
futures,ES,reddit_orb_fade,reddit_orb_fade|ny|range=15|entry=150|rr=1.5|sl_atr=1|tp_atr=1.5|threshold=2|adx_max=none|adx_min=none|rsi2=none|trend=all|max_bars=24,short,132628,132629,132634,2024-06-26 14:15:00+00:00,2024-06-26 14:30:00+00:00,2024-06-26 15:45:00+00:00,5524.25,5534.5,-41.0,-44.0,-1.0,61.5,41.0,3.0,sl,5,5,1.25,-275.0,275.0,384.375,2024-06-26
futures,NQ,reddit_orb_retest,reddit_orb_retest|ny|range=15|entry=150|rr=1.5|sl_atr=1|tp_atr=1.5|threshold=2|adx_max=none|adx_min=none|rsi2=none|trend=all|max_bars=24,long,132600,132601,132603,2024-06-26 14:15:00+00:00,2024-06-26 14:30:00+00:00,2024-06-26 15:00:00+00:00,19959.25,19919.25,-160.0,-163.0,-1.0,240.0,160.0,3.0,sl,2,8,0.5,-652.0,652.0,960.0,2024-06-26
futures,NQ,reddit_orb_fade,reddit_orb_fade|ny|range=15|entry=150|rr=1.5|sl_atr=1|tp_atr=1.5|threshold=2|adx_max=none|adx_min=none|rsi2=none|trend=all|max_bars=24,short,132603,132604,132606,2024-06-26 15:00:00+00:00,2024-06-26 15:15:00+00:00,2024-06-26 15:45:00+00:00,19929.0,19984.75,-223.0,-226.0,-1.0,334.5,223.0,3.0,sl,2,6,0.5,-678.0,678.0,1003.5,2024-06-26
futures,ES,reddit_orb_fade,reddit_orb_fade|ny|range=15|entry=150|rr=1.5|sl_atr=1|tp_atr=1.5|threshold=2|adx_max=none|adx_min=none|rsi2=none|trend=all|max_bars=24,short,132718,132719,132719,2024-06-27 13:45:00+00:00,2024-06-27 14:00:00+00:00,2024-06-27 14:00:00+00:00,5546.25,5554.25,-32.0,-35.0,-1.0,48.0,32.0,3.0,sl,1,5,1.25,-218.75,218.75,300.0,2024-06-27
futures,ES,reddit_orb_breakout,reddit_orb_breakout|ny|range=15|entry=150|rr=1.5|sl_atr=1|tp_atr=1.5|threshold=2|adx_max=none|adx_min=none|rsi2=none|trend=ema|max_bars=24,long,132719,132720,132724,2024-06-27 14:00:00+00:00,2024-06-27 14:15:00+00:00,2024-06-27 15:15:00+00:00,5554.0,5538.5,-62.0,-65.0,-1.0,93.0,62.0,3.0,sl,4,6,1.25,-487.5,487.5,697.5,2024-06-27
futures,ES,reddit_orb_breakout,reddit_orb_breakout|ny|range=15|entry=150|rr=1.5|sl_atr=1|tp_atr=1.5|threshold=2|adx_max=none|adx_min=none|rsi2=none|trend=ema|max_bars=24,long,132810,132811,132811,2024-06-28 13:45:00+00:00,2024-06-28 14:00:00+00:00,2024-06-28 14:00:00+00:00,5562.0,5583.375,85.5,82.5,1.375,85.5,57.0,3.0,tp,1,6,1.25,618.75,450.0,641.25,2024-06-28
futures,ES,reddit_orb_fade,reddit_orb_fade|ny|range=15|entry=150|rr=1.5|sl_atr=1|tp_atr=1.5|threshold=2|adx_max=none|adx_min=none|rsi2=none|trend=all|max_bars=24,short,132815,132816,132821,2024-06-28 15:00:00+00:00,2024-06-28 15:15:00+00:00,2024-06-28 16:30:00+00:00,5557.5,5541.375,64.5,61.5,1.3369565217391304,64.5,43.0,3.0,tp,5,5,1.25,384.375,287.5,403.125,2024-06-28
futures,NQ,reddit_orb_fade,reddit_orb_fade|ny|range=15|entry=150|rr=1.5|sl_atr=1|tp_atr=1.5|threshold=2|adx_max=none|adx_min=none|rsi2=none|trend=all|max_bars=24,short,132787,132788,132792,2024-06-28 15:00:00+00:00,2024-06-28 15:15:00+00:00,2024-06-28 16:15:00+00:00,20094.0,20023.875,280.5,277.5,1.4605263157894737,280.5,187.0,3.0,tp,4,6,0.5,832.5,570.0,841.5,2024-06-28
futures,NQ,reddit_orb_retest,reddit_orb_retest|ny|range=15|entry=150|rr=1.5|sl_atr=1|tp_atr=1.5|threshold=2|adx_max=none|adx_min=none|rsi2=none|trend=all|max_bars=24,long,132790,132791,132792,2024-06-28 15:45:00+00:00,2024-06-28 16:00:00+00:00,2024-06-28 16:15:00+00:00,20109.0,20039.25,-279.0,-282.0,-1.0,418.5,279.0,3.0,sl,1,8,0.5,-1128.0,1128.0,1674.0,2024-06-28
futures,ES,reddit_orb_breakout,reddit_orb_breakout|ny|range=15|entry=150|rr=1.5|sl_atr=1|tp_atr=1.5|threshold=2|adx_max=none|adx_min=none|rsi2=none|trend=ema|max_bars=24,short,132902,132903,132903,2024-07-01 13:45:00+00:00,2024-07-01 14:00:00+00:00,2024-07-01 14:00:00+00:00,5528.25,5511.75,66.0,63.0,1.3404255319148937,66.0,44.0,3.0,tp,1,6,1.25,472.5,352.5,495.0,2024-07-01
futures,ES,reddit_orb_retest,reddit_orb_retest|ny|range=15|entry=150|rr=1.5|sl_atr=1|tp_atr=1.5|threshold=2|adx_max=none|adx_min=none|rsi2=none|trend=all|max_bars=24,short,132903,132904,132926,2024-07-01 14:00:00+00:00,2024-07-01 14:15:00+00:00,2024-07-01 19:45:00+00:00,5507.5,5539.25,-127.0,-130.0,-1.0,190.5,127.0,3.0,sl,22,2,1.25,-325.0,325.0,476.25,2024-07-01
futures,ES,reddit_orb_fade,reddit_orb_fade|ny|range=15|entry=150|rr=1.5|sl_atr=1|tp_atr=1.5|threshold=2|adx_max=none|adx_min=none|rsi2=none|trend=all|max_bars=24,long,132912,132913,132915,2024-07-01 16:15:00+00:00,2024-07-01 16:30:00+00:00,2024-07-01 17:00:00+00:00,5532.75,5528.5,-17.0,-20.0,-1.0,25.5,17.0,3.0,sl,2,5,1.25,-125.0,125.0,159.375,2024-07-01
futures,ES,reddit_orb_breakout,reddit_orb_breakout|ny|range=15|entry=150|rr=1.5|sl_atr=1|tp_atr=1.5|threshold=2|adx_max=none|adx_min=none|rsi2=none|trend=ema|max_bars=24,long,133086,133087,133096,2024-07-03 13:45:00+00:00,2024-07-03 14:00:00+00:00,2024-07-03 16:15:00+00:00,5574.0,5589.375,61.5,58.5,1.3295454545454546,61.5,41.0,3.0,tp,9,6,1.25,438.75,330.0,461.25,2024-07-03
futures,ES,reddit_orb_retest,reddit_orb_retest|ny|range=15|entry=150|rr=1.5|sl_atr=1|tp_atr=1.5|threshold=2|adx_max=none|adx_min=none|rsi2=none|trend=all|max_bars=24,long,133087,133088,133098,2024-07-03 14:00:00+00:00,2024-07-03 14:15:00+00:00,2024-07-03 16:45:00+00:00,5575.75,5593.75,72.0,69.0,1.3529411764705883,72.0,48.0,3.0,tp,10,2,1.25,172.5,127.5,180.0,2024-07-03
futures,NQ,reddit_orb_retest,reddit_orb_retest|ny|range=15|entry=150|rr=1.5|sl_atr=1|tp_atr=1.5|threshold=2|adx_max=none|adx_min=none|rsi2=none|trend=all|max_bars=24,long,133059,133060,133067,2024-07-03 14:00:00+00:00,2024-07-03 14:15:00+00:00,2024-07-03 16:00:00+00:00,20283.25,20384.125,403.5,400.5,1.4724264705882353,403.5,269.0,3.0,tp,7,8,0.5,1602.0,1088.0,1614.0,2024-07-03
futures,ES,reddit_orb_fade,reddit_orb_fade|ny|range=15|entry=150|rr=1.5|sl_atr=1|tp_atr=1.5|threshold=2|adx_max=none|adx_min=none|rsi2=none|trend=all|max_bars=24,short,133088,133089,133091,2024-07-03 14:15:00+00:00,2024-07-03 14:30:00+00:00,2024-07-03 15:00:00+00:00,5569.5,5577.25,-31.0,-34.0,-1.0,46.5,31.0,3.0,sl,2,5,1.25,-212.5,212.5,290.625,2024-07-03
futures,NQ,reddit_orb_fade,reddit_orb_fade|ny|range=15|entry=150|rr=1.5|sl_atr=1|tp_atr=1.5|threshold=2|adx_max=none|adx_min=none|rsi2=none|trend=all|max_bars=24,short,133060,133061,133061,2024-07-03 14:15:00+00:00,2024-07-03 14:30:00+00:00,2024-07-03 14:30:00+00:00,20260.0,20293.25,-133.0,-136.0,-1.0,199.5,133.0,3.0,sl,1,6,0.5,-408.0,408.0,598.5,2024-07-03
futures,NQ,reddit_orb_retest,reddit_orb_retest|ny|range=15|entry=150|rr=1.5|sl_atr=1|tp_atr=1.5|threshold=2|adx_max=none|adx_min=none|rsi2=none|trend=all|max_bars=24,short,133140,133141,133148,2024-07-04 15:00:00+00:00,2024-07-04 15:15:00+00:00,2024-07-04 22:00:00+00:00,20386.75,20384.0,11.0,8.0,0.09876543209876543,117.0,78.0,3.0,session_close,7,8,0.5,32.0,324.0,468.0,2024-07-04
futures,NQ,reddit_orb_fade,reddit_orb_fade|ny|range=15|entry=150|rr=1.5|sl_atr=1|tp_atr=1.5|threshold=2|adx_max=none|adx_min=none|rsi2=none|trend=all|max_bars=24,long,133142,133143,133143,2024-07-04 15:30:00+00:00,2024-07-04 15:45:00+00:00,2024-07-04 15:45:00+00:00,20390.75,20386.25,-18.0,-21.0,-1.0,27.0,18.0,3.0,sl,1,6,0.5,-63.0,63.0,81.0,2024-07-04
futures,ES,reddit_orb_breakout,reddit_orb_breakout|ny|range=15|entry=150|rr=1.5|sl_atr=1|tp_atr=1.5|threshold=2|adx_max=none|adx_min=none|rsi2=none|trend=ema|max_bars=24,long,133239,133240,133240,2024-07-05 13:45:00+00:00,2024-07-05 14:00:00+00:00,2024-07-05 14:00:00+00:00,5600.25,5590.0,-41.0,-44.0,-1.0,61.5,41.0,3.0,sl,1,6,1.25,-330.0,330.0,461.25,2024-07-05
futures,ES,reddit_orb_fade,reddit_orb_fade|ny|range=15|entry=150|rr=1.5|sl_atr=1|tp_atr=1.5|threshold=2|adx_max=none|adx_min=none|rsi2=none|trend=all|max_bars=24,long,133239,133240,133240,2024-07-05 13:45:00+00:00,2024-07-05 14:00:00+00:00,2024-07-05 14:00:00+00:00,5600.25,5588.25,-48.0,-51.0,-1.0,72.0,48.0,3.0,sl,1,5,1.25,-318.75,318.75,450.0,2024-07-05
futures,NQ,reddit_orb_fade,reddit_orb_fade|ny|range=15|entry=150|rr=1.5|sl_atr=1|tp_atr=1.5|threshold=2|adx_max=none|adx_min=none|rsi2=none|trend=all|max_bars=24,long,133211,133212,133236,2024-07-05 13:45:00+00:00,2024-07-05 14:00:00+00:00,2024-07-05 20:00:00+00:00,20514.5,20612.75,393.0,390.0,1.1206896551724137,517.5,345.0,3.0,session_close,24,6,0.5,1170.0,1044.0,1552.5,2024-07-05
futures,NQ,reddit_orb_retest,reddit_orb_retest|ny|range=15|entry=150|rr=1.5|sl_atr=1|tp_atr=1.5|threshold=2|adx_max=none|adx_min=none|rsi2=none|trend=all|max_bars=24,long,133213,133214,133226,2024-07-05 14:15:00+00:00,2024-07-05 14:30:00+00:00,2024-07-05 17:30:00+00:00,20517.25,20632.75,462.0,459.0,1.4758842443729903,462.0,308.0,3.0,tp,12,8,0.5,1836.0,1244.0,1848.0,2024-07-05
futures,ES,reddit_orb_retest,reddit_orb_retest|ny|range=15|entry=150|rr=1.5|sl_atr=1|tp_atr=1.5|threshold=2|adx_max=none|adx_min=none|rsi2=none|trend=all|max_bars=24,long,133242,133243,133254,2024-07-05 14:30:00+00:00,2024-07-05 14:45:00+00:00,2024-07-05 17:30:00+00:00,5600.5,5616.25,63.0,60.0,1.3333333333333333,63.0,42.0,3.0,tp,11,2,1.25,150.0,112.5,157.5,2024-07-05
futures,ES,reddit_orb_fade,reddit_orb_fade|ny|range=15|entry=150|rr=1.5|sl_atr=1|tp_atr=1.5|threshold=2|adx_max=none|adx_min=none|rsi2=none|trend=all|max_bars=24,short,133331,133332,133332,2024-07-08 13:45:00+00:00,2024-07-08 14:00:00+00:00,2024-07-08 14:00:00+00:00,5635.25,5631.875,13.5,10.5,0.875,13.5,9.0,3.0,tp,1,5,1.25,65.625,75.0,84.375,2024-07-08
futures,ES,reddit_orb_retest,reddit_orb_retest|ny|range=15|entry=150|rr=1.5|sl_atr=1|tp_atr=1.5|threshold=2|adx_max=none|adx_min=none|rsi2=none|trend=all|max_bars=24,short,133336,133337,133356,2024-07-08 15:00:00+00:00,2024-07-08 15:15:00+00:00,2024-07-08 20:00:00+00:00,5627.5,5627.75,-1.0,-4.0,-0.10810810810810811,51.0,34.0,3.0,session_close,19,2,1.25,-10.0,92.5,127.5,2024-07-08
futures,ES,reddit_orb_fade,reddit_orb_fade|ny|range=15|entry=150|rr=1.5|sl_atr=1|tp_atr=1.5|threshold=2|adx_max=none|adx_min=none|rsi2=none|trend=all|max_bars=24,short,133423,133424,133424,2024-07-09 13:45:00+00:00,2024-07-09 14:00:00+00:00,2024-07-09 14:00:00+00:00,5640.25,5642.0,-7.0,-10.0,-1.0,10.5,7.0,3.0,same_bar_sl,1,5,1.25,-62.5,62.5,65.625,2024-07-09
futures,NQ,reddit_orb_fade,reddit_orb_fade|ny|range=15|entry=150|rr=1.5|sl_atr=1|tp_atr=1.5|threshold=2|adx_max=none|adx_min=none|rsi2=none|trend=all|max_bars=24,short,133396,133397,133397,2024-07-09 14:00:00+00:00,2024-07-09 14:15:00+00:00,2024-07-09 14:15:00+00:00,20760.25,20743.0,69.0,66.0,1.346938775510204,69.0,46.0,3.0,tp,1,6,0.5,198.0,147.0,207.0,2024-07-09
futures,NQ,reddit_orb_retest,reddit_orb_retest|ny|range=15|entry=150|rr=1.5|sl_atr=1|tp_atr=1.5|threshold=2|adx_max=none|adx_min=none|rsi2=none|trend=all|max_bars=24,short,133399,133400,133409,2024-07-09 14:45:00+00:00,2024-07-09 15:00:00+00:00,2024-07-09 17:15:00+00:00,20708.25,20623.875,337.5,334.5,1.4671052631578947,337.5,225.0,3.0,tp,9,8,0.5,1338.0,912.0,1350.0,2024-07-09
futures,ES,reddit_orb_retest,reddit_orb_retest|ny|range=15|entry=150|rr=1.5|sl_atr=1|tp_atr=1.5|threshold=2|adx_max=none|adx_min=none|rsi2=none|trend=all|max_bars=24,short,133429,133430,133432,2024-07-09 15:15:00+00:00,2024-07-09 15:30:00+00:00,2024-07-09 16:00:00+00:00,5634.25,5640.5,-25.0,-28.0,-1.0,37.5,25.0,3.0,sl,2,2,1.25,-70.0,70.0,93.75,2024-07-09
futures,ES,reddit_orb_fade,reddit_orb_fade|ny|range=15|entry=150|rr=1.5|sl_atr=1|tp_atr=1.5|threshold=2|adx_max=none|adx_min=none|rsi2=none|trend=all|max_bars=24,short,133515,133516,133516,2024-07-10 13:45:00+00:00,2024-07-10 14:00:00+00:00,2024-07-10 14:00:00+00:00,5645.75,5646.5,-3.0,-6.0,-1.0,4.5,3.0,3.0,same_bar_sl,1,5,1.25,-37.5,37.5,28.125,2024-07-10
futures,ES,reddit_orb_breakout,reddit_orb_breakout|ny|range=15|entry=150|rr=1.5|sl_atr=1|tp_atr=1.5|threshold=2|adx_max=none|adx_min=none|rsi2=none|trend=ema|max_bars=24,long,133516,133517,133520,2024-07-10 14:00:00+00:00,2024-07-10 14:15:00+00:00,2024-07-10 15:00:00+00:00,5649.75,5640.5,-37.0,-40.0,-1.0,55.5,37.0,3.0,sl,3,6,1.25,-300.0,300.0,416.25,2024-07-10
futures,ES,reddit_orb_retest,reddit_orb_retest|ny|range=15|entry=150|rr=1.5|sl_atr=1|tp_atr=1.5|threshold=2|adx_max=none|adx_min=none|rsi2=none|trend=all|max_bars=24,long,133517,133518,133520,2024-07-10 14:15:00+00:00,2024-07-10 14:30:00+00:00,2024-07-10 15:00:00+00:00,5646.25,5640.5,-23.0,-26.0,-1.0,34.5,23.0,3.0,sl,2,2,1.25,-65.0,65.0,86.25,2024-07-10
futures,ES,reddit_orb_breakout,reddit_orb_breakout|ny|range=15|entry=150|rr=1.5|sl_atr=1|tp_atr=1.5|threshold=2|adx_max=none|adx_min=none|rsi2=none|trend=ema|max_bars=24,long,133607,133608,133608,2024-07-11 13:45:00+00:00,2024-07-11 14:00:00+00:00,2024-07-11 14:00:00+00:00,5692.25,5684.5,-31.0,-34.0,-1.0,46.5,31.0,3.0,sl,1,6,1.25,-255.0,255.0,348.75,2024-07-11
futures,NQ,reddit_orb_fade,reddit_orb_fade|ny|range=15|entry=150|rr=1.5|sl_atr=1|tp_atr=1.5|threshold=2|adx_max=none|adx_min=none|rsi2=none|trend=all|max_bars=24,long,133579,133580,133580,2024-07-11 13:45:00+00:00,2024-07-11 14:00:00+00:00,2024-07-11 14:00:00+00:00,20869.25,20822.5,-187.0,-190.0,-1.0,280.5,187.0,3.0,sl,1,6,0.5,-570.0,570.0,841.5,2024-07-11
futures,ES,reddit_orb_fade,reddit_orb_fade|ny|range=15|entry=150|rr=1.5|sl_atr=1|tp_atr=1.5|threshold=2|adx_max=none|adx_min=none|rsi2=none|trend=all|max_bars=24,short,133608,133609,133610,2024-07-11 14:00:00+00:00,2024-07-11 14:15:00+00:00,2024-07-11 14:30:00+00:00,5683.0,5663.875,76.5,73.5,1.3611111111111112,76.5,51.0,3.0,tp,1,5,1.25,459.375,337.5,478.125,2024-07-11
futures,ES,reddit_orb_fade,reddit_orb_fade|ny|range=15|entry=150|rr=1.5|sl_atr=1|tp_atr=1.5|threshold=2|adx_max=none|adx_min=none|rsi2=none|trend=all|max_bars=24,long,133791,133792,133792,2024-07-15 13:45:00+00:00,2024-07-15 14:00:00+00:00,2024-07-15 14:00:00+00:00,5688.75,5697.0,33.0,30.0,1.2,33.0,22.0,3.0,tp,1,5,1.25,187.5,156.25,206.25,2024-07-15
futures,NQ,reddit_orb_fade,reddit_orb_fade|ny|range=15|entry=150|rr=1.5|sl_atr=1|tp_atr=1.5|threshold=2|adx_max=none|adx_min=none|rsi2=none|trend=all|max_bars=24,long,133763,133764,133766,2024-07-15 13:45:00+00:00,2024-07-15 14:00:00+00:00,2024-07-15 14:30:00+00:00,20627.5,20696.125,274.5,271.5,1.4596774193548387,274.5,183.0,3.0,tp,2,6,0.5,814.5,558.0,823.5,2024-07-15
futures,ES,reddit_orb_breakout,reddit_orb_breakout|ny|range=15|entry=150|rr=1.5|sl_atr=1|tp_atr=1.5|threshold=2|adx_max=none|adx_min=none|rsi2=none|trend=ema|max_bars=24,long,133794,133795,133804,2024-07-15 14:30:00+00:00,2024-07-15 14:45:00+00:00,2024-07-15 17:00:00+00:00,5702.5,5688.0,-58.0,-61.0,-1.0,87.0,58.0,3.0,sl,9,6,1.25,-457.5,457.5,652.5,2024-07-15
futures,ES,reddit_orb_retest,reddit_orb_retest|ny|range=15|entry=150|rr=1.5|sl_atr=1|tp_atr=1.5|threshold=2|adx_max=none|adx_min=none|rsi2=none|trend=all|max_bars=24,long,133801,133802,133804,2024-07-15 16:15:00+00:00,2024-07-15 16:30:00+00:00,2024-07-15 17:00:00+00:00,5698.75,5688.0,-43.0,-46.0,-1.0,64.5,43.0,3.0,sl,2,2,1.25,-115.0,115.0,161.25,2024-07-15
futures,ES,reddit_orb_retest,reddit_orb_retest|ny|range=15|entry=150|rr=1.5|sl_atr=1|tp_atr=1.5|threshold=2|adx_max=none|adx_min=none|rsi2=none|trend=all|max_bars=24,short,133885,133886,133887,2024-07-16 14:15:00+00:00,2024-07-16 14:30:00+00:00,2024-07-16 14:45:00+00:00,5696.0,5705.75,-39.0,-42.0,-1.0,58.5,39.0,3.0,sl,1,2,1.25,-105.0,105.0,146.25,2024-07-16
futures,ES,reddit_orb_fade,reddit_orb_fade|ny|range=15|entry=150|rr=1.5|sl_atr=1|tp_atr=1.5|threshold=2|adx_max=none|adx_min=none|rsi2=none|trend=all|max_bars=24,long,133886,133887,133893,2024-07-16 14:30:00+00:00,2024-07-16 14:45:00+00:00,2024-07-16 16:15:00+00:00,5702.5,5693.25,-37.0,-40.0,-1.0,55.5,37.0,3.0,sl,6,5,1.25,-250.0,250.0,346.875,2024-07-16
futures,ES,reddit_orb_breakout,reddit_orb_breakout|ny|range=15|entry=150|rr=1.5|sl_atr=1|tp_atr=1.5|threshold=2|adx_max=none|adx_min=none|rsi2=none|trend=ema|max_bars=24,long,133888,133889,133892,2024-07-16 15:00:00+00:00,2024-07-16 15:15:00+00:00,2024-07-16 16:00:00+00:00,5708.75,5696.75,-48.0,-51.0,-1.0,72.0,48.0,3.0,sl,3,6,1.25,-382.5,382.5,540.0,2024-07-16
futures,ES,reddit_orb_fade,reddit_orb_fade|ny|range=15|entry=150|rr=1.5|sl_atr=1|tp_atr=1.5|threshold=2|adx_max=none|adx_min=none|rsi2=none|trend=all|max_bars=24,short,133975,133976,133976,2024-07-17 13:45:00+00:00,2024-07-17 14:00:00+00:00,2024-07-17 14:00:00+00:00,5665.75,5655.25,42.0,39.0,1.2580645161290323,42.0,28.0,3.0,tp,1,5,1.25,243.75,193.75,262.5,2024-07-17
futures,ES,reddit_orb_breakout,reddit_orb_breakout|ny|range=15|entry=150|rr=1.5|sl_atr=1|tp_atr=1.5|threshold=2|adx_max=none|adx_min=none|rsi2=none|trend=ema|max_bars=24,short,133977,133978,134000,2024-07-17 14:15:00+00:00,2024-07-17 14:30:00+00:00,2024-07-17 20:00:00+00:00,5654.25,5638.75,62.0,59.0,0.9365079365079365,90.0,60.0,3.0,session_close,22,6,1.25,442.5,472.5,675.0,2024-07-17
futures,ES,reddit_orb_retest,reddit_orb_retest|ny|range=15|entry=150|rr=1.5|sl_atr=1|tp_atr=1.5|threshold=2|adx_max=none|adx_min=none|rsi2=none|trend=all|max_bars=24,short,133979,133980,134000,2024-07-17 14:45:00+00:00,2024-07-17 15:00:00+00:00,2024-07-17 20:00:00+00:00,5650.0,5638.75,45.0,42.0,0.525,115.5,77.0,3.0,session_close,20,2,1.25,105.0,200.0,288.75,2024-07-17
futures,ES,reddit_orb_fade,reddit_orb_fade|ny|range=15|entry=150|rr=1.5|sl_atr=1|tp_atr=1.5|threshold=2|adx_max=none|adx_min=none|rsi2=none|trend=all|max_bars=24,long,134067,134068,134070,2024-07-18 13:45:00+00:00,2024-07-18 14:00:00+00:00,2024-07-18 14:30:00+00:00,5654.75,5643.25,-46.0,-49.0,-1.0,69.0,46.0,3.0,sl,2,5,1.25,-306.25,306.25,431.25,2024-07-18
futures,NQ,reddit_orb_fade,reddit_orb_fade|ny|range=15|entry=150|rr=1.5|sl_atr=1|tp_atr=1.5|threshold=2|adx_max=none|adx_min=none|rsi2=none|trend=all|max_bars=24,long,134039,134040,134042,2024-07-18 13:45:00+00:00,2024-07-18 14:00:00+00:00,2024-07-18 14:30:00+00:00,20068.0,20019.75,-193.0,-196.0,-1.0,289.5,193.0,3.0,sl,2,6,0.5,-588.0,588.0,868.5,2024-07-18
futures,ES,reddit_orb_breakout,reddit_orb_breakout|ny|range=15|entry=150|rr=1.5|sl_atr=1|tp_atr=1.5|threshold=2|adx_max=none|adx_min=none|rsi2=none|trend=ema|max_bars=24,short,134070,134071,134086,2024-07-18 14:30:00+00:00,2024-07-18 14:45:00+00:00,2024-07-18 18:30:00+00:00,5629.0,5589.625,157.5,154.5,1.4305555555555556,157.5,105.0,3.0,tp,15,6,1.25,1158.75,810.0,1181.25,2024-07-18
futures,ES,reddit_orb_breakout,reddit_orb_breakout|ny|range=15|entry=150|rr=1.5|sl_atr=1|tp_atr=1.5|threshold=2|adx_max=none|adx_min=none|rsi2=none|trend=ema|max_bars=24,short,134161,134162,134184,2024-07-19 14:15:00+00:00,2024-07-19 14:30:00+00:00,2024-07-19 20:00:00+00:00,5574.5,5548.25,105.0,102.0,0.8225806451612904,181.5,121.0,3.0,session_close,22,6,1.25,765.0,930.0,1361.25,2024-07-19
futures,ES,reddit_orb_retest,reddit_orb_retest|ny|range=15|entry=150|rr=1.5|sl_atr=1|tp_atr=1.5|threshold=2|adx_max=none|adx_min=none|rsi2=none|trend=all|max_bars=24,short,134164,134165,134184,2024-07-19 15:00:00+00:00,2024-07-19 15:15:00+00:00,2024-07-19 20:00:00+00:00,5567.0,5548.25,75.0,72.0,0.4675324675324675,226.5,151.0,3.0,session_close,19,2,1.25,180.0,385.0,566.25,2024-07-19
futures,ES,reddit_orb_fade,reddit_orb_fade|ny|range=15|entry=150|rr=1.5|sl_atr=1|tp_atr=1.5|threshold=2|adx_max=none|adx_min=none|rsi2=none|trend=all|max_bars=24,short,134251,134252,134255,2024-07-22 13:45:00+00:00,2024-07-22 14:00:00+00:00,2024-07-22 14:45:00+00:00,5589.75,5607.75,-72.0,-75.0,-1.0,108.0,72.0,3.0,sl,3,5,1.25,-468.75,468.75,675.0,2024-07-22
futures,NQ,reddit_orb_fade,reddit_orb_fade|ny|range=15|entry=150|rr=1.5|sl_atr=1|tp_atr=1.5|threshold=2|adx_max=none|adx_min=none|rsi2=none|trend=all|max_bars=24,short,134223,134224,134229,2024-07-22 13:45:00+00:00,2024-07-22 14:00:00+00:00,2024-07-22 15:15:00+00:00,19970.25,19885.5,339.0,336.0,1.4672489082969433,339.0,226.0,3.0,tp,5,6,0.5,1008.0,687.0,1017.0,2024-07-22
futures,ES,reddit_orb_breakout,reddit_orb_breakout|ny|range=15|entry=150|rr=1.5|sl_atr=1|tp_atr=1.5|threshold=2|adx_max=none|adx_min=none|rsi2=none|trend=ema|max_bars=24,short,134257,134258,134264,2024-07-22 15:15:00+00:00,2024-07-22 15:30:00+00:00,2024-07-22 17:00:00+00:00,5580.5,5603.0,-90.0,-93.0,-1.0,135.0,90.0,3.0,sl,6,6,1.25,-697.5,697.5,1012.5,2024-07-22
futures,ES,reddit_orb_fade,reddit_orb_fade|ny|range=15|entry=150|rr=1.5|sl_atr=1|tp_atr=1.5|threshold=2|adx_max=none|adx_min=none|rsi2=none|trend=all|max_bars=24,short,134343,134344,134344,2024-07-23 13:45:00+00:00,2024-07-23 14:00:00+00:00,2024-07-23 14:00:00+00:00,5617.5,5620.75,-13.0,-16.0,-1.0,19.5,13.0,3.0,sl,1,5,1.25,-100.0,100.0,121.875,2024-07-23
futures,ES,reddit_orb_breakout,reddit_orb_breakout|ny|range=15|entry=150|rr=1.5|sl_atr=1|tp_atr=1.5|threshold=2|adx_max=none|adx_min=none|rsi2=none|trend=ema|max_bars=24,long,134344,134345,134355,2024-07-23 14:00:00+00:00,2024-07-23 14:15:00+00:00,2024-07-23 16:45:00+00:00,5621.0,5603.5,-70.0,-73.0,-1.0,105.0,70.0,3.0,sl,10,6,1.25,-547.5,547.5,787.5,2024-07-23
futures,NQ,reddit_orb_fade,reddit_orb_fade|ny|range=15|entry=150|rr=1.5|sl_atr=1|tp_atr=1.5|threshold=2|adx_max=none|adx_min=none|rsi2=none|trend=all|max_bars=24,short,134317,134318,134318,2024-07-23 14:15:00+00:00,2024-07-23 14:30:00+00:00,2024-07-23 14:30:00+00:00,20019.0,19975.875,172.5,169.5,1.4364406779661016,172.5,115.0,3.0,tp,1,6,0.5,508.5,354.0,517.5,2024-07-23
futures,ES,reddit_orb_retest,reddit_orb_retest|ny|range=15|entry=150|rr=1.5|sl_atr=1|tp_atr=1.5|threshold=2|adx_max=none|adx_min=none|rsi2=none|trend=all|max_bars=24,long,134348,134349,134355,2024-07-23 15:00:00+00:00,2024-07-23 15:15:00+00:00,2024-07-23 16:45:00+00:00,5625.75,5603.5,-89.0,-92.0,-1.0,133.5,89.0,3.0,sl,6,2,1.25,-230.0,230.0,333.75,2024-07-23
futures,ES,reddit_orb_breakout,reddit_orb_breakout|ny|range=15|entry=150|rr=1.5|sl_atr=1|tp_atr=1.5|threshold=2|adx_max=none|adx_min=none|rsi2=none|trend=ema|max_bars=24,short,134435,134436,134454,2024-07-24 13:45:00+00:00,2024-07-24 14:00:00+00:00,2024-07-24 18:30:00+00:00,5527.0,5489.875,148.5,145.5,1.4264705882352942,148.5,99.0,3.0,tp,18,6,1.25,1091.25,765.0,1113.75,2024-07-24
futures,ES,reddit_orb_breakout,reddit_orb_breakout|ny|range=15|entry=150|rr=1.5|sl_atr=1|tp_atr=1.5|threshold=2|adx_max=none|adx_min=none|rsi2=none|trend=ema|max_bars=24,short,134527,134528,134531,2024-07-25 13:45:00+00:00,2024-07-25 14:00:00+00:00,2024-07-25 14:45:00+00:00,5457.0,5474.25,-69.0,-72.0,-1.0,103.5,69.0,3.0,sl,3,6,1.25,-540.0,540.0,776.25,2024-07-25
futures,ES,reddit_orb_fade,reddit_orb_fade|ny|range=15|entry=150|rr=1.5|sl_atr=1|tp_atr=1.5|threshold=2|adx_max=none|adx_min=none|rsi2=none|trend=all|max_bars=24,long,134529,134530,134533,2024-07-25 14:15:00+00:00,2024-07-25 14:30:00+00:00,2024-07-25 15:15:00+00:00,5464.25,5502.5,153.0,150.0,1.4285714285714286,153.0,102.0,3.0,tp,3,5,1.25,937.5,656.25,956.25,2024-07-25
futures,NQ,reddit_orb_fade,reddit_orb_fade|ny|range=15|entry=150|rr=1.5|sl_atr=1|tp_atr=1.5|threshold=2|adx_max=none|adx_min=none|rsi2=none|trend=all|max_bars=24,long,134502,134503,134508,2024-07-25 14:30:00+00:00,2024-07-25 14:45:00+00:00,2024-07-25 16:00:00+00:00,19140.0,19287.375,589.5,586.5,1.481060606060606,589.5,393.0,3.0,tp,5,6,0.5,1759.5,1188.0,1768.5,2024-07-25
futures,NQ,reddit_orb_fade,reddit_orb_fade|ny|range=15|entry=150|rr=1.5|sl_atr=1|tp_atr=1.5|threshold=2|adx_max=none|adx_min=none|rsi2=none|trend=all|max_bars=24,long,134591,134592,134592,2024-07-26 13:45:00+00:00,2024-07-26 14:00:00+00:00,2024-07-26 14:00:00+00:00,19130.0,19060.5,-278.0,-281.0,-1.0,417.0,278.0,3.0,sl,1,6,0.5,-843.0,843.0,1251.0,2024-07-26
futures,ES,reddit_orb_fade,reddit_orb_fade|ny|range=15|entry=150|rr=1.5|sl_atr=1|tp_atr=1.5|threshold=2|adx_max=none|adx_min=none|rsi2=none|trend=all|max_bars=24,short,134620,134621,134621,2024-07-26 14:00:00+00:00,2024-07-26 14:15:00+00:00,2024-07-26 14:15:00+00:00,5480.25,5494.5,-57.0,-60.0,-1.0,85.5,57.0,3.0,sl,1,5,1.25,-375.0,375.0,534.375,2024-07-26
futures,ES,reddit_orb_retest,reddit_orb_retest|ny|range=15|entry=150|rr=1.5|sl_atr=1|tp_atr=1.5|threshold=2|adx_max=none|adx_min=none|rsi2=none|trend=all|max_bars=24,long,134623,134624,134630,2024-07-26 14:45:00+00:00,2024-07-26 15:00:00+00:00,2024-07-26 16:30:00+00:00,5489.75,5519.375,118.5,115.5,1.4085365853658536,118.5,79.0,3.0,tp,6,2,1.25,288.75,205.0,296.25,2024-07-26
futures,ES,reddit_orb_breakout,reddit_orb_breakout|ny|range=15|entry=150|rr=1.5|sl_atr=1|tp_atr=1.5|threshold=2|adx_max=none|adx_min=none|rsi2=none|trend=ema|max_bars=24,long,134711,134712,134714,2024-07-29 13:45:00+00:00,2024-07-29 14:00:00+00:00,2024-07-29 14:30:00+00:00,5520.75,5501.5,-77.0,-80.0,-1.0,115.5,77.0,3.0,sl,2,6,1.25,-600.0,600.0,866.25,2024-07-29
futures,ES,reddit_orb_fade,reddit_orb_fade|ny|range=15|entry=150|rr=1.5|sl_atr=1|tp_atr=1.5|threshold=2|adx_max=none|adx_min=none|rsi2=none|trend=all|max_bars=24,short,134712,134713,134724,2024-07-29 14:00:00+00:00,2024-07-29 14:15:00+00:00,2024-07-29 17:00:00+00:00,5506.0,5525.0,-76.0,-79.0,-1.0,114.0,76.0,3.0,sl,11,5,1.25,-493.75,493.75,712.5,2024-07-29
futures,ES,reddit_orb_fade,reddit_orb_fade|ny|range=15|entry=150|rr=1.5|sl_atr=1|tp_atr=1.5|threshold=2|adx_max=none|adx_min=none|rsi2=none|trend=all|max_bars=24,long,134803,134804,134804,2024-07-30 13:45:00+00:00,2024-07-30 14:00:00+00:00,2024-07-30 14:00:00+00:00,5517.0,5511.5,-22.0,-25.0,-1.0,33.0,22.0,3.0,sl,1,5,1.25,-156.25,156.25,206.25,2024-07-30
futures,ES,reddit_orb_retest,reddit_orb_retest|ny|range=15|entry=150|rr=1.5|sl_atr=1|tp_atr=1.5|threshold=2|adx_max=none|adx_min=none|rsi2=none|trend=all|max_bars=24,short,134805,134806,134808,2024-07-30 14:15:00+00:00,2024-07-30 14:30:00+00:00,2024-07-30 15:00:00+00:00,5503.5,5467.5,144.0,141.0,1.4242424242424243,144.0,96.0,3.0,tp,2,2,1.25,352.5,247.5,360.0,2024-07-30
futures,ES,reddit_orb_breakout,reddit_orb_breakout|ny|range=15|entry=150|rr=1.5|sl_atr=1|tp_atr=1.5|threshold=2|adx_max=none|adx_min=none|rsi2=none|trend=ema|max_bars=24,long,134896,134897,134915,2024-07-31 14:00:00+00:00,2024-07-31 14:15:00+00:00,2024-07-31 18:45:00+00:00,5552.0,5586.875,139.5,136.5,1.421875,139.5,93.0,3.0,tp,18,6,1.25,1023.75,720.0,1046.25,2024-07-31
futures,ES,reddit_orb_fade,reddit_orb_fade|ny|range=15|entry=150|rr=1.5|sl_atr=1|tp_atr=1.5|threshold=2|adx_max=none|adx_min=none|rsi2=none|trend=all|max_bars=24,short,134987,134988,134988,2024-08-01 13:45:00+00:00,2024-08-01 14:00:00+00:00,2024-08-01 14:00:00+00:00,5592.25,5579.5,51.0,48.0,1.2972972972972974,51.0,34.0,3.0,tp,1,5,1.25,300.0,231.25,318.75,2024-08-01
futures,NQ,reddit_orb_fade,reddit_orb_fade|ny|range=15|entry=150|rr=1.5|sl_atr=1|tp_atr=1.5|threshold=2|adx_max=none|adx_min=none|rsi2=none|trend=all|max_bars=24,short,134960,134961,134962,2024-08-01 14:00:00+00:00,2024-08-01 14:15:00+00:00,2024-08-01 14:30:00+00:00,19576.25,19439.75,546.0,543.0,1.4795640326975477,546.0,364.0,3.0,tp,1,6,0.5,1629.0,1101.0,1638.0,2024-08-01
futures,ES,reddit_orb_fade,reddit_orb_fade|ny|range=15|entry=150|rr=1.5|sl_atr=1|tp_atr=1.5|threshold=2|adx_max=none|adx_min=none|rsi2=none|trend=all|max_bars=24,long,135079,135080,135080,2024-08-02 13:45:00+00:00,2024-08-02 14:00:00+00:00,2024-08-02 14:00:00+00:00,5388.5,5386.0,-10.0,-13.0,-1.0,15.0,10.0,3.0,same_bar_sl,1,5,1.25,-81.25,81.25,93.75,2024-08-02
futures,ES,reddit_orb_fade,reddit_orb_fade|ny|range=15|entry=150|rr=1.5|sl_atr=1|tp_atr=1.5|threshold=2|adx_max=none|adx_min=none|rsi2=none|trend=all|max_bars=24,short,135171,135172,135172,2024-08-05 13:45:00+00:00,2024-08-05 14:00:00+00:00,2024-08-05 14:00:00+00:00,5196.5,5225.0,-114.0,-117.0,-1.0,171.0,114.0,3.0,sl,1,5,1.25,-731.25,731.25,1068.75,2024-08-05
futures,ES,reddit_orb_retest,reddit_orb_retest|ny|range=15|entry=150|rr=1.5|sl_atr=1|tp_atr=1.5|threshold=2|adx_max=none|adx_min=none|rsi2=none|trend=all|max_bars=24,long,135174,135175,135196,2024-08-05 14:30:00+00:00,2024-08-05 14:45:00+00:00,2024-08-05 20:00:00+00:00,5205.75,5228.5,91.0,88.0,0.36363636363636365,358.5,239.0,3.0,session_close,21,2,1.25,220.0,605.0,896.25,2024-08-05
futures,ES,reddit_orb_fade,reddit_orb_fade|ny|range=15|entry=150|rr=1.5|sl_atr=1|tp_atr=1.5|threshold=2|adx_max=none|adx_min=none|rsi2=none|trend=all|max_bars=24,long,135263,135264,135275,2024-08-06 13:45:00+00:00,2024-08-06 14:00:00+00:00,2024-08-06 16:45:00+00:00,5262.0,5322.708970172811,242.8358806912438,239.8358806912438,1.4545152932580734,242.8358806912438,161.89058712749465,3.0,tp,11,5,1.25,1498.9742543202738,1030.5661695468416,1517.7242543202738,2024-08-06
futures,ES,reddit_orb_breakout,reddit_orb_breakout|ny|range=15|entry=150|rr=1.5|sl_atr=1|tp_atr=1.5|threshold=2|adx_max=none|adx_min=none|rsi2=none|trend=ema|max_bars=24,long,135355,135356,135363,2024-08-07 13:45:00+00:00,2024-08-07 14:00:00+00:00,2024-08-07 15:45:00+00:00,5353.25,5323.25,-120.0,-123.0,-1.0,180.0,120.0,3.0,sl,7,6,1.25,-922.5,922.5,1350.0,2024-08-07
futures,NQ,reddit_orb_fade,reddit_orb_fade|ny|range=15|entry=150|rr=1.5|sl_atr=1|tp_atr=1.5|threshold=2|adx_max=none|adx_min=none|rsi2=none|trend=all|max_bars=24,short,135327,135328,135329,2024-08-07 13:45:00+00:00,2024-08-07 14:00:00+00:00,2024-08-07 14:15:00+00:00,18520.25,18462.875,229.5,226.5,1.4519230769230769,229.5,153.0,3.0,tp,1,6,0.5,679.5,468.0,688.5,2024-08-07
futures,ES,reddit_orb_retest,reddit_orb_retest|ny|range=15|entry=150|rr=1.5|sl_atr=1|tp_atr=1.5|threshold=2|adx_max=none|adx_min=none|rsi2=none|trend=all|max_bars=24,long,135356,135357,135363,2024-08-07 14:00:00+00:00,2024-08-07 14:15:00+00:00,2024-08-07 15:45:00+00:00,5346.0,5323.25,-91.0,-94.0,-1.0,136.5,91.0,3.0,sl,6,2,1.25,-235.0,235.0,341.25,2024-08-07
futures,ES,reddit_orb_fade,reddit_orb_fade|ny|range=15|entry=150|rr=1.5|sl_atr=1|tp_atr=1.5|threshold=2|adx_max=none|adx_min=none|rsi2=none|trend=all|max_bars=24,short,135357,135358,135359,2024-08-07 14:15:00+00:00,2024-08-07 14:30:00+00:00,2024-08-07 14:45:00+00:00,5330.25,5350.75,-82.0,-85.0,-1.0,123.0,82.0,3.0,sl,1,5,1.25,-531.25,531.25,768.75,2024-08-07
futures,ES,reddit_orb_fade,reddit_orb_fade|ny|range=15|entry=150|rr=1.5|sl_atr=1|tp_atr=1.5|threshold=2|adx_max=none|adx_min=none|rsi2=none|trend=all|max_bars=24,long,135447,135448,135461,2024-08-08 13:45:00+00:00,2024-08-08 14:00:00+00:00,2024-08-08 17:15:00+00:00,5292.5,5341.625,196.5,193.5,1.4440298507462686,196.5,131.0,3.0,tp,13,5,1.25,1209.375,837.5,1228.125,2024-08-08
futures,ES,reddit_orb_fade,reddit_orb_fade|ny|range=15|entry=150|rr=1.5|sl_atr=1|tp_atr=1.5|threshold=2|adx_max=none|adx_min=none|rsi2=none|trend=all|max_bars=24,long,135539,135540,135540,2024-08-09 13:45:00+00:00,2024-08-09 14:00:00+00:00,2024-08-09 14:00:00+00:00,5331.75,5342.25,42.0,39.0,1.2580645161290323,42.0,28.0,3.0,tp,1,5,1.25,243.75,193.75,262.5,2024-08-09
futures,ES,reddit_orb_breakout,reddit_orb_breakout|ny|range=15|entry=150|rr=1.5|sl_atr=1|tp_atr=1.5|threshold=2|adx_max=none|adx_min=none|rsi2=none|trend=ema|max_bars=24,long,135540,135541,135564,2024-08-09 14:00:00+00:00,2024-08-09 14:15:00+00:00,2024-08-09 20:00:00+00:00,5353.75,5367.75,56.0,53.0,0.5698924731182796,135.0,90.0,3.0,session_close,23,6,1.25,397.5,697.5,1012.5,2024-08-09
futures,ES,reddit_orb_retest,reddit_orb_retest|ny|range=15|entry=150|rr=1.5|sl_atr=1|tp_atr=1.5|threshold=2|adx_max=none|adx_min=none|rsi2=none|trend=all|max_bars=24,long,135543,135544,135564,2024-08-09 14:45:00+00:00,2024-08-09 15:00:00+00:00,2024-08-09 20:00:00+00:00,5354.75,5367.75,52.0,49.0,0.5051546391752577,141.0,94.0,3.0,session_close,20,2,1.25,122.5,242.5,352.5,2024-08-09
futures,ES,reddit_orb_breakout,reddit_orb_breakout|ny|range=15|entry=150|rr=1.5|sl_atr=1|tp_atr=1.5|threshold=2|adx_max=none|adx_min=none|rsi2=none|trend=ema|max_bars=24,long,135723,135724,135726,2024-08-13 13:45:00+00:00,2024-08-13 14:00:00+00:00,2024-08-13 14:30:00+00:00,5416.25,5401.5,-59.0,-62.0,-1.0,88.5,59.0,3.0,sl,2,6,1.25,-465.0,465.0,663.75,2024-08-13
futures,ES,reddit_orb_fade,reddit_orb_fade|ny|range=15|entry=150|rr=1.5|sl_atr=1|tp_atr=1.5|threshold=2|adx_max=none|adx_min=none|rsi2=none|trend=all|max_bars=24,short,135724,135725,135727,2024-08-13 14:00:00+00:00,2024-08-13 14:15:00+00:00,2024-08-13 14:45:00+00:00,5410.0,5417.5,-30.0,-33.0,-1.0,45.0,30.0,3.0,sl,2,5,1.25,-206.25,206.25,281.25,2024-08-13
futures,NQ,reddit_orb_retest,reddit_orb_retest|ny|range=15|entry=150|rr=1.5|sl_atr=1|tp_atr=1.5|threshold=2|adx_max=none|adx_min=none|rsi2=none|trend=all|max_bars=24,long,135696,135697,135704,2024-08-13 14:00:00+00:00,2024-08-13 14:15:00+00:00,2024-08-13 16:00:00+00:00,18890.5,19001.875,445.5,442.5,1.475,445.5,297.0,3.0,tp,7,8,0.5,1770.0,1200.0,1782.0,2024-08-13
futures,ES,reddit_orb_retest,reddit_orb_retest|ny|range=15|entry=150|rr=1.5|sl_atr=1|tp_atr=1.5|threshold=2|adx_max=none|adx_min=none|rsi2=none|trend=all|max_bars=24,long,135727,135728,135742,2024-08-13 14:45:00+00:00,2024-08-13 15:00:00+00:00,2024-08-13 18:30:00+00:00,5421.75,5452.125,121.5,118.5,1.4107142857142858,121.5,81.0,3.0,tp,14,2,1.25,296.25,210.0,303.75,2024-08-13
futures,ES,reddit_orb_fade,reddit_orb_fade|ny|range=15|entry=150|rr=1.5|sl_atr=1|tp_atr=1.5|threshold=2|adx_max=none|adx_min=none|rsi2=none|trend=all|max_bars=24,long,135817,135818,135818,2024-08-14 14:15:00+00:00,2024-08-14 14:30:00+00:00,2024-08-14 14:30:00+00:00,5456.5,5447.75,-35.0,-38.0,-1.0,52.5,35.0,3.0,sl,1,5,1.25,-237.5,237.5,328.125,2024-08-14
futures,ES,reddit_orb_retest,reddit_orb_retest|ny|range=15|entry=150|rr=1.5|sl_atr=1|tp_atr=1.5|threshold=2|adx_max=none|adx_min=none|rsi2=none|trend=all|max_bars=24,short,135818,135819,135822,2024-08-14 14:30:00+00:00,2024-08-14 14:45:00+00:00,2024-08-14 15:30:00+00:00,5449.5,5470.25,-83.0,-86.0,-1.0,124.5,83.0,3.0,sl,3,2,1.25,-215.0,215.0,311.25,2024-08-14
futures,ES,reddit_orb_breakout,reddit_orb_breakout|ny|range=15|entry=150|rr=1.5|sl_atr=1|tp_atr=1.5|threshold=2|adx_max=none|adx_min=none|rsi2=none|trend=ema|max_bars=24,long,135822,135823,135840,2024-08-14 15:30:00+00:00,2024-08-14 15:45:00+00:00,2024-08-14 20:00:00+00:00,5473.0,5484.5,46.0,43.0,0.5058823529411764,123.0,82.0,3.0,session_close,17,6,1.25,322.5,637.5,922.5,2024-08-14
futures,ES,reddit_orb_fade,reddit_orb_fade|ny|range=15|entry=150|rr=1.5|sl_atr=1|tp_atr=1.5|threshold=2|adx_max=none|adx_min=none|rsi2=none|trend=all|max_bars=24,short,135908,135909,135909,2024-08-15 14:00:00+00:00,2024-08-15 14:15:00+00:00,2024-08-15 14:15:00+00:00,5535.25,5544.25,-36.0,-39.0,-1.0,54.0,36.0,3.0,sl,1,5,1.25,-243.75,243.75,337.5,2024-08-15
futures,ES,reddit_orb_breakout,reddit_orb_breakout|ny|range=15|entry=150|rr=1.5|sl_atr=1|tp_atr=1.5|threshold=2|adx_max=none|adx_min=none|rsi2=none|trend=ema|max_bars=24,long,135909,135910,135917,2024-08-15 14:15:00+00:00,2024-08-15 14:30:00+00:00,2024-08-15 16:15:00+00:00,5542.0,5564.875,91.5,88.5,1.3828125,91.5,61.0,3.0,tp,7,6,1.25,663.75,480.0,686.25,2024-08-15
futures,ES,reddit_orb_fade,reddit_orb_fade|ny|range=15|entry=150|rr=1.5|sl_atr=1|tp_atr=1.5|threshold=2|adx_max=none|adx_min=none|rsi2=none|trend=all|max_bars=24,short,135999,136000,136000,2024-08-16 13:45:00+00:00,2024-08-16 14:00:00+00:00,2024-08-16 14:00:00+00:00,5558.0,5561.75,-15.0,-18.0,-1.0,22.5,15.0,3.0,sl,1,5,1.25,-112.5,112.5,140.625,2024-08-16
futures,ES,reddit_orb_breakout,reddit_orb_breakout|ny|range=15|entry=150|rr=1.5|sl_atr=1|tp_atr=1.5|threshold=2|adx_max=none|adx_min=none|rsi2=none|trend=ema|max_bars=24,long,136000,136001,136024,2024-08-16 14:00:00+00:00,2024-08-16 14:15:00+00:00,2024-08-16 20:00:00+00:00,5564.0,5581.0,68.0,65.0,0.9420289855072463,99.0,66.0,3.0,session_close,23,6,1.25,487.5,517.5,742.5,2024-08-16
futures,ES,reddit_orb_retest,reddit_orb_retest|ny|range=15|entry=150|rr=1.5|sl_atr=1|tp_atr=1.5|threshold=2|adx_max=none|adx_min=none|rsi2=none|trend=all|max_bars=24,long,136002,136003,136011,2024-08-16 14:30:00+00:00,2024-08-16 14:45:00+00:00,2024-08-16 16:45:00+00:00,5560.5,5580.0,78.0,75.0,1.3636363636363635,78.0,52.0,3.0,tp,8,2,1.25,187.5,137.5,195.0,2024-08-16
futures,NQ,reddit_orb_fade,reddit_orb_fade|ny|range=15|entry=150|rr=1.5|sl_atr=1|tp_atr=1.5|threshold=2|adx_max=none|adx_min=none|rsi2=none|trend=all|max_bars=24,short,135975,135976,135978,2024-08-16 14:45:00+00:00,2024-08-16 15:00:00+00:00,2024-08-16 15:30:00+00:00,19520.25,19563.75,-174.0,-177.0,-1.0,261.0,174.0,3.0,sl,2,6,0.5,-531.0,531.0,783.0,2024-08-16
futures,NQ,reddit_orb_fade,reddit_orb_fade|ny|range=15|entry=150|rr=1.5|sl_atr=1|tp_atr=1.5|threshold=2|adx_max=none|adx_min=none|rsi2=none|trend=all|max_bars=24,short,136063,136064,136064,2024-08-19 13:45:00+00:00,2024-08-19 14:00:00+00:00,2024-08-19 14:00:00+00:00,19588.0,19624.25,-145.0,-148.0,-1.0,217.5,145.0,3.0,sl,1,6,0.5,-444.0,444.0,652.5,2024-08-19
futures,ES,reddit_orb_fade,reddit_orb_fade|ny|range=15|entry=150|rr=1.5|sl_atr=1|tp_atr=1.5|threshold=2|adx_max=none|adx_min=none|rsi2=none|trend=all|max_bars=24,short,136092,136093,136093,2024-08-19 14:00:00+00:00,2024-08-19 14:15:00+00:00,2024-08-19 14:15:00+00:00,5588.0,5582.0,24.0,21.0,1.105263157894737,24.0,16.0,3.0,tp,1,5,1.25,131.25,118.75,150.0,2024-08-19
futures,ES,reddit_orb_breakout,reddit_orb_breakout|ny|range=15|entry=150|rr=1.5|sl_atr=1|tp_atr=1.5|threshold=2|adx_max=none|adx_min=none|rsi2=none|trend=ema|max_bars=24,long,136094,136095,136103,2024-08-19 14:30:00+00:00,2024-08-19 14:45:00+00:00,2024-08-19 16:45:00+00:00,5591.5,5608.375,67.5,64.5,1.34375,67.5,45.0,3.0,tp,8,6,1.25,483.75,360.0,506.25,2024-08-19
futures,ES,reddit_orb_breakout,reddit_orb_breakout|ny|range=15|entry=150|rr=1.5|sl_atr=1|tp_atr=1.5|threshold=2|adx_max=none|adx_min=none|rsi2=none|trend=ema|max_bars=24,long,136183,136184,136184,2024-08-20 13:45:00+00:00,2024-08-20 14:00:00+00:00,2024-08-20 14:00:00+00:00,5642.5,5625.75,-67.0,-70.0,-1.0,100.5,67.0,3.0,sl,1,6,1.25,-525.0,525.0,753.75,2024-08-20
futures,ES,reddit_orb_fade,reddit_orb_fade|ny|range=15|entry=150|rr=1.5|sl_atr=1|tp_atr=1.5|threshold=2|adx_max=none|adx_min=none|rsi2=none|trend=all|max_bars=24,short,136184,136185,136196,2024-08-20 14:00:00+00:00,2024-08-20 14:15:00+00:00,2024-08-20 17:00:00+00:00,5629.5,5608.875,82.5,79.5,1.3706896551724137,82.5,55.0,3.0,tp,11,5,1.25,496.875,362.5,515.625,2024-08-20
futures,NQ,reddit_orb_fade,reddit_orb_fade|ny|range=15|entry=150|rr=1.5|sl_atr=1|tp_atr=1.5|threshold=2|adx_max=none|adx_min=none|rsi2=none|trend=all|max_bars=24,short,136156,136157,136180,2024-08-20 14:00:00+00:00,2024-08-20 14:15:00+00:00,2024-08-20 20:00:00+00:00,19847.75,19831.5,65.0,62.0,0.20261437908496732,454.5,303.0,3.0,session_close,23,6,0.5,186.0,918.0,1363.5,2024-08-20
futures,ES,reddit_orb_breakout,reddit_orb_breakout|ny|range=15|entry=150|rr=1.5|sl_atr=1|tp_atr=1.5|threshold=2|adx_max=none|adx_min=none|rsi2=none|trend=ema|max_bars=24,long,136275,136276,136276,2024-08-21 13:45:00+00:00,2024-08-21 14:00:00+00:00,2024-08-21 14:00:00+00:00,5637.25,5627.5,-39.0,-42.0,-1.0,58.5,39.0,3.0,sl,1,6,1.25,-315.0,315.0,438.75,2024-08-21
futures,ES,reddit_orb_fade,reddit_orb_fade|ny|range=15|entry=150|rr=1.5|sl_atr=1|tp_atr=1.5|threshold=2|adx_max=none|adx_min=none|rsi2=none|trend=all|max_bars=24,short,136276,136277,136278,2024-08-21 14:00:00+00:00,2024-08-21 14:15:00+00:00,2024-08-21 14:30:00+00:00,5628.25,5642.75,-58.0,-61.0,-1.0,87.0,58.0,3.0,sl,1,5,1.25,-381.25,381.25,543.75,2024-08-21
futures,NQ,reddit_orb_retest,reddit_orb_retest|ny|range=15|entry=150|rr=1.5|sl_atr=1|tp_atr=1.5|threshold=2|adx_max=none|adx_min=none|rsi2=none|trend=all|max_bars=24,long,136248,136249,136250,2024-08-21 14:00:00+00:00,2024-08-21 14:15:00+00:00,2024-08-21 14:30:00+00:00,19867.25,19948.625,325.5,322.5,1.4659090909090908,325.5,217.0,3.0,tp,1,8,0.5,1290.0,880.0,1302.0,2024-08-21
futures,ES,reddit_orb_retest,reddit_orb_retest|ny|range=15|entry=150|rr=1.5|sl_atr=1|tp_atr=1.5|threshold=2|adx_max=none|adx_min=none|rsi2=none|trend=all|max_bars=24,long,136277,136278,136278,2024-08-21 14:15:00+00:00,2024-08-21 14:30:00+00:00,2024-08-21 14:30:00+00:00,5635.5,5653.5,72.0,69.0,1.3529411764705883,72.0,48.0,3.0,tp,1,2,1.25,172.5,127.5,180.0,2024-08-21
futures,ES,reddit_orb_fade,reddit_orb_fade|ny|range=15|entry=150|rr=1.5|sl_atr=1|tp_atr=1.5|threshold=2|adx_max=none|adx_min=none|rsi2=none|trend=all|max_bars=24,short,136367,136368,136368,2024-08-22 13:45:00+00:00,2024-08-22 14:00:00+00:00,2024-08-22 14:00:00+00:00,5656.5,5643.375,52.5,49.5,1.3026315789473684,52.5,35.0,3.0,tp,1,5,1.25,309.375,237.5,328.125,2024-08-22
futures,NQ,reddit_orb_fade,reddit_orb_fade|ny|range=15|entry=150|rr=1.5|sl_atr=1|tp_atr=1.5|threshold=2|adx_max=none|adx_min=none|rsi2=none|trend=all|max_bars=24,long,136339,136340,136340,2024-08-22 13:45:00+00:00,2024-08-22 14:00:00+00:00,2024-08-22 14:00:00+00:00,19977.5,19944.25,-133.0,-136.0,-1.0,199.5,133.0,3.0,sl,1,6,0.5,-408.0,408.0,598.5,2024-08-22
futures,ES,reddit_orb_retest,reddit_orb_retest|ny|range=15|entry=150|rr=1.5|sl_atr=1|tp_atr=1.5|threshold=2|adx_max=none|adx_min=none|rsi2=none|trend=all|max_bars=24,short,136368,136369,136374,2024-08-22 14:00:00+00:00,2024-08-22 14:15:00+00:00,2024-08-22 15:30:00+00:00,5642.75,5610.5,129.0,126.0,1.4157303370786516,129.0,86.0,3.0,tp,5,2,1.25,315.0,222.5,322.5,2024-08-22
futures,ES,reddit_orb_breakout,reddit_orb_breakout|ny|range=15|entry=150|rr=1.5|sl_atr=1|tp_atr=1.5|threshold=2|adx_max=none|adx_min=none|rsi2=none|trend=ema|max_bars=24,long,136461,136462,136463,2024-08-23 14:15:00+00:00,2024-08-23 14:30:00+00:00,2024-08-23 14:45:00+00:00,5657.75,5618.75,-156.0,-159.0,-1.0,234.0,156.0,3.0,sl,1,6,1.25,-1192.5,1192.5,1755.0,2024-08-23
futures,ES,reddit_orb_fade,reddit_orb_fade|ny|range=15|entry=150|rr=1.5|sl_atr=1|tp_atr=1.5|threshold=2|adx_max=none|adx_min=none|rsi2=none|trend=all|max_bars=24,long,136463,136464,136469,2024-08-23 14:45:00+00:00,2024-08-23 15:00:00+00:00,2024-08-23 16:15:00+00:00,5635.75,5614.25,-86.0,-89.0,-1.0,129.0,86.0,3.0,sl,5,5,1.25,-556.25,556.25,806.25,2024-08-23
futures,ES,reddit_orb_retest,reddit_orb_retest|ny|range=15|entry=150|rr=1.5|sl_atr=1|tp_atr=1.5|threshold=2|adx_max=none|adx_min=none|rsi2=none|trend=all|max_bars=24,long,136463,136464,136469,2024-08-23 14:45:00+00:00,2024-08-23 15:00:00+00:00,2024-08-23 16:15:00+00:00,5635.75,5614.25,-86.0,-89.0,-1.0,129.0,86.0,3.0,sl,5,2,1.25,-222.5,222.5,322.5,2024-08-23
futures,NQ,reddit_orb_retest,reddit_orb_retest|ny|range=15|entry=150|rr=1.5|sl_atr=1|tp_atr=1.5|threshold=2|adx_max=none|adx_min=none|rsi2=none|trend=all|max_bars=24,long,136437,136438,136440,2024-08-23 15:15:00+00:00,2024-08-23 15:30:00+00:00,2024-08-23 16:00:00+00:00,19770.25,19706.5,-255.0,-258.0,-1.0,382.5,255.0,3.0,sl,2,8,0.5,-1032.0,1032.0,1530.0,2024-08-23
futures,ES,reddit_orb_fade,reddit_orb_fade|ny|range=15|entry=150|rr=1.5|sl_atr=1|tp_atr=1.5|threshold=2|adx_max=none|adx_min=none|rsi2=none|trend=all|max_bars=24,long,136551,136552,136552,2024-08-26 13:45:00+00:00,2024-08-26 14:00:00+00:00,2024-08-26 14:00:00+00:00,5660.0,5656.5,-14.0,-17.0,-1.0,21.0,14.0,3.0,sl,1,5,1.25,-106.25,106.25,131.25,2024-08-26
futures,NQ,reddit_orb_fade,reddit_orb_fade|ny|range=15|entry=150|rr=1.5|sl_atr=1|tp_atr=1.5|threshold=2|adx_max=none|adx_min=none|rsi2=none|trend=all|max_bars=24,long,136615,136616,136640,2024-08-27 13:45:00+00:00,2024-08-27 14:00:00+00:00,2024-08-27 20:00:00+00:00,19542.75,19645.25,410.0,407.0,0.9975490196078431,607.5,405.0,3.0,session_close,24,6,0.5,1221.0,1224.0,1822.5,2024-08-27
futures,ES,reddit_orb_retest,reddit_orb_retest|ny|range=15|entry=150|rr=1.5|sl_atr=1|tp_atr=1.5|threshold=2|adx_max=none|adx_min=none|rsi2=none|trend=all|max_bars=24,long,136644,136645,136668,2024-08-27 14:00:00+00:00,2024-08-27 14:15:00+00:00,2024-08-27 20:00:00+00:00,5628.0,5644.5,66.0,63.0,0.9130434782608695,99.0,66.0,3.0,session_close,23,2,1.25,157.5,172.5,247.5,2024-08-27
futures,ES,reddit_orb_fade,reddit_orb_fade|ny|range=15|entry=150|rr=1.5|sl_atr=1|tp_atr=1.5|threshold=2|adx_max=none|adx_min=none|rsi2=none|trend=all|max_bars=24,long,136735,136736,136736,2024-08-28 13:45:00+00:00,2024-08-28 14:00:00+00:00,2024-08-28 14:00:00+00:00,5638.25,5633.75,-18.0,-21.0,-1.0,27.0,18.0,3.0,sl,1,5,1.25,-131.25,131.25,168.75,2024-08-28
futures,NQ,reddit_orb_retest,reddit_orb_retest|ny|range=15|entry=150|rr=1.5|sl_atr=1|tp_atr=1.5|threshold=2|adx_max=none|adx_min=none|rsi2=none|trend=all|max_bars=24,short,136709,136710,136711,2024-08-28 14:15:00+00:00,2024-08-28 14:30:00+00:00,2024-08-28 14:45:00+00:00,19580.25,19465.875,457.5,454.5,1.4756493506493507,457.5,305.0,3.0,tp,1,8,0.5,1818.0,1232.0,1830.0,2024-08-28
futures,ES,reddit_orb_breakout,reddit_orb_breakout|ny|range=15|entry=150|rr=1.5|sl_atr=1|tp_atr=1.5|threshold=2|adx_max=none|adx_min=none|rsi2=none|trend=ema|max_bars=24,short,136741,136742,136760,2024-08-28 15:15:00+00:00,2024-08-28 15:30:00+00:00,2024-08-28 20:00:00+00:00,5611.0,5606.25,19.0,16.0,0.11678832116788321,201.0,134.0,3.0,session_close,18,6,1.25,120.0,1027.5,1507.5,2024-08-28
futures,ES,reddit_orb_fade,reddit_orb_fade|ny|range=15|entry=150|rr=1.5|sl_atr=1|tp_atr=1.5|threshold=2|adx_max=none|adx_min=none|rsi2=none|trend=all|max_bars=24,long,136827,136828,136846,2024-08-29 13:45:00+00:00,2024-08-29 14:00:00+00:00,2024-08-29 18:30:00+00:00,5638.0,5620.5,-70.0,-73.0,-1.0,105.0,70.0,3.0,sl,18,5,1.25,-456.25,456.25,656.25,2024-08-29
futures,ES,reddit_orb_retest,reddit_orb_retest|ny|range=15|entry=150|rr=1.5|sl_atr=1|tp_atr=1.5|threshold=2|adx_max=none|adx_min=none|rsi2=none|trend=all|max_bars=24,long,136828,136829,136837,2024-08-29 14:00:00+00:00,2024-08-29 14:15:00+00:00,2024-08-29 16:15:00+00:00,5638.75,5662.375,94.5,91.5,1.3863636363636365,94.5,63.0,3.0,tp,8,2,1.25,228.75,165.0,236.25,2024-08-29
futures,NQ,reddit_orb_fade,reddit_orb_fade|ny|range=15|entry=150|rr=1.5|sl_atr=1|tp_atr=1.5|threshold=2|adx_max=none|adx_min=none|rsi2=none|trend=all|max_bars=24,short,136800,136801,136803,2024-08-29 14:00:00+00:00,2024-08-29 14:15:00+00:00,2024-08-29 14:45:00+00:00,19606.25,19685.0,-315.0,-318.0,-1.0,472.5,315.0,3.0,sl,2,6,0.5,-954.0,954.0,1417.5,2024-08-29
futures,ES,reddit_orb_breakout,reddit_orb_breakout|ny|range=15|entry=150|rr=1.5|sl_atr=1|tp_atr=1.5|threshold=2|adx_max=none|adx_min=none|rsi2=none|trend=ema|max_bars=24,long,136833,136834,136846,2024-08-29 15:15:00+00:00,2024-08-29 15:30:00+00:00,2024-08-29 18:30:00+00:00,5648.25,5623.0,-101.0,-104.0,-1.0,151.5,101.0,3.0,sl,12,6,1.25,-780.0,780.0,1136.25,2024-08-29
futures,ES,reddit_orb_fade,reddit_orb_fade|ny|range=15|entry=150|rr=1.5|sl_atr=1|tp_atr=1.5|threshold=2|adx_max=none|adx_min=none|rsi2=none|trend=all|max_bars=24,long,136919,136920,136923,2024-08-30 13:45:00+00:00,2024-08-30 14:00:00+00:00,2024-08-30 14:45:00+00:00,5640.5,5627.25,-53.0,-56.0,-1.0,79.5,53.0,3.0,sl,3,5,1.25,-350.0,350.0,496.875,2024-08-30
futures,NQ,reddit_orb_fade,reddit_orb_fade|ny|range=15|entry=150|rr=1.5|sl_atr=1|tp_atr=1.5|threshold=2|adx_max=none|adx_min=none|rsi2=none|trend=all|max_bars=24,short,136892,136893,136895,2024-08-30 14:00:00+00:00,2024-08-30 14:15:00+00:00,2024-08-30 14:45:00+00:00,19574.75,19493.75,324.0,321.0,1.4657534246575343,324.0,216.0,3.0,tp,2,6,0.5,963.0,657.0,972.0,2024-08-30
futures,ES,reddit_orb_retest,reddit_orb_retest|ny|range=15|entry=150|rr=1.5|sl_atr=1|tp_atr=1.5|threshold=2|adx_max=none|adx_min=none|rsi2=none|trend=all|max_bars=24,short,136924,136925,136930,2024-08-30 15:00:00+00:00,2024-08-30 15:15:00+00:00,2024-08-30 16:30:00+00:00,5625.0,5598.375,106.5,103.5,1.3986486486486487,106.5,71.0,3.0,tp,5,2,1.25,258.75,185.0,266.25,2024-08-30
futures,NQ,reddit_orb_fade,reddit_orb_fade|ny|range=15|entry=150|rr=1.5|sl_atr=1|tp_atr=1.5|threshold=2|adx_max=none|adx_min=none|rsi2=none|trend=all|max_bars=24,short,136983,136984,136986,2024-09-02 13:45:00+00:00,2024-09-02 14:00:00+00:00,2024-09-02 14:30:00+00:00,19619.5,19645.5,-104.0,-107.0,-1.0,156.0,104.0,3.0,sl,2,6,0.5,-321.0,321.0,468.0,2024-09-02
futures,ES,reddit_orb_fade,reddit_orb_fade|ny|range=15|entry=150|rr=1.5|sl_atr=1|tp_atr=1.5|threshold=2|adx_max=none|adx_min=none|rsi2=none|trend=all|max_bars=24,long,137013,137014,137014,2024-09-02 14:15:00+00:00,2024-09-02 14:30:00+00:00,2024-09-02 14:30:00+00:00,5656.0,5661.625,22.5,19.5,1.0833333333333333,22.5,15.0,3.0,tp,1,5,1.25,121.875,112.5,140.625,2024-09-02
futures,ES,reddit_orb_breakout,reddit_orb_breakout|ny|range=15|entry=150|rr=1.5|sl_atr=1|tp_atr=1.5|threshold=2|adx_max=none|adx_min=none|rsi2=none|trend=ema|max_bars=24,long,137014,137015,137024,2024-09-02 14:30:00+00:00,2024-09-02 14:45:00+00:00,2024-09-02 22:00:00+00:00,5665.75,5668.25,10.0,7.0,0.15555555555555556,63.0,42.0,3.0,session_close,9,6,1.25,52.5,337.5,472.5,2024-09-02
futures,NQ,reddit_orb_breakout,reddit_orb_breakout|ny|range=15|entry=150|rr=1|sl_atr=1|tp_atr=1.5|threshold=2|adx_max=none|adx_min=none|rsi2=none|trend=ema|max_bars=24,long,136986,136987,136996,2024-09-02 14:30:00+00:00,2024-09-02 14:45:00+00:00,2024-09-02 22:00:00+00:00,19659.25,19677.75,74.0,71.0,0.3817204301075269,183.0,183.0,3.0,session_close,9,12,0.5,426.0,1116.0,1098.0,2024-09-02
futures,ES,reddit_orb_breakout,reddit_orb_breakout|ny|range=15|entry=150|rr=1.5|sl_atr=1|tp_atr=1.5|threshold=2|adx_max=none|adx_min=none|rsi2=none|trend=ema|max_bars=24,short,137087,137088,137089,2024-09-03 13:45:00+00:00,2024-09-03 14:00:00+00:00,2024-09-03 14:15:00+00:00,5612.25,5585.625,106.5,103.5,1.3986486486486487,106.5,71.0,3.0,tp,1,6,1.25,776.25,555.0,798.75,2024-09-03
futures,NQ,reddit_orb_fade,reddit_orb_fade|ny|range=15|entry=150|rr=1.5|sl_atr=1|tp_atr=1.5|threshold=2|adx_max=none|adx_min=none|rsi2=none|trend=all|max_bars=24,long,137059,137060,137060,2024-09-03 13:45:00+00:00,2024-09-03 14:00:00+00:00,2024-09-03 14:00:00+00:00,19366.5,19331.0,-142.0,-145.0,-1.0,213.0,142.0,3.0,sl,1,6,0.5,-435.0,435.0,639.0,2024-09-03
futures,ES,reddit_orb_fade,reddit_orb_fade|ny|range=15|entry=150|rr=1.5|sl_atr=1|tp_atr=1.5|threshold=2|adx_max=none|adx_min=none|rsi2=none|trend=all|max_bars=24,short,137180,137181,137182,2024-09-04 14:00:00+00:00,2024-09-04 14:15:00+00:00,2024-09-04 14:30:00+00:00,5540.25,5549.0,-35.0,-38.0,-1.0,52.5,35.0,3.0,sl,1,5,1.25,-237.5,237.5,328.125,2024-09-04
futures,NQ,reddit_orb_fade,reddit_orb_fade|ny|range=15|entry=150|rr=1.5|sl_atr=1|tp_atr=1.5|threshold=2|adx_max=none|adx_min=none|rsi2=none|trend=all|max_bars=24,short,137152,137153,137154,2024-09-04 14:00:00+00:00,2024-09-04 14:15:00+00:00,2024-09-04 14:30:00+00:00,18949.75,19002.0,-209.0,-212.0,-1.0,313.5,209.0,3.0,sl,1,6,0.5,-636.0,636.0,940.5,2024-09-04
futures,ES,reddit_orb_retest,reddit_orb_retest|ny|range=15|entry=150|rr=1.5|sl_atr=1|tp_atr=1.5|threshold=2|adx_max=none|adx_min=none|rsi2=none|trend=all|max_bars=24,long,137181,137182,137199,2024-09-04 14:15:00+00:00,2024-09-04 14:30:00+00:00,2024-09-04 18:45:00+00:00,5546.0,5520.75,-101.0,-104.0,-1.0,151.5,101.0,3.0,sl,17,2,1.25,-260.0,260.0,378.75,2024-09-04
futures,ES,reddit_orb_fade,reddit_orb_fade|ny|range=15|entry=150|rr=1.5|sl_atr=1|tp_atr=1.5|threshold=2|adx_max=none|adx_min=none|rsi2=none|trend=all|max_bars=24,short,137271,137272,137272,2024-09-05 13:45:00+00:00,2024-09-05 14:00:00+00:00,2024-09-05 14:00:00+00:00,5538.5,5542.25,-15.0,-18.0,-1.0,22.5,15.0,3.0,sl,1,5,1.25,-112.5,112.5,140.625,2024-09-05
futures,ES,reddit_orb_retest,reddit_orb_retest|ny|range=15|entry=150|rr=1.5|sl_atr=1|tp_atr=1.5|threshold=2|adx_max=none|adx_min=none|rsi2=none|trend=all|max_bars=24,long,137274,137275,137275,2024-09-05 14:30:00+00:00,2024-09-05 14:45:00+00:00,2024-09-05 14:45:00+00:00,5541.0,5525.5,-62.0,-65.0,-1.0,93.0,62.0,3.0,sl,1,2,1.25,-162.5,162.5,232.5,2024-09-05
futures,ES,reddit_orb_breakout,reddit_orb_breakout|ny|range=15|entry=150|rr=1.5|sl_atr=1|tp_atr=1.5|threshold=2|adx_max=none|adx_min=none|rsi2=none|trend=ema|max_bars=24,short,137275,137276,137278,2024-09-05 14:45:00+00:00,2024-09-05 15:00:00+00:00,2024-09-05 15:30:00+00:00,5523.25,5497.0,105.0,102.0,1.3972602739726028,105.0,70.0,3.0,tp,2,6,1.25,765.0,547.5,787.5,2024-09-05
futures,NQ,reddit_orb_fade,reddit_orb_fade|ny|range=15|entry=150|rr=1.5|sl_atr=1|tp_atr=1.5|threshold=2|adx_max=none|adx_min=none|rsi2=none|trend=all|max_bars=24,short,137247,137248,137250,2024-09-05 14:45:00+00:00,2024-09-05 15:00:00+00:00,2024-09-05 15:30:00+00:00,18983.5,18847.75,543.0,540.0,1.4794520547945205,543.0,362.0,3.0,tp,2,6,0.5,1620.0,1095.0,1629.0,2024-09-05
futures,ES,reddit_orb_breakout,reddit_orb_breakout|ny|range=15|entry=150|rr=1.5|sl_atr=1|tp_atr=1.5|threshold=2|adx_max=none|adx_min=none|rsi2=none|trend=ema|max_bars=24,short,137363,137364,137367,2024-09-06 13:45:00+00:00,2024-09-06 14:00:00+00:00,2024-09-06 14:45:00+00:00,5495.75,5440.625,220.5,217.5,1.45,220.5,147.0,3.0,tp,3,6,1.25,1631.25,1125.0,1653.75,2024-09-06
futures,ES,reddit_orb_retest,reddit_orb_retest|ny|range=15|entry=150|rr=1.5|sl_atr=1|tp_atr=1.5|threshold=2|adx_max=none|adx_min=none|rsi2=none|trend=all|max_bars=24,long,137456,137457,137458,2024-09-09 14:00:00+00:00,2024-09-09 14:15:00+00:00,2024-09-09 14:30:00+00:00,5476.5,5456.75,-79.0,-82.0,-1.0,118.5,79.0,3.0,sl,1,2,1.25,-205.0,205.0,296.25,2024-09-09
futures,ES,reddit_orb_fade,reddit_orb_fade|ny|range=15|entry=150|rr=1.5|sl_atr=1|tp_atr=1.5|threshold=2|adx_max=none|adx_min=none|rsi2=none|trend=all|max_bars=24,short,137457,137458,137464,2024-09-09 14:15:00+00:00,2024-09-09 14:30:00+00:00,2024-09-09 16:00:00+00:00,5463.25,5478.25,-60.0,-63.0,-1.0,90.0,60.0,3.0,sl,6,5,1.25,-393.75,393.75,562.5,2024-09-09
futures,NQ,reddit_orb_fade,reddit_orb_fade|ny|range=15|entry=150|rr=1.5|sl_atr=1|tp_atr=1.5|threshold=2|adx_max=none|adx_min=none|rsi2=none|trend=all|max_bars=24,short,137429,137430,137432,2024-09-09 14:15:00+00:00,2024-09-09 14:30:00+00:00,2024-09-09 15:00:00+00:00,18621.5,18501.5,480.0,477.0,1.4767801857585139,480.0,320.0,3.0,tp,2,6,0.5,1431.0,969.0,1440.0,2024-09-09
futures,ES,reddit_orb_breakout,reddit_orb_breakout|ny|range=15|entry=150|rr=1.5|sl_atr=1|tp_atr=1.5|threshold=2|adx_max=none|adx_min=none|rsi2=none|trend=ema|max_bars=24,short,137458,137459,137462,2024-09-09 14:30:00+00:00,2024-09-09 14:45:00+00:00,2024-09-09 15:30:00+00:00,5453.5,5468.25,-59.0,-62.0,-1.0,88.5,59.0,3.0,sl,3,6,1.25,-465.0,465.0,663.75,2024-09-09
futures,ES,reddit_orb_fade,reddit_orb_fade|ny|range=15|entry=150|rr=1.5|sl_atr=1|tp_atr=1.5|threshold=2|adx_max=none|adx_min=none|rsi2=none|trend=all|max_bars=24,long,137547,137548,137548,2024-09-10 13:45:00+00:00,2024-09-10 14:00:00+00:00,2024-09-10 14:00:00+00:00,5493.75,5491.25,-10.0,-13.0,-1.0,15.0,10.0,3.0,sl,1,5,1.25,-81.25,81.25,93.75,2024-09-10
futures,NQ,reddit_orb_fade,reddit_orb_fade|ny|range=15|entry=150|rr=1.5|sl_atr=1|tp_atr=1.5|threshold=2|adx_max=none|adx_min=none|rsi2=none|trend=all|max_bars=24,long,137521,137522,137523,2024-09-10 14:15:00+00:00,2024-09-10 14:30:00+00:00,2024-09-10 14:45:00+00:00,18780.75,18686.75,-376.0,-379.0,-1.0,564.0,376.0,3.0,sl,1,6,0.5,-1137.0,1137.0,1692.0,2024-09-10
futures,ES,reddit_orb_fade,reddit_orb_fade|ny|range=15|entry=150|rr=1.5|sl_atr=1|tp_atr=1.5|threshold=2|adx_max=none|adx_min=none|rsi2=none|trend=all|max_bars=24,long,137648,137649,137652,2024-09-11 16:00:00+00:00,2024-09-11 16:15:00+00:00,2024-09-11 17:00:00+00:00,5474.5,5502.25,111.0,108.0,1.4025974025974026,111.0,74.0,3.0,tp,3,5,1.25,675.0,481.25,693.75,2024-09-11
futures,NQ,reddit_orb_fade,reddit_orb_fade|ny|range=15|entry=150|rr=1.5|sl_atr=1|tp_atr=1.5|threshold=2|adx_max=none|adx_min=none|rsi2=none|trend=all|max_bars=24,long,137620,137621,137626,2024-09-11 16:00:00+00:00,2024-09-11 16:15:00+00:00,2024-09-11 17:30:00+00:00,18872.5,19005.25,531.0,528.0,1.4789915966386555,531.0,354.0,3.0,tp,5,6,0.5,1584.0,1071.0,1593.0,2024-09-11
futures,NQ,reddit_orb_fade,reddit_orb_fade|ny|range=15|entry=150|rr=1.5|sl_atr=1|tp_atr=1.5|threshold=2|adx_max=none|adx_min=none|rsi2=none|trend=all|max_bars=24,long,137703,137704,137706,2024-09-12 13:45:00+00:00,2024-09-12 14:00:00+00:00,2024-09-12 14:30:00+00:00,19257.5,19366.25,435.0,432.0,1.4744027303754266,435.0,290.0,3.0,tp,2,6,0.5,1296.0,879.0,1305.0,2024-09-12
futures,ES,reddit_orb_breakout,reddit_orb_breakout|ny|range=15|entry=150|rr=1.5|sl_atr=1|tp_atr=1.5|threshold=2|adx_max=none|adx_min=none|rsi2=none|trend=ema|max_bars=24,long,137732,137733,137734,2024-09-12 14:00:00+00:00,2024-09-12 14:15:00+00:00,2024-09-12 14:30:00+00:00,5567.0,5557.25,-39.0,-42.0,-1.0,58.5,39.0,3.0,sl,1,6,1.25,-315.0,315.0,438.75,2024-09-12
futures,ES,reddit_orb_fade,reddit_orb_fade|ny|range=15|entry=150|rr=1.5|sl_atr=1|tp_atr=1.5|threshold=2|adx_max=none|adx_min=none|rsi2=none|trend=all|max_bars=24,long,137732,137733,137747,2024-09-12 14:00:00+00:00,2024-09-12 14:15:00+00:00,2024-09-12 17:45:00+00:00,5567.0,5598.875,127.5,124.5,1.4147727272727273,127.5,85.0,3.0,tp,14,5,1.25,778.125,550.0,796.875,2024-09-12
futures,ES,reddit_orb_retest,reddit_orb_retest|ny|range=15|entry=150|rr=1.5|sl_atr=1|tp_atr=1.5|threshold=2|adx_max=none|adx_min=none|rsi2=none|trend=all|max_bars=24,short,137735,137736,137736,2024-09-12 14:45:00+00:00,2024-09-12 15:00:00+00:00,2024-09-12 15:00:00+00:00,5557.0,5571.25,-57.0,-60.0,-1.0,85.5,57.0,3.0,sl,1,2,1.25,-150.0,150.0,213.75,2024-09-12
futures,ES,reddit_orb_breakout,reddit_orb_breakout|ny|range=15|entry=150|rr=1.5|sl_atr=1|tp_atr=1.5|threshold=2|adx_max=none|adx_min=none|rsi2=none|trend=ema|max_bars=24,long,137823,137824,137848,2024-09-13 13:45:00+00:00,2024-09-13 14:00:00+00:00,2024-09-13 20:00:00+00:00,5620.25,5628.5,33.0,30.0,0.46875,91.5,61.0,3.0,session_close,24,6,1.25,225.0,480.0,686.25,2024-09-13
futures,ES,reddit_orb_retest,reddit_orb_retest|ny|range=15|entry=150|rr=1.5|sl_atr=1|tp_atr=1.5|threshold=2|adx_max=none|adx_min=none|rsi2=none|trend=all|max_bars=24,long,137824,137825,137848,2024-09-13 14:00:00+00:00,2024-09-13 14:15:00+00:00,2024-09-13 20:00:00+00:00,5623.25,5628.5,21.0,18.0,0.23684210526315788,109.5,73.0,3.0,session_close,23,2,1.25,45.0,190.0,273.75,2024-09-13
futures,ES,reddit_orb_breakout,reddit_orb_breakout|ny|range=15|entry=150|rr=1.5|sl_atr=1|tp_atr=1.5|threshold=2|adx_max=none|adx_min=none|rsi2=none|trend=ema|max_bars=24,long,137915,137916,137918,2024-09-16 13:45:00+00:00,2024-09-16 14:00:00+00:00,2024-09-16 14:30:00+00:00,5635.0,5618.25,-67.0,-70.0,-1.0,100.5,67.0,3.0,sl,2,6,1.25,-525.0,525.0,753.75,2024-09-16
futures,ES,reddit_orb_retest,reddit_orb_retest|ny|range=15|entry=150|rr=1.5|sl_atr=1|tp_atr=1.5|threshold=2|adx_max=none|adx_min=none|rsi2=none|trend=all|max_bars=24,long,137916,137917,137918,2024-09-16 14:00:00+00:00,2024-09-16 14:15:00+00:00,2024-09-16 14:30:00+00:00,5635.25,5618.25,-68.0,-71.0,-1.0,102.0,68.0,3.0,sl,1,2,1.25,-177.5,177.5,255.0,2024-09-16
futures,ES,reddit_orb_fade,reddit_orb_fade|ny|range=15|entry=150|rr=1.5|sl_atr=1|tp_atr=1.5|threshold=2|adx_max=none|adx_min=none|rsi2=none|trend=all|max_bars=24,short,137917,137918,137935,2024-09-16 14:15:00+00:00,2024-09-16 14:30:00+00:00,2024-09-16 18:45:00+00:00,5624.75,5637.25,-50.0,-53.0,-1.0,75.0,50.0,3.0,sl,17,5,1.25,-331.25,331.25,468.75,2024-09-16
futures,NQ,reddit_orb_fade,reddit_orb_fade|ny|range=15|entry=150|rr=1.5|sl_atr=1|tp_atr=1.5|threshold=2|adx_max=none|adx_min=none|rsi2=none|trend=all|max_bars=24,long,137979,137980,137983,2024-09-17 13:45:00+00:00,2024-09-17 14:00:00+00:00,2024-09-17 14:45:00+00:00,19527.0,19604.625,310.5,307.5,1.4642857142857142,310.5,207.0,3.0,tp,3,6,0.5,922.5,630.0,931.5,2024-09-17
futures,ES,reddit_orb_breakout,reddit_orb_breakout|ny|range=15|entry=150|rr=1.5|sl_atr=1|tp_atr=1.5|threshold=2|adx_max=none|adx_min=none|rsi2=none|trend=ema|max_bars=24,long,138008,138009,138016,2024-09-17 14:00:00+00:00,2024-09-17 14:15:00+00:00,2024-09-17 16:00:00+00:00,5667.5,5655.5,-48.0,-51.0,-1.0,72.0,48.0,3.0,sl,7,6,1.25,-382.5,382.5,540.0,2024-09-17
futures,ES,reddit_orb_fade,reddit_orb_fade|ny|range=15|entry=150|rr=1.5|sl_atr=1|tp_atr=1.5|threshold=2|adx_max=none|adx_min=none|rsi2=none|trend=all|max_bars=24,long,138008,138009,138017,2024-09-17 14:00:00+00:00,2024-09-17 14:15:00+00:00,2024-09-17 16:15:00+00:00,5667.5,5652.25,-61.0,-64.0,-1.0,91.5,61.0,3.0,sl,8,5,1.25,-400.0,400.0,571.875,2024-09-17
futures,ES,reddit_orb_fade,reddit_orb_fade|ny|range=15|entry=150|rr=1.5|sl_atr=1|tp_atr=1.5|threshold=2|adx_max=none|adx_min=none|rsi2=none|trend=all|max_bars=24,long,138099,138100,138100,2024-09-18 13:45:00+00:00,2024-09-18 14:00:00+00:00,2024-09-18 14:00:00+00:00,5699.25,5694.75,-18.0,-21.0,-1.0,27.0,18.0,3.0,sl,1,5,1.25,-131.25,131.25,168.75,2024-09-18
futures,NQ,reddit_orb_fade,reddit_orb_fade|ny|range=15|entry=150|rr=1.5|sl_atr=1|tp_atr=1.5|threshold=2|adx_max=none|adx_min=none|rsi2=none|trend=all|max_bars=24,long,138071,138072,138072,2024-09-18 13:45:00+00:00,2024-09-18 14:00:00+00:00,2024-09-18 14:00:00+00:00,19708.25,19667.0,-165.0,-168.0,-1.0,247.5,165.0,3.0,sl,1,6,0.5,-504.0,504.0,742.5,2024-09-18
futures,ES,reddit_orb_fade,reddit_orb_fade|ny|range=15|entry=150|rr=1.5|sl_atr=1|tp_atr=1.5|threshold=2|adx_max=none|adx_min=none|rsi2=none|trend=all|max_bars=24,long,138191,138192,138194,2024-09-19 13:45:00+00:00,2024-09-19 14:00:00+00:00,2024-09-19 14:30:00+00:00,5763.5,5786.375,91.5,88.5,1.3828125,91.5,61.0,3.0,tp,2,5,1.25,553.125,400.0,571.875,2024-09-19
futures,NQ,reddit_orb_fade,reddit_orb_fade|ny|range=15|entry=150|rr=1.5|sl_atr=1|tp_atr=1.5|threshold=2|adx_max=none|adx_min=none|rsi2=none|trend=all|max_bars=24,long,138163,138164,138165,2024-09-19 13:45:00+00:00,2024-09-19 14:00:00+00:00,2024-09-19 14:15:00+00:00,20011.0,20081.5,282.0,279.0,1.4607329842931938,282.0,188.0,3.0,tp,1,6,0.5,837.0,573.0,846.0,2024-09-19
futures,ES,reddit_orb_breakout,reddit_orb_breakout|ny|range=15|entry=150|rr=1.5|sl_atr=1|tp_atr=1.5|threshold=2|adx_max=none|adx_min=none|rsi2=none|trend=ema|max_bars=24,long,138193,138194,138216,2024-09-19 14:15:00+00:00,2024-09-19 14:30:00+00:00,2024-09-19 20:00:00+00:00,5781.5,5772.75,-35.0,-38.0,-0.3958333333333333,139.5,93.0,3.0,session_close,22,6,1.25,-285.0,720.0,1046.25,2024-09-19
futures,ES,reddit_orb_retest,reddit_orb_retest|ny|range=15|entry=150|rr=1.5|sl_atr=1|tp_atr=1.5|threshold=2|adx_max=none|adx_min=none|rsi2=none|trend=all|max_bars=24,long,138201,138202,138216,2024-09-19 16:15:00+00:00,2024-09-19 16:30:00+00:00,2024-09-19 20:00:00+00:00,5785.0,5772.75,-49.0,-52.0,-0.4727272727272727,160.5,107.0,3.0,session_close,14,2,1.25,-130.0,275.0,401.25,2024-09-19
futures,ES,reddit_orb_retest,reddit_orb_retest|ny|range=15|entry=150|rr=1.5|sl_atr=1|tp_atr=1.5|threshold=2|adx_max=none|adx_min=none|rsi2=none|trend=all|max_bars=24,short,138285,138286,138289,2024-09-20 14:15:00+00:00,2024-09-20 14:30:00+00:00,2024-09-20 15:15:00+00:00,5754.5,5735.375,76.5,73.5,1.3611111111111112,76.5,51.0,3.0,tp,3,2,1.25,183.75,135.0,191.25,2024-09-20
futures,ES,reddit_orb_fade,reddit_orb_fade|ny|range=15|entry=150|rr=1.5|sl_atr=1|tp_atr=1.5|threshold=2|adx_max=none|adx_min=none|rsi2=none|trend=all|max_bars=24,long,138293,138294,138300,2024-09-20 16:15:00+00:00,2024-09-20 16:30:00+00:00,2024-09-20 18:00:00+00:00,5761.25,5752.0,-37.0,-40.0,-1.0,55.5,37.0,3.0,sl,6,5,1.25,-250.0,250.0,346.875,2024-09-20
futures,ES,reddit_orb_fade,reddit_orb_fade|ny|range=15|entry=150|rr=1.5|sl_atr=1|tp_atr=1.5|threshold=2|adx_max=none|adx_min=none|rsi2=none|trend=all|max_bars=24,short,138375,138376,138376,2024-09-23 13:45:00+00:00,2024-09-23 14:00:00+00:00,2024-09-23 14:00:00+00:00,5768.75,5775.257547190582,-26.03018876232818,-29.03018876232818,-1.0,39.04528314349227,26.03018876232818,3.0,sl,1,5,1.25,-181.43867976455113,181.43867976455113,244.0330196468267,2024-09-23
futures,NQ,reddit_orb_fade,reddit_orb_fade|ny|range=15|entry=150|rr=1.5|sl_atr=1|tp_atr=1.5|threshold=2|adx_max=none|adx_min=none|rsi2=none|trend=all|max_bars=24,short,138347,138348,138349,2024-09-23 13:45:00+00:00,2024-09-23 14:00:00+00:00,2024-09-23 14:15:00+00:00,20066.5,20105.0,-154.0,-157.0,-1.0,231.0,154.0,3.0,sl,1,6,0.5,-471.0,471.0,693.0,2024-09-23
futures,ES,reddit_orb_breakout,reddit_orb_breakout|ny|range=15|entry=150|rr=1.5|sl_atr=1|tp_atr=1.5|threshold=2|adx_max=none|adx_min=none|rsi2=none|trend=ema|max_bars=24,long,138377,138378,138385,2024-09-23 14:15:00+00:00,2024-09-23 14:30:00+00:00,2024-09-23 16:15:00+00:00,5779.0,5766.25,-51.0,-54.0,-1.0,76.5,51.0,3.0,sl,7,6,1.25,-405.0,405.0,573.75,2024-09-23
futures,ES,reddit_orb_retest,reddit_orb_retest|ny|range=15|entry=150|rr=1.5|sl_atr=1|tp_atr=1.5|threshold=2|adx_max=none|adx_min=none|rsi2=none|trend=all|max_bars=24,long,138378,138379,138385,2024-09-23 14:30:00+00:00,2024-09-23 14:45:00+00:00,2024-09-23 16:15:00+00:00,5779.0,5766.25,-51.0,-54.0,-1.0,76.5,51.0,3.0,sl,6,2,1.25,-135.0,135.0,191.25,2024-09-23
futures,NQ,reddit_orb_retest,reddit_orb_retest|ny|range=15|entry=150|rr=1.5|sl_atr=1|tp_atr=1.5|threshold=2|adx_max=none|adx_min=none|rsi2=none|trend=all|max_bars=24,long,138350,138351,138360,2024-09-23 14:30:00+00:00,2024-09-23 14:45:00+00:00,2024-09-23 17:00:00+00:00,20104.5,20031.25,-293.0,-296.0,-1.0,439.5,293.0,3.0,sl,9,8,0.5,-1184.0,1184.0,1758.0,2024-09-23
futures,ES,reddit_orb_retest,reddit_orb_retest|ny|range=15|entry=150|rr=1.5|sl_atr=1|tp_atr=1.5|threshold=2|adx_max=none|adx_min=none|rsi2=none|trend=all|max_bars=24,short,138471,138472,138475,2024-09-24 14:45:00+00:00,2024-09-24 15:00:00+00:00,2024-09-24 15:45:00+00:00,5773.75,5785.25,-46.0,-49.0,-1.0,69.0,46.0,3.0,sl,3,2,1.25,-122.5,122.5,172.5,2024-09-24
futures,ES,reddit_orb_fade,reddit_orb_fade|ny|range=15|entry=150|rr=1.5|sl_atr=1|tp_atr=1.5|threshold=2|adx_max=none|adx_min=none|rsi2=none|trend=all|max_bars=24,long,138472,138473,138475,2024-09-24 15:00:00+00:00,2024-09-24 15:15:00+00:00,2024-09-24 15:45:00+00:00,5776.75,5783.125,25.5,22.5,1.125,25.5,17.0,3.0,tp,2,5,1.25,140.625,125.0,159.375,2024-09-24
futures,NQ,reddit_orb_fade,reddit_orb_fade|ny|range=15|entry=150|rr=1.5|sl_atr=1|tp_atr=1.5|threshold=2|adx_max=none|adx_min=none|rsi2=none|trend=all|max_bars=24,long,138444,138445,138447,2024-09-24 15:00:00+00:00,2024-09-24 15:15:00+00:00,2024-09-24 15:45:00+00:00,20103.75,20156.25,210.0,207.0,1.4475524475524475,210.0,140.0,3.0,tp,2,6,0.5,621.0,429.0,630.0,2024-09-24
futures,ES,reddit_orb_breakout,reddit_orb_breakout|ny|range=15|entry=150|rr=1.5|sl_atr=1|tp_atr=1.5|threshold=2|adx_max=none|adx_min=none|rsi2=none|trend=ema|max_bars=24,long,138475,138476,138486,2024-09-24 15:45:00+00:00,2024-09-24 16:00:00+00:00,2024-09-24 18:30:00+00:00,5785.5,5775.5,-40.0,-43.0,-1.0,60.0,40.0,3.0,sl,10,6,1.25,-322.5,322.5,450.0,2024-09-24
futures,ES,reddit_orb_fade,reddit_orb_fade|ny|range=15|entry=150|rr=1.5|sl_atr=1|tp_atr=1.5|threshold=2|adx_max=none|adx_min=none|rsi2=none|trend=all|max_bars=24,short,138560,138561,138561,2024-09-25 14:00:00+00:00,2024-09-25 14:15:00+00:00,2024-09-25 14:15:00+00:00,5795.75,5791.25,18.0,15.0,1.0,18.0,12.0,3.0,tp,1,5,1.25,93.75,93.75,112.5,2024-09-25
futures,NQ,reddit_orb_fade,reddit_orb_fade|ny|range=15|entry=150|rr=1.5|sl_atr=1|tp_atr=1.5|threshold=2|adx_max=none|adx_min=none|rsi2=none|trend=all|max_bars=24,short,138537,138538,138538,2024-09-25 15:15:00+00:00,2024-09-25 15:30:00+00:00,2024-09-25 15:30:00+00:00,20202.25,20232.25,-120.0,-123.0,-1.0,180.0,120.0,3.0,sl,1,6,0.5,-369.0,369.0,540.0,2024-09-25
futures,ES,reddit_orb_retest,reddit_orb_retest|ny|range=15|entry=150|rr=1.5|sl_atr=1|tp_atr=1.5|threshold=2|adx_max=none|adx_min=none|rsi2=none|trend=all|max_bars=24,short,138566,138567,138572,2024-09-25 15:30:00+00:00,2024-09-25 15:45:00+00:00,2024-09-25 17:00:00+00:00,5787.5,5771.75,63.0,60.0,1.3333333333333333,63.0,42.0,3.0,tp,5,2,1.25,150.0,112.5,157.5,2024-09-25
futures,ES,reddit_orb_fade,reddit_orb_fade|ny|range=15|entry=150|rr=1.5|sl_atr=1|tp_atr=1.5|threshold=2|adx_max=none|adx_min=none|rsi2=none|trend=all|max_bars=24,long,138651,138652,138652,2024-09-26 13:45:00+00:00,2024-09-26 14:00:00+00:00,2024-09-26 14:00:00+00:00,5815.75,5811.25,-18.0,-21.0,-1.0,27.0,18.0,3.0,sl,1,5,1.25,-131.25,131.25,168.75,2024-09-26
futures,ES,reddit_orb_retest,reddit_orb_retest|ny|range=15|entry=150|rr=1.5|sl_atr=1|tp_atr=1.5|threshold=2|adx_max=none|adx_min=none|rsi2=none|trend=all|max_bars=24,short,138653,138654,138676,2024-09-26 14:15:00+00:00,2024-09-26 14:30:00+00:00,2024-09-26 20:00:00+00:00,5806.0,5803.75,9.0,6.0,0.06818181818181818,127.5,85.0,3.0,session_close,22,2,1.25,15.0,220.0,318.75,2024-09-26
futures,ES,reddit_orb_fade,reddit_orb_fade|ny|range=15|entry=150|rr=1.5|sl_atr=1|tp_atr=1.5|threshold=2|adx_max=none|adx_min=none|rsi2=none|trend=all|max_bars=24,long,138743,138744,138744,2024-09-27 13:45:00+00:00,2024-09-27 14:00:00+00:00,2024-09-27 14:00:00+00:00,5808.5,5805.5,-12.0,-15.0,-1.0,18.0,12.0,3.0,same_bar_sl,1,5,1.25,-93.75,93.75,112.5,2024-09-27
futures,NQ,reddit_orb_fade,reddit_orb_fade|ny|range=15|entry=150|rr=1.5|sl_atr=1|tp_atr=1.5|threshold=2|adx_max=none|adx_min=none|rsi2=none|trend=all|max_bars=24,long,138716,138717,138717,2024-09-27 14:00:00+00:00,2024-09-27 14:15:00+00:00,2024-09-27 14:15:00+00:00,20324.75,20290.25,-138.0,-141.0,-1.0,207.0,138.0,3.0,sl,1,6,0.5,-423.0,423.0,621.0,2024-09-27
futures,ES,reddit_orb_breakout,reddit_orb_breakout|ny|range=15|entry=150|rr=1.5|sl_atr=1|tp_atr=1.5|threshold=2|adx_max=none|adx_min=none|rsi2=none|trend=ema|max_bars=24,long,138745,138746,138750,2024-09-27 14:15:00+00:00,2024-09-27 14:30:00+00:00,2024-09-27 15:30:00+00:00,5817.75,5806.25,-46.0,-49.0,-1.0,69.0,46.0,3.0,sl,4,6,1.25,-367.5,367.5,517.5,2024-09-27
futures,ES,reddit_orb_retest,reddit_orb_retest|ny|range=15|entry=150|rr=1.5|sl_atr=1|tp_atr=1.5|threshold=2|adx_max=none|adx_min=none|rsi2=none|trend=all|max_bars=24,long,138746,138747,138750,2024-09-27 14:30:00+00:00,2024-09-27 14:45:00+00:00,2024-09-27 15:30:00+00:00,5814.75,5806.25,-34.0,-37.0,-1.0,51.0,34.0,3.0,sl,3,2,1.25,-92.5,92.5,127.5,2024-09-27
futures,NQ,reddit_orb_fade,reddit_orb_fade|ny|range=15|entry=150|rr=1.5|sl_atr=1|tp_atr=1.5|threshold=2|adx_max=none|adx_min=none|rsi2=none|trend=all|max_bars=24,short,138807,138808,138825,2024-09-30 13:45:00+00:00,2024-09-30 14:00:00+00:00,2024-09-30 18:15:00+00:00,20204.75,20118.125,346.5,343.5,1.4679487179487178,346.5,231.0,3.0,tp,17,6,0.5,1030.5,702.0,1039.5,2024-09-30
futures,ES,reddit_orb_fade,reddit_orb_fade|ny|range=15|entry=150|rr=1.5|sl_atr=1|tp_atr=1.5|threshold=2|adx_max=none|adx_min=none|rsi2=none|trend=all|max_bars=24,long,138837,138838,138844,2024-09-30 14:15:00+00:00,2024-09-30 14:30:00+00:00,2024-09-30 16:00:00+00:00,5785.25,5795.375,40.5,37.5,1.25,40.5,27.0,3.0,tp,6,5,1.25,234.375,187.5,253.125,2024-09-30
futures,ES,reddit_orb_retest,reddit_orb_retest|ny|range=15|entry=150|rr=1.5|sl_atr=1|tp_atr=1.5|threshold=2|adx_max=none|adx_min=none|rsi2=none|trend=all|max_bars=24,long,138841,138842,138852,2024-09-30 15:15:00+00:00,2024-09-30 15:30:00+00:00,2024-09-30 18:00:00+00:00,5792.5,5780.0,-50.0,-53.0,-1.0,75.0,50.0,3.0,sl,10,2,1.25,-132.5,132.5,187.5,2024-09-30
futures,ES,reddit_orb_fade,reddit_orb_fade|ny|range=15|entry=150|rr=1.5|sl_atr=1|tp_atr=1.5|threshold=2|adx_max=none|adx_min=none|rsi2=none|trend=all|max_bars=24,long,139019,139020,139027,2024-10-02 13:45:00+00:00,2024-10-02 14:00:00+00:00,2024-10-02 15:45:00+00:00,5743.25,5772.125,115.5,112.5,1.40625,115.5,77.0,3.0,tp,7,5,1.25,703.125,500.0,721.875,2024-10-02
futures,NQ,reddit_orb_fade,reddit_orb_fade|ny|range=15|entry=150|rr=1.5|sl_atr=1|tp_atr=1.5|threshold=2|adx_max=none|adx_min=none|rsi2=none|trend=all|max_bars=24,long,138991,138992,138995,2024-10-02 13:45:00+00:00,2024-10-02 14:00:00+00:00,2024-10-02 14:45:00+00:00,19915.25,20037.875,490.5,487.5,1.4772727272727273,490.5,327.0,3.0,tp,3,6,0.5,1462.5,990.0,1471.5,2024-10-02
futures,ES,reddit_orb_retest,reddit_orb_retest|ny|range=15|entry=150|rr=1.5|sl_atr=1|tp_atr=1.5|threshold=2|adx_max=none|adx_min=none|rsi2=none|trend=all|max_bars=24,long,139021,139022,139044,2024-10-02 14:15:00+00:00,2024-10-02 14:30:00+00:00,2024-10-02 20:00:00+00:00,5756.0,5765.75,39.0,36.0,0.27906976744186046,189.0,126.0,3.0,session_close,22,2,1.25,90.0,322.5,472.5,2024-10-02
futures,ES,reddit_orb_fade,reddit_orb_fade|ny|range=15|entry=150|rr=1.5|sl_atr=1|tp_atr=1.5|threshold=2|adx_max=none|adx_min=none|rsi2=none|trend=all|max_bars=24,short,139111,139112,139112,2024-10-03 13:45:00+00:00,2024-10-03 14:00:00+00:00,2024-10-03 14:00:00+00:00,5750.0,5754.25,-17.0,-20.0,-1.0,25.5,17.0,3.0,sl,1,5,1.25,-125.0,125.0,159.375,2024-10-03
futures,ES,reddit_orb_breakout,reddit_orb_breakout|ny|range=15|entry=150|rr=1.5|sl_atr=1|tp_atr=1.5|threshold=2|adx_max=none|adx_min=none|rsi2=none|trend=ema|max_bars=24,short,139114,139115,139115,2024-10-03 14:30:00+00:00,2024-10-03 14:45:00+00:00,2024-10-03 14:45:00+00:00,5739.5,5753.0,-54.0,-57.0,-1.0,81.0,54.0,3.0,sl,1,6,1.25,-427.5,427.5,607.5,2024-10-03
futures,ES,reddit_orb_retest,reddit_orb_retest|ny|range=15|entry=150|rr=1.5|sl_atr=1|tp_atr=1.5|threshold=2|adx_max=none|adx_min=none|rsi2=none|trend=all|max_bars=24,short,139115,139116,139118,2024-10-03 14:45:00+00:00,2024-10-03 15:00:00+00:00,2024-10-03 15:30:00+00:00,5738.0,5756.75,-75.0,-78.0,-1.0,112.5,75.0,3.0,sl,2,2,1.25,-195.0,195.0,281.25,2024-10-03
futures,NQ,reddit_orb_fade,reddit_orb_fade|ny|range=15|entry=150|rr=1.5|sl_atr=1|tp_atr=1.5|threshold=2|adx_max=none|adx_min=none|rsi2=none|trend=all|max_bars=24,long,139267,139268,139268,2024-10-07 13:45:00+00:00,2024-10-07 14:00:00+00:00,2024-10-07 14:00:00+00:00,20110.5,20143.5,132.0,129.0,1.4175824175824177,132.0,88.0,3.0,tp,1,6,0.5,387.0,273.0,396.0,2024-10-07
futures,ES,reddit_orb_fade,reddit_orb_fade|ny|range=15|entry=150|rr=1.5|sl_atr=1|tp_atr=1.5|threshold=2|adx_max=none|adx_min=none|rsi2=none|trend=all|max_bars=24,short,139296,139297,139297,2024-10-07 14:00:00+00:00,2024-10-07 14:15:00+00:00,2024-10-07 14:15:00+00:00,5784.25,5786.25,-8.0,-11.0,-1.0,12.0,8.0,3.0,same_bar_sl,1,5,1.25,-68.75,68.75,75.0,2024-10-07
futures,NQ,reddit_orb_retest,reddit_orb_retest|ny|range=15|entry=150|rr=1.5|sl_atr=1|tp_atr=1.5|threshold=2|adx_max=none|adx_min=none|rsi2=none|trend=all|max_bars=24,long,139271,139272,139276,2024-10-07 14:45:00+00:00,2024-10-07 15:00:00+00:00,2024-10-07 16:00:00+00:00,20165.75,20107.75,-232.0,-235.0,-1.0,348.0,232.0,3.0,sl,4,8,0.5,-940.0,940.0,1392.0,2024-10-07
futures,ES,reddit_orb_retest,reddit_orb_retest|ny|range=15|entry=150|rr=1.5|sl_atr=1|tp_atr=1.5|threshold=2|adx_max=none|adx_min=none|rsi2=none|trend=all|max_bars=24,long,139389,139390,139407,2024-10-08 14:15:00+00:00,2024-10-08 14:30:00+00:00,2024-10-08 18:45:00+00:00,5777.5,5798.125,82.5,79.5,1.3706896551724137,82.5,55.0,3.0,tp,17,2,1.25,198.75,145.0,206.25,2024-10-08
futures,ES,reddit_orb_breakout,reddit_orb_breakout|ny|range=15|entry=150|rr=1.5|sl_atr=1|tp_atr=1.5|threshold=2|adx_max=none|adx_min=none|rsi2=none|trend=ema|max_bars=24,long,139393,139394,139412,2024-10-08 15:15:00+00:00,2024-10-08 15:30:00+00:00,2024-10-08 20:00:00+00:00,5788.0,5800.0,48.0,45.0,0.45,145.5,97.0,3.0,session_close,18,6,1.25,337.5,750.0,1091.25,2024-10-08
futures,ES,reddit_orb_breakout,reddit_orb_breakout|ny|range=15|entry=150|rr=1.5|sl_atr=1|tp_atr=1.5|threshold=2|adx_max=none|adx_min=none|rsi2=none|trend=ema|max_bars=24,long,139480,139481,139485,2024-10-09 14:00:00+00:00,2024-10-09 14:15:00+00:00,2024-10-09 15:15:00+00:00,5806.75,5826.25,78.0,75.0,1.3636363636363635,78.0,52.0,3.0,tp,4,6,1.25,562.5,412.5,585.0,2024-10-09
futures,ES,reddit_orb_retest,reddit_orb_retest|ny|range=15|entry=150|rr=1.5|sl_atr=1|tp_atr=1.5|threshold=2|adx_max=none|adx_min=none|rsi2=none|trend=all|max_bars=24,long,139481,139482,139486,2024-10-09 14:15:00+00:00,2024-10-09 14:30:00+00:00,2024-10-09 15:30:00+00:00,5810.0,5834.375,97.5,94.5,1.3897058823529411,97.5,65.0,3.0,tp,4,2,1.25,236.25,170.0,243.75,2024-10-09
futures,ES,reddit_orb_fade,reddit_orb_fade|ny|range=15|entry=150|rr=1.5|sl_atr=1|tp_atr=1.5|threshold=2|adx_max=none|adx_min=none|rsi2=none|trend=all|max_bars=24,short,139571,139572,139572,2024-10-10 13:45:00+00:00,2024-10-10 14:00:00+00:00,2024-10-10 14:00:00+00:00,5821.25,5830.5,-37.0,-40.0,-1.0,55.5,37.0,3.0,sl,1,5,1.25,-250.0,250.0,346.875,2024-10-10
futures,NQ,reddit_orb_fade,reddit_orb_fade|ny|range=15|entry=150|rr=1.5|sl_atr=1|tp_atr=1.5|threshold=2|adx_max=none|adx_min=none|rsi2=none|trend=all|max_bars=24,long,139543,139544,139550,2024-10-10 13:45:00+00:00,2024-10-10 14:00:00+00:00,2024-10-10 15:30:00+00:00,20357.5,20441.5,336.0,333.0,1.4669603524229076,336.0,224.0,3.0,tp,6,6,0.5,999.0,681.0,1008.0,2024-10-10
futures,ES,reddit_orb_breakout,reddit_orb_breakout|ny|range=15|entry=150|rr=1.5|sl_atr=1|tp_atr=1.5|threshold=2|adx_max=none|adx_min=none|rsi2=none|trend=ema|max_bars=24,long,139572,139573,139587,2024-10-10 14:00:00+00:00,2024-10-10 14:15:00+00:00,2024-10-10 17:45:00+00:00,5829.0,5816.75,-49.0,-52.0,-1.0,73.5,49.0,3.0,sl,14,6,1.25,-390.0,390.0,551.25,2024-10-10
futures,NQ,reddit_orb_retest,reddit_orb_retest|ny|range=15|entry=150|rr=1.5|sl_atr=1|tp_atr=1.5|threshold=2|adx_max=none|adx_min=none|rsi2=none|trend=all|max_bars=24,long,139545,139546,139552,2024-10-10 14:15:00+00:00,2024-10-10 14:30:00+00:00,2024-10-10 16:00:00+00:00,20403.0,20496.75,375.0,372.0,1.4703557312252964,375.0,250.0,3.0,tp,6,8,0.5,1488.0,1012.0,1500.0,2024-10-10
futures,ES,reddit_orb_retest,reddit_orb_retest|ny|range=15|entry=150|rr=1.5|sl_atr=1|tp_atr=1.5|threshold=2|adx_max=none|adx_min=none|rsi2=none|trend=all|max_bars=24,long,139576,139577,139587,2024-10-10 15:00:00+00:00,2024-10-10 15:15:00+00:00,2024-10-10 17:45:00+00:00,5830.75,5816.75,-56.0,-59.0,-1.0,84.0,56.0,3.0,sl,10,2,1.25,-147.5,147.5,210.0,2024-10-10
futures,ES,reddit_orb_breakout,reddit_orb_breakout|ny|range=15|entry=150|rr=1.5|sl_atr=1|tp_atr=1.5|threshold=2|adx_max=none|adx_min=none|rsi2=none|trend=ema|max_bars=24,long,139663,139664,139665,2024-10-11 13:45:00+00:00,2024-10-11 14:00:00+00:00,2024-10-11 14:15:00+00:00,5838.25,5860.75,90.0,87.0,1.380952380952381,90.0,60.0,3.0,tp,1,6,1.25,652.5,472.5,675.0,2024-10-11
futures,NQ,reddit_orb_breakout,reddit_orb_breakout|ny|range=15|entry=150|rr=1|sl_atr=1|tp_atr=1.5|threshold=2|adx_max=none|adx_min=none|rsi2=none|trend=ema|max_bars=24,long,139635,139636,139636,2024-10-11 13:45:00+00:00,2024-10-11 14:00:00+00:00,2024-10-11 14:00:00+00:00,20358.5,20402.25,175.0,172.0,0.9662921348314607,175.0,175.0,3.0,tp,1,12,0.5,1032.0,1068.0,1050.0,2024-10-11
futures,ES,reddit_orb_retest,reddit_orb_retest|ny|range=15|entry=150|rr=1.5|sl_atr=1|tp_atr=1.5|threshold=2|adx_max=none|adx_min=none|rsi2=none|trend=all|max_bars=24,long,139664,139665,139688,2024-10-11 14:00:00+00:00,2024-10-11 14:15:00+00:00,2024-10-11 20:00:00+00:00,5855.0,5855.75,3.0,0.0,0.0,190.5,127.0,3.0,session_close,23,2,1.25,0.0,325.0,476.25,2024-10-11
futures,ES,reddit_orb_retest,reddit_orb_retest|ny|range=15|entry=150|rr=1.5|sl_atr=1|tp_atr=1.5|threshold=2|adx_max=none|adx_min=none|rsi2=none|trend=all|max_bars=24,short,139848,139849,139850,2024-10-15 14:00:00+00:00,2024-10-15 14:15:00+00:00,2024-10-15 14:30:00+00:00,5903.75,5888.375,61.5,58.5,1.3295454545454546,61.5,41.0,3.0,tp,1,2,1.25,146.25,110.0,153.75,2024-10-15
futures,ES,reddit_orb_fade,reddit_orb_fade|ny|range=15|entry=150|rr=1.5|sl_atr=1|tp_atr=1.5|threshold=2|adx_max=none|adx_min=none|rsi2=none|trend=all|max_bars=24,long,139939,139940,139940,2024-10-16 13:45:00+00:00,2024-10-16 14:00:00+00:00,2024-10-16 14:00:00+00:00,5855.25,5858.25,12.0,9.0,0.8181818181818182,12.0,8.0,3.0,tp,1,5,1.25,56.25,68.75,75.0,2024-10-16
futures,ES,reddit_orb_retest,reddit_orb_retest|ny|range=15|entry=150|rr=1.5|sl_atr=1|tp_atr=1.5|threshold=2|adx_max=none|adx_min=none|rsi2=none|trend=all|max_bars=24,long,139943,139944,139956,2024-10-16 14:45:00+00:00,2024-10-16 15:00:00+00:00,2024-10-16 18:00:00+00:00,5865.0,5882.25,69.0,66.0,1.346938775510204,69.0,46.0,3.0,tp,12,2,1.25,165.0,122.5,172.5,2024-10-16
futures,NQ,reddit_orb_fade,reddit_orb_fade|ny|range=15|entry=150|rr=1.5|sl_atr=1|tp_atr=1.5|threshold=2|adx_max=none|adx_min=none|rsi2=none|trend=all|max_bars=24,short,140095,140096,140096,2024-10-18 13:45:00+00:00,2024-10-18 14:00:00+00:00,2024-10-18 14:00:00+00:00,20475.75,20510.75,-140.0,-143.0,-1.0,210.0,140.0,3.0,sl,1,6,0.5,-429.0,429.0,630.0,2024-10-18
futures,ES,reddit_orb_fade,reddit_orb_fade|ny|range=15|entry=150|rr=1.5|sl_atr=1|tp_atr=1.5|threshold=2|adx_max=none|adx_min=none|rsi2=none|trend=all|max_bars=24,short,140215,140216,140216,2024-10-21 13:45:00+00:00,2024-10-21 14:00:00+00:00,2024-10-21 14:00:00+00:00,5900.5,5904.75,-17.0,-20.0,-1.0,25.5,17.0,3.0,sl,1,5,1.25,-125.0,125.0,159.375,2024-10-21
futures,ES,reddit_orb_breakout,reddit_orb_breakout|ny|range=15|entry=150|rr=1.5|sl_atr=1|tp_atr=1.5|threshold=2|adx_max=none|adx_min=none|rsi2=none|trend=ema|max_bars=24,long,140216,140217,140218,2024-10-21 14:00:00+00:00,2024-10-21 14:15:00+00:00,2024-10-21 14:30:00+00:00,5906.25,5897.5,-35.0,-38.0,-1.0,52.5,35.0,3.0,sl,1,6,1.25,-285.0,285.0,393.75,2024-10-21
futures,NQ,reddit_orb_fade,reddit_orb_fade|ny|range=15|entry=150|rr=1.5|sl_atr=1|tp_atr=1.5|threshold=2|adx_max=none|adx_min=none|rsi2=none|trend=all|max_bars=24,short,140190,140191,140211,2024-10-21 14:30:00+00:00,2024-10-21 14:45:00+00:00,2024-10-21 19:45:00+00:00,20435.0,20512.75,-311.0,-314.0,-1.0,466.5,311.0,3.0,sl,20,6,0.5,-942.0,942.0,1399.5,2024-10-21
futures,ES,reddit_orb_fade,reddit_orb_fade|ny|range=15|entry=150|rr=1.5|sl_atr=1|tp_atr=1.5|threshold=2|adx_max=none|adx_min=none|rsi2=none|trend=all|max_bars=24,short,140307,140308,140308,2024-10-22 13:45:00+00:00,2024-10-22 14:00:00+00:00,2024-10-22 14:00:00+00:00,5871.5,5873.5,-8.0,-11.0,-1.0,12.0,8.0,3.0,same_bar_sl,1,5,1.25,-68.75,68.75,75.0,2024-10-22
futures,ES,reddit_orb_retest,reddit_orb_retest|ny|range=15|entry=150|rr=1.5|sl_atr=1|tp_atr=1.5|threshold=2|adx_max=none|adx_min=none|rsi2=none|trend=all|max_bars=24,long,140309,140310,140322,2024-10-22 14:15:00+00:00,2024-10-22 14:30:00+00:00,2024-10-22 17:30:00+00:00,5872.5,5887.875,61.5,58.5,1.3295454545454546,61.5,41.0,3.0,tp,12,2,1.25,146.25,110.0,153.75,2024-10-22
futures,NQ,reddit_orb_fade,reddit_orb_fade|ny|range=15|entry=150|rr=1.5|sl_atr=1|tp_atr=1.5|threshold=2|adx_max=none|adx_min=none|rsi2=none|trend=all|max_bars=24,short,140289,140290,140291,2024-10-22 16:15:00+00:00,2024-10-22 16:30:00+00:00,2024-10-22 16:45:00+00:00,20437.5,20472.5,-140.0,-143.0,-1.0,210.0,140.0,3.0,sl,1,6,0.5,-429.0,429.0,630.0,2024-10-22
futures,ES,reddit_orb_breakout,reddit_orb_breakout|ny|range=15|entry=150|rr=1.5|sl_atr=1|tp_atr=1.5|threshold=2|adx_max=none|adx_min=none|rsi2=none|trend=ema|max_bars=24,short,140400,140401,140404,2024-10-23 14:00:00+00:00,2024-10-23 14:15:00+00:00,2024-10-23 15:00:00+00:00,5865.25,5851.0,57.0,54.0,1.3170731707317074,57.0,38.0,3.0,tp,3,6,1.25,405.0,307.5,427.5,2024-10-23
futures,NQ,reddit_orb_fade,reddit_orb_fade|ny|range=15|entry=150|rr=1.5|sl_atr=1|tp_atr=1.5|threshold=2|adx_max=none|adx_min=none|rsi2=none|trend=all|max_bars=24,long,140373,140374,140376,2024-10-23 14:15:00+00:00,2024-10-23 14:30:00+00:00,2024-10-23 15:00:00+00:00,20418.5,20364.0,-218.0,-221.0,-1.0,327.0,218.0,3.0,sl,2,6,0.5,-663.0,663.0,981.0,2024-10-23
futures,ES,reddit_orb_fade,reddit_orb_fade|ny|range=15|entry=150|rr=1.5|sl_atr=1|tp_atr=1.5|threshold=2|adx_max=none|adx_min=none|rsi2=none|trend=all|max_bars=24,long,140402,140403,140403,2024-10-23 14:30:00+00:00,2024-10-23 14:45:00+00:00,2024-10-23 14:45:00+00:00,5871.0,5864.75,-25.0,-28.0,-1.0,37.5,25.0,3.0,sl,1,5,1.25,-175.0,175.0,234.375,2024-10-23
futures,ES,reddit_orb_retest,reddit_orb_retest|ny|range=15|entry=150|rr=1.5|sl_atr=1|tp_atr=1.5|threshold=2|adx_max=none|adx_min=none|rsi2=none|trend=all|max_bars=24,short,140403,140404,140409,2024-10-23 14:45:00+00:00,2024-10-23 15:00:00+00:00,2024-10-23 16:15:00+00:00,5862.5,5844.125,73.5,70.5,1.3557692307692308,73.5,49.0,3.0,tp,5,2,1.25,176.25,130.0,183.75,2024-10-23
futures,NQ,reddit_orb_retest,reddit_orb_retest|ny|range=15|entry=150|rr=1.5|sl_atr=1|tp_atr=1.5|threshold=2|adx_max=none|adx_min=none|rsi2=none|trend=all|max_bars=24,short,140375,140376,140380,2024-10-23 14:45:00+00:00,2024-10-23 15:00:00+00:00,2024-10-23 16:00:00+00:00,20392.5,20287.125,421.5,418.5,1.4735915492957747,421.5,281.0,3.0,tp,4,8,0.5,1674.0,1136.0,1686.0,2024-10-23
futures,ES,reddit_orb_fade,reddit_orb_fade|ny|range=15|entry=150|rr=1.5|sl_atr=1|tp_atr=1.5|threshold=2|adx_max=none|adx_min=none|rsi2=none|trend=all|max_bars=24,long,140491,140492,140495,2024-10-24 13:45:00+00:00,2024-10-24 14:00:00+00:00,2024-10-24 14:45:00+00:00,5850.75,5842.75,-32.0,-35.0,-1.0,48.0,32.0,3.0,sl,3,5,1.25,-218.75,218.75,300.0,2024-10-24
futures,NQ,reddit_orb_fade,reddit_orb_fade|ny|range=15|entry=150|rr=1.5|sl_atr=1|tp_atr=1.5|threshold=2|adx_max=none|adx_min=none|rsi2=none|trend=all|max_bars=24,long,140463,140464,140471,2024-10-24 13:45:00+00:00,2024-10-24 14:00:00+00:00,2024-10-24 15:45:00+00:00,20337.5,20296.25,-165.0,-168.0,-1.0,247.5,165.0,3.0,sl,7,6,0.5,-504.0,504.0,742.5,2024-10-24
futures,ES,reddit_orb_breakout,reddit_orb_breakout|ny|range=15|entry=150|rr=1.5|sl_atr=1|tp_atr=1.5|threshold=2|adx_max=none|adx_min=none|rsi2=none|trend=ema|max_bars=24,short,140495,140496,140500,2024-10-24 14:45:00+00:00,2024-10-24 15:00:00+00:00,2024-10-24 16:00:00+00:00,5845.0,5825.875,76.5,73.5,1.3611111111111112,76.5,51.0,3.0,tp,4,6,1.25,551.25,405.0,573.75,2024-10-24
futures,ES,reddit_orb_retest,reddit_orb_retest|ny|range=15|entry=150|rr=1.5|sl_atr=1|tp_atr=1.5|threshold=2|adx_max=none|adx_min=none|rsi2=none|trend=all|max_bars=24,short,140497,140498,140516,2024-10-24 15:15:00+00:00,2024-10-24 15:30:00+00:00,2024-10-24 20:00:00+00:00,5843.5,5855.25,-47.0,-50.0,-0.8333333333333334,85.5,57.0,3.0,session_close,18,2,1.25,-125.0,150.0,213.75,2024-10-24
futures,ES,reddit_orb_breakout,reddit_orb_breakout|ny|range=15|entry=150|rr=1.5|sl_atr=1|tp_atr=1.5|threshold=2|adx_max=none|adx_min=none|rsi2=none|trend=ema|max_bars=24,long,140583,140584,140596,2024-10-25 13:45:00+00:00,2024-10-25 14:00:00+00:00,2024-10-25 17:00:00+00:00,5888.75,5870.0,-75.0,-78.0,-1.0,112.5,75.0,3.0,sl,12,6,1.25,-585.0,585.0,843.75,2024-10-25
futures,ES,reddit_orb_fade,reddit_orb_fade|ny|range=15|entry=150|rr=1.5|sl_atr=1|tp_atr=1.5|threshold=2|adx_max=none|adx_min=none|rsi2=none|trend=all|max_bars=24,short,140589,140590,140596,2024-10-25 15:15:00+00:00,2024-10-25 15:30:00+00:00,2024-10-25 17:00:00+00:00,5880.5,5867.375,52.5,49.5,1.3026315789473684,52.5,35.0,3.0,tp,6,5,1.25,309.375,237.5,328.125,2024-10-25
futures,ES,reddit_orb_fade,reddit_orb_fade|ny|range=15|entry=150|rr=1.5|sl_atr=1|tp_atr=1.5|threshold=2|adx_max=none|adx_min=none|rsi2=none|trend=all|max_bars=24,long,140676,140677,140682,2024-10-28 14:00:00+00:00,2024-10-28 14:15:00+00:00,2024-10-28 15:30:00+00:00,5873.25,5866.5,-27.0,-30.0,-1.0,40.5,27.0,3.0,sl,5,5,1.25,-187.5,187.5,253.125,2024-10-28
futures,NQ,reddit_orb_fade,reddit_orb_fade|ny|range=15|entry=150|rr=1.5|sl_atr=1|tp_atr=1.5|threshold=2|adx_max=none|adx_min=none|rsi2=none|trend=all|max_bars=24,long,140648,140649,140652,2024-10-28 14:00:00+00:00,2024-10-28 14:15:00+00:00,2024-10-28 15:00:00+00:00,20583.75,20552.5,-125.0,-128.0,-1.0,187.5,125.0,3.0,sl,3,6,0.5,-384.0,384.0,562.5,2024-10-28
futures,ES,reddit_orb_retest,reddit_orb_retest|ny|range=15|entry=150|rr=1.5|sl_atr=1|tp_atr=1.5|threshold=2|adx_max=none|adx_min=none|rsi2=none|trend=all|max_bars=24,short,140682,140683,140700,2024-10-28 15:30:00+00:00,2024-10-28 15:45:00+00:00,2024-10-28 20:00:00+00:00,5863.75,5862.5,5.0,2.0,0.028169014084507043,102.0,68.0,3.0,session_close,17,2,1.25,5.0,177.5,255.0,2024-10-28
futures,ES,reddit_orb_fade,reddit_orb_fade|ny|range=15|entry=150|rr=1.5|sl_atr=1|tp_atr=1.5|threshold=2|adx_max=none|adx_min=none|rsi2=none|trend=all|max_bars=24,short,140767,140768,140768,2024-10-29 13:45:00+00:00,2024-10-29 14:00:00+00:00,2024-10-29 14:00:00+00:00,5852.75,5854.25,-6.0,-9.0,-1.0,9.0,6.0,3.0,same_bar_sl,1,5,1.25,-56.25,56.25,56.25,2024-10-29
futures,ES,reddit_orb_breakout,reddit_orb_breakout|ny|range=15|entry=150|rr=1.5|sl_atr=1|tp_atr=1.5|threshold=2|adx_max=none|adx_min=none|rsi2=none|trend=ema|max_bars=24,short,140951,140952,140956,2024-10-31 13:45:00+00:00,2024-10-31 14:00:00+00:00,2024-10-31 15:00:00+00:00,5788.0,5759.125,115.5,112.5,1.40625,115.5,77.0,3.0,tp,4,6,1.25,843.75,600.0,866.25,2024-10-31
futures,ES,reddit_orb_fade,reddit_orb_fade|ny|range=15|entry=150|rr=1.5|sl_atr=1|tp_atr=1.5|threshold=2|adx_max=none|adx_min=none|rsi2=none|trend=all|max_bars=24,short,141136,141137,141137,2024-11-04 15:00:00+00:00,2024-11-04 15:15:00+00:00,2024-11-04 15:15:00+00:00,5760.0,5765.75,-23.0,-26.0,-1.0,34.5,23.0,3.0,sl,1,5,1.25,-162.5,162.5,215.625,2024-11-04
futures,ES,reddit_orb_retest,reddit_orb_retest|ny|range=15|entry=150|rr=1.5|sl_atr=1|tp_atr=1.5|threshold=2|adx_max=none|adx_min=none|rsi2=none|trend=all|max_bars=24,long,141138,141139,141142,2024-11-04 15:30:00+00:00,2024-11-04 15:45:00+00:00,2024-11-04 16:30:00+00:00,5765.75,5738.5,-109.0,-112.0,-1.0,163.5,109.0,3.0,sl,3,2,1.25,-280.0,280.0,408.75,2024-11-04
futures,ES,reddit_orb_breakout,reddit_orb_breakout|ny|range=15|entry=150|rr=1.5|sl_atr=1|tp_atr=1.5|threshold=2|adx_max=none|adx_min=none|rsi2=none|trend=ema|max_bars=24,short,141143,141144,141160,2024-11-04 16:45:00+00:00,2024-11-04 17:00:00+00:00,2024-11-04 21:00:00+00:00,5734.25,5747.0,-51.0,-54.0,-0.48214285714285715,163.5,109.0,3.0,session_close,16,6,1.25,-405.0,840.0,1226.25,2024-11-04
futures,NQ,reddit_orb_fade,reddit_orb_fade|ny|range=15|entry=150|rr=1.5|sl_atr=1|tp_atr=1.5|threshold=2|adx_max=none|adx_min=none|rsi2=none|trend=all|max_bars=24,long,141291,141292,141292,2024-11-06 14:45:00+00:00,2024-11-06 15:00:00+00:00,2024-11-06 15:00:00+00:00,20675.5,20722.75,189.0,186.0,1.441860465116279,189.0,126.0,3.0,tp,1,6,0.5,558.0,387.0,567.0,2024-11-06
futures,ES,reddit_orb_retest,reddit_orb_retest|ny|range=15|entry=150|rr=1.5|sl_atr=1|tp_atr=1.5|threshold=2|adx_max=none|adx_min=none|rsi2=none|trend=all|max_bars=24,short,141320,141321,141331,2024-11-06 15:00:00+00:00,2024-11-06 15:15:00+00:00,2024-11-06 17:45:00+00:00,5921.5,5941.25,-79.0,-82.0,-1.0,118.5,79.0,3.0,sl,10,2,1.25,-205.0,205.0,296.25,2024-11-06
futures,ES,reddit_orb_fade,reddit_orb_fade|ny|range=15|entry=150|rr=1.5|sl_atr=1|tp_atr=1.5|threshold=2|adx_max=none|adx_min=none|rsi2=none|trend=all|max_bars=24,long,141321,141322,141322,2024-11-06 15:15:00+00:00,2024-11-06 15:30:00+00:00,2024-11-06 15:30:00+00:00,5935.5,5919.0,-66.0,-69.0,-1.0,99.0,66.0,3.0,sl,1,5,1.25,-431.25,431.25,618.75,2024-11-06
futures,ES,reddit_orb_breakout,reddit_orb_breakout|ny|range=15|entry=150|rr=1.5|sl_atr=1|tp_atr=1.5|threshold=2|adx_max=none|adx_min=none|rsi2=none|trend=ema|max_bars=24,long,141411,141412,141422,2024-11-07 14:45:00+00:00,2024-11-07 15:00:00+00:00,2024-11-07 17:30:00+00:00,5986.0,6001.0,60.0,57.0,1.3255813953488371,60.0,40.0,3.0,tp,10,6,1.25,427.5,322.5,450.0,2024-11-07
futures,ES,reddit_orb_retest,reddit_orb_retest|ny|range=15|entry=150|rr=1.5|sl_atr=1|tp_atr=1.5|threshold=2|adx_max=none|adx_min=none|rsi2=none|trend=all|max_bars=24,long,141412,141413,141431,2024-11-07 15:00:00+00:00,2024-11-07 15:15:00+00:00,2024-11-07 19:45:00+00:00,5988.0,6006.0,72.0,69.0,1.3529411764705883,72.0,48.0,3.0,tp,18,2,1.25,172.5,127.5,180.0,2024-11-07
futures,ES,reddit_orb_breakout,reddit_orb_breakout|ny|range=15|entry=150|rr=1.5|sl_atr=1|tp_atr=1.5|threshold=2|adx_max=none|adx_min=none|rsi2=none|trend=ema|max_bars=24,long,141503,141504,141518,2024-11-08 14:45:00+00:00,2024-11-08 15:00:00+00:00,2024-11-08 18:30:00+00:00,6014.5,6029.125,58.5,55.5,1.3214285714285714,58.5,39.0,3.0,tp,14,6,1.25,416.25,315.0,438.75,2024-11-08
futures,NQ,reddit_orb_fade,reddit_orb_fade|ny|range=15|entry=150|rr=1.5|sl_atr=1|tp_atr=1.5|threshold=2|adx_max=none|adx_min=none|rsi2=none|trend=all|max_bars=24,long,141475,141476,141476,2024-11-08 14:45:00+00:00,2024-11-08 15:00:00+00:00,2024-11-08 15:00:00+00:00,21207.0,21176.25,-123.0,-126.0,-1.0,184.5,123.0,3.0,sl,1,6,0.5,-378.0,378.0,553.5,2024-11-08
futures,ES,reddit_orb_fade,reddit_orb_fade|ny|range=15|entry=150|rr=1.5|sl_atr=1|tp_atr=1.5|threshold=2|adx_max=none|adx_min=none|rsi2=none|trend=all|max_bars=24,short,141504,141505,141505,2024-11-08 15:00:00+00:00,2024-11-08 15:15:00+00:00,2024-11-08 15:15:00+00:00,6009.75,6018.25,-34.0,-37.0,-1.0,51.0,34.0,3.0,sl,1,5,1.25,-231.25,231.25,318.75,2024-11-08
futures,ES,reddit_orb_retest,reddit_orb_retest|ny|range=15|entry=150|rr=1.5|sl_atr=1|tp_atr=1.5|threshold=2|adx_max=none|adx_min=none|rsi2=none|trend=all|max_bars=24,long,141505,141506,141518,2024-11-08 15:15:00+00:00,2024-11-08 15:30:00+00:00,2024-11-08 18:30:00+00:00,6016.0,6032.875,67.5,64.5,1.34375,67.5,45.0,3.0,tp,12,2,1.25,161.25,120.0,168.75,2024-11-08
futures,NQ,reddit_orb_retest,reddit_orb_retest|ny|range=15|entry=150|rr=1.5|sl_atr=1|tp_atr=1.5|threshold=2|adx_max=none|adx_min=none|rsi2=none|trend=all|max_bars=24,short,141478,141479,141483,2024-11-08 15:30:00+00:00,2024-11-08 15:45:00+00:00,2024-11-08 16:45:00+00:00,21181.0,21232.25,-205.0,-208.0,-1.0,307.5,205.0,3.0,sl,4,8,0.5,-832.0,832.0,1230.0,2024-11-08
futures,ES,reddit_orb_retest,reddit_orb_retest|ny|range=15|entry=150|rr=1.5|sl_atr=1|tp_atr=1.5|threshold=2|adx_max=none|adx_min=none|rsi2=none|trend=all|max_bars=24,short,141598,141599,141608,2024-11-11 15:30:00+00:00,2024-11-11 15:45:00+00:00,2024-11-11 18:00:00+00:00,6035.5,6020.875,58.5,55.5,1.3214285714285714,58.5,39.0,3.0,tp,9,2,1.25,138.75,105.0,146.25,2024-11-11
futures,ES,reddit_orb_fade,reddit_orb_fade|ny|range=15|entry=150|rr=1.5|sl_atr=1|tp_atr=1.5|threshold=2|adx_max=none|adx_min=none|rsi2=none|trend=all|max_bars=24,long,141599,141600,141601,2024-11-11 15:45:00+00:00,2024-11-11 16:00:00+00:00,2024-11-11 16:15:00+00:00,6040.5,6034.5,-24.0,-27.0,-1.0,36.0,24.0,3.0,sl,1,5,1.25,-168.75,168.75,225.0,2024-11-11
futures,NQ,reddit_orb_fade,reddit_orb_fade|ny|range=15|entry=150|rr=1.5|sl_atr=1|tp_atr=1.5|threshold=2|adx_max=none|adx_min=none|rsi2=none|trend=all|max_bars=24,short,141659,141660,141660,2024-11-12 14:45:00+00:00,2024-11-12 15:00:00+00:00,2024-11-12 15:00:00+00:00,21234.75,21209.25,102.0,99.0,1.3943661971830985,102.0,68.0,3.0,tp,1,6,0.5,297.0,213.0,306.0,2024-11-12
futures,ES,reddit_orb_retest,reddit_orb_retest|ny|range=15|entry=150|rr=1.5|sl_atr=1|tp_atr=1.5|threshold=2|adx_max=none|adx_min=none|rsi2=none|trend=all|max_bars=24,short,141690,141691,141699,2024-11-12 15:30:00+00:00,2024-11-12 15:45:00+00:00,2024-11-12 17:45:00+00:00,6019.0,5992.75,105.0,102.0,1.3972602739726028,105.0,70.0,3.0,tp,8,2,1.25,255.0,182.5,262.5,2024-11-12
futures,NQ,reddit_orb_retest,reddit_orb_retest|ny|range=15|entry=150|rr=1.5|sl_atr=1|tp_atr=1.5|threshold=2|adx_max=none|adx_min=none|rsi2=none|trend=all|max_bars=24,short,141665,141666,141671,2024-11-12 16:15:00+00:00,2024-11-12 16:30:00+00:00,2024-11-12 17:45:00+00:00,21181.25,21090.875,361.5,358.5,1.4692622950819672,361.5,241.0,3.0,tp,5,8,0.5,1434.0,976.0,1446.0,2024-11-12
futures,ES,reddit_orb_fade,reddit_orb_fade|ny|range=15|entry=150|rr=1.5|sl_atr=1|tp_atr=1.5|threshold=2|adx_max=none|adx_min=none|rsi2=none|trend=all|max_bars=24,long,141779,141780,141780,2024-11-13 14:45:00+00:00,2024-11-13 15:00:00+00:00,2024-11-13 15:00:00+00:00,6013.25,6005.5,-31.0,-34.0,-1.0,46.5,31.0,3.0,sl,1,5,1.25,-212.5,212.5,290.625,2024-11-13
futures,NQ,reddit_orb_fade,reddit_orb_fade|ny|range=15|entry=150|rr=1.5|sl_atr=1|tp_atr=1.5|threshold=2|adx_max=none|adx_min=none|rsi2=none|trend=all|max_bars=24,long,141751,141752,141752,2024-11-13 14:45:00+00:00,2024-11-13 15:00:00+00:00,2024-11-13 15:00:00+00:00,21140.75,21121.5,-77.0,-80.0,-1.0,115.5,77.0,3.0,sl,1,6,0.5,-240.0,240.0,346.5,2024-11-13
futures,ES,reddit_orb_breakout,reddit_orb_breakout|ny|range=15|entry=150|rr=1.5|sl_atr=1|tp_atr=1.5|threshold=2|adx_max=none|adx_min=none|rsi2=none|trend=ema|max_bars=24,short,141780,141781,141785,2024-11-13 15:00:00+00:00,2024-11-13 15:15:00+00:00,2024-11-13 16:15:00+00:00,6003.25,6019.75,-66.0,-69.0,-1.0,99.0,66.0,3.0,sl,4,6,1.25,-517.5,517.5,742.5,2024-11-13
futures,ES,reddit_orb_retest,reddit_orb_retest|ny|range=15|entry=150|rr=1.5|sl_atr=1|tp_atr=1.5|threshold=2|adx_max=none|adx_min=none|rsi2=none|trend=all|max_bars=24,short,141782,141783,141785,2024-11-13 15:30:00+00:00,2024-11-13 15:45:00+00:00,2024-11-13 16:15:00+00:00,6011.5,6019.75,-33.0,-36.0,-1.0,49.5,33.0,3.0,sl,2,2,1.25,-90.0,90.0,123.75,2024-11-13
futures,NQ,reddit_orb_retest,reddit_orb_retest|ny|range=15|entry=150|rr=1.5|sl_atr=1|tp_atr=1.5|threshold=2|adx_max=none|adx_min=none|rsi2=none|trend=all|max_bars=24,short,141754,141755,141760,2024-11-13 15:30:00+00:00,2024-11-13 15:45:00+00:00,2024-11-13 17:00:00+00:00,21123.75,21184.5,-243.0,-246.0,-1.0,364.5,243.0,3.0,sl,5,8,0.5,-984.0,984.0,1458.0,2024-11-13
futures,ES,reddit_orb_fade,reddit_orb_fade|ny|range=15|entry=150|rr=1.5|sl_atr=1|tp_atr=1.5|threshold=2|adx_max=none|adx_min=none|rsi2=none|trend=all|max_bars=24,long,141871,141872,141873,2024-11-14 14:45:00+00:00,2024-11-14 15:00:00+00:00,2024-11-14 15:15:00+00:00,6005.5,5999.5,-24.0,-27.0,-1.0,36.0,24.0,3.0,sl,1,5,1.25,-168.75,168.75,225.0,2024-11-14
futures,ES,reddit_orb_breakout,reddit_orb_breakout|ny|range=15|entry=150|rr=1.5|sl_atr=1|tp_atr=1.5|threshold=2|adx_max=none|adx_min=none|rsi2=none|trend=ema|max_bars=24,short,141879,141880,141896,2024-11-14 16:45:00+00:00,2024-11-14 17:00:00+00:00,2024-11-14 21:00:00+00:00,5998.5,5964.75,135.0,132.0,1.4505494505494505,132.0,88.0,3.0,session_close,16,6,1.25,990.0,682.5,990.0,2024-11-14
futures,ES,reddit_orb_retest,reddit_orb_retest|ny|range=15|entry=150|rr=1.5|sl_atr=1|tp_atr=1.5|threshold=2|adx_max=none|adx_min=none|rsi2=none|trend=all|max_bars=24,short,141880,141881,141896,2024-11-14 17:00:00+00:00,2024-11-14 17:15:00+00:00,2024-11-14 21:00:00+00:00,5993.25,5964.75,114.0,111.0,0.9910714285714286,163.5,109.0,3.0,session_close,15,2,1.25,277.5,280.0,408.75,2024-11-14
futures,ES,reddit_orb_breakout,reddit_orb_breakout|ny|range=15|entry=150|rr=1.5|sl_atr=1|tp_atr=1.5|threshold=2|adx_max=none|adx_min=none|rsi2=none|trend=ema|max_bars=24,short,141963,141964,141966,2024-11-15 14:45:00+00:00,2024-11-15 15:00:00+00:00,2024-11-15 15:30:00+00:00,5926.5,5903.625,91.5,88.5,1.3828125,91.5,61.0,3.0,tp,2,6,1.25,663.75,480.0,686.25,2024-11-15
futures,NQ,reddit_orb_fade,reddit_orb_fade|ny|range=15|entry=150|rr=1.5|sl_atr=1|tp_atr=1.5|threshold=2|adx_max=none|adx_min=none|rsi2=none|trend=all|max_bars=24,long,141935,141936,141936,2024-11-15 14:45:00+00:00,2024-11-15 15:00:00+00:00,2024-11-15 15:00:00+00:00,20690.25,20679.0,-45.0,-48.0,-1.0,67.5,45.0,3.0,sl,1,6,0.5,-144.0,144.0,202.5,2024-11-15
futures,NQ,reddit_orb_fade,reddit_orb_fade|ny|range=15|entry=150|rr=1.5|sl_atr=1|tp_atr=1.5|threshold=2|adx_max=none|adx_min=none|rsi2=none|trend=all|max_bars=24,long,142027,142028,142028,2024-11-18 14:45:00+00:00,2024-11-18 15:00:00+00:00,2024-11-18 15:00:00+00:00,20531.0,20576.0,180.0,177.0,1.4390243902439024,180.0,120.0,3.0,tp,1,6,0.5,531.0,369.0,540.0,2024-11-18
futures,ES,reddit_orb_fade,reddit_orb_fade|ny|range=15|entry=150|rr=1.5|sl_atr=1|tp_atr=1.5|threshold=2|adx_max=none|adx_min=none|rsi2=none|trend=all|max_bars=24,long,142147,142148,142150,2024-11-19 14:45:00+00:00,2024-11-19 15:00:00+00:00,2024-11-19 15:30:00+00:00,5888.5,5906.875,73.5,70.5,1.3557692307692308,73.5,49.0,3.0,tp,2,5,1.25,440.625,325.0,459.375,2024-11-19
futures,ES,reddit_orb_breakout,reddit_orb_breakout|ny|range=15|entry=150|rr=1.5|sl_atr=1|tp_atr=1.5|threshold=2|adx_max=none|adx_min=none|rsi2=none|trend=ema|max_bars=24,long,142423,142424,142425,2024-11-22 14:45:00+00:00,2024-11-22 15:00:00+00:00,2024-11-22 15:15:00+00:00,5990.75,5967.0,-95.0,-98.0,-1.0,142.5,95.0,3.0,sl,1,6,1.25,-735.0,735.0,1068.75,2024-11-22
futures,NQ,reddit_orb_fade,reddit_orb_fade|ny|range=15|entry=150|rr=1.5|sl_atr=1|tp_atr=1.5|threshold=2|adx_max=none|adx_min=none|rsi2=none|trend=all|max_bars=24,short,142395,142396,142396,2024-11-22 14:45:00+00:00,2024-11-22 15:00:00+00:00,2024-11-22 15:00:00+00:00,20853.0,20823.0,120.0,117.0,1.4096385542168675,120.0,80.0,3.0,tp,1,6,0.5,351.0,249.0,360.0,2024-11-22
futures,ES,reddit_orb_fade,reddit_orb_fade|ny|range=15|entry=150|rr=1.5|sl_atr=1|tp_atr=1.5|threshold=2|adx_max=none|adx_min=none|rsi2=none|trend=all|max_bars=24,short,142424,142425,142436,2024-11-22 15:00:00+00:00,2024-11-22 15:15:00+00:00,2024-11-22 18:00:00+00:00,5976.0,5992.0,-64.0,-67.0,-1.0,96.0,64.0,3.0,sl,11,5,1.25,-418.75,418.75,600.0,2024-11-22
futures,ES,reddit_orb_retest,reddit_orb_retest|ny|range=15|entry=150|rr=1.5|sl_atr=1|tp_atr=1.5|threshold=2|adx_max=none|adx_min=none|rsi2=none|trend=all|max_bars=24,long,142427,142428,142448,2024-11-22 15:45:00+00:00,2024-11-22 16:00:00+00:00,2024-11-22 21:00:00+00:00,5989.75,5987.5,-9.0,-12.0,-0.1276595744680851,136.5,91.0,3.0,session_close,20,2,1.25,-30.0,235.0,341.25,2024-11-22
futures,ES,reddit_orb_fade,reddit_orb_fade|ny|range=15|entry=150|rr=1.5|sl_atr=1|tp_atr=1.5|threshold=2|adx_max=none|adx_min=none|rsi2=none|trend=all|max_bars=24,short,142607,142608,142614,2024-11-26 14:45:00+00:00,2024-11-26 15:00:00+00:00,2024-11-26 16:30:00+00:00,6020.25,6027.0,-27.0,-30.0,-1.0,40.5,27.0,3.0,sl,6,5,1.25,-187.5,187.5,253.125,2024-11-26
futures,NQ,reddit_orb_fade,reddit_orb_fade|ny|range=15|entry=150|rr=1.5|sl_atr=1|tp_atr=1.5|threshold=2|adx_max=none|adx_min=none|rsi2=none|trend=all|max_bars=24,short,142579,142580,142604,2024-11-26 14:45:00+00:00,2024-11-26 15:00:00+00:00,2024-11-26 21:00:00+00:00,20973.75,21000.75,-108.0,-111.0,-0.5362318840579711,306.0,204.0,3.0,session_close,24,6,0.5,-333.0,621.0,918.0,2024-11-26
futures,ES,reddit_orb_breakout,reddit_orb_breakout|ny|range=15|entry=150|rr=1.5|sl_atr=1|tp_atr=1.5|threshold=2|adx_max=none|adx_min=none|rsi2=none|trend=ema|max_bars=24,long,142613,142614,142631,2024-11-26 16:15:00+00:00,2024-11-26 16:30:00+00:00,2024-11-26 20:45:00+00:00,6026.0,6041.75,63.0,60.0,1.3333333333333333,63.0,42.0,3.0,tp,17,6,1.25,450.0,337.5,472.5,2024-11-26
futures,ES,reddit_orb_retest,reddit_orb_retest|ny|range=15|entry=150|rr=1.5|sl_atr=1|tp_atr=1.5|threshold=2|adx_max=none|adx_min=none|rsi2=none|trend=all|max_bars=24,long,142614,142615,142631,2024-11-26 16:30:00+00:00,2024-11-26 16:45:00+00:00,2024-11-26 20:45:00+00:00,6026.0,6041.75,63.0,60.0,1.3333333333333333,63.0,42.0,3.0,tp,16,2,1.25,150.0,112.5,157.5,2024-11-26
futures,ES,reddit_orb_retest,reddit_orb_retest|ny|range=15|entry=150|rr=1.5|sl_atr=1|tp_atr=1.5|threshold=2|adx_max=none|adx_min=none|rsi2=none|trend=all|max_bars=24,short,142701,142702,142724,2024-11-27 15:15:00+00:00,2024-11-27 15:30:00+00:00,2024-11-27 21:00:00+00:00,6022.0,6015.25,27.0,24.0,0.38095238095238093,90.0,60.0,3.0,session_close,22,2,1.25,60.0,157.5,225.0,2024-11-27
futures,ES,reddit_orb_breakout,reddit_orb_breakout|ny|range=15|entry=150|rr=1.5|sl_atr=1|tp_atr=1.5|threshold=2|adx_max=none|adx_min=none|rsi2=none|trend=ema|max_bars=24,long,142791,142792,142804,2024-11-28 14:45:00+00:00,2024-11-28 15:00:00+00:00,2024-11-28 23:00:00+00:00,6028.0,6027.25,-3.0,-6.0,-0.375,19.5,13.0,3.0,session_close,12,6,1.25,-45.0,120.0,146.25,2024-11-28
futures,NQ,reddit_orb_fade,reddit_orb_fade|ny|range=15|entry=150|rr=1.5|sl_atr=1|tp_atr=1.5|threshold=2|adx_max=none|adx_min=none|rsi2=none|trend=all|max_bars=24,short,142763,142764,142765,2024-11-28 14:45:00+00:00,2024-11-28 15:00:00+00:00,2024-11-28 15:15:00+00:00,20889.0,20896.75,-31.0,-34.0,-1.0,46.5,31.0,3.0,sl,1,6,0.5,-102.0,102.0,139.5,2024-11-28
futures,ES,reddit_orb_retest,reddit_orb_retest|ny|range=15|entry=150|rr=1.5|sl_atr=1|tp_atr=1.5|threshold=2|adx_max=none|adx_min=none|rsi2=none|trend=all|max_bars=24,long,142792,142793,142804,2024-11-28 15:00:00+00:00,2024-11-28 15:15:00+00:00,2024-11-28 23:00:00+00:00,6028.5,6027.25,-5.0,-8.0,-0.4444444444444444,22.5,15.0,3.0,session_close,11,2,1.25,-20.0,45.0,56.25,2024-11-28
futures,NQ,reddit_orb_retest,reddit_orb_retest|ny|range=15|entry=150|rr=1.5|sl_atr=1|tp_atr=1.5|threshold=2|adx_max=none|adx_min=none|rsi2=none|trend=all|max_bars=24,long,142769,142770,142776,2024-11-28 16:15:00+00:00,2024-11-28 16:30:00+00:00,2024-11-28 23:00:00+00:00,20893.75,20878.75,-60.0,-63.0,-0.7682926829268293,118.5,79.0,3.0,session_close,6,8,0.5,-252.0,328.0,474.0,2024-11-28
futures,ES,reddit_orb_breakout,reddit_orb_breakout|ny|range=15|entry=150|rr=1.5|sl_atr=1|tp_atr=1.5|threshold=2|adx_max=none|adx_min=none|rsi2=none|trend=ema|max_bars=24,long,142867,142868,142875,2024-11-29 14:45:00+00:00,2024-11-29 15:00:00+00:00,2024-11-29 16:45:00+00:00,6032.75,6053.375,82.5,79.5,1.3706896551724137,82.5,55.0,3.0,tp,7,6,1.25,596.25,435.0,618.75,2024-11-29
futures,ES,reddit_orb_fade,reddit_orb_fade|ny|range=15|entry=150|rr=1.5|sl_atr=1|tp_atr=1.5|threshold=2|adx_max=none|adx_min=none|rsi2=none|trend=all|max_bars=24,long,142944,142945,142947,2024-12-02 14:45:00+00:00,2024-12-02 15:00:00+00:00,2024-12-02 15:30:00+00:00,6054.0,6060.375,25.5,22.5,1.125,25.5,17.0,3.0,tp,2,5,1.25,140.625,125.0,159.375,2024-12-02
futures,ES,reddit_orb_breakout,reddit_orb_breakout|ny|range=15|entry=150|rr=1.5|sl_atr=1|tp_atr=1.5|threshold=2|adx_max=none|adx_min=none|rsi2=none|trend=ema|max_bars=24,long,142953,142954,142969,2024-12-02 17:00:00+00:00,2024-12-02 17:15:00+00:00,2024-12-02 21:00:00+00:00,6064.25,6066.5,9.0,6.0,0.11764705882352941,72.0,48.0,3.0,session_close,15,6,1.25,45.0,382.5,540.0,2024-12-02
futures,NQ,reddit_orb_fade,reddit_orb_fade|ny|range=15|entry=150|rr=1.5|sl_atr=1|tp_atr=1.5|threshold=2|adx_max=none|adx_min=none|rsi2=none|trend=all|max_bars=24,short,143008,143009,143009,2024-12-03 14:45:00+00:00,2024-12-03 15:00:00+00:00,2024-12-03 15:00:00+00:00,21202.75,21209.75,-28.0,-31.0,-1.0,42.0,28.0,3.0,sl,1,6,0.5,-93.0,93.0,126.0,2024-12-03
futures,ES,reddit_orb_retest,reddit_orb_retest|ny|range=15|entry=150|rr=1.5|sl_atr=1|tp_atr=1.5|threshold=2|adx_max=none|adx_min=none|rsi2=none|trend=all|max_bars=24,short,143039,143040,143049,2024-12-03 15:30:00+00:00,2024-12-03 15:45:00+00:00,2024-12-03 18:00:00+00:00,6050.5,6062.0,-46.0,-49.0,-1.0,69.0,46.0,3.0,sl,9,2,1.25,-122.5,122.5,172.5,2024-12-03
futures,ES,reddit_orb_fade,reddit_orb_fade|ny|range=15|entry=150|rr=1.5|sl_atr=1|tp_atr=1.5|threshold=2|adx_max=none|adx_min=none|rsi2=none|trend=all|max_bars=24,long,143040,143041,143048,2024-12-03 15:45:00+00:00,2024-12-03 16:00:00+00:00,2024-12-03 17:45:00+00:00,6053.0,6061.25,33.0,30.0,1.2,33.0,22.0,3.0,tp,7,5,1.25,187.5,156.25,206.25,2024-12-03
futures,NQ,reddit_orb_retest,reddit_orb_retest|ny|range=15|entry=150|rr=1.5|sl_atr=1|tp_atr=1.5|threshold=2|adx_max=none|adx_min=none|rsi2=none|trend=all|max_bars=24,long,143012,143013,143033,2024-12-03 15:45:00+00:00,2024-12-03 16:00:00+00:00,2024-12-03 21:00:00+00:00,21207.25,21310.25,412.0,409.0,1.3864406779661016,438.0,292.0,3.0,session_close,20,8,0.5,1636.0,1180.0,1752.0,2024-12-03
futures,ES,reddit_orb_fade,reddit_orb_fade|ny|range=15|entry=150|rr=1.5|sl_atr=1|tp_atr=1.5|threshold=2|adx_max=none|adx_min=none|rsi2=none|trend=all|max_bars=24,short,143128,143129,143130,2024-12-04 14:45:00+00:00,2024-12-04 15:00:00+00:00,2024-12-04 15:15:00+00:00,6082.0,6076.75,21.0,18.0,1.0588235294117647,21.0,14.0,3.0,tp,1,5,1.25,112.5,106.25,131.25,2024-12-04
futures,NQ,reddit_orb_fade,reddit_orb_fade|ny|range=15|entry=150|rr=1.5|sl_atr=1|tp_atr=1.5|threshold=2|adx_max=none|adx_min=none|rsi2=none|trend=all|max_bars=24,short,143100,143101,143101,2024-12-04 14:45:00+00:00,2024-12-04 15:00:00+00:00,2024-12-04 15:00:00+00:00,21416.5,21441.25,-99.0,-102.0,-1.0,148.5,99.0,3.0,sl,1,6,0.5,-306.0,306.0,445.5,2024-12-04
futures,NQ,reddit_orb_retest,reddit_orb_retest|ny|range=15|entry=150|rr=1.5|sl_atr=1|tp_atr=1.5|threshold=2|adx_max=none|adx_min=none|rsi2=none|trend=all|max_bars=24,long,143102,143103,143125,2024-12-04 15:15:00+00:00,2024-12-04 15:30:00+00:00,2024-12-04 21:00:00+00:00,21456.75,21519.5,251.0,248.0,0.8953068592057761,411.0,274.0,3.0,session_close,22,8,0.5,992.0,1108.0,1644.0,2024-12-04
futures,ES,reddit_orb_breakout,reddit_orb_breakout|ny|range=15|entry=150|rr=1.5|sl_atr=1|tp_atr=1.5|threshold=2|adx_max=none|adx_min=none|rsi2=none|trend=ema|max_bars=24,long,143131,143132,143143,2024-12-04 15:30:00+00:00,2024-12-04 15:45:00+00:00,2024-12-04 18:30:00+00:00,6084.5,6078.75,-23.0,-26.0,-1.0,34.5,23.0,3.0,sl,11,6,1.25,-195.0,195.0,258.75,2024-12-04
futures,ES,reddit_orb_fade,reddit_orb_fade|ny|range=15|entry=150|rr=1.5|sl_atr=1|tp_atr=1.5|threshold=2|adx_max=none|adx_min=none|rsi2=none|trend=all|max_bars=24,short,143221,143222,143232,2024-12-05 15:00:00+00:00,2024-12-05 15:15:00+00:00,2024-12-05 17:45:00+00:00,6097.75,6104.75,-28.0,-31.0,-1.0,42.0,28.0,3.0,sl,10,5,1.25,-193.75,193.75,262.5,2024-12-05
futures,NQ,reddit_orb_fade,reddit_orb_fade|ny|range=15|entry=150|rr=1.5|sl_atr=1|tp_atr=1.5|threshold=2|adx_max=none|adx_min=none|rsi2=none|trend=all|max_bars=24,long,143193,143194,143194,2024-12-05 15:00:00+00:00,2024-12-05 15:15:00+00:00,2024-12-05 15:15:00+00:00,21520.5,21502.75,-71.0,-74.0,-1.0,106.5,71.0,3.0,sl,1,6,0.5,-222.0,222.0,319.5,2024-12-05
futures,NQ,reddit_orb_retest,reddit_orb_retest|ny|range=15|entry=150|rr=1.5|sl_atr=1|tp_atr=1.5|threshold=2|adx_max=none|adx_min=none|rsi2=none|trend=all|max_bars=24,short,143194,143195,143201,2024-12-05 15:15:00+00:00,2024-12-05 15:30:00+00:00,2024-12-05 17:00:00+00:00,21517.75,21551.5,-135.0,-138.0,-1.0,202.5,135.0,3.0,sl,6,8,0.5,-552.0,552.0,810.0,2024-12-05
futures,ES,reddit_orb_breakout,reddit_orb_breakout|ny|range=15|entry=150|rr=1.5|sl_atr=1|tp_atr=1.5|threshold=2|adx_max=none|adx_min=none|rsi2=none|trend=ema|max_bars=24,long,143229,143230,143234,2024-12-05 17:00:00+00:00,2024-12-05 17:15:00+00:00,2024-12-05 18:15:00+00:00,6103.75,6096.0,-31.0,-34.0,-1.0,46.5,31.0,3.0,sl,4,6,1.25,-255.0,255.0,348.75,2024-12-05
futures,NQ,reddit_orb_breakout,reddit_orb_breakout|ny|range=15|entry=150|rr=1|sl_atr=1|tp_atr=1.5|threshold=2|adx_max=none|adx_min=none|rsi2=none|trend=ema|max_bars=24,long,143201,143202,143206,2024-12-05 17:00:00+00:00,2024-12-05 17:15:00+00:00,2024-12-05 18:15:00+00:00,21559.75,21518.75,-164.0,-167.0,-1.0,164.0,164.0,3.0,sl,4,12,0.5,-1002.0,1002.0,984.0,2024-12-05
futures,ES,reddit_orb_breakout,reddit_orb_breakout|ny|range=15|entry=150|rr=1.5|sl_atr=1|tp_atr=1.5|threshold=2|adx_max=none|adx_min=none|rsi2=none|trend=ema|max_bars=24,long,143312,143313,143321,2024-12-06 14:45:00+00:00,2024-12-06 15:00:00+00:00,2024-12-06 17:00:00+00:00,6109.75,6093.5,-65.0,-68.0,-1.0,97.5,65.0,3.0,sl,8,6,1.25,-510.0,510.0,731.25,2024-12-06
futures,ES,reddit_orb_retest,reddit_orb_retest|ny|range=15|entry=150|rr=1.5|sl_atr=1|tp_atr=1.5|threshold=2|adx_max=none|adx_min=none|rsi2=none|trend=all|max_bars=24,long,143316,143317,143321,2024-12-06 15:45:00+00:00,2024-12-06 16:00:00+00:00,2024-12-06 17:00:00+00:00,6106.75,6093.5,-53.0,-56.0,-1.0,79.5,53.0,3.0,sl,4,2,1.25,-140.0,140.0,198.75,2024-12-06
futures,ES,reddit_orb_fade,reddit_orb_fade|ny|range=15|entry=150|rr=1.5|sl_atr=1|tp_atr=1.5|threshold=2|adx_max=none|adx_min=none|rsi2=none|trend=all|max_bars=24,short,143317,143318,143337,2024-12-06 16:00:00+00:00,2024-12-06 16:15:00+00:00,2024-12-06 21:00:00+00:00,6098.75,6098.25,2.0,-1.0,-0.02631578947368421,52.5,35.0,3.0,session_close,19,5,1.25,-6.25,237.5,328.125,2024-12-06
futures,NQ,reddit_orb_fade,reddit_orb_fade|ny|range=15|entry=150|rr=1.5|sl_atr=1|tp_atr=1.5|threshold=2|adx_max=none|adx_min=none|rsi2=none|trend=all|max_bars=24,short,143376,143377,143378,2024-12-09 14:45:00+00:00,2024-12-09 15:00:00+00:00,2024-12-09 15:15:00+00:00,21623.25,21585.0,153.0,150.0,1.4285714285714286,153.0,102.0,3.0,tp,1,6,0.5,450.0,315.0,459.0,2024-12-09
futures,ES,reddit_orb_fade,reddit_orb_fade|ny|range=15|entry=150|rr=1.5|sl_atr=1|tp_atr=1.5|threshold=2|adx_max=none|adx_min=none|rsi2=none|trend=all|max_bars=24,long,143405,143406,143406,2024-12-09 15:00:00+00:00,2024-12-09 15:15:00+00:00,2024-12-09 15:15:00+00:00,6091.25,6089.75,-6.0,-9.0,-1.0,9.0,6.0,3.0,sl,1,5,1.25,-56.25,56.25,56.25,2024-12-09
futures,ES,reddit_orb_breakout,reddit_orb_breakout|ny|range=15|entry=150|rr=1.5|sl_atr=1|tp_atr=1.5|threshold=2|adx_max=none|adx_min=none|rsi2=none|trend=ema|max_bars=24,short,143412,143413,143429,2024-12-09 16:45:00+00:00,2024-12-09 17:00:00+00:00,2024-12-09 21:00:00+00:00,6078.75,6061.5,69.0,66.0,0.8354430379746836,114.0,76.0,3.0,session_close,16,6,1.25,495.0,592.5,855.0,2024-12-09
futures,ES,reddit_orb_fade,reddit_orb_fade|ny|range=15|entry=150|rr=1.5|sl_atr=1|tp_atr=1.5|threshold=2|adx_max=none|adx_min=none|rsi2=none|trend=all|max_bars=24,short,143498,143499,143499,2024-12-10 15:15:00+00:00,2024-12-10 15:30:00+00:00,2024-12-10 15:30:00+00:00,6069.25,6073.25,-16.0,-19.0,-1.0,24.0,16.0,3.0,sl,1,5,1.25,-118.75,118.75,150.0,2024-12-10
futures,ES,reddit_orb_breakout,reddit_orb_breakout|ny|range=15|entry=150|rr=1.5|sl_atr=1|tp_atr=1.5|threshold=2|adx_max=none|adx_min=none|rsi2=none|trend=ema|max_bars=24,long,143596,143597,143613,2024-12-11 16:45:00+00:00,2024-12-11 17:00:00+00:00,2024-12-11 21:00:00+00:00,6095.75,6088.25,-30.0,-33.0,-0.34375,139.5,93.0,3.0,session_close,16,6,1.25,-247.5,720.0,1046.25,2024-12-11
futures,ES,reddit_orb_fade,reddit_orb_fade|ny|range=15|entry=150|rr=1.5|sl_atr=1|tp_atr=1.5|threshold=2|adx_max=none|adx_min=none|rsi2=none|trend=all|max_bars=24,long,143680,143681,143681,2024-12-12 14:45:00+00:00,2024-12-12 15:00:00+00:00,2024-12-12 15:00:00+00:00,6078.0,6073.5,-18.0,-21.0,-1.0,27.0,18.0,3.0,sl,1,5,1.25,-131.25,131.25,168.75,2024-12-12
futures,NQ,reddit_orb_fade,reddit_orb_fade|ny|range=15|entry=150|rr=1.5|sl_atr=1|tp_atr=1.5|threshold=2|adx_max=none|adx_min=none|rsi2=none|trend=all|max_bars=24,long,143654,143655,143677,2024-12-12 15:15:00+00:00,2024-12-12 15:30:00+00:00,2024-12-12 21:00:00+00:00,21707.5,21615.75,-367.0,-370.0,-1.1526479750778815,477.0,318.0,3.0,session_close,22,6,0.5,-1110.0,963.0,1431.0,2024-12-12
futures,ES,reddit_orb_breakout,reddit_orb_breakout|ny|range=15|entry=150|rr=1.5|sl_atr=1|tp_atr=1.5|threshold=2|adx_max=none|adx_min=none|rsi2=none|trend=ema|max_bars=24,long,143684,143685,143688,2024-12-12 15:45:00+00:00,2024-12-12 16:00:00+00:00,2024-12-12 16:45:00+00:00,6083.75,6075.0,-35.0,-38.0,-1.0,52.5,35.0,3.0,sl,3,6,1.25,-285.0,285.0,393.75,2024-12-12
futures,ES,reddit_orb_retest,reddit_orb_retest|ny|range=15|entry=150|rr=1.5|sl_atr=1|tp_atr=1.5|threshold=2|adx_max=none|adx_min=none|rsi2=none|trend=all|max_bars=24,short,143688,143689,143689,2024-12-12 16:45:00+00:00,2024-12-12 17:00:00+00:00,2024-12-12 17:00:00+00:00,6074.0,6082.5,-34.0,-37.0,-1.0,51.0,34.0,3.0,sl,1,2,1.25,-92.5,92.5,127.5,2024-12-12
futures,ES,reddit_orb_fade,reddit_orb_fade|ny|range=15|entry=150|rr=1.5|sl_atr=1|tp_atr=1.5|threshold=2|adx_max=none|adx_min=none|rsi2=none|trend=all|max_bars=24,short,143772,143773,143775,2024-12-13 14:45:00+00:00,2024-12-13 15:00:00+00:00,2024-12-13 15:30:00+00:00,6075.25,6061.0,57.0,54.0,1.3170731707317074,57.0,38.0,3.0,tp,2,5,1.25,337.5,256.25,356.25,2024-12-13
futures,ES,reddit_orb_breakout,reddit_orb_breakout|ny|range=15|entry=150|rr=1.5|sl_atr=1|tp_atr=1.5|threshold=2|adx_max=none|adx_min=none|rsi2=none|trend=ema|max_bars=24,short,143776,143777,143797,2024-12-13 15:45:00+00:00,2024-12-13 16:00:00+00:00,2024-12-13 21:00:00+00:00,6048.0,6050.0,-8.0,-11.0,-0.07746478873239436,208.5,139.0,3.0,session_close,20,6,1.25,-82.5,1065.0,1563.75,2024-12-13
futures,ES,reddit_orb_fade,reddit_orb_fade|ny|range=15|entry=150|rr=1.5|sl_atr=1|tp_atr=1.5|threshold=2|adx_max=none|adx_min=none|rsi2=none|trend=all|max_bars=24,long,143864,143865,143866,2024-12-16 14:45:00+00:00,2024-12-16 15:00:00+00:00,2024-12-16 15:15:00+00:00,6075.25,6068.25,-28.0,-31.0,-1.0,42.0,28.0,3.0,sl,1,5,1.25,-193.75,193.75,262.5,2024-12-16
futures,ES,reddit_orb_breakout,reddit_orb_breakout|ny|range=15|entry=150|rr=1.5|sl_atr=1|tp_atr=1.5|threshold=2|adx_max=none|adx_min=none|rsi2=none|trend=ema|max_bars=24,long,143867,143868,143889,2024-12-16 15:30:00+00:00,2024-12-16 15:45:00+00:00,2024-12-16 21:00:00+00:00,6081.25,6076.0,-21.0,-24.0,-0.46153846153846156,73.5,49.0,3.0,session_close,21,6,1.25,-180.0,390.0,551.25,2024-12-16
futures,ES,reddit_orb_retest,reddit_orb_retest|ny|range=15|entry=150|rr=1.5|sl_atr=1|tp_atr=1.5|threshold=2|adx_max=none|adx_min=none|rsi2=none|trend=all|max_bars=24,long,143867,143868,143889,2024-12-16 15:30:00+00:00,2024-12-16 15:45:00+00:00,2024-12-16 21:00:00+00:00,6081.25,6076.0,-21.0,-24.0,-0.46153846153846156,73.5,49.0,3.0,session_close,21,2,1.25,-60.0,130.0,183.75,2024-12-16
futures,ES,reddit_orb_fade,reddit_orb_fade|ny|range=15|entry=150|rr=1.5|sl_atr=1|tp_atr=1.5|threshold=2|adx_max=none|adx_min=none|rsi2=none|trend=all|max_bars=24,short,143956,143957,143957,2024-12-17 14:45:00+00:00,2024-12-17 15:00:00+00:00,2024-12-17 15:00:00+00:00,6055.0,6047.5,30.0,27.0,1.173913043478261,30.0,20.0,3.0,tp,1,5,1.25,168.75,143.75,187.5,2024-12-17
futures,NQ,reddit_orb_fade,reddit_orb_fade|ny|range=15|entry=150|rr=1.5|sl_atr=1|tp_atr=1.5|threshold=2|adx_max=none|adx_min=none|rsi2=none|trend=all|max_bars=24,short,143928,143929,143935,2024-12-17 14:45:00+00:00,2024-12-17 15:00:00+00:00,2024-12-17 16:30:00+00:00,22004.75,22062.867488905777,-232.46995562310622,-235.46995562310622,-1.0,348.7049334346666,232.46995562310622,3.0,sl,6,6,0.5,-706.4098668693186,706.4098668693186,1046.1148003039998,2024-12-17
futures,ES,reddit_orb_breakout,reddit_orb_breakout|ny|range=15|entry=150|rr=1.5|sl_atr=1|tp_atr=1.5|threshold=2|adx_max=none|adx_min=none|rsi2=none|trend=ema|max_bars=24,short,143957,143958,143961,2024-12-17 15:00:00+00:00,2024-12-17 15:15:00+00:00,2024-12-17 16:00:00+00:00,6045.5,6057.25,-47.0,-50.0,-1.0,70.5,47.0,3.0,sl,3,6,1.25,-375.0,375.0,528.75,2024-12-17
futures,ES,reddit_orb_retest,reddit_orb_retest|ny|range=15|entry=150|rr=1.5|sl_atr=1|tp_atr=1.5|threshold=2|adx_max=none|adx_min=none|rsi2=none|trend=all|max_bars=24,short,143958,143959,143961,2024-12-17 15:15:00+00:00,2024-12-17 15:30:00+00:00,2024-12-17 16:00:00+00:00,6043.25,6057.25,-56.0,-59.0,-1.0,84.0,56.0,3.0,sl,2,2,1.25,-147.5,147.5,210.0,2024-12-17
futures,ES,reddit_orb_breakout,reddit_orb_breakout|ny|range=15|entry=150|rr=1.5|sl_atr=1|tp_atr=1.5|threshold=2|adx_max=none|adx_min=none|rsi2=none|trend=ema|max_bars=24,long,144048,144049,144052,2024-12-18 14:45:00+00:00,2024-12-18 15:00:00+00:00,2024-12-18 15:45:00+00:00,6129.25,6145.375,64.5,61.5,1.3369565217391304,64.5,43.0,3.0,tp,3,6,1.25,461.25,345.0,483.75,2024-12-18
futures,NQ,reddit_orb_fade,reddit_orb_fade|ny|range=15|entry=150|rr=1.5|sl_atr=1|tp_atr=1.5|threshold=2|adx_max=none|adx_min=none|rsi2=none|trend=all|max_bars=24,short,144025,144026,144037,2024-12-18 16:00:00+00:00,2024-12-18 16:15:00+00:00,2024-12-18 19:00:00+00:00,22000.75,21938.125,250.5,247.5,1.4558823529411764,250.5,167.0,3.0,tp,11,6,0.5,742.5,510.0,751.5,2024-12-18
futures,ES,reddit_orb_breakout,reddit_orb_breakout|ny|range=15|entry=150|rr=1.5|sl_atr=1|tp_atr=1.5|threshold=2|adx_max=none|adx_min=none|rsi2=none|trend=ema|max_bars=24,short,144140,144141,144163,2024-12-19 14:45:00+00:00,2024-12-19 15:00:00+00:00,2024-12-19 20:30:00+00:00,5980.5,5943.375,148.5,145.5,1.4264705882352942,148.5,99.0,3.0,tp,22,6,1.25,1091.25,765.0,1113.75,2024-12-19
futures,NQ,reddit_orb_fade,reddit_orb_fade|ny|range=15|entry=150|rr=1.5|sl_atr=1|tp_atr=1.5|threshold=2|adx_max=none|adx_min=none|rsi2=none|trend=all|max_bars=24,long,144112,144113,144113,2024-12-19 14:45:00+00:00,2024-12-19 15:00:00+00:00,2024-12-19 15:00:00+00:00,21578.25,21552.75,-102.0,-105.0,-1.0,153.0,102.0,3.0,same_bar_sl,1,6,0.5,-315.0,315.0,459.0,2024-12-19
futures,ES,reddit_orb_fade,reddit_orb_fade|ny|range=15|entry=150|rr=1.5|sl_atr=1|tp_atr=1.5|threshold=2|adx_max=none|adx_min=none|rsi2=none|trend=all|max_bars=24,long,144141,144142,144142,2024-12-19 15:00:00+00:00,2024-12-19 15:15:00+00:00,2024-12-19 15:15:00+00:00,5982.0,5962.0,-80.0,-83.0,-1.0,120.0,80.0,3.0,sl,1,5,1.25,-518.75,518.75,750.0,2024-12-19
futures,ES,reddit_orb_retest,reddit_orb_retest|ny|range=15|entry=150|rr=1.5|sl_atr=1|tp_atr=1.5|threshold=2|adx_max=none|adx_min=none|rsi2=none|trend=all|max_bars=24,short,144142,144143,144165,2024-12-19 15:15:00+00:00,2024-12-19 15:30:00+00:00,2024-12-19 21:00:00+00:00,5961.0,5932.5,114.0,111.0,0.6166666666666667,265.5,177.0,3.0,session_close,22,2,1.25,277.5,450.0,663.75,2024-12-19
futures,ES,reddit_orb_fade,reddit_orb_fade|ny|range=15|entry=150|rr=1.5|sl_atr=1|tp_atr=1.5|threshold=2|adx_max=none|adx_min=none|rsi2=none|trend=all|max_bars=24,long,144232,144233,144233,2024-12-20 14:45:00+00:00,2024-12-20 15:00:00+00:00,2024-12-20 15:00:00+00:00,5910.5,5928.875,73.5,70.5,1.3557692307692308,73.5,49.0,3.0,tp,1,5,1.25,440.625,325.0,459.375,2024-12-20
futures,NQ,reddit_orb_fade,reddit_orb_fade|ny|range=15|entry=150|rr=1.5|sl_atr=1|tp_atr=1.5|threshold=2|adx_max=none|adx_min=none|rsi2=none|trend=all|max_bars=24,long,144204,144205,144205,2024-12-20 14:45:00+00:00,2024-12-20 15:00:00+00:00,2024-12-20 15:00:00+00:00,21231.5,21338.0,426.0,423.0,1.4738675958188154,426.0,284.0,3.0,tp,1,6,0.5,1269.0,861.0,1278.0,2024-12-20
futures,ES,reddit_orb_retest,reddit_orb_retest|ny|range=15|entry=150|rr=1.5|sl_atr=1|tp_atr=1.5|threshold=2|adx_max=none|adx_min=none|rsi2=none|trend=all|max_bars=24,long,144234,144235,144242,2024-12-20 15:15:00+00:00,2024-12-20 15:30:00+00:00,2024-12-20 17:15:00+00:00,5959.5,6048.0,354.0,351.0,1.4686192468619246,354.0,236.0,3.0,tp,7,2,1.25,877.5,597.5,885.0,2024-12-20
futures,NQ,reddit_orb_fade,reddit_orb_fade|ny|range=15|entry=150|rr=1.5|sl_atr=1|tp_atr=1.5|threshold=2|adx_max=none|adx_min=none|rsi2=none|trend=all|max_bars=24,long,144296,144297,144297,2024-12-23 14:45:00+00:00,2024-12-23 15:00:00+00:00,2024-12-23 15:00:00+00:00,21633.0,21553.0,-320.0,-323.0,-1.0,480.0,320.0,3.0,sl,1,6,0.5,-969.0,969.0,1440.0,2024-12-23
futures,ES,reddit_orb_retest,reddit_orb_retest|ny|range=15|entry=150|rr=1.5|sl_atr=1|tp_atr=1.5|threshold=2|adx_max=none|adx_min=none|rsi2=none|trend=all|max_bars=24,short,144325,144326,144332,2024-12-23 15:00:00+00:00,2024-12-23 15:15:00+00:00,2024-12-23 16:45:00+00:00,5976.75,6008.25,-126.0,-129.0,-1.0,189.0,126.0,3.0,sl,6,2,1.25,-322.5,322.5,472.5,2024-12-23
futures,NQ,reddit_orb_retest,reddit_orb_retest|ny|range=15|entry=150|rr=1.5|sl_atr=1|tp_atr=1.5|threshold=2|adx_max=none|adx_min=none|rsi2=none|trend=all|max_bars=24,short,144301,144302,144303,2024-12-23 16:00:00+00:00,2024-12-23 16:15:00+00:00,2024-12-23 16:30:00+00:00,21606.75,21675.5,-275.0,-278.0,-1.0,412.5,275.0,3.0,sl,1,8,0.5,-1112.0,1112.0,1650.0,2024-12-23
futures,ES,reddit_orb_fade,reddit_orb_fade|ny|range=15|entry=150|rr=1.5|sl_atr=1|tp_atr=1.5|threshold=2|adx_max=none|adx_min=none|rsi2=none|trend=all|max_bars=24,long,144330,144331,144331,2024-12-23 16:15:00+00:00,2024-12-23 16:30:00+00:00,2024-12-23 16:30:00+00:00,5995.0,6005.875,43.5,40.5,1.265625,43.5,29.0,3.0,tp,1,5,1.25,253.125,200.0,271.875,2024-12-23
futures,ES,reddit_orb_breakout,reddit_orb_breakout|ny|range=15|entry=150|rr=1.5|sl_atr=1|tp_atr=1.5|threshold=2|adx_max=none|adx_min=none|rsi2=none|trend=ema|max_bars=24,long,144332,144333,144349,2024-12-23 16:45:00+00:00,2024-12-23 17:00:00+00:00,2024-12-23 21:00:00+00:00,6014.5,6037.75,93.0,90.0,1.0975609756097562,118.5,79.0,3.0,session_close,16,6,1.25,675.0,615.0,888.75,2024-12-23
futures,ES,reddit_orb_breakout,reddit_orb_breakout|ny|range=15|entry=150|rr=1.5|sl_atr=1|tp_atr=1.5|threshold=2|adx_max=none|adx_min=none|rsi2=none|trend=ema|max_bars=24,long,144416,144417,144423,2024-12-24 14:45:00+00:00,2024-12-24 15:00:00+00:00,2024-12-24 16:30:00+00:00,6059.25,6084.75,102.0,99.0,1.3943661971830985,102.0,68.0,3.0,tp,6,6,1.25,742.5,532.5,765.0,2024-12-24
futures,ES,reddit_orb_fade,reddit_orb_fade|ny|range=15|entry=150|rr=1.5|sl_atr=1|tp_atr=1.5|threshold=2|adx_max=none|adx_min=none|rsi2=none|trend=all|max_bars=24,long,144493,144494,144518,2024-12-26 14:45:00+00:00,2024-12-26 15:00:00+00:00,2024-12-26 21:00:00+00:00,6081.75,6092.5,43.0,40.0,0.5194805194805194,111.0,74.0,3.0,session_close,24,5,1.25,250.0,481.25,693.75,2024-12-26
futures,NQ,reddit_orb_fade,reddit_orb_fade|ny|range=15|entry=150|rr=1.5|sl_atr=1|tp_atr=1.5|threshold=2|adx_max=none|adx_min=none|rsi2=none|trend=all|max_bars=24,long,144465,144466,144490,2024-12-26 14:45:00+00:00,2024-12-26 15:00:00+00:00,2024-12-26 21:00:00+00:00,21957.0,21996.5,158.0,155.0,0.44285714285714284,520.5,347.0,3.0,session_close,24,6,0.5,465.0,1050.0,1561.5,2024-12-26
futures,ES,reddit_orb_breakout,reddit_orb_breakout|ny|range=15|entry=150|rr=1.5|sl_atr=1|tp_atr=1.5|threshold=2|adx_max=none|adx_min=none|rsi2=none|trend=ema|max_bars=24,long,144497,144498,144518,2024-12-26 15:45:00+00:00,2024-12-26 16:00:00+00:00,2024-12-26 21:00:00+00:00,6090.5,6092.5,8.0,5.0,0.1,70.5,47.0,3.0,session_close,20,6,1.25,37.5,375.0,528.75,2024-12-26
futures,ES,reddit_orb_fade,reddit_orb_fade|ny|range=15|entry=150|rr=1.5|sl_atr=1|tp_atr=1.5|threshold=2|adx_max=none|adx_min=none|rsi2=none|trend=all|max_bars=24,long,144585,144586,144586,2024-12-27 14:45:00+00:00,2024-12-27 15:00:00+00:00,2024-12-27 15:00:00+00:00,6044.75,6041.25,-14.0,-17.0,-1.0,21.0,14.0,3.0,sl,1,5,1.25,-106.25,106.25,131.25,2024-12-27
futures,ES,reddit_orb_breakout,reddit_orb_breakout|ny|range=15|entry=150|rr=1.5|sl_atr=1|tp_atr=1.5|threshold=2|adx_max=none|adx_min=none|rsi2=none|trend=ema|max_bars=24,short,144677,144678,144683,2024-12-30 14:45:00+00:00,2024-12-30 15:00:00+00:00,2024-12-30 16:15:00+00:00,5927.25,5955.75,-114.0,-117.0,-1.0,171.0,114.0,3.0,sl,5,6,1.25,-877.5,877.5,1282.5,2024-12-30
futures,ES,reddit_orb_fade,reddit_orb_fade|ny|range=15|entry=150|rr=1.5|sl_atr=1|tp_atr=1.5|threshold=2|adx_max=none|adx_min=none|rsi2=none|trend=all|max_bars=24,long,144678,144679,144679,2024-12-30 15:00:00+00:00,2024-12-30 15:15:00+00:00,2024-12-30 15:15:00+00:00,5934.75,5921.25,-54.0,-57.0,-1.0,81.0,54.0,3.0,sl,1,5,1.25,-356.25,356.25,506.25,2024-12-30
futures,NQ,reddit_orb_fade,reddit_orb_fade|ny|range=15|entry=150|rr=1.5|sl_atr=1|tp_atr=1.5|threshold=2|adx_max=none|adx_min=none|rsi2=none|trend=all|max_bars=24,long,144650,144651,144659,2024-12-30 15:00:00+00:00,2024-12-30 15:15:00+00:00,2024-12-30 17:15:00+00:00,21351.25,21498.625,589.5,586.5,1.481060606060606,589.5,393.0,3.0,tp,8,6,0.5,1759.5,1188.0,1768.5,2024-12-30
futures,ES,reddit_orb_retest,reddit_orb_retest|ny|range=15|entry=150|rr=1.5|sl_atr=1|tp_atr=1.5|threshold=2|adx_max=none|adx_min=none|rsi2=none|trend=all|max_bars=24,short,144679,144680,144683,2024-12-30 15:15:00+00:00,2024-12-30 15:30:00+00:00,2024-12-30 16:15:00+00:00,5922.25,5955.75,-134.0,-137.0,-1.0,201.0,134.0,3.0,sl,3,2,1.25,-342.5,342.5,502.5,2024-12-30
futures,ES,reddit_orb_fade,reddit_orb_fade|ny|range=15|entry=150|rr=1.5|sl_atr=1|tp_atr=1.5|threshold=2|adx_max=none|adx_min=none|rsi2=none|trend=all|max_bars=24,short,144770,144771,144776,2024-12-31 15:00:00+00:00,2024-12-31 15:15:00+00:00,2024-12-31 16:30:00+00:00,5964.5,5940.751468547971,94.99412580811622,91.99412580811622,1.386927997923222,94.99412580811622,63.32941720541203,3.0,tp,5,5,1.25,574.9632863007264,414.5588575338252,593.7132863007264,2024-12-31
futures,NQ,reddit_orb_fade,reddit_orb_fade|ny|range=15|entry=150|rr=1.5|sl_atr=1|tp_atr=1.5|threshold=2|adx_max=none|adx_min=none|rsi2=none|trend=all|max_bars=24,long,144742,144743,144743,2024-12-31 15:00:00+00:00,2024-12-31 15:15:00+00:00,2024-12-31 15:15:00+00:00,21383.25,21457.875,298.5,295.5,1.4628712871287128,298.5,199.0,3.0,tp,1,6,0.5,886.5,606.0,895.5,2024-12-31
futures,ES,reddit_orb_breakout,reddit_orb_breakout|ny|range=15|entry=150|rr=1.5|sl_atr=1|tp_atr=1.5|threshold=2|adx_max=none|adx_min=none|rsi2=none|trend=ema|max_bars=24,short,144774,144775,144794,2024-12-31 16:00:00+00:00,2024-12-31 16:15:00+00:00,2024-12-31 21:00:00+00:00,5952.25,5937.75,58.0,55.0,0.4824561403508772,166.5,111.0,3.0,session_close,19,6,1.25,412.5,855.0,1248.75,2024-12-31
futures,ES,reddit_orb_fade,reddit_orb_fade|ny|range=15|entry=150|rr=1.5|sl_atr=1|tp_atr=1.5|threshold=2|adx_max=none|adx_min=none|rsi2=none|trend=all|max_bars=24,short,144863,144864,144872,2025-01-02 15:15:00+00:00,2025-01-02 15:30:00+00:00,2025-01-02 17:30:00+00:00,5951.0,5904.125,187.5,184.5,1.44140625,187.5,125.0,3.0,tp,8,5,1.25,1153.125,800.0,1171.875,2025-01-02
futures,ES,reddit_orb_breakout,reddit_orb_breakout|ny|range=15|entry=150|rr=1.5|sl_atr=1|tp_atr=1.5|threshold=2|adx_max=none|adx_min=none|rsi2=none|trend=ema|max_bars=24,long,145045,145046,145061,2025-01-06 14:45:00+00:00,2025-01-06 15:00:00+00:00,2025-01-06 18:45:00+00:00,6049.25,6028.75,-82.0,-85.0,-1.0,123.0,82.0,3.0,sl,15,6,1.25,-637.5,637.5,922.5,2025-01-06
futures,NQ,reddit_orb_fade,reddit_orb_fade|ny|range=15|entry=150|rr=1.5|sl_atr=1|tp_atr=1.5|threshold=2|adx_max=none|adx_min=none|rsi2=none|trend=all|max_bars=24,short,145017,145018,145018,2025-01-06 14:45:00+00:00,2025-01-06 15:00:00+00:00,2025-01-06 15:00:00+00:00,21818.25,21848.75,-122.0,-125.0,-1.0,183.0,122.0,3.0,sl,1,6,0.5,-375.0,375.0,549.0,2025-01-06
futures,ES,reddit_orb_retest,reddit_orb_retest|ny|range=15|entry=150|rr=1.5|sl_atr=1|tp_atr=1.5|threshold=2|adx_max=none|adx_min=none|rsi2=none|trend=all|max_bars=24,long,145046,145047,145061,2025-01-06 15:00:00+00:00,2025-01-06 15:15:00+00:00,2025-01-06 18:45:00+00:00,6058.0,6028.75,-117.0,-120.0,-1.0,175.5,117.0,3.0,sl,14,2,1.25,-300.0,300.0,438.75,2025-01-06
futures,ES,reddit_orb_fade,reddit_orb_fade|ny|range=15|entry=150|rr=1.5|sl_atr=1|tp_atr=1.5|threshold=2|adx_max=none|adx_min=none|rsi2=none|trend=all|max_bars=24,long,145229,145230,145230,2025-01-08 14:45:00+00:00,2025-01-08 15:00:00+00:00,2025-01-08 15:00:00+00:00,5939.5,5931.25,-33.0,-36.0,-1.0,49.5,33.0,3.0,same_bar_sl,1,5,1.25,-225.0,225.0,309.375,2025-01-08
futures,NQ,reddit_orb_fade,reddit_orb_fade|ny|range=15|entry=150|rr=1.5|sl_atr=1|tp_atr=1.5|threshold=2|adx_max=none|adx_min=none|rsi2=none|trend=all|max_bars=24,long,145201,145202,145202,2025-01-08 14:45:00+00:00,2025-01-08 15:00:00+00:00,2025-01-08 15:00:00+00:00,21343.5,21286.0,-230.0,-233.0,-1.0,345.0,230.0,3.0,sl,1,6,0.5,-699.0,699.0,1035.0,2025-01-08
futures,ES,reddit_orb_breakout,reddit_orb_breakout|ny|range=15|entry=150|rr=1.5|sl_atr=1|tp_atr=1.5|threshold=2|adx_max=none|adx_min=none|rsi2=none|trend=ema|max_bars=24,short,145230,145231,145236,2025-01-08 15:00:00+00:00,2025-01-08 15:15:00+00:00,2025-01-08 16:30:00+00:00,5930.5,5954.0,-94.0,-97.0,-1.0,141.0,94.0,3.0,sl,5,6,1.25,-727.5,727.5,1057.5,2025-01-08
futures,ES,reddit_orb_retest,reddit_orb_retest|ny|range=15|entry=150|rr=1.5|sl_atr=1|tp_atr=1.5|threshold=2|adx_max=none|adx_min=none|rsi2=none|trend=all|max_bars=24,short,145231,145232,145236,2025-01-08 15:15:00+00:00,2025-01-08 15:30:00+00:00,2025-01-08 16:30:00+00:00,5930.5,5954.0,-94.0,-97.0,-1.0,141.0,94.0,3.0,sl,4,2,1.25,-242.5,242.5,352.5,2025-01-08
futures,ES,reddit_orb_breakout,reddit_orb_breakout|ny|range=15|entry=150|rr=1.5|sl_atr=1|tp_atr=1.5|threshold=2|adx_max=none|adx_min=none|rsi2=none|trend=ema|max_bars=24,short,145383,145384,145408,2025-01-10 14:45:00+00:00,2025-01-10 15:00:00+00:00,2025-01-10 21:00:00+00:00,5890.25,5864.75,102.0,99.0,0.7674418604651163,189.0,126.0,3.0,session_close,24,6,1.25,742.5,967.5,1417.5,2025-01-10
futures,ES,reddit_orb_fade,reddit_orb_fade|ny|range=15|entry=150|rr=1.5|sl_atr=1|tp_atr=1.5|threshold=2|adx_max=none|adx_min=none|rsi2=none|trend=all|max_bars=24,short,145476,145477,145478,2025-01-13 15:00:00+00:00,2025-01-13 15:15:00+00:00,2025-01-13 15:30:00+00:00,5828.25,5846.25,-72.0,-75.0,-1.0,108.0,72.0,3.0,sl,1,5,1.25,-468.75,468.75,675.0,2025-01-13
futures,NQ,reddit_orb_fade,reddit_orb_fade|ny|range=15|entry=150|rr=1.5|sl_atr=1|tp_atr=1.5|threshold=2|adx_max=none|adx_min=none|rsi2=none|trend=all|max_bars=24,short,145448,145449,145450,2025-01-13 15:00:00+00:00,2025-01-13 15:15:00+00:00,2025-01-13 15:30:00+00:00,20773.5,20855.5,-328.0,-331.0,-1.0,492.0,328.0,3.0,sl,1,6,0.5,-993.0,993.0,1476.0,2025-01-13
futures,ES,reddit_orb_retest,reddit_orb_retest|ny|range=15|entry=150|rr=1.5|sl_atr=1|tp_atr=1.5|threshold=2|adx_max=none|adx_min=none|rsi2=none|trend=all|max_bars=24,long,145478,145479,145500,2025-01-13 15:30:00+00:00,2025-01-13 15:45:00+00:00,2025-01-13 21:00:00+00:00,5846.75,5878.0,125.0,122.0,0.8840579710144928,202.5,135.0,3.0,session_close,21,2,1.25,305.0,345.0,506.25,2025-01-13
futures,ES,reddit_orb_fade,reddit_orb_fade|ny|range=15|entry=150|rr=1.5|sl_atr=1|tp_atr=1.5|threshold=2|adx_max=none|adx_min=none|rsi2=none|trend=all|max_bars=24,long,145568,145569,145570,2025-01-14 15:00:00+00:00,2025-01-14 15:15:00+00:00,2025-01-14 15:30:00+00:00,5900.25,5880.75,-78.0,-81.0,-1.0,117.0,78.0,3.0,sl,1,5,1.25,-506.25,506.25,731.25,2025-01-14
futures,ES,reddit_orb_retest,reddit_orb_retest|ny|range=15|entry=150|rr=1.5|sl_atr=1|tp_atr=1.5|threshold=2|adx_max=none|adx_min=none|rsi2=none|trend=all|max_bars=24,short,145569,145570,145572,2025-01-14 15:15:00+00:00,2025-01-14 15:30:00+00:00,2025-01-14 16:00:00+00:00,5891.25,5863.5,111.0,108.0,1.4025974025974026,111.0,74.0,3.0,tp,2,2,1.25,270.0,192.5,277.5,2025-01-14
futures,ES,reddit_orb_breakout,reddit_orb_breakout|ny|range=15|entry=150|rr=1.5|sl_atr=1|tp_atr=1.5|threshold=2|adx_max=none|adx_min=none|rsi2=none|trend=ema|max_bars=24,long,145659,145660,145684,2025-01-15 14:45:00+00:00,2025-01-15 15:00:00+00:00,2025-01-15 21:00:00+00:00,5981.0,5986.25,21.0,18.0,0.15384615384615385,171.0,114.0,3.0,session_close,24,6,1.25,135.0,877.5,1282.5,2025-01-15
futures,ES,reddit_orb_fade,reddit_orb_fade|ny|range=15|entry=150|rr=1.5|sl_atr=1|tp_atr=1.5|threshold=2|adx_max=none|adx_min=none|rsi2=none|trend=all|max_bars=24,short,145663,145664,145664,2025-01-15 15:45:00+00:00,2025-01-15 16:00:00+00:00,2025-01-15 16:00:00+00:00,5973.25,5981.5,-33.0,-36.0,-1.0,49.5,33.0,3.0,sl,1,5,1.25,-225.0,225.0,309.375,2025-01-15
futures,ES,reddit_orb_retest,reddit_orb_retest|ny|range=15|entry=150|rr=1.5|sl_atr=1|tp_atr=1.5|threshold=2|adx_max=none|adx_min=none|rsi2=none|trend=all|max_bars=24,long,145664,145665,145684,2025-01-15 16:00:00+00:00,2025-01-15 16:15:00+00:00,2025-01-15 21:00:00+00:00,5976.75,5986.25,38.0,35.0,0.35,145.5,97.0,3.0,session_close,19,2,1.25,87.5,250.0,363.75,2025-01-15
futures,NQ,reddit_orb_fade,reddit_orb_fade|ny|range=15|entry=150|rr=1.5|sl_atr=1|tp_atr=1.5|threshold=2|adx_max=none|adx_min=none|rsi2=none|trend=all|max_bars=24,short,145638,145639,145642,2025-01-15 16:30:00+00:00,2025-01-15 16:45:00+00:00,2025-01-15 17:30:00+00:00,21270.25,21332.75,-250.0,-253.0,-1.0,375.0,250.0,3.0,sl,3,6,0.5,-759.0,759.0,1125.0,2025-01-15
futures,ES,reddit_orb_retest,reddit_orb_retest|ny|range=15|entry=150|rr=1.5|sl_atr=1|tp_atr=1.5|threshold=2|adx_max=none|adx_min=none|rsi2=none|trend=all|max_bars=24,short,145752,145753,145756,2025-01-16 15:00:00+00:00,2025-01-16 15:15:00+00:00,2025-01-16 16:00:00+00:00,5979.75,6003.0,-93.0,-96.0,-1.0,139.5,93.0,3.0,sl,3,2,1.25,-240.0,240.0,348.75,2025-01-16
futures,ES,reddit_orb_fade,reddit_orb_fade|ny|range=15|entry=150|rr=1.5|sl_atr=1|tp_atr=1.5|threshold=2|adx_max=none|adx_min=none|rsi2=none|trend=all|max_bars=24,long,145755,145756,145758,2025-01-16 15:45:00+00:00,2025-01-16 16:00:00+00:00,2025-01-16 16:30:00+00:00,5994.75,5979.0,-63.0,-66.0,-1.0,94.5,63.0,3.0,sl,2,5,1.25,-412.5,412.5,590.625,2025-01-16
futures,NQ,reddit_orb_fade,reddit_orb_fade|ny|range=15|entry=150|rr=1.5|sl_atr=1|tp_atr=1.5|threshold=2|adx_max=none|adx_min=none|rsi2=none|trend=all|max_bars=24,long,145727,145728,145730,2025-01-16 15:45:00+00:00,2025-01-16 16:00:00+00:00,2025-01-16 16:30:00+00:00,21424.75,21339.5,-341.0,-344.0,-1.0,511.5,341.0,3.0,sl,2,6,0.5,-1032.0,1032.0,1534.5,2025-01-16
futures,ES,reddit_orb_fade,reddit_orb_fade|ny|range=15|entry=150|rr=1.5|sl_atr=1|tp_atr=1.5|threshold=2|adx_max=none|adx_min=none|rsi2=none|trend=all|max_bars=24,short,145843,145844,145844,2025-01-17 14:45:00+00:00,2025-01-17 15:00:00+00:00,2025-01-17 15:00:00+00:00,6020.25,6030.25,-40.0,-43.0,-1.0,60.0,40.0,3.0,sl,1,5,1.25,-268.75,268.75,375.0,2025-01-17
futures,NQ,reddit_orb_fade,reddit_orb_fade|ny|range=15|entry=150|rr=1.5|sl_atr=1|tp_atr=1.5|threshold=2|adx_max=none|adx_min=none|rsi2=none|trend=all|max_bars=24,long,145815,145816,145816,2025-01-17 14:45:00+00:00,2025-01-17 15:00:00+00:00,2025-01-17 15:00:00+00:00,21505.5,21533.25,111.0,108.0,1.4025974025974026,111.0,74.0,3.0,tp,1,6,0.5,324.0,231.0,333.0,2025-01-17
futures,ES,reddit_orb_breakout,reddit_orb_breakout|ny|range=15|entry=150|rr=1.5|sl_atr=1|tp_atr=1.5|threshold=2|adx_max=none|adx_min=none|rsi2=none|trend=ema|max_bars=24,long,145846,145847,145868,2025-01-17 15:30:00+00:00,2025-01-17 15:45:00+00:00,2025-01-17 21:00:00+00:00,6032.0,6030.25,-7.0,-10.0,-0.125,115.5,77.0,3.0,session_close,21,6,1.25,-75.0,600.0,866.25,2025-01-17
futures,ES,reddit_orb_fade,reddit_orb_fade|ny|range=15|entry=150|rr=1.5|sl_atr=1|tp_atr=1.5|threshold=2|adx_max=none|adx_min=none|rsi2=none|trend=all|max_bars=24,long,145936,145937,145937,2025-01-20 15:00:00+00:00,2025-01-20 15:15:00+00:00,2025-01-20 15:15:00+00:00,6064.0,6061.0,-12.0,-15.0,-1.0,18.0,12.0,3.0,sl,1,5,1.25,-93.75,93.75,112.5,2025-01-20
futures,NQ,reddit_orb_fade,reddit_orb_fade|ny|range=15|entry=150|rr=1.5|sl_atr=1|tp_atr=1.5|threshold=2|adx_max=none|adx_min=none|rsi2=none|trend=all|max_bars=24,long,145908,145909,145909,2025-01-20 15:00:00+00:00,2025-01-20 15:15:00+00:00,2025-01-20 15:15:00+00:00,21721.5,21711.5,-40.0,-43.0,-1.0,60.0,40.0,3.0,sl,1,6,0.5,-129.0,129.0,180.0,2025-01-20
futures,NQ,reddit_orb_retest,reddit_orb_retest|ny|range=15|entry=150|rr=1.5|sl_atr=1|tp_atr=1.5|threshold=2|adx_max=none|adx_min=none|rsi2=none|trend=all|max_bars=24,short,145913,145914,145920,2025-01-20 16:15:00+00:00,2025-01-20 16:30:00+00:00,2025-01-20 23:00:00+00:00,21707.75,21712.5,-19.0,-22.0,-0.07665505226480836,426.0,284.0,3.0,session_close,6,8,0.5,-88.0,1148.0,1704.0,2025-01-20
futures,ES,reddit_orb_fade,reddit_orb_fade|ny|range=15|entry=150|rr=1.5|sl_atr=1|tp_atr=1.5|threshold=2|adx_max=none|adx_min=none|rsi2=none|trend=all|max_bars=24,short,146011,146012,146012,2025-01-21 14:45:00+00:00,2025-01-21 15:00:00+00:00,2025-01-21 15:00:00+00:00,6062.5,6048.25,57.0,54.0,1.3170731707317074,57.0,38.0,3.0,tp,1,5,1.25,337.5,256.25,356.25,2025-01-21
futures,ES,reddit_orb_breakout,reddit_orb_breakout|ny|range=15|entry=150|rr=1.5|sl_atr=1|tp_atr=1.5|threshold=2|adx_max=none|adx_min=none|rsi2=none|trend=ema|max_bars=24,long,146019,146020,146036,2025-01-21 16:45:00+00:00,2025-01-21 17:00:00+00:00,2025-01-21 21:00:00+00:00,6071.0,6088.0,68.0,65.0,0.8666666666666667,108.0,72.0,3.0,session_close,16,6,1.25,487.5,562.5,810.0,2025-01-21
futures,ES,reddit_orb_breakout,reddit_orb_breakout|ny|range=15|entry=150|rr=1.5|sl_atr=1|tp_atr=1.5|threshold=2|adx_max=none|adx_min=none|rsi2=none|trend=ema|max_bars=24,long,146103,146104,146128,2025-01-22 14:45:00+00:00,2025-01-22 15:00:00+00:00,2025-01-22 21:00:00+00:00,6122.25,6118.75,-14.0,-17.0,-0.3617021276595745,66.0,44.0,3.0,session_close,24,6,1.25,-127.5,352.5,495.0,2025-01-22
futures,ES,reddit_orb_retest,reddit_orb_retest|ny|range=15|entry=150|rr=1.5|sl_atr=1|tp_atr=1.5|threshold=2|adx_max=none|adx_min=none|rsi2=none|trend=all|max_bars=24,long,146104,146105,146128,2025-01-22 15:00:00+00:00,2025-01-22 15:15:00+00:00,2025-01-22 21:00:00+00:00,6124.5,6118.75,-23.0,-26.0,-0.4642857142857143,79.5,53.0,3.0,session_close,23,2,1.25,-65.0,140.0,198.75,2025-01-22
futures,ES,reddit_orb_fade,reddit_orb_fade|ny|range=15|entry=150|rr=1.5|sl_atr=1|tp_atr=1.5|threshold=2|adx_max=none|adx_min=none|rsi2=none|trend=all|max_bars=24,short,146195,146196,146196,2025-01-23 14:45:00+00:00,2025-01-23 15:00:00+00:00,2025-01-23 15:00:00+00:00,6118.5,6117.75,3.0,0.0,0.0,3.0,2.0,3.0,tp,1,5,1.25,0.0,31.25,18.75,2025-01-23
futures,NQ,reddit_orb_fade,reddit_orb_fade|ny|range=15|entry=150|rr=1.5|sl_atr=1|tp_atr=1.5|threshold=2|adx_max=none|adx_min=none|rsi2=none|trend=all|max_bars=24,short,146167,146168,146170,2025-01-23 14:45:00+00:00,2025-01-23 15:00:00+00:00,2025-01-23 15:30:00+00:00,21898.0,21918.0,-80.0,-83.0,-1.0,120.0,80.0,3.0,sl,2,6,0.5,-249.0,249.0,360.0,2025-01-23
futures,ES,reddit_orb_breakout,reddit_orb_breakout|ny|range=15|entry=150|rr=1.5|sl_atr=1|tp_atr=1.5|threshold=2|adx_max=none|adx_min=none|rsi2=none|trend=ema|max_bars=24,long,146198,146199,146208,2025-01-23 15:30:00+00:00,2025-01-23 15:45:00+00:00,2025-01-23 18:00:00+00:00,6121.25,6136.25,60.0,57.0,1.3255813953488371,60.0,40.0,3.0,tp,9,6,1.25,427.5,322.5,450.0,2025-01-23
futures,NQ,reddit_orb_retest,reddit_orb_retest|ny|range=15|entry=150|rr=1.5|sl_atr=1|tp_atr=1.5|threshold=2|adx_max=none|adx_min=none|rsi2=none|trend=all|max_bars=24,long,146172,146173,146192,2025-01-23 16:00:00+00:00,2025-01-23 16:15:00+00:00,2025-01-23 21:00:00+00:00,21939.25,22025.25,344.0,341.0,1.152027027027027,439.5,293.0,3.0,session_close,19,8,0.5,1364.0,1184.0,1758.0,2025-01-23
futures,ES,reddit_orb_fade,reddit_orb_fade|ny|range=15|entry=150|rr=1.5|sl_atr=1|tp_atr=1.5|threshold=2|adx_max=none|adx_min=none|rsi2=none|trend=all|max_bars=24,short,146287,146288,146288,2025-01-24 14:45:00+00:00,2025-01-24 15:00:00+00:00,2025-01-24 15:00:00+00:00,6157.25,6149.75,30.0,27.0,1.173913043478261,30.0,20.0,3.0,tp,1,5,1.25,168.75,143.75,187.5,2025-01-24
futures,NQ,reddit_orb_fade,reddit_orb_fade|ny|range=15|entry=150|rr=1.5|sl_atr=1|tp_atr=1.5|threshold=2|adx_max=none|adx_min=none|rsi2=none|trend=all|max_bars=24,short,146260,146261,146271,2025-01-24 15:00:00+00:00,2025-01-24 15:15:00+00:00,2025-01-24 17:45:00+00:00,22017.0,21937.125,319.5,316.5,1.4652777777777777,319.5,213.0,3.0,tp,10,6,0.5,949.5,648.0,958.5,2025-01-24
futures,ES,reddit_orb_retest,reddit_orb_retest|ny|range=15|entry=150|rr=1.5|sl_atr=1|tp_atr=1.5|threshold=2|adx_max=none|adx_min=none|rsi2=none|trend=all|max_bars=24,short,146289,146290,146303,2025-01-24 15:15:00+00:00,2025-01-24 15:30:00+00:00,2025-01-24 18:45:00+00:00,6147.5,6131.75,63.0,60.0,1.3333333333333333,63.0,42.0,3.0,tp,13,2,1.25,150.0,112.5,157.5,2025-01-24
futures,ES,reddit_orb_fade,reddit_orb_fade|ny|range=15|entry=150|rr=1.5|sl_atr=1|tp_atr=1.5|threshold=2|adx_max=none|adx_min=none|rsi2=none|trend=all|max_bars=24,short,146380,146381,146381,2025-01-27 15:00:00+00:00,2025-01-27 15:15:00+00:00,2025-01-27 15:15:00+00:00,6028.25,6038.25,-40.0,-43.0,-1.0,60.0,40.0,3.0,sl,1,5,1.25,-268.75,268.75,375.0,2025-01-27
futures,NQ,reddit_orb_fade,reddit_orb_fade|ny|range=15|entry=150|rr=1.5|sl_atr=1|tp_atr=1.5|threshold=2|adx_max=none|adx_min=none|rsi2=none|trend=all|max_bars=24,short,146352,146353,146353,2025-01-27 15:00:00+00:00,2025-01-27 15:15:00+00:00,2025-01-27 15:15:00+00:00,21291.0,21334.5,-174.0,-177.0,-1.0,261.0,174.0,3.0,sl,1,6,0.5,-531.0,531.0,783.0,2025-01-27
futures,ES,reddit_orb_retest,reddit_orb_retest|ny|range=15|entry=150|rr=1.5|sl_atr=1|tp_atr=1.5|threshold=2|adx_max=none|adx_min=none|rsi2=none|trend=all|max_bars=24,long,146381,146382,146404,2025-01-27 15:15:00+00:00,2025-01-27 15:30:00+00:00,2025-01-27 21:00:00+00:00,6041.0,6050.25,37.0,34.0,0.18888888888888888,265.5,177.0,3.0,session_close,22,2,1.25,85.0,450.0,663.75,2025-01-27
futures,ES,reddit_orb_fade,reddit_orb_fade|ny|range=15|entry=150|rr=1.5|sl_atr=1|tp_atr=1.5|threshold=2|adx_max=none|adx_min=none|rsi2=none|trend=all|max_bars=24,long,146471,146472,146473,2025-01-28 14:45:00+00:00,2025-01-28 15:00:00+00:00,2025-01-28 15:15:00+00:00,6039.75,6064.125,97.5,94.5,1.3897058823529411,97.5,65.0,3.0,tp,1,5,1.25,590.625,425.0,609.375,2025-01-28
futures,NQ,reddit_orb_fade,reddit_orb_fade|ny|range=15|entry=150|rr=1.5|sl_atr=1|tp_atr=1.5|threshold=2|adx_max=none|adx_min=none|rsi2=none|trend=all|max_bars=24,long,146535,146536,146536,2025-01-29 14:45:00+00:00,2025-01-29 15:00:00+00:00,2025-01-29 15:00:00+00:00,21518.5,21555.25,147.0,144.0,1.4257425742574257,147.0,98.0,3.0,tp,1,6,0.5,432.0,303.0,441.0,2025-01-29
futures,ES,reddit_orb_fade,reddit_orb_fade|ny|range=15|entry=150|rr=1.5|sl_atr=1|tp_atr=1.5|threshold=2|adx_max=none|adx_min=none|rsi2=none|trend=all|max_bars=24,short,146564,146565,146570,2025-01-29 15:00:00+00:00,2025-01-29 15:15:00+00:00,2025-01-29 16:30:00+00:00,6083.5,6071.875,46.5,43.5,1.2794117647058822,46.5,31.0,3.0,tp,5,5,1.25,271.875,212.5,290.625,2025-01-29
futures,ES,reddit_orb_breakout,reddit_orb_breakout|ny|range=15|entry=150|rr=1.5|sl_atr=1|tp_atr=1.5|threshold=2|adx_max=none|adx_min=none|rsi2=none|trend=ema|max_bars=24,long,146655,146656,146656,2025-01-30 14:45:00+00:00,2025-01-30 15:00:00+00:00,2025-01-30 15:00:00+00:00,6099.25,6083.5,-63.0,-66.0,-1.0,94.5,63.0,3.0,sl,1,6,1.25,-495.0,495.0,708.75,2025-01-30
futures,ES,reddit_orb_fade,reddit_orb_fade|ny|range=15|entry=150|rr=1.5|sl_atr=1|tp_atr=1.5|threshold=2|adx_max=none|adx_min=none|rsi2=none|trend=all|max_bars=24,short,146656,146657,146659,2025-01-30 15:00:00+00:00,2025-01-30 15:15:00+00:00,2025-01-30 15:45:00+00:00,6086.75,6066.875,79.5,76.5,1.3660714285714286,79.5,53.0,3.0,tp,2,5,1.25,478.125,350.0,496.875,2025-01-30
futures,NQ,reddit_orb_fade,reddit_orb_fade|ny|range=15|entry=150|rr=1.5|sl_atr=1|tp_atr=1.5|threshold=2|adx_max=none|adx_min=none|rsi2=none|trend=all|max_bars=24,short,146628,146629,146631,2025-01-30 15:00:00+00:00,2025-01-30 15:15:00+00:00,2025-01-30 15:45:00+00:00,21597.25,21478.75,474.0,471.0,1.4764890282131662,474.0,316.0,3.0,tp,2,6,0.5,1413.0,957.0,1422.0,2025-01-30
futures,ES,reddit_orb_breakout,reddit_orb_breakout|ny|range=15|entry=150|rr=1.5|sl_atr=1|tp_atr=1.5|threshold=2|adx_max=none|adx_min=none|rsi2=none|trend=ema|max_bars=24,long,146747,146748,146752,2025-01-31 14:45:00+00:00,2025-01-31 15:00:00+00:00,2025-01-31 16:00:00+00:00,6128.75,6144.5,63.0,60.0,1.3333333333333333,63.0,42.0,3.0,tp,4,6,1.25,450.0,337.5,472.5,2025-01-31
futures,ES,reddit_orb_fade,reddit_orb_fade|ny|range=15|entry=150|rr=1.5|sl_atr=1|tp_atr=1.5|threshold=2|adx_max=none|adx_min=none|rsi2=none|trend=all|max_bars=24,long,146839,146840,146840,2025-02-03 14:45:00+00:00,2025-02-03 15:00:00+00:00,2025-02-03 15:00:00+00:00,5965.25,5961.25,-16.0,-19.0,-1.0,24.0,16.0,3.0,sl,1,5,1.25,-118.75,118.75,150.0,2025-02-03
futures,NQ,reddit_orb_fade,reddit_orb_fade|ny|range=15|entry=150|rr=1.5|sl_atr=1|tp_atr=1.5|threshold=2|adx_max=none|adx_min=none|rsi2=none|trend=all|max_bars=24,long,146811,146812,146812,2025-02-03 14:45:00+00:00,2025-02-03 15:00:00+00:00,2025-02-03 15:00:00+00:00,21215.25,21171.5,-175.0,-178.0,-1.0,262.5,175.0,3.0,sl,1,6,0.5,-534.0,534.0,787.5,2025-02-03
futures,ES,reddit_orb_breakout,reddit_orb_breakout|ny|range=15|entry=150|rr=1.5|sl_atr=1|tp_atr=1.5|threshold=2|adx_max=none|adx_min=none|rsi2=none|trend=ema|max_bars=24,short,146840,146841,146841,2025-02-03 15:00:00+00:00,2025-02-03 15:15:00+00:00,2025-02-03 15:15:00+00:00,5956.25,5989.5,-133.0,-136.0,-1.0,199.5,133.0,3.0,sl,1,6,1.25,-1020.0,1020.0,1496.25,2025-02-03
futures,NQ,reddit_orb_fade,reddit_orb_fade|ny|range=15|entry=150|rr=1.5|sl_atr=1|tp_atr=1.5|threshold=2|adx_max=none|adx_min=none|rsi2=none|trend=all|max_bars=24,short,146995,146996,146996,2025-02-05 14:45:00+00:00,2025-02-05 15:00:00+00:00,2025-02-05 15:00:00+00:00,21564.75,21591.5,-107.0,-110.0,-1.0,160.5,107.0,3.0,same_bar_sl,1,6,0.5,-330.0,330.0,481.5,2025-02-05
futures,ES,reddit_orb_retest,reddit_orb_retest|ny|range=15|entry=150|rr=1.5|sl_atr=1|tp_atr=1.5|threshold=2|adx_max=none|adx_min=none|rsi2=none|trend=all|max_bars=24,short,147024,147025,147028,2025-02-05 15:00:00+00:00,2025-02-05 15:15:00+00:00,2025-02-05 16:00:00+00:00,6043.5,6055.5,-48.0,-51.0,-1.0,72.0,48.0,3.0,sl,3,2,1.25,-127.5,127.5,180.0,2025-02-05
futures,ES,reddit_orb_fade,reddit_orb_fade|ny|range=15|entry=150|rr=1.5|sl_atr=1|tp_atr=1.5|threshold=2|adx_max=none|adx_min=none|rsi2=none|trend=all|max_bars=24,long,147025,147026,147031,2025-02-05 15:15:00+00:00,2025-02-05 15:30:00+00:00,2025-02-05 16:45:00+00:00,6050.5,6071.875,85.5,82.5,1.375,85.5,57.0,3.0,tp,5,5,1.25,515.625,375.0,534.375,2025-02-05
futures,NQ,reddit_orb_retest,reddit_orb_retest|ny|range=15|entry=150|rr=1.5|sl_atr=1|tp_atr=1.5|threshold=2|adx_max=none|adx_min=none|rsi2=none|trend=all|max_bars=24,long,146999,147000,147003,2025-02-05 15:45:00+00:00,2025-02-05 16:00:00+00:00,2025-02-05 16:45:00+00:00,21591.25,21699.625,433.5,430.5,1.4743150684931507,433.5,289.0,3.0,tp,3,8,0.5,1722.0,1168.0,1734.0,2025-02-05
futures,ES,reddit_orb_breakout,reddit_orb_breakout|ny|range=15|entry=150|rr=1.5|sl_atr=1|tp_atr=1.5|threshold=2|adx_max=none|adx_min=none|rsi2=none|trend=ema|max_bars=24,long,147029,147030,147031,2025-02-05 16:15:00+00:00,2025-02-05 16:30:00+00:00,2025-02-05 16:45:00+00:00,6057.0,6073.125,64.5,61.5,1.3369565217391304,64.5,43.0,3.0,tp,1,6,1.25,461.25,345.0,483.75,2025-02-05
futures,ES,reddit_orb_fade,reddit_orb_fade|ny|range=15|entry=150|rr=1.5|sl_atr=1|tp_atr=1.5|threshold=2|adx_max=none|adx_min=none|rsi2=none|trend=all|max_bars=24,short,147115,147116,147134,2025-02-06 14:45:00+00:00,2025-02-06 15:00:00+00:00,2025-02-06 19:30:00+00:00,6096.25,6083.125,52.5,49.5,1.3026315789473684,52.5,35.0,3.0,tp,18,5,1.25,309.375,237.5,328.125,2025-02-06
futures,NQ,reddit_orb_breakout,reddit_orb_breakout|ny|range=15|entry=150|rr=1|sl_atr=1|tp_atr=1.5|threshold=2|adx_max=none|adx_min=none|rsi2=none|trend=ema|max_bars=24,long,147087,147088,147089,2025-02-06 14:45:00+00:00,2025-02-06 15:00:00+00:00,2025-02-06 15:15:00+00:00,21789.5,21840.75,205.0,202.0,0.9711538461538461,205.0,205.0,3.0,tp,1,12,0.5,1212.0,1248.0,1230.0,2025-02-06
futures,ES,reddit_orb_retest,reddit_orb_retest|ny|range=15|entry=150|rr=1.5|sl_atr=1|tp_atr=1.5|threshold=2|adx_max=none|adx_min=none|rsi2=none|trend=all|max_bars=24,short,147118,147119,147134,2025-02-06 15:30:00+00:00,2025-02-06 15:45:00+00:00,2025-02-06 19:30:00+00:00,6091.0,6070.75,81.0,78.0,1.368421052631579,81.0,54.0,3.0,tp,15,2,1.25,195.0,142.5,202.5,2025-02-06
futures,NQ,reddit_orb_fade,reddit_orb_fade|ny|range=15|entry=150|rr=1.5|sl_atr=1|tp_atr=1.5|threshold=2|adx_max=none|adx_min=none|rsi2=none|trend=all|max_bars=24,short,147090,147091,147101,2025-02-06 15:30:00+00:00,2025-02-06 15:45:00+00:00,2025-02-06 18:15:00+00:00,21777.25,21836.0,-235.0,-238.0,-1.0,352.5,235.0,3.0,sl,10,6,0.5,-714.0,714.0,1057.5,2025-02-06
futures,ES,reddit_orb_breakout,reddit_orb_breakout|ny|range=15|entry=150|rr=1.5|sl_atr=1|tp_atr=1.5|threshold=2|adx_max=none|adx_min=none|rsi2=none|trend=ema|max_bars=24,long,147207,147208,147208,2025-02-07 14:45:00+00:00,2025-02-07 15:00:00+00:00,2025-02-07 15:00:00+00:00,6120.5,6107.25,-53.0,-56.0,-1.0,79.5,53.0,3.0,sl,1,6,1.25,-420.0,420.0,596.25,2025-02-07
futures,ES,reddit_orb_fade,reddit_orb_fade|ny|range=15|entry=150|rr=1.5|sl_atr=1|tp_atr=1.5|threshold=2|adx_max=none|adx_min=none|rsi2=none|trend=all|max_bars=24,short,147208,147209,147232,2025-02-07 15:00:00+00:00,2025-02-07 15:15:00+00:00,2025-02-07 21:00:00+00:00,6084.25,6051.25,132.0,129.0,0.8716216216216216,217.5,145.0,3.0,session_close,23,5,1.25,806.25,925.0,1359.375,2025-02-07
futures,NQ,reddit_orb_fade,reddit_orb_fade|ny|range=15|entry=150|rr=1.5|sl_atr=1|tp_atr=1.5|threshold=2|adx_max=none|adx_min=none|rsi2=none|trend=all|max_bars=24,short,147271,147272,147272,2025-02-10 14:45:00+00:00,2025-02-10 15:00:00+00:00,2025-02-10 15:00:00+00:00,21792.5,21809.0,-66.0,-69.0,-1.0,99.0,66.0,3.0,sl,1,6,0.5,-207.0,207.0,297.0,2025-02-10
futures,ES,reddit_orb_retest,reddit_orb_retest|ny|range=15|entry=150|rr=1.5|sl_atr=1|tp_atr=1.5|threshold=2|adx_max=none|adx_min=none|rsi2=none|trend=all|max_bars=24,long,147301,147302,147324,2025-02-10 15:15:00+00:00,2025-02-10 15:30:00+00:00,2025-02-10 21:00:00+00:00,6088.5,6084.0,-18.0,-21.0,-0.2441860465116279,124.5,83.0,3.0,session_close,22,2,1.25,-52.5,215.0,311.25,2025-02-10
futures,ES,reddit_orb_fade,reddit_orb_fade|ny|range=15|entry=150|rr=1.5|sl_atr=1|tp_atr=1.5|threshold=2|adx_max=none|adx_min=none|rsi2=none|trend=all|max_bars=24,short,147308,147309,147311,2025-02-10 17:00:00+00:00,2025-02-10 17:15:00+00:00,2025-02-10 17:45:00+00:00,6075.25,6085.5,-41.0,-44.0,-1.0,61.5,41.0,3.0,sl,2,5,1.25,-275.0,275.0,384.375,2025-02-10
futures,NQ,reddit_orb_fade,reddit_orb_fade|ny|range=15|entry=150|rr=1.5|sl_atr=1|tp_atr=1.5|threshold=2|adx_max=none|adx_min=none|rsi2=none|trend=all|max_bars=24,short,147363,147364,147364,2025-02-11 14:45:00+00:00,2025-02-11 15:00:00+00:00,2025-02-11 15:00:00+00:00,21777.5,21806.0,-114.0,-117.0,-1.0,171.0,114.0,3.0,sl,1,6,0.5,-351.0,351.0,513.0,2025-02-11
futures,ES,reddit_orb_fade,reddit_orb_fade|ny|range=15|entry=150|rr=1.5|sl_atr=1|tp_atr=1.5|threshold=2|adx_max=none|adx_min=none|rsi2=none|trend=all|max_bars=24,short,147392,147393,147393,2025-02-11 15:00:00+00:00,2025-02-11 15:15:00+00:00,2025-02-11 15:15:00+00:00,6072.5,6079.5,-28.0,-31.0,-1.0,42.0,28.0,3.0,sl,1,5,1.25,-193.75,193.75,262.5,2025-02-11
futures,ES,reddit_orb_retest,reddit_orb_retest|ny|range=15|entry=150|rr=1.5|sl_atr=1|tp_atr=1.5|threshold=2|adx_max=none|adx_min=none|rsi2=none|trend=all|max_bars=24,long,147401,147402,147416,2025-02-11 17:15:00+00:00,2025-02-11 17:30:00+00:00,2025-02-11 21:00:00+00:00,6083.0,6092.25,37.0,34.0,0.43037974683544306,114.0,76.0,3.0,session_close,14,2,1.25,85.0,197.5,285.0,2025-02-11
futures,ES,reddit_orb_fade,reddit_orb_fade|ny|range=15|entry=150|rr=1.5|sl_atr=1|tp_atr=1.5|threshold=2|adx_max=none|adx_min=none|rsi2=none|trend=all|max_bars=24,short,147484,147485,147485,2025-02-12 15:00:00+00:00,2025-02-12 15:15:00+00:00,2025-02-12 15:15:00+00:00,6036.75,6053.5,-67.0,-70.0,-1.0,100.5,67.0,3.0,sl,1,5,1.25,-437.5,437.5,628.125,2025-02-12
futures,NQ,reddit_orb_fade,reddit_orb_fade|ny|range=15|entry=150|rr=1.5|sl_atr=1|tp_atr=1.5|threshold=2|adx_max=none|adx_min=none|rsi2=none|trend=all|max_bars=24,short,147456,147457,147457,2025-02-12 15:00:00+00:00,2025-02-12 15:15:00+00:00,2025-02-12 15:15:00+00:00,21593.75,21682.25,-354.0,-357.0,-1.0,531.0,354.0,3.0,sl,1,6,0.5,-1071.0,1071.0,1593.0,2025-02-12
futures,ES,reddit_orb_retest,reddit_orb_retest|ny|range=15|entry=150|rr=1.5|sl_atr=1|tp_atr=1.5|threshold=2|adx_max=none|adx_min=none|rsi2=none|trend=all|max_bars=24,long,147485,147486,147508,2025-02-12 15:15:00+00:00,2025-02-12 15:30:00+00:00,2025-02-12 21:00:00+00:00,6053.25,6073.5,81.0,78.0,0.6446280991735537,177.0,118.0,3.0,session_close,22,2,1.25,195.0,302.5,442.5,2025-02-12
futures,NQ,reddit_orb_fade,reddit_orb_fade|ny|range=15|entry=150|rr=1.5|sl_atr=1|tp_atr=1.5|threshold=2|adx_max=none|adx_min=none|rsi2=none|trend=all|max_bars=24,short,147548,147549,147549,2025-02-13 15:00:00+00:00,2025-02-13 15:15:00+00:00,2025-02-13 15:15:00+00:00,21935.25,21964.5,-117.0,-120.0,-1.0,175.5,117.0,3.0,sl,1,6,0.5,-360.0,360.0,526.5,2025-02-13
futures,ES,reddit_orb_fade,reddit_orb_fade|ny|range=15|entry=150|rr=1.5|sl_atr=1|tp_atr=1.5|threshold=2|adx_max=none|adx_min=none|rsi2=none|trend=all|max_bars=24,short,147667,147668,147668,2025-02-14 14:45:00+00:00,2025-02-14 15:00:00+00:00,2025-02-14 15:00:00+00:00,6140.0,6141.75,-7.0,-10.0,-1.0,10.5,7.0,3.0,same_bar_sl,1,5,1.25,-62.5,62.5,65.625,2025-02-14
futures,NQ,reddit_orb_fade,reddit_orb_fade|ny|range=15|entry=150|rr=1.5|sl_atr=1|tp_atr=1.5|threshold=2|adx_max=none|adx_min=none|rsi2=none|trend=all|max_bars=24,short,147639,147640,147640,2025-02-14 14:45:00+00:00,2025-02-14 15:00:00+00:00,2025-02-14 15:00:00+00:00,22127.5,22141.5,-56.0,-59.0,-1.0,84.0,56.0,3.0,same_bar_sl,1,6,0.5,-177.0,177.0,252.0,2025-02-14
futures,ES,reddit_orb_breakout,reddit_orb_breakout|ny|range=15|entry=150|rr=1.5|sl_atr=1|tp_atr=1.5|threshold=2|adx_max=none|adx_min=none|rsi2=none|trend=ema|max_bars=24,long,147668,147669,147670,2025-02-14 15:00:00+00:00,2025-02-14 15:15:00+00:00,2025-02-14 15:30:00+00:00,6142.0,6132.5,-38.0,-41.0,-1.0,57.0,38.0,3.0,sl,1,6,1.25,-307.5,307.5,427.5,2025-02-14
futures,NQ,reddit_orb_retest,reddit_orb_retest|ny|range=15|entry=150|rr=1.5|sl_atr=1|tp_atr=1.5|threshold=2|adx_max=none|adx_min=none|rsi2=none|trend=all|max_bars=24,long,147641,147642,147663,2025-02-14 15:15:00+00:00,2025-02-14 15:30:00+00:00,2025-02-14 20:45:00+00:00,22138.75,22211.875,292.5,289.5,1.4621212121212122,292.5,195.0,3.0,tp,21,8,0.5,1158.0,792.0,1170.0,2025-02-14
futures,NQ,reddit_orb_breakout,reddit_orb_breakout|ny|range=15|entry=150|rr=1|sl_atr=1|tp_atr=1.5|threshold=2|adx_max=none|adx_min=none|rsi2=none|trend=ema|max_bars=24,long,147736,147737,147744,2025-02-17 16:00:00+00:00,2025-02-17 16:15:00+00:00,2025-02-17 23:00:00+00:00,22242.75,22219.25,-94.0,-97.0,-0.47549019607843135,201.0,201.0,3.0,session_close,7,12,0.5,-582.0,1224.0,1206.0,2025-02-17
futures,ES,reddit_orb_breakout,reddit_orb_breakout|ny|range=15|entry=150|rr=1.5|sl_atr=1|tp_atr=1.5|threshold=2|adx_max=none|adx_min=none|rsi2=none|trend=ema|max_bars=24,long,147765,147766,147772,2025-02-17 16:15:00+00:00,2025-02-17 16:30:00+00:00,2025-02-17 23:00:00+00:00,6146.25,6141.0,-21.0,-24.0,-0.5581395348837209,60.0,40.0,3.0,session_close,6,6,1.25,-180.0,322.5,450.0,2025-02-17
futures,NQ,reddit_orb_retest,reddit_orb_retest|ny|range=15|entry=150|rr=1.5|sl_atr=1|tp_atr=1.5|threshold=2|adx_max=none|adx_min=none|rsi2=none|trend=all|max_bars=24,long,147737,147738,147744,2025-02-17 16:15:00+00:00,2025-02-17 16:30:00+00:00,2025-02-17 23:00:00+00:00,22247.25,22219.25,-112.0,-115.0,-0.5180180180180181,328.5,219.0,3.0,session_close,6,8,0.5,-460.0,888.0,1314.0,2025-02-17
futures,NQ,reddit_orb_fade,reddit_orb_fade|ny|range=15|entry=150|rr=1.5|sl_atr=1|tp_atr=1.5|threshold=2|adx_max=none|adx_min=none|rsi2=none|trend=all|max_bars=24,short,147738,147739,147740,2025-02-17 16:30:00+00:00,2025-02-17 16:45:00+00:00,2025-02-17 17:00:00+00:00,22241.5,22226.125,61.5,58.5,1.3295454545454546,61.5,41.0,3.0,tp,1,6,0.5,175.5,132.0,184.5,2025-02-17
futures,ES,reddit_orb_fade,reddit_orb_fade|ny|range=15|entry=150|rr=1.5|sl_atr=1|tp_atr=1.5|threshold=2|adx_max=none|adx_min=none|rsi2=none|trend=all|max_bars=24,short,147768,147769,147769,2025-02-17 17:00:00+00:00,2025-02-17 17:15:00+00:00,2025-02-17 17:15:00+00:00,6144.0,6145.0,-4.0,-7.0,-1.0,6.0,4.0,3.0,sl,1,5,1.25,-43.75,43.75,37.5,2025-02-17
futures,ES,reddit_orb_retest,reddit_orb_retest|ny|range=15|entry=150|rr=1.5|sl_atr=1|tp_atr=1.5|threshold=2|adx_max=none|adx_min=none|rsi2=none|trend=all|max_bars=24,long,147769,147770,147772,2025-02-17 17:15:00+00:00,2025-02-17 17:30:00+00:00,2025-02-17 23:00:00+00:00,6144.75,6141.0,-15.0,-18.0,-0.4864864864864865,51.0,34.0,3.0,session_close,2,2,1.25,-45.0,92.5,127.5,2025-02-17
futures,ES,reddit_orb_fade,reddit_orb_fade|ny|range=15|entry=150|rr=1.5|sl_atr=1|tp_atr=1.5|threshold=2|adx_max=none|adx_min=none|rsi2=none|trend=all|max_bars=24,long,147835,147836,147836,2025-02-18 14:45:00+00:00,2025-02-18 15:00:00+00:00,2025-02-18 15:00:00+00:00,6135.75,6133.75,-8.0,-11.0,-1.0,12.0,8.0,3.0,sl,1,5,1.25,-68.75,68.75,75.0,2025-02-18
futures,ES,reddit_orb_retest,reddit_orb_retest|ny|range=15|entry=150|rr=1.5|sl_atr=1|tp_atr=1.5|threshold=2|adx_max=none|adx_min=none|rsi2=none|trend=all|max_bars=24,short,147845,147846,147852,2025-02-18 17:15:00+00:00,2025-02-18 17:30:00+00:00,2025-02-18 19:00:00+00:00,6134.75,6120.125,58.5,55.5,1.3214285714285714,58.5,39.0,3.0,tp,6,2,1.25,138.75,105.0,146.25,2025-02-18
futures,ES,reddit_orb_fade,reddit_orb_fade|ny|range=15|entry=150|rr=1.5|sl_atr=1|tp_atr=1.5|threshold=2|adx_max=none|adx_min=none|rsi2=none|trend=all|max_bars=24,long,147927,147928,147928,2025-02-19 14:45:00+00:00,2025-02-19 15:00:00+00:00,2025-02-19 15:00:00+00:00,6133.0,6130.5,-10.0,-13.0,-1.0,15.0,10.0,3.0,sl,1,5,1.25,-81.25,81.25,93.75,2025-02-19
futures,ES,reddit_orb_breakout,reddit_orb_breakout|ny|range=15|entry=150|rr=1.5|sl_atr=1|tp_atr=1.5|threshold=2|adx_max=none|adx_min=none|rsi2=none|trend=ema|max_bars=24,long,147930,147931,147935,2025-02-19 15:30:00+00:00,2025-02-19 15:45:00+00:00,2025-02-19 16:45:00+00:00,6139.25,6151.25,48.0,45.0,1.2857142857142858,48.0,32.0,3.0,tp,4,6,1.25,337.5,262.5,360.0,2025-02-19
futures,NQ,reddit_orb_fade,reddit_orb_fade|ny|range=15|entry=150|rr=1.5|sl_atr=1|tp_atr=1.5|threshold=2|adx_max=none|adx_min=none|rsi2=none|trend=all|max_bars=24,long,147902,147903,147903,2025-02-19 15:30:00+00:00,2025-02-19 15:45:00+00:00,2025-02-19 15:45:00+00:00,22188.25,22149.25,-156.0,-159.0,-1.0,234.0,156.0,3.0,sl,1,6,0.5,-477.0,477.0,702.0,2025-02-19
futures,ES,reddit_orb_breakout,reddit_orb_breakout|ny|range=15|entry=150|rr=1.5|sl_atr=1|tp_atr=1.5|threshold=2|adx_max=none|adx_min=none|rsi2=none|trend=ema|max_bars=24,short,148020,148021,148044,2025-02-20 15:00:00+00:00,2025-02-20 15:15:00+00:00,2025-02-20 21:00:00+00:00,6116.75,6131.0,-57.0,-60.0,-0.4411764705882353,199.5,133.0,3.0,session_close,23,6,1.25,-450.0,1020.0,1496.25,2025-02-20
futures,ES,reddit_orb_breakout,reddit_orb_breakout|ny|range=15|entry=150|rr=1.5|sl_atr=1|tp_atr=1.5|threshold=2|adx_max=none|adx_min=none|rsi2=none|trend=ema|max_bars=24,short,148111,148112,148114,2025-02-21 14:45:00+00:00,2025-02-21 15:00:00+00:00,2025-02-21 15:30:00+00:00,6115.25,6088.625,106.5,103.5,1.3986486486486487,106.5,71.0,3.0,tp,2,6,1.25,776.25,555.0,798.75,2025-02-21
futures,ES,reddit_orb_breakout,reddit_orb_breakout|ny|range=15|entry=150|rr=1.5|sl_atr=1|tp_atr=1.5|threshold=2|adx_max=none|adx_min=none|rsi2=none|trend=ema|max_bars=24,short,148295,148296,148297,2025-02-25 14:45:00+00:00,2025-02-25 15:00:00+00:00,2025-02-25 15:15:00+00:00,5981.0,5940.875,160.5,157.5,1.4318181818181819,160.5,107.0,3.0,tp,1,6,1.25,1181.25,825.0,1203.75,2025-02-25
futures,ES,reddit_orb_fade,reddit_orb_fade|ny|range=15|entry=150|rr=1.5|sl_atr=1|tp_atr=1.5|threshold=2|adx_max=none|adx_min=none|rsi2=none|trend=all|max_bars=24,long,148481,148482,148482,2025-02-27 15:15:00+00:00,2025-02-27 15:30:00+00:00,2025-02-27 15:30:00+00:00,5981.25,5965.25,-64.0,-67.0,-1.0,96.0,64.0,3.0,sl,1,5,1.25,-418.75,418.75,600.0,2025-02-27
futures,ES,reddit_orb_retest,reddit_orb_retest|ny|range=15|entry=150|rr=1.5|sl_atr=1|tp_atr=1.5|threshold=2|adx_max=none|adx_min=none|rsi2=none|trend=all|max_bars=24,short,148483,148484,148501,2025-02-27 15:45:00+00:00,2025-02-27 16:00:00+00:00,2025-02-27 20:15:00+00:00,5961.25,5892.25,276.0,273.0,1.4598930481283423,276.0,184.0,3.0,tp,17,2,1.25,682.5,467.5,690.0,2025-02-27
futures,ES,reddit_orb_retest,reddit_orb_retest|ny|range=15|entry=150|rr=1.5|sl_atr=1|tp_atr=1.5|threshold=2|adx_max=none|adx_min=none|rsi2=none|trend=all|max_bars=24,long,148573,148574,148585,2025-02-28 15:15:00+00:00,2025-02-28 15:30:00+00:00,2025-02-28 18:15:00+00:00,5907.25,5857.0,-201.0,-204.0,-1.0,301.5,201.0,3.0,sl,11,2,1.25,-510.0,510.0,753.75,2025-02-28
futures,ES,reddit_orb_fade,reddit_orb_fade|ny|range=15|entry=150|rr=1.5|sl_atr=1|tp_atr=1.5|threshold=2|adx_max=none|adx_min=none|rsi2=none|trend=all|max_bars=24,short,148577,148578,148578,2025-02-28 16:15:00+00:00,2025-02-28 16:30:00+00:00,2025-02-28 16:30:00+00:00,5884.5,5902.0,-70.0,-73.0,-1.0,105.0,70.0,3.0,sl,1,5,1.25,-456.25,456.25,656.25,2025-02-28
futures,ES,reddit_orb_fade,reddit_orb_fade|ny|range=15|entry=150|rr=1.5|sl_atr=1|tp_atr=1.5|threshold=2|adx_max=none|adx_min=none|rsi2=none|trend=all|max_bars=24,long,148666,148667,148667,2025-03-03 15:30:00+00:00,2025-03-03 15:45:00+00:00,2025-03-03 15:45:00+00:00,5974.0,5949.75,-97.0,-100.0,-1.0,145.5,97.0,3.0,sl,1,5,1.25,-625.0,625.0,909.375,2025-03-03
futures,ES,reddit_orb_retest,reddit_orb_retest|ny|range=15|entry=150|rr=1.5|sl_atr=1|tp_atr=1.5|threshold=2|adx_max=none|adx_min=none|rsi2=none|trend=all|max_bars=24,short,148667,148668,148684,2025-03-03 15:45:00+00:00,2025-03-03 16:00:00+00:00,2025-03-03 20:00:00+00:00,5947.25,5872.625,298.5,295.5,1.4628712871287128,298.5,199.0,3.0,tp,16,2,1.25,738.75,505.0,746.25,2025-03-03
futures,NQ,reddit_orb_fade,reddit_orb_fade|ny|range=15|entry=150|rr=1.5|sl_atr=1|tp_atr=1.5|threshold=2|adx_max=none|adx_min=none|rsi2=none|trend=all|max_bars=24,long,148735,148736,148737,2025-03-04 16:45:00+00:00,2025-03-04 17:00:00+00:00,2025-03-04 17:15:00+00:00,20298.0,20396.25,393.0,390.0,1.471698113207547,393.0,262.0,3.0,tp,1,6,0.5,1170.0,795.0,1179.0,2025-03-04
futures,ES,reddit_orb_fade,reddit_orb_fade|ny|range=15|entry=150|rr=1.5|sl_atr=1|tp_atr=1.5|threshold=2|adx_max=none|adx_min=none|rsi2=none|trend=all|max_bars=24,long,148765,148766,148767,2025-03-04 17:15:00+00:00,2025-03-04 17:30:00+00:00,2025-03-04 17:45:00+00:00,5800.0,5781.5,-74.0,-77.0,-1.0,111.0,74.0,3.0,sl,1,5,1.25,-481.25,481.25,693.75,2025-03-04
futures,ES,reddit_orb_breakout,reddit_orb_breakout|ny|range=15|entry=150|rr=1.5|sl_atr=1|tp_atr=1.5|threshold=2|adx_max=none|adx_min=none|rsi2=none|trend=ema|max_bars=24,short,148847,148848,148848,2025-03-05 14:45:00+00:00,2025-03-05 15:00:00+00:00,2025-03-05 15:00:00+00:00,5779.75,5812.75,-132.0,-135.0,-1.0,198.0,132.0,3.0,sl,1,6,1.25,-1012.5,1012.5,1485.0,2025-03-05
futures,NQ,reddit_orb_fade,reddit_orb_fade|ny|range=15|entry=150|rr=1.5|sl_atr=1|tp_atr=1.5|threshold=2|adx_max=none|adx_min=none|rsi2=none|trend=all|max_bars=24,long,148819,148820,148820,2025-03-05 14:45:00+00:00,2025-03-05 15:00:00+00:00,2025-03-05 15:00:00+00:00,20322.5,20400.875,313.5,310.5,1.4646226415094339,313.5,209.0,3.0,tp,1,6,0.5,931.5,636.0,940.5,2025-03-05
futures,ES,reddit_orb_fade,reddit_orb_fade|ny|range=15|entry=150|rr=1.5|sl_atr=1|tp_atr=1.5|threshold=2|adx_max=none|adx_min=none|rsi2=none|trend=all|max_bars=24,short,148848,148849,148849,2025-03-05 15:00:00+00:00,2025-03-05 15:15:00+00:00,2025-03-05 15:15:00+00:00,5804.0,5784.5,78.0,75.0,1.3636363636363635,78.0,52.0,3.0,tp,1,5,1.25,468.75,343.75,487.5,2025-03-05
futures,ES,reddit_orb_retest,reddit_orb_retest|ny|range=15|entry=150|rr=1.5|sl_atr=1|tp_atr=1.5|threshold=2|adx_max=none|adx_min=none|rsi2=none|trend=all|max_bars=24,short,148849,148850,148858,2025-03-05 15:15:00+00:00,2025-03-05 15:30:00+00:00,2025-03-05 17:30:00+00:00,5779.25,5812.75,-134.0,-137.0,-1.0,201.0,134.0,3.0,sl,8,2,1.25,-342.5,342.5,502.5,2025-03-05
futures,ES,reddit_orb_fade,reddit_orb_fade|ny|range=15|entry=150|rr=1.5|sl_atr=1|tp_atr=1.5|threshold=2|adx_max=none|adx_min=none|rsi2=none|trend=all|max_bars=24,short,148939,148940,148940,2025-03-06 14:45:00+00:00,2025-03-06 15:00:00+00:00,2025-03-06 15:00:00+00:00,5763.5,5779.0,-62.0,-65.0,-1.0,93.0,62.0,3.0,sl,1,5,1.25,-406.25,406.25,581.25,2025-03-06
futures,NQ,reddit_orb_fade,reddit_orb_fade|ny|range=15|entry=150|rr=1.5|sl_atr=1|tp_atr=1.5|threshold=2|adx_max=none|adx_min=none|rsi2=none|trend=all|max_bars=24,short,148911,148912,148912,2025-03-06 14:45:00+00:00,2025-03-06 15:00:00+00:00,2025-03-06 15:00:00+00:00,20282.5,20344.0,-246.0,-249.0,-1.0,369.0,246.0,3.0,sl,1,6,0.5,-747.0,747.0,1107.0,2025-03-06
futures,ES,reddit_orb_breakout,reddit_orb_breakout|ny|range=15|entry=150|rr=1.5|sl_atr=1|tp_atr=1.5|threshold=2|adx_max=none|adx_min=none|rsi2=none|trend=ema|max_bars=24,short,148948,148949,148964,2025-03-06 17:00:00+00:00,2025-03-06 17:15:00+00:00,2025-03-06 21:00:00+00:00,5748.25,5758.25,-40.0,-43.0,-0.36752136752136755,171.0,114.0,3.0,session_close,15,6,1.25,-322.5,877.5,1282.5,2025-03-06
futures,ES,reddit_orb_fade,reddit_orb_fade|ny|range=15|entry=150|rr=1.5|sl_atr=1|tp_atr=1.5|threshold=2|adx_max=none|adx_min=none|rsi2=none|trend=all|max_bars=24,short,149031,149032,149034,2025-03-07 14:45:00+00:00,2025-03-07 15:00:00+00:00,2025-03-07 15:30:00+00:00,5756.25,5723.625,130.5,127.5,1.4166666666666667,130.5,87.0,3.0,tp,2,5,1.25,796.875,562.5,815.625,2025-03-07
futures,NQ,reddit_orb_fade,reddit_orb_fade|ny|range=15|entry=150|rr=1.5|sl_atr=1|tp_atr=1.5|threshold=2|adx_max=none|adx_min=none|rsi2=none|trend=all|max_bars=24,short,149003,149004,149006,2025-03-07 14:45:00+00:00,2025-03-07 15:00:00+00:00,2025-03-07 15:30:00+00:00,20139.5,19985.75,615.0,612.0,1.4818401937046004,615.0,410.0,3.0,tp,2,6,0.5,1836.0,1239.0,1845.0,2025-03-07
futures,ES,reddit_orb_retest,reddit_orb_retest|ny|range=15|entry=150|rr=1.5|sl_atr=1|tp_atr=1.5|threshold=2|adx_max=none|adx_min=none|rsi2=none|trend=all|max_bars=24,short,149036,149037,149046,2025-03-07 16:00:00+00:00,2025-03-07 16:15:00+00:00,2025-03-07 18:30:00+00:00,5720.25,5765.25,-180.0,-183.0,-1.0,270.0,180.0,3.0,sl,9,2,1.25,-457.5,457.5,675.0,2025-03-07
futures,NQ,reddit_orb_fade,reddit_orb_fade|ny|range=15|entry=150|rr=1.5|sl_atr=1|tp_atr=1.5|threshold=2|adx_max=none|adx_min=none|rsi2=none|trend=all|max_bars=24,long,149095,149096,149096,2025-03-10 13:45:00+00:00,2025-03-10 14:00:00+00:00,2025-03-10 14:00:00+00:00,19790.0,19744.25,-183.0,-186.0,-1.0,274.5,183.0,3.0,sl,1,6,0.5,-558.0,558.0,823.5,2025-03-10
futures,ES,reddit_orb_breakout,reddit_orb_breakout|ny|range=15|entry=150|rr=1.5|sl_atr=1|tp_atr=1.5|threshold=2|adx_max=none|adx_min=none|rsi2=none|trend=ema|max_bars=24,short,149125,149126,149140,2025-03-10 14:15:00+00:00,2025-03-10 14:30:00+00:00,2025-03-10 18:00:00+00:00,5671.0,5610.625,241.5,238.5,1.454268292682927,241.5,161.0,3.0,tp,14,6,1.25,1788.75,1230.0,1811.25,2025-03-10
futures,ES,reddit_orb_retest,reddit_orb_retest|ny|range=15|entry=150|rr=1.5|sl_atr=1|tp_atr=1.5|threshold=2|adx_max=none|adx_min=none|rsi2=none|trend=all|max_bars=24,short,149130,149131,149144,2025-03-10 15:30:00+00:00,2025-03-10 15:45:00+00:00,2025-03-10 19:00:00+00:00,5655.75,5572.5,333.0,330.0,1.4666666666666666,333.0,222.0,3.0,tp,13,2,1.25,825.0,562.5,832.5,2025-03-10
futures,ES,reddit_orb_fade,reddit_orb_fade|ny|range=15|entry=150|rr=1.5|sl_atr=1|tp_atr=1.5|threshold=2|adx_max=none|adx_min=none|rsi2=none|trend=all|max_bars=24,short,149215,149216,149216,2025-03-11 13:45:00+00:00,2025-03-11 14:00:00+00:00,2025-03-11 14:00:00+00:00,5613.25,5632.5,-77.0,-80.0,-1.0,115.5,77.0,3.0,same_bar_sl,1,5,1.25,-500.0,500.0,721.875,2025-03-11
futures,NQ,reddit_orb_fade,reddit_orb_fade|ny|range=15|entry=150|rr=1.5|sl_atr=1|tp_atr=1.5|threshold=2|adx_max=none|adx_min=none|rsi2=none|trend=all|max_bars=24,short,149187,149188,149188,2025-03-11 13:45:00+00:00,2025-03-11 14:00:00+00:00,2025-03-11 14:00:00+00:00,19523.25,19599.0,-303.0,-306.0,-1.0,454.5,303.0,3.0,same_bar_sl,1,6,0.5,-918.0,918.0,1363.5,2025-03-11
futures,ES,reddit_orb_breakout,reddit_orb_breakout|ny|range=15|entry=150|rr=1.5|sl_atr=1|tp_atr=1.5|threshold=2|adx_max=none|adx_min=none|rsi2=none|trend=ema|max_bars=24,short,149216,149217,149228,2025-03-11 14:00:00+00:00,2025-03-11 14:15:00+00:00,2025-03-11 17:00:00+00:00,5594.0,5548.25,183.0,180.0,1.44,183.0,122.0,3.0,tp,11,6,1.25,1350.0,937.5,1372.5,2025-03-11
futures,ES,reddit_orb_retest,reddit_orb_retest|ny|range=15|entry=150|rr=1.5|sl_atr=1|tp_atr=1.5|threshold=2|adx_max=none|adx_min=none|rsi2=none|trend=all|max_bars=24,short,149217,149218,149234,2025-03-11 14:15:00+00:00,2025-03-11 14:30:00+00:00,2025-03-11 18:30:00+00:00,5574.25,5624.5,-201.0,-204.0,-1.0,301.5,201.0,3.0,sl,16,2,1.25,-510.0,510.0,753.75,2025-03-11
futures,ES,reddit_orb_breakout,reddit_orb_breakout|ny|range=15|entry=150|rr=1.5|sl_atr=1|tp_atr=1.5|threshold=2|adx_max=none|adx_min=none|rsi2=none|trend=ema|max_bars=24,short,149307,149308,149312,2025-03-12 13:45:00+00:00,2025-03-12 14:00:00+00:00,2025-03-12 15:00:00+00:00,5608.25,5553.125,220.5,217.5,1.45,220.5,147.0,3.0,tp,4,6,1.25,1631.25,1125.0,1653.75,2025-03-12
futures,ES,reddit_orb_retest,reddit_orb_retest|ny|range=15|entry=150|rr=1.5|sl_atr=1|tp_atr=1.5|threshold=2|adx_max=none|adx_min=none|rsi2=none|trend=all|max_bars=24,short,149308,149309,149312,2025-03-12 14:00:00+00:00,2025-03-12 14:15:00+00:00,2025-03-12 15:00:00+00:00,5607.5,5551.25,225.0,222.0,1.4509803921568627,225.0,150.0,3.0,tp,3,2,1.25,555.0,382.5,562.5,2025-03-12
futures,ES,reddit_orb_fade,reddit_orb_fade|ny|range=15|entry=150|rr=1.5|sl_atr=1|tp_atr=1.5|threshold=2|adx_max=none|adx_min=none|rsi2=none|trend=all|max_bars=24,long,149316,149317,149323,2025-03-12 16:00:00+00:00,2025-03-12 16:15:00+00:00,2025-03-12 17:45:00+00:00,5618.5,5595.75,-91.0,-94.0,-1.0,136.5,91.0,3.0,sl,6,5,1.25,-587.5,587.5,853.125,2025-03-12
futures,NQ,reddit_orb_fade,reddit_orb_fade|ny|range=15|entry=150|rr=1.5|sl_atr=1|tp_atr=1.5|threshold=2|adx_max=none|adx_min=none|rsi2=none|trend=all|max_bars=24,long,149288,149289,149295,2025-03-12 16:00:00+00:00,2025-03-12 16:15:00+00:00,2025-03-12 17:45:00+00:00,19684.0,19586.5,-390.0,-393.0,-1.0,585.0,390.0,3.0,sl,6,6,0.5,-1179.0,1179.0,1755.0,2025-03-12
futures,ES,reddit_orb_breakout,reddit_orb_breakout|ny|range=15|entry=150|rr=1.5|sl_atr=1|tp_atr=1.5|threshold=2|adx_max=none|adx_min=none|rsi2=none|trend=ema|max_bars=24,short,149399,149400,149401,2025-03-13 13:45:00+00:00,2025-03-13 14:00:00+00:00,2025-03-13 14:15:00+00:00,5563.25,5600.0,-147.0,-150.0,-1.0,220.5,147.0,3.0,sl,1,6,1.25,-1125.0,1125.0,1653.75,2025-03-13
futures,ES,reddit_orb_fade,reddit_orb_fade|ny|range=15|entry=150|rr=1.5|sl_atr=1|tp_atr=1.5|threshold=2|adx_max=none|adx_min=none|rsi2=none|trend=all|max_bars=24,long,149400,149401,149405,2025-03-13 14:00:00+00:00,2025-03-13 14:15:00+00:00,2025-03-13 15:15:00+00:00,5589.25,5557.0,-129.0,-132.0,-1.0,193.5,129.0,3.0,sl,4,5,1.25,-825.0,825.0,1209.375,2025-03-13
futures,ES,reddit_orb_retest,reddit_orb_retest|ny|range=15|entry=150|rr=1.5|sl_atr=1|tp_atr=1.5|threshold=2|adx_max=none|adx_min=none|rsi2=none|trend=all|max_bars=24,short,149402,149403,149406,2025-03-13 14:30:00+00:00,2025-03-13 14:45:00+00:00,2025-03-13 15:30:00+00:00,5576.25,5540.625,142.5,139.5,1.4234693877551021,142.5,95.0,3.0,tp,3,2,1.25,348.75,245.0,356.25,2025-03-13
futures,ES,reddit_orb_fade,reddit_orb_fade|ny|range=15|entry=150|rr=1.5|sl_atr=1|tp_atr=1.5|threshold=2|adx_max=none|adx_min=none|rsi2=none|trend=all|max_bars=24,short,149492,149493,149495,2025-03-14 14:00:00+00:00,2025-03-14 14:15:00+00:00,2025-03-14 14:45:00+00:00,5577.5,5599.75,-89.0,-92.0,-1.0,133.5,89.0,3.0,sl,2,5,1.25,-575.0,575.0,834.375,2025-03-14
futures,ES,reddit_orb_retest,reddit_orb_retest|ny|range=15|entry=150|rr=1.5|sl_atr=1|tp_atr=1.5|threshold=2|adx_max=none|adx_min=none|rsi2=none|trend=all|max_bars=24,long,149494,149495,149515,2025-03-14 14:30:00+00:00,2025-03-14 14:45:00+00:00,2025-03-14 19:45:00+00:00,5598.0,5642.25,177.0,174.0,1.43801652892562,177.0,118.0,3.0,tp,20,2,1.25,435.0,302.5,442.5,2025-03-14
futures,ES,reddit_orb_breakout,reddit_orb_breakout|ny|range=15|entry=150|rr=1.5|sl_atr=1|tp_atr=1.5|threshold=2|adx_max=none|adx_min=none|rsi2=none|trend=ema|max_bars=24,long,149767,149768,149787,2025-03-19 13:45:00+00:00,2025-03-19 14:00:00+00:00,2025-03-19 18:45:00+00:00,5699.5,5735.125,142.5,139.5,1.4234693877551021,142.5,95.0,3.0,tp,19,6,1.25,1046.25,735.0,1068.75,2025-03-19
futures,NQ,reddit_orb_fade,reddit_orb_fade|ny|range=15|entry=150|rr=1.5|sl_atr=1|tp_atr=1.5|threshold=2|adx_max=none|adx_min=none|rsi2=none|trend=all|max_bars=24,short,149743,149744,149744,2025-03-19 14:45:00+00:00,2025-03-19 15:00:00+00:00,2025-03-19 15:00:00+00:00,19593.25,19630.5,-149.0,-152.0,-1.0,223.5,149.0,3.0,sl,1,6,0.5,-456.0,456.0,670.5,2025-03-19
futures,NQ,reddit_orb_fade,reddit_orb_fade|ny|range=15|entry=150|rr=1.5|sl_atr=1|tp_atr=1.5|threshold=2|adx_max=none|adx_min=none|rsi2=none|trend=all|max_bars=24,short,149841,149842,149856,2025-03-20 16:15:00+00:00,2025-03-20 16:30:00+00:00,2025-03-20 20:00:00+00:00,19880.5,19905.25,-99.0,-102.0,-0.265625,571.5,381.0,3.0,session_close,14,6,0.5,-306.0,1152.0,1714.5,2025-03-20
futures,ES,reddit_orb_fade,reddit_orb_fade|ny|range=15|entry=150|rr=1.5|sl_atr=1|tp_atr=1.5|threshold=2|adx_max=none|adx_min=none|rsi2=none|trend=all|max_bars=24,short,149951,149952,149952,2025-03-21 13:45:00+00:00,2025-03-21 14:00:00+00:00,2025-03-21 14:00:00+00:00,5671.0,5663.875,28.5,25.5,1.1590909090909092,28.5,19.0,3.0,tp,1,5,1.25,159.375,137.5,178.125,2025-03-21
futures,NQ,reddit_orb_fade,reddit_orb_fade|ny|range=15|entry=150|rr=1.5|sl_atr=1|tp_atr=1.5|threshold=2|adx_max=none|adx_min=none|rsi2=none|trend=all|max_bars=24,short,149930,149931,149932,2025-03-21 15:30:00+00:00,2025-03-21 15:45:00+00:00,2025-03-21 16:00:00+00:00,19684.25,19749.0,-259.0,-262.0,-1.0,388.5,259.0,3.0,sl,1,6,0.5,-786.0,786.0,1165.5,2025-03-21
futures,ES,reddit_orb_retest,reddit_orb_retest|ny|range=15|entry=150|rr=1.5|sl_atr=1|tp_atr=1.5|threshold=2|adx_max=none|adx_min=none|rsi2=none|trend=all|max_bars=24,long,149960,149961,149976,2025-03-21 16:00:00+00:00,2025-03-21 16:15:00+00:00,2025-03-21 20:00:00+00:00,5685.75,5718.75,132.0,129.0,0.9772727272727273,193.5,129.0,3.0,session_close,15,2,1.25,322.5,330.0,483.75,2025-03-21
futures,ES,reddit_orb_fade,reddit_orb_fade|ny|range=15|entry=150|rr=1.5|sl_atr=1|tp_atr=1.5|threshold=2|adx_max=none|adx_min=none|rsi2=none|trend=all|max_bars=24,long,150135,150136,150136,2025-03-25 13:45:00+00:00,2025-03-25 14:00:00+00:00,2025-03-25 14:00:00+00:00,5819.75,5812.75,-28.0,-31.0,-1.0,42.0,28.0,3.0,sl,1,5,1.25,-193.75,193.75,262.5,2025-03-25
futures,NQ,reddit_orb_fade,reddit_orb_fade|ny|range=15|entry=150|rr=1.5|sl_atr=1|tp_atr=1.5|threshold=2|adx_max=none|adx_min=none|rsi2=none|trend=all|max_bars=24,long,150107,150108,150112,2025-03-25 13:45:00+00:00,2025-03-25 14:00:00+00:00,2025-03-25 15:00:00+00:00,20414.25,20493.0,315.0,312.0,1.4647887323943662,315.0,210.0,3.0,tp,4,6,0.5,936.0,639.0,945.0,2025-03-25
futures,ES,reddit_orb_breakout,reddit_orb_breakout|ny|range=15|entry=150|rr=1.5|sl_atr=1|tp_atr=1.5|threshold=2|adx_max=none|adx_min=none|rsi2=none|trend=ema|max_bars=24,long,150137,150138,150146,2025-03-25 14:15:00+00:00,2025-03-25 14:30:00+00:00,2025-03-25 16:30:00+00:00,5830.75,5815.5,-61.0,-64.0,-1.0,91.5,61.0,3.0,sl,8,6,1.25,-480.0,480.0,686.25,2025-03-25
futures,ES,reddit_orb_retest,reddit_orb_retest|ny|range=15|entry=150|rr=1.5|sl_atr=1|tp_atr=1.5|threshold=2|adx_max=none|adx_min=none|rsi2=none|trend=all|max_bars=24,long,150138,150139,150146,2025-03-25 14:30:00+00:00,2025-03-25 14:45:00+00:00,2025-03-25 16:30:00+00:00,5835.25,5815.5,-79.0,-82.0,-1.0,118.5,79.0,3.0,sl,7,2,1.25,-205.0,205.0,296.25,2025-03-25
futures,ES,reddit_orb_retest,reddit_orb_retest|ny|range=15|entry=150|rr=1.5|sl_atr=1|tp_atr=1.5|threshold=2|adx_max=none|adx_min=none|rsi2=none|trend=all|max_bars=24,long,150320,150321,150344,2025-03-27 14:00:00+00:00,2025-03-27 14:15:00+00:00,2025-03-27 20:00:00+00:00,5759.75,5743.0,-67.0,-70.0,-0.43209876543209874,238.5,159.0,3.0,session_close,23,2,1.25,-175.0,405.0,596.25,2025-03-27
futures,NQ,reddit_orb_fade,reddit_orb_fade|ny|range=15|entry=150|rr=1.5|sl_atr=1|tp_atr=1.5|threshold=2|adx_max=none|adx_min=none|rsi2=none|trend=all|max_bars=24,short,150299,150300,150300,2025-03-27 15:45:00+00:00,2025-03-27 16:00:00+00:00,2025-03-27 16:00:00+00:00,20048.0,20083.25,-141.0,-144.0,-1.0,211.5,141.0,3.0,sl,1,6,0.5,-432.0,432.0,634.5,2025-03-27
futures,ES,reddit_orb_breakout,reddit_orb_breakout|ny|range=15|entry=150|rr=1.5|sl_atr=1|tp_atr=1.5|threshold=2|adx_max=none|adx_min=none|rsi2=none|trend=ema|max_bars=24,short,150411,150412,150413,2025-03-28 13:45:00+00:00,2025-03-28 14:00:00+00:00,2025-03-28 14:15:00+00:00,5707.5,5671.875,142.5,139.5,1.4234693877551021,142.5,95.0,3.0,tp,1,6,1.25,1046.25,735.0,1068.75,2025-03-28
futures,ES,reddit_orb_fade,reddit_orb_fade|ny|range=15|entry=150|rr=1.5|sl_atr=1|tp_atr=1.5|threshold=2|adx_max=none|adx_min=none|rsi2=none|trend=all|max_bars=24,long,150503,150504,150511,2025-03-31 13:45:00+00:00,2025-03-31 14:00:00+00:00,2025-03-31 15:45:00+00:00,5562.75,5606.25,174.0,171.0,1.4369747899159664,174.0,116.0,3.0,tp,7,5,1.25,1068.75,743.75,1087.5,2025-03-31
futures,ES,reddit_orb_retest,reddit_orb_retest|ny|range=15|entry=150|rr=1.5|sl_atr=1|tp_atr=1.5|threshold=2|adx_max=none|adx_min=none|rsi2=none|trend=all|max_bars=24,long,150506,150507,150520,2025-03-31 14:30:00+00:00,2025-03-31 14:45:00+00:00,2025-03-31 18:00:00+00:00,5573.75,5626.25,210.0,207.0,1.4475524475524475,210.0,140.0,3.0,tp,13,2,1.25,517.5,357.5,525.0,2025-03-31
futures,ES,reddit_orb_fade,reddit_orb_fade|ny|range=15|entry=150|rr=1.5|sl_atr=1|tp_atr=1.5|threshold=2|adx_max=none|adx_min=none|rsi2=none|trend=all|max_bars=24,short,150595,150596,150596,2025-04-01 13:45:00+00:00,2025-04-01 14:00:00+00:00,2025-04-01 14:00:00+00:00,5636.75,5616.875,79.5,76.5,1.3660714285714286,79.5,53.0,3.0,tp,1,5,1.25,478.125,350.0,496.875,2025-04-01
futures,NQ,reddit_orb_fade,reddit_orb_fade|ny|range=15|entry=150|rr=1.5|sl_atr=1|tp_atr=1.5|threshold=2|adx_max=none|adx_min=none|rsi2=none|trend=all|max_bars=24,short,150567,150568,150568,2025-04-01 13:45:00+00:00,2025-04-01 14:00:00+00:00,2025-04-01 14:00:00+00:00,19410.0,19331.25,315.0,312.0,1.4647887323943662,315.0,210.0,3.0,tp,1,6,0.5,936.0,639.0,945.0,2025-04-01
futures,ES,reddit_orb_breakout,reddit_orb_breakout|ny|range=15|entry=150|rr=1.5|sl_atr=1|tp_atr=1.5|threshold=2|adx_max=none|adx_min=none|rsi2=none|trend=ema|max_bars=24,short,150596,150597,150598,2025-04-01 14:00:00+00:00,2025-04-01 14:15:00+00:00,2025-04-01 14:30:00+00:00,5607.0,5641.5,-138.0,-141.0,-1.0,207.0,138.0,3.0,sl,1,6,1.25,-1057.5,1057.5,1552.5,2025-04-01
futures,ES,reddit_orb_breakout,reddit_orb_breakout|ny|range=15|entry=150|rr=1.5|sl_atr=1|tp_atr=1.5|threshold=2|adx_max=none|adx_min=none|rsi2=none|trend=ema|max_bars=24,short,150779,150780,150783,2025-04-03 13:45:00+00:00,2025-04-03 14:00:00+00:00,2025-04-03 14:45:00+00:00,5509.0,5461.75,189.0,186.0,1.441860465116279,189.0,126.0,3.0,tp,3,6,1.25,1395.0,967.5,1417.5,2025-04-03
futures,ES,reddit_orb_retest,reddit_orb_retest|ny|range=15|entry=150|rr=1.5|sl_atr=1|tp_atr=1.5|threshold=2|adx_max=none|adx_min=none|rsi2=none|trend=all|max_bars=24,short,150780,150781,150804,2025-04-03 14:00:00+00:00,2025-04-03 14:15:00+00:00,2025-04-03 20:00:00+00:00,5486.75,5434.0,211.0,208.0,0.9541284403669725,322.5,215.0,3.0,session_close,23,2,1.25,520.0,545.0,806.25,2025-04-03
futures,NQ,reddit_orb_fade,reddit_orb_fade|ny|range=15|entry=150|rr=1.5|sl_atr=1|tp_atr=1.5|threshold=2|adx_max=none|adx_min=none|rsi2=none|trend=all|max_bars=24,long,150753,150754,150754,2025-04-03 14:15:00+00:00,2025-04-03 14:30:00+00:00,2025-04-03 14:30:00+00:00,18922.25,18856.25,-264.0,-267.0,-1.0,396.0,264.0,3.0,sl,1,6,0.5,-801.0,801.0,1188.0,2025-04-03
futures,ES,reddit_orb_fade,reddit_orb_fade|ny|range=15|entry=150|rr=1.5|sl_atr=1|tp_atr=1.5|threshold=2|adx_max=none|adx_min=none|rsi2=none|trend=all|max_bars=24,long,150788,150789,150791,2025-04-03 16:00:00+00:00,2025-04-03 16:15:00+00:00,2025-04-03 16:45:00+00:00,5510.5,5493.75,-67.0,-70.0,-1.0,100.5,67.0,3.0,sl,2,5,1.25,-437.5,437.5,628.125,2025-04-03
futures,ES,reddit_orb_retest,reddit_orb_retest|ny|range=15|entry=150|rr=1.5|sl_atr=1|tp_atr=1.5|threshold=2|adx_max=none|adx_min=none|rsi2=none|trend=all|max_bars=24,short,150873,150874,150896,2025-04-04 14:15:00+00:00,2025-04-04 14:30:00+00:00,2025-04-04 20:00:00+00:00,5216.75,5105.25,446.0,443.0,1.1243654822335025,586.5,391.0,3.0,session_close,22,2,1.25,1107.5,985.0,1466.25,2025-04-04
futures,ES,reddit_orb_retest,reddit_orb_retest|ny|range=15|entry=150|rr=1.5|sl_atr=1|tp_atr=1.5|threshold=2|adx_max=none|adx_min=none|rsi2=none|trend=all|max_bars=24,long,151056,151057,151060,2025-04-08 14:00:00+00:00,2025-04-08 14:15:00+00:00,2025-04-08 15:00:00+00:00,5291.75,5231.0,-243.0,-246.0,-1.0,364.5,243.0,3.0,sl,3,2,1.25,-615.0,615.0,911.25,2025-04-08
futures,ES,reddit_orb_fade,reddit_orb_fade|ny|range=15|entry=150|rr=1.5|sl_atr=1|tp_atr=1.5|threshold=2|adx_max=none|adx_min=none|rsi2=none|trend=all|max_bars=24,short,151058,151059,151060,2025-04-08 14:30:00+00:00,2025-04-08 14:45:00+00:00,2025-04-08 15:00:00+00:00,5269.5,5229.0,162.0,159.0,1.4324324324324325,162.0,108.0,3.0,tp,1,5,1.25,993.75,693.75,1012.5,2025-04-08
futures,ES,reddit_orb_retest,reddit_orb_retest|ny|range=15|entry=150|rr=1.5|sl_atr=1|tp_atr=1.5|threshold=2|adx_max=none|adx_min=none|rsi2=none|trend=all|max_bars=24,short,151241,151242,151247,2025-04-10 14:15:00+00:00,2025-04-10 14:30:00+00:00,2025-04-10 15:45:00+00:00,5334.5,5252.75,327.0,324.0,1.4660633484162895,327.0,218.0,3.0,tp,5,2,1.25,810.0,552.5,817.5,2025-04-10
futures,ES,reddit_orb_fade,reddit_orb_fade|ny|range=15|entry=150|rr=1.5|sl_atr=1|tp_atr=1.5|threshold=2|adx_max=none|adx_min=none|rsi2=none|trend=all|max_bars=24,long,151242,151243,151243,2025-04-10 14:30:00+00:00,2025-04-10 14:45:00+00:00,2025-04-10 14:45:00+00:00,5354.0,5334.25,-79.0,-82.0,-1.0,118.5,79.0,3.0,sl,1,5,1.25,-512.5,512.5,740.625,2025-04-10
futures,NQ,reddit_orb_fade,reddit_orb_fade|ny|range=15|entry=150|rr=1.5|sl_atr=1|tp_atr=1.5|threshold=2|adx_max=none|adx_min=none|rsi2=none|trend=all|max_bars=24,long,151214,151215,151215,2025-04-10 14:30:00+00:00,2025-04-10 14:45:00+00:00,2025-04-10 14:45:00+00:00,18719.5,18643.75,-303.0,-306.0,-1.0,454.5,303.0,3.0,sl,1,6,0.5,-918.0,918.0,1363.5,2025-04-10
futures,NQ,reddit_orb_fade,reddit_orb_fade|ny|range=15|entry=150|rr=1.5|sl_atr=1|tp_atr=1.5|threshold=2|adx_max=none|adx_min=none|rsi2=none|trend=all|max_bars=24,short,151303,151304,151304,2025-04-11 13:45:00+00:00,2025-04-11 14:00:00+00:00,2025-04-11 14:00:00+00:00,18562.0,18433.375,514.5,511.5,1.4783236994219653,514.5,343.0,3.0,tp,1,6,0.5,1534.5,1038.0,1543.5,2025-04-11
futures,ES,reddit_orb_retest,reddit_orb_retest|ny|range=15|entry=150|rr=1.5|sl_atr=1|tp_atr=1.5|threshold=2|adx_max=none|adx_min=none|rsi2=none|trend=all|max_bars=24,long,151332,151333,151333,2025-04-11 14:00:00+00:00,2025-04-11 14:15:00+00:00,2025-04-11 14:15:00+00:00,5314.0,5262.25,-207.0,-210.0,-1.0,310.5,207.0,3.0,sl,1,2,1.25,-525.0,525.0,776.25,2025-04-11
futures,ES,reddit_orb_fade,reddit_orb_fade|ny|range=15|entry=150|rr=1.5|sl_atr=1|tp_atr=1.5|threshold=2|adx_max=none|adx_min=none|rsi2=none|trend=all|max_bars=24,short,151515,151516,151516,2025-04-15 13:45:00+00:00,2025-04-15 14:00:00+00:00,2025-04-15 14:00:00+00:00,5467.5,5482.0,-58.0,-61.0,-1.0,87.0,58.0,3.0,sl,1,5,1.25,-381.25,381.25,543.75,2025-04-15
futures,NQ,reddit_orb_fade,reddit_orb_fade|ny|range=15|entry=150|rr=1.5|sl_atr=1|tp_atr=1.5|threshold=2|adx_max=none|adx_min=none|rsi2=none|trend=all|max_bars=24,short,151487,151488,151488,2025-04-15 13:45:00+00:00,2025-04-15 14:00:00+00:00,2025-04-15 14:00:00+00:00,19068.25,19117.5,-197.0,-200.0,-1.0,295.5,197.0,3.0,sl,1,6,0.5,-600.0,600.0,886.5,2025-04-15
futures,ES,reddit_orb_breakout,reddit_orb_breakout|ny|range=15|entry=150|rr=1.5|sl_atr=1|tp_atr=1.5|threshold=2|adx_max=none|adx_min=none|rsi2=none|trend=ema|max_bars=24,short,151607,151608,151613,2025-04-16 13:45:00+00:00,2025-04-16 14:00:00+00:00,2025-04-16 15:15:00+00:00,5348.5,5388.75,-161.0,-164.0,-1.0,241.5,161.0,3.0,sl,5,6,1.25,-1230.0,1230.0,1811.25,2025-04-16
futures,ES,reddit_orb_fade,reddit_orb_fade|ny|range=15|entry=150|rr=1.5|sl_atr=1|tp_atr=1.5|threshold=2|adx_max=none|adx_min=none|rsi2=none|trend=all|max_bars=24,long,151609,151610,151613,2025-04-16 14:15:00+00:00,2025-04-16 14:30:00+00:00,2025-04-16 15:15:00+00:00,5367.0,5394.0,108.0,105.0,1.4,108.0,72.0,3.0,tp,3,5,1.25,656.25,468.75,675.0,2025-04-16
futures,NQ,reddit_orb_fade,reddit_orb_fade|ny|range=15|entry=150|rr=1.5|sl_atr=1|tp_atr=1.5|threshold=2|adx_max=none|adx_min=none|rsi2=none|trend=all|max_bars=24,long,151581,151582,151592,2025-04-16 14:15:00+00:00,2025-04-16 14:30:00+00:00,2025-04-16 17:00:00+00:00,18618.0,18535.75,-329.0,-332.0,-1.0,493.5,329.0,3.0,sl,10,6,0.5,-996.0,996.0,1480.5,2025-04-16
futures,NQ,reddit_orb_fade,reddit_orb_fade|ny|range=15|entry=150|rr=1.5|sl_atr=1|tp_atr=1.5|threshold=2|adx_max=none|adx_min=none|rsi2=none|trend=all|max_bars=24,long,151671,151672,151673,2025-04-17 13:45:00+00:00,2025-04-17 14:00:00+00:00,2025-04-17 14:15:00+00:00,18465.75,18376.25,-358.0,-361.0,-1.0,537.0,358.0,3.0,sl,1,6,0.5,-1083.0,1083.0,1611.0,2025-04-17
futures,ES,reddit_orb_fade,reddit_orb_fade|ny|range=15|entry=150|rr=1.5|sl_atr=1|tp_atr=1.5|threshold=2|adx_max=none|adx_min=none|rsi2=none|trend=all|max_bars=24,short,151700,151701,151702,2025-04-17 14:00:00+00:00,2025-04-17 14:15:00+00:00,2025-04-17 14:30:00+00:00,5320.75,5293.375,109.5,106.5,1.4013157894736843,109.5,73.0,3.0,tp,1,5,1.25,665.625,475.0,684.375,2025-04-17
futures,ES,reddit_orb_breakout,reddit_orb_breakout|ny|range=15|entry=150|rr=1.5|sl_atr=1|tp_atr=1.5|threshold=2|adx_max=none|adx_min=none|rsi2=none|trend=ema|max_bars=24,short,151701,151702,151705,2025-04-17 14:15:00+00:00,2025-04-17 14:30:00+00:00,2025-04-17 15:15:00+00:00,5299.5,5331.5,-128.0,-131.0,-1.0,192.0,128.0,3.0,sl,3,6,1.25,-982.5,982.5,1440.0,2025-04-17
futures,NQ,reddit_orb_fade,reddit_orb_fade|ny|range=15|entry=150|rr=1.5|sl_atr=1|tp_atr=1.5|threshold=2|adx_max=none|adx_min=none|rsi2=none|trend=all|max_bars=24,long,152131,152132,152132,2025-04-25 13:45:00+00:00,2025-04-25 14:00:00+00:00,2025-04-25 14:00:00+00:00,19263.75,19305.75,168.0,165.0,1.434782608695652,168.0,112.0,3.0,tp,1,6,0.5,495.0,345.0,504.0,2025-04-25
futures,ES,reddit_orb_fade,reddit_orb_fade|ny|range=15|entry=150|rr=1.5|sl_atr=1|tp_atr=1.5|threshold=2|adx_max=none|adx_min=none|rsi2=none|trend=all|max_bars=24,long,152160,152161,152161,2025-04-25 14:00:00+00:00,2025-04-25 14:15:00+00:00,2025-04-25 14:15:00+00:00,5519.25,5490.25,-116.0,-119.0,-1.0,174.0,116.0,3.0,sl,1,5,1.25,-743.75,743.75,1087.5,2025-04-25
futures,ES,reddit_orb_retest,reddit_orb_retest|ny|range=15|entry=150|rr=1.5|sl_atr=1|tp_atr=1.5|threshold=2|adx_max=none|adx_min=none|rsi2=none|trend=all|max_bars=24,short,152161,152162,152169,2025-04-25 14:15:00+00:00,2025-04-25 14:30:00+00:00,2025-04-25 16:15:00+00:00,5489.25,5524.75,-142.0,-145.0,-1.0,213.0,142.0,3.0,sl,7,2,1.25,-362.5,362.5,532.5,2025-04-25
futures,ES,reddit_orb_breakout,reddit_orb_breakout|ny|range=15|entry=150|rr=1.5|sl_atr=1|tp_atr=1.5|threshold=2|adx_max=none|adx_min=none|rsi2=none|trend=ema|max_bars=24,long,152169,152170,152184,2025-04-25 16:15:00+00:00,2025-04-25 16:30:00+00:00,2025-04-25 20:00:00+00:00,5527.0,5553.75,107.0,104.0,0.9122807017543859,166.5,111.0,3.0,session_close,14,6,1.25,780.0,855.0,1248.75,2025-04-25
futures,ES,reddit_orb_fade,reddit_orb_fade|ny|range=15|entry=150|rr=1.5|sl_atr=1|tp_atr=1.5|threshold=2|adx_max=none|adx_min=none|rsi2=none|trend=all|max_bars=24,short,152251,152252,152265,2025-04-28 13:45:00+00:00,2025-04-28 14:00:00+00:00,2025-04-28 17:15:00+00:00,5545.5,5495.625,199.5,196.5,1.4448529411764706,199.5,133.0,3.0,tp,13,5,1.25,1228.125,850.0,1246.875,2025-04-28
futures,ES,reddit_orb_retest,reddit_orb_retest|ny|range=15|entry=150|rr=1.5|sl_atr=1|tp_atr=1.5|threshold=2|adx_max=none|adx_min=none|rsi2=none|trend=all|max_bars=24,short,152252,152253,152260,2025-04-28 14:00:00+00:00,2025-04-28 14:15:00+00:00,2025-04-28 16:00:00+00:00,5550.75,5512.5,153.0,150.0,1.4285714285714286,153.0,102.0,3.0,tp,7,2,1.25,375.0,262.5,382.5,2025-04-28
futures,ES,reddit_orb_breakout,reddit_orb_breakout|ny|range=15|entry=150|rr=1.5|sl_atr=1|tp_atr=1.5|threshold=2|adx_max=none|adx_min=none|rsi2=none|trend=ema|max_bars=24,long,152343,152344,152358,2025-04-29 13:45:00+00:00,2025-04-29 14:00:00+00:00,2025-04-29 17:30:00+00:00,5549.25,5581.5,129.0,126.0,1.4157303370786516,129.0,86.0,3.0,tp,14,6,1.25,945.0,667.5,967.5,2025-04-29
futures,ES,reddit_orb_retest,reddit_orb_retest|ny|range=15|entry=150|rr=1.5|sl_atr=1|tp_atr=1.5|threshold=2|adx_max=none|adx_min=none|rsi2=none|trend=all|max_bars=24,long,152344,152345,152368,2025-04-29 14:00:00+00:00,2025-04-29 14:15:00+00:00,2025-04-29 20:00:00+00:00,5560.75,5586.0,101.0,98.0,0.725925925925926,198.0,132.0,3.0,session_close,23,2,1.25,245.0,337.5,495.0,2025-04-29
futures,ES,reddit_orb_fade,reddit_orb_fade|ny|range=15|entry=150|rr=1.5|sl_atr=1|tp_atr=1.5|threshold=2|adx_max=none|adx_min=none|rsi2=none|trend=all|max_bars=24,short,152345,152346,152346,2025-04-29 14:15:00+00:00,2025-04-29 14:30:00+00:00,2025-04-29 14:30:00+00:00,5541.25,5562.0,-83.0,-86.0,-1.0,124.5,83.0,3.0,sl,1,5,1.25,-537.5,537.5,778.125,2025-04-29
futures,ES,reddit_orb_fade,reddit_orb_fade|ny|range=15|entry=150|rr=1.5|sl_atr=1|tp_atr=1.5|threshold=2|adx_max=none|adx_min=none|rsi2=none|trend=all|max_bars=24,short,152527,152528,152529,2025-05-01 13:45:00+00:00,2025-05-01 14:00:00+00:00,2025-05-01 14:15:00+00:00,5630.75,5654.75,-96.0,-99.0,-1.0,144.0,96.0,3.0,sl,1,5,1.25,-618.75,618.75,900.0,2025-05-01
futures,ES,reddit_orb_breakout,reddit_orb_breakout|ny|range=15|entry=150|rr=1.5|sl_atr=1|tp_atr=1.5|threshold=2|adx_max=none|adx_min=none|rsi2=none|trend=ema|max_bars=24,long,152529,152530,152537,2025-05-01 14:15:00+00:00,2025-05-01 14:30:00+00:00,2025-05-01 16:15:00+00:00,5661.5,5631.5,-120.0,-123.0,-1.0,180.0,120.0,3.0,sl,7,6,1.25,-922.5,922.5,1350.0,2025-05-01
futures,NQ,reddit_orb_fade,reddit_orb_fade|ny|range=15|entry=150|rr=1.5|sl_atr=1|tp_atr=1.5|threshold=2|adx_max=none|adx_min=none|rsi2=none|trend=all|max_bars=24,long,152591,152592,152593,2025-05-02 13:45:00+00:00,2025-05-02 14:00:00+00:00,2025-05-02 14:15:00+00:00,20073.0,20152.875,319.5,316.5,1.4652777777777777,319.5,213.0,3.0,tp,1,6,0.5,949.5,648.0,958.5,2025-05-02
futures,ES,reddit_orb_fade,reddit_orb_fade|ny|range=15|entry=150|rr=1.5|sl_atr=1|tp_atr=1.5|threshold=2|adx_max=none|adx_min=none|rsi2=none|trend=all|max_bars=24,long,152620,152621,152638,2025-05-02 14:00:00+00:00,2025-05-02 14:15:00+00:00,2025-05-02 18:30:00+00:00,5692.25,5722.625,121.5,118.5,1.4107142857142858,121.5,81.0,3.0,tp,17,5,1.25,740.625,525.0,759.375,2025-05-02
futures,ES,reddit_orb_breakout,reddit_orb_breakout|ny|range=15|entry=150|rr=1.5|sl_atr=1|tp_atr=1.5|threshold=2|adx_max=none|adx_min=none|rsi2=none|trend=ema|max_bars=24,long,152621,152622,152644,2025-05-02 14:15:00+00:00,2025-05-02 14:30:00+00:00,2025-05-02 20:00:00+00:00,5703.25,5711.5,33.0,30.0,0.2857142857142857,153.0,102.0,3.0,session_close,22,6,1.25,225.0,787.5,1147.5,2025-05-02
futures,ES,reddit_orb_fade,reddit_orb_fade|ny|range=15|entry=150|rr=1.5|sl_atr=1|tp_atr=1.5|threshold=2|adx_max=none|adx_min=none|rsi2=none|trend=all|max_bars=24,short,152711,152712,152712,2025-05-05 13:45:00+00:00,2025-05-05 14:00:00+00:00,2025-05-05 14:00:00+00:00,5669.25,5672.5,-13.0,-16.0,-1.0,19.5,13.0,3.0,same_bar_sl,1,5,1.25,-100.0,100.0,121.875,2025-05-05
futures,NQ,reddit_orb_fade,reddit_orb_fade|ny|range=15|entry=150|rr=1.5|sl_atr=1|tp_atr=1.5|threshold=2|adx_max=none|adx_min=none|rsi2=none|trend=all|max_bars=24,short,152683,152684,152684,2025-05-05 13:45:00+00:00,2025-05-05 14:00:00+00:00,2025-05-05 14:00:00+00:00,20059.25,20071.0,-47.0,-50.0,-1.0,70.5,47.0,3.0,same_bar_sl,1,6,0.5,-150.0,150.0,211.5,2025-05-05
futures,ES,reddit_orb_breakout,reddit_orb_breakout|ny|range=15|entry=150|rr=1.5|sl_atr=1|tp_atr=1.5|threshold=2|adx_max=none|adx_min=none|rsi2=none|trend=ema|max_bars=24,long,152713,152714,152730,2025-05-05 14:15:00+00:00,2025-05-05 14:30:00+00:00,2025-05-05 18:30:00+00:00,5675.75,5703.875,112.5,109.5,1.4038461538461537,112.5,75.0,3.0,tp,16,6,1.25,821.25,585.0,843.75,2025-05-05
futures,NQ,reddit_orb_retest,reddit_orb_retest|ny|range=15|entry=150|rr=1.5|sl_atr=1|tp_atr=1.5|threshold=2|adx_max=none|adx_min=none|rsi2=none|trend=all|max_bars=24,long,152685,152686,152700,2025-05-05 14:15:00+00:00,2025-05-05 14:30:00+00:00,2025-05-05 18:00:00+00:00,20059.75,20171.5,447.0,444.0,1.4750830564784052,447.0,298.0,3.0,tp,14,8,0.5,1776.0,1204.0,1788.0,2025-05-05
futures,ES,reddit_orb_retest,reddit_orb_retest|ny|range=15|entry=150|rr=1.5|sl_atr=1|tp_atr=1.5|threshold=2|adx_max=none|adx_min=none|rsi2=none|trend=all|max_bars=24,long,152714,152715,152736,2025-05-05 14:30:00+00:00,2025-05-05 14:45:00+00:00,2025-05-05 20:00:00+00:00,5683.5,5668.5,-60.0,-63.0,-0.5779816513761468,159.0,106.0,3.0,session_close,21,2,1.25,-157.5,272.5,397.5,2025-05-05
futures,ES,reddit_orb_breakout,reddit_orb_breakout|ny|range=15|entry=150|rr=1.5|sl_atr=1|tp_atr=1.5|threshold=2|adx_max=none|adx_min=none|rsi2=none|trend=ema|max_bars=24,short,152803,152804,152805,2025-05-06 13:45:00+00:00,2025-05-06 14:00:00+00:00,2025-05-06 14:15:00+00:00,5611.5,5634.0,-90.0,-93.0,-1.0,135.0,90.0,3.0,sl,1,6,1.25,-697.5,697.5,1012.5,2025-05-06
futures,ES,reddit_orb_fade,reddit_orb_fade|ny|range=15|entry=150|rr=1.5|sl_atr=1|tp_atr=1.5|threshold=2|adx_max=none|adx_min=none|rsi2=none|trend=all|max_bars=24,long,152804,152805,152806,2025-05-06 14:00:00+00:00,2025-05-06 14:15:00+00:00,2025-05-06 14:30:00+00:00,5625.5,5651.0,102.0,99.0,1.3943661971830985,102.0,68.0,3.0,tp,1,5,1.25,618.75,443.75,637.5,2025-05-06
futures,NQ,reddit_orb_fade,reddit_orb_fade|ny|range=15|entry=150|rr=1.5|sl_atr=1|tp_atr=1.5|threshold=2|adx_max=none|adx_min=none|rsi2=none|trend=all|max_bars=24,long,152776,152777,152779,2025-05-06 14:00:00+00:00,2025-05-06 14:15:00+00:00,2025-05-06 14:45:00+00:00,19818.5,19937.75,477.0,474.0,1.4766355140186915,477.0,318.0,3.0,tp,2,6,0.5,1422.0,963.0,1431.0,2025-05-06
futures,NQ,reddit_orb_fade,reddit_orb_fade|ny|range=15|entry=150|rr=1.5|sl_atr=1|tp_atr=1.5|threshold=2|adx_max=none|adx_min=none|rsi2=none|trend=all|max_bars=24,long,152867,152868,152871,2025-05-07 13:45:00+00:00,2025-05-07 14:00:00+00:00,2025-05-07 14:45:00+00:00,19936.75,19857.5,-317.0,-320.0,-1.0,475.5,317.0,3.0,sl,3,6,0.5,-960.0,960.0,1426.5,2025-05-07
futures,ES,reddit_orb_retest,reddit_orb_retest|ny|range=15|entry=150|rr=1.5|sl_atr=1|tp_atr=1.5|threshold=2|adx_max=none|adx_min=none|rsi2=none|trend=all|max_bars=24,long,152896,152897,152899,2025-05-07 14:00:00+00:00,2025-05-07 14:15:00+00:00,2025-05-07 14:45:00+00:00,5651.5,5631.25,-81.0,-84.0,-1.0,121.5,81.0,3.0,sl,2,2,1.25,-210.0,210.0,303.75,2025-05-07
futures,ES,reddit_orb_breakout,reddit_orb_breakout|ny|range=15|entry=150|rr=1.5|sl_atr=1|tp_atr=1.5|threshold=2|adx_max=none|adx_min=none|rsi2=none|trend=ema|max_bars=24,short,152899,152900,152907,2025-05-07 14:45:00+00:00,2025-05-07 15:00:00+00:00,2025-05-07 16:45:00+00:00,5630.75,5648.5,-71.0,-74.0,-1.0,106.5,71.0,3.0,sl,7,6,1.25,-555.0,555.0,798.75,2025-05-07
futures,ES,reddit_orb_fade,reddit_orb_fade|ny|range=15|entry=150|rr=1.5|sl_atr=1|tp_atr=1.5|threshold=2|adx_max=none|adx_min=none|rsi2=none|trend=all|max_bars=24,short,152899,152900,152908,2025-05-07 14:45:00+00:00,2025-05-07 15:00:00+00:00,2025-05-07 17:00:00+00:00,5630.75,5655.0,-97.0,-100.0,-1.0,145.5,97.0,3.0,sl,8,5,1.25,-625.0,625.0,909.375,2025-05-07
futures,ES,reddit_orb_fade,reddit_orb_fade|ny|range=15|entry=150|rr=1.5|sl_atr=1|tp_atr=1.5|threshold=2|adx_max=none|adx_min=none|rsi2=none|trend=all|max_bars=24,long,152987,152988,152988,2025-05-08 13:45:00+00:00,2025-05-08 14:00:00+00:00,2025-05-08 14:00:00+00:00,5677.75,5671.5,-25.0,-28.0,-1.0,37.5,25.0,3.0,sl,1,5,1.25,-175.0,175.0,234.375,2025-05-08
futures,ES,reddit_orb_retest,reddit_orb_retest|ny|range=15|entry=150|rr=1.5|sl_atr=1|tp_atr=1.5|threshold=2|adx_max=none|adx_min=none|rsi2=none|trend=all|max_bars=24,short,152990,152991,152993,2025-05-08 14:30:00+00:00,2025-05-08 14:45:00+00:00,2025-05-08 15:15:00+00:00,5675.75,5693.25,-70.0,-73.0,-1.0,105.0,70.0,3.0,sl,2,2,1.25,-182.5,182.5,262.5,2025-05-08
futures,ES,reddit_orb_breakout,reddit_orb_breakout|ny|range=15|entry=150|rr=1.5|sl_atr=1|tp_atr=1.5|threshold=2|adx_max=none|adx_min=none|rsi2=none|trend=ema|max_bars=24,long,152993,152994,152995,2025-05-08 15:15:00+00:00,2025-05-08 15:30:00+00:00,2025-05-08 15:45:00+00:00,5699.5,5732.5,132.0,129.0,1.4175824175824177,132.0,88.0,3.0,tp,1,6,1.25,967.5,682.5,990.0,2025-05-08
futures,NQ,reddit_orb_fade,reddit_orb_fade|ny|range=15|entry=150|rr=1.5|sl_atr=1|tp_atr=1.5|threshold=2|adx_max=none|adx_min=none|rsi2=none|trend=all|max_bars=24,short,152965,152966,152966,2025-05-08 15:15:00+00:00,2025-05-08 15:30:00+00:00,2025-05-08 15:30:00+00:00,20172.5,20206.5,-136.0,-139.0,-1.0,204.0,136.0,3.0,sl,1,6,0.5,-417.0,417.0,612.0,2025-05-08
futures,ES,reddit_orb_fade,reddit_orb_fade|ny|range=15|entry=150|rr=1.5|sl_atr=1|tp_atr=1.5|threshold=2|adx_max=none|adx_min=none|rsi2=none|trend=all|max_bars=24,long,153079,153080,153081,2025-05-09 13:45:00+00:00,2025-05-09 14:00:00+00:00,2025-05-09 14:15:00+00:00,5704.75,5693.0,-47.0,-50.0,-1.0,70.5,47.0,3.0,sl,1,5,1.25,-312.5,312.5,440.625,2025-05-09
futures,NQ,reddit_orb_fade,reddit_orb_fade|ny|range=15|entry=150|rr=1.5|sl_atr=1|tp_atr=1.5|threshold=2|adx_max=none|adx_min=none|rsi2=none|trend=all|max_bars=24,long,153051,153052,153053,2025-05-09 13:45:00+00:00,2025-05-09 14:00:00+00:00,2025-05-09 14:15:00+00:00,20254.0,20204.75,-197.0,-200.0,-1.0,295.5,197.0,3.0,sl,1,6,0.5,-600.0,600.0,886.5,2025-05-09
futures,ES,reddit_orb_fade,reddit_orb_fade|ny|range=15|entry=150|rr=1.5|sl_atr=1|tp_atr=1.5|threshold=2|adx_max=none|adx_min=none|rsi2=none|trend=all|max_bars=24,long,153171,153172,153172,2025-05-12 13:45:00+00:00,2025-05-12 14:00:00+00:00,2025-05-12 14:00:00+00:00,5823.5,5830.25,27.0,24.0,1.1428571428571428,27.0,18.0,3.0,tp,1,5,1.25,150.0,131.25,168.75,2025-05-12
futures,ES,reddit_orb_retest,reddit_orb_retest|ny|range=15|entry=150|rr=1.5|sl_atr=1|tp_atr=1.5|threshold=2|adx_max=none|adx_min=none|rsi2=none|trend=all|max_bars=24,short,153179,153180,153184,2025-05-12 15:45:00+00:00,2025-05-12 16:00:00+00:00,2025-05-12 17:00:00+00:00,5817.75,5852.75,-140.0,-143.0,-1.0,210.0,140.0,3.0,sl,4,2,1.25,-357.5,357.5,525.0,2025-05-12
futures,ES,reddit_orb_breakout,reddit_orb_breakout|ny|range=15|entry=150|rr=1.5|sl_atr=1|tp_atr=1.5|threshold=2|adx_max=none|adx_min=none|rsi2=none|trend=ema|max_bars=24,long,153263,153264,153278,2025-05-13 13:45:00+00:00,2025-05-13 14:00:00+00:00,2025-05-13 17:30:00+00:00,5888.5,5926.0,150.0,147.0,1.4271844660194175,150.0,100.0,3.0,tp,14,6,1.25,1102.5,772.5,1125.0,2025-05-13
futures,NQ,reddit_orb_fade,reddit_orb_fade|ny|range=15|entry=150|rr=1.5|sl_atr=1|tp_atr=1.5|threshold=2|adx_max=none|adx_min=none|rsi2=none|trend=all|max_bars=24,long,153327,153328,153338,2025-05-14 13:45:00+00:00,2025-05-14 14:00:00+00:00,2025-05-14 16:30:00+00:00,21331.5,21418.125,346.5,343.5,1.4679487179487178,346.5,231.0,3.0,tp,10,6,0.5,1030.5,702.0,1039.5,2025-05-14
futures,ES,reddit_orb_retest,reddit_orb_retest|ny|range=15|entry=150|rr=1.5|sl_atr=1|tp_atr=1.5|threshold=2|adx_max=none|adx_min=none|rsi2=none|trend=all|max_bars=24,short,153356,153357,153380,2025-05-14 14:00:00+00:00,2025-05-14 14:15:00+00:00,2025-05-14 20:00:00+00:00,5907.0,5910.25,-13.0,-16.0,-0.21333333333333335,108.0,72.0,3.0,session_close,23,2,1.25,-40.0,187.5,270.0,2025-05-14
futures,ES,reddit_orb_fade,reddit_orb_fade|ny|range=15|entry=150|rr=1.5|sl_atr=1|tp_atr=1.5|threshold=2|adx_max=none|adx_min=none|rsi2=none|trend=all|max_bars=24,long,153361,153362,153368,2025-05-14 15:15:00+00:00,2025-05-14 15:30:00+00:00,2025-05-14 17:00:00+00:00,5913.75,5902.75,-44.0,-47.0,-1.0,66.0,44.0,3.0,sl,6,5,1.25,-293.75,293.75,412.5,2025-05-14
futures,ES,reddit_orb_fade,reddit_orb_fade|ny|range=15|entry=150|rr=1.5|sl_atr=1|tp_atr=1.5|threshold=2|adx_max=none|adx_min=none|rsi2=none|trend=all|max_bars=24,long,153447,153448,153453,2025-05-15 13:45:00+00:00,2025-05-15 14:00:00+00:00,2025-05-15 15:15:00+00:00,5895.25,5911.375,64.5,61.5,1.3369565217391304,64.5,43.0,3.0,tp,5,5,1.25,384.375,287.5,403.125,2025-05-15
futures,NQ,reddit_orb_fade,reddit_orb_fade|ny|range=15|entry=150|rr=1.5|sl_atr=1|tp_atr=1.5|threshold=2|adx_max=none|adx_min=none|rsi2=none|trend=all|max_bars=24,long,153419,153420,153424,2025-05-15 13:45:00+00:00,2025-05-15 14:00:00+00:00,2025-05-15 15:00:00+00:00,21299.0,21375.875,307.5,304.5,1.4639423076923077,307.5,205.0,3.0,tp,4,6,0.5,913.5,624.0,922.5,2025-05-15
futures,ES,reddit_orb_breakout,reddit_orb_breakout|ny|range=15|entry=150|rr=1.5|sl_atr=1|tp_atr=1.5|threshold=2|adx_max=none|adx_min=none|rsi2=none|trend=ema|max_bars=24,long,153451,153452,153453,2025-05-15 14:45:00+00:00,2025-05-15 15:00:00+00:00,2025-05-15 15:15:00+00:00,5900.5,5918.5,72.0,69.0,1.3529411764705883,72.0,48.0,3.0,tp,1,6,1.25,517.5,382.5,540.0,2025-05-15
futures,ES,reddit_orb_fade,reddit_orb_fade|ny|range=15|entry=150|rr=1.5|sl_atr=1|tp_atr=1.5|threshold=2|adx_max=none|adx_min=none|rsi2=none|trend=all|max_bars=24,short,153541,153542,153542,2025-05-16 14:15:00+00:00,2025-05-16 14:30:00+00:00,2025-05-16 14:30:00+00:00,5940.75,5929.5,45.0,42.0,1.2727272727272727,45.0,30.0,3.0,tp,1,5,1.25,262.5,206.25,281.25,2025-05-16
futures,NQ,reddit_orb_fade,reddit_orb_fade|ny|range=15|entry=150|rr=1.5|sl_atr=1|tp_atr=1.5|threshold=2|adx_max=none|adx_min=none|rsi2=none|trend=all|max_bars=24,long,153515,153516,153532,2025-05-16 14:45:00+00:00,2025-05-16 15:00:00+00:00,2025-05-16 19:00:00+00:00,21391.5,21498.375,427.5,424.5,1.4739583333333333,427.5,285.0,3.0,tp,16,6,0.5,1273.5,864.0,1282.5,2025-05-16
futures,ES,reddit_orb_breakout,reddit_orb_breakout|ny|range=15|entry=150|rr=1.5|sl_atr=1|tp_atr=1.5|threshold=2|adx_max=none|adx_min=none|rsi2=none|trend=ema|max_bars=24,long,153546,153547,153558,2025-05-16 15:30:00+00:00,2025-05-16 15:45:00+00:00,2025-05-16 18:30:00+00:00,5947.0,5969.875,91.5,88.5,1.3828125,91.5,61.0,3.0,tp,11,6,1.25,663.75,480.0,686.25,2025-05-16
futures,ES,reddit_orb_fade,reddit_orb_fade|ny|range=15|entry=150|rr=1.5|sl_atr=1|tp_atr=1.5|threshold=2|adx_max=none|adx_min=none|rsi2=none|trend=all|max_bars=24,long,153723,153724,153741,2025-05-20 13:45:00+00:00,2025-05-20 14:00:00+00:00,2025-05-20 18:15:00+00:00,5959.0,5950.75,-33.0,-36.0,-1.0,49.5,33.0,3.0,sl,17,5,1.25,-225.0,225.0,309.375,2025-05-20
futures,NQ,reddit_orb_fade,reddit_orb_fade|ny|range=15|entry=150|rr=1.5|sl_atr=1|tp_atr=1.5|threshold=2|adx_max=none|adx_min=none|rsi2=none|trend=all|max_bars=24,long,153695,153696,153706,2025-05-20 13:45:00+00:00,2025-05-20 14:00:00+00:00,2025-05-20 16:30:00+00:00,21395.0,21455.375,241.5,238.5,1.454268292682927,241.5,161.0,3.0,tp,10,6,0.5,715.5,492.0,724.5,2025-05-20
futures,ES,reddit_orb_breakout,reddit_orb_breakout|ny|range=15|entry=150|rr=1.5|sl_atr=1|tp_atr=1.5|threshold=2|adx_max=none|adx_min=none|rsi2=none|trend=ema|max_bars=24,long,153726,153727,153728,2025-05-20 14:30:00+00:00,2025-05-20 14:45:00+00:00,2025-05-20 15:00:00+00:00,5969.75,5958.0,-47.0,-50.0,-1.0,70.5,47.0,3.0,sl,1,6,1.25,-375.0,375.0,528.75,2025-05-20
futures,ES,reddit_orb_fade,reddit_orb_fade|ny|range=15|entry=150|rr=1.5|sl_atr=1|tp_atr=1.5|threshold=2|adx_max=none|adx_min=none|rsi2=none|trend=all|max_bars=24,short,153815,153816,153816,2025-05-21 13:45:00+00:00,2025-05-21 14:00:00+00:00,2025-05-21 14:00:00+00:00,5928.5,5935.25,-27.0,-30.0,-1.0,40.5,27.0,3.0,sl,1,5,1.25,-187.5,187.5,253.125,2025-05-21
futures,ES,reddit_orb_fade,reddit_orb_fade|ny|range=15|entry=150|rr=1.5|sl_atr=1|tp_atr=1.5|threshold=2|adx_max=none|adx_min=none|rsi2=none|trend=all|max_bars=24,short,153909,153910,153914,2025-05-22 14:15:00+00:00,2025-05-22 14:30:00+00:00,2025-05-22 15:30:00+00:00,5857.0,5870.5,-54.0,-57.0,-1.0,81.0,54.0,3.0,sl,4,5,1.25,-356.25,356.25,506.25,2025-05-22
futures,NQ,reddit_orb_fade,reddit_orb_fade|ny|range=15|entry=150|rr=1.5|sl_atr=1|tp_atr=1.5|threshold=2|adx_max=none|adx_min=none|rsi2=none|trend=all|max_bars=24,short,153882,153883,153885,2025-05-22 14:30:00+00:00,2025-05-22 14:45:00+00:00,2025-05-22 15:15:00+00:00,21219.5,21265.25,-183.0,-186.0,-1.0,274.5,183.0,3.0,sl,2,6,0.5,-558.0,558.0,823.5,2025-05-22
futures,ES,reddit_orb_retest,reddit_orb_retest|ny|range=15|entry=150|rr=1.5|sl_atr=1|tp_atr=1.5|threshold=2|adx_max=none|adx_min=none|rsi2=none|trend=all|max_bars=24,long,153914,153915,153932,2025-05-22 15:30:00+00:00,2025-05-22 15:45:00+00:00,2025-05-22 20:00:00+00:00,5868.0,5859.0,-36.0,-39.0,-0.375,151.5,101.0,3.0,session_close,17,2,1.25,-97.5,260.0,378.75,2025-05-22
futures,ES,reddit_orb_fade,reddit_orb_fade|ny|range=15|entry=150|rr=1.5|sl_atr=1|tp_atr=1.5|threshold=2|adx_max=none|adx_min=none|rsi2=none|trend=all|max_bars=24,short,154001,154002,154002,2025-05-23 14:15:00+00:00,2025-05-23 14:30:00+00:00,2025-05-23 14:30:00+00:00,5802.0,5810.75,-35.0,-38.0,-1.0,52.5,35.0,3.0,sl,1,5,1.25,-237.5,237.5,328.125,2025-05-23
futures,NQ,reddit_orb_fade,reddit_orb_fade|ny|range=15|entry=150|rr=1.5|sl_atr=1|tp_atr=1.5|threshold=2|adx_max=none|adx_min=none|rsi2=none|trend=all|max_bars=24,short,153973,153974,153978,2025-05-23 14:15:00+00:00,2025-05-23 14:30:00+00:00,2025-05-23 15:30:00+00:00,20943.75,20989.0,-181.0,-184.0,-1.0,271.5,181.0,3.0,sl,4,6,0.5,-552.0,552.0,814.5,2025-05-23
futures,ES,reddit_orb_retest,reddit_orb_retest|ny|range=15|entry=150|rr=1.5|sl_atr=1|tp_atr=1.5|threshold=2|adx_max=none|adx_min=none|rsi2=none|trend=all|max_bars=24,long,154002,154003,154024,2025-05-23 14:30:00+00:00,2025-05-23 14:45:00+00:00,2025-05-23 20:00:00+00:00,5809.5,5811.75,9.0,6.0,0.05042016806722689,174.0,116.0,3.0,session_close,21,2,1.25,15.0,297.5,435.0,2025-05-23
futures,ES,reddit_orb_fade,reddit_orb_fade|ny|range=15|entry=150|rr=1.5|sl_atr=1|tp_atr=1.5|threshold=2|adx_max=none|adx_min=none|rsi2=none|trend=all|max_bars=24,long,154092,154093,154094,2025-05-26 14:00:00+00:00,2025-05-26 14:15:00+00:00,2025-05-26 14:30:00+00:00,5884.0,5881.0,-12.0,-15.0,-1.0,18.0,12.0,3.0,sl,1,5,1.25,-93.75,93.75,112.5,2025-05-26
futures,NQ,reddit_orb_fade,reddit_orb_fade|ny|range=15|entry=150|rr=1.5|sl_atr=1|tp_atr=1.5|threshold=2|adx_max=none|adx_min=none|rsi2=none|trend=all|max_bars=24,long,154070,154071,154072,2025-05-26 15:30:00+00:00,2025-05-26 15:45:00+00:00,2025-05-26 16:00:00+00:00,21266.0,21285.5,78.0,75.0,1.3636363636363635,78.0,52.0,3.0,tp,1,6,0.5,225.0,165.0,234.0,2025-05-26
futures,ES,reddit_orb_breakout,reddit_orb_breakout|ny|range=15|entry=150|rr=1.5|sl_atr=1|tp_atr=1.5|threshold=2|adx_max=none|adx_min=none|rsi2=none|trend=ema|max_bars=24,long,154168,154169,154183,2025-05-27 14:00:00+00:00,2025-05-27 14:15:00+00:00,2025-05-27 17:45:00+00:00,5895.25,5935.75,162.0,159.0,1.4324324324324325,162.0,108.0,3.0,tp,14,6,1.25,1192.5,832.5,1215.0,2025-05-27
futures,ES,reddit_orb_fade,reddit_orb_fade|ny|range=15|entry=150|rr=1.5|sl_atr=1|tp_atr=1.5|threshold=2|adx_max=none|adx_min=none|rsi2=none|trend=all|max_bars=24,long,154351,154352,154352,2025-05-29 13:45:00+00:00,2025-05-29 14:00:00+00:00,2025-05-29 14:00:00+00:00,5936.0,5926.25,-39.0,-42.0,-1.0,58.5,39.0,3.0,sl,1,5,1.25,-262.5,262.5,365.625,2025-05-29
futures,ES,reddit_orb_retest,reddit_orb_retest|ny|range=15|entry=150|rr=1.5|sl_atr=1|tp_atr=1.5|threshold=2|adx_max=none|adx_min=none|rsi2=none|trend=all|max_bars=24,short,154355,154356,154359,2025-05-29 14:45:00+00:00,2025-05-29 15:00:00+00:00,2025-05-29 15:45:00+00:00,5932.75,5897.5,141.0,138.0,1.422680412371134,141.0,94.0,3.0,tp,3,2,1.25,345.0,242.5,352.5,2025-05-29
futures,ES,reddit_orb_breakout,reddit_orb_breakout|ny|range=15|entry=150|rr=1.5|sl_atr=1|tp_atr=1.5|threshold=2|adx_max=none|adx_min=none|rsi2=none|trend=ema|max_bars=24,short,154443,154444,154444,2025-05-30 13:45:00+00:00,2025-05-30 14:00:00+00:00,2025-05-30 14:00:00+00:00,5891.75,5912.75,-84.0,-87.0,-1.0,126.0,84.0,3.0,sl,1,6,1.25,-652.5,652.5,945.0,2025-05-30
futures,ES,reddit_orb_fade,reddit_orb_fade|ny|range=15|entry=150|rr=1.5|sl_atr=1|tp_atr=1.5|threshold=2|adx_max=none|adx_min=none|rsi2=none|trend=all|max_bars=24,long,154444,154445,154453,2025-05-30 14:00:00+00:00,2025-05-30 14:15:00+00:00,2025-05-30 16:15:00+00:00,5913.5,5890.75,-91.0,-94.0,-1.0,136.5,91.0,3.0,sl,8,5,1.25,-587.5,587.5,853.125,2025-05-30
futures,ES,reddit_orb_breakout,reddit_orb_breakout|ny|range=15|entry=150|rr=1.5|sl_atr=1|tp_atr=1.5|threshold=2|adx_max=none|adx_min=none|rsi2=none|trend=ema|max_bars=24,short,154535,154536,154543,2025-06-02 13:45:00+00:00,2025-06-02 14:00:00+00:00,2025-06-02 15:45:00+00:00,5887.25,5917.75,-122.0,-125.0,-1.0,183.0,122.0,3.0,sl,7,6,1.25,-937.5,937.5,1372.5,2025-06-02
futures,ES,reddit_orb_fade,reddit_orb_fade|ny|range=15|entry=150|rr=1.5|sl_atr=1|tp_atr=1.5|threshold=2|adx_max=none|adx_min=none|rsi2=none|trend=all|max_bars=24,long,154537,154538,154553,2025-06-02 14:15:00+00:00,2025-06-02 14:30:00+00:00,2025-06-02 18:15:00+00:00,5906.25,5934.75,114.0,111.0,1.4050632911392404,114.0,76.0,3.0,tp,15,5,1.25,693.75,493.75,712.5,2025-06-02
futures,NQ,reddit_orb_fade,reddit_orb_fade|ny|range=15|entry=150|rr=1.5|sl_atr=1|tp_atr=1.5|threshold=2|adx_max=none|adx_min=none|rsi2=none|trend=all|max_bars=24,short,154599,154600,154600,2025-06-03 13:45:00+00:00,2025-06-03 14:00:00+00:00,2025-06-03 14:00:00+00:00,21594.5,21606.0,-46.0,-49.0,-1.0,69.0,46.0,3.0,same_bar_sl,1,6,0.5,-147.0,147.0,207.0,2025-06-03
futures,ES,reddit_orb_fade,reddit_orb_fade|ny|range=15|entry=150|rr=1.5|sl_atr=1|tp_atr=1.5|threshold=2|adx_max=none|adx_min=none|rsi2=none|trend=all|max_bars=24,short,154628,154629,154629,2025-06-03 14:00:00+00:00,2025-06-03 14:15:00+00:00,2025-06-03 14:15:00+00:00,5949.75,5953.5,-15.0,-18.0,-1.0,22.5,15.0,3.0,sl,1,5,1.25,-112.5,112.5,140.625,2025-06-03
futures,ES,reddit_orb_breakout,reddit_orb_breakout|ny|range=15|entry=150|rr=1.5|sl_atr=1|tp_atr=1.5|threshold=2|adx_max=none|adx_min=none|rsi2=none|trend=ema|max_bars=24,long,154629,154630,154638,2025-06-03 14:15:00+00:00,2025-06-03 14:30:00+00:00,2025-06-03 16:30:00+00:00,5959.0,5986.75,111.0,108.0,1.4025974025974026,111.0,74.0,3.0,tp,8,6,1.25,810.0,577.5,832.5,2025-06-03
futures,ES,reddit_orb_retest,reddit_orb_retest|ny|range=15|entry=150|rr=1.5|sl_atr=1|tp_atr=1.5|threshold=2|adx_max=none|adx_min=none|rsi2=none|trend=all|max_bars=24,long,154630,154631,154637,2025-06-03 14:30:00+00:00,2025-06-03 14:45:00+00:00,2025-06-03 16:15:00+00:00,5957.25,5982.375,100.5,97.5,1.3928571428571428,100.5,67.0,3.0,tp,6,2,1.25,243.75,175.0,251.25,2025-06-03
futures,ES,reddit_orb_fade,reddit_orb_fade|ny|range=15|entry=150|rr=1.5|sl_atr=1|tp_atr=1.5|threshold=2|adx_max=none|adx_min=none|rsi2=none|trend=all|max_bars=24,long,154721,154722,154726,2025-06-04 14:15:00+00:00,2025-06-04 14:30:00+00:00,2025-06-04 15:30:00+00:00,5995.0,5985.75,-37.0,-40.0,-1.0,55.5,37.0,3.0,sl,4,5,1.25,-250.0,250.0,346.875,2025-06-04
futures,NQ,reddit_orb_fade,reddit_orb_fade|ny|range=15|entry=150|rr=1.5|sl_atr=1|tp_atr=1.5|threshold=2|adx_max=none|adx_min=none|rsi2=none|trend=all|max_bars=24,long,154693,154694,154716,2025-06-04 14:15:00+00:00,2025-06-04 14:30:00+00:00,2025-06-04 20:00:00+00:00,21743.5,21758.5,60.0,57.0,0.2923076923076923,288.0,192.0,3.0,session_close,22,6,0.5,171.0,585.0,864.0,2025-06-04
futures,ES,reddit_orb_retest,reddit_orb_retest|ny|range=15|entry=150|rr=1.5|sl_atr=1|tp_atr=1.5|threshold=2|adx_max=none|adx_min=none|rsi2=none|trend=all|max_bars=24,short,154728,154729,154736,2025-06-04 16:00:00+00:00,2025-06-04 16:15:00+00:00,2025-06-04 18:00:00+00:00,5978.0,5998.75,-83.0,-86.0,-1.0,124.5,83.0,3.0,sl,7,2,1.25,-215.0,215.0,311.25,2025-06-04
futures,ES,reddit_orb_retest,reddit_orb_retest|ny|range=15|entry=150|rr=1.5|sl_atr=1|tp_atr=1.5|threshold=2|adx_max=none|adx_min=none|rsi2=none|trend=all|max_bars=24,short,154812,154813,154817,2025-06-05 14:00:00+00:00,2025-06-05 14:15:00+00:00,2025-06-05 15:15:00+00:00,5965.0,5997.75,-131.0,-134.0,-1.0,196.5,131.0,3.0,sl,4,2,1.25,-335.0,335.0,491.25,2025-06-05
futures,ES,reddit_orb_fade,reddit_orb_fade|ny|range=15|entry=150|rr=1.5|sl_atr=1|tp_atr=1.5|threshold=2|adx_max=none|adx_min=none|rsi2=none|trend=all|max_bars=24,long,154813,154814,154814,2025-06-05 14:15:00+00:00,2025-06-05 14:30:00+00:00,2025-06-05 14:30:00+00:00,5980.25,5962.25,-72.0,-75.0,-1.0,108.0,72.0,3.0,sl,1,5,1.25,-468.75,468.75,675.0,2025-06-05
futures,NQ,reddit_orb_fade,reddit_orb_fade|ny|range=15|entry=150|rr=1.5|sl_atr=1|tp_atr=1.5|threshold=2|adx_max=none|adx_min=none|rsi2=none|trend=all|max_bars=24,long,154785,154786,154786,2025-06-05 14:15:00+00:00,2025-06-05 14:30:00+00:00,2025-06-05 14:30:00+00:00,21801.5,21713.25,-353.0,-356.0,-1.0,529.5,353.0,3.0,sl,1,6,0.5,-1068.0,1068.0,1588.5,2025-06-05
futures,ES,reddit_orb_breakout,reddit_orb_breakout|ny|range=15|entry=150|rr=1.5|sl_atr=1|tp_atr=1.5|threshold=2|adx_max=none|adx_min=none|rsi2=none|trend=ema|max_bars=24,long,154817,154818,154823,2025-06-05 15:15:00+00:00,2025-06-05 15:30:00+00:00,2025-06-05 16:45:00+00:00,6005.0,5970.75,-137.0,-140.0,-1.0,205.5,137.0,3.0,sl,5,6,1.25,-1050.0,1050.0,1541.25,2025-06-05
futures,ES,reddit_orb_fade,reddit_orb_fade|ny|range=15|entry=150|rr=1.5|sl_atr=1|tp_atr=1.5|threshold=2|adx_max=none|adx_min=none|rsi2=none|trend=all|max_bars=24,short,154903,154904,154904,2025-06-06 13:45:00+00:00,2025-06-06 14:00:00+00:00,2025-06-06 14:00:00+00:00,6019.75,6011.875,31.5,28.5,1.1875,31.5,21.0,3.0,tp,1,5,1.25,178.125,150.0,196.875,2025-06-06
futures,NQ,reddit_orb_fade,reddit_orb_fade|ny|range=15|entry=150|rr=1.5|sl_atr=1|tp_atr=1.5|threshold=2|adx_max=none|adx_min=none|rsi2=none|trend=all|max_bars=24,short,154875,154876,154877,2025-06-06 13:45:00+00:00,2025-06-06 14:00:00+00:00,2025-06-06 14:15:00+00:00,21840.5,21804.875,142.5,139.5,1.4234693877551021,142.5,95.0,3.0,tp,1,6,0.5,418.5,294.0,427.5,2025-06-06
futures,NQ,reddit_orb_fade,reddit_orb_fade|ny|range=15|entry=150|rr=1.5|sl_atr=1|tp_atr=1.5|threshold=2|adx_max=none|adx_min=none|rsi2=none|trend=all|max_bars=24,short,154967,154968,154968,2025-06-09 13:45:00+00:00,2025-06-09 14:00:00+00:00,2025-06-09 14:00:00+00:00,21787.5,21819.75,-129.0,-132.0,-1.0,193.5,129.0,3.0,sl,1,6,0.5,-396.0,396.0,580.5,2025-06-09
futures,ES,reddit_orb_fade,reddit_orb_fade|ny|range=15|entry=150|rr=1.5|sl_atr=1|tp_atr=1.5|threshold=2|adx_max=none|adx_min=none|rsi2=none|trend=all|max_bars=24,short,154998,154999,155007,2025-06-09 14:30:00+00:00,2025-06-09 14:45:00+00:00,2025-06-09 16:45:00+00:00,6009.75,6019.5,-39.0,-42.0,-1.0,58.5,39.0,3.0,sl,8,5,1.25,-262.5,262.5,365.625,2025-06-09
futures,NQ,reddit_orb_retest,reddit_orb_retest|ny|range=15|entry=150|rr=1.5|sl_atr=1|tp_atr=1.5|threshold=2|adx_max=none|adx_min=none|rsi2=none|trend=all|max_bars=24,long,154973,154974,154992,2025-06-09 15:15:00+00:00,2025-06-09 15:30:00+00:00,2025-06-09 20:00:00+00:00,21825.0,21804.0,-84.0,-87.0,-0.29,445.5,297.0,3.0,session_close,18,8,0.5,-348.0,1200.0,1782.0,2025-06-09
futures,ES,reddit_orb_fade,reddit_orb_fade|ny|range=15|entry=150|rr=1.5|sl_atr=1|tp_atr=1.5|threshold=2|adx_max=none|adx_min=none|rsi2=none|trend=all|max_bars=24,short,155087,155088,155089,2025-06-10 13:45:00+00:00,2025-06-10 14:00:00+00:00,2025-06-10 14:15:00+00:00,6020.0,6025.5,-22.0,-25.0,-1.0,33.0,22.0,3.0,sl,1,5,1.25,-156.25,156.25,206.25,2025-06-10
futures,NQ,reddit_orb_fade,reddit_orb_fade|ny|range=15|entry=150|rr=1.5|sl_atr=1|tp_atr=1.5|threshold=2|adx_max=none|adx_min=none|rsi2=none|trend=all|max_bars=24,short,155059,155060,155066,2025-06-10 13:45:00+00:00,2025-06-10 14:00:00+00:00,2025-06-10 15:30:00+00:00,21857.25,21803.25,216.0,213.0,1.4489795918367347,216.0,144.0,3.0,tp,6,6,0.5,639.0,441.0,648.0,2025-06-10
futures,ES,reddit_orb_breakout,reddit_orb_breakout|ny|range=15|entry=150|rr=1.5|sl_atr=1|tp_atr=1.5|threshold=2|adx_max=none|adx_min=none|rsi2=none|trend=ema|max_bars=24,long,155089,155090,155094,2025-06-10 14:15:00+00:00,2025-06-10 14:30:00+00:00,2025-06-10 15:30:00+00:00,6026.25,6015.75,-42.0,-45.0,-1.0,63.0,42.0,3.0,sl,4,6,1.25,-337.5,337.5,472.5,2025-06-10
futures,ES,reddit_orb_retest,reddit_orb_retest|ny|range=15|entry=150|rr=1.5|sl_atr=1|tp_atr=1.5|threshold=2|adx_max=none|adx_min=none|rsi2=none|trend=all|max_bars=24,long,155092,155093,155094,2025-06-10 15:00:00+00:00,2025-06-10 15:15:00+00:00,2025-06-10 15:30:00+00:00,6026.25,6015.75,-42.0,-45.0,-1.0,63.0,42.0,3.0,sl,1,2,1.25,-112.5,112.5,157.5,2025-06-10
futures,ES,reddit_orb_fade,reddit_orb_fade|ny|range=15|entry=150|rr=1.5|sl_atr=1|tp_atr=1.5|threshold=2|adx_max=none|adx_min=none|rsi2=none|trend=all|max_bars=24,long,155179,155180,155189,2025-06-11 13:45:00+00:00,2025-06-11 14:00:00+00:00,2025-06-11 16:15:00+00:00,6050.25,6035.75,-58.0,-61.0,-1.0,87.0,58.0,3.0,sl,9,5,1.25,-381.25,381.25,543.75,2025-06-11
futures,NQ,reddit_orb_fade,reddit_orb_fade|ny|range=15|entry=150|rr=1.5|sl_atr=1|tp_atr=1.5|threshold=2|adx_max=none|adx_min=none|rsi2=none|trend=all|max_bars=24,long,155151,155152,155161,2025-06-11 13:45:00+00:00,2025-06-11 14:00:00+00:00,2025-06-11 16:15:00+00:00,21981.0,21915.75,-261.0,-264.0,-1.0,391.5,261.0,3.0,sl,9,6,0.5,-792.0,792.0,1174.5,2025-06-11
futures,ES,reddit_orb_breakout,reddit_orb_breakout|ny|range=15|entry=150|rr=1.5|sl_atr=1|tp_atr=1.5|threshold=2|adx_max=none|adx_min=none|rsi2=none|trend=ema|max_bars=24,long,155181,155182,155188,2025-06-11 14:15:00+00:00,2025-06-11 14:30:00+00:00,2025-06-11 16:00:00+00:00,6061.5,6041.25,-81.0,-84.0,-1.0,121.5,81.0,3.0,sl,6,6,1.25,-630.0,630.0,911.25,2025-06-11
futures,ES,reddit_orb_retest,reddit_orb_retest|ny|range=15|entry=150|rr=1.5|sl_atr=1|tp_atr=1.5|threshold=2|adx_max=none|adx_min=none|rsi2=none|trend=all|max_bars=24,long,155184,155185,155188,2025-06-11 15:00:00+00:00,2025-06-11 15:15:00+00:00,2025-06-11 16:00:00+00:00,6057.0,6041.25,-63.0,-66.0,-1.0,94.5,63.0,3.0,sl,3,2,1.25,-165.0,165.0,236.25,2025-06-11
futures,ES,reddit_orb_fade,reddit_orb_fade|ny|range=15|entry=150|rr=1.5|sl_atr=1|tp_atr=1.5|threshold=2|adx_max=none|adx_min=none|rsi2=none|trend=all|max_bars=24,short,155271,155272,155272,2025-06-12 13:45:00+00:00,2025-06-12 14:00:00+00:00,2025-06-12 14:00:00+00:00,6021.0,6026.25,-21.0,-24.0,-1.0,31.5,21.0,3.0,sl,1,5,1.25,-150.0,150.0,196.875,2025-06-12
futures,NQ,reddit_orb_fade,reddit_orb_fade|ny|range=15|entry=150|rr=1.5|sl_atr=1|tp_atr=1.5|threshold=2|adx_max=none|adx_min=none|rsi2=none|trend=all|max_bars=24,short,155243,155244,155244,2025-06-12 13:45:00+00:00,2025-06-12 14:00:00+00:00,2025-06-12 14:00:00+00:00,21856.5,21892.5,-144.0,-147.0,-1.0,216.0,144.0,3.0,sl,1,6,0.5,-441.0,441.0,648.0,2025-06-12
futures,ES,reddit_orb_breakout,reddit_orb_breakout|ny|range=15|entry=150|rr=1.5|sl_atr=1|tp_atr=1.5|threshold=2|adx_max=none|adx_min=none|rsi2=none|trend=ema|max_bars=24,short,155363,155364,155369,2025-06-13 13:45:00+00:00,2025-06-13 14:00:00+00:00,2025-06-13 15:15:00+00:00,5990.75,6014.75,-96.0,-99.0,-1.0,144.0,96.0,3.0,sl,5,6,1.25,-742.5,742.5,1080.0,2025-06-13
futures,NQ,reddit_orb_fade,reddit_orb_fade|ny|range=15|entry=150|rr=1.5|sl_atr=1|tp_atr=1.5|threshold=2|adx_max=none|adx_min=none|rsi2=none|trend=all|max_bars=24,short,155335,155336,155337,2025-06-13 13:45:00+00:00,2025-06-13 14:00:00+00:00,2025-06-13 14:15:00+00:00,21735.0,21645.375,358.5,355.5,1.46900826446281,358.5,239.0,3.0,tp,1,6,0.5,1066.5,726.0,1075.5,2025-06-13
futures,ES,reddit_orb_retest,reddit_orb_retest|ny|range=15|entry=150|rr=1.5|sl_atr=1|tp_atr=1.5|threshold=2|adx_max=none|adx_min=none|rsi2=none|trend=all|max_bars=24,short,155364,155365,155369,2025-06-13 14:00:00+00:00,2025-06-13 14:15:00+00:00,2025-06-13 15:15:00+00:00,5990.75,6014.75,-96.0,-99.0,-1.0,144.0,96.0,3.0,sl,4,2,1.25,-247.5,247.5,360.0,2025-06-13
futures,ES,reddit_orb_fade,reddit_orb_fade|ny|range=15|entry=150|rr=1.5|sl_atr=1|tp_atr=1.5|threshold=2|adx_max=none|adx_min=none|rsi2=none|trend=all|max_bars=24,long,155367,155368,155372,2025-06-13 14:45:00+00:00,2025-06-13 15:00:00+00:00,2025-06-13 16:00:00+00:00,6002.5,6029.125,106.5,103.5,1.3986486486486487,106.5,71.0,3.0,tp,4,5,1.25,646.875,462.5,665.625,2025-06-13
futures,ES,reddit_orb_breakout,reddit_orb_breakout|ny|range=15|entry=150|rr=1.5|sl_atr=1|tp_atr=1.5|threshold=2|adx_max=none|adx_min=none|rsi2=none|trend=ema|max_bars=24,long,155455,155456,155480,2025-06-16 13:45:00+00:00,2025-06-16 14:00:00+00:00,2025-06-16 20:00:00+00:00,6041.25,6039.75,-6.0,-9.0,-0.07894736842105263,166.5,111.0,3.0,session_close,24,6,1.25,-67.5,855.0,1248.75,2025-06-16
futures,ES,reddit_orb_fade,reddit_orb_fade|ny|range=15|entry=150|rr=1.5|sl_atr=1|tp_atr=1.5|threshold=2|adx_max=none|adx_min=none|rsi2=none|trend=all|max_bars=24,short,155547,155548,155548,2025-06-17 13:45:00+00:00,2025-06-17 14:00:00+00:00,2025-06-17 14:00:00+00:00,6018.0,6019.0,-4.0,-7.0,-1.0,6.0,4.0,3.0,same_bar_sl,1,5,1.25,-43.75,43.75,37.5,2025-06-17
futures,NQ,reddit_orb_fade,reddit_orb_fade|ny|range=15|entry=150|rr=1.5|sl_atr=1|tp_atr=1.5|threshold=2|adx_max=none|adx_min=none|rsi2=none|trend=all|max_bars=24,long,155519,155520,155531,2025-06-17 13:45:00+00:00,2025-06-17 14:00:00+00:00,2025-06-17 16:45:00+00:00,21871.25,21802.25,-276.0,-279.0,-1.0,414.0,276.0,3.0,sl,11,6,0.5,-837.0,837.0,1242.0,2025-06-17
futures,ES,reddit_orb_breakout,reddit_orb_breakout|ny|range=15|entry=150|rr=1.5|sl_atr=1|tp_atr=1.5|threshold=2|adx_max=none|adx_min=none|rsi2=none|trend=ema|max_bars=24,long,155548,155549,155559,2025-06-17 14:00:00+00:00,2025-06-17 14:15:00+00:00,2025-06-17 16:45:00+00:00,6025.0,6007.0,-72.0,-75.0,-1.0,108.0,72.0,3.0,sl,10,6,1.25,-562.5,562.5,810.0,2025-06-17
futures,ES,reddit_orb_retest,reddit_orb_retest|ny|range=15|entry=150|rr=1.5|sl_atr=1|tp_atr=1.5|threshold=2|adx_max=none|adx_min=none|rsi2=none|trend=all|max_bars=24,long,155552,155553,155559,2025-06-17 15:00:00+00:00,2025-06-17 15:15:00+00:00,2025-06-17 16:45:00+00:00,6026.5,6007.0,-78.0,-81.0,-1.0,117.0,78.0,3.0,sl,6,2,1.25,-202.5,202.5,292.5,2025-06-17
futures,ES,reddit_orb_breakout,reddit_orb_breakout|ny|range=15|entry=150|rr=1.5|sl_atr=1|tp_atr=1.5|threshold=2|adx_max=none|adx_min=none|rsi2=none|trend=ema|max_bars=24,long,155639,155640,155659,2025-06-18 13:45:00+00:00,2025-06-18 14:00:00+00:00,2025-06-18 18:45:00+00:00,6052.25,6034.5,-71.0,-74.0,-1.0,106.5,71.0,3.0,sl,19,6,1.25,-555.0,555.0,798.75,2025-06-18
futures,ES,reddit_orb_breakout,reddit_orb_breakout|ny|range=15|entry=150|rr=1.5|sl_atr=1|tp_atr=1.5|threshold=2|adx_max=none|adx_min=none|rsi2=none|trend=ema|max_bars=24,short,155731,155732,155744,2025-06-19 13:45:00+00:00,2025-06-19 14:00:00+00:00,2025-06-19 22:00:00+00:00,5978.25,6006.0,-111.0,-114.0,-1.3103448275862069,126.0,84.0,3.0,session_close,12,6,1.25,-855.0,652.5,945.0,2025-06-19
futures,ES,reddit_orb_retest,reddit_orb_retest|ny|range=15|entry=150|rr=1.5|sl_atr=1|tp_atr=1.5|threshold=2|adx_max=none|adx_min=none|rsi2=none|trend=all|max_bars=24,short,155732,155733,155744,2025-06-19 14:00:00+00:00,2025-06-19 14:15:00+00:00,2025-06-19 22:00:00+00:00,5983.25,6006.0,-91.0,-94.0,-1.4029850746268657,96.0,64.0,3.0,session_close,11,2,1.25,-235.0,167.5,240.0,2025-06-19
futures,NQ,reddit_orb_fade,reddit_orb_fade|ny|range=15|entry=150|rr=1.5|sl_atr=1|tp_atr=1.5|threshold=2|adx_max=none|adx_min=none|rsi2=none|trend=all|max_bars=24,long,155705,155706,155706,2025-06-19 14:15:00+00:00,2025-06-19 14:30:00+00:00,2025-06-19 14:30:00+00:00,21717.75,21698.25,-78.0,-81.0,-1.0,117.0,78.0,3.0,sl,1,6,0.5,-243.0,243.0,351.0,2025-06-19
futures,ES,reddit_orb_fade,reddit_orb_fade|ny|range=15|entry=150|rr=1.5|sl_atr=1|tp_atr=1.5|threshold=2|adx_max=none|adx_min=none|rsi2=none|trend=all|max_bars=24,long,155735,155736,155738,2025-06-19 14:45:00+00:00,2025-06-19 15:00:00+00:00,2025-06-19 15:30:00+00:00,5986.0,5977.75,-33.0,-36.0,-1.0,49.5,33.0,3.0,sl,2,5,1.25,-225.0,225.0,309.375,2025-06-19
futures,ES,reddit_orb_breakout,reddit_orb_breakout|ny|range=15|entry=150|rr=1.5|sl_atr=1|tp_atr=1.5|threshold=2|adx_max=none|adx_min=none|rsi2=none|trend=ema|max_bars=24,long,155899,155900,155910,2025-06-23 13:45:00+00:00,2025-06-23 14:00:00+00:00,2025-06-23 16:30:00+00:00,6041.5,6010.5,-124.0,-127.0,-1.0,186.0,124.0,3.0,sl,10,6,1.25,-952.5,952.5,1395.0,2025-06-23
futures,ES,reddit_orb_retest,reddit_orb_retest|ny|range=15|entry=150|rr=1.5|sl_atr=1|tp_atr=1.5|threshold=2|adx_max=none|adx_min=none|rsi2=none|trend=all|max_bars=24,long,155907,155908,155910,2025-06-23 15:45:00+00:00,2025-06-23 16:00:00+00:00,2025-06-23 16:30:00+00:00,6033.75,6010.5,-93.0,-96.0,-1.0,139.5,93.0,3.0,sl,2,2,1.25,-240.0,240.0,348.75,2025-06-23
futures,ES,reddit_orb_fade,reddit_orb_fade|ny|range=15|entry=150|rr=1.5|sl_atr=1|tp_atr=1.5|threshold=2|adx_max=none|adx_min=none|rsi2=none|trend=all|max_bars=24,short,155908,155909,155909,2025-06-23 16:00:00+00:00,2025-06-23 16:15:00+00:00,2025-06-23 16:15:00+00:00,6032.75,6027.875,19.5,16.5,1.03125,19.5,13.0,3.0,tp,1,5,1.25,103.125,100.0,121.875,2025-06-23
futures,NQ,reddit_orb_fade,reddit_orb_fade|ny|range=15|entry=150|rr=1.5|sl_atr=1|tp_atr=1.5|threshold=2|adx_max=none|adx_min=none|rsi2=none|trend=all|max_bars=24,short,155881,155882,155882,2025-06-23 16:15:00+00:00,2025-06-23 16:30:00+00:00,2025-06-23 16:30:00+00:00,21860.25,21743.25,468.0,465.0,1.4761904761904763,468.0,312.0,3.0,tp,1,6,0.5,1395.0,945.0,1404.0,2025-06-23
futures,ES,reddit_orb_fade,reddit_orb_fade|ny|range=15|entry=150|rr=1.5|sl_atr=1|tp_atr=1.5|threshold=2|adx_max=none|adx_min=none|rsi2=none|trend=all|max_bars=24,short,155991,155992,155996,2025-06-24 13:45:00+00:00,2025-06-24 14:00:00+00:00,2025-06-24 15:00:00+00:00,6116.5,6130.25,-55.0,-58.0,-1.0,82.5,55.0,3.0,sl,4,5,1.25,-362.5,362.5,515.625,2025-06-24
futures,NQ,reddit_orb_fade,reddit_orb_fade|ny|range=15|entry=150|rr=1.5|sl_atr=1|tp_atr=1.5|threshold=2|adx_max=none|adx_min=none|rsi2=none|trend=all|max_bars=24,short,155963,155964,155966,2025-06-24 13:45:00+00:00,2025-06-24 14:00:00+00:00,2025-06-24 14:30:00+00:00,22292.0,22333.5,-166.0,-169.0,-1.0,249.0,166.0,3.0,sl,2,6,0.5,-507.0,507.0,747.0,2025-06-24
futures,ES,reddit_orb_breakout,reddit_orb_breakout|ny|range=15|entry=150|rr=1.5|sl_atr=1|tp_atr=1.5|threshold=2|adx_max=none|adx_min=none|rsi2=none|trend=ema|max_bars=24,long,155996,155997,156012,2025-06-24 15:00:00+00:00,2025-06-24 15:15:00+00:00,2025-06-24 19:00:00+00:00,6130.0,6153.25,93.0,90.0,1.3846153846153846,93.0,62.0,3.0,tp,15,6,1.25,675.0,487.5,697.5,2025-06-24
futures,ES,reddit_orb_retest,reddit_orb_retest|ny|range=15|entry=150|rr=1.5|sl_atr=1|tp_atr=1.5|threshold=2|adx_max=none|adx_min=none|rsi2=none|trend=all|max_bars=24,long,155997,155998,156016,2025-06-24 15:15:00+00:00,2025-06-24 15:30:00+00:00,2025-06-24 20:00:00+00:00,6134.0,6144.0,40.0,37.0,0.4567901234567901,117.0,78.0,3.0,session_close,18,2,1.25,92.5,202.5,292.5,2025-06-24
futures,ES,reddit_orb_fade,reddit_orb_fade|ny|range=15|entry=150|rr=1.5|sl_atr=1|tp_atr=1.5|threshold=2|adx_max=none|adx_min=none|rsi2=none|trend=all|max_bars=24,long,156083,156084,156084,2025-06-25 13:45:00+00:00,2025-06-25 14:00:00+00:00,2025-06-25 14:00:00+00:00,6157.0,6149.75,-29.0,-32.0,-1.0,43.5,29.0,3.0,sl,1,5,1.25,-200.0,200.0,271.875,2025-06-25
futures,NQ,reddit_orb_fade,reddit_orb_fade|ny|range=15|entry=150|rr=1.5|sl_atr=1|tp_atr=1.5|threshold=2|adx_max=none|adx_min=none|rsi2=none|trend=all|max_bars=24,long,156055,156056,156056,2025-06-25 13:45:00+00:00,2025-06-25 14:00:00+00:00,2025-06-25 14:00:00+00:00,22522.75,22485.75,-148.0,-151.0,-1.0,222.0,148.0,3.0,sl,1,6,0.5,-453.0,453.0,666.0,2025-06-25
futures,ES,reddit_orb_retest,reddit_orb_retest|ny|range=15|entry=150|rr=1.5|sl_atr=1|tp_atr=1.5|threshold=2|adx_max=none|adx_min=none|rsi2=none|trend=all|max_bars=24,short,156085,156086,156090,2025-06-25 14:15:00+00:00,2025-06-25 14:30:00+00:00,2025-06-25 15:30:00+00:00,6152.25,6140.25,48.0,45.0,1.2857142857142858,48.0,32.0,3.0,tp,4,2,1.25,112.5,87.5,120.0,2025-06-25
futures,NQ,reddit_orb_retest,reddit_orb_retest|ny|range=15|entry=150|rr=1.5|sl_atr=1|tp_atr=1.5|threshold=2|adx_max=none|adx_min=none|rsi2=none|trend=all|max_bars=24,short,156057,156058,156070,2025-06-25 14:15:00+00:00,2025-06-25 14:30:00+00:00,2025-06-25 17:30:00+00:00,22488.5,22398.875,358.5,355.5,1.46900826446281,358.5,239.0,3.0,tp,12,8,0.5,1422.0,968.0,1434.0,2025-06-25
futures,ES,reddit_orb_fade,reddit_orb_fade|ny|range=15|entry=150|rr=1.5|sl_atr=1|tp_atr=1.5|threshold=2|adx_max=none|adx_min=none|rsi2=none|trend=all|max_bars=24,long,156175,156176,156178,2025-06-26 13:45:00+00:00,2025-06-26 14:00:00+00:00,2025-06-26 14:30:00+00:00,6167.0,6178.625,46.5,43.5,1.2794117647058822,46.5,31.0,3.0,tp,2,5,1.25,271.875,212.5,290.625,2025-06-26
futures,NQ,reddit_orb_fade,reddit_orb_fade|ny|range=15|entry=150|rr=1.5|sl_atr=1|tp_atr=1.5|threshold=2|adx_max=none|adx_min=none|rsi2=none|trend=all|max_bars=24,long,156147,156148,156162,2025-06-26 13:45:00+00:00,2025-06-26 14:00:00+00:00,2025-06-26 17:30:00+00:00,22543.75,22645.375,406.5,403.5,1.4726277372262773,406.5,271.0,3.0,tp,14,6,0.5,1210.5,822.0,1219.5,2025-06-26
futures,ES,reddit_orb_breakout,reddit_orb_breakout|ny|range=15|entry=150|rr=1.5|sl_atr=1|tp_atr=1.5|threshold=2|adx_max=none|adx_min=none|rsi2=none|trend=ema|max_bars=24,long,156177,156178,156192,2025-06-26 14:15:00+00:00,2025-06-26 14:30:00+00:00,2025-06-26 18:00:00+00:00,6175.25,6193.25,72.0,69.0,1.3529411764705883,72.0,48.0,3.0,tp,14,6,1.25,517.5,382.5,540.0,2025-06-26
futures,NQ,reddit_orb_retest,reddit_orb_retest|ny|range=15|entry=150|rr=1.5|sl_atr=1|tp_atr=1.5|threshold=2|adx_max=none|adx_min=none|rsi2=none|trend=all|max_bars=24,long,156151,156152,156165,2025-06-26 14:45:00+00:00,2025-06-26 15:00:00+00:00,2025-06-26 18:15:00+00:00,22570.25,22683.125,451.5,448.5,1.475328947368421,451.5,301.0,3.0,tp,13,8,0.5,1794.0,1216.0,1806.0,2025-06-26
futures,ES,reddit_orb_breakout,reddit_orb_breakout|ny|range=15|entry=150|rr=1.5|sl_atr=1|tp_atr=1.5|threshold=2|adx_max=none|adx_min=none|rsi2=none|trend=ema|max_bars=24,long,156267,156268,156285,2025-06-27 13:45:00+00:00,2025-06-27 14:00:00+00:00,2025-06-27 18:15:00+00:00,6218.5,6202.0,-66.0,-69.0,-1.0,99.0,66.0,3.0,sl,17,6,1.25,-517.5,517.5,742.5,2025-06-27
futures,ES,reddit_orb_fade,reddit_orb_fade|ny|range=15|entry=150|rr=1.5|sl_atr=1|tp_atr=1.5|threshold=2|adx_max=none|adx_min=none|rsi2=none|trend=all|max_bars=24,long,156359,156360,156361,2025-06-30 13:45:00+00:00,2025-06-30 14:00:00+00:00,2025-06-30 14:15:00+00:00,6238.5,6234.75,-15.0,-18.0,-1.0,22.5,15.0,3.0,sl,1,5,1.25,-112.5,112.5,140.625,2025-06-30
futures,NQ,reddit_orb_fade,reddit_orb_fade|ny|range=15|entry=150|rr=1.5|sl_atr=1|tp_atr=1.5|threshold=2|adx_max=none|adx_min=none|rsi2=none|trend=all|max_bars=24,long,156331,156332,156347,2025-06-30 13:45:00+00:00,2025-06-30 14:00:00+00:00,2025-06-30 17:45:00+00:00,22826.75,22794.25,-130.0,-133.0,-1.0,195.0,130.0,3.0,sl,15,6,0.5,-399.0,399.0,585.0,2025-06-30
futures,ES,reddit_orb_retest,reddit_orb_retest|ny|range=15|entry=150|rr=1.5|sl_atr=1|tp_atr=1.5|threshold=2|adx_max=none|adx_min=none|rsi2=none|trend=all|max_bars=24,short,156363,156364,156381,2025-06-30 14:45:00+00:00,2025-06-30 15:00:00+00:00,2025-06-30 19:15:00+00:00,6234.75,6248.75,-56.0,-59.0,-1.0,84.0,56.0,3.0,sl,17,2,1.25,-147.5,147.5,210.0,2025-06-30
futures,ES,reddit_orb_breakout,reddit_orb_breakout|ny|range=15|entry=150|rr=1.5|sl_atr=1|tp_atr=1.5|threshold=2|adx_max=none|adx_min=none|rsi2=none|trend=ema|max_bars=24,long,156451,156452,156455,2025-07-01 13:45:00+00:00,2025-07-01 14:00:00+00:00,2025-07-01 14:45:00+00:00,6244.0,6234.0,-40.0,-43.0,-1.0,60.0,40.0,3.0,sl,3,6,1.25,-322.5,322.5,450.0,2025-07-01
futures,NQ,reddit_orb_fade,reddit_orb_fade|ny|range=15|entry=150|rr=1.5|sl_atr=1|tp_atr=1.5|threshold=2|adx_max=none|adx_min=none|rsi2=none|trend=all|max_bars=24,short,156423,156424,156425,2025-07-01 13:45:00+00:00,2025-07-01 14:00:00+00:00,2025-07-01 14:15:00+00:00,22810.0,22834.25,-97.0,-100.0,-1.0,145.5,97.0,3.0,same_bar_sl,1,6,0.5,-300.0,300.0,436.5,2025-07-01
futures,ES,reddit_orb_retest,reddit_orb_retest|ny|range=15|entry=150|rr=1.5|sl_atr=1|tp_atr=1.5|threshold=2|adx_max=none|adx_min=none|rsi2=none|trend=all|max_bars=24,long,156452,156453,156455,2025-07-01 14:00:00+00:00,2025-07-01 14:15:00+00:00,2025-07-01 14:45:00+00:00,6249.25,6234.0,-61.0,-64.0,-1.0,91.5,61.0,3.0,sl,2,2,1.25,-160.0,160.0,228.75,2025-07-01
futures,NQ,reddit_orb_breakout,reddit_orb_breakout|ny|range=15|entry=150|rr=1|sl_atr=1|tp_atr=1.5|threshold=2|adx_max=none|adx_min=none|rsi2=none|trend=ema|max_bars=24,long,156424,156425,156425,2025-07-01 14:00:00+00:00,2025-07-01 14:15:00+00:00,2025-07-01 14:15:00+00:00,22829.0,22780.0,-196.0,-199.0,-1.0,196.0,196.0,3.0,sl,1,12,0.5,-1194.0,1194.0,1176.0,2025-07-01
futures,ES,reddit_orb_fade,reddit_orb_fade|ny|range=15|entry=150|rr=1.5|sl_atr=1|tp_atr=1.5|threshold=2|adx_max=none|adx_min=none|rsi2=none|trend=all|max_bars=24,short,156454,156455,156460,2025-07-01 14:30:00+00:00,2025-07-01 14:45:00+00:00,2025-07-01 16:00:00+00:00,6238.5,6248.5,-40.0,-43.0,-1.0,60.0,40.0,3.0,sl,5,5,1.25,-268.75,268.75,375.0,2025-07-01
futures,ES,reddit_orb_fade,reddit_orb_fade|ny|range=15|entry=150|rr=1.5|sl_atr=1|tp_atr=1.5|threshold=2|adx_max=none|adx_min=none|rsi2=none|trend=all|max_bars=24,short,156543,156544,156544,2025-07-02 13:45:00+00:00,2025-07-02 14:00:00+00:00,2025-07-02 14:00:00+00:00,6245.25,6248.5,-13.0,-16.0,-1.0,19.5,13.0,3.0,sl,1,5,1.25,-100.0,100.0,121.875,2025-07-02
futures,NQ,reddit_orb_fade,reddit_orb_fade|ny|range=15|entry=150|rr=1.5|sl_atr=1|tp_atr=1.5|threshold=2|adx_max=none|adx_min=none|rsi2=none|trend=all|max_bars=24,short,156515,156516,156516,2025-07-02 13:45:00+00:00,2025-07-02 14:00:00+00:00,2025-07-02 14:00:00+00:00,22706.5,22728.25,-87.0,-90.0,-1.0,130.5,87.0,3.0,sl,1,6,0.5,-270.0,270.0,391.5,2025-07-02
futures,ES,reddit_orb_breakout,reddit_orb_breakout|ny|range=15|entry=150|rr=1.5|sl_atr=1|tp_atr=1.5|threshold=2|adx_max=none|adx_min=none|rsi2=none|trend=ema|max_bars=24,long,156544,156545,156562,2025-07-02 14:00:00+00:00,2025-07-02 14:15:00+00:00,2025-07-02 18:30:00+00:00,6251.0,6270.125,76.5,73.5,1.3611111111111112,76.5,51.0,3.0,tp,17,6,1.25,551.25,405.0,573.75,2025-07-02
futures,ES,reddit_orb_breakout,reddit_orb_breakout|ny|range=15|entry=150|rr=1.5|sl_atr=1|tp_atr=1.5|threshold=2|adx_max=none|adx_min=none|rsi2=none|trend=ema|max_bars=24,long,156635,156636,156649,2025-07-03 13:45:00+00:00,2025-07-03 14:00:00+00:00,2025-07-03 22:00:00+00:00,6310.25,6317.75,30.0,27.0,0.3698630136986301,105.0,70.0,3.0,session_close,13,6,1.25,202.5,547.5,787.5,2025-07-03
futures,ES,reddit_orb_breakout,reddit_orb_breakout|ny|range=15|entry=150|rr=1.5|sl_atr=1|tp_atr=1.5|threshold=2|adx_max=none|adx_min=none|rsi2=none|trend=ema|max_bars=24,long,156712,156713,156725,2025-07-04 13:45:00+00:00,2025-07-04 14:00:00+00:00,2025-07-06 22:00:00+00:00,6287.25,6303.5,65.0,62.0,1.7714285714285714,48.0,32.0,3.0,session_close,12,6,1.25,465.0,262.5,360.0,2025-07-04
futures,NQ,reddit_orb_fade,reddit_orb_fade|ny|range=15|entry=150|rr=1.5|sl_atr=1|tp_atr=1.5|threshold=2|adx_max=none|adx_min=none|rsi2=none|trend=all|max_bars=24,short,156684,156685,156687,2025-07-04 13:45:00+00:00,2025-07-04 14:00:00+00:00,2025-07-04 14:30:00+00:00,22923.75,22935.0,-45.0,-48.0,-1.0,67.5,45.0,3.0,sl,2,6,0.5,-144.0,144.0,202.5,2025-07-04
futures,ES,reddit_orb_fade,reddit_orb_fade|ny|range=15|entry=150|rr=1.5|sl_atr=1|tp_atr=1.5|threshold=2|adx_max=none|adx_min=none|rsi2=none|trend=all|max_bars=24,short,156713,156714,156714,2025-07-04 14:00:00+00:00,2025-07-04 14:15:00+00:00,2025-07-04 14:15:00+00:00,6286.5,6288.0,-6.0,-9.0,-1.0,9.0,6.0,3.0,sl,1,5,1.25,-56.25,56.25,56.25,2025-07-04
futures,ES,reddit_orb_retest,reddit_orb_retest|ny|range=15|entry=150|rr=1.5|sl_atr=1|tp_atr=1.5|threshold=2|adx_max=none|adx_min=none|rsi2=none|trend=all|max_bars=24,long,156714,156715,156725,2025-07-04 14:15:00+00:00,2025-07-04 14:30:00+00:00,2025-07-06 22:00:00+00:00,6289.25,6303.5,57.0,54.0,1.255813953488372,60.0,40.0,3.0,session_close,10,2,1.25,135.0,107.5,150.0,2025-07-04
futures,NQ,reddit_orb_breakout,reddit_orb_breakout|ny|range=15|entry=150|rr=1|sl_atr=1|tp_atr=1.5|threshold=2|adx_max=none|adx_min=none|rsi2=none|trend=ema|max_bars=24,long,156686,156687,156697,2025-07-04 14:15:00+00:00,2025-07-04 14:30:00+00:00,2025-07-06 22:00:00+00:00,22932.75,22992.25,238.0,235.0,1.2912087912087913,179.0,179.0,3.0,session_close,10,12,0.5,1410.0,1092.0,1074.0,2025-07-04
futures,NQ,reddit_orb_retest,reddit_orb_retest|ny|range=15|entry=150|rr=1.5|sl_atr=1|tp_atr=1.5|threshold=2|adx_max=none|adx_min=none|rsi2=none|trend=all|max_bars=24,long,156687,156688,156697,2025-07-04 14:30:00+00:00,2025-07-04 14:45:00+00:00,2025-07-06 22:00:00+00:00,22942.25,22992.25,200.0,197.0,0.8954545454545455,325.5,217.0,3.0,session_close,9,8,0.5,788.0,880.0,1302.0,2025-07-04
futures,ES,reddit_orb_fade,reddit_orb_fade|ny|range=15|entry=150|rr=1.5|sl_atr=1|tp_atr=1.5|threshold=2|adx_max=none|adx_min=none|rsi2=none|trend=all|max_bars=24,short,156788,156789,156789,2025-07-07 13:45:00+00:00,2025-07-07 14:00:00+00:00,2025-07-07 14:00:00+00:00,6305.0,6297.875,28.5,25.5,1.1590909090909092,28.5,19.0,3.0,tp,1,5,1.25,159.375,137.5,178.125,2025-07-07
futures,NQ,reddit_orb_fade,reddit_orb_fade|ny|range=15|entry=150|rr=1.5|sl_atr=1|tp_atr=1.5|threshold=2|adx_max=none|adx_min=none|rsi2=none|trend=all|max_bars=24,short,156760,156761,156764,2025-07-07 13:45:00+00:00,2025-07-07 14:00:00+00:00,2025-07-07 14:45:00+00:00,22944.75,22895.625,196.5,193.5,1.4440298507462686,196.5,131.0,3.0,tp,3,6,0.5,580.5,402.0,589.5,2025-07-07
futures,ES,reddit_orb_retest,reddit_orb_retest|ny|range=15|entry=150|rr=1.5|sl_atr=1|tp_atr=1.5|threshold=2|adx_max=none|adx_min=none|rsi2=none|trend=all|max_bars=24,short,156791,156792,156798,2025-07-07 14:30:00+00:00,2025-07-07 14:45:00+00:00,2025-07-07 16:15:00+00:00,6295.0,6275.125,79.5,76.5,1.3660714285714286,79.5,53.0,3.0,tp,6,2,1.25,191.25,140.0,198.75,2025-07-07
futures,ES,reddit_orb_fade,reddit_orb_fade|ny|range=15|entry=150|rr=1.5|sl_atr=1|tp_atr=1.5|threshold=2|adx_max=none|adx_min=none|rsi2=none|trend=all|max_bars=24,short,156880,156881,156890,2025-07-08 13:45:00+00:00,2025-07-08 14:00:00+00:00,2025-07-08 16:15:00+00:00,6274.0,6284.25,-41.0,-44.0,-1.0,61.5,41.0,3.0,sl,9,5,1.25,-275.0,275.0,384.375,2025-07-08
futures,ES,reddit_orb_breakout,reddit_orb_breakout|ny|range=15|entry=150|rr=1.5|sl_atr=1|tp_atr=1.5|threshold=2|adx_max=none|adx_min=none|rsi2=none|trend=ema|max_bars=24,short,156881,156882,156883,2025-07-08 14:00:00+00:00,2025-07-08 14:15:00+00:00,2025-07-08 14:30:00+00:00,6270.75,6281.25,-42.0,-45.0,-1.0,63.0,42.0,3.0,sl,1,6,1.25,-337.5,337.5,472.5,2025-07-08
futures,NQ,reddit_orb_retest,reddit_orb_retest|ny|range=15|entry=150|rr=1.5|sl_atr=1|tp_atr=1.5|threshold=2|adx_max=none|adx_min=none|rsi2=none|trend=all|max_bars=24,short,156853,156854,156862,2025-07-08 14:00:00+00:00,2025-07-08 14:15:00+00:00,2025-07-08 16:15:00+00:00,22881.75,22943.5,-247.0,-250.0,-1.0,370.5,247.0,3.0,sl,8,8,0.5,-1000.0,1000.0,1482.0,2025-07-08
futures,ES,reddit_orb_retest,reddit_orb_retest|ny|range=15|entry=150|rr=1.5|sl_atr=1|tp_atr=1.5|threshold=2|adx_max=none|adx_min=none|rsi2=none|trend=all|max_bars=24,short,156882,156883,156883,2025-07-08 14:15:00+00:00,2025-07-08 14:30:00+00:00,2025-07-08 14:30:00+00:00,6267.75,6281.25,-54.0,-57.0,-1.0,81.0,54.0,3.0,sl,1,2,1.25,-142.5,142.5,202.5,2025-07-08
futures,NQ,reddit_orb_fade,reddit_orb_fade|ny|range=15|entry=150|rr=1.5|sl_atr=1|tp_atr=1.5|threshold=2|adx_max=none|adx_min=none|rsi2=none|trend=all|max_bars=24,long,156855,156856,156856,2025-07-08 14:30:00+00:00,2025-07-08 14:45:00+00:00,2025-07-08 14:45:00+00:00,22927.5,22872.0,-222.0,-225.0,-1.0,333.0,222.0,3.0,sl,1,6,0.5,-675.0,675.0,999.0,2025-07-08
futures,ES,reddit_orb_breakout,reddit_orb_breakout|ny|range=15|entry=150|rr=1.5|sl_atr=1|tp_atr=1.5|threshold=2|adx_max=none|adx_min=none|rsi2=none|trend=ema|max_bars=24,long,156972,156973,156975,2025-07-09 13:45:00+00:00,2025-07-09 14:00:00+00:00,2025-07-09 14:30:00+00:00,6310.0,6293.75,-65.0,-68.0,-1.0,97.5,65.0,3.0,sl,2,6,1.25,-510.0,510.0,731.25,2025-07-09
futures,ES,reddit_orb_fade,reddit_orb_fade|ny|range=15|entry=150|rr=1.5|sl_atr=1|tp_atr=1.5|threshold=2|adx_max=none|adx_min=none|rsi2=none|trend=all|max_bars=24,short,156974,156975,156975,2025-07-09 14:15:00+00:00,2025-07-09 14:30:00+00:00,2025-07-09 14:30:00+00:00,6301.25,6287.375,55.5,52.5,1.3125,55.5,37.0,3.0,tp,1,5,1.25,328.125,250.0,346.875,2025-07-09
futures,ES,reddit_orb_fade,reddit_orb_fade|ny|range=15|entry=150|rr=1.5|sl_atr=1|tp_atr=1.5|threshold=2|adx_max=none|adx_min=none|rsi2=none|trend=all|max_bars=24,long,157065,157066,157067,2025-07-10 14:00:00+00:00,2025-07-10 14:15:00+00:00,2025-07-10 14:30:00+00:00,6303.25,6314.125,43.5,40.5,1.265625,43.5,29.0,3.0,tp,1,5,1.25,253.125,200.0,271.875,2025-07-10
futures,ES,reddit_orb_breakout,reddit_orb_breakout|ny|range=15|entry=150|rr=1.5|sl_atr=1|tp_atr=1.5|threshold=2|adx_max=none|adx_min=none|rsi2=none|trend=ema|max_bars=24,long,157067,157068,157082,2025-07-10 14:30:00+00:00,2025-07-10 14:45:00+00:00,2025-07-10 18:15:00+00:00,6314.5,6334.75,81.0,78.0,1.368421052631579,81.0,54.0,3.0,tp,14,6,1.25,585.0,427.5,607.5,2025-07-10
futures,NQ,reddit_orb_fade,reddit_orb_fade|ny|range=15|entry=150|rr=1.5|sl_atr=1|tp_atr=1.5|threshold=2|adx_max=none|adx_min=none|rsi2=none|trend=all|max_bars=24,long,157044,157045,157045,2025-07-10 15:45:00+00:00,2025-07-10 16:00:00+00:00,2025-07-10 16:00:00+00:00,23024.25,23002.75,-86.0,-89.0,-1.0,129.0,86.0,3.0,sl,1,6,0.5,-267.0,267.0,387.0,2025-07-10
futures,ES,reddit_orb_fade,reddit_orb_fade|ny|range=15|entry=150|rr=1.5|sl_atr=1|tp_atr=1.5|threshold=2|adx_max=none|adx_min=none|rsi2=none|trend=all|max_bars=24,long,157156,157157,157181,2025-07-11 13:45:00+00:00,2025-07-11 14:00:00+00:00,2025-07-11 20:00:00+00:00,6296.0,6297.25,5.0,2.0,0.0273972602739726,105.0,70.0,3.0,session_close,24,5,1.25,12.5,456.25,656.25,2025-07-11
futures,NQ,reddit_orb_fade,reddit_orb_fade|ny|range=15|entry=150|rr=1.5|sl_atr=1|tp_atr=1.5|threshold=2|adx_max=none|adx_min=none|rsi2=none|trend=all|max_bars=24,long,157128,157129,157153,2025-07-11 13:45:00+00:00,2025-07-11 14:00:00+00:00,2025-07-11 20:00:00+00:00,22963.75,22940.75,-92.0,-95.0,-0.23399014778325122,604.5,403.0,3.0,session_close,24,6,0.5,-285.0,1218.0,1813.5,2025-07-11
futures,ES,reddit_orb_retest,reddit_orb_retest|ny|range=15|entry=150|rr=1.5|sl_atr=1|tp_atr=1.5|threshold=2|adx_max=none|adx_min=none|rsi2=none|trend=all|max_bars=24,long,157158,157159,157181,2025-07-11 14:15:00+00:00,2025-07-11 14:30:00+00:00,2025-07-11 20:00:00+00:00,6303.5,6297.25,-25.0,-28.0,-0.28865979381443296,141.0,94.0,3.0,session_close,22,2,1.25,-70.0,242.5,352.5,2025-07-11
futures,ES,reddit_orb_fade,reddit_orb_fade|ny|range=15|entry=150|rr=1.5|sl_atr=1|tp_atr=1.5|threshold=2|adx_max=none|adx_min=none|rsi2=none|trend=all|max_bars=24,short,157248,157249,157250,2025-07-14 13:45:00+00:00,2025-07-14 14:00:00+00:00,2025-07-14 14:15:00+00:00,6289.25,6297.25,-32.0,-35.0,-1.0,48.0,32.0,3.0,sl,1,5,1.25,-218.75,218.75,300.0,2025-07-14
futures,ES,reddit_orb_retest,reddit_orb_retest|ny|range=15|entry=150|rr=1.5|sl_atr=1|tp_atr=1.5|threshold=2|adx_max=none|adx_min=none|rsi2=none|trend=all|max_bars=24,long,157253,157254,157273,2025-07-14 15:00:00+00:00,2025-07-14 15:15:00+00:00,2025-07-14 20:00:00+00:00,6299.25,6308.5,37.0,34.0,0.4358974358974359,112.5,75.0,3.0,session_close,19,2,1.25,85.0,195.0,281.25,2025-07-14
futures,ES,reddit_orb_fade,reddit_orb_fade|ny|range=15|entry=150|rr=1.5|sl_atr=1|tp_atr=1.5|threshold=2|adx_max=none|adx_min=none|rsi2=none|trend=all|max_bars=24,long,157341,157342,157343,2025-07-15 14:00:00+00:00,2025-07-15 14:15:00+00:00,2025-07-15 14:30:00+00:00,6324.5,6314.75,-39.0,-42.0,-1.0,58.5,39.0,3.0,sl,1,5,1.25,-262.5,262.5,365.625,2025-07-15
futures,ES,reddit_orb_retest,reddit_orb_retest|ny|range=15|entry=150|rr=1.5|sl_atr=1|tp_atr=1.5|threshold=2|adx_max=none|adx_min=none|rsi2=none|trend=all|max_bars=24,short,157342,157343,157365,2025-07-15 14:15:00+00:00,2025-07-15 14:30:00+00:00,2025-07-15 20:00:00+00:00,6317.25,6277.25,160.0,157.0,1.5544554455445545,147.0,98.0,3.0,session_close,22,2,1.25,392.5,252.5,367.5,2025-07-15
futures,ES,reddit_orb_breakout,reddit_orb_breakout|ny|range=15|entry=150|rr=1.5|sl_atr=1|tp_atr=1.5|threshold=2|adx_max=none|adx_min=none|rsi2=none|trend=ema|max_bars=24,short,157432,157433,157439,2025-07-16 13:45:00+00:00,2025-07-16 14:00:00+00:00,2025-07-16 15:30:00+00:00,6282.0,6252.0,120.0,117.0,1.4096385542168675,120.0,80.0,3.0,tp,6,6,1.25,877.5,622.5,900.0,2025-07-16
futures,ES,reddit_orb_retest,reddit_orb_retest|ny|range=15|entry=150|rr=1.5|sl_atr=1|tp_atr=1.5|threshold=2|adx_max=none|adx_min=none|rsi2=none|trend=all|max_bars=24,short,157435,157436,157438,2025-07-16 14:30:00+00:00,2025-07-16 14:45:00+00:00,2025-07-16 15:15:00+00:00,6285.5,6260.75,99.0,96.0,1.391304347826087,99.0,66.0,3.0,tp,2,2,1.25,240.0,172.5,247.5,2025-07-16
futures,ES,reddit_orb_fade,reddit_orb_fade|ny|range=15|entry=150|rr=1.5|sl_atr=1|tp_atr=1.5|threshold=2|adx_max=none|adx_min=none|rsi2=none|trend=all|max_bars=24,long,157437,157438,157438,2025-07-16 15:00:00+00:00,2025-07-16 15:15:00+00:00,2025-07-16 15:15:00+00:00,6294.5,6281.5,-52.0,-55.0,-1.0,78.0,52.0,3.0,sl,1,5,1.25,-343.75,343.75,487.5,2025-07-16
futures,ES,reddit_orb_breakout,reddit_orb_breakout|ny|range=15|entry=150|rr=1.5|sl_atr=1|tp_atr=1.5|threshold=2|adx_max=none|adx_min=none|rsi2=none|trend=ema|max_bars=24,long,157524,157525,157545,2025-07-17 13:45:00+00:00,2025-07-17 14:00:00+00:00,2025-07-17 19:00:00+00:00,6318.5,6343.25,99.0,96.0,1.391304347826087,99.0,66.0,3.0,tp,20,6,1.25,720.0,517.5,742.5,2025-07-17
futures,ES,reddit_orb_fade,reddit_orb_fade|ny|range=15|entry=150|rr=1.5|sl_atr=1|tp_atr=1.5|threshold=2|adx_max=none|adx_min=none|rsi2=none|trend=all|max_bars=24,short,157526,157527,157529,2025-07-17 14:15:00+00:00,2025-07-17 14:30:00+00:00,2025-07-17 15:00:00+00:00,6315.0,6323.0,-32.0,-35.0,-1.0,48.0,32.0,3.0,sl,2,5,1.25,-218.75,218.75,300.0,2025-07-17
futures,ES,reddit_orb_retest,reddit_orb_retest|ny|range=15|entry=150|rr=1.5|sl_atr=1|tp_atr=1.5|threshold=2|adx_max=none|adx_min=none|rsi2=none|trend=all|max_bars=24,long,157528,157529,157545,2025-07-17 14:45:00+00:00,2025-07-17 15:00:00+00:00,2025-07-17 19:00:00+00:00,6319.0,6344.5,102.0,99.0,1.3943661971830985,102.0,68.0,3.0,tp,16,2,1.25,247.5,177.5,255.0,2025-07-17
futures,ES,reddit_orb_fade,reddit_orb_fade|ny|range=15|entry=150|rr=1.5|sl_atr=1|tp_atr=1.5|threshold=2|adx_max=none|adx_min=none|rsi2=none|trend=all|max_bars=24,long,157616,157617,157617,2025-07-18 13:45:00+00:00,2025-07-18 14:00:00+00:00,2025-07-18 14:00:00+00:00,6344.75,6342.5,-9.0,-12.0,-1.0,13.5,9.0,3.0,same_bar_sl,1,5,1.25,-75.0,75.0,84.375,2025-07-18
futures,NQ,reddit_orb_fade,reddit_orb_fade|ny|range=15|entry=150|rr=1.5|sl_atr=1|tp_atr=1.5|threshold=2|adx_max=none|adx_min=none|rsi2=none|trend=all|max_bars=24,long,157588,157589,157589,2025-07-18 13:45:00+00:00,2025-07-18 14:00:00+00:00,2025-07-18 14:00:00+00:00,23257.5,23252.5,-20.0,-23.0,-1.0,30.0,20.0,3.0,same_bar_sl,1,6,0.5,-69.0,69.0,90.0,2025-07-18
futures,ES,reddit_orb_breakout,reddit_orb_breakout|ny|range=15|entry=150|rr=1.5|sl_atr=1|tp_atr=1.5|threshold=2|adx_max=none|adx_min=none|rsi2=none|trend=ema|max_bars=24,long,157708,157709,157732,2025-07-21 13:45:00+00:00,2025-07-21 14:00:00+00:00,2025-07-21 19:45:00+00:00,6364.25,6344.5,-79.0,-82.0,-1.0,118.5,79.0,3.0,sl,23,6,1.25,-615.0,615.0,888.75,2025-07-21
futures,ES,reddit_orb_breakout,reddit_orb_breakout|ny|range=15|entry=150|rr=1.5|sl_atr=1|tp_atr=1.5|threshold=2|adx_max=none|adx_min=none|rsi2=none|trend=ema|max_bars=24,short,157802,157803,157814,2025-07-22 14:15:00+00:00,2025-07-22 14:30:00+00:00,2025-07-22 17:15:00+00:00,6328.0,6349.25,-85.0,-88.0,-1.0,127.5,85.0,3.0,sl,11,6,1.25,-660.0,660.0,956.25,2025-07-22
futures,ES,reddit_orb_fade,reddit_orb_fade|ny|range=15|entry=150|rr=1.5|sl_atr=1|tp_atr=1.5|threshold=2|adx_max=none|adx_min=none|rsi2=none|trend=all|max_bars=24,long,157894,157895,157900,2025-07-23 14:15:00+00:00,2025-07-23 14:30:00+00:00,2025-07-23 15:45:00+00:00,6364.0,6376.75,51.0,48.0,1.2972972972972974,51.0,34.0,3.0,tp,5,5,1.25,300.0,231.25,318.75,2025-07-23
futures,ES,reddit_orb_retest,reddit_orb_retest|ny|range=15|entry=150|rr=1.5|sl_atr=1|tp_atr=1.5|threshold=2|adx_max=none|adx_min=none|rsi2=none|trend=all|max_bars=24,short,157895,157896,157900,2025-07-23 14:30:00+00:00,2025-07-23 14:45:00+00:00,2025-07-23 15:45:00+00:00,6360.0,6373.5,-54.0,-57.0,-1.0,81.0,54.0,3.0,sl,4,2,1.25,-142.5,142.5,202.5,2025-07-23
futures,ES,reddit_orb_breakout,reddit_orb_breakout|ny|range=15|entry=150|rr=1.5|sl_atr=1|tp_atr=1.5|threshold=2|adx_max=none|adx_min=none|rsi2=none|trend=ema|max_bars=24,long,157900,157901,157916,2025-07-23 15:45:00+00:00,2025-07-23 16:00:00+00:00,2025-07-23 19:45:00+00:00,6377.5,6398.125,82.5,79.5,1.3706896551724137,82.5,55.0,3.0,tp,15,6,1.25,596.25,435.0,618.75,2025-07-23
futures,ES,reddit_orb_breakout,reddit_orb_breakout|ny|range=15|entry=150|rr=1.5|sl_atr=1|tp_atr=1.5|threshold=2|adx_max=none|adx_min=none|rsi2=none|trend=ema|max_bars=24,long,157984,157985,158009,2025-07-24 13:45:00+00:00,2025-07-24 14:00:00+00:00,2025-07-24 20:00:00+00:00,6407.0,6404.25,-11.0,-14.0,-0.30434782608695654,64.5,43.0,3.0,session_close,24,6,1.25,-105.0,345.0,483.75,2025-07-24
futures,NQ,reddit_orb_fade,reddit_orb_fade|ny|range=15|entry=150|rr=1.5|sl_atr=1|tp_atr=1.5|threshold=2|adx_max=none|adx_min=none|rsi2=none|trend=all|max_bars=24,short,157956,157957,157957,2025-07-24 13:45:00+00:00,2025-07-24 14:00:00+00:00,2025-07-24 14:00:00+00:00,23363.5,23307.25,225.0,222.0,1.4509803921568627,225.0,150.0,3.0,tp,1,6,0.5,666.0,459.0,675.0,2025-07-24
futures,ES,reddit_orb_fade,reddit_orb_fade|ny|range=15|entry=150|rr=1.5|sl_atr=1|tp_atr=1.5|threshold=2|adx_max=none|adx_min=none|rsi2=none|trend=all|max_bars=24,short,157985,157986,157988,2025-07-24 14:00:00+00:00,2025-07-24 14:15:00+00:00,2025-07-24 14:45:00+00:00,6399.25,6409.75,-42.0,-45.0,-1.0,63.0,42.0,3.0,sl,2,5,1.25,-281.25,281.25,393.75,2025-07-24
futures,NQ,reddit_orb_retest,reddit_orb_retest|ny|range=15|entry=150|rr=1.5|sl_atr=1|tp_atr=1.5|threshold=2|adx_max=none|adx_min=none|rsi2=none|trend=all|max_bars=24,short,157958,157959,157964,2025-07-24 14:15:00+00:00,2025-07-24 14:30:00+00:00,2025-07-24 15:45:00+00:00,23332.5,23399.5,-268.0,-271.0,-1.0,402.0,268.0,3.0,sl,5,8,0.5,-1084.0,1084.0,1608.0,2025-07-24
futures,ES,reddit_orb_retest,reddit_orb_retest|ny|range=15|entry=150|rr=1.5|sl_atr=1|tp_atr=1.5|threshold=2|adx_max=none|adx_min=none|rsi2=none|trend=all|max_bars=24,long,157987,157988,158009,2025-07-24 14:30:00+00:00,2025-07-24 14:45:00+00:00,2025-07-24 20:00:00+00:00,6408.0,6404.25,-15.0,-18.0,-0.36,70.5,47.0,3.0,session_close,21,2,1.25,-45.0,125.0,176.25,2025-07-24
futures,ES,reddit_orb_fade,reddit_orb_fade|ny|range=15|entry=150|rr=1.5|sl_atr=1|tp_atr=1.5|threshold=2|adx_max=none|adx_min=none|rsi2=none|trend=all|max_bars=24,short,158076,158077,158078,2025-07-25 13:45:00+00:00,2025-07-25 14:00:00+00:00,2025-07-25 14:15:00+00:00,6406.75,6410.5,-15.0,-18.0,-1.0,22.5,15.0,3.0,sl,1,5,1.25,-112.5,112.5,140.625,2025-07-25
futures,ES,reddit_orb_breakout,reddit_orb_breakout|ny|range=15|entry=150|rr=1.5|sl_atr=1|tp_atr=1.5|threshold=2|adx_max=none|adx_min=none|rsi2=none|trend=ema|max_bars=24,long,158079,158080,158101,2025-07-25 14:30:00+00:00,2025-07-25 14:45:00+00:00,2025-07-25 20:00:00+00:00,6414.0,6425.0,44.0,41.0,0.8367346938775511,69.0,46.0,3.0,session_close,21,6,1.25,307.5,367.5,517.5,2025-07-25
futures,ES,reddit_orb_breakout,reddit_orb_breakout|ny|range=15|entry=150|rr=1.5|sl_atr=1|tp_atr=1.5|threshold=2|adx_max=none|adx_min=none|rsi2=none|trend=ema|max_bars=24,long,158169,158170,158174,2025-07-28 14:00:00+00:00,2025-07-28 14:15:00+00:00,2025-07-28 15:15:00+00:00,6433.25,6424.25,-36.0,-39.0,-1.0,54.0,36.0,3.0,sl,4,6,1.25,-292.5,292.5,405.0,2025-07-28
futures,NQ,reddit_orb_retest,reddit_orb_retest|ny|range=15|entry=150|rr=1.5|sl_atr=1|tp_atr=1.5|threshold=2|adx_max=none|adx_min=none|rsi2=none|trend=all|max_bars=24,long,158141,158142,158146,2025-07-28 14:00:00+00:00,2025-07-28 14:15:00+00:00,2025-07-28 15:15:00+00:00,23515.75,23464.75,-204.0,-207.0,-1.0,306.0,204.0,3.0,sl,4,8,0.5,-828.0,828.0,1224.0,2025-07-28
futures,ES,reddit_orb_fade,reddit_orb_fade|ny|range=15|entry=150|rr=1.5|sl_atr=1|tp_atr=1.5|threshold=2|adx_max=none|adx_min=none|rsi2=none|trend=all|max_bars=24,short,158170,158171,158172,2025-07-28 14:15:00+00:00,2025-07-28 14:30:00+00:00,2025-07-28 14:45:00+00:00,6431.0,6426.125,19.5,16.5,1.03125,19.5,13.0,3.0,tp,1,5,1.25,103.125,100.0,121.875,2025-07-28
futures,NQ,reddit_orb_fade,reddit_orb_fade|ny|range=15|entry=150|rr=1.5|sl_atr=1|tp_atr=1.5|threshold=2|adx_max=none|adx_min=none|rsi2=none|trend=all|max_bars=24,short,158142,158143,158146,2025-07-28 14:15:00+00:00,2025-07-28 14:30:00+00:00,2025-07-28 15:15:00+00:00,23503.25,23475.125,112.5,109.5,1.4038461538461537,112.5,75.0,3.0,tp,3,6,0.5,328.5,234.0,337.5,2025-07-28
futures,ES,reddit_orb_fade,reddit_orb_fade|ny|range=15|entry=150|rr=1.5|sl_atr=1|tp_atr=1.5|threshold=2|adx_max=none|adx_min=none|rsi2=none|trend=all|max_bars=24,long,158260,158261,158263,2025-07-29 13:45:00+00:00,2025-07-29 14:00:00+00:00,2025-07-29 14:30:00+00:00,6433.0,6425.5,-30.0,-33.0,-1.0,45.0,30.0,3.0,sl,2,5,1.25,-206.25,206.25,281.25,2025-07-29
futures,ES,reddit_orb_retest,reddit_orb_retest|ny|range=15|entry=150|rr=1.5|sl_atr=1|tp_atr=1.5|threshold=2|adx_max=none|adx_min=none|rsi2=none|trend=all|max_bars=24,short,158262,158263,158265,2025-07-29 14:15:00+00:00,2025-07-29 14:30:00+00:00,2025-07-29 15:00:00+00:00,6430.75,6416.875,55.5,52.5,1.3125,55.5,37.0,3.0,tp,2,2,1.25,131.25,100.0,138.75,2025-07-29
futures,ES,reddit_orb_fade,reddit_orb_fade|ny|range=15|entry=150|rr=1.5|sl_atr=1|tp_atr=1.5|threshold=2|adx_max=none|adx_min=none|rsi2=none|trend=all|max_bars=24,short,158352,158353,158354,2025-07-30 13:45:00+00:00,2025-07-30 14:00:00+00:00,2025-07-30 14:15:00+00:00,6409.5,6414.5,-20.0,-23.0,-1.0,30.0,20.0,3.0,sl,1,5,1.25,-143.75,143.75,187.5,2025-07-30
futures,NQ,reddit_orb_fade,reddit_orb_fade|ny|range=15|entry=150|rr=1.5|sl_atr=1|tp_atr=1.5|threshold=2|adx_max=none|adx_min=none|rsi2=none|trend=all|max_bars=24,short,158324,158325,158327,2025-07-30 13:45:00+00:00,2025-07-30 14:00:00+00:00,2025-07-30 14:30:00+00:00,23483.5,23526.25,-171.0,-174.0,-1.0,256.5,171.0,3.0,sl,2,6,0.5,-522.0,522.0,769.5,2025-07-30
futures,ES,reddit_orb_breakout,reddit_orb_breakout|ny|range=15|entry=150|rr=1.5|sl_atr=1|tp_atr=1.5|threshold=2|adx_max=none|adx_min=none|rsi2=none|trend=ema|max_bars=24,short,158357,158358,158360,2025-07-30 15:00:00+00:00,2025-07-30 15:15:00+00:00,2025-07-30 15:45:00+00:00,6404.0,6413.25,-37.0,-40.0,-1.0,55.5,37.0,3.0,sl,2,6,1.25,-300.0,300.0,416.25,2025-07-30
futures,ES,reddit_orb_retest,reddit_orb_retest|ny|range=15|entry=150|rr=1.5|sl_atr=1|tp_atr=1.5|threshold=2|adx_max=none|adx_min=none|rsi2=none|trend=all|max_bars=24,long,158360,158361,158371,2025-07-30 15:45:00+00:00,2025-07-30 16:00:00+00:00,2025-07-30 18:30:00+00:00,6413.75,6426.875,52.5,49.5,1.3026315789473684,52.5,35.0,3.0,tp,10,2,1.25,123.75,95.0,131.25,2025-07-30
futures,ES,reddit_orb_fade,reddit_orb_fade|ny|range=15|entry=150|rr=1.5|sl_atr=1|tp_atr=1.5|threshold=2|adx_max=none|adx_min=none|rsi2=none|trend=all|max_bars=24,short,158444,158445,158446,2025-07-31 13:45:00+00:00,2025-07-31 14:00:00+00:00,2025-07-31 14:15:00+00:00,6445.5,6437.25,33.0,30.0,1.2,33.0,22.0,3.0,tp,1,5,1.25,187.5,156.25,206.25,2025-07-31
futures,ES,reddit_orb_retest,reddit_orb_retest|ny|range=15|entry=150|rr=1.5|sl_atr=1|tp_atr=1.5|threshold=2|adx_max=none|adx_min=none|rsi2=none|trend=all|max_bars=24,short,158537,158538,158561,2025-08-01 14:00:00+00:00,2025-08-01 14:15:00+00:00,2025-08-01 20:00:00+00:00,6266.5,6268.0,-6.0,-9.0,-0.04918032786885246,270.0,180.0,3.0,session_close,23,2,1.25,-22.5,457.5,675.0,2025-08-01
futures,ES,reddit_orb_fade,reddit_orb_fade|ny|range=15|entry=150|rr=1.5|sl_atr=1|tp_atr=1.5|threshold=2|adx_max=none|adx_min=none|rsi2=none|trend=all|max_bars=24,long,158538,158539,158540,2025-08-01 14:15:00+00:00,2025-08-01 14:30:00+00:00,2025-08-01 14:45:00+00:00,6281.0,6265.75,-61.0,-64.0,-1.0,91.5,61.0,3.0,sl,1,5,1.25,-400.0,400.0,571.875,2025-08-01
futures,NQ,reddit_orb_fade,reddit_orb_fade|ny|range=15|entry=150|rr=1.5|sl_atr=1|tp_atr=1.5|threshold=2|adx_max=none|adx_min=none|rsi2=none|trend=all|max_bars=24,long,158510,158511,158513,2025-08-01 14:15:00+00:00,2025-08-01 14:30:00+00:00,2025-08-01 15:00:00+00:00,22984.75,22905.5,-317.0,-320.0,-1.0,475.5,317.0,3.0,sl,2,6,0.5,-960.0,960.0,1426.5,2025-08-01
futures,ES,reddit_orb_fade,reddit_orb_fade|ny|range=15|entry=150|rr=1.5|sl_atr=1|tp_atr=1.5|threshold=2|adx_max=none|adx_min=none|rsi2=none|trend=all|max_bars=24,short,158720,158721,158721,2025-08-05 13:45:00+00:00,2025-08-05 14:00:00+00:00,2025-08-05 14:00:00+00:00,6364.5,6353.625,43.5,40.5,1.265625,43.5,29.0,3.0,tp,1,5,1.25,253.125,200.0,271.875,2025-08-05
futures,NQ,reddit_orb_fade,reddit_orb_fade|ny|range=15|entry=150|rr=1.5|sl_atr=1|tp_atr=1.5|threshold=2|adx_max=none|adx_min=none|rsi2=none|trend=all|max_bars=24,short,158693,158694,158695,2025-08-05 14:00:00+00:00,2025-08-05 14:15:00+00:00,2025-08-05 14:30:00+00:00,23313.5,23222.0,366.0,363.0,1.4696356275303644,366.0,244.0,3.0,tp,1,6,0.5,1089.0,741.0,1098.0,2025-08-05
futures,ES,reddit_orb_fade,reddit_orb_fade|ny|range=15|entry=150|rr=1.5|sl_atr=1|tp_atr=1.5|threshold=2|adx_max=none|adx_min=none|rsi2=none|trend=all|max_bars=24,short,158812,158813,158813,2025-08-06 13:45:00+00:00,2025-08-06 14:00:00+00:00,2025-08-06 14:00:00+00:00,6333.25,6344.75,-46.0,-49.0,-1.0,69.0,46.0,3.0,sl,1,5,1.25,-306.25,306.25,431.25,2025-08-06
futures,NQ,reddit_orb_fade,reddit_orb_fade|ny|range=15|entry=150|rr=1.5|sl_atr=1|tp_atr=1.5|threshold=2|adx_max=none|adx_min=none|rsi2=none|trend=all|max_bars=24,short,158784,158785,158785,2025-08-06 13:45:00+00:00,2025-08-06 14:00:00+00:00,2025-08-06 14:00:00+00:00,23201.5,23244.5,-172.0,-175.0,-1.0,258.0,172.0,3.0,sl,1,6,0.5,-525.0,525.0,774.0,2025-08-06
futures,ES,reddit_orb_retest,reddit_orb_retest|ny|range=15|entry=150|rr=1.5|sl_atr=1|tp_atr=1.5|threshold=2|adx_max=none|adx_min=none|rsi2=none|trend=all|max_bars=24,long,158815,158816,158820,2025-08-06 14:30:00+00:00,2025-08-06 14:45:00+00:00,2025-08-06 15:45:00+00:00,6345.75,6373.5,111.0,108.0,1.4025974025974026,111.0,74.0,3.0,tp,4,2,1.25,270.0,192.5,277.5,2025-08-06
futures,ES,reddit_orb_breakout,reddit_orb_breakout|ny|range=15|entry=150|rr=1.5|sl_atr=1|tp_atr=1.5|threshold=2|adx_max=none|adx_min=none|rsi2=none|trend=ema|max_bars=24,long,158818,158819,158837,2025-08-06 15:15:00+00:00,2025-08-06 15:30:00+00:00,2025-08-06 20:00:00+00:00,6364.25,6370.0,23.0,20.0,0.13245033112582782,222.0,148.0,3.0,session_close,18,6,1.25,150.0,1132.5,1665.0,2025-08-06
futures,ES,reddit_orb_fade,reddit_orb_fade|ny|range=15|entry=150|rr=1.5|sl_atr=1|tp_atr=1.5|threshold=2|adx_max=none|adx_min=none|rsi2=none|trend=all|max_bars=24,long,158904,158905,158905,2025-08-07 13:45:00+00:00,2025-08-07 14:00:00+00:00,2025-08-07 14:00:00+00:00,6409.25,6397.25,-48.0,-51.0,-1.0,72.0,48.0,3.0,sl,1,5,1.25,-318.75,318.75,450.0,2025-08-07
futures,NQ,reddit_orb_fade,reddit_orb_fade|ny|range=15|entry=150|rr=1.5|sl_atr=1|tp_atr=1.5|threshold=2|adx_max=none|adx_min=none|rsi2=none|trend=all|max_bars=24,long,158876,158877,158878,2025-08-07 13:45:00+00:00,2025-08-07 14:00:00+00:00,2025-08-07 14:15:00+00:00,23654.0,23570.0,-336.0,-339.0,-1.0,504.0,336.0,3.0,sl,1,6,0.5,-1017.0,1017.0,1512.0,2025-08-07
futures,ES,reddit_orb_breakout,reddit_orb_breakout|ny|range=15|entry=150|rr=1.5|sl_atr=1|tp_atr=1.5|threshold=2|adx_max=none|adx_min=none|rsi2=none|trend=ema|max_bars=24,long,158996,158997,159021,2025-08-08 13:45:00+00:00,2025-08-08 14:00:00+00:00,2025-08-08 20:00:00+00:00,6401.0,6425.25,97.0,94.0,1.0681818181818181,127.5,85.0,3.0,session_close,24,6,1.25,705.0,660.0,956.25,2025-08-08
futures,ES,reddit_orb_retest,reddit_orb_retest|ny|range=15|entry=150|rr=1.5|sl_atr=1|tp_atr=1.5|threshold=2|adx_max=none|adx_min=none|rsi2=none|trend=all|max_bars=24,long,159003,159004,159005,2025-08-08 15:30:00+00:00,2025-08-08 15:45:00+00:00,2025-08-08 16:00:00+00:00,6391.75,6409.75,72.0,69.0,1.3529411764705883,72.0,48.0,3.0,tp,1,2,1.25,172.5,127.5,180.0,2025-08-08
futures,ES,reddit_orb_fade,reddit_orb_fade|ny|range=15|entry=150|rr=1.5|sl_atr=1|tp_atr=1.5|threshold=2|adx_max=none|adx_min=none|rsi2=none|trend=all|max_bars=24,short,159089,159090,159090,2025-08-11 14:00:00+00:00,2025-08-11 14:15:00+00:00,2025-08-11 14:15:00+00:00,6416.5,6421.0,-18.0,-21.0,-1.0,27.0,18.0,3.0,sl,1,5,1.25,-131.25,131.25,168.75,2025-08-11
futures,NQ,reddit_orb_retest,reddit_orb_retest|ny|range=15|entry=150|rr=1.5|sl_atr=1|tp_atr=1.5|threshold=2|adx_max=none|adx_min=none|rsi2=none|trend=all|max_bars=24,long,159061,159062,159077,2025-08-11 14:00:00+00:00,2025-08-11 14:15:00+00:00,2025-08-11 18:00:00+00:00,23746.25,23680.75,-262.0,-265.0,-1.0,393.0,262.0,3.0,sl,15,8,0.5,-1060.0,1060.0,1572.0,2025-08-11
futures,NQ,reddit_orb_fade,reddit_orb_fade|ny|range=15|entry=150|rr=1.5|sl_atr=1|tp_atr=1.5|threshold=2|adx_max=none|adx_min=none|rsi2=none|trend=all|max_bars=24,short,159064,159065,159068,2025-08-11 14:45:00+00:00,2025-08-11 15:00:00+00:00,2025-08-11 15:45:00+00:00,23726.75,23757.75,-124.0,-127.0,-1.0,186.0,124.0,3.0,sl,3,6,0.5,-381.0,381.0,558.0,2025-08-11
futures,ES,reddit_orb_breakout,reddit_orb_breakout|ny|range=15|entry=150|rr=1.5|sl_atr=1|tp_atr=1.5|threshold=2|adx_max=none|adx_min=none|rsi2=none|trend=ema|max_bars=24,long,159096,159097,159103,2025-08-11 15:45:00+00:00,2025-08-11 16:00:00+00:00,2025-08-11 17:30:00+00:00,6420.25,6410.0,-41.0,-44.0,-1.0,61.5,41.0,3.0,sl,6,6,1.25,-330.0,330.0,461.25,2025-08-11
futures,ES,reddit_orb_fade,reddit_orb_fade|ny|range=15|entry=150|rr=1.5|sl_atr=1|tp_atr=1.5|threshold=2|adx_max=none|adx_min=none|rsi2=none|trend=all|max_bars=24,long,159181,159182,159197,2025-08-12 14:00:00+00:00,2025-08-12 14:15:00+00:00,2025-08-12 18:00:00+00:00,6430.25,6462.875,130.5,127.5,1.4166666666666667,130.5,87.0,3.0,tp,15,5,1.25,796.875,562.5,815.625,2025-08-12
futures,NQ,reddit_orb_fade,reddit_orb_fade|ny|range=15|entry=150|rr=1.5|sl_atr=1|tp_atr=1.5|threshold=2|adx_max=none|adx_min=none|rsi2=none|trend=all|max_bars=24,long,159153,159154,159162,2025-08-12 14:00:00+00:00,2025-08-12 14:15:00+00:00,2025-08-12 16:15:00+00:00,23721.75,23871.375,598.5,595.5,1.4813432835820894,598.5,399.0,3.0,tp,8,6,0.5,1786.5,1206.0,1795.5,2025-08-12
futures,ES,reddit_orb_breakout,reddit_orb_breakout|ny|range=15|entry=150|rr=1.5|sl_atr=1|tp_atr=1.5|threshold=2|adx_max=none|adx_min=none|rsi2=none|trend=ema|max_bars=24,long,159185,159186,159205,2025-08-12 15:00:00+00:00,2025-08-12 15:15:00+00:00,2025-08-12 20:00:00+00:00,6446.5,6466.5,80.0,77.0,0.6875,163.5,109.0,3.0,session_close,19,6,1.25,577.5,840.0,1226.25,2025-08-12
futures,ES,reddit_orb_breakout,reddit_orb_breakout|ny|range=15|entry=150|rr=1.5|sl_atr=1|tp_atr=1.5|threshold=2|adx_max=none|adx_min=none|rsi2=none|trend=ema|max_bars=24,long,159272,159273,159274,2025-08-13 13:45:00+00:00,2025-08-13 14:00:00+00:00,2025-08-13 14:15:00+00:00,6496.75,6485.0,-47.0,-50.0,-1.0,70.5,47.0,3.0,sl,1,6,1.25,-375.0,375.0,528.75,2025-08-13
futures,ES,reddit_orb_fade,reddit_orb_fade|ny|range=15|entry=150|rr=1.5|sl_atr=1|tp_atr=1.5|threshold=2|adx_max=none|adx_min=none|rsi2=none|trend=all|max_bars=24,short,159273,159274,159274,2025-08-13 14:00:00+00:00,2025-08-13 14:15:00+00:00,2025-08-13 14:15:00+00:00,6491.5,6482.5,36.0,33.0,1.2222222222222223,36.0,24.0,3.0,tp,1,5,1.25,206.25,168.75,225.0,2025-08-13
futures,ES,reddit_orb_breakout,reddit_orb_breakout|ny|range=15|entry=150|rr=1.5|sl_atr=1|tp_atr=1.5|threshold=2|adx_max=none|adx_min=none|rsi2=none|trend=ema|max_bars=24,long,159364,159365,159389,2025-08-14 13:45:00+00:00,2025-08-14 14:00:00+00:00,2025-08-14 20:00:00+00:00,6479.75,6481.5,7.0,4.0,0.056338028169014086,102.0,68.0,3.0,session_close,24,6,1.25,30.0,532.5,765.0,2025-08-14
futures,NQ,reddit_orb_fade,reddit_orb_fade|ny|range=15|entry=150|rr=1.5|sl_atr=1|tp_atr=1.5|threshold=2|adx_max=none|adx_min=none|rsi2=none|trend=all|max_bars=24,short,159337,159338,159338,2025-08-14 14:00:00+00:00,2025-08-14 14:15:00+00:00,2025-08-14 14:15:00+00:00,23911.5,23942.75,-125.0,-128.0,-1.0,187.5,125.0,3.0,sl,1,6,0.5,-384.0,384.0,562.5,2025-08-14
futures,ES,reddit_orb_fade,reddit_orb_fade|ny|range=15|entry=150|rr=1.5|sl_atr=1|tp_atr=1.5|threshold=2|adx_max=none|adx_min=none|rsi2=none|trend=all|max_bars=24,short,159370,159371,159378,2025-08-14 15:15:00+00:00,2025-08-14 15:30:00+00:00,2025-08-14 17:15:00+00:00,6472.75,6485.5,-51.0,-54.0,-1.0,76.5,51.0,3.0,sl,7,5,1.25,-337.5,337.5,478.125,2025-08-14
futures,ES,reddit_orb_retest,reddit_orb_retest|ny|range=15|entry=150|rr=1.5|sl_atr=1|tp_atr=1.5|threshold=2|adx_max=none|adx_min=none|rsi2=none|trend=all|max_bars=24,long,159372,159373,159389,2025-08-14 15:45:00+00:00,2025-08-14 16:00:00+00:00,2025-08-14 20:00:00+00:00,6479.75,6481.5,7.0,4.0,0.056338028169014086,102.0,68.0,3.0,session_close,16,2,1.25,10.0,177.5,255.0,2025-08-14
futures,NQ,reddit_orb_fade,reddit_orb_fade|ny|range=15|entry=150|rr=1.5|sl_atr=1|tp_atr=1.5|threshold=2|adx_max=none|adx_min=none|rsi2=none|trend=all|max_bars=24,long,159429,159430,159435,2025-08-15 14:00:00+00:00,2025-08-15 14:15:00+00:00,2025-08-15 15:30:00+00:00,23872.25,23770.25,-408.0,-411.0,-1.0,612.0,408.0,3.0,sl,5,6,0.5,-1233.0,1233.0,1836.0,2025-08-15
futures,ES,reddit_orb_breakout,reddit_orb_breakout|ny|range=15|entry=150|rr=1.5|sl_atr=1|tp_atr=1.5|threshold=2|adx_max=none|adx_min=none|rsi2=none|trend=ema|max_bars=24,short,159548,159549,159550,2025-08-18 13:45:00+00:00,2025-08-18 14:00:00+00:00,2025-08-18 14:15:00+00:00,6462.75,6471.75,-36.0,-39.0,-1.0,54.0,36.0,3.0,sl,1,6,1.25,-292.5,292.5,405.0,2025-08-18
futures,ES,reddit_orb_fade,reddit_orb_fade|ny|range=15|entry=150|rr=1.5|sl_atr=1|tp_atr=1.5|threshold=2|adx_max=none|adx_min=none|rsi2=none|trend=all|max_bars=24,short,159548,159549,159550,2025-08-18 13:45:00+00:00,2025-08-18 14:00:00+00:00,2025-08-18 14:15:00+00:00,6462.75,6474.0,-45.0,-48.0,-1.0,67.5,45.0,3.0,sl,1,5,1.25,-300.0,300.0,421.875,2025-08-18
futures,NQ,reddit_orb_fade,reddit_orb_fade|ny|range=15|entry=150|rr=1.5|sl_atr=1|tp_atr=1.5|threshold=2|adx_max=none|adx_min=none|rsi2=none|trend=all|max_bars=24,long,159521,159522,159522,2025-08-18 14:00:00+00:00,2025-08-18 14:15:00+00:00,2025-08-18 14:15:00+00:00,23773.0,23813.875,163.5,160.5,1.4330357142857142,163.5,109.0,3.0,tp,1,6,0.5,481.5,336.0,490.5,2025-08-18
futures,NQ,reddit_orb_retest,reddit_orb_retest|ny|range=15|entry=150|rr=1.5|sl_atr=1|tp_atr=1.5|threshold=2|adx_max=none|adx_min=none|rsi2=none|trend=all|max_bars=24,short,159523,159524,159545,2025-08-18 14:30:00+00:00,2025-08-18 14:45:00+00:00,2025-08-18 20:00:00+00:00,23751.75,23797.5,-183.0,-186.0,-0.7018867924528301,393.0,262.0,3.0,session_close,21,8,0.5,-744.0,1060.0,1572.0,2025-08-18
futures,ES,reddit_orb_retest,reddit_orb_retest|ny|range=15|entry=150|rr=1.5|sl_atr=1|tp_atr=1.5|threshold=2|adx_max=none|adx_min=none|rsi2=none|trend=all|max_bars=24,short,159554,159555,159563,2025-08-18 15:15:00+00:00,2025-08-18 15:30:00+00:00,2025-08-18 17:30:00+00:00,6463.25,6471.75,-34.0,-37.0,-1.0,51.0,34.0,3.0,sl,8,2,1.25,-92.5,92.5,127.5,2025-08-18
futures,ES,reddit_orb_fade,reddit_orb_fade|ny|range=15|entry=150|rr=1.5|sl_atr=1|tp_atr=1.5|threshold=2|adx_max=none|adx_min=none|rsi2=none|trend=all|max_bars=24,short,159642,159643,159644,2025-08-19 14:15:00+00:00,2025-08-19 14:30:00+00:00,2025-08-19 14:45:00+00:00,6465.25,6451.75,54.0,51.0,1.3076923076923077,54.0,36.0,3.0,tp,1,5,1.25,318.75,243.75,337.5,2025-08-19
futures,ES,reddit_orb_breakout,reddit_orb_breakout|ny|range=15|entry=150|rr=1.5|sl_atr=1|tp_atr=1.5|threshold=2|adx_max=none|adx_min=none|rsi2=none|trend=ema|max_bars=24,short,159644,159645,159665,2025-08-19 14:45:00+00:00,2025-08-19 15:00:00+00:00,2025-08-19 20:00:00+00:00,6446.75,6433.75,52.0,49.0,0.5212765957446809,136.5,91.0,3.0,session_close,20,6,1.25,367.5,705.0,1023.75,2025-08-19
futures,ES,reddit_orb_breakout,reddit_orb_breakout|ny|range=15|entry=150|rr=1.5|sl_atr=1|tp_atr=1.5|threshold=2|adx_max=none|adx_min=none|rsi2=none|trend=ema|max_bars=24,short,159824,159825,159825,2025-08-21 13:45:00+00:00,2025-08-21 14:00:00+00:00,2025-08-21 14:00:00+00:00,6383.75,6397.75,-56.0,-59.0,-1.0,84.0,56.0,3.0,sl,1,6,1.25,-442.5,442.5,630.0,2025-08-21
futures,ES,reddit_orb_fade,reddit_orb_fade|ny|range=15|entry=150|rr=1.5|sl_atr=1|tp_atr=1.5|threshold=2|adx_max=none|adx_min=none|rsi2=none|trend=all|max_bars=24,long,159825,159826,159837,2025-08-21 14:00:00+00:00,2025-08-21 14:15:00+00:00,2025-08-21 17:00:00+00:00,6403.75,6378.5,-101.0,-104.0,-1.0,151.5,101.0,3.0,sl,11,5,1.25,-650.0,650.0,946.875,2025-08-21
futures,NQ,reddit_orb_fade,reddit_orb_fade|ny|range=15|entry=150|rr=1.5|sl_atr=1|tp_atr=1.5|threshold=2|adx_max=none|adx_min=none|rsi2=none|trend=all|max_bars=24,short,159797,159798,159798,2025-08-21 14:00:00+00:00,2025-08-21 14:15:00+00:00,2025-08-21 14:15:00+00:00,23281.5,23303.25,-87.0,-90.0,-1.0,130.5,87.0,3.0,sl,1,6,0.5,-270.0,270.0,391.5,2025-08-21
futures,ES,reddit_orb_fade,reddit_orb_fade|ny|range=15|entry=150|rr=1.5|sl_atr=1|tp_atr=1.5|threshold=2|adx_max=none|adx_min=none|rsi2=none|trend=all|max_bars=24,short,160009,160010,160013,2025-08-25 14:00:00+00:00,2025-08-25 14:15:00+00:00,2025-08-25 15:00:00+00:00,6471.5,6476.75,-21.0,-24.0,-1.0,31.5,21.0,3.0,sl,3,5,1.25,-150.0,150.0,196.875,2025-08-25
futures,ES,reddit_orb_breakout,reddit_orb_breakout|ny|range=15|entry=150|rr=1.5|sl_atr=1|tp_atr=1.5|threshold=2|adx_max=none|adx_min=none|rsi2=none|trend=ema|max_bars=24,long,160012,160013,160032,2025-08-25 14:45:00+00:00,2025-08-25 15:00:00+00:00,2025-08-25 19:45:00+00:00,6473.75,6463.75,-40.0,-43.0,-1.0,60.0,40.0,3.0,sl,19,6,1.25,-322.5,322.5,450.0,2025-08-25
futures,ES,reddit_orb_retest,reddit_orb_retest|ny|range=15|entry=150|rr=1.5|sl_atr=1|tp_atr=1.5|threshold=2|adx_max=none|adx_min=none|rsi2=none|trend=all|max_bars=24,long,160013,160014,160032,2025-08-25 15:00:00+00:00,2025-08-25 15:15:00+00:00,2025-08-25 19:45:00+00:00,6477.25,6463.75,-54.0,-57.0,-1.0,81.0,54.0,3.0,sl,18,2,1.25,-142.5,142.5,202.5,2025-08-25
futures,ES,reddit_orb_fade,reddit_orb_fade|ny|range=15|entry=150|rr=1.5|sl_atr=1|tp_atr=1.5|threshold=2|adx_max=none|adx_min=none|rsi2=none|trend=all|max_bars=24,long,160100,160101,160120,2025-08-26 13:45:00+00:00,2025-08-26 14:00:00+00:00,2025-08-26 18:45:00+00:00,6454.25,6468.875,58.5,55.5,1.3214285714285714,58.5,39.0,3.0,tp,19,5,1.25,346.875,262.5,365.625,2025-08-26
futures,NQ,reddit_orb_fade,reddit_orb_fade|ny|range=15|entry=150|rr=1.5|sl_atr=1|tp_atr=1.5|threshold=2|adx_max=none|adx_min=none|rsi2=none|trend=all|max_bars=24,long,160072,160073,160096,2025-08-26 13:45:00+00:00,2025-08-26 14:00:00+00:00,2025-08-26 19:45:00+00:00,23494.75,23596.375,406.5,403.5,1.4726277372262773,406.5,271.0,3.0,tp,23,6,0.5,1210.5,822.0,1219.5,2025-08-26
futures,ES,reddit_orb_breakout,reddit_orb_breakout|ny|range=15|entry=150|rr=1.5|sl_atr=1|tp_atr=1.5|threshold=2|adx_max=none|adx_min=none|rsi2=none|trend=ema|max_bars=24,long,160103,160104,160122,2025-08-26 14:30:00+00:00,2025-08-26 14:45:00+00:00,2025-08-26 19:15:00+00:00,6458.0,6473.0,60.0,57.0,1.3255813953488371,60.0,40.0,3.0,tp,18,6,1.25,427.5,322.5,450.0,2025-08-26
futures,ES,reddit_orb_retest,reddit_orb_retest|ny|range=15|entry=150|rr=1.5|sl_atr=1|tp_atr=1.5|threshold=2|adx_max=none|adx_min=none|rsi2=none|trend=all|max_bars=24,long,160103,160104,160122,2025-08-26 14:30:00+00:00,2025-08-26 14:45:00+00:00,2025-08-26 19:15:00+00:00,6458.0,6473.0,60.0,57.0,1.3255813953488371,60.0,40.0,3.0,tp,18,2,1.25,142.5,107.5,150.0,2025-08-26
futures,NQ,reddit_orb_fade,reddit_orb_fade|ny|range=15|entry=150|rr=1.5|sl_atr=1|tp_atr=1.5|threshold=2|adx_max=none|adx_min=none|rsi2=none|trend=all|max_bars=24,long,160164,160165,160166,2025-08-27 13:45:00+00:00,2025-08-27 14:00:00+00:00,2025-08-27 14:15:00+00:00,23534.75,23605.625,283.5,280.5,1.4609375,283.5,189.0,3.0,tp,1,6,0.5,841.5,576.0,850.5,2025-08-27
futures,ES,reddit_orb_breakout,reddit_orb_breakout|ny|range=15|entry=150|rr=1.5|sl_atr=1|tp_atr=1.5|threshold=2|adx_max=none|adx_min=none|rsi2=none|trend=ema|max_bars=24,long,160193,160194,160217,2025-08-27 14:00:00+00:00,2025-08-27 14:15:00+00:00,2025-08-27 20:00:00+00:00,6487.0,6493.75,27.0,24.0,0.4,85.5,57.0,3.0,session_close,23,6,1.25,180.0,450.0,641.25,2025-08-27
futures,ES,reddit_orb_retest,reddit_orb_retest|ny|range=15|entry=150|rr=1.5|sl_atr=1|tp_atr=1.5|threshold=2|adx_max=none|adx_min=none|rsi2=none|trend=all|max_bars=24,short,160287,160288,160294,2025-08-28 14:30:00+00:00,2025-08-28 14:45:00+00:00,2025-08-28 16:15:00+00:00,6495.5,6508.5,-52.0,-55.0,-1.0,78.0,52.0,3.0,sl,6,2,1.25,-137.5,137.5,195.0,2025-08-28
futures,ES,reddit_orb_fade,reddit_orb_fade|ny|range=15|entry=150|rr=1.5|sl_atr=1|tp_atr=1.5|threshold=2|adx_max=none|adx_min=none|rsi2=none|trend=all|max_bars=24,long,160288,160289,160290,2025-08-28 14:45:00+00:00,2025-08-28 15:00:00+00:00,2025-08-28 15:15:00+00:00,6496.75,6492.75,-16.0,-19.0,-1.0,24.0,16.0,3.0,same_bar_sl,1,5,1.25,-118.75,118.75,150.0,2025-08-28
futures,ES,reddit_orb_breakout,reddit_orb_breakout|ny|range=15|entry=150|rr=1.5|sl_atr=1|tp_atr=1.5|threshold=2|adx_max=none|adx_min=none|rsi2=none|trend=ema|max_bars=24,long,160294,160295,160309,2025-08-28 16:15:00+00:00,2025-08-28 16:30:00+00:00,2025-08-28 20:00:00+00:00,6509.25,6516.75,30.0,27.0,0.48214285714285715,79.5,53.0,3.0,session_close,14,6,1.25,202.5,420.0,596.25,2025-08-28
futures,ES,reddit_orb_breakout,reddit_orb_breakout|ny|range=15|entry=150|rr=1.5|sl_atr=1|tp_atr=1.5|threshold=2|adx_max=none|adx_min=none|rsi2=none|trend=ema|max_bars=24,short,160381,160382,160401,2025-08-29 15:00:00+00:00,2025-08-29 15:15:00+00:00,2025-08-29 20:00:00+00:00,6468.0,6474.75,-27.0,-30.0,-0.2112676056338028,208.5,139.0,3.0,session_close,19,6,1.25,-225.0,1065.0,1563.75,2025-08-29
futures,NQ,reddit_orb_retest,reddit_orb_retest|ny|range=15|entry=150|rr=1.5|sl_atr=1|tp_atr=1.5|threshold=2|adx_max=none|adx_min=none|rsi2=none|trend=all|max_bars=24,long,160441,160442,160453,2025-09-01 14:00:00+00:00,2025-09-01 14:15:00+00:00,2025-09-01 22:00:00+00:00,23486.25,23492.0,23.0,20.0,0.11049723756906077,267.0,178.0,3.0,session_close,11,8,0.5,80.0,724.0,1068.0,2025-09-01
futures,ES,reddit_orb_retest,reddit_orb_retest|ny|range=15|entry=150|rr=1.5|sl_atr=1|tp_atr=1.5|threshold=2|adx_max=none|adx_min=none|rsi2=none|trend=all|max_bars=24,long,160548,160549,160551,2025-09-02 14:45:00+00:00,2025-09-02 15:00:00+00:00,2025-09-02 15:30:00+00:00,6399.5,6383.25,-65.0,-68.0,-1.0,97.5,65.0,3.0,sl,2,2,1.25,-170.0,170.0,243.75,2025-09-02
futures,NQ,reddit_orb_fade,reddit_orb_fade|ny|range=15|entry=150|rr=1.5|sl_atr=1|tp_atr=1.5|threshold=2|adx_max=none|adx_min=none|rsi2=none|trend=all|max_bars=24,short,160520,160521,160521,2025-09-02 14:45:00+00:00,2025-09-02 15:00:00+00:00,2025-09-02 15:00:00+00:00,23162.25,23123.625,154.5,151.5,1.429245283018868,154.5,103.0,3.0,tp,1,6,0.5,454.5,318.0,463.5,2025-09-02
futures,ES,reddit_orb_fade,reddit_orb_fade|ny|range=15|entry=150|rr=1.5|sl_atr=1|tp_atr=1.5|threshold=2|adx_max=none|adx_min=none|rsi2=none|trend=all|max_bars=24,short,160549,160550,160551,2025-09-02 15:00:00+00:00,2025-09-02 15:15:00+00:00,2025-09-02 15:30:00+00:00,6392.75,6378.125,58.5,55.5,1.3214285714285714,58.5,39.0,3.0,tp,1,5,1.25,346.875,262.5,365.625,2025-09-02
futures,ES,reddit_orb_breakout,reddit_orb_breakout|ny|range=15|entry=150|rr=1.5|sl_atr=1|tp_atr=1.5|threshold=2|adx_max=none|adx_min=none|rsi2=none|trend=ema|max_bars=24,short,160551,160552,160558,2025-09-02 15:30:00+00:00,2025-09-02 15:45:00+00:00,2025-09-02 17:15:00+00:00,6377.5,6398.75,-85.0,-88.0,-1.0,127.5,85.0,3.0,sl,6,6,1.25,-660.0,660.0,956.25,2025-09-02
futures,ES,reddit_orb_breakout,reddit_orb_breakout|ny|range=15|entry=150|rr=1.5|sl_atr=1|tp_atr=1.5|threshold=2|adx_max=none|adx_min=none|rsi2=none|trend=ema|max_bars=24,short,160636,160637,160639,2025-09-03 13:45:00+00:00,2025-09-03 14:00:00+00:00,2025-09-03 14:30:00+00:00,6441.75,6454.5,-51.0,-54.0,-1.0,76.5,51.0,3.0,sl,2,6,1.25,-405.0,405.0,573.75,2025-09-03
futures,NQ,reddit_orb_fade,reddit_orb_fade|ny|range=15|entry=150|rr=1.5|sl_atr=1|tp_atr=1.5|threshold=2|adx_max=none|adx_min=none|rsi2=none|trend=all|max_bars=24,long,160608,160609,160609,2025-09-03 13:45:00+00:00,2025-09-03 14:00:00+00:00,2025-09-03 14:00:00+00:00,23384.0,23405.0,84.0,81.0,1.3728813559322033,84.0,56.0,3.0,tp,1,6,0.5,243.0,177.0,252.0,2025-09-03
futures,ES,reddit_orb_retest,reddit_orb_retest|ny|range=15|entry=150|rr=1.5|sl_atr=1|tp_atr=1.5|threshold=2|adx_max=none|adx_min=none|rsi2=none|trend=all|max_bars=24,short,160637,160638,160639,2025-09-03 14:00:00+00:00,2025-09-03 14:15:00+00:00,2025-09-03 14:30:00+00:00,6438.25,6454.5,-65.0,-68.0,-1.0,97.5,65.0,3.0,sl,1,2,1.25,-170.0,170.0,243.75,2025-09-03
futures,ES,reddit_orb_fade,reddit_orb_fade|ny|range=15|entry=150|rr=1.5|sl_atr=1|tp_atr=1.5|threshold=2|adx_max=none|adx_min=none|rsi2=none|trend=all|max_bars=24,long,160639,160640,160642,2025-09-03 14:30:00+00:00,2025-09-03 14:45:00+00:00,2025-09-03 15:15:00+00:00,6458.75,6445.25,-54.0,-57.0,-1.0,81.0,54.0,3.0,sl,2,5,1.25,-356.25,356.25,506.25,2025-09-03
futures,ES,reddit_orb_fade,reddit_orb_fade|ny|range=15|entry=150|rr=1.5|sl_atr=1|tp_atr=1.5|threshold=2|adx_max=none|adx_min=none|rsi2=none|trend=all|max_bars=24,long,160730,160731,160742,2025-09-04 14:15:00+00:00,2025-09-04 14:30:00+00:00,2025-09-04 17:15:00+00:00,6470.0,6490.625,82.5,79.5,1.3706896551724137,82.5,55.0,3.0,tp,11,5,1.25,496.875,362.5,515.625,2025-09-04
futures,NQ,reddit_orb_fade,reddit_orb_fade|ny|range=15|entry=150|rr=1.5|sl_atr=1|tp_atr=1.5|threshold=2|adx_max=none|adx_min=none|rsi2=none|trend=all|max_bars=24,long,160702,160703,160716,2025-09-04 14:15:00+00:00,2025-09-04 14:30:00+00:00,2025-09-04 17:45:00+00:00,23481.0,23587.5,426.0,423.0,1.4738675958188154,426.0,284.0,3.0,tp,13,6,0.5,1269.0,861.0,1278.0,2025-09-04
futures,ES,reddit_orb_breakout,reddit_orb_breakout|ny|range=15|entry=150|rr=1.5|sl_atr=1|tp_atr=1.5|threshold=2|adx_max=none|adx_min=none|rsi2=none|trend=ema|max_bars=24,long,160731,160732,160744,2025-09-04 14:30:00+00:00,2025-09-04 14:45:00+00:00,2025-09-04 17:45:00+00:00,6475.0,6492.625,70.5,67.5,1.35,70.5,47.0,3.0,tp,12,6,1.25,506.25,375.0,528.75,2025-09-04
futures,ES,reddit_orb_fade,reddit_orb_fade|ny|range=15|entry=150|rr=1.5|sl_atr=1|tp_atr=1.5|threshold=2|adx_max=none|adx_min=none|rsi2=none|trend=all|max_bars=24,short,160820,160821,160821,2025-09-05 13:45:00+00:00,2025-09-05 14:00:00+00:00,2025-09-05 14:00:00+00:00,6530.0,6512.375,70.5,67.5,1.35,70.5,47.0,3.0,tp,1,5,1.25,421.875,312.5,440.625,2025-09-05
futures,ES,reddit_orb_fade,reddit_orb_fade|ny|range=15|entry=150|rr=1.5|sl_atr=1|tp_atr=1.5|threshold=2|adx_max=none|adx_min=none|rsi2=none|trend=all|max_bars=24,long,160913,160914,160914,2025-09-08 14:00:00+00:00,2025-09-08 14:15:00+00:00,2025-09-08 14:15:00+00:00,6500.0,6497.0,-12.0,-15.0,-1.0,18.0,12.0,3.0,same_bar_sl,1,5,1.25,-93.75,93.75,112.5,2025-09-08
futures,ES,reddit_orb_breakout,reddit_orb_breakout|ny|range=15|entry=150|rr=1.5|sl_atr=1|tp_atr=1.5|threshold=2|adx_max=none|adx_min=none|rsi2=none|trend=ema|max_bars=24,long,160915,160916,160923,2025-09-08 14:30:00+00:00,2025-09-08 14:45:00+00:00,2025-09-08 16:30:00+00:00,6510.75,6498.5,-49.0,-52.0,-1.0,73.5,49.0,3.0,sl,7,6,1.25,-390.0,390.0,551.25,2025-09-08
futures,ES,reddit_orb_retest,reddit_orb_retest|ny|range=15|entry=150|rr=1.5|sl_atr=1|tp_atr=1.5|threshold=2|adx_max=none|adx_min=none|rsi2=none|trend=all|max_bars=24,long,160920,160921,160923,2025-09-08 15:45:00+00:00,2025-09-08 16:00:00+00:00,2025-09-08 16:30:00+00:00,6512.0,6498.5,-54.0,-57.0,-1.0,81.0,54.0,3.0,sl,2,2,1.25,-142.5,142.5,202.5,2025-09-08
futures,ES,reddit_orb_fade,reddit_orb_fade|ny|range=15|entry=150|rr=1.5|sl_atr=1|tp_atr=1.5|threshold=2|adx_max=none|adx_min=none|rsi2=none|trend=all|max_bars=24,long,161004,161005,161005,2025-09-09 13:45:00+00:00,2025-09-09 14:00:00+00:00,2025-09-09 14:00:00+00:00,6507.5,6502.5,-20.0,-23.0,-1.0,30.0,20.0,3.0,same_bar_sl,1,5,1.25,-143.75,143.75,187.5,2025-09-09
futures,NQ,reddit_orb_fade,reddit_orb_fade|ny|range=15|entry=150|rr=1.5|sl_atr=1|tp_atr=1.5|threshold=2|adx_max=none|adx_min=none|rsi2=none|trend=all|max_bars=24,long,160977,160978,160979,2025-09-09 14:00:00+00:00,2025-09-09 14:15:00+00:00,2025-09-09 14:30:00+00:00,23836.0,23781.25,-219.0,-222.0,-1.0,328.5,219.0,3.0,sl,1,6,0.5,-666.0,666.0,985.5,2025-09-09
futures,NQ,reddit_orb_retest,reddit_orb_retest|ny|range=15|entry=150|rr=1.5|sl_atr=1|tp_atr=1.5|threshold=2|adx_max=none|adx_min=none|rsi2=none|trend=all|max_bars=24,short,160978,160979,160979,2025-09-09 14:15:00+00:00,2025-09-09 14:30:00+00:00,2025-09-09 14:30:00+00:00,23810.25,23739.0,285.0,282.0,1.461139896373057,285.0,190.0,3.0,tp,1,8,0.5,1128.0,772.0,1140.0,2025-09-09
futures,ES,reddit_orb_retest,reddit_orb_retest|ny|range=15|entry=150|rr=1.5|sl_atr=1|tp_atr=1.5|threshold=2|adx_max=none|adx_min=none|rsi2=none|trend=all|max_bars=24,short,161007,161008,161017,2025-09-09 14:30:00+00:00,2025-09-09 14:45:00+00:00,2025-09-09 17:00:00+00:00,6494.25,6512.75,-74.0,-77.0,-1.0,111.0,74.0,3.0,sl,9,2,1.25,-192.5,192.5,277.5,2025-09-09
futures,ES,reddit_orb_fade,reddit_orb_fade|ny|range=15|entry=150|rr=1.5|sl_atr=1|tp_atr=1.5|threshold=2|adx_max=none|adx_min=none|rsi2=none|trend=all|max_bars=24,short,161096,161097,161097,2025-09-10 13:45:00+00:00,2025-09-10 14:00:00+00:00,2025-09-10 14:00:00+00:00,6552.5,6555.75,-13.0,-16.0,-1.0,19.5,13.0,3.0,sl,1,5,1.25,-100.0,100.0,121.875,2025-09-10
futures,NQ,reddit_orb_fade,reddit_orb_fade|ny|range=15|entry=150|rr=1.5|sl_atr=1|tp_atr=1.5|threshold=2|adx_max=none|adx_min=none|rsi2=none|trend=all|max_bars=24,long,161068,161069,161069,2025-09-10 13:45:00+00:00,2025-09-10 14:00:00+00:00,2025-09-10 14:00:00+00:00,23930.75,23976.5,183.0,180.0,1.44,183.0,122.0,3.0,tp,1,6,0.5,540.0,375.0,549.0,2025-09-10
futures,ES,reddit_orb_breakout,reddit_orb_breakout|ny|range=15|entry=150|rr=1.5|sl_atr=1|tp_atr=1.5|threshold=2|adx_max=none|adx_min=none|rsi2=none|trend=ema|max_bars=24,long,161097,161098,161102,2025-09-10 14:00:00+00:00,2025-09-10 14:15:00+00:00,2025-09-10 15:15:00+00:00,6560.5,6543.75,-67.0,-70.0,-1.0,100.5,67.0,3.0,sl,4,6,1.25,-525.0,525.0,753.75,2025-09-10
futures,ES,reddit_orb_retest,reddit_orb_retest|ny|range=15|entry=150|rr=1.5|sl_atr=1|tp_atr=1.5|threshold=2|adx_max=none|adx_min=none|rsi2=none|trend=all|max_bars=24,long,161099,161100,161102,2025-09-10 14:30:00+00:00,2025-09-10 14:45:00+00:00,2025-09-10 15:15:00+00:00,6554.75,6543.75,-44.0,-47.0,-1.0,66.0,44.0,3.0,sl,2,2,1.25,-117.5,117.5,165.0,2025-09-10
futures,ES,reddit_orb_breakout,reddit_orb_breakout|ny|range=15|entry=150|rr=1.5|sl_atr=1|tp_atr=1.5|threshold=2|adx_max=none|adx_min=none|rsi2=none|trend=ema|max_bars=24,long,161188,161189,161213,2025-09-11 13:45:00+00:00,2025-09-11 14:00:00+00:00,2025-09-11 20:00:00+00:00,6572.0,6591.5,78.0,75.0,0.9493670886075949,114.0,76.0,3.0,session_close,24,6,1.25,562.5,592.5,855.0,2025-09-11
futures,ES,reddit_orb_fade,reddit_orb_fade|ny|range=15|entry=150|rr=1.5|sl_atr=1|tp_atr=1.5|threshold=2|adx_max=none|adx_min=none|rsi2=none|trend=all|max_bars=24,long,161188,161189,161213,2025-09-11 13:45:00+00:00,2025-09-11 14:00:00+00:00,2025-09-11 20:00:00+00:00,6572.0,6591.5,78.0,75.0,0.9036144578313253,120.0,80.0,3.0,session_close,24,5,1.25,468.75,518.75,750.0,2025-09-11
futures,NQ,reddit_orb_fade,reddit_orb_fade|ny|range=15|entry=150|rr=1.5|sl_atr=1|tp_atr=1.5|threshold=2|adx_max=none|adx_min=none|rsi2=none|trend=all|max_bars=24,long,161160,161161,161185,2025-09-11 13:45:00+00:00,2025-09-11 14:00:00+00:00,2025-09-11 20:00:00+00:00,23978.75,24007.25,114.0,111.0,0.39659859971698724,415.31993914960185,276.87995943306305,3.0,session_close,24,6,0.5,333.0,839.6398782991891,1245.9598174488056,2025-09-11
futures,ES,reddit_orb_breakout,reddit_orb_breakout|ny|range=15|entry=150|rr=1.5|sl_atr=1|tp_atr=1.5|threshold=2|adx_max=none|adx_min=none|rsi2=none|trend=ema|max_bars=24,long,161280,161281,161303,2025-09-12 13:45:00+00:00,2025-09-12 14:00:00+00:00,2025-09-12 19:30:00+00:00,6593.5,6585.0,-34.0,-37.0,-1.0,51.0,34.0,3.0,sl,22,6,1.25,-277.5,277.5,382.5,2025-09-12
futures,ES,reddit_orb_fade,reddit_orb_fade|ny|range=15|entry=150|rr=1.5|sl_atr=1|tp_atr=1.5|threshold=2|adx_max=none|adx_min=none|rsi2=none|trend=all|max_bars=24,short,161281,161282,161284,2025-09-12 14:00:00+00:00,2025-09-12 14:15:00+00:00,2025-09-12 14:45:00+00:00,6588.5,6595.75,-29.0,-32.0,-1.0,43.5,29.0,3.0,sl,2,5,1.25,-200.0,200.0,271.875,2025-09-12
futures,ES,reddit_orb_retest,reddit_orb_retest|ny|range=15|entry=150|rr=1.5|sl_atr=1|tp_atr=1.5|threshold=2|adx_max=none|adx_min=none|rsi2=none|trend=all|max_bars=24,long,161282,161283,161303,2025-09-12 14:15:00+00:00,2025-09-12 14:30:00+00:00,2025-09-12 19:30:00+00:00,6593.5,6585.0,-34.0,-37.0,-1.0,51.0,34.0,3.0,sl,20,2,1.25,-92.5,92.5,127.5,2025-09-12
futures,ES,reddit_orb_breakout,reddit_orb_breakout|ny|range=15|entry=150|rr=1.5|sl_atr=1|tp_atr=1.5|threshold=2|adx_max=none|adx_min=none|rsi2=none|trend=ema|max_bars=24,long,161372,161373,161386,2025-09-15 13:45:00+00:00,2025-09-15 14:00:00+00:00,2025-09-15 17:15:00+00:00,6619.25,6607.75,-46.0,-49.0,-1.0,69.0,46.0,3.0,sl,13,6,1.25,-367.5,367.5,517.5,2025-09-15
futures,ES,reddit_orb_fade,reddit_orb_fade|ny|range=15|entry=150|rr=1.5|sl_atr=1|tp_atr=1.5|threshold=2|adx_max=none|adx_min=none|rsi2=none|trend=all|max_bars=24,short,161373,161374,161374,2025-09-15 14:00:00+00:00,2025-09-15 14:15:00+00:00,2025-09-15 14:15:00+00:00,6615.0,6620.25,-21.0,-24.0,-1.0,31.5,21.0,3.0,sl,1,5,1.25,-150.0,150.0,196.875,2025-09-15
futures,ES,reddit_orb_retest,reddit_orb_retest|ny|range=15|entry=150|rr=1.5|sl_atr=1|tp_atr=1.5|threshold=2|adx_max=none|adx_min=none|rsi2=none|trend=all|max_bars=24,long,161374,161375,161386,2025-09-15 14:15:00+00:00,2025-09-15 14:30:00+00:00,2025-09-15 17:15:00+00:00,6619.75,6607.75,-48.0,-51.0,-1.0,72.0,48.0,3.0,sl,11,2,1.25,-127.5,127.5,180.0,2025-09-15
futures,NQ,reddit_orb_retest,reddit_orb_retest|ny|range=15|entry=150|rr=1.5|sl_atr=1|tp_atr=1.5|threshold=2|adx_max=none|adx_min=none|rsi2=none|trend=all|max_bars=24,short,161437,161438,161461,2025-09-16 14:00:00+00:00,2025-09-16 14:15:00+00:00,2025-09-16 20:00:00+00:00,24295.0,24296.5,-6.0,-9.0,-0.036585365853658534,364.5,243.0,3.0,session_close,23,8,0.5,-36.0,984.0,1458.0,2025-09-16
futures,ES,reddit_orb_fade,reddit_orb_fade|ny|range=15|entry=150|rr=1.5|sl_atr=1|tp_atr=1.5|threshold=2|adx_max=none|adx_min=none|rsi2=none|trend=all|max_bars=24,short,161556,161557,161567,2025-09-17 13:45:00+00:00,2025-09-17 14:00:00+00:00,2025-09-17 16:30:00+00:00,6667.5,6655.125,49.5,46.5,1.2916666666666667,49.5,33.0,3.0,tp,10,5,1.25,290.625,225.0,309.375,2025-09-17
futures,ES,reddit_orb_fade,reddit_orb_fade|ny|range=15|entry=150|rr=1.5|sl_atr=1|tp_atr=1.5|threshold=2|adx_max=none|adx_min=none|rsi2=none|trend=all|max_bars=24,long,161648,161649,161651,2025-09-18 13:45:00+00:00,2025-09-18 14:00:00+00:00,2025-09-18 14:30:00+00:00,6688.75,6716.5,111.0,108.0,1.4025974025974026,111.0,74.0,3.0,tp,2,5,1.25,675.0,481.25,693.75,2025-09-18
futures,NQ,reddit_orb_fade,reddit_orb_fade|ny|range=15|entry=150|rr=1.5|sl_atr=1|tp_atr=1.5|threshold=2|adx_max=none|adx_min=none|rsi2=none|trend=all|max_bars=24,long,161620,161621,161645,2025-09-18 13:45:00+00:00,2025-09-18 14:00:00+00:00,2025-09-18 20:00:00+00:00,24696.75,24693.0,-15.0,-18.0,-0.04556962025316456,588.0,392.0,3.0,session_close,24,6,0.5,-54.0,1185.0,1764.0,2025-09-18
futures,ES,reddit_orb_breakout,reddit_orb_breakout|ny|range=15|entry=150|rr=1.5|sl_atr=1|tp_atr=1.5|threshold=2|adx_max=none|adx_min=none|rsi2=none|trend=ema|max_bars=24,long,161649,161650,161673,2025-09-18 14:00:00+00:00,2025-09-18 14:15:00+00:00,2025-09-18 20:00:00+00:00,6704.75,6692.5,-49.0,-52.0,-0.4297520661157025,177.0,118.0,3.0,session_close,23,6,1.25,-390.0,907.5,1327.5,2025-09-18
futures,ES,reddit_orb_retest,reddit_orb_retest|ny|range=15|entry=150|rr=1.5|sl_atr=1|tp_atr=1.5|threshold=2|adx_max=none|adx_min=none|rsi2=none|trend=all|max_bars=24,long,161656,161657,161673,2025-09-18 15:45:00+00:00,2025-09-18 16:00:00+00:00,2025-09-18 20:00:00+00:00,6694.0,6692.5,-6.0,-9.0,-0.11538461538461539,112.5,75.0,3.0,session_close,16,2,1.25,-22.5,195.0,281.25,2025-09-18
futures,ES,reddit_orb_fade,reddit_orb_fade|ny|range=15|entry=150|rr=1.5|sl_atr=1|tp_atr=1.5|threshold=2|adx_max=none|adx_min=none|rsi2=none|trend=all|max_bars=24,short,161740,161741,161744,2025-09-19 13:45:00+00:00,2025-09-19 14:00:00+00:00,2025-09-19 14:45:00+00:00,6705.5,6696.875,34.5,31.5,1.2115384615384615,34.5,23.0,3.0,tp,3,5,1.25,196.875,162.5,215.625,2025-09-19
futures,NQ,reddit_orb_retest,reddit_orb_retest|ny|range=15|entry=150|rr=1.5|sl_atr=1|tp_atr=1.5|threshold=2|adx_max=none|adx_min=none|rsi2=none|trend=all|max_bars=24,long,161713,161714,161716,2025-09-19 14:00:00+00:00,2025-09-19 14:15:00+00:00,2025-09-19 14:45:00+00:00,24789.5,24737.5,-208.0,-211.0,-1.0,312.0,208.0,3.0,sl,2,8,0.5,-844.0,844.0,1248.0,2025-09-19
futures,NQ,reddit_orb_fade,reddit_orb_fade|ny|range=15|entry=150|rr=1.5|sl_atr=1|tp_atr=1.5|threshold=2|adx_max=none|adx_min=none|rsi2=none|trend=all|max_bars=24,short,161714,161715,161715,2025-09-19 14:15:00+00:00,2025-09-19 14:30:00+00:00,2025-09-19 14:30:00+00:00,24782.75,24756.875,103.5,100.5,1.3958333333333333,103.5,69.0,3.0,tp,1,6,0.5,301.5,216.0,310.5,2025-09-19
futures,ES,reddit_orb_retest,reddit_orb_retest|ny|range=15|entry=150|rr=1.5|sl_atr=1|tp_atr=1.5|threshold=2|adx_max=none|adx_min=none|rsi2=none|trend=all|max_bars=24,short,161746,161747,161749,2025-09-19 15:15:00+00:00,2025-09-19 15:30:00+00:00,2025-09-19 16:00:00+00:00,6691.0,6707.5,-66.0,-69.0,-1.0,99.0,66.0,3.0,sl,2,2,1.25,-172.5,172.5,247.5,2025-09-19
futures,ES,reddit_orb_breakout,reddit_orb_breakout|ny|range=15|entry=150|rr=1.5|sl_atr=1|tp_atr=1.5|threshold=2|adx_max=none|adx_min=none|rsi2=none|trend=ema|max_bars=24,long,161750,161751,161764,2025-09-19 16:15:00+00:00,2025-09-19 16:30:00+00:00,2025-09-19 19:45:00+00:00,6709.5,6728.625,76.5,73.5,1.3611111111111112,76.5,51.0,3.0,tp,13,6,1.25,551.25,405.0,573.75,2025-09-19
futures,ES,reddit_orb_breakout,reddit_orb_breakout|ny|range=15|entry=150|rr=1.5|sl_atr=1|tp_atr=1.5|threshold=2|adx_max=none|adx_min=none|rsi2=none|trend=ema|max_bars=24,long,161832,161833,161837,2025-09-22 13:45:00+00:00,2025-09-22 14:00:00+00:00,2025-09-22 15:00:00+00:00,6718.0,6736.375,73.5,70.5,1.3557692307692308,73.5,49.0,3.0,tp,4,6,1.25,528.75,390.0,551.25,2025-09-22
futures,NQ,reddit_orb_retest,reddit_orb_retest|ny|range=15|entry=150|rr=1.5|sl_atr=1|tp_atr=1.5|threshold=2|adx_max=none|adx_min=none|rsi2=none|trend=all|max_bars=24,long,161805,161806,161809,2025-09-22 14:00:00+00:00,2025-09-22 14:15:00+00:00,2025-09-22 15:00:00+00:00,24863.5,24937.375,295.5,292.5,1.4625,295.5,197.0,3.0,tp,3,8,0.5,1170.0,800.0,1182.0,2025-09-22
futures,ES,reddit_orb_fade,reddit_orb_fade|ny|range=15|entry=150|rr=1.5|sl_atr=1|tp_atr=1.5|threshold=2|adx_max=none|adx_min=none|rsi2=none|trend=all|max_bars=24,short,161924,161925,161927,2025-09-23 13:45:00+00:00,2025-09-23 14:00:00+00:00,2025-09-23 14:30:00+00:00,6752.0,6745.25,27.0,24.0,1.1428571428571428,27.0,18.0,3.0,tp,2,5,1.25,150.0,131.25,168.75,2025-09-23
futures,ES,reddit_orb_retest,reddit_orb_retest|ny|range=15|entry=150|rr=1.5|sl_atr=1|tp_atr=1.5|threshold=2|adx_max=none|adx_min=none|rsi2=none|trend=all|max_bars=24,short,161928,161929,161937,2025-09-23 14:45:00+00:00,2025-09-23 15:00:00+00:00,2025-09-23 17:00:00+00:00,6745.75,6730.75,60.0,57.0,1.3255813953488371,60.0,40.0,3.0,tp,8,2,1.25,142.5,107.5,150.0,2025-09-23
futures,ES,reddit_orb_breakout,reddit_orb_breakout|ny|range=15|entry=150|rr=1.5|sl_atr=1|tp_atr=1.5|threshold=2|adx_max=none|adx_min=none|rsi2=none|trend=ema|max_bars=24,short,162016,162017,162024,2025-09-24 13:45:00+00:00,2025-09-24 14:00:00+00:00,2025-09-24 15:45:00+00:00,6712.5,6688.5,96.0,93.0,1.3880597014925373,96.0,64.0,3.0,tp,7,6,1.25,697.5,502.5,720.0,2025-09-24
futures,ES,reddit_orb_retest,reddit_orb_retest|ny|range=15|entry=150|rr=1.5|sl_atr=1|tp_atr=1.5|threshold=2|adx_max=none|adx_min=none|rsi2=none|trend=all|max_bars=24,short,162018,162019,162024,2025-09-24 14:15:00+00:00,2025-09-24 14:30:00+00:00,2025-09-24 15:45:00+00:00,6714.25,6692.875,85.5,82.5,1.375,85.5,57.0,3.0,tp,5,2,1.25,206.25,150.0,213.75,2025-09-24
futures,NQ,reddit_orb_fade,reddit_orb_fade|ny|range=15|entry=150|rr=1.5|sl_atr=1|tp_atr=1.5|threshold=2|adx_max=none|adx_min=none|rsi2=none|trend=all|max_bars=24,short,162172,162173,162173,2025-09-26 13:45:00+00:00,2025-09-26 14:00:00+00:00,2025-09-26 14:00:00+00:00,24707.5,24715.0,-30.0,-33.0,-1.0,45.0,30.0,3.0,same_bar_sl,1,6,0.5,-99.0,99.0,135.0,2025-09-26
futures,ES,reddit_orb_fade,reddit_orb_fade|ny|range=15|entry=150|rr=1.5|sl_atr=1|tp_atr=1.5|threshold=2|adx_max=none|adx_min=none|rsi2=none|trend=all|max_bars=24,short,162293,162294,162297,2025-09-29 14:00:00+00:00,2025-09-29 14:15:00+00:00,2025-09-29 15:00:00+00:00,6725.5,6716.875,34.5,31.5,1.2115384615384615,34.5,23.0,3.0,tp,3,5,1.25,196.875,162.5,215.625,2025-09-29
futures,ES,reddit_orb_breakout,reddit_orb_breakout|ny|range=15|entry=150|rr=1.5|sl_atr=1|tp_atr=1.5|threshold=2|adx_max=none|adx_min=none|rsi2=none|trend=ema|max_bars=24,long,162294,162295,162297,2025-09-29 14:15:00+00:00,2025-09-29 14:30:00+00:00,2025-09-29 15:00:00+00:00,6726.25,6715.75,-42.0,-45.0,-1.0,63.0,42.0,3.0,sl,2,6,1.25,-337.5,337.5,472.5,2025-09-29
futures,ES,reddit_orb_retest,reddit_orb_retest|ny|range=15|entry=150|rr=1.5|sl_atr=1|tp_atr=1.5|threshold=2|adx_max=none|adx_min=none|rsi2=none|trend=all|max_bars=24,long,162295,162296,162297,2025-09-29 14:30:00+00:00,2025-09-29 14:45:00+00:00,2025-09-29 15:00:00+00:00,6728.75,6715.75,-52.0,-55.0,-1.0,78.0,52.0,3.0,sl,1,2,1.25,-137.5,137.5,195.0,2025-09-29
futures,NQ,reddit_orb_fade,reddit_orb_fade|ny|range=15|entry=150|rr=1.5|sl_atr=1|tp_atr=1.5|threshold=2|adx_max=none|adx_min=none|rsi2=none|trend=all|max_bars=24,short,162269,162270,162277,2025-09-29 15:00:00+00:00,2025-09-29 15:15:00+00:00,2025-09-29 17:00:00+00:00,24894.25,24821.5,291.0,288.0,1.4619289340101522,291.0,194.0,3.0,tp,7,6,0.5,864.0,591.0,873.0,2025-09-29
futures,ES,reddit_orb_fade,reddit_orb_fade|ny|range=15|entry=150|rr=1.5|sl_atr=1|tp_atr=1.5|threshold=2|adx_max=none|adx_min=none|rsi2=none|trend=all|max_bars=24,short,162384,162385,162385,2025-09-30 13:45:00+00:00,2025-09-30 14:00:00+00:00,2025-09-30 14:00:00+00:00,6707.75,6710.25,-10.0,-13.0,-1.0,15.0,10.0,3.0,same_bar_sl,1,5,1.25,-81.25,81.25,93.75,2025-09-30
futures,ES,reddit_orb_breakout,reddit_orb_breakout|ny|range=15|entry=150|rr=1.5|sl_atr=1|tp_atr=1.5|threshold=2|adx_max=none|adx_min=none|rsi2=none|trend=ema|max_bars=24,long,162388,162389,162390,2025-09-30 14:45:00+00:00,2025-09-30 15:00:00+00:00,2025-09-30 15:15:00+00:00,6709.5,6699.5,-40.0,-43.0,-1.0,60.0,40.0,3.0,sl,1,6,1.25,-322.5,322.5,450.0,2025-09-30
futures,ES,reddit_orb_retest,reddit_orb_retest|ny|range=15|entry=150|rr=1.5|sl_atr=1|tp_atr=1.5|threshold=2|adx_max=none|adx_min=none|rsi2=none|trend=all|max_bars=24,long,162394,162395,162397,2025-09-30 16:15:00+00:00,2025-09-30 16:30:00+00:00,2025-09-30 17:00:00+00:00,6711.25,6699.5,-47.0,-50.0,-1.0,70.5,47.0,3.0,sl,2,2,1.25,-125.0,125.0,176.25,2025-09-30
futures,ES,reddit_orb_fade,reddit_orb_fade|ny|range=15|entry=150|rr=1.5|sl_atr=1|tp_atr=1.5|threshold=2|adx_max=none|adx_min=none|rsi2=none|trend=all|max_bars=24,long,162476,162477,162477,2025-10-01 13:45:00+00:00,2025-10-01 14:00:00+00:00,2025-10-01 14:00:00+00:00,6712.0,6722.125,40.5,37.5,1.25,40.5,27.0,3.0,tp,1,5,1.25,234.375,187.5,253.125,2025-10-01
futures,NQ,reddit_orb_fade,reddit_orb_fade|ny|range=15|entry=150|rr=1.5|sl_atr=1|tp_atr=1.5|threshold=2|adx_max=none|adx_min=none|rsi2=none|trend=all|max_bars=24,long,162448,162449,162450,2025-10-01 13:45:00+00:00,2025-10-01 14:00:00+00:00,2025-10-01 14:15:00+00:00,24781.25,24864.125,331.5,328.5,1.4665178571428572,331.5,221.0,3.0,tp,1,6,0.5,985.5,672.0,994.5,2025-10-01
futures,ES,reddit_orb_breakout,reddit_orb_breakout|ny|range=15|entry=150|rr=1.5|sl_atr=1|tp_atr=1.5|threshold=2|adx_max=none|adx_min=none|rsi2=none|trend=ema|max_bars=24,long,162478,162479,162495,2025-10-01 14:15:00+00:00,2025-10-01 14:30:00+00:00,2025-10-01 18:30:00+00:00,6730.5,6766.875,145.5,142.5,1.425,145.5,97.0,3.0,tp,16,6,1.25,1068.75,750.0,1091.25,2025-10-01
futures,ES,reddit_orb_retest,reddit_orb_retest|ny|range=15|entry=150|rr=1.5|sl_atr=1|tp_atr=1.5|threshold=2|adx_max=none|adx_min=none|rsi2=none|trend=all|max_bars=24,long,162479,162480,162495,2025-10-01 14:30:00+00:00,2025-10-01 14:45:00+00:00,2025-10-01 18:30:00+00:00,6730.0,6765.625,142.5,139.5,1.4234693877551021,142.5,95.0,3.0,tp,15,2,1.25,348.75,245.0,356.25,2025-10-01
futures,ES,reddit_orb_fade,reddit_orb_fade|ny|range=15|entry=150|rr=1.5|sl_atr=1|tp_atr=1.5|threshold=2|adx_max=none|adx_min=none|rsi2=none|trend=all|max_bars=24,short,162660,162661,162663,2025-10-03 13:45:00+00:00,2025-10-03 14:00:00+00:00,2025-10-03 14:30:00+00:00,6780.25,6788.25,-32.0,-35.0,-1.0,48.0,32.0,3.0,sl,2,5,1.25,-218.75,218.75,300.0,2025-10-03
futures,NQ,reddit_orb_fade,reddit_orb_fade|ny|range=15|entry=150|rr=1.5|sl_atr=1|tp_atr=1.5|threshold=2|adx_max=none|adx_min=none|rsi2=none|trend=all|max_bars=24,short,162632,162633,162647,2025-10-03 13:45:00+00:00,2025-10-03 14:00:00+00:00,2025-10-03 17:30:00+00:00,25105.75,25012.375,373.5,370.5,1.4702380952380953,373.5,249.0,3.0,tp,14,6,0.5,1111.5,756.0,1120.5,2025-10-03
futures,ES,reddit_orb_breakout,reddit_orb_breakout|ny|range=15|entry=150|rr=1.5|sl_atr=1|tp_atr=1.5|threshold=2|adx_max=none|adx_min=none|rsi2=none|trend=ema|max_bars=24,long,162662,162663,162676,2025-10-03 14:15:00+00:00,2025-10-03 14:30:00+00:00,2025-10-03 17:45:00+00:00,6786.5,6771.5,-60.0,-63.0,-1.0,90.0,60.0,3.0,sl,13,6,1.25,-472.5,472.5,675.0,2025-10-03
futures,ES,reddit_orb_retest,reddit_orb_retest|ny|range=15|entry=150|rr=1.5|sl_atr=1|tp_atr=1.5|threshold=2|adx_max=none|adx_min=none|rsi2=none|trend=all|max_bars=24,long,162663,162664,162676,2025-10-03 14:30:00+00:00,2025-10-03 14:45:00+00:00,2025-10-03 17:45:00+00:00,6793.75,6771.5,-89.0,-92.0,-1.0,133.5,89.0,3.0,sl,12,2,1.25,-230.0,230.0,333.75,2025-10-03
futures,NQ,reddit_orb_retest,reddit_orb_retest|ny|range=15|entry=150|rr=1.5|sl_atr=1|tp_atr=1.5|threshold=2|adx_max=none|adx_min=none|rsi2=none|trend=all|max_bars=24,short,162635,162636,162645,2025-10-03 14:30:00+00:00,2025-10-03 14:45:00+00:00,2025-10-03 17:00:00+00:00,25110.75,25028.625,328.5,325.5,1.4662162162162162,328.5,219.0,3.0,tp,9,8,0.5,1302.0,888.0,1314.0,2025-10-03
futures,ES,reddit_orb_fade,reddit_orb_fade|ny|range=15|entry=150|rr=1.5|sl_atr=1|tp_atr=1.5|threshold=2|adx_max=none|adx_min=none|rsi2=none|trend=all|max_bars=24,long,162753,162754,162760,2025-10-06 14:00:00+00:00,2025-10-06 14:15:00+00:00,2025-10-06 15:45:00+00:00,6775.25,6788.375,52.5,49.5,1.3026315789473684,52.5,35.0,3.0,tp,6,5,1.25,309.375,237.5,328.125,2025-10-06
futures,ES,reddit_orb_breakout,reddit_orb_breakout|ny|range=15|entry=150|rr=1.5|sl_atr=1|tp_atr=1.5|threshold=2|adx_max=none|adx_min=none|rsi2=none|trend=ema|max_bars=24,long,162760,162761,162777,2025-10-06 15:45:00+00:00,2025-10-06 16:00:00+00:00,2025-10-06 20:00:00+00:00,6790.25,6789.0,-5.0,-8.0,-0.1111111111111111,103.5,69.0,3.0,session_close,16,6,1.25,-60.0,540.0,776.25,2025-10-06
futures,ES,reddit_orb_fade,reddit_orb_fade|ny|range=15|entry=150|rr=1.5|sl_atr=1|tp_atr=1.5|threshold=2|adx_max=none|adx_min=none|rsi2=none|trend=all|max_bars=24,long,162844,162845,162845,2025-10-07 13:45:00+00:00,2025-10-07 14:00:00+00:00,2025-10-07 14:00:00+00:00,6794.0,6792.5,-6.0,-9.0,-1.0,9.0,6.0,3.0,sl,1,5,1.25,-56.25,56.25,56.25,2025-10-07
futures,NQ,reddit_orb_fade,reddit_orb_fade|ny|range=15|entry=150|rr=1.5|sl_atr=1|tp_atr=1.5|threshold=2|adx_max=none|adx_min=none|rsi2=none|trend=all|max_bars=24,short,162816,162817,162818,2025-10-07 13:45:00+00:00,2025-10-07 14:00:00+00:00,2025-10-07 14:15:00+00:00,25242.0,25207.875,136.5,133.5,1.4202127659574468,136.5,91.0,3.0,tp,1,6,0.5,400.5,282.0,409.5,2025-10-07
futures,NQ,reddit_orb_retest,reddit_orb_retest|ny|range=15|entry=150|rr=1.5|sl_atr=1|tp_atr=1.5|threshold=2|adx_max=none|adx_min=none|rsi2=none|trend=all|max_bars=24,short,162819,162820,162821,2025-10-07 14:30:00+00:00,2025-10-07 14:45:00+00:00,2025-10-07 15:00:00+00:00,25198.5,25101.375,388.5,385.5,1.4713740458015268,388.5,259.0,3.0,tp,1,8,0.5,1542.0,1048.0,1554.0,2025-10-07
futures,ES,reddit_orb_fade,reddit_orb_fade|ny|range=15|entry=150|rr=1.5|sl_atr=1|tp_atr=1.5|threshold=2|adx_max=none|adx_min=none|rsi2=none|trend=all|max_bars=24,short,162936,162937,162937,2025-10-08 13:45:00+00:00,2025-10-08 14:00:00+00:00,2025-10-08 14:00:00+00:00,6773.5,6776.5,-12.0,-15.0,-1.0,18.0,12.0,3.0,sl,1,5,1.25,-93.75,93.75,112.5,2025-10-08
futures,ES,reddit_orb_breakout,reddit_orb_breakout|ny|range=15|entry=150|rr=1.5|sl_atr=1|tp_atr=1.5|threshold=2|adx_max=none|adx_min=none|rsi2=none|trend=ema|max_bars=24,long,162942,162943,162961,2025-10-08 15:15:00+00:00,2025-10-08 15:30:00+00:00,2025-10-08 20:00:00+00:00,6796.75,6803.25,26.0,23.0,0.17424242424242425,193.5,129.0,3.0,session_close,18,6,1.25,172.5,990.0,1451.25,2025-10-08
futures,NQ,reddit_orb_fade,reddit_orb_fade|ny|range=15|entry=150|rr=1.5|sl_atr=1|tp_atr=1.5|threshold=2|adx_max=none|adx_min=none|rsi2=none|trend=all|max_bars=24,long,163000,163001,163002,2025-10-09 13:45:00+00:00,2025-10-09 14:00:00+00:00,2025-10-09 14:15:00+00:00,25279.5,25251.5,-112.0,-115.0,-1.0,168.0,112.0,3.0,sl,1,6,0.5,-345.0,345.0,504.0,2025-10-09
futures,NQ,reddit_orb_fade,reddit_orb_fade|ny|range=15|entry=150|rr=1.5|sl_atr=1|tp_atr=1.5|threshold=2|adx_max=none|adx_min=none|rsi2=none|trend=all|max_bars=24,short,163092,163093,163094,2025-10-10 13:45:00+00:00,2025-10-10 14:00:00+00:00,2025-10-10 14:15:00+00:00,25355.5,25306.75,195.0,192.0,1.443609022556391,195.0,130.0,3.0,tp,1,6,0.5,576.0,399.0,585.0,2025-10-10
futures,ES,reddit_orb_fade,reddit_orb_fade|ny|range=15|entry=150|rr=1.5|sl_atr=1|tp_atr=1.5|threshold=2|adx_max=none|adx_min=none|rsi2=none|trend=all|max_bars=24,short,163214,163215,163218,2025-10-13 14:15:00+00:00,2025-10-13 14:30:00+00:00,2025-10-13 15:15:00+00:00,6673.0,6692.25,-77.0,-80.0,-1.0,115.5,77.0,3.0,sl,3,5,1.25,-500.0,500.0,721.875,2025-10-13
futures,NQ,reddit_orb_fade,reddit_orb_fade|ny|range=15|entry=150|rr=1.5|sl_atr=1|tp_atr=1.5|threshold=2|adx_max=none|adx_min=none|rsi2=none|trend=all|max_bars=24,short,163186,163187,163193,2025-10-13 14:15:00+00:00,2025-10-13 14:30:00+00:00,2025-10-13 16:00:00+00:00,24825.5,24904.75,-317.0,-320.0,-1.0,475.5,317.0,3.0,sl,6,6,0.5,-960.0,960.0,1426.5,2025-10-13
futures,ES,reddit_orb_retest,reddit_orb_retest|ny|range=15|entry=150|rr=1.5|sl_atr=1|tp_atr=1.5|threshold=2|adx_max=none|adx_min=none|rsi2=none|trend=all|max_bars=24,long,163218,163219,163237,2025-10-13 15:15:00+00:00,2025-10-13 15:30:00+00:00,2025-10-13 20:00:00+00:00,6692.0,6692.25,1.0,-2.0,-0.016129032258064516,181.5,121.0,3.0,session_close,18,2,1.25,-5.0,310.0,453.75,2025-10-13
futures,ES,reddit_orb_fade,reddit_orb_fade|ny|range=15|entry=150|rr=1.5|sl_atr=1|tp_atr=1.5|threshold=2|adx_max=none|adx_min=none|rsi2=none|trend=all|max_bars=24,long,163304,163305,163312,2025-10-14 13:45:00+00:00,2025-10-14 14:00:00+00:00,2025-10-14 15:45:00+00:00,6630.25,6685.75,222.0,219.0,1.4503311258278146,222.0,148.0,3.0,tp,7,5,1.25,1368.75,943.75,1387.5,2025-10-14
futures,ES,reddit_orb_breakout,reddit_orb_breakout|ny|range=15|entry=150|rr=1.5|sl_atr=1|tp_atr=1.5|threshold=2|adx_max=none|adx_min=none|rsi2=none|trend=ema|max_bars=24,long,163396,163397,163403,2025-10-15 13:45:00+00:00,2025-10-15 14:00:00+00:00,2025-10-15 15:30:00+00:00,6747.0,6726.0,-84.0,-87.0,-1.0,126.0,84.0,3.0,sl,6,6,1.25,-652.5,652.5,945.0,2025-10-15
futures,ES,reddit_orb_fade,reddit_orb_fade|ny|range=15|entry=150|rr=1.5|sl_atr=1|tp_atr=1.5|threshold=2|adx_max=none|adx_min=none|rsi2=none|trend=all|max_bars=24,long,163396,163397,163403,2025-10-15 13:45:00+00:00,2025-10-15 14:00:00+00:00,2025-10-15 15:30:00+00:00,6747.0,6724.25,-91.0,-94.0,-1.0,136.5,91.0,3.0,sl,6,5,1.25,-587.5,587.5,853.125,2025-10-15
futures,ES,reddit_orb_retest,reddit_orb_retest|ny|range=15|entry=150|rr=1.5|sl_atr=1|tp_atr=1.5|threshold=2|adx_max=none|adx_min=none|rsi2=none|trend=all|max_bars=24,long,163402,163403,163403,2025-10-15 15:15:00+00:00,2025-10-15 15:30:00+00:00,2025-10-15 15:30:00+00:00,6741.0,6726.0,-60.0,-63.0,-1.0,90.0,60.0,3.0,sl,1,2,1.25,-157.5,157.5,225.0,2025-10-15
futures,ES,reddit_orb_fade,reddit_orb_fade|ny|range=15|entry=150|rr=1.5|sl_atr=1|tp_atr=1.5|threshold=2|adx_max=none|adx_min=none|rsi2=none|trend=all|max_bars=24,short,163488,163489,163491,2025-10-16 13:45:00+00:00,2025-10-16 14:00:00+00:00,2025-10-16 14:30:00+00:00,6729.75,6744.25,-58.0,-61.0,-1.0,87.0,58.0,3.0,sl,2,5,1.25,-381.25,381.25,543.75,2025-10-16
futures,NQ,reddit_orb_fade,reddit_orb_fade|ny|range=15|entry=150|rr=1.5|sl_atr=1|tp_atr=1.5|threshold=2|adx_max=none|adx_min=none|rsi2=none|trend=all|max_bars=24,short,163460,163461,163463,2025-10-16 13:45:00+00:00,2025-10-16 14:00:00+00:00,2025-10-16 14:30:00+00:00,25062.25,25125.5,-253.0,-256.0,-1.0,379.5,253.0,3.0,sl,2,6,0.5,-768.0,768.0,1138.5,2025-10-16
futures,ES,reddit_orb_breakout,reddit_orb_breakout|ny|range=15|entry=150|rr=1.5|sl_atr=1|tp_atr=1.5|threshold=2|adx_max=none|adx_min=none|rsi2=none|trend=ema|max_bars=24,long,163491,163492,163494,2025-10-16 14:30:00+00:00,2025-10-16 14:45:00+00:00,2025-10-16 15:15:00+00:00,6747.75,6725.0,-91.0,-94.0,-1.0,136.5,91.0,3.0,sl,2,6,1.25,-705.0,705.0,1023.75,2025-10-16
futures,ES,reddit_orb_retest,reddit_orb_retest|ny|range=15|entry=150|rr=1.5|sl_atr=1|tp_atr=1.5|threshold=2|adx_max=none|adx_min=none|rsi2=none|trend=all|max_bars=24,short,163494,163495,163498,2025-10-16 15:15:00+00:00,2025-10-16 15:30:00+00:00,2025-10-16 16:15:00+00:00,6721.0,6686.875,136.5,133.5,1.4202127659574468,136.5,91.0,3.0,tp,3,2,1.25,333.75,235.0,341.25,2025-10-16
futures,ES,reddit_orb_fade,reddit_orb_fade|ny|range=15|entry=150|rr=1.5|sl_atr=1|tp_atr=1.5|threshold=2|adx_max=none|adx_min=none|rsi2=none|trend=all|max_bars=24,short,163580,163581,163581,2025-10-17 13:45:00+00:00,2025-10-17 14:00:00+00:00,2025-10-17 14:00:00+00:00,6666.25,6684.5,-73.0,-76.0,-1.0,109.5,73.0,3.0,sl,1,5,1.25,-475.0,475.0,684.375,2025-10-17
futures,ES,reddit_orb_retest,reddit_orb_retest|ny|range=15|entry=150|rr=1.5|sl_atr=1|tp_atr=1.5|threshold=2|adx_max=none|adx_min=none|rsi2=none|trend=all|max_bars=24,long,163588,163589,163605,2025-10-17 15:45:00+00:00,2025-10-17 16:00:00+00:00,2025-10-17 20:00:00+00:00,6677.0,6710.5,134.0,131.0,0.903448275862069,213.0,142.0,3.0,session_close,16,2,1.25,327.5,362.5,532.5,2025-10-17
futures,ES,reddit_orb_fade,reddit_orb_fade|ny|range=15|entry=150|rr=1.5|sl_atr=1|tp_atr=1.5|threshold=2|adx_max=none|adx_min=none|rsi2=none|trend=all|max_bars=24,short,163672,163673,163673,2025-10-20 13:45:00+00:00,2025-10-20 14:00:00+00:00,2025-10-20 14:00:00+00:00,6747.5,6754.75,-29.0,-32.0,-1.0,43.5,29.0,3.0,sl,1,5,1.25,-200.0,200.0,271.875,2025-10-20
futures,ES,reddit_orb_breakout,reddit_orb_breakout|ny|range=15|entry=150|rr=1.5|sl_atr=1|tp_atr=1.5|threshold=2|adx_max=none|adx_min=none|rsi2=none|trend=ema|max_bars=24,long,163673,163674,163697,2025-10-20 14:00:00+00:00,2025-10-20 14:15:00+00:00,2025-10-20 20:00:00+00:00,6756.25,6777.25,84.0,81.0,0.84375,139.5,93.0,3.0,session_close,23,6,1.25,607.5,720.0,1046.25,2025-10-20
futures,ES,reddit_orb_retest,reddit_orb_retest|ny|range=15|entry=150|rr=1.5|sl_atr=1|tp_atr=1.5|threshold=2|adx_max=none|adx_min=none|rsi2=none|trend=all|max_bars=24,long,163674,163675,163697,2025-10-20 14:15:00+00:00,2025-10-20 14:30:00+00:00,2025-10-20 20:00:00+00:00,6763.25,6777.25,56.0,53.0,0.4274193548387097,181.5,121.0,3.0,session_close,22,2,1.25,132.5,310.0,453.75,2025-10-20
futures,NQ,reddit_orb_fade,reddit_orb_fade|ny|range=15|entry=150|rr=1.5|sl_atr=1|tp_atr=1.5|threshold=2|adx_max=none|adx_min=none|rsi2=none|trend=all|max_bars=24,long,163736,163737,163738,2025-10-21 13:45:00+00:00,2025-10-21 14:00:00+00:00,2025-10-21 14:15:00+00:00,25235.0,25211.5,-94.0,-97.0,-1.0,141.0,94.0,3.0,same_bar_sl,1,6,0.5,-291.0,291.0,423.0,2025-10-21
futures,ES,reddit_orb_fade,reddit_orb_fade|ny|range=15|entry=150|rr=1.5|sl_atr=1|tp_atr=1.5|threshold=2|adx_max=none|adx_min=none|rsi2=none|trend=all|max_bars=24,long,163765,163766,163768,2025-10-21 14:00:00+00:00,2025-10-21 14:15:00+00:00,2025-10-21 14:45:00+00:00,6768.75,6783.0,57.0,54.0,1.3170731707317074,57.0,38.0,3.0,tp,2,5,1.25,337.5,256.25,356.25,2025-10-21
futures,ES,reddit_orb_retest,reddit_orb_retest|ny|range=15|entry=150|rr=1.5|sl_atr=1|tp_atr=1.5|threshold=2|adx_max=none|adx_min=none|rsi2=none|trend=all|max_bars=24,short,163766,163767,163768,2025-10-21 14:15:00+00:00,2025-10-21 14:30:00+00:00,2025-10-21 14:45:00+00:00,6765.25,6778.5,-53.0,-56.0,-1.0,79.5,53.0,3.0,sl,1,2,1.25,-140.0,140.0,198.75,2025-10-21
futures,ES,reddit_orb_breakout,reddit_orb_breakout|ny|range=15|entry=150|rr=1.5|sl_atr=1|tp_atr=1.5|threshold=2|adx_max=none|adx_min=none|rsi2=none|trend=ema|max_bars=24,long,163768,163769,163789,2025-10-21 14:45:00+00:00,2025-10-21 15:00:00+00:00,2025-10-21 20:00:00+00:00,6785.5,6767.75,-71.0,-74.0,-0.9367088607594937,114.0,76.0,3.0,session_close,20,6,1.25,-555.0,592.5,855.0,2025-10-21
futures,NQ,reddit_orb_fade,reddit_orb_fade|ny|range=15|entry=150|rr=1.5|sl_atr=1|tp_atr=1.5|threshold=2|adx_max=none|adx_min=none|rsi2=none|trend=all|max_bars=24,short,163828,163829,163829,2025-10-22 13:45:00+00:00,2025-10-22 14:00:00+00:00,2025-10-22 14:00:00+00:00,25258.0,25211.125,187.5,184.5,1.44140625,187.5,125.0,3.0,tp,1,6,0.5,553.5,384.0,562.5,2025-10-22
futures,ES,reddit_orb_fade,reddit_orb_fade|ny|range=15|entry=150|rr=1.5|sl_atr=1|tp_atr=1.5|threshold=2|adx_max=none|adx_min=none|rsi2=none|trend=all|max_bars=24,short,163949,163950,163952,2025-10-23 14:00:00+00:00,2025-10-23 14:15:00+00:00,2025-10-23 14:45:00+00:00,6749.25,6762.0,-51.0,-54.0,-1.0,76.5,51.0,3.0,sl,2,5,1.25,-337.5,337.5,478.125,2025-10-23
futures,ES,reddit_orb_retest,reddit_orb_retest|ny|range=15|entry=150|rr=1.5|sl_atr=1|tp_atr=1.5|threshold=2|adx_max=none|adx_min=none|rsi2=none|trend=all|max_bars=24,long,163951,163952,163973,2025-10-23 14:30:00+00:00,2025-10-23 14:45:00+00:00,2025-10-23 20:00:00+00:00,6756.5,6775.0,74.0,71.0,0.8352941176470589,123.0,82.0,3.0,session_close,21,2,1.25,177.5,212.5,307.5,2025-10-23
futures,ES,reddit_orb_fade,reddit_orb_fade|ny|range=15|entry=150|rr=1.5|sl_atr=1|tp_atr=1.5|threshold=2|adx_max=none|adx_min=none|rsi2=none|trend=all|max_bars=24,short,164040,164041,164041,2025-10-24 13:45:00+00:00,2025-10-24 14:00:00+00:00,2025-10-24 14:00:00+00:00,6830.0,6835.0,-20.0,-23.0,-1.0,30.0,20.0,3.0,sl,1,5,1.25,-143.75,143.75,187.5,2025-10-24
futures,NQ,reddit_orb_fade,reddit_orb_fade|ny|range=15|entry=150|rr=1.5|sl_atr=1|tp_atr=1.5|threshold=2|adx_max=none|adx_min=none|rsi2=none|trend=all|max_bars=24,short,164012,164013,164013,2025-10-24 13:45:00+00:00,2025-10-24 14:00:00+00:00,2025-10-24 14:00:00+00:00,25506.0,25535.0,-116.0,-119.0,-1.0,174.0,116.0,3.0,sl,1,6,0.5,-357.0,357.0,522.0,2025-10-24
futures,ES,reddit_orb_breakout,reddit_orb_breakout|ny|range=15|entry=150|rr=1.5|sl_atr=1|tp_atr=1.5|threshold=2|adx_max=none|adx_min=none|rsi2=none|trend=ema|max_bars=24,long,164041,164042,164065,2025-10-24 14:00:00+00:00,2025-10-24 14:15:00+00:00,2025-10-24 20:00:00+00:00,6834.5,6825.5,-36.0,-39.0,-0.42857142857142855,132.0,88.0,3.0,session_close,23,6,1.25,-292.5,682.5,990.0,2025-10-24
futures,ES,reddit_orb_retest,reddit_orb_retest|ny|range=15|entry=150|rr=1.5|sl_atr=1|tp_atr=1.5|threshold=2|adx_max=none|adx_min=none|rsi2=none|trend=all|max_bars=24,long,164046,164047,164065,2025-10-24 15:15:00+00:00,2025-10-24 15:30:00+00:00,2025-10-24 20:00:00+00:00,6838.25,6825.5,-51.0,-54.0,-0.5094339622641509,154.5,103.0,3.0,session_close,18,2,1.25,-135.0,265.0,386.25,2025-10-24
futures,ES,reddit_orb_fade,reddit_orb_fade|ny|range=15|entry=150|rr=1.5|sl_atr=1|tp_atr=1.5|threshold=2|adx_max=none|adx_min=none|rsi2=none|trend=all|max_bars=24,short,164132,164133,164133,2025-10-27 13:45:00+00:00,2025-10-27 14:00:00+00:00,2025-10-27 14:00:00+00:00,6886.75,6889.0,-9.0,-12.0,-1.0,13.5,9.0,3.0,sl,1,5,1.25,-75.0,75.0,84.375,2025-10-27
futures,ES,reddit_orb_breakout,reddit_orb_breakout|ny|range=15|entry=150|rr=1.5|sl_atr=1|tp_atr=1.5|threshold=2|adx_max=none|adx_min=none|rsi2=none|trend=ema|max_bars=24,long,164133,164134,164156,2025-10-27 14:00:00+00:00,2025-10-27 14:15:00+00:00,2025-10-27 19:45:00+00:00,6888.5,6905.75,69.0,66.0,1.346938775510204,69.0,46.0,3.0,tp,22,6,1.25,495.0,367.5,517.5,2025-10-27
futures,ES,reddit_orb_retest,reddit_orb_retest|ny|range=15|entry=150|rr=1.5|sl_atr=1|tp_atr=1.5|threshold=2|adx_max=none|adx_min=none|rsi2=none|trend=all|max_bars=24,long,164135,164136,164156,2025-10-27 14:30:00+00:00,2025-10-27 14:45:00+00:00,2025-10-27 19:45:00+00:00,6889.5,6908.25,75.0,72.0,1.3584905660377358,75.0,50.0,3.0,tp,20,2,1.25,180.0,132.5,187.5,2025-10-27
futures,NQ,reddit_orb_fade,reddit_orb_fade|ny|range=15|entry=150|rr=1.5|sl_atr=1|tp_atr=1.5|threshold=2|adx_max=none|adx_min=none|rsi2=none|trend=all|max_bars=24,short,164108,164109,164109,2025-10-27 14:45:00+00:00,2025-10-27 15:00:00+00:00,2025-10-27 15:00:00+00:00,25857.75,25892.0,-137.0,-140.0,-1.0,205.5,137.0,3.0,sl,1,6,0.5,-420.0,420.0,616.5,2025-10-27
futures,NQ,reddit_orb_fade,reddit_orb_fade|ny|range=15|entry=150|rr=1.5|sl_atr=1|tp_atr=1.5|threshold=2|adx_max=none|adx_min=none|rsi2=none|trend=all|max_bars=24,long,164196,164197,164199,2025-10-28 13:45:00+00:00,2025-10-28 14:00:00+00:00,2025-10-28 14:30:00+00:00,26065.0,26029.5,-142.0,-145.0,-1.0,213.0,142.0,3.0,sl,2,6,0.5,-435.0,435.0,639.0,2025-10-28
futures,ES,reddit_orb_retest,reddit_orb_retest|ny|range=15|entry=150|rr=1.5|sl_atr=1|tp_atr=1.5|threshold=2|adx_max=none|adx_min=none|rsi2=none|trend=all|max_bars=24,short,164225,164226,164235,2025-10-28 14:00:00+00:00,2025-10-28 14:15:00+00:00,2025-10-28 16:30:00+00:00,6913.25,6927.25,-56.0,-59.0,-1.0,84.0,56.0,3.0,sl,9,2,1.25,-147.5,147.5,210.0,2025-10-28
futures,ES,reddit_orb_fade,reddit_orb_fade|ny|range=15|entry=150|rr=1.5|sl_atr=1|tp_atr=1.5|threshold=2|adx_max=none|adx_min=none|rsi2=none|trend=all|max_bars=24,long,164226,164227,164228,2025-10-28 14:15:00+00:00,2025-10-28 14:30:00+00:00,2025-10-28 14:45:00+00:00,6916.25,6911.75,-18.0,-21.0,-1.0,27.0,18.0,3.0,sl,1,5,1.25,-131.25,131.25,168.75,2025-10-28
futures,NQ,reddit_orb_retest,reddit_orb_retest|ny|range=15|entry=150|rr=1.5|sl_atr=1|tp_atr=1.5|threshold=2|adx_max=none|adx_min=none|rsi2=none|trend=all|max_bars=24,short,164200,164201,164206,2025-10-28 14:45:00+00:00,2025-10-28 15:00:00+00:00,2025-10-28 16:15:00+00:00,26035.5,26094.75,-237.0,-240.0,-1.0,355.5,237.0,3.0,sl,5,8,0.5,-960.0,960.0,1422.0,2025-10-28
futures,ES,reddit_orb_breakout,reddit_orb_breakout|ny|range=15|entry=150|rr=1.5|sl_atr=1|tp_atr=1.5|threshold=2|adx_max=none|adx_min=none|rsi2=none|trend=ema|max_bars=24,long,164316,164317,164320,2025-10-29 13:45:00+00:00,2025-10-29 14:00:00+00:00,2025-10-29 14:45:00+00:00,6950.75,6936.25,-58.0,-61.0,-1.0,87.0,58.0,3.0,sl,3,6,1.25,-457.5,457.5,652.5,2025-10-29
futures,ES,reddit_orb_fade,reddit_orb_fade|ny|range=15|entry=150|rr=1.5|sl_atr=1|tp_atr=1.5|threshold=2|adx_max=none|adx_min=none|rsi2=none|trend=all|max_bars=24,short,164317,164318,164333,2025-10-29 14:00:00+00:00,2025-10-29 14:15:00+00:00,2025-10-29 18:00:00+00:00,6942.75,6928.875,55.5,52.5,1.3125,55.5,37.0,3.0,tp,15,5,1.25,328.125,250.0,346.875,2025-10-29
futures,NQ,reddit_orb_fade,reddit_orb_fade|ny|range=15|entry=150|rr=1.5|sl_atr=1|tp_atr=1.5|threshold=2|adx_max=none|adx_min=none|rsi2=none|trend=all|max_bars=24,short,164289,164290,164296,2025-10-29 14:00:00+00:00,2025-10-29 14:15:00+00:00,2025-10-29 15:45:00+00:00,26286.0,26225.25,243.0,240.0,1.4545454545454546,243.0,162.0,3.0,tp,6,6,0.5,720.0,495.0,729.0,2025-10-29
futures,NQ,reddit_orb_retest,reddit_orb_retest|ny|range=15|entry=150|rr=1.5|sl_atr=1|tp_atr=1.5|threshold=2|adx_max=none|adx_min=none|rsi2=none|trend=all|max_bars=24,long,164290,164291,164292,2025-10-29 14:15:00+00:00,2025-10-29 14:30:00+00:00,2025-10-29 14:45:00+00:00,26298.25,26254.75,-174.0,-177.0,-1.0,261.0,174.0,3.0,sl,1,8,0.5,-708.0,708.0,1044.0,2025-10-29
futures,NQ,reddit_orb_fade,reddit_orb_fade|ny|range=15|entry=150|rr=1.5|sl_atr=1|tp_atr=1.5|threshold=2|adx_max=none|adx_min=none|rsi2=none|trend=all|max_bars=24,short,164380,164381,164381,2025-10-30 13:45:00+00:00,2025-10-30 14:00:00+00:00,2025-10-30 14:00:00+00:00,26124.75,26147.25,-90.0,-93.0,-1.0,135.0,90.0,3.0,same_bar_sl,1,6,0.5,-279.0,279.0,405.0,2025-10-30
futures,ES,reddit_orb_retest,reddit_orb_retest|ny|range=15|entry=150|rr=1.5|sl_atr=1|tp_atr=1.5|threshold=2|adx_max=none|adx_min=none|rsi2=none|trend=all|max_bars=24,long,164409,164410,164430,2025-10-30 14:00:00+00:00,2025-10-30 14:15:00+00:00,2025-10-30 19:15:00+00:00,6902.25,6867.75,-138.0,-141.0,-1.0,207.0,138.0,3.0,sl,20,2,1.25,-352.5,352.5,517.5,2025-10-30
futures,ES,reddit_orb_fade,reddit_orb_fade|ny|range=15|entry=150|rr=1.5|sl_atr=1|tp_atr=1.5|threshold=2|adx_max=none|adx_min=none|rsi2=none|trend=all|max_bars=24,short,164410,164411,164411,2025-10-30 14:15:00+00:00,2025-10-30 14:30:00+00:00,2025-10-30 14:30:00+00:00,6888.5,6902.75,-57.0,-60.0,-1.0,85.5,57.0,3.0,sl,1,5,1.25,-375.0,375.0,534.375,2025-10-30
futures,ES,reddit_orb_fade,reddit_orb_fade|ny|range=15|entry=150|rr=1.5|sl_atr=1|tp_atr=1.5|threshold=2|adx_max=none|adx_min=none|rsi2=none|trend=all|max_bars=24,long,164500,164501,164501,2025-10-31 13:45:00+00:00,2025-10-31 14:00:00+00:00,2025-10-31 14:00:00+00:00,6886.25,6880.0,-25.0,-28.0,-1.0,37.5,25.0,3.0,sl,1,5,1.25,-175.0,175.0,234.375,2025-10-31
futures,NQ,reddit_orb_fade,reddit_orb_fade|ny|range=15|entry=150|rr=1.5|sl_atr=1|tp_atr=1.5|threshold=2|adx_max=none|adx_min=none|rsi2=none|trend=all|max_bars=24,long,164472,164473,164473,2025-10-31 13:45:00+00:00,2025-10-31 14:00:00+00:00,2025-10-31 14:00:00+00:00,26103.5,26080.25,-93.0,-96.0,-1.0,139.5,93.0,3.0,sl,1,6,0.5,-288.0,288.0,418.5,2025-10-31
futures,ES,reddit_orb_breakout,reddit_orb_breakout|ny|range=15|entry=150|rr=1.5|sl_atr=1|tp_atr=1.5|threshold=2|adx_max=none|adx_min=none|rsi2=none|trend=ema|max_bars=24,short,164501,164502,164514,2025-10-31 14:00:00+00:00,2025-10-31 14:15:00+00:00,2025-10-31 17:15:00+00:00,6879.25,6844.375,139.5,136.5,1.421875,139.5,93.0,3.0,tp,12,6,1.25,1023.75,720.0,1046.25,2025-10-31
futures,ES,reddit_orb_retest,reddit_orb_retest|ny|range=15|entry=150|rr=1.5|sl_atr=1|tp_atr=1.5|threshold=2|adx_max=none|adx_min=none|rsi2=none|trend=all|max_bars=24,short,164508,164509,164525,2025-10-31 15:45:00+00:00,2025-10-31 16:00:00+00:00,2025-10-31 20:00:00+00:00,6873.75,6872.0,7.0,4.0,0.03389830508474576,172.5,115.0,3.0,session_close,16,2,1.25,10.0,295.0,431.25,2025-10-31
futures,NQ,reddit_orb_fade,reddit_orb_fade|ny|range=15|entry=150|rr=1.5|sl_atr=1|tp_atr=1.5|threshold=2|adx_max=none|adx_min=none|rsi2=none|trend=all|max_bars=24,short,164662,164663,164663,2025-11-04 16:15:00+00:00,2025-11-04 16:30:00+00:00,2025-11-04 16:30:00+00:00,25771.5,25789.5,-72.0,-75.0,-1.0,108.0,72.0,3.0,sl,1,6,0.5,-225.0,225.0,324.0,2025-11-04
futures,ES,reddit_orb_fade,reddit_orb_fade|ny|range=15|entry=150|rr=1.5|sl_atr=1|tp_atr=1.5|threshold=2|adx_max=none|adx_min=none|rsi2=none|trend=all|max_bars=24,short,164693,164694,164698,2025-11-04 17:00:00+00:00,2025-11-04 17:15:00+00:00,2025-11-04 18:15:00+00:00,6819.25,6800.5,75.0,72.0,1.3584905660377358,75.0,50.0,3.0,tp,4,5,1.25,450.0,331.25,468.75,2025-11-04
futures,ES,reddit_orb_breakout,reddit_orb_breakout|ny|range=15|entry=150|rr=1.5|sl_atr=1|tp_atr=1.5|threshold=2|adx_max=none|adx_min=none|rsi2=none|trend=ema|max_bars=24,short,164868,164869,164876,2025-11-06 14:45:00+00:00,2025-11-06 15:00:00+00:00,2025-11-06 16:45:00+00:00,6788.5,6739.0,198.0,195.0,1.4444444444444444,198.0,132.0,3.0,tp,7,6,1.25,1462.5,1012.5,1485.0,2025-11-06
futures,ES,reddit_orb_fade,reddit_orb_fade|ny|range=15|entry=150|rr=1.5|sl_atr=1|tp_atr=1.5|threshold=2|adx_max=none|adx_min=none|rsi2=none|trend=all|max_bars=24,long,164961,164962,164964,2025-11-07 15:00:00+00:00,2025-11-07 15:15:00+00:00,2025-11-07 15:45:00+00:00,6709.25,6683.5,-103.0,-106.0,-1.0,154.5,103.0,3.0,sl,2,5,1.25,-662.5,662.5,965.625,2025-11-07
futures,ES,reddit_orb_breakout,reddit_orb_breakout|ny|range=15|entry=150|rr=1.5|sl_atr=1|tp_atr=1.5|threshold=2|adx_max=none|adx_min=none|rsi2=none|trend=ema|max_bars=24,short,164963,164964,164979,2025-11-07 15:30:00+00:00,2025-11-07 15:45:00+00:00,2025-11-07 19:30:00+00:00,6686.0,6723.75,-151.0,-154.0,-1.0,226.5,151.0,3.0,sl,15,6,1.25,-1155.0,1155.0,1698.75,2025-11-07
futures,ES,reddit_orb_retest,reddit_orb_retest|ny|range=15|entry=150|rr=1.5|sl_atr=1|tp_atr=1.5|threshold=2|adx_max=none|adx_min=none|rsi2=none|trend=all|max_bars=24,short,164964,164965,164979,2025-11-07 15:45:00+00:00,2025-11-07 16:00:00+00:00,2025-11-07 19:30:00+00:00,6677.0,6723.75,-187.0,-190.0,-1.0,280.5,187.0,3.0,sl,14,2,1.25,-475.0,475.0,701.25,2025-11-07
futures,ES,reddit_orb_fade,reddit_orb_fade|ny|range=15|entry=150|rr=1.5|sl_atr=1|tp_atr=1.5|threshold=2|adx_max=none|adx_min=none|rsi2=none|trend=all|max_bars=24,short,165052,165053,165054,2025-11-10 14:45:00+00:00,2025-11-10 15:00:00+00:00,2025-11-10 15:15:00+00:00,6828.75,6835.5,-27.0,-30.0,-1.0,40.5,27.0,3.0,sl,1,5,1.25,-187.5,187.5,253.125,2025-11-10
futures,NQ,reddit_orb_fade,reddit_orb_fade|ny|range=15|entry=150|rr=1.5|sl_atr=1|tp_atr=1.5|threshold=2|adx_max=none|adx_min=none|rsi2=none|trend=all|max_bars=24,short,165024,165025,165025,2025-11-10 14:45:00+00:00,2025-11-10 15:00:00+00:00,2025-11-10 15:00:00+00:00,25637.25,25657.25,-80.0,-83.0,-1.0,120.0,80.0,3.0,sl,1,6,0.5,-249.0,249.0,360.0,2025-11-10
futures,ES,reddit_orb_retest,reddit_orb_retest|ny|range=15|entry=150|rr=1.5|sl_atr=1|tp_atr=1.5|threshold=2|adx_max=none|adx_min=none|rsi2=none|trend=all|max_bars=24,short,165061,165062,165064,2025-11-10 17:00:00+00:00,2025-11-10 17:15:00+00:00,2025-11-10 17:45:00+00:00,6810.25,6834.5,-97.0,-100.0,-1.0,145.5,97.0,3.0,sl,2,2,1.25,-250.0,250.0,363.75,2025-11-10
futures,ES,reddit_orb_breakout,reddit_orb_breakout|ny|range=15|entry=150|rr=1.5|sl_atr=1|tp_atr=1.5|threshold=2|adx_max=none|adx_min=none|rsi2=none|trend=ema|max_bars=24,long,165144,165145,165145,2025-11-11 14:45:00+00:00,2025-11-11 15:00:00+00:00,2025-11-11 15:00:00+00:00,6850.5,6840.75,-39.0,-42.0,-1.0,58.5,39.0,3.0,sl,1,6,1.25,-315.0,315.0,438.75,2025-11-11
futures,ES,reddit_orb_fade,reddit_orb_fade|ny|range=15|entry=150|rr=1.5|sl_atr=1|tp_atr=1.5|threshold=2|adx_max=none|adx_min=none|rsi2=none|trend=all|max_bars=24,long,165144,165145,165145,2025-11-11 14:45:00+00:00,2025-11-11 15:00:00+00:00,2025-11-11 15:00:00+00:00,6850.5,6837.5,-52.0,-55.0,-1.0,78.0,52.0,3.0,sl,1,5,1.25,-343.75,343.75,487.5,2025-11-11
futures,NQ,reddit_orb_fade,reddit_orb_fade|ny|range=15|entry=150|rr=1.5|sl_atr=1|tp_atr=1.5|threshold=2|adx_max=none|adx_min=none|rsi2=none|trend=all|max_bars=24,long,165116,165117,165117,2025-11-11 14:45:00+00:00,2025-11-11 15:00:00+00:00,2025-11-11 15:00:00+00:00,25626.75,25560.25,-266.0,-269.0,-1.0,399.0,266.0,3.0,sl,1,6,0.5,-807.0,807.0,1197.0,2025-11-11
futures,ES,reddit_orb_retest,reddit_orb_retest|ny|range=15|entry=150|rr=1.5|sl_atr=1|tp_atr=1.5|threshold=2|adx_max=none|adx_min=none|rsi2=none|trend=all|max_bars=24,short,165237,165238,165261,2025-11-12 15:00:00+00:00,2025-11-12 15:15:00+00:00,2025-11-12 21:00:00+00:00,6874.0,6879.0,-20.0,-23.0,-0.2948717948717949,112.5,75.0,3.0,session_close,23,2,1.25,-57.5,195.0,281.25,2025-11-12
futures,ES,reddit_orb_fade,reddit_orb_fade|ny|range=15|entry=150|rr=1.5|sl_atr=1|tp_atr=1.5|threshold=2|adx_max=none|adx_min=none|rsi2=none|trend=all|max_bars=24,long,165328,165329,165330,2025-11-13 14:45:00+00:00,2025-11-13 15:00:00+00:00,2025-11-13 15:15:00+00:00,6829.5,6848.25,75.0,72.0,1.3584905660377358,75.0,50.0,3.0,tp,1,5,1.25,450.0,331.25,468.75,2025-11-13
futures,ES,reddit_orb_breakout,reddit_orb_breakout|ny|range=15|entry=150|rr=1.5|sl_atr=1|tp_atr=1.5|threshold=2|adx_max=none|adx_min=none|rsi2=none|trend=ema|max_bars=24,short,165331,165332,165343,2025-11-13 15:30:00+00:00,2025-11-13 15:45:00+00:00,2025-11-13 18:30:00+00:00,6813.5,6759.875,214.5,211.5,1.4486301369863013,214.5,143.0,3.0,tp,11,6,1.25,1586.25,1095.0,1608.75,2025-11-13
futures,ES,reddit_orb_fade,reddit_orb_fade|ny|range=15|entry=150|rr=1.5|sl_atr=1|tp_atr=1.5|threshold=2|adx_max=none|adx_min=none|rsi2=none|trend=all|max_bars=24,short,165513,165514,165517,2025-11-17 15:00:00+00:00,2025-11-17 15:15:00+00:00,2025-11-17 16:00:00+00:00,6755.0,6733.25,87.0,84.0,1.3770491803278688,87.0,58.0,3.0,tp,3,5,1.25,525.0,381.25,543.75,2025-11-17
futures,ES,reddit_orb_breakout,reddit_orb_breakout|ny|range=15|entry=150|rr=1.5|sl_atr=1|tp_atr=1.5|threshold=2|adx_max=none|adx_min=none|rsi2=none|trend=ema|max_bars=24,short,165517,165518,165520,2025-11-17 16:00:00+00:00,2025-11-17 16:15:00+00:00,2025-11-17 16:45:00+00:00,6723.75,6764.5,-163.0,-166.0,-1.0,244.5,163.0,3.0,sl,2,6,1.25,-1245.0,1245.0,1833.75,2025-11-17
futures,ES,reddit_orb_retest,reddit_orb_retest|ny|range=15|entry=150|rr=1.5|sl_atr=1|tp_atr=1.5|threshold=2|adx_max=none|adx_min=none|rsi2=none|trend=all|max_bars=24,long,165520,165521,165525,2025-11-17 16:45:00+00:00,2025-11-17 17:00:00+00:00,2025-11-17 18:00:00+00:00,6767.0,6726.5,-162.0,-165.0,-1.0,243.0,162.0,3.0,sl,4,2,1.25,-412.5,412.5,607.5,2025-11-17
futures,ES,reddit_orb_fade,reddit_orb_fade|ny|range=15|entry=150|rr=1.5|sl_atr=1|tp_atr=1.5|threshold=2|adx_max=none|adx_min=none|rsi2=none|trend=all|max_bars=24,long,165610,165611,165615,2025-11-18 16:15:00+00:00,2025-11-18 16:30:00+00:00,2025-11-18 17:30:00+00:00,6651.75,6616.5,-141.0,-144.0,-1.0,211.5,141.0,3.0,sl,4,5,1.25,-900.0,900.0,1321.875,2025-11-18
futures,ES,reddit_orb_fade,reddit_orb_fade|ny|range=15|entry=150|rr=1.5|sl_atr=1|tp_atr=1.5|threshold=2|adx_max=none|adx_min=none|rsi2=none|trend=all|max_bars=24,short,165700,165701,165707,2025-11-19 15:45:00+00:00,2025-11-19 16:00:00+00:00,2025-11-19 17:30:00+00:00,6664.5,6625.5,156.0,153.0,1.4299065420560748,156.0,104.0,3.0,tp,6,5,1.25,956.25,668.75,975.0,2025-11-19
futures,ES,reddit_orb_breakout,reddit_orb_breakout|ny|range=15|entry=150|rr=1.5|sl_atr=1|tp_atr=1.5|threshold=2|adx_max=none|adx_min=none|rsi2=none|trend=ema|max_bars=24,long,165788,165789,165793,2025-11-20 14:45:00+00:00,2025-11-20 15:00:00+00:00,2025-11-20 16:00:00+00:00,6784.75,6760.25,-98.0,-101.0,-1.0,147.0,98.0,3.0,sl,4,6,1.25,-757.5,757.5,1102.5,2025-11-20
futures,ES,reddit_orb_fade,reddit_orb_fade|ny|range=15|entry=150|rr=1.5|sl_atr=1|tp_atr=1.5|threshold=2|adx_max=none|adx_min=none|rsi2=none|trend=all|max_bars=24,short,165789,165790,165791,2025-11-20 15:00:00+00:00,2025-11-20 15:15:00+00:00,2025-11-20 15:30:00+00:00,6767.0,6790.0,-92.0,-95.0,-1.0,138.0,92.0,3.0,sl,1,5,1.25,-593.75,593.75,862.5,2025-11-20
futures,ES,reddit_orb_retest,reddit_orb_retest|ny|range=15|entry=150|rr=1.5|sl_atr=1|tp_atr=1.5|threshold=2|adx_max=none|adx_min=none|rsi2=none|trend=all|max_bars=24,long,165790,165791,165793,2025-11-20 15:15:00+00:00,2025-11-20 15:30:00+00:00,2025-11-20 16:00:00+00:00,6783.75,6760.25,-94.0,-97.0,-1.0,141.0,94.0,3.0,sl,2,2,1.25,-242.5,242.5,352.5,2025-11-20
futures,ES,reddit_orb_fade,reddit_orb_fade|ny|range=15|entry=150|rr=1.5|sl_atr=1|tp_atr=1.5|threshold=2|adx_max=none|adx_min=none|rsi2=none|trend=all|max_bars=24,long,165880,165881,165882,2025-11-21 14:45:00+00:00,2025-11-21 15:00:00+00:00,2025-11-21 15:15:00+00:00,6576.5,6562.5,-56.0,-59.0,-1.0,84.0,56.0,3.0,sl,1,5,1.25,-368.75,368.75,525.0,2025-11-21
futures,ES,reddit_orb_breakout,reddit_orb_breakout|ny|range=15|entry=150|rr=1.5|sl_atr=1|tp_atr=1.5|threshold=2|adx_max=none|adx_min=none|rsi2=none|trend=ema|max_bars=24,short,165881,165882,165887,2025-11-21 15:00:00+00:00,2025-11-21 15:15:00+00:00,2025-11-21 16:30:00+00:00,6568.25,6596.0,-111.0,-114.0,-1.0,166.5,111.0,3.0,sl,5,6,1.25,-855.0,855.0,1248.75,2025-11-21
futures,ES,reddit_orb_retest,reddit_orb_retest|ny|range=15|entry=150|rr=1.5|sl_atr=1|tp_atr=1.5|threshold=2|adx_max=none|adx_min=none|rsi2=none|trend=all|max_bars=24,short,165882,165883,165887,2025-11-21 15:15:00+00:00,2025-11-21 15:30:00+00:00,2025-11-21 16:30:00+00:00,6561.75,6596.0,-137.0,-140.0,-1.0,205.5,137.0,3.0,sl,4,2,1.25,-350.0,350.0,513.75,2025-11-21
futures,ES,reddit_orb_fade,reddit_orb_fade|ny|range=15|entry=150|rr=1.5|sl_atr=1|tp_atr=1.5|threshold=2|adx_max=none|adx_min=none|rsi2=none|trend=all|max_bars=24,long,165972,165973,165977,2025-11-24 14:45:00+00:00,2025-11-24 15:00:00+00:00,2025-11-24 16:00:00+00:00,6671.25,6708.0,147.0,144.0,1.4257425742574257,147.0,98.0,3.0,tp,4,5,1.25,900.0,631.25,918.75,2025-11-24
futures,ES,reddit_orb_fade,reddit_orb_fade|ny|range=15|entry=150|rr=1.5|sl_atr=1|tp_atr=1.5|threshold=2|adx_max=none|adx_min=none|rsi2=none|trend=all|max_bars=24,long,166064,166065,166087,2025-11-25 14:45:00+00:00,2025-11-25 15:00:00+00:00,2025-11-25 20:30:00+00:00,6718.75,6785.125,265.5,262.5,1.4583333333333333,265.5,177.0,3.0,tp,22,5,1.25,1640.625,1125.0,1659.375,2025-11-25
futures,ES,reddit_orb_breakout,reddit_orb_breakout|ny|range=15|entry=150|rr=1.5|sl_atr=1|tp_atr=1.5|threshold=2|adx_max=none|adx_min=none|rsi2=none|trend=ema|max_bars=24,long,166067,166068,166087,2025-11-25 15:30:00+00:00,2025-11-25 15:45:00+00:00,2025-11-25 20:30:00+00:00,6734.5,6783.25,195.0,192.0,1.443609022556391,195.0,130.0,3.0,tp,19,6,1.25,1440.0,997.5,1462.5,2025-11-25
futures,ES,reddit_orb_retest,reddit_orb_retest|ny|range=15|entry=150|rr=1.5|sl_atr=1|tp_atr=1.5|threshold=2|adx_max=none|adx_min=none|rsi2=none|trend=all|max_bars=24,long,166070,166071,166087,2025-11-25 16:15:00+00:00,2025-11-25 16:30:00+00:00,2025-11-25 20:30:00+00:00,6734.25,6782.625,193.5,190.5,1.4431818181818181,193.5,129.0,3.0,tp,16,2,1.25,476.25,330.0,483.75,2025-11-25
futures,ES,reddit_orb_fade,reddit_orb_fade|ny|range=15|entry=150|rr=1.5|sl_atr=1|tp_atr=1.5|threshold=2|adx_max=none|adx_min=none|rsi2=none|trend=all|max_bars=24,short,166156,166157,166160,2025-11-26 14:45:00+00:00,2025-11-26 15:00:00+00:00,2025-11-26 15:45:00+00:00,6802.0,6824.0,-88.0,-91.0,-1.0,132.0,88.0,3.0,sl,3,5,1.25,-568.75,568.75,825.0,2025-11-26
futures,ES,reddit_orb_breakout,reddit_orb_breakout|ny|range=15|entry=150|rr=1.5|sl_atr=1|tp_atr=1.5|threshold=2|adx_max=none|adx_min=none|rsi2=none|trend=ema|max_bars=24,long,166160,166161,166181,2025-11-26 15:45:00+00:00,2025-11-26 16:00:00+00:00,2025-11-26 21:00:00+00:00,6824.75,6830.25,22.0,19.0,0.21348314606741572,129.0,86.0,3.0,session_close,20,6,1.25,142.5,667.5,967.5,2025-11-26
futures,ES,reddit_orb_fade,reddit_orb_fade|ny|range=15|entry=150|rr=1.5|sl_atr=1|tp_atr=1.5|threshold=2|adx_max=none|adx_min=none|rsi2=none|trend=all|max_bars=24,long,166248,166249,166251,2025-11-27 14:45:00+00:00,2025-11-27 15:00:00+00:00,2025-11-27 15:30:00+00:00,6827.5,6825.75,-7.0,-10.0,-1.0,10.5,7.0,3.0,sl,2,5,1.25,-62.5,62.5,65.625,2025-11-27
futures,NQ,reddit_orb_fade,reddit_orb_fade|ny|range=15|entry=150|rr=1.5|sl_atr=1|tp_atr=1.5|threshold=2|adx_max=none|adx_min=none|rsi2=none|trend=all|max_bars=24,long,166225,166226,166233,2025-11-27 16:00:00+00:00,2025-11-27 16:15:00+00:00,2025-11-27 23:00:00+00:00,25296.5,25316.75,81.0,78.0,1.6956521739130435,64.5,43.0,3.0,session_close,7,6,0.5,234.0,138.0,193.5,2025-11-27
futures,ES,reddit_orb_fade,reddit_orb_fade|ny|range=15|entry=150|rr=1.5|sl_atr=1|tp_atr=1.5|threshold=2|adx_max=none|adx_min=none|rsi2=none|trend=all|max_bars=24,short,166283,166284,166285,2025-11-28 15:15:00+00:00,2025-11-28 15:30:00+00:00,2025-11-28 15:45:00+00:00,6843.25,6850.0,-27.0,-30.0,-1.0,40.5,27.0,3.0,sl,1,5,1.25,-187.5,187.5,253.125,2025-11-28
futures,ES,reddit_orb_breakout,reddit_orb_breakout|ny|range=15|entry=150|rr=1.5|sl_atr=1|tp_atr=1.5|threshold=2|adx_max=none|adx_min=none|rsi2=none|trend=ema|max_bars=24,long,166284,166285,166295,2025-11-28 15:30:00+00:00,2025-11-28 15:45:00+00:00,2025-11-30 23:00:00+00:00,6848.0,6858.75,43.0,40.0,0.5714285714285714,100.5,67.0,3.0,session_close,10,6,1.25,300.0,525.0,753.75,2025-11-28
futures,ES,reddit_orb_retest,reddit_orb_retest|ny|range=15|entry=150|rr=1.5|sl_atr=1|tp_atr=1.5|threshold=2|adx_max=none|adx_min=none|rsi2=none|trend=all|max_bars=24,long,166287,166288,166295,2025-11-28 16:15:00+00:00,2025-11-28 16:30:00+00:00,2025-11-30 23:00:00+00:00,6848.25,6858.75,42.0,39.0,0.5492957746478874,102.0,68.0,3.0,session_close,7,2,1.25,97.5,177.5,255.0,2025-11-28
futures,ES,reddit_orb_breakout,reddit_orb_breakout|ny|range=15|entry=150|rr=1.5|sl_atr=1|tp_atr=1.5|threshold=2|adx_max=none|adx_min=none|rsi2=none|trend=ema|max_bars=24,long,166358,166359,166383,2025-12-01 14:45:00+00:00,2025-12-01 15:00:00+00:00,2025-12-01 21:00:00+00:00,6840.25,6825.75,-58.0,-61.0,-0.5398230088495575,165.0,110.0,3.0,session_close,24,6,1.25,-457.5,847.5,1237.5,2025-12-01
futures,ES,reddit_orb_fade,reddit_orb_fade|ny|range=15|entry=150|rr=1.5|sl_atr=1|tp_atr=1.5|threshold=2|adx_max=none|adx_min=none|rsi2=none|trend=all|max_bars=24,short,166360,166361,166362,2025-12-01 15:15:00+00:00,2025-12-01 15:30:00+00:00,2025-12-01 15:45:00+00:00,6823.75,6836.0,-49.0,-52.0,-1.0,73.5,49.0,3.0,sl,1,5,1.25,-325.0,325.0,459.375,2025-12-01
futures,ES,reddit_orb_retest,reddit_orb_retest|ny|range=15|entry=150|rr=1.5|sl_atr=1|tp_atr=1.5|threshold=2|adx_max=none|adx_min=none|rsi2=none|trend=all|max_bars=24,long,166362,166363,166383,2025-12-01 15:45:00+00:00,2025-12-01 16:00:00+00:00,2025-12-01 21:00:00+00:00,6842.25,6825.75,-66.0,-69.0,-0.5702479338842975,177.0,118.0,3.0,session_close,20,2,1.25,-172.5,302.5,442.5,2025-12-01
futures,ES,reddit_orb_fade,reddit_orb_fade|ny|range=15|entry=150|rr=1.5|sl_atr=1|tp_atr=1.5|threshold=2|adx_max=none|adx_min=none|rsi2=none|trend=all|max_bars=24,long,166450,166451,166452,2025-12-02 14:45:00+00:00,2025-12-02 15:00:00+00:00,2025-12-02 15:15:00+00:00,6848.25,6839.75,-34.0,-37.0,-1.0,51.0,34.0,3.0,sl,1,5,1.25,-231.25,231.25,318.75,2025-12-02
futures,ES,reddit_orb_breakout,reddit_orb_breakout|ny|range=15|entry=150|rr=1.5|sl_atr=1|tp_atr=1.5|threshold=2|adx_max=none|adx_min=none|rsi2=none|trend=ema|max_bars=24,long,166454,166455,166455,2025-12-02 15:45:00+00:00,2025-12-02 16:00:00+00:00,2025-12-02 16:00:00+00:00,6860.25,6841.25,-76.0,-79.0,-1.0,114.0,76.0,3.0,sl,1,6,1.25,-592.5,592.5,855.0,2025-12-02
futures,ES,reddit_orb_retest,reddit_orb_retest|ny|range=15|entry=150|rr=1.5|sl_atr=1|tp_atr=1.5|threshold=2|adx_max=none|adx_min=none|rsi2=none|trend=all|max_bars=24,short,166455,166456,166475,2025-12-02 16:00:00+00:00,2025-12-02 16:15:00+00:00,2025-12-02 21:00:00+00:00,6840.5,6840.0,2.0,-1.0,-0.010526315789473684,138.0,92.0,3.0,session_close,19,2,1.25,-2.5,237.5,345.0,2025-12-02
futures,ES,reddit_orb_fade,reddit_orb_fade|ny|range=15|entry=150|rr=1.5|sl_atr=1|tp_atr=1.5|threshold=2|adx_max=none|adx_min=none|rsi2=none|trend=all|max_bars=24,long,166542,166543,166545,2025-12-03 14:45:00+00:00,2025-12-03 15:00:00+00:00,2025-12-03 15:30:00+00:00,6832.75,6851.5,75.0,72.0,1.3584905660377358,75.0,50.0,3.0,tp,2,5,1.25,450.0,331.25,468.75,2025-12-03
futures,NQ,reddit_orb_fade,reddit_orb_fade|ny|range=15|entry=150|rr=1.5|sl_atr=1|tp_atr=1.5|threshold=2|adx_max=none|adx_min=none|rsi2=none|trend=all|max_bars=24,long,166514,166515,166517,2025-12-03 14:45:00+00:00,2025-12-03 15:00:00+00:00,2025-12-03 15:30:00+00:00,25497.5,25598.75,405.0,402.0,1.4725274725274726,405.0,270.0,3.0,tp,2,6,0.5,1206.0,819.0,1215.0,2025-12-03
futures,ES,reddit_orb_breakout,reddit_orb_breakout|ny|range=15|entry=150|rr=1.5|sl_atr=1|tp_atr=1.5|threshold=2|adx_max=none|adx_min=none|rsi2=none|trend=ema|max_bars=24,long,166544,166545,166557,2025-12-03 15:15:00+00:00,2025-12-03 15:30:00+00:00,2025-12-03 18:30:00+00:00,6840.25,6866.5,105.0,102.0,1.3972602739726028,105.0,70.0,3.0,tp,12,6,1.25,765.0,547.5,787.5,2025-12-03
futures,ES,reddit_orb_retest,reddit_orb_retest|ny|range=15|entry=150|rr=1.5|sl_atr=1|tp_atr=1.5|threshold=2|adx_max=none|adx_min=none|rsi2=none|trend=all|max_bars=24,long,166545,166546,166567,2025-12-03 15:30:00+00:00,2025-12-03 15:45:00+00:00,2025-12-03 21:00:00+00:00,6850.25,6864.25,56.0,53.0,0.4690265486725664,165.0,110.0,3.0,session_close,21,2,1.25,132.5,282.5,412.5,2025-12-03
futures,ES,reddit_orb_retest,reddit_orb_retest|ny|range=15|entry=150|rr=1.5|sl_atr=1|tp_atr=1.5|threshold=2|adx_max=none|adx_min=none|rsi2=none|trend=all|max_bars=24,short,166636,166637,166659,2025-12-04 15:15:00+00:00,2025-12-04 15:30:00+00:00,2025-12-04 21:00:00+00:00,6859.0,6865.75,-27.0,-30.0,-0.40540540540540543,106.5,71.0,3.0,session_close,22,2,1.25,-75.0,185.0,266.25,2025-12-04
futures,ES,reddit_orb_fade,reddit_orb_fade|ny|range=15|entry=150|rr=1.5|sl_atr=1|tp_atr=1.5|threshold=2|adx_max=none|adx_min=none|rsi2=none|trend=all|max_bars=24,long,166637,166638,166638,2025-12-04 15:30:00+00:00,2025-12-04 15:45:00+00:00,2025-12-04 15:45:00+00:00,6865.5,6856.75,-35.0,-38.0,-1.0,52.5,35.0,3.0,sl,1,5,1.25,-237.5,237.5,328.125,2025-12-04
futures,ES,reddit_orb_breakout,reddit_orb_breakout|ny|range=15|entry=150|rr=1.5|sl_atr=1|tp_atr=1.5|threshold=2|adx_max=none|adx_min=none|rsi2=none|trend=ema|max_bars=24,long,166726,166727,166733,2025-12-05 14:45:00+00:00,2025-12-05 15:00:00+00:00,2025-12-05 16:30:00+00:00,6889.75,6874.0,-63.0,-66.0,-1.0,94.5,63.0,3.0,sl,6,6,1.25,-495.0,495.0,708.75,2025-12-05
futures,ES,reddit_orb_retest,reddit_orb_retest|ny|range=15|entry=150|rr=1.5|sl_atr=1|tp_atr=1.5|threshold=2|adx_max=none|adx_min=none|rsi2=none|trend=all|max_bars=24,long,166730,166731,166733,2025-12-05 15:45:00+00:00,2025-12-05 16:00:00+00:00,2025-12-05 16:30:00+00:00,6887.5,6874.0,-54.0,-57.0,-1.0,81.0,54.0,3.0,sl,2,2,1.25,-142.5,142.5,202.5,2025-12-05
futures,NQ,reddit_orb_fade,reddit_orb_fade|ny|range=15|entry=150|rr=1.5|sl_atr=1|tp_atr=1.5|threshold=2|adx_max=none|adx_min=none|rsi2=none|trend=all|max_bars=24,short,166702,166703,166723,2025-12-05 15:45:00+00:00,2025-12-05 16:00:00+00:00,2025-12-05 21:00:00+00:00,25743.0,25733.5,38.0,35.0,0.09695290858725762,537.0,358.0,3.0,session_close,20,6,0.5,105.0,1083.0,1611.0,2025-12-05
futures,ES,reddit_orb_fade,reddit_orb_fade|ny|range=15|entry=150|rr=1.5|sl_atr=1|tp_atr=1.5|threshold=2|adx_max=none|adx_min=none|rsi2=none|trend=all|max_bars=24,short,166731,166732,166751,2025-12-05 16:00:00+00:00,2025-12-05 16:15:00+00:00,2025-12-05 21:00:00+00:00,6881.75,6880.25,6.0,3.0,0.06666666666666667,63.0,42.0,3.0,session_close,19,5,1.25,18.75,281.25,393.75,2025-12-05
futures,ES,reddit_orb_fade,reddit_orb_fade|ny|range=15|entry=150|rr=1.5|sl_atr=1|tp_atr=1.5|threshold=2|adx_max=none|adx_min=none|rsi2=none|trend=all|max_bars=24,long,166818,166819,166819,2025-12-08 14:45:00+00:00,2025-12-08 15:00:00+00:00,2025-12-08 15:00:00+00:00,6873.75,6869.25,-18.0,-21.0,-1.0,27.0,18.0,3.0,sl,1,5,1.25,-131.25,131.25,168.75,2025-12-08
futures,ES,reddit_orb_retest,reddit_orb_retest|ny|range=15|entry=150|rr=1.5|sl_atr=1|tp_atr=1.5|threshold=2|adx_max=none|adx_min=none|rsi2=none|trend=all|max_bars=24,long,166911,166912,166934,2025-12-09 15:00:00+00:00,2025-12-09 15:15:00+00:00,2025-12-09 20:45:00+00:00,6861.0,6847.25,-55.0,-58.0,-1.0,82.5,55.0,3.0,sl,22,2,1.25,-145.0,145.0,206.25,2025-12-09
futures,NQ,reddit_orb_fade,reddit_orb_fade|ny|range=15|entry=150|rr=1.5|sl_atr=1|tp_atr=1.5|threshold=2|adx_max=none|adx_min=none|rsi2=none|trend=all|max_bars=24,short,166883,166884,166885,2025-12-09 15:00:00+00:00,2025-12-09 15:15:00+00:00,2025-12-09 15:30:00+00:00,25636.5,25670.0,-134.0,-137.0,-1.0,201.0,134.0,3.0,sl,1,6,0.5,-411.0,411.0,603.0,2025-12-09
futures,NQ,reddit_orb_fade,reddit_orb_fade|ny|range=15|entry=150|rr=1.5|sl_atr=1|tp_atr=1.5|threshold=2|adx_max=none|adx_min=none|rsi2=none|trend=all|max_bars=24,short,166974,166975,166977,2025-12-10 14:45:00+00:00,2025-12-10 15:00:00+00:00,2025-12-10 15:30:00+00:00,25630.5,25567.875,250.5,247.5,1.4558823529411764,250.5,167.0,3.0,tp,2,6,0.5,742.5,510.0,751.5,2025-12-10
futures,ES,reddit_orb_fade,reddit_orb_fade|ny|range=15|entry=150|rr=1.5|sl_atr=1|tp_atr=1.5|threshold=2|adx_max=none|adx_min=none|rsi2=none|trend=all|max_bars=24,short,167003,167004,167004,2025-12-10 15:00:00+00:00,2025-12-10 15:15:00+00:00,2025-12-10 15:15:00+00:00,6848.0,6852.0,-16.0,-19.0,-1.0,24.0,16.0,3.0,sl,1,5,1.25,-118.75,118.75,150.0,2025-12-10
futures,ES,reddit_orb_retest,reddit_orb_retest|ny|range=15|entry=150|rr=1.5|sl_atr=1|tp_atr=1.5|threshold=2|adx_max=none|adx_min=none|rsi2=none|trend=all|max_bars=24,long,167007,167008,167021,2025-12-10 16:00:00+00:00,2025-12-10 16:15:00+00:00,2025-12-10 19:30:00+00:00,6849.0,6876.375,109.5,106.5,1.4013157894736843,109.5,73.0,3.0,tp,13,2,1.25,266.25,190.0,273.75,2025-12-10
futures,ES,reddit_orb_breakout,reddit_orb_breakout|ny|range=15|entry=150|rr=1.5|sl_atr=1|tp_atr=1.5|threshold=2|adx_max=none|adx_min=none|rsi2=none|trend=ema|max_bars=24,short,167094,167095,167096,2025-12-11 14:45:00+00:00,2025-12-11 15:00:00+00:00,2025-12-11 15:15:00+00:00,6843.0,6875.25,-129.0,-132.0,-1.0,193.5,129.0,3.0,sl,1,6,1.25,-990.0,990.0,1451.25,2025-12-11
futures,ES,reddit_orb_fade,reddit_orb_fade|ny|range=15|entry=150|rr=1.5|sl_atr=1|tp_atr=1.5|threshold=2|adx_max=none|adx_min=none|rsi2=none|trend=all|max_bars=24,long,167095,167096,167119,2025-12-11 15:00:00+00:00,2025-12-11 15:15:00+00:00,2025-12-11 21:00:00+00:00,6866.75,6912.75,184.0,181.0,1.5338983050847457,172.5,115.0,3.0,session_close,23,5,1.25,1131.25,737.5,1078.125,2025-12-11
futures,NQ,reddit_orb_fade,reddit_orb_fade|ny|range=15|entry=150|rr=1.5|sl_atr=1|tp_atr=1.5|threshold=2|adx_max=none|adx_min=none|rsi2=none|trend=all|max_bars=24,long,167068,167069,167069,2025-12-11 15:15:00+00:00,2025-12-11 15:30:00+00:00,2025-12-11 15:30:00+00:00,25599.5,25533.5,-264.0,-267.0,-1.0,396.0,264.0,3.0,sl,1,6,0.5,-801.0,801.0,1188.0,2025-12-11
futures,NQ,reddit_orb_fade,reddit_orb_fade|ny|range=15|entry=150|rr=1.5|sl_atr=1|tp_atr=1.5|threshold=2|adx_max=none|adx_min=none|rsi2=none|trend=all|max_bars=24,long,167158,167159,167159,2025-12-12 14:45:00+00:00,2025-12-12 15:00:00+00:00,2025-12-12 15:00:00+00:00,25558.25,25501.5,-227.0,-230.0,-1.0,340.5,227.0,3.0,sl,1,6,0.5,-690.0,690.0,1021.5,2025-12-12
futures,ES,reddit_orb_fade,reddit_orb_fade|ny|range=15|entry=150|rr=1.5|sl_atr=1|tp_atr=1.5|threshold=2|adx_max=none|adx_min=none|rsi2=none|trend=all|max_bars=24,long,167370,167371,167372,2025-12-16 14:45:00+00:00,2025-12-16 15:00:00+00:00,2025-12-16 15:15:00+00:00,6821.0,6789.75,-125.0,-128.0,-1.0,187.5,125.0,3.0,sl,1,5,1.25,-800.0,800.0,1171.875,2025-12-16
futures,ES,reddit_orb_breakout,reddit_orb_breakout|ny|range=15|entry=150|rr=1.5|sl_atr=1|tp_atr=1.5|threshold=2|adx_max=none|adx_min=none|rsi2=none|trend=ema|max_bars=24,short,167372,167373,167395,2025-12-16 15:15:00+00:00,2025-12-16 15:30:00+00:00,2025-12-16 21:00:00+00:00,6789.75,6798.25,-34.0,-37.0,-0.31896551724137934,169.5,113.0,3.0,session_close,22,6,1.25,-277.5,870.0,1271.25,2025-12-16
futures,ES,reddit_orb_fade,reddit_orb_fade|ny|range=15|entry=150|rr=1.5|sl_atr=1|tp_atr=1.5|threshold=2|adx_max=none|adx_min=none|rsi2=none|trend=all|max_bars=24,long,167462,167463,167465,2025-12-17 14:45:00+00:00,2025-12-17 15:00:00+00:00,2025-12-17 15:30:00+00:00,6857.75,6841.5,-65.0,-68.0,-1.0,97.5,65.0,3.0,sl,2,5,1.25,-425.0,425.0,609.375,2025-12-17
futures,ES,reddit_orb_fade,reddit_orb_fade|ny|range=15|entry=150|rr=1.5|sl_atr=1|tp_atr=1.5|threshold=2|adx_max=none|adx_min=none|rsi2=none|trend=all|max_bars=24,long,167554,167555,167564,2025-12-18 14:45:00+00:00,2025-12-18 15:00:00+00:00,2025-12-18 17:15:00+00:00,6844.5,6820.5,-96.0,-99.0,-1.0,144.0,96.0,3.0,sl,9,5,1.25,-618.75,618.75,900.0,2025-12-18
futures,ES,reddit_orb_breakout,reddit_orb_breakout|ny|range=15|entry=150|rr=1.5|sl_atr=1|tp_atr=1.5|threshold=2|adx_max=none|adx_min=none|rsi2=none|trend=ema|max_bars=24,long,167560,167561,167563,2025-12-18 16:15:00+00:00,2025-12-18 16:30:00+00:00,2025-12-18 17:00:00+00:00,6862.0,6824.5,-150.0,-153.0,-1.0,225.0,150.0,3.0,sl,2,6,1.25,-1147.5,1147.5,1687.5,2025-12-18
futures,ES,reddit_orb_breakout,reddit_orb_breakout|ny|range=15|entry=150|rr=1.5|sl_atr=1|tp_atr=1.5|threshold=2|adx_max=none|adx_min=none|rsi2=none|trend=ema|max_bars=24,long,167646,167647,167671,2025-12-19 14:45:00+00:00,2025-12-19 15:00:00+00:00,2025-12-19 21:00:00+00:00,6880.25,6889.5,37.0,34.0,0.24113475177304963,207.0,138.0,3.0,session_close,24,6,1.25,255.0,1057.5,1552.5,2025-12-19
futures,ES,reddit_orb_retest,reddit_orb_retest|ny|range=15|entry=150|rr=1.5|sl_atr=1|tp_atr=1.5|threshold=2|adx_max=none|adx_min=none|rsi2=none|trend=all|max_bars=24,long,167647,167648,167671,2025-12-19 15:00:00+00:00,2025-12-19 15:15:00+00:00,2025-12-19 21:00:00+00:00,6878.75,6889.5,43.0,40.0,0.2962962962962963,198.0,132.0,3.0,session_close,23,2,1.25,100.0,337.5,495.0,2025-12-19
futures,ES,reddit_orb_fade,reddit_orb_fade|ny|range=15|entry=150|rr=1.5|sl_atr=1|tp_atr=1.5|threshold=2|adx_max=none|adx_min=none|rsi2=none|trend=all|max_bars=24,short,167648,167649,167649,2025-12-19 15:15:00+00:00,2025-12-19 15:30:00+00:00,2025-12-19 15:30:00+00:00,6874.5,6882.5,-32.0,-35.0,-1.0,48.0,32.0,3.0,sl,1,5,1.25,-218.75,218.75,300.0,2025-12-19
futures,NQ,reddit_orb_breakout,reddit_orb_breakout|ny|range=15|entry=150|rr=1|sl_atr=1|tp_atr=1.5|threshold=2|adx_max=none|adx_min=none|rsi2=none|trend=ema|max_bars=24,long,167895,167896,167901,2025-12-24 15:00:00+00:00,2025-12-24 15:15:00+00:00,2025-12-24 16:30:00+00:00,25828.0,25872.0,176.0,173.0,0.9664804469273743,176.0,176.0,3.0,tp,5,12,0.5,1038.0,1074.0,1056.0,2025-12-24
futures,NQ,reddit_orb_fade,reddit_orb_fade|ny|range=15|entry=150|rr=1.5|sl_atr=1|tp_atr=1.5|threshold=2|adx_max=none|adx_min=none|rsi2=none|trend=all|max_bars=24,short,167896,167897,167899,2025-12-24 15:15:00+00:00,2025-12-24 15:30:00+00:00,2025-12-24 16:00:00+00:00,25816.0,25840.75,-99.0,-102.0,-1.0,148.5,99.0,3.0,sl,2,6,0.5,-306.0,306.0,445.5,2025-12-24
futures,NQ,reddit_orb_retest,reddit_orb_retest|ny|range=15|entry=150|rr=1.5|sl_atr=1|tp_atr=1.5|threshold=2|adx_max=none|adx_min=none|rsi2=none|trend=all|max_bars=24,long,167898,167899,167908,2025-12-24 15:45:00+00:00,2025-12-24 16:00:00+00:00,2025-12-25 23:00:00+00:00,25829.0,25892.0,252.0,249.0,1.360655737704918,270.0,180.0,3.0,session_close,9,8,0.5,996.0,732.0,1080.0,2025-12-24
futures,ES,reddit_orb_breakout,reddit_orb_breakout|ny|range=15|entry=150|rr=1.5|sl_atr=1|tp_atr=1.5|threshold=2|adx_max=none|adx_min=none|rsi2=none|trend=ema|max_bars=24,short,168092,168093,168116,2025-12-29 15:00:00+00:00,2025-12-29 15:15:00+00:00,2025-12-29 21:00:00+00:00,6946.25,6954.5,-33.0,-36.0,-0.4044943820224719,129.0,86.0,3.0,session_close,23,6,1.25,-270.0,667.5,967.5,2025-12-29
futures,ES,reddit_orb_fade,reddit_orb_fade|ny|range=15|entry=150|rr=1.5|sl_atr=1|tp_atr=1.5|threshold=2|adx_max=none|adx_min=none|rsi2=none|trend=all|max_bars=24,long,168093,168094,168095,2025-12-29 15:15:00+00:00,2025-12-29 15:30:00+00:00,2025-12-29 15:45:00+00:00,6955.0,6946.25,-35.0,-38.0,-1.0,52.5,35.0,3.0,sl,1,5,1.25,-237.5,237.5,328.125,2025-12-29
futures,ES,reddit_orb_retest,reddit_orb_retest|ny|range=15|entry=150|rr=1.5|sl_atr=1|tp_atr=1.5|threshold=2|adx_max=none|adx_min=none|rsi2=none|trend=all|max_bars=24,short,168097,168098,168116,2025-12-29 16:15:00+00:00,2025-12-29 16:30:00+00:00,2025-12-29 21:00:00+00:00,6947.0,6954.5,-30.0,-33.0,-0.38372093023255816,124.5,83.0,3.0,session_close,18,2,1.25,-82.5,215.0,311.25,2025-12-29
futures,ES,reddit_orb_fade,reddit_orb_fade|ny|range=15|entry=150|rr=1.5|sl_atr=1|tp_atr=1.5|threshold=2|adx_max=none|adx_min=none|rsi2=none|trend=all|max_bars=24,long,168183,168184,168184,2025-12-30 14:45:00+00:00,2025-12-30 15:00:00+00:00,2025-12-30 15:00:00+00:00,6956.25,6944.0,-49.0,-52.0,-1.0,73.5,49.0,3.0,sl,1,5,1.25,-325.0,325.0,459.375,2025-12-30
futures,NQ,reddit_orb_fade,reddit_orb_fade|ny|range=15|entry=150|rr=1.5|sl_atr=1|tp_atr=1.5|threshold=2|adx_max=none|adx_min=none|rsi2=none|trend=all|max_bars=24,long,168155,168156,168179,2025-12-30 14:45:00+00:00,2025-12-30 15:00:00+00:00,2025-12-30 20:45:00+00:00,25756.0,25674.25,-327.0,-330.0,-1.0,490.5,327.0,3.0,sl,23,6,0.5,-990.0,990.0,1471.5,2025-12-30
futures,ES,reddit_orb_breakout,reddit_orb_breakout|ny|range=15|entry=150|rr=1.5|sl_atr=1|tp_atr=1.5|threshold=2|adx_max=none|adx_min=none|rsi2=none|trend=ema|max_bars=24,short,168184,168185,168188,2025-12-30 15:00:00+00:00,2025-12-30 15:15:00+00:00,2025-12-30 16:00:00+00:00,6944.25,6954.0,-39.0,-42.0,-1.0,58.5,39.0,3.0,sl,3,6,1.25,-315.0,315.0,438.75,2025-12-30
futures,NQ,reddit_orb_retest,reddit_orb_retest|ny|range=15|entry=150|rr=1.5|sl_atr=1|tp_atr=1.5|threshold=2|adx_max=none|adx_min=none|rsi2=none|trend=all|max_bars=24,long,168159,168160,168179,2025-12-30 15:45:00+00:00,2025-12-30 16:00:00+00:00,2025-12-30 20:45:00+00:00,25744.5,25681.75,-251.0,-254.0,-1.0,376.5,251.0,3.0,sl,19,8,0.5,-1016.0,1016.0,1506.0,2025-12-30
futures,ES,reddit_orb_retest,reddit_orb_retest|ny|range=15|entry=150|rr=1.5|sl_atr=1|tp_atr=1.5|threshold=2|adx_max=none|adx_min=none|rsi2=none|trend=all|max_bars=24,long,168189,168190,168192,2025-12-30 16:15:00+00:00,2025-12-30 16:30:00+00:00,2025-12-30 17:00:00+00:00,6958.5,6946.25,-49.0,-52.0,-1.0,73.5,49.0,3.0,sl,2,2,1.25,-130.0,130.0,183.75,2025-12-30
futures,ES,reddit_orb_fade,reddit_orb_fade|ny|range=15|entry=150|rr=1.5|sl_atr=1|tp_atr=1.5|threshold=2|adx_max=none|adx_min=none|rsi2=none|trend=all|max_bars=24,short,168459,168460,168460,2026-01-05 14:45:00+00:00,2026-01-05 15:00:00+00:00,2026-01-05 15:00:00+00:00,6939.75,6947.75,-32.0,-35.0,-1.0,48.0,32.0,3.0,sl,1,5,1.25,-218.75,218.75,300.0,2026-01-05
futures,ES,reddit_orb_breakout,reddit_orb_breakout|ny|range=15|entry=150|rr=1.5|sl_atr=1|tp_atr=1.5|threshold=2|adx_max=none|adx_min=none|rsi2=none|trend=ema|max_bars=24,long,168461,168462,168484,2026-01-05 15:15:00+00:00,2026-01-05 15:30:00+00:00,2026-01-05 21:00:00+00:00,6954.25,6944.5,-39.0,-42.0,-0.47191011235955055,129.0,86.0,3.0,session_close,22,6,1.25,-315.0,667.5,967.5,2026-01-05
futures,ES,reddit_orb_breakout,reddit_orb_breakout|ny|range=15|entry=150|rr=1.5|sl_atr=1|tp_atr=1.5|threshold=2|adx_max=none|adx_min=none|rsi2=none|trend=ema|max_bars=24,long,168551,168552,168576,2026-01-06 14:45:00+00:00,2026-01-06 15:00:00+00:00,2026-01-06 21:00:00+00:00,6969.25,6987.0,71.0,68.0,0.6938775510204082,142.5,95.0,3.0,session_close,24,6,1.25,510.0,735.0,1068.75,2026-01-06
futures,ES,reddit_orb_retest,reddit_orb_retest|ny|range=15|entry=150|rr=1.5|sl_atr=1|tp_atr=1.5|threshold=2|adx_max=none|adx_min=none|rsi2=none|trend=all|max_bars=24,long,168556,168557,168561,2026-01-06 16:00:00+00:00,2026-01-06 16:15:00+00:00,2026-01-06 17:15:00+00:00,6956.0,6971.75,63.0,60.0,1.3333333333333333,63.0,42.0,3.0,tp,4,2,1.25,150.0,112.5,157.5,2026-01-06
futures,NQ,reddit_orb_fade,reddit_orb_fade|ny|range=15|entry=150|rr=1.5|sl_atr=1|tp_atr=1.5|threshold=2|adx_max=none|adx_min=none|rsi2=none|trend=all|max_bars=24,short,168528,168529,168529,2026-01-06 16:00:00+00:00,2026-01-06 16:15:00+00:00,2026-01-06 16:15:00+00:00,25670.5,25687.75,-69.0,-72.0,-1.0,103.5,69.0,3.0,sl,1,6,0.5,-216.0,216.0,310.5,2026-01-06
futures,ES,reddit_orb_fade,reddit_orb_fade|ny|range=15|entry=150|rr=1.5|sl_atr=1|tp_atr=1.5|threshold=2|adx_max=none|adx_min=none|rsi2=none|trend=all|max_bars=24,short,168643,168644,168644,2026-01-07 14:45:00+00:00,2026-01-07 15:00:00+00:00,2026-01-07 15:00:00+00:00,6993.0,6985.125,31.5,28.5,1.1875,31.5,21.0,3.0,tp,1,5,1.25,178.125,150.0,196.875,2026-01-07
futures,ES,reddit_orb_retest,reddit_orb_retest|ny|range=15|entry=150|rr=1.5|sl_atr=1|tp_atr=1.5|threshold=2|adx_max=none|adx_min=none|rsi2=none|trend=all|max_bars=24,short,168645,168646,168648,2026-01-07 15:15:00+00:00,2026-01-07 15:30:00+00:00,2026-01-07 16:00:00+00:00,6983.75,6995.25,-46.0,-49.0,-1.0,69.0,46.0,3.0,sl,2,2,1.25,-122.5,122.5,172.5,2026-01-07
futures,ES,reddit_orb_breakout,reddit_orb_breakout|ny|range=15|entry=150|rr=1.5|sl_atr=1|tp_atr=1.5|threshold=2|adx_max=none|adx_min=none|rsi2=none|trend=ema|max_bars=24,long,168650,168651,168660,2026-01-07 16:30:00+00:00,2026-01-07 16:45:00+00:00,2026-01-07 19:00:00+00:00,6999.0,6984.25,-59.0,-62.0,-1.0,88.5,59.0,3.0,sl,9,6,1.25,-465.0,465.0,663.75,2026-01-07
futures,ES,reddit_orb_fade,reddit_orb_fade|ny|range=15|entry=150|rr=1.5|sl_atr=1|tp_atr=1.5|threshold=2|adx_max=none|adx_min=none|rsi2=none|trend=all|max_bars=24,long,168735,168736,168736,2026-01-08 14:45:00+00:00,2026-01-08 15:00:00+00:00,2026-01-08 15:00:00+00:00,6948.25,6960.625,49.5,46.5,1.2916666666666667,49.5,33.0,3.0,tp,1,5,1.25,290.625,225.0,309.375,2026-01-08
futures,ES,reddit_orb_retest,reddit_orb_retest|ny|range=15|entry=150|rr=1.5|sl_atr=1|tp_atr=1.5|threshold=2|adx_max=none|adx_min=none|rsi2=none|trend=all|max_bars=24,long,168738,168739,168760,2026-01-08 15:30:00+00:00,2026-01-08 15:45:00+00:00,2026-01-08 21:00:00+00:00,6962.75,6964.25,6.0,3.0,0.033707865168539325,129.0,86.0,3.0,session_close,21,2,1.25,7.5,222.5,322.5,2026-01-08
futures,ES,reddit_orb_fade,reddit_orb_fade|ny|range=15|entry=150|rr=1.5|sl_atr=1|tp_atr=1.5|threshold=2|adx_max=none|adx_min=none|rsi2=none|trend=all|max_bars=24,long,168828,168829,168838,2026-01-09 15:00:00+00:00,2026-01-09 15:15:00+00:00,2026-01-09 17:30:00+00:00,6977.25,7009.5,129.0,126.0,1.4157303370786516,129.0,86.0,3.0,tp,9,5,1.25,787.5,556.25,806.25,2026-01-09
futures,ES,reddit_orb_breakout,reddit_orb_breakout|ny|range=15|entry=150|rr=1.5|sl_atr=1|tp_atr=1.5|threshold=2|adx_max=none|adx_min=none|rsi2=none|trend=ema|max_bars=24,long,168829,168830,168852,2026-01-09 15:15:00+00:00,2026-01-09 15:30:00+00:00,2026-01-09 21:00:00+00:00,6996.25,7004.0,31.0,28.0,0.24778761061946902,165.0,110.0,3.0,session_close,22,6,1.25,210.0,847.5,1237.5,2026-01-09
futures,ES,reddit_orb_retest,reddit_orb_retest|ny|range=15|entry=150|rr=1.5|sl_atr=1|tp_atr=1.5|threshold=2|adx_max=none|adx_min=none|rsi2=none|trend=all|max_bars=24,long,168832,168833,168852,2026-01-09 16:00:00+00:00,2026-01-09 16:15:00+00:00,2026-01-09 21:00:00+00:00,6999.5,7004.0,18.0,15.0,0.11904761904761904,184.5,123.0,3.0,session_close,19,2,1.25,37.5,315.0,461.25,2026-01-09
futures,NQ,reddit_orb_fade,reddit_orb_fade|ny|range=15|entry=150|rr=1.5|sl_atr=1|tp_atr=1.5|threshold=2|adx_max=none|adx_min=none|rsi2=none|trend=all|max_bars=24,long,168990,168991,168995,2026-01-13 16:30:00+00:00,2026-01-13 16:45:00+00:00,2026-01-13 17:45:00+00:00,25972.5,25893.75,-315.0,-318.0,-1.0,472.5,315.0,3.0,sl,4,6,0.5,-954.0,954.0,1417.5,2026-01-13
futures,ES,reddit_orb_fade,reddit_orb_fade|ny|range=15|entry=150|rr=1.5|sl_atr=1|tp_atr=1.5|threshold=2|adx_max=none|adx_min=none|rsi2=none|trend=all|max_bars=24,long,169019,169020,169021,2026-01-13 16:45:00+00:00,2026-01-13 17:00:00+00:00,2026-01-13 17:15:00+00:00,7012.5,7006.25,-25.0,-28.0,-1.0,37.5,25.0,3.0,sl,1,5,1.25,-175.0,175.0,234.375,2026-01-13
futures,ES,reddit_orb_breakout,reddit_orb_breakout|ny|range=15|entry=150|rr=1.5|sl_atr=1|tp_atr=1.5|threshold=2|adx_max=none|adx_min=none|rsi2=none|trend=ema|max_bars=24,short,169103,169104,169128,2026-01-14 14:45:00+00:00,2026-01-14 15:00:00+00:00,2026-01-14 21:00:00+00:00,6949.25,6964.5,-61.0,-64.0,-0.512,183.0,122.0,3.0,session_close,24,6,1.25,-480.0,937.5,1372.5,2026-01-14
futures,ES,reddit_orb_fade,reddit_orb_fade|ny|range=15|entry=150|rr=1.5|sl_atr=1|tp_atr=1.5|threshold=2|adx_max=none|adx_min=none|rsi2=none|trend=all|max_bars=24,long,169104,169105,169107,2026-01-14 15:00:00+00:00,2026-01-14 15:15:00+00:00,2026-01-14 15:45:00+00:00,6968.0,6938.25,-119.0,-122.0,-1.0,178.5,119.0,3.0,sl,2,5,1.25,-762.5,762.5,1115.625,2026-01-14
futures,ES,reddit_orb_retest,reddit_orb_retest|ny|range=15|entry=150|rr=1.5|sl_atr=1|tp_atr=1.5|threshold=2|adx_max=none|adx_min=none|rsi2=none|trend=all|max_bars=24,short,169105,169106,169128,2026-01-14 15:15:00+00:00,2026-01-14 15:30:00+00:00,2026-01-14 21:00:00+00:00,6949.5,6964.5,-60.0,-63.0,-0.5080645161290323,181.5,121.0,3.0,session_close,22,2,1.25,-157.5,310.0,453.75,2026-01-14
futures,ES,reddit_orb_fade,reddit_orb_fade|ny|range=15|entry=150|rr=1.5|sl_atr=1|tp_atr=1.5|threshold=2|adx_max=none|adx_min=none|rsi2=none|trend=all|max_bars=24,long,169195,169196,169197,2026-01-15 14:45:00+00:00,2026-01-15 15:00:00+00:00,2026-01-15 15:15:00+00:00,6999.0,7005.75,27.0,24.0,1.1428571428571428,27.0,18.0,3.0,tp,1,5,1.25,150.0,131.25,168.75,2026-01-15
futures,NQ,reddit_orb_fade,reddit_orb_fade|ny|range=15|entry=150|rr=1.5|sl_atr=1|tp_atr=1.5|threshold=2|adx_max=none|adx_min=none|rsi2=none|trend=all|max_bars=24,short,169167,169168,169189,2026-01-15 14:45:00+00:00,2026-01-15 15:00:00+00:00,2026-01-15 20:15:00+00:00,25863.5,25729.625,535.5,532.5,1.4791666666666667,535.5,357.0,3.0,tp,21,6,0.5,1597.5,1080.0,1606.5,2026-01-15
futures,ES,reddit_orb_breakout,reddit_orb_breakout|ny|range=15|entry=150|rr=1.5|sl_atr=1|tp_atr=1.5|threshold=2|adx_max=none|adx_min=none|rsi2=none|trend=ema|max_bars=24,long,169201,169202,169213,2026-01-15 16:15:00+00:00,2026-01-15 16:30:00+00:00,2026-01-15 19:15:00+00:00,7010.75,6998.0,-51.0,-54.0,-1.0,76.5,51.0,3.0,sl,11,6,1.25,-405.0,405.0,573.75,2026-01-15
futures,ES,reddit_orb_retest,reddit_orb_retest|ny|range=15|entry=150|rr=1.5|sl_atr=1|tp_atr=1.5|threshold=2|adx_max=none|adx_min=none|rsi2=none|trend=all|max_bars=24,long,169202,169203,169213,2026-01-15 16:30:00+00:00,2026-01-15 16:45:00+00:00,2026-01-15 19:15:00+00:00,7012.5,6998.0,-58.0,-61.0,-1.0,87.0,58.0,3.0,sl,10,2,1.25,-152.5,152.5,217.5,2026-01-15
futures,ES,reddit_orb_fade,reddit_orb_fade|ny|range=15|entry=150|rr=1.5|sl_atr=1|tp_atr=1.5|threshold=2|adx_max=none|adx_min=none|rsi2=none|trend=all|max_bars=24,long,169294,169295,169295,2026-01-16 16:30:00+00:00,2026-01-16 16:45:00+00:00,2026-01-16 16:45:00+00:00,6992.0,6986.75,-21.0,-24.0,-1.0,31.5,21.0,3.0,sl,1,5,1.25,-150.0,150.0,196.875,2026-01-16
futures,ES,reddit_orb_retest,reddit_orb_retest|ny|range=15|entry=150|rr=1.5|sl_atr=1|tp_atr=1.5|threshold=2|adx_max=none|adx_min=none|rsi2=none|trend=all|max_bars=24,short,169295,169296,169312,2026-01-16 16:45:00+00:00,2026-01-16 17:00:00+00:00,2026-01-16 21:00:00+00:00,6986.75,6976.0,43.0,40.0,0.6153846153846154,93.0,62.0,3.0,session_close,16,2,1.25,100.0,162.5,232.5,2026-01-16
futures,ES,reddit_orb_fade,reddit_orb_fade|ny|range=15|entry=150|rr=1.5|sl_atr=1|tp_atr=1.5|threshold=2|adx_max=none|adx_min=none|rsi2=none|trend=all|max_bars=24,long,169379,169380,169392,2026-01-19 14:45:00+00:00,2026-01-19 15:00:00+00:00,2026-01-19 23:00:00+00:00,6899.75,6911.25,46.0,43.0,0.8269230769230769,73.5,49.0,3.0,session_close,12,5,1.25,268.75,325.0,459.375,2026-01-19
futures,NQ,reddit_orb_fade,reddit_orb_fade|ny|range=15|entry=150|rr=1.5|sl_atr=1|tp_atr=1.5|threshold=2|adx_max=none|adx_min=none|rsi2=none|trend=all|max_bars=24,long,169351,169352,169364,2026-01-19 14:45:00+00:00,2026-01-19 15:00:00+00:00,2026-01-19 23:00:00+00:00,25316.0,25375.25,237.0,234.0,0.7289719626168224,477.0,318.0,3.0,session_close,12,6,0.5,702.0,963.0,1431.0,2026-01-19
futures,ES,reddit_orb_retest,reddit_orb_retest|ny|range=15|entry=150|rr=1.5|sl_atr=1|tp_atr=1.5|threshold=2|adx_max=none|adx_min=none|rsi2=none|trend=all|max_bars=24,long,169381,169382,169390,2026-01-19 15:15:00+00:00,2026-01-19 15:30:00+00:00,2026-01-19 17:30:00+00:00,6899.75,6916.625,67.5,64.5,1.34375,67.5,45.0,3.0,tp,8,2,1.25,161.25,120.0,168.75,2026-01-19
futures,ES,reddit_orb_fade,reddit_orb_fade|ny|range=15|entry=150|rr=1.5|sl_atr=1|tp_atr=1.5|threshold=2|adx_max=none|adx_min=none|rsi2=none|trend=all|max_bars=24,short,169455,169456,169457,2026-01-20 14:45:00+00:00,2026-01-20 15:00:00+00:00,2026-01-20 15:15:00+00:00,6878.5,6890.25,-47.0,-50.0,-1.0,70.5,47.0,3.0,sl,1,5,1.25,-312.5,312.5,440.625,2026-01-20
futures,NQ,reddit_orb_fade,reddit_orb_fade|ny|range=15|entry=150|rr=1.5|sl_atr=1|tp_atr=1.5|threshold=2|adx_max=none|adx_min=none|rsi2=none|trend=all|max_bars=24,short,169427,169428,169430,2026-01-20 14:45:00+00:00,2026-01-20 15:00:00+00:00,2026-01-20 15:30:00+00:00,25322.0,25368.5,-186.0,-189.0,-1.0,279.0,186.0,3.0,sl,2,6,0.5,-567.0,567.0,837.0,2026-01-20
futures,ES,reddit_orb_retest,reddit_orb_retest|ny|range=15|entry=150|rr=1.5|sl_atr=1|tp_atr=1.5|threshold=2|adx_max=none|adx_min=none|rsi2=none|trend=all|max_bars=24,long,169459,169460,169466,2026-01-20 15:45:00+00:00,2026-01-20 16:00:00+00:00,2026-01-20 17:30:00+00:00,6895.0,6871.0,-96.0,-99.0,-1.0,144.0,96.0,3.0,sl,6,2,1.25,-247.5,247.5,360.0,2026-01-20
futures,ES,reddit_orb_fade,reddit_orb_fade|ny|range=15|entry=150|rr=1.5|sl_atr=1|tp_atr=1.5|threshold=2|adx_max=none|adx_min=none|rsi2=none|trend=all|max_bars=24,short,169555,169556,169565,2026-01-21 16:45:00+00:00,2026-01-21 17:00:00+00:00,2026-01-21 19:15:00+00:00,6857.0,6875.75,-75.0,-78.0,-1.0,112.5,75.0,3.0,sl,9,5,1.25,-487.5,487.5,703.125,2026-01-21
futures,ES,reddit_orb_breakout,reddit_orb_breakout|ny|range=15|entry=150|rr=1.5|sl_atr=1|tp_atr=1.5|threshold=2|adx_max=none|adx_min=none|rsi2=none|trend=ema|max_bars=24,short,169556,169557,169559,2026-01-21 17:00:00+00:00,2026-01-21 17:15:00+00:00,2026-01-21 17:45:00+00:00,6840.0,6863.5,-94.0,-97.0,-1.0,141.0,94.0,3.0,sl,2,6,1.25,-727.5,727.5,1057.5,2026-01-21
futures,ES,reddit_orb_fade,reddit_orb_fade|ny|range=15|entry=150|rr=1.5|sl_atr=1|tp_atr=1.5|threshold=2|adx_max=none|adx_min=none|rsi2=none|trend=all|max_bars=24,long,169642,169643,169651,2026-01-22 15:30:00+00:00,2026-01-22 15:45:00+00:00,2026-01-22 17:45:00+00:00,6949.0,6967.0,72.0,69.0,1.3529411764705883,72.0,48.0,3.0,tp,8,5,1.25,431.25,318.75,450.0,2026-01-22
futures,NQ,reddit_orb_fade,reddit_orb_fade|ny|range=15|entry=150|rr=1.5|sl_atr=1|tp_atr=1.5|threshold=2|adx_max=none|adx_min=none|rsi2=none|trend=all|max_bars=24,long,169614,169615,169636,2026-01-22 15:30:00+00:00,2026-01-22 15:45:00+00:00,2026-01-22 21:00:00+00:00,25645.75,25644.5,-5.0,-8.0,-0.026845637583892617,442.5,295.0,3.0,session_close,21,6,0.5,-24.0,894.0,1327.5,2026-01-22
futures,ES,reddit_orb_retest,reddit_orb_retest|ny|range=15|entry=150|rr=1.5|sl_atr=1|tp_atr=1.5|threshold=2|adx_max=none|adx_min=none|rsi2=none|trend=all|max_bars=24,short,169643,169644,169650,2026-01-22 15:45:00+00:00,2026-01-22 16:00:00+00:00,2026-01-22 17:30:00+00:00,6943.0,6964.5,-86.0,-89.0,-1.0,129.0,86.0,3.0,sl,6,2,1.25,-222.5,222.5,322.5,2026-01-22
futures,ES,reddit_orb_breakout,reddit_orb_breakout|ny|range=15|entry=150|rr=1.5|sl_atr=1|tp_atr=1.5|threshold=2|adx_max=none|adx_min=none|rsi2=none|trend=ema|max_bars=24,long,169731,169732,169756,2026-01-23 14:45:00+00:00,2026-01-23 15:00:00+00:00,2026-01-23 21:00:00+00:00,6941.5,6938.25,-13.0,-16.0,-0.2318840579710145,99.0,66.0,3.0,session_close,24,6,1.25,-120.0,517.5,742.5,2026-01-23
futures,ES,reddit_orb_fade,reddit_orb_fade|ny|range=15|entry=150|rr=1.5|sl_atr=1|tp_atr=1.5|threshold=2|adx_max=none|adx_min=none|rsi2=none|trend=all|max_bars=24,short,169732,169733,169733,2026-01-23 15:00:00+00:00,2026-01-23 15:15:00+00:00,2026-01-23 15:15:00+00:00,6939.75,6948.25,-34.0,-37.0,-1.0,51.0,34.0,3.0,sl,1,5,1.25,-231.25,231.25,318.75,2026-01-23
futures,ES,reddit_orb_retest,reddit_orb_retest|ny|range=15|entry=150|rr=1.5|sl_atr=1|tp_atr=1.5|threshold=2|adx_max=none|adx_min=none|rsi2=none|trend=all|max_bars=24,long,169733,169734,169756,2026-01-23 15:15:00+00:00,2026-01-23 15:30:00+00:00,2026-01-23 21:00:00+00:00,6947.0,6938.25,-35.0,-38.0,-0.4175824175824176,132.0,88.0,3.0,session_close,22,2,1.25,-95.0,227.5,330.0,2026-01-23
futures,ES,reddit_orb_breakout,reddit_orb_breakout|ny|range=15|entry=150|rr=1.5|sl_atr=1|tp_atr=1.5|threshold=2|adx_max=none|adx_min=none|rsi2=none|trend=ema|max_bars=24,long,169824,169825,169848,2026-01-26 15:00:00+00:00,2026-01-26 15:15:00+00:00,2026-01-26 21:00:00+00:00,6979.5,6980.0,2.0,-1.0,-0.008849557522123894,165.0,110.0,3.0,session_close,23,6,1.25,-7.5,847.5,1237.5,2026-01-26
futures,ES,reddit_orb_retest,reddit_orb_retest|ny|range=15|entry=150|rr=1.5|sl_atr=1|tp_atr=1.5|threshold=2|adx_max=none|adx_min=none|rsi2=none|trend=all|max_bars=24,long,169826,169827,169848,2026-01-26 15:30:00+00:00,2026-01-26 15:45:00+00:00,2026-01-26 21:00:00+00:00,6976.75,6980.0,13.0,10.0,0.09803921568627451,148.5,99.0,3.0,session_close,21,2,1.25,25.0,255.0,371.25,2026-01-26
futures,ES,reddit_orb_breakout,reddit_orb_breakout|ny|range=15|entry=150|rr=1.5|sl_atr=1|tp_atr=1.5|threshold=2|adx_max=none|adx_min=none|rsi2=none|trend=ema|max_bars=24,long,169915,169916,169940,2026-01-27 14:45:00+00:00,2026-01-27 15:00:00+00:00,2026-01-27 21:00:00+00:00,7005.25,7006.75,6.0,3.0,0.04225352112676056,102.0,68.0,3.0,session_close,24,6,1.25,22.5,532.5,765.0,2026-01-27
futures,ES,reddit_orb_fade,reddit_orb_fade|ny|range=15|entry=150|rr=1.5|sl_atr=1|tp_atr=1.5|threshold=2|adx_max=none|adx_min=none|rsi2=none|trend=all|max_bars=24,short,170007,170008,170010,2026-01-28 14:45:00+00:00,2026-01-28 15:00:00+00:00,2026-01-28 15:30:00+00:00,7023.5,7012.25,45.0,42.0,1.2727272727272727,45.0,30.0,3.0,tp,2,5,1.25,262.5,206.25,281.25,2026-01-28
futures,NQ,reddit_orb_fade,reddit_orb_fade|ny|range=15|entry=150|rr=1.5|sl_atr=1|tp_atr=1.5|threshold=2|adx_max=none|adx_min=none|rsi2=none|trend=all|max_bars=24,short,169979,169980,169983,2026-01-28 14:45:00+00:00,2026-01-28 15:00:00+00:00,2026-01-28 15:45:00+00:00,26253.0,26181.0,288.0,285.0,1.4615384615384615,288.0,192.0,3.0,tp,3,6,0.5,855.0,585.0,864.0,2026-01-28
futures,ES,reddit_orb_retest,reddit_orb_retest|ny|range=15|entry=150|rr=1.5|sl_atr=1|tp_atr=1.5|threshold=2|adx_max=none|adx_min=none|rsi2=none|trend=all|max_bars=24,short,170009,170010,170015,2026-01-28 15:15:00+00:00,2026-01-28 15:30:00+00:00,2026-01-28 16:45:00+00:00,7017.25,6998.5,75.0,72.0,1.3584905660377358,75.0,50.0,3.0,tp,5,2,1.25,180.0,132.5,187.5,2026-01-28
futures,ES,reddit_orb_fade,reddit_orb_fade|ny|range=15|entry=150|rr=1.5|sl_atr=1|tp_atr=1.5|threshold=2|adx_max=none|adx_min=none|rsi2=none|trend=all|max_bars=24,long,170191,170192,170192,2026-01-30 14:45:00+00:00,2026-01-30 15:00:00+00:00,2026-01-30 15:00:00+00:00,6965.0,6972.125,28.5,25.5,1.1590909090909092,28.5,19.0,3.0,tp,1,5,1.25,159.375,137.5,178.125,2026-01-30
futures,NQ,reddit_orb_fade,reddit_orb_fade|ny|range=15|entry=150|rr=1.5|sl_atr=1|tp_atr=1.5|threshold=2|adx_max=none|adx_min=none|rsi2=none|trend=all|max_bars=24,long,170163,170164,170164,2026-01-30 14:45:00+00:00,2026-01-30 15:00:00+00:00,2026-01-30 15:00:00+00:00,25826.5,25856.875,121.5,118.5,1.4107142857142858,121.5,81.0,3.0,tp,1,6,0.5,355.5,252.0,364.5,2026-01-30
futures,ES,reddit_orb_breakout,reddit_orb_breakout|ny|range=15|entry=150|rr=1.5|sl_atr=1|tp_atr=1.5|threshold=2|adx_max=none|adx_min=none|rsi2=none|trend=ema|max_bars=24,short,170197,170198,170216,2026-01-30 16:15:00+00:00,2026-01-30 16:30:00+00:00,2026-01-30 21:00:00+00:00,6958.75,6963.5,-19.0,-22.0,-0.2,160.5,107.0,3.0,session_close,18,6,1.25,-165.0,825.0,1203.75,2026-01-30
futures,ES,reddit_orb_retest,reddit_orb_retest|ny|range=15|entry=150|rr=1.5|sl_atr=1|tp_atr=1.5|threshold=2|adx_max=none|adx_min=none|rsi2=none|trend=all|max_bars=24,short,170199,170200,170216,2026-01-30 16:45:00+00:00,2026-01-30 17:00:00+00:00,2026-01-30 21:00:00+00:00,6954.75,6963.5,-35.0,-38.0,-0.30158730158730157,184.5,123.0,3.0,session_close,16,2,1.25,-95.0,315.0,461.25,2026-01-30
futures,ES,reddit_orb_fade,reddit_orb_fade|ny|range=15|entry=150|rr=1.5|sl_atr=1|tp_atr=1.5|threshold=2|adx_max=none|adx_min=none|rsi2=none|trend=all|max_bars=24,short,170283,170284,170284,2026-02-02 14:45:00+00:00,2026-02-02 15:00:00+00:00,2026-02-02 15:00:00+00:00,6973.75,6986.5,-51.0,-54.0,-1.0,76.5,51.0,3.0,sl,1,5,1.25,-337.5,337.5,478.125,2026-02-02
futures,ES,reddit_orb_breakout,reddit_orb_breakout|ny|range=15|entry=150|rr=1.5|sl_atr=1|tp_atr=1.5|threshold=2|adx_max=none|adx_min=none|rsi2=none|trend=ema|max_bars=24,short,170467,170468,170477,2026-02-04 14:45:00+00:00,2026-02-04 15:00:00+00:00,2026-02-04 17:15:00+00:00,6928.0,6882.25,183.0,180.0,1.44,183.0,122.0,3.0,tp,9,6,1.25,1350.0,937.5,1372.5,2026-02-04
futures,ES,reddit_orb_fade,reddit_orb_fade|ny|range=15|entry=150|rr=1.5|sl_atr=1|tp_atr=1.5|threshold=2|adx_max=none|adx_min=none|rsi2=none|trend=all|max_bars=24,short,170467,170468,170477,2026-02-04 14:45:00+00:00,2026-02-04 15:00:00+00:00,2026-02-04 17:15:00+00:00,6928.0,6878.875,196.5,193.5,1.4440298507462686,196.5,131.0,3.0,tp,9,5,1.25,1209.375,837.5,1228.125,2026-02-04
futures,ES,reddit_orb_retest,reddit_orb_retest|ny|range=15|entry=150|rr=1.5|sl_atr=1|tp_atr=1.5|threshold=2|adx_max=none|adx_min=none|rsi2=none|trend=all|max_bars=24,short,170468,170469,170474,2026-02-04 15:00:00+00:00,2026-02-04 15:15:00+00:00,2026-02-04 16:30:00+00:00,6934.75,6899.125,142.5,139.5,1.4234693877551021,142.5,95.0,3.0,tp,5,2,1.25,348.75,245.0,356.25,2026-02-04
futures,NQ,reddit_orb_fade,reddit_orb_fade|ny|range=15|entry=150|rr=1.5|sl_atr=1|tp_atr=1.5|threshold=2|adx_max=none|adx_min=none|rsi2=none|trend=all|max_bars=24,long,170441,170442,170442,2026-02-04 15:15:00+00:00,2026-02-04 15:30:00+00:00,2026-02-04 15:30:00+00:00,25248.0,25180.25,-271.0,-274.0,-1.0,406.5,271.0,3.0,sl,1,6,0.5,-822.0,822.0,1219.5,2026-02-04
futures,ES,reddit_orb_fade,reddit_orb_fade|ny|range=15|entry=150|rr=1.5|sl_atr=1|tp_atr=1.5|threshold=2|adx_max=none|adx_min=none|rsi2=none|trend=all|max_bars=24,short,170559,170560,170562,2026-02-05 14:45:00+00:00,2026-02-05 15:00:00+00:00,2026-02-05 15:30:00+00:00,6850.25,6803.75,186.0,183.0,1.4409448818897639,186.0,124.0,3.0,tp,2,5,1.25,1143.75,793.75,1162.5,2026-02-05
futures,ES,reddit_orb_fade,reddit_orb_fade|ny|range=15|entry=150|rr=1.5|sl_atr=1|tp_atr=1.5|threshold=2|adx_max=none|adx_min=none|rsi2=none|trend=all|max_bars=24,short,170743,170744,170744,2026-02-09 14:45:00+00:00,2026-02-09 15:00:00+00:00,2026-02-09 15:00:00+00:00,6945.0,6957.5,-50.0,-53.0,-1.0,75.0,50.0,3.0,sl,1,5,1.25,-331.25,331.25,468.75,2026-02-09
futures,ES,reddit_orb_breakout,reddit_orb_breakout|ny|range=15|entry=150|rr=1.5|sl_atr=1|tp_atr=1.5|threshold=2|adx_max=none|adx_min=none|rsi2=none|trend=ema|max_bars=24,long,170744,170745,170768,2026-02-09 15:00:00+00:00,2026-02-09 15:15:00+00:00,2026-02-09 21:00:00+00:00,6959.25,6986.0,107.0,104.0,0.7272727272727273,210.0,140.0,3.0,session_close,23,6,1.25,780.0,1072.5,1575.0,2026-02-09
futures,ES,reddit_orb_breakout,reddit_orb_breakout|ny|range=15|entry=150|rr=1.5|sl_atr=1|tp_atr=1.5|threshold=2|adx_max=none|adx_min=none|rsi2=none|trend=ema|max_bars=24,long,170835,170836,170849,2026-02-10 14:45:00+00:00,2026-02-10 15:00:00+00:00,2026-02-10 18:15:00+00:00,6998.25,6975.0,-93.0,-96.0,-1.0,139.5,93.0,3.0,sl,13,6,1.25,-720.0,720.0,1046.25,2026-02-10
futures,ES,reddit_orb_fade,reddit_orb_fade|ny|range=15|entry=150|rr=1.5|sl_atr=1|tp_atr=1.5|threshold=2|adx_max=none|adx_min=none|rsi2=none|trend=all|max_bars=24,short,170836,170837,170838,2026-02-10 15:00:00+00:00,2026-02-10 15:15:00+00:00,2026-02-10 15:30:00+00:00,6994.5,7005.0,-42.0,-45.0,-1.0,63.0,42.0,3.0,sl,1,5,1.25,-281.25,281.25,393.75,2026-02-10
futures,ES,reddit_orb_retest,reddit_orb_retest|ny|range=15|entry=150|rr=1.5|sl_atr=1|tp_atr=1.5|threshold=2|adx_max=none|adx_min=none|rsi2=none|trend=all|max_bars=24,long,170837,170838,170849,2026-02-10 15:15:00+00:00,2026-02-10 15:30:00+00:00,2026-02-10 18:15:00+00:00,6999.75,6975.0,-99.0,-102.0,-1.0,148.5,99.0,3.0,sl,11,2,1.25,-255.0,255.0,371.25,2026-02-10
futures,ES,reddit_orb_fade,reddit_orb_fade|ny|range=15|entry=150|rr=1.5|sl_atr=1|tp_atr=1.5|threshold=2|adx_max=none|adx_min=none|rsi2=none|trend=all|max_bars=24,short,171111,171112,171112,2026-02-13 14:45:00+00:00,2026-02-13 15:00:00+00:00,2026-02-13 15:00:00+00:00,6833.25,6862.75,-118.0,-121.0,-1.0,177.0,118.0,3.0,sl,1,5,1.25,-756.25,756.25,1106.25,2026-02-13
futures,ES,reddit_orb_retest,reddit_orb_retest|ny|range=15|entry=150|rr=1.5|sl_atr=1|tp_atr=1.5|threshold=2|adx_max=none|adx_min=none|rsi2=none|trend=all|max_bars=24,long,171115,171116,171136,2026-02-13 15:45:00+00:00,2026-02-13 16:00:00+00:00,2026-02-13 21:00:00+00:00,6860.25,6852.5,-31.0,-34.0,-0.16267942583732056,309.0,206.0,3.0,session_close,20,2,1.25,-85.0,522.5,772.5,2026-02-13
futures,ES,reddit_orb_fade,reddit_orb_fade|ny|range=15|entry=150|rr=1.5|sl_atr=1|tp_atr=1.5|threshold=2|adx_max=none|adx_min=none|rsi2=none|trend=all|max_bars=24,short,171203,171204,171204,2026-02-16 14:45:00+00:00,2026-02-16 15:00:00+00:00,2026-02-16 15:00:00+00:00,6859.0,6861.797449391393,-11.189797565570188,-14.189797565570188,-1.0,16.784696348353464,11.189797565570188,3.0,sl,1,5,1.25,-88.68623478481368,88.68623478481368,104.90435217720915,2026-02-16
futures,NQ,reddit_orb_fade,reddit_orb_fade|ny|range=15|entry=150|rr=1.5|sl_atr=1|tp_atr=1.5|threshold=2|adx_max=none|adx_min=none|rsi2=none|trend=all|max_bars=24,short,171175,171176,171176,2026-02-16 14:45:00+00:00,2026-02-16 15:00:00+00:00,2026-02-16 15:00:00+00:00,24768.0,24782.75,-59.0,-62.0,-1.0,88.5,59.0,3.0,sl,1,6,0.5,-186.0,186.0,265.5,2026-02-16
futures,ES,reddit_orb_breakout,reddit_orb_breakout|ny|range=15|entry=150|rr=1.5|sl_atr=1|tp_atr=1.5|threshold=2|adx_max=none|adx_min=none|rsi2=none|trend=ema|max_bars=24,short,171206,171207,171216,2026-02-16 15:30:00+00:00,2026-02-16 15:45:00+00:00,2026-02-16 23:00:00+00:00,6844.0,6862.5,-74.0,-77.0,-1.0547945205479452,105.0,70.0,3.0,session_close,9,6,1.25,-577.5,547.5,787.5,2026-02-16
futures,ES,reddit_orb_retest,reddit_orb_retest|ny|range=15|entry=150|rr=1.5|sl_atr=1|tp_atr=1.5|threshold=2|adx_max=none|adx_min=none|rsi2=none|trend=all|max_bars=24,short,171207,171208,171216,2026-02-16 15:45:00+00:00,2026-02-16 16:00:00+00:00,2026-02-16 23:00:00+00:00,6844.0,6862.5,-74.0,-77.0,-1.0547945205479452,105.0,70.0,3.0,session_close,8,2,1.25,-192.5,182.5,262.5,2026-02-16
futures,ES,reddit_orb_fade,reddit_orb_fade|ny|range=15|entry=150|rr=1.5|sl_atr=1|tp_atr=1.5|threshold=2|adx_max=none|adx_min=none|rsi2=none|trend=all|max_bars=24,long,171284,171285,171304,2026-02-17 16:00:00+00:00,2026-02-17 16:15:00+00:00,2026-02-17 21:00:00+00:00,6857.5,6861.75,17.0,14.0,0.08695652173913043,237.0,158.0,3.0,session_close,19,5,1.25,87.5,1006.25,1481.25,2026-02-17
futures,ES,reddit_orb_breakout,reddit_orb_breakout|ny|range=15|entry=150|rr=1.5|sl_atr=1|tp_atr=1.5|threshold=2|adx_max=none|adx_min=none|rsi2=none|trend=ema|max_bars=24,long,171371,171372,171396,2026-02-18 14:45:00+00:00,2026-02-18 15:00:00+00:00,2026-02-18 21:00:00+00:00,6895.5,6893.25,-9.0,-12.0,-0.08633093525179857,204.0,136.0,3.0,session_close,24,6,1.25,-90.0,1042.5,1530.0,2026-02-18
futures,ES,reddit_orb_breakout,reddit_orb_breakout|ny|range=15|entry=150|rr=1.5|sl_atr=1|tp_atr=1.5|threshold=2|adx_max=none|adx_min=none|rsi2=none|trend=ema|max_bars=24,long,171463,171464,171475,2026-02-19 14:45:00+00:00,2026-02-19 15:00:00+00:00,2026-02-19 17:45:00+00:00,6882.75,6857.0,-103.0,-106.0,-1.0,154.5,103.0,3.0,sl,11,6,1.25,-795.0,795.0,1158.75,2026-02-19
futures,NQ,reddit_orb_fade,reddit_orb_fade|ny|range=15|entry=150|rr=1.5|sl_atr=1|tp_atr=1.5|threshold=2|adx_max=none|adx_min=none|rsi2=none|trend=all|max_bars=24,short,171435,171436,171436,2026-02-19 14:45:00+00:00,2026-02-19 15:00:00+00:00,2026-02-19 15:00:00+00:00,24880.0,24920.0,-160.0,-163.0,-1.0,240.0,160.0,3.0,sl,1,6,0.5,-489.0,489.0,720.0,2026-02-19
futures,ES,reddit_orb_fade,reddit_orb_fade|ny|range=15|entry=150|rr=1.5|sl_atr=1|tp_atr=1.5|threshold=2|adx_max=none|adx_min=none|rsi2=none|trend=all|max_bars=24,short,171464,171465,171488,2026-02-19 15:00:00+00:00,2026-02-19 15:15:00+00:00,2026-02-19 21:00:00+00:00,6874.0,6878.25,-17.0,-20.0,-0.23529411764705882,123.0,82.0,3.0,session_close,23,5,1.25,-125.0,531.25,768.75,2026-02-19
futures,ES,reddit_orb_retest,reddit_orb_retest|ny|range=15|entry=150|rr=1.5|sl_atr=1|tp_atr=1.5|threshold=2|adx_max=none|adx_min=none|rsi2=none|trend=all|max_bars=24,long,171466,171467,171475,2026-02-19 15:30:00+00:00,2026-02-19 15:45:00+00:00,2026-02-19 17:45:00+00:00,6888.0,6857.0,-124.0,-127.0,-1.0,186.0,124.0,3.0,sl,8,2,1.25,-317.5,317.5,465.0,2026-02-19
futures,ES,reddit_orb_retest,reddit_orb_retest|ny|range=15|entry=150|rr=1.5|sl_atr=1|tp_atr=1.5|threshold=2|adx_max=none|adx_min=none|rsi2=none|trend=all|max_bars=24,long,171557,171558,171580,2026-02-20 15:15:00+00:00,2026-02-20 15:30:00+00:00,2026-02-20 21:00:00+00:00,6899.0,6928.0,116.0,113.0,0.5380952380952381,310.5,207.0,3.0,session_close,22,2,1.25,282.5,525.0,776.25,2026-02-20
futures,ES,reddit_orb_fade,reddit_orb_fade|ny|range=15|entry=150|rr=1.5|sl_atr=1|tp_atr=1.5|threshold=2|adx_max=none|adx_min=none|rsi2=none|trend=all|max_bars=24,short,171565,171566,171566,2026-02-20 17:15:00+00:00,2026-02-20 17:30:00+00:00,2026-02-20 17:30:00+00:00,6882.5,6891.5,-36.0,-39.0,-1.0,54.0,36.0,3.0,sl,1,5,1.25,-243.75,243.75,337.5,2026-02-20
futures,ES,reddit_orb_fade,reddit_orb_fade|ny|range=15|entry=150|rr=1.5|sl_atr=1|tp_atr=1.5|threshold=2|adx_max=none|adx_min=none|rsi2=none|trend=all|max_bars=24,short,171831,171832,171833,2026-02-25 14:45:00+00:00,2026-02-25 15:00:00+00:00,2026-02-25 15:15:00+00:00,6942.0,6931.5,42.0,39.0,1.2580645161290323,42.0,28.0,3.0,tp,1,5,1.25,243.75,193.75,262.5,2026-02-25
futures,ES,reddit_orb_breakout,reddit_orb_breakout|ny|range=15|entry=150|rr=1.5|sl_atr=1|tp_atr=1.5|threshold=2|adx_max=none|adx_min=none|rsi2=none|trend=ema|max_bars=24,long,171837,171838,171855,2026-02-25 16:15:00+00:00,2026-02-25 16:30:00+00:00,2026-02-25 20:45:00+00:00,6943.75,6964.75,84.0,81.0,1.3728813559322033,84.0,56.0,3.0,tp,17,6,1.25,607.5,442.5,630.0,2026-02-25
futures,ES,reddit_orb_retest,reddit_orb_retest|ny|range=15|entry=150|rr=1.5|sl_atr=1|tp_atr=1.5|threshold=2|adx_max=none|adx_min=none|rsi2=none|trend=all|max_bars=24,long,171838,171839,171856,2026-02-25 16:30:00+00:00,2026-02-25 16:45:00+00:00,2026-02-25 21:00:00+00:00,6948.0,6961.75,55.0,52.0,0.6842105263157895,109.5,73.0,3.0,session_close,17,2,1.25,130.0,190.0,273.75,2026-02-25
futures,NQ,reddit_orb_fade,reddit_orb_fade|ny|range=15|entry=150|rr=1.5|sl_atr=1|tp_atr=1.5|threshold=2|adx_max=none|adx_min=none|rsi2=none|trend=all|max_bars=24,short,171987,171988,171988,2026-02-27 14:45:00+00:00,2026-02-27 15:00:00+00:00,2026-02-27 15:00:00+00:00,24879.5,24938.5,-236.0,-239.0,-1.0,354.0,236.0,3.0,sl,1,6,0.5,-717.0,717.0,1062.0,2026-02-27
futures,ES,reddit_orb_retest,reddit_orb_retest|ny|range=15|entry=150|rr=1.5|sl_atr=1|tp_atr=1.5|threshold=2|adx_max=none|adx_min=none|rsi2=none|trend=all|max_bars=24,long,172017,172018,172040,2026-02-27 15:15:00+00:00,2026-02-27 15:30:00+00:00,2026-02-27 21:00:00+00:00,6870.25,6885.25,60.0,57.0,0.4830508474576271,172.5,115.0,3.0,session_close,22,2,1.25,142.5,295.0,431.25,2026-02-27
futures,ES,reddit_orb_fade,reddit_orb_fade|ny|range=15|entry=150|rr=1.5|sl_atr=1|tp_atr=1.5|threshold=2|adx_max=none|adx_min=none|rsi2=none|trend=all|max_bars=24,short,172025,172026,172026,2026-02-27 17:15:00+00:00,2026-02-27 17:30:00+00:00,2026-02-27 17:30:00+00:00,6866.5,6874.5,-32.0,-35.0,-1.0,48.0,32.0,3.0,sl,1,5,1.25,-218.75,218.75,300.0,2026-02-27
futures,ES,reddit_orb_retest,reddit_orb_retest|ny|range=15|entry=150|rr=1.5|sl_atr=1|tp_atr=1.5|threshold=2|adx_max=none|adx_min=none|rsi2=none|trend=all|max_bars=24,long,172108,172109,172132,2026-03-02 15:00:00+00:00,2026-03-02 15:15:00+00:00,2026-03-02 21:00:00+00:00,6873.5,6883.0,38.0,35.0,0.12544802867383512,414.0,276.0,3.0,session_close,23,2,1.25,87.5,697.5,1035.0,2026-03-02
futures,ES,reddit_orb_retest,reddit_orb_retest|ny|range=15|entry=150|rr=1.5|sl_atr=1|tp_atr=1.5|threshold=2|adx_max=none|adx_min=none|rsi2=none|trend=all|max_bars=24,short,172200,172201,172207,2026-03-03 15:00:00+00:00,2026-03-03 15:15:00+00:00,2026-03-03 16:45:00+00:00,6748.5,6794.0,-182.0,-185.0,-1.0,273.0,182.0,3.0,sl,6,2,1.25,-462.5,462.5,682.5,2026-03-03
futures,ES,reddit_orb_fade,reddit_orb_fade|ny|range=15|entry=150|rr=1.5|sl_atr=1|tp_atr=1.5|threshold=2|adx_max=none|adx_min=none|rsi2=none|trend=all|max_bars=24,long,172204,172205,172213,2026-03-03 16:00:00+00:00,2026-03-03 16:15:00+00:00,2026-03-03 18:15:00+00:00,6773.0,6822.875,199.5,196.5,1.4448529411764706,199.5,133.0,3.0,tp,8,5,1.25,1228.125,850.0,1246.875,2026-03-03
futures,ES,reddit_orb_fade,reddit_orb_fade|ny|range=15|entry=150|rr=1.5|sl_atr=1|tp_atr=1.5|threshold=2|adx_max=none|adx_min=none|rsi2=none|trend=all|max_bars=24,long,172291,172292,172293,2026-03-04 14:45:00+00:00,2026-03-04 15:00:00+00:00,2026-03-04 15:15:00+00:00,6836.25,6864.0,111.0,108.0,1.4025974025974026,111.0,74.0,3.0,tp,1,5,1.25,675.0,481.25,693.75,2026-03-04
futures,NQ,reddit_orb_fade,reddit_orb_fade|ny|range=15|entry=150|rr=1.5|sl_atr=1|tp_atr=1.5|threshold=2|adx_max=none|adx_min=none|rsi2=none|trend=all|max_bars=24,long,172263,172264,172265,2026-03-04 14:45:00+00:00,2026-03-04 15:00:00+00:00,2026-03-04 15:15:00+00:00,24922.75,25067.875,580.5,577.5,1.4807692307692308,580.5,387.0,3.0,tp,1,6,0.5,1732.5,1170.0,1741.5,2026-03-04
futures,ES,reddit_orb_breakout,reddit_orb_breakout|ny|range=15|entry=150|rr=1.5|sl_atr=1|tp_atr=1.5|threshold=2|adx_max=none|adx_min=none|rsi2=none|trend=ema|max_bars=24,long,172383,172384,172385,2026-03-05 14:45:00+00:00,2026-03-05 15:00:00+00:00,2026-03-05 15:15:00+00:00,6872.5,6840.0,-130.0,-133.0,-1.0,195.0,130.0,3.0,sl,1,6,1.25,-997.5,997.5,1462.5,2026-03-05
futures,ES,reddit_orb_fade,reddit_orb_fade|ny|range=15|entry=150|rr=1.5|sl_atr=1|tp_atr=1.5|threshold=2|adx_max=none|adx_min=none|rsi2=none|trend=all|max_bars=24,short,172384,172385,172385,2026-03-05 15:00:00+00:00,2026-03-05 15:15:00+00:00,2026-03-05 15:15:00+00:00,6864.5,6845.0,78.0,75.0,1.3636363636363635,78.0,52.0,3.0,tp,1,5,1.25,468.75,343.75,487.5,2026-03-05
futures,ES,reddit_orb_fade,reddit_orb_fade|ny|range=15|entry=150|rr=1.5|sl_atr=1|tp_atr=1.5|threshold=2|adx_max=none|adx_min=none|rsi2=none|trend=all|max_bars=24,long,172475,172476,172476,2026-03-06 14:45:00+00:00,2026-03-06 15:00:00+00:00,2026-03-06 15:00:00+00:00,6727.5,6745.125,70.5,67.5,1.35,70.5,47.0,3.0,tp,1,5,1.25,421.875,312.5,440.625,2026-03-06
futures,NQ,reddit_orb_fade,reddit_orb_fade|ny|range=15|entry=150|rr=1.5|sl_atr=1|tp_atr=1.5|threshold=2|adx_max=none|adx_min=none|rsi2=none|trend=all|max_bars=24,short,172447,172448,172448,2026-03-06 14:45:00+00:00,2026-03-06 15:00:00+00:00,2026-03-06 15:00:00+00:00,24691.5,24742.5,-204.0,-207.0,-1.0,306.0,204.0,3.0,sl,1,6,0.5,-621.0,621.0,918.0,2026-03-06
futures,ES,reddit_orb_retest,reddit_orb_retest|ny|range=15|entry=150|rr=1.5|sl_atr=1|tp_atr=1.5|threshold=2|adx_max=none|adx_min=none|rsi2=none|trend=all|max_bars=24,long,172479,172480,172500,2026-03-06 15:45:00+00:00,2026-03-06 16:00:00+00:00,2026-03-06 21:00:00+00:00,6768.0,6740.5,-110.0,-113.0,-0.6075268817204301,274.5,183.0,3.0,session_close,20,2,1.25,-282.5,465.0,686.25,2026-03-06
futures,ES,reddit_orb_fade,reddit_orb_fade|ny|range=15|entry=150|rr=1.5|sl_atr=1|tp_atr=1.5|threshold=2|adx_max=none|adx_min=none|rsi2=none|trend=all|max_bars=24,long,172567,172568,172568,2026-03-09 13:45:00+00:00,2026-03-09 14:00:00+00:00,2026-03-09 14:00:00+00:00,6658.25,6644.25,-56.0,-59.0,-1.0,84.0,56.0,3.0,sl,1,5,1.25,-368.75,368.75,525.0,2026-03-09
futures,NQ,reddit_orb_fade,reddit_orb_fade|ny|range=15|entry=150|rr=1.5|sl_atr=1|tp_atr=1.5|threshold=2|adx_max=none|adx_min=none|rsi2=none|trend=all|max_bars=24,long,172539,172540,172540,2026-03-09 13:45:00+00:00,2026-03-09 14:00:00+00:00,2026-03-09 14:00:00+00:00,24370.75,24457.375,346.5,343.5,1.4679487179487178,346.5,231.0,3.0,tp,1,6,0.5,1030.5,702.0,1039.5,2026-03-09
futures,ES,reddit_orb_fade,reddit_orb_fade|ny|range=15|entry=150|rr=1.5|sl_atr=1|tp_atr=1.5|threshold=2|adx_max=none|adx_min=none|rsi2=none|trend=all|max_bars=24,long,172659,172660,172660,2026-03-10 13:45:00+00:00,2026-03-10 14:00:00+00:00,2026-03-10 14:00:00+00:00,6775.5,6772.0,-14.0,-17.0,-1.0,21.0,14.0,3.0,same_bar_sl,1,5,1.25,-106.25,106.25,131.25,2026-03-10
futures,NQ,reddit_orb_fade,reddit_orb_fade|ny|range=15|entry=150|rr=1.5|sl_atr=1|tp_atr=1.5|threshold=2|adx_max=none|adx_min=none|rsi2=none|trend=all|max_bars=24,long,172631,172632,172632,2026-03-10 13:45:00+00:00,2026-03-10 14:00:00+00:00,2026-03-10 14:00:00+00:00,24964.75,24947.25,-70.0,-73.0,-1.0,105.0,70.0,3.0,same_bar_sl,1,6,0.5,-219.0,219.0,315.0,2026-03-10
futures,ES,reddit_orb_fade,reddit_orb_fade|ny|range=15|entry=150|rr=1.5|sl_atr=1|tp_atr=1.5|threshold=2|adx_max=none|adx_min=none|rsi2=none|trend=all|max_bars=24,long,172751,172752,172753,2026-03-11 13:45:00+00:00,2026-03-11 14:00:00+00:00,2026-03-11 14:15:00+00:00,6796.0,6778.0,-72.0,-75.0,-1.0,108.0,72.0,3.0,sl,1,5,1.25,-468.75,468.75,675.0,2026-03-11
futures,NQ,reddit_orb_fade,reddit_orb_fade|ny|range=15|entry=150|rr=1.5|sl_atr=1|tp_atr=1.5|threshold=2|adx_max=none|adx_min=none|rsi2=none|trend=all|max_bars=24,long,172723,172724,172725,2026-03-11 13:45:00+00:00,2026-03-11 14:00:00+00:00,2026-03-11 14:15:00+00:00,25101.5,25015.25,-345.0,-348.0,-1.0,517.5,345.0,3.0,sl,1,6,0.5,-1044.0,1044.0,1552.5,2026-03-11
futures,ES,reddit_orb_retest,reddit_orb_retest|ny|range=15|entry=150|rr=1.5|sl_atr=1|tp_atr=1.5|threshold=2|adx_max=none|adx_min=none|rsi2=none|trend=all|max_bars=24,short,172756,172757,172776,2026-03-11 15:00:00+00:00,2026-03-11 15:15:00+00:00,2026-03-11 20:00:00+00:00,6774.75,6777.0,-9.0,-12.0,-0.1016949152542373,172.5,115.0,3.0,session_close,19,2,1.25,-30.0,295.0,431.25,2026-03-11
futures,ES,reddit_orb_breakout,reddit_orb_breakout|ny|range=15|entry=150|rr=1.5|sl_atr=1|tp_atr=1.5|threshold=2|adx_max=none|adx_min=none|rsi2=none|trend=ema|max_bars=24,short,172843,172844,172868,2026-03-12 13:45:00+00:00,2026-03-12 14:00:00+00:00,2026-03-12 20:00:00+00:00,6704.0,6676.0,112.0,109.0,0.9478260869565217,168.0,112.0,3.0,session_close,24,6,1.25,817.5,862.5,1260.0,2026-03-12
futures,ES,reddit_orb_fade,reddit_orb_fade|ny|range=15|entry=150|rr=1.5|sl_atr=1|tp_atr=1.5|threshold=2|adx_max=none|adx_min=none|rsi2=none|trend=all|max_bars=24,long,172844,172845,172845,2026-03-12 14:00:00+00:00,2026-03-12 14:15:00+00:00,2026-03-12 14:15:00+00:00,6725.75,6703.5,-89.0,-92.0,-1.0,133.5,89.0,3.0,sl,1,5,1.25,-575.0,575.0,834.375,2026-03-12
futures,ES,reddit_orb_retest,reddit_orb_retest|ny|range=15|entry=150|rr=1.5|sl_atr=1|tp_atr=1.5|threshold=2|adx_max=none|adx_min=none|rsi2=none|trend=all|max_bars=24,short,172845,172846,172868,2026-03-12 14:15:00+00:00,2026-03-12 14:30:00+00:00,2026-03-12 20:00:00+00:00,6696.0,6676.0,80.0,77.0,0.5238095238095238,216.0,144.0,3.0,session_close,22,2,1.25,192.5,367.5,540.0,2026-03-12
futures,ES,reddit_orb_fade,reddit_orb_fade|ny|range=15|entry=150|rr=1.5|sl_atr=1|tp_atr=1.5|threshold=2|adx_max=none|adx_min=none|rsi2=none|trend=all|max_bars=24,short,172935,172936,172937,2026-03-13 13:45:00+00:00,2026-03-13 14:00:00+00:00,2026-03-13 14:15:00+00:00,6719.25,6691.875,109.5,106.5,1.4013157894736843,109.5,73.0,3.0,tp,1,5,1.25,665.625,475.0,684.375,2026-03-13
futures,NQ,reddit_orb_fade,reddit_orb_fade|ny|range=15|entry=150|rr=1.5|sl_atr=1|tp_atr=1.5|threshold=2|adx_max=none|adx_min=none|rsi2=none|trend=all|max_bars=24,short,172907,172908,172910,2026-03-13 13:45:00+00:00,2026-03-13 14:00:00+00:00,2026-03-13 14:30:00+00:00,24728.5,24613.375,460.5,457.5,1.4758064516129032,460.5,307.0,3.0,tp,2,6,0.5,1372.5,930.0,1381.5,2026-03-13
futures,ES,reddit_orb_breakout,reddit_orb_breakout|ny|range=15|entry=150|rr=1.5|sl_atr=1|tp_atr=1.5|threshold=2|adx_max=none|adx_min=none|rsi2=none|trend=ema|max_bars=24,short,172936,172937,172942,2026-03-13 14:00:00+00:00,2026-03-13 14:15:00+00:00,2026-03-13 15:30:00+00:00,6702.5,6655.625,187.5,184.5,1.44140625,187.5,125.0,3.0,tp,5,6,1.25,1383.75,960.0,1406.25,2026-03-13
futures,ES,reddit_orb_retest,reddit_orb_retest|ny|range=15|entry=150|rr=1.5|sl_atr=1|tp_atr=1.5|threshold=2|adx_max=none|adx_min=none|rsi2=none|trend=all|max_bars=24,short,172937,172938,172942,2026-03-13 14:15:00+00:00,2026-03-13 14:30:00+00:00,2026-03-13 15:30:00+00:00,6702.5,6655.625,187.5,184.5,1.44140625,187.5,125.0,3.0,tp,4,2,1.25,461.25,320.0,468.75,2026-03-13
futures,ES,reddit_orb_fade,reddit_orb_fade|ny|range=15|entry=150|rr=1.5|sl_atr=1|tp_atr=1.5|threshold=2|adx_max=none|adx_min=none|rsi2=none|trend=all|max_bars=24,short,173030,173031,173034,2026-03-16 14:30:00+00:00,2026-03-16 14:45:00+00:00,2026-03-16 15:30:00+00:00,6695.75,6717.25,-86.0,-89.0,-1.0,129.0,86.0,3.0,sl,3,5,1.25,-556.25,556.25,806.25,2026-03-16
futures,NQ,reddit_orb_fade,reddit_orb_fade|ny|range=15|entry=150|rr=1.5|sl_atr=1|tp_atr=1.5|threshold=2|adx_max=none|adx_min=none|rsi2=none|trend=all|max_bars=24,short,173002,173003,173005,2026-03-16 14:30:00+00:00,2026-03-16 14:45:00+00:00,2026-03-16 15:15:00+00:00,24644.75,24721.5,-307.0,-310.0,-1.0,460.5,307.0,3.0,sl,2,6,0.5,-930.0,930.0,1381.5,2026-03-16
futures,ES,reddit_orb_retest,reddit_orb_retest|ny|range=15|entry=150|rr=1.5|sl_atr=1|tp_atr=1.5|threshold=2|adx_max=none|adx_min=none|rsi2=none|trend=all|max_bars=24,long,173031,173032,173037,2026-03-16 14:45:00+00:00,2026-03-16 15:00:00+00:00,2026-03-16 16:15:00+00:00,6712.0,6689.25,-91.0,-94.0,-1.0,136.5,91.0,3.0,sl,5,2,1.25,-235.0,235.0,341.25,2026-03-16
futures,ES,reddit_orb_breakout,reddit_orb_breakout|ny|range=15|entry=150|rr=1.5|sl_atr=1|tp_atr=1.5|threshold=2|adx_max=none|adx_min=none|rsi2=none|trend=ema|max_bars=24,short,173037,173038,173044,2026-03-16 16:15:00+00:00,2026-03-16 16:30:00+00:00,2026-03-16 18:00:00+00:00,6687.5,6711.5,-96.0,-99.0,-1.0,144.0,96.0,3.0,sl,6,6,1.25,-742.5,742.5,1080.0,2026-03-16
futures,ES,reddit_orb_fade,reddit_orb_fade|ny|range=15|entry=150|rr=1.5|sl_atr=1|tp_atr=1.5|threshold=2|adx_max=none|adx_min=none|rsi2=none|trend=all|max_bars=24,short,173119,173120,173120,2026-03-17 13:45:00+00:00,2026-03-17 14:00:00+00:00,2026-03-17 14:00:00+00:00,6752.0,6743.75,33.0,30.0,1.2,33.0,22.0,3.0,tp,1,5,1.25,187.5,156.25,206.25,2026-03-17
futures,NQ,reddit_orb_fade,reddit_orb_fade|ny|range=15|entry=150|rr=1.5|sl_atr=1|tp_atr=1.5|threshold=2|adx_max=none|adx_min=none|rsi2=none|trend=all|max_bars=24,short,173092,173093,173116,2026-03-17 14:00:00+00:00,2026-03-17 14:15:00+00:00,2026-03-17 20:00:00+00:00,24808.0,24807.5,2.0,-1.0,-0.0032679738562091504,454.5,303.0,3.0,session_close,23,6,0.5,-3.0,918.0,1363.5,2026-03-17
futures,ES,reddit_orb_retest,reddit_orb_retest|ny|range=15|entry=150|rr=1.5|sl_atr=1|tp_atr=1.5|threshold=2|adx_max=none|adx_min=none|rsi2=none|trend=all|max_bars=24,short,173126,173127,173144,2026-03-17 15:30:00+00:00,2026-03-17 15:45:00+00:00,2026-03-17 20:00:00+00:00,6725.0,6722.75,9.0,6.0,0.05172413793103448,169.5,113.0,3.0,session_close,17,2,1.25,15.0,290.0,423.75,2026-03-17
futures,ES,reddit_orb_fade,reddit_orb_fade|ny|range=15|entry=150|rr=1.5|sl_atr=1|tp_atr=1.5|threshold=2|adx_max=none|adx_min=none|rsi2=none|trend=all|max_bars=24,short,173211,173212,173212,2026-03-18 13:45:00+00:00,2026-03-18 14:00:00+00:00,2026-03-18 14:00:00+00:00,6755.75,6749.75,24.0,21.0,1.105263157894737,24.0,16.0,3.0,tp,1,5,1.25,131.25,118.75,150.0,2026-03-18
futures,NQ,reddit_orb_fade,reddit_orb_fade|ny|range=15|entry=150|rr=1.5|sl_atr=1|tp_atr=1.5|threshold=2|adx_max=none|adx_min=none|rsi2=none|trend=all|max_bars=24,short,173183,173184,173184,2026-03-18 13:45:00+00:00,2026-03-18 14:00:00+00:00,2026-03-18 14:00:00+00:00,24969.0,24925.125,175.5,172.5,1.4375,175.5,117.0,3.0,tp,1,6,0.5,517.5,360.0,526.5,2026-03-18
futures,ES,reddit_orb_retest,reddit_orb_retest|ny|range=15|entry=150|rr=1.5|sl_atr=1|tp_atr=1.5|threshold=2|adx_max=none|adx_min=none|rsi2=none|trend=all|max_bars=24,short,173216,173217,173230,2026-03-18 15:00:00+00:00,2026-03-18 15:15:00+00:00,2026-03-18 18:30:00+00:00,6738.0,6707.25,123.0,120.0,1.411764705882353,123.0,82.0,3.0,tp,13,2,1.25,300.0,212.5,307.5,2026-03-18
futures,ES,reddit_orb_fade,reddit_orb_fade|ny|range=15|entry=150|rr=1.5|sl_atr=1|tp_atr=1.5|threshold=2|adx_max=none|adx_min=none|rsi2=none|trend=all|max_bars=24,short,173305,173306,173306,2026-03-19 14:15:00+00:00,2026-03-19 14:30:00+00:00,2026-03-19 14:30:00+00:00,6623.5,6644.25,-83.0,-86.0,-1.0,124.5,83.0,3.0,sl,1,5,1.25,-537.5,537.5,778.125,2026-03-19
futures,NQ,reddit_orb_fade,reddit_orb_fade|ny|range=15|entry=150|rr=1.5|sl_atr=1|tp_atr=1.5|threshold=2|adx_max=none|adx_min=none|rsi2=none|trend=all|max_bars=24,short,173277,173278,173278,2026-03-19 14:15:00+00:00,2026-03-19 14:30:00+00:00,2026-03-19 14:30:00+00:00,24426.5,24507.0,-322.0,-325.0,-1.0,483.0,322.0,3.0,sl,1,6,0.5,-975.0,975.0,1449.0,2026-03-19
futures,ES,reddit_orb_retest,reddit_orb_retest|ny|range=15|entry=150|rr=1.5|sl_atr=1|tp_atr=1.5|threshold=2|adx_max=none|adx_min=none|rsi2=none|trend=all|max_bars=24,long,173307,173308,173324,2026-03-19 14:45:00+00:00,2026-03-19 15:00:00+00:00,2026-03-19 19:00:00+00:00,6638.75,6679.25,162.0,159.0,1.4324324324324325,162.0,108.0,3.0,tp,16,2,1.25,397.5,277.5,405.0,2026-03-19
futures,ES,reddit_orb_breakout,reddit_orb_breakout|ny|range=15|entry=150|rr=1.5|sl_atr=1|tp_atr=1.5|threshold=2|adx_max=none|adx_min=none|rsi2=none|trend=ema|max_bars=24,short,173395,173396,173415,2026-03-20 13:45:00+00:00,2026-03-20 14:00:00+00:00,2026-03-20 18:45:00+00:00,6607.0,6553.375,214.5,211.5,1.4486301369863013,214.5,143.0,3.0,tp,19,6,1.25,1586.25,1095.0,1608.75,2026-03-20
futures,ES,reddit_orb_fade,reddit_orb_fade|ny|range=15|entry=150|rr=1.5|sl_atr=1|tp_atr=1.5|threshold=2|adx_max=none|adx_min=none|rsi2=none|trend=all|max_bars=24,short,173395,173396,173415,2026-03-20 13:45:00+00:00,2026-03-20 14:00:00+00:00,2026-03-20 18:45:00+00:00,6607.0,6552.473370056877,218.1065197724929,215.1065197724929,1.4494623966472426,218.1065197724929,145.40434651499527,3.0,tp,19,5,1.25,1344.4157485780806,927.5271657187204,1363.1657485780806,2026-03-20
futures,ES,reddit_orb_retest,reddit_orb_retest|ny|range=15|entry=150|rr=1.5|sl_atr=1|tp_atr=1.5|threshold=2|adx_max=none|adx_min=none|rsi2=none|trend=all|max_bars=24,long,173488,173489,173495,2026-03-23 14:00:00+00:00,2026-03-23 14:15:00+00:00,2026-03-23 15:45:00+00:00,6679.5,6638.0,-166.0,-169.0,-1.0,249.0,166.0,3.0,sl,6,2,1.25,-422.5,422.5,622.5,2026-03-23
futures,ES,reddit_orb_fade,reddit_orb_fade|ny|range=15|entry=150|rr=1.5|sl_atr=1|tp_atr=1.5|threshold=2|adx_max=none|adx_min=none|rsi2=none|trend=all|max_bars=24,short,173494,173495,173495,2026-03-23 15:30:00+00:00,2026-03-23 15:45:00+00:00,2026-03-23 15:45:00+00:00,6669.75,6636.75,132.0,129.0,1.4175824175824177,132.0,88.0,3.0,tp,1,5,1.25,806.25,568.75,825.0,2026-03-23
futures,NQ,reddit_orb_fade,reddit_orb_fade|ny|range=15|entry=150|rr=1.5|sl_atr=1|tp_atr=1.5|threshold=2|adx_max=none|adx_min=none|rsi2=none|trend=all|max_bars=24,short,173466,173467,173467,2026-03-23 15:30:00+00:00,2026-03-23 15:45:00+00:00,2026-03-23 15:45:00+00:00,24538.0,24397.75,561.0,558.0,1.4801061007957559,561.0,374.0,3.0,tp,1,6,0.5,1674.0,1131.0,1683.0,2026-03-23
futures,ES,reddit_orb_breakout,reddit_orb_breakout|ny|range=15|entry=150|rr=1.5|sl_atr=1|tp_atr=1.5|threshold=2|adx_max=none|adx_min=none|rsi2=none|trend=ema|max_bars=24,short,173495,173496,173506,2026-03-23 15:45:00+00:00,2026-03-23 16:00:00+00:00,2026-03-23 18:30:00+00:00,6637.25,6674.0,-147.0,-150.0,-1.0,220.5,147.0,3.0,sl,10,6,1.25,-1125.0,1125.0,1653.75,2026-03-23
futures,NQ,reddit_orb_fade,reddit_orb_fade|ny|range=15|entry=150|rr=1.5|sl_atr=1|tp_atr=1.5|threshold=2|adx_max=none|adx_min=none|rsi2=none|trend=all|max_bars=24,long,173551,173552,173555,2026-03-24 13:45:00+00:00,2026-03-24 14:00:00+00:00,2026-03-24 14:45:00+00:00,24215.75,24338.375,490.5,487.5,1.4772727272727273,490.5,327.0,3.0,tp,3,6,0.5,1462.5,990.0,1471.5,2026-03-24
futures,ES,reddit_orb_fade,reddit_orb_fade|ny|range=15|entry=150|rr=1.5|sl_atr=1|tp_atr=1.5|threshold=2|adx_max=none|adx_min=none|rsi2=none|trend=all|max_bars=24,short,173580,173581,173582,2026-03-24 14:00:00+00:00,2026-03-24 14:15:00+00:00,2026-03-24 14:30:00+00:00,6601.25,6611.75,-42.0,-45.0,-1.0,63.0,42.0,3.0,sl,1,5,1.25,-281.25,281.25,393.75,2026-03-24
futures,ES,reddit_orb_retest,reddit_orb_retest|ny|range=15|entry=150|rr=1.5|sl_atr=1|tp_atr=1.5|threshold=2|adx_max=none|adx_min=none|rsi2=none|trend=all|max_bars=24,long,173583,173584,173604,2026-03-24 14:45:00+00:00,2026-03-24 15:00:00+00:00,2026-03-24 20:00:00+00:00,6615.25,6610.75,-18.0,-21.0,-0.12352941176470589,250.5,167.0,3.0,session_close,20,2,1.25,-52.5,425.0,626.25,2026-03-24
futures,ES,reddit_orb_retest,reddit_orb_retest|ny|range=15|entry=150|rr=1.5|sl_atr=1|tp_atr=1.5|threshold=2|adx_max=none|adx_min=none|rsi2=none|trend=all|max_bars=24,short,173673,173674,173696,2026-03-25 14:15:00+00:00,2026-03-25 14:30:00+00:00,2026-03-25 20:00:00+00:00,6656.75,6641.25,62.0,59.0,0.5130434782608696,168.0,112.0,3.0,session_close,22,2,1.25,147.5,287.5,420.0,2026-03-25
futures,ES,reddit_orb_fade,reddit_orb_fade|ny|range=15|entry=150|rr=1.5|sl_atr=1|tp_atr=1.5|threshold=2|adx_max=none|adx_min=none|rsi2=none|trend=all|max_bars=24,long,173675,173676,173676,2026-03-25 14:45:00+00:00,2026-03-25 15:00:00+00:00,2026-03-25 15:00:00+00:00,6662.0,6659.0,-12.0,-15.0,-1.0,18.0,12.0,3.0,sl,1,5,1.25,-93.75,93.75,112.5,2026-03-25
futures,ES,reddit_orb_fade,reddit_orb_fade|ny|range=15|entry=150|rr=1.5|sl_atr=1|tp_atr=1.5|threshold=2|adx_max=none|adx_min=none|rsi2=none|trend=all|max_bars=24,short,173766,173767,173773,2026-03-26 14:30:00+00:00,2026-03-26 14:45:00+00:00,2026-03-26 16:15:00+00:00,6599.25,6565.125,136.5,133.5,1.4202127659574468,136.5,91.0,3.0,tp,6,5,1.25,834.375,587.5,853.125,2026-03-26
futures,NQ,reddit_orb_fade,reddit_orb_fade|ny|range=15|entry=150|rr=1.5|sl_atr=1|tp_atr=1.5|threshold=2|adx_max=none|adx_min=none|rsi2=none|trend=all|max_bars=24,short,173738,173739,173748,2026-03-26 14:30:00+00:00,2026-03-26 14:45:00+00:00,2026-03-26 17:00:00+00:00,24122.75,23968.25,618.0,615.0,1.4819277108433735,618.0,412.0,3.0,tp,9,6,0.5,1845.0,1245.0,1854.0,2026-03-26
futures,ES,reddit_orb_breakout,reddit_orb_breakout|ny|range=15|entry=150|rr=1.5|sl_atr=1|tp_atr=1.5|threshold=2|adx_max=none|adx_min=none|rsi2=none|trend=ema|max_bars=24,short,173773,173774,173788,2026-03-26 16:15:00+00:00,2026-03-26 16:30:00+00:00,2026-03-26 20:00:00+00:00,6567.0,6554.25,51.0,48.0,0.3221476510067114,219.0,146.0,3.0,session_close,14,6,1.25,360.0,1117.5,1642.5,2026-03-26
futures,ES,reddit_orb_breakout,reddit_orb_breakout|ny|range=15|entry=150|rr=1.5|sl_atr=1|tp_atr=1.5|threshold=2|adx_max=none|adx_min=none|rsi2=none|trend=ema|max_bars=24,short,173855,173856,173879,2026-03-27 13:45:00+00:00,2026-03-27 14:00:00+00:00,2026-03-27 19:45:00+00:00,6458.5,6402.625,223.5,220.5,1.450657894736842,223.5,149.0,3.0,tp,23,6,1.25,1653.75,1140.0,1676.25,2026-03-27
futures,ES,reddit_orb_retest,reddit_orb_retest|ny|range=15|entry=150|rr=1.5|sl_atr=1|tp_atr=1.5|threshold=2|adx_max=none|adx_min=none|rsi2=none|trend=all|max_bars=24,short,173856,173857,173872,2026-03-27 14:00:00+00:00,2026-03-27 14:15:00+00:00,2026-03-27 18:00:00+00:00,6465.75,6420.75,180.0,177.0,1.4390243902439024,180.0,120.0,3.0,tp,15,2,1.25,442.5,307.5,450.0,2026-03-27
futures,ES,reddit_orb_fade,reddit_orb_fade|ny|range=15|entry=150|rr=1.5|sl_atr=1|tp_atr=1.5|threshold=2|adx_max=none|adx_min=none|rsi2=none|trend=all|max_bars=24,long,173859,173860,173866,2026-03-27 14:45:00+00:00,2026-03-27 15:00:00+00:00,2026-03-27 16:30:00+00:00,6470.5,6451.75,-75.0,-78.0,-1.0,112.5,75.0,3.0,sl,6,5,1.25,-487.5,487.5,703.125,2026-03-27
futures,NQ,reddit_orb_fade,reddit_orb_fade|ny|range=15|entry=150|rr=1.5|sl_atr=1|tp_atr=1.5|threshold=2|adx_max=none|adx_min=none|rsi2=none|trend=all|max_bars=24,long,173833,173834,173838,2026-03-27 15:15:00+00:00,2026-03-27 15:30:00+00:00,2026-03-27 16:30:00+00:00,23557.25,23458.5,-395.0,-398.0,-1.0,592.5,395.0,3.0,sl,4,6,0.5,-1194.0,1194.0,1777.5,2026-03-27
futures,ES,reddit_orb_retest,reddit_orb_retest|ny|range=15|entry=150|rr=1.5|sl_atr=1|tp_atr=1.5|threshold=2|adx_max=none|adx_min=none|rsi2=none|trend=all|max_bars=24,short,173948,173949,173968,2026-03-30 14:00:00+00:00,2026-03-30 14:15:00+00:00,2026-03-30 19:00:00+00:00,6432.0,6373.125,235.5,232.5,1.453125,235.5,157.0,3.0,tp,19,2,1.25,581.25,400.0,588.75,2026-03-30
futures,ES,reddit_orb_fade,reddit_orb_fade|ny|range=15|entry=150|rr=1.5|sl_atr=1|tp_atr=1.5|threshold=2|adx_max=none|adx_min=none|rsi2=none|trend=all|max_bars=24,long,173951,173952,173960,2026-03-30 14:45:00+00:00,2026-03-30 15:00:00+00:00,2026-03-30 17:00:00+00:00,6442.5,6414.5,-112.0,-115.0,-1.0,168.0,112.0,3.0,sl,8,5,1.25,-718.75,718.75,1050.0,2026-03-30
futures,ES,reddit_orb_fade,reddit_orb_fade|ny|range=15|entry=150|rr=1.5|sl_atr=1|tp_atr=1.5|threshold=2|adx_max=none|adx_min=none|rsi2=none|trend=all|max_bars=24,short,174042,174043,174049,2026-03-31 14:30:00+00:00,2026-03-31 14:45:00+00:00,2026-03-31 16:15:00+00:00,6470.0,6494.25,-97.0,-100.0,-1.0,145.5,97.0,3.0,sl,6,5,1.25,-625.0,625.0,909.375,2026-03-31
futures,NQ,reddit_orb_fade,reddit_orb_fade|ny|range=15|entry=150|rr=1.5|sl_atr=1|tp_atr=1.5|threshold=2|adx_max=none|adx_min=none|rsi2=none|trend=all|max_bars=24,short,174015,174016,174016,2026-03-31 14:45:00+00:00,2026-03-31 15:00:00+00:00,2026-03-31 15:00:00+00:00,23409.25,23504.0,-379.0,-382.0,-1.0,568.5,379.0,3.0,sl,1,6,0.5,-1146.0,1146.0,1705.5,2026-03-31
futures,ES,reddit_orb_retest,reddit_orb_retest|ny|range=15|entry=150|rr=1.5|sl_atr=1|tp_atr=1.5|threshold=2|adx_max=none|adx_min=none|rsi2=none|trend=all|max_bars=24,long,174044,174045,174050,2026-03-31 15:00:00+00:00,2026-03-31 15:15:00+00:00,2026-03-31 16:30:00+00:00,6487.0,6541.75,219.0,216.0,1.4496644295302012,219.0,146.0,3.0,tp,5,2,1.25,540.0,372.5,547.5,2026-03-31
futures,ES,reddit_orb_breakout,reddit_orb_breakout|ny|range=15|entry=150|rr=1.5|sl_atr=1|tp_atr=1.5|threshold=2|adx_max=none|adx_min=none|rsi2=none|trend=ema|max_bars=24,long,174049,174050,174050,2026-03-31 16:15:00+00:00,2026-03-31 16:30:00+00:00,2026-03-31 16:30:00+00:00,6489.0,6546.75,231.0,228.0,1.4522292993630572,231.0,154.0,3.0,tp,1,6,1.25,1710.0,1177.5,1732.5,2026-03-31
futures,ES,reddit_orb_fade,reddit_orb_fade|ny|range=15|entry=150|rr=1.5|sl_atr=1|tp_atr=1.5|threshold=2|adx_max=none|adx_min=none|rsi2=none|trend=all|max_bars=24,long,174131,174132,174134,2026-04-01 13:45:00+00:00,2026-04-01 14:00:00+00:00,2026-04-01 14:30:00+00:00,6611.25,6631.125,79.5,76.5,1.3660714285714286,79.5,53.0,3.0,tp,2,5,1.25,478.125,350.0,496.875,2026-04-01
futures,NQ,reddit_orb_fade,reddit_orb_fade|ny|range=15|entry=150|rr=1.5|sl_atr=1|tp_atr=1.5|threshold=2|adx_max=none|adx_min=none|rsi2=none|trend=all|max_bars=24,short,174105,174106,174106,2026-04-01 14:15:00+00:00,2026-04-01 14:30:00+00:00,2026-04-01 14:30:00+00:00,24186.75,24210.75,-96.0,-99.0,-1.0,144.0,96.0,3.0,same_bar_sl,1,6,0.5,-297.0,297.0,432.0,2026-04-01
futures,ES,reddit_orb_breakout,reddit_orb_breakout|ny|range=15|entry=150|rr=1.5|sl_atr=1|tp_atr=1.5|threshold=2|adx_max=none|adx_min=none|rsi2=none|trend=ema|max_bars=24,long,174135,174136,174156,2026-04-01 14:45:00+00:00,2026-04-01 15:00:00+00:00,2026-04-01 20:00:00+00:00,6633.5,6622.25,-45.0,-48.0,-0.36363636363636365,193.5,129.0,3.0,session_close,20,6,1.25,-360.0,990.0,1451.25,2026-04-01
futures,ES,reddit_orb_retest,reddit_orb_retest|ny|range=15|entry=150|rr=1.5|sl_atr=1|tp_atr=1.5|threshold=2|adx_max=none|adx_min=none|rsi2=none|trend=all|max_bars=24,long,174138,174139,174156,2026-04-01 15:30:00+00:00,2026-04-01 15:45:00+00:00,2026-04-01 20:00:00+00:00,6640.5,6622.25,-73.0,-76.0,-0.475,235.5,157.0,3.0,session_close,17,2,1.25,-190.0,400.0,588.75,2026-04-01
futures,ES,reddit_orb_breakout,reddit_orb_breakout|ny|range=15|entry=150|rr=1.5|sl_atr=1|tp_atr=1.5|threshold=2|adx_max=none|adx_min=none|rsi2=none|trend=ema|max_bars=24,long,174376,174377,174401,2026-04-06 13:45:00+00:00,2026-04-06 14:00:00+00:00,2026-04-06 20:00:00+00:00,6649.0,6648.25,-3.0,-6.0,-0.046875,187.5,125.0,3.0,session_close,24,6,1.25,-45.0,960.0,1406.25,2026-04-06
futures,ES,reddit_orb_retest,reddit_orb_retest|ny|range=15|entry=150|rr=1.5|sl_atr=1|tp_atr=1.5|threshold=2|adx_max=none|adx_min=none|rsi2=none|trend=all|max_bars=24,long,174377,174378,174401,2026-04-06 14:00:00+00:00,2026-04-06 14:15:00+00:00,2026-04-06 20:00:00+00:00,6644.75,6648.25,14.0,11.0,0.0990990990990991,162.0,108.0,3.0,session_close,23,2,1.25,27.5,277.5,405.0,2026-04-06
futures,NQ,reddit_orb_fade,reddit_orb_fade|ny|range=15|entry=150|rr=1.5|sl_atr=1|tp_atr=1.5|threshold=2|adx_max=none|adx_min=none|rsi2=none|trend=all|max_bars=24,short,174349,174350,174361,2026-04-06 14:00:00+00:00,2026-04-06 14:15:00+00:00,2026-04-06 17:00:00+00:00,24354.5,24207.875,586.5,583.5,1.4809644670050761,586.5,391.0,3.0,tp,11,6,0.5,1750.5,1182.0,1759.5,2026-04-06
futures,ES,reddit_orb_fade,reddit_orb_fade|ny|range=15|entry=150|rr=1.5|sl_atr=1|tp_atr=1.5|threshold=2|adx_max=none|adx_min=none|rsi2=none|trend=all|max_bars=24,short,174379,174380,174389,2026-04-06 14:30:00+00:00,2026-04-06 14:45:00+00:00,2026-04-06 17:00:00+00:00,6640.5,6619.5,84.0,81.0,1.3728813559322033,84.0,56.0,3.0,tp,9,5,1.25,506.25,368.75,525.0,2026-04-06
futures,ES,reddit_orb_retest,reddit_orb_retest|ny|range=15|entry=150|rr=1.5|sl_atr=1|tp_atr=1.5|threshold=2|adx_max=none|adx_min=none|rsi2=none|trend=all|max_bars=24,short,174471,174472,174483,2026-04-07 14:30:00+00:00,2026-04-07 14:45:00+00:00,2026-04-07 17:30:00+00:00,6603.5,6639.0,-142.0,-145.0,-1.0,213.0,142.0,3.0,sl,11,2,1.25,-362.5,362.5,532.5,2026-04-07
futures,ES,reddit_orb_fade,reddit_orb_fade|ny|range=15|entry=150|rr=1.5|sl_atr=1|tp_atr=1.5|threshold=2|adx_max=none|adx_min=none|rsi2=none|trend=all|max_bars=24,long,174477,174478,174483,2026-04-07 16:00:00+00:00,2026-04-07 16:15:00+00:00,2026-04-07 17:30:00+00:00,6614.5,6635.875,85.5,82.5,1.375,85.5,57.0,3.0,tp,5,5,1.25,515.625,375.0,534.375,2026-04-07
futures,NQ,reddit_orb_fade,reddit_orb_fade|ny|range=15|entry=150|rr=1.5|sl_atr=1|tp_atr=1.5|threshold=2|adx_max=none|adx_min=none|rsi2=none|trend=all|max_bars=24,long,174450,174451,174455,2026-04-07 16:15:00+00:00,2026-04-07 16:30:00+00:00,2026-04-07 17:30:00+00:00,24189.5,24253.25,255.0,252.0,1.4566473988439306,255.0,170.0,3.0,tp,4,6,0.5,756.0,519.0,765.0,2026-04-07
futures,ES,reddit_orb_fade,reddit_orb_fade|ny|range=15|entry=150|rr=1.5|sl_atr=1|tp_atr=1.5|threshold=2|adx_max=none|adx_min=none|rsi2=none|trend=all|max_bars=24,long,174561,174562,174562,2026-04-08 14:00:00+00:00,2026-04-08 14:15:00+00:00,2026-04-08 14:15:00+00:00,6814.75,6806.0,-35.0,-38.0,-1.0,52.5,35.0,3.0,sl,1,5,1.25,-237.5,237.5,328.125,2026-04-08
futures,ES,reddit_orb_retest,reddit_orb_retest|ny|range=15|entry=150|rr=1.5|sl_atr=1|tp_atr=1.5|threshold=2|adx_max=none|adx_min=none|rsi2=none|trend=all|max_bars=24,short,174562,174563,174585,2026-04-08 14:15:00+00:00,2026-04-08 14:30:00+00:00,2026-04-08 20:00:00+00:00,6806.5,6820.5,-56.0,-59.0,-0.47580645161290325,181.5,121.0,3.0,session_close,22,2,1.25,-147.5,310.0,453.75,2026-04-08
futures,NQ,reddit_orb_fade,reddit_orb_fade|ny|range=15|entry=150|rr=1.5|sl_atr=1|tp_atr=1.5|threshold=2|adx_max=none|adx_min=none|rsi2=none|trend=all|max_bars=24,long,174542,174543,174544,2026-04-08 16:15:00+00:00,2026-04-08 16:30:00+00:00,2026-04-08 16:45:00+00:00,25095.0,25144.875,199.5,196.5,1.4448529411764706,199.5,133.0,3.0,tp,1,6,0.5,589.5,408.0,598.5,2026-04-08
futures,NQ,reddit_orb_fade,reddit_orb_fade|ny|range=15|entry=150|rr=1.5|sl_atr=1|tp_atr=1.5|threshold=2|adx_max=none|adx_min=none|rsi2=none|trend=all|max_bars=24,short,174624,174625,174631,2026-04-09 13:45:00+00:00,2026-04-09 14:00:00+00:00,2026-04-09 15:30:00+00:00,25033.0,25111.5,-314.0,-317.0,-1.0,471.0,314.0,3.0,sl,6,6,0.5,-951.0,951.0,1413.0,2026-04-09
futures,ES,reddit_orb_retest,reddit_orb_retest|ny|range=15|entry=150|rr=1.5|sl_atr=1|tp_atr=1.5|threshold=2|adx_max=none|adx_min=none|rsi2=none|trend=all|max_bars=24,short,174655,174656,174657,2026-04-09 14:30:00+00:00,2026-04-09 14:45:00+00:00,2026-04-09 15:00:00+00:00,6806.25,6821.75,-62.0,-65.0,-1.0,93.0,62.0,3.0,sl,1,2,1.25,-162.5,162.5,232.5,2026-04-09
futures,ES,reddit_orb_fade,reddit_orb_fade|ny|range=15|entry=150|rr=1.5|sl_atr=1|tp_atr=1.5|threshold=2|adx_max=none|adx_min=none|rsi2=none|trend=all|max_bars=24,long,174656,174657,174659,2026-04-09 14:45:00+00:00,2026-04-09 15:00:00+00:00,2026-04-09 15:30:00+00:00,6816.75,6832.875,64.5,61.5,1.3369565217391304,64.5,43.0,3.0,tp,2,5,1.25,384.375,287.5,403.125,2026-04-09
futures,ES,reddit_orb_breakout,reddit_orb_breakout|ny|range=15|entry=150|rr=1.5|sl_atr=1|tp_atr=1.5|threshold=2|adx_max=none|adx_min=none|rsi2=none|trend=ema|max_bars=24,long,174658,174659,174659,2026-04-09 15:15:00+00:00,2026-04-09 15:30:00+00:00,2026-04-09 15:30:00+00:00,6823.25,6845.0,87.0,84.0,1.3770491803278688,87.0,58.0,3.0,tp,1,6,1.25,630.0,457.5,652.5,2026-04-09
futures,ES,reddit_orb_fade,reddit_orb_fade|ny|range=15|entry=150|rr=1.5|sl_atr=1|tp_atr=1.5|threshold=2|adx_max=none|adx_min=none|rsi2=none|trend=all|max_bars=24,long,174744,174745,174745,2026-04-10 13:45:00+00:00,2026-04-10 14:00:00+00:00,2026-04-10 14:00:00+00:00,6869.75,6864.0,-23.0,-26.0,-1.0,34.5,23.0,3.0,sl,1,5,1.25,-162.5,162.5,215.625,2026-04-10
futures,NQ,reddit_orb_fade,reddit_orb_fade|ny|range=15|entry=150|rr=1.5|sl_atr=1|tp_atr=1.5|threshold=2|adx_max=none|adx_min=none|rsi2=none|trend=all|max_bars=24,long,174717,174718,174724,2026-04-10 14:00:00+00:00,2026-04-10 14:15:00+00:00,2026-04-10 15:45:00+00:00,25322.5,25268.0,-218.0,-221.0,-1.0,327.0,218.0,3.0,sl,6,6,0.5,-663.0,663.0,981.0,2026-04-10
futures,ES,reddit_orb_breakout,reddit_orb_breakout|ny|range=15|entry=150|rr=1.5|sl_atr=1|tp_atr=1.5|threshold=2|adx_max=none|adx_min=none|rsi2=none|trend=ema|max_bars=24,long,174840,174841,174861,2026-04-13 14:45:00+00:00,2026-04-13 15:00:00+00:00,2026-04-13 20:00:00+00:00,6866.75,6923.25,226.0,223.0,1.3597560975609757,241.5,161.0,3.0,session_close,20,6,1.25,1672.5,1230.0,1811.25,2026-04-13
futures,NQ,reddit_orb_fade,reddit_orb_fade|ny|range=15|entry=150|rr=1.5|sl_atr=1|tp_atr=1.5|threshold=2|adx_max=none|adx_min=none|rsi2=none|trend=all|max_bars=24,short,174900,174901,174901,2026-04-14 13:45:00+00:00,2026-04-14 14:00:00+00:00,2026-04-14 14:00:00+00:00,25721.5,25763.75,-169.0,-172.0,-1.0,253.5,169.0,3.0,sl,1,6,0.5,-516.0,516.0,760.5,2026-04-14
futures,ES,reddit_orb_breakout,reddit_orb_breakout|ny|range=15|entry=150|rr=1.5|sl_atr=1|tp_atr=1.5|threshold=2|adx_max=none|adx_min=none|rsi2=none|trend=ema|max_bars=24,long,175022,175023,175045,2026-04-15 14:15:00+00:00,2026-04-15 14:30:00+00:00,2026-04-15 20:00:00+00:00,7031.0,7056.0,100.0,97.0,0.8738738738738738,162.0,108.0,3.0,session_close,22,6,1.25,727.5,832.5,1215.0,2026-04-15
futures,ES,reddit_orb_retest,reddit_orb_retest|ny|range=15|entry=150|rr=1.5|sl_atr=1|tp_atr=1.5|threshold=2|adx_max=none|adx_min=none|rsi2=none|trend=all|max_bars=24,long,175023,175024,175045,2026-04-15 14:30:00+00:00,2026-04-15 14:45:00+00:00,2026-04-15 20:00:00+00:00,7029.25,7056.0,107.0,104.0,1.0,151.5,101.0,3.0,session_close,21,2,1.25,260.0,260.0,378.75,2026-04-15
futures,ES,reddit_orb_retest,reddit_orb_retest|ny|range=15|entry=150|rr=1.5|sl_atr=1|tp_atr=1.5|threshold=2|adx_max=none|adx_min=none|rsi2=none|trend=all|max_bars=24,short,175113,175114,175117,2026-04-16 14:00:00+00:00,2026-04-16 14:15:00+00:00,2026-04-16 15:00:00+00:00,7057.5,7074.0,-66.0,-69.0,-1.0,99.0,66.0,3.0,sl,3,2,1.25,-172.5,172.5,247.5,2026-04-16
futures,NQ,reddit_orb_fade,reddit_orb_fade|ny|range=15|entry=150|rr=1.5|sl_atr=1|tp_atr=1.5|threshold=2|adx_max=none|adx_min=none|rsi2=none|trend=all|max_bars=24,long,175085,175086,175089,2026-04-16 14:00:00+00:00,2026-04-16 14:15:00+00:00,2026-04-16 15:00:00+00:00,26357.25,26457.375,400.5,397.5,1.4722222222222223,400.5,267.0,3.0,tp,3,6,0.5,1192.5,810.0,1201.5,2026-04-16
futures,ES,reddit_orb_breakout,reddit_orb_breakout|ny|range=15|entry=150|rr=1.5|sl_atr=1|tp_atr=1.5|threshold=2|adx_max=none|adx_min=none|rsi2=none|trend=ema|max_bars=24,long,175117,175118,175125,2026-04-16 15:00:00+00:00,2026-04-16 15:15:00+00:00,2026-04-16 17:00:00+00:00,7075.75,7062.0,-55.0,-58.0,-1.0,82.5,55.0,3.0,sl,7,6,1.25,-435.0,435.0,618.75,2026-04-16
futures,ES,reddit_orb_fade,reddit_orb_fade|ny|range=15|entry=150|rr=1.5|sl_atr=1|tp_atr=1.5|threshold=2|adx_max=none|adx_min=none|rsi2=none|trend=all|max_bars=24,long,175117,175118,175126,2026-04-16 15:00:00+00:00,2026-04-16 15:15:00+00:00,2026-04-16 17:15:00+00:00,7075.75,7060.25,-62.0,-65.0,-1.0,93.0,62.0,3.0,sl,8,5,1.25,-406.25,406.25,581.25,2026-04-16
futures,ES,reddit_orb_breakout,reddit_orb_breakout|ny|range=15|entry=150|rr=1.5|sl_atr=1|tp_atr=1.5|threshold=2|adx_max=none|adx_min=none|rsi2=none|trend=ema|max_bars=24,long,175204,175205,175215,2026-04-17 13:45:00+00:00,2026-04-17 14:00:00+00:00,2026-04-17 16:30:00+00:00,7143.5,7179.875,145.5,142.5,1.425,145.5,97.0,3.0,tp,10,6,1.25,1068.75,750.0,1091.25,2026-04-17
futures,ES,reddit_orb_fade,reddit_orb_fade|ny|range=15|entry=150|rr=1.5|sl_atr=1|tp_atr=1.5|threshold=2|adx_max=none|adx_min=none|rsi2=none|trend=all|max_bars=24,long,175204,175205,175215,2026-04-17 13:45:00+00:00,2026-04-17 14:00:00+00:00,2026-04-17 16:30:00+00:00,7143.5,7183.25,159.0,156.0,1.4311926605504588,159.0,106.0,3.0,tp,10,5,1.25,975.0,681.25,993.75,2026-04-17
futures,ES,reddit_orb_breakout,reddit_orb_breakout|ny|range=15|entry=150|rr=1.5|sl_atr=1|tp_atr=1.5|threshold=2|adx_max=none|adx_min=none|rsi2=none|trend=ema|max_bars=24,long,175296,175297,175299,2026-04-20 13:45:00+00:00,2026-04-20 14:00:00+00:00,2026-04-20 14:30:00+00:00,7157.0,7142.25,-59.0,-62.0,-1.0,88.5,59.0,3.0,sl,2,6,1.25,-465.0,465.0,663.75,2026-04-20
futures,NQ,reddit_orb_fade,reddit_orb_fade|ny|range=15|entry=150|rr=1.5|sl_atr=1|tp_atr=1.5|threshold=2|adx_max=none|adx_min=none|rsi2=none|trend=all|max_bars=24,long,175268,175269,175271,2026-04-20 13:45:00+00:00,2026-04-20 14:00:00+00:00,2026-04-20 14:30:00+00:00,26782.75,26715.75,-268.0,-271.0,-1.0,402.0,268.0,3.0,sl,2,6,0.5,-813.0,813.0,1206.0,2026-04-20
futures,ES,reddit_orb_fade,reddit_orb_fade|ny|range=15|entry=150|rr=1.5|sl_atr=1|tp_atr=1.5|threshold=2|adx_max=none|adx_min=none|rsi2=none|trend=all|max_bars=24,short,175297,175298,175299,2026-04-20 14:00:00+00:00,2026-04-20 14:15:00+00:00,2026-04-20 14:30:00+00:00,7152.75,7145.625,28.5,25.5,1.1590909090909092,28.5,19.0,3.0,tp,1,5,1.25,159.375,137.5,178.125,2026-04-20
futures,ES,reddit_orb_breakout,reddit_orb_breakout|ny|range=15|entry=150|rr=1.5|sl_atr=1|tp_atr=1.5|threshold=2|adx_max=none|adx_min=none|rsi2=none|trend=ema|max_bars=24,long,175388,175389,175392,2026-04-21 13:45:00+00:00,2026-04-21 14:00:00+00:00,2026-04-21 14:45:00+00:00,7167.75,7147.0,-83.0,-86.0,-1.0,124.5,83.0,3.0,sl,3,6,1.25,-645.0,645.0,933.75,2026-04-21
futures,ES,reddit_orb_retest,reddit_orb_retest|ny|range=15|entry=150|rr=1.5|sl_atr=1|tp_atr=1.5|threshold=2|adx_max=none|adx_min=none|rsi2=none|trend=all|max_bars=24,long,175390,175391,175392,2026-04-21 14:15:00+00:00,2026-04-21 14:30:00+00:00,2026-04-21 14:45:00+00:00,7165.5,7147.0,-74.0,-77.0,-1.0,111.0,74.0,3.0,sl,1,2,1.25,-192.5,192.5,277.5,2026-04-21
futures,ES,reddit_orb_fade,reddit_orb_fade|ny|range=15|entry=150|rr=1.5|sl_atr=1|tp_atr=1.5|threshold=2|adx_max=none|adx_min=none|rsi2=none|trend=all|max_bars=24,short,175391,175392,175392,2026-04-21 14:30:00+00:00,2026-04-21 14:45:00+00:00,2026-04-21 14:45:00+00:00,7158.25,7144.375,55.5,52.5,1.3125,55.5,37.0,3.0,tp,1,5,1.25,328.125,250.0,346.875,2026-04-21
futures,NQ,reddit_orb_fade,reddit_orb_fade|ny|range=15|entry=150|rr=1.5|sl_atr=1|tp_atr=1.5|threshold=2|adx_max=none|adx_min=none|rsi2=none|trend=all|max_bars=24,short,175363,175364,175364,2026-04-21 14:30:00+00:00,2026-04-21 14:45:00+00:00,2026-04-21 14:45:00+00:00,26824.75,26772.625,208.5,205.5,1.4471830985915493,208.5,139.0,3.0,tp,1,6,0.5,616.5,426.0,625.5,2026-04-21
